v 0.06413967907428741 0.5068780779838562 0.059014156460762024
v 0.05877843126654625 0.49581483006477356 0.06986702978610992
v 0.06913159042596817 0.4893898069858551 0.06227106600999832
v 0.07444481551647186 0.4963330626487732 0.04997141659259796
v 0.0655088722705841 0.48287874460220337 0.07070808857679367
v 0.05596274510025978 0.48654696345329285 0.07699690014123917
v 0.07538962364196777 0.48039692640304565 0.05419166013598442
v 0.07950477302074432 0.4841245710849762 0.04150036722421646
v 0.07879983633756638 0.44349807500839233 0.05362965911626816
v 0.08206042647361755 0.4362989068031311 0.0454644039273262
v 0.0819324404001236 0.4481319785118103 0.04306613653898239
v 0.07780192047357559 0.452033668756485 0.05157911777496338
v 0.07788853347301483 0.4170324504375458 0.0575718954205513
v 0.07214878499507904 0.4107968807220459 0.06848853826522827
v 0.07331254333257675 0.3991982638835907 0.06160284951329231
v 0.077590711414814 0.4047159254550934 0.05026858672499657
v 0.042038917541503906 0.43253231048583984 0.08877236396074295
v 0.047054026275873184 0.4255363345146179 0.08907197415828705
v 0.05078766494989395 0.43150293827056885 0.08599192649126053
v 0.04495082050561905 0.43765634298324585 0.08569452911615372
v 0.03382399305701256 0.44419363141059875 0.09261420369148254
v 0.03468020632863045 0.4484708905220032 0.08774378895759583
v 0.03041946515440941 0.4538179039955139 0.09178423881530762
v 0.030594132840633392 0.44921204447746277 0.09788265824317932
v 0.036642175167798996 0.4276641607284546 0.09093301743268967
v 0.042189821600914 0.420271098613739 0.09102582186460495
v 0.03767744451761246 0.4386588931083679 0.08899320662021637
v 0.03607667237520218 0.4352530539035797 0.09264151751995087
v 0.03367748111486435 0.43272772431373596 0.10464887320995331
v 0.03532751277089119 0.4367159605026245 0.10180788487195969
v 0.03259840980172157 0.439888596534729 0.10850324481725693
v 0.031097251921892166 0.43447545170783997 0.1094217598438263
v 0.03587900102138519 0.4289674162864685 0.09592853486537933
v 0.03670331835746765 0.4327070116996765 0.09766890853643417
v 0.03431067243218422 0.42994046211242676 0.10121171176433563
v 0.032482512295246124 0.42689505219459534 0.09878560900688171
v 0.03348242864012718 0.44108325242996216 0.09674784541130066
v 0.031229091808199883 0.4450681209564209 0.10315356403589249
v 0.027869144454598427 0.44869065284729004 0.10977894067764282
v 0.028902355581521988 0.44179633259773254 0.11558769643306732
v 0.0567004419863224 0.4100264012813568 0.08595122396945953
v 0.05252514034509659 0.41815632581710815 0.08849947899580002
v 0.04750286787748337 0.41361838579177856 0.09067818522453308
v 0.051644012331962585 0.4072866439819336 0.0891001746058464
v 0.033426325768232346 0.4226616621017456 0.09646850824356079
v 0.03663303330540657 0.40704628825187683 0.10087382793426514
v 0.03700915351510048 0.41090503334999084 0.09996449947357178
v 0.0314498245716095 0.41311973333358765 0.10405600070953369
v 0.03170311078429222 0.40948522090911865 0.10469263792037964
v 0.06022466719150543 0.3934880793094635 0.08082300424575806
v 0.05500168725848198 0.39401790499687195 0.08577528595924377
v 0.055069029331207275 0.3865149915218353 0.08500474691390991
v 0.05953045189380646 0.3844102621078491 0.07942667603492737
v 0.052811458706855774 0.38068562746047974 0.08596935868263245
v 0.05787885934114456 0.375999391078949 0.07854247093200684
v 0.04907696694135666 0.36256715655326843 0.08297143876552582
v 0.05354958772659302 0.3684283494949341 0.08075264096260071
v 0.04914877563714981 0.37536945939064026 0.08830618858337402
v 0.04415552318096161 0.3714057207107544 0.09327434748411179
v 0.03342941403388977 0.37862440943717957 0.10194811969995499
v 0.027767878025770187 0.37841370701789856 0.10538612306118011
v 0.0318731814622879 0.36579686403274536 0.10597413778305054
v 0.03783855587244034 0.3679216206073761 0.10039791464805603
v 0.03583718091249466 0.3999187648296356 0.09845180809497833
v 0.039364539086818695 0.3990931510925293 0.09531623870134354
v 0.03993746638298035 0.40112990140914917 0.09714993834495544
v 0.03628537803888321 0.40335363149642944 0.10044017434120178
v 0.04243437573313713 0.39827820658683777 0.09305958449840546
v 0.043794747442007065 0.39780014753341675 0.09209936112165451
v 0.04387021064758301 0.3993341624736786 0.09310950338840485
v 0.04251231998205185 0.39915531873703003 0.09365780651569366
v 0.04070645570755005 0.3990679085254669 0.09456916153430939
v 0.039747606962919235 0.39732709527015686 0.0955110639333725
v 0.04167479649186134 0.3976912498474121 0.09385757148265839
v 0.0365586057305336 0.3974098861217499 0.09879381954669952
v 0.025005314499139786 0.39789438247680664 0.10823817551136017
v 0.028654716908931732 0.3977281451225281 0.1063004732131958
v 0.027267511934041977 0.40185579657554626 0.10447528958320618
v 0.024103833362460136 0.4023614227771759 0.10596749186515808
v 0.04268425330519676 0.40168097615242004 0.09474879503250122
v 0.044999901205301285 0.4029346704483032 0.09334105998277664
v 0.04183097928762436 0.40671467781066895 0.09629654884338379
v 0.04059276357293129 0.4039568305015564 0.09669172018766403
v 0.047673407942056656 0.4046054184436798 0.09222646057605743
v 0.04592331871390343 0.4003348648548126 0.09172040224075317
v 0.04883069545030594 0.4007716178894043 0.09039843827486038
v 0.043253399431705475 0.39613214135169983 0.09255698323249817
v 0.04548228532075882 0.39407259225845337 0.09102649986743927
v 0.04629139602184296 0.3968648612499237 0.09143824875354767
v 0.04365578666329384 0.3909750282764435 0.09261905401945114
v 0.041050076484680176 0.39457598328590393 0.09441625326871872
v 0.03795342892408371 0.3935887813568115 0.09801267087459564
v 0.033906638622283936 0.3930862545967102 0.10247489809989929
v 0.035794697701931 0.38742929697036743 0.1003214567899704
v 0.040326669812202454 0.3887091875076294 0.09608560055494308
v 0.043897341936826706 0.41014915704727173 0.09415669739246368
v 0.05001455172896385 0.39556533098220825 0.0888664722442627
v 0.05367483198642731 0.4015445411205292 0.08694583177566528
v 0.04960646480321884 0.3905867040157318 0.0890304371714592
v 0.047613583505153656 0.3861251771450043 0.09028129279613495
v 0.043894026428461075 0.3826214373111725 0.09292653203010559
v 0.038869261741638184 0.3802748918533325 0.09758485853672028
v 0.03279588371515274 0.35446596145629883 0.09660390019416809
v 0.040570490062236786 0.3580024838447571 0.09052448719739914
v 0.05340181291103363 0.4789043664932251 0.07636792957782745
v 0.061721332371234894 0.4767509400844574 0.07363823056221008
v 0.0616278350353241 0.46815964579582214 0.0712469294667244
v 0.06323248893022537 0.47008734941482544 0.07013830542564392
v 0.05857628583908081 0.4728429913520813 0.07342919707298279
v 0.057853616774082184 0.46999886631965637 0.07359170913696289
v 0.07294704765081406 0.4558001160621643 0.05723889544606209
v 0.06887293606996536 0.4592031240463257 0.06183674558997154
v 0.06874309480190277 0.4550417959690094 0.06123403087258339
v 0.07412349432706833 0.44924214482307434 0.05835025757551193
v 0.06199149042367935 0.44994500279426575 0.07088517397642136
v 0.06575259566307068 0.4500725269317627 0.06675530225038528
v 0.0627288743853569 0.4576384723186493 0.06824430823326111
v 0.05995866656303406 0.45752817392349243 0.07125502824783325
v 0.056436046957969666 0.45792585611343384 0.07363513857126236
v 0.052340179681777954 0.45849087834358215 0.07500194013118744
v 0.052440181374549866 0.453106164932251 0.07612809538841248
v 0.05727701261639595 0.45136362314224243 0.07414732873439789
v 0.05229106545448303 0.47440430521965027 0.07471181452274323
v 0.04526187852025032 0.4739382863044739 0.07552927732467651
v 0.046279627829790115 0.4708836078643799 0.07559464871883392
v 0.05237835645675659 0.4712596833705902 0.0754246860742569
v 0.03575504571199417 0.46351388096809387 0.07379821687936783
v 0.037058427929878235 0.4661087095737457 0.07396649569272995
v 0.033841975033283234 0.46791794896125793 0.07530702650547028
v 0.03282913193106651 0.4634266793727875 0.07563057541847229
v 0.03496023640036583 0.4605841636657715 0.07649333775043488
v 0.0369739904999733 0.4620819687843323 0.0746777206659317
v 0.05545838549733162 0.527584969997406 0.05144937336444855
v 0.05180291831493378 0.5144433379173279 0.06652101874351501
v 0.06992123275995255 0.517128586769104 0.04139748960733414
v 0.07915902882814407 0.5036884546279907 0.03321252763271332
v 0.08414725214242935 0.4879915118217468 0.0261152982711792
v 0.06677263975143433 0.39535605907440186 0.07233096659183502
v 0.06694357842206955 0.38511016964912415 0.06854692101478577
v 0.07377804815769196 0.3884159326553345 0.054586078971624374
v 0.07095526903867722 0.37727591395378113 0.05265238881111145
v 0.06450342386960983 0.3742001950740814 0.0675932914018631
v 0.05073822662234306 0.35656705498695374 0.07011653482913971
v 0.059209372848272324 0.36415037512779236 0.06830671429634094
v 0.06521153450012207 0.3665364682674408 0.05005984753370285
v 0.07113050669431686 0.374530553817749 0.031742192804813385
v 0.07528699189424515 0.38316789269447327 0.037731144577264786
v 0.07480471581220627 0.3858082592487335 0.015645641833543777
v 0.065829798579216 0.36430832743644714 0.022130176424980164
v 0.07182879745960236 0.3826715648174286 0.007898889482021332
v 0.0524015836417675 0.32965511083602905 0.034925591200590134
v 0.05456957593560219 0.3168417811393738 0.03417001664638519
v 0.06418593972921371 0.3205529451370239 0.018882915377616882
v 0.06315723806619644 0.3328799605369568 0.020237475633621216
v 0.07746081054210663 0.39294344186782837 0.04338817298412323
v 0.08456029742956161 0.4555805027484894 0.03389235958456993
v 0.0809590220451355 0.4588340222835541 0.04460964724421501
v 0.08556817471981049 0.4425146281719208 0.03327227756381035
v 0.08765719830989838 0.5074455738067627 -0.00284653902053833
v 0.08221179991960526 0.508066713809967 0.015514209866523743
v 0.08899596333503723 0.49089160561561584 0.01275327056646347
v 0.09200379997491837 0.4930461645126343 -0.004364028573036194
v 0.06092546135187149 0.5444394946098328 -0.0021208450198173523
v 0.059956323355436325 0.5384426116943359 0.025676347315311432
v 0.07065119594335556 0.525754988193512 0.020344674587249756
v 0.07481183856725693 0.5297117233276367 -0.0020663514733314514
v 0.09269250929355621 0.49060457944869995 -0.017207898199558258
v 0.09194819629192352 0.48621001839637756 -0.03550010547041893
v 0.0856163278222084 0.4999328553676605 -0.04631387069821358
v 0.08660317957401276 0.5071259140968323 -0.024820808321237564
v 0.0744088664650917 0.5183567404747009 -0.057751040905714035
v 0.0750722736120224 0.5265301465988159 -0.03154750168323517
v 0.06898634135723114 0.3671322166919708 0.0011151283979415894
v 0.0722273662686348 0.38346704840660095 -0.004903893917798996
v 0.0619087778031826 0.34802913665771484 0.022601649165153503
v 0.06788096576929092 0.35100483894348145 0.005313988775014877
v 0.05797235667705536 0.5325806736946106 -0.06504110991954803
v 0.05888529494404793 0.5431808233261108 -0.03438280522823334
v 0.07654116302728653 0.4530990421772003 -0.07598858326673508
v 0.07979714870452881 0.4720762073993683 -0.07345183938741684
v 0.0866452157497406 0.463300496339798 -0.054209232330322266
v 0.08283668011426926 0.44709718227386475 -0.05917307734489441
v 0.0641428530216217 0.45849016308784485 -0.09269223362207413
v 0.06667337566614151 0.4811680316925049 -0.08970094472169876
v 0.06246292218565941 0.4007190465927124 -0.05971293896436691
v 0.05614746734499931 0.3869922459125519 -0.047831062227487564
v 0.04750167578458786 0.38597676157951355 -0.059903617948293686
v 0.05291404947638512 0.3993217349052429 -0.07315747439861298
v 0.07218077778816223 0.47702082991600037 0.06416691094636917
v 0.06788262724876404 0.4727042317390442 0.06986789405345917
v 0.0712481141090393 0.46796488761901855 0.06471511721611023
v 0.07528378069400787 0.46969446539878845 0.0581727959215641
v 0.07893947511911392 0.4700944423675537 0.048624105751514435
v 0.08284366875886917 0.4705567955970764 0.0360107459127903
v 0.09006129950284958 0.4753657281398773 0.01034500077366829
v 0.09334968030452728 0.4792307913303375 -0.005385890603065491
v 0.09297341108322144 0.4737859070301056 -0.02942657843232155
v 0.09384340792894363 0.4775005578994751 -0.015566926449537277
v 0.08976469933986664 0.4529145658016205 -0.04324153810739517
v 0.08702762424945831 0.44261568784713745 -0.04643971100449562
v 0.0720863789319992 0.38987237215042114 -0.021207954734563828
v 0.06756129860877991 0.36918455362319946 -0.014682553708553314
v 0.05926796793937683 0.37114205956459045 -0.02876732125878334
v 0.06321984529495239 0.3889976143836975 -0.03730770945549011
v 0.041982706636190414 0.3696000576019287 -0.049743812531232834
v 0.05120566859841347 0.3704366385936737 -0.03938271477818489
v 0.06427793949842453 0.3369625210762024 -0.009782601147890091
v 0.06558633595705032 0.3228149712085724 -0.011006366461515427
v 0.05961240828037262 0.32462790608406067 -0.025725211948156357
v 0.05703556537628174 0.33722466230392456 -0.023349326103925705
v 0.05121631547808647 0.3232395350933075 -0.03689383715391159
v 0.040109626948833466 0.32284650206565857 -0.04459543153643608
v 0.03980211168527603 0.33631184697151184 -0.04313923045992851
v 0.048481523990631104 0.3375398814678192 -0.03494735807180405
v 0.03238093852996826 0.31230631470680237 0.05350969731807709
v 0.03338717296719551 0.3015786409378052 0.05107122287154198
v 0.04517970606684685 0.30339887738227844 0.04310709983110428
v 0.042641088366508484 0.3142276108264923 0.04515860602259636
v 0.06851586699485779 0.31177887320518494 -0.014718174934387207
v 0.0634194165468216 0.3153350055217743 -0.02983088605105877
v 0.07036126405000687 0.40377774834632874 -0.04529929906129837
v 0.0749121606349945 0.4054977595806122 -0.033953119069337845
v 0.054675180464982986 0.3134813606739044 -0.041419580578804016
v 0.04877673462033272 0.352571964263916 -0.03460022807121277
v 0.05739377811551094 0.35192692279815674 -0.024173863232135773
v 0.032163359224796295 0.3698275089263916 -0.057515326887369156
v 0.0348803773522377 0.3857220709323883 -0.06832589954137802
v 0.039624109864234924 0.4430605173110962 0.08575953543186188
v 0.042658090591430664 0.4567376971244812 0.07686926424503326
v 0.04347020387649536 0.4604026675224304 0.07579782605171204
v 0.03962644562125206 0.46127793192863464 0.07527370005846024
v 0.03836134821176529 0.45845526456832886 0.07660702615976334
v 0.03448983654379845 0.5000982284545898 0.08047468960285187
v 0.03209526091814041 0.4838228225708008 0.08502412587404251
v 0.045353252440690994 0.48731088638305664 0.08177615702152252
v 0.04707995802164078 0.49944204092025757 0.0766821876168251
v 0.06865797191858292 0.42527157068252563 0.0752670094370842
v 0.05999462306499481 0.4327879548072815 0.08067496120929718
v 0.05697596073150635 0.42444953322410583 0.08504306524991989
v 0.06243399530649185 0.41580402851104736 0.08187326788902283
v 0.0662153959274292 0.46131423115730286 0.06433915346860886
v 0.0680115669965744 0.4632309675216675 0.06389501690864563
v 0.06557758897542953 0.46362924575805664 0.06638627499341965
v 0.05879402533173561 0.40242987871170044 0.0835370197892189
v 0.06534683704376221 0.40560513734817505 0.0771024078130722
v 0.08375434577465057 0.4284188747406006 0.03547125682234764
v 0.07667817175388336 0.4614390432834625 0.053488630801439285
v 0.03993115946650505 0.557295560836792 0.0005242452025413513
v 0.041190583258867264 0.5490437746047974 0.03233611583709717
v 0.03821397200226784 0.543969452381134 -0.06830175220966339
v 0.039176713675260544 0.5553934574127197 -0.03532543033361435
v 0.05257513374090195 0.48835018277168274 -0.1045745313167572
v 0.0465681329369545 0.46330663561820984 -0.10904008895158768
v 0.02941007912158966 0.46570199728012085 -0.11414700746536255
v 0.030664321035146713 0.49603763222694397 -0.10992860049009323
v 0.03922106325626373 0.39829784631729126 -0.08189502358436584
v 0.02951325848698616 0.3213523030281067 -0.04878491908311844
v 0.02883307635784149 0.33673369884490967 -0.049815140664577484
v 0.04119667038321495 0.533276379108429 0.05632773041725159
v 0.03812400996685028 0.5172029733657837 0.07252770662307739
v 0.08640129864215851 0.4724464416503906 0.021830618381500244
v 0.07837304472923279 0.4349539279937744 0.05874929577112198
v 0.07445526868104935 0.4433859884738922 0.062318071722984314
v 0.07241373509168625 0.4403119683265686 0.06736436486244202
v 0.07621966302394867 0.4292285740375519 0.06445887684822083
v 0.08056222647428513 0.4245481491088867 0.05164949968457222
v 0.08034884184598923 0.4143826961517334 0.04094736650586128
v 0.08099085837602615 0.4040900766849518 0.028036437928676605
v 0.07781678438186646 0.39213645458221436 0.021990075707435608
v 0.08930157870054245 0.47785380482673645 -0.04960661381483078
v 0.08210113644599915 0.4885777235031128 -0.06593726575374603
v 0.07050343602895737 0.5014965534210205 -0.07881425321102142
v 0.05464558303356171 0.5126330852508545 -0.08902762830257416
v 0.09082634747028351 0.4683425724506378 -0.041687026619911194
v 0.03418728709220886 0.5222417712211609 -0.09310717135667801
v 0.030774381011724472 0.417607843875885 0.10212670266628265
v 0.037359341979026794 0.41612449288368225 0.09684497117996216
v 0.029128652065992355 0.42193830013275146 0.10121175646781921
v 0.02955777943134308 0.3927496671676636 0.10597385466098785
v 0.02544563263654709 0.39272570610046387 0.10801026225090027
v 0.025802185758948326 0.38652756810188293 0.1056944876909256
v 0.03072604537010193 0.38678836822509766 0.10362488031387329
v 0.031854573637247086 0.3482968211174011 0.08129452168941498
v 0.041068997234106064 0.35149726271629333 0.07538210600614548
v 0.03188496083021164 0.322620689868927 0.05648534372448921
v 0.041130293160676956 0.3253942131996155 0.0474332757294178
v 0.029610591009259224 0.4313602149486542 0.10396389663219452
v 0.02800222486257553 0.43179383873939514 0.1044544130563736
v 0.027487657964229584 0.4303121864795685 0.1023344025015831
v 0.029555238783359528 0.4301672577857971 0.10181616991758347
v 0.041279084980487823 0.4001472294330597 0.09515850245952606
v 0.027027014642953873 0.410099059343338 0.10732953250408173
v 0.023966971784830093 0.41014257073402405 0.10824095457792282
v 0.024024156853556633 0.40628230571746826 0.10746189951896667
v 0.02716374769806862 0.4061693549156189 0.10640498995780945
v 0.0546053871512413 0.35439440608024597 0.047670744359493256
v 0.051536690443754196 0.34292224049568176 0.03857407718896866
v 0.0673988088965416 0.3204709589481354 0.006016235798597336
v 0.06705904006958008 0.3347901403903961 0.0059915147721767426
v 0.06403018534183502 0.3523064851760864 -0.010881513357162476
v 0.0406324565410614 0.35293471813201904 -0.04572448879480362
v 0.031611986458301544 0.3508608639240265 -0.05303449183702469
v 0.006840144284069538 0.3546479344367981 -0.05735853314399719
v 0.006311403587460518 0.3710198998451233 -0.06449677050113678
v 0.01954268477857113 0.3689016103744507 -0.0628981739282608
v 0.018156390637159348 0.3525713384151459 -0.0568864606320858
v 0.04170256480574608 0.3447301685810089 0.06043678894639015
v 0.03218083828687668 0.34153488278388977 0.06830094754695892
v 0.03226286917924881 0.3334784507751465 0.06072467938065529
v 0.040957316756248474 0.3368253707885742 0.051583871245384216
v 0.024393346160650253 0.4286648631095886 0.10624104738235474
v 0.023054782301187515 0.42811253666877747 0.10807216167449951
v 0.023189110681414604 0.425510048866272 0.10550864040851593
v 0.025099974125623703 0.42728468775749207 0.1043257936835289
v 0.03018992766737938 0.42792925238609314 0.10011608898639679
v 0.027908382937312126 0.42696112394332886 0.10079517960548401
v 0.02818186581134796 0.4250365197658539 0.10082899034023285
v 0.03112216666340828 0.43124356865882874 0.10454447567462921
v 0.03129037097096443 0.42951419949531555 0.10178711265325546
v 0.02682102844119072 0.43286746740341187 0.10971672832965851
v 0.029519865289330482 0.4322863817214966 0.1076996922492981
v 0.027351483702659607 0.43369999527931213 0.11454491317272186
v 0.02585585042834282 0.42935189604759216 0.10437248647212982
v 0.026300780475139618 0.4279036819934845 0.10284329950809479
v 0.029122401028871536 0.4289754033088684 0.10057681053876877
v 0.02755138836801052 0.42861759662628174 0.10112082958221436
v 0.02696453221142292 0.4325850009918213 0.10747192800045013
v 0.028729960322380066 0.4322047829627991 0.1060018241405487
v 0.026963405311107635 0.45391127467155457 0.1031656488776207
v 0.021174272522330284 0.4556366205215454 0.10592201352119446
v 0.02153874933719635 0.4500652551651001 0.11265596747398376
v 0.021705441176891327 0.44279712438583374 0.11872832477092743
v 0.02134830132126808 0.43423065543174744 0.11800220608711243
v 0.02414192631840706 0.33120864629745483 0.06509004533290863
v 0.023666460067033768 0.32117313146591187 0.06125639006495476
v 0.02155883237719536 0.5172886848449707 0.07374704629182816
v 0.021529512479901314 0.4993898272514343 0.08221805095672607
v 0.041798993945121765 0.39873504638671875 0.09353414177894592
v 0.04493217170238495 0.47828227281570435 0.07788118720054626
v 0.06666360795497894 0.43975719809532166 0.07349957525730133
v 0.04641672968864441 0.44328051805496216 0.08220227062702179
v 0.05266899615526199 0.43850868940353394 0.08196673542261124
v 0.05273599177598953 0.4459776282310486 0.07866118103265762
v 0.04697071388363838 0.4492088556289673 0.07926807552576065
v 0.03570156544446945 0.47591927647590637 0.0795247033238411
v 0.027196278795599937 0.4734400808811188 0.08576759696006775
v 0.030495261773467064 0.47034043073654175 0.07964061200618744
v 0.02937885746359825 0.46382224559783936 0.08052906394004822
v 0.027065830305218697 0.4647154211997986 0.0887545496225357
v 0.030809281393885612 0.45705488324165344 0.0857134461402893
v 0.032022781670093536 0.4585450291633606 0.07989142835140228
v 0.06392219662666321 0.466031014919281 0.06889867782592773
v 0.06631776690483093 0.4669838845729828 0.06723330914974213
v 0.035433124750852585 0.4518975019454956 0.0832301527261734
v 0.04061011224985123 0.44751206040382385 0.0821744054555893
v 0.041497018188238144 0.452016681432724 0.07909736037254333
v 0.03639077767729759 0.454864501953125 0.07917878031730652
v 0.059243738651275635 0.4423196613788605 0.07677841186523438
v 0.07226096093654633 0.46240535378456116 0.060088545083999634
v 0.06797537207603455 0.45191967487335205 0.06338918209075928
v 0.07896789163351059 0.412332147359848 -0.026344582438468933
v 0.07640879601240158 0.40172967314720154 -0.018150661140680313
v 0.0827592983841896 0.393242746591568 0.0031432993710041046
v 0.08054319024085999 0.39079079031944275 0.006421055644750595
v 0.07504451274871826 0.39393123984336853 0.0017095692455768585
v 0.08042436838150024 0.395151287317276 -0.001660764217376709
v 0.09245257824659348 0.4440104365348816 -0.022206630557775497
v 0.09217677265405655 0.4509221911430359 -0.02798951044678688
v 0.09316007792949677 0.4528856575489044 -0.02082519605755806
v 0.09231708198785782 0.4452470541000366 -0.01993842050433159
v 0.09259893745183945 0.4489370286464691 -0.01463412120938301
v 0.09347856789827347 0.4522908329963684 -0.012350331991910934
v 0.09188328683376312 0.44447460770606995 -0.009853173047304153
v 0.09202705323696136 0.4440682828426361 -0.013362906873226166
v 0.09444042295217514 0.4643694758415222 -0.013422198593616486
v 0.0931817814707756 0.46361562609672546 -0.003098316490650177
v 0.09206004440784454 0.45089492201805115 -0.004570674151182175
v 0.08700943738222122 0.45238131284713745 0.01881071925163269
v 0.08721476793289185 0.4396640658378601 0.009180232882499695
v 0.08976078778505325 0.44679152965545654 0.0028654932975769043
v 0.08938819169998169 0.45974302291870117 0.0073186494410037994
v 0.08006179332733154 0.3974141776561737 0.009337980300188065
v 0.0802856832742691 0.40609854459762573 0.012077338993549347
v 0.07470526546239853 0.3961487114429474 -0.007049504667520523
v 0.008110718801617622 0.4745843708515167 -0.11531926691532135
v 0.007574897725135088 0.5014470219612122 -0.10652467608451843
v 0.07306481152772903 0.43338149785995483 -0.07454092800617218
v 0.06064414978027344 0.43699750304222107 -0.08913961052894592
v 0.0797186940908432 0.4318039119243622 -0.05871109291911125
v 0.08429201692342758 0.4306507408618927 -0.04562615603208542
v 0.04549860581755638 0.4405737817287445 -0.10191969573497772
v 0.024962887167930603 0.4409951865673065 -0.10915450751781464
v 0.08677921444177628 0.4356638491153717 0.021922480314970016
v 0.0845731571316719 0.42930224537849426 0.011432968080043793
v 0.06884672492742538 0.41603463888168335 -0.06921038031578064
v 0.05754262953996658 0.41622525453567505 -0.08323798328638077
v 0.07553029805421829 0.4167594611644745 -0.0544612817466259
v 0.0799478217959404 0.4186067283153534 -0.04158341884613037
v 0.0418693907558918 0.4187949597835541 -0.09456893801689148
v 0.022219564765691757 0.39962634444236755 -0.08702133595943451
v 0.024339284747838974 0.41831034421920776 -0.10014781355857849
v 0.0830949991941452 0.4051452577114105 -0.0001499764621257782
v 0.08162888139486313 0.4054310619831085 0.004834890365600586
v 0.08116328716278076 0.39841681718826294 0.004536256194114685
v 0.08467670530080795 0.39930567145347595 0.002056259661912918
v 0.08398124575614929 0.42125704884529114 0.02378973737359047
v 0.08277161419391632 0.41747230291366577 0.01173548772931099
v 0.02701594866812229 0.4591319262981415 0.09679148346185684
v 0.0205299761146307 0.46752986311912537 0.09332005679607391
v 0.02083481289446354 0.4614447057247162 0.09968246519565582
v 0.02062937617301941 0.4747348427772522 0.0884605199098587
v 0.01674487628042698 0.5587918162345886 -0.030904501676559448
v 0.018459778279066086 0.5607559680938721 0.0031147897243499756
v 0.01143751572817564 0.5285521745681763 -0.0894804298877716
v 0.014886120334267616 0.548629641532898 -0.0636051744222641
v 0.02297312207520008 0.3786766231060028 0.10744364559650421
v 0.02509453520178795 0.36517512798309326 0.10912404954433441
v 0.026121150702238083 0.4181818962097168 0.10510855913162231
v 0.02322421222925186 0.4176909327507019 0.10620211064815521
v 0.023706156760454178 0.4138107895851135 0.10753524303436279
v 0.026724979281425476 0.41412532329559326 0.10651308298110962
v 0.03849450498819351 0.4716675281524658 0.07555362582206726
v 0.020370962098240852 0.38713693618774414 -0.07266606390476227
v 0.017024341970682144 0.33711764216423035 -0.052233051508665085
v 0.01691669225692749 0.3219492733478546 -0.05086023360490799
v 0.04376639053225517 0.3116798400878906 -0.04965895041823387
v 0.03074410930275917 0.3098987638950348 -0.05394082888960838
v 0.022875571623444557 0.4216122627258301 0.10520970821380615
v 0.025464236736297607 0.42200008034706116 0.10396559536457062
v 0.02602953463792801 0.43167638778686523 0.1061411201953888
v 0.031563274562358856 0.4053190350532532 0.1040285974740982
v 0.0254046730697155 0.4248567521572113 0.10329317301511765
v 0.026261238381266594 0.4267888367176056 0.10266552865505219
v 0.02120634913444519 0.42503175139427185 0.10629879683256149
v 0.021313242614269257 0.42127764225006104 0.10562701523303986
v 0.047462619841098785 0.4549287259578705 0.07685844600200653
v 0.04783202335238457 0.45949652791023254 0.07573962211608887
v 0.024221980944275856 0.4303911030292511 0.1114223450422287
v 0.024737242609262466 0.4309438169002533 0.10859175771474838
v 0.02082601934671402 0.4298746585845947 0.11224547028541565
v 0.057086750864982605 0.30505719780921936 0.032018017023801804
v 0.06571617722511292 0.30774444341659546 0.017160266637802124
v 0.021873880177736282 0.4100886583328247 0.10856784880161285
v 0.021857919171452522 0.40607792139053345 0.10799761116504669
v 0.01948772743344307 0.5518643260002136 0.03590039908885956
v 0.001956542953848839 0.39678215980529785 -0.08675441145896912
v 0.0037656109780073166 0.41499972343444824 -0.10061624646186829
v 0.0872872993350029 0.43133383989334106 0.002655763179063797
v 0.08810364454984665 0.42597606778144836 -0.001632731407880783
v 0.08963298797607422 0.43261343240737915 -0.0051560178399086
v 0.08941230177879333 0.4375322163105011 -0.0009440816938877106
v 0.023534107953310013 0.31095007061958313 0.05842060595750809
v 0.06962131708860397 0.3091638684272766 0.0013479143381118774
v 0.017359713092446327 0.3089030086994171 -0.056106213480234146
v 0.06585367769002914 0.4595099687576294 0.06427380442619324
v 0.06458688527345657 0.458304226398468 0.06565341353416443
v 0.04091448336839676 0.4688691794872284 0.07485789060592651
v 0.005727055482566357 0.4390151798725128 -0.11458699405193329
v 0.03274425491690636 0.39744052290916443 0.10311565548181534
v 0.03129121661186218 0.4012899398803711 0.10210294276475906
v 0.005650192499160767 0.3392285108566284 -0.05266768857836723
v 0.024154119193553925 0.3390188217163086 0.0721263661980629
v 0.021619077771902084 0.42773935198783875 0.10901099443435669
v 0.005842339247465134 0.3855729103088379 -0.07349826395511627
v 0.09116540849208832 0.43701988458633423 -0.014434915035963058
v 0.09295835345983505 0.4358617663383484 -0.011217448860406876
v 0.09217246621847153 0.4326096773147583 -0.010670255869626999
v 0.09089620411396027 0.43299463391304016 -0.011719837784767151
v 0.09475648403167725 0.4397125244140625 -0.007374987006187439
v 0.09513495862483978 0.43594926595687866 -0.008840538561344147
v 0.09674999862909317 0.4385991394519806 -0.010473590344190598
v 0.09630471467971802 0.44249850511550903 -0.009761448949575424
v 0.09122270345687866 0.44208723306655884 -0.005113124847412109
v 0.0926424041390419 0.4363428056240082 -0.0055258795619010925
v 0.09782750904560089 0.44024795293807983 -0.01251080259680748
v 0.0984685942530632 0.44326847791671753 -0.011616185307502747
v 0.09600546956062317 0.44483885169029236 -0.013064280152320862
v 0.09248749166727066 0.44479361176490784 -0.01683422550559044
v 0.10073285549879074 0.4438270926475525 -0.01490522176027298
v 0.09721644222736359 0.4457004964351654 -0.017271466553211212
v 0.10265995562076569 0.4423827826976776 -0.019633334130048752
v 0.09806957095861435 0.44468262791633606 -0.022231463342905045
v 0.10330130904912949 0.4385131895542145 -0.024492312222719193
v 0.0975971445441246 0.4403443932533264 -0.027085643261671066
v 0.08362677693367004 0.41318926215171814 0.004537615925073624
v 0.08405451476573944 0.4112480878829956 -0.0019878968596458435
v 0.10330472886562347 0.43291985988616943 -0.02703375369310379
v 0.09661704301834106 0.43390077352523804 -0.028276266530156136
v 0.10206133127212524 0.4261760711669922 -0.02811734937131405
v 0.09598278254270554 0.42728742957115173 -0.02817508578300476
v 0.09982556104660034 0.41989997029304504 -0.026775779202580452
v 0.09553010016679764 0.4207984507083893 -0.027696123346686363
v 0.09822209179401398 0.4128468334674835 -0.02407154068350792
v 0.09390021115541458 0.41210517287254333 -0.0246836356818676
v 0.09533010423183441 0.40643054246902466 -0.019831720739603043
v 0.09085545688867569 0.40327057242393494 -0.02052845060825348
v 0.09891139715909958 0.44008028507232666 -0.020541276782751083
v 0.09966634958982468 0.43641209602355957 -0.023569121956825256
v 0.08955801278352737 0.4402589201927185 -0.023174788802862167
v 0.09814693033695221 0.44169139862060547 -0.016223400831222534
v 0.09048674255609512 0.4267764985561371 -0.015749648213386536
v 0.08823351562023163 0.43012967705726624 -0.017657481133937836
v 0.08805360645055771 0.4288043677806854 -0.01718292385339737
v 0.087753526866436 0.42684057354927063 -0.018992483615875244
v 0.08628600835800171 0.4188201427459717 -0.0010716132819652557
v 0.08666074275970459 0.4177945554256439 -0.00441843643784523
v 0.0879056304693222 0.42320725321769714 -0.004737991839647293
v 0.08501379191875458 0.4135890305042267 -0.004638019949197769
v 0.08409956842660904 0.41488945484161377 -0.005762513726949692
v 0.084043949842453 0.41863536834716797 -0.00577181950211525
v 0.084439717233181 0.42322057485580444 -0.006599891930818558
v 0.0843905657529831 0.41290751099586487 -0.00784594938158989
v 0.08557780832052231 0.4110601544380188 -0.007226407527923584
v 0.08346141874790192 0.4144383370876312 -0.00824553519487381
v 0.0831989124417305 0.4154870808124542 -0.007142677903175354
v 0.08240468055009842 0.4178948998451233 -0.008305035531520844
v 0.08376386016607285 0.42089712619781494 -0.01112404465675354
v 0.08591791987419128 0.4225970506668091 0.004223201423883438
v 0.08344491571187973 0.4159366488456726 -0.020764809101819992
v 0.08113434910774231 0.40754517912864685 -0.015568122267723083
v 0.0923072099685669 0.4018288552761078 -0.013973493129014969
v 0.08945471793413162 0.3953121602535248 -0.01370973140001297
v 0.08824323862791061 0.3942521810531616 -4.3217092752456665e-05
v 0.08990146219730377 0.39041346311569214 -0.005619984120130539
v 0.08718092739582062 0.435207724571228 -0.024448465555906296
v 0.08669571578502655 0.4290030896663666 -0.025497835129499435
v 0.08050235360860825 0.40092989802360535 -0.008071571588516235
v 0.08621004223823547 0.42257118225097656 -0.024915900081396103
v 0.09382037073373795 0.4101487100124359 -0.019279610365629196
v 0.0908239558339119 0.4075835347175598 -0.015027496963739395
v 0.09631408751010895 0.4145525395870209 -0.02285612002015114
v 0.08653731644153595 0.4078338146209717 -0.005711909383535385
v 0.08702285587787628 0.40153804421424866 -0.0037890449166297913
v 0.09039346128702164 0.40042003989219666 -0.00829678401350975
v 0.08837895840406418 0.40686002373695374 -0.010418325662612915
v 0.0928749367594719 0.4131312072277069 -0.01761821284890175
v 0.08949897438287735 0.4113028645515442 -0.014800801873207092
v 0.09036438912153244 0.4160369336605072 -0.01743258163332939
v 0.08731956779956818 0.4148136377334595 -0.014734659343957901
v 0.08519963920116425 0.41321316361427307 -0.011180568486452103
v 0.08689477294683456 0.410646915435791 -0.01100807636976242
v 0.08398401737213135 0.4178205132484436 -0.01509888470172882
v 0.08771350979804993 0.42017146944999695 -0.01706209033727646
v 0.08323643356561661 0.41554582118988037 -0.010933447629213333
v 0.09299218654632568 0.41871508955955505 -0.018667541444301605
v 0.09520252794027328 0.4224083423614502 -0.02003486081957817
v 0.0936955064535141 0.4252394437789917 -0.016919218003749847
v 0.09075622260570526 0.4225177466869354 -0.017561204731464386
v 0.0974719226360321 0.4202899634838104 -0.025445476174354553
v 0.09725206345319748 0.4207693338394165 -0.02245139703154564
v 0.09526649117469788 0.41652238368988037 -0.020317193120718002
v 0.0984564945101738 0.4260375499725342 -0.02392648160457611
v 0.09841526299715042 0.4264340102672577 -0.02658367156982422
v 0.09664417803287506 0.42638227343559265 -0.02160957083106041
v 0.09547783434391022 0.4276920557022095 -0.019389059394598007
v 0.09876516461372375 0.4349042773246765 -0.021909240633249283
v 0.09890429675579071 0.4309619069099426 -0.023568447679281235
v 0.09967818856239319 0.4321506917476654 -0.025847986340522766
v 0.09769167751073837 0.4300805330276489 -0.021181859076023102
v 0.09714850783348083 0.43320196866989136 -0.020270612090826035
v 0.09561018645763397 0.43174174427986145 -0.019427195191383362
v 0.09622728824615479 0.4299452602863312 -0.020389605313539505
v 0.09580105543136597 0.4396646320819855 -0.013913504779338837
v 0.09450645744800568 0.43848833441734314 -0.012096002697944641
v 0.09664908796548843 0.439370334148407 -0.016569003462791443
v 0.09451146423816681 0.44072574377059937 -0.016671892255544662
v 0.0949702039361 0.43743830919265747 -0.0167057104408741
v 0.0929054468870163 0.4400005042552948 -0.016147267073392868
v 0.09368274360895157 0.4356977343559265 -0.01596185192465782
v 0.09172425419092178 0.43282341957092285 -0.014403339475393295
v 0.03692600503563881 0.2789803743362427 0.0477038137614727
v 0.03522685170173645 0.2902738153934479 0.04883519560098648
v 0.023945750668644905 0.2878960371017456 0.05342474952340126
v 0.024526473134756088 0.2767893075942993 0.05136001855134964
v 0.0948813408613205 0.43362611532211304 -0.017568230628967285
v 0.0961218923330307 0.4355389177799225 -0.018735192716121674
v 0.097545325756073 0.4379488229751587 -0.01986769214272499
v 0.09245376288890839 0.42902860045433044 -0.015718091279268265
v 0.09381566196680069 0.42810511589050293 -0.016579970717430115
v 0.09472247958183289 0.4297744631767273 -0.017817262560129166
v 0.09340467303991318 0.43123626708984375 -0.016235150396823883
v 0.08861518651247025 0.4273114502429962 -0.0061869993805885315
v 0.08695624023675919 0.4251573383808136 -0.009190380573272705
v 0.08671654015779495 0.42266350984573364 -0.013314753770828247
v 0.07288161665201187 0.26552048325538635 0.029062077403068542
v 0.08797304332256317 0.2724795639514923 0.014847876504063606
v 0.08061537891626358 0.2800670862197876 0.012284183874726295
v 0.06702861934900284 0.2744140326976776 0.025977041572332382
v 0.08319013565778732 0.2463369369506836 0.04927390068769455
v 0.08435153216123581 0.2299211174249649 0.062037739902734756
v 0.10404613614082336 0.23359882831573486 0.052299708127975464
v 0.10765208303928375 0.2516182065010071 0.03006858564913273
v 0.10186298191547394 0.21545915305614471 0.06707268953323364
v 0.08452298492193222 0.2116754651069641 0.07363881915807724
v 0.1004440113902092 0.16304504871368408 0.10329021513462067
v 0.10009834915399551 0.17964674532413483 0.09128203988075256
v 0.08420561254024506 0.17804095149040222 0.09636116027832031
v 0.08442831039428711 0.16158561408519745 0.10822456330060959
v 0.12932294607162476 0.08178585767745972 0.13281743228435516
v 0.11772587150335312 0.08354488015174866 0.13856187462806702
v 0.10986913740634918 0.06662414968013763 0.13781683146953583
v 0.12239983677864075 0.06207643821835518 0.13052420318126678
v 0.16005821526050568 0.18632850050926208 0.06399538367986679
v 0.16759498417377472 0.17612019181251526 0.06209336966276169
v 0.17181198298931122 0.19108927249908447 0.05708468705415726
v 0.16363045573234558 0.201467826962471 0.05691435560584068
v 0.12492746114730835 0.277458131313324 -0.02144697681069374
v 0.11394267529249191 0.2822299301624298 -0.023491643369197845
v 0.1081799790263176 0.271459698677063 -0.0013961456716060638
v 0.11954795569181442 0.26658502221107483 0.002622399479150772
v 0.16551552712917328 0.0979296937584877 0.0814230740070343
v 0.1604200154542923 0.10836498439311981 0.09140644967556
v 0.15863128006458282 0.09523581713438034 0.09844538569450378
v 0.1627858728170395 0.08446048945188522 0.08991941809654236
v 0.13664384186267853 -0.0035505483392626047 0.08756519109010696
v 0.12214691936969757 -0.004478472284972668 0.10354660451412201
v 0.11914747208356857 -0.02736976370215416 0.10596700757741928
v 0.1340121179819107 -0.02630721963942051 0.08920710533857346
v 0.16955529153347015 0.020641781389713287 0.018636876717209816
v 0.16499477624893188 0.0011041350662708282 0.019726550206542015
v 0.16237100958824158 0.00235803984105587 -0.0063360934145748615
v 0.16665351390838623 0.020180191844701767 -0.0077772135846316814
v 0.12688544392585754 0.1638929694890976 0.09266193211078644
v 0.1278405487537384 0.18039745092391968 0.08110462129116058
v 0.11478561908006668 0.1802673041820526 0.08608969300985336
v 0.11479456722736359 0.16375505924224854 0.09798026084899902
v 0.28548499941825867 0.10416263341903687 0.09349498152732849
v 0.2691328227519989 0.12171179056167603 0.08394791930913925
v 0.2579888105392456 0.10874468088150024 0.0848931223154068
v 0.2748650312423706 0.0914234146475792 0.09392376244068146
v 0.15597769618034363 -0.09140653163194656 0.036960117518901825
v 0.15780574083328247 -0.10730795562267303 0.04007967188954353
v 0.15851035714149475 -0.10240475088357925 0.012932452373206615
v 0.15555274486541748 -0.08638143539428711 0.011514811776578426
v 0.21919281780719757 0.21185821294784546 0.04079372063279152
v 0.2325320541858673 0.2208205759525299 0.024057775735855103
v 0.22357848286628723 0.23275169730186462 0.018595248460769653
v 0.2121027708053589 0.2228977084159851 0.03784917667508125
v 0.16157904267311096 0.15165744721889496 0.07029308378696442
v 0.16366812586784363 0.16344884037971497 0.06573240458965302
v 0.1568022519350052 0.17293497920036316 0.07042279839515686
v 0.1546444445848465 0.159132719039917 0.07612384855747223
v 0.17531807720661163 0.05375273898243904 -0.013481702655553818
v 0.17837338149547577 0.07195552438497543 -0.01608562469482422
v 0.1796518713235855 0.07344077527523041 0.003550482913851738
v 0.17803287506103516 0.055009543895721436 0.008547365665435791
v 0.17427079379558563 0.03749377280473709 0.013842517510056496
v 0.1704416275024414 0.03669889643788338 -0.010309439152479172
v 0.14688606560230255 0.16127687692642212 0.08182212710380554
v 0.14847129583358765 0.1786506175994873 0.0730583518743515
v 0.13890621066093445 0.17960113286972046 0.07667510956525803
v 0.1375138908624649 0.1627623289823532 0.0869964212179184
v 0.09984394162893295 0.051365867257118225 0.13326412439346313
v 0.11495733261108398 0.04613396152853966 0.12404245138168335
v 0.15031646192073822 -0.11351929605007172 0.06662174314260483
v 0.1495284140110016 -0.09736103564500809 0.06270438432693481
v 0.13666556775569916 -0.10310206562280655 0.08491703867912292
v 0.1357932686805725 -0.11992551386356354 0.08865098655223846
v 0.10796131938695908 0.017110062763094902 0.11345968395471573
v 0.12352842837572098 0.016794882714748383 0.10211170464754105
v 0.12492624670267105 0.032018519937992096 0.10760750621557236
v 0.10993646085262299 0.032968733459711075 0.11730191856622696
v 0.11718926578760147 -0.12428899109363556 0.10650456696748734
v 0.1193275973200798 -0.1080540269613266 0.10276983678340912
v 0.1004401296377182 -0.11110604554414749 0.11755590885877609
v 0.09810517728328705 -0.12899938225746155 0.12137613445520401
v 0.10058706253767014 0.19709903001785278 0.07928680628538132
v 0.08434644341468811 0.19445288181304932 0.08486513048410416
v 0.14707231521606445 0.08250579237937927 0.11696134507656097
v 0.13953645527362823 0.08157569915056229 0.12534278631210327
v 0.1341170072555542 0.06135088577866554 0.12255864590406418
v 0.14382986724376678 0.0631473958492279 0.11409151554107666
v 0.1732766032218933 0.14735913276672363 0.04226917028427124
v 0.17671824991703033 0.15617001056671143 0.03824453055858612
v 0.17875686287879944 0.17439278960227966 0.052222494035959244
v 0.17291861772537231 0.16244173049926758 0.05549689009785652
v 0.16128075122833252 -0.11829321086406708 0.014519574120640755
v 0.15936161577701569 -0.12307138741016388 0.04245200753211975
v 0.1159837394952774 -0.14098018407821655 0.10729315131902695
v 0.09713549166917801 -0.1460874378681183 0.1224471777677536
v 0.18967974185943604 0.13131149113178253 -0.011661238968372345
v 0.18863457441329956 0.13712555170059204 -0.0012908615171909332
v 0.1855432242155075 0.13395527005195618 -0.0037483535706996918
v 0.18800267577171326 0.12923558056354523 -0.013700153678655624
v 0.07796994596719742 0.08603587001562119 0.14564602077007294
v 0.08605740964412689 0.06425774097442627 0.1417521834373474
v 0.09920858591794968 0.07774614542722702 0.14339441061019897
v 0.09276506304740906 0.09538260102272034 0.144047349691391
v 0.13945873081684113 0.04654749855399132 0.10577202588319778
v 0.1281145066022873 0.045276153832674026 0.11480537801980972
v 0.13773605227470398 0.03329303115606308 0.09740597009658813
v 0.061851903796195984 0.07527616620063782 0.14350008964538574
v 0.07087455689907074 0.04838177189230919 0.13601496815681458
v 0.06685985624790192 0.19214896857738495 0.09114784747362137
v 0.067090705037117 0.17569459974765778 0.10135156661272049
v 0.06699671596288681 0.20857875049114227 0.08107087761163712
v 0.06528589129447937 0.22581356763839722 0.07103816419839859
v 0.04819351062178612 0.22164863348007202 0.07788461446762085
v 0.049162574112415314 0.20512105524539948 0.0874275416135788
v 0.0633423924446106 0.24142806231975555 0.060459304600954056
v 0.045710377395153046 0.2373749315738678 0.06846309453248978
v 0.055999886244535446 0.2614770531654358 0.04173288121819496
v 0.052540868520736694 0.27108657360076904 0.03841263800859451
v 0.16892950236797333 0.1512373983860016 0.05817464739084244
v 0.16748447716236115 0.1401611864566803 0.06200338155031204
v 0.13479672372341156 -0.1357501596212387 0.08983131498098373
v 0.13101835548877716 0.2026294618844986 -0.10504322499036789
v 0.1493692696094513 0.2044224739074707 -0.0944446250796318
v 0.14405928552150726 0.18822352588176727 -0.0991322323679924
v 0.12629538774490356 0.18535694479942322 -0.10984501242637634
v 0.13385652005672455 0.2648611068725586 0.005967361852526665
v 0.13649612665176392 0.2753256559371948 -0.019389981403946877
v 0.18511615693569183 0.13242852687835693 -0.059348516166210175
v 0.18426421284675598 0.1266242116689682 -0.05595172196626663
v 0.1775989532470703 0.12629377841949463 -0.06294436752796173
v 0.1776898056268692 0.13279245793819427 -0.06679728627204895
v 0.1939723789691925 0.12365785241127014 -0.02969416230916977
v 0.1965160369873047 0.12291692197322845 -0.03587258234620094
v 0.2038383036851883 0.11571726202964783 -0.030631527304649353
v 0.20157738029956818 0.11567294597625732 -0.02506610006093979
v 0.1515069603919983 -0.09788861125707626 -0.01111135259270668
v 0.1476866900920868 -0.08186257630586624 -0.01252291351556778
v 0.13669076561927795 0.03477298468351364 -0.06854426860809326
v 0.14582312107086182 0.052790988236665726 -0.06791449338197708
v 0.1562880575656891 0.044503141194581985 -0.051586855202913284
v 0.14931799471378326 0.026838790625333786 -0.05132623761892319
v 0.01838860660791397 0.18058912456035614 -0.0991687923669815
v 0.03895237669348717 0.1841285079717636 -0.10625631362199783
v 0.03778700530529022 0.16905643045902252 -0.10727272182703018
v 0.018093610182404518 0.16657176613807678 -0.10008424520492554
v 0.09014162421226501 0.2100948542356491 -0.11389544606208801
v 0.06379786133766174 0.20469555258750916 -0.11189663410186768
v 0.06562837213277817 0.21873240172863007 -0.10912769287824631
v 0.09243445843458176 0.22528968751430511 -0.10925418138504028
v 0.11012443900108337 0.19876815378665924 -0.11372450739145279
v 0.10539723187685013 0.18135076761245728 -0.1168990284204483
v 0.16982543468475342 0.05673380568623543 -0.03317435830831528
v 0.17496207356452942 0.07351002842187881 -0.034402646124362946
v 0.18168391287326813 0.096544548869133 -0.035443492233753204
v 0.1831439882516861 0.10642968118190765 -0.03399715572595596
v 0.1831224411725998 0.10700002312660217 -0.02012994885444641
v 0.18220357596874237 0.09737997502088547 -0.020272541791200638
v 0.10226798057556152 0.2883332669734955 -0.02463465742766857
v 0.11338751018047333 0.2882571518421173 -0.04643791541457176
v 0.09921552240848541 0.29337459802627563 -0.04762714356184006
v 0.05832687020301819 0.2652136981487274 -0.08484595268964767
v 0.0698935016989708 0.2700802981853485 -0.0817706361413002
v 0.0753934383392334 0.264072448015213 -0.08704692870378494
v 0.05908497795462608 0.258654922246933 -0.08964522182941437
v 0.04364311322569847 0.1002618595957756 -0.10746727883815765
v 0.046267516911029816 0.0779678225517273 -0.10327591747045517
v 0.023425564169883728 0.0791928619146347 -0.09904856979846954
v 0.02210354432463646 0.10063324868679047 -0.1028856486082077
v 0.18345028162002563 0.11424870043992996 -0.04180356487631798
v 0.1811521202325821 0.11670644581317902 -0.05033634603023529
v 0.1840953379869461 0.12011241912841797 -0.04503466188907623
v 0.18524442613124847 0.11834132671356201 -0.03699039667844772
v 0.17775341868400574 0.11052732914686203 -0.05541233718395233
v 0.18120615184307098 0.10759267210960388 -0.04546823352575302
v 0.17886637151241302 0.0984896793961525 -0.048002395778894424
v 0.17472034692764282 0.10229086875915527 -0.05888967588543892
v 0.15437094867229462 0.06848549097776413 -0.06620777398347855
v 0.16364111006259918 0.08173109591007233 -0.06479175388813019
v 0.16969983279705048 0.07702858000993729 -0.05025075376033783
v 0.16325218975543976 0.061863016337156296 -0.0507274866104126
v 0.022142086178064346 0.011648242361843586 -0.0805644616484642
v 0.022352401167154312 0.033147696405649185 -0.08735644817352295
v 0.04339790716767311 0.031116824597120285 -0.09144514799118042
v 0.042241599410772324 0.00870459619909525 -0.08579117804765701
v 0.19310754537582397 0.1453145444393158 0.01904081180691719
v 0.1992642879486084 0.13532249629497528 0.024607695639133453
v 0.19746863842010498 0.1447657346725464 0.037172913551330566
v 0.1925785094499588 0.1526176631450653 0.0325319804251194
v 0.21944701671600342 0.12075293064117432 -0.03759607672691345
v 0.22286921739578247 0.125680074095726 -0.03945797681808472
v 0.23197108507156372 0.1210365742444992 -0.034526675939559937
v 0.22840742766857147 0.11634787172079086 -0.03356601297855377
v 0.20981472730636597 0.10906904935836792 0.023378826677799225
v 0.2202838510274887 0.09066316485404968 0.032687991857528687
v 0.2177881896495819 0.10284725576639175 0.043097980320453644
v 0.20707324147224426 0.12038092315196991 0.033133164048194885
v 0.1493840366601944 0.27408355474472046 -0.044214919209480286
v 0.1385524421930313 0.2795058488845825 -0.04561953991651535
v 0.14815784990787506 0.2736677825450897 -0.016920579597353935
v 0.2041497528553009 0.10992636531591415 -0.002911977469921112
v 0.20648670196533203 0.10586991906166077 -0.012024566531181335
v 0.21643449366092682 0.09061817824840546 -0.006444022059440613
v 0.2133849561214447 0.09332545101642609 0.003642350435256958
v 0.29823508858680725 0.11414508521556854 0.08639317750930786
v 0.28246361017227173 0.1310761421918869 0.07626032829284668
v 0.23611946403980255 0.06496216356754303 0.03099799156188965
v 0.2221420705318451 0.08102245628833771 0.022145219147205353
v 0.22522735595703125 0.07538886368274689 0.011061601340770721
v 0.24180293083190918 0.06027211248874664 0.019655741751194
v 0.1429724395275116 0.009710035286843777 -0.05048073083162308
v 0.12856243550777435 0.016958897933363914 -0.06727132946252823
v 0.12233174592256546 -0.09154633432626724 -0.04822632297873497
v 0.1182236522436142 -0.07326770573854446 -0.04929246008396149
v 0.13426373898983002 -0.07734633982181549 -0.032985515892505646
v 0.13894519209861755 -0.094410240650177 -0.031894441694021225
v 0.154671773314476 -0.11486442387104034 -0.010602717287838459
v 0.12564577162265778 -0.11072978377342224 -0.04796084761619568
v 0.14232032001018524 -0.11220923811197281 -0.03161688521504402
v 0.07753746956586838 0.3020961880683899 -0.0405234731733799
v 0.0874420702457428 0.297791987657547 -0.04491833224892616
v 0.07461509853601456 0.29384857416152954 -0.06088825315237045
v 0.06660532206296921 0.30029967427253723 -0.055027298629283905
v 0.17405933141708374 -0.2287798374891281 -0.012215876951813698
v 0.17860296368598938 -0.23074769973754883 0.016977893188595772
v 0.17931638658046722 -0.26182490587234497 0.01756150647997856
v 0.1735820323228836 -0.26049643754959106 -0.014170910231769085
v 0.03892078995704651 0.28169915080070496 -0.07502257078886032
v 0.035637643188238144 0.2916242182254791 -0.06823822855949402
v 0.05124744772911072 0.29611748456954956 -0.06317740678787231
v 0.05756901949644089 0.28714436292648315 -0.06940218806266785
v 0.1731177717447281 -0.20049721002578735 -0.010937823913991451
v 0.1768709272146225 -0.20493735373020172 0.01745195873081684
v 0.081668920814991 0.2976534962654114 -0.021699557080864906
v 0.09131044894456863 0.29364141821861267 -0.023617828264832497
v 0.08056619018316269 0.2918879985809326 -0.004176899790763855
v 0.08883017301559448 0.2859760522842407 -0.005059385672211647
v 0.0740203857421875 0.2878956198692322 0.01221025362610817
v 0.17714639008045197 -0.2380223423242569 0.04572787880897522
v 0.18038949370384216 -0.26686522364616394 0.04642247036099434
v 0.05989793688058853 0.30649736523628235 -0.0480940043926239
v 0.04681408032774925 0.30306363105773926 -0.056438952684402466
v 0.0329999178647995 0.3000290095806122 -0.061102889478206635
v 0.01790676638484001 0.2986457049846649 -0.06255084276199341
v 0.002249295823276043 0.29824623465538025 -0.06229371577501297
v 0.003747922368347645 0.3084411919116974 -0.05594730004668236
v 0.16361477971076965 -0.1343412846326828 0.016727270558476448
v 0.1581472009420395 -0.13165007531642914 -0.010193919762969017
v 0.12001480907201767 -0.3697607219219208 -0.07275113463401794
v 0.12236852198839188 -0.39034342765808105 -0.05777759850025177
v 0.09246598929166794 -0.39056316018104553 -0.06836775690317154
v 0.09365585446357727 -0.3709981441497803 -0.083579882979393
v 0.027599256485700607 -0.3586016297340393 -0.08880914747714996
v 0.06301917135715485 -0.3679034411907196 -0.08779413998126984
v 0.059613004326820374 -0.3838719129562378 -0.07122965902090073
v 0.023671140894293785 -0.3739768862724304 -0.06933765113353729
v 0.03462178260087967 -0.2274930328130722 -0.1191343292593956
v 0.03534960746765137 -0.2058435082435608 -0.11196529865264893
v 0.06362167745828629 -0.20620355010032654 -0.1107543334364891
v 0.06345422565937042 -0.22810497879981995 -0.11818765848875046
v 0.14595456421375275 -0.12992824614048004 -0.03244566544890404
v 0.1299193799495697 -0.12901784479618073 -0.04990023747086525
v 0.1604551076889038 -0.13882873952388763 0.04460275545716286
v 0.17979808151721954 -0.39599987864494324 0.07475266605615616
v 0.17743664979934692 -0.4285614490509033 0.07380503416061401
v 0.1797463446855545 -0.4315583109855652 0.0346297062933445
v 0.1846570372581482 -0.3982420861721039 0.03374180197715759
v 0.14773596823215485 -0.4360091984272003 -0.025940626859664917
v 0.11694982647895813 -0.4364604353904724 -0.04237496107816696
v 0.1206451803445816 -0.4121282696723938 -0.049077000468969345
v 0.15130101144313812 -0.40821602940559387 -0.03157021477818489
v 0.07810230553150177 -0.1505652368068695 0.13653260469436646
v 0.07818769663572311 -0.16906282305717468 0.13673637807369232
v 0.09693872183561325 -0.16303834319114685 0.12292489409446716
v 0.020823655650019646 -0.1591881662607193 0.1580849289894104
v 0.019659196957945824 -0.1793212741613388 0.15793360769748688
v 0.03953057900071144 -0.1767929196357727 0.1548364758491516
v 0.04137778654694557 -0.15743672847747803 0.1548987627029419
v 0.023460447788238525 -0.2888678312301636 0.13508817553520203
v 0.029207978397607803 -0.26552683115005493 0.13914521038532257
v 0.013122706674039364 -0.26694267988204956 0.13947737216949463
v 0.010567309334874153 -0.28856876492500305 0.1350693702697754
v 0.16852471232414246 -0.24622611701488495 0.07202344387769699
v 0.16353097558021545 -0.2202831506729126 0.07053811103105545
v 0.14542736113071442 -0.23037505149841309 0.09216517210006714
v 0.1487961709499359 -0.25388774275779724 0.09483383595943451
v 0.05323756858706474 -0.39648306369781494 -0.05666590854525566
v 0.02140885218977928 -0.38503214716911316 -0.04935508593916893
v 0.16276943683624268 -0.38870516419410706 0.10940916836261749
v 0.1624750792980194 -0.42396506667137146 0.11046512424945831
v 0.1358126997947693 -0.41985180974006653 0.13462084531784058
v 0.13650630414485931 -0.38536664843559265 0.13151051104068756
v 0.10500635206699371 -0.38396981358528137 0.139948308467865
v 0.1029137372970581 -0.41647496819496155 0.14266347885131836
v 0.008651969954371452 -0.36865106225013733 0.10063518583774567
v 0.012523534707725048 -0.3700680136680603 0.09359908103942871
v 0.02811553329229355 -0.351358562707901 0.11474551260471344
v 0.02098272740840912 -0.3439241647720337 0.12029373645782471
v 0.03069928288459778 -0.3167283535003662 -0.11543866991996765
v 0.06166926771402359 -0.32266491651535034 -0.11595989018678665
v 0.06261822581291199 -0.3469540476799011 -0.1047445610165596
v 0.029752567410469055 -0.3374345600605011 -0.10579442977905273
v 0.11079785227775574 -0.12899093329906464 -0.06307700276374817
v 0.10643914341926575 -0.10959023237228394 -0.05978289619088173
v 0.08652591705322266 -0.10826390981674194 -0.06710949540138245
v 0.08403285592794418 -0.08650749921798706 -0.06691545993089676
v 0.10415159165859222 -0.08934061229228973 -0.059718161821365356
v 0.09083899855613708 0.03685753047466278 -0.0901297926902771
v 0.10018251091241837 0.05545899271965027 -0.09370044618844986
v 0.11998016387224197 0.04292871803045273 -0.08277936279773712
v 0.11129829287528992 0.02635842189192772 -0.08034293353557587
v 0.06206480786204338 0.18873050808906555 -0.11386047303676605
v 0.060130685567855835 0.17262764275074005 -0.11497662216424942
v 0.08227730542421341 -0.4305511713027954 -0.049155086278915405
v 0.08527480065822601 -0.4591207504272461 -0.042835019528865814
v 0.051914576441049576 -0.451926589012146 -0.036637865006923676
v 0.0418083555996418 -0.4159838855266571 -0.039757248014211655
v 0.14396271109580994 -0.4647601842880249 -0.021268632262945175
v 0.17024722695350647 -0.43248021602630615 -0.0003078281879425049
v 0.1641724556684494 -0.4637290835380554 0.0024637915194034576
v 0.173406720161438 -0.4606081247329712 0.0772385224699974
v 0.17460431158542633 -0.4626184403896332 0.03698534145951271
v 0.13276951014995575 -0.45392975211143494 0.13787853717803955
v 0.10007485747337341 -0.4502611756324768 0.14424832165241241
v 0.02269149012863636 -0.42020973563194275 0.09713229537010193
v 0.02206484228372574 -0.44699332118034363 0.09221750497817993
v 0.04242363199591637 -0.44709861278533936 0.11511383950710297
v 0.043822016566991806 -0.4183601140975952 0.11797518283128738
v 0.062303148210048676 -0.2953018546104431 0.13051651418209076
v 0.07205181568861008 -0.3084135055541992 0.1276845932006836
v 0.09953669458627701 -0.2925656735897064 0.12172252684831619
v 0.09644237905740738 -0.27513813972473145 0.12158039957284927
v 0.04278438165783882 -0.13808535039424896 0.15518395602703094
v 0.02565956860780716 -0.14044520258903503 0.15760347247123718
v 0.07934917509555817 -0.13235636055469513 0.1361987590789795
v 0.06079625338315964 -0.1352328211069107 0.14835533499717712
v 0.059599362313747406 -0.15473051369190216 0.1480632871389389
v 0.0581841915845871 -0.05015692114830017 0.15182265639305115
v 0.05203734710812569 -0.07334102690219879 0.1527654528617859
v 0.0724678561091423 -0.07296371459960938 0.1427009105682373
v 0.07905518263578415 -0.05031722038984299 0.14026126265525818
v 0.08509420603513718 -0.02544259838759899 0.13545450568199158
v 0.06369899958372116 -0.024809028953313828 0.14693628251552582
v 0.06835565716028214 0.024211043491959572 0.13179096579551697
v 0.08949093520641327 0.020388823002576828 0.12350474298000336
v 0.09168504923582077 0.03726253658533096 0.12686209380626678
v 0.04945231229066849 0.18875457346439362 0.09731156378984451
v 0.0500151664018631 0.17226634919643402 0.10599100589752197
v 0.17110849916934967 -0.2734723687171936 0.07596723735332489
v 0.01578998938202858 -0.41728082299232483 -0.012822717428207397
v 0.023502126336097717 -0.447735995054245 -0.01595274731516838
v 0.009533515200018883 -0.44654110074043274 0.011297747492790222
v 0.007682044990360737 -0.4195055365562439 0.01660894975066185
v 0.1733209788799286 -0.21256713569164276 0.04481453076004982
v 0.15024173259735107 -0.1292961835861206 0.06847310066223145
v 0.15026672184467316 -0.14491666853427887 0.0696382150053978
v 0.1643749177455902 0.026905756443738937 0.05054902285337448
v 0.1603858470916748 0.0023062939289957285 0.04691174253821373
v 0.10772451758384705 0.08798736333847046 0.14178459346294403
v 0.10610108822584152 0.10091222822666168 0.14059464633464813
v 0.17506402730941772 -0.4007285535335541 -0.0030976757407188416
v 0.12920263409614563 -0.48664283752441406 0.13915878534317017
v 0.09704399853944778 -0.4835188090801239 0.14410991966724396
v 0.0928521528840065 -0.5152775645256042 0.14259448647499084
v 0.1246529221534729 -0.5173525214195251 0.1390829086303711
v 0.01309012807905674 -0.4769129157066345 0.0622074194252491
v 0.018278196454048157 -0.5077948570251465 0.05857968330383301
v 0.025876440107822418 -0.5063738226890564 0.08374039828777313
v 0.023330384865403175 -0.4765379726886749 0.08729854226112366
v 0.022433219477534294 -0.539394199848175 0.05749437212944031
v 0.025935808196663857 -0.56980299949646 0.05546258017420769
v 0.02912321500480175 -0.5705150961875916 0.07992146909236908
v 0.02769400179386139 -0.5385761260986328 0.0827239528298378
v 0.15969304740428925 -0.45864900946617126 0.11367793381214142
v 0.16341958940029144 -0.5224955677986145 0.08662694692611694
v 0.16890186071395874 -0.49244746565818787 0.08206726610660553
v 0.15493755042552948 -0.49046406149864197 0.11625677347183228
v 0.1503799706697464 -0.5209503173828125 0.11834273487329483
v 0.11616218090057373 -0.4640832543373108 -0.03711817041039467
v 0.009992165490984917 -0.42165589332580566 0.07344841212034225
v 0.01107715256512165 -0.4470060169696808 0.06770703196525574
v 0.02485518530011177 -0.5118533372879028 0.010085657238960266
v 0.01638997718691826 -0.47927936911582947 0.009348511695861816
v 0.03208375722169876 -0.4824165999889374 -0.015658080577850342
v 0.04085385799407959 -0.5147138833999634 -0.01280675083398819
v 0.1411803811788559 -0.520982027053833 -0.007792964577674866
v 0.14197663962841034 -0.4931704103946686 -0.014791682362556458
v 0.16018056869506836 -0.49245429039001465 0.010708637535572052
v 0.15741509199142456 -0.5206614136695862 0.017986755818128586
v 0.16925941407680511 -0.49198558926582336 0.044616132974624634
v 0.1646813303232193 -0.5215125679969788 0.0510995090007782
v 0.15339568257331848 -0.5802531838417053 0.0952436774969101
v 0.1584979146718979 -0.5516246557235718 0.09116895496845245
v 0.14447911083698273 -0.5502515435218811 0.1205059289932251
v 0.13779613375663757 -0.5800082087516785 0.1222904622554779
v 0.15658901631832123 -0.5784211754798889 0.06230729818344116
v 0.1606973260641098 -0.5504953861236572 0.057131752371788025
v 0.152368426322937 -0.5754908323287964 0.0321936197578907
v 0.15463033318519592 -0.5480390787124634 0.025568991899490356
v 0.13944827020168304 -0.5736458897590637 0.009546339511871338
v 0.14062261581420898 -0.5476602911949158 0.0008269473910331726
v 0.12153683602809906 -0.5727373957633972 -0.0063147395849227905
v 0.12016158550977707 -0.5474932789802551 -0.015798278152942657
v 0.09557510912418365 -0.5467095375061035 -0.02246405929327011
v 0.0992811769247055 -0.5722925662994385 -0.013513073325157166
v 0.07643722742795944 -0.5714572668075562 -0.011883661150932312
v 0.07047024369239807 -0.5451189279556274 -0.0197320356965065
v 0.03891906142234802 -0.5706888437271118 0.012657038867473602
v 0.03232813999056816 -0.5424119830131531 0.011574015021324158
v 0.047680266201496124 -0.5439547896385193 -0.008612670004367828
v 0.05478166043758392 -0.5711404085159302 -0.0033986344933509827
v 0.06557577103376389 -0.6737820506095886 0.012964854016900063
v 0.056433673948049545 -0.6488552093505859 0.012385092675685883
v 0.07506460696458817 -0.6465634107589722 0.007520247250795364
v 0.08300798386335373 -0.6705195903778076 0.010194428265094757
v 0.10011149942874908 -0.6679369211196899 0.008020073175430298
v 0.09281487762928009 -0.6450409293174744 0.00679011270403862
v 0.11098072677850723 -0.6452493071556091 0.00783069059252739
v 0.11718842387199402 -0.6668111085891724 0.010490961372852325
v 0.1394774317741394 -0.6483707427978516 0.03191681578755379
v 0.1443665772676468 -0.671594500541687 0.03505407273769379
v 0.13277554512023926 -0.6684196591377258 0.019107487052679062
v 0.12698136270046234 -0.6459618210792542 0.016240455210208893
v 0.15109412372112274 -0.6513343453407288 0.05174895375967026
v 0.15365846455097198 -0.6756747961044312 0.05540905520319939
v 0.1509055644273758 -0.6566169261932373 0.07763835787773132
v 0.14887450635433197 -0.6813767552375793 0.0808926671743393
v 0.1369013488292694 -0.6609461307525635 0.10346761345863342
v 0.1347796767950058 -0.6868805885314941 0.10508953034877777
v 0.031611427664756775 -0.6572495102882385 0.06286683678627014
v 0.03252500668168068 -0.654606282711029 0.04192771762609482
v 0.039288733154535294 -0.6798604726791382 0.03578417748212814
v 0.03582203388214111 -0.6835963726043701 0.05536985769867897
v 0.054916996508836746 -0.6623196601867676 0.10383382439613342
v 0.056525543332099915 -0.6902033686637878 0.0948716476559639
v 0.0710691288113594 -0.689768373966217 0.11768139898777008
v 0.07077063620090485 -0.6619142889976501 0.1271897554397583
v 0.1473051905632019 -0.6072371006011963 0.09827215224504471
v 0.1529427319765091 -0.6048218607902527 0.06748837977647781
v 0.15032760798931122 -0.6018293499946594 0.03924813121557236
v 0.1376601755619049 -0.5991660356521606 0.01827159896492958
v 0.04449073597788811 -0.5977274775505066 0.012698501348495483
v 0.06186520308256149 -0.5972617864608765 -0.00014340877532958984
v 0.02893676981329918 -0.6009159684181213 0.07538773119449615
v 0.02759847417473793 -0.5989795923233032 0.052854109555482864
v 0.10002800822257996 -0.6345077157020569 0.1395726054906845
v 0.1257581114768982 -0.6360333561897278 0.1272004395723343
v 0.13067615032196045 -0.6083499193191528 0.12451794743537903
v 0.1053604781627655 -0.6064442992210388 0.1380341351032257
v 0.15174590051174164 -0.6313675045967102 0.07265457510948181
v 0.1494961827993393 -0.6269412040710449 0.0458931066095829
v 0.13716615736484528 -0.6236048340797424 0.02660496160387993
v 0.10593518614768982 -0.6212072372436523 0.002772316336631775
v 0.12337496131658554 -0.621680498123169 0.010854803025722504
v 0.08756513893604279 -0.6215009689331055 0.0013541430234909058
v 0.050144076347351074 -0.6235288977622986 0.0125814788043499
v 0.06850585341453552 -0.6224708557128906 0.003222040832042694
v 0.029917525127530098 -0.630089282989502 0.06899682432413101
v 0.029065413400530815 -0.6273583769798279 0.04830893874168396
v 0.09465039521455765 -0.6903527975082397 0.13010026514530182
v 0.11982673406600952 -0.6899440288543701 0.12429943680763245
v 0.12228775024414062 -0.6629690527915955 0.12760953605175018
v 0.09692034870386124 -0.6643028855323792 0.13861419260501862
v 0.09502287209033966 -0.7145259976387024 0.11953131854534149
v 0.0752454549074173 -0.7143887281417847 0.10817155987024307
v 0.1250385344028473 -0.6921295523643494 0.009948698803782463
v 0.10876147449016571 -0.6920499801635742 0.005721867084503174
v 0.13986453413963318 -0.6937695741653442 0.02019282802939415
v 0.14864127337932587 -0.7087012529373169 0.08345996588468552
v 0.15644444525241852 -0.7019319534301758 0.05785439535975456
v 0.13266678154468536 -0.7147787809371948 0.10543888807296753
v 0.1161695122718811 -0.7137514352798462 0.11912049353122711
v 0.06012100726366043 -0.7336451411247253 0.02788650058209896
v 0.05579588562250137 -0.7380104660987854 0.04584071412682533
v 0.04571971669793129 -0.7091082334518433 0.05026298016309738
v 0.0513269267976284 -0.7052961587905884 0.03274714946746826
v 0.08300064504146576 -0.7261859774589539 0.004159718286246061
v 0.07612118870019913 -0.6988058090209961 0.013886326923966408
v 0.09185367822647095 -0.695241391658783 0.008589934557676315
v 0.09953312575817108 -0.7220646739006042 -0.002895630896091461
v 0.13517142832279205 -0.7196870446205139 0.0033435579389333725
v 0.11818570643663406 -0.7199897766113281 -0.0032724039629101753
v 0.1505979597568512 -0.720906674861908 0.014780253171920776
v 0.16057464480400085 -0.7305755019187927 0.059139594435691833
v 0.16133534908294678 -0.7240411639213562 0.03444899618625641
v 0.15167482197284698 -0.6970155239105225 0.035505399107933044
v 0.15017244219779968 -0.738077700138092 0.08687038719654083
v 0.1285894364118576 -0.7770411968231201 0.09913552552461624
v 0.153578981757164 -0.7695202231407166 0.08637244254350662
v 0.1258779615163803 -0.7455766797065735 0.10320357978343964
v 0.11021925508975983 -0.8767115473747253 0.07337736338376999
v 0.11200912296772003 -0.9112796187400818 0.06592973321676254
v 0.1324251890182495 -0.9082883596420288 0.07070474326610565
v 0.1333288699388504 -0.8740516304969788 0.07980120182037354
v 0.06308787316083908 -0.7642211318016052 0.020063500851392746
v 0.060416899621486664 -0.7675909399986267 0.039869412779808044
v 0.10577892512083054 -0.7520145773887634 -0.013801466673612595
v 0.0868721753358841 -0.756550669670105 -0.007021816447377205
v 0.17202767729759216 -0.7923761010169983 0.054174911230802536
v 0.17497099936008453 -0.7855938673019409 0.027186445891857147
v 0.1695031076669693 -0.7539693117141724 0.03241680562496185
v 0.16714873909950256 -0.7608039379119873 0.058837492018938065
v 0.06528317183256149 -0.8653044104576111 0.01948888599872589
v 0.06165610998868942 -0.8325349688529968 0.02525126002728939
v 0.06584136188030243 -0.8286836743354797 0.004056023433804512
v 0.06931484490633011 -0.8621758818626404 -1.9669532775878906e-06
v 0.1081630140542984 -0.784295916557312 -0.023190898820757866
v 0.11055247485637665 -0.8178109526634216 -0.02917604148387909
v 0.09112775325775146 -0.8215678930282593 -0.02296682447195053
v 0.08836254477500916 -0.7889068722724915 -0.01586534082889557
v 0.1711844652891159 -0.8618714213371277 0.043811142444610596
v 0.1748029738664627 -0.8569614291191101 0.018711121752858162
v 0.17687277495861053 -0.8199447393417358 0.022040117532014847
v 0.17323529720306396 -0.8260719180107117 0.04928993061184883
v 0.1314534991979599 -0.8079185485839844 0.09414501488208771
v 0.13402140140533447 -0.8403759002685547 0.08743032068014145
v 0.15884530544281006 -0.8331457376480103 0.07446669042110443
v 0.15735717117786407 -0.800698459148407 0.0810515359044075
v 0.10649244487285614 -0.8104470372200012 0.08844086527824402
v 0.10927116125822067 -0.8427202105522156 0.0817287489771843
v 0.08419693261384964 -0.9345275163650513 -0.0010263416916131973
v 0.08072490245103836 -0.9401823282241821 0.015119362622499466
v 0.07290264219045639 -0.9019691348075867 0.017132850363850594
v 0.07710769772529602 -0.8972153067588806 -0.0005543138831853867
v 0.11369487643241882 -0.8529778122901917 -0.030327342450618744
v 0.11635404825210571 -0.8900452256202698 -0.02742237038910389
v 0.09941904246807098 -0.8920915126800537 -0.022951185703277588
v 0.09441568702459335 -0.8559901714324951 -0.02568424679338932
v 0.163340225815773 -0.9381263256072998 0.03193517401814461
v 0.16450440883636475 -0.9341057538986206 0.011522036045789719
v 0.17027565836906433 -0.8954530954360962 0.015176916494965553
v 0.16761702299118042 -0.8993287682533264 0.03756667301058769
v 0.13236959278583527 -0.9454598426818848 0.0614977665245533
v 0.1529773622751236 -0.9420837759971619 0.05194200202822685
v 0.15528765320777893 -0.9039881825447083 0.060921866446733475
v 0.11362072080373764 -0.9479762315750122 0.05836709961295128
v 0.116349957883358 -0.9843965768814087 0.05177478492259979
v 0.13120272755622864 -0.982362687587738 0.05458807945251465
v 0.08966457843780518 -0.9705712199211121 -0.0010286793112754822
v 0.08822459727525711 -0.9752278327941895 0.013932157307863235
v 0.10379109531641006 -0.9648890495300293 -0.019584570080041885
v 0.10270921140909195 -0.9289466142654419 -0.020349079743027687
v 0.11789694428443909 -0.9270612597465515 -0.025468721985816956
v 0.11713945120573044 -0.9622907042503357 -0.024697672575712204
v 0.14919985830783844 -0.929747462272644 -0.01668938621878624
v 0.14614564180374146 -0.9650485515594482 -0.015883062034845352
v 0.13225314021110535 -0.962408185005188 -0.023409616202116013
v 0.13424459099769592 -0.9271438121795654 -0.023737354204058647
v 0.15877047181129456 -0.9695762395858765 0.008770037442445755
v 0.15396888554096222 -0.9669449925422668 -0.005607964470982552
v 0.15950392186641693 -0.9312441349029541 -0.005079771392047405
v 0.15911854803562164 -0.9732949733734131 0.02776043489575386
v 0.14945614337921143 -0.9779883623123169 0.04649113863706589
v 0.004207763820886612 -0.3897615373134613 0.007136441767215729
v 0.010502262972295284 -0.3962223529815674 -0.003308486193418503
v 0.006334672681987286 -0.4013086259365082 0.025263339281082153
v 0.0031573795713484287 -0.39173993468284607 0.03491443023085594
v 0.041560690850019455 -0.5093106627464294 0.11094164848327637
v 0.0423385426402092 -0.4774424731731415 0.11285385489463806
v 0.03973611444234848 -0.5726698637008667 0.10457383096218109
v 0.04115380719304085 -0.541401207447052 0.10916611552238464
v 0.03925183042883873 -0.6033795475959778 0.09889034926891327
v 0.039830975234508514 -0.6615018844604492 0.08230719715356827
v 0.0397302508354187 -0.6329951882362366 0.09123026579618454
v 0.04323327913880348 -0.688783586025238 0.07521626353263855
v 0.051193367689847946 -0.7155535221099854 0.07003989070653915
v 0.06031975895166397 -0.7435882091522217 0.06600458920001984
v 0.06889593601226807 -0.8027330636978149 0.055015429854393005
v 0.06715143471956253 -0.7722671627998352 0.061128001660108566
v 0.06118258088827133 -0.7997946739196777 0.03256477043032646
v 0.0726204514503479 -0.8699502348899841 0.042942676693201065
v 0.06993453204631805 -0.8354001641273499 0.04846164211630821
v 0.08619379252195358 -0.9450992941856384 0.03273991495370865
v 0.07880248129367828 -0.9072927832603455 0.03782067820429802
v 0.09414376318454742 -0.9797497391700745 0.029610443860292435
v 0.07591630518436432 -0.3597445785999298 0.1321801096200943
v 0.07770568877458572 -0.33802393078804016 0.1306111067533493
v 0.05224500596523285 -0.3520035147666931 0.12401076406240463
v 0.049871768802404404 -0.3692174553871155 0.12181828916072845
v 0.00036051159258931875 -0.3803950250148773 0.06816722452640533
v 0.001453689532354474 -0.3800339102745056 0.06171216815710068
v 0.005408002994954586 -0.37717893719673157 0.07682986557483673
v 0.003181340405717492 -0.3772626519203186 0.08241841197013855
v 0.14175333082675934 -0.6340184807777405 0.10168447345495224
v 0.1223980188369751 -0.5976558327674866 0.002497829496860504
v 0.08228720724582672 -0.5968303680419922 -0.005183480679988861
v 0.10278435796499252 -0.5970892906188965 -0.004712581634521484
v 0.052630409598350525 -0.6353814005851746 0.11516359448432922
v 0.07330510020256042 -0.6350948810577393 0.13365036249160767
v 0.07743875682353973 -0.6055771708488464 0.13686947524547577
v 0.05519995838403702 -0.6053011417388916 0.12162336707115173
v 0.10337674617767334 -0.7822442054748535 0.09424273669719696
v 0.08217602968215942 -0.778083086013794 0.0798676535487175
v 0.08614838868379593 -0.8076527118682861 0.07284670323133469
v 0.10090426355600357 -0.7562610507011414 0.10104238241910934
v 0.1606806069612503 -0.7495043277740479 0.009603792801499367
v 0.14543312788009644 -0.7481990456581116 -0.005151005461812019
v 0.13070715963840485 -0.7806965708732605 -0.022654548287391663
v 0.1265029013156891 -0.749346137046814 -0.012799522839486599
v 0.15159015357494354 -0.7795672416687012 -0.01387435756623745
v 0.06071826443076134 -0.5450378656387329 0.13016670942306519
v 0.05769490450620651 -0.574221670627594 0.12606598436832428
v 0.08290746062994003 -0.5761440992355347 0.13817468285560608
v 0.08763331174850464 -0.5460492968559265 0.1407259702682495
v 0.11458148062229156 -0.05519458279013634 -0.050629355013370514
v 0.1298668533563614 -0.06015194579958916 -0.03517935425043106
v 0.15887315571308136 0.05891813337802887 0.0868733674287796
v 0.1499161273241043 0.050977665930986404 0.09673541784286499
v 0.14935582876205444 0.03737451881170273 0.08496815711259842
v 0.16000321507453918 0.045064035803079605 0.07148979604244232
v 0.1676265001296997 0.05652985721826553 0.0616997592151165
v 0.16544370353221893 0.07004699856042862 0.07809346169233322
v 0.17227672040462494 0.07100677490234375 0.05301450937986374
v 0.1690564602613449 0.0840870663523674 0.06944429874420166
v 0.172666996717453 0.13761059939861298 0.02623102068901062
v 0.1760907918214798 0.14527204632759094 0.0240130964666605
v 0.04588611051440239 0.02302776649594307 0.138306125998497
v 0.044016752392053604 -0.0003379537956789136 0.14595240354537964
v 0.0674627274274826 0.00028045126236975193 0.1398938149213791
v 0.058710258454084396 -0.17353610694408417 0.14804114401340485
v 0.06992605328559875 -0.2613382339477539 0.13034164905548096
v 0.04795839264988899 -0.26401323080062866 0.13656315207481384
v 0.04017549008131027 -0.29058030247688293 0.13291089236736298
v 0.004750736057758331 -0.3478255569934845 0.11348811537027359
v -0.004306900780647993 -0.3607376217842102 0.10055708140134811
v -0.004385242238640785 -0.37510862946510315 0.08237530291080475
v -0.0044482117518782616 -0.3810693025588989 0.06854985654354095
v 0.06261568516492844 0.0034669991582632065 -0.08568418771028519
v 0.06448816508054733 0.025664836168289185 -0.0907260999083519
v 0.01944504678249359 0.19496354460716248 -0.09796581417322159
v 0.040357232093811035 0.19883619248867035 -0.10516342520713806
v 0.04211675748229027 0.22499778866767883 -0.10078711062669754
v 0.020499801263213158 0.22032146155834198 -0.09478659182786942
v 0.02082529477775097 0.232056125998497 -0.09165783226490021
v 0.041400447487831116 0.2362508773803711 -0.0971364751458168
v 0.018316496163606644 0.2885143458843231 -0.06986574828624725
v 0.019387340173125267 0.27820494771003723 -0.07712598145008087
v -0.0006103173363953829 -0.3804861009120941 0.04350462183356285
v -0.00010502012446522713 -0.382225900888443 0.033184997737407684
v 0.0019495547749102116 -0.38111990690231323 0.05410962924361229
v 0.024711309000849724 -0.39727890491485596 0.10114754736423492
v 0.02801789902150631 -0.3793891668319702 0.10522830486297607
v 0.013406967744231224 -0.38701483607292175 0.08395607769489288
v 0.011371227912604809 -0.40152406692504883 0.07912598550319672
v 0.1868816316127777 -0.3649795651435852 0.03683578222990036
v 0.1801193654537201 -0.36291077733039856 0.07660658657550812
v 0.08674738556146622 -0.40917888283729553 -0.05775201693177223
v 0.2813640832901001 0.03235609829425812 0.04104739427566528
v 0.26087719202041626 0.046026699244976044 0.029378600418567657
v 0.2712179124355316 0.04673522710800171 0.019260570406913757
v 0.29208648204803467 0.033896304666996 0.032202497124671936
v 0.0670132040977478 0.10034254193305969 -0.10961280018091202
v 0.07563269138336182 0.07415037602186203 -0.10311980545520782
v 0.09830132871866226 0.279596745967865 -0.0040442608296871185
v 0.1736084222793579 0.2689146101474762 -0.007410694845020771
v 0.16010555624961853 0.27212077379226685 -0.012804010882973671
v 0.158786803483963 0.2619369924068451 0.012106438167393208
v 0.169715017080307 0.26023149490356445 0.016407687216997147
v 0.16859160363674164 0.22026780247688293 -0.07833311706781387
v 0.1545541137456894 0.22100244462490082 -0.08788235485553741
v 0.15895268321037292 0.23838648200035095 -0.07777237147092819
v 0.17166060209274292 0.23667895793914795 -0.06872472167015076
v 0.061967842280864716 -0.25137925148010254 -0.12329918891191483
v 0.03347200155258179 -0.24973587691783905 -0.12367184460163116
v 0.04126542806625366 -0.05842194706201553 -0.07240837812423706
v 0.04085388779640198 -0.035518497228622437 -0.07606558501720428
v 0.060554761439561844 -0.04044734314084053 -0.0757826566696167
v 0.06173107400536537 -0.06250172853469849 -0.07229514420032501
v 0.09903579205274582 0.0862397775053978 -0.10304724425077438
v 0.11506660282611847 0.07114602625370026 -0.09307670593261719
v 0.058028530329465866 0.10122145712375641 0.14158277213573456
v 0.07371978461742401 0.10784715414047241 0.14153997600078583
v 0.07119838893413544 0.12607187032699585 0.1333204209804535
v 0.055133044719696045 0.12112335115671158 0.13415217399597168
v 0.2670019567012787 0.08282246440649033 -0.00806155800819397
v 0.2611081898212433 0.06689272820949554 -0.0005046874284744263
v 0.2396727204322815 0.07929006218910217 -0.009149186313152313
v 0.243373841047287 0.08879142254590988 -0.01641964167356491
v 0.15174563229084015 -0.38110002875328064 -0.03937404602766037
v 0.1775818020105362 -0.3652276396751404 -0.006968207657337189
v 0.14670416712760925 -0.030549975112080574 -0.024938363581895828
v 0.14249055087566376 -0.04803450033068657 -0.01995435729622841
v 0.12989884614944458 -0.04264959320425987 -0.04028289020061493
v 0.13391242921352386 -0.025277679786086082 -0.04598311707377434
v 0.15924033522605896 0.022186430171132088 -0.030927233397960663
v 0.15468980371952057 0.005260641686618328 -0.02991960011422634
v 0.16489337384700775 0.039038848131895065 -0.03201480954885483
v 0.19159212708473206 0.1261609047651291 -0.02235952392220497
v 0.18858709931373596 0.1258925497531891 -0.024264827370643616
v 0.18872696161270142 0.12449802458286285 -0.03326105698943138
v 0.04703095927834511 -0.3919736444950104 0.12031899392604828
v 0.048266492784023285 -0.3286375105381012 0.1265416294336319
v 0.04014074057340622 -0.31998762488365173 0.129294753074646
v -0.0011864406988024712 -0.38107800483703613 0.05384363979101181
v -0.0036074500530958176 -0.382386177778244 0.05654509365558624
v 0.06902247667312622 0.2968714237213135 0.013993065804243088
v 0.07391469925642014 0.2993807792663574 -0.002063494175672531
v 0.21182459592819214 0.09940994530916214 0.013621635735034943
v 0.2029421329498291 0.11664044857025146 0.005800478160381317
v 0.18427059054374695 0.11579667031764984 -0.01894623413681984
v 0.18563276529312134 0.12237462401390076 -0.016697820276021957
v 0.18332546949386597 0.12809453904628754 -0.004153500311076641
v 0.18124765157699585 0.12045664340257645 -0.004561551846563816
v 0.18476319313049316 0.1138887107372284 -0.03139955922961235
v 0.1861431747674942 0.11912533640861511 -0.02779553458094597
v 0.15134680271148682 0.19308096170425415 0.06519609689712524
v 0.15537647902965546 0.2078559398651123 0.057337284088134766
v 0.1447823941707611 0.21150875091552734 0.05719520151615143
v 0.14161619544029236 0.19690825045108795 0.06678381562232971
v 0.1296672821044922 0.1980130672454834 0.06961916387081146
v 0.13270357251167297 0.2154081165790558 0.05820983648300171
v 0.1185169517993927 0.21669486165046692 0.06178313121199608
v 0.11596783995628357 0.19828173518180847 0.07408701628446579
v 0.09641110152006149 0.2641400694847107 0.020912207663059235
v 0.07907963544130325 0.25847119092941284 0.03834522143006325
v 0.06004204601049423 0.25365468859672546 0.05066205561161041
v 0.04354744777083397 0.24945145845413208 0.059590186923742294
v 0.0204926747828722 0.2662275731563568 -0.08190137147903442
v 0.04453955963253975 0.269212543964386 -0.08226434141397476
v 0.04049576818943024 0.2564947009086609 -0.08841387927532196
v 0.020199019461870193 0.254142701625824 -0.08538660407066345
v 0.0006691254675388336 0.25130581855773926 -0.08240868896245956
v 0.0010331310331821442 0.26347091794013977 -0.07962630689144135
v 0.06272606551647186 0.2843000888824463 0.026264794170856476
v 0.050066396594047546 0.2816573977470398 0.03888671472668648
v 0.038592077791690826 0.2686558961868286 0.04854924976825714
v 0.31144022941589355 0.11685810983181 0.07452569901943207
v 0.2962196171283722 0.1330524981021881 0.06400057673454285
v 0.06949327141046524 0.30724066495895386 -0.03499439358711243
v 0.07429857552051544 0.3038080930709839 -0.01860867068171501
v 0.32153964042663574 0.11322563141584396 0.05951014161109924
v 0.30575576424598694 0.12964622676372528 0.048441216349601746
v 0.143025740981102 0.2464536726474762 0.028078779578208923
v 0.1545320302248001 0.24537071585655212 0.030808553099632263
v 0.14684361219406128 0.26320913434028625 0.008635550737380981
v 0.06003642454743385 0.2942080795764923 0.02861882746219635
v 0.04817836359143257 0.29219749569892883 0.04079602286219597
v 0.18602953851222992 -0.33130621910095215 0.043068788945674896
v 0.1773616522550583 -0.3319586515426636 0.07919672876596451
v 0.15315595269203186 -0.07525999844074249 0.033312492072582245
v 0.14907993376255035 -0.08022450655698776 0.058137521147727966
v 0.012402563355863094 -0.04999951273202896 0.15707959234714508
v 0.008859815075993538 -0.07221680879592896 0.15858115255832672
v 0.030202530324459076 -0.073614701628685 0.15726491808891296
v 0.03570743277668953 -0.049915753304958344 0.15636171400547028
v 0.022091694176197052 0.020462388172745705 0.14198295772075653
v 0.01957658678293228 -0.0019162871176376939 0.14713850617408752
v 0.023599954321980476 0.29996657371520996 0.05588439106941223
v 0.04366404935717583 -0.11747179180383682 0.1546085774898529
v 0.046982716768980026 -0.09550968557596207 0.15357394516468048
v 0.025369733572006226 -0.09648048877716064 0.1573447436094284
v 0.021416381001472473 -0.1210426539182663 0.15711121261119843
v 0.011932476423680782 -0.14342424273490906 0.1568147987127304
v 0.010387441143393517 -0.15280687808990479 0.15796564519405365
v 0.01838858053088188 -0.3067861497402191 0.13103827834129333
v 0.008361686952412128 -0.30680522322654724 0.13070112466812134
v 0.22946566343307495 0.16683688759803772 0.05915115028619766
v 0.2441304624080658 0.17764423787593842 0.05167994275689125
v 0.23383371531963348 0.19051618874073029 0.0469759926199913
v 0.22118863463401794 0.1781539022922516 0.054528430104255676
v 0.0819694995880127 -0.11295720934867859 0.13315287232398987
v 0.06318484246730804 -0.11470284312963486 0.14658576250076294
v 0.17111943662166595 0.1373104304075241 0.04563169181346893
v 0.17247061431407928 0.12679503858089447 0.02894381806254387
v 0.047005146741867065 0.04528870806097984 0.137709841132164
v 0.08991561830043793 0.1136803850531578 0.13934965431690216
v 0.08770085871219635 0.12986889481544495 0.130605548620224
v 0.10441060364246368 0.11691295355558395 0.13489067554473877
v 0.1029919683933258 0.13229244947433472 0.12614011764526367
v -0.0027477152179926634 -0.3819369077682495 0.04334637522697449
v -0.000835655489936471 -0.3780255615711212 0.03933056443929672
v 0.250745564699173 0.15284450352191925 -0.032797642052173615
v 0.2470996379852295 0.14356638491153717 -0.03384780138731003
v 0.23741354048252106 0.149262472987175 -0.041539452970027924
v 0.24195875227451324 0.15911047160625458 -0.040157534182071686
v 0.005543860141187906 -0.4213051497936249 0.04622013494372368
v 0.006039157509803772 -0.40325474739074707 0.053029000759124756
v 0.016991479322314262 -0.3899040222167969 -0.025299031287431717
v 0.00474483473226428 -0.3868641257286072 -0.010324958711862564
v 0.002501472132280469 -0.37710651755332947 -0.022171419113874435
v 0.0016852389089763165 -0.3761071562767029 -0.031042736023664474
v 0.06896502524614334 -0.4486249089241028 0.13516882061958313
v 0.07190566509962082 -0.4153306186199188 0.13638049364089966
v 0.06660562008619308 -0.4809952974319458 0.1343899816274643
v 0.06345665454864502 -0.5129756331443787 0.1326800435781479
v 0.06337679922580719 -0.7176699638366699 0.08921699970960617
v 0.07614393532276154 -0.7473368048667908 0.08878251910209656
v 0.08858529478311539 -0.8398601412773132 0.06587759405374527
v 0.09073017537593842 -0.8742587566375732 0.05970040708780289
v 0.09438563138246536 -0.910751223564148 0.05320582911372185
v 0.10455705225467682 -0.9840570092201233 0.0433097779750824
v 0.09871786087751389 -0.9483682513237 0.04729863628745079
v 0.32732731103897095 0.10367220640182495 0.04649880528450012
v 0.3301360011100769 0.09051015973091125 0.03590157628059387
v 0.31170663237571716 0.10611965507268906 0.022083118557929993
v 0.3100820779800415 0.1207096204161644 0.03333093225955963
v 0.23347187042236328 0.07368530333042145 0.04218185693025589
v 0.24925634264945984 0.05905406177043915 0.05139671266078949
v 0.2474067062139511 0.06989974528551102 0.06254614144563675
v 0.23200774192810059 0.08574187010526657 0.05293377488851547
v 0.2670218348503113 0.04348159581422806 0.061051130294799805
v 0.2535219192504883 0.05055230110883713 0.04014057666063309
v 0.272930771112442 0.03600051999092102 0.050584711134433746
v 0.3035476505756378 0.04117228835821152 0.02554689347743988
v 0.2826758921146393 0.05332264304161072 0.011683478951454163
v 0.29256755113601685 0.06561539322137833 0.007485538721084595
v 0.31443172693252563 0.0520598441362381 0.022750884294509888
v 0.32869604229927063 0.07654141634702682 0.027961820363998413
v 0.32322874665260315 0.06329810619354248 0.023392200469970703
v 0.30350926518440247 0.07789680361747742 0.009611010551452637
v 0.3100642263889313 0.09147459268569946 0.014950528740882874
v 0.2676144242286682 0.07860323041677475 0.0894492045044899
v 0.25063687562942505 0.0952625423669815 0.08029226213693619
v 0.2474665492773056 0.08232423663139343 0.07260289043188095
v 0.2639719247817993 0.06600017100572586 0.08183459937572479
v 0.25809744000434875 0.18265360593795776 0.03850897401571274
v 0.24829819798469543 0.19716477394104004 0.0339379757642746
v 0.18242913484573364 0.15840643644332886 0.0350358672440052
v 0.18621793389320374 0.1583641767501831 0.030469857156276703
v 0.19104155898094177 0.1678142547607422 0.04535356163978577
v 0.18667329847812653 0.17075446248054504 0.04718603938817978
v 0.26673245429992676 0.1479703187942505 0.06641367077827454
v 0.28157851099967957 0.15003274381160736 0.05375771224498749
v 0.2682531476020813 0.167295441031456 0.04531688243150711
v 0.2539839446544647 0.16386321187019348 0.058217763900756836
v 0.23484286665916443 0.1117689311504364 0.07095848023891449
v 0.21921920776367188 0.12765800952911377 0.06310559064149857
v 0.21720735728740692 0.11520755290985107 0.053986381739377975
v 0.23196610808372498 0.0986328274011612 0.06290757656097412
v 0.23149007558822632 0.07501178979873657 0.00014257431030273438
v 0.2504439353942871 0.06051315367221832 0.008387118577957153
v 0.20813176035881042 0.16528883576393127 0.05582781881093979
v 0.2164430022239685 0.15390034019947052 0.061413682997226715
v 0.17069949209690094 0.12596049904823303 0.04946015030145645
v 0.18039114773273468 0.11116594821214676 -0.0038682846352458
v 0.1800501048564911 0.10105159133672714 -0.002583751454949379
v 0.15146124362945557 0.06690393388271332 0.10579156875610352
v 0.1527862846851349 0.08361899852752686 0.10912200808525085
v 0.1778903305530548 0.07864999771118164 0.02526283450424671
v 0.17651081085205078 0.060891855508089066 0.031893644481897354
v 0.15663479268550873 0.08495089411735535 0.10265687108039856
v 0.15788432955741882 0.07354605197906494 0.09783313423395157
v 0.10649844259023666 -0.00379565660841763 0.11742667853832245
v 0.04031163081526756 0.2588328719139099 0.05216594785451889
v 0.2264576405286789 0.1411866396665573 0.06696127355098724
v 0.23923467099666595 0.1538238525390625 0.0653502568602562
v 0.22685256600379944 0.09698761254549026 -0.022020094096660614
v 0.22200928628444672 0.0918351486325264 -0.015198029577732086
v 0.20958486199378967 0.10464997589588165 -0.02026353031396866
v 0.2134290635585785 0.10619266331195831 -0.02639571577310562
v 0.13616350293159485 0.10871675610542297 -0.09603986144065857
v 0.14563533663749695 0.09766291081905365 -0.0875251442193985
v 0.1306183636188507 0.0843680202960968 -0.09111873060464859
v 0.11879538744688034 0.09704795479774475 -0.10094289481639862
v 0.2590407431125641 0.16665689647197723 -0.023558028042316437
v 0.2506481409072876 0.1766888052225113 -0.030757807195186615
v 0.2560502290725708 0.1847085952758789 -0.01975148171186447
v 0.2648218274116516 0.17231959104537964 -0.012737534940242767
v 0.25882357358932495 0.19241008162498474 -0.004594981670379639
v 0.25754332542419434 0.19802558422088623 0.014276348054409027
v 0.2664937973022461 0.1829066425561905 0.020924925804138184
v 0.267661452293396 0.1781829446554184 0.0022522658109664917
v 0.18075327575206757 -0.2946118414402008 0.01481970027089119
v 0.1724306046962738 -0.2905372977256775 -0.017257628962397575
v 0.11545056849718094 -0.15770480036735535 0.10736268013715744
v 0.13427579402923584 -0.151667982339859 0.09009664505720139
v 0.09650207310914993 -0.2519230842590332 0.12078872323036194
v 0.013757966458797455 -0.3724609613418579 0.09021037817001343
v 0.030151622369885445 -0.3581656515598297 0.11286774277687073
v 0.006851503625512123 -0.44698065519332886 0.040465664118528366
v 0.18263736367225647 -0.2993890941143036 0.0465155690908432
v 0.018245326355099678 -0.5094607472419739 0.034192733466625214
v 0.01139492355287075 -0.47771695256233215 0.0362473726272583
v 0.06529203802347183 -0.5170709490776062 -0.026893265545368195
v 0.05871568247675896 -0.48666858673095703 -0.03253897279500961
v 0.08823571354150772 -0.4907401502132416 -0.03644450008869171
v 0.09203589707612991 -0.5193355083465576 -0.030408456921577454
v 0.11731650680303574 -0.4929901361465454 -0.03118283301591873
v 0.1184498518705368 -0.5207738280296326 -0.02434791624546051
v 0.11194182187318802 -0.5783495306968689 0.13764989376068115
v 0.1328842043876648 -0.815082848072052 -0.027720866724848747
v 0.15304040908813477 -0.8518562316894531 -0.019643094390630722
v 0.1342610865831375 -0.8517548441886902 -0.028374407440423965
v 0.153571218252182 -0.8142017722129822 -0.018618497997522354
v 0.16691192984580994 -0.7811297178268433 0.0032589491456747055
v 0.1691628247499466 -0.8158137202262878 -0.0012171738781034946
v 0.15702858567237854 -0.8677080869674683 0.0688830241560936
v 0.13488689064979553 -0.8893868923187256 -0.025781409814953804
v 0.1516803801059723 -0.8910662531852722 -0.017892329022288322
v 0.16796697676181793 -0.8533146381378174 -0.0029984754510223866
v 0.1645168662071228 -0.8923534154891968 -0.003976420499384403
v 0.005999429151415825 -0.39099645614624023 0.059654004871845245
v 0.0015848309267312288 -0.37378329038619995 -0.04588789492845535
v 0.15869222581386566 -0.32794255018234253 0.10566574335098267
v 0.1616295874118805 -0.3570975363254547 0.10804291069507599
v 0.0772528350353241 -0.3214586675167084 0.12764257192611694
v 0.10238948464393616 -0.30960938334465027 0.1251041740179062
v 0.12163511663675308 -0.09071648865938187 0.09802361577749252
v 0.10332916676998138 -0.09271334111690521 0.11335958540439606
v 0.12927797436714172 -0.04914524406194687 0.09130839258432388
v 0.1253151148557663 -0.07093694061040878 0.0942833200097084
v 0.13987454771995544 -0.06668385863304138 0.0758034884929657
v 0.1433609575033188 -0.04562636837363243 0.07234808057546616
v 0.15595757961273193 -0.03889332711696625 0.025223061442375183
v 0.15314359962940216 -0.05761593207716942 0.029042258858680725
v 0.1506602168083191 -0.0535820871591568 0.003806627355515957
v 0.15430159866809845 -0.03494269773364067 -0.0006822468712925911
v 0.1427617371082306 -0.06561532616615295 -0.01530670840293169
v 0.15138544142246246 -0.07055102288722992 0.008023371919989586
v 0.0800432562828064 -0.024719223380088806 -0.07524722814559937
v 0.08228817582130432 -0.0033660405315458775 -0.08136624097824097
v 0.10096719861030579 -0.01074999663978815 -0.0737999826669693
v 0.09777014702558517 -0.03084259107708931 -0.06683075428009033
v 0.029441343620419502 -0.3119552433490753 0.1308239996433258
v 0.005795259959995747 -0.3780795633792877 0.07077476382255554
v 0.07412368059158325 -0.38593345880508423 0.13421499729156494
v 0.10600769519805908 -0.352277010679245 0.13675576448440552
v 0.1359856277704239 -0.353478342294693 0.1272166669368744
v 0.201687753200531 0.12555108964443207 0.014750741422176361
v 0.17136651277542114 0.12239237129688263 -0.06925926357507706
v 0.16908149421215057 0.13092787563800812 -0.07400883734226227
v 0.27762681245803833 0.16585561633110046 0.028229624032974243
v 0.27859145402908325 0.1611613631248474 0.00935807079076767
v 0.207403302192688 0.14205819368362427 0.056533727794885635
v 0.2257852703332901 0.2012564241886139 0.043862417340278625
v 0.20633190870285034 0.1981847882270813 0.04950631782412529
v 0.213396355509758 0.18840332329273224 0.0510551780462265
v 0.1240888461470604 -0.2630067467689514 0.1097249910235405
v 0.12633420526981354 -0.2834700644016266 0.11246943473815918
v 0.15185488760471344 -0.27876272797584534 0.09832486510276794
v 0.001375296851620078 -0.3844037353992462 0.0027171187102794647
v 0.0024470335338264704 -0.3802064061164856 -0.005053970962762833
v 0.05309624969959259 -0.33878278732299805 0.1257425844669342
v 0.02866366133093834 -0.5702979564666748 0.03276912122964859
v 0.02381957322359085 -0.5407745838165283 0.033939898014068604
v 0.032467104494571686 -0.5979741811752319 0.030904658138751984
v 0.03619185462594032 -0.6255029439926147 0.02742842584848404
v 0.04136401787400246 -0.6513827443122864 0.024335596710443497
v 0.049662891775369644 -0.676611065864563 0.021436410024762154
v 0.061423420906066895 -0.7016822099685669 0.020536018535494804
v 0.06923161447048187 -0.7296726703643799 0.014070019125938416
v 0.06426605582237244 -0.7962397336959839 0.011278189718723297
v 0.07235740125179291 -0.7607471942901611 0.0045553045347332954
v 0.07418269664049149 -0.7925007343292236 -0.004502925090491772
v 0.07624021172523499 -0.8250870704650879 -0.0114884153008461
v 0.08643525838851929 -0.8943819403648376 -0.013502346351742744
v 0.07969721406698227 -0.8589462637901306 -0.014761243015527725
v 0.09208254516124725 -0.9307082891464233 -0.012156650424003601
v 0.09607977420091629 -0.9673588275909424 -0.010792877525091171
v -0.0007725534960627556 -0.3811831474304199 0.030844613909721375
v 0.00045859627425670624 -0.3821483254432678 0.0163173396140337
v 0.12891504168510437 0.2485714852809906 0.02725629322230816
v 0.17627322673797607 0.12849143147468567 0.01042570173740387
v 0.17915238440036774 0.13566914200782776 0.009370829910039902
v 0.19977739453315735 0.15371547639369965 0.05115707218647003
v 0.0011285045184195042 -0.3639794588088989 -0.06244077906012535
v 0.0013816618593409657 -0.3482450842857361 -0.07927963882684708
v 0.2908877730369568 0.10410984605550766 0.0023304224014282227
v 0.29400375485420227 0.11981011927127838 0.0074212923645973206
v 0.2053750902414322 0.1313847303390503 0.04464756324887276
v 0.1790866255760193 0.1495743840932846 0.019087309017777443
v 0.18361997604370117 0.15074265003204346 0.016310524195432663
v 0.3595138490200043 0.10816994309425354 0.1806873381137848
v 0.35697776079177856 0.11385661363601685 0.19896820187568665
v 0.36854565143585205 0.11220258474349976 0.19972406327724457
v 0.3716568350791931 0.10568550229072571 0.1810028851032257
v 0.3473481237888336 0.10535609722137451 0.18172664940357208
v 0.34576287865638733 0.1099100112915039 0.19987860321998596
v 0.32923343777656555 0.05042806267738342 0.19960562884807587
v 0.33317625522613525 0.05779114365577698 0.21865226328372955
v 0.32842493057250977 0.06920096278190613 0.21351641416549683
v 0.32491207122802734 0.06259474158287048 0.19436943531036377
v 0.33579471707344055 0.1071479320526123 0.2196931689977646
v 0.3365117311477661 0.10258397459983826 0.20168057084083557
v 0.3304409086704254 0.09222531318664551 0.20458337664604187
v 0.33095791935920715 0.0973961353302002 0.22293199598789215
v 0.3536509871482849 0.035674840211868286 0.2049115151166916
v 0.3490274250507355 0.02657255530357361 0.18622654676437378
v 0.363781213760376 0.026796966791152954 0.18496935069561005
v 0.36735281348228455 0.03727582097053528 0.20340004563331604
v 0.31669455766677856 0.03243847191333771 0.12501361966133118
v 0.3145495355129242 0.032868027687072754 0.11501310765743256
v 0.3154618442058563 0.019482344388961792 0.11635439097881317
v 0.3191496729850769 0.01962970197200775 0.12783925235271454
v 0.36411434412002563 0.0975816547870636 0.14298519492149353
v 0.3618070185184479 0.1025974452495575 0.16187824308872223
v 0.3741998076438904 0.09870204329490662 0.16169473528862
v 0.3764466345310211 0.09145689010620117 0.1422332525253296
v 0.3273630738258362 0.07850238680839539 0.148540198802948
v 0.32770228385925293 0.07383847236633301 0.13014774024486542
v 0.3214694857597351 0.060145288705825806 0.1330220103263855
v 0.32155609130859375 0.06443551182746887 0.15149912238121033
v 0.3782864212989807 0.08324244618415833 0.12309752404689789
v 0.3668231964111328 0.09245726466178894 0.12398363649845123
v 0.32912200689315796 0.08759424090385437 0.1856302171945572
v 0.32764381170272827 0.08307570219039917 0.16716575622558594
v 0.3229529857635498 0.06978398561477661 0.1702771633863449
v 0.32538408041000366 0.07510840892791748 0.1894102692604065
v 0.3594611883163452 0.055979758501052856 0.24066905677318573
v 0.35716742277145386 0.04557293653488159 0.22309860587120056
v 0.3696765899658203 0.04788088798522949 0.22118788957595825
v 0.37094205617904663 0.05884319543838501 0.23872995376586914
v 0.3295495808124542 0.08679249882698059 0.22723059356212616
v 0.3277999758720398 0.08077096939086914 0.208484947681427
v 0.3314589858055115 0.07585367560386658 0.23225492238998413
v 0.3827107548713684 0.10244923830032349 0.22399522364139557
v 0.3863708972930908 0.09324225783348083 0.20530682802200317
v 0.37865394353866577 0.1047813892364502 0.20177462697029114
v 0.37517061829566956 0.11257722973823547 0.22023649513721466
v 0.32136547565460205 0.03828948736190796 0.159885972738266
v 0.324921190738678 0.044030338525772095 0.17960773408412933
v 0.3219040632247925 0.056704193353652954 0.17468951642513275
v 0.31933948397636414 0.05095812678337097 0.1553991734981537
v 0.3499564230442047 0.09682539105415344 0.14392107725143433
v 0.3486458361148834 0.10076656937599182 0.16280020773410797
v 0.3896142840385437 0.08313560485839844 0.18623802065849304
v 0.39188769459724426 0.0730384886264801 0.16660510003566742
v 0.3843621611595154 0.08782213926315308 0.16349069774150848
v 0.3816661834716797 0.09657242894172668 0.18258750438690186
v 0.39200469851493835 0.04574421048164368 0.1513320505619049
v 0.3924928307533264 0.05738425254821777 0.17098462581634521
v 0.3863396644592285 0.04361528158187866 0.17589153349399567
v 0.3841314911842346 0.031811028718948364 0.15644493699073792
v 0.32375726103782654 0.021895110607147217 0.14442995190620422
v 0.31906858086586 0.03428065776824951 0.14123013615608215
v 0.34326741099357605 0.018293797969818115 0.16635917127132416
v 0.3362475633621216 0.011218219995498657 0.1467871516942978
v 0.3522786498069763 0.007715672254562378 0.14539596438407898
v 0.35874611139297485 0.016903430223464966 0.1653246283531189
v 0.3425556719303131 0.08241748809814453 0.10224390029907227
v 0.3401094079017639 0.0837688148021698 0.11216345429420471
v 0.3549901247024536 0.08961713314056396 0.10916940867900848
v 0.35732316970825195 0.0865907371044159 0.09735655784606934
v 0.3697260916233063 0.08621157705783844 0.10690535604953766
v 0.3707873225212097 0.08093883097171783 0.09305572509765625
v 0.3726475238800049 0.0623852014541626 0.07102943956851959
v 0.37613803148269653 0.06316785514354706 0.07863417267799377
v 0.376224160194397 0.04723078012466431 0.0744040459394455
v 0.37161633372306824 0.04734744131565094 0.06659397482872009
v 0.38672471046447754 0.019590705633163452 0.11134393513202667
v 0.3903535008430481 0.03244107961654663 0.13138693571090698
v 0.38044798374176025 0.018890172243118286 0.13651210069656372
v 0.3746214509010315 0.006025969982147217 0.11586186289787292
v 0.3513038754463196 -0.007825464010238647 0.10441911220550537
v 0.36005210876464844 -7.289648056030273e-05 0.1208740770816803
v 0.3441544771194458 0.0004176497459411621 0.12605170905590057
v 0.33594727516174316 -0.0037247836589813232 0.11168122291564941
v 0.3081967830657959 0.011028815060853958 0.06935253739356995
v 0.3198440968990326 0.002982539124786854 0.07853260636329651
v 0.3097553551197052 0.00809884537011385 0.086754709482193
v 0.2997055947780609 0.016085386276245117 0.07856062054634094
v 0.3006770610809326 0.03097493201494217 0.10130611807107925
v 0.3034707307815552 0.044066399335861206 0.1054774597287178
v 0.29532355070114136 0.05135229974985123 0.10238835215568542
v 0.29194608330726624 0.03835931792855263 0.09610828012228012
v 0.3397224545478821 0.08991436660289764 0.08945386856794357
v 0.3435841500759125 0.08566409349441528 0.09088387340307236
v 0.3568291664123535 0.08557768166065216 0.080705426633358
v 0.3510245978832245 0.08826210349798203 0.07622531056404114
v 0.3817565441131592 0.00964587926864624 0.09412060678005219
v 0.36668020486831665 -0.005918607115745544 0.09651109576225281
v 0.30655431747436523 0.025969872251152992 0.10477432608604431
v 0.3113350570201874 0.021720848977565765 0.10908380150794983
v 0.3115512728691101 0.03525646775960922 0.10961185395717621
v 0.3080923855304718 0.03939851373434067 0.10744932293891907
v 0.3223472535610199 0.06384745240211487 0.10524719208478928
v 0.3235393464565277 0.06011437624692917 0.10633277893066406
v 0.3325965702533722 0.07203900814056396 0.10199007391929626
v 0.33228930830955505 0.07406911253929138 0.09982559084892273
v 0.3451400101184845 0.08305469900369644 0.09303407371044159
v 0.34473758935928345 0.0821571797132492 0.0964144766330719
v 0.3589174449443817 0.08506811410188675 0.08986714482307434
v 0.35886138677597046 0.0845324695110321 0.08478203415870667
v 0.37697190046310425 0.0062878429889678955 0.08319813013076782
v 0.36929851770401 0.005576387047767639 0.07483428716659546
v 0.3741791248321533 0.018826782703399658 0.07182374596595764
v 0.3814663290977478 0.0213547945022583 0.07956045866012573
v 0.3274267613887787 -0.0032193660736083984 0.10157966613769531
v 0.34068620204925537 -0.007319435477256775 0.09418852627277374
v 0.32398685812950134 0.057406798005104065 0.11037543416023254
v 0.3162505626678467 0.048358432948589325 0.10903598368167877
v 0.31739625334739685 0.045570507645606995 0.11271627247333527
v 0.3705434203147888 0.07792295515537262 0.08385398983955383
v 0.3176112473011017 0.009844157844781876 0.061772823333740234
v 0.3022668957710266 0.01932203769683838 0.05242697894573212
v 0.31234776973724365 0.02176622301340103 0.04494057595729828
v 0.3272682726383209 0.012264829128980637 0.05471378564834595
v 0.2929427921772003 0.02135680615901947 0.06146994233131409
v 0.2855241298675537 0.027865014970302582 0.07081541419029236
v 0.28339436650276184 0.06301259994506836 0.0972101166844368
v 0.28008389472961426 0.0503406897187233 0.09055563062429428
v 0.2906801998615265 0.07598267495632172 0.10107315331697464
v 0.3028687834739685 0.064094677567482 0.10572567582130432
v 0.31250590085983276 0.07542455196380615 0.10566312819719315
v 0.3004383146762848 0.08791103959083557 0.10093285143375397
v 0.3266757130622864 0.10103671252727509 0.08288712799549103
v 0.3374289870262146 0.09814126789569855 0.06905128061771393
v 0.357372522354126 0.07909665256738663 0.06560087203979492
v 0.3438466191291809 0.08845266699790955 0.05730940401554108
v 0.3032067120075226 0.01835833489894867 0.09501387178897858
v 0.31047865748405457 0.012627627700567245 0.10058073699474335
v 0.39207783341407776 0.06811913847923279 0.19058439135551453
v 0.38960760831832886 0.07936549186706543 0.20964908599853516
v 0.38652125000953674 0.06599980592727661 0.2136014997959137
v 0.38723233342170715 0.054627835750579834 0.19490694999694824
v 0.3798051178455353 0.05516883730888367 0.21754468977451324
v 0.3794918954372406 0.06655645370483398 0.23526979982852936
v 0.3370000720024109 0.09405457973480225 0.16492430865764618
v 0.33667245507240295 0.0982479453086853 0.18336783349514008
v 0.34369730949401855 0.11499786376953125 0.21734130382537842
v 0.3312094807624817 0.07053865492343903 0.10698816180229187
v 0.3293902277946472 0.07083894312381744 0.11589080095291138
v 0.3693760633468628 0.03349592536687851 0.06460395455360413
v 0.36262625455856323 0.036218155175447464 0.05725836753845215
v 0.36581382155418396 0.049703046679496765 0.05948370695114136
v 0.38714101910591125 0.028246045112609863 0.09029297530651093
v 0.38146474957466125 0.0471867173910141 0.08470013737678528
v 0.38536471128463745 0.05794993042945862 0.1038285493850708
v 0.3910062313079834 0.03906640410423279 0.10593073070049286
v 0.35961395502090454 0.007283445447683334 0.06734599173069
v 0.34933504462242126 0.011946473270654678 0.05916765332221985
v 0.3571765720844269 0.02327757515013218 0.05648045241832733
v 0.3662514090538025 0.019670754671096802 0.06443162262439728
v 0.3252681791782379 0.08429715782403946 0.10015833377838135
v 0.33012014627456665 0.07807645946741104 0.09974010288715363
v 0.34600627422332764 0.06298881769180298 0.04048986732959747
v 0.34745946526527405 0.07521005719900131 0.04827803373336792
v 0.3595500886440277 0.06701525300741196 0.05764615535736084
v 0.3578874468803406 0.05477101728320122 0.051557764410972595
v 0.36734312772750854 0.06348654627799988 0.06451070308685303
v 0.3404722213745117 0.05053708329796791 0.03650984168052673
v 0.35373008251190186 0.04193806275725365 0.04785345494747162
v 0.3130367398262024 0.09724152833223343 0.09506687521934509
v 0.33731645345687866 0.019226539880037308 0.04948270320892334
v 0.3226645886898041 0.02882395312190056 0.03879547119140625
v 0.3326050639152527 0.039115190505981445 0.0360531359910965
v 0.3464147746562958 0.029794765636324883 0.04716011881828308
v 0.37877821922302246 0.04411962628364563 0.19937007129192352
v 0.37630683183670044 0.03335195779800415 0.18063019216060638
v 0.3229665756225586 0.00581909716129303 0.11613345146179199
v 0.32891646027565 0.006716713309288025 0.12915340065956116
v 0.3172016143798828 0.007914945483207703 0.1071501225233078
v 0.3395102620124817 0.04032313823699951 0.20354461669921875
v 0.343706339597702 0.04892456531524658 0.22231464087963104
v 0.3292368948459625 0.026056736707687378 0.16440705955028534
v 0.33450019359588623 0.032837897539138794 0.18409734964370728
v 0.3929237723350525 0.06221321225166321 0.14654462039470673
v 0.341097354888916 -0.0038274377584457397 0.07997295260429382
v 0.3520858585834503 -0.007783085107803345 0.08659271895885468
v 0.3303457498550415 -0.0035818926990032196 0.08660684525966644
v 0.28047701716423035 0.03868710994720459 0.08098241686820984
v 0.2938448190689087 0.026035115122795105 0.0879640057682991
v 0.36866965889930725 -0.003144294023513794 0.0844014585018158
v 0.2635346055030823 0.054404303431510925 0.07198740541934967
v 0.3786048889160156 0.06629073619842529 0.08893531560897827
v 0.36471062898635864 0.07660792768001556 0.07190729677677155
v 0.36863499879837036 0.07643839716911316 0.0773991048336029
v 0.36529332399368286 0.11888185143470764 0.21760252118110657
v 0.33707061409950256 0.09000861644744873 0.14617064595222473
v 0.32345640659332275 0.05664065480232239 0.11881159245967865
v 0.3183865547180176 0.04485616087913513 0.12187150120735168
v 0.33038055896759033 0.002030237577855587 0.07177244126796722
v 0.339861661195755 0.004152131266891956 0.06509891152381897
v 0.35057806968688965 -0.0009437277913093567 0.07357828319072723
v 0.3100093901157379 0.05708063393831253 0.10735481977462769
v 0.3190646469593048 0.06833670288324356 0.10629789531230927
v 0.3472582697868347 0.05823606252670288 0.24010337889194489
v 0.314064085483551 0.052145589143037796 0.10767936706542969
v 0.379178524017334 0.07380160689353943 0.10502341389656067
v 0.019732344895601273 0.20819497108459473 -0.09657350927591324
v -0.00031621288508176804 0.1938609927892685 -0.09323982894420624
v 5.890801548957825e-05 0.20653952658176422 -0.09177614748477936
v 0.17196187376976013 0.044136639684438705 0.039896901696920395
v 0.13770535588264465 0.01812533661723137 0.08928399533033371
v 0.15130293369293213 0.02023511566221714 0.07334965467453003
v 0.17551608383655548 0.11883783340454102 0.012484489940106869
v 0.17637741565704346 0.10744353383779526 0.015569405630230904
v 0.186078280210495 0.14243724942207336 0.006989516317844391
v 0.18223096430301666 0.14054208993911743 0.007526326924562454
v 0.17435601353645325 0.08646285533905029 0.04529603570699692
v 0.08978026360273361 0.44612449407577515 -0.03286144137382507
v 0.0881192684173584 0.4388919174671173 -0.034871529787778854
v 0.0923554077744484 0.45954352617263794 -0.035347871482372284
v 0.010745293460786343 -0.13278071582317352 0.15659523010253906
v -0.0021560704335570335 -0.1541651338338852 0.1558009833097458
v -0.0019127926789224148 -0.1642603725194931 0.1579999327659607
v 0.09087679535150528 0.4298008382320404 -0.014057297259569168
v 0.08814382553100586 0.4242822527885437 -0.01896962895989418
v 0.0919295996427536 0.42697370052337646 -0.016088012605905533
v 0.09107781946659088 0.43175747990608215 -0.012289341539144516
v 0.09067703783512115 0.4308152496814728 -0.012414075434207916
v 0.09429797530174255 0.46314433217048645 -0.024553634226322174
v 0.08521563559770584 0.4311058521270752 -0.03412167727947235
v 0.08213286846876144 0.42242106795310974 -0.0314895324409008
v 0.09284782409667969 0.44943976402282715 -0.017011966556310654
v 0.048958826810121536 -0.12897831201553345 -0.07681842893362045
v 0.053845830261707306 -0.14914187788963318 -0.08309555798768997
v 0.028233304619789124 -0.14887413382530212 -0.08397737145423889
v 0.024686627089977264 -0.12868952751159668 -0.07615356892347336
v 0.001200070371851325 -0.16445942223072052 -0.09178352355957031
v 0.0001024635712383315 -0.14607158303260803 -0.08354727923870087
v 0.03236626833677292 -0.16796231269836426 -0.09335561841726303
v 0.14658334851264954 -0.20280712842941284 -0.0634092167019844
v 0.14275488257408142 -0.1810280680656433 -0.0588517040014267
v 0.15816082060337067 -0.1796209216117859 -0.03622552007436752
v 0.16267456114292145 -0.20115235447883606 -0.03859337046742439
v 0.16272146999835968 -0.16294986009597778 -0.008535975590348244
v 0.16885876655578613 -0.1796063780784607 -0.009442424401640892
v 0.15231412649154663 -0.16156893968582153 -0.03358161821961403
v 0.16678878664970398 -0.16628208756446838 0.01921815238893032
v 0.17161540687084198 -0.18375839293003082 0.01821937970817089
v 0.1639111191034317 -0.17146918177604675 0.04617859423160553
v 0.16835930943489075 -0.19019447267055511 0.045277372002601624
v 0.15878541767597198 -0.19843079149723053 0.0696888417005539
v 0.14249609410762787 -0.20733189582824707 0.09071966260671616
v 0.12248760461807251 -0.24122466146945953 0.10751856863498688
v 0.12063661962747574 -0.21719273924827576 0.10778326541185379
v 0.09799603372812271 -0.22667521238327026 0.12181048840284348
v 0.07414671033620834 -0.23460906744003296 0.13240721821784973
v 0.052576564252376556 -0.23900681734085083 0.14033637940883636
v 0.03304709494113922 -0.24134376645088196 0.144440159201622
v 0.01549205370247364 -0.24332068860530853 0.14595936238765717
v -0.00043773927609436214 -0.2450634390115738 0.14478112757205963
v -0.00048585841432213783 -0.2684780955314636 0.13823866844177246
v 0.12239734828472137 0.23301997780799866 0.04609720781445503
v 0.10293720662593842 0.2827761471271515 -0.06712054461240768
v 0.1261497437953949 0.2840065360069275 -0.04586518555879593
v 0.11653779447078705 0.2777814269065857 -0.06773319840431213
v 0.13599450886249542 0.21967105567455292 -0.09907728433609009
v 0.11368798464536667 0.2159590870141983 -0.10924004018306732
v 0.11737682670354843 0.2321585863828659 -0.10255933552980423
v 0.14149345457553864 0.23819762468338013 -0.08899656683206558
v 0.09045998752117157 0.2725284695625305 -0.08001363277435303
v 0.08169642090797424 0.2756744623184204 -0.07723569124937057
v 0.10094786435365677 0.2670954167842865 -0.08388172090053558
v 0.0818774476647377 0.2574020028114319 -0.09280279278755188
v 0.06180126219987869 0.2512625753879547 -0.09524039924144745
v 0.17509442567825317 0.26578912138938904 -0.03308067470788956
v 0.18984580039978027 0.2607565224170685 -0.02650144137442112
v 0.18640710413455963 0.24911154806613922 -0.047217030078172684
v 0.17427119612693787 0.2530837953090668 -0.05463264882564545
v 0.16462703049182892 0.20439960062503815 -0.0845160037279129
v 0.17758065462112427 0.20313464105129242 -0.07667253166437149
v 0.17386475205421448 0.18863987922668457 -0.08055835962295532
v 0.15997697412967682 0.18889644742012024 -0.08835675567388535
v 0.2292981743812561 0.2342434674501419 -0.004492498934268951
v 0.24047596752643585 0.22216035425662994 0.003116641193628311
v 0.23909424245357513 0.2173764705657959 -0.01837385818362236
v 0.2273585945367813 0.22895488142967224 -0.02563769370317459
v 0.1802530437707901 0.21865308284759521 -0.07059668749570847
v 0.08860040456056595 0.10513253509998322 -0.11098624020814896
v 0.10903593897819519 0.11194662004709244 -0.10830545425415039
v 0.12719714641571045 0.11987855285406113 -0.10326093435287476
v 0.1677953004837036 0.13973435759544373 -0.07801134884357452
v 0.16019317507743835 0.1247730627655983 -0.08114746958017349
v 0.15731152892112732 0.13580064475536346 -0.08534493297338486
v 0.17791752517223358 0.14169946312904358 -0.07043538987636566
v 0.185674250125885 0.14080889523029327 -0.06379269063472748
v 0.200433611869812 0.20759502053260803 0.04877309501171112
v 0.19215109944343567 0.1888371855020523 0.05392531305551529
v 0.19629061222076416 0.18231861293315887 0.05138428509235382
v 0.2011370211839676 0.13148897886276245 -0.047237273305654526
v 0.1997736394405365 0.12730571627616882 -0.044241514056921005
v 0.19218815863132477 0.13023176789283752 -0.04960254952311516
v 0.19323769211769104 0.13426473736763 -0.05252428352832794
v 0.16067861020565033 0.270277738571167 -0.039384905248880386
v 0.23582366108894348 0.2075430452823639 -0.0343797542154789
v 0.2313193529844284 0.19495999813079834 -0.04399706795811653
v 0.21891522407531738 0.20349034667015076 -0.050544578582048416
v 0.2228020876646042 0.21772657334804535 -0.04082981124520302
v 0.22623401880264282 0.18454912304878235 -0.051483530551195145
v 0.2211448848247528 0.1743987798690796 -0.055587414652109146
v 0.2100210189819336 0.17996539175510406 -0.061155036091804504
v 0.2142665684223175 0.191603422164917 -0.057692721486091614
v 0.20476314425468445 0.13660162687301636 -0.0491168349981308
v 0.19414019584655762 0.1406594216823578 -0.05591398850083351
v 0.23951134085655212 0.20975297689437866 0.028594933450222015
v 0.20101651549339294 0.2564074397087097 0.006104157771915197
v 0.18772903084754944 0.2640133500099182 -0.0007292693480849266
v 0.18058373034000397 0.25514692068099976 0.022615527734160423
v 0.1903771460056305 0.24701040983200073 0.027141669765114784
v 0.19354131817817688 0.1377510130405426 0.008407250046730042
v 0.1950390785932541 0.13072262704372406 -0.000832192599773407
v 0.19681113958358765 0.12329801917076111 -0.009960174560546875
v 0.1890496015548706 0.12489418685436249 -0.04123717546463013
v 0.19884102046489716 0.11769620329141617 -0.018199384212493896
v 0.19455991685390472 0.16180184483528137 0.04639020562171936
v 0.20339521765708923 0.173723503947258 0.05269123241305351
v 0.17254593968391418 0.23746950924396515 0.038734953850507736
v 0.18185482919216156 0.2292030155658722 0.0431271530687809
v 0.24959859251976013 0.21041521430015564 0.00875970721244812
v 0.24986132979393005 0.20500843226909637 -0.011656656861305237
v 0.21708521246910095 0.11594076454639435 -0.03479062020778656
v 0.20803949236869812 0.1212209016084671 -0.038186006247997284
v 0.21014024317264557 0.12545764446258545 -0.04142027348279953
v 0.1838597059249878 0.12290091067552567 -0.051311638206243515
v 0.19003981351852417 0.12615978717803955 -0.0458858422935009
v 0.2041480839252472 0.25456780195236206 -0.019551405683159828
v 0.24163015186786652 0.18515878915786743 -0.03766951709985733
v 0.24646273255348206 0.19589239358901978 -0.027227655053138733
v 0.2021108865737915 0.1970832347869873 -0.06309747695922852
v 0.18957771360874176 0.2008184790611267 -0.06967385858297348
v 0.19264240562915802 0.21559661626815796 -0.06321224570274353
v 0.2051403820514679 0.21033263206481934 -0.0569910928606987
v 0.22761785984039307 0.15514813363552094 -0.04925442487001419
v 0.23177652060985565 0.16618464887142181 -0.04868365824222565
v 0.18604519963264465 0.18655696511268616 -0.07369158416986465
v 0.19830182194709778 0.18367324769496918 -0.0673297643661499
v 0.21311619877815247 0.13024483621120453 -0.04425756633281708
v 0.16423693299293518 0.24350327253341675 0.03426003456115723
v 0.14915470778942108 0.22803983092308044 0.04567083716392517
v 0.15931589901447296 0.2257893979549408 0.04738222062587738
v 0.16762851178646088 0.2191605418920517 0.05034949257969856
v 0.17541545629501343 0.21023650467395782 0.05251568928360939
v 0.1835688203573227 0.19876094162464142 0.054152123630046844
v 0.1373341977596283 0.23089909553527832 0.04471542686223984
v 0.3603922128677368 -0.003802679479122162 0.07873751223087311
v 0.21584932506084442 0.11052727699279785 -0.030860282480716705
v 0.22758749127388 0.11057334393262863 -0.03063736855983734
v 0.2279004156589508 0.10402101278305054 -0.02692389488220215
v 0.28244081139564514 0.09218741208314896 -0.0032590925693511963
v 0.022169897332787514 0.39287319779396057 0.10870320349931717
v 0.021989431232213974 0.3867833912372589 0.10677417367696762
v 0.02153707854449749 0.41730549931526184 0.10646961629390717
v 0.021702982485294342 0.41368046402931213 0.1076616495847702
v 0.37561675906181335 0.03300270438194275 0.07134468853473663
v 0.38076549768447876 0.03329665958881378 0.07828007638454437
v 0.3930225670337677 0.05079337954521179 0.12640994787216187
v 0.3867940604686737 0.06861937046051025 0.12382547557353973
v 0.38608935475349426 0.07838132977485657 0.1437690258026123
v 0.35243910551071167 0.09294149279594421 0.1257319450378418
v 0.3382553458213806 0.08612003922462463 0.12780892848968506
v 0.3186122179031372 0.04661819338798523 0.13744376599788666
v 0.36760300397872925 0.010588496923446655 0.14165909588336945
v 0.3471846282482147 0.13199692964553833 0.25100332498550415
v 0.343460351228714 0.13855046033859253 0.26812586188316345
v 0.3541176915168762 0.1405918002128601 0.2685829997062683
v 0.35809266567230225 0.13286063075065613 0.2518754005432129
v 0.33977264165878296 0.14481812715530396 0.2840610146522522
v 0.3357299268245697 0.1321997344493866 0.27006739377975464
v 0.3329647481441498 0.13766783475875854 0.28629299998283386
v 0.33160269260406494 0.12388601899147034 0.27319949865341187
v 0.32995525002479553 0.1295071840286255 0.2897500693798065
v 0.33032330870628357 0.12085047364234924 0.29394179582595825
v 0.33071842789649963 0.11459910869598389 0.2773001790046692
v 0.33309924602508545 0.10641705989837646 0.2814919054508209
v 0.33367323875427246 0.11342063546180725 0.2982056736946106
v 0.3362721800804138 0.09094163775444031 0.2678752541542053
v 0.34262338280677795 0.08345437049865723 0.2716296315193176
v 0.3444156348705292 0.09349414706230164 0.2887466549873352
v 0.33781158924102783 0.09936073422431946 0.28554999828338623
v 0.3624083995819092 0.10045143961906433 0.30715736746788025
v 0.3624767065048218 0.08918553590774536 0.2914750576019287
v 0.3706361651420593 0.09375306963920593 0.28943532705307007
v 0.36950987577438354 0.10419413447380066 0.305324524641037
v 0.3806983232498169 0.10009858012199402 0.2663699984550476
v 0.37924203276634216 0.11079144477844238 0.283050537109375
v 0.37617194652557373 0.10139966011047363 0.2863267660140991
v 0.37738126516342163 0.09000471234321594 0.26970723271369934
v 0.3790372312068939 0.12053674459457397 0.2984747886657715
v 0.3776898980140686 0.12039196491241455 0.279272198677063
v 0.3768499493598938 0.13001036643981934 0.2939995527267456
v 0.3408726453781128 0.12070351839065552 0.23486046493053436
v 0.3508588373661041 0.12568479776382446 0.23375755548477173
v 0.35417622327804565 0.11917215585708618 0.21671798825263977
v 0.3307289779186249 0.1085023283958435 0.2591947913169861
v 0.3326455056667328 0.11804157495498657 0.2551736831665039
v 0.3341822624206543 0.11252763867378235 0.2374761402606964
v 0.33077073097229004 0.1027458906173706 0.2410232424736023
v 0.33711984753608704 0.06534892320632935 0.23706388473510742
v 0.3402913212776184 0.0740894079208374 0.25463131070137024
v 0.3341546952724457 0.08303573727607727 0.25012049078941345
v 0.33208000659942627 0.09936416149139404 0.2635498046875
v 0.3310419023036957 0.09281927347183228 0.24547003209590912
v 0.3516562581062317 0.07848420739173889 0.2742179036140442
v 0.35310253500938416 0.08952388167381287 0.29104650020599365
v 0.367753803730011 0.12815582752227783 0.25497984886169434
v 0.36418387293815613 0.13647383451461792 0.2714250981807709
v 0.3719942271709442 0.12923958897590637 0.2754579186439514
v 0.37507164478302 0.12071526050567627 0.2587817311286926
v 0.34986811876296997 0.06816160678863525 0.25734907388687134
v 0.3713335394859314 0.12048768997192383 0.23787295818328857
v 0.3786914348602295 0.1118471622467041 0.24176625907421112
v 0.38008415699005127 0.11077144742012024 0.26262879371643066
v 0.38326171040534973 0.10078275203704834 0.24556691944599152
v 0.3616185784339905 0.14473876357078552 0.28595879673957825
v 0.3508055806159973 0.1480194628238678 0.28378933668136597
v 0.36184507608413696 0.12586134672164917 0.23482467234134674
v 0.36204472184181213 0.07775452733039856 0.27459532022476196
v 0.36092880368232727 0.06675088405609131 0.25774192810058594
v 0.37119534611701965 0.07040563225746155 0.25573718547821045
v 0.37114304304122925 0.08195433020591736 0.2728191018104553
v 0.3849436640739441 0.07753437757492065 0.23160871863365173
v 0.38268008828163147 0.08880484104156494 0.24929621815681458
v 0.3783325254917145 0.07833760976791382 0.25261640548706055
v 0.37530627846717834 0.1112375259399414 0.3022170662879944
v 0.386527419090271 0.08998680114746094 0.22792229056358337
v 0.3343246579170227 0.1618870198726654 0.36773115396499634
v 0.32644790410995483 0.16913500428199768 0.3694626986980438
v 0.32245969772338867 0.16294154524803162 0.36174410581588745
v 0.33112555742263794 0.1553906798362732 0.360042929649353
v 0.31068867444992065 0.14969539642333984 0.34576934576034546
v 0.304199755191803 0.16125771403312683 0.3482655882835388
v 0.3009890913963318 0.16316089034080505 0.3385196328163147
v 0.3065074384212494 0.15111026167869568 0.3348258137702942
v 0.32082611322402954 0.17742639780044556 0.3684164881706238
v 0.31608158349990845 0.17083293199539185 0.36168497800827026
v 0.3186752200126648 0.18387776613235474 0.36295086145401
v 0.32527345418930054 0.18360713124275208 0.37461256980895996
v 0.3268792927265167 0.18927708268165588 0.36995747685432434
v 0.33196398615837097 0.19419488310813904 0.3772823214530945
v 0.3398260176181793 0.19622838497161865 0.37293541431427
v 0.334306538105011 0.1906374990940094 0.3609015941619873
v 0.3581477105617523 0.18060028553009033 0.35802948474884033
v 0.35878849029541016 0.18785452842712402 0.37157517671585083
v 0.3666622042655945 0.18105369806289673 0.3717796206474304
v 0.3659053444862366 0.17408952116966248 0.3582930862903595
v 0.37698501348495483 0.16403290629386902 0.370525062084198
v 0.37603604793548584 0.1587294042110443 0.35802310705184937
v 0.3707660436630249 0.1666048765182495 0.35837095975875854
v 0.37168875336647034 0.1732470989227295 0.3719562292098999
v 0.34702402353286743 0.15211975574493408 0.36643195152282715
v 0.34210270643234253 0.15605086088180542 0.3659680485725403
v 0.3401866555213928 0.14948418736457825 0.3586099147796631
v 0.34575003385543823 0.1452658474445343 0.3586779832839966
v 0.31246256828308105 0.19158414006233215 0.3530859053134918
v 0.3115677833557129 0.18900832533836365 0.35682085156440735
v 0.32193589210510254 0.18806704878807068 0.3581414520740509
v 0.32273057103157043 0.18784770369529724 0.350792795419693
v 0.3487268090248108 0.12014403939247131 0.3451952338218689
v 0.34290045499801636 0.12389850616455078 0.34239766001701355
v 0.34098270535469055 0.12036818265914917 0.331971675157547
v 0.3474960923194885 0.11562955379486084 0.33422571420669556
v 0.3187313973903656 0.1346173882484436 0.3274003267288208
v 0.3195594251155853 0.1433512568473816 0.31630849838256836
v 0.32396313548088074 0.13772347569465637 0.3124115467071533
v 0.3261840343475342 0.12957531213760376 0.32453882694244385
v 0.31242886185646057 0.1413595974445343 0.33098024129867554
v 0.3092307448387146 0.15861093997955322 0.32562822103500366
v 0.3143894076347351 0.1497420370578766 0.32062339782714844
v 0.30361998081207275 0.16945311427116394 0.33132946491241455
v 0.35664647817611694 0.11175677180290222 0.3348695635795593
v 0.35934558510780334 0.11330139636993408 0.34342238306999207
v 0.34208250045776367 0.22002562880516052 0.42465740442276
v 0.34057581424713135 0.21640446782112122 0.41999900341033936
v 0.34412333369255066 0.21337410807609558 0.4222545623779297
v 0.34584954380989075 0.21737316250801086 0.4268186092376709
v 0.37619549036026 0.12014612555503845 0.33522123098373413
v 0.37289780378341675 0.11714458465576172 0.3302076458930969
v 0.377290278673172 0.12460383772850037 0.3265979588031769
v 0.3789655566215515 0.12854495644569397 0.33142250776290894
v 0.38007915019989014 0.12338799238204956 0.3429999351501465
v 0.3809775710105896 0.13344484567642212 0.3387080430984497
v 0.3480612337589264 0.22990179061889648 0.4176081418991089
v 0.3474617600440979 0.22610056400299072 0.4125058948993683
v 0.3432386815547943 0.2239685356616974 0.4144381284713745
v 0.3439478576183319 0.22750991582870483 0.41945549845695496
v 0.33518749475479126 0.1681874692440033 0.3756216764450073
v 0.3282920718193054 0.17538252472877502 0.3767908811569214
v 0.33489271998405457 0.1855388879776001 0.39496782422065735
v 0.33109742403030396 0.18884465098381042 0.3910996913909912
v 0.3293594717979431 0.18205592036247253 0.38413554430007935
v 0.33595091104507446 0.17535340785980225 0.3856543302536011
v 0.35173237323760986 0.16150087118148804 0.3842361867427826
v 0.34644830226898193 0.16753822565078735 0.3864911198616028
v 0.3453592360019684 0.16152235865592957 0.37626928091049194
v 0.3511343002319336 0.15555977821350098 0.3750206232070923
v 0.35881611704826355 0.14628905057907104 0.37634435296058655
v 0.3625822067260742 0.14190009236335754 0.37863367795944214
v 0.3643706440925598 0.1468401551246643 0.3857685625553131
v 0.36002421379089355 0.15204650163650513 0.38461488485336304
v 0.36011141538619995 0.16837602853775024 0.39995691180229187
v 0.3641219735145569 0.1646445393562317 0.3995862305164337
v 0.3680214285850525 0.17182737588882446 0.4058215320110321
v 0.36455821990966797 0.175384521484375 0.406657338142395
v 0.3708513379096985 0.11414912343025208 0.32515186071395874
v 0.3761851489543915 0.12112602591514587 0.32132554054260254
v 0.38638585805892944 0.1457647979259491 0.37037527561187744
v 0.38926613330841064 0.14872854948043823 0.3783949911594391
v 0.3894309401512146 0.1385156810283661 0.3804149031639099
v 0.38677966594696045 0.13542211055755615 0.3721838593482971
v 0.3780781328678131 0.13815808296203613 0.32886579632759094
v 0.3778075575828552 0.13429754972457886 0.3232426643371582
v 0.3534099757671356 0.2297731339931488 0.4175416827201843
v 0.35294869542121887 0.2259940505027771 0.41240715980529785
v 0.31071367859840393 0.17678317427635193 0.3287131190299988
v 0.3177262246608734 0.16579708456993103 0.32260894775390625
v 0.3235739469528198 0.1568576693534851 0.3172111213207245
v 0.32754647731781006 0.15086641907691956 0.31239569187164307
v 0.32939213514328003 0.1471634805202484 0.3067876100540161
v 0.3412107229232788 0.17608070373535156 0.3924030661582947
v 0.3414074778556824 0.16161486506462097 0.37210434675216675
v 0.35035252571105957 0.14881622791290283 0.366544634103775
v 0.36860376596450806 0.12673044204711914 0.37305790185928345
v 0.3635542392730713 0.13256528973579407 0.37326303124427795
v 0.3601533770561218 0.12910473346710205 0.36696353554725647
v 0.3677244782447815 0.12195813655853271 0.3664504289627075
v 0.3826153874397278 0.12891995906829834 0.3756016790866852
v 0.38493257761001587 0.13271620869636536 0.38355177640914917
v 0.378558874130249 0.13297128677368164 0.3861061632633209
v 0.37637925148010254 0.12861764430999756 0.37909573316574097
v 0.3118448853492737 0.1949360966682434 0.3478173315525055
v 0.31997424364089966 0.18823039531707764 0.3429500460624695
v 0.3695072531700134 0.11384811997413635 0.34045106172561646
v 0.3659631609916687 0.11195489764213562 0.3340787887573242
v 0.3633268475532532 0.11087974905967712 0.32714909315109253
v 0.3446059823036194 0.13384303450584412 0.35081666707992554
v 0.3412103056907654 0.13681459426879883 0.3506583273410797
v 0.33345067501068115 0.12874585390090942 0.3404616117477417
v 0.33896809816360474 0.1261157989501953 0.34088289737701416
v 0.3255077600479126 0.1467646062374115 0.35352882742881775
v 0.31689101457595825 0.15548479557037354 0.3552364110946655
v 0.31870996952056885 0.1395438313484192 0.34376534819602966
v 0.33472922444343567 0.12389877438545227 0.32912272214889526
v 0.33403679728507996 0.12279704213142395 0.3198970556259155
v 0.3407111167907715 0.11844366788864136 0.3234131932258606
v 0.34773123264312744 0.11369842290878296 0.32621103525161743
v 0.3556835651397705 0.11056461930274963 0.3277144730091095
v 0.3338935673236847 0.11929512023925781 0.3110784888267517
v 0.3399859070777893 0.11432209610939026 0.3148368000984192
v 0.3474917411804199 0.10992464423179626 0.31791818141937256
v 0.35538727045059204 0.10750976204872131 0.3195890188217163
v 0.3786153197288513 0.12669119238853455 0.30914565920829773
v 0.3778191804885864 0.1304829716682434 0.316888689994812
v 0.3759078085422516 0.11721783876419067 0.3141102194786072
v 0.3272203207015991 0.13451877236366272 0.30275511741638184
v 0.32946640253067017 0.12613987922668457 0.30727604031562805
v 0.3283922076225281 0.12926122546195984 0.31581997871398926
v 0.33091679215431213 0.143230140209198 0.29940974712371826
v 0.2997978925704956 0.17100834846496582 0.3489571511745453
v 0.3060321807861328 0.17327329516410828 0.3549775779247284
v 0.3018130660057068 0.1799868941307068 0.35579508543014526
v 0.29628506302833557 0.17900583148002625 0.35090136528015137
v 0.32854461669921875 0.18898242712020874 0.3807638883590698
v 0.33138778805732727 0.19428345561027527 0.3880298435688019
v 0.33520403504371643 0.19918188452720642 0.38492104411125183
v 0.3630324602127075 0.11548832058906555 0.35172000527381897
v 0.35397106409072876 0.1220877468585968 0.35317283868789673
v 0.34048616886138916 0.18456494808197021 0.3990570604801178
v 0.3466480076313019 0.22128704190254211 0.4067075848579407
v 0.3445829451084137 0.21308907866477966 0.3972436189651489
v 0.3395542800426483 0.21027588844299316 0.39915087819099426
v 0.342054158449173 0.21927595138549805 0.40873056650161743
v 0.34814733266830444 0.19175130128860474 0.4054533839225769
v 0.35009765625 0.19917568564414978 0.4094133675098419
v 0.34415268898010254 0.19757425785064697 0.40889379382133484
v 0.3421243727207184 0.19117480516433716 0.40353304147720337
v 0.36828550696372986 0.15926063060760498 0.39947378635406494
v 0.37138068675994873 0.16514170169830322 0.4044956862926483
v 0.35868585109710693 0.1937555968761444 0.3854678273200989
v 0.3502369523048401 0.19366559386253357 0.37046417593955994
v 0.3513718843460083 0.19999772310256958 0.3811885714530945
v 0.3563523292541504 0.1566200852394104 0.383960485458374
v 0.3617025315761566 0.15812811255455017 0.39249128103256226
v 0.3578193485736847 0.162122905254364 0.3923361897468567
v 0.34455767273902893 0.17754152417182922 0.39618632197380066
v 0.34770554304122925 0.17261949181556702 0.3937312066555023
v 0.34917211532592773 0.17897331714630127 0.39987850189208984
v 0.34526222944259644 0.18355578184127808 0.4010695517063141
v 0.3790132999420166 0.12294626235961914 0.36652466654777527
v 0.3849354386329651 0.1315816044807434 0.3617638349533081
v 0.34062460064888 0.22026243805885315 0.4171297252178192
v 0.3418191075325012 0.22386491298675537 0.421920508146286
v 0.3695904612541199 0.1107265055179596 0.31772369146347046
v 0.36276495456695557 0.10750848054885864 0.31960529088974
v 0.3551618456840515 0.15094059705734253 0.37504705786705017
v 0.3481661379337311 0.18600893020629883 0.35864439606666565
v 0.3534529507160187 0.14479821920394897 0.36681658029556274
v 0.38297611474990845 0.16382482647895813 0.38975948095321655
v 0.3851551115512848 0.16808095574378967 0.39574432373046875
v 0.38284802436828613 0.1634252667427063 0.3993460237979889
v 0.38225090503692627 0.1579347848892212 0.39341628551483154
v 0.3530895411968231 0.20874249935150146 0.41669172048568726
v 0.35503122210502625 0.2146088182926178 0.421318382024765
v 0.34978601336479187 0.21291670203208923 0.422872394323349
v 0.3473826050758362 0.2071692943572998 0.4175916314125061
v 0.3373076021671295 0.1919344663619995 0.4005117118358612
v 0.3391643762588501 0.19840899109840393 0.4068039059638977
v 0.33616968989372253 0.2014387845993042 0.4040338397026062
v 0.33371642231941223 0.19454067945480347 0.39711320400238037
v 0.334286630153656 0.1992778778076172 0.39442259073257446
v 0.33683452010154724 0.20595413446426392 0.4014229476451874
v 0.35723334550857544 0.21291330456733704 0.41341185569763184
v 0.3547609746456146 0.20390167832374573 0.4063941538333893
v 0.3549976944923401 0.2088361382484436 0.40058788657188416
v 0.356661856174469 0.2178780436515808 0.4091159701347351
v 0.3753761053085327 0.15375640988349915 0.3455694317817688
v 0.3810995817184448 0.15015289187431335 0.35878366231918335
v 0.37980175018310547 0.14580556750297546 0.3468877077102661
v 0.3795613646507263 0.16924050450325012 0.3813689053058624
v 0.3827408254146576 0.15802660584449768 0.3815363347530365
v 0.38213032484054565 0.15473249554634094 0.3703073263168335
v 0.38453441858291626 0.14198878407478333 0.3596603572368622
v 0.3572242259979248 0.19257280230522156 0.40000292658805847
v 0.36119043827056885 0.19414815306663513 0.39581790566444397
v 0.3550119400024414 0.19954991340637207 0.39465561509132385
v 0.35715702176094055 0.13848954439163208 0.3686235547065735
v 0.33914098143577576 0.215395987033844 0.41123077273368835
v 0.3469192385673523 0.16074520349502563 0.3118545413017273
v 0.3456767201423645 0.1644153892993927 0.3191694915294647
v 0.35989895462989807 0.16241925954818726 0.32220786809921265
v 0.35914480686187744 0.15891578793525696 0.3136981129646301
v 0.3419010043144226 0.2080613672733307 0.41634783148765564
v 0.33861273527145386 0.21115216612815857 0.41430774331092834
v 0.37397217750549316 0.1555488109588623 0.39994871616363525
v 0.3801223039627075 0.15512609481811523 0.40000447630882263
v 0.3804129958152771 0.1603946089744568 0.4031224846839905
v 0.3757738471031189 0.16155704855918884 0.40372344851493835
v 0.38293373584747314 0.13794046640396118 0.34838682413101196
v 0.3916483223438263 0.1498889923095703 0.3836265206336975
v 0.3917483985424042 0.1407110095024109 0.3870549201965332
v 0.3789364695549011 0.14185014367103577 0.3363887667655945
v 0.3740779757499695 0.14710837602615356 0.32608798146247864
v 0.3746625483036041 0.1498098075389862 0.33445459604263306
v 0.3728722929954529 0.179794579744339 0.3859354555606842
v 0.37076061964035034 0.16084548830986023 0.34527885913848877
v 0.3701166808605194 0.1565515100955963 0.33355098962783813
v 0.36896997690200806 0.15441474318504333 0.3236924409866333
v 0.36843255162239075 0.152125746011734 0.3162921369075775
v 0.37390193343162537 0.1442650854587555 0.3196321129798889
v 0.35215118527412415 0.2210516631603241 0.4066186249256134
v 0.35759472846984863 0.2230566442012787 0.4145580530166626
v 0.37543410062789917 0.13626933097839355 0.3041272759437561
v 0.3741603493690491 0.1405121386051178 0.31235289573669434
v 0.3690298795700073 0.14403119683265686 0.2999005615711212
v 0.36849355697631836 0.14866191148757935 0.30864250659942627
v 0.3570786714553833 0.16834980249404907 0.33224228024482727
v 0.3644689917564392 0.16307833790779114 0.33285245299339294
v 0.3578204810619354 0.17406022548675537 0.34494680166244507
v 0.3655110001564026 0.16759344935417175 0.3450157046318054
v 0.36802440881729126 0.18797782063484192 0.38337522745132446
v 0.3598552644252777 0.2296934723854065 0.42871931195259094
v 0.3583360016345978 0.22610419988632202 0.4313995838165283
v 0.35658642649650574 0.21961987018585205 0.4257126450538635
v 0.35877981781959534 0.223727285861969 0.4228607714176178
v 0.3581355810165405 0.2185918688774109 0.41820985078811646
v 0.3580579161643982 0.22750964760780334 0.4193529486656189
v 0.3466014862060547 0.1790565550327301 0.34549131989479065
v 0.3520359694957733 0.18598178029060364 0.4049615263938904
v 0.34204262495040894 0.1714143455028534 0.33148008584976196
v 0.3296889662742615 0.18111851811408997 0.3379437029361725
v 0.3342188000679016 0.18556052446365356 0.3478579521179199
v 0.3282652497291565 0.17100393772125244 0.32367271184921265
v 0.33348941802978516 0.16301128268241882 0.31630897521972656
v 0.3370465636253357 0.15399110317230225 0.3049829602241516
v 0.3361385464668274 0.15731436014175415 0.3106619715690613
v 0.33761048316955566 0.15032947063446045 0.2968499958515167
v 0.32047784328460693 0.18035855889320374 0.33049607276916504
v 0.3484250009059906 0.22220635414123535 0.4325740933418274
v 0.344147652387619 0.22459250688552856 0.4310142993927002
v 0.34733033180236816 0.1575080156326294 0.3049319386482239
v 0.34838929772377014 0.15339308977127075 0.2958658039569855
v 0.3105580806732178 0.16508036851882935 0.3558056950569153
v 0.3508110046386719 0.13870880007743835 0.3591392934322357
v 0.35316622257232666 0.13357552886009216 0.3599751889705658
v 0.3572258949279785 0.12570813298225403 0.36038780212402344
v 0.36547374725341797 0.11834573745727539 0.35955092310905457
v 0.36023736000061035 0.15108299255371094 0.29670602083206177
v 0.33896422386169434 0.10771864652633667 0.30200791358947754
v 0.34635329246520996 0.10292109847068787 0.30514514446258545
v 0.37036609649658203 0.1380276381969452 0.2895283102989197
v 0.3433816730976105 0.22840988636016846 0.42841899394989014
v 0.37177765369415283 0.17814913392066956 0.4046250879764557
v 0.3702334761619568 0.17994168400764465 0.40614476799964905
v 0.2969866991043091 0.1721358597278595 0.34145820140838623
v 0.29401490092277527 0.18067491054534912 0.3451577425003052
v 0.30054759979248047 0.19307580590248108 0.3402807414531708
v 0.30483919382095337 0.1855468451976776 0.3340334892272949
v 0.2988594174385071 0.1782812476158142 0.33566299080848694
v 0.29568955302238464 0.18630272150039673 0.34135204553604126
v 0.3468235433101654 0.13141074776649475 0.3514925539493561
v 0.34989556670188904 0.1278705596923828 0.3526119291782379
v 0.3826847970485687 0.12783390283584595 0.3514818549156189
v 0.3768274188041687 0.11932438611984253 0.3563559055328369
v 0.33749595284461975 0.20384886860847473 0.39174264669418335
v 0.34322062134742737 0.20634201169013977 0.3896905481815338
v 0.3422965109348297 0.20190906524658203 0.38209205865859985
v 0.35098034143447876 0.2123032510280609 0.3968987464904785
v 0.3532179594039917 0.19660517573356628 0.4026428759098053
v 0.3543684482574463 0.19147929549217224 0.4039136469364166
v 0.33478081226348877 0.14104875922203064 0.3513653874397278
v 0.32672208547592163 0.1331477165222168 0.3414541780948639
v 0.3085317015647888 0.18369045853614807 0.3584374189376831
v 0.31185999512672424 0.17724615335464478 0.35935351252555847
v 0.3527074456214905 0.16694700717926025 0.3923562169075012
v 0.3730185627937317 0.18786510825157166 0.3956155776977539
v 0.3686871826648712 0.19312971830368042 0.3925488591194153
v 0.35448548197746277 0.17287078499794006 0.3992270231246948
v 0.3452249765396118 0.2322755753993988 0.42631256580352783
v 0.34920448064804077 0.23490473628044128 0.42439690232276917
v 0.35073864459991455 0.20533892512321472 0.38912004232406616
v 0.3661113977432251 0.15275084972381592 0.39302486181259155
v 0.372782438993454 0.18402808904647827 0.40138256549835205
v 0.37498557567596436 0.17935866117477417 0.3948367238044739
v 0.3867007791996002 0.13619670271873474 0.3890940546989441
v 0.35930442810058594 0.15554091334342957 0.3059019446372986
v 0.3515552580356598 0.21693968772888184 0.42727547883987427
v 0.35381823778152466 0.2223075032234192 0.4328688383102417
v 0.3587263822555542 0.2324891984462738 0.42572352290153503
v 0.3546270728111267 0.23448875546455383 0.4237867295742035
v 0.3735290467739105 0.1164831817150116 0.34750503301620483
v 0.3486608862876892 0.14195454120635986 0.3590536117553711
v 0.35436776280403137 0.10022395849227905 0.3068782687187195
v 0.31344377994537354 0.1891186237335205 0.33594051003456116
v 0.30734920501708984 0.19659817218780518 0.34233516454696655
v 0.35755324363708496 0.17895638942718506 0.4052266478538513
v 0.3862265348434448 0.1555478274822235 0.3868236541748047
v 0.37871038913726807 0.180527001619339 0.39712563157081604
v 0.38372528553009033 0.17585504055023193 0.39378443360328674
v 0.38162702322006226 0.17275184392929077 0.38861262798309326
v 0.3757469654083252 0.18050166964530945 0.4024578630924225
v 0.355861097574234 0.23916998505592346 0.42923399806022644
v 0.3597944974899292 0.23705607652664185 0.43095916509628296
v 0.35041433572769165 0.2397606074810028 0.42999932169914246
v 0.34661799669265747 0.2363763451576233 0.43153008818626404
v 0.3449964225292206 0.23227614164352417 0.4330263137817383
v 0.36083194613456726 0.2341681718826294 0.43367573618888855
v 0.3594173789024353 0.23069390654563904 0.43581753969192505
v 0.355126291513443 0.22658869624137878 0.43689340353012085
v 0.3619225323200226 0.23764461278915405 0.4381062388420105
v 0.36097097396850586 0.24140077829360962 0.4364026188850403
v 0.35189545154571533 0.24757114052772522 0.44123440980911255
v 0.3548448085784912 0.24898099899291992 0.4411102533340454
v 0.3545536398887634 0.24674296379089355 0.43802282214164734
v 0.3520234525203705 0.2447834610939026 0.43589600920677185
v 0.353221595287323 0.24986213445663452 0.44566914439201355
v 0.35612261295318604 0.2516365647315979 0.4450414478778839
v 0.3587076663970947 0.24842756986618042 0.44078874588012695
v 0.35744979977607727 0.24568384885787964 0.4372217655181885
v 0.36026525497436523 0.2513742744922638 0.4448401629924774
v 0.3630158007144928 0.24864661693572998 0.44559234380722046
v 0.36131906509399414 0.24585846066474915 0.4417628049850464
v 0.35991165041923523 0.24419057369232178 0.4383907616138458
v 0.3568401038646698 0.24328982830047607 0.43414106965065
v 0.35579031705856323 0.2516065537929535 0.44923901557922363
v 0.36041876673698425 0.2514820694923401 0.4510713815689087
v 0.36129432916641235 0.2532128393650055 0.4485296308994293
v 0.35741958022117615 0.25317180156707764 0.4477984607219696
v 0.34807536005973816 0.24046891927719116 0.436412513256073
v 0.34975117444992065 0.24421754479408264 0.4420393705368042
v 0.3517490327358246 0.2468111217021942 0.4468696117401123
v 0.3547605574131012 0.24846845865249634 0.4505251348018646
v 0.3490335941314697 0.2407934069633484 0.44403085112571716
v 0.35179615020751953 0.2438809871673584 0.4484369158744812
v 0.3546196222305298 0.24533411860466003 0.4511467516422272
v 0.3503374457359314 0.23779460787773132 0.4459073841571808
v 0.35329025983810425 0.24164313077926636 0.44966039061546326
v 0.3465121388435364 0.23608508706092834 0.43765783309936523
v 0.34736669063568115 0.2323610484600067 0.439341276884079
v 0.35509979724884033 0.24336645007133484 0.4511066973209381
v 0.35941147804260254 0.24842950701713562 0.4520990252494812
v 0.36288607120513916 0.2432517111301422 0.4421241283416748
v 0.3640509247779846 0.24587807059288025 0.446643203496933
v 0.3630639910697937 0.2406446933746338 0.44328877329826355
v 0.3638007640838623 0.24359586834907532 0.44776833057403564
v 0.36395835876464844 0.2507961094379425 0.4483150839805603
v 0.364101380109787 0.24880516529083252 0.4499818682670593
v 0.3457495868206024 0.2283959686756134 0.43488699197769165
v 0.35015642642974854 0.22607079148292542 0.4362708628177643
v 0.3514759838581085 0.23006939888000488 0.4404008984565735
v 0.35418814420700073 0.2354249358177185 0.44682759046554565
v 0.35645294189453125 0.23080256581306458 0.4406185746192932
v 0.36059311032295227 0.234465092420578 0.4400210976600647
v 0.36184996366500854 0.23835483193397522 0.44475847482681274
v 0.358767569065094 0.23577353358268738 0.4461427628993988
v 0.36229294538497925 0.24134421348571777 0.4488967955112457
v 0.3598027229309082 0.23982930183410645 0.449787437915802
v 0.35641351342201233 0.24001213908195496 0.4502858519554138
v 0.36140409111976624 0.24374109506607056 0.45136046409606934
v 0.36308425664901733 0.24609225988388062 0.45093661546707153
v 0.3583771586418152 0.24528846144676208 0.45207226276397705
v 0.3575427234172821 0.24278375506401062 0.45157408714294434
v 0.35977762937545776 0.2421715259552002 0.45129138231277466
v 0.3723132312297821 0.2076757848262787 0.4348050057888031
v 0.3690762519836426 0.2037082314491272 0.42876872420310974
v 0.37229979038238525 0.20048555731773376 0.4298498034477234
v 0.37603139877319336 0.20473384857177734 0.4358140528202057
v 0.37610697746276855 0.2167787253856659 0.4259169399738312
v 0.3740108609199524 0.21336984634399414 0.41999831795692444
v 0.3701748251914978 0.21068421006202698 0.42337357997894287
v 0.3724333345890045 0.21404507756233215 0.42952466011047363
v 0.38194313645362854 0.2155681550502777 0.4243392050266266
v 0.3799476623535156 0.21207213401794434 0.41845211386680603
v 0.37105271220207214 0.20889464020729065 0.41337886452674866
v 0.3657095432281494 0.20001724362373352 0.40365660190582275
v 0.3617189824581146 0.19710958003997803 0.4073397219181061
v 0.3672606647014618 0.20610582828521729 0.4169335961341858
v 0.3726820945739746 0.1855422556400299 0.41218724846839905
v 0.3672947883605957 0.18404456973075867 0.41270309686660767
v 0.3686973750591278 0.20718318223953247 0.42639678716659546
v 0.37125152349472046 0.21081620454788208 0.43268465995788574
v 0.37828874588012695 0.19459474086761475 0.4218185842037201
v 0.38230401277542114 0.20015966892242432 0.42805907130241394
v 0.37733694911003113 0.19921523332595825 0.42970168590545654
v 0.3731028735637665 0.1935429573059082 0.4233914911746979
v 0.3616655468940735 0.18607282638549805 0.4120594263076782
v 0.35777169466018677 0.19020849466323853 0.4116210639476776
v 0.3585772216320038 0.19418609142303467 0.41005030274391174
v 0.38198450207710266 0.1980568766593933 0.41861963272094727
v 0.37670642137527466 0.18993911147117615 0.40883031487464905
v 0.3767527639865875 0.19500434398651123 0.4041474163532257
v 0.38174760341644287 0.20300644636154175 0.414673775434494
v 0.36492735147476196 0.20252317190170288 0.4199664294719696
v 0.3677721917629242 0.1951967477798462 0.42308294773101807
v 0.36464059352874756 0.19870620965957642 0.42224738001823425
v 0.3771244287490845 0.20740121603012085 0.41202354431152344
v 0.38445988297462463 0.20764034986495972 0.42112821340560913
v 0.3903500735759735 0.21404466032981873 0.43753597140312195
v 0.38907867670059204 0.21115756034851074 0.4407285153865814
v 0.3855462372303009 0.20475974678993225 0.433643639087677
v 0.3875637352466583 0.20791101455688477 0.43058350682258606
v 0.38495275378227234 0.20330274105072021 0.4251112639904022
v 0.38636624813079834 0.21173936128616333 0.42675071954727173
v 0.38086995482444763 0.21082207560539246 0.44405850768089294
v 0.3765976130962372 0.21323949098587036 0.44305774569511414
v 0.3751671314239502 0.21620139479637146 0.4411519169807434
v 0.3724213242530823 0.1997387707233429 0.401274174451828
v 0.3760988712310791 0.2189827859401703 0.43799856305122375
v 0.37928104400634766 0.22167888283729553 0.43408769369125366
v 0.3810124397277832 0.20364150404930115 0.4355293810367584
v 0.3852722644805908 0.20963776111602783 0.44323796033859253
v 0.3891322612762451 0.21713799238204956 0.43416380882263184
v 0.38493144512176514 0.22051101922988892 0.4319246709346771
v 0.38772034645080566 0.22470903396606445 0.4388599693775177
v 0.39157387614250183 0.2215179204940796 0.4405122399330139
v 0.38234972953796387 0.2262001633644104 0.4406806528568268
v 0.37895599007606506 0.22317618131637573 0.44372323155403137
v 0.37799957394599915 0.2200290858745575 0.4460587799549103
v 0.3926922678947449 0.21892675757408142 0.44310513138771057
v 0.39151668548583984 0.21609565615653992 0.4456687271595001
v 0.3877578377723694 0.21392351388931274 0.44768795371055603
v 0.3952285647392273 0.2231806218624115 0.44856199622154236
v 0.39473122358322144 0.22640222311019897 0.4471445381641388
v 0.38983967900276184 0.23636490106582642 0.45768842101097107
v 0.3926244378089905 0.237687885761261 0.45636576414108276
v 0.39043939113616943 0.2347142994403839 0.45241108536720276
v 0.3873903155326843 0.23394417762756348 0.452804833650589
v 0.38957977294921875 0.2326776087284088 0.44926774501800537
v 0.3861517310142517 0.23110076785087585 0.4472149908542633
v 0.39422112703323364 0.23318389058113098 0.4524291455745697
v 0.3922785520553589 0.23115947842597961 0.4485292136669159
v 0.3970234990119934 0.23749133944511414 0.4557035267353058
v 0.39933592081069946 0.23461386561393738 0.456205815076828
v 0.3962227702140808 0.23119491338729858 0.4520323872566223
v 0.39449015259742737 0.22927933931350708 0.4492361545562744
v 0.39334362745285034 0.23863357305526733 0.4614197015762329
v 0.39458924531936646 0.23987779021263123 0.45940229296684265
v 0.3907078504562378 0.22883540391921997 0.4448332190513611
v 0.3819647431373596 0.2270638644695282 0.4484432637691498
v 0.3849100172519684 0.23106297850608826 0.45429152250289917
v 0.38835006952285767 0.23418638110160828 0.45956695079803467
v 0.3921964466571808 0.23611372709274292 0.4630244970321655
v 0.3837504982948303 0.22759518027305603 0.4563804566860199
v 0.3877063989639282 0.23138943314552307 0.4610561728477478
v 0.39160850644111633 0.23302316665649414 0.4634503424167633
v 0.3852030038833618 0.2242361307144165 0.457903653383255
v 0.3892057240009308 0.22856205701828003 0.46197572350502014
v 0.3805113434791565 0.22315257787704468 0.4504375755786896
v 0.3816533088684082 0.21974468231201172 0.4516575336456299
v 0.39174574613571167 0.23081552982330322 0.4632909595966339
v 0.3968277871608734 0.2360754907131195 0.4637483060359955
v 0.3982260227203369 0.23894953727722168 0.46248871088027954
v 0.39909791946411133 0.24071049690246582 0.45956045389175415
v 0.3969535529613495 0.22899386286735535 0.45279479026794434
v 0.39932912588119507 0.2325071096420288 0.45768070220947266
v 0.3977338671684265 0.22705784440040588 0.454007625579834
v 0.3994981348514557 0.23074603080749512 0.45883113145828247
v 0.4011865258216858 0.23735594749450684 0.45919930934906006
v 0.4007719159126282 0.2359408438205719 0.4609765410423279
v 0.37950706481933594 0.21692699193954468 0.4477023482322693
v 0.38319775462150574 0.21456119418144226 0.44836029410362244
v 0.38524454832077026 0.217349112033844 0.45221954584121704
v 0.38912564516067505 0.22193285822868347 0.4581287205219269
v 0.3900437355041504 0.21719086170196533 0.4515002369880676
v 0.3940203785896301 0.22011679410934448 0.4501294493675232
v 0.3965943157672882 0.22452756762504578 0.4552166759967804
v 0.39358335733413696 0.22216162085533142 0.45671164989471436
v 0.39817914366722107 0.2286354899406433 0.45961517095565796
v 0.3958972692489624 0.22673830389976501 0.46062642335891724
v 0.3924417793750763 0.22656837105751038 0.4618564546108246
v 0.39818885922431946 0.23140913248062134 0.4624454379081726
v 0.39976686239242554 0.23378509283065796 0.46218013763427734
v 0.39560118317604065 0.2329615354537964 0.46390289068222046
v 0.3942500948905945 0.23005494475364685 0.46332603693008423
v 0.3964962065219879 0.22939613461494446 0.4623629152774811
v 0.388292133808136 0.18703565001487732 0.4283789396286011
v 0.385162353515625 0.1844463348388672 0.42354509234428406
v 0.38691166043281555 0.17997896671295166 0.42437416315078735
v 0.3901948034763336 0.18259349465370178 0.4293631613254547
v 0.3946667015552521 0.19383859634399414 0.4209071099758148
v 0.39126235246658325 0.19133898615837097 0.41508129239082336
v 0.3881387710571289 0.19088268280029297 0.4183131754398346
v 0.3915298879146576 0.19339555501937866 0.42338231205940247
v 0.3987470865249634 0.1914770007133484 0.4198635518550873
v 0.3955667316913605 0.18835464119911194 0.41372770071029663
v 0.3875877261161804 0.1883569061756134 0.40964967012405396
v 0.38259103894233704 0.1836089789867401 0.4024588465690613
v 0.3790450692176819 0.18262779712677002 0.40686821937561035
v 0.38427093625068665 0.18789324164390564 0.41357260942459106
v 0.3860503137111664 0.1884007453918457 0.421326607465744
v 0.38929545879364014 0.19109120965003967 0.4260755181312561
v 0.39027878642082214 0.17228162288665771 0.417108952999115
v 0.39464473724365234 0.17640888690948486 0.4222927391529083
v 0.3905932307243347 0.17705217003822327 0.4238642752170563
v 0.3860967755317688 0.17322573065757751 0.41839268803596497
v 0.375950425863266 0.17011770606040955 0.41018685698509216
v 0.3742668926715851 0.1750779151916504 0.41059765219688416
v 0.3759312927722931 0.17932072281837463 0.4096800684928894
v 0.3942760229110718 0.17432552576065063 0.4140789806842804
v 0.38751399517059326 0.16844666004180908 0.40590956807136536
v 0.38968396186828613 0.17338865995407104 0.4021260738372803
v 0.39501240849494934 0.17924949526786804 0.4099615514278412
v 0.3820379674434662 0.18516218662261963 0.41689249873161316
v 0.38242265582084656 0.17616862058639526 0.4193889796733856
v 0.38085493445396423 0.1809927225112915 0.41890498995780945
v 0.3919321894645691 0.18480134010314941 0.4079667627811432
v 0.3984169065952301 0.18302202224731445 0.4155882000923157
v 0.40636125206947327 0.18831714987754822 0.43157944083213806
v 0.4042806923389435 0.1855579912662506 0.43436044454574585
v 0.3985839784145355 0.17959928512573242 0.42726269364356995
v 0.40146440267562866 0.18233722448349 0.4242832660675049
v 0.398041307926178 0.1782442331314087 0.41931861639022827
v 0.40166938304901123 0.18690225481987 0.421308308839798
v 0.39548197388648987 0.18709343671798706 0.43640947341918945
v 0.3928816318511963 0.1909591257572174 0.43553027510643005
v 0.39372846484184265 0.19472438097000122 0.4332486093044281
v 0.38734570145606995 0.18005582690238953 0.4002097547054291
v 0.38347628712654114 0.16597294807434082 0.40861013531684875
v 0.39572811126708984 0.19694370031356812 0.43111932277679443
v 0.398802787065506 0.19792520999908447 0.428964227437973
v 0.39431509375572205 0.17983418703079224 0.4287772476673126
v 0.39993786811828613 0.18477541208267212 0.4358234405517578
v 0.40602418780326843 0.19221457839012146 0.42882806062698364
v 0.40299010276794434 0.1960403025150299 0.42744123935699463
v 0.40620970726013184 0.19947031140327454 0.43302324414253235
v 0.40946945548057556 0.1957438886165619 0.43398377299308777
v 0.40207621455192566 0.2015165388584137 0.4346029460430145
v 0.39890968799591064 0.1999245285987854 0.4366416931152344
v 0.3968498706817627 0.19735190272331238 0.43823182582855225
v 0.4095611572265625 0.1920349895954132 0.43658962845802307
v 0.4076414406299591 0.18964934349060059 0.4389200806617737
v 0.40315258502960205 0.18818527460098267 0.43994009494781494
v 0.41219332814216614 0.1944519281387329 0.44058266282081604
v 0.41219156980514526 0.19873932003974915 0.4391804039478302
v 0.4094476103782654 0.2094171941280365 0.44923585653305054
v 0.4117906391620636 0.20974686741828918 0.44842320680618286
v 0.40927234292030334 0.20706075429916382 0.44494035840034485
v 0.4069185256958008 0.20727381110191345 0.4453071653842926
v 0.4081147015094757 0.2054503858089447 0.4418797492980957
v 0.4053836166858673 0.2046239972114563 0.43986308574676514
v 0.4128738045692444 0.20607256889343262 0.44376277923583984
v 0.41050466895103455 0.20392462611198425 0.4405681788921356
v 0.415654718875885 0.20854464173316956 0.44736945629119873
v 0.4173571765422821 0.20471322536468506 0.4476368725299835
v 0.414373517036438 0.2023722529411316 0.4441065788269043
v 0.4125308394432068 0.20151686668395996 0.44099220633506775
v 0.4128154516220093 0.21084564924240112 0.4523477256298065
v 0.4141061007976532 0.21128496527671814 0.45080995559692383
v 0.4086960554122925 0.20201140642166138 0.4376520812511444
v 0.40167784690856934 0.20251107215881348 0.4407772421836853
v 0.4044477045536041 0.20541822910308838 0.44621598720550537
v 0.40736863017082214 0.20767265558242798 0.4505293071269989
v 0.41083309054374695 0.20845121145248413 0.45361265540122986
v 0.40288788080215454 0.20258143544197083 0.44743043184280396
v 0.4063107371330261 0.20496630668640137 0.4515678584575653
v 0.4094197154045105 0.2056199610233307 0.4539675712585449
v 0.4025607705116272 0.1993202567100525 0.4485182762145996
v 0.40640661120414734 0.20219263434410095 0.4523473083972931
v 0.3996483087539673 0.1995578110218048 0.4422191083431244
v 0.39900290966033936 0.19591864943504333 0.4431799650192261
v 0.4089391827583313 0.20348060131072998 0.4537533223628998
v 0.4151943325996399 0.20668554306030273 0.4546267092227936
v 0.41723790764808655 0.20945623517036438 0.4531905949115753
v 0.4179741144180298 0.21060991287231445 0.4506160020828247
v 0.4151473939418793 0.19962644577026367 0.4442968964576721
v 0.41756072640419006 0.20210853219032288 0.4484862983226776
v 0.41444772481918335 0.19687828421592712 0.44528794288635254
v 0.41662314534187317 0.20000433921813965 0.4495772123336792
v 0.4190449118614197 0.2070704698562622 0.45003071427345276
v 0.4189561903476715 0.20549699664115906 0.4514303505420685
v 0.3962726593017578 0.19381439685821533 0.4395125210285187
v 0.39861950278282166 0.19015157222747803 0.4401092529296875
v 0.40110069513320923 0.19257384538650513 0.443584144115448
v 0.4050907790660858 0.19617211818695068 0.4489525258541107
v 0.40556037425994873 0.19067439436912537 0.4431045353412628
v 0.4097437262535095 0.19200527667999268 0.44212526082992554
v 0.4123528003692627 0.19495534896850586 0.4466157853603363
v 0.4088728427886963 0.19428318738937378 0.4478316307067871
v 0.414550244808197 0.19836276769638062 0.4507538378238678
v 0.41171032190322876 0.19782483577728271 0.45174553990364075
v 0.4085544943809509 0.19940423965454102 0.4525408148765564
v 0.4150095582008362 0.20127764344215393 0.4532231092453003
v 0.41737207770347595 0.20321518182754517 0.4524771571159363
v 0.4127703309059143 0.20409855246543884 0.45459413528442383
v 0.41091784834861755 0.20194804668426514 0.45399415493011475
v 0.41282764077186584 0.2001798152923584 0.4534551501274109
v 0.3793875277042389 0.16709434986114502 0.40915465354919434
v 0.40086767077445984 0.15521332621574402 0.41380730271339417
v 0.3971485197544098 0.1546078324317932 0.4102393090724945
v 0.3982139527797699 0.15068107843399048 0.4104030132293701
v 0.4018861949443817 0.15119904279708862 0.4139869213104248
v 0.40850457549095154 0.16005578637123108 0.40724095702171326
v 0.40450629591941833 0.15946820378303528 0.4030679166316986
v 0.4008846879005432 0.1601177155971527 0.4058185815811157
v 0.40496304631233215 0.16078102588653564 0.40991631150245667
v 0.4116256833076477 0.15619194507598877 0.4060037136077881
v 0.4077951908111572 0.15533393621444702 0.4016970098018646
v 0.3994196653366089 0.15819448232650757 0.39886292815208435
v 0.3915509581565857 0.15639987587928772 0.39199966192245483
v 0.3883935809135437 0.1566067337989807 0.3963778018951416
v 0.3957797884941101 0.15873247385025024 0.40171462297439575
v 0.38851678371429443 0.13910889625549316 0.39306288957595825
v 0.39220765233039856 0.14133578538894653 0.39794260263442993
v 0.3890891671180725 0.14348116517066956 0.399993896484375
v 0.38431316614151 0.1406444013118744 0.3950943648815155
v 0.3981991112232208 0.15813606977462769 0.40848347544670105
v 0.402235209941864 0.1587119996547699 0.412304162979126
v 0.3990647792816162 0.1441481113433838 0.40397751331329346
v 0.403825581073761 0.14541450142860413 0.4077470004558563
v 0.40063607692718506 0.14743691682815552 0.40959808230400085
v 0.39602068066596985 0.14619547128677368 0.40607017278671265
v 0.3812972903251648 0.14441901445388794 0.396735280752182
v 0.3867436647415161 0.14682772755622864 0.40125566720962524
v 0.385378360748291 0.15068992972373962 0.40114307403564453
v 0.3793904185295105 0.14931511878967285 0.3983559310436249
v 0.3860880732536316 0.1539975106716156 0.4000709056854248
v 0.4020872712135315 0.14465060830116272 0.4010070562362671
v 0.3950859308242798 0.14163580536842346 0.394936740398407
v 0.39710602164268494 0.14462170004844666 0.391239196062088
v 0.40411174297332764 0.14817818999290466 0.39823639392852783
v 0.39345017075538635 0.15674680471420288 0.4048366844654083
v 0.39380940794944763 0.14934441447257996 0.40680640935897827
v 0.39256221055984497 0.15333008766174316 0.4066667854785919
v 0.4026721119880676 0.1542392075061798 0.3971506953239441
v 0.40879037976264954 0.14982932806015015 0.4026593565940857
v 0.41597679257392883 0.14813518524169922 0.4140876233577728
v 0.4131123125553131 0.14741510152816772 0.41612905263900757
v 0.4079427719116211 0.14613497257232666 0.4114503264427185
v 0.4112950563430786 0.14680099487304688 0.40886110067367554
v 0.4071218967437744 0.14604690670967102 0.4050614535808563
v 0.4129081070423126 0.15064659714698792 0.406713604927063
v 0.40673261880874634 0.15218254923820496 0.41857489943504333
v 0.405873566865921 0.15613001585006714 0.41872602701187134
v 0.4069991707801819 0.15945333242416382 0.41731369495391846
v 0.39566582441329956 0.15194737911224365 0.38927286863327026
v 0.4096657633781433 0.16138803958892822 0.415455162525177
v 0.4130202531814575 0.16093391180038452 0.41314348578453064
v 0.4044461250305176 0.14796078205108643 0.41324713826179504
v 0.4095456302165985 0.14911797642707825 0.4177546203136444
v 0.4174649119377136 0.15175321698188782 0.41221949458122253
v 0.4160468578338623 0.15720611810684204 0.4115256369113922
v 0.4199563264846802 0.15830078721046448 0.4158387780189514
v 0.4213705062866211 0.15305078029632568 0.41653552651405334
v 0.4165857434272766 0.16169527173042297 0.4174729883670807
v 0.41316214203834534 0.1618272066116333 0.41944217681884766
v 0.4105353355407715 0.1597323715686798 0.42079994082450867
v 0.41933196783065796 0.1492311954498291 0.4182013273239136
v 0.41653355956077576 0.14877420663833618 0.41965341567993164
v 0.4132336974143982 0.15032607316970825 0.4207385778427124
v 0.4228837192058563 0.15079864859580994 0.4219138026237488
v 0.4250297248363495 0.1547151803970337 0.420955091714859
v 0.42368394136428833 0.16476500034332275 0.42954087257385254
v 0.4255524277687073 0.16439956426620483 0.4282851815223694
v 0.4235635995864868 0.16329559683799744 0.42599108815193176
v 0.4212222099304199 0.16399824619293213 0.42616382241249084
v 0.42230796813964844 0.16222819685935974 0.422987699508667
v 0.4197148084640503 0.16252723336219788 0.4217143654823303
v 0.4262997508049011 0.16117653250694275 0.4244263172149658
v 0.4241187572479248 0.1599648892879486 0.42186617851257324
v 0.42897891998291016 0.1623634397983551 0.427468478679657
v 0.43004974722862244 0.1580861508846283 0.42817237973213196
v 0.42796599864959717 0.15705916285514832 0.4249946177005768
v 0.42603230476379395 0.15709644556045532 0.4223517179489136
v 0.4267570972442627 0.16476380825042725 0.4322027862071991
v 0.4277610778808594 0.16496685147285461 0.430484801530838
v 0.42247068881988525 0.15921148657798767 0.4194909930229187
v 0.4161873161792755 0.16261625289916992 0.42270907759666443
v 0.41896623373031616 0.16365459561347961 0.4270227253437042
v 0.42214149236679077 0.1644170880317688 0.43138405680656433
v 0.4255131483078003 0.16335123777389526 0.4339720904827118
v 0.41708773374557495 0.1617615520954132 0.4278179109096527
v 0.42062127590179443 0.16219937801361084 0.4318380057811737
v 0.42376601696014404 0.16139286756515503 0.4341239631175995
v 0.4157828390598297 0.15899786353111267 0.4279363751411438
v 0.41958004236221313 0.15990489721298218 0.4316737651824951
v 0.4135412275791168 0.16066446900367737 0.4235617518424988
v 0.412090539932251 0.1577744483947754 0.4237510561943054
v 0.4222039580345154 0.16007676720619202 0.43339717388153076
v 0.4280575215816498 0.1608198881149292 0.43405598402023315
v 0.4300670027732849 0.16215017437934875 0.4328565299510956
v 0.4310726523399353 0.1631111204624176 0.43033739924430847
v 0.4278331696987152 0.15446540713310242 0.4254189133644104
v 0.4298347234725952 0.15588513016700745 0.4292633831501007
v 0.4257816672325134 0.15226438641548157 0.42604371905326843
v 0.42810842394828796 0.15472111105918884 0.43048444390296936
v 0.4316021502017975 0.15968415141105652 0.4302350580692291
v 0.430843710899353 0.15858733654022217 0.43173009157180786
v 0.4094531834125519 0.15670031309127808 0.42165395617485046
v 0.41020262241363525 0.15344765782356262 0.4216018617153168
v 0.4127805829048157 0.15416115522384644 0.42394211888313293
v 0.416279137134552 0.1556750237941742 0.42795106768608093
v 0.4157874286174774 0.1511743664741516 0.42345553636550903
v 0.4194456934928894 0.14988923072814941 0.42276114225387573
v 0.42275744676589966 0.1516760289669037 0.4269317388534546
v 0.41917726397514343 0.1527259349822998 0.4276294708251953
v 0.4253561496734619 0.15434467792510986 0.43108218908309937
v 0.42249661684036255 0.15518391132354736 0.43150559067726135
v 0.4201734662055969 0.1573624610900879 0.4316956400871277
v 0.42637842893600464 0.15722835063934326 0.43335995078086853
v 0.4288632273674011 0.15764161944389343 0.4329840838909149
v 0.425682008266449 0.15959382057189941 0.434189110994339
v 0.42332273721694946 0.15863871574401855 0.4335114359855652
v 0.424304336309433 0.15708747506141663 0.4331527054309845
v 0.3915632963180542 0.13962477445602417 0.39141586422920227
v 0.305489182472229 0.20251086354255676 0.3532622754573822
v 0.30665212869644165 0.19896724820137024 0.35754603147506714
v 0.3020854592323303 0.19013169407844543 0.3616994023323059
v 0.29642409086227417 0.18736335635185242 0.35947543382644653
v 0.2914026975631714 0.18759146332740784 0.3548591136932373
v 0.29010623693466187 0.19094520807266235 0.35059529542922974
v 0.2915251851081848 0.19606506824493408 0.34775134921073914
v 0.30590176582336426 0.19496676325798035 0.36080771684646606
v 0.3018958568572998 0.20443996787071228 0.34830421209335327
v 0.29563891887664795 0.2018161118030548 0.34597915410995483
v 0.2908811867237091 0.209621399641037 0.3508252203464508
v 0.2973340153694153 0.2117650806903839 0.3526774048805237
v 0.28633081912994385 0.2039826512336731 0.35193508863449097
v 0.28544604778289795 0.197956383228302 0.3548358678817749
v 0.28758400678634644 0.19336077570915222 0.3582616150379181
v 0.301802396774292 0.20922154188156128 0.3570695221424103
v 0.30369770526885986 0.20478054881095886 0.36102044582366943
v 0.3024488091468811 0.19939368963241577 0.363727867603302
v 0.2978977560997009 0.21583908796310425 0.36030882596969604
v 0.2922113835811615 0.22073817253112793 0.35777348279953003
v 0.27679580450057983 0.21881434321403503 0.36307963728904724
v 0.2777509093284607 0.2228805422782898 0.3605954349040985
v 0.2792242169380188 0.21940621733665466 0.35842078924179077
v 0.27792462706565857 0.2149946093559265 0.3601591885089874
v 0.28111502528190613 0.2178417146205902 0.3569828271865845
v 0.2813269793987274 0.2125900685787201 0.3565409779548645
v 0.28285038471221924 0.2245170772075653 0.3573405146598816
v 0.2842481732368469 0.22173795104026794 0.3564825654029846
v 0.28784874081611633 0.2270662784576416 0.3589414656162262
v 0.2879544496536255 0.22422578930854797 0.35727453231811523
v 0.2810748219490051 0.22805652022361755 0.3591793477535248
v 0.27707862854003906 0.2259572446346283 0.36263567209243774
v 0.2798571288585663 0.22987419366836548 0.362338125705719
v 0.2767440974712372 0.22380879521369934 0.3654415011405945
v 0.28647059202194214 0.2176392674446106 0.35523658990859985
v 0.2813756763935089 0.2043849527835846 0.358940064907074
v 0.27829331159591675 0.21007829904556274 0.3628527820110321
v 0.27725982666015625 0.21544885635375977 0.36615222692489624
v 0.2782735228538513 0.22092914581298828 0.368802011013031
v 0.28098243474960327 0.2060752511024475 0.3666696548461914
v 0.28029686212539673 0.21305811405181885 0.369496613740921
v 0.28113412857055664 0.21839174628257751 0.37086281180381775
v 0.2861252427101135 0.20505359768867493 0.3692421317100525
v 0.2842337489128113 0.21250557899475098 0.3713034987449646
v 0.28404051065444946 0.19847819209098816 0.3620334267616272
v 0.2898871898651123 0.19659292697906494 0.364740788936615
v 0.2835814356803894 0.2170497477054596 0.37178075313568115
v 0.2818404734134674 0.22575199604034424 0.36955374479293823
v 0.27991339564323425 0.2290581464767456 0.3666369616985321
v 0.29153817892074585 0.2255973219871521 0.3613870441913605
v 0.2859266698360443 0.23009416460990906 0.3606015145778656
v 0.2890523076057434 0.22887256741523743 0.36380404233932495
v 0.29460519552230835 0.22179555892944336 0.3641326129436493
v 0.29099276661872864 0.22582250833511353 0.36702972650527954
v 0.2837209701538086 0.23167619109153748 0.3625418245792389
v 0.2852116823196411 0.23061278462409973 0.3656901717185974
v 0.29294222593307495 0.19194790720939636 0.3620062470436096
v 0.29847830533981323 0.1941295564174652 0.3644128441810608
v 0.29573172330856323 0.1989445686340332 0.3666130006313324
v 0.29195594787597656 0.2071744203567505 0.37046802043914795
v 0.29985421895980835 0.20449447631835938 0.36645323038101196
v 0.3006457984447479 0.2108153998851776 0.36370229721069336
v 0.2959825396537781 0.21744129061698914 0.3671073913574219
v 0.29553741216659546 0.2119469940662384 0.3696264624595642
v 0.29149335622787476 0.2219218909740448 0.3694242238998413
v 0.29077374935150146 0.21799296140670776 0.37098148465156555
v 0.2880507707595825 0.21455198526382446 0.37198662757873535
v 0.2875063419342041 0.22347071766853333 0.37038570642471313
v 0.2865387797355652 0.22737467288970947 0.36875057220458984
v 0.28383374214172363 0.22220000624656677 0.3709379732608795
v 0.28573840856552124 0.21905198693275452 0.37166690826416016
v 0.28799790143966675 0.22054791450500488 0.37118765711784363
v 0.3807227611541748 0.13677340745925903 0.39123931527137756
v 0.3763713836669922 0.14119574427604675 0.3925762474536896
v 0.37366098165512085 0.1368696093559265 0.38698846101760864
v 0.37088465690612793 0.13161683082580566 0.38031935691833496
v 0.37418943643569946 0.12459802627563477 0.3732011318206787
v 0.36635151505470276 0.13692054152488708 0.38009941577911377
v 0.36915186047554016 0.14191323518753052 0.38703450560569763
v 0.3725692331790924 0.14782917499542236 0.39456433057785034
v 0.3609497845172882 0.13784486055374146 0.3735229969024658
v 0.05720646306872368 0.46813979744911194 0.07247790694236755
v 0.06049855053424835 0.4668310880661011 0.0708264634013176
v 0.06140732020139694 0.4604331851005554 0.06886318325996399
v 0.05907429754734039 0.46044695377349854 0.07099577784538269
v 0.05578608065843582 0.4607483446598053 0.0726376622915268
v 0.052019551396369934 0.46123307943344116 0.07385021448135376
v 0.04690668731927872 0.46902963519096375 0.07477739453315735
v 0.052470557391643524 0.4693252444267273 0.0743379294872284
v 0.0372658297419548 0.46334129571914673 0.0732872486114502
v 0.03909454494714737 0.46463334560394287 0.0729675143957138
v 0.03799773007631302 0.46247899532318115 0.07369402796030045
v 0.043899018317461014 0.46207115054130554 0.07424310594797134
v 0.04024622216820717 0.4624134302139282 0.0735507681965828
v 0.06392581015825272 0.46360331773757935 0.06705205142498016
v 0.06461354345083237 0.46227842569351196 0.0659254938364029
v 0.062470417469739914 0.46517831087112427 0.06881821155548096
v 0.04788751155138016 0.4617794454097748 0.07454882562160492
v 0.06433182209730148 0.4611949026584625 0.06584074348211288
v 0.06319836527109146 0.4606184661388397 0.06689843535423279
v 0.042300399392843246 0.4672701358795166 0.07376626133918762
v 0.056241702288389206 0.4630502760410309 0.07235334813594818
v 0.052351877093315125 0.4636043608188629 0.07365013659000397
v 0.04763880372047424 0.466745525598526 0.07470464706420898
v 0.05260844901204109 0.466569185256958 0.07397858798503876
v 0.04429623484611511 0.4640592038631439 0.07444161921739578
v 0.04182613641023636 0.46376973390579224 0.07389014959335327
v 0.05921145901083946 0.46246108412742615 0.07068958878517151
v 0.04804842174053192 0.46410971879959106 0.07445491850376129
v 0.05696004629135132 0.4657191336154938 0.07241728901863098
v 0.04131407290697098 0.4646599292755127 0.0736566111445427
v 0.04359672591090202 0.4659118950366974 0.07444934546947479
v 0.06377911567687988 0.46216124296188354 0.06626966595649719
v 0.06368441879749298 0.46173882484436035 0.0663025826215744
v 0.03208943456411362 0.21831399202346802 0.08210086822509766
v 0.03249027952551842 0.20166146755218506 0.09246949106454849
v 0.059829920530319214 0.4646015167236328 0.07036231458187103
v 0.062685526907444 0.4616960883140564 0.0672188401222229
v 0.061140622943639755 0.46198657155036926 0.06867881864309311
v 0.06169959530234337 0.4635635316371918 0.0686873346567154
v 0.06304563581943512 0.46274420619010925 0.06721018254756927
v 0.25244587659835815 0.13844433426856995 0.07361546903848648
v 0.24173292517662048 0.12557993829250336 0.07483182847499847
v 0.2908738851547241 0.14753352105617523 0.03710260987281799
v 0.2918376326560974 0.13956531882286072 0.01596316695213318
v 0.06701936572790146 -0.09382424503564835 0.14451920986175537
v 0.11448071897029877 -0.03684449568390846 -0.05554879829287529
v 0.11817616969347 -0.01861071027815342 -0.06266037374734879
v 0.04145452007651329 -0.013143470510840416 -0.08108530938625336
v 0.0611666738986969 -0.018392011523246765 -0.08042597025632858
v 0.15228059887886047 -0.04185521975159645 0.050031669437885284
v 0.14945976436138153 -0.06195458024740219 0.05379129573702812
v 0.11394484341144562 -0.050386812537908554 0.10790921002626419
v 0.10764085501432419 -0.07292266190052032 0.10984654724597931
v 0.13797807693481445 -0.08575396984815598 0.08009235560894012
v 0.08212336897850037 -0.06633537262678146 -0.06799672544002533
v 0.07987236976623535 -0.045290544629096985 -0.07097294926643372
v 0.0980527400970459 -0.05018898472189903 -0.06240512430667877
v 0.10062505304813385 -0.06965264678001404 -0.06086079776287079
v 0.02091582864522934 -0.031453587114810944 -0.07042437046766281
v 0.021777762100100517 -0.009690986946225166 -0.07496120780706406
v 0.16093257069587708 -0.018933547660708427 0.021879497915506363
v 0.15927311778068542 -0.016160164028406143 -0.0046119000762701035
v 0.1389189511537552 -0.007636988069862127 -0.05021650344133377
v 0.12297666817903519 -0.0006179490592330694 -0.06647790223360062
v 0.08514750748872757 0.017180781811475754 -0.08539386838674545
v 0.10490118712186813 0.008252509869635105 -0.07763183116912842
v 0.10365482419729233 -0.026679709553718567 0.12127241492271423
v 0.0885823667049408 -0.0017639179714024067 0.12970615923404694
v 0.1568116843700409 -0.020737651735544205 0.04780750721693039
v 0.04046454280614853 -0.02526853233575821 0.15216104686260223
v 0.044755589216947556 0.05456928536295891 -0.09774191677570343
v 0.06821653246879578 0.0486084446310997 -0.09682604670524597
v 0.15174736082553864 -0.012333434075117111 -0.028943002223968506
v 0.050853271037340164 0.15671339631080627 0.11574307829141617
v 0.05215749889612198 0.14001737534999847 0.1251794993877411
v 0.06898583471775055 0.1439119428396225 0.12342505902051926
v 0.06775140017271042 0.15950526297092438 0.11196077615022659
v 0.08588619530200958 0.145966038107872 0.11995919048786163
v 0.10158810019493103 0.14744338393211365 0.11526921391487122
v 0.11527977138757706 0.14837776124477386 0.10978180170059204
v 0.14659258723258972 0.1452336311340332 0.0911063551902771
v 0.13749410212039948 0.14728182554244995 0.09767378121614456
v 0.16045048832893372 0.13863202929496765 0.07633286714553833
v 0.15396954119205475 0.1427484154701233 0.08429180085659027
v 0.16618803143501282 0.12761887907981873 0.06680788099765778
v 0.17069752514362335 0.11375094205141068 0.05433369427919388
v 0.17455987632274628 0.09976241737604141 0.03910413011908531
v 0.17359043657779694 0.11409711092710495 0.033041004091501236
v 0.17021356523036957 0.09911847114562988 0.06112319976091385
v 0.16620643436908722 0.11312150955200195 0.0736420750617981
v 0.16096486151218414 0.12241949886083603 0.08406770974397659
v 0.042046919465065 0.09413985908031464 0.13866016268730164
v 0.043912485241889954 0.06963222473859787 0.14056524634361267
v 0.030378490686416626 0.2333594113588333 0.07187000662088394
v 0.37256550788879395 0.022143512964248657 0.16113774478435516
v 0.3377948999404907 0.1268368363380432 0.2524135410785675
v 0.04083436354994774 0.246671661734581 -0.09328752756118774
v 0.020088888704776764 0.2425594925880432 -0.08845585584640503
v 0.0009072599932551384 0.2300824224948883 -0.08891236037015915
v 0.0010673906654119492 0.24080829322338104 -0.08646521717309952
v 0.12910319864749908 0.27059605717658997 -0.06900573521852493
v 0.11101851612329483 0.25897350907325745 -0.08772719651460648
v 0.08849446475505829 0.2490621954202652 -0.09829209744930267
v 0.06442078202962875 0.24178506433963776 -0.10051170736551285
v 0.15041235089302063 -0.0007825474604032934 0.06972763687372208
v 0.041235752403736115 0.21237754821777344 -0.10296609997749329
v 0.0659915879368782 0.23111793398857117 -0.10546058416366577
v 0.09229613095521927 0.238471120595932 -0.10378910601139069
v 0.11869202554225922 0.24787583947181702 -0.09320247173309326
v 0.14374661445617676 0.2592966854572296 -0.07234863191843033
v 0.16096997261047363 0.2563985586166382 -0.06197557598352432
v 0.18315748870372772 0.23418360948562622 -0.061246708035469055
v 0.19572290778160095 0.2300156205892563 -0.05339755862951279
v 0.2004893571138382 0.24391070008277893 -0.03985919430851936
v 0.21410080790519714 0.23764732480049133 -0.03341863676905632
v 0.2091958373785019 0.22439362108707428 -0.04725625365972519
v 0.27245771884918213 0.1585105061531067 -0.0073968395590782166
v 0.2788631319999695 0.14329856634140015 -0.0041684359312057495
v 0.27915653586387634 0.1283572018146515 -0.00603436678647995
v 0.27551722526550293 0.11454164981842041 -0.009516917169094086
v 0.2674320638179779 0.10482748597860336 -0.013420455157756805
v 0.2556792199611664 0.09863512217998505 -0.017704598605632782
v 0.2413913756608963 0.09913253039121628 -0.02278057485818863
v 0.20613503456115723 0.11729361861944199 -0.034559592604637146
v 0.19745692610740662 0.12402786314487457 -0.040234435349702835
v 0.1790994107723236 0.12077296525239944 -0.057318057864904404
v 0.17488017678260803 0.11545597016811371 -0.06288004666566849
v 0.1429940164089203 0.07540179044008255 -0.07910971343517303
v 0.1552588790655136 0.08815589547157288 -0.07716420292854309
v 0.1309697926044464 0.05984034389257431 -0.08152041584253311
v 0.10021817684173584 -0.16524741053581238 -0.08142627030611038
v 0.09536286443471909 -0.14744167029857635 -0.07487858831882477
v 0.11613290756940842 -0.14671799540519714 -0.06532451510429382
v 0.11981344223022461 -0.16375039517879486 -0.07017131894826889
v 0.022518424317240715 -0.10627946257591248 -0.06888897716999054
v 0.045482438057661057 -0.10714786499738693 -0.07168756425380707
v 0.1651594489812851 -0.15056954324245453 0.01915300451219082
v 0.16065606474876404 -0.14776210486888885 -0.009366288781166077
v 0.14979153871536255 -0.1464269459247589 -0.033178605139255524
v 0.1342763453722 -0.14573633670806885 -0.05146108567714691
v 0.16139109432697296 -0.15497560799121857 0.046312324702739716
v 0.07749778032302856 -0.1882021576166153 0.13547159731388092
v 0.09707622230052948 -0.1818181425333023 0.12241840362548828
v 0.01841476745903492 -0.1988416165113449 0.155660942196846
v 0.03744881972670555 -0.19686125218868256 0.1522030234336853
v 0.1514572650194168 -0.16084621846675873 0.07029172778129578
v 0.05728502199053764 -0.1932612806558609 0.1458834558725357
v 0.1163552850484848 -0.17537109553813934 0.1076548770070076
v 0.13610973954200745 -0.1683119386434555 0.09093700349330902
v 0.0906127318739891 -0.12883701920509338 -0.07156776636838913
v 0.07044504582881927 -0.1289970576763153 -0.07594722509384155
v 0.06650737673044205 -0.10783572494983673 -0.07090240716934204
v 0.039445456117391586 0.12027114629745483 -0.11063623428344727
v 0.06005965545773506 0.12192696332931519 -0.11339060217142105
v 0.08142835646867752 0.12379458546638489 -0.1154390275478363
v 0.10050944983959198 0.14501187205314636 -0.11716419458389282
v 0.12171073257923126 0.1506170928478241 -0.11116320639848709
v 0.12240667641162872 0.13399183750152588 -0.10762787610292435
v 0.10162577033042908 0.12800858914852142 -0.11415527015924454
v 0.1545727401971817 0.15979374945163727 -0.09052537381649017
v 0.16810007393360138 0.1617954671382904 -0.0822991281747818
v 0.16721996665000916 0.1501774787902832 -0.08054770529270172
v 0.1548391878604889 0.1468990445137024 -0.08879991620779037
v 0.17822828888893127 0.15164396166801453 -0.07376106083393097
v 0.18859146535396576 0.15019682049751282 -0.06664104759693146
v 0.1969989389181137 0.1474914252758026 -0.057953376322984695
v 0.20867136120796204 0.14309674501419067 -0.05157335847616196
v 0.2174602448940277 0.1624647080898285 -0.05587496608495712
v 0.2056063562631607 0.16849136352539062 -0.06193719804286957
v 0.1563691943883896 0.17430396378040314 -0.09065316617488861
v 0.14023827016353607 0.1720455437898636 -0.10155752301216125
v 0.037296466529369354 0.15305128693580627 -0.10813271999359131
v 0.0179296862334013 0.15072792768478394 -0.10107036679983139
v 0.1778525412082672 0.09293746203184128 0.020400647073984146
v 0.18009689450263977 0.08790626376867294 -0.00019479170441627502
v 0.17978405952453613 0.08577841520309448 -0.019072048366069794
v 0.17810611426830292 0.08559199422597885 -0.0354810506105423
v 0.17528346180915833 0.0879581943154335 -0.049794554710388184
v 0.17057332396507263 0.09190262109041214 -0.06242460757493973
v 0.16361597180366516 0.09833510220050812 -0.07315649837255478
v 0.16950614750385284 0.10757453739643097 -0.06810858845710754
v 0.1562308669090271 0.10645045340061188 -0.08174458146095276
v 0.16428129374980927 0.11519502103328705 -0.07579261064529419
v 0.14863158762454987 0.11645495146512985 -0.08944523334503174
v 0.14299972355365753 0.12806245684623718 -0.09532247483730316
v 0.13981708884239197 0.14117059111595154 -0.09972061216831207
v 0.13904407620429993 0.15578265488147736 -0.10175250470638275
v 0.10212469100952148 0.16303840279579163 -0.11813078820705414
v 0.12252410501241684 0.16793574392795563 -0.11146316677331924
v 0.08238048851490021 0.17704516649246216 -0.1183067336678505
v 0.08604313433170319 0.1939355880022049 -0.11696534603834152
v 0.07895506918430328 0.14113621413707733 -0.1181291788816452
v 0.08085090667009354 0.1590418517589569 -0.11936013400554657
v 0.08543623983860016 0.2860468626022339 -0.06792248785495758
v 0.06440294533967972 0.2780413329601288 -0.07586951553821564
v 0.24103331565856934 0.11572066694498062 -0.02949518710374832
v 0.24819746613502502 0.10880781710147858 -0.02430880069732666
v 0.23826533555984497 0.10757317394018173 -0.027353934943675995
v 0.23548713326454163 0.11311342567205429 -0.030478768050670624
v 0.25677746534347534 0.11389041692018509 -0.02154119312763214
v 0.25252649188041687 0.12909747660160065 -0.027203790843486786
v 0.2633373737335205 0.12249956279993057 -0.019058190286159515
v 0.24727290868759155 0.12106374651193619 -0.028257757425308228
v 0.26718467473983765 0.13344727456569672 -0.016933158040046692
v 0.2571364641189575 0.1383121758699417 -0.025774486362934113
v 0.2677561044692993 0.1451798528432846 -0.01657634973526001
v 0.25920477509498596 0.14761203527450562 -0.02493857592344284
v 0.2603486478328705 0.15484225749969482 -0.024481192231178284
v 0.26560288667678833 0.156097412109375 -0.018094219267368317
v 0.23654286563396454 0.17628557980060577 -0.04522816836833954
v 0.24625667929649353 0.16867871582508087 -0.037463247776031494
v 0.2545704245567322 0.16090428829193115 -0.030112192034721375
v 0.21774935722351074 0.13709238171577454 -0.046161457896232605
v 0.22818103432655334 0.1319044530391693 -0.04070277512073517
v 0.23766951262950897 0.12659738957881927 -0.034628093242645264
v 0.24325165152549744 0.13463638722896576 -0.03437243402004242
v 0.2331329584121704 0.13972890377044678 -0.04128912091255188
v 0.22292760014533997 0.14535677433013916 -0.04825387895107269
v 0.037102874368429184 0.1370866745710373 -0.10982787609100342
v 0.05737363174557686 0.13921871781349182 -0.11513973772525787
v 0.1801580786705017 0.16199272871017456 -0.0751122310757637
v 0.1906397044658661 0.16123664379119873 -0.0686115100979805
v 0.2007206678390503 0.15831947326660156 -0.061338283121585846
v 0.21252232789993286 0.1518995761871338 -0.054550327360630035
v 0.19433283805847168 0.17206993699073792 -0.06894385814666748
v 0.18295396864414215 0.17419803142547607 -0.0753658339381218
v 0.17038041353225708 0.17468050122261047 -0.08233226835727692
v 0.0579492524266243 0.15608471632003784 -0.11499214917421341
v 0.017795464023947716 0.13494668900966644 -0.10358509421348572
v 0.19017243385314941 0.218887597322464 0.0455380454659462
v 0.20110636949539185 0.23550944030284882 0.0322452150285244
v 0.2125394344329834 0.24511593580245972 0.011811982840299606
v 0.21744120121002197 0.24547003209590912 -0.011899694800376892
v 0.000815459992736578 0.2756236493587494 -0.07491777092218399
v 0.31871894001960754 0.0015605799853801727 0.0938233882188797
v 0.002197185531258583 0.08112180233001709 -0.09564567357301712
v 0.0017729555256664753 0.10081744194030762 -0.09922446310520172
v 0.004117666278034449 0.014664333313703537 -0.07355665415525436
v 0.0032215523533523083 0.035492315888404846 -0.0834655910730362
v 0.0429072305560112 -0.0820154994726181 -0.06959910690784454
v 0.02163093164563179 -0.07887599617242813 -0.06568252295255661
v 0.020657816901803017 -0.054036952555179596 -0.06714601814746857
v -0.0008110372582450509 -0.12674158811569214 -0.07449693232774734
v -0.001275358023121953 -0.10368373990058899 -0.06355760991573334
v 0.001525483443401754 -0.05091552436351776 -0.059024203568696976
v 0.0029194322414696217 -0.028722401708364487 -0.06225892901420593
v 0.022619549185037613 0.05717090517282486 -0.0943375676870346
v 0.019394248723983765 0.11912854015827179 -0.1057496890425682
v -0.00038175005465745926 0.13554519414901733 -0.09924647957086563
v -0.001012889202684164 0.15040525794029236 -0.09688720852136612
v -0.0009663091041147709 0.16588301956653595 -0.09589090943336487
v 0.12959079444408417 0.1172974482178688 0.12335021793842316
v 0.12830454111099243 0.13297070562839508 0.11439967155456543
v 0.11656372994184494 0.1332017034292221 0.12065030634403229
v 0.11795205622911453 0.11761657893657684 0.12962400913238525
v 0.14744524657726288 0.11591402441263199 0.10840030014514923
v 0.14695096015930176 0.1304713487625122 0.10017380118370056
v 0.13831400871276855 0.13195835053920746 0.10732260346412659
v 0.13961158692836761 0.11678654700517654 0.11603598296642303
v 0.1541806161403656 0.12748216092586517 0.09249282628297806
v 0.15441438555717468 0.11341702938079834 0.10003036260604858
v 0.13040101528167725 0.1004696637392044 0.13008643686771393
v 0.1403094232082367 0.10044663399457932 0.12268563359975815
v 0.11879073828458786 0.10100094974040985 0.13608233630657196
v 0.15393608808517456 0.09881720691919327 0.1064678281545639
v 0.147769957780838 0.10005715489387512 0.11463991552591324
v 0.024363970384001732 0.34622639417648315 0.08468858897686005
v 0.025075247511267662 0.35319238901138306 0.09950965642929077
v 0.022175319492816925 0.3978864550590515 0.10911630094051361
v 0.021758198738098145 0.40210261940956116 0.10676539689302444
v 0.01694740541279316 0.3306097686290741 0.06664010137319565
v 0.016055762767791748 0.32139769196510315 0.06346502155065536
v 0.01858028583228588 0.379044771194458 0.10811546444892883
v 0.018561143428087234 0.36489591002464294 0.10988590866327286
v 0.020182695239782333 0.42489519715309143 0.10657958686351776
v 0.02001529559493065 0.42117029428482056 0.1057908833026886
v 0.02018323540687561 0.41005784273147583 0.10875362157821655
v 0.020131390541791916 0.40596985816955566 0.10815655440092087
v 0.015405239537358284 0.31046903133392334 0.06007326766848564
v 0.017282674089074135 0.3380299508571625 0.07280333340167999
v 0.014630909077823162 0.28631341457366943 0.055118486285209656
v 0.01438169926404953 0.27541837096214294 0.05296166613698006
v 0.025529716163873672 0.26582884788513184 0.05117853358387947
v 0.026793645694851875 0.2554038465023041 0.055405259132385254
v 0.03960714116692543 0.11500439047813416 0.13270901143550873
v 0.033355630934238434 0.16870565712451935 0.11044545471668243
v 0.03530518338084221 0.1534634232521057 0.11875253915786743
v 0.03261774778366089 0.18475525081157684 0.10191715508699417
v 0.028426826000213623 0.24534127116203308 0.06318861246109009
v 0.015010051429271698 0.2984074354171753 0.05739527568221092
v 0.01964581198990345 0.39300337433815 0.1091497614979744
v 0.018887227401137352 0.3869466781616211 0.10722560435533524
v 0.020030617713928223 0.41721218824386597 0.10645943880081177
v 0.0200931578874588 0.413686066865921 0.10762207210063934
v 0.017333289608359337 0.21628274023532867 0.08450029790401459
v 0.017724744975566864 0.19950167834758759 0.09510981291532516
v 0.036984674632549286 0.13485930860042572 0.12551811337471008
v 0.025902744382619858 0.09023360908031464 0.1379677951335907
v 0.025395581498742104 0.06641300022602081 0.14032211899757385
v 0.01670914888381958 0.23174840211868286 0.07403300702571869
v 0.02397618256509304 0.04253207892179489 0.13995890319347382
v 0.16109679639339447 -0.34273478388786316 -0.03870276361703873
v 0.14315827190876007 -0.3598085641860962 -0.05649762973189354
v 0.13503815233707428 -0.34052062034606934 -0.07303933799266815
v 0.14854799211025238 -0.3280070424079895 -0.06036552041769028
v 0.1590297818183899 -0.28532183170318604 -0.04626961052417755
v 0.1617933064699173 -0.25812071561813354 -0.04329026862978935
v 0.1629181206226349 -0.22882908582687378 -0.04099997133016586
v 0.11611425876617432 -0.3471909761428833 -0.08640551567077637
v 0.09040229767560959 -0.32589083909988403 -0.10957569628953934
v 0.09255103021860123 -0.34937769174575806 -0.0974210873246193
v 0.14778999984264374 -0.22904449701309204 -0.0656144842505455
v 0.14656366407871246 -0.2557515799999237 -0.06806065887212753
v 0.14008812606334686 -0.31837931275367737 -0.07291247695684433
v 0.1425360143184662 -0.30374544858932495 -0.07189565896987915
v 0.15620696544647217 -0.3094336688518524 -0.05191207677125931
v 0.11282598972320557 -0.32536831498146057 -0.09676866233348846
v 0.12959876656532288 -0.32282495498657227 -0.08349595218896866
v 0.05879376456141472 -0.16806530952453613 -0.0917399451136589
v 0.06228496879339218 -0.18643921613693237 -0.10184526443481445
v 0.034996602684259415 -0.18656955659389496 -0.10280252993106842
v 0.13795076310634613 -0.16251280903816223 -0.053861428052186966
v 0.12435552477836609 -0.18210865557193756 -0.07667037099599838
v 0.0016072962898761034 -0.32996585965156555 -0.09650619328022003
v 0.12863926589488983 -0.30339887738227844 -0.08857101947069168
v 0.08782357722520828 -0.3012394309043884 -0.11627491563558578
v 0.11113963276147842 -0.3023165166378021 -0.10364980250597
v 0.08842156082391739 -0.22820666432380676 -0.11157865077257156
v 0.1102180927991867 -0.22831636667251587 -0.10035953670740128
v 0.10910706222057343 -0.25310900807380676 -0.10442619770765305
v 0.08748877793550491 -0.2519401013851166 -0.11613300442695618
v 0.12955600023269653 -0.2292594462633133 -0.0857514813542366
v 0.12807564437389374 -0.20413032174110413 -0.08192329108715057
v 0.08787158131599426 -0.20519621670246124 -0.10475501418113708
v 0.10877225548028946 -0.2043277621269226 -0.0949709340929985
v 0.1049649640917778 -0.18282611668109894 -0.08853854984045029
v 0.12863488495349884 -0.25448593497276306 -0.08865996450185776
v 0.08665534853935242 -0.2769797444343567 -0.11804869771003723
v 0.06010640412569046 -0.2752451002597809 -0.1247328668832779
v 0.0317198671400547 -0.27280110120773315 -0.12496674805879593
v 0.0023770048283040524 -0.27256450057029724 -0.12181099504232407
v 0.0016000468749552965 -0.2485966980457306 -0.12195803970098495
v 0.08462140709161758 -0.18478628993034363 -0.09653759747743607
v 0.07510865479707718 -0.14828747510910034 -0.0801045373082161
v 0.08072536438703537 -0.16641336679458618 -0.08753280341625214
v 0.06363458931446075 -0.08418787270784378 -0.06992541998624802
v 0.11821723729372025 -0.5467060208320618 0.1381434202194214
v 0.0012428602203726768 -0.38553041219711304 0.020789222791790962
v 0.0020857895724475384 -0.3849816620349884 0.04528036713600159
v 0.17438961565494537 -0.30098360776901245 0.07664500921964645
v 0.1815819889307022 -0.3277592957019806 0.0068849800154566765
v 0.16979795694351196 -0.31834763288497925 -0.025004183873534203
v 0.013807965442538261 -0.37751901149749756 0.08739423751831055
v 0.030016787350177765 -0.3665938079357147 0.10889086872339249
v 0.15493467450141907 -0.30283617973327637 0.10370665788650513
v 0.10508911311626434 -0.32844752073287964 0.13015322387218475
v 0.005699583329260349 -0.38259926438331604 0.06559297442436218
v 0.14470639824867249 -0.28117743134498596 -0.07002713531255722
v 0.12827657163143158 -0.2804216146469116 -0.0895974412560463
v 0.10984690487384796 -0.2785612940788269 -0.10617567598819733
v 0.060374628752470016 -0.29883766174316406 -0.12234213948249817
v 0.030381489545106888 -0.2949458360671997 -0.12168547511100769
v 0.0023739885073155165 -0.2934790849685669 -0.1183309257030487
v 0.018392210826277733 -0.32665738463401794 0.1264573186635971
v 0.007278247736394405 -0.3205055594444275 0.12725473940372467
v 0.014418947510421276 -0.31799158453941345 0.12817414104938507
v -0.0014988603070378304 -0.30818912386894226 0.12928937375545502
v -0.002334756311029196 -0.32226020097732544 0.1253761351108551
v 0.007202378939837217 -0.3335990011692047 0.12274353951215744
v -0.0027734695468097925 -0.33557990193367004 0.1196182370185852
v -0.003314431756734848 -0.3472195863723755 0.10975906252861023
v 0.07660434395074844 -0.20928920805454254 0.1338920146226883
v 0.0973350927233696 -0.20245032012462616 0.12184008210897446
v 0.017193134874105453 -0.21997159719467163 0.15202654898166656
v 0.03587030991911888 -0.21813742816448212 0.14918220043182373
v 0.15422645211219788 -0.17850227653980255 0.07026918977499008
v 0.05566605553030968 -0.2148098200559616 0.1432614028453827
v 0.11802762001752853 -0.19517220556735992 0.10796818882226944
v 0.13847117125988007 -0.18659517168998718 0.09054503589868546
v 0.0005635665729641914 -0.20487169921398163 -0.1115678921341896
v 0.001077312626875937 -0.18389633297920227 -0.10242157429456711
v -0.00024025922175496817 -0.2216309905052185 0.1516149789094925
v 0.0178363136947155 0.3531132638454437 0.10049156844615936
v 0.017284121364355087 0.34536898136138916 0.08528445661067963
v 0.02046869322657585 0.5357697010040283 0.05986567586660385
v 0.00460116658359766 0.3229414224624634 -0.05153486505150795
v 0.021087443456053734 0.4850141704082489 0.08661478757858276
v 0.019877837970852852 0.40195634961128235 0.1067778468132019
v 0.020561562851071358 0.4276660084724426 0.10902972519397736
v 0.014294609427452087 0.2641499936580658 0.05229894071817398
v 0.014751575887203217 0.2531934976577759 0.05610198155045509
v -0.0010302570881322026 -0.3804384469985962 0.02652614377439022
v 0.015740130096673965 0.24367789924144745 0.06482775509357452
v 0.0010096883634105325 -0.3803405165672302 0.011634908616542816
v 0.003844660008326173 -0.006017932202666998 -0.06700217723846436
v 0.0933724194765091 -1.0065898895263672 0.01540239155292511
v 0.09346041083335876 -1.0025032758712769 0.0003212392330169678
v 0.09577997028827667 -1.031508207321167 0.003957636654376984
v 0.09511663019657135 -1.035464882850647 0.018674761056900024
v 0.11543259769678116 -0.9942635297775269 -0.024573303759098053
v 0.10289575159549713 -0.9971447587013245 -0.01858332008123398
v 0.13012132048606873 -0.9937474131584167 -0.023543626070022583
v 0.14243119955062866 -0.995622992515564 -0.016021177172660828
v 0.13696500658988953 -1.0242043733596802 -0.017055682837963104
v 0.12642361223697662 -1.0223928689956665 -0.02523350715637207
v 0.14921912550926208 -0.9980289340019226 -0.005765050649642944
v 0.15019869804382324 -1.0290724039077759 0.003656350076198578
v 0.15352550148963928 -1.00087308883667 0.006229374557733536
v 0.153791606426239 -1.0044078826904297 0.02483483776450157
v 0.14959344267845154 -1.0319042205810547 0.0216381698846817
v 0.14465533196926117 -1.0100830793380737 0.04221663624048233
v 0.14302797615528107 -1.0378021001815796 0.03890499472618103
v 0.13003697991371155 -1.0146307945251465 0.05090402066707611
v 0.09883847087621689 -1.011657953262329 0.031205691397190094
v 0.09889693558216095 -1.0398414134979248 0.03487829118967056
v 0.11285088956356049 -1.0229310989379883 -0.02559305727481842
v 0.1027231365442276 -1.0260059833526611 -0.017397969961166382
v 0.09857898950576782 -1.0289440155029297 -0.006563656032085419
v 0.09690874814987183 -0.9998113512992859 -0.010236017405986786
v 0.09590430557727814 -1.0602468252182007 0.0071497708559036255
v 0.09139387309551239 -1.0633491277694702 0.02280294895172119
v 0.10919617116451263 -1.0498594045639038 -0.028250589966773987
v 0.10292970389127731 -1.054415225982666 -0.01481446623802185
v 0.1319023072719574 -1.050952672958374 -0.020303979516029358
v 0.1227363795042038 -1.0486443042755127 -0.030017808079719543
v 0.15091373026371002 -1.0553561449050903 -0.000548049807548523
v 0.14228792488574982 -1.0530728101730347 -0.011317938566207886
v 0.14472532272338867 -1.0263738632202148 -0.007893122732639313
v 0.15019896626472473 -1.0585200786590576 0.016850709915161133
v 0.14433717727661133 -1.0640039443969727 0.03788799047470093
v 0.09639852494001389 -1.0670089721679688 0.04058918356895447
v 0.09969784319400787 -1.057782769203186 -0.0037910789251327515
v 0.17571783065795898 -1.1962919235229492 0.15663816034793854
v 0.17457681894302368 -1.191627860069275 0.1574631780385971
v 0.1703065186738968 -1.1917445659637451 0.15892329812049866
v 0.16903692483901978 -1.197099208831787 0.1585453748703003
v 0.13750797510147095 -1.2002688646316528 0.1736314594745636
v 0.1364043653011322 -1.190656065940857 0.17886018753051758
v 0.12764959037303925 -1.1915981769561768 0.17725619673728943
v 0.12592190504074097 -1.2024468183517456 0.17270243167877197
v 0.15490275621414185 -1.1999595165252686 0.16985352337360382
v 0.15550996363162994 -1.2025487422943115 0.16546191275119781
v 0.1603909134864807 -1.202593445777893 0.1639404147863388
v 0.16283339262008667 -1.2000492811203003 0.16773411631584167
v 0.19225677847862244 -1.1859015226364136 0.12438289821147919
v 0.1916244626045227 -1.1897598505020142 0.12075473368167877
v 0.19570034742355347 -1.189130425453186 0.11852721869945526
v 0.1973733901977539 -1.1858055591583252 0.1206144392490387
v 0.18089909851551056 -1.193579077720642 0.1430286169052124
v 0.1803395301103592 -1.1973538398742676 0.1389344185590744
v 0.18430161476135254 -1.1962860822677612 0.13702638447284698
v 0.18653330206871033 -1.1933611631393433 0.13926565647125244
v 0.1352548897266388 -1.1806459426879883 0.15651318430900574
v 0.12101688235998154 -1.178478479385376 0.15662889182567596
v 0.12422414124011993 -1.1871109008789062 0.1687697321176529
v 0.13692449033260345 -1.1858233213424683 0.16942660510540009
v 0.11701247096061707 -1.1943793296813965 0.16402667760849
v 0.11305899918079376 -1.1870205402374268 0.15043216943740845
v 0.11936776340007782 -1.1945418119430542 0.14582671225070953
v 0.12306444346904755 -1.1985007524490356 0.15898995101451874
v 0.1327769160270691 -1.1958955526351929 0.14676491916179657
v 0.13470923900604248 -1.1991502046585083 0.1585426777601242
v 0.14071491360664368 -1.190616250038147 0.15154790878295898
v 0.14452600479125977 -1.1940668821334839 0.16446781158447266
v 0.16054144501686096 -1.1896921396255493 0.15000395476818085
v 0.15639136731624603 -1.182367205619812 0.15358541905879974
v 0.15997105836868286 -1.1894277334213257 0.16403231024742126
v 0.16563443839550018 -1.1956596374511719 0.16003192961215973
v 0.14565682411193848 -1.183542013168335 0.15707385540008545
v 0.15188947319984436 -1.1900593042373657 0.1665029525756836
v 0.14119890332221985 -1.1932899951934814 0.1544286608695984
v 0.14565497636795044 -1.1971914768218994 0.14859871566295624
v 0.15119394659996033 -1.2005633115768433 0.15977855026721954
v 0.14641599357128143 -1.1969794034957886 0.16586585342884064
v 0.15517711639404297 -1.1962705850601196 0.14630040526390076
v 0.16008058190345764 -1.20061194896698 0.15681354701519012
v 0.17270034551620483 -1.180681586265564 0.14291846752166748
v 0.16292625665664673 -1.1825929880142212 0.14689381420612335
v 0.16730178892612457 -1.1888580322265625 0.1543927639722824
v 0.17451904714107513 -1.1880499124526978 0.15244612097740173
v 0.16242697834968567 -1.1963586807250977 0.15327778458595276
v 0.1590365618467331 -1.1920790672302246 0.14483465254306793
v 0.16348408162593842 -1.195471167564392 0.14000776410102844
v 0.16717121005058289 -1.1988154649734497 0.14941787719726562
v 0.172273650765419 -1.1941523551940918 0.13733822107315063
v 0.1744222790002823 -1.1987261772155762 0.14744751155376434
v 0.17710833251476288 -1.1870042085647583 0.14004488289356232
v 0.1787707805633545 -1.1935505867004395 0.14991183578968048
v 0.18887987732887268 -1.1833986043930054 0.12381362915039062
v 0.18595954775810242 -1.1768574714660645 0.12707391381263733
v 0.18694856762886047 -1.1842143535614014 0.13587862253189087
v 0.18908295035362244 -1.1899023056030273 0.13212169706821442
v 0.17916403710842133 -1.178548812866211 0.1318606287240982
v 0.1814243644475937 -1.184503436088562 0.1390034407377243
v 0.17636629939079285 -1.1891099214553833 0.13908959925174713
v 0.17609867453575134 -1.1846203804016113 0.13284932076931
v 0.17723114788532257 -1.1918585300445557 0.12661732733249664
v 0.17755573987960815 -1.1959573030471802 0.13418979942798615
v 0.18472135066986084 -1.1909499168395996 0.12204694747924805
v 0.18491172790527344 -1.1955804824829102 0.13095222413539886
v 0.19714581966400146 -1.172366738319397 0.10882125794887543
v 0.19813494384288788 -1.17770516872406 0.11726704239845276
v 0.1992996633052826 -1.182869553565979 0.11380697786808014
v 0.1974080204963684 -1.1782667636871338 0.1043487936258316
v 0.19171839952468872 -1.1731288433074951 0.1148815006017685
v 0.19267866015434265 -1.1775305271148682 0.12034747004508972
v 0.1885247379541397 -1.1823441982269287 0.11995245516300201
v 0.18913915753364563 -1.179145336151123 0.11575216054916382
v 0.1881924271583557 -1.186597466468811 0.11013844609260559
v 0.18871568143367767 -1.1892198324203491 0.1160273402929306
v 0.19351139664649963 -1.1846939325332642 0.10511349141597748
v 0.19550998508930206 -1.1885581016540527 0.11256138980388641
v 0.1369556188583374 -1.1755682229995728 0.14312082529067993
v 0.11930491030216217 -1.170121431350708 0.14429603517055511
v 0.12696024775505066 -1.2010635137557983 0.16784527897834778
v 0.11165361106395721 -1.1804264783859253 0.13737565279006958
v 0.1336132287979126 -1.201540231704712 0.16751135885715485
v 0.13498815894126892 -1.1923235654830933 0.13512273132801056
v 0.11839547753334045 -1.189173936843872 0.13246934115886688
v 0.13862116634845734 -1.1884413957595825 0.1468115895986557
v 0.16098086535930634 -1.194237470626831 0.1692345142364502
v 0.15485934913158417 -1.1918079853057861 0.12992516160011292
v 0.15724420547485352 -1.1884292364120483 0.14049439132213593
v 0.15597817301750183 -1.1944270133972168 0.17060603201389313
v 0.15551069378852844 -1.1756187677383423 0.13834623992443085
v 0.17142440378665924 -1.174274206161499 0.12617991864681244
v 0.17020834982395172 -1.2002431154251099 0.15497063100337982
v 0.17425407469272614 -1.2001264095306396 0.15399540960788727
v 0.17207753658294678 -1.1898348331451416 0.11990262567996979
v 0.17595824599266052 -1.18300461769104 0.13132363557815552
v 0.18639013171195984 -1.1887050867080688 0.14111167192459106
v 0.18471920490264893 -1.1862103939056396 0.10671977698802948
v 0.1889352947473526 -1.1787748336791992 0.11529338359832764
v 0.1828162521123886 -1.1885747909545898 0.14243292808532715
v 0.18579135835170746 -1.1697566509246826 0.11240950226783752
v 0.19640183448791504 -1.1817023754119873 0.12051846086978912
v 0.19210965931415558 -1.1819963455200195 0.09390781819820404
v 0.1968981772661209 -1.1730655431747437 0.09201572835445404
v 0.19380740821361542 -1.1815990209579468 0.1230137050151825
v 0.1953994631767273 -1.166456699371338 0.09918777644634247
v 0.10765424370765686 -1.0434610843658447 0.04734683036804199
v 0.10666820406913757 -1.0153850317001343 0.0438409224152565
v 0.11769329756498337 -1.0172275304794312 0.05093110352754593
v 0.11921457946300507 -1.0452834367752075 0.052804186940193176
v 0.13026666641235352 -1.0425095558166504 0.04969573765993118
v 0.10787250846624374 -1.069648027420044 0.05335193872451782
v 0.12151823192834854 -1.0706292390823364 0.05704560875892639
v 0.13276022672653198 -1.0687882900238037 0.05114994943141937
v 0.1545945703983307 -1.080135464668274 0.0102396160364151
v 0.1527990847826004 -1.0754671096801758 -0.008277758955955505
v 0.14040157198905945 -1.0731860399246216 -0.017687618732452393
v 0.13002879917621613 -1.0704509019851685 -0.028020158410072327
v 0.11951075494289398 -1.067873477935791 -0.037599802017211914
v 0.09753038734197617 -1.089423418045044 0.042281776666641235
v 0.10918349027633667 -1.0904221534729004 0.05887642502784729
v 0.1246442049741745 -1.0904799699783325 0.06383028626441956
v 0.13793784379959106 -1.0887689590454102 0.05579204857349396
v 0.11395788192749023 -1.1599185466766357 0.13086356222629547
v 0.13207507133483887 -1.158806324005127 0.12938536703586578
v 0.12628382444381714 -1.1443904638290405 0.11438032984733582
v 0.11126729846000671 -1.1531414985656738 0.11110405623912811
v 0.14855562150478363 -1.1611195802688599 0.12249656021595001
v 0.14372101426124573 -1.144028663635254 0.10769426822662354
v 0.16415485739707947 -1.161205530166626 0.11132566630840302
v 0.15830589830875397 -1.1457695960998535 0.09631174802780151
v 0.1785663515329361 -1.1595247983932495 0.09846672415733337
v 0.17146530747413635 -1.1468185186386108 0.08396103978157043
v 0.19103500247001648 -1.1589828729629517 0.08654573559761047
v 0.18375220894813538 -1.1495572328567505 0.07129859924316406
v 0.19653987884521484 -1.1663039922714233 0.0782133936882019
v 0.19135582447052002 -1.1576409339904785 0.0617004930973053
v 0.10649620741605759 -1.1740154027938843 0.12233428657054901
v 0.10595693439245224 -1.1661394834518433 0.10232675075531006
v 0.11472371220588684 -1.18478524684906 0.11466506123542786
v 0.11374053359031677 -1.178585171699524 0.09468591213226318
v 0.13073623180389404 -1.1853960752487183 0.11092561483383179
v 0.12891654670238495 -1.17891526222229 0.0901898443698883
v 0.186197891831398 -1.1704375743865967 0.0603732168674469
v 0.1901562511920929 -1.1781232357025146 0.07838767766952515
v 0.14884470403194427 -1.1843687295913696 0.10365061461925507
v 0.14606958627700806 -1.1768518686294556 0.08306413888931274
v 0.1652161180973053 -1.1835733652114868 0.09447823464870453
v 0.161599263548851 -1.176081895828247 0.07402902841567993
v 0.17882917821407318 -1.1818654537200928 0.0854506641626358
v 0.17498241364955902 -1.1747106313705444 0.0657842755317688
v 0.11898308247327805 -1.1305139064788818 0.094195157289505
v 0.13752040266990662 -1.1251393556594849 0.09192156791687012
v 0.15085017681121826 -1.1270339488983154 0.08046337962150574
v 0.16373199224472046 -1.130300521850586 0.06739667057991028
v 0.17524749040603638 -1.1377301216125488 0.05296105146408081
v 0.1834823191165924 -1.1477535963058472 0.04239460825920105
v 0.15914711356163025 -1.1103112697601318 0.045961588621139526
v 0.1667609065771103 -1.1285539865493774 0.0304834246635437
v 0.1728968471288681 -1.1408069133758545 0.021551549434661865
v 0.1629694253206253 -1.1338574886322021 0.00130540132522583
v 0.16044580936431885 -1.1209144592285156 0.007951438426971436
v 0.1463478058576584 -1.1106904745101929 -0.030369848012924194
v 0.15301337838172913 -1.1145987510681152 -0.012896060943603516
v 0.1560821831226349 -1.1273610591888428 -0.01945367455482483
v 0.148667573928833 -1.124311923980713 -0.03795278072357178
v 0.15746702253818512 -1.1039804220199585 0.01973491907119751
v 0.1521800458431244 -1.09779691696167 -0.0016283690929412842
v 0.14527066051959991 -1.0932990312576294 -0.017566919326782227
v 0.12949422001838684 -1.1199088096618652 -0.0566522479057312
v 0.13038508594036102 -1.1043378114700317 -0.05183723568916321
v 0.13928082585334778 -1.1076278686523438 -0.042261093854904175
v 0.140578955411911 -1.1219924688339233 -0.049421489238739014
v 0.1121864914894104 -1.1203540563583374 -0.05955988168716431
v 0.11346189677715302 -1.103711485862732 -0.05689850449562073
v 0.0982932522892952 -1.1086547374725342 -0.04538378119468689
v 0.09698481112718582 -1.1242035627365112 -0.04904213547706604
v 0.12988603115081787 -1.086909294128418 -0.0391845703125
v 0.1377563178539276 -1.090647578239441 -0.028754904866218567
v 0.1163010373711586 -1.0853228569030762 -0.0462268590927124
v 0.10313529521226883 -1.089714527130127 -0.03627660870552063
v 0.09457743167877197 -1.1143057346343994 -0.026817739009857178
v 0.09929908812046051 -1.0945565700531006 -0.020262867212295532
v 0.09182582795619965 -1.1291489601135254 -0.031107217073440552
v 0.10820495337247849 -1.1449944972991943 0.0873965322971344
v 0.10728047043085098 -1.156456470489502 0.07942846417427063
v 0.14514094591140747 -1.1063921451568604 0.0669933557510376
v 0.13045549392700195 -1.1067514419555664 0.07665255665779114
v 0.11028480529785156 -1.1122390031814575 0.07041853666305542
v 0.10167364776134491 -1.1341331005096436 0.06334090232849121
v 0.10593754053115845 -1.1476913690567017 0.05450683832168579
v 0.09721745550632477 -1.128660798072815 0.03892475366592407
v 0.10271929204463959 -1.141316533088684 0.031920939683914185
v 0.11456891894340515 -1.1660197973251343 0.07253870368003845
v 0.1142503172159195 -1.1539835929870605 0.0487653911113739
v 0.10992735624313354 -1.1477738618850708 0.026558637619018555
v 0.09399010241031647 -1.1243749856948853 0.017854779958724976
v 0.09750999510288239 -1.1373844146728516 0.01219475269317627
v 0.0947553813457489 -1.1205605268478394 0.0014043152332305908
v 0.09460073709487915 -1.1343128681182861 -0.003668665885925293
v 0.09245277941226959 -1.1319811344146729 -0.01676848530769348
v 0.09537685662508011 -1.1177202463150024 -0.011875957250595093
v 0.09594422578811646 -1.1017690896987915 0.005393892526626587
v 0.0978938639163971 -1.0983637571334839 -0.0067615509033203125
v 0.09517423808574677 -1.1067265272140503 0.022533267736434937
v 0.09767469018697739 -1.109864592552185 0.04372119903564453
v 0.180169478058815 -1.1607518196105957 0.039739906787872314
v 0.17118068039417267 -1.151781439781189 0.0190313458442688
v 0.16098111867904663 -1.1438556909561157 -0.0010020732879638672
v 0.15234419703483582 -1.1390873193740845 -0.021724313497543335
v 0.143274188041687 -1.1364049911499023 -0.03832176327705383
v 0.135435089468956 -1.1340696811676025 -0.04793861508369446
v 0.1256374716758728 -1.1317908763885498 -0.0542941689491272
v 0.11195113509893417 -1.131141185760498 -0.05467790365219116
v 0.10076814889907837 -1.1335664987564087 -0.047271132469177246
v 0.09692724049091339 -1.1384824514389038 -0.03361421823501587
v 0.09746267646551132 -1.1424576044082642 -0.021296977996826172
v 0.10401800274848938 -1.1455011367797852 0.006829768419265747
v 0.09958617389202118 -1.1445887088775635 -0.008696109056472778
v 0.09187567234039307 -1.086889386177063 0.02457474172115326
v 0.09390523284673691 -1.0824120044708252 0.007563486695289612
v 0.09766337275505066 -1.0792438983917236 -0.0035601556301116943
v 0.1065363734960556 -1.071521282196045 -0.029729709029197693
v 0.10217469930648804 -1.0762288570404053 -0.014692619442939758
v 0.12755218148231506 -1.1687883138656616 0.06656640768051147
v 0.14345934987068176 -1.1673256158828735 0.05944633483886719
v 0.15794852375984192 -1.1666289567947388 0.051011860370635986
v 0.17025935649871826 -1.1654572486877441 0.04383924603462219
v 0.1630842089653015 -1.1566258668899536 0.021806031465530396
v 0.15188732743263245 -1.1577436923980713 0.027519196271896362
v 0.13798952102661133 -1.158534288406372 0.0349479615688324
v 0.12466857582330704 -1.1573015451431274 0.042909085750579834
v 0.15333320200443268 -1.1496946811676025 0.0015110671520233154
v 0.14347246289253235 -1.1516613960266113 0.006522327661514282
v 0.13049164414405823 -1.152400255203247 0.012526720762252808
v 0.11914536356925964 -1.151688814163208 0.02030053734779358
v 0.11198612302541733 -1.1495895385742188 0.0005207061767578125
v 0.1218494176864624 -1.1490416526794434 -0.006923198699951172
v 0.13378086686134338 -1.1475682258605957 -0.012236297130584717
v 0.14306044578552246 -1.1448891162872314 -0.01778733730316162
v 0.13475608825683594 -1.1413698196411133 -0.03274416923522949
v 0.12616267800331116 -1.1436880826950073 -0.026600927114486694
v 0.11558835208415985 -1.1455398797988892 -0.021215230226516724
v 0.10722881555557251 -1.146801233291626 -0.014812201261520386
v 0.1287420392036438 -1.1389117240905762 -0.04125082492828369
v 0.11322055011987686 -1.13616943359375 -0.04822114109992981
v 0.12197695672512054 -1.1370022296905518 -0.046644389629364014
v 0.10563509166240692 -1.137967824935913 -0.044215887784957886
v 0.1039493978023529 -1.1411691904067993 -0.03474268317222595
v 0.10496562719345093 -1.144257664680481 -0.025121748447418213
v 0.11069580912590027 -1.140641212463379 -0.036383241415023804
v 0.11270320415496826 -1.1429027318954468 -0.02966633439064026
v 0.1217641830444336 -1.1410903930664062 -0.03484418988227844
v 0.11778440326452255 -1.1391087770462036 -0.04039698839187622
v 0.11004185676574707 -1.1387020349502563 -0.041549474000930786
v 0.11365453153848648 -1.137951135635376 -0.04350310564041138
v 0.14811481535434723 -1.0877532958984375 0.0356268584728241
v 0.0011777961626648903 0.28772851824760437 -0.06802856922149658
v 0.0003230869770050049 0.2185792624950409 -0.09020962566137314
v 0.08370804041624069 -0.732467770576477 0.10190685838460922
v 0.09824925661087036 -0.7348054051399231 0.1089896559715271
v 0.11309634894132614 -0.7320818901062012 0.11163748800754547
v 0.12932565808296204 -0.3042524456977844 0.11967509239912033
v 0.08563876152038574 -0.09307441860437393 0.1296810805797577
v 0.09741600602865219 -0.05037510022521019 0.12413236498832703
v 0.09078317135572433 -0.07289066165685654 0.12678280472755432
v 0.13296514749526978 -0.3267612159252167 0.1237792894244194
v 0.14721077680587769 -0.023631444200873375 0.0701289251446724
v 0.0015304365660995245 -0.31144800782203674 -0.1102360263466835
v -0.0004608007147908211 0.18022221326828003 -0.0948275625705719
v 0.1271541565656662 0.14834946393966675 0.10371692478656769
v 0.001300808391533792 -0.22662240266799927 -0.11807329207658768
v 0.09257420897483826 0.43365347385406494 -0.008223429322242737
v 0.0899871438741684 0.43238455057144165 -0.009599614888429642
v 0.08931250125169754 0.42851004004478455 -0.009688232094049454
v 0.08775124698877335 0.42681193351745605 -0.014026261866092682
v 0.08692064136266708 0.42492642998695374 -0.017119839787483215
v 0.0873563140630722 0.42359915375709534 -0.018934346735477448
v 0.0901937261223793 0.42875924706459045 -0.012367025017738342
v 0.08884496986865997 0.43120551109313965 -0.015510626137256622
v 0.09041941910982132 0.43083152174949646 -0.011606533080339432
v 0.09114059805870056 0.4305495023727417 -0.01096547394990921
v 0.0178071279078722 0.18160724639892578 0.10372284799814224
v 0.01883505843579769 0.16495266556739807 0.11210862547159195
v 0.02122114598751068 0.1498814821243286 0.12040534615516663
v 0.022872451692819595 0.13101395964622498 0.12627746164798737
v 0.01991100423038006 0.3979122042655945 0.10939233750104904
v -0.0022044628858566284 -0.14356204867362976 0.15508678555488586
v -0.0012276293709874153 -0.13194382190704346 0.15456484258174896
v 0.0003918835427612066 -0.07524717599153519 -0.05825527384877205
v -0.0007285918109118938 -0.18088951706886292 0.15839041769504547
v 0.0010417690500617027 -0.117177814245224 0.1570708006620407
v 0.002572997473180294 0.05876071751117706 -0.0911547988653183
v 0.024576466530561447 0.1120479628443718 0.1321822553873062
v -0.00027984404005110264 -0.20026691257953644 0.15574228763580322
v 0.00011374568566679955 0.119829460978508 -0.10216889530420303
v 0.0047207982279360294 -0.09569203108549118 0.1596972942352295
v -0.0005193133256398141 -0.29014578461647034 0.1341087967157364
v 0.01610732078552246 -0.026289936155080795 0.1528758853673935
v -0.024459436535835266 0.5084919333457947 0.061092276126146317
v -0.03626332804560661 0.4984396994113922 0.053620412945747375
v -0.029428526759147644 0.49200159311294556 0.06428007781505585
v -0.017766360193490982 0.49791428446769714 0.07144235074520111
v -0.02557564526796341 0.484957218170166 0.07329694926738739
v -0.014873157255351543 0.48785877227783203 0.07838104665279388
v -0.043345801532268524 0.48609158396720886 0.04648860543966293
v -0.03700666502118111 0.4824623465538025 0.05748951435089111
v -0.04539751261472702 0.44631287455558777 0.05978133901953697
v -0.043048322200775146 0.4552922546863556 0.05741092562675476
v -0.04906291142106056 0.4509638249874115 0.04982013627886772
v -0.05035686492919922 0.4387713074684143 0.05226682871580124
v -0.04505883529782295 0.41991305351257324 0.06523042917251587
v -0.047807447612285614 0.4087481200695038 0.05636240169405937
v -0.041991155594587326 0.40332603454589844 0.06829147785902023
v -0.03838089480996132 0.41450896859169006 0.07449917495250702
v -0.00447441078722477 0.4342767298221588 0.09127485752105713
v -0.007823126390576363 0.43967074155807495 0.08826160430908203
v -0.01366531103849411 0.43407875299453735 0.08911202847957611
v -0.009678609669208527 0.4277433753013611 0.09199497103691101
v 0.005184283014386892 0.4457087516784668 0.09359460324048996
v 0.010245952755212784 0.45043087005615234 0.09823356568813324
v 0.009323925711214542 0.45459964871406555 0.09245166182518005
v 0.0037389914505183697 0.4495779871940613 0.08905813097953796
v 0.0006414931267499924 0.4290614426136017 0.09332464635372162
v -0.004645073786377907 0.42231905460357666 0.09379620850086212
v 0.002321426523849368 0.4365169107913971 0.0947331041097641
v 0.00021760771051049232 0.4401242434978485 0.0911494791507721
v 0.006732092704623938 0.4337206482887268 0.10611619800329208
v 0.010106205940246582 0.4353395700454712 0.11019695550203323
v 0.009424103423953056 0.44094619154930115 0.10890786349773407
v 0.005395956803113222 0.4381886422634125 0.10345657169818878
v 0.0024460682179778814 0.43028444051742554 0.09772751480340958
v 0.006292457692325115 0.42775896191596985 0.1002737432718277
v 0.00530559616163373 0.43103331327438354 0.10244095325469971
v 0.0027857772074639797 0.434232622385025 0.0995946079492569
v 0.006002811715006828 0.44176235795021057 0.0984506905078888
v 0.010225972160696983 0.44597911834716797 0.10398423671722412
v 0.014798758551478386 0.44885504245758057 0.10967928171157837
v 0.014478113502264023 0.4421378970146179 0.11507713794708252
v -0.020448101684451103 0.41367194056510925 0.09095978736877441
v -0.015028933063149452 0.41053372621536255 0.0939042791724205
v -0.010200006887316704 0.4164811074733734 0.09447900950908661
v -0.01520955003798008 0.42092424631118774 0.09224788099527359
v 0.004786135163158178 0.4238920211791992 0.09832320362329483
v 0.002388996770605445 0.40853458642959595 0.10392925143241882
v 0.008221782743930817 0.41034701466560364 0.10689771175384521
v 0.008066880516707897 0.41448336839675903 0.10565214604139328
v 0.00161065929569304 0.41266903281211853 0.10271763801574707
v -0.027018174529075623 0.3972499370574951 0.08628004789352417
v -0.027364581823349 0.3879846930503845 0.08426341414451599
v -0.020158417522907257 0.38996365666389465 0.09070244431495667
v -0.02026127278804779 0.3971863389015198 0.09127330780029297
v -0.0177699513733387 0.38322362303733826 0.09102829545736313
v -0.024903493002057076 0.37880027294158936 0.08438736200332642
v -0.014272675849497318 0.3642265498638153 0.09021498262882233
v -0.008460796438157558 0.373136430978775 0.09788758307695389
v -0.013520509004592896 0.3778916299343109 0.09345075488090515
v -0.020449521020054817 0.37101709842681885 0.08621524274349213
v 0.003613515757024288 0.3802974224090576 0.10414794832468033
v -0.0023936082143336535 0.36936503648757935 0.10334794223308563
v 0.004764898214489222 0.3666021525859833 0.1080198809504509
v 0.009474934078752995 0.37932392954826355 0.10662388801574707
v 0.0030316640622913837 0.4016112983226776 0.10141971707344055
v 0.0028445387724786997 0.4048502445220947 0.103270024061203
v -0.0014279545284807682 0.4032924771308899 0.10053635388612747
v -0.0010555349290370941 0.40084728598594666 0.09930142015218735
v -0.005679572466760874 0.39998629689216614 0.09702154994010925
v -0.005529007874429226 0.4009309411048889 0.09763230383396149
v -0.007253274321556091 0.40172743797302246 0.09755504131317139
v -0.00762852281332016 0.3997657597064972 0.09653282165527344
v -0.003693542443215847 0.4003393054008484 0.09779602289199829
v -0.004566560033708811 0.3990519940853119 0.09739600867033005
v -0.0022164364345371723 0.3984857201576233 0.09890717267990112
v 0.0013528193812817335 0.3983197808265686 0.10170020163059235
v 0.014788785949349403 0.3980567157268524 0.10876910388469696
v 0.015601299703121185 0.40218302607536316 0.10653601586818695
v 0.012456666678190231 0.4020114839076996 0.10555046796798706
v 0.010928400792181492 0.39823004603385925 0.10762889683246613
v -0.005470995791256428 0.40360912680625916 0.09890381991863251
v -0.0024326369166374207 0.40601882338523865 0.10094766318798065
v -0.0038736858405172825 0.4093717932701111 0.10013920068740845
v -0.007710202597081661 0.4057985544204712 0.0985182598233223
v -0.010918773710727692 0.4081881642341614 0.0967542976140976
v -0.013658381067216396 0.4031357169151306 0.0953570157289505
v -0.00994151458144188 0.4023597240447998 0.09708385914564133
v -0.006493525579571724 0.3977668881416321 0.09656837582588196
v -0.010592427104711533 0.39911946654319763 0.09573999047279358
v -0.009659877978265285 0.39574429392814636 0.09526919573545456
v -0.007409309037029743 0.39299967885017395 0.09692862629890442
v -0.00423973985016346 0.3962564170360565 0.09831541776657104
v -0.0006894292309880257 0.3952014744281769 0.10124409943819046
v -0.003854602575302124 0.3908134996891022 0.09986360371112823
v 0.0013010967522859573 0.3891368508338928 0.1030857115983963
v 0.004155769944190979 0.3942580819129944 0.10482247173786163
v -0.006277546752244234 0.41289737820625305 0.09807879477739334
v -0.014720037579536438 0.39815372228622437 0.09416256844997406
v -0.01819707453250885 0.4041329026222229 0.09266533702611923
v -0.014277379959821701 0.39291590452194214 0.09343329071998596
v -0.011836832389235497 0.38846760988235474 0.09468327462673187
v -0.0026253368705511093 0.38212838768959045 0.10076893866062164
v -0.008074291050434113 0.3849063217639923 0.09753028303384781
v -0.007039138115942478 0.35853904485702515 0.0953664630651474
v 0.0017144361045211554 0.3549616038799286 0.09923412650823593
v -0.021894866600632668 0.47861194610595703 0.07617685198783875
v -0.012936152517795563 0.47995081543922424 0.07912856340408325
v -0.02278582751750946 0.4703379273414612 0.07444672286510468
v -0.01865982636809349 0.47164952754974365 0.07641919702291489
v -0.019431691616773605 0.47449055314064026 0.07608702778816223
v -0.024371903389692307 0.47240471839904785 0.07335736602544785
v -0.036793578416109085 0.45888909697532654 0.06215554103255272
v -0.039039839059114456 0.45246514678001404 0.0638938769698143
v -0.03270159661769867 0.45777589082717896 0.06621675193309784
v -0.03158445656299591 0.4618818163871765 0.06605475395917892
v -0.02518296428024769 0.45205461978912354 0.07534009963274002
v -0.02232617884874344 0.4591304063796997 0.0752340778708458
v -0.02551371604204178 0.45939773321151733 0.07254050672054291
v -0.029683945700526237 0.45250147581100464 0.07184146344661713
v -0.018456675112247467 0.45911335945129395 0.07716255635023117
v -0.02011525072157383 0.4526187479496002 0.07776348292827606
v -0.014996454119682312 0.4540826976299286 0.07909602671861649
v -0.014210083521902561 0.45964041352272034 0.07816920429468155
v -0.012250741943717003 0.47553980350494385 0.0772450715303421
v -0.013047317042946815 0.47235822677612305 0.07757999002933502
v -0.006872515194118023 0.47171974182128906 0.07688462734222412
v -0.004875012207776308 0.47518205642700195 0.07705696672201157
v 0.0024416043888777494 0.4639863967895508 0.07470399141311646
v 0.005579906050115824 0.4641549587249756 0.07611924409866333
v 0.005350952036678791 0.4684622883796692 0.07544069737195969
v 0.0017753473948687315 0.4666070342063904 0.07466275990009308
v 0.000909669091925025 0.4624321162700653 0.07588262856006622
v 0.002794264815747738 0.46115338802337646 0.07729693502187729
v -0.017081134021282196 0.5298228859901428 0.05201452597975731
v -0.03190212324261665 0.5199013948440552 0.047402769327163696
v -0.009407415986061096 0.5153028964996338 0.06632086634635925
v -0.04219187796115875 0.505664587020874 0.03944910690188408
v -0.049351222813129425 0.49026718735694885 0.03431711718440056
v -0.04396812990307808 0.39223799109458923 0.06326793879270554
v -0.03589317575097084 0.3887260854244232 0.07528837025165558
v -0.03448228910565376 0.39932191371917725 0.07834986597299576
v -0.04246704652905464 0.3804607391357422 0.05990075320005417
v -0.033916860818862915 0.3776416778564453 0.07407313585281372
v -0.019683675840497017 0.3577801287174225 0.0752725750207901
v -0.02877647988498211 0.36638298630714417 0.07394396513700485
v -0.04947106912732124 0.3859958052635193 0.04278423637151718
v -0.04622509330511093 0.37608984112739563 0.03769418224692345
v -0.03724153712391853 0.36831986904144287 0.05623272433876991
v -0.05102980136871338 0.38688337802886963 0.021793261170387268
v -0.04910939186811447 0.38212457299232483 0.01392226293683052
v -0.04140225797891617 0.36529889702796936 0.029296208173036575
v -0.024422388523817062 0.33089128136634827 0.04272088780999184
v -0.03784595802426338 0.33452409505844116 0.030603598803281784
v -0.03915702924132347 0.32159265875816345 0.029630322009325027
v -0.026505226269364357 0.31861570477485657 0.04204760491847992
v -0.05026667192578316 0.3973154127597809 0.04789431020617485
v -0.050652388483285904 0.46014514565467834 0.037944842129945755
v -0.05402948334813118 0.44532719254493713 0.03943265229463577
v -0.04571317508816719 0.4628751277923584 0.04918794333934784
v -0.05305188149213791 0.5155414342880249 0.0017687343060970306
v -0.05886433646082878 0.49633654952049255 0.0025645308196544647
v -0.054683614522218704 0.49395036697387695 0.01906607672572136
v -0.04674460366368294 0.5117231011390686 0.021287981420755386
v -0.023502400144934654 0.5490308403968811 0.002000093460083008
v -0.04115457460284233 0.5335906744003296 0.0016179941594600677
v -0.036095865070819855 0.5288679599761963 0.026330187916755676
v -0.01961597613990307 0.5424938797950745 0.029760785400867462
v -0.06256015598773956 0.49590325355529785 -0.0140349380671978
v -0.05695290118455887 0.5129280090332031 -0.01945093646645546
v -0.060061052441596985 0.5038069486618042 -0.040146347135305405
v -0.06394685804843903 0.49002084136009216 -0.02910677157342434
v -0.04516870155930519 0.5300469994544983 -0.025441262871026993
v -0.04825054109096527 0.5197848081588745 -0.05092038959264755
v -0.0482235886156559 0.38411182165145874 0.0014801956713199615
v -0.047563835978507996 0.3660004138946533 0.009521417319774628
v -0.046172697097063065 0.35048747062683105 0.014170337468385696
v -0.03737931326031685 0.3485568165779114 0.030701905488967896
v -0.032169535756111145 0.53187495470047 -0.05991518124938011
v -0.027353592216968536 0.5445780754089355 -0.030329536646604538
v -0.05493801832199097 0.454363614320755 -0.06727525591850281
v -0.060595594346523285 0.4500773549079895 -0.051012955605983734
v -0.0639905259013176 0.46597009897232056 -0.04670069366693497
v -0.058873847126960754 0.47387075424194336 -0.06486539542675018
v -0.04759002476930618 0.4586182236671448 -0.0856834352016449
v -0.04978443682193756 0.48091620206832886 -0.08245940506458282
v -0.042778220027685165 0.4016447365283966 -0.05235052481293678
v -0.03464743494987488 0.4013437330722809 -0.06611160933971405
v -0.030551519244909286 0.38490524888038635 -0.05475339666008949
v -0.04091644287109375 0.384465754032135 -0.04390208050608635
v -0.03307141363620758 0.47925370931625366 0.06737984716892242
v -0.036918289959430695 0.47198429703712463 0.061553362756967545
v -0.03183233365416527 0.4706737697124481 0.06751406937837601
v -0.028123920783400536 0.47549328207969666 0.071874238550663
v -0.046936728060245514 0.4733775854110718 0.04049880430102348
v -0.041051678359508514 0.4729324281215668 0.05183493345975876
v -0.057463862001895905 0.4779006838798523 0.015215877443552017
v -0.06124161556363106 0.48026958107948303 0.0031235218048095703
v -0.06617991626262665 0.4772307872772217 -0.022858738899230957
v -0.06461823731660843 0.48042452335357666 -0.010246582329273224
v -0.0632191151380539 0.4456402361392975 -0.038525551557540894
v -0.06442172825336456 0.45586538314819336 -0.035652510821819305
v -0.050116799771785736 0.39011359214782715 -0.0145656056702137
v -0.04660646989941597 0.3868166208267212 -0.028419507667422295
v -0.04244652017951012 0.3698413372039795 -0.020584985613822937
v -0.047426655888557434 0.3696154057979584 -0.007954247295856476
v -0.029292594641447067 0.3681687116622925 -0.045728664845228195
v -0.03594737499952316 0.3687819242477417 -0.03368985652923584
v -0.04707224667072296 0.337287038564682 -0.0013299211859703064
v -0.04100954905152321 0.3381989002227783 -0.01501227542757988
v -0.04368281364440918 0.3251614272594452 -0.01666070520877838
v -0.0473036952316761 0.32417264580726624 -0.0017057806253433228
v -0.0380806028842926 0.32488563656806946 -0.02946881763637066
v -0.03396889567375183 0.33873671293258667 -0.02734801173210144
v -0.02668117731809616 0.3384421765804291 -0.03774890676140785
v -0.030098486691713333 0.3228282034397125 -0.03862690553069115
v -0.0022965199314057827 0.313562273979187 0.05600181967020035
v -0.013049416244029999 0.3159847557544708 0.0501551516354084
v -0.01543604489415884 0.3045012056827545 0.048874206840991974
v -0.00342522282153368 0.30248305201530457 0.05423838272690773
v -0.049260593950748444 0.3125021457672119 -0.004374820739030838
v -0.0481594018638134 0.3145141005516052 -0.019404403865337372
v -0.04910358786582947 0.4045112431049347 -0.038739971816539764
v -0.056456878781318665 0.40670767426490784 -0.02716676890850067
v -0.04266112670302391 0.314046174287796 -0.03325025737285614
v -0.04054657742381096 0.3539023995399475 -0.016874507069587708
v -0.03320712968707085 0.353765070438385 -0.02857644110918045
v -0.018295984715223312 0.36894941329956055 -0.05437212809920311
v -0.020362282171845436 0.3859892785549164 -0.06483196467161179
v -0.002086994703859091 0.4445999264717102 0.0877067893743515
v -0.005150984972715378 0.4575738310813904 0.07905925810337067
v -0.0008582808077335358 0.45915207266807556 0.07825900614261627
v -0.0017887409776449203 0.4618590176105499 0.07693783193826675
v -0.005539136938750744 0.46107497811317444 0.07787612825632095
v 0.008898511528968811 0.4999295771121979 0.08183355629444122
v -0.004813634790480137 0.500481903553009 0.07696487009525299
v -0.0029897582717239857 0.4876996576786041 0.08347399532794952
v 0.010361431166529655 0.484197735786438 0.08506903052330017
v -0.03260736167430878 0.42880839109420776 0.0806451216340065
v -0.026508184149861336 0.4191761016845703 0.08660125732421875
v -0.020054107531905174 0.42741796374320984 0.08908171951770782
v -0.022940050810575485 0.43573683500289917 0.08468779921531677
v -0.02856994792819023 0.46367430686950684 0.06864379346370697
v -0.027347834780812263 0.4660623371601105 0.0703272670507431
v -0.029677068814635277 0.4657551944255829 0.06793057918548584
v -0.02439136803150177 0.4058227837085724 0.08857831358909607
v -0.03126797452569008 0.4092778265476227 0.08263859152793884
v -0.05357351154088974 0.43060511350631714 0.041507553309202194
v -0.04002673923969269 0.46422460675239563 0.05775323882699013
v -0.003295812290161848 0.5579525828361511 0.002339474856853485
v -0.001067787641659379 0.549612820148468 0.03290198743343353
v -0.005469047464430332 0.5539305806159973 -0.032406844198703766
v -0.008542871102690697 0.5410372614860535 -0.06372427195310593
v -0.03402354568243027 0.4868393540382385 -0.09529077261686325
v -0.015099301934242249 0.49423933029174805 -0.10412739962339401
v -0.01544930785894394 0.4670862555503845 -0.11308278143405914
v -0.035234712064266205 0.4610265791416168 -0.09986954927444458
v -0.02466118335723877 0.40001222491264343 -0.08014409244060516
v -0.018251148983836174 0.3383784294128418 -0.0449632927775383
v -0.019964147359132767 0.32275840640068054 -0.04494970664381981
v 0.0025053394492715597 0.5346585512161255 0.05636528134346008
v 0.005803115665912628 0.5171424746513367 0.07063451409339905
v -0.052132848650217056 0.47406449913978577 0.028602231293916702
v -0.045152388513088226 0.4384918510913849 0.06451945006847382
v -0.041170310229063034 0.4323115646839142 0.071762815117836
v -0.03625807538628578 0.443786084651947 0.07330521196126938
v -0.039292797446250916 0.44733479619026184 0.06784382462501526
v -0.0491027906537056 0.4279952049255371 0.05674305930733681
v -0.05157991126179695 0.41740548610687256 0.04573873057961464
v -0.05445988103747368 0.4069194197654724 0.03280053287744522
v -0.05371268093585968 0.39461690187454224 0.027777917683124542
v -0.059236783534288406 0.4908495843410492 -0.057223521173000336
v -0.06413254141807556 0.4811013638973236 -0.04186026751995087
v -0.033829182386398315 0.5108635425567627 -0.08213108777999878
v -0.04896395653486252 0.5016531944274902 -0.07004594802856445
v -0.06558410078287125 0.47164979577064514 -0.03438325226306915
v -0.013264534994959831 0.5211618542671204 -0.0891035795211792
v 0.008222458884119987 0.4187125563621521 0.10386835038661957
v 0.009854873642325401 0.42283064126968384 0.1023787185549736
v 0.0007072673179209232 0.4180010259151459 0.0994994193315506
v 0.009131382219493389 0.3935326337814331 0.10734707117080688
v 0.006861412897706032 0.3878055810928345 0.1054265946149826
v 0.011980454437434673 0.3871980309486389 0.10665347427129745
v 0.013694759458303452 0.39323949813842773 0.10854066908359528
v 0.001522798091173172 0.3479204475879669 0.08435754477977753
v -0.008607848547399044 0.3516244888305664 0.08008116483688354
v -0.001080893911421299 0.3242495656013489 0.05934247747063637
v -0.01132388785481453 0.3268876373767853 0.05239257961511612
v 0.010707992129027843 0.4318774938583374 0.10464618355035782
v 0.010151124559342861 0.4308546185493469 0.1027689278125763
v 0.012109832838177681 0.4312714636325836 0.10296907275915146
v 0.01224686112254858 0.43227311968803406 0.10483038425445557
v -0.004099329933524132 0.40206313133239746 0.09864623844623566
v 0.01308413129299879 0.4107886850833893 0.10833319276571274
v 0.012904489412903786 0.40655362606048584 0.10763557255268097
v 0.01602795720100403 0.40629708766937256 0.10818932950496674
v 0.016336368396878242 0.41028857231140137 0.10883982479572296
v -0.02647598460316658 0.3543965816497803 0.05374220013618469
v -0.023637503385543823 0.3431970775127411 0.044948726892471313
v -0.04566342756152153 0.32301265001296997 0.013046804815530777
v -0.045545049011707306 0.3365497291088104 0.014950290322303772
v -0.0470435805618763 0.3523343801498413 -0.002590358257293701
v -0.027650725096464157 0.3534407615661621 -0.03976515680551529
v -0.018142931163311005 0.35374441742897034 -0.04847007989883423
v -0.006988790817558765 0.3536645174026489 -0.0540931299328804
v -0.007515512872487307 0.3702794313430786 -0.061005253344774246
v -0.011041056364774704 0.3450701832771301 0.06512180715799332
v -0.01082515623420477 0.3369109630584717 0.056209757924079895
v -0.00019059889018535614 0.3337812125682831 0.06348062306642532
v 0.0005539911799132824 0.3410842716693878 0.07121004164218903
v 0.01642517000436783 0.42941880226135254 0.10644057393074036
v 0.015338348224759102 0.4279714524745941 0.10455362498760223
v 0.01719953492283821 0.4256758391857147 0.1056746244430542
v 0.017878849059343338 0.4283324182033539 0.10811057686805725
v 0.009116197936236858 0.4287700951099396 0.10151997953653336
v 0.010953947901725769 0.42582622170448303 0.1018337681889534
v 0.01142846792936325 0.427837073802948 0.10134753584861755
v 0.008438215591013432 0.4302489757537842 0.10303178429603577
v 0.009241539984941483 0.4320603907108307 0.10539884865283966
v 0.01435757614672184 0.4332883059978485 0.10963192582130432
v 0.015180463902652264 0.43441739678382874 0.11447601020336151
v 0.01130383089184761 0.4330981969833374 0.10810894519090652
v 0.01455116830766201 0.4307197034358978 0.1047021895647049
v 0.014142081141471863 0.4291248619556427 0.10309426486492157
v 0.011894752271473408 0.4295766353607178 0.10144481062889099
v 0.010162285529077053 0.4298346936702728 0.10162170231342316
v 0.0138706024736166 0.4328426122665405 0.10751834511756897
v 0.011999210342764854 0.43260127305984497 0.10633090883493423
v 0.01512162946164608 0.4539794325828552 0.1032339408993721
v 0.00816277414560318 0.32228145003318787 0.06256905943155289
v 0.008762293495237827 0.33155104517936707 0.065951868891716
v -0.004907978232949972 0.4003180265426636 0.09733846783638
v -0.0033188830129802227 0.4800402820110321 0.07926768064498901
v -0.030097883194684982 0.44284698367118835 0.07859058678150177
v -0.009586957283318043 0.4451053738594055 0.0848570466041565
v -0.010032559745013714 0.45044344663619995 0.08193153887987137
v -0.016052743420004845 0.4475405812263489 0.08167748898267746
v -0.015704095363616943 0.4408029317855835 0.08509280532598495
v 0.005347590893507004 0.4765434265136719 0.07935987412929535
v 0.009724549949169159 0.4707360863685608 0.07906118035316467
v 0.014004811644554138 0.47310054302215576 0.08510226011276245
v 0.00957566685974598 0.4642781913280487 0.0803794264793396
v 0.005857134237885475 0.45918571949005127 0.08040238171815872
v 0.007906725630164146 0.45760461688041687 0.08620532602071762
v 0.013279511593282223 0.4645948112010956 0.08852733671665192
v -0.02742345631122589 0.46944713592529297 0.07040145248174667
v -0.025523900985717773 0.4684133231639862 0.07218480855226517
v 0.0022864541970193386 0.4528794288635254 0.08467500656843185
v 0.0009505429770797491 0.4558001160621643 0.08077585697174072
v -0.004252056125551462 0.45311328768730164 0.08137626945972443
v -0.0035050278529524803 0.44882306456565857 0.08431799709796906
v -0.02271929569542408 0.4447496831417084 0.08085468411445618
v -0.03424514830112457 0.4651859998703003 0.06373677402734756
v -0.03220484405755997 0.4544159471988678 0.06860491633415222
v -0.053790073841810226 0.40458911657333374 -0.011720739305019379
v -0.058100078254938126 0.41462835669517517 -0.020280759781599045
v -0.05475658178329468 0.40073978900909424 0.008732445538043976
v -0.0542936772108078 0.40206822752952576 0.004452615976333618
v -0.04927472025156021 0.39535200595855713 0.006793845444917679
v -0.05173005163669586 0.3961791396141052 0.011744201183319092
v -0.06440320611000061 0.44907480478286743 -0.0196639746427536
v -0.06316958367824554 0.44957008957862854 -0.015506576746702194
v -0.06373538821935654 0.45609161257743835 -0.015682615339756012
v -0.06398819386959076 0.454304039478302 -0.022862402722239494
v -0.062455322593450546 0.4533790647983551 -0.009350888431072235
v -0.06199740245938301 0.4500240087509155 -0.008895810693502426
v -0.061611421406269073 0.45020702481269836 -0.00536452978849411
v -0.0621008425951004 0.4567001163959503 -0.007801976054906845
v -0.05963587015867233 0.4557822048664093 -0.0002583041787147522
v -0.060847457498311996 0.4668096899986267 0.001981537789106369
v -0.06344722956418991 0.46752259135246277 -0.008534304797649384
v -0.05563057214021683 0.45592787861824036 0.023700948804616928
v -0.0568503737449646 0.4638928472995758 0.011248227208852768
v -0.05713949725031853 0.4518333971500397 0.006029412150382996
v -0.05614509433507919 0.443548321723938 0.01239093765616417
v -0.056181203573942184 0.40805044770240784 0.019270770251750946
v -0.05634969845414162 0.3991212844848633 0.01714438945055008
v -0.04935934394598007 0.398090124130249 -0.0018500164151191711
v -0.04413829743862152 0.438030481338501 -0.08319424092769623
v -0.051411859691143036 0.43664994835853577 -0.06544904410839081
v -0.05771692842245102 0.43434178829193115 -0.05017712712287903
v -0.060676708817481995 0.4331992268562317 -0.03755931928753853
v -0.033556122332811356 0.4404524862766266 -0.09834657609462738
v -0.021243533119559288 0.43729543685913086 -0.11026227474212646
v -0.056698720902204514 0.4382270872592926 0.02712729200720787
v -0.05785985291004181 0.4304788112640381 0.016388576477766037
v -0.04726259037852287 0.41875532269477844 -0.059718869626522064
v -0.039160147309303284 0.4189731180667877 -0.07653100788593292
v -0.05310346186161041 0.4185759127140045 -0.04551827162504196
v -0.05780409276485443 0.4207078814506531 -0.034053221344947815
v -0.02690115198493004 0.42208653688430786 -0.09109780192375183
v -0.013647171668708324 0.41818520426750183 -0.10002903640270233
v -0.012287665158510208 0.3984812796115875 -0.0872989147901535
v -0.06172366440296173 0.4086261987686157 0.008906498551368713
v -0.06218873709440231 0.40280377864837646 0.010519001632928848
v -0.05913185700774193 0.4011458158493042 0.01212313398718834
v -0.059344276785850525 0.4073832333087921 0.013244044035673141
v -0.05698966234922409 0.4189915955066681 0.0180741548538208
v -0.055976856499910355 0.42265671491622925 0.028967082500457764
v 0.014328288845717907 0.45922335982322693 0.09671904146671295
v 0.011890493333339691 0.36558929085731506 0.11001503467559814
v 0.014203444123268127 0.37926894426345825 0.10799451917409897
v 0.013589653186500072 0.41864582896232605 0.10594920814037323
v 0.01323963887989521 0.4147416353225708 0.10740772634744644
v 0.016534050926566124 0.414004921913147 0.10789057612419128
v 0.016838259994983673 0.41784605383872986 0.1065901517868042
v 0.0014580274000763893 0.47248947620391846 0.07596664130687714
v -0.00882724579423666 0.3856055438518524 -0.07293489575386047
v -0.00636442843824625 0.3393438458442688 -0.05028935894370079
v -0.008349045179784298 0.322873592376709 -0.049352578818798065
v -0.03387982398271561 0.31138500571250916 -0.04309283569455147
v -0.022937791422009468 0.31006473302841187 -0.04952317103743553
v 0.017233729362487793 0.42180919647216797 0.10556387901306152
v 0.014181104488670826 0.4223935604095459 0.10462021827697754
v 0.01428798958659172 0.4321275055408478 0.10634903609752655
v 0.008266158401966095 0.4060925245285034 0.10603401064872742
v 0.013844193890690804 0.4275771677494049 0.10304272174835205
v 0.014409828931093216 0.4253750741481781 0.10387399047613144
v 0.019219549372792244 0.4250500202178955 0.10648656636476517
v 0.018828697502613068 0.42138147354125977 0.10589638352394104
v -0.009951604530215263 0.455919474363327 0.07958929240703583
v -0.009803907945752144 0.4603247344493866 0.07846321165561676
v 0.016002852469682693 0.4314628541469574 0.10862579941749573
v 0.01744140312075615 0.4308378994464874 0.11128327250480652
v -0.02896646037697792 0.30647045373916626 0.040057986974716187
v -0.04082336649298668 0.30896133184432983 0.026353098452091217
v 0.01826292835175991 0.40616220235824585 0.1082267165184021
v 0.01843799278140068 0.4099898338317871 0.10895875841379166
v -0.0582563653588295 0.43500620126724243 0.005832500755786896
v -0.05931422859430313 0.44243112206459045 0.002496093511581421
v -0.061698634177446365 0.43661147356033325 -0.0015412792563438416
v -0.06061723083257675 0.4306958317756653 0.0010067783296108246
v 0.006961545906960964 0.31176280975341797 0.05920625850558281
v -0.04729370400309563 0.31041431427001953 0.010570801794528961
v -0.010445310734212399 0.3096736669540405 -0.053205061703920364
v -0.0278974287211895 0.4602682888507843 0.07007677853107452
v -0.028824497014284134 0.4617142677307129 0.06857387721538544
v -0.001665283925831318 0.46977531909942627 0.07530094683170319
v 0.00626414967700839 0.3982948958873749 0.10527545213699341
v 0.008090808056294918 0.40191808342933655 0.10396148264408112
v 0.009316614829003811 0.3392255902290344 0.07337091863155365
v 0.019556131213903427 0.42775216698646545 0.1090039312839508
v -0.06239038333296776 0.443408340215683 -0.011579710990190506
v -0.062205228954553604 0.4400174617767334 -0.01065731793642044
v -0.06519897282123566 0.43936771154403687 -0.007934723049402237
v -0.06485811620950699 0.44266048073768616 -0.00787607952952385
v -0.06506606936454773 0.4467504322528839 -0.0034323111176490784
v -0.06613472104072571 0.44967228174209595 -0.005606554448604584
v -0.06807930022478104 0.44631195068359375 -0.006570078432559967
v -0.06692282110452652 0.443615198135376 -0.005497530102729797
v -0.060887742787599564 0.4478323459625244 -0.0010716207325458527
v -0.06328894197940826 0.4427199959754944 -0.002467777580022812
v -0.06872734427452087 0.45068123936653137 -0.007513388991355896
v -0.06894496083259583 0.44789549708366394 -0.00834064930677414
v -0.06253053992986679 0.45008406043052673 -0.011312566697597504
v -0.06551792472600937 0.4515504837036133 -0.009104125201702118
v -0.06699629127979279 0.45273953676223755 -0.013663001358509064
v -0.07142572849988937 0.45150575041770935 -0.010983064770698547
v -0.06999978423118591 0.45189717411994934 -0.01948688179254532
v -0.07460171729326248 0.45001092553138733 -0.015808384865522385
v -0.07135330885648727 0.44705730676651 -0.023894108831882477
v -0.0765269473195076 0.44586458802223206 -0.02052985318005085
v -0.05898416414856911 0.41613462567329407 0.011244002729654312
v -0.05885160714387894 0.416216641664505 0.004050996154546738
v -0.07200313359498978 0.4405134916305542 -0.024913402274250984
v -0.07719019055366516 0.43992215394973755 -0.022642120718955994
v -0.07142256200313568 0.4327099323272705 -0.024247605353593826
v -0.07683728635311127 0.43269455432891846 -0.02250395528972149
v -0.0708979070186615 0.4254312813282013 -0.02235671505331993
v -0.07564719766378403 0.4254761040210724 -0.020607590675354004
v -0.07049626857042313 0.41675040125846863 -0.018693827092647552
v -0.0750201866030693 0.41830945014953613 -0.017076339572668076
v -0.0685078576207161 0.40810009837150574 -0.01228586956858635
v -0.07312668114900589 0.41239267587661743 -0.01085922122001648
v -0.07257039844989777 0.4439231753349304 -0.019589856266975403
v -0.07117091119289398 0.44753071665763855 -0.01636410504579544
v -0.06385880708694458 0.4452110528945923 -0.02093282900750637
v -0.06989055871963501 0.4488298296928406 -0.01195814460515976
v -0.0622519887983799 0.4332256615161896 -0.017108596861362457
v -0.06190720573067665 0.43030494451522827 -0.014300685375928879
v -0.06480207294225693 0.43137499690055847 -0.010742373764514923
v -0.0620887316763401 0.43355244398117065 -0.013672690838575363
v -0.062425967305898666 0.428193062543869 -0.0024918541312217712
v -0.06306052207946777 0.4227837324142456 -0.0013096891343593597
v -0.06113128364086151 0.4233242869377136 0.0030763857066631317
v -0.06120112165808678 0.4187968373298645 -0.000774133950471878
v -0.06038875877857208 0.4228534996509552 -0.003497067838907242
v -0.06083305552601814 0.41985392570495605 -0.002824384719133377
v -0.05876652151346207 0.42647919058799744 -0.0044801682233810425
v -0.061342477798461914 0.4180809557437897 -0.0034249313175678253
v -0.062044184654951096 0.41688644886016846 -0.0012628473341464996
v -0.06034715473651886 0.4187813401222229 -0.004511162638664246
v -0.059851836413145065 0.4198133051395416 -0.004208166152238846
v -0.05872771143913269 0.4211721122264862 -0.005337446928024292
v -0.05837038531899452 0.4233654737472534 -0.008032705634832382
v -0.05888359248638153 0.4254971444606781 0.008941709995269775
v -0.057821039110422134 0.4121658504009247 -0.009013798087835312
v -0.06156991049647331 0.4192240834236145 -0.014415297657251358
v -0.06990841031074524 0.4085676670074463 -0.004120510071516037
v -0.06588663160800934 0.4035111963748932 -0.003344923257827759
v -0.0627959817647934 0.40083590149879456 0.008748192340135574
v -0.06454937905073166 0.40042179822921753 0.00384623184800148
v -0.06354779005050659 0.4398404061794281 -0.02100304514169693
v -0.06402119994163513 0.4332049787044525 -0.020683325827121735
v -0.05467606708407402 0.4077957570552826 -0.0013221390545368195
v -0.06316518038511276 0.4265775680541992 -0.01830187998712063
v -0.07113651186227798 0.4165040850639343 -0.010846000164747238
v -0.06852183490991592 0.413544625043869 -0.005864009261131287
v -0.07339068502187729 0.42086440324783325 -0.014880314469337463
v -0.06249505653977394 0.4140923023223877 0.002142142504453659
v -0.06585092842578888 0.41279467940330505 -0.0012301653623580933
v -0.06723201274871826 0.4078810214996338 0.0019486509263515472
v -0.06441505998373032 0.4081011116504669 0.006050411611795425
v -0.0661536231637001 0.41751497983932495 -0.006756149232387543
v -0.06940032541751862 0.42006850242614746 -0.00970141589641571
v -0.06287739425897598 0.4189073443412781 -0.009017616510391235
v -0.0659232959151268 0.42150992155075073 -0.01194734126329422
v -0.06197424978017807 0.41790133714675903 -0.005488641560077667
v -0.06357114762067795 0.41628116369247437 -0.003667198121547699
v -0.05923233926296234 0.419881671667099 -0.010300975292921066
v -0.06159726157784462 0.4240323305130005 -0.014197666198015213
v -0.05981811136007309 0.41886094212532043 -0.006372891366481781
v -0.06867894530296326 0.4249420464038849 -0.012889239937067032
v -0.06525789946317673 0.4276151657104492 -0.015040624886751175
v -0.06841401755809784 0.4314690828323364 -0.013220101594924927
v -0.07083674520254135 0.42882153391838074 -0.012826293706893921
v -0.07201146334409714 0.42308375239372253 -0.012740936130285263
v -0.07378032058477402 0.42713603377342224 -0.014910917729139328
v -0.07343177497386932 0.42640790343284607 -0.018179988488554955
v -0.07329748570919037 0.4323689937591553 -0.016863882541656494
v -0.07344092428684235 0.4327155351638794 -0.020142562687397003
v -0.07171245664358139 0.43236222863197327 -0.014411527663469315
v -0.07013340294361115 0.4337577819824219 -0.012558888643980026
v -0.07340709120035172 0.4390103220939636 -0.020749639719724655
v -0.07272801548242569 0.43744486570358276 -0.017516644671559334
v -0.07183974981307983 0.4418421685695648 -0.016909684985876083
v -0.07176245748996735 0.4363482892513275 -0.014907099306583405
v -0.07080672681331635 0.43982189893722534 -0.014362923800945282
v -0.07065105438232422 0.4358271062374115 -0.013135787099599838
v -0.06976599991321564 0.4378129839897156 -0.012360397726297379
v -0.06639546900987625 0.4470587372779846 -0.009815208613872528
v -0.06531473249197006 0.44537070393562317 -0.008278559893369675
v -0.06819449365139008 0.446705162525177 -0.012431297451257706
v -0.0671878531575203 0.44411176443099976 -0.011829424649477005
v -0.06581573188304901 0.44503727555274963 -0.010645207017660141
v -0.06452663242816925 0.44400641322135925 -0.010342095047235489
v -0.06643789261579514 0.4418621063232422 -0.010889053344726562
v -0.06464597582817078 0.4399779140949249 -0.012660510838031769
v -0.006923695560544729 0.2793085277080536 0.05262582749128342
v 0.00442857202142477 0.2774467468261719 0.054260194301605225
v 0.005519854370504618 0.2885095179080963 0.05512728914618492
v -0.005237837787717581 0.2908291816711426 0.053073059767484665
v -0.06898924708366394 0.44233980774879456 -0.013031713664531708
v -0.06824588775634766 0.4398064613342285 -0.011123709380626678
v -0.06996101886034012 0.44506925344467163 -0.015044379979372025
v -0.06656762212514877 0.43576779961586 -0.014009889215230942
v -0.06709209829568863 0.43758782744407654 -0.012101035565137863
v -0.0687410905957222 0.43577659130096436 -0.011976957321166992
v -0.0679878294467926 0.4343702793121338 -0.012967705726623535
v -0.06144201382994652 0.4318903088569641 -0.00442228838801384
v -0.0599401593208313 0.42952191829681396 -0.007566642016172409
v -0.06024372950196266 0.4261418581008911 -0.010570794343948364
v -0.040724415332078934 0.26699769496917725 0.038211919367313385
v -0.03740331903100014 0.27584031224250793 0.0351252481341362
v -0.05236044526100159 0.28079530596733093 0.022894293069839478
v -0.05749017745256424 0.27404215931892395 0.025321898981928825
v -0.04553548991680145 0.2487674206495285 0.06062861159443855
v -0.0698675811290741 0.25787222385406494 0.04550321400165558
v -0.0628601536154747 0.2377973198890686 0.06801912933588028
v -0.045276299118995667 0.23056980967521667 0.07398360222578049
v -0.06034376472234726 0.21789667010307312 0.08367373794317245
v -0.045075349509716034 0.21214011311531067 0.08650939911603928
v -0.05550788715481758 0.1648934781551361 0.12052074074745178
v -0.041349589824676514 0.16275465488433838 0.12189119309186935
v -0.042767636477947235 0.17844726145267487 0.11028549820184708
v -0.05683209002017975 0.181448295712471 0.10877161473035812
v -0.07325199246406555 0.08770584315061569 0.15389658510684967
v -0.06862331926822662 0.06926145404577255 0.15053212642669678
v -0.055117543786764145 0.07251347601413727 0.15390633046627045
v -0.06129397079348564 0.08929894119501114 0.15600185096263885
v -0.11345171928405762 0.206173837184906 0.09590992331504822
v -0.11447304487228394 0.23166562616825104 0.09260433167219162
v -0.12385419756174088 0.22595560550689697 0.09599639475345612
v -0.12124507874250412 0.19770236313343048 0.09665775299072266
v -0.09374066442251205 0.28239092230796814 -0.0057524340227246284
v -0.08289768546819687 0.2737393081188202 0.01672890968620777
v -0.076259084045887 0.27492472529411316 0.011204387992620468
v -0.08616035431623459 0.2853371202945709 -0.008187048137187958
v -0.12215128540992737 0.10428881645202637 0.11448831856250763
v -0.11712607741355896 0.09137102216482162 0.12230716645717621
v -0.11161903291940689 0.1003442332148552 0.12849903106689453
v -0.1151016503572464 0.11310265958309174 0.12166956812143326
v -0.09929396212100983 0.008180737495422363 0.1078420951962471
v -0.10217005014419556 -0.012046411633491516 0.10462029278278351
v -0.08571130782365799 -0.015174458734691143 0.11794335395097733
v -0.08311673253774643 0.00604807585477829 0.11997412890195847
v -0.14067403972148895 0.037191204726696014 0.05306927487254143
v -0.1457204967737198 0.03683782368898392 0.028073947876691818
v -0.14339424669742584 0.02126637101173401 0.02477189153432846
v -0.1396603137254715 0.019304340705275536 0.04955914616584778
v -0.08210813999176025 0.16750343143939972 0.11520380526781082
v -0.06943178176879883 0.16676902770996094 0.11824757605791092
v -0.07083055377006531 0.18365514278411865 0.1068224310874939
v -0.08366239070892334 0.1851068139076233 0.10430604964494705
v -0.21945342421531677 0.2882467210292816 0.1828732043504715
v -0.21489620208740234 0.2728307247161865 0.18991757929325104
v -0.20119142532348633 0.2682833969593048 0.16859595477581024
v -0.20565353333950043 0.2833912968635559 0.16202130913734436
v -0.14777864515781403 -0.07602348923683167 0.040429871529340744
v -0.14658896625041962 -0.06976674497127533 0.017042407765984535
v -0.15078040957450867 -0.08929270505905151 0.016825232654809952
v -0.15183603763580322 -0.09597235172986984 0.040714431554079056
v -0.15259230136871338 0.2921210527420044 0.07232698053121567
v -0.14393211901187897 0.2918214201927185 0.0637061595916748
v -0.15640686452388763 0.29736265540122986 0.04130948334932327
v -0.1654907464981079 0.2989116311073303 0.05144638195633888
v -0.11749495565891266 0.15951982140541077 0.1024172380566597
v -0.11000232398509979 0.16587918996810913 0.10652996599674225
v -0.11128450185060501 0.18505704402923584 0.1009553000330925
v -0.118854820728302 0.17638903856277466 0.09888250380754471
v -0.1539558619260788 0.06695056706666946 0.029464056715369225
v -0.14923709630966187 0.06848769634962082 0.05035596340894699
v -0.1512414962053299 0.08689256757497787 0.04735863208770752
v -0.1569293588399887 0.08539298921823502 0.029031716287136078
v -0.14554305374622345 0.05179271847009659 0.05225498229265213
v -0.14991962909698486 0.050617676228284836 0.029063072055578232
v -0.10269588232040405 0.16786415874958038 0.10920930653810501
v -0.09345623850822449 0.16781847178936005 0.11223556846380234
v -0.09495092928409576 0.18733461201190948 0.1023857519030571
v -0.10378740727901459 0.18969814479351044 0.10140972584486008
v -0.0654054582118988 0.05301735922694206 0.14279992878437042
v -0.04871007055044174 0.05696097016334534 0.14767879247665405
v -0.14623504877090454 -0.10311063379049301 0.06308919191360474
v -0.1358700841665268 -0.11070273071527481 0.08343030512332916
v -0.13281871378421783 -0.0898037776350975 0.08309867978096008
v -0.14280034601688385 -0.08275726437568665 0.06288713961839676
v -0.06461256742477417 0.023190824314951897 0.13063915073871613
v -0.06376959383487701 0.03967970982193947 0.13546577095985413
v -0.0795472115278244 0.039536017924547195 0.12813138961791992
v -0.08071497827768326 0.023828569799661636 0.12211655080318451
v -0.12081834673881531 -0.11765748262405396 0.10105957835912704
v -0.10266947746276855 -0.12394732981920242 0.11759573221206665
v -0.09918774664402008 -0.10209943354129791 0.11647162586450577
v -0.11758680641651154 -0.09618421643972397 0.10103929787874222
v -0.05848783254623413 0.1989479511976242 0.09672443568706512
v -0.043983183801174164 0.1949322670698166 0.0987134724855423
v -0.0943741500377655 0.08841018378734589 0.14407053589820862
v -0.09288573265075684 0.07078728079795837 0.14029152691364288
v -0.08150748908519745 0.06899122893810272 0.14590463042259216
v -0.08455560356378555 0.08761654049158096 0.14955532550811768
v -0.13432520627975464 0.16715963184833527 0.08187463879585266
v -0.1285954862833023 0.18404439091682434 0.09292767941951752
v -0.13483676314353943 0.2145397663116455 0.09545457363128662
v -0.1397870033979416 0.1861850619316101 0.0840594470500946
v -0.15593892335891724 -0.10857739299535751 0.016467459499835968
v -0.1559017300605774 -0.11533904820680618 0.040847986936569214
v -0.12279816716909409 -0.13867692649364471 0.10153865069150925
v -0.10404230654239655 -0.14467735588550568 0.1179649606347084
v -0.17538480460643768 0.17264889180660248 0.0588865801692009
v -0.169655904173851 0.16217078268527985 0.05222640931606293
v -0.16250477731227875 0.16695401072502136 0.059962816536426544
v -0.1679375022649765 0.17779257893562317 0.06537257879972458
v -0.02424178086221218 0.08862641453742981 0.15345017611980438
v -0.03883948177099228 0.0987420380115509 0.155117005109787
v -0.04448371380567551 0.08197520673274994 0.15592773258686066
v -0.03322733938694 0.06817781925201416 0.15175847709178925
v -0.09246765822172165 0.054418276995420456 0.1311134397983551
v -0.09358032047748566 0.041767384856939316 0.12080447375774384
v -0.08007702231407166 0.05262941122055054 0.1371980607509613
v -0.009260397404432297 0.07751917839050293 0.14853735268115997
v -0.021482957527041435 0.051384638994932175 0.14543624222278595
v -0.028310883790254593 0.19154156744480133 0.10094311088323593
v -0.027217557653784752 0.17553430795669556 0.11170388013124466
v -0.0287637859582901 0.20796236395835876 0.09046231955289841
v -0.012844931334257126 0.20420540869235992 0.09344564378261566
v -0.012061571702361107 0.22085456550121307 0.0833137258887291
v -0.0280435923486948 0.22497133910655975 0.0795988216996193
v -0.010710244998335838 0.2366659939289093 0.0736578106880188
v -0.026764437556266785 0.24146804213523865 0.06922542303800583
v -0.023147709667682648 0.2610548138618469 0.04830482602119446
v -0.02125108614563942 0.270891934633255 0.04457181319594383
v -0.1256800889968872 0.16452577710151672 0.09317964315414429
v -0.12513582408428192 0.14933881163597107 0.09576541930437088
v -0.13870614767074585 -0.13135595619678497 0.0839584618806839
v -0.13238056004047394 0.2114565223455429 -0.0690508484840393
v -0.1316068470478058 0.19552625715732574 -0.07148216664791107
v -0.14579202234745026 0.1990855187177658 -0.056585825979709625
v -0.14685998857021332 0.2148955762386322 -0.05545252561569214
v -0.10008074343204498 0.2825937271118164 -0.00408489815890789
v -0.08991450071334839 0.2736979126930237 0.018970264121890068
v -0.18306982517242432 0.16635125875473022 0.006747089326381683
v -0.17564991116523743 0.16198676824569702 -0.006300672888755798
v -0.1748906373977661 0.15457504987716675 -0.001460053026676178
v -0.18111667037010193 0.16011498868465424 0.01096019521355629
v -0.1866218000650406 0.16852328181266785 0.04716577008366585
v -0.19668664038181305 0.17540402710437775 0.0595313124358654
v -0.20143774151802063 0.1774018108844757 0.0562603659927845
v -0.19066977500915527 0.17030325531959534 0.04329817369580269
v -0.14482395350933075 -0.08485765755176544 -0.005497152917087078
v -0.139931321144104 -0.06513425707817078 -0.00527595728635788
v -0.1310625523328781 0.05109895393252373 -0.03719878941774368
v -0.1398976594209671 0.04377353563904762 -0.01636715978384018
v -0.1469516009092331 0.0594949796795845 -0.012765228748321533
v -0.14095434546470642 0.06816565990447998 -0.03193044662475586
v -0.02231689915060997 0.18305814266204834 -0.09437873959541321
v -0.021805230528116226 0.16877277195453644 -0.09606090933084488
v -0.04512592405080795 0.1737854778766632 -0.09629038721323013
v -0.046389445662498474 0.18818390369415283 -0.09479925036430359
v -0.09364286065101624 0.21602776646614075 -0.08715455234050751
v -0.09299050271511078 0.23014254868030548 -0.08514923602342606
v -0.06855207681655884 0.22182193398475647 -0.08937335014343262
v -0.07018554955720901 0.20841661095619202 -0.0916614755988121
v -0.11524252593517303 0.2066732496023178 -0.0816851556301117
v -0.11400729417800903 0.1910417079925537 -0.08402461558580399
v -0.15873855352401733 0.08689413219690323 0.011262662708759308
v -0.1551341563463211 0.06946679949760437 0.009215651080012321
v -0.167743518948555 0.11279609054327011 0.01688104122877121
v -0.1623614877462387 0.11320970207452774 0.030515220016241074
v -0.16444721817970276 0.12476615607738495 0.03310234844684601
v -0.16944707930088043 0.12436460703611374 0.021337972953915596
v -0.0788903534412384 0.2899693548679352 -0.01045413687825203
v -0.08225315064191818 0.29417112469673157 -0.031177518889307976
v -0.09189324826002121 0.29019489884376526 -0.028842858970165253
v -0.05538306012749672 0.2682715952396393 -0.07205294817686081
v -0.05681777000427246 0.26199451088905334 -0.07565958052873611
v -0.07046985626220703 0.26842427253723145 -0.0696030780673027
v -0.06527333706617355 0.2730908691883087 -0.06618782877922058
v -0.045036207884550095 0.10530489683151245 -0.09913434088230133
v -0.02143218368291855 0.10278698801994324 -0.09993065893650055
v -0.020233536139130592 0.08198624104261398 -0.09641104936599731
v -0.045494772493839264 0.08404823392629623 -0.0950380265712738
v -0.17295312881469727 0.1373615711927414 0.018000822514295578
v -0.1744147688150406 0.14768573641777039 0.02926301397383213
v -0.17712236940860748 0.15101715922355652 0.022346369922161102
v -0.17393916845321655 0.14161449670791626 0.010108111426234245
v -0.17190207540988922 0.13171182572841644 0.001548195257782936
v -0.1692356914281845 0.12101186066865921 -0.0058199334889650345
v -0.16969622671604156 0.1156557947397232 0.004870973527431488
v -0.17188535630702972 0.12703213095664978 0.010647648945450783
v -0.14941810071468353 0.08358817547559738 -0.025564957410097122
v -0.15341143310070038 0.07557710260152817 -0.008855782449245453
v -0.15898941457271576 0.09189485013484955 -0.004610676318407059
v -0.15835590660572052 0.09817701578140259 -0.019501496106386185
v -0.015788499265909195 0.015404780395328999 -0.07919421046972275
v -0.03700091689825058 0.015592471696436405 -0.08164124190807343
v -0.038949355483055115 0.03727363422513008 -0.08640816807746887
v -0.01697423867881298 0.036528218537569046 -0.0863405093550682
v -0.16631945967674255 0.20349931716918945 0.08307868242263794
v -0.16026224195957184 0.2167646437883377 0.09171461313962936
v -0.16603463888168335 0.22179952263832092 0.0994957834482193
v -0.17460481822490692 0.20871712267398834 0.09425068646669388
v -0.21959957480430603 0.19393542408943176 0.05729604512453079
v -0.22764815390110016 0.1987518072128296 0.06734265387058258
v -0.229252889752388 0.20432515442371368 0.06427855789661407
v -0.2211722731590271 0.19978506863117218 0.05353470891714096
v -0.19211161136627197 0.20016324520111084 0.10959082096815109
v -0.1832122802734375 0.21174457669258118 0.11038327217102051
v -0.19277751445770264 0.21381010115146637 0.13133272528648376
v -0.20294368267059326 0.20131994783878326 0.13105617463588715
v -0.11656445264816284 0.2811468541622162 -0.026000527665019035
v -0.10620620101690292 0.28323960304260254 -0.0028207339346408844
v -0.10915528982877731 0.28349393606185913 -0.02645075134932995
v -0.19661138951778412 0.18318581581115723 0.08512259274721146
v -0.2082195281982422 0.18531771004199982 0.10414405912160873
v -0.2150540053844452 0.1822836548089981 0.1000167652964592
v -0.20309342443943024 0.1802372932434082 0.08086933195590973
v -0.23039484024047852 0.29875805974006653 0.17306481301784515
v -0.21631655097007751 0.293801486492157 0.15237906575202942
v -0.22552788257598877 0.19600991904735565 0.1514308601617813
v -0.23671561479568481 0.19237293303012848 0.14769726991653442
v -0.22124704718589783 0.18735899031162262 0.12638741731643677
v -0.2124568521976471 0.19293619692325592 0.1295764446258545
v -0.12281619757413864 0.03430424630641937 -0.0413583405315876
v -0.13345493376255035 0.02830672822892666 -0.020962413400411606
v -0.1191370040178299 -0.07895241677761078 -0.04225825145840645
v -0.1336602419614792 -0.0812704935669899 -0.025564515963196754
v -0.1280893236398697 -0.061311107128858566 -0.0255628302693367
v -0.11419621109962463 -0.05803068354725838 -0.042216986417770386
v -0.14958608150482178 -0.1042802482843399 -0.006246703676879406
v -0.12326756119728088 -0.10046330094337463 -0.042734235525131226
v -0.1386110633611679 -0.10166081041097641 -0.026434503495693207
v -0.06271173804998398 0.30089735984802246 -0.02850257232785225
v -0.05554058402776718 0.2994981110095978 -0.04302059859037399
v -0.06347230076789856 0.2934112548828125 -0.0468209832906723
v -0.07211267203092575 0.2971722185611725 -0.03105325624346733
v -0.17704781889915466 -0.22497430443763733 -0.01545124500989914
v -0.1760617196559906 -0.25778308510780334 -0.019488325342535973
v -0.1833401769399643 -0.26313644647598267 0.011121072806417942
v -0.18231476843357086 -0.2292310744524002 0.013586601242423058
v -0.03555909916758537 0.2808813452720642 -0.06675241887569427
v -0.05105488747358322 0.28691041469573975 -0.05755317211151123
v -0.04393912851810455 0.2946256399154663 -0.053145453333854675
v -0.030875522643327713 0.2897503972053528 -0.0602056086063385
v -0.17912496626377106 -0.20272286236286163 0.015182970091700554
v -0.17558804154396057 -0.19603313505649567 -0.013052990660071373
v -0.06298741698265076 0.29693853855133057 -0.009499674662947655
v -0.07129465043544769 0.29355910420417786 -0.010263923555612564
v -0.06347181648015976 0.28608277440071106 0.007830951362848282
v -0.056897781789302826 0.2919270396232605 0.007741279900074005
v -0.04751933366060257 0.2882668673992157 0.02256263792514801
v -0.18400491774082184 -0.2723805010318756 0.03706727921962738
v -0.18120074272155762 -0.2413216382265091 0.03926542401313782
v -0.04886831343173981 0.3059539794921875 -0.03773751109838486
v -0.038529228419065475 0.3023034930229187 -0.048012811690568924
v -0.02650211751461029 0.2993185222148895 -0.054917290806770325
v -0.012816712260246277 0.298335999250412 -0.05945046618580818
v -0.15563979744911194 -0.12301917374134064 -0.007787846494466066
v -0.16229978203773499 -0.12757427990436554 0.016059113666415215
v -0.11861634999513626 -0.36554816365242004 -0.08847033977508545
v -0.09124881774187088 -0.36641308665275574 -0.09724879264831543
v -0.08886834233999252 -0.38842251896858215 -0.08249328285455704
v -0.12065550684928894 -0.3879154324531555 -0.07635391503572464
v -0.023878313601017 -0.35475683212280273 -0.09180589765310287
v -0.021398717537522316 -0.3722397983074188 -0.07417602837085724
v -0.054536595940589905 -0.3817731440067291 -0.08264274150133133
v -0.05885130539536476 -0.3637603521347046 -0.09781380742788315
v -0.032405510544776917 -0.22552673518657684 -0.1179642453789711
v -0.06272256374359131 -0.2251681685447693 -0.11756036430597305
v -0.06274276226758957 -0.2039961814880371 -0.10936988890171051
v -0.03357153385877609 -0.20452509820461273 -0.11068741232156754
v -0.12816095352172852 -0.11995213478803635 -0.04561634734272957
v -0.14410151541233063 -0.12066768854856491 -0.029002908617258072
v -0.1616780161857605 -0.13412784039974213 0.04113168269395828
v -0.1869075745344162 -0.40353453159332275 0.04419141635298729
v -0.18921449780464172 -0.4010978043079376 0.006110375747084618
v -0.18342483043670654 -0.433925986289978 0.0030594225972890854
v -0.1836118996143341 -0.4366406798362732 0.039493169635534286
v -0.1447451263666153 -0.43475914001464844 -0.05203869938850403
v -0.1484522968530655 -0.40710240602493286 -0.055091287940740585
v -0.11624263972043991 -0.411085844039917 -0.06913212686777115
v -0.11284241080284119 -0.43504422903060913 -0.06444420665502548
v -0.08512493968009949 -0.14976616203784943 0.13274182379245758
v -0.10474244505167007 -0.16526581346988678 0.11719200015068054
v -0.08506321907043457 -0.17040516436100006 0.13163676857948303
v -0.02541508898139 -0.15958671271800995 0.15665991604328156
v -0.047578368335962296 -0.15733776986598969 0.15245962142944336
v -0.0446755513548851 -0.17761704325675964 0.1515141725540161
v -0.0232324730604887 -0.1798211932182312 0.15635474026203156
v -0.029964391142129898 -0.29158714413642883 0.13038311898708344
v -0.013873778283596039 -0.2899048328399658 0.1324428915977478
v -0.015835288912057877 -0.2683342695236206 0.1366656869649887
v -0.03419432044029236 -0.2685946524143219 0.13413897156715393
v -0.17249031364917755 -0.2541317641735077 0.06397102028131485
v -0.1554614156484604 -0.26377764344215393 0.08489032834768295
v -0.15271204710006714 -0.2383342683315277 0.08341054618358612
v -0.16823452711105347 -0.22649018466472626 0.06266198307275772
v -0.018103228881955147 -0.38454198837280273 -0.055903129279613495
v -0.04710770398378372 -0.3962880074977875 -0.06709769368171692
v -0.17226804792881012 -0.43847429752349854 0.07638376206159592
v -0.17290225625038147 -0.4036051034927368 0.07933319360017776
v -0.14775186777114868 -0.4375321865081787 0.10577204823493958
v -0.11459752917289734 -0.43363869190216064 0.11754874140024185
v -0.11688599735498428 -0.40126413106918335 0.11761536449193954
v -0.1486760675907135 -0.40362364053726196 0.10547146201133728
v -0.017699604853987694 -0.3679995834827423 0.09220210462808609
v -0.030789893120527267 -0.34797918796539307 0.10982248187065125
v -0.038234174251556396 -0.3542934060096741 0.10329030454158783
v -0.021093904972076416 -0.36875516176223755 0.083737812936306
v -0.027415718883275986 -0.3140180706977844 -0.11685393005609512
v -0.026169365271925926 -0.33294084668159485 -0.10735637694597244
v -0.05947747081518173 -0.341713547706604 -0.11053122580051422
v -0.05953025445342064 -0.3181600868701935 -0.12009622156620026
v -0.10536247491836548 -0.1005307286977768 -0.05478115752339363
v -0.10964498668909073 -0.12191785871982574 -0.05822183936834335
v -0.08703744411468506 -0.1011216789484024 -0.06308203190565109
v -0.10269536823034286 -0.0780758485198021 -0.05531531199812889
v -0.08394549787044525 -0.07814756035804749 -0.06343339383602142
v -0.08895765244960785 0.05117495357990265 -0.07345034182071686
v -0.10783950239419937 0.04204200953245163 -0.05926596373319626
v -0.1167944073677063 0.05990046635270119 -0.056610070168972015
v -0.09904442727565765 0.06985115259885788 -0.07276682555675507
v -0.06949400156736374 0.1799854338169098 -0.09394623339176178
v -0.06993155181407928 0.19474802911281586 -0.09287650138139725
v -0.07714877277612686 -0.42729759216308594 -0.06583401560783386
v -0.0381309911608696 -0.4130634665489197 -0.051315486431121826
v -0.047595661133527756 -0.4468419849872589 -0.05251706764101982
v -0.0805569589138031 -0.45366621017456055 -0.06172094866633415
v -0.14084577560424805 -0.4601649343967438 -0.050100743770599365
v -0.16247883439064026 -0.4623551070690155 -0.029076749458909035
v -0.16955088078975677 -0.4325181841850281 -0.02970859408378601
v -0.1767795979976654 -0.466625839471817 0.0025580404326319695
v -0.17920736968517303 -0.4700964689254761 0.040013812482357025
v -0.1446569412946701 -0.471698522567749 0.10555911809206009
v -0.11105577647686005 -0.46747201681137085 0.11614851653575897
v -0.02725694514811039 -0.4263688325881958 0.08222034573554993
v -0.05020099878311157 -0.4293808341026306 0.10013357549905777
v -0.04790877550840378 -0.4565157890319824 0.0947277843952179
v -0.025823529809713364 -0.45255208015441895 0.07457636296749115
v -0.07471884787082672 -0.30264919996261597 0.12070166319608688
v -0.10797712951898575 -0.2859727740287781 0.111575648188591
v -0.111518494784832 -0.3058266341686249 0.11026010662317276
v -0.08316602557897568 -0.31785809993743896 0.1143978163599968
v -0.03046155534684658 -0.13981488347053528 0.15648411214351654
v -0.04804348200559616 -0.13642729818820953 0.15288524329662323
v -0.06599937379360199 -0.15381956100463867 0.14496350288391113
v -0.06556439399719238 -0.1327899545431137 0.14544077217578888
v -0.08400939404964447 -0.1288767158985138 0.13313467800617218
v -0.03164329007267952 -0.04512146860361099 0.1533924639225006
v -0.05203383043408394 -0.0432092547416687 0.14353561401367188
v -0.05474120378494263 -0.06600651890039444 0.1452587991952896
v -0.034507133066654205 -0.06850926578044891 0.15491263568401337
v -0.029114458709955215 -0.02033057063817978 0.15038780868053436
v -0.049743615090847015 -0.01860341988503933 0.14169935882091522
v -0.023722119629383087 0.026958882808685303 0.142505943775177
v -0.04479027912020683 0.04237988963723183 0.14162318408489227
v -0.04561864212155342 0.024814484640955925 0.13775691390037537
v -0.012997666373848915 0.18763786554336548 0.10248901695013046
v -0.01203186996281147 0.1722446084022522 0.11236787587404251
v -0.17729990184307098 -0.28317198157310486 0.06372102349996567
v -0.014485019259154797 -0.4129420220851898 -0.024962525814771652
v -0.005937955342233181 -0.4167556166648865 0.0028448840603232384
v -0.009246351197361946 -0.44444459676742554 -0.0056264689192175865
v -0.02180795557796955 -0.4441488981246948 -0.031937867403030396
v -0.17603488266468048 -0.2140158712863922 0.040047600865364075
v -0.1499646157026291 -0.12300629168748856 0.06383875012397766
v -0.15355069935321808 -0.14244656264781952 0.06425412744283676
v -0.1280888020992279 0.04040241241455078 0.08123014122247696
v -0.12925243377685547 0.01692112721502781 0.07342848181724548
v -0.05163805931806564 0.10475702583789825 0.15460166335105896
v -0.05286996811628342 0.09222213178873062 0.15646079182624817
v -0.17628607153892517 -0.40135616064071655 -0.02961122617125511
v -0.1403343230485916 -0.5038577914237976 0.10343252867460251
v -0.13390594720840454 -0.5349761843681335 0.10051753371953964
v -0.10128901898860931 -0.5319205522537231 0.10886836796998978
v -0.10592387616634369 -0.5002214908599854 0.1131197065114975
v -0.015875330194830894 -0.4800160229206085 0.04195825383067131
v -0.026754820719361305 -0.48283302783966064 0.06673543155193329
v -0.02914995513856411 -0.513486385345459 0.05875670164823532
v -0.020801028236746788 -0.5111610889434814 0.0344543419778347
v -0.02497740089893341 -0.5426987409591675 0.0298747755587101
v -0.031512483954429626 -0.5461570024490356 0.05453375354409218
v -0.030622847378253937 -0.5772522687911987 0.048952680081129074
v -0.026832005009055138 -0.573063850402832 0.025270938873291016
v -0.16888462007045746 -0.47259363532066345 0.07768725603818893
v -0.16793711483478546 -0.5323109030723572 0.04360714927315712
v -0.15896359086036682 -0.5360376238822937 0.07678104192018509
v -0.16401946544647217 -0.5046476125717163 0.0776168555021286
v -0.17318600416183472 -0.5012847185134888 0.041760824620723724
v -0.11313089728355408 -0.45821189880371094 -0.06135377287864685
v -0.01284034550189972 -0.4498809576034546 0.05062875896692276
v -0.012394733726978302 -0.42487308382987976 0.05964303016662598
v -0.023414086550474167 -0.5104809999465942 -0.014016712084412575
v -0.03697819262742996 -0.510748565196991 -0.036337509751319885
v -0.029963020235300064 -0.47796159982681274 -0.034982699900865555
v -0.015893403440713882 -0.47741061449050903 -0.010512233711779118
v -0.13670675456523895 -0.5189801454544067 -0.04241906851530075
v -0.15404321253299713 -0.5220699310302734 -0.020648939535021782
v -0.1580495536327362 -0.4927900731563568 -0.024568704888224602
v -0.138609379529953 -0.49024927616119385 -0.046454206109046936
v -0.17056579887866974 -0.4970075786113739 0.006256707012653351
v -0.16541053354740143 -0.5269582271575928 0.009256906807422638
v -0.15723656117916107 -0.592376172542572 0.04717698320746422
v -0.1443975418806076 -0.5953001976013184 0.07591002434492111
v -0.1524260938167572 -0.5663465857505798 0.07633201032876968
v -0.16247247159481049 -0.5626141428947449 0.045387059450149536
v -0.15674395859241486 -0.5858580470085144 0.015192350372672081
v -0.16064490377902985 -0.5562585592269897 0.012497016228735447
v -0.15114006400108337 -0.5511535406112671 -0.017035093158483505
v -0.14923125505447388 -0.5795817375183105 -0.012722261250019073
v -0.13327181339263916 -0.5745265483856201 -0.032014328986406326
v -0.1353527009487152 -0.5463640093803406 -0.03756898269057274
v -0.11327440291643143 -0.54416424036026 -0.05013187229633331
v -0.11354281008243561 -0.571246862411499 -0.044305603951215744
v -0.08883863687515259 -0.5426177978515625 -0.05388239026069641
v -0.06439416110515594 -0.5409544110298157 -0.04817736893892288
v -0.06992319971323013 -0.5685809254646301 -0.04368968680500984
v -0.0914556235074997 -0.5699746012687683 -0.048192452639341354
v -0.03555385023355484 -0.5693198442459106 -0.01740097627043724
v -0.04968560114502907 -0.5685986280441284 -0.033864933997392654
v -0.043066877871751785 -0.5405301451683044 -0.035531628876924515
v -0.0301072858273983 -0.5407437086105347 -0.015788903459906578
v -0.0548214353621006 -0.6712990403175354 -0.02681688591837883
v -0.0711195319890976 -0.6688992977142334 -0.032714489847421646
v -0.06555253267288208 -0.6455430388450623 -0.031213555485010147
v -0.04837702587246895 -0.6474582552909851 -0.02395976334810257
v -0.0871715173125267 -0.6665064096450806 -0.039274368435144424
v -0.1049499362707138 -0.6659107804298401 -0.040346384048461914
v -0.10010033845901489 -0.6445040106773376 -0.03726201876997948
v -0.08211764693260193 -0.6449177265167236 -0.036621466279029846
v -0.13222014904022217 -0.6508544087409973 -0.019667960703372955
v -0.11734253168106079 -0.6464571356773376 -0.031820207834243774
v -0.12187035381793976 -0.6683933734893799 -0.03470684960484505
v -0.13584235310554504 -0.6738921999931335 -0.022573061287403107
v -0.148955300450325 -0.6807900667190552 -0.006522953510284424
v -0.1483287215232849 -0.6571252942085266 -0.004145815968513489
v -0.1502314805984497 -0.6899623274803162 0.01586233824491501
v -0.1526845395565033 -0.665922224521637 0.018523477017879486
v -0.14311432838439941 -0.6739866137504578 0.0443953201174736
v -0.14134563505649567 -0.6992673277854919 0.041809000074863434
v -0.02994302287697792 -0.6615417003631592 0.02604951336979866
v -0.03256814181804657 -0.6863816976547241 0.017634354531764984
v -0.032356634736061096 -0.6791679859161377 -0.0005986467003822327
v -0.02782384864985943 -0.6551542282104492 0.00778290256857872
v -0.0584881491959095 -0.6727270483970642 0.06066914647817612
v -0.0764266848564148 -0.6768748760223389 0.08014953881502151
v -0.07535133510828018 -0.7035815715789795 0.06900185346603394
v -0.057265713810920715 -0.7002622485160828 0.051210008561611176
v -0.15340882539749146 -0.6133099794387817 0.01722649671137333
v -0.1513328105211258 -0.6198887228965759 0.04783445596694946
v -0.13142551481723785 -0.6012596487998962 -0.02614714950323105
v -0.14743271470069885 -0.6065179109573364 -0.00864341203123331
v -0.04033681005239487 -0.5960139632225037 -0.018822776153683662
v -0.05566520243883133 -0.5948523879051208 -0.032075557857751846
v -0.030509497970342636 -0.6066946387290955 0.042195551097393036
v -0.027528055012226105 -0.6020292043685913 0.020279180258512497
v -0.10865817964076996 -0.6519729495048523 0.09192349016666412
v -0.11290536820888519 -0.6234002113342285 0.09371668845415115
v -0.13743440806865692 -0.6239734888076782 0.07536574453115463
v -0.13351213932037354 -0.6523781418800354 0.07486242055892944
v -0.15306390821933746 -0.6402320265769958 0.01892828568816185
v -0.14694157242774963 -0.6323279738426208 -0.005617100745439529
v -0.1314171552658081 -0.6267147064208984 -0.02163330465555191
v -0.11452381312847137 -0.6227898001670837 -0.033955901861190796
v -0.09650230407714844 -0.6211284399032593 -0.038664985448122025
v -0.07873512804508209 -0.6206041574478149 -0.03645710274577141
v -0.060846466571092606 -0.6204811334609985 -0.030815351754426956
v -0.04447667673230171 -0.6222710609436035 -0.020647013559937477
v -0.027227699756622314 -0.6295919418334961 0.014123933389782906
v -0.030052652582526207 -0.6355733275413513 0.03433235362172127
v -0.10115169733762741 -0.7061073184013367 0.07519776374101639
v -0.10455607622861862 -0.6805208921432495 0.08625850081443787
v -0.13061682879924774 -0.6796119213104248 0.07139755040407181
v -0.12804999947547913 -0.7047913074493408 0.06557261943817139
v -0.09997600317001343 -0.7275314331054688 0.06067007780075073
v -0.07896362990140915 -0.7245795726776123 0.0540037602186203
v -0.0919794887304306 -0.6879146099090576 -0.04629063606262207
v -0.10884448140859604 -0.6883030533790588 -0.045662760734558105
v -0.12508052587509155 -0.6910470724105835 -0.04044117033481598
v -0.15020084381103516 -0.7048238515853882 -0.011816717684268951
v -0.14875632524490356 -0.7158629298210144 0.011753708124160767
v -0.13743112981319427 -0.7257155179977417 0.03661179542541504
v -0.12279319763183594 -0.7275957465171814 0.05529259145259857
v -0.045780181884765625 -0.7289248108863831 -0.018819347023963928
v -0.040259845554828644 -0.7027920484542847 -0.008217357099056244
v -0.04041668027639389 -0.7102080583572388 0.008102446794509888
v -0.04755190759897232 -0.7356262803077698 -0.0030027925968170166
v -0.06313645094633102 -0.7183903455734253 -0.045381590723991394
v -0.07754507660865784 -0.7137977480888367 -0.05521727353334427
v -0.07599358260631561 -0.690924346446991 -0.039841823279857635
v -0.06168384850025177 -0.6941038370132446 -0.031369589269161224
v -0.09587861597537994 -0.7117987871170044 -0.060794003307819366
v -0.11390502750873566 -0.712856113910675 -0.059100404381752014
v -0.1307682991027832 -0.7154622077941895 -0.05280447006225586
v -0.15252996981143951 -0.731978178024292 -0.01948268711566925
v -0.14075985550880432 -0.6967650055885315 -0.029752522706985474
v -0.14560839533805847 -0.7217965126037598 -0.03965965658426285
v -0.14879009127616882 -0.7450404167175293 0.008239075541496277
v -0.12913787364959717 -0.7852628827095032 0.021077290177345276
v -0.1283418834209442 -0.7557134032249451 0.031865283846855164
v -0.15110212564468384 -0.7752690315246582 0.0009482055902481079
v -0.09753157198429108 -0.8764691352844238 -0.014317676424980164
v -0.12365284562110901 -0.8755773305892944 -0.016632795333862305
v -0.11787699908018112 -0.9073147773742676 -0.03198373317718506
v -0.0955120399594307 -0.9084672331809998 -0.030151784420013428
v -0.04907437786459923 -0.7632358074188232 -0.014936894178390503
v -0.045974284410476685 -0.7559311985969543 -0.0336235910654068
v -0.06151951104402542 -0.7444401979446411 -0.06247498840093613
v -0.07822807878255844 -0.7395649552345276 -0.07210821658372879
v -0.1582454890012741 -0.7897764444351196 -0.039996564388275146
v -0.15704768896102905 -0.7608732581138611 -0.02740474045276642
v -0.15015175938606262 -0.7496531009674072 -0.05001188814640045
v -0.1515006273984909 -0.7783768773078918 -0.06291015446186066
v -0.042236559092998505 -0.8547460436820984 -0.05206456780433655
v -0.03978421911597252 -0.8485075831413269 -0.07019102573394775
v -0.03939353674650192 -0.8160204291343689 -0.059373825788497925
v -0.042087480425834656 -0.8229014277458191 -0.03993098437786102
v -0.07539290934801102 -0.7682520747184753 -0.08762573450803757
v -0.05854787304997444 -0.7734319567680359 -0.07719210535287857
v -0.05668575316667557 -0.8043395280838013 -0.08970174193382263
v -0.07357972115278244 -0.7998449802398682 -0.10002560913562775
v -0.14871427416801453 -0.8550419807434082 -0.06249900162220001
v -0.15516652166843414 -0.821259081363678 -0.05164042115211487
v -0.14986096322536469 -0.8102253079414368 -0.07464230060577393
v -0.1445976197719574 -0.8456124067306519 -0.08439387381076813
v -0.12963810563087463 -0.8138914704322815 0.009641498327255249
v -0.15171407163143158 -0.803634524345398 -0.01165759563446045
v -0.148917555809021 -0.833607017993927 -0.024178147315979004
v -0.1278650462627411 -0.8441200256347656 -0.0033217817544937134
v -0.1009821742773056 -0.814605712890625 0.012115582823753357
v -0.10002921521663666 -0.8445586562156677 -0.0007217377424240112
v -0.04800225794315338 -0.9199681282043457 -0.08963337540626526
v -0.04395017772912979 -0.8831918835639954 -0.07958930730819702
v -0.045993782579898834 -0.8902079463005066 -0.06380248069763184
v -0.05028259754180908 -0.9271540641784668 -0.07608962059020996
v -0.07362520694732666 -0.8342801332473755 -0.10840477794408798
v -0.056909289211034775 -0.8382496237754822 -0.09879114478826523
v -0.05909049138426781 -0.8741757273674011 -0.1050708070397377
v -0.07383564859628677 -0.8712995052337646 -0.1142297014594078
v -0.13291659951210022 -0.9285920858383179 -0.08467414975166321
v -0.14124688506126404 -0.8910061717033386 -0.07359179854393005
v -0.13684216141700745 -0.8829585313796997 -0.09389682114124298
v -0.12793777883052826 -0.920894980430603 -0.1033661961555481
v -0.11209903657436371 -0.9426004886627197 -0.04886165261268616
v -0.13638359308242798 -0.9005680084228516 -0.049016073346138
v -0.1290740668773651 -0.9369282722473145 -0.06393058598041534
v -0.1064654067158699 -0.9778823852539062 -0.061511486768722534
v -0.09020031988620758 -0.9790810346603394 -0.05867186188697815
v -0.09223887324333191 -0.9436378479003906 -0.04644244909286499
v -0.054473649710416794 -0.9624447226524353 -0.08698569238185883
v -0.051083870232105255 -0.956192135810852 -0.09916014969348907
v -0.0592082142829895 -0.9479535818099976 -0.11901728063821793
v -0.07080377638339996 -0.944218099117279 -0.12685774266719818
v -0.07304660975933075 -0.9083887338638306 -0.12015780806541443
v -0.06006094813346863 -0.9116112589836121 -0.11224375665187836
v -0.10579310357570648 -0.9119016528129578 -0.12340742349624634
v -0.08939164131879807 -0.9085921049118042 -0.12426706403493881
v -0.08558116108179092 -0.9444224834442139 -0.13053163886070251
v -0.10030417144298553 -0.9477781653404236 -0.12934814393520355
v -0.11872813105583191 -0.9559659361839294 -0.1106933206319809
v -0.11893878877162933 -0.9155066609382629 -0.11632956564426422
v -0.11131663620471954 -0.9509273171424866 -0.12225499749183655
v -0.12440142035484314 -0.9628530144691467 -0.09391896426677704
v -0.12255287170410156 -0.9720087051391602 -0.07421627640724182
v -0.005609080661088228 -0.38512206077575684 0.0007025226950645447
v -0.0061395070515573025 -0.38837626576423645 0.027255214750766754
v -0.006253906991332769 -0.3982921242713928 0.014195107854902744
v -0.01049730833619833 -0.39165085554122925 -0.012733031064271927
v -0.04636124521493912 -0.5199661254882812 0.08366935700178146
v -0.04713640362024307 -0.48722779750823975 0.08944869786500931
v -0.043130308389663696 -0.5827898383140564 0.07277949154376984
v -0.04565347731113434 -0.5528173446655273 0.07930736988782883
v -0.04193083569407463 -0.6127788424491882 0.06454920023679733
v -0.040910348296165466 -0.6419883370399475 0.054790694266557693
v -0.039541494101285934 -0.6692116856575012 0.044576406478881836
v -0.04183347895741463 -0.6951430439949036 0.03504329174757004
v -0.04874476045370102 -0.7186353206634521 0.024417713284492493
v -0.05545099824666977 -0.7449108362197876 0.014309942722320557
v -0.057938676327466965 -0.7997798919677734 -0.008591607213020325
v -0.04617423564195633 -0.7921847105026245 -0.027749285101890564
v -0.059476032853126526 -0.7719650864601135 0.003296270966529846
v -0.05398884415626526 -0.8631172180175781 -0.03288835287094116
v -0.055033110082149506 -0.8302092552185059 -0.019962474703788757
v -0.056121550500392914 -0.898546576499939 -0.047347962856292725
v -0.05931027606129646 -0.9350517988204956 -0.061738789081573486
v -0.06306645274162292 -0.9692666530609131 -0.07350915670394897
v -0.08552655577659607 -0.3739205002784729 0.11561104655265808
v -0.05672888830304146 -0.3799087107181549 0.10769212990999222
v -0.06039246544241905 -0.36176103353500366 0.10989163815975189
v -0.08730063587427139 -0.3512605130672455 0.11563122272491455
v -0.00844733975827694 -0.3795260488986969 0.06431204080581665
v -0.011802869848906994 -0.37627631425857544 0.07685095071792603
v -0.013445375487208366 -0.3755016028881073 0.06924890726804733
v -0.008820904418826103 -0.3780469298362732 0.05604048818349838
v -0.1471249908208847 -0.6478602886199951 0.04671744629740715
v -0.11382541060447693 -0.5973966121673584 -0.03806566447019577
v -0.0940655916929245 -0.5957463383674622 -0.042006172239780426
v -0.0747508853673935 -0.5949562788009644 -0.03912658989429474
v -0.057529136538505554 -0.6463849544525146 0.07452070713043213
v -0.060003507882356644 -0.6173499822616577 0.08479238301515579
v -0.08347052335739136 -0.6210298538208008 0.09652955830097198
v -0.07988856732845306 -0.6492689251899719 0.08952924609184265
v -0.09997440874576569 -0.7887217402458191 0.02312365174293518
v -0.07761005312204361 -0.8082069754600525 0.0039281100034713745
v -0.07698427140712738 -0.7814305424690247 0.016513317823410034
v -0.10020527988672256 -0.7650305032730103 0.035365164279937744
v -0.11804064363241196 -0.738362193107605 -0.0738319531083107
v -0.1360761523246765 -0.7416591048240662 -0.06596028804779053
v -0.09678980708122253 -0.7654656767845154 -0.09140758961439133
v -0.11855198442935944 -0.7657639980316162 -0.08931554108858109
v -0.09807294607162476 -0.7376970648765564 -0.07527091354131699
v -0.06768738478422165 -0.5591868758201599 0.09720417112112045
v -0.09596680849790573 -0.5627601146697998 0.10401506721973419
v -0.08966823667287827 -0.5919998288154602 0.10020449012517929
v -0.06295399367809296 -0.5887120962142944 0.09144726395606995
v -0.12246018648147583 -0.04172521084547043 -0.026028025895357132
v -0.10962752252817154 -0.03818143531680107 -0.04289849475026131
v -0.11440920829772949 0.06814812868833542 0.11894677579402924
v -0.12073322385549545 0.05508138984441757 0.10342521965503693
v -0.10706444084644318 0.046671945601701736 0.11239743232727051
v -0.10412067919969559 0.05955185741186142 0.12540853023529053
v -0.1296253502368927 0.0672759860754013 0.09668032824993134
v -0.12226837128400803 0.07921550422906876 0.11278992891311646
v -0.12801110744476318 0.09286466240882874 0.10492336004972458
v -0.13523796200752258 0.08124728500843048 0.09014280140399933
v -0.13962465524673462 0.15814083814620972 0.06891918927431107
v -0.14401434361934662 0.17211423814296722 0.07107175886631012
v -0.026316462084650993 0.004394222050905228 0.1473785936832428
v -0.0034257229417562485 0.0020571029745042324 0.14957274496555328
v -0.0010837037116289139 0.02456675097346306 0.14396686851978302
v -0.06521028280258179 -0.17454005777835846 0.14350873231887817
v -0.07943244278430939 -0.26852765679359436 0.12257631868124008
v -0.048316579312086105 -0.2964198887348175 0.12619157135486603
v -0.055528365075588226 -0.26982930302619934 0.12971913814544678
v -0.012389994226396084 -0.34893307089805603 0.10932468622922897
v -0.05810197815299034 0.013289114460349083 -0.07809896022081375
v -0.06131944805383682 0.03566881641745567 -0.081254743039608
v -0.0459139458835125 0.20214174687862396 -0.09292396903038025
v -0.022041138261556625 0.19671396911144257 -0.09307967126369476
v -0.042964257299900055 0.22640180587768555 -0.08797386288642883
v -0.041407398879528046 0.2378135472536087 -0.08511922508478165
v -0.019977249205112457 0.2326333224773407 -0.0868757963180542
v -0.021000903099775314 0.22101888060569763 -0.08893172442913055
v -0.014900620095431805 0.2876666784286499 -0.0656583160161972
v -0.01762487180531025 0.2768416702747345 -0.07145395129919052
v -0.005582357756793499 -0.3791102468967438 0.04132832586765289
v -0.00814555212855339 -0.3795385956764221 0.04877375811338425
v -0.005096327979117632 -0.37973952293395996 0.030330756679177284
v -0.03022591955959797 -0.4037344455718994 0.08845485746860504
v -0.01491501834243536 -0.4046962261199951 0.06747898459434509
v -0.018239198252558708 -0.3895114064216614 0.07301044464111328
v -0.03389650583267212 -0.38591262698173523 0.09289426356554031
v -0.18754816055297852 -0.37120237946510315 0.050780098885297775
v -0.19226662814617157 -0.3669070601463318 0.01329437643289566
v -0.08165431767702103 -0.40751519799232483 -0.07285060733556747
v -0.2677661180496216 0.21085825562477112 0.1921282410621643
v -0.27914777398109436 0.21441100537776947 0.1871536374092102
v -0.26483017206192017 0.20341111719608307 0.16429555416107178
v -0.2525761127471924 0.20061539113521576 0.16959123313426971
v -0.07105905562639236 0.10940920561552048 -0.0939885750412941
v -0.07653557509183884 0.08533710241317749 -0.0868903398513794
v -0.07010295242071152 0.28050005435943604 0.008345445618033409
v -0.1183958649635315 0.2850099205970764 0.005547618493437767
v -0.10820194333791733 0.28231915831565857 0.029517166316509247
v -0.10206720232963562 0.27868199348449707 0.023571936413645744
v -0.11223223060369492 0.28351813554763794 0.0005986299365758896
v -0.15656311810016632 0.23432303965091705 -0.04178953543305397
v -0.15090717375278473 0.2502562403678894 -0.03840790316462517
v -0.14163623750209808 0.2485358715057373 -0.048186011612415314
v -0.14607205986976624 0.2315453141927719 -0.05335336551070213
v -0.030868856236338615 -0.24684670567512512 -0.12294026464223862
v -0.06190754473209381 -0.2470962405204773 -0.12398680299520493
v -0.03818104416131973 -0.05371633172035217 -0.06980600208044052
v -0.059148430824279785 -0.054035864770412445 -0.06958741694688797
v -0.05623050034046173 -0.03174121677875519 -0.07260961085557938
v -0.03575960546731949 -0.030836764723062515 -0.07336775213479996
v -0.10279104113578796 0.10128739476203918 -0.07931385934352875
v -0.1163511648774147 0.08707815408706665 -0.06576994061470032
v -0.006494583562016487 0.10269394516944885 0.14621464908123016
v -0.007977908477187157 0.12214673310518265 0.13964609801769257
v -0.023129764944314957 0.1275150030851364 0.1417236328125
v -0.022438716143369675 0.10983380675315857 0.14915698766708374
v -0.26072829961776733 0.21072860062122345 0.11849720776081085
v -0.2421373426914215 0.1959579885005951 0.10086186230182648
v -0.23955044150352478 0.19062869250774384 0.11232981830835342
v -0.2583889961242676 0.20078271627426147 0.13392649590969086
v -0.17940455675125122 -0.3629298210144043 -0.028792306780815125
v -0.15045839548110962 -0.38092195987701416 -0.05952969193458557
v -0.13521921634674072 -0.009586414322257042 -0.005694378167390823
v -0.12479656934738159 -0.004727242514491081 -0.027783144265413284
v -0.12148445844650269 -0.02340679243206978 -0.027300812304019928
v -0.1327858716249466 -0.028156496584415436 -0.006585930939763784
v -0.14455769956111908 0.038704294711351395 0.005188927985727787
v -0.14038465917110443 0.023877307772636414 0.0011946680024266243
v -0.15036194026470184 0.05323817953467369 0.00749057624489069
v -0.17804385721683502 0.15888719260692596 0.03840750455856323
v -0.17418994009494781 0.1582934558391571 0.044107530266046524
v -0.18071600794792175 0.16870388388633728 0.05248642340302467
v -0.05319631099700928 -0.4024222195148468 0.10478834807872772
v -0.05983751267194748 -0.3354277014732361 0.11359300464391708
v -0.051477111876010895 -0.32578083872795105 0.1177874282002449
v -0.005790309514850378 -0.38049057126045227 0.052261386066675186
v -0.05115927755832672 0.29950377345085144 0.00882132351398468
v -0.044052377343177795 0.29738548398017883 0.023839067667722702
v -0.18965879082679749 0.18947136402130127 0.0887276828289032
v -0.2006264626979828 0.19131432473659515 0.10762055963277817
v -0.16571030020713806 0.1365121454000473 0.03759649768471718
v -0.15788055956363678 0.14092646539211273 0.04828798025846481
v -0.15965983271598816 0.154535710811615 0.05443905293941498
v -0.1664467751979828 0.1496822088956833 0.04557553306221962
v -0.17137961089611053 0.1476896107196808 0.03724205493927002
v -0.17077645659446716 0.13528603315353394 0.02710203267633915
v -0.10494178533554077 0.21094824373722076 0.09425662457942963
v -0.0959247499704361 0.21048203110694885 0.09331851452589035
v -0.09621657431125641 0.23126502335071564 0.08433293551206589
v -0.10551156103610992 0.23283399641513824 0.08758589625358582
v -0.0851982906460762 0.20578472316265106 0.09333669394254684
v -0.07236240804195404 0.20180180668830872 0.09443407505750656
v -0.07422538101673126 0.22191545367240906 0.08118866384029388
v -0.08691401034593582 0.22696056962013245 0.08163003623485565
v -0.06251470744609833 0.26804018020629883 0.03247874230146408
v -0.04388856887817383 0.26108938455581665 0.04796624183654785
v -0.0252065472304821 0.2534922659397125 0.058127742260694504
v -0.009387042373418808 0.24868829548358917 0.06508935242891312
v -0.01969580538570881 0.2662586271762848 -0.07744953036308289
v -0.01940557360649109 0.2539059817790985 -0.08138041943311691
v -0.03986804932355881 0.2580373287200928 -0.07966705411672592
v -0.04210137575864792 0.27049490809440613 -0.07320726662874222
v -0.03470350056886673 0.28521978855133057 0.03540150821208954
v -0.019596358761191368 0.28184589743614197 0.045082807540893555
v -0.008018385618925095 0.2683863937854767 0.05382193624973297
v -0.24648484587669373 0.3015368580818176 0.1641351729631424
v -0.23254214227199554 0.29685160517692566 0.14369235932826996
v -0.05442683398723602 0.3063790202140808 -0.023416437208652496
v -0.0550239123404026 0.3032526671886444 -0.006681066006422043
v -0.2496407926082611 0.2923751473426819 0.13684478402137756
v -0.26432234048843384 0.2969118654727936 0.15818490087985992
v -0.0921330526471138 0.26379090547561646 0.04523146152496338
v -0.09611620754003525 0.27576759457588196 0.02060193568468094
v -0.09805592894554138 0.2671501040458679 0.04680156335234642
v -0.032123155891895294 0.295119047164917 0.036879315972328186
v -0.018340248614549637 0.2928009629249573 0.047104474157094955
v -0.18974831700325012 -0.33635246753692627 0.023079609498381615
v -0.18377095460891724 -0.34286731481552124 0.056508053094148636
v -0.13836166262626648 -0.0626983791589737 0.06290962547063828
v -0.14324188232421875 -0.0566992349922657 0.04053208604454994
v -0.009753341786563396 -0.047473542392253876 0.15798309445381165
v -0.01259545050561428 -0.0710916817188263 0.15919193625450134
v 0.0061638192273676395 0.3005739450454712 0.05702294409275055
v -0.04346497729420662 -0.11422241479158401 0.15484213829040527
v -0.02200886979699135 -0.11929334700107574 0.15793634951114655
v -0.017016472294926643 -0.0948692187666893 0.1587507724761963
v -0.03850953280925751 -0.09146948903799057 0.15470059216022491
v -0.01650560274720192 -0.1432592123746872 0.15622568130493164
v -0.015164760872721672 -0.15289561450481415 0.15620236098766327
v -0.025881841778755188 -0.3104173541069031 0.12492536753416061
v -0.013103979639708996 -0.3085424602031708 0.12739074230194092
v -0.1716724932193756 0.275155633687973 0.11223971098661423
v -0.16180993616580963 0.274925172328949 0.10120222717523575
v -0.16878944635391235 0.2899301052093506 0.08896392583847046
v -0.18033790588378906 0.28925079107284546 0.10084395110607147
v -0.06234186515212059 -0.1100749522447586 0.1458977460861206
v -0.08074939250946045 -0.10663162916898727 0.13186651468276978
v -0.13223299384117126 0.15204600989818573 0.08214673399925232
v -0.1383153796195984 0.1439862847328186 0.0683722048997879
v 0.0015156809240579605 0.04674932360649109 0.143929123878479
v -0.03738772124052048 0.11602579057216644 0.14990435540676117
v -0.03808867931365967 0.13170075416564941 0.14187070727348328
v -0.05271372199058533 0.13449814915657043 0.14126697182655334
v -0.05162413418292999 0.11978334188461304 0.14912758767604828
v -0.00393844535574317 -0.37805503606796265 0.039979688823223114
v -0.23017758131027222 0.24050173163414001 0.045296959578990936
v -0.22282876074314117 0.23647038638591766 0.03263584151864052
v -0.22370605170726776 0.22629733383655548 0.03767457976937294
v -0.23154214024543762 0.23147520422935486 0.05065520852804184
v -0.007665003649890423 -0.4034762680530548 0.04184247553348541
v -0.006776805967092514 -0.42166516184806824 0.03169655054807663
v -0.012912418693304062 -0.388993501663208 -0.034635066986083984
v -0.0033282237127423286 -0.3851855993270874 -0.016411496326327324
v -0.07723544538021088 -0.46296805143356323 0.11023175716400146
v -0.08053963631391525 -0.4304875135421753 0.11371427774429321
v -0.07366237044334412 -0.49609899520874023 0.10730867087841034
v -0.07101983577013016 -0.5284369587898254 0.10236652195453644
v -0.06372517347335815 -0.7242286801338196 0.03927026689052582
v -0.07439081370830536 -0.753282904624939 0.03143148124217987
v -0.07666052132844925 -0.8380699753761292 -0.009051591157913208
v -0.07541440427303314 -0.8698352575302124 -0.023096516728401184
v -0.07515086233615875 -0.9046229124069214 -0.037731319665908813
v -0.07530850172042847 -0.9406765103340149 -0.05331726372241974
v -0.07557376474142075 -0.975506067276001 -0.06375710666179657
v -0.2796826660633087 0.28780242800712585 0.15550412237644196
v -0.26552143692970276 0.281552791595459 0.13088972866535187
v -0.2766505181789398 0.2682788372039795 0.13362644612789154
v -0.29098859429359436 0.27530089020729065 0.15771916508674622
v -0.2150503545999527 0.20466552674770355 0.15296536684036255
v -0.20474304258823395 0.2173043042421341 0.15286387503147125
v -0.21776613593101501 0.2221553921699524 0.17465226352214813
v -0.22861067950725555 0.2106407731771469 0.17407046258449554
v -0.2427927404642105 0.21760696172714233 0.19599789381027222
v -0.25496047735214233 0.21191419661045074 0.1948166787624359
v -0.23990735411643982 0.20308363437652588 0.17228801548480988
v -0.2884822189807892 0.22287748754024506 0.18002188205718994
v -0.29465609788894653 0.23464079201221466 0.1727977991104126
v -0.27933669090270996 0.22413496673107147 0.1477908194065094
v -0.2746865749359131 0.21164865791797638 0.15772847831249237
v -0.29725855588912964 0.2621348202228546 0.16220763325691223
v -0.2826317250728607 0.254779577255249 0.13891971111297607
v -0.2833980917930603 0.2399710714817047 0.1433812975883484
v -0.2983360290527344 0.24783433973789215 0.167509064078331
v -0.21629512310028076 0.2561699450016022 0.19376243650913239
v -0.22200754284858704 0.24046455323696136 0.19576379656791687
v -0.2088170200586319 0.23613223433494568 0.1736934781074524
v -0.20296169817447662 0.2519361674785614 0.17210900783538818
v -0.18296478688716888 0.298030287027359 0.07278251647949219
v -0.19472238421440125 0.2963874936103821 0.08752544224262238
v -0.14662301540374756 0.20517732203006744 0.0868401825428009
v -0.14186601340770721 0.22410926222801208 0.0954422801733017
v -0.14778287708759308 0.2305016815662384 0.09645120054483414
v -0.1526414304971695 0.21256905794143677 0.08747892826795578
v -0.20306196808815002 0.29011270403862 0.13296975195407867
v -0.19114059209823608 0.2889902889728546 0.1158234179019928
v -0.20632822811603546 0.294109582901001 0.10437266528606415
v -0.21891692280769348 0.29402729868888855 0.1238371729850769
v -0.1892242431640625 0.2477228045463562 0.1510569304227829
v -0.19549477100372314 0.23242191970348358 0.1522885113954544
v -0.18380945920944214 0.22856537997722626 0.13139881193637848
v -0.17701512575149536 0.2435435652732849 0.13285785913467407
v -0.24839471280574799 0.19394811987876892 0.1418915092945099
v -0.2305699586868286 0.18646778166294098 0.12058749794960022
v -0.15937119722366333 0.2562481164932251 0.10957115888595581
v -0.16783413290977478 0.25754961371421814 0.1203322485089302
v -0.1321951150894165 0.13817356526851654 0.08481122553348541
v -0.15361087024211884 0.11705560982227325 0.04453767091035843
v -0.15592491626739502 0.12924547493457794 0.04579094052314758
v -0.10255850851535797 0.07485026121139526 0.13460010290145874
v -0.10249340534210205 0.0900682583451271 0.13804756104946136
v -0.14228251576423645 0.0732230395078659 0.07092901319265366
v -0.1446683555841446 0.09054618328809738 0.06594965606927872
v -0.11058344691991806 0.08137586712837219 0.12867729365825653
v -0.10818465054035187 0.09112890809774399 0.1324794888496399
v -0.06604747474193573 0.004506868310272694 0.13076800107955933
v -0.008223626762628555 0.2582267224788666 0.057278718799352646
v -0.18179620802402496 0.2757529616355896 0.12600071728229523
v -0.17673920094966888 0.25905749201774597 0.1314454823732376
v -0.2269119769334793 0.18754041194915771 0.08599990606307983
v -0.21340560913085938 0.18197119235992432 0.07162509858608246
v -0.20861917734146118 0.1797873079776764 0.07627201825380325
v -0.22246882319450378 0.18354536592960358 0.09375261515378952
v -0.1412651687860489 0.12644106149673462 -0.0555596761405468
v -0.12352384626865387 0.11408457905054092 -0.06920614838600159
v -0.1330060213804245 0.10193610936403275 -0.05715706944465637
v -0.14831200242042542 0.11536339670419693 -0.045198410749435425
v -0.22832909226417542 0.2593691945075989 0.044612668454647064
v -0.22666803002357483 0.2705495357513428 0.050204258412122726
v -0.21699504554271698 0.2704257071018219 0.03404982388019562
v -0.22011758387088776 0.257550984621048 0.030867155641317368
v -0.21084576845169067 0.28421908617019653 0.041352029889822006
v -0.22123350203037262 0.28316110372543335 0.05955217033624649
v -0.21056212484836578 0.29302987456321716 0.0722813829779625
v -0.19960100948810577 0.2952534258365631 0.0551941841840744
v -0.17460709810256958 -0.28737273812294006 -0.027069222182035446
v -0.18355122208595276 -0.29616591334342957 0.0030733486637473106
v -0.14113935828208923 -0.15128663182258606 0.0841522142291069
v -0.12417618185281754 -0.15948615968227386 0.10132284462451935
v -0.10733702033758163 -0.26080578565597534 0.11319062113761902
v -0.03864707425236702 -0.36256393790245056 0.09995683282613754
v -0.020981421694159508 -0.3738805055618286 0.0800069198012352
v -0.007888193242251873 -0.4474310278892517 0.022969484329223633
v -0.18854250013828278 -0.3051750361919403 0.03227000683546066
v -0.012460688129067421 -0.47813576459884644 0.016170116141438484
v -0.01874668523669243 -0.5100279450416565 0.010330358520150185
v -0.05959336832165718 -0.5122053623199463 -0.05161091685295105
v -0.08627977967262268 -0.514275848865509 -0.05775296315550804
v -0.08388211578130722 -0.48395711183547974 -0.06051386892795563
v -0.05437755957245827 -0.4805263876914978 -0.05298704653978348
v -0.1132505014538765 -0.5167036652565002 -0.05473752319812775
v -0.11353012174367905 -0.48758071660995483 -0.05856083706021309
v -0.119595468044281 -0.5942354798316956 0.09461621195077896
v -0.09462026506662369 -0.7976024746894836 -0.1045878529548645
v -0.11384415626525879 -0.834726870059967 -0.11064818501472473
v -0.1168261468410492 -0.7977951169013977 -0.10251766443252563
v -0.09335602819919586 -0.8334535360336304 -0.11272886395454407
v -0.13611148297786713 -0.8021423816680908 -0.09197033941745758
v -0.137595072388649 -0.7700695395469666 -0.07982936501502991
v -0.14331987500190735 -0.8659798502922058 -0.03568515181541443
v -0.09203456342220306 -0.8706201314926147 -0.11873238533735275
v -0.11067324876785278 -0.873114824295044 -0.1172802671790123
v -0.13209301233291626 -0.8383597135543823 -0.10110145062208176
v -0.12628549337387085 -0.8768287897109985 -0.1086498573422432
v -0.009999323636293411 -0.3908121585845947 0.051092471927404404
v -0.1721728891134262 -0.37212687730789185 0.0823122188448906
v -0.1695690006017685 -0.3427305519580841 0.08404730260372162
v -0.11499025672674179 -0.3239172101020813 0.11193854361772537
v -0.08721663057804108 -0.33313870429992676 0.11485309153795242
v -0.09547743201255798 -0.08147211372852325 0.11578366160392761
v -0.11408928781747818 -0.07595890760421753 0.10077644884586334
v -0.10538861900568008 -0.033350326120853424 0.10233782231807709
v -0.12053778767585754 -0.02838481217622757 0.08599060028791428
v -0.12436562031507492 -0.04902806505560875 0.08423659205436707
v -0.10929341614246368 -0.05478352680802345 0.10112053900957108
v -0.13852538168430328 -0.019042087718844414 0.04251120984554291
v -0.1401071697473526 -0.014174466021358967 0.01800411567091942
v -0.13912247121334076 -0.03279367834329605 0.0166114941239357
v -0.13957789540290833 -0.03758012130856514 0.040697697550058365
v -0.14184965193271637 -0.051409125328063965 0.01660049334168434
v -0.13445012271404266 -0.04668911546468735 -0.005788255948573351
v -0.07591171562671661 -0.01186106912791729 -0.06809195876121521
v -0.09305043518543243 -0.01458780374377966 -0.05742579326033592
v -0.0959281325340271 0.005392357707023621 -0.05992712825536728
v -0.07805872708559036 0.009793438017368317 -0.07038892805576324
v -0.038645628839731216 -0.31578919291496277 0.1227295994758606
v -0.012491656467318535 -0.37837857007980347 0.06348525732755661
v -0.08354151248931885 -0.4005969762802124 0.11538567394018173
v -0.11755431443452835 -0.37128138542175293 0.11606249213218689
v -0.14764736592769623 -0.37187454104423523 0.10467120260000229
v -0.1825200915336609 0.1981276422739029 0.09137764573097229
v -0.1686403602361679 0.15641789138317108 -0.01700836978852749
v -0.16962672770023346 0.1468595564365387 -0.012188825756311417
v -0.23326608538627625 0.2799556851387024 0.07958438992500305
v -0.22249972820281982 0.290441632270813 0.09224821627140045
v -0.16721440851688385 0.2400287687778473 0.11826836317777634
v -0.15960977971553802 0.29099535942077637 0.08051816374063492
v -0.15293525159358978 0.27534282207489014 0.09581969678401947
v -0.14527417719364166 0.27637869119644165 0.09018362313508987
v -0.13408495485782623 -0.2761076092720032 0.09969238191843033
v -0.16147327423095703 -0.293010950088501 0.08719786256551743
v -0.1384846270084381 -0.2991410791873932 0.10122707486152649
v -0.002258004155009985 -0.38228827714920044 0.0009567290544509888
v -0.062126047909259796 -0.34765273332595825 0.1120116263628006
v -0.024350285530090332 -0.5412117838859558 0.00657685985788703
v -0.027914652600884438 -0.5706703662872314 0.0031109668780118227
v -0.030654719099402428 -0.5984238982200623 -0.0006682700477540493
v -0.032277144491672516 -0.6250520944595337 -0.004788674414157867
v -0.0347573459148407 -0.6505833864212036 -0.009545847773551941
v -0.040615834295749664 -0.6747999787330627 -0.015088047832250595
v -0.047603316605091095 -0.6976308226585388 -0.020486868917942047
v -0.051633551716804504 -0.7228183150291443 -0.03332088142633438
v -0.04260094836354256 -0.785244345664978 -0.04670359194278717
v -0.04749104380607605 -0.7786977887153625 -0.06353194266557693
v -0.05068572983145714 -0.7495881915092468 -0.04935504496097565
v -0.04529815539717674 -0.8100553750991821 -0.07612445205450058
v -0.04519489407539368 -0.8428288102149963 -0.08558489382266998
v -0.04922649636864662 -0.8781128525733948 -0.09337326884269714
v -0.05205806344747543 -0.9148353934288025 -0.10144175589084625
v -0.05312966927886009 -0.9511047601699829 -0.10914725065231323
v -0.0037306686863303185 -0.38073214888572693 0.03153855726122856
v -0.003048812272027135 -0.38079893589019775 0.016686245799064636
v -0.08462979644536972 0.259934663772583 0.044389523565769196
v -0.14823618531227112 0.1490979790687561 0.05830052122473717
v -0.1513446718454361 0.1611930876970291 0.06161785125732422
v -0.15982329845428467 0.2378518283367157 0.10825371742248535
v -0.26894545555114746 0.24561381340026855 0.11631280183792114
v -0.2632119655609131 0.25959402322769165 0.10986069589853287
v -0.1738126426935196 0.2253452092409134 0.11281958222389221
v -0.15047034621238708 0.189862459897995 0.07859724760055542
v -0.15577438473701477 0.19956208765506744 0.08049030601978302
v -0.2980620861053467 0.3990934491157532 0.27930766344070435
v -0.312839150428772 0.39781084656715393 0.28116345405578613
v -0.3070458769798279 0.41367197036743164 0.2934740483760834
v -0.2929054796695709 0.4134170114994049 0.29273760318756104
v -0.2840254306793213 0.39621347188949585 0.28250306844711304
v -0.28048044443130493 0.41009441018104553 0.2964514493942261
v -0.2724856734275818 0.3609760105609894 0.3344663977622986
v -0.265302836894989 0.36652901768684387 0.3226068615913391
v -0.26733556389808655 0.38331425189971924 0.3351321220397949
v -0.27510276436805725 0.3785203695297241 0.346221387386322
v -0.26873427629470825 0.4181460440158844 0.31727418303489685
v -0.2647247016429901 0.4115881323814392 0.32634466886520386
v -0.2654359042644501 0.3964589238166809 0.3130995035171509
v -0.27109289169311523 0.40409284830093384 0.3034532368183136
v -0.3015640676021576 0.35670754313468933 0.34465527534484863
v -0.31576788425445557 0.3587101101875305 0.3407459855079651
v -0.31393516063690186 0.3393373489379883 0.3318426012992859
v -0.2989112138748169 0.3385181128978729 0.33487677574157715
v -0.26425033807754517 0.2965467572212219 0.27871763706207275
v -0.27147167921066284 0.2897169291973114 0.2899208962917328
v -0.2678873538970947 0.27897846698760986 0.2778189182281494
v -0.2625933587551117 0.2886388897895813 0.2680606245994568
v -0.30789148807525635 0.3697754740715027 0.25284630060195923
v -0.3225835859775543 0.36523377895355225 0.2566593289375305
v -0.3179834187030792 0.38142621517181396 0.2684856057167053
v -0.30268365144729614 0.38435155153274536 0.26581400632858276
v -0.2694008946418762 0.3530803322792053 0.27246809005737305
v -0.2646002173423767 0.3425281047821045 0.2833241820335388
v -0.2669009566307068 0.32828736305236816 0.2698349356651306
v -0.27239686250686646 0.33929651975631714 0.2586342692375183
v -0.31348490715026855 0.35541462898254395 0.24131254851818085
v -0.32682329416275024 0.34906256198883057 0.24640506505966187
v -0.26609402894973755 0.38208144903182983 0.2989792823791504
v -0.2635534703731537 0.3734573721885681 0.31040096282958984
v -0.2633167505264282 0.35796070098876953 0.2967238426208496
v -0.26724323630332947 0.36754074692726135 0.28518491983413696
v -0.3033437430858612 0.3951978087425232 0.36173975467681885
v -0.31514716148376465 0.39780759811401367 0.3568662405014038
v -0.3162885904312134 0.3783451020717621 0.34925907850265503
v -0.302962064743042 0.37606316804885864 0.3536418378353119
v -0.26478832960128784 0.40567564964294434 0.33637142181396484
v -0.2689170241355896 0.4006045460700989 0.34674206376075745
v -0.26461857557296753 0.38927745819091797 0.32379060983657837
v -0.322945773601532 0.4224855899810791 0.3174503445625305
v -0.3138568103313446 0.42707204818725586 0.3100090026855469
v -0.31954225897789 0.4101106822490692 0.29836779832839966
v -0.3287038803100586 0.40433716773986816 0.3068716526031494
v -0.26774656772613525 0.3266690969467163 0.30765432119369507
v -0.2634291648864746 0.33350956439971924 0.2953717112541199
v -0.2639063894748688 0.3499303460121155 0.3094025254249573
v -0.27002453804016113 0.34368857741355896 0.3216438889503479
v -0.2915266156196594 0.36943143606185913 0.2548854351043701
v -0.28776809573173523 0.3825787305831909 0.2686765789985657
v -0.3337572515010834 0.38513290882110596 0.29633572697639465
v -0.3250429630279541 0.3928906321525574 0.2872377634048462
v -0.32924309372901917 0.37489187717437744 0.2757501006126404
v -0.33728450536727905 0.3670884966850281 0.28608638048171997
v -0.3412143588066101 0.3383219242095947 0.2909545302391052
v -0.3346182703971863 0.3294410705566406 0.30330491065979004
v -0.33482882380485535 0.3501285910606384 0.31192547082901
v -0.3393249213695526 0.3583691120147705 0.2991325855255127
v -0.26647335290908813 0.3102184534072876 0.2931087017059326
v -0.2751246988773346 0.30457189679145813 0.3047047257423401
v -0.2952936589717865 0.3201030492782593 0.32417017221450806
v -0.31106576323509216 0.32020920515060425 0.3222962021827698
v -0.30755043029785156 0.30128607153892517 0.3112661838531494
v -0.2903684973716736 0.3014357089996338 0.3119077682495117
v -0.2858405113220215 0.32988059520721436 0.22659997642040253
v -0.30168217420578003 0.3309323191642761 0.22070083022117615
v -0.29985231161117554 0.34073406457901 0.22922399640083313
v -0.284422904253006 0.33630460500717163 0.23480597138404846
v -0.31750693917274475 0.34014660120010376 0.23089313507080078
v -0.31895047426223755 0.3275069296360016 0.2228679358959198
v -0.3253452777862549 0.29947537183761597 0.2130914032459259
v -0.3305600881576538 0.2880535125732422 0.22024576365947723
v -0.33393964171409607 0.29501089453697205 0.22858069837093353
v -0.3285934627056122 0.30707940459251404 0.2211211621761322
v -0.3426402807235718 0.29749202728271484 0.27571260929107666
v -0.3321433663368225 0.2879032492637634 0.286001980304718
v -0.3336222171783447 0.3088682293891907 0.2952212989330292
v -0.34241682291030884 0.31764310598373413 0.283639132976532
v -0.3140631914138794 0.2666674256324768 0.2849067747592926
v -0.29750433564186096 0.2684064507484436 0.289127916097641
v -0.3029100298881531 0.2831941545009613 0.29979026317596436
v -0.3184388279914856 0.2836151123046875 0.2944413125514984
v -0.2807387113571167 0.22950729727745056 0.23384200036525726
v -0.26849988102912903 0.2322651445865631 0.23522502183914185
v -0.27694228291511536 0.24064090847969055 0.25145819783210754
v -0.2902030944824219 0.23897290229797363 0.25050967931747437
v -0.2536303997039795 0.2557026147842407 0.24533206224441528
v -0.24635127186775208 0.2493937611579895 0.23242509365081787
v -0.2403319776058197 0.26336905360221863 0.22970466315746307
v -0.24769939482212067 0.2687858045101166 0.24091331660747528
v -0.2743452787399292 0.30962151288986206 0.19995084404945374
v -0.29239973425865173 0.30669018626213074 0.19366253912448883
v -0.29722821712493896 0.31109049916267395 0.20062172412872314
v -0.2799146771430969 0.3125775456428528 0.2066929191350937
v -0.341564416885376 0.2798544764518738 0.2672443687915802
v -0.33036476373672485 0.2670001685619354 0.27678030729293823
v -0.2586696147918701 0.2632010281085968 0.2562059760093689
v -0.25332367420196533 0.2754601240158081 0.250171959400177
v -0.25863412022590637 0.2823830842971802 0.259318470954895
v -0.2641749978065491 0.2716245949268341 0.26743948459625244
v -0.2587295174598694 0.29998618364334106 0.23289982974529266
v -0.26917755603790283 0.31039953231811523 0.22240354120731354
v -0.2717050313949585 0.316697359085083 0.22898635268211365
v -0.2631872892379761 0.30632156133651733 0.24024440348148346
v -0.28273552656173706 0.31691575050354004 0.21270839869976044
v -0.29938259720802307 0.31637293100357056 0.20713889598846436
v -0.3016758859157562 0.32499900460243225 0.2147546112537384
v -0.28471696376800537 0.3244563341140747 0.2196325659751892
v -0.3396318554878235 0.26892200112342834 0.2591358423233032
v -0.3399360179901123 0.279829204082489 0.24972471594810486
v -0.3374554514884949 0.27142179012298584 0.2438666820526123
v -0.3355350196361542 0.2614302635192871 0.25280526280403137
v -0.30657458305358887 0.25583887100219727 0.27527257800102234
v -0.2910130023956299 0.25737130641937256 0.2785211503505707
v -0.2675331234931946 0.3105705976486206 0.2478354424238205
v -0.2620166838169098 0.29971617460250854 0.25854820013046265
v -0.25750550627708435 0.29481619596481323 0.2506377696990967
v -0.3179642856121063 0.3189721703529358 0.2161170244216919
v -0.29281407594680786 0.23011960089206696 0.2310219705104828
v -0.304064005613327 0.23296669125556946 0.22635352611541748
v -0.29303285479545593 0.22472479939460754 0.20900510251522064
v -0.28226789832115173 0.22125905752182007 0.21417441964149475
v -0.2703164517879486 0.2214052379131317 0.2171381711959839
v -0.25791430473327637 0.22543296217918396 0.21851485967636108
v -0.23537595570087433 0.24532361328601837 0.21673710644245148
v -0.22951307892799377 0.2602350115776062 0.2140217274427414
v -0.22840043902397156 0.27642005681991577 0.2097868174314499
v -0.2327900528907776 0.29139992594718933 0.20288485288619995
v -0.24530474841594696 0.29472270607948303 0.21861284971237183
v -0.23986659944057465 0.2792065739631653 0.22552436590194702
v -0.2607940435409546 0.30559101700782776 0.18469949066638947
v -0.27884113788604736 0.30181169509887695 0.17835980653762817
v -0.3057829439640045 0.29885274171829224 0.19255584478378296
v -0.29441356658935547 0.2933275103569031 0.17719385027885437
v -0.2696458101272583 0.2536877393722534 0.26218345761299133
v -0.2640659511089325 0.2460140734910965 0.24944207072257996
v -0.336887925863266 0.37767931818962097 0.30806052684783936
v -0.33379125595092773 0.369640052318573 0.32048553228378296
v -0.33112195134162903 0.3893357515335083 0.32912808656692505
v -0.3328086733818054 0.3975484371185303 0.31757068634033203
v -0.3232843279838562 0.40234440565109253 0.34854817390441895
v -0.3256080746650696 0.38282814621925354 0.3401251435279846
v -0.27305781841278076 0.39022207260131836 0.2893829941749573
v -0.2752690315246582 0.3764268755912781 0.27580296993255615
v -0.2765848636627197 0.4238573908805847 0.3099355399608612
v -0.27413538098335266 0.3210128843784332 0.23685896396636963
v -0.27455607056617737 0.3277139663696289 0.24576088786125183
v -0.33313125371932983 0.27602604031562805 0.22845987975597382
v -0.32609298825263977 0.2815115749835968 0.21135060489177704
v -0.32804304361343384 0.2694682776927948 0.2190650850534439
v -0.3415716886520386 0.2921667993068695 0.2551743686199188
v -0.34255489706993103 0.30983635783195496 0.2614558935165405
v -0.33631566166877747 0.3216921389102936 0.24757862091064453
v -0.3367130756378174 0.30205410718917847 0.23977774381637573
v -0.3297775983810425 0.2555192708969116 0.24598662555217743
v -0.33349621295928955 0.2648712694644928 0.23717044293880463
v -0.3265894651412964 0.2583034038543701 0.22636544704437256
v -0.3220144212245941 0.2486390471458435 0.23441530764102936
v -0.2572489380836487 0.3053662180900574 0.20941080152988434
v -0.2645801305770874 0.30666497349739075 0.21644380688667297
v -0.31070876121520996 0.268483966588974 0.1839001476764679
v -0.3192756772041321 0.27517497539520264 0.19892258942127228
v -0.31472715735435486 0.28752484917640686 0.19495728611946106
v -0.30555981397628784 0.28186020255088806 0.18089672923088074
v -0.3211173415184021 0.29324546456336975 0.20522713661193848
v -0.31115636229515076 0.2556597590446472 0.18870067596435547
v -0.3207215368747711 0.2626033127307892 0.2050153911113739
v -0.24367773532867432 0.3026385009288788 0.19394996762275696
v -0.31266140937805176 0.2406608611345291 0.21877464652061462
v -0.318045437335968 0.2512597143650055 0.2117176353931427
v -0.30792778730392456 0.24328233301639557 0.1945982575416565
v -0.3017634153366089 0.23241443932056427 0.2017652690410614
v -0.32664844393730164 0.36312079429626465 0.33171725273132324
v -0.32602202892303467 0.3435210883617401 0.32285866141319275
v -0.2806893289089203 0.27189701795578003 0.2867244482040405
v -0.28553685545921326 0.28455013036727905 0.29872244596481323
v -0.2753562033176422 0.26214033365249634 0.27461758255958557
v -0.2858182489871979 0.35754305124282837 0.3431225121021271
v -0.2881320118904114 0.3758641481399536 0.3530781865119934
v -0.27893465757369995 0.32163292169570923 0.31883421540260315
v -0.28251272439956665 0.33970463275909424 0.33156102895736694
v -0.34003931283950806 0.3476693034172058 0.27659744024276733
v -0.3115891218185425 0.2475576400756836 0.26040056347846985
v -0.29831773042678833 0.24767975509166718 0.2640814781188965
v -0.3205244541168213 0.2548013925552368 0.2698114514350891
v -0.24540385603904724 0.23334188759326935 0.21778768301010132
v -0.25642475485801697 0.2388979196548462 0.23455901443958282
v -0.33508363366127014 0.2614952325820923 0.2665577828884125
v -0.23069781064987183 0.22754085063934326 0.19662022590637207
v -0.33114999532699585 0.31743884086608887 0.2290991097688675
v -0.3146003484725952 0.3098783493041992 0.2080908715724945
v -0.31130725145339966 0.3039363622665405 0.20114541053771973
v -0.3010852634906769 0.4287625849246979 0.3055301606655121
v -0.2779799699783325 0.36247897148132324 0.2619035840034485
v -0.26848334074020386 0.3167460262775421 0.2570384442806244
v -0.26406121253967285 0.306358277797699 0.26803886890411377
v -0.32269158959388733 0.24931348860263824 0.25453174114227295
v -0.314052939414978 0.24157312512397766 0.2421320676803589
v -0.3025856018066406 0.23946043848991394 0.24724778532981873
v -0.25344938039779663 0.2966804802417755 0.2270468771457672
v -0.2471444010734558 0.2835082709789276 0.2353667914867401
v -0.28975120186805725 0.39458078145980835 0.36204320192337036
v -0.25209078192710876 0.28798678517341614 0.2425631582736969
v -0.3297000825405121 0.3307828903198242 0.2365427017211914
v -0.021612748503684998 0.20918209850788116 -0.09103967994451523
v -0.1374862641096115 0.05744181573390961 0.07559192180633545
v -0.09630661457777023 0.027043914422392845 0.11184391379356384
v -0.1117391586303711 0.031671829521656036 0.09884749352931976
v -0.14547525346279144 0.1234131008386612 0.05789206922054291
v -0.14636680483818054 0.13681989908218384 0.05734822899103165
v -0.1559409201145172 0.17617295682430267 0.06774662435054779
v -0.16060958802700043 0.1863449513912201 0.07185454666614532
v -0.13876524567604065 0.09670178592205048 0.08307886868715286
v -0.06353253126144409 0.449654757976532 -0.026864569634199142
v -0.06298650056123734 0.4421718418598175 -0.0285330917686224
v -0.06518229097127914 0.4624458849430084 -0.02822132408618927
v -0.013420787639915943 -0.1318899244070053 0.15632908046245575
v -0.06277064979076385 0.43797364830970764 -0.015789851546287537
v -0.0614774227142334 0.42874208092689514 -0.015925399959087372
v -0.0662231296300888 0.4332190454006195 -0.014970332384109497
v -0.061879124492406845 0.4394218325614929 -0.014368273317813873
v -0.061843324452638626 0.4406832158565521 -0.013907510787248611
v -0.06515001505613327 0.4658451974391937 -0.01860511302947998
v -0.061697155237197876 0.43361496925354004 -0.02773696556687355
v -0.060613177716732025 0.4246167540550232 -0.025140000507235527
v -0.06277477741241455 0.45344457030296326 -0.011757813394069672
v -0.0502864234149456 -0.12721368670463562 -0.07547800242900848
v -0.026092445477843285 -0.12795676290988922 -0.07549680769443512
v -0.028360461816191673 -0.1475793421268463 -0.08346132189035416
v -0.054070405662059784 -0.14701545238494873 -0.0811745673418045
v -0.030341925099492073 -0.16754095256328583 -0.09197568893432617
v -0.1479853093624115 -0.19774214923381805 -0.06502356380224228
v -0.16480892896652222 -0.19615277647972107 -0.041331712156534195
v -0.15889200568199158 -0.17479687929153442 -0.037398528307676315
v -0.14366714656352997 -0.17620132863521576 -0.06006031110882759
v -0.16435405611991882 -0.15898045897483826 -0.010683588683605194
v -0.15304580330848694 -0.1565970778465271 -0.03366994857788086
v -0.16909314692020416 -0.17546719312667847 -0.011242849752306938
v -0.17360851168632507 -0.1813136339187622 0.015690941363573074
v -0.16952040791511536 -0.16358697414398193 0.015257442370057106
v -0.17124733328819275 -0.19106774032115936 0.04092574119567871
v -0.16717825829982758 -0.17169895768165588 0.04093574360013008
v -0.16327343881130219 -0.20285585522651672 0.06221507489681244
v -0.1495109498500824 -0.21441541612148285 0.08230478316545486
v -0.1320776492357254 -0.24926282465457916 0.09972435981035233
v -0.1071651354432106 -0.23328296840190887 0.11466629803180695
v -0.1305684894323349 -0.22466957569122314 0.10051511228084564
v -0.05950905382633209 -0.24238933622837067 0.13510173559188843
v -0.08296921104192734 -0.2396782487630844 0.1263052076101303
v -0.018021052703261375 -0.24428635835647583 0.1434897631406784
v -0.03777393326163292 -0.2438223958015442 0.14060379564762115
v -0.07795173674821854 0.2428106963634491 0.06725385040044785
v -0.08827986568212509 0.2845606505870819 -0.0472928062081337
v -0.09876078367233276 0.2803601026535034 -0.04595298692584038
v -0.10084718465805054 0.28654149174690247 -0.027176236733794212
v -0.13210542500019073 0.22764675319194794 -0.06569111347198486
v -0.12956015765666962 0.24487726390361786 -0.05918999761343002
v -0.11339330673217773 0.23756931722164154 -0.07418352365493774
v -0.1142851710319519 0.22175833582878113 -0.0788622796535492
v -0.08144454658031464 0.27593106031417847 -0.05956951528787613
v -0.07374349981546402 0.27864426374435425 -0.05886524170637131
v -0.09029023349285126 0.27088791131973267 -0.06112370640039444
v -0.06016192585229874 0.2535397410392761 -0.07907625287771225
v -0.07688182592391968 0.2618306875228882 -0.07224348932504654
v -0.1313333660364151 0.27991023659706116 -0.015354141592979431
v -0.14256411790847778 0.26668065786361694 -0.030301596969366074
v -0.15037614107131958 0.2690557539463043 -0.022460993379354477
v -0.139864981174469 0.28192758560180664 -0.00762071181088686
v -0.15932559967041016 0.2182571142911911 -0.042105093598365784
v -0.15947271883487701 0.20345604419708252 -0.041077688336372375
v -0.16796822845935822 0.20816126465797424 -0.031466495245695114
v -0.16734814643859863 0.2223537266254425 -0.03283632546663284
v -0.1687583029270172 0.2933070659637451 0.020317085087299347
v -0.17820380628108978 0.28047212958335876 0.004188087768852711
v -0.1892266720533371 0.28304609656333923 0.014757493510842323
v -0.1790071725845337 0.29493212699890137 0.03007902391254902
v -0.16362254321575165 0.23764614760875702 -0.033041857182979584
v -0.09493070095777512 0.1183784157037735 -0.08748213946819305
v -0.1159190982580185 0.12838082015514374 -0.0761430561542511
v -0.13562804460525513 0.13721199333667755 -0.06368163973093033
v -0.16752955317497253 0.16532984375953674 -0.021225448697805405
v -0.16092002391815186 0.15872661769390106 -0.03133329004049301
v -0.1624247133731842 0.14795494079589844 -0.027862856164574623
v -0.17518258094787598 0.17021505534648895 -0.0113043412566185
v -0.18431849777698517 0.17368470132350922 0.0015124902129173279
v -0.14478477835655212 0.2544001340866089 0.10001103579998016
v -0.13777431845664978 0.25204968452453613 0.09821135550737381
v -0.13739188015460968 0.2758439779281616 0.08372639864683151
v -0.19815930724143982 0.1800519973039627 0.03128710016608238
v -0.19070620834827423 0.17334780097007751 0.017909418791532516
v -0.18854057788848877 0.16813960671424866 0.022544357925653458
v -0.19660209119319916 0.17618471384048462 0.03542209044098854
v -0.12399635463953018 0.2795327305793762 -0.02119017206132412
v -0.19682109355926514 0.26786932349205017 0.007631290704011917
v -0.18550845980644226 0.265183687210083 -0.0037090471014380455
v -0.1916918009519577 0.24958422780036926 -0.005382826551795006
v -0.20189814269542694 0.25311607122421265 0.006045110523700714
v -0.20480555295944214 0.23979096114635468 0.00658193975687027
v -0.1950991153717041 0.23560830950737 -0.0051065050065517426
v -0.19600409269332886 0.222273051738739 -0.0034322217106819153
v -0.2055004984140396 0.22751285135746002 0.008122242987155914
v -0.20052948594093323 0.18671005964279175 0.02799266204237938
v -0.1918572336435318 0.1795268952846527 0.013107512146234512
v -0.17390324175357819 0.29867398738861084 0.06031385809183121
v -0.13516546785831451 0.2911413908004761 0.021182246506214142
v -0.12444917112588882 0.28734874725341797 0.04434719309210777
v -0.11565069854259491 0.28440502285957336 0.03594018146395683
v -0.12589387595653534 0.2879351079463959 0.012956211343407631
v -0.17851930856704712 0.18464988470077515 0.0719633549451828
v -0.17208817601203918 0.1923476904630661 0.07677264511585236
v -0.18505707383155823 0.1785486936569214 0.06797647476196289
v -0.18236534297466278 0.16118012368679047 0.031972359865903854
v -0.1914205104112625 0.17576099932193756 0.06360369175672531
v -0.1540907621383667 0.2346152812242508 0.10025633871555328
v -0.1518116593360901 0.2546461522579193 0.10190324485301971
v -0.11954812705516815 0.27351412177085876 0.06592294573783875
v -0.11135558038949966 0.2719554007053375 0.05783137306571007
v -0.1894339919090271 0.2948165237903595 0.03982080891728401
v -0.20020075142383575 0.2827768623828888 0.025894828140735626
v -0.20859013497829437 0.18717549741268158 0.04458758980035782
v -0.20682600140571594 0.18322503566741943 0.04846698418259621
v -0.21767717599868774 0.18894898891448975 0.06104012206196785
v -0.17916767299175262 0.15486977994441986 0.016029059886932373
v -0.18622525036334991 0.1644999235868454 0.026946313679218292
v -0.14806358516216278 0.2845475375652313 0.00024160929024219513
v -0.20761597156524658 0.2683494985103607 0.019704096019268036
v -0.21155497431755066 0.25430893898010254 0.01792827993631363
v -0.18527308106422424 0.23063799738883972 -0.015261184424161911
v -0.18166498839855194 0.2452198714017868 -0.015792977064847946
v -0.17252743244171143 0.24105308949947357 -0.02468855120241642
v -0.17615588009357452 0.2263127714395523 -0.024165784940123558
v -0.21494990587234497 0.23190104961395264 0.021764978766441345
v -0.21546566486358643 0.2207556813955307 0.025633923709392548
v -0.17714209854602814 0.21286307275295258 -0.022016286849975586
v -0.18637824058532715 0.21724799275398254 -0.013045642524957657
v -0.2112811803817749 0.1937214732170105 0.04175835847854614
v -0.10442346334457397 0.2701028883457184 0.05069297179579735
v -0.10389193892478943 0.2556397318840027 0.07230333983898163
v -0.09587378054857254 0.2524995505809784 0.06930477917194366
v -0.12029373645782471 0.25448721647262573 0.08696866035461426
v -0.11152039468288422 0.255769819021225 0.07936321198940277
v -0.12977541983127594 0.2516985833644867 0.09401680529117584
v -0.0890522450208664 0.24765954911708832 0.06744746118783951
v -0.33008623123168945 0.25538262724876404 0.26173701882362366
v -0.2163858264684677 0.18558841943740845 0.06626966595649719
v -0.22801628708839417 0.19174493849277496 0.07814673334360123
v -0.2280028909444809 0.19535817205905914 0.07221345603466034
v -0.2687312364578247 0.23002462089061737 0.11980045586824417
v 0.01596827805042267 0.3870123624801636 0.10708089172840118
v 0.01698116958141327 0.3930704891681671 0.10898622870445251
v 0.018474511802196503 0.4137204885482788 0.10782800614833832
v 0.018598323687911034 0.41738802194595337 0.10652417689561844
v -0.33605605363845825 0.2825319766998291 0.2359173595905304
v -0.3378928303718567 0.2876267433166504 0.2418982982635498
v -0.3420248031616211 0.3289405107498169 0.26865923404693604
v -0.33271926641464233 0.35732918977737427 0.2653020918369293
v -0.33527421951293945 0.3391644358634949 0.25593921542167664
v -0.2964422404766083 0.3556073307991028 0.2415739893913269
v -0.2817770838737488 0.34933948516845703 0.24769820272922516
v -0.2641398310661316 0.31784242391586304 0.28129512071609497
v -0.32138848304748535 0.3032940626144409 0.304732084274292
v -0.27505728602409363 0.4573514461517334 0.3303927779197693
v -0.2871665358543396 0.4593862295150757 0.32865020632743835
v -0.279232919216156 0.4744756817817688 0.3403172791004181
v -0.26747971773147583 0.47182130813598633 0.34364622831344604
v -0.26055237650871277 0.48588353395462036 0.3560039699077606
v -0.2554447650909424 0.48284459114074707 0.3640221655368805
v -0.2603931427001953 0.4683762490749359 0.3508053421974182
v -0.25626397132873535 0.47901585698127747 0.371806800365448
v -0.2585022449493408 0.463712215423584 0.35833024978637695
v -0.2604706287384033 0.47496864199638367 0.378629207611084
v -0.26675891876220703 0.47343599796295166 0.38537654280662537
v -0.2656354010105133 0.45641523599624634 0.37365102767944336
v -0.2605859041213989 0.45906519889831543 0.3658425211906433
v -0.2714347839355469 0.43657776713371277 0.3686155080795288
v -0.27277472615242004 0.454964816570282 0.3802841901779175
v -0.28166621923446655 0.4539579749107361 0.38501036167144775
v -0.2801160216331482 0.4344784617424011 0.37545251846313477
v -0.3011721968650818 0.47413724660873413 0.39050015807151794
v -0.30695486068725586 0.4758053421974182 0.38528573513031006
v -0.3093198239803314 0.45720523595809937 0.3795217275619507
v -0.30203506350517273 0.45452332496643066 0.3849884569644928
v -0.31768423318862915 0.44703125953674316 0.35480186343193054
v -0.31636375188827515 0.44184714555740356 0.3641725182533264
v -0.31253254413604736 0.4611147344112396 0.3712646961212158
v -0.3136618733406067 0.4656381607055664 0.36183464527130127
v -0.3111034631729126 0.48176103830337524 0.3666335344314575
v -0.3061680793762207 0.4855307638645172 0.3577929735183716
v -0.3112143278121948 0.46983063220977783 0.35322314500808716
v -0.2880021035671234 0.42745059728622437 0.30541062355041504
v -0.2819618284702301 0.4427136778831482 0.31763824820518494
v -0.2714894413948059 0.4384298026561737 0.3230772614479065
v -0.26148587465286255 0.4429742693901062 0.3526880741119385
v -0.26303210854530334 0.42712634801864624 0.33933305740356445
v -0.26546919345855713 0.4328543245792389 0.33074474334716797
v -0.26166269183158875 0.44811487197875977 0.34462010860443115
v -0.2772969603538513 0.3965367078781128 0.35632801055908203
v -0.27046075463294983 0.4183054566383362 0.35753288865089417
v -0.2788802683353424 0.4153924584388733 0.36562466621398926
v -0.26497524976730347 0.4392611086368561 0.36087775230407715
v -0.2648950219154358 0.42218929529190063 0.3484992980957031
v -0.2912234663963318 0.4336678385734558 0.3787400722503662
v -0.29215916991233826 0.4536745548248291 0.38642972707748413
v -0.2994544506072998 0.46011051535606384 0.33183735609054565
v -0.3098900020122528 0.4577018618583679 0.33752065896987915
v -0.3026338517665863 0.47334223985671997 0.34628045558929443
v -0.29157641530036926 0.47514548897743225 0.34204867482185364
v -0.29053065180778503 0.4141235053539276 0.37024766206741333
v -0.31665176153182983 0.44047561287879944 0.3278350830078125
v -0.30700185894966125 0.4439113140106201 0.3210679888725281
v -0.3164297342300415 0.45332831144332886 0.3456980586051941
v -0.3216351866722107 0.4350155293941498 0.336894690990448
v -0.28398609161376953 0.48890256881713867 0.3506096601486206
v -0.2712453603744507 0.4885331094264984 0.3507872223854065
v -0.29455265402793884 0.4449938237667084 0.3172922432422638
v -0.3026605546474457 0.43429654836654663 0.37780964374542236
v -0.3113868832588196 0.43741968274116516 0.3725634217262268
v -0.3133274018764496 0.41726383566856384 0.36496585607528687
v -0.3028236925601959 0.4145602285861969 0.36981016397476196
v -0.3268277645111084 0.4090418219566345 0.33814162015914917
v -0.3195239007472992 0.42268699407577515 0.3566492795944214
v -0.32219016551971436 0.4283859431743622 0.34696248173713684
v -0.31023815274238586 0.47842535376548767 0.37675169110298157
v -0.32712894678115845 0.41581016778945923 0.32711708545684814
v -0.26709097623825073 0.5633738040924072 0.39009466767311096
v -0.26491597294807434 0.5540457367897034 0.3943108320236206
v -0.254562646150589 0.5595860481262207 0.39519017934799194
v -0.25739043951034546 0.5684888362884521 0.39095500111579895
v -0.24569988250732422 0.540465235710144 0.4059295952320099
v -0.23740825057029724 0.531400740146637 0.40373262763023376
v -0.22883735597133636 0.5415571928024292 0.4014141857624054
v -0.23589353263378143 0.5491533279418945 0.4033290445804596
v -0.24846437573432922 0.5718719363212585 0.38931038975715637
v -0.24584169685840607 0.5638653039932251 0.3943164646625519
v -0.24191555380821228 0.569960355758667 0.38539841771125793
v -0.24661795794963837 0.5766410231590271 0.3787615895271301
v -0.2502868175506592 0.5788194537162781 0.38448959589004517
v -0.24887606501579285 0.5832816362380981 0.37488293647766113
v -0.24927206337451935 0.5682079195976257 0.3704732656478882
v -0.2532618045806885 0.5791856646537781 0.3676246702671051
v -0.27343982458114624 0.5600823163986206 0.3595639765262604
v -0.2838538885116577 0.5573676228523254 0.3584900498390198
v -0.2842429280281067 0.5713707208633423 0.35719895362854004
v -0.2733681797981262 0.5736494064331055 0.3587506413459778
v -0.30316975712776184 0.5638596415519714 0.360478937625885
v -0.29364797472953796 0.5686035752296448 0.3580869734287262
v -0.2923482060432434 0.554268479347229 0.3592986464500427
v -0.3009362816810608 0.5505165457725525 0.36118283867836
v -0.28207680583000183 0.5560289621353149 0.3882855772972107
v -0.28149619698524475 0.545445442199707 0.3914141058921814
v -0.2747388780117035 0.5485062599182129 0.39214980602264404
v -0.27598074078559875 0.5583062767982483 0.38873541355133057
v -0.23030056059360504 0.5652415752410889 0.3825276792049408
v -0.23860549926757812 0.5600588917732239 0.3768477737903595
v -0.24042552709579468 0.5667942762374878 0.379031240940094
v -0.2323448210954666 0.5679075717926025 0.385323703289032
v -0.2926141023635864 0.5202260613441467 0.40276288986206055
v -0.28965625166893005 0.5073438882827759 0.40214961767196655
v -0.2804604470729828 0.5079081654548645 0.4015594720840454
v -0.28430992364883423 0.5193707942962646 0.4019971191883087
v -0.252661794424057 0.5144931077957153 0.4038539230823517
v -0.2597997188568115 0.5076731443405151 0.4008411467075348
v -0.25030362606048584 0.5019943714141846 0.3903343677520752
v -0.24444447457790375 0.5092766284942627 0.3925822377204895
v -0.24546930193901062 0.5221993923187256 0.4046400487422943
v -0.23883090913295746 0.516647458076477 0.394172340631485
v -0.2325330376625061 0.526623010635376 0.3945489823818207
v -0.22508493065834045 0.5381067395210266 0.3938393294811249
v -0.3000972867012024 0.5057184100151062 0.40122759342193604
v -0.3047177493572235 0.5148424506187439 0.401603639125824
v -0.2484675794839859 0.6285152435302734 0.3631305694580078
v -0.2540406584739685 0.630173921585083 0.3625800609588623
v -0.2547607123851776 0.6251697540283203 0.36521053314208984
v -0.24916087090969086 0.6234167218208313 0.36565953493118286
v -0.3139288127422333 0.5120221376419067 0.38408640027046204
v -0.3110795319080353 0.5130187273025513 0.37452927231788635
v -0.31076580286026 0.5064446330070496 0.37761691212654114
v -0.311158150434494 0.5052308440208435 0.38742685317993164
v -0.3175208866596222 0.5208540558815002 0.3806048631668091
v -0.3119589686393738 0.5218296051025391 0.3709395229816437
v -0.2442755550146103 0.6241278052330017 0.35188794136047363
v -0.2428639829158783 0.6250584125518799 0.3568069338798523
v -0.24418602883815765 0.6195626258850098 0.35854560136795044
v -0.24611248075962067 0.6186052560806274 0.3535928726196289
v -0.25847917795181274 0.5771898031234741 0.3877759873867035
v -0.26755496859550476 0.5725933313369751 0.3873429000377655
v -0.26349300146102905 0.5951700806617737 0.3822990655899048
v -0.2677019536495209 0.5837240815162659 0.3846808671951294
v -0.25781410932540894 0.5855438113212585 0.3851717710494995
v -0.25679558515548706 0.5932365655899048 0.3821156919002533
v -0.28798621892929077 0.5761168599128723 0.38355621695518494
v -0.2871486246585846 0.5651845335960388 0.38582301139831543
v -0.2797100841999054 0.5693528056144714 0.38559383153915405
v -0.28082364797592163 0.5804671049118042 0.3833658993244171
v -0.29976779222488403 0.562284529209137 0.388183057308197
v -0.3009563982486725 0.5727459788322449 0.38495561480522156
v -0.30800938606262207 0.5713582634925842 0.3862372040748596
v -0.3063143789768219 0.5625266432762146 0.3895629346370697
v -0.2959999144077301 0.5929235219955444 0.37563207745552063
v -0.29553353786468506 0.6010304689407349 0.3690181374549866
v -0.3010481595993042 0.5992289185523987 0.36779293417930603
v -0.30173036456108093 0.591563880443573 0.37522363662719727
v -0.31058868765830994 0.4998709559440613 0.37951111793518066
v -0.30897217988967896 0.49822890758514404 0.38908475637435913
v -0.32151490449905396 0.5565245151519775 0.36709728837013245
v -0.32786059379577637 0.5535380840301514 0.37499353289604187
v -0.332187294960022 0.5634326338768005 0.3727564513683319
v -0.32536137104034424 0.565563440322876 0.36460766196250916
v -0.3042439818382263 0.5150865316390991 0.3666341006755829
v -0.30501648783683777 0.5081349015235901 0.3684368133544922
v -0.24863684177398682 0.6242656111717224 0.3479381203651428
v -0.2503994107246399 0.6185809373855591 0.34956347942352295
v -0.2355082631111145 0.5263975262641907 0.3837973177433014
v -0.2270195186138153 0.5382883548736572 0.38495004177093506
v -0.24196185171604156 0.5165361166000366 0.3823307752609253
v -0.24617713689804077 0.5096645355224609 0.38066422939300537
v -0.24868232011795044 0.5025708675384521 0.378084659576416
v -0.27337944507598877 0.5888645648956299 0.38236114382743835
v -0.27489978075027466 0.5664507150650024 0.3870867192745209
v -0.2866707742214203 0.5541630387306213 0.3887278735637665
v -0.3177603483200073 0.5511929392814636 0.39491093158721924
v -0.31653156876564026 0.5427722930908203 0.39684852957725525
v -0.3066893517971039 0.5464851260185242 0.39668381214141846
v -0.3101651072502136 0.553543210029602 0.39394596219062805
v -0.3299306631088257 0.5544399619102478 0.3841210901737213
v -0.32588398456573486 0.5579311847686768 0.38960281014442444
v -0.3282426595687866 0.5670346021652222 0.3860050141811371
v -0.33301347494125366 0.5642929077148438 0.38113030791282654
v -0.22587688267230988 0.562494695186615 0.3800669312477112
v -0.2339620739221573 0.5537717342376709 0.3770041763782501
v -0.31240200996398926 0.5125554800033569 0.3940733075141907
v -0.30792000889778137 0.5048361420631409 0.39585304260253906
v -0.3042360246181488 0.49768224358558655 0.39583688974380493
v -0.2834503650665283 0.53209388256073 0.3974115252494812
v -0.2787420153617859 0.5191187858581543 0.40202635526657104
v -0.27217093110084534 0.5207179188728333 0.4033443331718445
v -0.27872616052627563 0.5339133739471436 0.39740118384361267
v -0.2619798183441162 0.5440179705619812 0.4013771116733551
v -0.25582990050315857 0.5318717360496521 0.40632879734039307
v -0.2512986361980438 0.5508974194526672 0.40146374702453613
v -0.2719004452228546 0.5075299739837646 0.4017972946166992
v -0.2783288359642029 0.498473197221756 0.3995347321033478
v -0.26901501417160034 0.4982881546020508 0.3982703387737274
v -0.2879820168018341 0.4982508420944214 0.40000826120376587
v -0.29701101779937744 0.4979994297027588 0.39923083782196045
v -0.27666977047920227 0.4881417453289032 0.39621612429618835
v -0.2680719792842865 0.4879226088523865 0.39325225353240967
v -0.2863309681415558 0.4880513846874237 0.3972785770893097
v -0.2949695885181427 0.4885280132293701 0.39636823534965515
v -0.30933964252471924 0.49315857887268066 0.3679332137107849
v -0.310145765542984 0.4906492829322815 0.37893861532211304
v -0.3066484332084656 0.5012149214744568 0.3689953684806824
v -0.25330400466918945 0.4918794631958008 0.38271358609199524
v -0.25945135951042175 0.4990881681442261 0.3948057293891907
v -0.2602390944957733 0.48911982774734497 0.38871511816978455
v -0.2516118288040161 0.49413490295410156 0.37307173013687134
v -0.22944767773151398 0.5549418926239014 0.40077975392341614
v -0.22399777173995972 0.5608813166618347 0.39913931488990784
v -0.2294207513332367 0.5657377243041992 0.39680716395378113
v -0.23485656082630157 0.5607547760009766 0.3973914682865143
v -0.25048354268074036 0.5897637605667114 0.3722299337387085
v -0.2514966130256653 0.5920156836509705 0.3785456717014313
v -0.2509947419166565 0.5852160453796387 0.38119322061538696
v -0.2995155453681946 0.529457151889801 0.40155234932899475
v -0.3102066218852997 0.5246038436889648 0.4003849923610687
v -0.26902180910110474 0.5973174571990967 0.379793256521225
v -0.24803991615772247 0.6121798753738403 0.3561022877693176
v -0.24596655368804932 0.6134361624717712 0.36124473810195923
v -0.24886304140090942 0.6030548810958862 0.36646610498428345
v -0.2506261467933655 0.6014413833618164 0.36053818464279175
v -0.2709110975265503 0.6042970418930054 0.37164145708084106
v -0.266622930765152 0.6030694246292114 0.3762940466403961
v -0.26466649770736694 0.6099578142166138 0.3725244998931885
v -0.2677859365940094 0.6103181838989258 0.3669067621231079
v -0.3081354796886444 0.5962257981300354 0.36996471881866455
v -0.30869317054748535 0.5896806716918945 0.37607133388519287
v -0.2727578282356262 0.5866936445236206 0.3590911626815796
v -0.2615817189216614 0.585387647151947 0.3597955107688904
v -0.26224735379219055 0.5755743384361267 0.3612980544567108
v -0.2947368025779724 0.5740132331848145 0.3840366005897522
v -0.2957899868488312 0.5839087963104248 0.3805238604545593
v -0.30176442861557007 0.5826513767242432 0.3806111812591553
v -0.27605003118515015 0.5918097496032715 0.3798812925815582
v -0.27360445261001587 0.597786009311676 0.3772177994251251
v -0.27974411845207214 0.5954408645629883 0.37679430842399597
v -0.2812466621398926 0.5884406566619873 0.38055357336997986
v -0.3241116404533386 0.5419797301292419 0.3760574460029602
v -0.3262937366962433 0.5431999564170837 0.3882974088191986
v -0.2444346696138382 0.6265738010406494 0.360851526260376
v -0.24528273940086365 0.6213783025741577 0.36293935775756836
v -0.30689263343811035 0.4892110824584961 0.3883530795574188
v -0.3015044331550598 0.48885244131088257 0.39394375681877136
v -0.29316696524620056 0.5631538033485413 0.38679346442222595
v -0.2619996964931488 0.5629432201385498 0.3630785048007965
v -0.2916959524154663 0.5526635050773621 0.38998737931251526
v -0.3135581612586975 0.5815884470939636 0.3592471480369568
v -0.318956196308136 0.5833576917648315 0.363312304019928
v -0.3159661293029785 0.5908523201942444 0.3609464764595032
v -0.31339752674102783 0.5885756611824036 0.3554207682609558
v -0.26432815194129944 0.6190564632415771 0.3602556586265564
v -0.2613224983215332 0.6198079586029053 0.3658599853515625
v -0.2596566379070282 0.6256036758422852 0.3616011142730713
v -0.26229697465896606 0.6246213316917419 0.3562963604927063
v -0.26180389523506165 0.6011911630630493 0.37873217463493347
v -0.2562284767627716 0.5996183753013611 0.37877267599105835
v -0.254625141620636 0.6069903373718262 0.3746906518936157
v -0.2598987817764282 0.6086729168891907 0.3750031292438507
v -0.2521454691886902 0.5978626608848572 0.37524083256721497
v -0.2504299283027649 0.6049591302871704 0.3713839650154114
v -0.2638932466506958 0.6168310046195984 0.3539541959762573
v -0.2589648365974426 0.6136564016342163 0.3506709337234497
v -0.2628496289253235 0.6039701700210571 0.3555721044540405
v -0.2671598792076111 0.6081113219261169 0.3597400188446045
v -0.2985406517982483 0.5375545620918274 0.3615513741970062
v -0.3066219389438629 0.5349892973899841 0.3645116686820984
v -0.3098158538341522 0.547676682472229 0.3641262650489807
v -0.31296396255493164 0.5601937770843506 0.3635006844997406
v -0.31520646810531616 0.5718926191329956 0.36244893074035645
v -0.30502963066101074 0.5752105712890625 0.35700923204421997
v -0.31729212403297424 0.5448473691940308 0.3677751123905182
v -0.2748948037624359 0.5988770723342896 0.36309999227523804
v -0.2679011821746826 0.596655011177063 0.36013883352279663
v -0.27587437629699707 0.5955365896224976 0.3583953380584717
v -0.29932475090026855 0.5514931678771973 0.39221635460853577
v -0.24699604511260986 0.6154451966285706 0.3658251166343689
v -0.2605171501636505 0.5128129720687866 0.3634645342826843
v -0.272647500038147 0.5128900408744812 0.35935527086257935
v -0.27325817942619324 0.5218725800514221 0.35962384939193726
v -0.2591182291507721 0.5207290649414062 0.36477717757225037
v -0.2565746307373047 0.619178295135498 0.3688563108444214
v -0.2510123550891876 0.6177839636802673 0.36907899379730225
v -0.3155349791049957 0.5886972546577454 0.37446293234825134
v -0.3137092590332031 0.5945448279380798 0.3690602481365204
v -0.3174366354942322 0.5936282277107239 0.36553311347961426
v -0.320681631565094 0.5889555215835571 0.3689229190349579
v -0.31394797563552856 0.5326626300811768 0.3684297502040863
v -0.33519813418388367 0.5717176198959351 0.369809627532959
v -0.32863855361938477 0.5712829828262329 0.3619425296783447
v -0.30483347177505493 0.5236311554908752 0.3649789094924927
v -0.2963399589061737 0.5259091854095459 0.3615574538707733
v -0.29489749670028687 0.5170813798904419 0.36170944571495056
v -0.2937488555908203 0.5829160213470459 0.3561464846134186
v -0.29078909754753113 0.5405023097991943 0.35959377884864807
v -0.288907527923584 0.5283032059669495 0.35961392521858215
v -0.2858525812625885 0.5186399817466736 0.3595655560493469
v -0.2851085960865021 0.5114306211471558 0.3593209683895111
v -0.29503771662712097 0.5099971294403076 0.36212384700775146
v -0.2526615858078003 0.6122205257415771 0.35192549228668213
v -0.25645682215690613 0.6199285984039307 0.34811490774154663
v -0.2968437969684601 0.5030003786087036 0.36177051067352295
v -0.3013661801815033 0.49601176381111145 0.3596041798591614
v -0.29000937938690186 0.49714261293411255 0.356434166431427
v -0.2861749529838562 0.5044422745704651 0.35847949981689453
v -0.27981358766555786 0.530929446220398 0.35925763845443726
v -0.2707001566886902 0.5330988168716431 0.36019405722618103
v -0.2825019359588623 0.543367862701416 0.3590348958969116
v -0.2727700173854828 0.5465105175971985 0.36011338233947754
v -0.28345513343811035 0.5832756757736206 0.35460880398750305
v -0.25631090998649597 0.635573148727417 0.3453129529953003
v -0.2589082717895508 0.62800532579422 0.3487809896469116
v -0.26085665822029114 0.6299737095832825 0.353232204914093
v -0.2584913372993469 0.6373258829116821 0.3489639163017273
v -0.2612035274505615 0.6224904656410217 0.35107535123825073
v -0.2544568181037903 0.625595211982727 0.3463229537010193
v -0.2604919970035553 0.54910808801651 0.363728791475296
v -0.27795910835266113 0.6018784046173096 0.3716249465942383
v -0.2561984658241272 0.5339469909667969 0.36648643016815186
v -0.24772070348262787 0.5546267032623291 0.3686997890472412
v -0.24333345890045166 0.5442235469818115 0.3714534342288971
v -0.24799175560474396 0.5182467699050903 0.3719472587108612
v -0.24282623827457428 0.5275557637214661 0.37435972690582275
v -0.2533900737762451 0.5042607188224792 0.3684276044368744
v -0.2512531280517578 0.5111166834831238 0.37064284086227417
v -0.2556070387363434 0.49615582823753357 0.3640490770339966
v -0.23421120643615723 0.5395601987838745 0.3773212730884552
v -0.2478264570236206 0.6359868049621582 0.36003488302230835
v -0.25348028540611267 0.6373217105865479 0.3588099479675293
v -0.26204878091812134 0.5057187080383301 0.3617221713066101
v -0.265206515789032 0.49834945797920227 0.35783979296684265
v -0.2419586181640625 0.556740403175354 0.3996497392654419
v -0.2956417202949524 0.5415112972259521 0.39578452706336975
v -0.28997501730918884 0.542527437210083 0.3934873342514038
v -0.3142458200454712 0.5342644453048706 0.39868640899658203
v -0.30351272225379944 0.5389862656593323 0.399087131023407
v -0.2777535319328308 0.4985746443271637 0.35540497303009033
v -0.2745985686779022 0.47310882806777954 0.3903856575489044
v -0.28385668992996216 0.47292351722717285 0.392810195684433
v -0.29590079188346863 0.4876495897769928 0.35290536284446716
v -0.2433919906616211 0.6345217227935791 0.35791677236557007
v -0.2959356904029846 0.601550281047821 0.36162298917770386
v -0.29815375804901123 0.5995562076568604 0.3604367971420288
v -0.22276243567466736 0.5493097305297852 0.39942699670791626
v -0.21835388243198395 0.5571309328079224 0.39748069643974304
v -0.21537867188453674 0.5566616654396057 0.38654065132141113
v -0.21535582840442657 0.5560699105262756 0.3926582634449005
v -0.2190174162387848 0.5471698641777039 0.39336735010147095
v -0.22014443576335907 0.5475443601608276 0.3856375217437744
v -0.287661612033844 0.5316881537437439 0.3981509506702423
v -0.29304391145706177 0.5315742492675781 0.39938852190971375
v -0.3207153081893921 0.5308213829994202 0.3777839243412018
v -0.3222673535346985 0.5316650867462158 0.38942939043045044
v -0.25074052810668945 0.5955999493598938 0.369839072227478
v -0.2539811134338379 0.5867934823036194 0.36582672595977783
v -0.25329428911209106 0.5933772921562195 0.36399269104003906
v -0.25615471601486206 0.6015868186950684 0.3562074899673462
v -0.27487292885780334 0.6022230982780457 0.36620426177978516
v -0.2703480124473572 0.6030830144882202 0.36446094512939453
v -0.26462456583976746 0.5252698659896851 0.40512359142303467
v -0.27149808406829834 0.5378828644752502 0.3988492786884308
v -0.23890899121761322 0.5655698776245117 0.39246782660484314
v -0.23346133530139923 0.5682450532913208 0.3906369209289551
v -0.28850942850112915 0.5853496193885803 0.3807664215564728
v -0.29003095626831055 0.5936962366104126 0.3530969023704529
v -0.2820656895637512 0.5922930836677551 0.3525088429450989
v -0.2880578339099884 0.5933045744895935 0.3767380714416504
v -0.24267683923244476 0.632362425327301 0.3490889072418213
v -0.2414291650056839 0.6334235072135925 0.35408860445022583
v -0.2593788504600525 0.5931872725486755 0.3590155839920044
v -0.3089963495731354 0.5809996128082275 0.38152050971984863
v -0.29748761653900146 0.5905762910842896 0.3557434678077698
v -0.29374098777770996 0.5976980328559875 0.3560529947280884
v -0.33460909128189087 0.5716753005981445 0.3774612843990326
v -0.27406612038612366 0.5057762861251831 0.35825228691101074
v -0.25916945934295654 0.6308285593986511 0.3587896227836609
v -0.25816458463668823 0.6379825472831726 0.3547786474227905
v -0.2524552345275879 0.6334131956100464 0.3438225984573364
v -0.24707236886024475 0.6320787668228149 0.3453230857849121
v -0.3178226947784424 0.5216152667999268 0.3915609121322632
v -0.28567057847976685 0.5436840653419495 0.3920171558856964
v -0.2933896481990814 0.47336792945861816 0.3924165964126587
v -0.22582131624221802 0.5495457649230957 0.37941938638687134
v -0.21925559639930725 0.5590543746948242 0.38130488991737366
v -0.2873155176639557 0.6008727550506592 0.3722063899040222
v -0.32189029455184937 0.5763733386993408 0.3614530563354492
v -0.3058517575263977 0.5828538537025452 0.3539391756057739
v -0.306454062461853 0.5885788798332214 0.35079425573349
v -0.2994730770587921 0.5928603410720825 0.3519437909126282
v -0.2981785535812378 0.5979198217391968 0.35501939058303833
v -0.25098559260368347 0.6394108533859253 0.34124892950057983
v -0.24558968842029572 0.638339102268219 0.3425808548927307
v -0.24116963148117065 0.638982355594635 0.3461673855781555
v -0.24042296409606934 0.6397019624710083 0.35128360986709595
v -0.2428002655506134 0.6401140689849854 0.3551809787750244
v -0.2546449303627014 0.6413148641586304 0.3426778316497803
v -0.2567332684993744 0.6427000164985657 0.346473753452301
v -0.25657153129577637 0.6430507302284241 0.35206902027130127
v -0.2537079453468323 0.6464554667472839 0.34070098400115967
v -0.2496231198310852 0.6457221508026123 0.3387387990951538
v -0.23831495642662048 0.6517399549484253 0.3425724506378174
v -0.23975539207458496 0.6458094120025635 0.3430964946746826
v -0.24103859066963196 0.6485046744346619 0.3404618501663208
v -0.24008053541183472 0.6520660519599915 0.3395220637321472
v -0.23983673751354218 0.6563426852226257 0.3381487727165222
v -0.23866765201091766 0.6567372679710388 0.34141117334365845
v -0.24406184256076813 0.6475314497947693 0.3391595482826233
v -0.2436116337776184 0.6515451669692993 0.33729666471481323
v -0.24768684804439545 0.6517546772956848 0.3367776870727539
v -0.24727104604244232 0.6558351516723633 0.33497774600982666
v -0.24322794377803802 0.6558002829551697 0.3353651762008667
v -0.24725039303302765 0.6482751965522766 0.3382042646408081
v -0.24457333981990814 0.6439074277877808 0.340514600276947
v -0.2401295155286789 0.6604639291763306 0.3391088843345642
v -0.2401866763830185 0.6592158079147339 0.3368167281150818
v -0.24288396537303925 0.6597895622253418 0.3342978358268738
v -0.24371875822544098 0.6621013283729553 0.33609241247177124
v -0.23966479301452637 0.6452674269676208 0.3489598035812378
v -0.2392343431711197 0.651763916015625 0.346571147441864
v -0.2399306744337082 0.6573074460029602 0.34439778327941895
v -0.2416740208864212 0.6612460017204285 0.3417937755584717
v -0.24183839559555054 0.6526247262954712 0.3492050766944885
v -0.24268393218517303 0.65785151720047 0.3461657762527466
v -0.24422359466552734 0.6610422134399414 0.3437233567237854
v -0.24569077789783478 0.6538169980049133 0.3500704765319824
v -0.24574542045593262 0.6584554314613342 0.3466206192970276
v -0.24633701145648956 0.6462941765785217 0.3543263077735901
v -0.24217574298381805 0.6453700065612793 0.3527181148529053
v -0.24599125981330872 0.660498857498169 0.34444648027420044
v -0.245381698012352 0.6627047061920166 0.3388771414756775
v -0.25077444314956665 0.6514852643013 0.33735519647598267
v -0.2501363456249237 0.6563743948936462 0.33577197790145874
v -0.2531397342681885 0.6521782875061035 0.3389914035797119
v -0.25213611125946045 0.6572362780570984 0.3375307321548462
v -0.2480957955121994 0.6603831052780151 0.33462464809417725
v -0.246330127120018 0.6589779853820801 0.333530068397522
v -0.24731579422950745 0.6410879492759705 0.35728299617767334
v -0.2527390718460083 0.6423051357269287 0.35572779178619385
v -0.2516848146915436 0.6475258469581604 0.35314011573791504
v -0.2507486939430237 0.6546682119369507 0.3493192791938782
v -0.2553398311138153 0.647699773311615 0.34959280490875244
v -0.25562840700149536 0.6475322246551514 0.3443836569786072
v -0.2543935477733612 0.6529377102851868 0.3418717384338379
v -0.2541009187698364 0.653860330581665 0.345831036567688
v -0.2529536485671997 0.6578590273857117 0.3402928113937378
v -0.2522382140159607 0.6585248708724976 0.3431762456893921
v -0.24936117231845856 0.6590267419815063 0.34556883573532104
v -0.2505369186401367 0.6611267328262329 0.33987224102020264
v -0.24962741136550903 0.6612446904182434 0.3371136784553528
v -0.24703019857406616 0.6620994210243225 0.3412168025970459
v -0.2504994869232178 0.66054767370224 0.34191906452178955
v -0.24820095300674438 0.6608924865722656 0.34322935342788696
v -0.2788124680519104 0.6349314451217651 0.34754472970962524
v -0.28428393602371216 0.6355274319648743 0.34722620248794556
v -0.28430378437042236 0.6289043426513672 0.3511321544647217
v -0.2788831293582916 0.628412127494812 0.35124456882476807
v -0.27302050590515137 0.6289100050926208 0.33776146173477173
v -0.2721964120864868 0.6317557692527771 0.3429996967315674
v -0.2723675072193146 0.6253206133842468 0.3458102345466614
v -0.27360981702804565 0.6225773096084595 0.34066319465637207
v -0.2782931625843048 0.6272023916244507 0.3342880606651306
v -0.2792690396308899 0.6209145784378052 0.33705341815948486
v -0.2742021083831787 0.6156114339828491 0.344745934009552
v -0.27305668592453003 0.6183791160583496 0.3499355912208557
v -0.2750978469848633 0.6069552302360535 0.3579660654067993
v -0.27544987201690674 0.6041927337646484 0.3527378439903259
v -0.2920656204223633 0.6094843745231628 0.36329078674316406
v -0.2939988970756531 0.6084994077682495 0.35775184631347656
v -0.27460038661956787 0.6339330077171326 0.3461659550666809
v -0.2747623324394226 0.6274402141571045 0.3494841456413269
v -0.2918655276298523 0.6198903918266296 0.3494262099266052
v -0.289689302444458 0.6215939521789551 0.35421502590179443
v -0.2887309789657593 0.6285300254821777 0.3487039804458618
v -0.2909836769104004 0.6270226240158081 0.34438467025756836
v -0.2800888419151306 0.6092721819877625 0.3652951717376709
v -0.2864524722099304 0.6094716191291809 0.36588412523269653
v -0.2766932249069214 0.6085469722747803 0.36196738481521606
v -0.291451632976532 0.6173632740974426 0.34406352043151855
v -0.28739243745803833 0.6148435473442078 0.34039580821990967
v -0.28837621212005615 0.6028584241867065 0.3474976420402527
v -0.2926782965660095 0.6058807373046875 0.35137754678726196
v -0.275370329618454 0.6203066110610962 0.3539397120475769
v -0.284961074590683 0.6218099594116211 0.3568592071533203
v -0.2794303297996521 0.6214314103126526 0.3564249873161316
v -0.28019237518310547 0.6139397621154785 0.34112292528152466
v -0.28651857376098633 0.6221306324005127 0.33678942918777466
v -0.28769540786743164 0.6392799019813538 0.33171170949935913
v -0.2892110347747803 0.6308785080909729 0.3363838791847229
v -0.29063335061073303 0.6333526372909546 0.34047144651412964
v -0.2895190119743347 0.6420261859893799 0.3351067900657654
v -0.2902199327945709 0.6248144507408142 0.33998847007751465
v -0.2851610779762268 0.6283501386642456 0.3337641954421997
v -0.27870044112205505 0.6445228457450867 0.3423371911048889
v -0.2840716242790222 0.6448507905006409 0.34153592586517334
v -0.2745128273963928 0.6433315277099609 0.34137582778930664
v -0.28097641468048096 0.6018099188804626 0.3476146459579468
v -0.27258092164993286 0.6380857825279236 0.33371561765670776
v -0.27228623628616333 0.641152024269104 0.33859390020370483
v -0.2887129783630371 0.6351377367973328 0.34472495317459106
v -0.2882879078388214 0.643893301486969 0.33919066190719604
v -0.2836746573448181 0.636881411075592 0.3294385075569153
v -0.27729982137680054 0.6358869671821594 0.3301897644996643
v -0.2828863263130188 0.644131064414978 0.32618290185928345
v -0.27704644203186035 0.6435120105743408 0.3268105387687683
v -0.27242109179496765 0.6454864740371704 0.329970121383667
v -0.27235764265060425 0.6477415561676025 0.3349419832229614
v -0.2747304439544678 0.6490919589996338 0.3377189636230469
v -0.2866477966308594 0.6458204388618469 0.3281095623970032
v -0.2883915305137634 0.6475303173065186 0.33132946491241455
v -0.28768935799598694 0.6490119099617004 0.3355332016944885
v -0.2863764762878418 0.6521942019462585 0.3245096206665039
v -0.2827414274215698 0.651437520980835 0.3220241069793701
v -0.2726328372955322 0.6641713380813599 0.321447491645813
v -0.27193039655685425 0.6588101983070374 0.32403111457824707
v -0.27394792437553406 0.65852952003479 0.32106947898864746
v -0.2735450863838196 0.663051187992096 0.31830722093582153
v -0.27252084016799927 0.6526748538017273 0.3256349563598633
v -0.2744537591934204 0.6549556255340576 0.3223881721496582
v -0.2773577570915222 0.6540431380271912 0.32106876373291016
v -0.27732712030410767 0.6577522158622742 0.318389356136322
v -0.2814919352531433 0.6578859090805054 0.31841200590133667
v -0.2815799117088318 0.6619485020637512 0.31545233726501465
v -0.27704373002052307 0.6621548533439636 0.31508868932724
v -0.28071296215057373 0.654301643371582 0.32043182849884033
v -0.27413713932037354 0.6664122939109802 0.3159790635108948
v -0.27480006217956543 0.6679410338401794 0.3180525302886963
v -0.2771419286727905 0.6499097943305969 0.3232211470603943
v -0.2721666693687439 0.6532957553863525 0.3313094973564148
v -0.27242380380630493 0.6595867872238159 0.32796841859817505
v -0.2739625573158264 0.6651443839073181 0.3245159387588501
v -0.2767224907875061 0.6688359379768372 0.3208814263343811
v -0.2751084566116333 0.6608380675315857 0.33062928915023804
v -0.2765216529369354 0.6660377979278564 0.32654905319213867
v -0.2786557078361511 0.6687850952148438 0.32294762134552
v -0.279166579246521 0.6617240309715271 0.33183544874191284
v -0.27966755628585815 0.6665511131286621 0.327211856842041
v -0.2788383364677429 0.6544201970100403 0.3361768126487732
v -0.27470433712005615 0.6539046168327332 0.334736704826355
v -0.2802090644836426 0.6682813763618469 0.3242703080177307
v -0.27842116355895996 0.6690349578857422 0.31434088945388794
v -0.2801017761230469 0.6698106527328491 0.3174426555633545
v -0.27681243419647217 0.6666993498802185 0.3124094605445862
v -0.28395992517471313 0.6579374074935913 0.3197261691093445
v -0.28401944041252136 0.6625351905822754 0.31685739755630493
v -0.28639522194862366 0.6581678986549377 0.3210904598236084
v -0.28611600399017334 0.6633203625679016 0.3180115818977356
v -0.2826111912727356 0.666650652885437 0.3140791058540344
v -0.2809160351753235 0.6653321981430054 0.3129867911338806
v -0.27870050072669983 0.6497738361358643 0.33889585733413696
v -0.2837423086166382 0.6497912406921387 0.33815836906433105
v -0.283941388130188 0.6546047329902649 0.3356207609176636
v -0.2841704487800598 0.6618063449859619 0.3310878872871399
v -0.28751909732818604 0.6534895896911621 0.3328436613082886
v -0.2880254089832306 0.6529328227043152 0.32811814546585083
v -0.2877104878425598 0.6590985655784607 0.32422423362731934
v -0.2873676121234894 0.6604594588279724 0.3281552791595459
v -0.2868385314941406 0.6641625761985779 0.3209669589996338
v -0.2864055633544922 0.6651978492736816 0.32437098026275635
v -0.28360533714294434 0.6662768721580505 0.32667797803878784
v -0.284930557012558 0.6678728461265564 0.3194780945777893
v -0.28419730067253113 0.667662501335144 0.3162459135055542
v -0.2815563976764679 0.6694265007972717 0.3206557631492615
v -0.28496867418289185 0.6676611304283142 0.32224327325820923
v -0.2826523184776306 0.6683564782142639 0.3232880234718323
v -0.3059834837913513 0.6248924136161804 0.3452984690666199
v -0.31129878759384155 0.625099778175354 0.3473091721534729
v -0.3105331361293793 0.6194372177124023 0.3504423499107361
v -0.30519360303878784 0.6196975708007812 0.34842628240585327
v -0.3037439286708832 0.619411051273346 0.3351879119873047
v -0.3023439049720764 0.6215372085571289 0.3379465937614441
v -0.3010457158088684 0.6161176562309265 0.3411237597465515
v -0.30229419469833374 0.6130855083465576 0.3381507992744446
v -0.30841436982154846 0.6176998615264893 0.3334948420524597
v -0.3076938986778259 0.6108882427215576 0.33662039041519165
v -0.3013015389442444 0.6071934700012207 0.3416498899459839
v -0.2999314069747925 0.610893189907074 0.34501171112060547
v -0.29933807253837585 0.6026221513748169 0.35160863399505615
v -0.3003314137458801 0.5985508561134338 0.3475809097290039
v -0.30320021510124207 0.6235603094100952 0.3414726257324219
v -0.30210524797439575 0.6183630228042603 0.34477418661117554
v -0.3170574903488159 0.6105956435203552 0.35204559564590454
v -0.31461262702941895 0.6122723817825317 0.3551693558692932
v -0.31513991951942444 0.6182498335838318 0.34980934858322144
v -0.3173988461494446 0.6166718006134033 0.34701794385910034
v -0.30384933948516846 0.6045125126838684 0.3613015413284302
v -0.30887871980667114 0.6031634211540222 0.3635556101799011
v -0.30082452297210693 0.604609489440918 0.3567584753036499
v -0.3174155354499817 0.6081529259681702 0.3468974232673645
v -0.3141413927078247 0.6051015853881836 0.3419846296310425
v -0.3136894106864929 0.5959035754203796 0.34930384159088135
v -0.31618207693099976 0.5984970331192017 0.3550882935523987
v -0.30130600929260254 0.6134828329086304 0.3491364121437073
v -0.3098956346511841 0.613874614238739 0.3556099534034729
v -0.3045274317264557 0.6144290566444397 0.3532622456550598
v -0.3072309195995331 0.6045330166816711 0.3404214382171631
v -0.3142629861831665 0.611323356628418 0.33821696043014526
v -0.31841346621513367 0.6289607286453247 0.3330255150794983
v -0.318056583404541 0.6199519038200378 0.33895909786224365
v -0.3184802234172821 0.6224226355552673 0.3433663249015808
v -0.319280207157135 0.6310998797416687 0.336997926235199
v -0.3177049160003662 0.6141602993011475 0.3426019549369812
v -0.3144308030605316 0.6178668141365051 0.3346388339996338
v -0.30766475200653076 0.6335110068321228 0.3405173420906067
v -0.31270521879196167 0.6335214376449585 0.34198594093322754
v -0.30485737323760986 0.6321816444396973 0.3371792435646057
v -0.30667591094970703 0.5955936908721924 0.3462427854537964
v -0.31650635600090027 0.6006069779396057 0.36047619581222534
v -0.30507752299308777 0.6287564039230347 0.33074384927749634
v -0.303860068321228 0.6305294036865234 0.33355414867401123
v -0.31625187397003174 0.6239988803863525 0.34651607275009155
v -0.317452609539032 0.6325738430023193 0.3406856060028076
v -0.31491994857788086 0.6271684169769287 0.32954490184783936
v -0.30919384956359863 0.6268485188484192 0.3287520408630371
v -0.3155903220176697 0.6333641409873962 0.3258631229400635
v -0.3099471926689148 0.633240818977356 0.3252699375152588
v -0.3057093024253845 0.635158121585846 0.3270363211631775
v -0.3047983646392822 0.6367883682250977 0.33053040504455566
v -0.3060093820095062 0.6378849744796753 0.3342607617378235
v -0.3189105689525604 0.63521409034729 0.3291062116622925
v -0.3194723129272461 0.6367128491401672 0.33282530307769775
v -0.31771600246429443 0.6375277638435364 0.3369673490524292
v -0.3195388615131378 0.6397397518157959 0.3263578414916992
v -0.31608280539512634 0.6389933228492737 0.3228819966316223
v -0.30728620290756226 0.6516409516334534 0.31916338205337524
v -0.30642178654670715 0.6471685171127319 0.32171446084976196
v -0.30840083956718445 0.6466490030288696 0.320296049118042
v -0.30869561433792114 0.6505241990089417 0.31751948595046997
v -0.30654656887054443 0.6411525011062622 0.3235780596733093
v -0.3083774447441101 0.6431118845939636 0.3216136693954468
v -0.3111984133720398 0.6415825486183167 0.3208380937576294
v -0.31160932779312134 0.6452507376670837 0.3183053731918335
v -0.3157208561897278 0.6446875929832458 0.31985366344451904
v -0.31616780161857605 0.6485111117362976 0.31733959913253784
v -0.31204646825790405 0.6492775678634644 0.3158718943595886
v -0.31453195214271545 0.6414569020271301 0.321036159992218
v -0.30951249599456787 0.6530522108078003 0.31567853689193726
v -0.30917590856552124 0.6546698808670044 0.31680935621261597
v -0.31064945459365845 0.6382607817649841 0.32251763343811035
v -0.3053508400917053 0.6420285105705261 0.3279051184654236
v -0.30591773986816406 0.6477041244506836 0.3251579999923706
v -0.30734682083129883 0.652739942073822 0.3220992088317871
v -0.30985525250434875 0.6555372476577759 0.31983619928359985
v -0.30759257078170776 0.6482046246528625 0.32861489057540894
v -0.30892980098724365 0.6530441045761108 0.32542920112609863
v -0.31109854578971863 0.6554233431816101 0.32315438985824585
v -0.3104810118675232 0.648277223110199 0.33125966787338257
v -0.31147661805152893 0.6529189944267273 0.32755184173583984
v -0.30962157249450684 0.6425371766090393 0.3345663547515869
v -0.30672404170036316 0.6425036191940308 0.3318279981613159
v -0.31232762336730957 0.6547000408172607 0.3251116871833801
v -0.31320104002952576 0.6548765897750854 0.31545090675354004
v -0.3142942786216736 0.6558953523635864 0.318570613861084
v -0.3124358654022217 0.6526816487312317 0.3141523599624634
v -0.31807321310043335 0.6442993879318237 0.3213387727737427
v -0.3182828724384308 0.64867103099823 0.3190521001815796
v -0.31974685192108154 0.6448847055435181 0.3239377737045288
v -0.31956422328948975 0.6495587229728699 0.32122546434402466
v -0.31709912419319153 0.6522611379623413 0.3166877031326294
v -0.3157499432563782 0.6513341069221497 0.3155020475387573
v -0.3088492751121521 0.6383146047592163 0.3371686339378357
v -0.3132888078689575 0.6379969716072083 0.33840465545654297
v -0.31376034021377563 0.6421539783477783 0.33565324544906616
v -0.3146554231643677 0.6481435298919678 0.33197224140167236
v -0.3178853988647461 0.6415380835533142 0.3343238830566406
v -0.31961536407470703 0.6409610509872437 0.33026111125946045
v -0.319985568523407 0.6459654569625854 0.32712727785110474
v -0.318550169467926 0.6471118330955505 0.33047717809677124
v -0.3197306990623474 0.6504316329956055 0.3240211606025696
v -0.31855538487434387 0.6515652537345886 0.32675057649612427
v -0.3151213526725769 0.6526490449905396 0.32800954580307007
v -0.31821513175964355 0.6537175178527832 0.32202470302581787
v -0.31809911131858826 0.6531984210014343 0.31917160749435425
v -0.3148126006126404 0.6556255221366882 0.3219372630119324
v -0.31772637367248535 0.6536454558372498 0.32446563243865967
v -0.3149818181991577 0.6546647548675537 0.32478851079940796
v -0.3135159909725189 0.6014706492424011 0.36322373151779175
v -0.3378598093986511 0.6025055646896362 0.3533126711845398
v -0.341111958026886 0.6018025875091553 0.3554310202598572
v -0.33871424198150635 0.5982016324996948 0.3582492470741272
v -0.3356768488883972 0.5987966060638428 0.3562116026878357
v -0.3375147879123688 0.5980159640312195 0.34345871210098267
v -0.33542391657829285 0.6005446910858154 0.346110463142395
v -0.33262717723846436 0.5966988205909729 0.34902119636535645
v -0.3347398638725281 0.5936949849128723 0.3461872935295105
v -0.342565655708313 0.5955572128295898 0.34396207332611084
v -0.3400958776473999 0.5910046100616455 0.34688490629196167
v -0.33156904578208923 0.5894275307655334 0.35063815116882324
v -0.3294093906879425 0.5928805470466614 0.35319823026657104
v -0.3248869776725769 0.586495041847229 0.3597041368484497
v -0.3262910842895508 0.5820872783660889 0.35701245069503784
v -0.33566489815711975 0.577409565448761 0.37391605973243713
v -0.33202096819877625 0.5793926119804382 0.3762877881526947
v -0.33557724952697754 0.5857794284820557 0.37083953619003296
v -0.3388980031013489 0.5831243991851807 0.3698233962059021
v -0.33593297004699707 0.6021385788917542 0.34982240200042725
v -0.33337023854255676 0.5984519124031067 0.3527432680130005
v -0.3430291414260864 0.5907275080680847 0.36269426345825195
v -0.339834064245224 0.5932729840278625 0.36359941959381104
v -0.342312753200531 0.5968682765960693 0.3590988516807556
v -0.3454623818397522 0.5948249101638794 0.358268678188324
v -0.32804030179977417 0.5822535753250122 0.375657856464386
v -0.323744535446167 0.5852564573287964 0.3739013969898224
v -0.32794854044914246 0.5888387560844421 0.36807507276535034
v -0.3318557143211365 0.5879669785499573 0.3698313236236572
v -0.3260657787322998 0.5888243913650513 0.36427152156829834
v -0.34425055980682373 0.587935209274292 0.35979902744293213
v -0.342214971780777 0.5861946940422058 0.3549532890319824
v -0.33814430236816406 0.5778135657310486 0.3624151051044464
v -0.33983564376831055 0.5804796814918518 0.3666394352912903
v -0.3305029273033142 0.5949593186378479 0.35699474811553955
v -0.3361455202102661 0.5947206616401672 0.3624309301376343
v -0.3325395882129669 0.5955218076705933 0.36056333780288696
v -0.33692628145217896 0.5862700939178467 0.35128724575042725
v -0.34485217928886414 0.5909201502799988 0.35063982009887695
v -0.35220545530319214 0.6019782423973083 0.34819895029067993
v -0.34923797845840454 0.5962804555892944 0.35202109813690186
v -0.34836509823799133 0.5983318090438843 0.35533326864242554
v -0.3514899015426636 0.6035401821136475 0.35138803720474243
v -0.3466940224170685 0.5924690961837769 0.3553040623664856
v -0.34723159670829773 0.5951918959617615 0.3475637435913086
v -0.3407519459724426 0.6079298853874207 0.3495780825614929
v -0.3440002202987671 0.6069667935371399 0.3521440625190735
v -0.3390958607196808 0.6074178218841553 0.3463055491447449
v -0.3319646120071411 0.5777619481086731 0.35735541582107544
v -0.34060704708099365 0.6038432717323303 0.3403364419937134
v -0.3388580083847046 0.6062144637107849 0.3429250121116638
v -0.3448851704597473 0.6003805994987488 0.3563135266304016
v -0.34817424416542053 0.6053955554962158 0.35273271799087524
v -0.3500968813896179 0.601092517375946 0.34399110078811646
v -0.3452965319156647 0.6014818549156189 0.34067052602767944
v -0.3526683449745178 0.6057512760162354 0.3408706784248352
v -0.34778550267219543 0.6060476303100586 0.33765149116516113
v -0.3429605960845947 0.6083468198776245 0.3377096652984619
v -0.3408740162849426 0.6102396249771118 0.34045642614364624
v -0.34126728773117065 0.6109310388565063 0.3437727093696594
v -0.3545556664466858 0.6066669225692749 0.34504544734954834
v -0.3533412218093872 0.6078423857688904 0.34812861680984497
v -0.35001885890960693 0.6089738011360168 0.34960657358169556
v -0.35566574335098267 0.6105445027351379 0.34238409996032715
v -0.35400843620300293 0.6102263331413269 0.33781421184539795
v -0.3472693860530853 0.6213933825492859 0.332488477230072
v -0.3457421064376831 0.6178279519081116 0.33409857749938965
v -0.34781864285469055 0.6170011162757874 0.33313482999801636
v -0.3485282063484192 0.6200558543205261 0.331343412399292
v -0.3452626168727875 0.612779438495636 0.3353867530822754
v -0.34737399220466614 0.6140991449356079 0.3341582417488098
v -0.3501552641391754 0.6126320958137512 0.33433210849761963
v -0.35080477595329285 0.6151442527770996 0.3325244188308716
v -0.3546859622001648 0.6153678297996521 0.33419907093048096
v -0.3555252254009247 0.6180356740951538 0.3324817419052124
v -0.3518564701080322 0.6182692646980286 0.3303622603416443
v -0.3530474603176117 0.6121008396148682 0.3352077007293701
v -0.34961020946502686 0.6219277381896973 0.3296826481819153
v -0.349326491355896 0.6235800385475159 0.33068686723709106
v -0.3492654860019684 0.6097779273986816 0.33562272787094116
v -0.342948317527771 0.6138305068016052 0.3382737636566162
v -0.34470534324645996 0.61851966381073 0.33605897426605225
v -0.34691786766052246 0.6225808262825012 0.3341095447540283
v -0.34966200590133667 0.6247274875640869 0.3329300284385681
v -0.34492170810699463 0.6184834837913513 0.33890092372894287
v -0.34735894203186035 0.622764527797699 0.3365364670753479
v -0.35014668107032776 0.6246621012687683 0.3353007435798645
v -0.34645742177963257 0.6181046962738037 0.3417954444885254
v -0.3486473262310028 0.6222805380821228 0.33895277976989746
v -0.34481823444366455 0.6138619184494019 0.3445902466773987
v -0.3431835174560547 0.6141194701194763 0.34127575159072876
v -0.35041099786758423 0.624103307723999 0.3370177149772644
v -0.3533598482608795 0.623504102230072 0.33043938875198364
v -0.35318657755851746 0.6246057748794556 0.3329761028289795
v -0.35299229621887207 0.6211404800415039 0.3288807272911072
v -0.3562309741973877 0.6144970059394836 0.3365117907524109
v -0.3572049140930176 0.6187773942947388 0.33441638946533203
v -0.3568217158317566 0.6148033142089844 0.33976536989212036
v -0.35741156339645386 0.6196560859680176 0.336997926235199
v -0.3563770651817322 0.6218025088310242 0.33223646879196167
v -0.3557637929916382 0.6203367114067078 0.33080852031707764
v -0.34290003776550293 0.6110073924064636 0.34694796800613403
v -0.34611454606056213 0.6101755499839783 0.3492947816848755
v -0.347724586725235 0.6131682395935059 0.3469637632369995
v -0.3493020534515381 0.6174446940422058 0.3439828157424927
v -0.3514348864555359 0.612284779548645 0.3472781181335449
v -0.3543955087661743 0.6113669872283936 0.3456631302833557
v -0.35577282309532166 0.6159109473228455 0.3424396514892578
v -0.35295504331588745 0.6168577671051025 0.34417152404785156
v -0.3559938669204712 0.6204468607902527 0.33920812606811523
v -0.35383474826812744 0.6212457418441772 0.3405497074127197
v -0.35089123249053955 0.6217643618583679 0.34046316146850586
v -0.3547009229660034 0.6233338713645935 0.3365849256515503
v -0.35591211915016174 0.6229368448257446 0.33450573682785034
v -0.35253942012786865 0.6245875954627991 0.33538395166397095
v -0.3535447418689728 0.6232679486274719 0.3380579352378845
v -0.35187309980392456 0.623920738697052 0.3375145196914673
v -0.33707594871520996 0.5760487914085388 0.3710584044456482
v -0.21912947297096252 0.5717892646789551 0.3810216188430786
v -0.22391118109226227 0.574397087097168 0.38250410556793213
v -0.22349828481674194 0.5727770328521729 0.3970126211643219
v -0.22674515843391418 0.5756371021270752 0.3921351730823517
v -0.21799927949905396 0.5689577460289001 0.39838266372680664
v -0.2100367695093155 0.5653001070022583 0.3927486538887024
v -0.21298430860042572 0.5665892362594604 0.3965449333190918
v -0.22645998001098633 0.5761325359344482 0.386149525642395
v -0.21343284845352173 0.568461537361145 0.3819565773010254
v -0.20957447588443756 0.5655548572540283 0.38689932227134705
v -0.20755885541439056 0.5769138336181641 0.381509006023407
v -0.203092560172081 0.5741503834724426 0.3865598142147064
v -0.20351512730121613 0.5734397172927856 0.39311811327934265
v -0.2079537808895111 0.5739253759384155 0.397103488445282
v -0.21365875005722046 0.5753600001335144 0.3985399603843689
v -0.21404603123664856 0.5796656608581543 0.3800295889377594
v -0.21969634294509888 0.581540584564209 0.381473183631897
v -0.22264738380908966 0.5817238688468933 0.38634705543518066
v -0.20879682898521423 0.5872056484222412 0.37927746772766113
v -0.20088881254196167 0.5870352387428284 0.3806953430175781
v -0.19212137162685394 0.5926719903945923 0.3934547007083893
v -0.19488269090652466 0.5880646705627441 0.39378270506858826
v -0.19266918301582336 0.5885785818099976 0.39010846614837646
v -0.18995240330696106 0.5917860269546509 0.39005520939826965
v -0.19758820533752441 0.5828192234039307 0.39263078570365906
v -0.19476014375686646 0.5861179232597351 0.3894082307815552
v -0.19514811038970947 0.587118923664093 0.38524147868156433
v -0.19241423904895782 0.5893347263336182 0.3847072720527649
v -0.19651757180690765 0.5888593792915344 0.3817654550075531
v -0.19497768580913544 0.5915080308914185 0.38052359223365784
v -0.1894281953573227 0.5924317836761475 0.384647935628891
v -0.18805073201656342 0.5950223207473755 0.3891679048538208
v -0.1877639889717102 0.5960793495178223 0.38506951928138733
v -0.18982818722724915 0.5968714952468872 0.39136001467704773
v -0.19783270359039307 0.5835299491882324 0.38582950830459595
v -0.20305675268173218 0.581242024898529 0.3971177637577057
v -0.19889968633651733 0.5880182385444641 0.39660006761550903
v -0.19578871130943298 0.5941438674926758 0.3953137695789337
v -0.193950355052948 0.5989075303077698 0.3926162123680115
v -0.20452825725078583 0.5895307660102844 0.3977677822113037
v -0.20091061294078827 0.5959067344665527 0.39532628655433655
v -0.19864337146282196 0.5993591547012329 0.3923548460006714
v -0.2097444385290146 0.5917439460754395 0.3956770896911621
v -0.2048007845878601 0.5971742272377014 0.39339587092399597
v -0.21544532477855682 0.5833739042282104 0.39697712659835815
v -0.20928536355495453 0.581719160079956 0.39893198013305664
v -0.20191128551959991 0.5993306040763855 0.39174801111221313
v -0.1894945651292801 0.599839448928833 0.3865177631378174
v -0.19430682063102722 0.6015874147415161 0.38774487376213074
v -0.19913095235824585 0.5929582118988037 0.37932607531547546
v -0.19239847362041473 0.5944278240203857 0.38041043281555176
v -0.1962912529706955 0.5969010591506958 0.379579097032547
v -0.20445555448532104 0.5937229990959167 0.37914153933525085
v -0.200685054063797 0.5985490083694458 0.3804852068424225
v -0.19276434183120728 0.5995327234268188 0.38141173124313354
v -0.1897757649421692 0.5967722535133362 0.3811870813369751
v -0.21926577389240265 0.5778329968452454 0.39733466506004333
v -0.2223246991634369 0.580386757850647 0.3926580846309662
v -0.21899865567684174 0.5859498977661133 0.3917827904224396
v -0.21304301917552948 0.5933890342712402 0.3909561038017273
v -0.21884699165821075 0.5875236392021179 0.38548681139945984
v -0.2152034044265747 0.5877571105957031 0.38068437576293945
v -0.20951105654239655 0.5946635007858276 0.38108766078948975
v -0.21295537054538727 0.5947165489196777 0.3854096233844757
v -0.20453256368637085 0.5994476675987244 0.38262036442756653
v -0.20685265958309174 0.5990000367164612 0.38613635301589966
v -0.20678450167179108 0.5982315540313721 0.3899940252304077
v -0.20084412395954132 0.6013221740722656 0.3851081132888794
v -0.19699828326702118 0.6013482213020325 0.38294336199760437
v -0.1988096684217453 0.6012960076332092 0.3886662423610687
v -0.2033378630876541 0.6006101369857788 0.3867887854576111
v -0.20249970257282257 0.6002280712127686 0.3893480598926544
v -0.3301347494125366 0.5738239288330078 0.3817634880542755
v -0.3246040642261505 0.5771127939224243 0.38163623213768005
v -0.3223732113838196 0.5695087909698486 0.3866370916366577
v -0.3201209604740143 0.5603891611099243 0.3913866877555847
v -0.32369464635849 0.5503798723220825 0.39236101508140564
v -0.3132215440273285 0.5621515512466431 0.39058759808540344
v -0.3158915042877197 0.5713452100753784 0.3859555721282959
v -0.3178950250148773 0.5809495449066162 0.38023674488067627
v -0.30520859360694885 0.5559481978416443 0.3920176029205322
v -0.02170531637966633 0.46851640939712524 0.07387885451316833
v -0.018385685980319977 0.4697096049785614 0.07568154484033585
v -0.02120271883904934 0.4622274339199066 0.07478886842727661
v -0.02383463829755783 0.4623289108276367 0.07291090488433838
v -0.013824592344462872 0.4623878598213196 0.07711781561374664
v -0.01798086240887642 0.46207690238952637 0.07638096809387207
v -0.01360158808529377 0.47031980752944946 0.07675051689147949
v -0.008227757178246975 0.46982312202453613 0.07645820081233978
v -0.0008089514449238777 0.4651373028755188 0.0739821046590805
v 0.0008585783652961254 0.4637034237384796 0.07441245764493942
v 2.7992762625217438e-05 0.46284952759742737 0.07506632059812546
v -0.0022325352765619755 0.46288663148880005 0.0753333568572998
v -0.00593319907784462 0.46269717812538147 0.0765429213643074
v -0.026759594678878784 0.46435096859931946 0.06977735459804535
v -0.025808176025748253 0.4658524990081787 0.07049128413200378
v -0.0240021999925375 0.46732497215270996 0.0721152052283287
v -0.009752046316862106 0.4625142514705658 0.07728534936904907
v -0.02570970170199871 0.4626852571964264 0.07111608982086182
v -0.02668120712041855 0.46328791975975037 0.06991612166166306
v -0.0038302368484437466 0.4680573642253876 0.07510656118392944
v -0.01395891048014164 0.46478167176246643 0.07695281505584717
v -0.017981309443712234 0.46451789140701294 0.07593512535095215
v -0.014002801850438118 0.46753138303756714 0.07678791880607605
v -0.009269541129469872 0.4673992097377777 0.07681089639663696
v -0.0038577127270400524 0.46421027183532715 0.07559418678283691
v -0.006271446123719215 0.46449509263038635 0.0765175074338913
v -0.021145163103938103 0.46418580412864685 0.07437923550605774
v -0.009879942052066326 0.46474364399909973 0.07704956829547882
v -0.018226943910121918 0.4670693874359131 0.07556198537349701
v -0.005451644770801067 0.4665043354034424 0.07611644268035889
v -0.003282116260379553 0.46534523367881775 0.07511794567108154
v -0.025937264785170555 0.46438491344451904 0.07032977044582367
v -0.025912972167134285 0.46393102407455444 0.07045876979827881
v 0.00280819833278656 0.21764712035655975 0.08483222872018814
v 0.002480274997651577 0.200959712266922 0.09495007991790771
v -0.021314969286322594 0.4663143455982208 0.0740240216255188
v -0.024997491389513016 0.4640009105205536 0.07132381200790405
v -0.023371968418359756 0.46407565474510193 0.07259568572044373
v -0.023503918200731277 0.46568742394447327 0.07227905094623566
v -0.02503436803817749 0.46500301361083984 0.07102802395820618
v -0.1878892034292221 0.2629548907279968 0.1479407250881195
v -0.19241726398468018 0.2782978117465973 0.14205047488212585
v -0.23563502728939056 0.28914758563041687 0.11455078423023224
v -0.24976341426372528 0.2750730514526367 0.10303813219070435
v -0.05818451941013336 -0.08802485466003418 0.14525553584098816
v -0.10798081755638123 -0.01927834376692772 -0.04415172338485718
v -0.11168956011533737 0.000194625579752028 -0.04615601897239685
v -0.03577999025583267 -0.007622998207807541 -0.07732836902141571
v -0.05636481195688248 -0.009825033135712147 -0.07506690919399261
v -0.13462381064891815 -0.04283813387155533 0.06382646411657333
v -0.1319567859172821 -0.023685934022068977 0.06582637876272202
v -0.09185193479061127 -0.06060066446661949 0.11570389568805695
v -0.08858597278594971 -0.03828158974647522 0.11623620241880417
v -0.12891116738319397 -0.06967369467020035 0.08328678458929062
v -0.0802314355969429 -0.05460339039564133 -0.06529679149389267
v -0.09813930839300156 -0.056176573038101196 -0.05586133897304535
v -0.09378933161497116 -0.03487760201096535 -0.055632177740335464
v -0.07639222592115402 -0.03313017636537552 -0.066185861825943
v -0.015490571036934853 -0.006926479283720255 -0.0737999826669693
v -0.015904024243354797 -0.02963767945766449 -0.06902903318405151
v -0.1395736187696457 0.0004220957634970546 0.046142514795064926
v -0.14240984618663788 0.004342008847743273 0.020942147821187973
v -0.12941360473632812 0.01216860767453909 -0.026040954515337944
v -0.11687622219324112 0.017681077122688293 -0.04527750611305237
v -0.10103296488523483 0.024379383772611618 -0.06011580303311348
v -0.08193762600421906 0.030666183680295944 -0.07172102481126785
v -0.06846088171005249 -0.01761578395962715 0.13049419224262238
v -0.04719294607639313 0.004467231687158346 0.1402599960565567
v -0.13075819611549377 -0.00364983594045043 0.06948916614055634
v -0.006787577643990517 -0.02279287576675415 0.15410469472408295
v -0.0669231116771698 0.05903032794594765 -0.08477889001369476
v -0.041961733251810074 0.0605941005051136 -0.09093260765075684
v -0.13837751746177673 0.008026120252907276 -0.0034825997427105904
v -0.010211458429694176 0.1565481275320053 0.12194368243217468
v -0.02610258385539055 0.15990354120731354 0.12219777703285217
v -0.024364512413740158 0.14407648146152496 0.1324262022972107
v -0.009265642613172531 0.13934336602687836 0.13095933198928833
v -0.0395142063498497 0.1471838802099228 0.13241718709468842
v -0.05423584580421448 0.1491660326719284 0.13124136626720428
v -0.0680241584777832 0.15071356296539307 0.12897880375385284
v -0.10140334069728851 0.15026260912418365 0.11758303642272949
v -0.0918208658695221 0.15104983747005463 0.12192827463150024
v -0.11679782718420029 0.14466719329357147 0.10774771869182587
v -0.10938585549592972 0.14859643578529358 0.11298013478517532
v -0.12460027635097504 0.1352730691432953 0.10056554526090622
v -0.13167670369148254 0.12387967854738235 0.0897851213812828
v -0.13848473131656647 0.12904779613018036 0.07092326879501343
v -0.1384846717119217 0.11206530779600143 0.07697756588459015
v -0.13145402073860168 0.1081293448805809 0.09701766073703766
v -0.12394049763679504 0.12001565843820572 0.10687803477048874
v -0.1163388192653656 0.1288781613111496 0.11399966478347778
v 0.006888721138238907 0.07073184102773666 0.14326241612434387
v 0.008951772935688496 0.09505770355463028 0.14040328562259674
v 0.003237777389585972 0.23313960433006287 0.0744653046131134
v -0.32399457693099976 0.3235940635204315 0.3137053847312927
v -0.2659412920475006 0.45306694507598877 0.33643776178359985
v -0.01963862031698227 0.24315446615219116 -0.08385388553142548
v -0.04070136696100235 0.2479209303855896 -0.0820845291018486
v -0.09904780238866806 0.2641673982143402 -0.06191502511501312
v -0.10904968529939651 0.27437302470207214 -0.04650823771953583
v -0.08431152999401093 0.2533898949623108 -0.07621870934963226
v -0.06364476680755615 0.24460214376449585 -0.08239949494600296
v -0.11549949645996094 0.012709508650004864 0.09278206527233124
v -0.04565994441509247 0.21496865153312683 -0.09025944769382477
v -0.06657717376947403 0.23373940587043762 -0.08595512062311172
v -0.08989626169204712 0.24259810149669647 -0.08093470335006714
v -0.1084069013595581 0.2524826228618622 -0.06732247024774551
v -0.12282967567443848 0.2652864456176758 -0.04794250428676605
v -0.13431844115257263 0.2659382224082947 -0.03761931508779526
v -0.1585412323474884 0.2530651092529297 -0.030143016949295998
v -0.166236013174057 0.2558099627494812 -0.021738573908805847
v -0.17546296119689941 0.2599167227745056 -0.013157879933714867
v -0.16821856796741486 0.2761384844779968 -0.005585642531514168
v -0.15850885212421417 0.2717428505420685 -0.014247892424464226
v -0.2365598827600479 0.2684882879257202 0.06716681271791458
v -0.24585415422916412 0.26219940185546875 0.0822567418217659
v -0.25339841842651367 0.25161170959472656 0.09168983995914459
v -0.25738540291786194 0.23875001072883606 0.09806245565414429
v -0.25648707151412964 0.22469085454940796 0.10007882118225098
v -0.24968744814395905 0.21036866307258606 0.09702412039041519
v -0.2395235151052475 0.20006877183914185 0.08903619647026062
v -0.2050667703151703 0.18031209707260132 0.053051672875881195
v -0.19443096220493317 0.17325042188167572 0.039643652737140656
v -0.17459163069725037 0.1481320559978485 0.004649050533771515
v -0.17086753249168396 0.13827726244926453 -0.005974313244223595
v -0.1548205465078354 0.10636772215366364 -0.032648272812366486
v -0.14193744957447052 0.0919853001832962 -0.04199612885713577
v -0.12976321578025818 0.07644715160131454 -0.04994490370154381
v -0.09956453740596771 -0.16132532060146332 -0.07902812212705612
v -0.11855632066726685 -0.15836265683174133 -0.06834407150745392
v -0.11395199596881866 -0.14091141521930695 -0.062327124178409576
v -0.0941842794418335 -0.14395327866077423 -0.07186094671487808
v -0.04655832052230835 -0.10393491387367249 -0.06953101605176926
v -0.023752152919769287 -0.10493633896112442 -0.06702034175395966
v -0.16106946766376495 -0.1417486071586609 -0.009312428534030914
v -0.1667386293411255 -0.14639542996883392 0.015453311614692211
v -0.1327471137046814 -0.13890959322452545 -0.048869192600250244
v -0.1489085704088211 -0.13949476182460785 -0.03078324906527996
v -0.16467218101024628 -0.1529664397239685 0.041230831295251846
v -0.10507645457983017 -0.18634390830993652 0.11622738093137741
v -0.08435758948326111 -0.19177430868148804 0.12996739149093628
v -0.041855815798044205 -0.19823084771633148 0.14946076273918152
v -0.020829861983656883 -0.19981428980827332 0.15410515666007996
v -0.1560196876525879 -0.16191396117210388 0.06395624577999115
v -0.06315441429615021 -0.19555796682834625 0.14151810109615326
v -0.14287658035755157 -0.17148035764694214 0.08345218747854233
v -0.12557044625282288 -0.1802268624305725 0.10093501955270767
v -0.06758517771959305 -0.1026366725564003 -0.06799446046352386
v -0.07104338705539703 -0.12491393834352493 -0.07211118936538696
v -0.0902152955532074 -0.12340756505727768 -0.06671560555696487
v -0.04387330263853073 0.12438558787107468 -0.10172362625598907
v -0.06792367249727249 0.12849482893943787 -0.09724002331495285
v -0.09084879606962204 0.13553999364376068 -0.09013138711452484
v -0.11179669946432114 0.15835702419281006 -0.08316946774721146
v -0.1122296079993248 0.1425582766532898 -0.08081039786338806
v -0.13156631588935852 0.1511184126138687 -0.06809722632169724
v -0.1310889720916748 0.1659085750579834 -0.07048116624355316
v -0.15804725885391235 0.17770934104919434 -0.03892845660448074
v -0.15864355862140656 0.1679951399564743 -0.035665325820446014
v -0.16632257401943207 0.17411786317825317 -0.025204859673976898
v -0.1670619547367096 0.183765709400177 -0.028126437216997147
v -0.1752552092075348 0.1787254512310028 -0.015415394678711891
v -0.18516047298908234 0.18263399600982666 -0.0036847591400146484
v -0.1930910348892212 0.18791446089744568 0.009885601699352264
v -0.20287150144577026 0.19443169236183167 0.023778878152370453
v -0.2052363008260727 0.21567928791046143 0.011642739176750183
v -0.19528058171272278 0.2098221331834793 -0.00012775510549545288
v -0.15877878665924072 0.18985812366008759 -0.04044756293296814
v -0.1453453153371811 0.18504248559474945 -0.05691312253475189
v -0.04395069181919098 0.15853118896484375 -0.09796543419361115
v -0.021110035479068756 0.15326613187789917 -0.09785893559455872
v -0.14475154876708984 0.10715844482183456 0.061032868921756744
v -0.15218758583068848 0.10221681743860245 0.0448908656835556
v -0.15860310196876526 0.100081667304039 0.028650058433413506
v -0.16291001439094543 0.10018999874591827 0.014048119075596333
v -0.1654748171567917 0.10353986918926239 0.00010913796722888947
v -0.16503164172172546 0.10955717414617538 -0.012814853340387344
v -0.1671125888824463 0.12813402712345123 -0.015201162546873093
v -0.16250135004520416 0.11768040806055069 -0.02373596280813217
v -0.1648692935705185 0.1373973935842514 -0.022725125774741173
v -0.15858682990074158 0.127520352602005 -0.032812632620334625
v -0.15469227731227875 0.13827963173389435 -0.040538281202316284
v -0.15050426125526428 0.14876940846443176 -0.04757852852344513
v -0.14768390357494354 0.16037437319755554 -0.051750656217336655
v -0.1462266594171524 0.17232128977775574 -0.055468227714300156
v -0.13077878952026367 0.18081584572792053 -0.0723056048154831
v -0.11307843774557114 0.17492610216140747 -0.08368636667728424
v -0.09303240478038788 0.1862010359764099 -0.0903516486287117
v -0.09436655789613724 0.20130150020122528 -0.08987190574407578
v -0.09236203879117966 0.16980262100696564 -0.09046425670385361
v -0.08984696120023727 0.15298336744308472 -0.09116890281438828
v -0.07413803786039352 0.28657910227775574 -0.05041435360908508
v -0.05881283059716225 0.2791387736797333 -0.06256444752216339
v -0.2363608330488205 0.2086459845304489 0.07407654821872711
v -0.23344212770462036 0.20263755321502686 0.07416649162769318
v -0.23612739145755768 0.20198172330856323 0.08018076419830322
v -0.24278557300567627 0.2106969952583313 0.08435739576816559
v -0.24744418263435364 0.2216557264328003 0.08559533208608627
v -0.24003547430038452 0.22744913399219513 0.06975118815898895
v -0.23936837911605835 0.21759295463562012 0.0732652097940445
v -0.24843071401119232 0.23319964110851288 0.08298731595277786
v -0.24604593217372894 0.24399824440479279 0.07736455649137497
v -0.23905986547470093 0.2371160089969635 0.0642494410276413
v -0.24149112403392792 0.25276944041252136 0.06907949596643448
v -0.2366218864917755 0.24543353915214539 0.057881344109773636
v -0.23564796149730682 0.2579655349254608 0.05770459771156311
v -0.2338331937789917 0.25088798999786377 0.0521860271692276
v -0.21333001554012299 0.24314652383327484 0.018704593181610107
v -0.22153912484645844 0.24655230343341827 0.030543867498636246
v -0.22880825400352478 0.24950656294822693 0.042906615883111954
v -0.21311268210411072 0.20085477828979492 0.03714584559202194
v -0.22263282537460327 0.20726068317890167 0.04921558126807213
v -0.2318267822265625 0.21294018626213074 0.06135909631848335
v -0.23232007026672363 0.22229450941085815 0.05698101967573166
v -0.22390374541282654 0.21641232073307037 0.04396156221628189
v -0.21455073356628418 0.2101793736219406 0.03162006288766861
v -0.043414752930402756 0.14196524024009705 -0.1008794978260994
v -0.06627721339464188 0.1473352313041687 -0.09744144976139069
v -0.1762082278728485 0.18865111470222473 -0.01825777441263199
v -0.18469828367233276 0.19300691783428192 -0.008481768891215324
v -0.19429859519004822 0.19806958734989166 0.004062488675117493
v -0.20470300316810608 0.20459607243537903 0.017779283225536346
v -0.1864750236272812 0.20451629161834717 -0.010839791968464851
v -0.1770535409450531 0.20003372430801392 -0.020276471972465515
v -0.16764846444129944 0.1952054798603058 -0.030106347054243088
v -0.06848037242889404 0.16423988342285156 -0.0954694002866745
v -0.021241415292024612 0.1376003623008728 -0.10028145462274551
v -0.12869632244110107 0.27489224076271057 0.07609932869672775
v -0.13435065746307373 0.28971362113952637 0.05401800572872162
v -0.1463261991739273 0.29486268758773804 0.0319095179438591
v -0.1587742120027542 0.2896006405353546 0.010358257219195366
v -0.2838746905326843 0.24854160845279694 0.2654479146003723
v -0.01819523423910141 -0.05275465175509453 -0.06519634276628494
v -0.020508581772446632 -0.07792992144823074 -0.06290940195322037
v -0.0419287346303463 -0.0785302221775055 -0.06595529615879059
v -0.01837163046002388 0.059318698942661285 -0.09202282875776291
v -0.02124449424445629 0.12040740996599197 -0.10287613421678543
v -0.07727501541376114 0.12072691321372986 0.14483310282230377
v -0.06498613208532333 0.12065795809030533 0.14758332073688507
v -0.06651689112186432 0.13564324378967285 0.13924802839756012
v -0.07895281910896301 0.13596785068511963 0.13598008453845978
v -0.0985071137547493 0.12009476125240326 0.13509662449359894
v -0.08846735954284668 0.12085344642400742 0.1404789835214615
v -0.09029848873615265 0.13560199737548828 0.13161681592464447
v -0.10033339262008667 0.13494262099266052 0.12647543847560883
v -0.10713358968496323 0.11810734868049622 0.1285286545753479
v -0.10881027579307556 0.1331382691860199 0.12068580090999603
v -0.08660370111465454 0.10509677976369858 0.14752021431922913
v -0.07566957920789719 0.10520488768815994 0.15175321698188782
v -0.06374895572662354 0.10565723478794098 0.15386024117469788
v -0.10442623496055603 0.10405220836400986 0.13545802235603333
v -0.09623172134160995 0.10540205985307693 0.14222250878810883
v 0.009825298562645912 0.34631454944610596 0.08605916798114777
v 0.010182792320847511 0.35371455550193787 0.10059233009815216
v 0.017611825838685036 0.3978891372680664 0.1092924028635025
v 0.017857300117611885 0.401984840631485 0.10698684304952621
v 0.00403923075646162 0.25606095790863037 0.058811165392398834
v 0.0038582393899559975 0.2667491137981415 0.05510011315345764
v 0.00851843785494566 0.11581636220216751 0.13516682386398315
v 0.005443980917334557 0.15184630453586578 0.12129321694374084
v 0.003182101994752884 0.1672460436820984 0.11243424564599991
v 0.0023977775126695633 0.18376792967319489 0.10386765003204346
v 0.003252767026424408 0.24604640901088715 0.06607554852962494
v 0.006864191964268684 0.13424046337604523 0.12874126434326172
v -0.16148965060710907 -0.34103381633758545 -0.054332271218299866
v -0.14236049354076385 -0.3580068051815033 -0.07334142178297043
v -0.14953860640525818 -0.32564640045166016 -0.07185310870409012
v -0.1355549395084381 -0.33829426765441895 -0.08551201969385147
v -0.1637292355298996 -0.25332900881767273 -0.047380149364471436
v -0.16132713854312897 -0.28168952465057373 -0.053702350705862045
v -0.16589221358299255 -0.2235942929983139 -0.043912336230278015
v -0.11560184508562088 -0.34398093819618225 -0.09912242740392685
v -0.09022035449743271 -0.34511950612068176 -0.1074950098991394
v -0.08928289264440536 -0.32075363397598267 -0.11599276959896088
v -0.14966657757759094 -0.22366863489151 -0.06792750209569931
v -0.14867858588695526 -0.25093328952789307 -0.07150869071483612
v -0.1418948471546173 -0.3152146637439728 -0.08294174820184708
v -0.15713337063789368 -0.30595558881759644 -0.06162158399820328
v -0.14450183510780334 -0.2997160255908966 -0.07995492219924927
v -0.11290020495653152 -0.32097163796424866 -0.1056990921497345
v -0.13091637194156647 -0.3192019462585449 -0.09373099356889725
v -0.05754554271697998 -0.1658787578344345 -0.08971530199050903
v -0.033964406698942184 -0.18546828627586365 -0.10245541483163834
v -0.06165425479412079 -0.18474870920181274 -0.10017675906419754
v -0.13696753978729248 -0.15710578858852386 -0.05305015295743942
v -0.12561243772506714 -0.17784959077835083 -0.07714514434337616
v -0.12993870675563812 -0.2986694276332855 -0.0953647568821907
v -0.11244455724954605 -0.29814809560775757 -0.11034323275089264
v -0.08833850920200348 -0.296548068523407 -0.12121675163507462
v -0.08950021117925644 -0.22458992898464203 -0.11254168301820755
v -0.0889945924282074 -0.24738548696041107 -0.11873318254947662
v -0.11214683204889297 -0.2487843930721283 -0.10805607587099075
v -0.11201518774032593 -0.2243831604719162 -0.10231026262044907
v -0.129983052611351 -0.19971348345279694 -0.0836130902171135
v -0.13172271847724915 -0.2240249216556549 -0.08815692365169525
v -0.08767560124397278 -0.20207913219928741 -0.10474640876054764
v -0.10990121215581894 -0.20060034096240997 -0.09603000432252884
v -0.1053302139043808 -0.17998969554901123 -0.08845972269773483
v -0.13196606934070587 -0.2500261068344116 -0.09205038845539093
v -0.06020922586321831 -0.27083030343055725 -0.12743976712226868
v -0.08813001215457916 -0.2712915241718292 -0.12195472419261932
v -0.0290223415941 -0.26988500356674194 -0.12446222454309464
v -0.08422219008207321 -0.18200495839118958 -0.09525470435619354
v -0.07942407578229904 -0.16351835429668427 -0.08549008518457413
v -0.0748797282576561 -0.14563240110874176 -0.07755111902952194
v -0.06336745619773865 -0.07839464396238327 -0.06637057662010193
v -0.1265699565410614 -0.5650438666343689 0.09709539264440536
v -0.006663843058049679 -0.3825392723083496 0.03964987397193909
v -0.004249970428645611 -0.38177093863487244 0.016628466546535492
v -0.18032097816467285 -0.31202951073646545 0.06040462106466293
v -0.18308909237384796 -0.3283388614654541 -0.009782509878277779
v -0.16998621821403503 -0.3162080645561218 -0.03883388638496399
v -0.03701876103878021 -0.3723195493221283 0.09653834253549576
v -0.020001515746116638 -0.37993890047073364 0.0770869255065918
v -0.166752427816391 -0.31776419281959534 0.08630485087633133
v -0.11652466654777527 -0.3444105386734009 0.11433852463960648
v -0.011047618463635445 -0.38250765204429626 0.058389946818351746
v -0.14681971073150635 -0.27640965580940247 -0.07556933164596558
v -0.13127247989177704 -0.2752073407173157 -0.0949540063738823
v -0.11176927387714386 -0.27412229776382446 -0.11083494126796722
v -0.05916314572095871 -0.2947230935096741 -0.1256449818611145
v -0.028240904211997986 -0.29313021898269653 -0.12365319579839706
v -0.026604019105434418 -0.3299700915813446 0.11925823986530304
v -0.021940354257822037 -0.320941686630249 0.12303009629249573
v -0.012529313564300537 -0.3219354450702667 0.12413261830806732
v -0.013470776379108429 -0.3348294198513031 0.11826583743095398
v -0.10565424710512161 -0.20884749293327332 0.11545930802822113
v -0.08357114344835281 -0.21403536200523376 0.12827683985233307
v -0.03976399451494217 -0.21983128786087036 0.14589565992355347
v -0.019248515367507935 -0.22120022773742676 0.15006543695926666
v -0.15906958281993866 -0.1818467229604721 0.06345313787460327
v -0.060993991792201996 -0.2170839011669159 0.1386943757534027
v -0.14624649286270142 -0.1922420710325241 0.08290472626686096
v -0.12779124081134796 -0.20198476314544678 0.10039170831441879
v -0.05879529193043709 -0.99373459815979 -0.09301061928272247
v -0.06008952856063843 -1.0213671922683716 -0.09597574174404144
v -0.05904827266931534 -1.0163867473602295 -0.11025616526603699
v -0.055412229150533676 -0.987898588180542 -0.10595673322677612
v -0.06763869524002075 -0.9763396978378296 -0.13354618847370148
v -0.05756779760122299 -0.9800512790679932 -0.12522637844085693
v -0.08116206526756287 -0.9758906960487366 -0.13721337914466858
v -0.07792756706476212 -1.0048872232437134 -0.14502330124378204
v -0.09025494754314423 -1.0081000328063965 -0.1406378298997879
v -0.09510752558708191 -0.9789870381355286 -0.13497069478034973
v -0.10499903559684753 -0.9827113747596741 -0.12733501195907593
v -0.10809038579463959 -1.0158722400665283 -0.12352629005908966
v -0.11207421123981476 -1.0205005407333374 -0.10650032758712769
v -0.11698751151561737 -0.9936819076538086 -0.10073812305927277
v -0.11206837743520737 -0.9868925213813782 -0.11673250794410706
v -0.11539675295352936 -1.0031851530075073 -0.0819459855556488
v -0.11130721867084503 -1.0290473699569702 -0.08788321912288666
v -0.10230414569377899 -1.008139967918396 -0.07005149126052856
v -0.06701476871967316 -1.000414490699768 -0.07917186617851257
v -0.06638789921998978 -1.027561068534851 -0.08066748082637787
v -0.0647580623626709 -1.0047783851623535 -0.14081552624702454
v -0.057402655482292175 -1.0088777542114258 -0.1294383406639099
v -0.05384707450866699 -0.9842511415481567 -0.11506354808807373
v -0.05819498002529144 -1.012540340423584 -0.11961613595485687
v -0.0560959130525589 -1.0433744192123413 -0.11163261532783508
v -0.0550982803106308 -1.0475761890411377 -0.09609253704547882
v -0.06066054105758667 -1.0316007137298584 -0.14799533784389496
v -0.05809066444635391 -1.0362516641616821 -0.13394221663475037
v -0.0849827229976654 -1.0348576307296753 -0.1463104635477066
v -0.07367990911006927 -1.0310496091842651 -0.1537286639213562
v -0.10728399455547333 -1.0428253412246704 -0.13168491423130035
v -0.09964446723461151 -1.0117779970169067 -0.1329251378774643
v -0.09646862745285034 -1.038953185081482 -0.13960418105125427
v -0.11279374361038208 -1.046667456626892 -0.11416110396385193
v -0.11123223602771759 -1.0540953874588013 -0.09211143851280212
v -0.06350813806056976 -1.0533753633499146 -0.08019262552261353
v -0.058074191212654114 -1.0401663780212402 -0.12294521927833557
v -0.14441728591918945 -1.1828408241271973 0.02742655575275421
v -0.13803374767303467 -1.1859943866729736 0.02958659827709198
v -0.13712751865386963 -1.1804749965667725 0.029480189085006714
v -0.14133602380752563 -1.178938388824463 0.028255872428417206
v -0.1076776385307312 -1.1970406770706177 0.03967853635549545
v -0.09777796268463135 -1.2037394046783447 0.03856849670410156
v -0.09424805641174316 -1.192609429359436 0.04293302446603775
v -0.10185045003890991 -1.1883867979049683 0.04418226331472397
v -0.12561005353927612 -1.1921918392181396 0.038269177079200745
v -0.13356882333755493 -1.1894557476043701 0.036867864429950714
v -0.13215535879135132 -1.1929808855056763 0.03324943780899048
v -0.12727636098861694 -1.194533348083496 0.03418460488319397
v -0.16004741191864014 -1.16868257522583 -0.0026219189167022705
v -0.16443979740142822 -1.1665698289871216 -0.005757234990596771
v -0.16479617357254028 -1.1705141067504883 -0.008109189569950104
v -0.16080498695373535 -1.172310709953308 -0.006198473274707794
v -0.15200424194335938 -1.1785483360290527 0.01606002449989319
v -0.15711891651153564 -1.176643967628479 0.012820027768611908
v -0.15671759843826294 -1.179903268814087 0.010213889181613922
v -0.15371346473693848 -1.1819630861282349 0.011768586933612823
v -0.10130113363265991 -1.178483486175537 0.023889191448688507
v -0.10218358039855957 -1.182448387145996 0.03715362399816513
v -0.090526282787323 -1.1889088153839111 0.035223156213760376
v -0.08718770742416382 -1.181600570678711 0.02337764948606491
v -0.08771538734436035 -1.1988595724105835 0.030141130089759827
v -0.09705275297164917 -1.2005947828292847 0.025283455848693848
v -0.09446460008621216 -1.197932243347168 0.012265734374523163
v -0.08501967787742615 -1.1928919553756714 0.016691073775291443
v -0.10943448543548584 -1.1974595785140991 0.026022881269454956
v -0.10775727033615112 -1.194728970527649 0.013555571436882019
v -0.11256015300750732 -1.18572199344635 0.018307186663150787
v -0.11547303199768066 -1.1876685619354248 0.03301233798265457
v -0.13060206174850464 -1.1794712543487549 0.019197382032871246
v -0.13604050874710083 -1.1836519241333008 0.02981182187795639
v -0.1278131604194641 -1.1798856258392334 0.03283209353685379
v -0.12312018871307373 -1.1747318506240845 0.022404521703720093
v -0.12006193399429321 -1.1834723949432373 0.0344470739364624
v -0.11253511905670166 -1.178700566291809 0.024562500417232513
v -0.11276322603225708 -1.188986897468567 0.020157523453235626
v -0.11698687076568604 -1.1917521953582764 0.03357353061437607
v -0.12283980846405029 -1.1942216157913208 0.027987957000732422
v -0.11871117353439331 -1.191859483718872 0.015530996024608612
v -0.1274314522743225 -1.188326358795166 0.015038594603538513
v -0.1319863200187683 -1.1913174390792847 0.02628522366285324
v -0.13861513137817383 -1.168468952178955 0.013868466019630432
v -0.14077848196029663 -1.1755344867706299 0.023121647536754608
v -0.1340509057044983 -1.1782296895980835 0.02433636784553528
v -0.12923020124435425 -1.172352910041809 0.01661302149295807
v -0.13254612684249878 -1.186763048171997 0.023270390927791595
v -0.13829553127288818 -1.187955379486084 0.02028512954711914
v -0.13495147228240967 -1.1856157779693604 0.010687977075576782
v -0.12911111116409302 -1.1832168102264404 0.014500543475151062
v -0.14356708526611328 -1.1817505359649658 0.009082615375518799
v -0.14552640914916992 -1.1856845617294312 0.01888437569141388
v -0.14587944746017456 -1.1732611656188965 0.012654505670070648
v -0.14757221937179565 -1.1790213584899902 0.021046191453933716
v -0.15799176692962646 -1.1668164730072021 -0.0023804232478141785
v -0.15873229503631592 -1.1727702617645264 0.006184153258800507
v -0.1537926197052002 -1.1690123081207275 0.00899629294872284
v -0.15212255716323853 -1.1616724729537964 0.0002360716462135315
v -0.14850002527236938 -1.1703782081604004 0.011549592018127441
v -0.14534378051757812 -1.1650975942611694 0.005008779466152191
v -0.14692747592926025 -1.1762562990188599 0.011491067707538605
v -0.15115946531295776 -1.1816551685333252 0.00694546103477478
v -0.14933228492736816 -1.1782605648040771 -0.00046072155237197876
v -0.1450941562652588 -1.1722679138183594 0.0058089494705200195
v -0.15744543075561523 -1.1793580055236816 0.004533290863037109
v -0.15602105855941772 -1.1749519109725952 -0.004649311304092407
v -0.16148635745048523 -1.1551004648208618 -0.018171876668930054
v -0.1634933352470398 -1.160926103591919 -0.023116491734981537
v -0.16604632139205933 -1.1639407873153687 -0.012964688241481781
v -0.1632009744644165 -1.1596665382385254 -0.010197043418884277
v -0.15810644626617432 -1.1609501838684082 -0.0066641345620155334
v -0.15650540590286255 -1.1570165157318115 -0.012220114469528198
v -0.15620583295822144 -1.1666655540466309 -0.007169000804424286
v -0.15889573097229004 -1.1722519397735596 -0.011339344084262848
v -0.15800440311431885 -1.170248031616211 -0.017050430178642273
v -0.15650802850723267 -1.1637934446334839 -0.011690355837345123
v -0.16464900970458984 -1.169883370399475 -0.013766475021839142
v -0.16234049201011658 -1.1669840812683105 -0.021864809095859528
v -0.08602133393287659 -1.1749262809753418 0.01118992269039154
v -0.10351526737213135 -1.1737242937088013 0.011121317744255066
v -0.09978657960891724 -1.2020821571350098 0.03391767293214798
v -0.08424252271652222 -1.186969518661499 0.004179567098617554
v -0.1067737340927124 -1.2001409530639648 0.03396499902009964
v -0.10943228006362915 -1.190962553024292 0.001957803964614868
v -0.09373128414154053 -1.1932060718536377 -0.0006652176380157471
v -0.11025655269622803 -1.1854051351547241 0.012376241385936737
v -0.12957948446273804 -1.1844878196716309 0.03781571239233017
v -0.12702065706253052 -1.1799269914627075 0.009956292808055878
v -0.12739336490631104 -1.184744954109192 -0.0003545135259628296
v -0.12483912706375122 -1.186388611793518 0.038645051419734955
v -0.12084448337554932 -1.1679480075836182 0.007705993950366974
v -0.1375935673713684 -1.162419319152832 -0.0026797354221343994
v -0.14107680320739746 -1.1886380910873413 0.0258956179022789
v -0.1450260877609253 -1.1873610019683838 0.02491997927427292
v -0.14415526390075684 -1.1780270338058472 -0.008069686591625214
v -0.14456325769424438 -1.1705981492996216 0.0041026771068573
v -0.1543048620223999 -1.1726819276809692 0.013713009655475616
v -0.15666121244430542 -1.1629668474197388 -0.011349864304065704
v -0.15530598163604736 -1.171154499053955 -0.02023199200630188
v -0.15163427591323853 -1.1735237836837769 0.015106350183486938
v -0.1511358916759491 -1.1553500890731812 -0.015497952699661255
v -0.1620326042175293 -1.1636202335357666 -0.005969405174255371
v -0.16156262159347534 -1.1587753295898438 -0.036451905965805054
v -0.1601714789867401 -1.1659022569656372 -0.033202365040779114
v -0.1597219705581665 -1.1639913320541382 -0.0037436336278915405
v -0.1590849757194519 -1.1509929895401 -0.028924837708473206
v -0.07599832117557526 -1.006685495376587 -0.06910690665245056
v -0.07669581472873688 -1.0329790115356445 -0.07076562941074371
v -0.08877623826265335 -1.0100923776626587 -0.06621672213077545
v -0.1008516475558281 -1.034470796585083 -0.07474467158317566
v -0.08933822065591812 -1.0362716913223267 -0.06965537369251251
v -0.07679808139801025 -1.0583189725875854 -0.06865867972373962
v -0.10049623250961304 -1.0593791007995605 -0.07742971181869507
v -0.09050886332988739 -1.0611003637313843 -0.06961916387081146
v -0.10503340512514114 -1.0623573064804077 -0.14155098795890808
v -0.11344354599714279 -1.0677952766418457 -0.12392890453338623
v -0.09202606976032257 -1.0584324598312378 -0.14809510111808777
v -0.06872992217540741 -1.0504841804504395 -0.16233304142951965
v -0.0809875875711441 -1.0539796352386475 -0.15628531575202942
v -0.07753857970237732 -1.0812296867370605 -0.06437978148460388
v -0.06372638046741486 -1.0765366554260254 -0.07977007329463959
v -0.09279695153236389 -1.0838463306427002 -0.06428486108779907
v -0.10617037117481232 -1.0812028646469116 -0.07414193451404572
v -0.0812966525554657 -1.1662580966949463 -0.0017390400171279907
v -0.07945556938648224 -1.1554971933364868 -0.01891513168811798
v -0.09078676998615265 -1.1471024751663208 -0.01735672354698181
v -0.09673970937728882 -1.1614818572998047 -0.003320842981338501
v -0.10825115442276001 -1.1430895328521729 -0.02487543225288391
v -0.11331453919410706 -1.1579489707946777 -0.00978781282901764
v -0.12352605164051056 -1.140394926071167 -0.03583723306655884
v -0.12941685318946838 -1.152707576751709 -0.01955670863389969
v -0.13625359535217285 -1.139876127243042 -0.048933014273643494
v -0.1433848738670349 -1.1486811637878418 -0.032014697790145874
v -0.1457391232252121 -1.1435282230377197 -0.06301122903823853
v -0.15427815914154053 -1.147981882095337 -0.044628649950027466
v -0.15033282339572906 -1.1525617837905884 -0.07316112518310547
v -0.15934798121452332 -1.1568915843963623 -0.05404970049858093
v -0.07878324389457703 -1.1806174516677856 -0.009572476148605347
v -0.07562672346830368 -1.1688530445098877 -0.0261533260345459
v -0.08996778726577759 -1.188693881034851 -0.016830548644065857
v -0.08574365079402924 -1.1807365417480469 -0.03493219614028931
v -0.10601189732551575 -1.186490774154663 -0.020992040634155273
v -0.1009119302034378 -1.1788859367370605 -0.04040898382663727
v -0.14687274396419525 -1.1633975505828857 -0.0723513662815094
v -0.15613813698291779 -1.1665209531784058 -0.05139462649822235
v -0.12237387895584106 -1.1803573369979858 -0.02677999436855316
v -0.11612986028194427 -1.173570156097412 -0.04725933074951172
v -0.13711285591125488 -1.1753300428390503 -0.03468526899814606
v -0.12928956747055054 -1.1699938774108887 -0.05608099699020386
v -0.14836889505386353 -1.1708848476409912 -0.04334186017513275
v -0.13932077586650848 -1.1673415899276733 -0.06512203812599182
v -0.08556336909532547 -1.1285858154296875 -0.03371642529964447
v -0.10293892025947571 -1.1231541633605957 -0.03878399729728699
v -0.11758057773113251 -1.1222376823425293 -0.05163125693798065
v -0.12805409729480743 -1.1251417398452759 -0.06664019823074341
v -0.13466647267341614 -1.1331095695495605 -0.08191695809364319
v -0.13962498307228088 -1.1424551010131836 -0.09226192533969879
v -0.12184184789657593 -1.104115605354309 -0.08758679032325745
v -0.12311641871929169 -1.1219043731689453 -0.10284237563610077
v -0.1263352632522583 -1.1335325241088867 -0.11148981750011444
v -0.11271072924137115 -1.11125910282135 -0.12483227252960205
v -0.11325842142105103 -1.1246936321258545 -0.13051018118858337
v -0.0925699770450592 -1.09732186794281 -0.16100309789180756
v -0.09350773692131042 -1.1116816997528076 -0.1680958867073059
v -0.10293248295783997 -1.116166591644287 -0.15068097412586212
v -0.10200619697570801 -1.1025103330612183 -0.14509454369544983
v -0.11476445198059082 -1.0944358110427856 -0.11293770372867584
v -0.10575999319553375 -1.084786295890808 -0.13533630967140198
v -0.09589217603206635 -1.0792632102966309 -0.15033626556396484
v -0.07251235842704773 -1.1039834022521973 -0.18460789322853088
v -0.08400425314903259 -1.1079000234603882 -0.17872941493988037
v -0.08445051312446594 -1.093224287033081 -0.17169375717639923
v -0.07452666759490967 -1.088597297668457 -0.1795644909143448
v -0.057800889015197754 -1.0855761766433716 -0.18193697929382324
v -0.05607175827026367 -1.1025787591934204 -0.18359088897705078
v -0.044829726219177246 -1.0894666910171509 -0.1681411862373352
v -0.04256817698478699 -1.1052970886230469 -0.1711367815732956
v -0.07740095257759094 -1.0710320472717285 -0.1674262285232544
v -0.08645884692668915 -1.0755014419555664 -0.1597169190645218
v -0.06339626014232635 -1.0675336122512817 -0.17184633016586304
v -0.05191496014595032 -1.0704548358917236 -0.1600799858570099
v -0.05345688760280609 -1.076643705368042 -0.14381323754787445
v -0.04588136076927185 -1.0964078903198242 -0.1500694900751114
v -0.03996512293815613 -1.1109120845794678 -0.15313732624053955
v -0.07603799551725388 -1.1423697471618652 -0.039823830127716064
v -0.07444972544908524 -1.1529922485351562 -0.0463574081659317
v -0.11269458383321762 -1.101245403289795 -0.0647909939289093
v -0.09716524183750153 -1.1029003858566284 -0.05245786905288696
v -0.07785150408744812 -1.106170415878296 -0.055033475160598755
v -0.06907503306865692 -1.1271214485168457 -0.061788395047187805
v -0.07054315507411957 -1.1391589641571045 -0.06973940134048462
v -0.06418618559837341 -1.1293830871582031 -0.09132154285907745
v -0.060920730233192444 -1.1175698041915894 -0.08455917239189148
v -0.08081257343292236 -1.1622287034988403 -0.05452647805213928
v -0.07672365009784698 -1.1452198028564453 -0.07618562877178192
v -0.06863227486610413 -1.1352348327636719 -0.09683065116405487
v -0.05491650104522705 -1.1229714155197144 -0.11000634729862213
v -0.054246217012405396 -1.1111643314361572 -0.10480955243110657
v -0.049026310443878174 -1.1179835796356201 -0.1255655139684677
v -0.05139315128326416 -1.104722499847412 -0.1214708685874939
v -0.049183040857315063 -1.1001111268997192 -0.13495662808418274
v -0.04394328594207764 -1.1144345998764038 -0.13855206966400146
v -0.05485081672668457 -1.0849509239196777 -0.11710874736309052
v -0.05416570603847504 -1.0803335905075073 -0.12958462536334991
v -0.056822240352630615 -1.0919888019561768 -0.10013231635093689
v -0.06270262598991394 -1.0985738039016724 -0.07913100719451904
v -0.13541202247142792 -1.1545681953430176 -0.09345504641532898
v -0.12284941971302032 -1.14408540725708 -0.11274483799934387
v -0.1099572479724884 -1.134086012840271 -0.1316778063774109
v -0.09865987300872803 -1.1272658109664917 -0.15169379115104675
v -0.0875292718410492 -1.1228084564208984 -0.16690313816070557
v -0.07885986566543579 -1.1195119619369507 -0.17560845613479614
v -0.05566808581352234 -1.1136540174484253 -0.17851471900939941
v -0.06870126724243164 -1.1158783435821533 -0.18056312203407288
v -0.046244800090789795 -1.115378975868225 -0.16976404190063477
v -0.04484999179840088 -1.120845913887024 -0.1554020494222641
v -0.047418415546417236 -1.1252694129943848 -0.14318610727787018
v -0.05868649482727051 -1.1305911540985107 -0.11547282338142395
v -0.05179309844970703 -1.1285181045532227 -0.1303044855594635
v -0.05409315228462219 -1.0707242488861084 -0.09745441377162933
v -0.053369805216789246 -1.0648751258850098 -0.11475896835327148
v -0.055243685841560364 -1.060814619064331 -0.1265721470117569
v -0.057193055748939514 -1.0516117811203003 -0.15299072861671448
v -0.05569267272949219 -1.0566567182540894 -0.13794544339179993
v -0.09307299554347992 -1.1644399166107178 -0.06154222786426544
v -0.10667198896408081 -1.161768913269043 -0.0695740133523941
v -0.11836342513561249 -1.160110592842102 -0.07901515066623688
v -0.12740634381771088 -1.1586320400238037 -0.08749830722808838
v -0.11570064723491669 -1.1485536098480225 -0.10850498080253601
v -0.10675100982189178 -1.1490620374679565 -0.10136371850967407
v -0.09551452100276947 -1.1495957374572754 -0.09240423142910004
v -0.08471539616584778 -1.1484334468841553 -0.08314982056617737
v -0.10282272100448608 -1.1393818855285645 -0.12759476900100708
v -0.09473976492881775 -1.1406679153442383 -0.12113243341445923
v -0.08391794562339783 -1.1407585144042969 -0.11332143843173981
v -0.07496565580368042 -1.1396105289459229 -0.10407261550426483
v -0.06453201174736023 -1.135207176208496 -0.12286213040351868
v -0.07239207625389099 -1.1353771686553955 -0.13154779374599457
v -0.0823306143283844 -1.1346958875656128 -0.1387251317501068
v -0.09022524952888489 -1.1325933933258057 -0.14582382142543793
v -0.08022764325141907 -1.1275821924209595 -0.1598462015390396
v -0.07296615839004517 -1.1295074224472046 -0.15191549062728882
v -0.06436559557914734 -1.1305924654006958 -0.14472565054893494
v -0.0578380823135376 -1.1310484409332275 -0.1374140977859497
v -0.07309374213218689 -1.1240360736846924 -0.16735252737998962
v -0.057658642530441284 -1.119510293006897 -0.1722339391708374
v -0.06599187850952148 -1.1211827993392944 -0.17136606574058533
v -0.051274120807647705 -1.1205412149429321 -0.16664786636829376
v -0.051241934299468994 -1.1241973638534546 -0.1569261997938156
v -0.05389690399169922 -1.1277669668197632 -0.14742916822433472
v -0.060283511877059937 -1.1272239685058594 -0.152847021818161
v -0.05737704038619995 -1.1244449615478516 -0.15938249230384827
v -0.0677652657032013 -1.126144528388977 -0.15929317474365234
v -0.06310293078422546 -1.1233830451965332 -0.16436681151390076
v -0.055965930223464966 -1.122061014175415 -0.1644688844680786
v -0.058908432722091675 -1.121646523475647 -0.16688767075538635
v -0.1122007817029953 -1.0780187845230103 -0.0959639698266983
v -0.10040831565856934 -0.7456334233283997 0.04742757976055145
v -0.08487365394830704 -0.7409352660179138 0.044393375515937805
v -0.11689236760139465 -0.7437826991081238 0.04601691663265228
v -0.14241378009319305 -0.32067936658859253 0.10350722074508667
v -0.07715121656656265 -0.08492069691419601 0.13107924163341522
v -0.07082003355026245 -0.04115269333124161 0.12989482283592224
v -0.07383090257644653 -0.0636676475405693 0.13066738843917847
v -0.14551371335983276 -0.3438851535320282 0.10437393188476562
v -0.11761690676212311 -0.007941080257296562 0.08883803337812424
v -0.08048221468925476 0.15141578018665314 0.12575320899486542
v -0.06540755927562714 0.4402748942375183 -0.00471075251698494
v -0.0638972818851471 0.4365074932575226 -0.005064323544502258
v -0.06304876506328583 0.4334346055984497 -0.006996534764766693
v -0.06333545595407486 0.430194228887558 -0.008487973362207413
v -0.06276299059391022 0.42796754837036133 -0.01120082288980484
v -0.060878269374370575 0.4273051917552948 -0.014773685485124588
v -0.06499821692705154 0.4342826306819916 -0.009518258273601532
v -0.062219034880399704 0.43609827756881714 -0.013053853064775467
v -0.06217414513230324 0.4384617507457733 -0.01219409704208374
v -0.06503023952245712 0.4368019104003906 -0.008390065282583237
f 2 3 1
f 1 3 4
f 3 2 5
f 5 2 6
f 3 7 4
f 4 7 8
f 10 11 9
f 9 11 12
f 14 15 13
f 13 15 16
f 18 19 17
f 17 19 20
f 22 23 21
f 21 23 24
f 26 18 25
f 25 18 17
f 27 28 17
f 17 28 25
f 30 31 29
f 29 31 32
f 34 35 33
f 33 35 36
f 21 24 37
f 37 24 38
f 40 31 39
f 39 31 38
f 34 33 28
f 28 33 25
f 41 42 44
f 44 42 43
f 36 45 33
f 33 45 25
f 46 47 49
f 49 47 48
f 51 52 50
f 50 52 53
f 55 53 54
f 54 53 52
f 57 58 56
f 56 58 59
f 61 62 60
f 60 62 63
f 65 66 64
f 64 66 67
f 69 70 68
f 68 70 71
f 65 73 72
f 72 73 74
f 64 75 65
f 65 75 73
f 77 78 76
f 76 78 79
f 80 81 83
f 83 81 82
f 81 85 84
f 84 85 86
f 88 89 87
f 87 89 69
f 88 87 90
f 90 87 91
f 93 94 92
f 92 94 95
f 96 84 43
f 43 84 44
f 51 98 97
f 97 98 86
f 97 99 51
f 51 99 52
f 54 52 100
f 100 52 99
f 58 101 59
f 59 101 102
f 62 103 63
f 63 103 104
f 105 106 6
f 6 106 5
f 108 109 107
f 107 109 110
f 112 113 111
f 111 113 114
f 116 117 115
f 115 117 118
f 120 121 119
f 119 121 122
f 124 125 123
f 123 125 126
f 128 129 127
f 127 129 130
f 130 131 127
f 127 131 132
f 134 1 133
f 133 1 135
f 1 4 135
f 135 4 136
f 4 8 136
f 136 8 137
f 138 139 15
f 15 139 140
f 140 139 141
f 141 139 142
f 144 57 143
f 143 57 56
f 145 146 141
f 141 146 147
f 146 149 148
f 148 149 150
f 152 153 151
f 151 153 154
f 141 147 140
f 140 147 155
f 157 11 156
f 156 11 158
f 160 161 159
f 159 161 162
f 164 165 163
f 163 165 166
f 165 160 166
f 166 160 159
f 168 169 167
f 167 169 170
f 169 171 170
f 170 171 172
f 149 173 150
f 150 173 174
f 175 176 149
f 149 176 173
f 178 172 177
f 177 172 171
f 180 181 179
f 179 181 182
f 184 180 183
f 183 180 179
f 186 187 185
f 185 187 188
f 190 191 189
f 189 191 192
f 7 193 8
f 8 193 194
f 196 162 195
f 195 162 161
f 197 168 198
f 198 168 167
f 181 199 182
f 182 199 200
f 202 203 201
f 201 203 204
f 187 186 205
f 205 186 206
f 208 209 207
f 207 209 210
f 212 213 211
f 211 213 214
f 215 216 218
f 218 216 217
f 220 209 219
f 219 209 208
f 204 186 221
f 221 186 185
f 201 204 222
f 222 204 221
f 223 211 220
f 220 211 209
f 224 225 214
f 214 225 210
f 203 206 204
f 204 206 186
f 227 187 226
f 226 187 205
f 27 228 21
f 21 228 22
f 230 231 229
f 229 231 232
f 234 235 233
f 233 235 236
f 238 239 237
f 237 239 240
f 119 122 118
f 118 122 115
f 112 242 241
f 241 242 243
f 98 51 244
f 244 51 50
f 245 138 14
f 14 138 15
f 11 10 158
f 158 10 246
f 89 85 69
f 69 85 70
f 11 157 12
f 12 157 247
f 249 164 248
f 248 164 163
f 177 250 178
f 178 250 251
f 253 254 252
f 252 254 255
f 187 227 188
f 188 227 256
f 212 257 213
f 213 257 258
f 260 134 259
f 259 134 133
f 165 164 135
f 135 164 133
f 160 165 136
f 136 165 135
f 136 137 160
f 160 137 161
f 137 261 161
f 161 261 195
f 263 264 262
f 262 264 265
f 13 16 266
f 266 16 267
f 268 267 155
f 155 267 16
f 147 269 155
f 155 269 268
f 162 196 167
f 167 196 198
f 167 170 162
f 162 170 159
f 170 172 159
f 159 172 166
f 172 178 166
f 166 178 163
f 178 251 163
f 163 251 248
f 168 270 169
f 169 270 271
f 272 273 171
f 171 273 177
f 271 272 169
f 169 272 171
f 168 197 270
f 270 197 274
f 250 177 275
f 275 177 273
f 277 45 276
f 276 45 278
f 280 281 279
f 279 281 282
f 284 104 283
f 283 104 103
f 285 215 286
f 286 215 218
f 288 289 287
f 287 289 290
f 291 80 66
f 66 80 83
f 293 294 292
f 292 294 295
f 73 91 74
f 74 91 87
f 91 73 92
f 92 73 75
f 279 77 280
f 280 77 76
f 80 291 70
f 70 291 71
f 277 47 96
f 96 47 82
f 297 175 296
f 296 175 149
f 299 154 298
f 298 154 153
f 225 300 210
f 210 300 207
f 224 301 206
f 206 301 205
f 210 209 214
f 214 209 211
f 226 205 302
f 302 205 301
f 304 305 303
f 303 305 306
f 308 309 307
f 307 309 310
f 72 291 65
f 65 291 66
f 66 83 67
f 67 83 46
f 312 313 311
f 311 313 314
f 316 317 315
f 315 317 36
f 29 318 35
f 35 318 319
f 321 32 320
f 320 32 322
f 311 314 323
f 323 314 324
f 315 325 316
f 316 325 326
f 318 287 319
f 319 287 290
f 328 321 327
f 327 321 320
f 329 330 39
f 39 330 331
f 332 333 40
f 40 333 322
f 309 334 285
f 285 334 335
f 236 2 134
f 134 2 1
f 260 336 233
f 233 336 337
f 237 14 265
f 265 14 13
f 84 86 44
f 44 86 98
f 189 192 7
f 7 192 193
f 44 98 41
f 41 98 244
f 237 240 14
f 14 240 245
f 7 3 189
f 189 3 5
f 338 71 72
f 72 71 291
f 262 265 266
f 266 265 13
f 124 123 339
f 339 123 105
f 123 109 105
f 105 109 106
f 189 5 190
f 190 5 106
f 111 114 12
f 12 114 9
f 264 340 265
f 265 340 237
f 342 343 341
f 341 343 344
f 6 235 105
f 105 235 339
f 234 346 345
f 345 346 347
f 349 350 348
f 348 350 351
f 107 352 108
f 108 352 353
f 355 356 354
f 354 356 357
f 237 340 238
f 238 340 358
f 12 247 111
f 111 247 359
f 264 263 116
f 116 263 360
f 361 362 222
f 222 362 201
f 364 365 363
f 363 365 366
f 368 369 367
f 367 369 370
f 372 373 371
f 371 373 374
f 375 376 372
f 372 376 377
f 378 379 381
f 381 379 380
f 382 383 269
f 269 383 268
f 150 174 365
f 365 174 384
f 380 377 381
f 381 377 376
f 271 270 180
f 180 270 181
f 273 272 252
f 252 272 184
f 272 271 184
f 184 271 180
f 181 270 274
f 252 255 273
f 273 255 275
f 254 385 255
f 255 385 386
f 387 388 179
f 179 388 183
f 389 387 182
f 182 387 179
f 182 200 389
f 389 200 390
f 388 391 183
f 183 391 253
f 391 392 253
f 253 392 254
f 394 379 393
f 393 379 378
f 185 188 395
f 395 188 396
f 221 185 397
f 397 185 395
f 222 221 398
f 398 221 397
f 188 256 396
f 396 256 399
f 400 401 256
f 256 401 399
f 402 403 405
f 405 403 404
f 148 150 364
f 364 150 365
f 393 406 394
f 394 406 407
f 158 246 393
f 393 246 406
f 342 19 238
f 238 19 239
f 23 22 350
f 350 22 354
f 244 50 245
f 245 50 138
f 55 142 53
f 53 142 139
f 145 144 296
f 296 144 143
f 355 228 341
f 341 228 20
f 41 240 42
f 42 240 239
f 283 308 284
f 284 308 307
f 349 409 408
f 408 409 410
f 244 245 41
f 41 245 240
f 268 383 406
f 406 383 407
f 346 411 349
f 349 411 409
f 251 412 248
f 248 412 413
f 275 414 250
f 250 414 415
f 25 45 26
f 26 45 277
f 43 26 96
f 96 26 277
f 416 417 61
f 61 417 62
f 329 24 408
f 408 24 23
f 31 40 32
f 32 40 322
f 39 38 329
f 329 38 24
f 37 38 30
f 30 38 31
f 418 419 421
f 421 419 420
f 78 295 79
f 79 295 294
f 124 339 422
f 422 339 345
f 232 131 357
f 357 131 351
f 2 236 6
f 6 236 235
f 252 184 253
f 253 184 183
f 227 423 256
f 256 423 400
f 423 227 305
f 305 227 226
f 424 258 425
f 425 258 257
f 426 427 212
f 212 427 257
f 259 133 249
f 249 133 164
f 419 418 428
f 428 418 429
f 327 430 328
f 328 430 288
f 49 431 46
f 46 431 67
f 306 302 424
f 424 302 258
f 313 432 314
f 314 432 433
f 32 321 29
f 29 321 318
f 324 314 433
f 287 318 328
f 328 318 321
f 134 260 236
f 236 260 233
f 345 339 234
f 234 339 235
f 357 351 354
f 354 351 350
f 408 23 349
f 349 23 350
f 317 278 36
f 36 278 45
f 432 313 429
f 429 313 428
f 435 428 434
f 434 428 313
f 42 239 18
f 18 239 19
f 43 42 26
f 26 42 18
f 121 120 436
f 436 120 437
f 302 301 258
f 258 301 213
f 110 109 126
f 126 109 123
f 238 358 342
f 342 358 343
f 341 20 342
f 342 20 19
f 322 438 320
f 320 438 439
f 320 439 327
f 327 439 430
f 333 440 322
f 322 440 438
f 289 288 323
f 323 288 430
f 115 340 116
f 116 340 264
f 146 145 149
f 149 145 296
f 15 140 16
f 16 140 155
f 441 442 152
f 152 442 153
f 225 224 203
f 203 224 206
f 175 297 154
f 154 297 151
f 293 443 294
f 294 443 444
f 248 413 249
f 249 413 445
f 446 447 400
f 400 447 401
f 388 387 396
f 396 387 395
f 387 389 395
f 395 389 397
f 391 388 399
f 399 388 396
f 401 392 399
f 399 392 391
f 255 386 275
f 275 386 414
f 449 450 448
f 448 450 451
f 335 452 285
f 285 452 215
f 453 298 442
f 442 298 153
f 211 223 212
f 212 223 426
f 425 257 454
f 454 257 427
f 266 10 262
f 262 10 9
f 360 113 456
f 456 113 455
f 8 194 137
f 137 194 261
f 10 266 246
f 246 266 267
f 203 202 225
f 225 202 300
f 262 9 263
f 263 9 114
f 108 353 190
f 190 353 191
f 389 390 397
f 397 390 398
f 457 422 128
f 128 422 129
f 156 158 378
f 378 158 393
f 347 346 348
f 348 346 349
f 447 458 401
f 401 458 392
f 364 382 148
f 148 382 269
f 55 54 57
f 57 54 58
f 75 64 459
f 459 64 460
f 100 90 101
f 101 90 95
f 101 58 100
f 100 58 54
f 142 55 144
f 144 55 57
f 147 146 269
f 269 146 148
f 459 93 75
f 75 93 92
f 144 145 142
f 142 145 141
f 228 27 20
f 20 27 17
f 154 299 175
f 175 299 176
f 214 213 224
f 224 213 301
f 424 461 306
f 306 461 303
f 285 286 309
f 309 286 310
f 462 334 308
f 308 334 309
f 302 306 226
f 226 306 305
f 37 28 21
f 21 28 27
f 29 35 30
f 30 35 34
f 30 34 37
f 37 34 28
f 344 436 356
f 356 436 229
f 325 290 326
f 326 290 289
f 311 439 312
f 312 439 438
f 35 319 36
f 36 319 315
f 439 311 430
f 430 311 323
f 315 319 325
f 325 319 290
f 440 463 438
f 438 463 312
f 341 344 355
f 355 344 356
f 360 456 116
f 116 456 117
f 354 22 355
f 355 22 228
f 326 289 324
f 324 289 323
f 74 87 68
f 68 87 69
f 50 53 138
f 138 53 139
f 268 406 267
f 267 406 246
f 190 106 108
f 108 106 109
f 241 455 112
f 112 455 113
f 358 122 343
f 343 122 121
f 129 347 130
f 130 347 348
f 348 351 130
f 130 351 131
f 229 232 356
f 356 232 357
f 340 115 358
f 358 115 122
f 111 359 112
f 112 359 242
f 125 124 457
f 457 124 422
f 231 132 232
f 232 132 131
f 343 121 344
f 344 121 436
f 263 114 360
f 360 114 113
f 347 129 345
f 345 129 422
f 230 229 437
f 437 229 436
f 464 446 423
f 423 446 400
f 465 466 468
f 468 466 467
f 470 471 469
f 469 471 472
f 469 472 373
f 373 472 374
f 474 469 473
f 473 469 373
f 471 475 472
f 472 475 476
f 472 477 374
f 374 477 478
f 477 472 476
f 479 480 476
f 476 480 477
f 473 373 377
f 377 373 372
f 481 482 479
f 479 482 480
f 483 484 481
f 481 484 482
f 403 402 485
f 485 402 486
f 487 488 483
f 483 488 484
f 487 489 488
f 488 489 490
f 489 491 490
f 490 491 492
f 491 493 492
f 492 493 494
f 493 495 494
f 494 495 496
f 497 498 481
f 481 498 483
f 484 499 482
f 482 499 367
f 370 480 367
f 367 480 482
f 480 370 477
f 477 370 478
f 500 497 479
f 479 497 481
f 451 473 380
f 380 473 377
f 448 451 379
f 379 451 380
f 501 502 504
f 504 502 503
f 449 505 507
f 507 505 506
f 486 508 505
f 505 508 506
f 508 509 506
f 506 509 510
f 511 507 510
f 510 507 506
f 509 508 512
f 512 508 513
f 515 509 514
f 514 509 512
f 509 515 510
f 510 515 516
f 510 516 511
f 511 516 517
f 486 505 485
f 485 505 518
f 505 449 518
f 518 449 448
f 383 382 403
f 403 382 404
f 363 404 364
f 364 404 382
f 403 485 383
f 383 485 407
f 519 520 361
f 361 520 362
f 522 496 521
f 521 496 495
f 450 474 451
f 451 474 473
f 363 366 523
f 523 366 524
f 525 499 488
f 488 499 484
f 488 490 525
f 525 490 526
f 496 522 520
f 520 522 527
f 494 496 519
f 519 496 520
f 492 494 528
f 528 494 519
f 529 530 495
f 495 530 521
f 490 492 526
f 526 492 528
f 529 495 531
f 531 495 493
f 533 534 532
f 532 534 535
f 523 524 533
f 533 524 534
f 486 402 532
f 532 402 533
f 529 536 530
f 530 536 537
f 536 538 537
f 537 538 539
f 540 541 539
f 539 541 537
f 530 537 535
f 535 537 541
f 542 539 543
f 543 539 538
f 539 542 540
f 540 542 544
f 541 540 513
f 513 540 512
f 540 544 512
f 512 544 514
f 546 547 545
f 545 547 548
f 549 550 531
f 531 550 551
f 550 549 552
f 552 549 553
f 546 550 554
f 554 550 552
f 547 546 555
f 555 546 554
f 498 556 558
f 558 556 557
f 559 557 560
f 560 557 556
f 561 562 560
f 560 562 559
f 557 559 552
f 552 559 554
f 559 562 554
f 554 562 555
f 558 557 553
f 553 557 552
f 475 471 563
f 563 471 564
f 565 563 567
f 567 563 566
f 471 470 564
f 564 470 466
f 564 466 568
f 568 466 465
f 568 465 569
f 569 465 570
f 572 573 571
f 571 573 574
f 569 575 567
f 567 575 576
f 577 565 576
f 576 565 567
f 578 579 581
f 581 579 580
f 575 561 576
f 576 561 560
f 556 577 560
f 560 577 576
f 577 556 497
f 497 556 498
f 565 577 500
f 500 577 497
f 563 565 475
f 475 565 500
f 553 489 558
f 558 489 487
f 531 493 549
f 549 493 491
f 489 553 491
f 491 553 549
f 394 407 518
f 518 407 485
f 518 448 394
f 394 448 379
f 545 548 538
f 538 548 543
f 551 545 536
f 536 545 538
f 536 529 551
f 551 529 531
f 507 582 449
f 449 582 450
f 511 583 507
f 507 583 582
f 511 517 583
f 583 517 584
f 585 586 588
f 588 586 587
f 590 591 589
f 589 591 592
f 591 590 593
f 593 590 594
f 596 597 595
f 595 597 598
f 599 600 602
f 602 600 601
f 604 605 603
f 603 605 606
f 608 609 607
f 607 609 610
f 612 613 611
f 611 613 614
f 615 616 618
f 618 616 617
f 620 621 619
f 619 621 622
f 624 625 623
f 623 625 626
f 628 629 627
f 627 629 630
f 632 633 631
f 631 633 634
f 635 636 638
f 638 636 637
f 639 640 642
f 642 640 641
f 644 645 643
f 643 645 646
f 619 622 647
f 647 622 648
f 650 651 649
f 649 651 652
f 601 653 602
f 602 653 654
f 656 657 655
f 655 657 658
f 660 661 659
f 659 661 662
f 664 665 663
f 663 665 666
f 593 594 667
f 667 594 668
f 669 670 672
f 672 670 671
f 673 674 676
f 676 674 675
f 633 632 677
f 677 632 678
f 663 666 679
f 679 666 680
f 681 682 684
f 684 682 683
f 686 687 685
f 685 687 688
f 690 661 689
f 689 661 691
f 693 686 692
f 692 686 685
f 695 597 694
f 694 597 668
f 594 696 668
f 668 696 694
f 697 698 696
f 696 698 699
f 700 701 697
f 697 701 698
f 702 585 703
f 703 585 588
f 671 690 672
f 672 690 689
f 640 639 704
f 704 639 705
f 679 706 663
f 663 706 658
f 708 709 707
f 707 709 710
f 711 712 610
f 610 712 607
f 713 714 716
f 716 714 715
f 717 718 720
f 720 718 719
f 722 634 721
f 721 634 633
f 724 725 723
f 723 725 726
f 728 729 727
f 727 729 730
f 732 733 731
f 731 733 734
f 707 710 735
f 735 710 736
f 643 737 644
f 644 737 738
f 740 741 739
f 739 741 742
f 608 744 743
f 743 744 745
f 747 748 746
f 746 748 749
f 751 752 750
f 750 752 753
f 754 755 757
f 757 755 756
f 758 759 761
f 761 759 760
f 763 764 762
f 762 764 765
f 767 768 766
f 766 768 769
f 771 772 770
f 770 772 773
f 775 776 774
f 774 776 777
f 779 780 778
f 778 780 781
f 783 712 782
f 782 712 784
f 785 786 788
f 788 786 787
f 790 628 789
f 789 628 627
f 792 793 791
f 791 793 794
f 795 796 726
f 726 796 723
f 798 799 797
f 797 799 800
f 721 633 801
f 801 633 677
f 797 800 802
f 802 800 803
f 805 806 804
f 804 806 807
f 809 810 808
f 808 810 811
f 813 814 812
f 812 814 815
f 809 808 817
f 817 808 816
f 818 819 804
f 804 819 805
f 820 821 818
f 818 821 819
f 821 820 587
f 587 820 822
f 809 823 810
f 810 823 824
f 814 807 815
f 815 807 806
f 826 426 825
f 825 426 223
f 426 826 427
f 427 826 827
f 828 829 454
f 454 829 830
f 831 832 677
f 677 832 801
f 834 835 833
f 833 835 836
f 838 839 837
f 837 839 840
f 841 842 844
f 844 842 843
f 845 846 803
f 803 846 802
f 847 831 678
f 678 831 677
f 848 849 851
f 851 849 850
f 853 854 852
f 852 854 855
f 857 858 856
f 856 858 680
f 860 861 859
f 859 861 862
f 864 865 863
f 863 865 866
f 868 869 867
f 867 869 870
f 839 871 840
f 840 871 872
f 849 848 874
f 874 848 873
f 876 877 875
f 875 877 878
f 880 881 879
f 879 881 882
f 883 884 886
f 886 884 885
f 846 887 802
f 802 887 888
f 890 891 889
f 889 891 888
f 893 894 892
f 892 894 895
f 896 897 728
f 728 897 729
f 899 900 898
f 898 900 901
f 902 852 904
f 904 852 903
f 849 905 850
f 850 905 906
f 875 878 907
f 907 878 908
f 910 911 909
f 909 911 912
f 914 915 913
f 913 915 916
f 917 918 862
f 862 918 859
f 919 920 856
f 856 920 921
f 923 924 922
f 922 924 925
f 926 927 925
f 925 927 922
f 929 930 928
f 928 930 693
f 932 695 931
f 931 695 694
f 823 867 824
f 824 867 933
f 935 936 934
f 934 936 937
f 938 868 823
f 823 868 867
f 940 847 939
f 939 847 678
f 632 655 678
f 678 655 939
f 941 942 619
f 619 942 620
f 687 943 688
f 688 943 944
f 851 850 945
f 945 850 903
f 850 906 903
f 903 906 904
f 946 947 949
f 949 947 948
f 951 952 950
f 950 952 953
f 955 956 954
f 954 956 957
f 907 958 875
f 875 958 874
f 960 961 959
f 959 961 962
f 963 853 902
f 902 853 852
f 909 964 910
f 910 964 965
f 967 968 966
f 966 968 969
f 971 972 970
f 970 972 973
f 974 960 975
f 975 960 959
f 977 978 976
f 976 978 979
f 981 977 980
f 980 977 976
f 980 982 981
f 981 982 983
f 985 983 984
f 984 983 982
f 984 986 985
f 985 986 987
f 989 990 988
f 988 990 991
f 993 994 992
f 992 994 995
f 997 998 996
f 996 998 999
f 1001 1002 1000
f 1000 1002 1003
f 1005 1006 1004
f 1004 1006 1007
f 1004 1008 1005
f 1005 1008 1009
f 1008 1010 1009
f 1009 1010 1011
f 1013 1011 1012
f 1012 1011 1010
f 1014 1015 1017
f 1017 1015 1016
f 1019 1020 1018
f 1018 1020 1021
f 1022 1023 976
f 976 1023 980
f 1024 1025 982
f 982 1025 984
f 992 995 1026
f 1026 995 1027
f 956 955 1028
f 1028 955 1029
f 1030 1031 1033
f 1033 1031 1032
f 1010 1008 1034
f 1034 1008 1035
f 1008 1004 1035
f 1035 1004 1036
f 1037 1038 1002
f 1002 1038 1007
f 1002 1001 1037
f 1037 1001 1039
f 1040 1041 997
f 997 1041 998
f 1015 1014 1043
f 1043 1014 1042
f 1044 1045 1047
f 1047 1045 1046
f 1044 1020 1048
f 1048 1020 1049
f 1050 1051 1003
f 1003 1051 1000
f 1052 1050 1006
f 1006 1050 1003
f 1053 1054 1011
f 1011 1054 1009
f 1013 1045 1055
f 1055 1045 1056
f 1058 1059 1057
f 1057 1059 1060
f 1062 1063 1061
f 1061 1063 1064
f 1065 1066 1050
f 1050 1066 1051
f 1067 1065 1052
f 1052 1065 1050
f 1068 1069 1054
f 1054 1069 1070
f 1071 1068 1053
f 1053 1068 1054
f 1073 1071 1072
f 1072 1071 1074
f 1074 1071 1055
f 1055 1071 1053
f 1076 1077 1075
f 1075 1077 1078
f 1079 1080 1057
f 1057 1080 1058
f 1081 1082 1064
f 1064 1082 1061
f 1084 1085 1083
f 1083 1085 1086
f 1088 1089 1087
f 1087 1089 1090
f 1092 1093 1091
f 1091 1093 1094
f 1096 1097 1095
f 1095 1097 1098
f 1099 1100 1102
f 1102 1100 1101
f 1103 1104 1099
f 1099 1104 1100
f 1106 1107 1105
f 1105 1107 1108
f 1110 1111 1109
f 1109 1111 1112
f 1114 1115 1113
f 1113 1115 1116
f 1118 1119 1117
f 1117 1119 1077
f 1117 1120 1122
f 1122 1120 1121
f 1105 1123 1106
f 1106 1123 1124
f 1125 1126 1128
f 1128 1126 1127
f 1130 1131 1129
f 1129 1131 1132
f 1134 1135 1133
f 1133 1135 1114
f 1113 1136 1114
f 1114 1136 1133
f 1118 1137 1113
f 1113 1137 1136
f 1118 1117 1137
f 1137 1117 1122
f 1139 1140 1138
f 1138 1140 1141
f 1143 953 1142
f 1142 953 952
f 1145 957 1144
f 1144 957 956
f 1028 1146 956
f 956 1146 1144
f 1014 1147 1042
f 1042 1147 1148
f 1014 1017 1147
f 1147 1017 1149
f 1059 1058 1150
f 1150 1058 1151
f 1153 1080 1152
f 1152 1080 1154
f 1156 1088 1155
f 1155 1088 1087
f 1157 1158 1106
f 1106 1158 1107
f 1106 1124 1157
f 1157 1124 1159
f 1161 1162 1160
f 1160 1162 1163
f 1165 1166 1164
f 1164 1166 1167
f 1168 1031 1012
f 1012 1031 1046
f 1024 1023 1035
f 1035 1023 1034
f 1036 1038 1025
f 1025 1038 1169
f 1170 1171 1039
f 1039 1171 1037
f 1028 1029 1042
f 1042 1029 1043
f 1172 1173 1175
f 1175 1173 1174
f 1055 1053 1013
f 1013 1053 1011
f 1005 1009 1070
f 1070 1009 1054
f 996 999 1062
f 1062 999 1063
f 1016 1060 1017
f 1017 1060 1059
f 1017 1059 1149
f 1149 1059 1150
f 1177 1178 1176
f 1176 1178 1103
f 1176 1072 1179
f 1179 1072 1074
f 1073 1102 1086
f 1086 1102 1083
f 1180 1181 1067
f 1067 1181 1065
f 1182 1183 1184
f 1184 1183 1181
f 1186 1187 1185
f 1185 1187 1188
f 1189 1190 798
f 798 1190 799
f 1192 1193 1191
f 1191 1193 1194
f 1195 1196 1194
f 1194 1196 1191
f 1196 1195 1198
f 1198 1195 1197
f 1200 674 1199
f 1199 674 673
f 928 1201 1203
f 1203 1201 1202
f 861 1204 862
f 862 1204 921
f 1205 1206 913
f 913 1206 1207
f 882 1208 879
f 879 1208 1209
f 1210 1211 1167
f 1167 1211 1164
f 1212 769 1213
f 1213 769 768
f 727 1214 728
f 728 1214 1215
f 1217 1218 1216
f 1216 1218 1219
f 1220 813 1221
f 1221 813 812
f 827 828 427
f 427 828 454
f 1223 1224 1222
f 1222 1224 1165
f 1226 1227 1225
f 1225 1227 1228
f 851 1229 848
f 848 1229 1230
f 834 854 835
f 835 854 1231
f 1233 1234 1232
f 1232 1234 1235
f 1237 751 1236
f 1236 751 750
f 743 819 1238
f 1238 819 821
f 1240 1241 1239
f 1239 1241 1242
f 1244 1245 1243
f 1243 1245 1246
f 844 1247 841
f 841 1247 1248
f 1250 1251 1249
f 1249 1251 1252
f 1254 893 1253
f 1253 893 1237
f 1255 1256 1258
f 1258 1256 1257
f 1260 1261 1259
f 1259 1261 1262
f 945 903 855
f 855 903 852
f 855 1263 945
f 945 1263 1264
f 832 845 801
f 801 845 803
f 800 721 803
f 803 721 801
f 721 800 722
f 722 800 799
f 1266 1267 1265
f 1265 1267 1268
f 1270 795 1269
f 1269 795 726
f 725 1271 726
f 726 1271 1269
f 737 765 738
f 738 765 764
f 759 740 760
f 760 740 739
f 717 1272 1274
f 1274 1272 1273
f 1163 1226 1275
f 1275 1226 1225
f 1277 882 1276
f 1276 882 881
f 1041 1040 1027
f 1027 1040 1026
f 900 935 901
f 901 935 934
f 1164 1278 1165
f 1165 1278 1222
f 1211 1279 1164
f 1164 1279 1278
f 442 1280 453
f 453 1280 1281
f 788 1282 785
f 785 1282 1283
f 1285 1286 1284
f 1284 1286 1287
f 1284 1288 1285
f 1285 1288 1289
f 757 1289 754
f 754 1289 1288
f 605 604 675
f 675 604 676
f 1290 1291 1293
f 1293 1291 1292
f 1295 1296 1294
f 1294 1296 1297
f 696 699 694
f 694 699 931
f 1298 1299 592
f 592 1299 589
f 1299 1300 589
f 589 1300 700
f 1300 1301 700
f 700 1301 701
f 743 745 819
f 819 745 805
f 1303 1304 1302
f 1302 1304 1305
f 1306 1307 1305
f 1305 1307 1302
f 609 1298 610
f 610 1298 592
f 587 822 588
f 588 822 1308
f 703 588 1309
f 1309 588 1308
f 1310 703 571
f 571 703 1309
f 1311 1312 789
f 789 1312 790
f 825 223 1313
f 1313 223 220
f 219 1314 220
f 220 1314 1313
f 1315 1316 1311
f 1311 1316 1312
f 1317 1318 1319
f 1319 1318 1241
f 441 1320 442
f 442 1320 1280
f 1321 217 572
f 572 217 216
f 1323 1230 1322
f 1322 1230 1229
f 1324 1325 631
f 631 1325 656
f 1034 1168 1010
f 1010 1168 1012
f 1327 1328 1326
f 1326 1328 1329
f 1331 1202 1330
f 1330 1202 1201
f 571 1309 572
f 572 1309 1321
f 573 572 1332
f 1332 572 216
f 1334 1335 1333
f 1333 1335 1336
f 1337 1338 918
f 918 1338 859
f 1339 863 1340
f 1340 863 866
f 1341 1342 1344
f 1344 1342 1343
f 1345 1346 919
f 919 1346 920
f 1347 1348 673
f 673 1348 1199
f 693 1349 928
f 928 1349 1201
f 1351 1257 1350
f 1350 1257 1256
f 1350 1352 1351
f 1351 1352 1353
f 653 930 654
f 654 930 662
f 1279 1354 1278
f 1278 1354 1355
f 1357 1358 1356
f 1356 1358 1359
f 937 1360 1140
f 1140 1360 1361
f 1225 1228 909
f 909 1228 964
f 901 934 1362
f 1362 934 1139
f 1364 1365 1363
f 1363 1365 1362
f 1367 912 1366
f 1366 912 911
f 1143 1142 1368
f 1368 1142 1369
f 1144 1186 1145
f 1145 1186 1185
f 1146 1175 1144
f 1144 1175 1186
f 1175 1146 1172
f 1172 1146 1148
f 1147 1018 1148
f 1148 1018 1172
f 1018 1147 1019
f 1019 1147 1149
f 1149 1150 1019
f 1019 1150 1370
f 1150 1151 1370
f 1370 1151 1371
f 1151 1153 1371
f 1371 1153 1177
f 1152 1156 1178
f 1178 1156 1372
f 1155 1158 1373
f 1373 1158 1374
f 1157 1159 1376
f 1376 1159 1375
f 1378 1379 1377
f 1377 1379 1380
f 1382 1383 1381
f 1381 1383 1384
f 1382 1386 1385
f 1385 1386 1387
f 1386 1233 1387
f 1387 1233 1232
f 1389 1390 1388
f 1388 1390 1391
f 1393 1394 1392
f 1392 1394 1395
f 1397 1398 1396
f 1396 1398 1399
f 629 1397 630
f 630 1397 1396
f 1342 1400 1343
f 1343 1400 1401
f 1403 1404 1402
f 1402 1404 1405
f 1407 1408 1406
f 1406 1408 1409
f 1411 1412 1410
f 1410 1412 1413
f 793 1414 794
f 794 1414 1415
f 1417 1341 1416
f 1416 1341 1344
f 704 705 1347
f 1347 705 1418
f 741 1419 742
f 742 1419 1420
f 1422 669 1421
f 1421 669 672
f 645 1423 646
f 646 1423 1424
f 1196 1198 614
f 614 1198 611
f 613 1425 614
f 614 1425 1426
f 1427 616 659
f 659 616 660
f 614 1426 1196
f 1196 1426 1191
f 696 594 697
f 697 594 590
f 697 590 700
f 700 590 589
f 703 1310 702
f 702 1310 1428
f 1421 672 1192
f 1192 672 689
f 1271 648 1269
f 1269 648 622
f 621 1270 622
f 622 1270 1269
f 1429 1430 1417
f 1417 1430 1341
f 1431 1432 1434
f 1434 1432 1433
f 1436 1437 1435
f 1435 1437 1438
f 1440 1441 1439
f 1439 1441 1442
f 1443 1444 1446
f 1446 1444 1445
f 823 809 938
f 938 809 817
f 810 1447 811
f 811 1447 1448
f 1449 1450 679
f 679 1450 706
f 913 916 1205
f 1205 916 1451
f 1275 1225 912
f 912 1225 909
f 1452 1453 880
f 880 1453 881
f 1444 1401 1445
f 1445 1401 1400
f 936 1454 937
f 937 1454 1360
f 824 1455 810
f 810 1455 1447
f 631 656 632
f 632 656 655
f 966 1456 967
f 967 1456 1457
f 1459 1460 1458
f 1458 1460 1461
f 1460 1462 1461
f 1461 1462 1463
f 972 974 973
f 973 974 975
f 990 995 991
f 991 995 994
f 1464 1187 1033
f 1033 1187 1174
f 1018 1021 1172
f 1172 1021 1173
f 1000 999 1001
f 1001 999 998
f 976 979 1022
f 1022 979 1032
f 1023 1024 980
f 980 1024 982
f 989 986 1171
f 1171 986 1169
f 1171 1170 989
f 989 1170 990
f 1170 1027 990
f 990 1027 995
f 1041 1039 998
f 998 1039 1001
f 1051 1063 1000
f 1000 1063 999
f 1066 1064 1051
f 1051 1064 1063
f 1183 1081 1066
f 1066 1081 1064
f 1178 1372 1103
f 1103 1372 1104
f 1092 1091 1465
f 1465 1091 1182
f 1467 1465 1466
f 1466 1465 1468
f 1469 1470 1184
f 1184 1470 1468
f 1095 1098 1471
f 1471 1098 1101
f 1076 1374 1120
f 1120 1374 1376
f 1110 1472 1127
f 1127 1472 1132
f 1472 1473 1132
f 1132 1473 1129
f 1474 1475 1466
f 1466 1475 1473
f 1119 1118 1116
f 1116 1118 1113
f 1375 1121 1376
f 1376 1121 1120
f 1127 1132 1128
f 1128 1132 1131
f 1227 1476 1228
f 1228 1476 1361
f 1365 1477 1362
f 1362 1477 872
f 1478 1479 1323
f 1323 1479 1230
f 1480 1481 914
f 914 1481 915
f 913 1277 914
f 914 1277 1276
f 1168 1034 1022
f 1022 1034 1023
f 1035 1036 1024
f 1024 1036 1025
f 1039 1041 1170
f 1170 1041 1027
f 1042 1148 1028
f 1028 1148 1146
f 968 1459 969
f 969 1459 1458
f 1482 1483 664
f 664 1483 665
f 1485 1486 1484
f 1484 1486 1487
f 1489 1490 1488
f 1488 1490 1491
f 1492 1493 722
f 722 1493 634
f 1495 1496 1494
f 1494 1496 1497
f 1498 1207 1339
f 1339 1207 863
f 1224 1499 1165
f 1165 1499 1166
f 1160 1163 1500
f 1500 1163 1275
f 1500 877 1160
f 1160 877 1501
f 876 873 1502
f 1502 873 1479
f 945 1264 851
f 851 1264 1229
f 835 1231 839
f 839 1231 871
f 1503 1283 778
f 778 1283 1282
f 716 715 1505
f 1505 715 1504
f 1446 1445 1507
f 1507 1445 1506
f 779 792 1381
f 1381 792 791
f 1430 1409 1341
f 1341 1409 1342
f 1411 1429 1508
f 1508 1429 1417
f 635 1510 1509
f 1509 1510 1511
f 1377 1380 1315
f 1315 1380 1316
f 1445 1400 1506
f 1506 1400 1408
f 918 917 1336
f 1336 917 1333
f 1513 1514 1512
f 1512 1514 870
f 1515 1516 1363
f 1363 1516 1364
f 1453 1517 881
f 881 1517 1276
f 992 1518 993
f 993 1518 1519
f 1520 1029 1518
f 1518 1029 955
f 1520 1026 1521
f 1521 1026 1040
f 1522 1015 1521
f 1521 1015 1043
f 996 1523 997
f 997 1523 1522
f 1060 1016 1524
f 1524 1016 1523
f 1061 1525 1062
f 1062 1525 1524
f 1079 1527 1526
f 1526 1527 1528
f 1093 1529 1094
f 1094 1529 1528
f 1111 1530 1112
f 1112 1530 1531
f 1532 1533 1105
f 1105 1533 1123
f 934 937 1139
f 1139 937 1140
f 1138 1363 1139
f 1139 1363 1362
f 1534 1222 1355
f 1355 1222 1278
f 1535 1223 1534
f 1534 1223 1222
f 821 587 1238
f 1238 587 586
f 1319 711 1317
f 1317 711 1536
f 1538 1200 1537
f 1537 1200 1199
f 1508 1417 1539
f 1539 1417 1416
f 1540 1541 840
f 840 1541 837
f 1231 898 871
f 871 898 901
f 1500 1275 1367
f 1367 1275 912
f 1543 1379 1542
f 1542 1379 1395
f 1539 772 1508
f 1508 772 1544
f 1546 1403 1545
f 1545 1403 1402
f 1548 1549 1547
f 1547 1549 1550
f 1552 1548 1551
f 1551 1548 1547
f 1554 1555 1553
f 1553 1555 1556
f 1558 1559 1557
f 1557 1559 1560
f 1562 1563 1561
f 1561 1563 1564
f 1566 1567 1565
f 1565 1567 1568
f 1570 1571 1569
f 1569 1571 1572
f 1574 1575 1573
f 1573 1575 1576
f 1577 1578 1572
f 1572 1578 1569
f 1580 1581 1579
f 1579 1581 1582
f 1584 1585 1583
f 1583 1585 1586
f 1588 1555 1587
f 1587 1555 1589
f 1591 1592 1590
f 1590 1592 1593
f 1595 1596 1594
f 1594 1596 1597
f 1596 1581 1597
f 1597 1581 1576
f 1599 1570 1598
f 1598 1570 1569
f 1601 1602 1600
f 1600 1602 1603
f 1605 1606 1604
f 1604 1606 1607
f 1608 1609 1568
f 1568 1609 1565
f 1611 1612 1610
f 1610 1612 1613
f 1615 1616 1614
f 1614 1616 1617
f 1619 1617 1618
f 1618 1617 1616
f 1621 1622 1620
f 1620 1622 1623
f 1625 1626 1624
f 1624 1626 1627
f 1629 1630 1628
f 1628 1630 1631
f 1633 1634 1632
f 1632 1634 1635
f 1636 1637 1639
f 1639 1637 1638
f 1641 1642 1640
f 1640 1642 1643
f 1624 1627 1644
f 1644 1627 1645
f 1647 1648 1646
f 1646 1648 1649
f 1651 1652 1650
f 1650 1652 1653
f 1655 1656 1654
f 1654 1656 1657
f 1659 1660 1658
f 1658 1660 1661
f 1662 1663 1631
f 1631 1663 1628
f 1651 1665 1664
f 1664 1665 1666
f 1667 1656 1619
f 1619 1656 1617
f 1669 1670 1668
f 1668 1670 1671
f 1632 1635 1672
f 1672 1635 1673
f 1674 1675 1638
f 1638 1675 1639
f 1677 1678 1676
f 1676 1678 1679
f 1680 1640 1681
f 1681 1640 1643
f 1682 1683 1643
f 1643 1683 1681
f 1670 1669 1235
f 1235 1669 1232
f 1396 1399 1674
f 1674 1399 1675
f 627 630 1679
f 1679 630 1676
f 1681 1315 1680
f 1680 1315 1311
f 1683 1377 1681
f 1681 1377 1315
f 1672 1673 1387
f 1387 1673 1385
f 1636 1684 1646
f 1646 1684 1685
f 1687 1688 1686
f 1686 1688 1689
f 1585 1690 1586
f 1586 1690 1691
f 1599 1692 1551
f 1551 1692 1693
f 1552 1558 1694
f 1694 1558 1557
f 1696 1615 1695
f 1695 1615 1614
f 1698 1699 1697
f 1697 1699 1623
f 1700 1701 1703
f 1703 1701 1702
f 1705 1706 1704
f 1704 1706 1707
f 1708 1709 1640
f 1640 1709 1641
f 1710 1711 1713
f 1713 1711 1712
f 1652 1655 1653
f 1653 1655 1654
f 1714 1699 1712
f 1712 1699 1713
f 1715 1710 1716
f 1716 1710 1713
f 1717 1708 1680
f 1680 1708 1640
f 1393 1392 1715
f 1715 1392 1710
f 1719 1720 1718
f 1718 1720 1721
f 1680 1311 1717
f 1717 1311 789
f 1378 1711 1392
f 1392 1711 1710
f 1388 1391 1719
f 1719 1391 1720
f 1723 1606 1722
f 1722 1606 1689
f 1725 1568 1724
f 1724 1568 1567
f 1726 1647 1685
f 1685 1647 1646
f 1728 1554 1727
f 1727 1554 1553
f 1591 1687 1600
f 1600 1687 1686
f 1730 1595 1729
f 1729 1595 1594
f 1601 1605 1731
f 1731 1605 1604
f 1733 1663 1732
f 1732 1663 1734
f 1736 1639 1735
f 1735 1639 1675
f 1658 1644 1737
f 1737 1644 1645
f 1726 1662 1724
f 1724 1662 1631
f 1399 1738 1675
f 1675 1738 1735
f 1621 1667 1739
f 1739 1667 1619
f 1714 1740 1620
f 1620 1740 1741
f 1592 1549 1593
f 1593 1549 1742
f 1602 1571 1603
f 1603 1571 1550
f 1688 1690 1689
f 1689 1690 1722
f 1588 1559 1582
f 1582 1559 1579
f 1673 1735 1385
f 1385 1735 1738
f 1387 1232 1672
f 1672 1232 1669
f 1580 1692 1573
f 1573 1692 1743
f 1377 1683 1378
f 1378 1683 1711
f 1664 1666 1744
f 1744 1666 1745
f 1744 1696 1664
f 1664 1696 1695
f 1746 1747 1732
f 1732 1747 1748
f 1749 1750 1677
f 1677 1750 1678
f 1709 1708 1750
f 1750 1708 1678
f 1668 1632 1669
f 1669 1632 1672
f 1633 1746 1734
f 1734 1746 1732
f 1679 1678 1717
f 1717 1678 1708
f 789 627 1717
f 1717 627 1679
f 1563 1723 1564
f 1564 1723 1722
f 1728 1584 1751
f 1751 1584 1583
f 1674 1676 1396
f 1396 1676 630
f 1666 1566 1745
f 1745 1566 1565
f 1627 1629 1645
f 1645 1629 1628
f 1637 1749 1638
f 1638 1749 1677
f 1648 1665 1649
f 1649 1665 1752
f 1740 1642 1741
f 1741 1642 1657
f 1676 1674 1677
f 1677 1674 1638
f 1683 1682 1711
f 1711 1682 1712
f 1618 1753 1619
f 1619 1753 1739
f 1701 1739 1702
f 1702 1739 1753
f 1754 1214 1756
f 1756 1214 1755
f 647 1757 619
f 619 1757 941
f 1759 1193 1758
f 1758 1193 691
f 1419 1760 1420
f 1420 1760 1761
f 682 1762 683
f 683 1762 1763
f 1412 780 1413
f 1413 780 1384
f 1383 1398 1384
f 1384 1398 1413
f 1197 1424 1764
f 1764 1424 1423
f 1537 1287 1538
f 1538 1287 1286
f 1634 1684 1635
f 1635 1684 1736
f 1724 1631 1725
f 1725 1631 1630
f 1562 1730 1610
f 1610 1730 1729
f 1735 1673 1736
f 1736 1673 1635
f 1757 1195 941
f 941 1195 1194
f 1766 200 1765
f 1765 200 199
f 475 500 476
f 476 500 479
f 498 558 483
f 483 558 487
f 545 551 546
f 546 551 550
f 453 1281 219
f 219 1281 1314
f 298 453 208
f 208 453 219
f 368 1765 1767
f 1767 1765 199
f 523 405 363
f 363 405 404
f 523 533 405
f 405 533 402
f 298 208 299
f 299 208 207
f 299 207 176
f 176 207 300
f 176 300 173
f 173 300 202
f 173 202 174
f 174 202 201
f 1337 918 1768
f 1768 918 1336
f 1769 1770 1338
f 1338 1770 859
f 581 570 578
f 578 570 1771
f 555 562 580
f 580 562 561
f 504 1772 501
f 501 1772 548
f 517 542 584
f 584 542 543
f 515 514 516
f 516 514 544
f 542 517 544
f 544 517 516
f 561 575 580
f 580 575 581
f 575 569 581
f 581 569 570
f 501 548 1773
f 1773 548 547
f 1774 1775 570
f 570 1775 1771
f 369 368 1776
f 1776 368 1767
f 372 369 375
f 375 369 1776
f 822 1280 1308
f 1308 1280 1320
f 820 1281 822
f 822 1281 1280
f 818 1314 820
f 820 1314 1281
f 1314 818 1313
f 1313 818 804
f 807 814 825
f 825 814 826
f 814 813 826
f 826 813 827
f 813 1220 827
f 827 1220 828
f 580 579 555
f 555 579 547
f 1477 1540 872
f 872 1540 840
f 367 499 368
f 368 499 1765
f 1766 1765 525
f 525 1765 499
f 1777 1766 526
f 526 1766 525
f 520 527 362
f 362 527 384
f 361 1778 519
f 519 1778 528
f 371 1779 372
f 372 1779 369
f 369 1779 370
f 370 1779 478
f 1779 371 478
f 478 371 374
f 1778 1777 528
f 528 1777 526
f 1781 1782 1780
f 1780 1782 1783
f 431 460 67
f 67 460 64
f 68 338 74
f 74 338 72
f 1785 1782 1784
f 1784 1782 1786
f 1787 1788 1790
f 1790 1788 1789
f 1792 1789 1791
f 1791 1789 1793
f 1791 1794 1792
f 1792 1794 1795
f 1794 1796 1795
f 1795 1796 1797
f 1797 1798 938
f 938 1798 868
f 1798 1799 868
f 868 1799 869
f 1801 1802 1800
f 1800 1802 1451
f 1803 1804 1205
f 1205 1804 1206
f 1805 1806 864
f 864 1806 865
f 1806 1807 865
f 865 1807 1808
f 68 71 338
f 287 328 288
f 1320 1321 1308
f 1308 1321 1309
f 1320 441 1321
f 1321 441 217
f 441 152 217
f 217 152 218
f 151 286 152
f 152 286 218
f 297 310 151
f 151 310 286
f 296 307 297
f 297 307 310
f 296 143 307
f 307 143 284
f 143 56 284
f 284 56 104
f 56 59 104
f 104 59 63
f 59 102 63
f 63 102 60
f 102 94 60
f 60 94 282
f 93 459 279
f 279 459 77
f 459 460 77
f 77 460 78
f 460 431 78
f 78 431 295
f 431 49 295
f 295 49 292
f 48 421 49
f 49 421 292
f 276 278 418
f 418 278 429
f 317 432 278
f 278 432 429
f 432 317 433
f 433 317 316
f 326 324 316
f 316 324 433
f 1536 592 1809
f 1809 592 591
f 1810 744 1812
f 1812 744 1811
f 1814 1815 1813
f 1813 1815 1816
f 1817 748 1818
f 1818 748 747
f 1812 1819 1810
f 1810 1819 1817
f 1820 1821 748
f 748 1821 749
f 1823 1824 1822
f 1822 1824 1825
f 1827 1828 1826
f 1826 1828 1829
f 1831 1832 1830
f 1830 1832 1833
f 1834 1827 1243
f 1243 1827 1826
f 1313 804 825
f 825 804 807
f 1835 1253 1236
f 1236 1253 1237
f 1836 1837 1438
f 1438 1837 1435
f 1838 1505 1840
f 1840 1505 1839
f 1841 1842 716
f 716 1842 713
f 1843 1844 1510
f 1510 1844 1845
f 1847 1848 1846
f 1846 1848 1849
f 1850 1240 1822
f 1822 1240 1239
f 636 1831 637
f 637 1831 1830
f 1852 1853 1851
f 1851 1853 1854
f 1855 1856 1858
f 1858 1856 1857
f 1846 1849 1859
f 1859 1849 1860
f 1343 1401 1509
f 1509 1401 1861
f 1509 1861 635
f 635 1861 636
f 1863 1864 1862
f 1862 1864 1865
f 1283 1503 1867
f 1867 1503 1866
f 1868 1867 681
f 681 1867 682
f 1286 1285 683
f 683 1285 684
f 757 756 1274
f 1274 756 1869
f 1274 1869 717
f 717 1869 718
f 1434 1433 719
f 719 1433 720
f 1200 1538 1545
f 1545 1538 1763
f 1285 1289 684
f 684 1289 1273
f 684 1273 681
f 681 1273 1272
f 785 1283 1868
f 1868 1283 1867
f 786 785 1870
f 1870 785 1868
f 1289 757 1273
f 1273 757 1274
f 1539 1416 1871
f 1871 1416 1872
f 773 1871 1403
f 1403 1871 1404
f 675 674 1405
f 1405 674 1402
f 1864 1873 1865
f 1865 1873 1874
f 638 1843 635
f 635 1843 1510
f 1344 1343 1511
f 1511 1343 1509
f 772 1539 773
f 773 1539 1871
f 674 1200 1402
f 1402 1200 1545
f 1538 1286 1763
f 1763 1286 683
f 1444 1443 1875
f 1875 1443 1876
f 1875 1876 1831
f 1831 1876 1832
f 1416 1344 1872
f 1872 1344 1511
f 1877 1878 774
f 774 1878 1879
f 1878 1847 1879
f 1879 1847 1846
f 1880 714 1881
f 1881 714 1848
f 1401 1444 1861
f 1861 1444 1875
f 1861 1875 636
f 636 1875 1831
f 1823 1863 1882
f 1882 1863 1862
f 1441 1440 1884
f 1884 1440 1883
f 1883 1852 1884
f 1884 1852 1851
f 1886 1887 1885
f 1885 1887 1888
f 1358 1889 1359
f 1359 1889 1890
f 1891 1886 1892
f 1892 1886 1885
f 774 1879 775
f 775 1879 1893
f 1859 1893 1846
f 1846 1893 1879
f 713 1842 1849
f 1849 1842 1860
f 1318 1895 1894
f 1894 1895 1896
f 1873 1897 1874
f 1874 1897 1898
f 1898 605 1899
f 1899 605 675
f 1405 1844 675
f 675 1844 1899
f 1404 1845 1405
f 1405 1845 1844
f 593 1296 591
f 591 1296 1809
f 1295 1292 1900
f 1900 1292 1895
f 606 1897 1291
f 1291 1897 1896
f 1510 1845 1511
f 1511 1845 1872
f 1871 1872 1404
f 1404 1872 1845
f 1866 770 1762
f 1762 770 1546
f 1762 682 1866
f 1866 682 1867
f 1870 1868 1272
f 1272 1868 681
f 1272 717 1870
f 1870 717 720
f 1870 720 786
f 786 720 1433
f 786 1433 787
f 787 1433 1432
f 1261 1414 1432
f 1432 1414 787
f 1389 1234 1260
f 1260 1234 1415
f 1719 1670 1388
f 1388 1670 1235
f 1718 1671 1719
f 1719 1671 1670
f 1705 1747 1718
f 1718 1747 1671
f 1659 1901 1704
f 1704 1901 1748
f 1877 1903 1902
f 1902 1903 1904
f 1259 1905 1390
f 1390 1905 1394
f 1715 1720 1393
f 1393 1720 1391
f 1716 1721 1715
f 1715 1721 1720
f 1698 1706 1716
f 1716 1706 1721
f 277 276 47
f 47 276 48
f 84 96 81
f 81 96 82
f 80 70 81
f 81 70 85
f 99 97 88
f 88 97 89
f 90 100 88
f 88 100 99
f 101 95 102
f 102 95 94
f 1906 1907 280
f 280 1907 281
f 97 86 89
f 89 86 85
f 60 282 61
f 61 282 281
f 83 82 46
f 46 82 47
f 293 292 420
f 420 292 421
f 419 1908 420
f 420 1908 1909
f 92 95 91
f 91 95 90
f 279 282 93
f 93 282 94
f 276 418 48
f 48 418 421
f 1910 1660 1697
f 1697 1660 1707
f 1703 1624 1700
f 1700 1624 1644
f 1622 1910 1623
f 1623 1910 1697
f 1701 1700 1911
f 1911 1700 1661
f 1700 1644 1661
f 1661 1644 1658
f 1901 1737 1733
f 1733 1737 1645
f 1625 1912 1604
f 1604 1912 1731
f 1912 1913 1731
f 1731 1913 1914
f 1913 1577 1914
f 1914 1577 1572
f 1915 1578 1616
f 1616 1578 1618
f 1915 1916 1598
f 1598 1916 1743
f 1916 1574 1743
f 1743 1574 1573
f 1575 1917 1576
f 1576 1917 1597
f 1917 1609 1597
f 1597 1609 1594
f 1608 1611 1729
f 1729 1611 1610
f 1918 1612 1629
f 1629 1612 1630
f 1626 1918 1627
f 1627 1918 1629
f 1920 1921 1919
f 1919 1921 1922
f 1920 1924 1923
f 1923 1924 1925
f 1926 1927 1924
f 1924 1927 1925
f 1929 1930 1928
f 1928 1930 1931
f 1932 1933 1935
f 1935 1933 1934
f 1937 1938 1936
f 1936 1938 1939
f 1941 1942 1940
f 1940 1942 1943
f 1941 1945 1944
f 1944 1945 1946
f 1947 1948 1694
f 1694 1948 1949
f 1950 1951 1953
f 1953 1951 1952
f 1955 1956 1954
f 1954 1956 1589
f 1958 1956 1957
f 1957 1956 1932
f 1960 1934 1959
f 1959 1934 1933
f 1962 1963 1961
f 1961 1963 1964
f 1965 1955 1751
f 1751 1955 1954
f 1935 1930 1932
f 1932 1930 1957
f 1951 1950 1926
f 1926 1950 1929
f 1966 1967 1593
f 1593 1967 1590
f 1969 1967 1968
f 1968 1967 1964
f 1962 1921 1970
f 1970 1921 1971
f 1963 1945 1964
f 1964 1945 1968
f 1972 1948 1922
f 1922 1948 1919
f 1966 1972 1961
f 1961 1972 1922
f 1958 1953 1587
f 1587 1953 1560
f 1974 1975 1973
f 1973 1975 1976
f 1978 1979 1977
f 1977 1979 1691
f 1979 1975 1691
f 1691 1975 1586
f 1938 1942 1939
f 1939 1942 1980
f 1952 1947 1557
f 1557 1947 1694
f 1969 1978 1981
f 1981 1978 1977
f 1983 1984 1982
f 1982 1984 1985
f 1986 1987 1989
f 1989 1987 1988
f 1990 1991 1983
f 1983 1991 1984
f 1990 1993 1992
f 1992 1993 1994
f 1995 1996 1994
f 1994 1996 1997
f 1999 2000 1998
f 1998 2000 2001
f 2003 2004 2002
f 2002 2004 2005
f 2007 2008 2006
f 2006 2008 2009
f 2011 2012 2010
f 2010 2012 2013
f 2014 2015 2017
f 2017 2015 2016
f 2018 2019 2021
f 2021 2019 2020
f 2022 1989 2024
f 2024 1989 2023
f 1989 1988 2023
f 2023 1988 2025
f 2026 2027 2017
f 2017 2027 2014
f 2029 2030 2028
f 2028 2030 2031
f 2033 2034 2032
f 2032 2034 2035
f 2032 2035 2036
f 2036 2035 2037
f 2039 2040 2038
f 2038 2040 2041
f 1982 2042 1983
f 1983 2042 2043
f 2045 2046 2044
f 2044 2046 2047
f 2049 2050 2048
f 2048 2050 2051
f 2053 2054 2052
f 2052 2054 2055
f 2057 2058 2056
f 2056 2058 2059
f 2060 2061 2033
f 2033 2061 2034
f 2063 2064 2062
f 2062 2064 2065
f 2066 2035 2067
f 2067 2035 2034
f 2069 2039 2068
f 2068 2039 2038
f 2025 2070 2023
f 2023 2070 2071
f 2072 2024 2071
f 2071 2024 2023
f 2074 2020 2073
f 2073 2020 2019
f 2050 2049 2047
f 2047 2049 2075
f 1983 2043 1990
f 1990 2043 1993
f 2006 2050 2007
f 2007 2050 2076
f 2050 2006 2051
f 2051 2006 2077
f 2079 2080 2078
f 2078 2080 2081
f 2082 2083 2085
f 2085 2083 2084
f 2010 2013 2086
f 2086 2013 2087
f 2089 2033 2088
f 2088 2033 2032
f 2090 2060 2089
f 2089 2060 2033
f 2092 2093 2091
f 2091 2093 2094
f 2096 1986 2095
f 2095 1986 2097
f 2097 1986 2022
f 2022 1986 1989
f 2015 2094 2016
f 2016 2094 2098
f 2016 2098 2100
f 2100 2098 2099
f 2017 2016 2101
f 2101 2016 2100
f 2017 2101 2026
f 2026 2101 2102
f 2100 2099 2104
f 2104 2099 2103
f 2104 2105 2100
f 2100 2105 2101
f 2105 2106 2101
f 2101 2106 2102
f 2108 2061 2107
f 2107 2061 2109
f 2111 2112 2110
f 2110 2112 2020
f 2020 2074 2110
f 2110 2074 2113
f 2115 2116 2114
f 2114 2116 2117
f 2118 2119 1995
f 1995 2119 2120
f 2121 2122 2027
f 2027 2122 2014
f 2047 2075 2044
f 2044 2075 2123
f 2124 2125 2127
f 2127 2125 2126
f 2129 2130 2128
f 2128 2130 2131
f 2132 2133 2057
f 2057 2133 2058
f 2134 1999 2136
f 2136 1999 2135
f 2055 2138 2137
f 2137 2138 2139
f 2141 2142 2140
f 2140 2142 2143
f 2083 2082 2064
f 2064 2082 2065
f 2082 2144 2065
f 2065 2144 2145
f 2040 2146 2041
f 2041 2146 2147
f 2060 2090 2148
f 2148 2090 2149
f 2048 2051 2137
f 2137 2051 2150
f 2151 1997 2135
f 2135 1997 1996
f 2152 2150 2077
f 2077 2150 2051
f 2046 2045 2118
f 2118 2045 2119
f 2154 2155 2153
f 2153 2155 2156
f 2158 2159 2157
f 2157 2159 2160
f 2162 2163 2161
f 2161 2163 2164
f 2164 2163 2165
f 2165 2163 2166
f 2168 2169 2167
f 2167 2169 2170
f 2003 2172 2171
f 2171 2172 2173
f 2174 2175 2002
f 2002 2175 2176
f 2145 2177 2065
f 2065 2177 2062
f 2178 2179 2180
f 2180 2179 2134
f 2181 2052 2152
f 2152 2052 2150
f 2040 2127 2146
f 2146 2127 2182
f 2130 2162 2131
f 2131 2162 2161
f 2052 2055 2150
f 2150 2055 2137
f 2184 2185 2183
f 2183 2185 2186
f 2159 2030 2160
f 2160 2030 2187
f 2146 2182 2029
f 2029 2182 2188
f 2189 2190 2192
f 2192 2190 2191
f 2172 2003 2176
f 2176 2003 2002
f 1998 2151 1999
f 1999 2151 2135
f 2177 2172 2062
f 2062 2172 2176
f 2172 2177 2173
f 2173 2177 2193
f 2063 2194 2064
f 2064 2194 2195
f 2066 2197 2196
f 2196 2197 2198
f 2002 2005 2174
f 2174 2005 2199
f 2004 2003 2200
f 2200 2003 2171
f 2198 2201 2171
f 2171 2201 2200
f 2197 2202 2198
f 2198 2202 2201
f 2202 2197 2203
f 2203 2197 2204
f 2196 2198 2173
f 2173 2198 2171
f 2205 2069 2170
f 2170 2069 2206
f 2197 2066 2204
f 2204 2066 2067
f 2107 2207 2108
f 2108 2207 2208
f 2210 2208 2209
f 2209 2208 2207
f 2185 2211 2212
f 2213 2214 2211
f 2211 2214 2212
f 1998 2001 2213
f 2213 2001 2214
f 2134 2215 1999
f 1999 2215 2000
f 2216 2217 2219
f 2219 2217 2218
f 2206 2220 2170
f 2170 2220 2167
f 2069 2068 2206
f 2206 2068 2221
f 2151 1998 2222
f 2222 1998 2213
f 2124 2039 2205
f 2205 2039 2069
f 2142 2223 2143
f 2143 2223 2128
f 2203 2186 2202
f 2202 2186 2185
f 2185 2184 2211
f 2211 2184 2224
f 2224 2225 2222
f 2222 2225 2226
f 2071 2227 2072
f 2072 2227 2228
f 2229 2074 2230
f 2230 2074 2073
f 2074 2229 2113
f 2113 2229 2231
f 2232 2225 2227
f 2227 2225 2224
f 2233 2234 2031
f 2031 2234 2028
f 2236 2231 2235
f 2235 2231 2229
f 2230 2183 2229
f 2229 2183 2235
f 2237 1987 2096
f 2096 1987 1986
f 2152 2238 2181
f 2181 2238 2239
f 2080 2240 2081
f 2081 2240 2241
f 2236 2242 1971
f 1971 2242 1970
f 1925 2113 1923
f 1923 2113 2231
f 2110 1927 2111
f 2111 1927 1928
f 2103 2111 1931
f 1931 2111 1928
f 1931 2243 2103
f 2103 2243 2104
f 2105 2104 2244
f 2244 2104 2243
f 1939 1980 2148
f 2148 1980 2109
f 1980 1944 2109
f 2109 1944 2107
f 1946 2245 2207
f 2207 2245 2209
f 2245 1970 2209
f 2209 1970 2242
f 2231 2236 1923
f 1923 2236 1971
f 2113 1925 2110
f 2110 1925 1927
f 2234 2246 2028
f 2028 2246 2147
f 2247 2248 2058
f 2058 2248 2059
f 2114 2117 2249
f 2249 2117 2250
f 2252 2253 2251
f 2251 2253 2254
f 2094 2015 2091
f 2091 2015 2255
f 2256 2255 2014
f 2014 2255 2015
f 2257 2145 2258
f 2258 2145 2144
f 2131 2161 2123
f 2123 2161 2044
f 2045 2044 2164
f 2164 2044 2161
f 2045 2164 2119
f 2119 2164 2165
f 2259 2120 2165
f 2165 2120 2119
f 2260 2261 2259
f 2259 2261 2120
f 2205 2262 2124
f 2124 2262 2125
f 2180 2263 2178
f 2178 2263 2264
f 2265 2266 2092
f 2092 2266 2093
f 1992 2267 2268
f 2184 2228 2224
f 2224 2228 2227
f 2048 2269 2049
f 2049 2269 2141
f 2129 2168 2157
f 2157 2168 2167
f 2049 2141 2075
f 2075 2141 2140
f 2199 2215 2270
f 2270 2215 2271
f 2142 2141 2272
f 2272 2141 2269
f 2089 2026 2090
f 2090 2026 2102
f 2146 2029 2147
f 2147 2029 2028
f 2111 2103 2112
f 2112 2103 2099
f 2061 2060 2109
f 2109 2060 2148
f 2273 2274 2041
f 2041 2274 2038
f 2260 2275 2261
f 2261 2275 2136
f 2057 2138 2132
f 2132 2138 2276
f 2272 2269 2056
f 2056 2269 2139
f 2277 2278 2270
f 2270 2278 2199
f 2029 2188 2030
f 2030 2188 2187
f 2040 2039 2127
f 2127 2039 2124
f 2064 2195 2083
f 2083 2195 2279
f 2056 2139 2057
f 2057 2139 2138
f 2278 2277 2247
f 2247 2277 2248
f 2062 2176 2063
f 2063 2176 2175
f 2280 2210 2242
f 2242 2210 2209
f 2282 2233 2281
f 2281 2233 2031
f 2216 2219 2283
f 2283 2219 2221
f 2158 2220 2218
f 2218 2220 2219
f 2217 2282 2218
f 2218 2282 2281
f 2220 2158 2167
f 2167 2158 2157
f 2223 2264 2128
f 2128 2264 2263
f 2261 1996 2120
f 2120 1996 1995
f 2213 2211 2222
f 2222 2211 2224
f 2283 2221 2284
f 2284 2221 2068
f 2135 1996 2136
f 2136 1996 2261
f 2144 2081 2258
f 2258 2081 2241
f 2235 2280 2236
f 2236 2280 2242
f 2246 2273 2147
f 2147 2273 2041
f 2036 2285 2032
f 2032 2285 2088
f 2077 2286 2152
f 2152 2286 2238
f 1937 1960 1973
f 1973 1960 1959
f 2070 2232 2071
f 2071 2232 2227
f 2244 2287 2105
f 2105 2287 2106
f 1936 1939 2149
f 2149 1939 2148
f 1944 1946 2107
f 2107 1946 2207
f 2285 2121 2088
f 2088 2121 2027
f 2253 2249 2254
f 2254 2249 2250
f 2006 2009 2077
f 2077 2009 2286
f 2289 2086 2288
f 2288 2086 2087
f 2223 2142 2290
f 2290 2142 2272
f 2128 2131 2143
f 2143 2131 2123
f 2156 2291 2153
f 2153 2291 2175
f 2292 2293 2278
f 2278 2293 2294
f 2075 2140 2123
f 2123 2140 2143
f 2262 2169 2275
f 2275 2169 2180
f 2275 2180 2136
f 2136 2180 2134
f 2274 2284 2038
f 2038 2284 2068
f 2127 2126 2182
f 2182 2126 2166
f 2094 2093 2098
f 2098 2093 2021
f 2098 2021 2099
f 2099 2021 2112
f 2018 2021 2266
f 2266 2021 2093
f 2251 2289 2252
f 2252 2289 2288
f 1997 2151 2226
f 2226 2151 2222
f 2206 2221 2220
f 2220 2221 2219
f 2269 2048 2139
f 2139 2048 2137
f 2159 2158 2281
f 2281 2158 2218
f 2156 2155 2190
f 2190 2155 2191
f 1974 1965 1583
f 1583 1965 1751
f 2088 2027 2089
f 2089 2027 2026
f 2030 2159 2031
f 2031 2159 2281
f 2106 2149 2102
f 2102 2149 2090
f 2287 1936 2106
f 2106 1936 2149
f 2293 2154 2294
f 2294 2154 2153
f 2021 2020 2112
f 2247 2295 2278
f 2278 2295 2292
f 2284 2296 2283
f 2283 2296 2297
f 2298 2296 2274
f 2274 2296 2284
f 2273 2299 2274
f 2274 2299 2298
f 2246 2300 2273
f 2273 2300 2299
f 2283 2297 2216
f 2216 2297 2301
f 2216 2301 2217
f 2217 2301 2302
f 2302 2303 2217
f 2217 2303 2282
f 2304 2301 2305
f 2305 2301 2297
f 2307 2308 2306
f 2306 2308 2309
f 2306 2310 2307
f 2307 2310 2311
f 2307 2312 2308
f 2308 2312 2313
f 2314 2315 2312
f 2312 2315 2316
f 2316 2317 2312
f 2312 2317 2313
f 2317 2305 2313
f 2313 2305 2318
f 2314 2312 2311
f 2311 2312 2307
f 2319 2320 2322
f 2322 2320 2321
f 2322 2311 2319
f 2319 2311 2310
f 2313 2318 2308
f 2308 2318 2309
f 2296 2298 2318
f 2318 2298 2309
f 2309 2298 2323
f 2323 2298 2299
f 2306 2309 2324
f 2324 2309 2323
f 2310 2306 2325
f 2325 2306 2324
f 2296 2318 2297
f 2297 2318 2305
f 2319 2310 2326
f 2326 2310 2325
f 2328 2325 2327
f 2327 2325 2324
f 2325 2328 2326
f 2326 2328 2329
f 2331 2328 2330
f 2330 2328 2327
f 2332 2333 2327
f 2327 2333 2330
f 2328 2331 2329
f 2329 2331 2334
f 2324 2323 2327
f 2327 2323 2332
f 2300 2332 2299
f 2299 2332 2323
f 2326 2335 2319
f 2319 2335 2320
f 2305 2317 2336
f 2336 2317 2316
f 2336 2316 2337
f 2337 2316 2315
f 2338 2304 2336
f 2336 2304 2305
f 2337 2339 2336
f 2336 2339 2338
f 2337 2315 2341
f 2341 2315 2340
f 2342 2300 2234
f 2234 2300 2246
f 2303 2343 2282
f 2282 2343 2233
f 2234 2233 2342
f 2342 2233 2343
f 2342 2343 2333
f 2333 2343 2344
f 2333 2344 2330
f 2330 2344 2345
f 2346 2344 2303
f 2303 2344 2343
f 2332 2300 2333
f 2333 2300 2342
f 2347 2346 2302
f 2302 2346 2303
f 2301 2304 2302
f 2302 2304 2347
f 2304 2338 2347
f 2347 2338 2348
f 2348 2349 2347
f 2347 2349 2346
f 2350 2351 2348
f 2348 2351 2349
f 2349 2345 2346
f 2346 2345 2344
f 2345 2349 2352
f 2352 2349 2351
f 2338 2339 2348
f 2348 2339 2350
f 2350 2339 2353
f 2353 2339 2354
f 2356 2357 2355
f 2355 2357 2353
f 2351 2350 2357
f 2357 2350 2353
f 2353 2354 2355
f 2355 2354 2335
f 2320 2335 2341
f 2341 2335 2354
f 2339 2337 2354
f 2354 2337 2341
f 2352 2331 2345
f 2345 2331 2330
f 2356 2334 2352
f 2352 2334 2331
f 2356 2352 2357
f 2357 2352 2351
f 2355 2329 2356
f 2356 2329 2334
f 2335 2326 2355
f 2355 2326 2329
f 2321 2314 2322
f 2322 2314 2311
f 2321 2320 2340
f 2340 2320 2341
f 2315 2314 2340
f 2340 2314 2321
f 2125 2260 2126
f 2126 2260 2259
f 2157 2160 2129
f 2129 2160 2130
f 2188 2163 2187
f 2187 2163 2162
f 2182 2166 2188
f 2188 2166 2163
f 2180 2169 2263
f 2263 2169 2168
f 2160 2187 2130
f 2130 2187 2162
f 2275 2260 2262
f 2262 2260 2125
f 2128 2263 2129
f 2129 2263 2168
f 2262 2205 2169
f 2169 2205 2170
f 2165 2166 2259
f 2259 2166 2126
f 2359 2360 2358
f 2358 2360 2361
f 2363 2364 2362
f 2362 2364 2365
f 2367 2363 2366
f 2366 2363 2362
f 2368 2369 2371
f 2371 2369 2370
f 2372 2373 2248
f 2248 2373 2059
f 2364 2374 2365
f 2365 2374 2375
f 2377 2378 2376
f 2376 2378 2379
f 2290 2380 2223
f 2223 2380 2381
f 2223 2381 2264
f 2264 2381 2382
f 2384 2385 2383
f 2383 2385 2386
f 2364 2371 2374
f 2374 2371 2387
f 2059 2373 2290
f 2290 2373 2380
f 2378 2360 2379
f 2379 2360 2388
f 2374 2387 2359
f 2359 2387 2389
f 2390 2367 2386
f 2386 2367 2391
f 2393 2394 2392
f 2392 2394 2395
f 2386 2391 2383
f 2383 2391 2396
f 2367 2366 2391
f 2391 2366 2397
f 2363 2367 2368
f 2368 2367 2390
f 2398 2399 2361
f 2361 2399 2358
f 2399 2400 2358
f 2358 2400 2375
f 2390 2401 2368
f 2368 2401 2369
f 2372 2384 2376
f 2376 2384 2383
f 2374 2359 2375
f 2375 2359 2358
f 2402 2403 2365
f 2365 2403 2362
f 2359 2389 2360
f 2360 2389 2388
f 2364 2363 2371
f 2371 2363 2368
f 2405 2398 2404
f 2404 2398 2361
f 2392 2395 2406
f 2406 2395 2397
f 2377 2396 2394
f 2394 2396 2395
f 2394 2393 2404
f 2404 2393 2405
f 2396 2377 2383
f 2383 2377 2376
f 2406 2397 2407
f 2407 2397 2366
f 2400 2402 2375
f 2375 2402 2365
f 2385 2270 2401
f 2401 2270 2271
f 2403 2407 2362
f 2362 2407 2366
f 2371 2370 2387
f 2387 2370 2382
f 2391 2397 2396
f 2396 2397 2395
f 2378 2377 2404
f 2404 2377 2394
f 2360 2378 2361
f 2361 2378 2404
f 2407 2408 2406
f 2406 2408 2409
f 2410 2408 2403
f 2403 2408 2407
f 2411 2410 2402
f 2402 2410 2403
f 2412 2411 2400
f 2400 2411 2402
f 2406 2409 2392
f 2392 2409 2413
f 2392 2413 2393
f 2393 2413 2414
f 2415 2405 2414
f 2414 2405 2393
f 2416 2413 2417
f 2417 2413 2409
f 2419 2420 2418
f 2418 2420 2421
f 2420 2422 2421
f 2421 2422 2423
f 2420 2424 2422
f 2422 2424 2425
f 2426 2427 2424
f 2424 2427 2428
f 2428 2429 2424
f 2424 2429 2425
f 2426 2424 2419
f 2419 2424 2420
f 2419 2418 2431
f 2431 2418 2430
f 2425 2432 2422
f 2422 2432 2423
f 2408 2410 2432
f 2432 2410 2423
f 2423 2410 2433
f 2433 2410 2411
f 2421 2423 2434
f 2434 2423 2433
f 2435 2418 2434
f 2434 2418 2421
f 2429 2417 2425
f 2425 2417 2432
f 2408 2432 2409
f 2409 2432 2417
f 2418 2435 2430
f 2430 2435 2436
f 2438 2435 2437
f 2437 2435 2434
f 2435 2438 2436
f 2436 2438 2439
f 2441 2438 2440
f 2440 2438 2437
f 2442 2443 2437
f 2437 2443 2440
f 2439 2438 2444
f 2444 2438 2441
f 2433 2442 2434
f 2434 2442 2437
f 2412 2442 2411
f 2411 2442 2433
f 2436 2445 2430
f 2430 2445 2446
f 2430 2446 2431
f 2431 2446 2447
f 2417 2429 2448
f 2448 2429 2428
f 2427 2449 2428
f 2428 2449 2448
f 2450 2416 2448
f 2448 2416 2417
f 2451 2450 2449
f 2449 2450 2448
f 2427 2452 2449
f 2449 2452 2453
f 2447 2446 2452
f 2452 2446 2453
f 2454 2412 2399
f 2399 2412 2400
f 2415 2455 2405
f 2405 2455 2398
f 2399 2398 2454
f 2454 2398 2455
f 2454 2455 2443
f 2443 2455 2456
f 2443 2456 2440
f 2440 2456 2457
f 2458 2456 2415
f 2415 2456 2455
f 2443 2442 2454
f 2454 2442 2412
f 2459 2458 2414
f 2414 2458 2415
f 2413 2416 2414
f 2414 2416 2459
f 2459 2416 2460
f 2460 2416 2450
f 2460 2461 2459
f 2459 2461 2458
f 2462 2463 2460
f 2460 2463 2461
f 2461 2457 2458
f 2458 2457 2456
f 2457 2461 2464
f 2464 2461 2463
f 2451 2462 2450
f 2450 2462 2460
f 2462 2451 2465
f 2465 2451 2466
f 2468 2469 2467
f 2467 2469 2465
f 2463 2462 2469
f 2469 2462 2465
f 2465 2466 2467
f 2467 2466 2445
f 2446 2445 2453
f 2453 2445 2466
f 2451 2449 2466
f 2466 2449 2453
f 2464 2441 2457
f 2457 2441 2440
f 2468 2444 2464
f 2464 2444 2441
f 2468 2464 2469
f 2469 2464 2463
f 2467 2439 2468
f 2468 2439 2444
f 2445 2436 2467
f 2467 2436 2439
f 2447 2426 2431
f 2431 2426 2419
f 2427 2426 2452
f 2452 2426 2447
f 2369 2179 2370
f 2370 2179 2178
f 2376 2379 2372
f 2372 2379 2373
f 2389 2381 2388
f 2388 2381 2380
f 2387 2382 2389
f 2389 2382 2381
f 2270 2385 2277
f 2277 2385 2384
f 2379 2388 2373
f 2373 2388 2380
f 2401 2271 2369
f 2369 2271 2179
f 2248 2277 2372
f 2372 2277 2384
f 2401 2390 2385
f 2385 2390 2386
f 2264 2382 2178
f 2178 2382 2370
f 2215 2134 2271
f 2271 2134 2179
f 2005 2000 2199
f 2199 2000 2215
f 2004 2001 2005
f 2005 2001 2000
f 2200 2214 2004
f 2004 2214 2001
f 2470 2471 2473
f 2473 2471 2472
f 2475 2476 2474
f 2474 2476 2477
f 2479 2475 2478
f 2478 2475 2474
f 2481 2482 2480
f 2480 2482 2483
f 2476 2484 2477
f 2477 2484 2485
f 2487 2488 2486
f 2486 2488 2489
f 2133 2490 2058
f 2058 2490 2491
f 2058 2491 2247
f 2247 2491 2492
f 2494 2495 2493
f 2493 2495 2496
f 2476 2483 2484
f 2484 2483 2497
f 2472 2498 2488
f 2488 2498 2489
f 2484 2497 2471
f 2471 2497 2499
f 2500 2479 2496
f 2496 2479 2501
f 2502 2503 2505
f 2505 2503 2504
f 2496 2501 2493
f 2493 2501 2506
f 2479 2478 2501
f 2501 2478 2507
f 2475 2479 2480
f 2480 2479 2500
f 2508 2509 2473
f 2473 2509 2470
f 2509 2510 2470
f 2470 2510 2485
f 2511 2481 2500
f 2500 2481 2480
f 2512 2494 2486
f 2486 2494 2493
f 2485 2484 2470
f 2470 2484 2471
f 2513 2514 2477
f 2477 2514 2474
f 2471 2499 2472
f 2472 2499 2498
f 2476 2475 2483
f 2483 2475 2480
f 2516 2508 2515
f 2515 2508 2473
f 2502 2505 2517
f 2517 2505 2507
f 2504 2487 2505
f 2505 2487 2506
f 2503 2516 2504
f 2504 2516 2515
f 2506 2487 2493
f 2493 2487 2486
f 2517 2507 2518
f 2518 2507 2478
f 2510 2513 2485
f 2485 2513 2477
f 2511 2495 2293
f 2293 2495 2154
f 2514 2518 2474
f 2474 2518 2478
f 2483 2482 2497
f 2497 2482 2492
f 2501 2507 2506
f 2506 2507 2505
f 2488 2487 2515
f 2515 2487 2504
f 2472 2488 2473
f 2473 2488 2515
f 2518 2519 2517
f 2517 2519 2520
f 2521 2519 2514
f 2514 2519 2518
f 2522 2521 2513
f 2513 2521 2514
f 2523 2522 2510
f 2510 2522 2513
f 2517 2520 2502
f 2502 2520 2524
f 2502 2524 2503
f 2503 2524 2525
f 2525 2526 2503
f 2503 2526 2516
f 2527 2524 2528
f 2528 2524 2520
f 2530 2531 2529
f 2529 2531 2532
f 2531 2533 2532
f 2532 2533 2534
f 2531 2535 2533
f 2533 2535 2536
f 2537 2538 2535
f 2535 2538 2539
f 2539 2540 2535
f 2535 2540 2536
f 2537 2535 2530
f 2530 2535 2531
f 2529 2541 2530
f 2530 2541 2542
f 2543 2534 2536
f 2536 2534 2533
f 2519 2521 2543
f 2543 2521 2534
f 2534 2521 2544
f 2544 2521 2522
f 2532 2534 2545
f 2545 2534 2544
f 2529 2532 2546
f 2546 2532 2545
f 2536 2540 2543
f 2543 2540 2528
f 2519 2543 2520
f 2520 2543 2528
f 2541 2529 2547
f 2547 2529 2546
f 2548 2549 2545
f 2545 2549 2546
f 2549 2550 2546
f 2546 2550 2547
f 2551 2552 2548
f 2548 2552 2549
f 2548 2553 2551
f 2551 2553 2554
f 2550 2549 2555
f 2555 2549 2552
f 2545 2544 2548
f 2548 2544 2553
f 2523 2553 2522
f 2522 2553 2544
f 2547 2556 2541
f 2541 2556 2557
f 2541 2557 2542
f 2542 2557 2558
f 2528 2540 2559
f 2559 2540 2539
f 2538 2560 2539
f 2539 2560 2559
f 2561 2527 2559
f 2559 2527 2528
f 2560 2562 2559
f 2559 2562 2561
f 2560 2538 2564
f 2564 2538 2563
f 2558 2557 2563
f 2563 2557 2564
f 2565 2523 2509
f 2509 2523 2510
f 2526 2566 2516
f 2516 2566 2508
f 2509 2508 2565
f 2565 2508 2566
f 2565 2566 2554
f 2554 2566 2567
f 2554 2567 2551
f 2551 2567 2568
f 2569 2567 2526
f 2526 2567 2566
f 2553 2523 2554
f 2554 2523 2565
f 2570 2569 2525
f 2525 2569 2526
f 2524 2527 2525
f 2525 2527 2570
f 2527 2561 2570
f 2570 2561 2571
f 2571 2572 2570
f 2570 2572 2569
f 2573 2574 2571
f 2571 2574 2572
f 2572 2568 2569
f 2569 2568 2567
f 2568 2572 2575
f 2575 2572 2574
f 2562 2573 2561
f 2561 2573 2571
f 2573 2562 2576
f 2576 2562 2577
f 2579 2580 2578
f 2578 2580 2576
f 2574 2573 2580
f 2580 2573 2576
f 2576 2577 2578
f 2578 2577 2556
f 2557 2556 2564
f 2564 2556 2577
f 2562 2560 2577
f 2577 2560 2564
f 2575 2552 2568
f 2568 2552 2551
f 2579 2555 2575
f 2575 2555 2552
f 2579 2575 2580
f 2580 2575 2574
f 2550 2555 2578
f 2578 2555 2579
f 2556 2547 2578
f 2578 2547 2550
f 2558 2537 2542
f 2542 2537 2530
f 2538 2537 2563
f 2563 2537 2558
f 2292 2295 2481
f 2481 2295 2482
f 2486 2489 2512
f 2512 2489 2581
f 2499 2491 2498
f 2498 2491 2490
f 2497 2492 2499
f 2499 2492 2491
f 2155 2154 2494
f 2494 2154 2495
f 2581 2489 2490
f 2490 2489 2498
f 2293 2292 2511
f 2511 2292 2481
f 2191 2155 2512
f 2512 2155 2494
f 2500 2496 2511
f 2511 2496 2495
f 2247 2492 2295
f 2295 2492 2482
f 2583 2584 2582
f 2582 2584 2585
f 2587 2588 2586
f 2586 2588 2589
f 2591 2587 2590
f 2590 2587 2586
f 2593 2594 2592
f 2592 2594 2595
f 2596 2597 2599
f 2599 2597 2598
f 2588 2600 2589
f 2589 2600 2601
f 2602 2603 2605
f 2605 2603 2604
f 2606 2607 2609
f 2609 2607 2608
f 2609 2608 2190
f 2190 2608 2610
f 2611 2612 2614
f 2614 2612 2613
f 2600 2588 2615
f 2615 2588 2595
f 2599 2598 2606
f 2606 2598 2607
f 2584 2616 2604
f 2604 2616 2605
f 2600 2615 2583
f 2583 2615 2617
f 2591 2619 2618
f 2618 2619 2614
f 2621 2622 2620
f 2620 2622 2623
f 2619 2624 2614
f 2614 2624 2611
f 2591 2590 2619
f 2619 2590 2625
f 2587 2591 2592
f 2592 2591 2618
f 2626 2627 2585
f 2585 2627 2582
f 2627 2628 2582
f 2582 2628 2601
f 2629 2593 2618
f 2618 2593 2592
f 2602 2597 2611
f 2611 2597 2612
f 2600 2583 2601
f 2601 2583 2582
f 2630 2631 2589
f 2589 2631 2586
f 2583 2617 2584
f 2584 2617 2616
f 2588 2587 2595
f 2595 2587 2592
f 2633 2626 2632
f 2632 2626 2585
f 2620 2623 2634
f 2634 2623 2625
f 2622 2603 2623
f 2623 2603 2624
f 2621 2633 2622
f 2622 2633 2632
f 2611 2624 2602
f 2602 2624 2603
f 2634 2625 2635
f 2635 2625 2590
f 2628 2630 2601
f 2601 2630 2589
f 2613 2195 2629
f 2629 2195 2194
f 2631 2635 2586
f 2586 2635 2590
f 2595 2594 2615
f 2615 2594 2610
f 2619 2625 2624
f 2624 2625 2623
f 2632 2604 2622
f 2622 2604 2603
f 2585 2584 2632
f 2632 2584 2604
f 2635 2636 2634
f 2634 2636 2637
f 2638 2636 2631
f 2631 2636 2635
f 2639 2638 2630
f 2630 2638 2631
f 2640 2639 2628
f 2628 2639 2630
f 2634 2637 2620
f 2620 2637 2641
f 2620 2641 2621
f 2621 2641 2642
f 2642 2643 2621
f 2621 2643 2633
f 2641 2637 2644
f 2644 2637 2645
f 2646 2647 2649
f 2649 2647 2648
f 2648 2650 2649
f 2649 2650 2651
f 2648 2652 2650
f 2650 2652 2653
f 2652 2654 2656
f 2656 2654 2655
f 2656 2657 2652
f 2652 2657 2653
f 2654 2652 2647
f 2647 2652 2648
f 2647 2646 2659
f 2659 2646 2658
f 2660 2651 2653
f 2653 2651 2650
f 2636 2638 2660
f 2660 2638 2651
f 2651 2638 2661
f 2661 2638 2639
f 2651 2661 2649
f 2649 2661 2662
f 2663 2646 2662
f 2662 2646 2649
f 2653 2657 2660
f 2660 2657 2645
f 2636 2660 2637
f 2637 2660 2645
f 2646 2663 2658
f 2658 2663 2664
f 2665 2666 2662
f 2662 2666 2663
f 2666 2667 2663
f 2663 2667 2664
f 2668 2669 2665
f 2665 2669 2666
f 2665 2670 2668
f 2668 2670 2671
f 2667 2666 2672
f 2672 2666 2669
f 2662 2661 2665
f 2665 2661 2670
f 2640 2670 2639
f 2639 2670 2661
f 2673 2674 2664
f 2664 2674 2658
f 2658 2674 2659
f 2659 2674 2675
f 2645 2657 2676
f 2676 2657 2656
f 2677 2676 2655
f 2655 2676 2656
f 2676 2678 2645
f 2645 2678 2644
f 2677 2679 2676
f 2676 2679 2678
f 2655 2680 2677
f 2677 2680 2681
f 2675 2674 2680
f 2680 2674 2681
f 2682 2640 2627
f 2627 2640 2628
f 2643 2683 2633
f 2633 2683 2626
f 2682 2627 2683
f 2683 2627 2626
f 2683 2684 2682
f 2682 2684 2671
f 2684 2685 2671
f 2671 2685 2668
f 2686 2684 2643
f 2643 2684 2683
f 2670 2640 2671
f 2671 2640 2682
f 2687 2686 2642
f 2642 2686 2643
f 2642 2641 2687
f 2687 2641 2644
f 2687 2644 2688
f 2688 2644 2678
f 2688 2689 2687
f 2687 2689 2686
f 2690 2691 2688
f 2688 2691 2689
f 2689 2685 2686
f 2686 2685 2684
f 2685 2689 2692
f 2692 2689 2691
f 2679 2690 2678
f 2678 2690 2688
f 2690 2679 2693
f 2693 2679 2694
f 2696 2697 2695
f 2695 2697 2693
f 2691 2690 2697
f 2697 2690 2693
f 2693 2694 2695
f 2695 2694 2673
f 2674 2673 2681
f 2681 2673 2694
f 2679 2677 2694
f 2694 2677 2681
f 2685 2692 2668
f 2668 2692 2669
f 2696 2672 2692
f 2692 2672 2669
f 2696 2692 2697
f 2697 2692 2691
f 2695 2667 2696
f 2696 2667 2672
f 2673 2664 2695
f 2695 2664 2667
f 2675 2654 2659
f 2659 2654 2647
f 2655 2654 2680
f 2680 2654 2675
f 2291 2156 2593
f 2593 2156 2594
f 2597 2602 2598
f 2598 2602 2605
f 2616 2617 2607
f 2607 2617 2608
f 2615 2610 2617
f 2617 2610 2608
f 2597 2596 2612
f 2612 2596 2698
f 2598 2605 2607
f 2607 2605 2616
f 2194 2291 2629
f 2629 2291 2593
f 2629 2618 2613
f 2613 2618 2614
f 2190 2610 2156
f 2156 2610 2594
f 2700 2010 2699
f 2699 2010 2086
f 2267 2701 2116
f 2116 2701 2702
f 2116 2702 2117
f 2117 2702 2703
f 2704 2705 2250
f 2250 2705 2254
f 2011 2706 2267
f 2267 2706 2701
f 2699 2086 2707
f 2707 2086 2289
f 2010 2700 2011
f 2011 2700 2706
f 2708 2707 2251
f 2251 2707 2289
f 2703 2704 2117
f 2117 2704 2250
f 2705 2708 2254
f 2254 2708 2251
f 2709 2710 2708
f 2708 2710 2707
f 2711 2709 2705
f 2705 2709 2708
f 2712 2711 2704
f 2704 2711 2705
f 2713 2712 2703
f 2703 2712 2704
f 2707 2710 2699
f 2699 2710 2714
f 2699 2714 2700
f 2700 2714 2715
f 2716 2706 2715
f 2715 2706 2700
f 2714 2710 2717
f 2717 2710 2718
f 2720 2721 2719
f 2719 2721 2722
f 2721 2723 2722
f 2722 2723 2724
f 2721 2725 2723
f 2723 2725 2726
f 2727 2728 2725
f 2725 2728 2726
f 2729 2725 2720
f 2720 2725 2721
f 2731 2729 2730
f 2730 2729 2720
f 2719 2732 2720
f 2720 2732 2730
f 2726 2733 2723
f 2723 2733 2724
f 2709 2711 2733
f 2733 2711 2724
f 2724 2711 2734
f 2734 2711 2712
f 2722 2724 2735
f 2735 2724 2734
f 2719 2722 2736
f 2736 2722 2735
f 2726 2728 2733
f 2733 2728 2718
f 2709 2733 2710
f 2710 2733 2718
f 2732 2719 2737
f 2737 2719 2736
f 2738 2739 2735
f 2735 2739 2736
f 2739 2740 2736
f 2736 2740 2737
f 2741 2742 2738
f 2738 2742 2739
f 2738 2743 2741
f 2741 2743 2744
f 2740 2739 2745
f 2745 2739 2742
f 2735 2734 2738
f 2738 2734 2743
f 2713 2743 2712
f 2712 2743 2734
f 2737 2746 2732
f 2732 2746 2747
f 2732 2747 2730
f 2730 2747 2731
f 2718 2728 2748
f 2748 2728 2727
f 2749 2750 2727
f 2727 2750 2748
f 2748 2751 2718
f 2718 2751 2717
f 2750 2752 2748
f 2748 2752 2751
f 2750 2749 2754
f 2754 2749 2753
f 2731 2747 2753
f 2753 2747 2754
f 2727 2725 2749
f 2749 2725 2729
f 2749 2729 2753
f 2753 2729 2731
f 2702 2755 2703
f 2703 2755 2713
f 2706 2716 2701
f 2701 2716 2756
f 2755 2702 2756
f 2756 2702 2701
f 2756 2757 2755
f 2755 2757 2744
f 2757 2758 2744
f 2744 2758 2741
f 2759 2757 2716
f 2716 2757 2756
f 2743 2713 2744
f 2744 2713 2755
f 2760 2759 2715
f 2715 2759 2716
f 2715 2714 2760
f 2760 2714 2717
f 2760 2717 2761
f 2761 2717 2751
f 2761 2762 2760
f 2760 2762 2759
f 2763 2764 2761
f 2761 2764 2762
f 2762 2758 2759
f 2759 2758 2757
f 2758 2762 2765
f 2765 2762 2764
f 2752 2763 2751
f 2751 2763 2761
f 2763 2752 2766
f 2766 2752 2767
f 2768 2769 2766
f 2766 2769 2770
f 2764 2763 2770
f 2770 2763 2766
f 2766 2767 2768
f 2768 2767 2746
f 2747 2746 2754
f 2754 2746 2767
f 2752 2750 2767
f 2767 2750 2754
f 2758 2765 2741
f 2741 2765 2742
f 2769 2745 2765
f 2765 2745 2742
f 2769 2765 2770
f 2770 2765 2764
f 2768 2740 2769
f 2769 2740 2745
f 2746 2737 2768
f 2768 2737 2740
f 2201 2212 2200
f 2200 2212 2214
f 2201 2202 2212
f 2212 2202 2185
f 2512 2581 2191
f 2191 2581 2192
f 2059 2290 2056
f 2056 2290 2272
f 2174 2199 2294
f 2294 2199 2278
f 2063 2175 2194
f 2194 2175 2291
f 2192 2581 2133
f 2133 2581 2490
f 2133 2132 2192
f 2192 2132 2189
f 2054 2276 2055
f 2055 2276 2138
f 2083 2279 2084
f 2084 2279 2771
f 2771 2279 2599
f 2599 2279 2596
f 2606 2772 2599
f 2599 2772 2771
f 2772 2773 2771
f 2771 2773 2084
f 2773 2774 2084
f 2084 2774 2085
f 2085 2775 2082
f 2082 2775 2144
f 2774 2078 2085
f 2085 2078 2775
f 2078 2774 2079
f 2079 2774 2776
f 2774 2773 2776
f 2776 2773 2777
f 2773 2772 2777
f 2777 2772 2778
f 2190 2189 2609
f 2609 2189 2778
f 2053 2052 2779
f 2779 2052 2181
f 2144 2775 2081
f 2081 2775 2078
f 2294 2153 2174
f 2174 2153 2175
f 2132 2276 2189
f 2189 2276 2778
f 2606 2609 2772
f 2772 2609 2778
f 2195 2613 2698
f 2698 2613 2612
f 2596 2279 2698
f 2698 2279 2195
f 2054 2777 2276
f 2276 2777 2778
f 2777 2054 2776
f 2776 2054 2053
f 2053 2779 2776
f 2776 2779 2079
f 2779 2181 2079
f 2079 2181 2080
f 2181 2239 2080
f 2080 2239 2240
f 2122 2256 2014
f 2042 1982 2076
f 2076 1982 2007
f 1982 1985 2007
f 2007 1985 2008
f 2095 2097 2265
f 2265 2097 2266
f 2076 2050 2042
f 2042 2050 2047
f 2046 2043 2047
f 2047 2043 2042
f 2118 1993 2046
f 2046 1993 2043
f 1995 1994 2118
f 2118 1994 1993
f 2267 1992 2011
f 2011 1992 2012
f 1997 2012 1994
f 1994 2012 1992
f 2226 2013 1997
f 1997 2013 2012
f 2225 2087 2226
f 2226 2087 2013
f 2225 2232 2087
f 2087 2232 2288
f 2232 2070 2288
f 2288 2070 2252
f 2070 2025 2252
f 2252 2025 2253
f 1988 2249 2025
f 2025 2249 2253
f 2116 2115 2267
f 2267 2115 2268
f 2096 1984 2237
f 2237 1984 1991
f 2095 1985 2096
f 2096 1985 1984
f 2265 2008 2095
f 2095 2008 1985
f 2092 2009 2265
f 2265 2009 2008
f 2091 2286 2092
f 2092 2286 2009
f 2255 2238 2091
f 2091 2238 2286
f 2256 2239 2255
f 2255 2239 2238
f 2122 2240 2256
f 2256 2240 2239
f 2121 2241 2122
f 2122 2241 2240
f 2022 2018 2097
f 2097 2018 2266
f 2022 2024 2018
f 2018 2024 2019
f 2024 2072 2019
f 2019 2072 2073
f 2072 2228 2073
f 2073 2228 2230
f 2228 2184 2230
f 2230 2184 2183
f 2121 2285 2241
f 2241 2285 2258
f 2285 2036 2258
f 2258 2036 2257
f 2177 2145 2193
f 2193 2145 2257
f 2173 2193 2196
f 2196 2193 2037
f 2036 2037 2257
f 2257 2037 2193
f 2196 2037 2066
f 2066 2037 2035
f 2061 2108 2034
f 2034 2108 2067
f 2108 2208 2067
f 2067 2208 2204
f 2208 2210 2204
f 2204 2210 2203
f 2210 2280 2203
f 2203 2280 2186
f 2183 2186 2235
f 2235 2186 2280
f 1987 2114 1988
f 1988 2114 2249
f 2237 2115 1987
f 1987 2115 2114
f 1991 2268 2237
f 2237 2268 2115
f 1991 1990 2268
f 2268 1990 1992
f 107 110 2781
f 2781 110 2780
f 117 2782 118
f 118 2782 2783
f 119 2784 120
f 120 2784 2785
f 125 2786 126
f 126 2786 2787
f 127 2788 128
f 128 2788 2789
f 127 132 2788
f 2788 132 2790
f 231 230 2792
f 2792 230 2791
f 118 2783 119
f 119 2783 2784
f 241 243 2794
f 2794 243 2793
f 2781 2795 107
f 107 2795 352
f 120 2785 437
f 437 2785 2796
f 126 2787 110
f 110 2787 2780
f 455 2797 456
f 456 2797 2798
f 128 2789 457
f 457 2789 2799
f 456 2798 117
f 117 2798 2782
f 2794 2797 241
f 241 2797 455
f 457 2799 125
f 125 2799 2786
f 132 231 2790
f 2790 231 2792
f 230 437 2791
f 2791 437 2796
f 2792 2789 2790
f 2790 2789 2788
f 2785 2784 2801
f 2801 2784 2800
f 2786 2802 2787
f 2787 2802 2803
f 2792 2791 2805
f 2805 2791 2804
f 2784 2783 2800
f 2800 2783 2806
f 2785 2801 2796
f 2796 2801 2807
f 2787 2803 2780
f 2780 2803 2808
f 2789 2809 2799
f 2799 2809 2810
f 2799 2810 2786
f 2786 2810 2802
f 2791 2796 2804
f 2804 2796 2807
f 2789 2792 2809
f 2809 2792 2805
f 2812 2797 2811
f 2811 2797 2794
f 2809 2805 2810
f 2810 2805 2804
f 2810 2804 2802
f 2802 2804 2807
f 2802 2807 2803
f 2803 2807 2801
f 2808 2803 2800
f 2800 2803 2801
f 2814 699 2813
f 2813 699 698
f 2808 2815 2780
f 2780 2815 2781
f 2817 2782 2816
f 2816 2782 2798
f 2815 2818 2781
f 2781 2818 2795
f 2797 2812 2798
f 2798 2812 2816
f 2783 2782 2806
f 2806 2782 2817
f 2800 2806 2808
f 2808 2806 2815
f 2794 2793 2811
f 2811 2793 2819
f 174 201 384
f 384 201 362
f 200 1766 390
f 390 1766 1777
f 1777 1778 390
f 390 1778 398
f 1778 361 398
f 398 361 222
f 2820 2821 628
f 628 2821 629
f 1406 2820 790
f 790 2820 628
f 794 1415 1233
f 1233 1415 1234
f 1406 790 1407
f 1407 790 1312
f 1407 1312 2822
f 2822 1312 1316
f 2823 1380 1543
f 1543 1380 1379
f 1385 1738 1382
f 1382 1738 1383
f 1381 791 1382
f 1382 791 1386
f 791 794 1386
f 1386 794 1233
f 1259 1390 1260
f 1260 1390 1389
f 1905 1542 1394
f 1394 1542 1395
f 1410 1413 1397
f 1397 1413 1398
f 2821 1410 629
f 629 1410 1397
f 2823 2822 1380
f 1380 2822 1316
f 1392 1395 1378
f 1378 1395 1379
f 1738 1399 1383
f 1383 1399 1398
f 1388 1235 1389
f 1389 1235 1234
f 1393 1391 1394
f 1394 1391 1390
f 1381 1384 779
f 779 1384 780
f 1282 788 792
f 792 788 793
f 1431 1262 1432
f 1432 1262 1261
f 1400 1342 1408
f 1408 1342 1409
f 1508 1544 1411
f 1411 1544 1412
f 788 787 793
f 793 787 1414
f 2821 2820 1429
f 1429 2820 1430
f 2822 2823 1506
f 1506 2823 1507
f 778 1282 779
f 779 1282 792
f 2820 1406 1430
f 1430 1406 1409
f 1410 2821 1411
f 1411 2821 1429
f 1407 2822 1408
f 1408 2822 1506
f 1544 781 1412
f 1412 781 780
f 1260 1415 1261
f 1261 1415 1414
f 1334 2824 923
f 923 2824 924
f 2826 1268 2825
f 2825 1268 1267
f 769 1212 2827
f 2827 1212 2828
f 1492 1190 1266
f 1266 1190 1267
f 1488 2829 1489
f 1489 2829 2830
f 922 1329 923
f 923 1329 1328
f 1484 2831 1485
f 1485 2831 2832
f 1482 2833 1485
f 1485 2833 1486
f 1324 1493 1489
f 1489 1493 1490
f 1265 1491 1266
f 1266 1491 1490
f 2835 2836 2834
f 2834 2836 2837
f 1250 2838 2827
f 2827 2838 2839
f 1488 1491 2840
f 2840 1491 2841
f 1268 2826 2842
f 2842 2826 2843
f 2844 2845 1495
f 1495 2845 1496
f 1427 2847 2846
f 2846 2847 926
f 2829 1488 2848
f 2848 1488 2840
f 1329 922 2849
f 2849 922 927
f 2850 2851 768
f 768 2851 1213
f 1265 1268 2852
f 2852 1268 2842
f 1491 1265 2841
f 2841 1265 2852
f 2854 2855 2853
f 2853 2855 2856
f 2855 2857 2856
f 2856 2857 598
f 2857 2858 598
f 598 2858 595
f 2858 2859 595
f 595 2859 626
f 649 652 2860
f 2860 652 2861
f 639 642 2862
f 2862 642 2863
f 2864 705 2862
f 2862 705 639
f 2865 1418 2864
f 2864 1418 705
f 2866 2867 2865
f 2865 2867 1418
f 1760 1348 1761
f 1761 1348 2867
f 1764 2868 1197
f 1197 2868 1198
f 2869 611 2868
f 2868 611 1198
f 2870 612 2869
f 2869 612 611
f 1352 1350 944
f 944 1350 688
f 1350 1256 688
f 688 1256 685
f 1256 1255 685
f 685 1255 692
f 1255 2871 692
f 692 2871 2872
f 701 2873 698
f 698 2873 2813
f 2872 1349 692
f 692 1349 693
f 1696 1744 1574
f 1574 1744 1575
f 1753 1618 1577
f 1577 1618 1578
f 1729 1594 1608
f 1608 1594 1609
f 1725 1630 1611
f 1611 1630 1612
f 1604 1607 1625
f 1625 1607 1626
f 1624 1703 1625
f 1625 1703 1912
f 1703 1702 1912
f 1912 1702 1913
f 1702 1753 1913
f 1913 1753 1577
f 1598 1569 1915
f 1915 1569 1578
f 1616 1615 1915
f 1915 1615 1916
f 1615 1696 1916
f 1916 1696 1574
f 1744 1745 1575
f 1575 1745 1917
f 1745 1565 1917
f 1917 1565 1609
f 1568 1725 1608
f 1608 1725 1611
f 2874 1613 1918
f 1918 1613 1612
f 1607 2874 1626
f 1626 2874 1918
f 1610 1613 1562
f 1562 1613 1563
f 1547 1550 1570
f 1570 1550 1571
f 1573 1576 1580
f 1580 1576 1581
f 1553 1556 1595
f 1595 1556 1596
f 1556 1582 1596
f 1596 1582 1581
f 1551 1547 1599
f 1599 1547 1570
f 1731 1914 1601
f 1601 1914 1602
f 1686 1689 1605
f 1605 1689 1606
f 1598 1743 1599
f 1599 1743 1692
f 2874 1607 1723
f 1723 1607 1606
f 1727 1553 1730
f 1730 1553 1595
f 1600 1686 1601
f 1601 1686 1605
f 1914 1572 1602
f 1602 1572 1571
f 1579 1693 1580
f 1580 1693 1692
f 1613 2874 1563
f 1563 2874 1723
f 1561 1727 1562
f 1562 1727 1730
f 1949 1742 1548
f 1548 1742 1549
f 1694 1949 1552
f 1552 1949 1548
f 1954 1589 1554
f 1554 1589 1555
f 1693 1579 1558
f 1558 1579 1559
f 1561 1564 1584
f 1584 1564 1585
f 1582 1556 1588
f 1588 1556 1555
f 1600 1603 1591
f 1591 1603 1592
f 1981 1977 1687
f 1687 1977 1688
f 1564 1722 1585
f 1585 1722 1690
f 1551 1693 1552
f 1552 1693 1558
f 1751 1954 1728
f 1728 1954 1554
f 1590 1981 1591
f 1591 1981 1687
f 1603 1550 1592
f 1592 1550 1549
f 1977 1691 1688
f 1688 1691 1690
f 1587 1560 1588
f 1588 1560 1559
f 1727 1561 1728
f 1728 1561 1584
f 2875 1919 1947
f 1947 1919 1948
f 1557 1560 1952
f 1952 1560 1953
f 1933 1932 1955
f 1955 1932 1956
f 1587 1589 1958
f 1958 1589 1956
f 1959 1933 1965
f 1965 1933 1955
f 1961 1964 1966
f 1966 1964 1967
f 1981 1590 1969
f 1969 1590 1967
f 1742 1949 1972
f 1972 1949 1948
f 1593 1742 1966
f 1966 1742 1972
f 1957 1950 1958
f 1958 1950 1953
f 1583 1586 1974
f 1974 1586 1975
f 1940 1943 1978
f 1978 1943 1979
f 1943 1976 1979
f 1979 1976 1975
f 1951 2875 1952
f 1952 2875 1947
f 1968 1940 1969
f 1969 1940 1978
f 1973 1959 1974
f 1974 1959 1965
f 1923 1971 1920
f 1920 1971 1921
f 1919 2875 1920
f 1920 2875 1924
f 2875 1951 1924
f 1924 1951 1926
f 1950 1957 1929
f 1929 1957 1930
f 2244 2243 1934
f 1934 2243 1935
f 1973 1976 1937
f 1937 1976 1938
f 1944 1980 1941
f 1941 1980 1942
f 1940 1968 1941
f 1941 1968 1945
f 2287 2244 1960
f 1960 2244 1934
f 1970 2245 1962
f 1962 2245 1963
f 2243 1931 1935
f 1935 1931 1930
f 1927 1926 1928
f 1928 1926 1929
f 1961 1922 1962
f 1962 1922 1921
f 2245 1946 1963
f 1963 1946 1945
f 1976 1943 1938
f 1938 1943 1942
f 1936 2287 1937
f 1937 2287 1960
f 743 1238 608
f 608 1238 609
f 607 1811 608
f 608 1811 744
f 1304 2876 1305
f 1305 2876 2877
f 586 585 1298
f 1298 585 1299
f 585 702 1299
f 1299 702 1300
f 702 1428 1300
f 1300 1428 1301
f 1238 586 609
f 609 586 1298
f 2878 2879 1218
f 1218 2879 2877
f 2880 2881 1812
f 1812 2881 1819
f 2883 1821 2882
f 2882 1821 1820
f 2840 2841 620
f 620 2841 621
f 2842 2843 795
f 795 2843 796
f 892 895 2844
f 2844 895 2845
f 2848 2840 942
f 942 2840 620
f 2849 927 1202
f 1202 927 1203
f 2852 2842 1270
f 1270 2842 795
f 2841 2852 621
f 621 2852 1270
f 941 1759 942
f 942 1759 2884
f 659 929 1427
f 1427 929 2847
f 1237 2851 751
f 751 2851 2850
f 1216 2885 1217
f 1217 2885 1754
f 2887 734 2886
f 2886 734 733
f 2889 1816 2888
f 2888 1816 1815
f 2890 1245 2889
f 2889 1245 1816
f 1824 2891 1825
f 1825 2891 1246
f 2892 2893 2895
f 2895 2893 2894
f 1854 1833 1851
f 1851 1833 1832
f 1851 1832 1884
f 1884 1832 1876
f 1884 1876 1441
f 1441 1876 1443
f 1441 1443 1442
f 1442 1443 1446
f 1442 1446 2896
f 2896 1446 1507
f 2897 2823 2898
f 2898 2823 1543
f 1542 2899 1543
f 1543 2899 2898
f 1542 1905 2899
f 2899 1905 2900
f 1905 1259 2900
f 2900 1259 2901
f 1262 1431 2902
f 2902 1431 1904
f 1431 1434 1904
f 1904 1434 1902
f 1902 1434 2903
f 2903 1434 719
f 2903 719 2904
f 2904 719 718
f 1869 1881 718
f 718 1881 2904
f 1881 1869 1880
f 1880 1869 756
f 1880 756 2905
f 2905 756 755
f 2905 755 2906
f 2906 755 758
f 762 2907 763
f 763 2907 2908
f 724 723 2909
f 2909 723 894
f 796 895 723
f 723 895 894
f 2843 2845 796
f 796 2845 895
f 2826 1496 2843
f 2843 1496 2845
f 2825 1497 2826
f 2826 1497 1496
f 1189 2836 2825
f 2825 2836 1497
f 797 891 798
f 798 891 2837
f 802 888 797
f 797 888 891
f 2910 2911 2913
f 2913 2911 2912
f 1780 1783 2915
f 2915 1783 2914
f 2916 2917 831
f 831 2917 832
f 2918 2919 845
f 845 2919 846
f 2920 2916 847
f 847 2916 831
f 2921 2922 857
f 857 2922 858
f 2923 2924 860
f 860 2924 861
f 2919 2912 846
f 846 2912 887
f 2925 2920 940
f 940 2920 847
f 2924 2926 861
f 861 2926 1204
f 2917 2918 832
f 832 2918 845
f 2927 2928 1449
f 1449 2928 1450
f 2929 2930 889
f 889 2930 2931
f 2896 1507 2897
f 2897 1507 2823
f 2902 2901 1262
f 1262 2901 1259
f 2932 2933 750
f 750 2933 1236
f 2933 2934 1236
f 1236 2934 1835
f 2936 2937 2935
f 2935 2937 2938
f 2940 2941 2939
f 2939 2941 2942
f 2943 2944 1841
f 1841 2944 1842
f 2945 1860 2944
f 2944 1860 1842
f 2945 2946 1860
f 1860 2946 1859
f 1889 2947 1890
f 1890 2947 1856
f 1856 2947 1857
f 1857 2947 2948
f 2950 709 2949
f 2949 709 1829
f 2952 730 2951
f 2951 730 729
f 2866 2953 2867
f 2867 2953 1761
f 2953 2954 1761
f 1761 2954 1420
f 2954 2955 1420
f 1420 2955 742
f 2955 2956 742
f 742 2956 739
f 2956 2957 739
f 739 2957 760
f 2957 2958 760
f 760 2958 761
f 2958 2959 761
f 761 2959 2960
f 2959 2961 2960
f 2960 2961 2962
f 2963 2964 1839
f 1839 2964 1840
f 2964 2965 1840
f 1840 2965 2942
f 2966 2950 2939
f 2939 2950 2949
f 2935 2967 2936
f 2936 2967 2968
f 2969 2970 736
f 736 2970 735
f 734 2887 1815
f 1815 2887 2888
f 2887 2882 2888
f 2888 2882 2881
f 1819 1820 1817
f 1817 1820 748
f 1195 1757 1197
f 1197 1757 1424
f 1757 647 1424
f 1424 647 646
f 647 648 646
f 646 648 643
f 648 1271 643
f 643 1271 737
f 1271 725 737
f 737 725 765
f 725 724 765
f 765 724 762
f 762 724 2907
f 2907 724 2909
f 1254 1437 2909
f 2909 1437 2907
f 1438 1253 1836
f 1836 1253 1835
f 1836 1835 2938
f 2938 1835 2934
f 2971 2972 2935
f 2935 2972 2967
f 897 896 2969
f 2969 896 2970
f 1815 1814 734
f 734 1814 731
f 728 1215 896
f 896 1215 732
f 2885 1216 733
f 733 1216 2886
f 1216 1219 2886
f 2886 1219 2883
f 2876 1304 1821
f 1821 1304 749
f 1304 1303 749
f 749 1303 746
f 1818 2973 1817
f 1817 2973 1810
f 747 2974 1818
f 1818 2974 2973
f 747 746 2974
f 2974 746 1303
f 2976 2977 2975
f 2975 2977 2978
f 2976 2979 2901
f 2901 2979 2900
f 2980 2981 2982
f 2982 2981 2979
f 2981 2980 2983
f 2983 2980 2984
f 2985 2897 2983
f 2983 2897 2898
f 2987 2988 2986
f 2986 2988 2985
f 2896 2988 1442
f 1442 2988 1439
f 1903 2977 1904
f 1904 2977 2902
f 1856 1855 1890
f 1890 1855 2989
f 2989 2990 1890
f 1890 2990 1359
f 2990 2991 1359
f 1359 2991 1356
f 2946 2992 1859
f 1859 2992 1893
f 2992 2993 1893
f 1893 2993 775
f 2993 2994 775
f 775 2994 776
f 2986 1356 2987
f 2987 1356 2991
f 2975 2978 776
f 776 2978 777
f 2982 2994 2980
f 2980 2994 2995
f 1357 2984 2995
f 2995 2984 2980
f 2995 2996 1357
f 1357 2996 1358
f 2996 2997 1358
f 1358 2997 1889
f 2998 2999 2932
f 2932 2999 2933
f 2999 2971 2933
f 2933 2971 2934
f 1837 1836 2937
f 2937 1836 2938
f 2943 1841 2941
f 2941 1841 1838
f 3001 2944 3000
f 3000 2944 2943
f 3001 3002 2944
f 2944 3002 2945
f 3002 3003 2945
f 2945 3003 2946
f 2997 3003 1889
f 1889 3003 2947
f 2947 3003 2948
f 2948 3003 3002
f 3001 3004 3002
f 3002 3004 2948
f 3000 3005 3001
f 3001 3005 3004
f 2940 3006 3000
f 3000 3006 3005
f 2999 3007 2971
f 2971 3007 2972
f 2998 2951 2999
f 2999 2951 3007
f 3008 2952 2998
f 2998 2952 2951
f 2966 2965 2936
f 2936 2965 2937
f 2935 2938 2971
f 2971 2938 2934
f 3003 2997 2946
f 2946 2997 2992
f 2997 2996 2992
f 2992 2996 2993
f 2996 2995 2993
f 2993 2995 2994
f 1356 2986 1357
f 1357 2986 2984
f 2982 2975 2994
f 2994 2975 776
f 1844 1843 1899
f 1899 1843 3009
f 1843 638 3009
f 3009 638 3010
f 638 637 3010
f 3010 637 3011
f 637 1830 3011
f 3011 1830 3012
f 1830 1833 3012
f 3012 1833 2894
f 1833 1854 2894
f 2894 1854 2895
f 1854 1853 2895
f 2895 1853 1888
f 1858 1857 1885
f 1885 1857 1892
f 1899 3009 1898
f 1898 3009 1874
f 3009 3010 1874
f 1874 3010 1865
f 3010 3011 1865
f 1865 3011 1862
f 3011 3012 1862
f 1862 3012 1882
f 3012 2894 1882
f 1882 2894 2893
f 1850 2890 782
f 782 2890 2889
f 783 2880 1811
f 1811 2880 1812
f 744 1810 745
f 745 1810 2973
f 745 2973 805
f 805 2973 806
f 2973 2974 806
f 806 2974 815
f 1303 812 2974
f 2974 812 815
f 1303 1302 812
f 812 1302 1221
f 1307 3013 1302
f 1302 3013 1221
f 1734 3014 1633
f 1633 3014 1634
f 1646 1649 1636
f 1636 1649 1637
f 1654 1657 1641
f 1641 1657 1642
f 1639 1736 1636
f 1636 1736 1684
f 1716 1713 1698
f 1698 1713 1699
f 1718 1721 1705
f 1705 1721 1706
f 1653 1654 1709
f 1709 1654 1641
f 1620 1623 1714
f 1714 1623 1699
f 1712 1682 1714
f 1714 1682 1740
f 1668 1671 1746
f 1746 1671 1747
f 1752 1650 1749
f 1749 1650 1750
f 1750 1650 1709
f 1709 1650 1653
f 1632 1668 1633
f 1633 1668 1746
f 1649 1752 1637
f 1637 1752 1749
f 1682 1643 1740
f 1740 1643 1642
f 3014 1685 1634
f 1634 1685 1684
f 1704 1748 1705
f 1705 1748 1747
f 1697 1707 1698
f 1698 1707 1706
f 1739 1701 1621
f 1621 1701 1622
f 1567 1566 1647
f 1647 1566 1648
f 1664 1695 1651
f 1651 1695 1652
f 1614 1617 1655
f 1655 1617 1656
f 1704 1707 1659
f 1659 1707 1660
f 3014 1734 1662
f 1662 1734 1663
f 1650 1752 1651
f 1651 1752 1665
f 1741 1657 1667
f 1667 1657 1656
f 1695 1614 1652
f 1652 1614 1655
f 1724 1567 1726
f 1726 1567 1647
f 1645 1628 1733
f 1733 1628 1663
f 1685 3014 1726
f 1726 3014 1662
f 1620 1741 1621
f 1621 1741 1667
f 1566 1666 1648
f 1648 1666 1665
f 1658 1737 1659
f 1659 1737 1901
f 1911 1661 1910
f 1910 1661 1660
f 1701 1911 1622
f 1622 1911 1910
f 1732 1748 1733
f 1733 1748 1901
f 1857 2948 1892
f 1892 2948 3004
f 1892 3004 1891
f 1891 3004 3005
f 1828 3006 1829
f 1829 3006 2949
f 2967 736 2968
f 2968 736 710
f 2972 2969 2967
f 2967 2969 736
f 2969 2972 897
f 897 2972 3007
f 897 3007 729
f 729 3007 2951
f 3016 753 3015
f 3015 753 752
f 3018 767 3017
f 3017 767 766
f 3019 3020 1249
f 1249 3020 3021
f 2915 2914 3019
f 3019 2914 3020
f 3023 2914 3022
f 3022 2914 1783
f 2827 2839 769
f 769 2839 766
f 3025 2838 3024
f 3024 2838 3021
f 768 767 2850
f 2850 767 3026
f 2850 3026 751
f 751 3026 752
f 750 753 2932
f 2932 753 3027
f 3008 2998 3027
f 3027 2998 2932
f 3028 3029 3008
f 3008 3029 2952
f 3029 3030 2952
f 2952 3030 730
f 3032 3033 3031
f 3031 3033 3034
f 3036 3037 3035
f 3035 3037 3038
f 2870 3039 612
f 612 3039 3040
f 3041 3042 3031
f 3031 3042 3038
f 3034 1352 3043
f 3043 1352 944
f 612 3040 613
f 613 3040 3044
f 613 3044 1425
f 1425 3044 1422
f 3045 3042 669
f 669 3042 670
f 3041 3043 599
f 599 3043 600
f 772 771 1544
f 1544 771 781
f 1503 771 1866
f 1866 771 770
f 771 1503 781
f 781 1503 778
f 61 281 416
f 416 281 1907
f 283 103 3046
f 3046 103 3047
f 76 79 3048
f 3048 79 3049
f 280 76 1906
f 1906 76 3048
f 3051 335 3050
f 3050 335 334
f 3053 417 3052
f 3052 417 416
f 3055 435 3054
f 3054 435 434
f 428 435 419
f 419 435 1908
f 420 1909 293
f 293 1909 443
f 79 294 3049
f 3049 294 444
f 3057 444 3056
f 3056 444 443
f 3051 3058 335
f 335 3058 452
f 216 215 1332
f 1332 215 452
f 308 283 462
f 462 283 3046
f 3050 334 3059
f 3059 334 462
f 103 62 3047
f 3047 62 417
f 313 312 434
f 434 312 463
f 3061 574 3060
f 3060 574 573
f 1310 3062 1428
f 1428 3062 3063
f 1258 3064 1255
f 1255 3064 2871
f 932 3065 2853
f 2853 3065 3066
f 699 2814 931
f 931 2814 3067
f 3068 1301 3063
f 3063 1301 1428
f 571 574 1310
f 1310 574 3062
f 3060 573 3069
f 3069 573 1332
f 3070 3071 1906
f 1906 3071 1907
f 3072 3073 1908
f 1908 3073 1909
f 3075 2814 3074
f 3074 2814 2813
f 2854 3076 1258
f 1258 3076 3064
f 2871 3077 2872
f 2872 3077 3078
f 3074 2813 3079
f 3079 2813 2873
f 2872 3078 1349
f 1349 3078 3080
f 2873 701 3068
f 3068 701 1301
f 1330 1201 3080
f 3080 1201 1349
f 1264 1263 3081
f 3081 1263 3082
f 3083 3084 3082
f 3082 3084 3081
f 811 1448 3086
f 3086 1448 3085
f 808 811 3087
f 3087 811 3086
f 3088 3083 833
f 833 3083 3082
f 884 3089 885
f 885 3089 3090
f 3087 1790 808
f 808 1790 816
f 1790 3087 1787
f 1787 3087 3091
f 3092 3091 3086
f 3086 3091 3087
f 3093 3094 3084
f 3084 3094 3095
f 3089 3096 3090
f 3090 3096 3088
f 3097 3093 3083
f 3083 3093 3084
f 3099 3100 3098
f 3098 3100 1786
f 3101 1788 2913
f 2913 1788 3102
f 838 837 885
f 885 837 886
f 886 837 3103
f 3103 837 1541
f 3094 3093 3104
f 3104 3093 3097
f 3105 3106 3089
f 3089 3106 3096
f 3108 3109 3107
f 3107 3109 3110
f 3111 3112 3091
f 3091 3112 1787
f 3114 3108 3113
f 3113 3108 3107
f 3114 3115 3112
f 3112 3115 3102
f 3091 3092 3111
f 3111 3092 3116
f 839 838 835
f 835 838 836
f 885 3090 838
f 838 3090 836
f 3110 3117 1247
f 1247 3117 3118
f 1247 3118 1248
f 1248 3118 3119
f 3120 3121 3119
f 3119 3121 1248
f 1247 844 3110
f 3110 844 3107
f 844 843 3107
f 3107 843 3113
f 843 3099 3113
f 3113 3099 3122
f 1781 3123 3098
f 3098 3123 3124
f 2915 2931 1780
f 1780 2931 2930
f 3019 3125 2915
f 2915 3125 2931
f 890 3125 2834
f 2834 3125 1252
f 3125 3019 1252
f 1252 3019 1249
f 907 908 946
f 946 908 947
f 1185 1188 1369
f 1369 1188 948
f 954 957 951
f 951 957 952
f 910 965 953
f 953 965 950
f 905 958 960
f 960 958 961
f 3126 978 949
f 949 978 962
f 936 935 967
f 967 935 968
f 994 993 969
f 969 993 966
f 902 904 971
f 971 904 972
f 983 985 973
f 973 985 970
f 906 905 974
f 974 905 960
f 977 981 959
f 959 981 975
f 911 910 1143
f 1143 910 953
f 952 957 1142
f 1142 957 1145
f 911 1143 1366
f 1366 1143 1368
f 1185 1369 1145
f 1145 1369 1142
f 993 1519 966
f 966 1519 1456
f 965 1454 950
f 950 1454 1457
f 900 899 1459
f 1459 899 1460
f 988 991 1461
f 1461 991 1458
f 899 963 1460
f 1460 963 1462
f 985 987 970
f 970 987 1463
f 904 906 972
f 972 906 974
f 981 983 975
f 975 983 973
f 935 900 968
f 968 900 1459
f 991 994 1458
f 1458 994 969
f 1154 1526 1088
f 1088 1526 1089
f 1109 1112 1092
f 1092 1112 1093
f 1083 1098 1084
f 1084 1098 1097
f 1078 1471 1100
f 1100 1471 1101
f 1075 1078 1104
f 1104 1078 1100
f 1152 1154 1156
f 1156 1154 1088
f 1156 1155 1372
f 1372 1155 1373
f 1372 1373 1104
f 1104 1373 1075
f 1467 1109 1465
f 1465 1109 1092
f 1465 1182 1468
f 1468 1182 1184
f 1474 1470 1096
f 1096 1470 1097
f 1102 1101 1083
f 1083 1101 1098
f 1112 1531 1093
f 1093 1531 1529
f 1102 1073 1099
f 1099 1073 1072
f 1526 1154 1079
f 1079 1154 1080
f 1081 1091 1082
f 1082 1091 1094
f 1069 1068 1085
f 1085 1068 1086
f 1153 1151 1080
f 1080 1151 1058
f 1371 1177 1179
f 1179 1177 1176
f 1099 1072 1103
f 1103 1072 1176
f 1068 1071 1086
f 1086 1071 1073
f 1085 1084 1180
f 1180 1084 1469
f 1066 1065 1183
f 1183 1065 1181
f 1153 1152 1177
f 1177 1152 1178
f 1091 1081 1182
f 1182 1081 1183
f 1057 1525 1079
f 1079 1525 1527
f 1120 1117 1076
f 1076 1117 1077
f 1087 1090 1107
f 1107 1090 1108
f 1127 1126 1110
f 1110 1126 1111
f 1095 1116 1096
f 1096 1116 1115
f 1471 1078 1119
f 1119 1078 1077
f 1087 1107 1155
f 1155 1107 1158
f 1376 1374 1157
f 1157 1374 1158
f 1076 1075 1374
f 1374 1075 1373
f 1109 1467 1110
f 1110 1467 1472
f 1467 1466 1472
f 1472 1466 1473
f 1135 1475 1114
f 1114 1475 1115
f 1471 1119 1095
f 1095 1119 1116
f 1126 1532 1111
f 1111 1532 1530
f 914 1276 1480
f 1480 1276 1517
f 3127 3128 1223
f 1223 3128 1224
f 824 933 1455
f 1455 933 3129
f 3131 1448 3130
f 3130 1448 1447
f 3132 3133 1452
f 1452 3133 1453
f 3130 1447 1322
f 1322 1447 1455
f 933 1514 3129
f 3129 1514 3134
f 1161 3135 1480
f 1480 3135 1481
f 3128 3136 1224
f 1224 3136 1499
f 3133 1162 1453
f 1453 1162 1517
f 1515 3127 1535
f 1535 3127 1223
f 3095 3085 3131
f 3131 3085 1448
f 3137 3092 3085
f 3085 3092 3086
f 3138 3116 3137
f 3137 3116 3092
f 3110 3109 3117
f 3117 3109 3139
f 3105 3140 3117
f 3117 3140 3118
f 3140 3141 3118
f 3118 3141 3119
f 3142 3120 3141
f 3141 3120 3119
f 1498 3143 1277
f 1277 3143 882
f 3144 3145 1340
f 1340 3145 1339
f 1340 3146 3144
f 3144 3146 3147
f 3145 3144 3143
f 3143 3144 3148
f 871 901 872
f 872 901 1362
f 3149 3148 3147
f 3147 3148 3144
f 1208 3150 1209
f 3098 1786 1781
f 1781 1786 1782
f 2930 2929 3123
f 3123 2929 2911
f 1794 1791 2916
f 2916 1791 2917
f 1793 3101 2918
f 2918 3101 2919
f 1796 1794 2920
f 2920 1794 2916
f 3151 3152 2921
f 2921 3152 2922
f 3153 3154 2923
f 2923 3154 2924
f 2919 3101 2912
f 2912 3101 2913
f 3155 1796 2925
f 2925 1796 2920
f 3154 3156 2924
f 2924 3156 2926
f 1791 1793 2917
f 2917 1793 2918
f 3157 3158 2927
f 2927 3158 2928
f 1780 2930 1781
f 1781 2930 3123
f 2825 1267 1189
f 1189 1267 1190
f 2827 2828 1250
f 1250 2828 1251
f 1489 2830 1324
f 1324 2830 1325
f 923 1328 1334
f 1334 1328 1335
f 1485 2832 1482
f 1482 2832 1483
f 1266 1490 1492
f 1492 1490 1493
f 1333 1346 1334
f 1334 1346 2824
f 722 799 1492
f 1492 799 1190
f 664 657 1482
f 1482 657 2833
f 631 634 1324
f 1324 634 1493
f 2828 1494 1251
f 1251 1494 2835
f 1249 3021 1250
f 1250 3021 2838
f 798 2837 1189
f 1189 2837 2836
f 3100 842 3160
f 3160 842 3159
f 1788 3101 1789
f 1789 3101 1793
f 1792 816 1789
f 1789 816 1790
f 817 816 1795
f 1795 816 1792
f 938 817 1797
f 1797 817 1795
f 1796 3155 1797
f 1797 3155 1798
f 3155 3158 1798
f 1798 3158 1799
f 3157 3152 1801
f 1801 3152 1802
f 3151 3156 1803
f 1803 3156 1804
f 3154 3153 1805
f 1805 3153 1806
f 3153 3161 1806
f 1806 3161 1807
f 3099 843 3100
f 3100 843 842
f 1788 1787 3102
f 3102 1787 3112
f 2910 3115 3124
f 3124 3115 3122
f 3099 3098 3122
f 3122 3098 3124
f 416 1907 3052
f 3052 1907 3071
f 3046 3047 3163
f 3163 3047 3162
f 249 445 259
f 259 445 3164
f 425 3165 424
f 424 3165 461
f 408 410 329
f 329 410 330
f 39 331 40
f 40 331 332
f 305 304 423
f 423 304 464
f 385 254 458
f 458 254 392
f 250 415 251
f 251 415 412
f 233 337 234
f 234 337 3166
f 435 3055 1908
f 1908 3055 3072
f 443 1909 3056
f 3056 1909 3073
f 3167 3049 3057
f 3057 3049 444
f 452 3058 1332
f 1332 3058 3069
f 234 3166 346
f 346 3166 411
f 3046 3163 462
f 462 3163 3059
f 259 3164 260
f 260 3164 336
f 3047 417 3162
f 3162 417 3053
f 463 3168 434
f 434 3168 3054
f 454 830 425
f 425 830 3165
f 3062 3169 3063
f 3063 3169 3170
f 1355 1354 1534
f 1534 1354 3171
f 3063 3170 3068
f 3068 3170 3172
f 574 3061 3062
f 3062 3061 3169
f 1534 3171 1535
f 1535 3171 3173
f 3079 2873 3172
f 3172 2873 3068
f 2838 3025 2839
f 2839 3025 3174
f 3176 3177 3175
f 3175 3177 3178
f 3180 1125 3179
f 3179 1125 1128
f 3182 3183 3181
f 3181 3183 3184
f 1134 3185 1130
f 1130 3185 3182
f 3186 3187 3189
f 3189 3187 3188
f 3191 3189 3190
f 3190 3189 3188
f 1137 1122 3190
f 3190 1122 3192
f 3175 3178 3193
f 3193 3178 3194
f 3181 3184 3179
f 3179 3184 3195
f 3197 3198 3196
f 3196 3198 3180
f 3200 3178 3199
f 3199 3178 3177
f 3202 3196 3201
f 3201 3196 3195
f 3204 3184 3203
f 3203 3184 3183
f 3206 3207 3205
f 3205 3207 3186
f 3205 3186 3208
f 3208 3186 3189
f 3209 3208 3191
f 3191 3208 3189
f 3210 3194 3200
f 3200 3194 3178
f 3201 3195 3204
f 3204 3195 3184
f 3197 3211 3177
f 3177 3211 3199
f 3213 3214 3212
f 3212 3214 3215
f 3217 3218 3216
f 3216 3218 3219
f 3221 3222 3220
f 3220 3222 3223
f 3225 3226 3224
f 3224 3226 3227
f 3229 3230 3228
f 3228 3230 3231
f 3233 3234 3232
f 3232 3234 3235
f 3237 3238 3236
f 3236 3238 3239
f 3238 3240 3239
f 3239 3240 3241
f 3232 3235 3242
f 3242 3235 3243
f 3245 3246 3244
f 3244 3246 3247
f 3248 3249 3245
f 3245 3249 3246
f 3251 3252 3250
f 3250 3252 3253
f 3255 3252 3254
f 3254 3252 3251
f 3256 3257 3259
f 3259 3257 3258
f 3261 3262 3260
f 3260 3262 3263
f 3265 3263 3264
f 3264 3263 3262
f 3256 3259 3266
f 3266 3259 3267
f 3269 3270 3268
f 3268 3270 3271
f 3269 3272 3270
f 3270 3272 3273
f 3274 3275 3277
f 3277 3275 3276
f 3278 3279 3276
f 3276 3279 3277
f 3281 3282 3280
f 3280 3282 3283
f 3280 3284 3281
f 3281 3284 3285
f 3287 3288 3286
f 3286 3288 3289
f 3290 3291 3288
f 3288 3291 3289
f 3234 3218 3235
f 3235 3218 3217
f 3232 3292 3233
f 3233 3292 3293
f 3239 3294 3236
f 3236 3294 3219
f 3233 3293 3237
f 3237 3293 3295
f 3296 3294 3241
f 3241 3294 3239
f 3240 3238 3297
f 3297 3238 3298
f 3217 3216 3235
f 3235 3216 3243
f 3297 3299 3240
f 3240 3299 3242
f 3246 3300 3247
f 3247 3300 3223
f 3301 3302 3254
f 3254 3302 3244
f 3249 3303 3246
f 3246 3303 3300
f 3245 3304 3248
f 3248 3304 3292
f 3252 3221 3253
f 3253 3221 3220
f 3250 3248 3299
f 3299 3248 3292
f 3222 3221 3255
f 3255 3221 3252
f 3297 3301 3251
f 3251 3301 3254
f 3258 3214 3259
f 3259 3214 3213
f 3257 3256 3304
f 3304 3256 3305
f 3263 3306 3260
f 3260 3306 3215
f 3261 3257 3302
f 3302 3257 3304
f 3307 3306 3265
f 3265 3306 3263
f 3262 3301 3264
f 3264 3301 3308
f 3259 3213 3267
f 3267 3213 3212
f 3308 3309 3264
f 3264 3309 3266
f 3270 3310 3271
f 3271 3310 3231
f 3311 3312 3278
f 3278 3312 3268
f 3270 3273 3310
f 3310 3273 3313
f 3272 3269 3305
f 3305 3269 3314
f 3277 3229 3274
f 3274 3229 3228
f 3275 3272 3309
f 3309 3272 3305
f 3279 3230 3277
f 3277 3230 3229
f 3276 3308 3278
f 3278 3308 3311
f 3281 3315 3282
f 3282 3315 3227
f 3290 3316 3283
f 3283 3316 3317
f 3281 3285 3315
f 3315 3285 3318
f 3284 3280 3314
f 3314 3280 3319
f 3289 3225 3286
f 3286 3225 3224
f 3287 3284 3312
f 3284 3314 3312
f 3291 3226 3289
f 3289 3226 3225
f 3288 3311 3290
f 3290 3311 3316
f 3212 3215 3307
f 3307 3215 3306
f 3294 3296 3219
f 3219 3296 3216
f 3303 3220 3300
f 3300 3220 3223
f 3224 3227 3318
f 3318 3227 3315
f 3228 3231 3313
f 3313 3231 3310
f 3234 3233 3236
f 3236 3233 3237
f 3243 3241 3242
f 3242 3241 3240
f 3247 3255 3244
f 3244 3255 3254
f 3253 3249 3250
f 3250 3249 3248
f 3260 3258 3261
f 3261 3258 3257
f 3266 3267 3264
f 3264 3267 3265
f 3268 3271 3278
f 3278 3271 3279
f 3274 3273 3275
f 3275 3273 3272
f 3283 3282 3290
f 3290 3282 3291
f 3286 3285 3287
f 3287 3285 3284
f 3218 3234 3219
f 3219 3234 3236
f 3295 3298 3237
f 3237 3298 3238
f 3216 3296 3243
f 3243 3296 3241
f 3242 3299 3232
f 3232 3299 3292
f 3223 3222 3247
f 3247 3222 3255
f 3244 3302 3245
f 3245 3302 3304
f 3303 3249 3220
f 3220 3249 3253
f 3297 3251 3299
f 3299 3251 3250
f 3215 3214 3260
f 3260 3214 3258
f 3301 3262 3302
f 3302 3262 3261
f 3212 3307 3267
f 3267 3307 3265
f 3266 3309 3256
f 3256 3309 3305
f 3271 3231 3279
f 3279 3231 3230
f 3268 3312 3269
f 3269 3312 3314
f 3228 3313 3274
f 3274 3313 3273
f 3308 3276 3309
f 3309 3276 3275
f 3282 3227 3291
f 3291 3227 3226
f 3317 3319 3283
f 3283 3319 3280
f 3224 3318 3286
f 3286 3318 3285
f 3312 3311 3287
f 3311 3288 3287
f 3320 3321 3194
f 3194 3321 3193
f 1375 3321 1121
f 1121 3321 3322
f 3323 3324 3322
f 3322 3324 3192
f 3175 1124 3176
f 3176 1124 1123
f 3179 3195 3180
f 3180 3195 3196
f 3181 1131 3182
f 3182 1131 1130
f 3207 3185 3186
f 3186 3185 3187
f 1136 3188 1133
f 1133 3188 3187
f 3190 3188 1137
f 1137 3188 1136
f 3193 1159 3175
f 3175 1159 1124
f 3179 1128 3181
f 3181 1128 1131
f 1533 3198 1123
f 1123 3198 3176
f 3321 1375 3193
f 3193 1375 1159
f 3321 3320 3322
f 3322 3320 3323
f 1122 1121 3192
f 3192 1121 3322
f 3194 3210 3320
f 3320 3210 3325
f 3324 3323 3327
f 3327 3323 3326
f 3320 3325 3323
f 3323 3325 3326
f 3208 3328 3205
f 3205 3328 3329
f 3330 3206 3329
f 3329 3206 3205
f 3203 3331 3204
f 3204 3331 3332
f 3210 3333 3325
f 3325 3333 3334
f 3325 3334 3326
f 3326 3334 3335
f 3327 3326 3336
f 3336 3326 3335
f 3327 3209 3324
f 3324 3209 3191
f 3190 3192 3191
f 3191 3192 3324
f 3338 3339 3337
f 3337 3339 3340
f 3338 3341 3339
f 3339 3341 3342
f 3341 3343 3342
f 3342 3343 3344
f 3343 3345 3344
f 3344 3345 3346
f 3345 3347 3346
f 3346 3347 3348
f 3347 3349 3348
f 3348 3349 3350
f 3337 3340 3351
f 3351 3340 3352
f 3351 3352 3353
f 3353 3352 3354
f 3353 3354 3355
f 3355 3354 3356
f 3350 3349 3357
f 3357 3349 3358
f 3355 3356 3359
f 3359 3356 3360
f 3359 3360 3361
f 3361 3360 3362
f 3361 3362 3363
f 3363 3362 3364
f 3363 3364 3358
f 3358 3364 3357
f 3339 3342 3365
f 3365 3342 3366
f 3342 3344 3366
f 3366 3344 3367
f 3344 3346 3367
f 3367 3346 3368
f 3346 3348 3368
f 3368 3348 3369
f 3348 3350 3369
f 3369 3350 3370
f 3368 3369 3371
f 3371 3369 3372
f 3369 3370 3372
f 3372 3370 3373
f 3373 3374 3372
f 3372 3374 3375
f 3377 3378 3376
f 3376 3378 3379
f 3377 3375 3378
f 3378 3375 3374
f 3375 3380 3372
f 3372 3380 3371
f 3377 3381 3375
f 3375 3381 3380
f 3376 3382 3377
f 3377 3382 3381
f 3384 3385 3383
f 3383 3385 3386
f 3384 3383 3388
f 3388 3383 3387
f 3388 3387 3389
f 3389 3387 3390
f 3392 3385 3391
f 3391 3385 3384
f 3388 3393 3384
f 3384 3393 3391
f 3389 3394 3388
f 3388 3394 3393
f 3389 3395 3394
f 3394 3395 3396
f 3395 3389 3397
f 3397 3389 3390
f 3339 3365 3340
f 3340 3365 3398
f 3340 3398 3352
f 3352 3398 3399
f 3371 3400 3368
f 3368 3400 3367
f 3400 3401 3367
f 3367 3401 3366
f 3366 3401 3365
f 3365 3401 3402
f 3398 3365 3403
f 3403 3365 3402
f 3398 3403 3399
f 3399 3403 3404
f 3403 3405 3404
f 3404 3405 3406
f 3352 3399 3354
f 3354 3399 3407
f 3399 3404 3407
f 3407 3404 3408
f 3404 3406 3408
f 3408 3406 3409
f 3405 3410 3406
f 3406 3410 3411
f 3410 3412 3411
f 3411 3412 3413
f 3397 3414 3395
f 3395 3414 3415
f 3417 3415 3416
f 3416 3415 3412
f 3410 3418 3412
f 3412 3418 3416
f 3410 3405 3418
f 3418 3405 3419
f 3405 3403 3419
f 3419 3403 3402
f 3370 3350 3420
f 3420 3350 3357
f 3373 3370 3421
f 3421 3370 3420
f 3374 3373 3422
f 3422 3373 3421
f 3378 3374 3423
f 3423 3374 3422
f 3378 3423 3379
f 3379 3423 3424
f 3424 3425 3379
f 3379 3425 3386
f 3383 3426 3387
f 3387 3426 3427
f 3387 3427 3390
f 3390 3427 3428
f 3390 3428 3397
f 3397 3428 3429
f 3429 3430 3397
f 3397 3430 3414
f 3411 3413 3431
f 3431 3413 3432
f 3406 3411 3409
f 3409 3411 3431
f 3401 3400 3335
f 3335 3400 3336
f 3401 3335 3402
f 3402 3335 3334
f 3402 3334 3419
f 3419 3334 3333
f 3419 3333 3418
f 3418 3333 3433
f 3418 3433 3416
f 3416 3433 3434
f 3435 3417 3434
f 3434 3417 3416
f 3394 3396 3436
f 3436 3396 3437
f 3393 3394 3332
f 3332 3394 3436
f 3393 3332 3391
f 3391 3332 3331
f 3330 3392 3331
f 3331 3392 3391
f 3382 3329 3381
f 3381 3329 3328
f 3354 3407 3356
f 3356 3407 3438
f 3356 3438 3360
f 3360 3438 3439
f 3360 3439 3362
f 3362 3439 3440
f 3362 3440 3364
f 3364 3440 3441
f 3364 3441 3357
f 3357 3441 3420
f 3421 3420 3442
f 3442 3420 3441
f 3442 3441 3443
f 3443 3441 3440
f 3443 3440 3444
f 3444 3440 3439
f 3444 3439 3445
f 3445 3439 3438
f 3445 3438 3408
f 3408 3438 3407
f 3422 3421 3446
f 3446 3421 3442
f 3446 3442 3447
f 3447 3442 3443
f 3447 3443 3448
f 3448 3443 3444
f 3448 3444 3449
f 3449 3444 3445
f 3449 3445 3409
f 3409 3445 3408
f 3409 3431 3449
f 3449 3431 3450
f 3449 3450 3448
f 3448 3450 3451
f 3451 3452 3448
f 3448 3452 3447
f 3447 3452 3446
f 3446 3452 3453
f 3446 3453 3422
f 3422 3453 3423
f 3424 3423 3454
f 3454 3423 3453
f 3452 3455 3453
f 3453 3455 3454
f 3452 3451 3455
f 3455 3451 3456
f 3450 3457 3451
f 3451 3457 3456
f 3431 3432 3450
f 3450 3432 3457
f 3454 3458 3424
f 3424 3458 3425
f 3427 3426 3459
f 3459 3426 3460
f 3428 3427 3461
f 3461 3427 3459
f 3428 3461 3429
f 3429 3461 3462
f 3462 3463 3429
f 3429 3463 3430
f 3464 3465 3462
f 3462 3465 3463
f 3455 3466 3454
f 3454 3466 3458
f 3465 3464 3466
f 3466 3464 3467
f 3461 3459 3468
f 3468 3459 3469
f 3468 3469 3464
f 3464 3469 3467
f 3464 3462 3468
f 3468 3462 3461
f 3459 3460 3469
f 3469 3460 3467
f 3295 3351 3298
f 3298 3351 3353
f 3353 3355 3298
f 3298 3355 3297
f 3297 3355 3301
f 3301 3355 3359
f 3301 3359 3308
f 3308 3359 3361
f 3308 3361 3311
f 3311 3361 3363
f 3311 3363 3316
f 3316 3363 3358
f 3316 3358 3317
f 3317 3358 3349
f 3349 3347 3317
f 3317 3347 3319
f 3347 3345 3319
f 3319 3345 3314
f 3345 3343 3314
f 3314 3343 3305
f 3343 3341 3305
f 3305 3341 3304
f 3304 3341 3292
f 3292 3341 3338
f 3292 3338 3293
f 3293 3338 3337
f 3293 3337 3295
f 3295 3337 3351
f 3437 3202 3436
f 3436 3202 3201
f 3436 3201 3332
f 3332 3201 3204
f 3433 3200 3434
f 3434 3200 3199
f 3211 3435 3199
f 3199 3435 3434
f 3333 3210 3433
f 3433 3210 3200
f 3380 3470 3371
f 3400 3371 3336
f 3336 3371 3470
f 3381 3328 3380
f 3380 3328 3470
f 3470 3328 3209
f 3209 3328 3208
f 3336 3470 3327
f 3327 3470 3209
f 1545 1763 1546
f 1546 1763 1762
f 1403 1546 773
f 773 1546 770
f 1221 3013 1220
f 1220 3013 3471
f 1305 2877 1306
f 1306 2877 2879
f 1220 3471 828
f 828 3471 829
f 1217 1754 3472
f 3472 1754 1756
f 1049 3473 1048
f 1048 3473 3474
f 1371 1179 3473
f 3473 1179 3474
f 1074 3475 1179
f 1179 3475 3474
f 3474 3475 1048
f 1048 3475 1056
f 919 666 1345
f 1345 666 665
f 856 680 919
f 919 680 666
f 679 680 1449
f 1449 680 858
f 1367 878 1500
f 1500 878 877
f 1366 908 1367
f 1367 908 878
f 1512 916 1513
f 1513 916 915
f 947 1368 948
f 948 1368 1369
f 1047 1021 1044
f 1044 1021 1020
f 1370 1049 1019
f 1019 1049 1020
f 1173 1030 1174
f 1174 1030 1033
f 3126 1188 1464
f 1464 1188 1187
f 1800 1451 1512
f 1512 1451 916
f 1175 1174 1186
f 1186 1174 1187
f 1030 1173 1047
f 1047 1173 1021
f 1513 915 3476
f 3476 915 1481
f 1345 665 3477
f 3477 665 1483
f 1502 1501 876
f 876 1501 877
f 1205 1451 1803
f 1803 1451 1802
f 3479 2832 3478
f 3478 2832 2831
f 1449 858 2927
f 2927 858 2922
f 908 1366 947
f 947 1366 1368
f 949 948 3126
f 3126 948 1188
f 3480 3135 1502
f 1502 3135 1501
f 2927 2922 3157
f 3157 2922 3152
f 3477 1483 3479
f 3479 1483 2832
f 1803 1802 3151
f 3151 1802 3152
f 663 658 664
f 664 658 657
f 655 658 939
f 939 658 706
f 1512 870 1800
f 1800 870 869
f 875 874 876
f 876 874 873
f 849 874 905
f 905 874 958
f 949 962 946
f 946 962 961
f 978 3126 979
f 979 3126 1464
f 1031 1168 1032
f 1032 1168 1022
f 1045 1013 1046
f 1046 1013 1012
f 1045 1044 1056
f 1056 1044 1048
f 1047 1046 1030
f 1030 1046 1031
f 939 706 940
f 940 706 1450
f 979 1464 1032
f 1032 1464 1033
f 3480 1478 3476
f 3476 1478 3134
f 2829 1487 2830
f 2830 1487 1486
f 848 1230 873
f 873 1230 1479
f 867 870 933
f 933 870 1514
f 1800 869 1801
f 1801 869 1799
f 2830 1486 1325
f 1325 1486 2833
f 940 1450 2925
f 2925 1450 2928
f 946 961 907
f 907 961 958
f 959 962 977
f 977 962 978
f 3476 3134 1513
f 1513 3134 1514
f 2925 2928 3155
f 3155 2928 3158
f 1325 2833 656
f 656 2833 657
f 1801 1799 3157
f 3157 1799 3158
f 1074 1055 3475
f 3475 1055 1056
f 1371 3473 1370
f 1370 3473 1049
f 2884 615 3481
f 3481 615 618
f 3478 2831 2846
f 2846 2831 617
f 2831 1484 617
f 617 1484 618
f 1484 1487 618
f 618 1487 3481
f 2848 3481 2829
f 2829 3481 1487
f 1480 1517 1161
f 1161 1517 1162
f 3129 1323 1455
f 1455 1323 1322
f 3129 3134 1323
f 1323 3134 1478
f 1535 3173 1515
f 1515 3173 1516
f 3085 3095 3137
f 3137 3095 3094
f 3137 3094 3138
f 3138 3094 3104
f 3117 3139 3105
f 3105 3139 3106
f 1138 1141 3127
f 3127 1141 3128
f 3081 3131 1264
f 1264 3131 3130
f 1227 1226 3132
f 3132 1226 3133
f 1264 3130 1229
f 1229 3130 1322
f 1160 1501 1161
f 1161 1501 3135
f 1141 1476 3128
f 3128 1476 3136
f 1226 1163 3133
f 3133 1163 1162
f 1363 1138 1515
f 1515 1138 3127
f 3084 3095 3081
f 3081 3095 3131
f 3089 884 3105
f 3105 884 3140
f 884 883 3140
f 3140 883 3141
f 883 3482 3141
f 3141 3482 3142
f 3476 1481 3480
f 3480 1481 3135
f 1502 1479 3480
f 3480 1479 1478
f 3168 463 440
f 714 1880 715
f 715 1880 2905
f 896 732 2970
f 2970 732 731
f 1263 834 3082
f 3082 834 833
f 898 1231 853
f 853 1231 854
f 3125 890 2931
f 2931 890 889
f 1237 893 2851
f 2851 893 892
f 898 853 899
f 899 853 963
f 988 987 989
f 989 987 986
f 1002 1007 1003
f 1003 1007 1006
f 1038 1036 1007
f 1007 1036 1004
f 1070 1052 1005
f 1005 1052 1006
f 1069 1067 1070
f 1070 1067 1052
f 1130 1129 1134
f 1134 1129 1135
f 879 1167 880
f 880 1167 1166
f 1171 1169 1037
f 1037 1169 1038
f 1085 1180 1069
f 1069 1180 1067
f 1209 1210 879
f 879 1210 1167
f 2885 1215 1754
f 1754 1215 1214
f 1263 855 834
f 834 855 854
f 708 1244 1826
f 1826 1244 1243
f 2909 894 1254
f 1254 894 893
f 1228 1361 964
f 964 1361 1360
f 2908 2907 1436
f 1436 2907 1437
f 2990 1440 2991
f 2991 1440 1439
f 964 1360 965
f 965 1360 1454
f 950 1457 951
f 951 1457 1456
f 970 1463 971
f 971 1463 1462
f 1025 1169 984
f 984 1169 986
f 1084 1097 1469
f 1469 1097 1470
f 1096 1115 1474
f 1474 1115 1475
f 1140 1361 1141
f 1141 1361 1476
f 1212 1495 2828
f 2828 1495 1494
f 880 1166 1452
f 1452 1166 1499
f 715 2905 1504
f 1504 2905 2906
f 954 1519 955
f 955 1519 1518
f 1026 1520 992
f 992 1520 1518
f 1029 1520 1043
f 1043 1520 1521
f 997 1522 1040
f 1040 1522 1521
f 1015 1522 1016
f 1016 1522 1523
f 1523 996 1524
f 1524 996 1062
f 1057 1060 1525
f 1525 1060 1524
f 1094 1528 1082
f 1082 1528 1527
f 1526 1528 1089
f 1089 1528 1529
f 1090 1531 1108
f 1108 1531 1530
f 1125 1533 1126
f 1126 1533 1532
f 3483 1755 727
f 727 1755 1214
f 735 1814 707
f 707 1814 1813
f 2891 1834 1246
f 1246 1834 1243
f 2904 1881 1847
f 1847 1881 1848
f 1852 1855 1853
f 1853 1855 1858
f 1902 2903 1877
f 1877 2903 1878
f 2903 2904 1878
f 1878 2904 1847
f 714 713 1848
f 1848 713 1849
f 1440 2990 1883
f 1883 2990 2989
f 1883 2989 1852
f 1852 2989 1855
f 2895 1888 2892
f 2892 1888 1887
f 774 777 1877
f 1877 777 1903
f 1251 2835 1252
f 1252 2835 2834
f 1213 2844 1212
f 1212 2844 1495
f 2851 892 1213
f 1213 892 2844
f 3123 2911 3124
f 3124 2911 2910
f 887 2929 888
f 888 2929 889
f 1435 2963 1436
f 1436 2963 2961
f 1253 1438 1254
f 1254 1438 1437
f 2970 731 735
f 735 731 1814
f 733 732 2885
f 2885 732 1215
f 2901 2902 2976
f 2976 2902 2977
f 2975 2982 2976
f 2976 2982 2979
f 2899 2900 2981
f 2981 2900 2979
f 2899 2981 2898
f 2898 2981 2983
f 2986 2985 2984
f 2984 2985 2983
f 2897 2985 2896
f 2896 2985 2988
f 2991 1439 2987
f 2987 1439 2988
f 777 2978 1903
f 1903 2978 2977
f 1885 1888 1858
f 1858 1888 1853
f 3090 3088 836
f 836 3088 833
f 3083 3088 3097
f 3097 3088 3096
f 3097 3096 3104
f 3104 3096 3106
f 3111 3116 3108
f 3108 3116 3109
f 3112 3111 3114
f 3114 3111 3108
f 3113 3122 3114
f 3114 3122 3115
f 891 890 2837
f 2837 890 2834
f 951 1456 954
f 954 1456 1519
f 967 1457 936
f 936 1457 1454
f 971 1462 902
f 902 1462 963
f 1461 1463 988
f 988 1463 987
f 1466 1468 1474
f 1474 1468 1470
f 1089 1529 1090
f 1090 1529 1531
f 1184 1181 1469
f 1469 1181 1180
f 1082 1527 1061
f 1061 1527 1525
f 1129 1473 1135
f 1135 1473 1475
f 1108 1530 1105
f 1105 1530 1532
f 1452 1499 3132
f 3132 1499 3136
f 3109 3116 3139
f 3139 3116 3138
f 2912 2911 887
f 887 2911 2929
f 2836 2835 1497
f 1497 2835 1494
f 2913 3102 2910
f 2910 3102 3115
f 1133 3187 1134
f 1134 3187 3185
f 3177 3176 3197
f 3197 3176 3198
f 3203 3183 3206
f 3206 3183 3207
f 3196 3202 3197
f 3197 3202 3211
f 3183 3182 3207
f 3207 3182 3185
f 1125 3180 1533
f 1533 3180 3198
f 3331 3203 3330
f 3330 3203 3206
f 3376 3379 3385
f 3385 3379 3386
f 3382 3376 3392
f 3392 3376 3385
f 3412 3415 3413
f 3413 3415 3414
f 3417 3396 3415
f 3415 3396 3395
f 3383 3386 3426
f 3426 3386 3425
f 3413 3414 3432
f 3432 3414 3430
f 3437 3396 3435
f 3435 3396 3417
f 3329 3382 3330
f 3330 3382 3392
f 3426 3425 3460
f 3460 3425 3458
f 3432 3430 3457
f 3457 3430 3463
f 3457 3463 3456
f 3456 3463 3465
f 3460 3458 3467
f 3467 3458 3466
f 3466 3455 3465
f 3465 3455 3456
f 3202 3437 3211
f 3211 3437 3435
f 3104 3106 3138
f 3138 3106 3139
f 3132 3136 1227
f 1227 3136 1476
f 943 687 600
f 600 687 601
f 596 625 667
f 667 625 1297
f 687 686 601
f 601 686 653
f 1319 784 711
f 711 784 712
f 1811 607 783
f 783 607 712
f 862 921 917
f 917 921 920
f 3478 925 3479
f 3479 925 924
f 2846 926 3478
f 3478 926 925
f 659 662 929
f 929 662 930
f 856 921 857
f 857 921 1204
f 1206 864 1207
f 1207 864 863
f 2876 1219 2877
f 2877 1219 1218
f 667 1297 593
f 593 1297 1296
f 917 920 1333
f 1333 920 1346
f 686 693 653
f 653 693 930
f 1277 913 1498
f 1498 913 1207
f 592 1536 610
f 610 1536 711
f 864 1206 1805
f 1805 1206 1804
f 1317 1536 1900
f 1900 1536 1809
f 1900 1809 1295
f 1295 1809 1296
f 3479 924 3477
f 3477 924 2824
f 927 926 1203
f 1203 926 2847
f 3484 2859 3032
f 3032 2859 3033
f 3472 2878 1217
f 1217 2878 1218
f 2889 2888 2880
f 2880 2888 2881
f 2886 2883 2887
f 2887 2883 2882
f 929 928 2847
f 2847 928 1203
f 857 1204 2921
f 2921 1204 2926
f 1820 1819 2882
f 2882 1819 2881
f 1821 2883 2876
f 2876 2883 1219
f 782 2889 783
f 783 2889 2880
f 1352 3034 1353
f 1353 3034 3033
f 3031 3034 3041
f 3041 3034 3043
f 944 943 3043
f 3043 943 600
f 1339 3145 1498
f 1498 3145 3143
f 1208 882 3148
f 3148 882 3143
f 2921 2926 3151
f 3151 2926 3156
f 3477 2824 1345
f 1345 2824 1346
f 1805 1804 3154
f 3154 1804 3156
f 886 3103 883
f 883 3103 3482
f 841 1248 3485
f 3485 1248 3121
f 2811 2819 2812
f 2812 2819 2816
f 2818 2815 2817
f 2817 2815 2806
f 2817 2816 2818
f 2818 2816 2819
f 2793 2795 2819
f 2819 2795 2818
f 243 352 2793
f 2793 352 2795
f 242 353 243
f 243 353 352
f 359 191 242
f 242 191 353
f 247 192 359
f 359 192 191
f 157 193 247
f 247 193 192
f 156 194 157
f 157 194 193
f 378 261 156
f 156 261 194
f 378 381 261
f 261 381 195
f 195 381 196
f 196 381 376
f 196 376 198
f 198 376 375
f 375 1776 198
f 198 1776 197
f 1776 1767 197
f 197 1767 274
f 181 274 199
f 199 274 1767
f 568 566 564
f 564 566 563
f 568 569 566
f 566 569 567
f 501 1773 1771
f 1771 1773 578
f 547 579 1773
f 1773 579 578
f 3486 470 474
f 474 470 469
f 450 582 3487
f 3487 582 3488
f 582 583 3488
f 3488 583 3489
f 583 584 3489
f 3489 584 3490
f 3490 584 3491
f 3491 584 543
f 470 3486 466
f 466 3486 467
f 3489 3490 503
f 503 3490 504
f 503 3492 3489
f 3489 3492 3488
f 3492 503 3493
f 3493 503 502
f 3495 3492 3494
f 3494 3492 3493
f 3487 3488 3495
f 3495 3488 3492
f 468 1774 465
f 465 1774 570
f 3494 3493 1775
f 1775 3493 1771
f 3490 3491 504
f 504 3491 1772
f 3491 543 1772
f 1772 543 548
f 450 3487 474
f 474 3487 3486
f 3495 467 3487
f 3487 467 3486
f 3494 468 3495
f 3495 468 467
f 468 3494 1774
f 1774 3494 1775
f 501 1771 502
f 502 1771 3493
f 527 366 384
f 384 366 365
f 522 524 527
f 527 524 366
f 521 534 522
f 522 534 524
f 530 535 521
f 521 535 534
f 508 486 513
f 513 486 532
f 513 532 541
f 541 532 535
f 667 668 596
f 596 668 597
f 1294 1297 624
f 624 1297 625
f 603 641 604
f 604 641 640
f 1290 1293 650
f 650 1293 651
f 1758 691 660
f 660 691 661
f 602 671 599
f 599 671 670
f 654 662 690
f 690 662 661
f 2856 598 695
f 695 598 597
f 602 654 671
f 671 654 690
f 604 640 676
f 676 640 704
f 1826 1829 708
f 708 1829 709
f 1288 1284 740
f 740 1284 741
f 755 754 758
f 758 754 759
f 2853 2856 932
f 932 2856 695
f 689 691 1192
f 1192 691 1193
f 784 1319 1240
f 1240 1319 1241
f 1813 1816 1244
f 1244 1816 1245
f 754 1288 759
f 759 1288 740
f 1894 1242 1318
f 1318 1242 1241
f 2867 1348 1418
f 1418 1348 1347
f 676 704 673
f 673 704 1347
f 1284 1287 741
f 741 1287 1419
f 1421 1426 1422
f 1422 1426 1425
f 1758 660 615
f 615 660 616
f 1192 1191 1421
f 1421 1191 1426
f 2962 1839 1504
f 1504 1839 1505
f 941 1194 1759
f 1759 1194 1193
f 1287 1537 1419
f 1419 1537 1760
f 1882 2893 1823
f 1823 2893 1824
f 1886 1891 1827
f 1827 1891 1828
f 1887 1886 1834
f 1834 1886 1827
f 1841 716 1838
f 1838 716 1505
f 782 784 1850
f 1850 784 1240
f 1239 1242 1863
f 1863 1242 1864
f 1242 1894 1864
f 1864 1894 1873
f 1822 1239 1823
f 1823 1239 1863
f 1318 1317 1895
f 1895 1317 1900
f 1894 1896 1873
f 1873 1896 1897
f 1291 1896 1292
f 1292 1896 1895
f 605 1898 606
f 606 1898 1897
f 1258 1257 2854
f 2854 1257 2855
f 1257 1351 2855
f 2855 1351 2857
f 1351 1353 2857
f 2857 1353 2858
f 1353 3033 2858
f 2858 3033 2859
f 2860 2861 3036
f 3036 2861 3037
f 2862 2863 2870
f 2870 2863 3039
f 2870 2869 2862
f 2862 2869 2864
f 2868 2865 2869
f 2869 2865 2864
f 1764 2866 2868
f 2868 2866 2865
f 1537 1199 1760
f 1760 1199 1348
f 615 2884 1758
f 1758 2884 1759
f 1825 1246 2890
f 2890 1246 1245
f 2893 2892 1824
f 1824 2892 2891
f 761 2960 758
f 758 2960 2906
f 3000 2943 2940
f 2940 2943 2941
f 2968 710 2950
f 2950 710 709
f 1764 1423 2866
f 2866 1423 2953
f 1423 645 2953
f 2953 645 2954
f 645 644 2954
f 2954 644 2955
f 644 738 2955
f 2955 738 2956
f 738 764 2956
f 2956 764 2957
f 764 763 2957
f 2957 763 2958
f 763 2908 2958
f 2958 2908 2959
f 2908 1436 2959
f 2959 1436 2961
f 1837 2964 1435
f 1435 2964 2963
f 1837 2937 2964
f 2964 2937 2965
f 2936 2968 2966
f 2966 2968 2950
f 1840 2942 1838
f 1838 2942 2941
f 2939 2949 2940
f 2940 2949 3006
f 2939 2942 2966
f 2966 2942 2965
f 1822 1825 1850
f 1850 1825 2890
f 1891 3005 1828
f 1828 3005 3006
f 3035 3038 3045
f 3045 3038 3042
f 3045 3044 3035
f 3035 3044 3040
f 669 1422 3045
f 3045 1422 3044
f 599 670 3041
f 3041 670 3042
f 931 3067 932
f 932 3067 3065
f 2853 3066 2854
f 2854 3066 3076
f 3067 3496 3065
f 3065 3496 3497
f 3066 3498 3076
f 3076 3498 3499
f 707 1813 708
f 708 1813 1244
f 2960 2962 2906
f 2906 2962 1504
f 2892 1887 2891
f 2891 1887 1834
f 1839 2962 2963
f 2963 2962 2961
f 595 626 596
f 596 626 625
f 623 626 3484
f 3484 626 2859
f 1291 1290 606
f 606 1290 603
f 1290 650 603
f 603 650 641
f 641 650 642
f 642 650 649
f 2860 2863 649
f 649 2863 642
f 3036 3039 2860
f 2860 3039 2863
f 3035 3040 3036
f 3036 3040 3039
f 1294 1293 1295
f 1295 1293 1292
f 624 651 1294
f 1294 651 1293
f 623 652 624
f 624 652 651
f 3484 2861 623
f 623 2861 652
f 3032 3037 3484
f 3484 3037 2861
f 3031 3038 3032
f 3032 3038 3037
f 3481 2848 2884
f 2884 2848 942
f 2846 617 1427
f 1427 617 616
f 3049 3167 3048
f 3048 3167 3500
f 1906 3048 3070
f 3070 3048 3500
f 1337 1768 3501
f 3501 1768 3502
f 3020 3503 3021
f 3021 3503 3024
f 2914 3023 3020
f 3020 3023 3503
f 859 1770 860
f 860 1770 3504
f 1336 3505 1768
f 1768 3505 3502
f 3065 3497 3066
f 3066 3497 3498
f 2814 3075 3067
f 3067 3075 3496
f 2839 3174 766
f 766 3174 3017
f 1337 3501 1338
f 1338 3501 1769
f 767 3018 3026
f 3026 3018 3506
f 3076 3499 3064
f 3064 3499 3507
f 727 730 3483
f 3483 730 3030
f 3064 3507 2871
f 2871 3507 3077
f 3100 3160 1786
f 1786 3160 1784
f 3026 3506 752
f 752 3506 3015
f 860 3504 2923
f 2923 3504 3508
f 753 3016 3027
f 3027 3016 3509
f 3027 3509 3008
f 3008 3509 3028
f 1782 1785 1783
f 1783 1785 3022
f 2923 3508 3153
f 3153 3508 3161
f 3148 3149 1208
f 1208 3149 3150
f 1335 1328 3510
f 3510 1328 1327
f 1336 1335 3505
f 3505 1335 3510
f 866 3511 1340
f 1340 3511 3146
f 865 1808 866
f 866 1808 3511
f 842 841 3159
f 3159 841 3485
f 2849 3512 1329
f 1329 3512 1326
f 1202 1331 2849
f 2849 1331 3512
f 3514 3515 3513
f 3513 3515 3516
f 3518 3516 3517
f 3517 3516 3515
f 3519 3520 3514
f 3514 3520 3515
f 3522 3523 3521
f 3521 3523 3524
f 3526 3527 3525
f 3525 3527 3528
f 3530 3531 3529
f 3529 3531 3532
f 3534 3535 3533
f 3533 3535 3536
f 3529 3532 3537
f 3537 3532 3538
f 3537 3539 3529
f 3529 3539 3540
f 3542 3543 3541
f 3541 3543 3544
f 3546 3547 3545
f 3545 3547 3548
f 3550 3534 3549
f 3549 3534 3533
f 3550 3543 3551
f 3551 3543 3552
f 3537 3545 3539
f 3539 3545 3548
f 3553 3554 3556
f 3556 3554 3555
f 3537 3557 3545
f 3545 3557 3546
f 3558 3559 3561
f 3561 3559 3560
f 3563 3564 3562
f 3562 3564 3565
f 3564 3563 3566
f 3566 3563 3567
f 3569 3570 3568
f 3568 3570 3571
f 3573 3574 3572
f 3572 3574 3575
f 3577 3578 3576
f 3576 3578 3579
f 3581 3582 3580
f 3580 3582 3583
f 3585 3586 3584
f 3584 3586 3579
f 3586 3587 3579
f 3579 3587 3576
f 3589 3590 3588
f 3588 3590 3591
f 3592 3593 3595
f 3595 3593 3594
f 3597 3598 3596
f 3596 3598 3595
f 3583 3600 3599
f 3599 3600 3601
f 3603 3599 3602
f 3602 3599 3601
f 3605 3606 3604
f 3604 3606 3607
f 3608 3555 3596
f 3596 3555 3554
f 3597 3610 3609
f 3609 3610 3565
f 3564 3611 3565
f 3565 3611 3609
f 3611 3564 3612
f 3612 3564 3566
f 3613 3614 3569
f 3569 3614 3570
f 3615 3616 3573
f 3573 3616 3574
f 3517 3617 3518
f 3518 3617 3618
f 3620 3621 3619
f 3619 3621 3622
f 3624 3625 3623
f 3623 3625 3626
f 3628 3629 3627
f 3627 3629 3630
f 3632 3633 3631
f 3631 3633 3634
f 3636 3637 3635
f 3635 3637 3638
f 3640 3641 3639
f 3639 3641 3642
f 3643 3644 3639
f 3639 3644 3640
f 3646 3513 3645
f 3645 3513 3647
f 3648 3514 3646
f 3646 3514 3513
f 3649 3519 3648
f 3648 3519 3514
f 3650 3651 3527
f 3527 3651 3652
f 3654 3651 3653
f 3653 3651 3650
f 3568 3571 3655
f 3655 3571 3656
f 3657 3658 3653
f 3653 3658 3659
f 3661 3662 3660
f 3660 3662 3658
f 3664 3665 3663
f 3663 3665 3666
f 3667 3657 3650
f 3650 3657 3653
f 3669 3523 3668
f 3668 3523 3670
f 3672 3673 3671
f 3671 3673 3674
f 3676 3677 3675
f 3675 3677 3678
f 3671 3674 3676
f 3676 3674 3677
f 3680 3681 3679
f 3679 3681 3682
f 3683 3684 3680
f 3680 3684 3681
f 3685 3686 3661
f 3661 3686 3662
f 3686 3687 3662
f 3662 3687 3688
f 3684 3683 3689
f 3689 3683 3690
f 3692 3693 3691
f 3691 3693 3694
f 3691 3694 3695
f 3695 3694 3696
f 3698 3699 3697
f 3697 3699 3700
f 3702 3703 3701
f 3701 3703 3704
f 3705 3706 3519
f 3519 3706 3520
f 3673 3672 3707
f 3707 3672 3708
f 3709 3710 3682
f 3682 3710 3679
f 3711 3712 3692
f 3692 3712 3693
f 3714 3715 3713
f 3713 3715 3716
f 3718 3700 3717
f 3717 3700 3699
f 3720 3721 3719
f 3719 3721 3722
f 3724 3725 3723
f 3723 3725 3726
f 3727 3728 3730
f 3730 3728 3729
f 3722 3721 3731
f 3731 3721 3732
f 3697 3700 3733
f 3733 3700 3714
f 3733 3714 3734
f 3734 3714 3713
f 3721 3723 3732
f 3732 3723 3735
f 3720 3736 3724
f 3724 3736 3737
f 3700 3718 3714
f 3714 3718 3715
f 3717 3699 3738
f 3738 3699 3739
f 3536 3740 3533
f 3533 3740 3540
f 3742 3743 3741
f 3741 3743 3744
f 3746 3747 3745
f 3745 3747 3748
f 3750 3751 3749
f 3749 3751 3752
f 3627 3632 3628
f 3628 3632 3631
f 3754 3755 3753
f 3753 3755 3626
f 3562 3565 3756
f 3756 3565 3610
f 3527 3652 3528
f 3528 3652 3757
f 3758 3524 3669
f 3669 3524 3523
f 3582 3598 3583
f 3583 3598 3600
f 3759 3670 3522
f 3522 3670 3523
f 3675 3678 3760
f 3760 3678 3761
f 3762 3763 3690
f 3690 3763 3689
f 3765 3766 3764
f 3764 3766 3767
f 3768 3739 3698
f 3698 3739 3699
f 3726 3725 3770
f 3770 3725 3769
f 3645 3647 3771
f 3771 3647 3772
f 3645 3678 3646
f 3646 3678 3677
f 3646 3677 3648
f 3648 3677 3674
f 3673 3649 3674
f 3674 3649 3648
f 3707 3773 3673
f 3673 3773 3649
f 3775 3776 3774
f 3774 3776 3777
f 3779 3526 3778
f 3778 3526 3525
f 3526 3779 3667
f 3667 3779 3780
f 3780 3781 3667
f 3667 3781 3657
f 3672 3679 3708
f 3708 3679 3710
f 3671 3680 3672
f 3672 3680 3679
f 3676 3683 3671
f 3671 3683 3680
f 3675 3690 3676
f 3676 3690 3683
f 3760 3762 3675
f 3675 3762 3690
f 3682 3681 3783
f 3783 3681 3782
f 3689 3784 3684
f 3684 3784 3785
f 3684 3785 3681
f 3681 3785 3782
f 3786 3709 3783
f 3783 3709 3682
f 3784 3689 3787
f 3787 3689 3763
f 3789 3557 3788
f 3788 3557 3790
f 3792 3793 3791
f 3791 3793 3794
f 3616 3615 3795
f 3795 3615 3796
f 3797 3798 3727
f 3727 3798 3728
f 3800 3801 3799
f 3799 3801 3802
f 3803 3578 3592
f 3592 3578 3593
f 3805 3806 3804
f 3804 3806 3807
f 3599 3603 3585
f 3585 3603 3586
f 3587 3586 3604
f 3604 3586 3603
f 3588 3591 3794
f 3794 3591 3791
f 3581 3803 3582
f 3582 3803 3592
f 3594 3561 3608
f 3608 3561 3790
f 3662 3688 3808
f 3808 3688 3809
f 3665 3664 3810
f 3810 3664 3811
f 3719 3812 3720
f 3720 3812 3736
f 3717 3813 3718
f 3718 3813 3737
f 3723 3721 3724
f 3724 3721 3720
f 3813 3717 3814
f 3814 3717 3738
f 3815 3816 303
f 303 3816 304
f 3818 3819 3817
f 3817 3819 3820
f 3578 3803 3579
f 3579 3803 3584
f 3558 3593 3577
f 3577 3593 3578
f 3822 3823 3821
f 3821 3823 3824
f 3546 3826 3825
f 3825 3826 3827
f 3828 3829 3547
f 3547 3829 3541
f 3831 3542 3830
f 3830 3542 3832
f 3834 3822 3833
f 3833 3822 3821
f 3835 3836 3827
f 3827 3836 3825
f 3800 3799 3828
f 3828 3799 3829
f 3830 3832 3837
f 3837 3832 3838
f 331 330 3551
f 3551 330 3839
f 3831 333 3552
f 3552 333 332
f 3819 3797 3841
f 3841 3797 3840
f 3513 3516 3647
f 3647 3516 3746
f 337 336 3745
f 3745 336 3772
f 3525 3528 3775
f 3775 3528 3749
f 3610 3597 3554
f 3554 3597 3596
f 3706 3702 3520
f 3520 3702 3701
f 3756 3610 3553
f 3553 3610 3554
f 3757 3750 3528
f 3528 3750 3749
f 3517 3515 3701
f 3701 3515 3520
f 3842 3584 3581
f 3581 3584 3803
f 3525 3775 3778
f 3778 3775 3774
f 3638 3843 3635
f 3635 3843 3618
f 3617 3621 3618
f 3618 3621 3635
f 3617 3517 3704
f 3704 3517 3701
f 3521 3624 3522
f 3522 3624 3623
f 3749 3844 3775
f 3775 3844 3776
f 3846 3847 3845
f 3845 3847 3848
f 3843 3747 3618
f 3618 3747 3518
f 3850 3851 3849
f 3849 3851 3748
f 3853 3854 3852
f 3852 3854 3855
f 3856 3857 3622
f 3622 3857 3619
f 3859 3860 3858
f 3858 3860 3861
f 3862 3844 3752
f 3752 3844 3749
f 3863 3759 3623
f 3623 3759 3522
f 3864 3777 3630
f 3630 3777 3776
f 3713 3865 3734
f 3734 3865 3866
f 3868 3869 3867
f 3867 3869 3870
f 3872 3873 3871
f 3871 3873 3874
f 3876 3877 3875
f 3875 3877 3878
f 3879 3880 3878
f 3878 3880 3881
f 3882 3883 3885
f 3885 3883 3884
f 3780 3886 3781
f 3781 3886 3887
f 3888 3685 3869
f 3869 3685 3661
f 3880 3879 3883
f 3883 3879 3884
f 3693 3783 3694
f 3694 3783 3782
f 3696 3785 3764
f 3764 3785 3784
f 3694 3782 3696
f 3696 3782 3785
f 3693 3786 3783
f 3787 3765 3784
f 3784 3765 3764
f 386 385 3765
f 3765 385 3766
f 3695 3889 3691
f 3691 3889 3890
f 3691 3890 3692
f 3692 3890 3891
f 3892 3711 3891
f 3891 3711 3692
f 3767 3893 3695
f 3695 3893 3889
f 3766 3894 3767
f 3767 3894 3893
f 3882 3885 3895
f 3895 3885 3896
f 3898 3698 3897
f 3897 3698 3697
f 3897 3697 3899
f 3899 3697 3733
f 3899 3733 3900
f 3900 3733 3734
f 3901 3768 3898
f 3898 3768 3698
f 3901 3902 3768
f 3768 3902 3903
f 3904 3905 3907
f 3907 3905 3906
f 3869 3661 3870
f 3870 3661 3660
f 3908 3909 3896
f 3896 3909 3895
f 3909 3758 3895
f 3895 3758 3669
f 3751 3531 3752
f 3752 3531 3848
f 3858 3536 3854
f 3854 3536 3535
f 3652 3562 3757
f 3757 3562 3756
f 3651 3654 3563
f 3563 3654 3567
f 3655 3656 3808
f 3808 3656 3659
f 3530 3740 3845
f 3845 3740 3861
f 3751 3750 3556
f 3556 3750 3553
f 3817 3820 3796
f 3796 3820 3795
f 410 409 3910
f 3910 409 3855
f 3750 3757 3553
f 3553 3757 3756
f 3908 3886 3909
f 3909 3886 3780
f 409 411 3855
f 3855 411 3851
f 413 412 3760
f 3760 412 3762
f 415 414 3763
f 3763 414 3787
f 3790 3557 3538
f 3538 3557 3537
f 3555 3608 3538
f 3538 3608 3790
f 3574 3911 3575
f 3575 3911 3912
f 3535 3534 3910
f 3910 3534 3839
f 3831 3552 3542
f 3542 3552 3543
f 3534 3550 3839
f 3839 3550 3551
f 3543 3550 3544
f 3544 3550 3549
f 3913 3914 3916
f 3916 3914 3915
f 3806 3805 3589
f 3589 3805 3590
f 3849 3843 3917
f 3917 3843 3638
f 3853 3644 3859
f 3859 3644 3742
f 3747 3746 3518
f 3518 3746 3516
f 3695 3696 3767
f 3767 3696 3764
f 3903 3918 3768
f 3768 3918 3739
f 3738 3739 3816
f 3816 3739 3918
f 3919 3920 3769
f 3769 3920 3770
f 3921 3726 3922
f 3922 3726 3770
f 3678 3645 3761
f 3761 3645 3771
f 3924 3913 3923
f 3923 3913 3916
f 3802 3925 3838
f 3838 3925 3837
f 3577 3926 3558
f 3558 3926 3559
f 3815 3919 3814
f 3814 3919 3769
f 3927 3928 3822
f 3822 3928 3823
f 3829 3832 3541
f 3541 3832 3542
f 3834 3927 3822
f 3832 3829 3838
f 3838 3829 3799
f 3745 3772 3746
f 3746 3772 3647
f 3849 3748 3843
f 3843 3748 3747
f 3854 3853 3858
f 3858 3853 3859
f 3854 3535 3855
f 3855 3535 3910
f 3557 3789 3546
f 3546 3789 3826
f 3923 3823 3924
f 3924 3823 3928
f 3823 3923 3929
f 3929 3923 3930
f 3531 3751 3532
f 3532 3751 3556
f 3532 3556 3538
f 3538 3556 3555
f 3932 3634 3931
f 3931 3634 3633
f 3814 3769 3813
f 3813 3769 3725
f 3620 3636 3621
f 3621 3636 3635
f 3847 3862 3848
f 3848 3862 3752
f 3531 3530 3848
f 3848 3530 3845
f 3933 3934 3830
f 3830 3934 3831
f 3925 3933 3837
f 3837 3933 3830
f 3934 440 3831
f 3831 440 333
f 3925 3802 3833
f 3833 3802 3801
f 3776 3844 3630
f 3630 3844 3627
f 3808 3659 3662
f 3662 3659 3658
f 3667 3650 3526
f 3526 3650 3527
f 3935 3666 3936
f 3936 3666 3665
f 3718 3737 3715
f 3715 3737 3736
f 3663 3809 3664
f 3664 3809 3688
f 3807 3806 3938
f 3938 3806 3937
f 445 413 3761
f 3761 413 3760
f 3902 447 3903
f 3903 447 446
f 3897 3890 3898
f 3898 3890 3889
f 3899 3891 3897
f 3897 3891 3890
f 3898 3889 3901
f 3901 3889 3893
f 3893 3894 3901
f 3901 3894 3902
f 414 386 3787
f 3787 386 3765
f 3940 3941 3939
f 3939 3941 3942
f 3840 3797 3943
f 3943 3797 3727
f 3665 3810 3936
f 3936 3810 3944
f 3921 3735 3726
f 3726 3735 3723
f 3920 3945 3770
f 3770 3945 3922
f 3521 3524 3774
f 3774 3524 3778
f 3864 3946 3625
f 3625 3946 3947
f 3773 3705 3649
f 3649 3705 3519
f 3779 3778 3758
f 3758 3778 3524
f 3812 3716 3736
f 3736 3716 3715
f 3624 3521 3777
f 3777 3521 3774
f 3703 3856 3704
f 3704 3856 3622
f 3900 3892 3899
f 3899 3892 3891
f 3641 3917 3642
f 3642 3917 3948
f 3895 3669 3882
f 3882 3669 3668
f 3855 3851 3852
f 3852 3851 3850
f 3894 458 3902
f 3902 458 447
f 3781 3887 3660
f 3660 3887 3870
f 3570 3566 3571
f 3571 3566 3567
f 3950 3576 3949
f 3949 3576 3587
f 3605 3602 3614
f 3614 3602 3612
f 3614 3612 3570
f 3570 3612 3566
f 3571 3567 3656
f 3656 3567 3654
f 3660 3658 3781
f 3781 3658 3657
f 3604 3607 3587
f 3587 3607 3949
f 3653 3659 3654
f 3654 3659 3656
f 3529 3540 3530
f 3530 3540 3740
f 3687 3811 3688
f 3688 3811 3664
f 3813 3725 3737
f 3737 3725 3724
f 3919 3815 461
f 461 3815 303
f 3818 3798 3819
f 3819 3798 3797
f 3819 3841 3820
f 3820 3841 3951
f 3816 3815 3738
f 3738 3815 3814
f 3540 3539 3533
f 3533 3539 3549
f 3548 3547 3544
f 3544 3547 3541
f 3539 3548 3549
f 3549 3548 3544
f 3741 3931 3860
f 3860 3931 3846
f 3801 3800 3835
f 3835 3800 3836
f 3934 3933 3824
f 3824 3933 3821
f 3825 3828 3546
f 3546 3828 3547
f 3833 3821 3925
f 3925 3821 3933
f 3800 3828 3836
f 3836 3828 3825
f 3824 3952 3934
f 3934 3952 440
f 3860 3846 3861
f 3861 3846 3845
f 3629 3946 3630
f 3630 3946 3864
f 3740 3536 3861
f 3861 3536 3858
f 3833 3801 3834
f 3834 3801 3835
f 3583 3599 3580
f 3580 3599 3585
f 3651 3563 3652
f 3652 3563 3562
f 3758 3909 3779
f 3779 3909 3780
f 3621 3617 3622
f 3622 3617 3704
f 3625 3947 3626
f 3626 3947 3753
f 3633 3632 3847
f 3847 3632 3862
f 3852 3850 3640
f 3640 3850 3641
f 3644 3853 3640
f 3640 3853 3852
f 3859 3742 3860
f 3860 3742 3741
f 3632 3627 3862
f 3862 3627 3844
f 3755 3863 3626
f 3626 3863 3623
f 3917 3638 3948
f 3948 3638 3637
f 3644 3643 3742
f 3742 3643 3743
f 3931 3633 3846
f 3846 3633 3847
f 3625 3624 3864
f 3864 3624 3777
f 3917 3641 3849
f 3849 3641 3850
f 3744 3932 3741
f 3741 3932 3931
f 3903 446 3918
f 3918 446 464
f 3953 3954 3956
f 3956 3954 3955
f 3958 3959 3957
f 3957 3959 3960
f 3876 3958 3877
f 3877 3958 3957
f 3877 3957 3961
f 3961 3957 3962
f 3963 3964 3958
f 3958 3964 3959
f 3965 3966 3876
f 3876 3966 3958
f 3966 3963 3958
f 3966 3967 3963
f 3963 3967 3968
f 3878 3877 3879
f 3879 3877 3961
f 3967 3969 3968
f 3968 3969 3970
f 3969 3971 3970
f 3970 3971 3972
f 3974 3904 3973
f 3973 3904 3907
f 3971 3975 3972
f 3972 3975 3976
f 3976 3975 3978
f 3978 3975 3977
f 3979 3980 3977
f 3977 3980 3978
f 3981 3982 3979
f 3979 3982 3980
f 3983 3984 3981
f 3981 3984 3982
f 3972 3985 3970
f 3970 3985 3986
f 3871 3987 3969
f 3969 3987 3971
f 3872 3871 3967
f 3967 3871 3969
f 3965 3872 3966
f 3966 3872 3967
f 3970 3986 3968
f 3968 3986 3988
f 3879 3961 3884
f 3884 3961 3940
f 3884 3940 3885
f 3885 3940 3939
f 3989 3990 3992
f 3992 3990 3991
f 3942 3993 3995
f 3995 3993 3994
f 3994 3996 3995
f 3995 3996 3974
f 3997 3998 3994
f 3994 3998 3996
f 3999 3997 3993
f 3993 3997 3994
f 4001 3996 4000
f 4000 3996 3998
f 4000 3998 4002
f 4002 3998 4003
f 4004 4003 3997
f 3997 4003 3998
f 3997 3999 4004
f 4004 3999 4005
f 4006 3995 3973
f 3973 3995 3974
f 3939 3942 4006
f 4006 3942 3995
f 3906 3887 3907
f 3907 3887 3886
f 3887 3906 3870
f 3870 3906 3867
f 3908 3973 3886
f 3886 3973 3907
f 3865 4007 3866
f 3866 4007 4008
f 3984 3983 4009
f 4009 3983 4010
f 3961 3962 3940
f 3940 3962 3941
f 4012 3868 4011
f 4011 3868 3867
f 4013 3975 3987
f 3987 3975 3971
f 4014 3977 4013
f 4013 3977 3975
f 4015 4010 4007
f 4007 4010 3983
f 4007 3983 4008
f 4008 3983 3981
f 4008 3981 4016
f 4016 3981 3979
f 4017 3984 4018
f 4018 3984 4009
f 3977 4014 3979
f 3979 4014 4016
f 3982 3984 4019
f 4019 3984 4017
f 4021 4022 4020
f 4020 4022 4023
f 4022 4012 4023
f 4023 4012 4011
f 4023 3904 4020
f 4020 3904 3974
f 4024 4025 4018
f 4018 4025 4017
f 4026 4027 4024
f 4024 4027 4025
f 4028 4026 4029
f 4029 4026 4024
f 4018 4021 4024
f 4024 4021 4029
f 4030 4031 4026
f 4026 4031 4027
f 4032 4030 4028
f 4028 4030 4026
f 4029 4001 4028
f 4028 4001 4000
f 4028 4000 4032
f 4032 4000 4002
f 4034 4035 4033
f 4033 4035 4036
f 4037 4038 4019
f 4019 4038 4039
f 4041 4039 4040
f 4040 4039 4038
f 4040 4038 4042
f 4042 4038 4036
f 4042 4036 4043
f 4043 4036 4035
f 3985 4044 4046
f 4046 4044 4045
f 4047 4048 4045
f 4045 4048 4046
f 4047 4049 4048
f 4048 4049 4050
f 4042 4047 4040
f 4040 4047 4045
f 4043 4049 4042
f 4042 4049 4047
f 4040 4045 4041
f 4041 4045 4044
f 4052 3959 4051
f 4051 3959 3964
f 4053 4054 4051
f 4051 4054 4055
f 3956 3960 4052
f 4052 3960 3959
f 3953 3956 4056
f 4056 3956 4052
f 4058 3953 4057
f 4057 3953 4056
f 4060 4061 4059
f 4059 4061 4062
f 4063 4064 4054
f 4054 4064 4057
f 4054 4053 4063
f 4063 4053 4065
f 4066 4067 4069
f 4069 4067 4068
f 4048 4050 4063
f 4063 4050 4064
f 4063 4065 4048
f 4048 4065 4046
f 3985 4046 3986
f 3986 4046 4065
f 3986 4065 3988
f 3988 4065 4053
f 3988 4053 3964
f 3964 4053 4051
f 3976 3978 4044
f 4044 3978 4041
f 3980 3982 4039
f 4039 3982 4019
f 4039 4041 3980
f 3980 4041 3978
f 3973 3908 4006
f 4006 3908 3896
f 3885 3939 3896
f 3896 3939 4006
f 4031 4034 4027
f 4027 4034 4033
f 4027 4033 4025
f 4025 4033 4037
f 4019 4017 4037
f 4037 4017 4025
f 3993 3942 4070
f 4070 3942 3941
f 3999 3993 4071
f 4071 3993 4070
f 3999 4071 4005
f 4005 4071 4072
f 4073 4074 4076
f 4076 4074 4075
f 4078 4079 4077
f 4077 4079 4080
f 4082 4080 4081
f 4081 4080 4079
f 4084 4085 4083
f 4083 4085 4086
f 4087 4088 4090
f 4090 4088 4089
f 4092 4093 4091
f 4091 4093 4094
f 4096 4097 4095
f 4095 4097 4098
f 4100 4101 4099
f 4099 4101 4102
f 4103 4104 4106
f 4106 4104 4105
f 4108 4109 4107
f 4107 4109 4110
f 4112 4113 4111
f 4111 4113 4114
f 4116 4117 4115
f 4115 4117 4118
f 4120 4121 4119
f 4119 4121 4122
f 4123 4124 4126
f 4126 4124 4125
f 4127 4128 4130
f 4130 4128 4129
f 4132 4133 4131
f 4131 4133 4134
f 4136 4108 4135
f 4135 4108 4107
f 4138 4139 4137
f 4137 4139 4140
f 4141 4142 4088
f 4088 4142 4089
f 4144 4145 4143
f 4143 4145 4146
f 4148 4149 4147
f 4147 4149 4150
f 4152 4153 4151
f 4151 4153 4154
f 4156 4082 4155
f 4155 4082 4081
f 4157 4158 4160
f 4160 4158 4159
f 4161 4162 4164
f 4164 4162 4163
f 4166 4122 4165
f 4165 4122 4121
f 4168 4152 4167
f 4167 4152 4151
f 4169 4170 4172
f 4172 4170 4171
f 4174 4175 4173
f 4173 4175 4176
f 4178 4149 4177
f 4177 4149 4179
f 4173 4176 4180
f 4180 4176 4181
f 4156 4085 4182
f 4182 4085 4183
f 4182 4184 4156
f 4156 4184 4082
f 4185 4186 4184
f 4184 4186 4187
f 4186 4188 4187
f 4187 4188 4189
f 4190 4191 4073
f 4073 4191 4074
f 4177 4179 4158
f 4158 4179 4159
f 4193 4127 4192
f 4192 4127 4130
f 4144 4194 4151
f 4151 4194 4167
f 4196 4197 4195
f 4195 4197 4198
f 4095 4199 4096
f 4096 4199 4200
f 4201 4202 4204
f 4204 4202 4203
f 4205 4206 4208
f 4208 4206 4207
f 4121 4120 4209
f 4209 4120 4210
f 4212 4213 4211
f 4211 4213 4214
f 4216 4217 4215
f 4215 4217 4218
f 4220 4221 4219
f 4219 4221 4222
f 4224 4196 4223
f 4223 4196 4195
f 4225 4226 4134
f 4134 4226 4131
f 4228 4229 4227
f 4227 4229 4230
f 4232 4233 4231
f 4231 4233 4098
f 4235 4236 4234
f 4234 4236 4237
f 4239 4240 4238
f 4238 4240 4241
f 4242 4243 4245
f 4245 4243 4244
f 4246 4247 4249
f 4249 4247 4248
f 4251 4252 4250
f 4250 4252 4253
f 4255 4256 4254
f 4254 4256 4257
f 4259 4260 4258
f 4258 4260 4261
f 4263 4264 4262
f 4262 4264 4265
f 4267 4268 4266
f 4266 4268 4269
f 4271 4199 4270
f 4270 4199 4272
f 4273 4274 4276
f 4276 4274 4275
f 4115 4118 4277
f 4277 4118 4278
f 4280 4281 4279
f 4279 4281 4282
f 4211 4283 4212
f 4212 4283 4284
f 4286 4287 4285
f 4285 4287 4288
f 4165 4121 4289
f 4289 4121 4209
f 4291 4286 4290
f 4290 4286 4285
f 4293 4294 4292
f 4292 4294 4295
f 4297 4298 4296
f 4296 4298 4299
f 4301 4302 4300
f 4300 4302 4303
f 4299 4304 4296
f 4296 4304 4305
f 4306 4292 4307
f 4307 4292 4295
f 4307 4308 4306
f 4306 4308 4309
f 4310 4309 4075
f 4075 4309 4308
f 4299 4298 4312
f 4312 4298 4311
f 4302 4301 4293
f 4293 4301 4294
f 3735 3921 4313
f 4313 3921 4314
f 4315 4314 3922
f 3922 4314 3921
f 4316 3945 829
f 829 3945 830
f 4289 4317 4165
f 4165 4317 4318
f 4320 4321 4319
f 4319 4321 4322
f 4324 4325 4323
f 4323 4325 4326
f 4327 4328 4330
f 4330 4328 4329
f 4290 4331 4291
f 4291 4331 4332
f 4165 4318 4166
f 4166 4318 4333
f 4334 4335 4337
f 4337 4335 4336
f 4339 4340 4338
f 4338 4340 4341
f 4168 4343 4342
f 4342 4343 4344
f 4346 4347 4345
f 4345 4347 4348
f 4350 4351 4349
f 4349 4351 4352
f 4354 4355 4353
f 4353 4355 4356
f 4357 4358 4324
f 4324 4358 4325
f 4337 4359 4334
f 4334 4359 4360
f 4362 4363 4361
f 4361 4363 4364
f 4366 4367 4365
f 4365 4367 4368
f 4369 4370 4372
f 4372 4370 4371
f 4331 4290 4374
f 4374 4290 4373
f 4373 4376 4375
f 4375 4376 4377
f 4379 4380 4378
f 4378 4380 4381
f 4217 4382 4218
f 4218 4382 4383
f 4385 4386 4384
f 4384 4386 4387
f 4388 4389 4338
f 4338 4389 4390
f 4337 4336 4392
f 4392 4336 4391
f 4394 4362 4393
f 4393 4362 4361
f 4396 4397 4395
f 4395 4397 4398
f 4400 4401 4399
f 4399 4401 4402
f 4345 4403 4346
f 4346 4403 4404
f 4405 4406 4342
f 4342 4406 4407
f 4409 4410 4408
f 4408 4410 4411
f 4408 4412 4409
f 4409 4412 4413
f 4181 4415 4414
f 4414 4415 4416
f 4182 4183 4417
f 4417 4183 4418
f 4419 4353 4311
f 4311 4353 4312
f 4421 4422 4420
f 4420 4422 4423
f 4353 4356 4312
f 4312 4356 4424
f 4166 4333 4425
f 4425 4333 4426
f 4425 4143 4166
f 4166 4143 4122
f 4427 4107 4428
f 4428 4107 4110
f 4429 4430 4174
f 4174 4430 4175
f 4335 4431 4336
f 4336 4431 4390
f 4336 4390 4391
f 4391 4390 4389
f 4432 4433 4435
f 4435 4433 4434
f 4437 4438 4436
f 4436 4438 4439
f 4441 4442 4440
f 4440 4442 4443
f 4359 4444 4361
f 4361 4444 4393
f 4446 4447 4445
f 4445 4447 4448
f 4338 4341 4388
f 4388 4341 4449
f 4450 4451 4398
f 4398 4451 4395
f 4453 4454 4452
f 4452 4454 4455
f 4457 4458 4456
f 4456 4458 4459
f 4460 4461 4448
f 4448 4461 4445
f 4463 4464 4462
f 4462 4464 4465
f 4462 4465 4466
f 4466 4465 4467
f 4468 4469 4467
f 4467 4469 4466
f 4469 4468 4470
f 4470 4468 4471
f 4472 4473 4471
f 4471 4473 4470
f 4475 4476 4474
f 4474 4476 4477
f 4479 4480 4478
f 4478 4480 4481
f 4483 4484 4482
f 4482 4484 4485
f 4487 4488 4486
f 4486 4488 4489
f 4491 4492 4490
f 4490 4492 4493
f 4494 4495 4493
f 4493 4495 4490
f 4496 4497 4494
f 4494 4497 4495
f 4497 4496 4498
f 4498 4496 4499
f 4500 4501 4503
f 4503 4501 4502
f 4505 4506 4504
f 4504 4506 4507
f 4466 4508 4462
f 4462 4508 4509
f 4470 4510 4469
f 4469 4510 4511
f 4513 4479 4512
f 4512 4479 4478
f 4515 4443 4514
f 4514 4443 4442
f 4516 4517 4519
f 4519 4517 4518
f 4521 4495 4520
f 4520 4495 4497
f 4522 4490 4521
f 4521 4490 4495
f 4491 4523 4488
f 4488 4523 4524
f 4525 4489 4524
f 4524 4489 4488
f 4484 4526 4485
f 4485 4526 4527
f 4503 4528 4500
f 4500 4528 4529
f 4530 4531 4533
f 4533 4531 4532
f 4535 4506 4534
f 4534 4506 4530
f 4486 4536 4487
f 4487 4536 4537
f 4487 4537 4492
f 4492 4537 4538
f 4494 4539 4496
f 4496 4539 4540
f 4542 4533 4541
f 4541 4533 4499
f 4544 4545 4543
f 4543 4545 4546
f 4548 4549 4547
f 4547 4549 4550
f 4536 4551 4537
f 4537 4551 4552
f 4537 4552 4538
f 4538 4552 4553
f 4554 4539 4556
f 4556 4539 4555
f 4557 4540 4554
f 4554 4540 4539
f 4559 4557 4558
f 4558 4557 4560
f 4540 4557 4541
f 4541 4557 4559
f 4562 4563 4561
f 4561 4563 4564
f 4546 4565 4543
f 4543 4565 4566
f 4547 4567 4548
f 4548 4567 4568
f 4570 4571 4569
f 4569 4571 4572
f 4574 4575 4573
f 4573 4575 4576
f 4578 4579 4577
f 4577 4579 4580
f 4582 4583 4581
f 4581 4583 4584
f 4585 4586 4588
f 4588 4586 4587
f 4589 4585 4590
f 4590 4585 4588
f 4592 4593 4591
f 4591 4593 4594
f 4596 4597 4595
f 4595 4597 4598
f 4600 4601 4599
f 4599 4601 4602
f 4563 4604 4603
f 4603 4604 4605
f 4603 4606 4608
f 4608 4606 4607
f 4609 4610 4594
f 4594 4610 4591
f 4611 4612 4614
f 4614 4612 4613
f 4616 4617 4615
f 4615 4617 4618
f 4602 4620 4619
f 4619 4620 4621
f 4619 4622 4602
f 4602 4622 4599
f 4605 4599 4623
f 4623 4599 4622
f 4605 4623 4603
f 4603 4623 4606
f 4625 4626 4624
f 4624 4626 4627
f 4438 4437 4628
f 4628 4437 4629
f 4442 4441 4630
f 4630 4441 4631
f 4630 4632 4442
f 4442 4632 4514
f 4633 4634 4529
f 4529 4634 4500
f 4500 4634 4501
f 4501 4634 4635
f 4637 4546 4636
f 4636 4546 4545
f 4639 4565 4638
f 4638 4565 4640
f 4573 4576 4641
f 4641 4576 4642
f 4593 4643 4594
f 4594 4643 4644
f 4645 4609 4644
f 4644 4609 4594
f 4647 4648 4646
f 4646 4648 4649
f 4651 4652 4650
f 4650 4652 4653
f 4654 4498 4519
f 4519 4498 4532
f 4520 4508 4521
f 4521 4508 4511
f 4522 4510 4523
f 4523 4510 4655
f 4524 4656 4525
f 4525 4656 4657
f 4514 4529 4515
f 4515 4529 4528
f 4658 4659 4661
f 4661 4659 4660
f 4496 4540 4499
f 4499 4540 4541
f 4493 4555 4494
f 4494 4555 4539
f 4549 4483 4550
f 4550 4483 4482
f 4545 4544 4501
f 4501 4544 4502
f 4636 4545 4635
f 4635 4545 4501
f 4589 4663 4662
f 4662 4663 4664
f 4662 4665 4558
f 4558 4665 4559
f 4569 4586 4570
f 4570 4586 4560
f 4552 4666 4553
f 4553 4666 4667
f 4668 4669 4670
f 4670 4669 4666
f 4672 4673 4671
f 4671 4673 4674
f 4287 4675 4288
f 4288 4675 4676
f 4678 4679 4677
f 4677 4679 4680
f 4681 4678 4682
f 4682 4678 4677
f 4682 4683 4681
f 4681 4683 4684
f 4161 4164 4685
f 4685 4164 4686
f 4414 4687 4689
f 4689 4687 4688
f 4405 4690 4346
f 4346 4690 4347
f 4691 4399 4693
f 4693 4399 4692
f 1209 4694 4365
f 4365 4694 4366
f 4650 1211 4651
f 4651 1211 1210
f 4695 4696 4255
f 4255 4696 4256
f 4697 4698 4218
f 4218 4698 4215
f 4700 4701 4699
f 4699 4701 4702
f 4703 4704 4303
f 4303 4704 4300
f 4315 3922 4316
f 4316 3922 3945
f 4653 4706 4705
f 4705 4706 4707
f 4709 4710 4708
f 4708 4710 4711
f 4335 4334 4713
f 4713 4334 4712
f 4714 4340 4321
f 4321 4340 4322
f 4716 4717 4715
f 4715 4717 4718
f 4238 4241 4719
f 4719 4241 4720
f 4231 4721 4307
f 4307 4721 4308
f 4723 4724 4722
f 4722 4724 4725
f 4727 4728 4726
f 4726 4728 4729
f 4730 4731 4327
f 4327 4731 4328
f 4733 4734 4732
f 4732 4734 4735
f 4720 4381 4736
f 4736 4381 4737
f 4738 4739 4741
f 4741 4739 4740
f 4743 4744 4742
f 4742 4744 4745
f 4338 4390 4339
f 4339 4390 4431
f 4746 4747 4431
f 4431 4747 4339
f 4291 4332 4289
f 4289 4332 4317
f 4289 4209 4291
f 4291 4209 4286
f 4287 4286 4210
f 4210 4286 4209
f 4749 4750 4748
f 4748 4750 4751
f 4212 4284 4752
f 4752 4284 4753
f 4752 4754 4212
f 4212 4754 4213
f 4252 4251 4225
f 4225 4251 4226
f 4227 4230 4248
f 4248 4230 4249
f 4205 4755 4757
f 4757 4755 4756
f 4708 4711 4758
f 4758 4711 4647
f 4367 4366 4759
f 4759 4366 4760
f 4526 4513 4527
f 4527 4513 4512
f 4420 4423 4385
f 4385 4423 4386
f 4705 4761 4653
f 4653 4761 4650
f 4761 1279 4650
f 4650 1279 1211
f 4762 4763 3944
f 3944 4763 3936
f 4274 4273 4765
f 4765 4273 4764
f 4767 4768 4766
f 4766 4768 4769
f 4770 4771 4769
f 4769 4771 4766
f 4771 4770 4242
f 4242 4770 4243
f 4093 4163 4094
f 4094 4163 4162
f 4772 4773 4775
f 4775 4773 4774
f 4777 4778 4776
f 4776 4778 4779
f 4417 4185 4182
f 4182 4185 4184
f 4780 4078 4781
f 4781 4078 4077
f 4781 4077 4782
f 4782 4077 4189
f 4188 4783 4189
f 4189 4783 4782
f 4295 4232 4307
f 4307 4232 4231
f 4785 4786 4784
f 4784 4786 4787
f 4784 1307 4785
f 4785 1307 1306
f 4078 4780 4096
f 4096 4780 4097
f 4075 4074 4310
f 4310 4074 4788
f 4788 4074 4789
f 4789 4074 4191
f 4789 4191 4059
f 4059 4191 4790
f 4791 4277 4792
f 4792 4277 4278
f 3732 3735 4793
f 4793 3735 4313
f 4793 4794 3732
f 3732 4794 3731
f 4792 4795 4791
f 4791 4795 4796
f 4797 4798 4799
f 4799 4798 4724
f 4763 4800 3936
f 3936 4800 3935
f 4801 4062 3729
f 3729 4062 3730
f 4713 4712 4802
f 4802 4712 4803
f 4146 4804 4119
f 4119 4804 4805
f 4498 4654 4497
f 4497 4654 4520
f 4806 4807 1326
f 1326 4807 1327
f 4689 4688 1330
f 1330 4688 1331
f 4801 4789 4062
f 4062 4789 4059
f 3730 4062 4808
f 4808 4062 4061
f 4810 4811 4809
f 4809 4811 4812
f 4813 4403 4814
f 4814 4403 4345
f 4815 4816 4349
f 4349 4816 4350
f 4817 4818 4820
f 4820 4818 4819
f 4406 4821 4407
f 4407 4821 4822
f 4823 4161 4824
f 4824 4161 4685
f 4181 4414 4825
f 4825 4414 4689
f 4741 4740 4826
f 4826 4740 4827
f 4828 4829 4827
f 4827 4829 4826
f 4142 4141 4415
f 4415 4141 4148
f 4830 1354 4761
f 4761 1354 1279
f 4832 4833 4831
f 4831 4833 4834
f 4835 4836 4626
f 4626 4836 4421
f 4451 4709 4395
f 4395 4709 4708
f 4627 4420 4837
f 4837 4420 4385
f 4837 1365 4838
f 4838 1365 1364
f 4397 4396 4839
f 4839 4396 4840
f 4842 4628 4841
f 4841 4628 4629
f 4671 4674 4631
f 4631 4674 4630
f 4674 4659 4630
f 4630 4659 4632
f 4633 4632 4658
f 4658 4632 4659
f 4658 4504 4633
f 4633 4504 4634
f 4635 4634 4507
f 4507 4634 4504
f 4843 4636 4507
f 4507 4636 4635
f 4844 4637 4843
f 4843 4637 4636
f 4637 4844 4640
f 4640 4844 4664
f 4638 4663 4642
f 4642 4663 4845
f 4847 4643 4846
f 4846 4643 4641
f 4644 4848 4645
f 4645 4848 4849
f 4851 4852 4850
f 4850 4852 4853
f 4855 4856 4854
f 4854 4856 4857
f 4859 4860 4858
f 4858 4860 4857
f 4715 4718 4859
f 4859 4718 4860
f 4862 4863 4861
f 4861 4863 4864
f 4866 4867 4865
f 4865 4867 4868
f 4870 4871 4869
f 4869 4871 4872
f 4869 4872 4116
f 4116 4872 4117
f 4820 4819 4874
f 4874 4819 4873
f 4876 4877 4875
f 4875 4877 4878
f 4880 4881 4879
f 4879 4881 4882
f 4884 4885 4883
f 4883 4885 4886
f 4887 4888 4280
f 4280 4888 4281
f 4818 4817 4889
f 4889 4817 4890
f 4891 4193 4823
f 4823 4193 4192
f 4892 4893 4228
f 4228 4893 4229
f 4158 4157 4894
f 4894 4157 4895
f 4896 4897 4132
f 4132 4897 4133
f 4099 4683 4100
f 4100 4683 4682
f 4101 4100 4899
f 4899 4100 4898
f 4150 4106 4147
f 4147 4106 4900
f 4100 4682 4898
f 4898 4682 4677
f 4080 4082 4187
f 4187 4082 4184
f 4077 4080 4189
f 4189 4080 4187
f 4191 4190 4790
f 4790 4190 4901
f 4177 4158 4680
f 4680 4158 4894
f 4108 4136 4752
f 4752 4136 4754
f 4752 4753 4108
f 4108 4753 4109
f 4817 4902 4890
f 4890 4902 4903
f 4904 4905 4907
f 4907 4905 4906
f 4909 4910 4908
f 4908 4910 4911
f 4913 4914 4912
f 4912 4914 4915
f 4916 4917 4919
f 4919 4917 4918
f 4312 4424 4299
f 4299 4424 4304
f 4920 4921 4297
f 4297 4921 4298
f 4194 4922 4167
f 4167 4922 4923
f 4924 4400 4691
f 4691 4400 4399
f 4395 4708 4396
f 4396 4708 4758
f 4367 4925 4368
f 4368 4925 4926
f 4919 4918 4873
f 4873 4918 4874
f 4836 4927 4421
f 4421 4927 4422
f 4921 4928 4298
f 4298 4928 4311
f 4143 4146 4122
f 4122 4146 4119
f 4929 4930 4455
f 4455 4930 4452
f 4932 4933 4931
f 4931 4933 4934
f 4935 4936 4932
f 4932 4936 4933
f 4461 4460 4457
f 4457 4460 4458
f 4480 4479 4475
f 4475 4479 4476
f 4660 4673 4517
f 4517 4673 4937
f 4661 4505 4658
f 4658 4505 4504
f 4484 4483 4489
f 4489 4483 4486
f 4462 4509 4463
f 4463 4509 4518
f 4469 4511 4466
f 4466 4511 4508
f 4655 4473 4656
f 4656 4473 4477
f 4476 4657 4477
f 4477 4657 4656
f 4479 4513 4476
f 4476 4513 4657
f 4489 4525 4484
f 4484 4525 4526
f 4483 4549 4486
f 4486 4549 4536
f 4549 4548 4536
f 4536 4548 4551
f 4548 4568 4551
f 4551 4568 4670
f 4663 4589 4845
f 4845 4589 4590
f 4668 4577 4938
f 4938 4577 4580
f 4940 4938 4939
f 4939 4938 4941
f 4940 4942 4669
f 4669 4942 4943
f 4587 4582 4944
f 4944 4582 4581
f 4848 4847 4608
f 4608 4847 4564
f 4616 4945 4613
f 4613 4945 4598
f 4615 4946 4616
f 4616 4946 4945
f 4947 4939 4948
f 4948 4939 4946
f 4599 4605 4600
f 4600 4605 4604
f 4608 4607 4848
f 4848 4607 4849
f 4613 4612 4616
f 4616 4612 4617
f 4835 4949 4709
f 4709 4949 4710
f 4357 1477 4837
f 4837 1477 1365
f 4712 4950 4803
f 4803 4950 4951
f 4401 4952 4402
f 4402 4952 4953
f 4759 4760 4402
f 4402 4760 4399
f 4508 4520 4509
f 4509 4520 4654
f 4510 4522 4511
f 4511 4522 4521
f 4513 4526 4657
f 4657 4526 4525
f 4632 4633 4514
f 4514 4633 4529
f 4931 4934 4453
f 4453 4934 4454
f 4153 4954 4154
f 4154 4954 4955
f 4957 4958 4956
f 4956 4958 4959
f 4961 4962 4960
f 4960 4962 4963
f 4120 4964 4210
f 4210 4964 4965
f 4967 4968 4966
f 4966 4968 4969
f 4349 4692 4815
f 4815 4692 4970
f 4652 4971 4653
f 4653 4971 4706
f 4758 4647 4972
f 4972 4647 4646
f 4973 4363 4646
f 4646 4363 4972
f 4950 4360 4974
f 4974 4360 4364
f 4431 4335 4746
f 4746 4335 4713
f 4358 4714 4325
f 4325 4714 4321
f 4765 4764 4266
f 4266 4764 4975
f 4202 4976 4203
f 4203 4976 4977
f 4917 4978 4918
f 4918 4978 4979
f 4279 4282 4854
f 4854 4282 4269
f 4820 4880 4817
f 4817 4880 4902
f 4890 4903 4980
f 4980 4903 4886
f 4982 4983 4981
f 4981 4983 4123
f 4795 4851 4796
f 4796 4851 4850
f 4918 4979 4874
f 4874 4979 4881
f 4809 4404 4810
f 4810 4404 4403
f 4354 4985 4984
f 4984 4985 4986
f 1364 1516 4838
f 4838 1516 4987
f 4759 4988 4367
f 4367 4988 4925
f 4989 4990 4481
f 4481 4990 4478
f 4443 4515 4990
f 4990 4515 4991
f 4527 4512 4992
f 4992 4512 4991
f 4528 4503 4992
f 4992 4503 4993
f 4993 4994 4485
f 4485 4994 4482
f 4544 4995 4502
f 4502 4995 4994
f 4995 4996 4550
f 4550 4996 4547
f 4998 4999 4997
f 4997 4999 4566
f 4998 5000 4578
f 4578 5000 4579
f 5001 5002 4596
f 4596 5002 4597
f 5003 4591 5004
f 5004 4591 4610
f 4626 4421 4627
f 4627 4421 4420
f 4837 4838 4627
f 4627 4838 4624
f 4761 4705 4830
f 4830 4705 5005
f 4705 4707 5005
f 5005 4707 5006
f 4308 4721 4075
f 4075 4721 4076
f 5007 4200 4797
f 4797 4200 4798
f 4685 4686 5008
f 5008 4686 5009
f 4889 4890 5010
f 5010 4890 4980
f 4323 1541 4324
f 4324 1541 1540
f 4385 4384 4358
f 4358 4384 4714
f 4396 4758 4840
f 4840 4758 4972
f 4866 4852 5011
f 5011 4852 5012
f 5013 4260 4980
f 4980 4260 5010
f 4875 4878 5014
f 5014 4878 5015
f 5017 5018 5016
f 5016 5018 5019
f 5016 5019 5020
f 5020 5019 5021
f 5023 5024 5022
f 5022 5024 5025
f 5027 5028 5026
f 5026 5028 5029
f 5031 5032 5030
f 5030 5032 5033
f 5035 5036 5034
f 5034 5036 5037
f 5039 5040 5038
f 5038 5040 5041
f 5043 5044 5042
f 5042 5044 5045
f 5038 5046 5039
f 5039 5046 5047
f 5049 5050 5048
f 5048 5050 5051
f 5053 5054 5052
f 5052 5054 5055
f 5057 5024 5056
f 5056 5024 5058
f 5060 5061 5059
f 5059 5061 5062
f 5064 5065 5063
f 5063 5065 5066
f 5043 5050 5064
f 5064 5050 5065
f 5038 5041 5067
f 5067 5041 5068
f 5070 5071 5069
f 5069 5071 5072
f 5074 5075 5073
f 5073 5075 5076
f 5034 5077 5035
f 5035 5077 5078
f 5080 5081 5079
f 5079 5081 5082
f 5084 5085 5083
f 5083 5085 5086
f 5085 5084 5087
f 5087 5084 5088
f 5090 5091 5089
f 5089 5091 5092
f 5094 5095 5093
f 5093 5095 5096
f 5098 5099 5097
f 5097 5099 5100
f 5102 5103 5101
f 5101 5103 5104
f 5105 5106 5108
f 5108 5106 5107
f 5110 5111 5109
f 5109 5111 5112
f 5114 5094 5113
f 5113 5094 5093
f 5116 5117 5115
f 5115 5117 5118
f 5120 5121 5119
f 5119 5121 5122
f 5124 5125 5123
f 5123 5125 5126
f 5128 5129 5127
f 5127 5129 5130
f 5097 5131 5098
f 5098 5131 5132
f 5134 5135 5133
f 5133 5135 5122
f 5084 5125 5088
f 5088 5125 5136
f 5138 5139 5137
f 5137 5139 5140
f 5142 5102 5141
f 5141 5102 5101
f 5106 5143 5107
f 5107 5143 5144
f 5146 5147 5145
f 5145 5147 5148
f 5149 5150 5109
f 5109 5150 5110
f 5151 5110 5152
f 5152 5110 5150
f 4715 5140 4716
f 4716 5140 5139
f 5143 4870 5144
f 5144 4870 4869
f 4115 5146 4116
f 4116 5146 5145
f 4791 4796 5149
f 5149 4796 5150
f 4796 4850 5150
f 5150 4850 5152
f 4858 5142 4859
f 4859 5142 5141
f 5153 5154 5115
f 5115 5154 5105
f 5156 5157 5155
f 5155 5157 5158
f 5159 5160 5053
f 5053 5160 5054
f 5161 5162 5020
f 5020 5162 5068
f 5026 5029 5163
f 5163 5029 5021
f 5083 5086 5164
f 5164 5086 5165
f 5090 5167 5166
f 5166 5167 5168
f 5169 5170 5172
f 5172 5170 5171
f 5174 5175 5173
f 5173 5175 5176
f 5177 5109 5178
f 5178 5109 5112
f 5179 5180 5182
f 5182 5180 5181
f 5123 5126 5120
f 5120 5126 5121
f 5180 5167 5181
f 5181 5167 5183
f 5184 5185 5179
f 5179 5185 5180
f 5186 5149 5177
f 5177 5149 5109
f 4868 5184 4865
f 4865 5184 5179
f 5188 5189 5187
f 5187 5189 5190
f 4277 4791 5186
f 5186 4791 5149
f 5179 5182 4865
f 4865 5182 4853
f 5189 4862 5190
f 5190 4862 4861
f 5156 5075 5191
f 5191 5075 5192
f 5036 5035 5193
f 5193 5035 5194
f 5115 5118 5153
f 5153 5118 5195
f 5022 5025 5196
f 5196 5025 5197
f 5155 5158 5069
f 5069 5158 5062
f 5063 5066 5198
f 5198 5066 5199
f 5073 5076 5200
f 5200 5076 5072
f 5202 5131 5201
f 5201 5131 5203
f 5143 5106 5204
f 5204 5106 5205
f 5114 5113 5206
f 5206 5113 5127
f 5098 5132 5193
f 5193 5132 5195
f 5204 5207 5143
f 5143 5207 4870
f 5088 5136 5208
f 5208 5136 5092
f 5209 5210 5089
f 5089 5210 5183
f 5211 5018 5060
f 5060 5018 5061
f 5017 5040 5070
f 5070 5040 5071
f 5191 5160 5156
f 5156 5160 5157
f 5048 5028 5049
f 5049 5028 5058
f 5207 5204 4858
f 4858 5204 5142
f 4859 5141 4715
f 4715 5141 5140
f 5212 5162 5042
f 5042 5162 5051
f 5182 5152 4853
f 4853 5152 4850
f 5214 5134 5213
f 5213 5134 5133
f 5164 5165 5133
f 5133 5165 5213
f 5215 5216 5201
f 5201 5216 5217
f 5147 5218 5148
f 5148 5218 5219
f 5147 5177 5218
f 5218 5177 5178
f 5141 5101 5140
f 5140 5101 5137
f 5201 5217 5202
f 5202 5217 5104
f 5146 5186 5147
f 5147 5186 5177
f 4277 5186 4115
f 4115 5186 5146
f 5191 5192 5031
f 5031 5192 5032
f 5052 5055 5220
f 5220 5055 5197
f 4116 5145 4869
f 4869 5145 5144
f 5034 5037 5214
f 5214 5037 5134
f 5097 5100 5114
f 5114 5100 5094
f 5108 5107 5219
f 5219 5107 5148
f 5221 5135 5116
f 5116 5135 5117
f 5124 5111 5209
f 5209 5111 5210
f 5107 5144 5148
f 5148 5144 5145
f 5152 5182 5151
f 5151 5182 5181
f 5208 5222 5088
f 5088 5222 5087
f 5222 5208 5171
f 5171 5208 5172
f 5223 1756 4698
f 4698 1756 1755
f 4427 5224 4107
f 4107 5224 4135
f 4178 4679 5225
f 5225 4679 5226
f 5227 5228 4892
f 4892 5228 4893
f 5229 5230 4171
f 4171 5230 4172
f 4855 4268 4884
f 4884 4268 4885
f 4884 4871 4855
f 4855 4871 4856
f 4684 5231 4896
f 4896 5231 4897
f 4768 4767 5009
f 5009 4767 5008
f 5205 5154 5102
f 5102 5154 5103
f 5099 5098 5194
f 5194 5098 5193
f 5198 5199 5079
f 5079 5199 5033
f 5102 5142 5205
f 5205 5142 5204
f 5224 4427 4681
f 4681 4427 4678
f 3712 3711 5232
f 5232 3711 5233
f 3968 3988 3963
f 3963 3988 3964
f 3976 4044 3972
f 3972 4044 3985
f 4038 4037 4036
f 4036 4037 4033
f 4794 4762 3731
f 3731 4762 3944
f 3731 3944 3722
f 3722 3944 3810
f 3874 5234 5232
f 5232 5234 3712
f 3906 3905 3867
f 3867 3905 4011
f 3904 4023 3905
f 3905 4023 4011
f 3719 3722 3811
f 3811 3722 3810
f 3812 3719 3687
f 3687 3719 3811
f 3716 3812 3686
f 3686 3812 3687
f 3713 3716 3685
f 3685 3716 3686
f 4810 4403 5235
f 5235 4403 4813
f 4345 1770 4814
f 4814 1770 1769
f 4067 4066 4058
f 4058 4066 5236
f 4043 4068 4049
f 4049 4068 4050
f 4034 5237 3989
f 3989 5237 3990
f 4031 4030 4072
f 4072 4030 4005
f 4003 4004 4002
f 4002 4004 4032
f 4004 4005 4032
f 4032 4005 4030
f 4067 4064 4068
f 4068 4064 4050
f 4058 4057 4067
f 4067 4057 4064
f 4035 4034 5238
f 5238 4034 3989
f 5236 5239 4058
f 4058 5239 5240
f 5234 3874 5241
f 5241 3874 3873
f 5241 3873 3881
f 3881 3873 3878
f 4800 4763 4788
f 4788 4763 4310
f 4763 4762 4310
f 4310 4762 4309
f 4762 4794 4309
f 4309 4794 4306
f 4794 4793 4306
f 4306 4793 4292
f 4293 4313 4302
f 4302 4313 4314
f 4302 4314 4303
f 4303 4314 4315
f 4303 4315 4703
f 4703 4315 4316
f 4035 4069 4043
f 4043 4069 4068
f 4324 1540 4357
f 4357 1540 1477
f 5232 3987 3874
f 3874 3987 3871
f 3987 5232 4013
f 4013 5232 5233
f 4013 5233 4014
f 4014 5233 5242
f 3888 4015 3865
f 3865 4015 4007
f 3866 4008 5243
f 5243 4008 4016
f 3873 5244 3878
f 3878 5244 3875
f 3965 5244 3872
f 3872 5244 3873
f 3876 3875 3965
f 3965 3875 5244
f 5243 4016 5242
f 5242 4016 4014
f 5246 5247 5245
f 5245 5247 5248
f 3576 3950 3577
f 3577 3950 3926
f 3584 3842 3585
f 3585 3842 3580
f 5249 5247 1784
f 1784 5247 1785
f 5250 5251 5253
f 5253 5251 5252
f 5255 5252 5254
f 5254 5252 5256
f 5254 5256 5258
f 5258 5256 5257
f 5258 5257 5260
f 5260 5257 5259
f 4356 5261 4424
f 4424 5261 5259
f 4355 5262 4356
f 4356 5262 5261
f 4924 5264 5263
f 5263 5264 5265
f 4693 5266 4691
f 4691 5266 5267
f 4351 5268 4352
f 4352 5268 5269
f 1808 1807 4351
f 4351 1807 5268
f 3580 3842 3581
f 3799 3802 3838
f 4800 4788 4801
f 4801 4788 4789
f 3729 3935 4801
f 4801 3935 4800
f 3728 3666 3729
f 3729 3666 3935
f 3728 3798 3666
f 3666 3798 3663
f 3798 3818 3663
f 3663 3818 3809
f 3818 3817 3809
f 3809 3817 3808
f 3796 3655 3817
f 3817 3655 3808
f 3615 3568 3796
f 3796 3568 3655
f 3573 3569 3615
f 3615 3569 3568
f 3572 3613 3573
f 3573 3613 3569
f 3792 3606 3572
f 3572 3606 3613
f 3607 3791 3949
f 3949 3791 3591
f 3590 3950 3591
f 3591 3950 3949
f 3805 3926 3590
f 3590 3926 3950
f 3804 3559 3805
f 3805 3559 3926
f 3804 3914 3559
f 3559 3914 3560
f 3924 3789 3913
f 3913 3789 3788
f 3924 3928 3789
f 3789 3928 3826
f 3928 3927 3826
f 3826 3927 3827
f 3927 3834 3827
f 3827 3834 3835
f 4079 4078 5270
f 5270 4078 5007
f 5271 5272 4233
f 4233 5272 5273
f 5275 5276 5274
f 5274 5276 5277
f 5278 5279 4236
f 4236 5279 4237
f 5278 5280 5271
f 5271 5280 5272
f 4235 5281 4236
f 4236 5281 5282
f 5284 5285 5283
f 5283 5285 5286
f 5288 5289 5287
f 5287 5289 5290
f 5292 5293 5291
f 5291 5293 5294
f 5287 5290 4726
f 4726 5290 5295
f 4293 4292 4313
f 4313 4292 4793
f 4720 4736 4719
f 4719 4736 5296
f 5297 4909 5298
f 5298 4909 4908
f 5299 5300 4976
f 4976 5300 5301
f 5302 4202 5303
f 5303 4202 4201
f 5304 5305 4983
f 4983 5305 5306
f 5308 5309 5307
f 5307 5309 5310
f 4722 4725 5283
f 5283 4725 5311
f 5291 5294 4125
f 4125 5294 4126
f 5313 5314 5312
f 5312 5314 5315
f 5316 5317 5319
f 5319 5317 5318
f 5321 5308 5320
f 5320 5308 5307
f 4819 4981 4873
f 4873 4981 5322
f 4981 4123 5322
f 5322 4123 4126
f 5324 5325 5323
f 5323 5325 5326
f 4764 5327 4975
f 4975 5327 5328
f 4172 5327 4169
f 4169 5327 5329
f 4768 4171 4769
f 4769 4171 4170
f 4243 4755 4244
f 4244 4755 5330
f 4755 4205 5330
f 5330 4205 4208
f 4206 4906 4207
f 4207 4906 4905
f 4686 5014 5009
f 5009 5014 5229
f 4756 4770 4170
f 4170 4770 4769
f 4170 4169 4756
f 4756 4169 4757
f 4273 5329 4764
f 4764 5329 5327
f 4276 5331 4273
f 4273 5331 5329
f 4770 4756 4243
f 4243 4756 4755
f 5333 4889 5332
f 5332 4889 5010
f 4877 5332 4878
f 4878 5332 4259
f 4875 4164 4876
f 4876 4164 4163
f 5334 5335 5324
f 5324 5335 5325
f 4983 5306 4123
f 4123 5306 4124
f 4818 4982 4819
f 4819 4982 4981
f 5332 5010 4259
f 4259 5010 4260
f 5014 4686 4875
f 4875 4686 4164
f 4171 4768 5229
f 5229 4768 5009
f 5337 4916 5336
f 5336 4916 4919
f 5293 5337 5294
f 5294 5337 5336
f 4982 4818 5333
f 5333 4818 4889
f 5338 5339 4262
f 4262 5339 5340
f 5307 5310 5338
f 5338 5310 5339
f 5341 5342 4204
f 4204 5342 5309
f 5336 4919 5322
f 5322 4919 4873
f 5294 5336 4126
f 4126 5336 5322
f 5323 5326 5343
f 5343 5326 5286
f 4914 5344 4915
f 4915 5344 5345
f 5312 5315 5344
f 5344 5315 5345
f 5347 5348 5346
f 5346 5348 5349
f 5350 5351 4832
f 4832 5351 4833
f 5352 5353 5349
f 5349 5353 5346
f 5354 5338 4265
f 4265 5338 4262
f 5320 5307 5354
f 5354 5307 5338
f 4201 5308 5303
f 5303 5308 5321
f 5356 5357 5355
f 5355 5357 4799
f 5358 5359 5334
f 5334 5359 5335
f 5358 5360 4093
f 4093 5360 4163
f 5360 5305 4163
f 4163 5305 4876
f 5305 5304 4876
f 4876 5304 4877
f 5270 4778 4079
f 4079 4778 4081
f 4779 5361 4774
f 4774 5361 5357
f 5356 5359 4775
f 4775 5359 4092
f 5333 5304 4982
f 4982 5304 4983
f 5332 4877 5333
f 5333 4877 5304
f 5015 4258 5230
f 5230 4258 5328
f 5327 4172 5328
f 5328 4172 5230
f 4169 5329 4757
f 4757 5329 5331
f 4757 5331 4205
f 4205 5331 4206
f 5331 4276 4206
f 4206 4276 4906
f 4276 4275 4906
f 4906 4275 4907
f 4275 4888 4907
f 4907 4888 4744
f 4887 4717 4745
f 4745 4717 4864
f 4716 5139 4861
f 4861 5139 5190
f 5139 5138 5190
f 5190 5138 5187
f 5138 5216 5187
f 5187 5216 5176
f 5215 5362 5173
f 5173 5362 5130
f 5364 5365 5363
f 5363 5365 5340
f 4742 4863 5366
f 5366 4863 4867
f 4862 5189 4868
f 4868 5189 5184
f 5189 5188 5184
f 5184 5188 5185
f 5188 5175 5185
f 5185 5175 5168
f 3560 3788 3561
f 3561 3788 3790
f 3596 3595 3608
f 3608 3595 3594
f 3598 3582 3595
f 3595 3582 3592
f 3600 3609 3601
f 3601 3609 3611
f 3602 3601 3612
f 3612 3601 3611
f 3606 3605 3613
f 3613 3605 3614
f 3793 5367 3794
f 3794 5367 5368
f 3598 3597 3600
f 3600 3597 3609
f 3793 3792 3575
f 3575 3792 3572
f 3561 3594 3558
f 3558 3594 3593
f 3807 3915 3804
f 3804 3915 3914
f 3916 3915 5370
f 5370 3915 5369
f 3602 3605 3603
f 3603 3605 3604
f 3606 3792 3607
f 3607 3792 3791
f 3914 3913 3560
f 3560 3913 3788
f 5174 5129 5166
f 5166 5129 5371
f 5170 5169 5093
f 5093 5169 5113
f 5166 5371 5090
f 5090 5371 5091
f 5128 5169 5372
f 5372 5169 5172
f 5127 5113 5128
f 5128 5113 5169
f 5114 5206 5203
f 5203 5206 5362
f 5200 5373 5073
f 5073 5373 5096
f 5374 5375 5200
f 5200 5375 5373
f 5039 5047 5374
f 5374 5047 5375
f 5087 5046 5085
f 5085 5046 5376
f 5212 5377 5067
f 5067 5377 5376
f 5042 5045 5212
f 5212 5045 5377
f 5064 5378 5043
f 5043 5378 5044
f 5063 5077 5064
f 5064 5077 5378
f 5079 5082 5198
f 5198 5082 5078
f 5099 5081 5100
f 5100 5081 5379
f 5100 5379 5094
f 5094 5379 5095
f 5381 5382 5380
f 5380 5382 5383
f 5385 5386 5384
f 5384 5386 5383
f 5385 5387 5386
f 5386 5387 5388
f 5390 5391 5389
f 5389 5391 5392
f 5393 5394 5396
f 5396 5394 5395
f 5398 5399 5397
f 5397 5399 5400
f 5402 5403 5401
f 5401 5403 5404
f 5406 5407 5405
f 5405 5407 5404
f 5408 5409 5163
f 5163 5409 5410
f 5411 5412 5414
f 5414 5412 5413
f 5057 5416 5415
f 5415 5416 5417
f 5393 5416 5418
f 5418 5416 5419
f 5396 5395 5420
f 5420 5395 5421
f 5423 5424 5422
f 5422 5424 5425
f 5415 5417 5220
f 5220 5417 5426
f 5418 5391 5393
f 5393 5391 5394
f 5414 5388 5411
f 5411 5388 5392
f 5059 5427 5060
f 5060 5427 5428
f 5423 5427 5429
f 5429 5427 5430
f 5432 5382 5431
f 5431 5382 5425
f 5429 5407 5423
f 5423 5407 5424
f 5380 5409 5381
f 5381 5409 5433
f 5381 5433 5422
f 5422 5433 5428
f 5027 5412 5056
f 5056 5412 5419
f 5435 5436 5434
f 5434 5436 5437
f 5159 5439 5438
f 5438 5439 5440
f 5053 5436 5159
f 5159 5436 5439
f 5441 5403 5398
f 5398 5403 5399
f 5163 5410 5026
f 5026 5410 5413
f 5438 5440 5442
f 5442 5440 5430
f 5444 5445 5443
f 5443 5445 5446
f 5447 5448 5450
f 5450 5448 5449
f 5451 5446 5452
f 5452 5446 5445
f 5454 5455 5453
f 5453 5455 5451
f 5456 5454 5458
f 5458 5454 5457
f 5460 5461 5459
f 5459 5461 5462
f 5464 5465 5463
f 5463 5465 5466
f 5468 5469 5467
f 5467 5469 5470
f 5472 5473 5471
f 5471 5473 5474
f 5475 5476 5478
f 5478 5476 5477
f 5479 5480 5482
f 5482 5480 5481
f 5483 5484 5448
f 5448 5484 5485
f 5448 5485 5449
f 5449 5485 5486
f 5487 5476 5488
f 5488 5476 5475
f 5490 5491 5489
f 5489 5491 5492
f 5494 5495 5493
f 5493 5495 5496
f 5498 5494 5497
f 5497 5494 5493
f 5500 5501 5499
f 5499 5501 5502
f 5503 5504 5446
f 5446 5504 5443
f 5506 5507 5505
f 5505 5507 5508
f 5510 5511 5509
f 5509 5511 5512
f 5514 5515 5513
f 5513 5515 5516
f 5518 5519 5517
f 5517 5519 5520
f 5495 5521 5496
f 5496 5521 5522
f 5524 5525 5523
f 5523 5525 5526
f 5527 5528 5494
f 5494 5528 5495
f 5499 5502 5529
f 5529 5502 5530
f 5531 5532 5485
f 5485 5532 5486
f 5485 5484 5531
f 5531 5484 5533
f 5482 5481 5534
f 5534 5481 5535
f 5536 5512 5506
f 5506 5512 5511
f 5455 5503 5451
f 5451 5503 5446
f 5467 5470 5511
f 5511 5470 5537
f 5538 5467 5510
f 5510 5467 5511
f 5540 5541 5539
f 5539 5541 5542
f 5543 5544 5546
f 5546 5544 5545
f 5548 5472 5547
f 5547 5472 5471
f 5493 5496 5549
f 5549 5496 5550
f 5496 5522 5550
f 5550 5522 5551
f 5553 5554 5552
f 5552 5554 5555
f 5557 5447 5556
f 5556 5447 5558
f 5557 5483 5447
f 5447 5483 5448
f 5478 5477 5553
f 5553 5477 5559
f 5477 5560 5559
f 5559 5560 5561
f 5476 5562 5477
f 5477 5562 5560
f 5476 5487 5562
f 5562 5487 5563
f 5560 5564 5561
f 5561 5564 5565
f 5564 5560 5566
f 5566 5560 5562
f 5563 5567 5562
f 5562 5567 5566
f 5569 5521 5568
f 5568 5521 5570
f 5481 5572 5571
f 5571 5572 5573
f 5574 5535 5571
f 5571 5535 5481
f 5576 5577 5575
f 5575 5577 5578
f 5579 5580 5456
f 5456 5580 5581
f 5475 5582 5488
f 5488 5582 5583
f 5584 5536 5505
f 5505 5536 5506
f 5585 5586 5588
f 5588 5586 5587
f 5590 5591 5589
f 5589 5591 5592
f 5519 5593 5520
f 5520 5593 5594
f 5595 5596 5462
f 5462 5596 5597
f 5599 5600 5598
f 5598 5600 5514
f 5602 5603 5601
f 5601 5603 5604
f 5524 5543 5525
f 5525 5543 5546
f 5543 5524 5606
f 5606 5524 5605
f 5607 5608 5500
f 5500 5608 5501
f 5610 5551 5609
f 5609 5551 5522
f 5611 5510 5598
f 5598 5510 5509
f 5612 5597 5457
f 5457 5597 5458
f 5510 5611 5538
f 5538 5611 5613
f 5580 5508 5581
f 5581 5508 5507
f 5615 5616 5614
f 5614 5616 5617
f 5619 5620 5618
f 5618 5620 5621
f 5623 5624 5622
f 5622 5624 5625
f 5627 5624 5626
f 5626 5624 5623
f 5629 5630 5628
f 5628 5630 5631
f 5633 5634 5632
f 5632 5634 5466
f 5635 5636 5463
f 5463 5636 5637
f 5523 5638 5524
f 5524 5638 5605
f 5639 5640 5641
f 5641 5640 5595
f 5611 5513 5613
f 5613 5513 5642
f 5643 5586 5608
f 5608 5586 5501
f 5622 5625 5590
f 5590 5625 5591
f 5598 5514 5611
f 5611 5514 5513
f 5645 5646 5644
f 5644 5646 5647
f 5620 5619 5491
f 5491 5619 5648
f 5649 5643 5492
f 5492 5643 5608
f 5650 5651 5653
f 5653 5651 5652
f 5463 5466 5635
f 5635 5466 5634
f 5597 5612 5462
f 5462 5612 5459
f 5635 5634 5523
f 5523 5634 5638
f 5654 5638 5633
f 5633 5638 5634
f 5655 5656 5525
f 5525 5656 5526
f 5658 5659 5657
f 5657 5659 5527
f 5660 5464 5637
f 5637 5464 5463
f 5632 5466 5661
f 5661 5466 5465
f 5661 5662 5632
f 5632 5662 5658
f 5662 5663 5658
f 5658 5663 5659
f 5665 5659 5664
f 5664 5659 5663
f 5632 5658 5633
f 5633 5658 5657
f 5666 5629 5530
f 5530 5629 5667
f 5528 5527 5665
f 5665 5527 5659
f 5668 5669 5570
f 5570 5669 5568
f 5669 5668 5670
f 5670 5668 5671
f 5646 5672 5673
f 5672 5674 5673
f 5673 5674 5675
f 5674 5460 5675
f 5675 5460 5459
f 5461 5676 5462
f 5462 5676 5595
f 5677 5678 5680
f 5680 5678 5679
f 5628 5681 5629
f 5629 5681 5667
f 5682 5529 5667
f 5667 5529 5530
f 5675 5459 5683
f 5683 5459 5612
f 5585 5666 5502
f 5502 5666 5530
f 5589 5684 5602
f 5602 5684 5603
f 5646 5645 5663
f 5663 5645 5664
f 5685 5647 5673
f 5673 5647 5646
f 5686 5687 5683
f 5683 5687 5685
f 5688 5689 5533
f 5533 5689 5531
f 5690 5691 5535
f 5535 5691 5534
f 5692 5690 5574
f 5574 5690 5535
f 5685 5687 5689
f 5689 5687 5693
f 5489 5694 5490
f 5490 5694 5695
f 5690 5692 5696
f 5696 5692 5697
f 5696 5644 5690
f 5690 5644 5691
f 5447 5450 5558
f 5558 5450 5698
f 5699 5700 5642
f 5642 5700 5613
f 5701 5702 5540
f 5540 5702 5541
f 5431 5703 5432
f 5432 5703 5697
f 5385 5384 5574
f 5574 5384 5692
f 5389 5387 5573
f 5573 5387 5571
f 5565 5390 5573
f 5573 5390 5389
f 5390 5565 5704
f 5704 5565 5564
f 5566 5705 5564
f 5564 5705 5704
f 5569 5441 5609
f 5609 5441 5398
f 5568 5405 5569
f 5569 5405 5441
f 5670 5706 5669
f 5669 5706 5406
f 5703 5431 5670
f 5670 5431 5706
f 5432 5697 5384
f 5384 5697 5692
f 5574 5571 5385
f 5385 5571 5387
f 5607 5707 5489
f 5489 5707 5694
f 5518 5708 5519
f 5519 5708 5709
f 5711 5576 5710
f 5710 5576 5575
f 5713 5714 5712
f 5712 5714 5715
f 5553 5552 5478
f 5478 5552 5716
f 5717 5475 5716
f 5716 5475 5478
f 5718 5719 5605
f 5605 5719 5606
f 5505 5622 5584
f 5584 5622 5590
f 5508 5623 5505
f 5505 5623 5622
f 5626 5623 5580
f 5580 5623 5508
f 5580 5579 5626
f 5626 5579 5720
f 5579 5721 5720
f 5720 5721 5722
f 5666 5585 5723
f 5723 5585 5588
f 5724 5725 5639
f 5639 5725 5640
f 5554 5726 5555
f 5555 5726 5727
f 5453 5728 5729
f 5689 5688 5685
f 5685 5688 5647
f 5604 5730 5512
f 5512 5730 5509
f 5628 5631 5618
f 5618 5631 5592
f 5601 5604 5536
f 5536 5604 5512
f 5732 5676 5731
f 5731 5676 5660
f 5730 5604 5733
f 5733 5604 5603
f 5563 5487 5551
f 5551 5487 5550
f 5489 5492 5607
f 5607 5492 5608
f 5573 5572 5565
f 5565 5572 5561
f 5609 5522 5569
f 5569 5522 5521
f 5499 5734 5500
f 5500 5734 5735
f 5596 5736 5721
f 5721 5736 5722
f 5737 5600 5594
f 5594 5600 5520
f 5599 5730 5517
f 5517 5730 5733
f 5660 5738 5731
f 5731 5738 5739
f 5648 5649 5491
f 5491 5649 5492
f 5501 5586 5502
f 5502 5586 5585
f 5525 5546 5655
f 5655 5546 5740
f 5600 5599 5520
f 5520 5599 5517
f 5708 5739 5709
f 5709 5739 5738
f 5636 5635 5526
f 5526 5635 5523
f 5670 5671 5703
f 5703 5671 5741
f 5490 5695 5742
f 5742 5695 5743
f 5682 5678 5744
f 5744 5678 5677
f 5678 5681 5679
f 5679 5681 5621
f 5742 5743 5679
f 5679 5743 5680
f 5618 5621 5628
f 5628 5621 5681
f 5725 5724 5589
f 5589 5724 5684
f 5456 5458 5579
f 5579 5458 5721
f 5675 5683 5673
f 5673 5683 5685
f 5529 5682 5745
f 5745 5682 5744
f 5721 5458 5596
f 5596 5458 5597
f 5701 5540 5719
f 5719 5540 5606
f 5703 5741 5697
f 5697 5741 5696
f 5500 5735 5607
f 5607 5735 5707
f 5549 5746 5493
f 5493 5746 5497
f 5700 5747 5613
f 5613 5747 5538
f 5420 5421 5434
f 5434 5421 5400
f 5689 5693 5531
f 5531 5693 5532
f 5705 5566 5748
f 5748 5566 5567
f 5609 5398 5610
f 5610 5398 5397
f 5669 5406 5568
f 5568 5406 5405
f 5488 5583 5549
f 5549 5583 5746
f 5714 5713 5710
f 5710 5713 5711
f 5747 5468 5538
f 5538 5468 5467
f 5548 5547 5749
f 5749 5547 5750
f 5733 5603 5751
f 5751 5603 5684
f 5589 5602 5590
f 5590 5602 5584
f 5636 5752 5614
f 5614 5752 5615
f 5753 5754 5738
f 5738 5754 5755
f 5602 5601 5584
f 5584 5601 5536
f 5723 5736 5630
f 5630 5736 5640
f 5595 5640 5596
f 5596 5640 5736
f 5734 5499 5745
f 5745 5499 5529
f 5627 5587 5643
f 5643 5587 5586
f 5553 5559 5554
f 5554 5559 5480
f 5559 5561 5480
f 5480 5561 5572
f 5554 5480 5726
f 5726 5480 5479
f 5749 5750 5715
f 5715 5750 5712
f 5683 5612 5686
f 5686 5612 5457
f 5678 5682 5681
f 5681 5682 5667
f 5598 5509 5599
f 5599 5509 5730
f 5679 5621 5742
f 5742 5621 5620
f 5652 5616 5653
f 5653 5616 5615
f 5220 5426 5052
f 5052 5426 5437
f 5487 5488 5550
f 5550 5488 5549
f 5742 5620 5490
f 5490 5620 5491
f 5551 5610 5563
f 5563 5610 5567
f 5610 5397 5567
f 5567 5397 5748
f 5614 5617 5753
f 5753 5617 5754
f 5480 5572 5481
f 5755 5756 5738
f 5738 5756 5709
f 5745 5744 5758
f 5758 5744 5757
f 5745 5758 5734
f 5734 5758 5759
f 5735 5734 5760
f 5760 5734 5759
f 5707 5735 5761
f 5761 5735 5760
f 5744 5677 5757
f 5757 5677 5762
f 5677 5680 5762
f 5762 5680 5763
f 5763 5680 5764
f 5764 5680 5743
f 5765 5766 5762
f 5762 5766 5757
f 5768 5769 5767
f 5767 5769 5770
f 5771 5772 5770
f 5770 5772 5767
f 5770 5769 5774
f 5774 5769 5773
f 5775 5776 5774
f 5774 5776 5777
f 5773 5778 5774
f 5774 5778 5775
f 5779 5766 5773
f 5773 5766 5778
f 5777 5771 5774
f 5774 5771 5770
f 5780 5781 5783
f 5783 5781 5782
f 5781 5780 5771
f 5771 5780 5772
f 5773 5769 5779
f 5779 5769 5768
f 5768 5759 5779
f 5779 5759 5758
f 5768 5784 5759
f 5759 5784 5760
f 5767 5785 5768
f 5768 5785 5784
f 5785 5767 5786
f 5786 5767 5772
f 5766 5779 5757
f 5757 5779 5758
f 5780 5787 5772
f 5772 5787 5786
f 5785 5786 5788
f 5788 5786 5789
f 5786 5787 5789
f 5789 5787 5790
f 5788 5789 5791
f 5791 5789 5792
f 5791 5793 5788
f 5788 5793 5794
f 5795 5792 5790
f 5790 5792 5789
f 5785 5788 5784
f 5784 5788 5794
f 5784 5794 5760
f 5760 5794 5761
f 5787 5780 5796
f 5796 5780 5783
f 5775 5778 5797
f 5797 5778 5766
f 5797 5798 5775
f 5775 5798 5776
f 5766 5765 5797
f 5797 5765 5799
f 5798 5797 5800
f 5800 5797 5799
f 5798 5801 5776
f 5776 5801 5802
f 5707 5761 5694
f 5694 5761 5803
f 5695 5804 5743
f 5743 5804 5764
f 5804 5695 5803
f 5803 5695 5694
f 5803 5793 5804
f 5804 5793 5805
f 5793 5791 5805
f 5805 5791 5806
f 5804 5805 5764
f 5764 5805 5807
f 5803 5761 5793
f 5793 5761 5794
f 5808 5763 5807
f 5807 5763 5764
f 5808 5765 5763
f 5763 5765 5762
f 5809 5799 5808
f 5808 5799 5765
f 5809 5808 5810
f 5810 5808 5807
f 5811 5809 5812
f 5812 5809 5810
f 5805 5806 5807
f 5807 5806 5810
f 5806 5813 5810
f 5810 5813 5812
f 5799 5809 5800
f 5800 5809 5811
f 5815 5800 5814
f 5814 5800 5811
f 5814 5817 5816
f 5816 5817 5818
f 5814 5811 5817
f 5817 5811 5812
f 5814 5816 5815
f 5815 5816 5796
f 5815 5796 5801
f 5801 5796 5783
f 5801 5798 5815
f 5815 5798 5800
f 5791 5792 5806
f 5806 5792 5813
f 5818 5813 5795
f 5795 5813 5792
f 5818 5817 5813
f 5813 5817 5812
f 5816 5818 5790
f 5790 5818 5795
f 5790 5787 5816
f 5816 5787 5796
f 5771 5777 5781
f 5781 5777 5782
f 5782 5802 5783
f 5783 5802 5801
f 5782 5777 5802
f 5802 5777 5776
f 5588 5587 5722
f 5722 5587 5720
f 5591 5619 5592
f 5592 5619 5618
f 5625 5624 5648
f 5648 5624 5649
f 5624 5627 5649
f 5649 5627 5643
f 5631 5630 5725
f 5725 5630 5640
f 5625 5648 5591
f 5591 5648 5619
f 5588 5722 5723
f 5723 5722 5736
f 5631 5725 5592
f 5592 5725 5589
f 5723 5630 5666
f 5666 5630 5629
f 5587 5627 5720
f 5720 5627 5626
f 5820 5821 5819
f 5819 5821 5822
f 5824 5825 5823
f 5823 5825 5826
f 5823 5826 5827
f 5827 5826 5828
f 5829 5830 5832
f 5832 5830 5831
f 5518 5833 5708
f 5708 5833 5834
f 5835 5836 5824
f 5824 5836 5825
f 5838 5839 5837
f 5837 5839 5840
f 5751 5684 5842
f 5842 5684 5841
f 5843 5841 5724
f 5724 5841 5684
f 5845 5846 5844
f 5844 5846 5847
f 5848 5830 5836
f 5836 5830 5825
f 5518 5751 5833
f 5833 5751 5842
f 5839 5838 5821
f 5821 5838 5849
f 5850 5848 5822
f 5822 5848 5836
f 5851 5845 5828
f 5828 5845 5852
f 5854 5855 5853
f 5853 5855 5856
f 5845 5844 5852
f 5852 5844 5857
f 5858 5827 5852
f 5852 5827 5828
f 5851 5828 5829
f 5829 5828 5826
f 5819 5859 5820
f 5820 5859 5860
f 5835 5861 5819
f 5819 5861 5859
f 5851 5829 5862
f 5862 5829 5832
f 5844 5847 5837
f 5837 5847 5834
f 5819 5822 5835
f 5835 5822 5836
f 5823 5863 5824
f 5824 5863 5864
f 5849 5850 5821
f 5821 5850 5822
f 5825 5830 5826
f 5826 5830 5829
f 5820 5860 5865
f 5865 5860 5866
f 5858 5854 5867
f 5867 5854 5853
f 5854 5857 5855
f 5855 5857 5840
f 5855 5865 5856
f 5856 5865 5866
f 5837 5840 5844
f 5844 5840 5857
f 5827 5858 5868
f 5868 5858 5867
f 5824 5864 5835
f 5835 5864 5861
f 5732 5731 5862
f 5862 5731 5846
f 5863 5823 5868
f 5868 5823 5827
f 5843 5831 5848
f 5848 5831 5830
f 5854 5858 5857
f 5857 5858 5852
f 5855 5840 5865
f 5865 5840 5839
f 5865 5839 5820
f 5820 5839 5821
f 5868 5867 5870
f 5870 5867 5869
f 5868 5870 5863
f 5863 5870 5871
f 5863 5871 5864
f 5864 5871 5872
f 5864 5872 5861
f 5861 5872 5873
f 5867 5853 5869
f 5869 5853 5874
f 5853 5856 5874
f 5874 5856 5875
f 5856 5866 5875
f 5875 5866 5876
f 5877 5878 5874
f 5874 5878 5869
f 5880 5881 5879
f 5879 5881 5882
f 5883 5884 5880
f 5880 5884 5881
f 5881 5884 5886
f 5886 5884 5885
f 5887 5888 5886
f 5886 5888 5889
f 5885 5890 5886
f 5886 5890 5887
f 5889 5882 5886
f 5886 5882 5881
f 5882 5891 5879
f 5879 5891 5892
f 5885 5884 5893
f 5893 5884 5883
f 5883 5871 5893
f 5893 5871 5870
f 5883 5894 5871
f 5871 5894 5872
f 5880 5895 5883
f 5883 5895 5894
f 5896 5895 5879
f 5879 5895 5880
f 5893 5878 5885
f 5885 5878 5890
f 5878 5893 5869
f 5869 5893 5870
f 5897 5896 5892
f 5892 5896 5879
f 5895 5896 5898
f 5898 5896 5899
f 5896 5897 5899
f 5899 5897 5900
f 5898 5899 5901
f 5901 5899 5902
f 5901 5903 5898
f 5898 5903 5904
f 5900 5905 5899
f 5899 5905 5902
f 5898 5904 5895
f 5895 5904 5894
f 5894 5904 5872
f 5872 5904 5873
f 5897 5892 5907
f 5907 5892 5906
f 5892 5891 5906
f 5906 5891 5908
f 5887 5890 5909
f 5909 5890 5878
f 5888 5887 5910
f 5910 5887 5909
f 5878 5877 5909
f 5909 5877 5911
f 5909 5911 5910
f 5910 5911 5912
f 5913 5914 5910
f 5910 5914 5888
f 5908 5914 5906
f 5906 5914 5913
f 5861 5873 5859
f 5859 5873 5915
f 5860 5916 5866
f 5866 5916 5876
f 5916 5860 5915
f 5915 5860 5859
f 5915 5903 5916
f 5916 5903 5917
f 5903 5901 5917
f 5917 5901 5918
f 5916 5917 5876
f 5876 5917 5919
f 5903 5915 5904
f 5904 5915 5873
f 5920 5875 5919
f 5919 5875 5876
f 5920 5877 5875
f 5875 5877 5874
f 5920 5921 5877
f 5877 5921 5911
f 5921 5920 5922
f 5922 5920 5919
f 5923 5921 5924
f 5924 5921 5922
f 5917 5918 5919
f 5919 5918 5922
f 5918 5925 5922
f 5922 5925 5924
f 5921 5923 5911
f 5911 5923 5912
f 5927 5912 5926
f 5926 5912 5923
f 5926 5929 5928
f 5928 5929 5930
f 5926 5923 5929
f 5929 5923 5924
f 5926 5928 5927
f 5927 5928 5907
f 5927 5907 5913
f 5913 5907 5906
f 5913 5910 5927
f 5927 5910 5912
f 5901 5902 5918
f 5918 5902 5925
f 5930 5925 5905
f 5905 5925 5902
f 5930 5929 5925
f 5925 5929 5924
f 5928 5930 5900
f 5900 5930 5905
f 5900 5897 5928
f 5928 5897 5907
f 5882 5889 5891
f 5891 5889 5908
f 5908 5889 5914
f 5914 5889 5888
f 5832 5831 5641
f 5641 5831 5639
f 5833 5838 5834
f 5834 5838 5837
f 5842 5841 5849
f 5849 5841 5850
f 5841 5843 5850
f 5850 5843 5848
f 5847 5846 5739
f 5739 5846 5731
f 5842 5849 5833
f 5833 5849 5838
f 5862 5832 5732
f 5732 5832 5641
f 5847 5739 5834
f 5834 5739 5708
f 5862 5846 5851
f 5851 5846 5845
f 5831 5843 5639
f 5639 5843 5724
f 5676 5732 5595
f 5595 5732 5641
f 5676 5461 5660
f 5660 5461 5464
f 5461 5460 5464
f 5464 5460 5465
f 5460 5674 5465
f 5465 5674 5661
f 5931 5932 5934
f 5934 5932 5933
f 5936 5937 5935
f 5935 5937 5938
f 5935 5938 5939
f 5939 5938 5940
f 5942 5943 5941
f 5941 5943 5944
f 5945 5946 5936
f 5936 5946 5937
f 5948 5949 5947
f 5947 5949 5950
f 5951 5952 5519
f 5519 5952 5593
f 5953 5951 5709
f 5709 5951 5519
f 5955 5956 5954
f 5954 5956 5957
f 5958 5942 5946
f 5946 5942 5937
f 5948 5959 5949
f 5949 5959 5933
f 5960 5958 5934
f 5934 5958 5946
f 5961 5955 5940
f 5940 5955 5962
f 5963 5964 5966
f 5966 5964 5965
f 5955 5954 5962
f 5962 5954 5967
f 5968 5939 5962
f 5962 5939 5940
f 5961 5940 5941
f 5941 5940 5938
f 5931 5969 5932
f 5932 5969 5970
f 5945 5971 5931
f 5931 5971 5969
f 5941 5944 5961
f 5961 5944 5972
f 5954 5957 5947
f 5947 5957 5973
f 5945 5931 5946
f 5946 5931 5934
f 5935 5974 5936
f 5936 5974 5975
f 5959 5960 5933
f 5933 5960 5934
f 5937 5942 5938
f 5938 5942 5941
f 5932 5970 5976
f 5976 5970 5977
f 5968 5964 5978
f 5978 5964 5963
f 5965 5964 5950
f 5950 5964 5967
f 5976 5977 5965
f 5965 5977 5966
f 5947 5950 5954
f 5954 5950 5967
f 5939 5968 5979
f 5979 5968 5978
f 5936 5975 5945
f 5945 5975 5971
f 5972 5754 5956
f 5956 5754 5617
f 5974 5935 5979
f 5979 5935 5939
f 5953 5943 5958
f 5958 5943 5942
f 5964 5968 5967
f 5967 5968 5962
f 5965 5950 5976
f 5976 5950 5949
f 5976 5949 5932
f 5932 5949 5933
f 5979 5978 5981
f 5981 5978 5980
f 5979 5981 5974
f 5974 5981 5982
f 5974 5982 5975
f 5975 5982 5983
f 5975 5983 5971
f 5971 5983 5984
f 5978 5963 5980
f 5980 5963 5985
f 5963 5966 5985
f 5985 5966 5986
f 5986 5966 5987
f 5987 5966 5977
f 5988 5989 5985
f 5985 5989 5980
f 5991 5992 5990
f 5990 5992 5993
f 5994 5995 5991
f 5991 5995 5992
f 5992 5995 5997
f 5997 5995 5996
f 5998 5999 5997
f 5997 5999 6000
f 5996 6001 5997
f 5997 6001 5998
f 6000 5993 5997
f 5997 5993 5992
f 6002 6003 5993
f 5993 6003 5990
f 5995 5994 5996
f 5996 5994 6004
f 5994 5982 6004
f 6004 5982 5981
f 5994 6005 5982
f 5982 6005 5983
f 5991 6006 5994
f 5994 6006 6005
f 6006 5991 6007
f 6007 5991 5990
f 5996 6004 6001
f 6001 6004 5989
f 5989 6004 5980
f 5980 6004 5981
f 6003 6008 5990
f 5990 6008 6007
f 6009 6006 6010
f 6010 6006 6007
f 6008 6011 6007
f 6007 6011 6010
f 6012 6009 6013
f 6013 6009 6010
f 6009 6012 6015
f 6015 6012 6014
f 6011 6016 6010
f 6010 6016 6013
f 6006 6009 6005
f 6005 6009 6015
f 6005 6015 5983
f 5983 6015 5984
f 6008 6003 6018
f 6018 6003 6017
f 6003 6002 6017
f 6017 6002 6019
f 5998 6001 6020
f 6020 6001 5989
f 5999 5998 6021
f 6021 5998 6020
f 5989 5988 6020
f 6020 5988 6022
f 6021 6020 6023
f 6023 6020 6022
f 6021 6024 5999
f 5999 6024 6025
f 6019 6025 6017
f 6017 6025 6024
f 5971 5984 5969
f 5969 5984 6026
f 5970 6027 5977
f 5977 6027 5987
f 6027 5970 6026
f 6026 5970 5969
f 6026 6014 6027
f 6027 6014 6028
f 6014 6012 6028
f 6028 6012 6029
f 6027 6028 5987
f 5987 6028 6030
f 6026 5984 6014
f 6014 5984 6015
f 6031 5986 6030
f 6030 5986 5987
f 6031 5988 5986
f 5986 5988 5985
f 6032 6022 6031
f 6031 6022 5988
f 6032 6031 6033
f 6033 6031 6030
f 6034 6032 6035
f 6035 6032 6033
f 6028 6029 6030
f 6030 6029 6033
f 6029 6036 6033
f 6033 6036 6035
f 6032 6034 6022
f 6022 6034 6023
f 6038 6023 6037
f 6037 6023 6034
f 6037 6040 6039
f 6039 6040 6041
f 6037 6034 6040
f 6040 6034 6035
f 6037 6039 6038
f 6038 6039 6018
f 6038 6018 6024
f 6024 6018 6017
f 6024 6021 6038
f 6038 6021 6023
f 6012 6013 6029
f 6029 6013 6036
f 6041 6036 6016
f 6016 6036 6013
f 6041 6040 6036
f 6036 6040 6035
f 6041 6016 6039
f 6039 6016 6011
f 6011 6008 6039
f 6039 6008 6018
f 5993 6000 6002
f 6002 6000 6019
f 6019 6000 6025
f 6025 6000 5999
f 5943 5756 5944
f 5944 5756 5755
f 6042 5948 5973
f 5973 5948 5947
f 5952 5951 5959
f 5959 5951 5960
f 5951 5953 5960
f 5960 5953 5958
f 5616 5957 5617
f 5617 5957 5956
f 6042 5952 5948
f 5948 5952 5959
f 5944 5755 5972
f 5972 5755 5754
f 5957 5616 5973
f 5973 5616 5652
f 5956 5955 5972
f 5972 5955 5961
f 5943 5953 5756
f 5756 5953 5709
f 6044 6045 6043
f 6043 6045 6046
f 6048 6049 6047
f 6047 6049 6050
f 6047 6050 6051
f 6051 6050 6052
f 6054 6055 6053
f 6053 6055 6056
f 6057 6058 6060
f 6060 6058 6059
f 6061 6062 6048
f 6048 6062 6049
f 6063 6064 6066
f 6066 6064 6065
f 6067 6068 6070
f 6070 6068 6069
f 6071 6069 5653
f 5653 6069 6068
f 6072 6073 6075
f 6075 6073 6074
f 6062 6076 6049
f 6049 6076 6054
f 6058 6067 6059
f 6059 6067 6070
f 6064 6077 6065
f 6065 6077 6045
f 6078 6076 6046
f 6046 6076 6062
f 6073 6080 6079
f 6079 6080 6052
f 6082 6083 6081
f 6081 6083 6084
f 6072 6085 6073
f 6073 6085 6080
f 6086 6051 6080
f 6080 6051 6052
f 6079 6052 6053
f 6053 6052 6050
f 6043 6087 6044
f 6044 6087 6088
f 6061 6089 6043
f 6043 6089 6087
f 6053 6056 6079
f 6079 6056 6090
f 6063 6072 6060
f 6060 6072 6075
f 6043 6046 6061
f 6061 6046 6062
f 6047 6091 6048
f 6048 6091 6092
f 6077 6078 6045
f 6045 6078 6046
f 6049 6054 6050
f 6050 6054 6053
f 6044 6088 6093
f 6093 6088 6094
f 6086 6082 6095
f 6095 6082 6081
f 6083 6082 6066
f 6066 6082 6085
f 6093 6094 6083
f 6083 6094 6084
f 6072 6063 6085
f 6085 6063 6066
f 6051 6086 6096
f 6096 6086 6095
f 6048 6092 6061
f 6061 6092 6089
f 5656 5655 6090
f 6090 5655 6074
f 6091 6047 6096
f 6096 6047 6051
f 6071 6055 6076
f 6076 6055 6054
f 6082 6086 6085
f 6085 6086 6080
f 6093 6083 6065
f 6065 6083 6066
f 6044 6093 6045
f 6045 6093 6065
f 6096 6095 6098
f 6098 6095 6097
f 6096 6098 6091
f 6091 6098 6099
f 6091 6099 6092
f 6092 6099 6100
f 6092 6100 6089
f 6089 6100 6101
f 6095 6081 6097
f 6097 6081 6102
f 6081 6084 6102
f 6102 6084 6103
f 6103 6084 6104
f 6104 6084 6094
f 6106 6097 6105
f 6105 6097 6102
f 6107 6108 6110
f 6110 6108 6109
f 6111 6112 6108
f 6108 6112 6109
f 6109 6112 6114
f 6114 6112 6113
f 6114 6115 6117
f 6117 6115 6116
f 6113 6118 6114
f 6114 6118 6115
f 6117 6110 6114
f 6114 6110 6109
f 6110 6119 6107
f 6107 6119 6120
f 6112 6111 6113
f 6113 6111 6121
f 6111 6099 6121
f 6121 6099 6098
f 6111 6122 6099
f 6099 6122 6100
f 6123 6122 6108
f 6108 6122 6111
f 6124 6123 6107
f 6107 6123 6108
f 6113 6121 6118
f 6118 6121 6106
f 6106 6121 6097
f 6097 6121 6098
f 6125 6124 6120
f 6120 6124 6107
f 6126 6123 6127
f 6127 6123 6124
f 6125 6128 6124
f 6124 6128 6127
f 6129 6126 6130
f 6130 6126 6127
f 6126 6129 6132
f 6132 6129 6131
f 6128 6133 6127
f 6127 6133 6130
f 6123 6126 6122
f 6122 6126 6132
f 6122 6132 6100
f 6100 6132 6101
f 6120 6134 6125
f 6125 6134 6135
f 6120 6119 6134
f 6134 6119 6136
f 6115 6118 6137
f 6137 6118 6106
f 6115 6137 6116
f 6116 6137 6138
f 6137 6106 6139
f 6139 6106 6105
f 6138 6137 6140
f 6140 6137 6139
f 6141 6142 6138
f 6138 6142 6116
f 6136 6142 6134
f 6134 6142 6141
f 6089 6101 6087
f 6087 6101 6143
f 6088 6144 6094
f 6094 6144 6104
f 6143 6144 6087
f 6087 6144 6088
f 6131 6145 6143
f 6143 6145 6144
f 6129 6146 6131
f 6131 6146 6145
f 6144 6145 6104
f 6104 6145 6147
f 6143 6101 6131
f 6131 6101 6132
f 6148 6103 6147
f 6147 6103 6104
f 6103 6148 6102
f 6102 6148 6105
f 6148 6149 6105
f 6105 6149 6139
f 6149 6148 6150
f 6150 6148 6147
f 6151 6149 6152
f 6152 6149 6150
f 6145 6146 6147
f 6147 6146 6150
f 6146 6153 6150
f 6150 6153 6152
f 6149 6151 6139
f 6139 6151 6140
f 6155 6140 6154
f 6154 6140 6151
f 6154 6157 6156
f 6156 6157 6158
f 6154 6151 6157
f 6157 6151 6152
f 6154 6156 6155
f 6155 6156 6135
f 6155 6135 6141
f 6141 6135 6134
f 6141 6138 6155
f 6155 6138 6140
f 6146 6129 6153
f 6153 6129 6130
f 6158 6153 6133
f 6133 6153 6130
f 6158 6157 6153
f 6153 6157 6152
f 6156 6158 6128
f 6128 6158 6133
f 6128 6125 6156
f 6156 6125 6135
f 6110 6117 6119
f 6119 6117 6136
f 6136 6117 6142
f 6142 6117 6116
f 6055 5615 6056
f 6056 5615 5752
f 6060 6059 6063
f 6063 6059 6064
f 6077 6070 6078
f 6078 6070 6069
f 6069 6071 6078
f 6078 6071 6076
f 6159 6057 6075
f 6075 6057 6060
f 6059 6070 6064
f 6064 6070 6077
f 6056 5752 6090
f 6090 5752 5656
f 6090 6074 6079
f 6079 6074 6073
f 6055 6071 5615
f 5615 6071 5653
f 5547 5471 6160
f 6160 5471 6161
f 5729 5577 6163
f 6163 5577 6162
f 5577 5576 6162
f 6162 5576 6164
f 5713 6165 5711
f 5711 6165 6166
f 5474 5729 6167
f 6167 5729 6163
f 5750 5547 6168
f 6168 5547 6160
f 5471 5474 6161
f 6161 5474 6167
f 6169 5712 6168
f 6168 5712 5750
f 5711 6166 5576
f 5576 6166 6164
f 6165 5713 6169
f 6169 5713 5712
f 6168 6170 6169
f 6169 6170 6171
f 6169 6171 6165
f 6165 6171 6172
f 6165 6172 6166
f 6166 6172 6173
f 6166 6173 6164
f 6164 6173 6174
f 6168 6160 6170
f 6170 6160 6175
f 6160 6161 6175
f 6175 6161 6176
f 6161 6167 6176
f 6176 6167 6177
f 6179 6170 6178
f 6178 6170 6175
f 6181 6182 6180
f 6180 6182 6183
f 6184 6185 6181
f 6181 6185 6182
f 6186 6187 6185
f 6185 6187 6182
f 6186 6188 6187
f 6187 6188 6189
f 6190 6183 6187
f 6187 6183 6182
f 6183 6190 6191
f 6191 6190 6192
f 6191 6193 6183
f 6183 6193 6180
f 6186 6185 6194
f 6194 6185 6184
f 6184 6172 6194
f 6194 6172 6171
f 6184 6195 6172
f 6172 6195 6173
f 6181 6196 6184
f 6184 6196 6195
f 6196 6181 6197
f 6197 6181 6180
f 6186 6194 6188
f 6188 6194 6179
f 6179 6194 6170
f 6170 6194 6171
f 6193 6198 6180
f 6180 6198 6197
f 6199 6196 6200
f 6200 6196 6197
f 6198 6201 6197
f 6197 6201 6200
f 6202 6199 6203
f 6203 6199 6200
f 6199 6202 6205
f 6205 6202 6204
f 6201 6206 6200
f 6200 6206 6203
f 6196 6199 6195
f 6195 6199 6205
f 6195 6205 6173
f 6173 6205 6174
f 6198 6193 6208
f 6208 6193 6207
f 6193 6191 6207
f 6207 6191 6192
f 6189 6188 6209
f 6209 6188 6179
f 6210 6189 6211
f 6211 6189 6209
f 6209 6179 6212
f 6212 6179 6178
f 6211 6209 6213
f 6213 6209 6212
f 6211 6214 6210
f 6210 6214 6215
f 6192 6215 6207
f 6207 6215 6214
f 6190 6187 6210
f 6210 6187 6189
f 6192 6190 6215
f 6215 6190 6210
f 6162 6164 6216
f 6216 6164 6174
f 6167 6163 6177
f 6177 6163 6217
f 6216 6217 6162
f 6162 6217 6163
f 6204 6218 6216
f 6216 6218 6217
f 6202 6219 6204
f 6204 6219 6218
f 6217 6218 6177
f 6177 6218 6220
f 6216 6174 6204
f 6204 6174 6205
f 6221 6176 6220
f 6220 6176 6177
f 6176 6221 6175
f 6175 6221 6178
f 6221 6222 6178
f 6178 6222 6212
f 6222 6221 6223
f 6223 6221 6220
f 6224 6222 6225
f 6225 6222 6223
f 6218 6219 6220
f 6220 6219 6223
f 6219 6226 6223
f 6223 6226 6225
f 6222 6224 6212
f 6212 6224 6213
f 6228 6213 6227
f 6227 6213 6224
f 6229 6227 6231
f 6231 6227 6230
f 6227 6224 6230
f 6230 6224 6225
f 6227 6229 6228
f 6228 6229 6208
f 6228 6208 6214
f 6214 6208 6207
f 6214 6211 6228
f 6228 6211 6213
f 6219 6202 6226
f 6226 6202 6203
f 6231 6226 6206
f 6206 6226 6203
f 6231 6230 6226
f 6226 6230 6225
f 6229 6231 6201
f 6201 6231 6206
f 6201 6198 6229
f 6229 6198 6208
f 5674 5672 5661
f 5661 5672 5662
f 5662 5672 5663
f 5663 5672 5646
f 5651 6042 5652
f 5652 6042 5973
f 5518 5517 5751
f 5751 5517 5733
f 5738 5660 5753
f 5753 5660 5637
f 5752 5636 5656
f 5656 5636 5526
f 5952 6042 5593
f 5593 6042 5651
f 5593 5651 5594
f 5594 5651 5650
f 5600 5737 5514
f 5514 5737 5515
f 5546 5545 5740
f 5740 5545 6232
f 6232 6058 5740
f 5740 6058 6057
f 6067 6058 6233
f 6233 6058 6232
f 6233 6232 6234
f 6234 6232 5545
f 6234 5545 6235
f 6235 5545 5544
f 5606 6236 5543
f 5543 6236 5544
f 6235 5544 5539
f 5539 5544 6236
f 6237 6235 5542
f 5542 6235 5539
f 6235 6237 6234
f 6234 6237 6238
f 6234 6238 6233
f 6233 6238 6239
f 5653 6068 5650
f 5650 6068 6239
f 5642 5513 6240
f 6240 5513 5516
f 5539 6236 5540
f 5540 6236 5606
f 5636 5614 5637
f 5637 5614 5753
f 6239 5737 5650
f 5650 5737 5594
f 6239 6068 6233
f 6233 6068 6067
f 6075 6074 6159
f 6159 6074 5655
f 6057 6159 5740
f 5740 6159 5655
f 5515 5737 6238
f 6238 5737 6239
f 6238 6237 5515
f 5515 6237 5516
f 5542 6240 6237
f 6237 6240 5516
f 6240 5542 5642
f 5642 5542 5541
f 5702 5699 5541
f 5541 5699 5642
f 5582 5475 5717
f 5470 5443 5537
f 5537 5443 5504
f 5469 5444 5470
f 5470 5444 5443
f 5726 5557 5727
f 5727 5557 5556
f 5537 5504 5511
f 5511 5504 5506
f 5504 5503 5506
f 5506 5503 5507
f 5503 5455 5507
f 5507 5455 5581
f 5455 5454 5581
f 5581 5454 5456
f 5473 5453 5474
f 5474 5453 5729
f 5457 5454 5473
f 5473 5454 5453
f 5473 5472 5457
f 5457 5472 5686
f 5472 5548 5686
f 5686 5548 5687
f 5749 5693 5548
f 5548 5693 5687
f 5715 5532 5749
f 5749 5532 5693
f 5714 5486 5715
f 5715 5486 5532
f 5714 5710 5486
f 5486 5710 5449
f 5728 5578 5729
f 5729 5578 5577
f 5452 5445 5698
f 5698 5445 5558
f 5445 5444 5558
f 5558 5444 5556
f 5444 5469 5556
f 5556 5469 5727
f 5469 5468 5727
f 5727 5468 5555
f 5468 5747 5555
f 5555 5747 5552
f 5747 5700 5552
f 5552 5700 5716
f 5700 5699 5716
f 5716 5699 5717
f 5699 5702 5717
f 5717 5702 5582
f 5702 5701 5582
f 5582 5701 5583
f 5726 5479 5557
f 5557 5479 5483
f 5483 5479 5484
f 5484 5479 5482
f 5534 5533 5482
f 5482 5533 5484
f 5691 5688 5534
f 5534 5688 5533
f 5644 5647 5691
f 5691 5647 5688
f 5719 5746 5701
f 5701 5746 5583
f 5718 5497 5719
f 5719 5497 5746
f 5718 5605 5654
f 5654 5605 5638
f 5498 5654 5657
f 5657 5654 5633
f 5497 5718 5498
f 5498 5718 5654
f 5657 5527 5498
f 5498 5527 5494
f 5528 5570 5495
f 5495 5570 5521
f 5665 5668 5528
f 5528 5668 5570
f 5664 5671 5665
f 5665 5671 5668
f 5645 5741 5664
f 5664 5741 5671
f 5644 5696 5645
f 5645 5696 5741
f 5710 5575 5449
f 5449 5575 5450
f 5575 5578 5450
f 5450 5578 5698
f 5578 5728 5698
f 5698 5728 5452
f 5452 5728 5451
f 5451 5728 5453
f 3619 6241 3620
f 3620 6241 6242
f 6243 6244 3628
f 3628 6244 3629
f 6245 6246 3634
f 3634 6246 3631
f 6247 6248 3636
f 3636 6248 3637
f 6249 6250 3642
f 3642 6250 3639
f 3639 6250 3643
f 3643 6250 6251
f 3743 6252 3744
f 3744 6252 6253
f 6246 6243 3631
f 3631 6243 3628
f 3753 6254 3754
f 3754 6254 6255
f 3857 6256 3619
f 3619 6256 6241
f 6257 6245 3932
f 3932 6245 3634
f 6242 6247 3620
f 3620 6247 3636
f 6258 6259 3946
f 3946 6259 3947
f 6260 6249 3948
f 3948 6249 3642
f 6244 6258 3629
f 3629 6258 3946
f 3947 6259 3753
f 3753 6259 6254
f 6248 6260 3637
f 3637 6260 3948
f 3643 6251 3743
f 3743 6251 6252
f 3744 6253 3932
f 3932 6253 6257
f 6250 6249 6251
f 6251 6249 6252
f 6245 6261 6246
f 6246 6261 6262
f 6263 6264 6247
f 6247 6264 6248
f 6252 6265 6253
f 6253 6265 6266
f 6246 6262 6243
f 6243 6262 6267
f 6268 6261 6257
f 6257 6261 6245
f 6269 6263 6242
f 6242 6263 6247
f 6270 6271 6260
f 6260 6271 6249
f 6264 6270 6248
f 6248 6270 6260
f 6253 6266 6257
f 6257 6266 6268
f 6249 6271 6252
f 6252 6271 6265
f 6254 6259 6272
f 6272 6259 6273
f 6266 6265 6270
f 6270 6265 6271
f 6268 6266 6264
f 6264 6266 6270
f 6261 6268 6263
f 6263 6268 6264
f 6269 6262 6263
f 6263 6262 6261
f 4186 4185 6274
f 6274 4185 6275
f 6241 6276 6242
f 6242 6276 6269
f 6258 6244 6277
f 6277 6244 6278
f 6256 6279 6241
f 6241 6279 6276
f 6259 6258 6273
f 6273 6258 6277
f 6243 6267 6244
f 6244 6267 6278
f 6276 6267 6269
f 6269 6267 6262
f 6254 6272 6255
f 6255 6272 6280
f 3865 3713 3888
f 3888 3713 3685
f 5242 5233 3892
f 3892 5233 3711
f 3900 5243 3892
f 3892 5243 5242
f 3734 3866 3900
f 3900 3866 5243
f 4117 6281 4118
f 4118 6281 6282
f 4118 6282 4278
f 4278 6282 4879
f 4717 4887 4718
f 4718 4887 4280
f 4792 4278 4882
f 4882 4278 4879
f 4795 4792 6283
f 6283 4792 4882
f 4852 4851 5012
f 5012 4851 6284
f 4856 5207 4857
f 4857 5207 4858
f 4860 4279 4857
f 4857 4279 4854
f 4718 4280 4860
f 4860 4280 4279
f 4864 4863 4745
f 4745 4863 4742
f 5366 4867 5011
f 5011 4867 4866
f 4871 4884 4872
f 4872 4884 4883
f 4872 4883 4117
f 4117 4883 6281
f 6284 4851 6283
f 6283 4851 4795
f 4852 4866 4853
f 4853 4866 4865
f 4871 4870 4856
f 4856 4870 5207
f 4717 4716 4864
f 4864 4716 4861
f 4868 4867 4862
f 4862 4867 4863
f 4268 4855 4269
f 4269 4855 4854
f 4281 4274 4282
f 4282 4274 4765
f 4744 4743 4907
f 4907 4743 4904
f 4874 4881 4820
f 4820 4881 4880
f 4885 5013 4886
f 4886 5013 4980
f 4888 4275 4281
f 4281 4275 4274
f 4902 6282 4903
f 4903 6282 6281
f 6283 4979 6284
f 6284 4979 4978
f 4282 4765 4269
f 4269 4765 4266
f 4880 4879 4902
f 4902 4879 6282
f 4903 6281 4886
f 4886 6281 4883
f 4882 4881 6283
f 6283 4881 4979
f 5013 4885 4267
f 4267 4885 4268
f 4888 4887 4744
f 4744 4887 4745
f 4410 6285 4411
f 4411 6285 4812
f 4750 4749 6286
f 6286 4749 6287
f 6289 4695 6288
f 6288 4695 4255
f 4750 4675 4751
f 4751 4675 4965
f 6290 6291 4963
f 4963 6291 4960
f 4807 4806 4411
f 4411 4806 4408
f 6292 6293 4959
f 4959 6293 4956
f 4958 6294 4959
f 4959 6294 4955
f 4962 4964 4963
f 4963 4964 4805
f 4962 4961 4751
f 4751 4961 4748
f 6296 6297 6295
f 6295 6297 6298
f 6299 6300 6288
f 6288 6300 4735
f 6302 4961 6301
f 6301 4961 4960
f 6304 6287 6303
f 6303 6287 4749
f 4968 6305 4969
f 4969 6305 6306
f 4413 6308 6307
f 6307 6308 4900
f 6301 4960 6309
f 6309 4960 6291
f 4412 4408 6310
f 6310 4408 4806
f 4696 6311 4256
f 4256 6311 6312
f 6303 4749 6313
f 6313 4749 4748
f 6313 4748 6302
f 6302 4748 4961
f 6315 6316 6314
f 6314 6316 6317
f 4084 6318 6315
f 6315 6318 6316
f 4083 6319 4084
f 4084 6319 6318
f 4112 6320 4083
f 4083 6320 6319
f 6322 4138 6321
f 6321 4138 4137
f 6324 4128 6323
f 6323 4128 4127
f 4127 4193 6323
f 6323 4193 6325
f 4193 4891 6325
f 6325 4891 6326
f 4891 6327 6326
f 6326 6327 6328
f 6327 4824 5227
f 5227 4824 5228
f 5231 4684 6329
f 6329 4684 4683
f 4683 4099 6329
f 6329 4099 6330
f 4099 4102 6330
f 6330 4102 6331
f 4174 4826 4429
f 4429 4826 4829
f 4173 4741 4174
f 4174 4741 4826
f 4180 4738 4173
f 4173 4738 4741
f 6332 6333 4180
f 4180 6333 4738
f 6274 6334 4186
f 4186 6334 4188
f 4181 4825 4180
f 4180 4825 6332
f 5044 5213 5045
f 5045 5213 5165
f 5046 5087 5047
f 5047 5087 5222
f 5077 5063 5078
f 5078 5063 5198
f 5081 5099 5082
f 5082 5099 5194
f 5095 5074 5096
f 5096 5074 5073
f 5373 5170 5096
f 5096 5170 5093
f 5375 5171 5373
f 5373 5171 5170
f 5047 5222 5375
f 5375 5222 5171
f 5046 5038 5376
f 5376 5038 5067
f 5377 5086 5376
f 5376 5086 5085
f 5045 5165 5377
f 5377 5165 5086
f 5378 5214 5044
f 5044 5214 5213
f 5077 5034 5378
f 5378 5034 5214
f 5082 5194 5078
f 5078 5194 5035
f 5081 5080 5379
f 5379 5080 6335
f 5379 6335 5095
f 5095 6335 5074
f 5032 5080 5033
f 5033 5080 5079
f 5040 5017 5041
f 5041 5017 5016
f 5050 5043 5051
f 5051 5043 5042
f 5065 5023 5066
f 5066 5023 5022
f 5050 5049 5065
f 5065 5049 5023
f 5041 5016 5068
f 5068 5016 5020
f 5071 5374 5072
f 5072 5374 5200
f 5075 5156 5076
f 5076 5156 5155
f 5162 5212 5068
f 5068 5212 5067
f 5075 5074 5192
f 5192 5074 6335
f 5066 5022 5199
f 5199 5022 5196
f 5076 5155 5072
f 5072 5155 5069
f 5040 5039 5071
f 5071 5039 5374
f 5162 5161 5051
f 5051 5161 5048
f 5192 6335 5032
f 5032 6335 5080
f 5199 5196 5033
f 5033 5196 5030
f 5018 5211 5019
f 5019 5211 5408
f 5019 5408 5021
f 5021 5408 5163
f 5024 5057 5025
f 5025 5057 5415
f 5028 5048 5029
f 5029 5048 5161
f 5054 5031 5055
f 5055 5031 5030
f 5024 5023 5058
f 5058 5023 5049
f 5061 5070 5062
f 5062 5070 5069
f 5157 5438 5158
f 5158 5438 5442
f 5160 5191 5054
f 5054 5191 5031
f 5029 5161 5021
f 5021 5161 5020
f 5025 5415 5197
f 5197 5415 5220
f 5158 5442 5062
f 5062 5442 5059
f 5018 5017 5061
f 5061 5017 5070
f 5160 5159 5157
f 5157 5159 5438
f 5028 5027 5058
f 5058 5027 5056
f 5055 5030 5197
f 5197 5030 5196
f 5409 5380 5410
f 5410 5380 6336
f 5026 5413 5027
f 5027 5413 5412
f 5396 5417 5393
f 5393 5417 5416
f 5416 5057 5419
f 5419 5057 5056
f 5417 5396 5426
f 5426 5396 5420
f 5427 5423 5428
f 5428 5423 5422
f 5427 5059 5430
f 5430 5059 5442
f 5409 5408 5433
f 5433 5408 5211
f 5433 5211 5428
f 5428 5211 5060
f 5412 5411 5419
f 5419 5411 5418
f 5436 5053 5437
f 5437 5053 5052
f 5439 5402 5440
f 5440 5402 5401
f 5436 5435 5439
f 5439 5435 5402
f 5410 6336 5413
f 5413 6336 5414
f 5440 5401 5430
f 5430 5401 5429
f 5426 5420 5437
f 5437 5420 5434
f 5382 5432 5383
f 5383 5432 5384
f 5386 6336 5383
f 5383 6336 5380
f 6336 5386 5414
f 5414 5386 5388
f 5391 5418 5392
f 5392 5418 5411
f 5705 5395 5704
f 5704 5395 5394
f 5399 5435 5400
f 5400 5435 5434
f 5403 5441 5404
f 5404 5441 5405
f 5407 5429 5404
f 5404 5429 5401
f 5395 5705 5421
f 5421 5705 5748
f 5424 5706 5425
f 5425 5706 5431
f 5391 5390 5394
f 5394 5390 5704
f 5392 5388 5389
f 5389 5388 5387
f 5382 5381 5425
f 5425 5381 5422
f 5407 5406 5424
f 5424 5406 5706
f 5403 5402 5399
f 5399 5402 5435
f 5421 5748 5400
f 5400 5748 5397
f 4097 4721 4098
f 4098 4721 4231
f 4233 5273 4098
f 4098 5273 4095
f 6337 6338 4785
f 4785 6338 4786
f 4076 4780 4073
f 4073 4780 4781
f 4782 4190 4781
f 4781 4190 4073
f 4783 4901 4782
f 4782 4901 4190
f 4780 4076 4097
f 4097 4076 4721
f 6337 2879 4701
f 4701 2879 2878
f 5280 6339 5272
f 5272 6339 6340
f 5282 5281 6341
f 6341 5281 6342
f 4109 6302 4110
f 4110 6302 6301
f 4283 6304 4284
f 4284 6304 6303
f 6305 4379 6306
f 6306 4379 4378
f 4110 6301 4428
f 4428 6301 6309
f 6310 4688 4412
f 4412 4688 4687
f 4284 6303 4753
f 4753 6303 6313
f 4753 6313 4109
f 4109 6313 6302
f 6343 5226 4428
f 4428 5226 4427
f 4147 4900 4416
f 4416 4900 6308
f 6312 6311 4241
f 4241 6311 4720
f 5223 6344 4702
f 4702 6344 4699
f 4221 4220 6345
f 6345 4220 6346
f 5276 5275 6347
f 6347 5275 6348
f 5275 4728 6348
f 6348 4728 6349
f 4727 6350 5284
f 5284 6350 5285
f 6351 6352 6354
f 6354 6352 6353
f 5313 5312 5292
f 5292 5312 5293
f 5312 5344 5293
f 5293 5344 5337
f 5344 4914 5337
f 5337 4914 4916
f 4914 4913 4916
f 4916 4913 4917
f 4913 6355 4917
f 4917 6355 4978
f 6356 6357 6284
f 6284 6357 5012
f 6357 6358 5012
f 5012 6358 5011
f 5011 6358 5366
f 5366 6358 6359
f 6360 4742 6359
f 6359 4742 5366
f 4743 6361 4904
f 4904 6361 5364
f 5363 4905 5364
f 5364 4905 4904
f 5363 6362 4905
f 4905 6362 4207
f 6362 6363 4207
f 4207 6363 4208
f 6363 5342 4208
f 4208 5342 5330
f 5342 5341 5330
f 5330 5341 4244
f 5341 6364 4244
f 4244 6364 4245
f 6364 6365 4245
f 4245 6365 4246
f 6366 6367 4253
f 4253 6367 4250
f 4214 6368 4211
f 4211 6368 4380
f 4380 4379 4211
f 4211 4379 4283
f 4379 6305 4283
f 4283 6305 6304
f 6305 4968 6304
f 6304 4968 6287
f 4968 4967 6287
f 6287 4967 6286
f 4967 6297 6286
f 6286 6297 4676
f 6296 4376 4288
f 4288 4376 4285
f 4376 4373 4285
f 4285 4373 4290
f 6369 6370 6372
f 6372 6370 6371
f 5245 6373 5246
f 5246 6373 6374
f 4317 6375 4318
f 4318 6375 6376
f 4331 6377 4332
f 4332 6377 6378
f 6379 4333 6376
f 6376 4333 4318
f 4343 6380 4344
f 4344 6380 6381
f 4347 6382 4348
f 4348 6382 6383
f 4374 6371 4331
f 4331 6371 6377
f 4333 6379 4426
f 4426 6379 6384
f 4690 6385 4347
f 4347 6385 6382
f 4332 6378 4317
f 4317 6378 6375
f 4922 6386 4923
f 4923 6386 6387
f 6388 6389 4375
f 4375 6389 6390
f 6355 6356 4978
f 4978 6356 6284
f 4742 6360 4743
f 4743 6360 6361
f 6391 4238 6392
f 6392 4238 4719
f 6392 4719 6393
f 6393 4719 5296
f 6395 6396 6394
f 6394 6396 6397
f 6399 6400 6398
f 6398 6400 6401
f 6402 5302 6403
f 6403 5302 5303
f 5303 5321 6403
f 6403 5321 6404
f 5320 6405 5321
f 5321 6405 6404
f 5319 6406 5350
f 5350 6406 5351
f 5319 5318 6406
f 6406 5318 6407
f 5288 4197 6408
f 6408 4197 6409
f 4217 4216 6410
f 6410 4216 6411
f 5227 6412 6327
f 6327 6412 6328
f 4892 6413 5227
f 5227 6413 6412
f 4228 6414 4892
f 4892 6414 6413
f 4227 6415 4228
f 4228 6415 6414
f 4248 6416 4227
f 4227 6416 6415
f 4247 6417 4248
f 4248 6417 6416
f 6417 4247 6419
f 6419 4247 6418
f 6419 6418 6421
f 6421 6418 6420
f 6422 5301 6423
f 6423 5301 5300
f 6423 5300 6424
f 6424 5300 6399
f 6408 6409 6398
f 6398 6409 6425
f 6426 6427 6397
f 6397 6427 6394
f 6428 4224 6429
f 6429 4224 4223
f 6347 6346 5276
f 5276 6346 4220
f 6346 6347 6341
f 6341 6347 6339
f 5280 5278 5282
f 5282 5278 4236
f 4896 5224 4684
f 4684 5224 4681
f 4132 4135 4896
f 4896 4135 5224
f 4131 4136 4132
f 4132 4136 4135
f 4226 4754 4131
f 4131 4754 4136
f 4251 4213 4226
f 4226 4213 4754
f 4250 4214 4251
f 4251 4214 4213
f 4250 6367 4214
f 4214 6367 6368
f 6367 4910 6368
f 6368 4910 4737
f 4909 5297 4736
f 4736 5297 5296
f 5297 6395 5296
f 5296 6395 6393
f 6427 6430 6394
f 6394 6430 6431
f 6429 4383 6428
f 6428 4383 4382
f 4219 5277 4220
f 4220 5277 5276
f 4222 4697 4383
f 4383 4697 4218
f 6345 4699 4221
f 4221 4699 6344
f 6342 4700 6345
f 6345 4700 4699
f 4235 4786 5281
f 5281 4786 6338
f 4234 4787 4235
f 4235 4787 4786
f 5279 5278 6432
f 6432 5278 5271
f 4237 5279 6433
f 6433 5279 6432
f 4787 4234 6433
f 6433 4234 4237
f 6435 6436 6434
f 6434 6436 6437
f 6359 6438 6360
f 6360 6438 6437
f 6439 6440 6441
f 6441 6440 6438
f 6443 6439 6442
f 6442 6439 6441
f 6357 6356 6442
f 6442 6356 6444
f 6444 6446 6445
f 6445 6446 6447
f 4912 6446 4913
f 4913 6446 6355
f 6361 6436 5364
f 5364 6436 5365
f 5319 5350 5316
f 5316 5350 6448
f 4832 6449 5350
f 5350 6449 6448
f 4831 6450 4832
f 4832 6450 6449
f 5354 6451 5320
f 5320 6451 6405
f 4265 6452 5354
f 5354 6452 6451
f 4264 6453 4265
f 4265 6453 6452
f 6450 4831 6447
f 6447 4831 6445
f 4263 6435 4264
f 4264 6435 6434
f 6454 6453 6439
f 6439 6453 6440
f 6439 6443 6454
f 6454 6443 4834
f 4833 6455 4834
f 4834 6455 6454
f 5351 6456 4833
f 4833 6456 6455
f 6457 6391 6458
f 6458 6391 6392
f 6458 6392 6431
f 6431 6392 6393
f 5298 6396 5297
f 5297 6396 6395
f 6402 6400 5302
f 5302 6400 5299
f 6402 6403 6459
f 6459 6403 6460
f 6460 6403 6461
f 6461 6403 6404
f 6405 6462 6404
f 6404 6462 6461
f 6406 6462 5351
f 5351 6462 6456
f 6406 6407 6462
f 6462 6407 6461
f 6407 6463 6461
f 6461 6463 6460
f 6463 6464 6460
f 6460 6464 6459
f 6464 6465 6459
f 6459 6465 6401
f 6430 6466 6431
f 6431 6466 6458
f 6466 6410 6458
f 6458 6410 6457
f 6410 6411 6457
f 6457 6411 6467
f 6396 6424 6397
f 6397 6424 6425
f 6393 6395 6431
f 6431 6395 6394
f 6451 6456 6405
f 6405 6456 6462
f 6452 6455 6451
f 6451 6455 6456
f 6453 6454 6452
f 6452 6454 6455
f 6443 6445 4834
f 4834 6445 4831
f 6440 6453 6434
f 6434 6453 4264
f 6468 5306 5360
f 5360 5306 5305
f 6469 4124 6468
f 6468 4124 5306
f 6470 4125 6469
f 6469 4125 4124
f 6471 5291 6470
f 6470 5291 4125
f 6353 5292 6471
f 6471 5292 5291
f 5292 6353 5313
f 5313 6353 6352
f 5347 5314 6352
f 6352 5314 5313
f 5353 5318 5346
f 5346 5318 5317
f 5334 6468 5358
f 5358 6468 5360
f 5324 6469 5334
f 5334 6469 6468
f 5323 6470 5324
f 5324 6470 6469
f 5343 6471 5323
f 5323 6471 6470
f 6354 6353 5343
f 5343 6353 6471
f 6348 6349 4270
f 4270 6349 5311
f 5272 6340 5273
f 5273 6340 4272
f 6432 5271 4232
f 4232 5271 4233
f 4294 6432 4295
f 4295 6432 4232
f 6432 4294 6433
f 6433 4294 4301
f 4301 4300 6433
f 6433 4300 4787
f 4704 4784 4300
f 4300 4784 4787
f 4704 3013 4784
f 4784 3013 1307
f 5103 6472 5104
f 5104 6472 5202
f 5108 5116 5105
f 5105 5116 5115
f 5111 5124 5112
f 5112 5124 5123
f 5154 5205 5105
f 5105 5205 5106
f 5167 5180 5168
f 5168 5180 5185
f 5175 5188 5176
f 5176 5188 5187
f 5112 5123 5178
f 5178 5123 5120
f 5167 5090 5183
f 5183 5090 5089
f 5210 5151 5183
f 5183 5151 5181
f 5216 5138 5217
f 5217 5138 5137
f 5218 5119 5219
f 5219 5119 5221
f 5218 5178 5119
f 5119 5178 5120
f 5217 5137 5104
f 5104 5137 5101
f 5116 5108 5221
f 5221 5108 5219
f 5111 5110 5210
f 5210 5110 5151
f 5154 5153 5103
f 5103 5153 6472
f 5216 5215 5176
f 5176 5215 5173
f 5175 5174 5168
f 5168 5174 5166
f 5091 5172 5092
f 5092 5172 5208
f 5117 5037 5118
f 5118 5037 5036
f 5121 5164 5122
f 5122 5164 5133
f 5125 5084 5126
f 5126 5084 5083
f 5129 5174 5130
f 5130 5174 5173
f 5131 5202 5132
f 5132 5202 6472
f 5135 5221 5122
f 5122 5221 5119
f 5125 5124 5136
f 5136 5124 5209
f 5126 5083 5121
f 5121 5083 5164
f 5118 5036 5195
f 5195 5036 5193
f 5131 5097 5203
f 5203 5097 5114
f 5132 6472 5195
f 5195 6472 5153
f 5136 5209 5092
f 5092 5209 5089
f 5135 5134 5117
f 5117 5134 5037
f 5362 5206 5130
f 5130 5206 5127
f 5372 5371 5128
f 5128 5371 5129
f 5371 5372 5091
f 5091 5372 5172
f 5362 5215 5203
f 5203 5215 5201
f 6463 6407 5353
f 5353 6407 5318
f 6464 6463 5352
f 5352 6463 5353
f 6408 6465 5288
f 5288 6465 5289
f 4196 4224 6426
f 6426 4224 6427
f 6430 6427 6428
f 6428 6427 4224
f 6466 6430 4382
f 4382 6430 6428
f 6410 6466 4217
f 4217 6466 4382
f 4240 4239 3015
f 3015 4239 3016
f 4254 4257 3017
f 3017 4257 3018
f 6473 6474 4732
f 4732 6474 6475
f 6474 6374 6475
f 6475 6374 6373
f 5246 6374 3022
f 3022 6374 3023
f 4254 6299 4255
f 4255 6299 6288
f 6473 6300 3024
f 3024 6300 3025
f 6476 4257 6312
f 6312 4257 4256
f 4240 6476 4241
f 4241 6476 6312
f 6477 4239 6391
f 6391 4239 4238
f 6467 6477 6457
f 6457 6477 6391
f 6411 3029 6467
f 6467 3029 3028
f 4216 3030 6411
f 6411 3030 3029
f 6479 6480 6478
f 6478 6480 6481
f 6483 6484 6482
f 6482 6484 6485
f 6486 6487 4102
f 4102 6487 6331
f 6483 6488 6478
f 6478 6488 6489
f 4429 4829 6490
f 6490 4829 6479
f 6491 6486 4101
f 4101 6486 4102
f 4895 6491 4899
f 4899 6491 4101
f 4160 6488 4157
f 4157 6488 6492
f 6489 4087 6490
f 6490 4087 4090
f 4267 4261 5013
f 5013 4261 4260
f 4258 4261 5328
f 5328 4261 4975
f 4261 4267 4975
f 4975 4267 4266
f 5367 3793 3912
f 3912 3793 3575
f 6494 3616 6493
f 6493 3616 3795
f 6496 3589 6495
f 6495 3589 3588
f 6495 3588 5368
f 5368 3588 3794
f 3841 3840 3050
f 3050 3840 3051
f 3912 3911 3052
f 3052 3911 3053
f 3929 3930 3054
f 3054 3930 3055
f 5370 3930 3916
f 3916 3930 3923
f 3938 5369 3807
f 3807 5369 3915
f 3589 6496 3806
f 3806 6496 3937
f 3938 3937 3056
f 3056 3937 3057
f 3051 3840 3058
f 3058 3840 3943
f 3730 4808 3727
f 3727 4808 3943
f 3820 3951 3795
f 3795 3951 6493
f 3951 3841 3059
f 3059 3841 3050
f 3911 3574 6494
f 6494 3574 3616
f 3823 3929 3824
f 3824 3929 3952
f 4061 4060 3060
f 3060 4060 3061
f 6497 6498 4901
f 4901 6498 4790
f 6333 6499 4738
f 4738 6499 4739
f 6500 6501 6314
f 6314 6501 4418
f 6502 6275 4417
f 4417 6275 4185
f 6503 6497 4783
f 4783 6497 4901
f 6498 4060 4790
f 4790 4060 4059
f 4808 4061 3069
f 3069 4061 3060
f 5367 3071 5368
f 5368 3071 3070
f 5369 3073 5370
f 5370 3073 3072
f 6274 6275 3074
f 3074 6275 3075
f 6499 6504 4739
f 4739 6504 6317
f 6333 6332 3077
f 3077 6332 3078
f 6334 6274 3079
f 3079 6274 3074
f 6332 4825 3078
f 3078 4825 3080
f 6334 6503 4188
f 4188 6503 4783
f 4825 4689 3080
f 3080 4689 1330
f 6506 4747 6505
f 6505 4747 4746
f 6505 6507 6506
f 6506 6507 6508
f 4297 6509 4920
f 4920 6509 6510
f 4296 6511 4297
f 4297 6511 6509
f 6506 6508 4319
f 4319 6508 6512
f 4372 4371 6514
f 6514 4371 6513
f 6511 4296 5251
f 5251 4296 4305
f 5251 5250 6511
f 6511 5250 6515
f 6516 6509 6515
f 6515 6509 6511
f 6517 6507 6519
f 6519 6507 6518
f 6512 6520 6513
f 6513 6520 6514
f 6507 6517 6508
f 6508 6517 6521
f 5249 6523 6522
f 6522 6523 6524
f 6525 6370 5253
f 5253 6370 6526
f 4370 4323 4371
f 4371 4323 4326
f 4370 3103 4323
f 4323 3103 1541
f 6521 6517 6527
f 6527 6517 6519
f 6520 6528 6514
f 6514 6528 6529
f 6531 6532 6530
f 6530 6532 6533
f 5250 6534 6515
f 6515 6534 6535
f 6530 6533 6536
f 6536 6533 6537
f 6526 6538 6534
f 6534 6538 6537
f 6515 6535 6516
f 6516 6535 6539
f 4325 4321 4326
f 4326 4321 4320
f 4371 4326 6513
f 6513 4326 4320
f 6531 4731 6541
f 6541 4731 6540
f 4731 4730 6540
f 6540 4730 6542
f 4730 3121 6542
f 6542 3121 3120
f 6530 4328 6531
f 6531 4328 4731
f 4328 6530 4329
f 4329 6530 6536
f 4329 6536 6524
f 6524 6536 6543
f 6544 6545 6522
f 6522 6545 5248
f 6389 6388 5245
f 5245 6388 6373
f 6388 6546 6373
f 6373 6546 6475
f 4733 6546 6295
f 6295 6546 4377
f 4732 6475 4733
f 4733 6475 6546
f 4393 4432 4394
f 4394 4432 4435
f 4434 4672 4842
f 4842 4672 4671
f 4440 4439 4441
f 4441 4439 4438
f 4436 4450 4437
f 4437 4450 4398
f 4447 4444 4448
f 4448 4444 4392
f 4446 4464 4433
f 4433 4464 6547
f 4454 4423 4455
f 4455 4423 4422
f 4452 4481 4453
f 4453 4481 4480
f 4458 4389 4459
f 4459 4389 4388
f 4456 4471 4457
f 4457 4471 4468
f 4391 4460 4392
f 4392 4460 4448
f 4461 4467 4445
f 4445 4467 4465
f 4437 4398 4629
f 4629 4398 4397
f 4438 4628 4441
f 4441 4628 4631
f 4841 4629 4839
f 4839 4629 4397
f 4628 4842 4631
f 4631 4842 4671
f 4930 4989 4452
f 4452 4989 4481
f 4929 4927 4436
f 4436 4927 4450
f 4933 4387 4934
f 4934 4387 4386
f 4931 4475 4932
f 4932 4475 4474
f 4936 4449 4933
f 4933 4449 4387
f 4935 4472 4456
f 4456 4472 4471
f 4389 4458 4391
f 4391 4458 4460
f 4457 4468 4461
f 4461 4468 4467
f 4934 4386 4454
f 4454 4386 4423
f 4453 4480 4931
f 4931 4480 4475
f 4575 4997 4576
f 4576 4997 4639
f 4579 4596 4580
f 4580 4596 4595
f 4583 4582 4572
f 4572 4582 4569
f 4587 4944 4588
f 4588 4944 4562
f 4588 4562 4590
f 4590 4562 4561
f 4576 4639 4642
f 4642 4639 4638
f 4642 4845 4641
f 4641 4845 4846
f 4845 4590 4846
f 4846 4590 4561
f 4941 4938 4595
f 4595 4938 4580
f 4938 4940 4668
f 4668 4940 4669
f 4583 4942 4584
f 4584 4942 4947
f 4582 4587 4569
f 4569 4587 4586
f 5000 5001 4579
f 4579 5001 4596
f 4558 4560 4585
f 4585 4560 4586
f 4565 4639 4566
f 4566 4639 4997
f 4568 4567 4577
f 4577 4567 4578
f 4570 4554 4571
f 4571 4554 4556
f 4640 4565 4637
f 4637 4565 4546
f 4662 4664 4665
f 4665 4664 4844
f 4662 4558 4589
f 4589 4558 4585
f 4554 4570 4557
f 4557 4570 4560
f 4571 4667 4572
f 4572 4667 4943
f 4551 4670 4552
f 4552 4670 4666
f 4640 4664 4638
f 4638 4664 4663
f 4670 4568 4668
f 4668 4568 4577
f 4999 4996 4566
f 4566 4996 4543
f 4608 4564 4603
f 4603 4564 4563
f 4573 4593 4574
f 4574 4593 4592
f 4597 4614 4598
f 4598 4614 4613
f 4601 4600 4584
f 4584 4600 4581
f 4563 4562 4604
f 4604 4562 4944
f 4643 4593 4641
f 4641 4593 4573
f 4643 4847 4644
f 4644 4847 4848
f 4564 4847 4561
f 4561 4847 4846
f 4945 4941 4598
f 4598 4941 4595
f 4941 4945 4939
f 4939 4945 4946
f 4601 4948 4602
f 4602 4948 4620
f 4600 4604 4581
f 4581 4604 4944
f 5002 5003 4597
f 4597 5003 4614
f 4988 4759 4953
f 4953 4759 4402
f 4706 6548 4707
f 4707 6548 6549
f 4311 4928 4419
f 4419 4928 6550
f 4921 4920 6551
f 6551 4920 6552
f 4925 6553 4926
f 4926 6553 6554
f 4928 4921 4802
f 4802 4921 6551
f 6555 4985 6550
f 6550 4985 4419
f 4952 6556 4953
f 4953 6556 4649
f 4971 6557 4706
f 4706 6557 6548
f 4988 4648 4925
f 4925 4648 6553
f 4707 6549 5006
f 5006 6549 4987
f 4920 6510 6552
f 6552 6510 6518
f 6558 6510 6516
f 6516 6510 6509
f 6559 6558 6539
f 6539 6558 6516
f 6531 6541 6532
f 6532 6541 6560
f 6540 6561 6541
f 6541 6561 6529
f 6542 6562 6540
f 6540 6562 6561
f 6542 3120 6562
f 6562 3120 3142
f 4366 6563 4760
f 4760 6563 4970
f 4815 6564 4816
f 4816 6564 6565
f 3147 3146 6565
f 6565 3146 4816
f 6564 6563 6565
f 6565 6563 6566
f 4837 4385 4357
f 4357 4385 4358
f 6565 6566 3147
f 3147 6566 3149
f 4694 1209 3150
f 5247 5249 5248
f 5248 5249 6522
f 6372 6390 6545
f 6545 6390 6389
f 6375 5254 6376
f 6376 5254 5258
f 6377 6525 6378
f 6378 6525 5255
f 5260 6379 5258
f 5258 6379 6376
f 6380 6567 6381
f 6381 6567 6568
f 6382 6569 6383
f 6383 6569 6570
f 6377 6371 6525
f 6525 6371 6370
f 6379 5260 6384
f 6384 5260 6571
f 6385 6572 6382
f 6382 6572 6569
f 6378 5255 6375
f 6375 5255 5254
f 6386 6573 6387
f 6387 6573 6574
f 6545 6389 5248
f 5248 6389 5245
f 4675 4750 4676
f 4676 4750 6286
f 4734 6289 4735
f 4735 6289 6288
f 4804 6290 4805
f 4805 6290 4963
f 4811 4807 4812
f 4812 4807 4411
f 4954 6292 4955
f 4955 6292 4959
f 4964 4962 4965
f 4965 4962 4751
f 6285 4821 4812
f 4812 4821 4809
f 4675 4287 4965
f 4965 4287 4210
f 6294 4145 4955
f 4955 4145 4154
f 4964 4120 4805
f 4805 4120 4119
f 6298 4966 4734
f 4734 4966 6289
f 6300 6473 4735
f 4735 6473 4732
f 6297 6296 4676
f 4676 6296 4288
f 6523 3160 4330
f 4330 3160 3159
f 5253 5252 6525
f 6525 5252 5255
f 5256 5252 4305
f 4305 5252 5251
f 4304 5257 4305
f 4305 5257 5256
f 4424 5259 4304
f 4304 5259 5257
f 5261 6571 5259
f 5259 6571 5260
f 5262 6573 5261
f 5261 6573 6571
f 5264 6567 5265
f 5265 6567 6574
f 5266 6572 5267
f 5267 6572 6568
f 5268 6570 5269
f 5269 6570 6569
f 1807 3161 5268
f 5268 3161 6570
f 6524 6523 4329
f 4329 6523 4330
f 5253 6526 5250
f 5250 6526 6534
f 6543 6538 6544
f 6544 6538 6369
f 6524 6543 6522
f 6522 6543 6544
f 3071 5367 3052
f 3052 5367 3912
f 6493 3163 6494
f 6494 3163 3162
f 3164 445 3771
f 3771 445 3761
f 461 3165 3919
f 3919 3165 3920
f 330 410 3839
f 3839 410 3910
f 332 331 3552
f 3552 331 3551
f 464 304 3918
f 3918 304 3816
f 385 458 3766
f 3766 458 3894
f 412 415 3762
f 3762 415 3763
f 3166 337 3748
f 3748 337 3745
f 3072 3055 5370
f 5370 3055 3930
f 3073 5369 3056
f 3056 5369 3938
f 3167 3057 6496
f 6496 3057 3937
f 3069 3058 4808
f 4808 3058 3943
f 411 3166 3851
f 3851 3166 3748
f 3059 3163 3951
f 3951 3163 6493
f 336 3164 3772
f 3772 3164 3771
f 3053 3911 3162
f 3162 3911 6494
f 3054 3168 3929
f 3929 3168 3952
f 3165 830 3920
f 3920 830 3945
f 3170 3169 6497
f 6497 3169 6498
f 3171 1354 5005
f 5005 1354 4830
f 3172 3170 6503
f 6503 3170 6497
f 3169 3061 6498
f 6498 3061 4060
f 3173 3171 5006
f 5006 3171 5005
f 3079 3172 6334
f 6334 3172 6503
f 3174 3025 6299
f 6299 3025 6300
f 6576 6577 6575
f 6575 6577 6578
f 4612 4611 6579
f 6579 4611 6580
f 6582 6583 6581
f 6581 6583 6584
f 6584 6585 4618
f 4618 6585 4621
f 6586 6587 6589
f 6589 6587 6588
f 6588 6587 6590
f 6590 6587 6591
f 6592 4606 6590
f 6590 4606 4623
f 6594 6576 6593
f 6593 6576 6575
f 6595 6582 6579
f 6579 6582 6581
f 6580 6597 6596
f 6596 6597 6598
f 6577 6576 6599
f 6599 6576 6600
f 6595 6596 6601
f 6601 6596 6602
f 6583 6582 6603
f 6603 6582 6604
f 6586 6606 6605
f 6605 6606 6607
f 6587 6586 6608
f 6608 6586 6605
f 6587 6608 6591
f 6591 6608 6609
f 6576 6594 6600
f 6600 6594 6610
f 6582 6595 6604
f 6604 6595 6601
f 6599 6611 6577
f 6577 6611 6598
f 6613 6614 6612
f 6612 6614 6615
f 6617 6618 6616
f 6616 6618 6619
f 6621 6622 6620
f 6620 6622 6623
f 6625 6626 6624
f 6624 6626 6627
f 6629 6630 6628
f 6628 6630 6631
f 6633 6634 6632
f 6632 6634 6635
f 6637 6638 6636
f 6636 6638 6639
f 6640 6641 6637
f 6637 6641 6638
f 6643 6633 6642
f 6642 6633 6632
f 6645 6646 6644
f 6644 6646 6647
f 6646 6648 6647
f 6647 6648 6649
f 6651 6652 6650
f 6650 6652 6653
f 6653 6652 6654
f 6654 6652 6655
f 6656 6657 6659
f 6659 6657 6658
f 6661 6662 6660
f 6660 6662 6663
f 6662 6661 6664
f 6664 6661 6665
f 6667 6657 6666
f 6666 6657 6656
f 6669 6670 6668
f 6668 6670 6671
f 6672 6673 6670
f 6670 6673 6671
f 6674 6675 6677
f 6677 6675 6676
f 6675 6678 6676
f 6676 6678 6679
f 6681 6682 6680
f 6680 6682 6683
f 6684 6685 6683
f 6683 6685 6680
f 6687 6688 6686
f 6686 6688 6689
f 6687 6690 6688
f 6688 6690 6691
f 6619 6618 6633
f 6633 6618 6634
f 6632 6635 6693
f 6693 6635 6692
f 6617 6694 6636
f 6636 6694 6637
f 6695 6692 6639
f 6639 6692 6635
f 6637 6694 6640
f 6640 6694 6696
f 6698 6638 6697
f 6697 6638 6641
f 6643 6616 6633
f 6633 6616 6619
f 6642 6699 6641
f 6641 6699 6697
f 6646 6645 6700
f 6700 6645 6621
f 6644 6701 6654
f 6654 6701 6702
f 6700 6703 6646
f 6646 6703 6648
f 6693 6704 6649
f 6649 6704 6647
f 6620 6623 6651
f 6651 6623 6652
f 6693 6649 6699
f 6699 6649 6650
f 6652 6623 6655
f 6655 6623 6622
f 6654 6702 6653
f 6653 6702 6697
f 6615 6614 6657
f 6657 6614 6658
f 6705 6656 6704
f 6704 6656 6659
f 6613 6706 6660
f 6660 6706 6661
f 6704 6659 6701
f 6701 6659 6663
f 6661 6706 6665
f 6665 6706 6707
f 6708 6702 6664
f 6664 6702 6662
f 6612 6615 6667
f 6667 6615 6657
f 6666 6709 6664
f 6664 6709 6708
f 6629 6710 6669
f 6669 6710 6670
f 6668 6711 6679
f 6679 6711 6712
f 6713 6672 6710
f 6710 6672 6670
f 6714 6671 6705
f 6705 6671 6673
f 6628 6631 6674
f 6674 6631 6675
f 6705 6673 6709
f 6709 6673 6677
f 6631 6630 6675
f 6675 6630 6678
f 6712 6708 6679
f 6679 6708 6676
f 6625 6715 6682
f 6682 6715 6683
f 6716 6717 6681
f 6681 6717 6691
f 6718 6684 6715
f 6715 6684 6683
f 6719 6680 6714
f 6714 6680 6685
f 6624 6627 6686
f 6686 6627 6687
f 6689 6711 6685
f 6685 6711 6714
f 6627 6626 6687
f 6687 6626 6690
f 6717 6712 6691
f 6691 6712 6688
f 6612 6707 6613
f 6613 6707 6706
f 6616 6696 6617
f 6617 6696 6694
f 6703 6700 6620
f 6620 6700 6621
f 6715 6625 6718
f 6718 6625 6624
f 6710 6629 6713
f 6713 6629 6628
f 6639 6635 6636
f 6636 6635 6634
f 6641 6640 6642
f 6642 6640 6643
f 6654 6655 6644
f 6644 6655 6645
f 6651 6650 6648
f 6648 6650 6649
f 6659 6658 6663
f 6663 6658 6660
f 6665 6667 6664
f 6664 6667 6666
f 6678 6669 6679
f 6679 6669 6668
f 6673 6672 6677
f 6677 6672 6674
f 6690 6682 6691
f 6691 6682 6681
f 6685 6684 6689
f 6689 6684 6686
f 6636 6634 6617
f 6617 6634 6618
f 6638 6698 6639
f 6639 6698 6695
f 6640 6696 6643
f 6643 6696 6616
f 6693 6699 6632
f 6632 6699 6642
f 6655 6622 6645
f 6645 6622 6621
f 6704 6701 6647
f 6647 6701 6644
f 6651 6648 6620
f 6620 6648 6703
f 6650 6653 6699
f 6699 6653 6697
f 6613 6660 6614
f 6614 6660 6658
f 6663 6662 6701
f 6701 6662 6702
f 6665 6707 6667
f 6667 6707 6612
f 6705 6709 6656
f 6656 6709 6666
f 6630 6629 6678
f 6678 6629 6669
f 6714 6711 6671
f 6671 6711 6668
f 6672 6713 6674
f 6674 6713 6628
f 6677 6676 6709
f 6709 6676 6708
f 6626 6625 6690
f 6690 6625 6682
f 6680 6719 6681
f 6681 6719 6716
f 6684 6718 6686
f 6686 6718 6624
f 6711 6689 6712
f 6689 6688 6712
f 6593 6720 6594
f 6594 6720 6721
f 6722 6720 4607
f 4607 6720 4849
f 6592 6723 6722
f 6722 6723 6724
f 4610 4609 6578
f 6578 4609 6575
f 6596 6595 6580
f 6580 6595 6579
f 4618 4617 6584
f 6584 4617 6581
f 6589 6585 6586
f 6586 6585 6606
f 4622 4619 6588
f 6588 4619 6589
f 4622 6588 4623
f 4623 6588 6590
f 4609 4645 6575
f 6575 4645 6593
f 4617 4612 6581
f 6581 4612 6579
f 5004 4610 6597
f 6597 4610 6578
f 4645 4849 6593
f 6593 4849 6720
f 6724 6721 6722
f 6722 6721 6720
f 6722 4607 6592
f 6592 4607 4606
f 6725 6610 6721
f 6721 6610 6594
f 6723 6726 6724
f 6724 6726 6727
f 6727 6725 6724
f 6724 6725 6721
f 6728 6729 6605
f 6605 6729 6608
f 6605 6607 6728
f 6728 6607 6730
f 6731 6732 6604
f 6604 6732 6603
f 6733 6734 6725
f 6725 6734 6610
f 6735 6733 6727
f 6727 6733 6725
f 6735 6727 6736
f 6736 6727 6726
f 6591 6609 6723
f 6723 6609 6726
f 6723 6592 6591
f 6591 6592 6590
f 6738 6739 6737
f 6737 6739 6740
f 6740 6739 6742
f 6742 6739 6741
f 6743 6744 6741
f 6741 6744 6742
f 6745 6746 6743
f 6743 6746 6744
f 6747 6748 6745
f 6745 6748 6746
f 6749 6750 6747
f 6747 6750 6748
f 6752 6738 6751
f 6751 6738 6737
f 6754 6752 6753
f 6753 6752 6751
f 6756 6754 6755
f 6755 6754 6753
f 6758 6750 6757
f 6757 6750 6749
f 6760 6756 6759
f 6759 6756 6755
f 6762 6760 6761
f 6761 6760 6759
f 6764 6762 6763
f 6763 6762 6761
f 6757 6764 6758
f 6758 6764 6763
f 6766 6741 6765
f 6765 6741 6739
f 6767 6743 6766
f 6766 6743 6741
f 6768 6745 6767
f 6767 6745 6743
f 6769 6747 6768
f 6768 6747 6745
f 6770 6749 6769
f 6769 6749 6747
f 6772 6769 6771
f 6771 6769 6768
f 6773 6770 6772
f 6772 6770 6769
f 6774 6775 6772
f 6772 6775 6773
f 6777 6778 6776
f 6776 6778 6779
f 6775 6774 6778
f 6778 6774 6779
f 6771 6780 6772
f 6772 6780 6774
f 6780 6781 6774
f 6774 6781 6779
f 6781 6782 6779
f 6779 6782 6776
f 6784 6785 6783
f 6783 6785 6786
f 6786 6787 6783
f 6783 6787 6788
f 6790 6788 6789
f 6789 6788 6787
f 6786 6785 6791
f 6791 6785 6792
f 6791 6793 6786
f 6786 6793 6787
f 6793 6794 6787
f 6787 6794 6789
f 6795 6796 6794
f 6794 6796 6789
f 6790 6789 6797
f 6797 6789 6796
f 6798 6765 6738
f 6738 6765 6739
f 6799 6798 6752
f 6752 6798 6738
f 6767 6800 6768
f 6768 6800 6771
f 6766 6801 6767
f 6767 6801 6800
f 6802 6801 6765
f 6765 6801 6766
f 6798 6803 6765
f 6765 6803 6802
f 6804 6803 6799
f 6799 6803 6798
f 6805 6806 6804
f 6804 6806 6803
f 6807 6799 6754
f 6754 6799 6752
f 6808 6804 6807
f 6807 6804 6799
f 6809 6805 6808
f 6808 6805 6804
f 6810 6811 6805
f 6805 6811 6806
f 6812 6813 6810
f 6810 6813 6811
f 6814 6815 6796
f 6796 6815 6797
f 6813 6814 6816
f 6816 6814 6817
f 6816 6818 6813
f 6813 6818 6811
f 6819 6806 6818
f 6818 6806 6811
f 6802 6803 6819
f 6819 6803 6806
f 6757 6749 6820
f 6820 6749 6770
f 6820 6770 6821
f 6821 6770 6773
f 6821 6773 6822
f 6822 6773 6775
f 6822 6775 6823
f 6823 6775 6778
f 6824 6823 6777
f 6777 6823 6778
f 6784 6825 6777
f 6777 6825 6824
f 6826 6827 6788
f 6788 6827 6783
f 6828 6826 6790
f 6790 6826 6788
f 6829 6828 6797
f 6797 6828 6790
f 6815 6830 6797
f 6797 6830 6829
f 6832 6812 6831
f 6831 6812 6810
f 6831 6810 6809
f 6809 6810 6805
f 6736 6800 6735
f 6735 6800 6801
f 6733 6735 6802
f 6802 6735 6801
f 6734 6733 6819
f 6819 6733 6802
f 6833 6734 6818
f 6818 6734 6819
f 6834 6833 6816
f 6816 6833 6818
f 6816 6817 6834
f 6834 6817 6835
f 6837 6795 6836
f 6836 6795 6794
f 6836 6794 6731
f 6731 6794 6793
f 6732 6731 6791
f 6791 6731 6793
f 6791 6792 6732
f 6732 6792 6730
f 6729 6728 6781
f 6781 6728 6782
f 6838 6807 6756
f 6756 6807 6754
f 6839 6838 6760
f 6760 6838 6756
f 6840 6839 6762
f 6762 6839 6760
f 6841 6840 6764
f 6764 6840 6762
f 6820 6841 6757
f 6757 6841 6764
f 6841 6820 6842
f 6842 6820 6821
f 6840 6841 6843
f 6843 6841 6842
f 6839 6840 6844
f 6844 6840 6843
f 6838 6839 6845
f 6845 6839 6844
f 6807 6838 6808
f 6808 6838 6845
f 6842 6821 6846
f 6846 6821 6822
f 6843 6842 6847
f 6847 6842 6846
f 6844 6843 6848
f 6848 6843 6847
f 6845 6844 6849
f 6849 6844 6848
f 6808 6845 6809
f 6809 6845 6849
f 6850 6831 6849
f 6849 6831 6809
f 6851 6850 6848
f 6848 6850 6849
f 6847 6852 6848
f 6848 6852 6851
f 6853 6852 6846
f 6846 6852 6847
f 6846 6822 6853
f 6853 6822 6823
f 6853 6823 6854
f 6854 6823 6824
f 6854 6855 6853
f 6853 6855 6852
f 6856 6851 6855
f 6855 6851 6852
f 6856 6857 6851
f 6851 6857 6850
f 6857 6832 6850
f 6850 6832 6831
f 6825 6858 6824
f 6824 6858 6854
f 6860 6827 6859
f 6859 6827 6826
f 6859 6826 6861
f 6861 6826 6828
f 6862 6861 6829
f 6829 6861 6828
f 6830 6863 6829
f 6829 6863 6862
f 6863 6864 6862
f 6862 6864 6865
f 6858 6866 6854
f 6854 6866 6855
f 6867 6865 6866
f 6866 6865 6864
f 6869 6859 6868
f 6868 6859 6861
f 6867 6869 6865
f 6865 6869 6868
f 6861 6862 6868
f 6868 6862 6865
f 6867 6860 6869
f 6869 6860 6859
f 6753 6751 6698
f 6698 6751 6695
f 6697 6755 6698
f 6698 6755 6753
f 6759 6755 6702
f 6702 6755 6697
f 6761 6759 6708
f 6708 6759 6702
f 6763 6761 6712
f 6712 6761 6708
f 6758 6763 6717
f 6717 6763 6712
f 6750 6758 6716
f 6716 6758 6717
f 6719 6748 6716
f 6716 6748 6750
f 6714 6746 6719
f 6719 6746 6748
f 6705 6744 6714
f 6714 6744 6746
f 6704 6742 6705
f 6705 6742 6744
f 6740 6742 6693
f 6693 6742 6704
f 6737 6740 6692
f 6692 6740 6693
f 6751 6737 6695
f 6695 6737 6692
f 6601 6602 6836
f 6836 6602 6837
f 6604 6601 6731
f 6731 6601 6836
f 6599 6600 6834
f 6834 6600 6833
f 6834 6835 6599
f 6599 6835 6611
f 6600 6610 6833
f 6833 6610 6734
f 6780 6771 6870
f 6870 6771 6736
f 6736 6771 6800
f 6870 6729 6780
f 6780 6729 6781
f 6608 6729 6609
f 6609 6729 6870
f 6609 6870 6726
f 6726 6870 6736
f 5014 5015 5229
f 5229 5015 5230
f 4258 5015 4259
f 4259 5015 4878
f 3471 3013 4703
f 4703 3013 4704
f 2879 6337 1306
f 1306 6337 4785
f 829 3471 4316
f 4316 3471 4703
f 4702 3472 5223
f 5223 3472 1756
f 6871 6872 4534
f 4534 6872 4535
f 6871 4665 6872
f 6872 4665 4844
f 6871 6873 4665
f 4665 6873 4559
f 6871 4534 6873
f 6873 4534 4542
f 4153 4152 4822
f 4822 4152 4407
f 4152 4168 4407
f 4407 4168 4342
f 4343 4168 4923
f 4923 4168 4167
f 4363 4362 4972
f 4972 4362 4840
f 4362 4394 4840
f 4840 4394 4839
f 4401 4400 4986
f 4986 4400 4984
f 4435 4434 4841
f 4841 4434 4842
f 4506 4505 4530
f 4530 4505 4531
f 4506 4535 4507
f 4507 4535 4843
f 4661 4660 4516
f 4516 4660 4517
f 4673 4672 4937
f 4937 4672 6547
f 4400 4924 4984
f 4984 4924 5263
f 4673 4660 4674
f 4674 4660 4659
f 4505 4661 4531
f 4531 4661 4516
f 4952 4401 6874
f 6874 4401 4986
f 4954 4153 6875
f 6875 4153 4822
f 4363 4973 4364
f 4364 4973 4974
f 5264 4924 5267
f 5267 4924 4691
f 6293 6292 6876
f 6876 6292 6877
f 6380 4343 6387
f 6387 4343 4923
f 4394 4435 4839
f 4839 4435 4841
f 4672 4434 6547
f 6547 4434 4433
f 4973 6556 4974
f 4974 6556 6878
f 6567 6380 6574
f 6574 6380 6387
f 6292 4954 6877
f 6877 4954 6875
f 6567 5264 6568
f 6568 5264 5267
f 4145 4144 4154
f 4154 4144 4151
f 4194 4144 4425
f 4425 4144 4143
f 4355 4354 5263
f 5263 4354 4984
f 4360 4359 4364
f 4364 4359 4361
f 4444 4359 4392
f 4392 4359 4337
f 4447 4446 4432
f 4432 4446 4433
f 4464 4463 6547
f 6547 4463 4937
f 4519 4518 4654
f 4654 4518 4509
f 4533 4532 4499
f 4499 4532 4498
f 4533 4542 4530
f 4530 4542 4534
f 4519 4532 4516
f 4516 4532 4531
f 4922 4194 4426
f 4426 4194 4425
f 4463 4518 4937
f 4937 4518 4517
f 6555 4951 6874
f 6874 4951 6878
f 4958 4957 6290
f 6290 4957 6291
f 4334 4360 4712
f 4712 4360 4950
f 4985 4354 4419
f 4419 4354 4353
f 5262 4355 5265
f 5265 4355 5263
f 6294 4958 4804
f 4804 4958 6290
f 6386 4922 6384
f 6384 4922 4426
f 4444 4447 4393
f 4393 4447 4432
f 4464 4446 4465
f 4465 4446 4445
f 4985 6555 4986
f 4986 6555 6874
f 6573 6386 6571
f 6571 6386 6384
f 4145 6294 4146
f 4146 6294 4804
f 6573 5262 6574
f 6574 5262 5265
f 4542 4541 6873
f 6873 4541 4559
f 4535 6872 4843
f 4843 6872 4844
f 4104 4103 6879
f 6879 4103 6343
f 4105 6293 6307
f 6307 6293 6876
f 4104 4956 4105
f 4105 4956 6293
f 4956 4104 4957
f 4957 4104 6879
f 4957 6879 6291
f 6291 6879 6309
f 4648 4988 4649
f 4649 4988 4953
f 4802 4803 4928
f 4928 4803 6550
f 6550 4803 6555
f 6555 4803 4951
f 1516 3173 4987
f 4987 3173 5006
f 6519 6518 6558
f 6558 6518 6510
f 6527 6519 6559
f 6559 6519 6558
f 6528 6560 6529
f 6529 6560 6541
f 6548 4625 6549
f 6549 4625 4624
f 6551 6552 4746
f 4746 6552 6505
f 6553 4711 6554
f 6554 4711 4710
f 4802 6551 4713
f 4713 6551 4746
f 6556 4973 4649
f 4649 4973 4646
f 6557 4949 6548
f 6548 4949 4625
f 4648 4647 6553
f 6553 4647 4711
f 6549 4624 4987
f 4987 4624 4838
f 6552 6518 6505
f 6505 6518 6507
f 6561 4372 6529
f 6529 4372 6514
f 6562 4369 6561
f 6561 4369 4372
f 3142 3482 6562
f 6562 3482 4369
f 6556 4952 6878
f 6878 4952 6874
f 4951 4950 6878
f 6878 4950 4974
f 3168 440 3952
f 4204 4203 5341
f 5341 4203 6364
f 4219 4222 6429
f 6429 4222 4383
f 4319 4322 6506
f 6506 4322 4747
f 4340 4714 4341
f 4341 4714 4384
f 4375 4377 6388
f 6388 4377 6546
f 4378 4381 6311
f 6311 4381 4720
f 4449 4341 4387
f 4387 4341 4384
f 4473 4472 4477
f 4477 4472 4474
f 4492 4491 4487
f 4487 4491 4488
f 4523 4491 4522
f 4522 4491 4490
f 4492 4538 4493
f 4493 4538 4555
f 4538 4553 4555
f 4555 4553 4556
f 4620 4615 4621
f 4621 4615 4618
f 4652 4651 4368
f 4368 4651 4365
f 4523 4655 4524
f 4524 4655 4656
f 4553 4667 4556
f 4556 4667 4571
f 4651 1210 4365
f 4365 1210 1209
f 4698 4697 5223
f 5223 4697 6344
f 4340 4339 4322
f 4322 4339 4747
f 4726 4729 5287
f 5287 4729 4198
f 4381 4380 4737
f 4737 4380 6368
f 4836 4835 4451
f 4451 4835 4709
f 4910 6367 4911
f 4911 6367 6366
f 4912 4915 6450
f 6450 4915 6449
f 4927 4836 4450
f 4450 4836 4451
f 4930 4929 4439
f 4439 4929 4436
f 4936 4935 4459
f 4459 4935 4456
f 4473 4655 4470
f 4470 4655 4510
f 4942 4583 4943
f 4943 4583 4572
f 4948 4601 4947
f 4947 4601 4584
f 4949 4835 4625
f 4625 4835 4626
f 4966 4969 6289
f 6289 4969 4695
f 4971 4652 4926
f 4926 4652 4368
f 4203 4977 6364
f 6364 4977 6365
f 4990 4989 4443
f 4443 4989 4440
f 4990 4991 4478
f 4478 4991 4512
f 4992 4991 4528
f 4528 4991 4515
f 4992 4993 4527
f 4527 4993 4485
f 4994 4993 4502
f 4502 4993 4503
f 4994 4995 4482
f 4482 4995 4550
f 4543 4996 4544
f 4544 4996 4995
f 4999 4998 4567
f 4567 4998 4578
f 5000 4998 4575
f 4575 4998 4997
f 5002 5001 4592
f 4592 5001 4574
f 5003 5004 4614
f 4614 5004 4611
f 3483 4215 1755
f 1755 4215 4698
f 5274 5277 4195
f 4195 5277 4223
f 4726 5295 4727
f 4727 5295 6350
f 5309 5342 5310
f 5310 5342 6363
f 5315 5314 5316
f 5316 5314 5317
f 5339 6362 5340
f 5340 6362 5363
f 5310 6363 5339
f 5339 6363 6362
f 4204 5309 4201
f 4201 5309 5308
f 4915 5345 6449
f 6449 5345 6448
f 5345 5315 6448
f 6448 5315 5316
f 5348 5347 6351
f 6351 5347 6352
f 5365 4263 5340
f 5340 4263 4262
f 6295 6298 4733
f 4733 6298 4734
f 4969 6306 4695
f 4695 6306 4696
f 6306 4378 4696
f 4696 4378 6311
f 6369 6372 6544
f 6544 6372 6545
f 4375 6390 4373
f 4373 6390 4374
f 6421 6422 4911
f 4911 6422 4908
f 4910 4909 4737
f 4737 4909 4736
f 5277 4219 4223
f 4223 4219 6429
f 4697 4222 6344
f 6344 4222 4221
f 6436 6361 6437
f 6437 6361 6360
f 6438 6440 6437
f 6437 6440 6434
f 6438 6359 6441
f 6441 6359 6358
f 6442 6441 6357
f 6357 6441 6358
f 6442 6444 6443
f 6443 6444 6445
f 6446 6444 6355
f 6355 6444 6356
f 6446 4912 6447
f 6447 4912 6450
f 6436 6435 5365
f 5365 6435 4263
f 5314 5347 5317
f 5317 5347 5346
f 4319 6512 4320
f 4320 6512 6513
f 6520 6512 6521
f 6521 6512 6508
f 6528 6520 6527
f 6527 6520 6521
f 6532 6539 6533
f 6533 6539 6535
f 6533 6535 6537
f 6537 6535 6534
f 6538 6543 6537
f 6537 6543 6536
f 6295 4377 6296
f 6296 4377 4376
f 4989 4930 4440
f 4440 4930 4439
f 4927 4929 4422
f 4422 4929 4455
f 4449 4936 4388
f 4388 4936 4459
f 4472 4935 4474
f 4474 4935 4932
f 4942 4940 4947
f 4947 4940 4939
f 5001 5000 4574
f 4574 5000 4575
f 4669 4943 4666
f 4666 4943 4667
f 4996 4999 4547
f 4547 4999 4567
f 4948 4946 4620
f 4620 4946 4615
f 5003 5002 4591
f 4591 5002 4592
f 6557 4971 6554
f 6554 4971 4926
f 6532 6560 6539
f 6539 6560 6559
f 6390 6372 4374
f 4374 6372 6371
f 4966 6298 4967
f 4967 6298 6297
f 6538 6526 6369
f 6369 6526 6370
f 6585 6589 4621
f 4621 6589 4619
f 6597 6578 6598
f 6598 6578 6577
f 6606 6583 6607
f 6607 6583 6603
f 6611 6602 6598
f 6598 6602 6596
f 6585 6584 6606
f 6606 6584 6583
f 6597 6580 5004
f 5004 6580 4611
f 6607 6603 6730
f 6730 6603 6732
f 6776 6785 6777
f 6777 6785 6784
f 6785 6776 6792
f 6792 6776 6782
f 6815 6814 6812
f 6812 6814 6813
f 6817 6814 6795
f 6795 6814 6796
f 6825 6784 6827
f 6827 6784 6783
f 6830 6815 6832
f 6832 6815 6812
f 6817 6795 6835
f 6835 6795 6837
f 6792 6782 6730
f 6730 6782 6728
f 6858 6825 6860
f 6860 6825 6827
f 6863 6830 6857
f 6857 6830 6832
f 6864 6863 6856
f 6856 6863 6857
f 6866 6858 6867
f 6867 6858 6860
f 6866 6864 6855
f 6855 6864 6856
f 6835 6837 6611
f 6611 6837 6602
f 6560 6528 6559
f 6559 6528 6527
f 4949 6557 4710
f 4710 6557 6554
f 4430 4090 4175
f 4175 4090 4089
f 4777 4113 4155
f 4155 4113 4086
f 4175 4089 4176
f 4176 4089 4142
f 4199 4271 4200
f 4200 4271 4798
f 4199 4095 4272
f 4272 4095 5273
f 4406 4405 4404
f 4404 4405 4346
f 4410 4409 6877
f 6877 4409 6876
f 4409 4413 6876
f 6876 4413 6307
f 4415 4148 4416
f 4416 4148 4147
f 4690 4405 4344
f 4344 4405 4342
f 4693 4692 4352
f 4352 4692 4349
f 4701 4700 6337
f 6337 4700 6338
f 4778 4777 4081
f 4081 4777 4155
f 4821 4406 4809
f 4809 4406 4404
f 4176 4142 4181
f 4181 4142 4415
f 4760 4970 4399
f 4399 4970 4692
f 4200 5007 4096
f 4096 5007 4078
f 5266 4693 5269
f 5269 4693 4352
f 5270 5007 5361
f 5361 5007 4797
f 4778 5270 4779
f 4779 5270 5361
f 6285 4410 6875
f 6875 4410 6877
f 6308 4413 4687
f 4687 4413 4412
f 6480 6320 6481
f 6481 6320 6880
f 4701 2878 4702
f 4702 2878 3472
f 6339 6347 6340
f 6340 6347 6348
f 6341 6342 6346
f 6346 6342 6345
f 4416 6308 4414
f 4414 6308 4687
f 6385 4690 6381
f 6381 4690 4344
f 5282 6341 5280
f 5280 6341 6339
f 4700 6342 6338
f 6338 6342 5281
f 6340 6348 4272
f 4272 6348 4270
f 6480 6479 4828
f 4828 6479 4829
f 6490 6479 6489
f 6489 6479 6478
f 4090 4430 6490
f 6490 4430 4429
f 6563 6564 4970
f 4970 6564 4815
f 4694 6566 4366
f 4366 6566 6563
f 6572 6385 6568
f 6568 6385 6381
f 4821 6285 4822
f 4822 6285 6875
f 6572 5266 6569
f 6569 5266 5269
f 3482 3103 4369
f 4369 3103 4370
f 3121 4730 3485
f 3485 4730 4327
f 6277 6280 6273
f 6273 6280 6272
f 6267 6276 6278
f 6278 6276 6279
f 6278 6279 6277
f 6277 6279 6280
f 6279 6256 6280
f 6280 6256 6255
f 6256 3857 6255
f 6255 3857 3754
f 3857 3856 3754
f 3754 3856 3755
f 3856 3703 3755
f 3755 3703 3863
f 3703 3702 3863
f 3863 3702 3759
f 3702 3706 3759
f 3759 3706 3670
f 3706 3705 3670
f 3670 3705 3668
f 3705 3773 3668
f 3668 3773 3882
f 3882 3773 3883
f 3883 3773 3707
f 3707 3708 3883
f 3883 3708 3880
f 3708 3710 3880
f 3880 3710 3881
f 3709 5241 3710
f 3710 5241 3881
f 5241 3709 5234
f 5234 3709 3786
f 3693 3712 3786
f 3786 3712 5234
f 4051 4055 4052
f 4052 4055 4056
f 4056 4055 4057
f 4057 4055 4054
f 4066 5238 5236
f 5236 5238 3989
f 4066 4069 5238
f 5238 4069 4035
f 6881 3962 3960
f 3960 3962 3957
f 6883 4070 6882
f 6882 4070 3941
f 4070 6883 4071
f 4071 6883 6884
f 4071 6884 4072
f 4072 6884 6885
f 6885 6886 4072
f 4072 6886 4031
f 3955 6881 3956
f 3956 6881 3960
f 6884 3991 6885
f 6885 3991 3990
f 6883 6887 6884
f 6884 6887 3991
f 6887 6888 3991
f 3991 6888 3992
f 6888 6887 6889
f 6889 6887 6890
f 6887 6883 6890
f 6890 6883 6882
f 4058 5240 3953
f 3953 5240 3954
f 5236 6888 5239
f 5239 6888 6889
f 5237 6886 3990
f 3990 6886 6885
f 4034 4031 5237
f 5237 4031 6886
f 6881 6882 3962
f 3962 6882 3941
f 6881 3955 6882
f 6882 3955 6890
f 3955 3954 6890
f 6890 3954 6889
f 5239 6889 5240
f 5240 6889 3954
f 6888 5236 3992
f 3992 5236 3989
f 3869 3868 3888
f 3888 3868 4015
f 3868 4012 4015
f 4015 4012 4010
f 4012 4022 4010
f 4010 4022 4009
f 4022 4021 4009
f 4009 4021 4018
f 4020 3974 4001
f 4001 3974 3996
f 4021 4020 4029
f 4029 4020 4001
f 4085 4156 4086
f 4086 4156 4155
f 4113 4777 4114
f 4114 4777 4776
f 4130 4129 4094
f 4094 4129 4091
f 4139 4773 4140
f 4140 4773 4772
f 4149 4178 4150
f 4150 4178 5225
f 4160 4159 4087
f 4087 4159 4088
f 4149 4148 4179
f 4179 4148 4141
f 4085 4084 4183
f 4183 4084 6315
f 4179 4141 4159
f 4159 4141 4088
f 4192 4130 4162
f 4162 4130 4094
f 4197 5288 4198
f 4198 5288 5287
f 4229 4766 4230
f 4230 4766 4771
f 4245 4246 4242
f 4242 4246 4249
f 4183 6315 4418
f 4418 6315 6314
f 4679 4178 4680
f 4680 4178 4177
f 4724 4798 4725
f 4725 4798 4271
f 4728 5275 4729
f 4729 5275 5274
f 4230 4771 4249
f 4249 4771 4242
f 4724 4723 4799
f 4799 4723 5355
f 4823 4824 4891
f 4891 4824 6327
f 4823 4192 4161
f 4161 4192 4162
f 4893 4767 4229
f 4229 4767 4766
f 4894 4895 4898
f 4898 4895 4899
f 4106 4150 4103
f 4103 4150 5225
f 4680 4894 4677
f 4677 4894 4898
f 6420 4977 5301
f 5301 4977 4976
f 4679 4678 5226
f 5226 4678 4427
f 5228 5008 4893
f 4893 5008 4767
f 5285 6354 5286
f 5286 6354 5343
f 5289 5352 5290
f 5290 5352 5349
f 5290 5349 5295
f 5295 5349 5348
f 5302 5299 4202
f 4202 5299 4976
f 4725 4271 5311
f 5311 4271 4270
f 5325 4723 5326
f 5326 4723 4722
f 5335 5355 5325
f 5325 5355 4723
f 5326 4722 5286
f 5286 4722 5283
f 4799 5357 4797
f 4797 5357 5361
f 5359 5356 5335
f 5335 5356 5355
f 4775 4774 5356
f 5356 4774 5357
f 5359 5358 4092
f 4092 5358 4093
f 6316 4740 6317
f 6317 4740 4739
f 6318 4827 6316
f 6316 4827 4740
f 6319 4828 6318
f 6318 4828 4827
f 6320 6480 6319
f 6319 6480 4828
f 6484 6322 6485
f 6485 6322 6321
f 6487 6324 6331
f 6331 6324 6323
f 6331 6323 6330
f 6330 6323 6325
f 6325 6326 6330
f 6330 6326 6329
f 6326 6328 6329
f 6329 6328 5231
f 4824 4685 5228
f 5228 4685 5008
f 5226 6343 5225
f 5225 6343 4103
f 4728 4727 6349
f 6349 4727 5284
f 6350 6351 5285
f 5285 6351 6354
f 4247 4246 6418
f 6418 4246 6365
f 6400 6402 6401
f 6401 6402 6459
f 4197 4196 6409
f 6409 4196 6426
f 6412 4897 6328
f 6328 4897 5231
f 6413 4133 6412
f 6412 4133 4897
f 6414 4134 6413
f 6413 4134 4133
f 6415 4225 6414
f 6414 4225 4134
f 6416 4252 6415
f 6415 4252 4225
f 6417 4253 6416
f 6416 4253 4252
f 4253 6417 6366
f 6366 6417 6419
f 6366 6419 4911
f 4911 6419 6421
f 6422 6423 4908
f 4908 6423 5298
f 5298 6423 6396
f 6396 6423 6424
f 6409 6426 6425
f 6425 6426 6397
f 5300 5299 6399
f 6399 5299 6400
f 6465 6408 6401
f 6401 6408 6398
f 6424 6399 6425
f 6425 6399 6398
f 6349 5284 5311
f 5311 5284 5283
f 6465 6464 5289
f 5289 6464 5352
f 6488 6483 6492
f 6492 6483 6482
f 6486 6491 6482
f 6482 6491 6492
f 6491 4895 6492
f 6492 4895 4157
f 6488 4160 6489
f 6489 4160 4087
f 6501 6502 4418
f 4418 6502 4417
f 6504 6500 6317
f 6317 6500 6314
f 3497 3496 6501
f 6501 3496 6502
f 3499 3498 6504
f 6504 3498 6500
f 4729 5274 4198
f 4198 5274 4195
f 6418 6365 6420
f 6420 6365 4977
f 5295 5348 6350
f 6350 5348 6351
f 5301 6422 6420
f 6420 6422 6421
f 4113 4112 4086
f 4086 4112 4083
f 6320 4112 6880
f 6880 4112 4111
f 4091 4772 4092
f 4092 4772 4775
f 4129 4140 4091
f 4091 4140 4772
f 4137 4140 4128
f 4128 4140 4129
f 4128 6324 4137
f 4137 6324 6321
f 6324 6487 6321
f 6321 6487 6485
f 6487 6486 6485
f 6485 6486 6482
f 4774 4773 4779
f 4779 4773 4776
f 4773 4139 4776
f 4776 4139 4114
f 4139 4138 4114
f 4114 4138 4111
f 4138 6322 4111
f 4111 6322 6880
f 6322 6484 6880
f 6880 6484 6481
f 6484 6483 6481
f 6481 6483 6478
f 6879 6343 6309
f 6309 6343 4428
f 4106 4105 4900
f 4900 4105 6307
f 3500 3167 6495
f 6495 3167 6496
f 3500 6495 3070
f 3070 6495 5368
f 3502 5235 3501
f 3501 5235 4813
f 3024 3503 6473
f 6473 3503 6474
f 3503 3023 6474
f 6474 3023 6374
f 3504 1770 4348
f 4348 1770 4345
f 3502 3505 5235
f 5235 3505 4810
f 3498 3497 6500
f 6500 3497 6501
f 3496 3075 6502
f 6502 3075 6275
f 6299 4254 3174
f 3174 4254 3017
f 1769 3501 4814
f 4814 3501 4813
f 3506 3018 6476
f 6476 3018 4257
f 3507 3499 6499
f 6499 3499 6504
f 3030 4216 3483
f 3483 4216 4215
f 3077 3507 6333
f 6333 3507 6499
f 1784 3160 5249
f 5249 3160 6523
f 3015 3506 4240
f 4240 3506 6476
f 3508 3504 6383
f 6383 3504 4348
f 3509 3016 6477
f 6477 3016 4239
f 3028 3509 6467
f 6467 3509 6477
f 3022 1785 5246
f 5246 1785 5247
f 3161 3508 6570
f 6570 3508 6383
f 3150 3149 4694
f 4694 3149 6566
f 1327 4807 3510
f 3510 4807 4811
f 3510 4811 3505
f 3505 4811 4810
f 3146 3511 4816
f 4816 3511 4350
f 3511 1808 4350
f 4350 1808 4351
f 3485 4327 3159
f 3159 4327 4330
f 1326 3512 4806
f 4806 3512 6310
f 3512 1331 6310
f 6310 1331 4688
