v -0.02251662313938141 0.4787011742591858 0.4874485731124878
v -0.019707541912794113 0.46386152505874634 0.48082563281059265
v -0.027320869266986847 0.46157845854759216 0.4927835464477539
v -0.028646893799304962 0.4727773070335388 0.502810001373291
v -0.02610478550195694 0.4519362449645996 0.48678842186927795
v -0.01866847276687622 0.4520832300186157 0.4770691990852356
v -0.03034169226884842 0.4563692510128021 0.5052122473716736
v -0.030749201774597168 0.4647369980812073 0.5162540078163147
v -0.03345492482185364 0.42144322395324707 0.5201095938682556
v -0.03397229313850403 0.41754433512687683 0.5305670499801636
v -0.03339530527591705 0.4298780858516693 0.5284304022789001
v -0.03180128335952759 0.4303412437438965 0.5183519124984741
v -0.03281976282596588 0.3955419957637787 0.5247970223426819
v -0.030355527997016907 0.3854513466358185 0.5157821178436279
v -0.0292678102850914 0.37698620557785034 0.5261995792388916
v -0.030256226658821106 0.3865073621273041 0.5356575846672058
v -0.00754941999912262 0.39602789282798767 0.48232755064964294
v -0.012500770390033722 0.3898746371269226 0.4857732653617859
v -0.01553264632821083 0.39697936177253723 0.48723721504211426
v -0.009748190641403198 0.4022868871688843 0.4840933084487915
v -0.0008715465664863586 0.40506768226623535 0.47278541326522827
v -0.0002529844641685486 0.4107723534107208 0.4758342504501343
v 0.0025180764496326447 0.41404518485069275 0.46922028064727783
v 0.0006854087114334106 0.4076865315437317 0.46551990509033203
v -0.002893991768360138 0.3903805613517761 0.4808349609375
v -0.00788508728146553 0.38412904739379883 0.4848979413509369
v -0.0036236941814422607 0.4013897180557251 0.4788684844970703
v -0.0029849782586097717 0.39679062366485596 0.4765321612358093
v -0.00437328964471817 0.39016589522361755 0.4660531282424927
v -0.005028218030929565 0.3948872983455658 0.4676585793495178
v -0.004234939813613892 0.3955531120300293 0.45996445417404175
v -0.0031889379024505615 0.389986127614975 0.46046167612075806
v -0.00347919762134552 0.3898821771144867 0.475930392742157
v -0.004965834319591522 0.39276865124702454 0.47328898310661316
v -0.003715232014656067 0.38880112767219543 0.470458447933197
v -0.0010517239570617676 0.3867730498313904 0.4731702208518982
v -0.0016097351908683777 0.4006231725215912 0.4703075587749481
v -0.0013245567679405212 0.402034729719162 0.46257802844047546
v -0.00021642446517944336 0.4029538035392761 0.45440244674682617
v -0.002830803394317627 0.3944803476333618 0.4518287479877472
v -0.02057715132832527 0.3774217367172241 0.4966681897640228
v -0.01736372709274292 0.383795827627182 0.4905237555503845
v -0.012734398245811462 0.3786073923110962 0.4890344440937042
v -0.016194216907024384 0.3735378086566925 0.4937346875667572
v -0.0010263696312904358 0.38381677865982056 0.4769420027732849
v -0.005087599158287048 0.36806124448776245 0.4793148636817932
v -0.00525970384478569 0.37194281816482544 0.4789392948150635
v -0.001192443072795868 0.3721988797187805 0.4729706346988678
v -0.0015448257327079773 0.36864420771598816 0.4736842215061188
v -0.02252507209777832 0.36385467648506165 0.5078398585319519
v -0.018676050007343292 0.3622179925441742 0.5019364953041077
v -0.01845286786556244 0.35542023181915283 0.5050473213195801
v -0.021208688616752625 0.3559282720088959 0.5120235681533813
v -0.016146384179592133 0.3497501313686371 0.5055257678031921
v -0.0189126655459404 0.34851160645484924 0.5150520205497742
v -0.011309877038002014 0.3341561555862427 0.5125986933708191
v -0.015085116028785706 0.34063437581062317 0.5142369866371155
v -0.013007499277591705 0.3438655138015747 0.5041004419326782
v -0.009592980146408081 0.3382783532142639 0.49953746795654297
v -0.0017754659056663513 0.3411305248737335 0.4868772625923157
v 0.0026607736945152283 0.33923402428627014 0.48243236541748047
v -0.001273229718208313 0.32786089181900024 0.48694705963134766
v -0.005582991987466812 0.3322722613811493 0.4925649166107178
v -0.003346852958202362 0.36224547028541565 0.48367685079574585
v -0.005822114646434784 0.36279982328414917 0.48776310682296753
v -0.006831582635641098 0.36417368054389954 0.485655814409256
v -0.0044281743466854095 0.36478284001350403 0.4809305667877197
v -0.008151255548000336 0.36299246549606323 0.49097102880477905
v -0.009208664298057556 0.362998366355896 0.49243050813674927
v -0.009501852095127106 0.36417698860168457 0.49104732275009155
v -0.008264757692813873 0.36371445655822754 0.49037614464759827
v -0.006836645305156708 0.3631569743156433 0.4890331029891968
v -0.006258517503738403 0.3611048460006714 0.4883899986743927
v -0.007665760815143585 0.3620993494987488 0.49016642570495605
v -0.004230484366416931 0.3598231077194214 0.48446768522262573
v 0.0041361115872859955 0.35612165927886963 0.4726985991001129
v 0.0011572763323783875 0.35693907737731934 0.475318044424057
v 0.003069177269935608 0.3614177107810974 0.47536131739616394
v 0.0056031234562397 0.3610559403896332 0.47309815883636475
v -0.008720934391021729 0.3658080995082855 0.48863014578819275
v -0.010726355016231537 0.36749735474586487 0.4898182153701782
v -0.008646376430988312 0.3697301745414734 0.48495250940322876
v -0.007513944059610367 0.3669055700302124 0.485228955745697
v -0.013030007481575012 0.3696337938308716 0.4910125732421875
v -0.011175453662872314 0.36562615633010864 0.49245792627334595
v -0.013711422681808472 0.36671537160873413 0.49425405263900757
v -0.008871112018823624 0.3611188530921936 0.49228420853614807
v -0.010633036494255066 0.3598228394985199 0.494988352060318
v -0.011438027024269104 0.36250004172325134 0.49406036734580994
v -0.00927707552909851 0.35629284381866455 0.49393320083618164
v -0.0073051415383815765 0.35892894864082336 0.4904192090034485
v -0.005378074944019318 0.3565977215766907 0.48659634590148926
v -0.00264793261885643 0.35435011982917786 0.48173797130584717
v -0.0037291422486305237 0.3499700129032135 0.48603078722953796
v -0.006984904408454895 0.3528638184070587 0.49058854579925537
v -0.010080695152282715 0.37386584281921387 0.48622801899909973
v -0.014462962746620178 0.36232227087020874 0.49759164452552795
v -0.017583347856998444 0.36890533566474915 0.4981870651245117
v -0.014066852629184723 0.35754770040512085 0.4989805221557617
v -0.012368284165859222 0.3528765141963959 0.4987495541572571
v -0.009389512240886688 0.3485184907913208 0.4962179660797119
v -0.005813762545585632 0.3444981575012207 0.49156486988067627
v 0.0003238767385482788 0.32070767879486084 0.49880194664001465
v -0.00548061728477478 0.32672592997550964 0.5048534870147705
v -0.016127992421388626 0.4446561336517334 0.4797239303588867
v -0.02312999591231346 0.44457969069480896 0.48541170358657837
v -0.021951310336589813 0.4370958209037781 0.49069979786872864
v -0.023442573845386505 0.43948328495025635 0.4911959171295166
v -0.019897274672985077 0.44037216901779175 0.48617425560951233
v -0.019090406596660614 0.4377095401287079 0.4869884252548218
v -0.02831977605819702 0.4316539466381073 0.5107650756835938
v -0.02565721422433853 0.43286892771720886 0.5045321583747864
v -0.025427624583244324 0.42916184663772583 0.5063518285751343
v -0.029863707721233368 0.4250989258289337 0.5124199986457825
v -0.021392323076725006 0.4205111563205719 0.4981228709220886
v -0.024047791957855225 0.42230352759361267 0.5025013089179993
v -0.021536611020565033 0.4285884499549866 0.4980006814002991
v -0.019664593040943146 0.4272363781929016 0.4947010576725006
v -0.017169006168842316 0.42640024423599243 0.4913519024848938
v -0.01371515542268753 0.42609113454818726 0.4886575937271118
v -0.013762913644313812 0.4207763671875 0.4900169372558594
v -0.017782393842935562 0.4202035367488861 0.4936227798461914
v -0.014203459024429321 0.44115111231803894 0.482868492603302
v -0.00744166225194931 0.4399334788322449 0.4805302023887634
v -0.008322060108184814 0.4371107816696167 0.48225167393684387
v -0.014190800487995148 0.43808966875076294 0.48381027579307556
v 0.0025751106441020966 0.4299682378768921 0.4834471642971039
v 0.0011131651699543 0.43242502212524414 0.48261499404907227
v 0.0038702040910720825 0.4335559606552124 0.4801778495311737
v 0.004927191883325577 0.4290723204612732 0.4810675084590912
v 0.002745009958744049 0.4262557923793793 0.4820300340652466
v 0.0012413263320922852 0.42845118045806885 0.48363763093948364
v -0.012333758175373077 0.49977409839630127 0.48468464612960815
v -0.012467078864574432 0.48233020305633545 0.47519704699516296
v -0.022210564464330673 0.4947117567062378 0.5022278428077698
v -0.028362073004245758 0.4847586750984192 0.5167714953422546
v -0.03103865683078766 0.47250673174858093 0.5292539000511169
v -0.026212748140096664 0.3691393733024597 0.516464114189148
v -0.025189563632011414 0.36094048619270325 0.5233421921730042
v -0.027619339525699615 0.3693677484989166 0.5362918376922607
v -0.02445884793996811 0.35931843519210815 0.5410010814666748
v -0.022267498075962067 0.3510935604572296 0.5269097089767456
v -0.010034941136837006 0.3327035903930664 0.525770902633667
v -0.017279334366321564 0.34119006991386414 0.5278250575065613
v -0.01858770102262497 0.34977006912231445 0.5448895692825317
v -0.019746117293834686 0.36306604743003845 0.5606235265731812
v -0.024549949914216995 0.3700083792209625 0.553663969039917
v -0.01779409870505333 0.379386842250824 0.5728635191917419
v -0.012690674513578415 0.3548625707626343 0.5697383880615234
v -0.012380268424749374 0.3781919479370117 0.5800874829292297
v -0.0034683719277381897 0.3198356330394745 0.5598263740539551
v -0.006015747785568237 0.30845609307289124 0.5627269744873047
v -0.010456643998622894 0.31554114818573 0.5791361331939697
v -0.009251274168491364 0.3269929885864258 0.5758526921272278
v -0.02836821973323822 0.37769412994384766 0.5459324717521667
v -0.032048702239990234 0.44110167026519775 0.5350705981254578
v -0.032151490449905396 0.43992483615875244 0.5231743454933167
v -0.03268972039222717 0.4283824563026428 0.540306568145752
v -0.025808289647102356 0.501090407371521 0.5509453415870667
v -0.0270550474524498 0.4946501851081848 0.5322529077529907
v -0.031254589557647705 0.48068228363990784 0.5426095128059387
v -0.02952416241168976 0.48873332142829895 0.5584450364112854
v -0.002189435064792633 0.5337274670600891 0.528653621673584
v -0.008871462196111679 0.518589198589325 0.5057666897773743
v -0.018006518483161926 0.509137749671936 0.5182508826255798
v -0.014297004789113998 0.5202998518943787 0.5382099747657776
v -0.0267421156167984 0.49108797311782837 0.571296215057373
v -0.020316049456596375 0.4932352602481842 0.5890366435050964
v -0.012963753193616867 0.5090802907943726 0.592555046081543
v -0.019171811640262604 0.5083151459693909 0.5703598856925964
v 0.0019281059503555298 0.5287215113639832 0.5929922461509705
v -0.006291285157203674 0.5279842019081116 0.5662078261375427
v -0.007768664509057999 0.36457276344299316 0.5888741612434387
v -0.006749369204044342 0.3840065598487854 0.5909812450408936
v -0.008788328617811203 0.3397939205169678 0.5711874961853027
v -0.00862785056233406 0.3479655385017395 0.588104248046875
v 0.020428191870450974 0.5427978038787842 0.5891039371490479
v 0.009468497708439827 0.543544352054596 0.5582441091537476
v 0.007108516991138458 0.4733583629131317 0.6332234144210815
v 0.00267830491065979 0.49100714921951294 0.6242122054100037
v -0.009735751897096634 0.477382093667984 0.6129690408706665
v -0.0036842450499534607 0.46367740631103516 0.6221072673797607
v 0.02289857342839241 0.4829578995704651 0.6427173018455505
v 0.01828627660870552 0.5039053559303284 0.6329042911529541
v 0.018358226865530014 0.4160952568054199 0.631385326385498
v 0.021848564967513084 0.396928995847702 0.6242554187774658
v 0.0344468429684639 0.399570494890213 0.631235659122467
v 0.03089597448706627 0.41775184869766235 0.6408809423446655
v -0.03008688986301422 0.4493851065635681 0.4969371557235718
v -0.027338601648807526 0.4430606961250305 0.4921414256095886
v -0.028859883546829224 0.4406735599040985 0.49937736988067627
v -0.030979514122009277 0.4448300898075104 0.5057282447814941
v -0.03174576908349991 0.44881224632263184 0.5151258111000061
v -0.031035058200359344 0.4537653923034668 0.5273361802101135
v -0.030999086797237396 0.46796074509620667 0.5509997606277466
v -0.029626689851284027 0.47633033990859985 0.5647153258323669
v -0.022922925651073456 0.4795584976673126 0.5885835886001587
v -0.02780371904373169 0.47811686992645264 0.5751400589942932
v -0.014943912625312805 0.46442651748657227 0.6074984669685364
v -0.010280080139636993 0.4555702209472656 0.6129366159439087
v -0.0007590204477310181 0.39475858211517334 0.6041407585144043
v 0.0007870197296142578 0.3714940547943115 0.6028050184249878
v 0.012604758143424988 0.3746853470802307 0.6128664016723633
v 0.011463925242424011 0.39636918902397156 0.6163504719734192
v 0.03398028016090393 0.3770619034767151 0.6279245615005493
v 0.023451421409845352 0.376178503036499 0.620606005191803
v -0.0007605701684951782 0.33650025725364685 0.6038110256195068
v -0.002938978374004364 0.3215148150920868 0.6076692342758179
v 0.006880335509777069 0.32364562153816223 0.6198998093605042
v 0.009767882525920868 0.33812451362609863 0.6145811676979065
v 0.01676793396472931 0.32225432991981506 0.628677248954773
v 0.028563307598233223 0.3207443058490753 0.6328280568122864
v 0.030634362250566483 0.33820146322250366 0.6289308667182922
v 0.020421165972948074 0.3393077552318573 0.6233912110328674
v 0.010072752833366394 0.29788804054260254 0.541451096534729
v 0.008449817076325417 0.28813037276268005 0.5441970825195312
v -0.0010482221841812134 0.29250726103782654 0.55327308177948
v 0.002172708511352539 0.30267977714538574 0.5502602458000183
v -0.006081931293010712 0.3089604675769806 0.6136481761932373
v 0.0030963048338890076 0.3119990825653076 0.6262181401252747
v 0.0075112804770469666 0.41499823331832886 0.6202345490455627
v 0.00019404664635658264 0.4149458110332489 0.6112993359565735
v 0.013122158125042915 0.30989930033683777 0.6355330944061279
v 0.022172952070832253 0.355995774269104 0.619699239730835
v 0.011096766218543053 0.35457703471183777 0.6123817563056946
v 0.04479479789733887 0.37786009907722473 0.6313844919204712
v 0.04629693552851677 0.4004132151603699 0.6352245211601257
v -0.004421107470989227 0.4068271815776825 0.4808442294597626
v -0.004785254597663879 0.422955185174942 0.48501384258270264
v -0.00537872314453125 0.42701128125190735 0.48486441373825073
v -0.001529008150100708 0.4277442693710327 0.4839002788066864
v -0.000568639487028122 0.4244321286678314 0.4834188222885132
v 0.0006791912019252777 0.4615025520324707 0.46293890476226807
v 0.0022459402680397034 0.4445609152317047 0.4647221565246582
v -0.009568747133016586 0.44987088441848755 0.46949824690818787
v -0.010163210332393646 0.46383732557296753 0.4699283838272095
v -0.02914264053106308 0.39635908603668213 0.50420743227005
v -0.022623106837272644 0.4008706212043762 0.4941631257534027
v -0.021060578525066376 0.39116784930229187 0.4922294318675995
v -0.025056973099708557 0.3846023976802826 0.49983447790145874
v -0.02409803867340088 0.43361204862594604 0.5005989670753479
v -0.025779560208320618 0.43577811121940613 0.5007478594779968
v -0.024184416979551315 0.435005784034729 0.49771735072135925
v -0.0218186117708683 0.37127354741096497 0.5020549297332764
v -0.026280343532562256 0.3769727945327759 0.5083608031272888
v -0.032592855393886566 0.4140811860561371 0.5427616238594055
v -0.03079107403755188 0.4387282431125641 0.5132171511650085
v 0.017023803666234016 0.5430119633674622 0.5161466598510742
v 0.006551176309585571 0.5254043340682983 0.4901992678642273
v 0.039862457662820816 0.5531808137893677 0.582009494304657
v 0.028871845453977585 0.5529118776321411 0.5490013957023621
v 0.037198036909103394 0.5144433975219727 0.6373597383499146
v 0.04374881461262703 0.49173447489738464 0.6489028334617615
v 0.06223789602518082 0.4947180151939392 0.6489515900611877
v 0.0591515488922596 0.5218122005462646 0.6337771415710449
v 0.04595622420310974 0.4195255935192108 0.6457212567329407
v 0.039110347628593445 0.3206624388694763 0.6339361667633057
v 0.04213888570666313 0.339398592710495 0.6311231255531311
v 0.0007515624165534973 0.5024393796920776 0.47414156794548035
v -0.001096777617931366 0.48106133937835693 0.46564412117004395
v -0.03155983239412308 0.4604061543941498 0.5403335094451904
v -0.034343376755714417 0.41171303391456604 0.5180441737174988
v -0.031431883573532104 0.4182071089744568 0.510983407497406
v -0.03082548826932907 0.4134182333946228 0.5070679187774658
v -0.03349071741104126 0.4041994512081146 0.514214813709259
v -0.03388838469982147 0.4046292304992676 0.52842777967453
v -0.03079768270254135 0.39874348044395447 0.5414219498634338
v -0.027280129492282867 0.3934721052646637 0.5569669604301453
v -0.02265133336186409 0.3837823271751404 0.5658128261566162
v -0.013970304280519485 0.4896981716156006 0.6041195392608643
v -0.0029195696115493774 0.5047556757926941 0.6121625900268555
v 0.011907786130905151 0.5205715298652649 0.6160967946052551
v 0.029992617666721344 0.5334762930870056 0.6173052787780762
v -0.017340701073408127 0.4782302975654602 0.6010817885398865
v 0.05014330893754959 0.5422641634941101 0.6121031641960144
v 8.203089237213135e-06 0.37691277265548706 0.4729815423488617
v -0.004717599600553513 0.37789273262023926 0.4800424873828888
v 0.0015813037753105164 0.3810632526874542 0.4717869460582733
v 0.0005350299179553986 0.3525228500366211 0.47762608528137207
v 0.003837382420897484 0.35138991475105286 0.47465842962265015
v 0.004429798573255539 0.3465849757194519 0.47914403676986694
v 0.0003566555678844452 0.3479357957839966 0.48207175731658936
v 0.005352377891540527 0.31960582733154297 0.5134552121162415
v -0.0020219311118125916 0.32546794414520264 0.5200169086456299
v 0.010921409353613853 0.30678150057792664 0.5377824306488037
v 0.003923207521438599 0.3122832179069519 0.5468218326568604
v 2.425163984298706e-06 0.3889051079750061 0.4661635756492615
v 0.001457851380109787 0.38897407054901123 0.46515506505966187
v 0.0025209151208400726 0.38827863335609436 0.4673885703086853
v 0.0006524249911308289 0.3885219693183899 0.4684693217277527
v -0.007587246596813202 0.364016056060791 0.4881635010242462
v 0.0022109299898147583 0.3679569959640503 0.46994781494140625
v 0.004926297813653946 0.36744219064712524 0.4683650732040405
v 0.005199816077947617 0.36417219042778015 0.4704788625240326
v 0.0025086551904678345 0.36470088362693787 0.47220587730407715
v -0.008483689278364182 0.3373608887195587 0.5467016100883484
v -0.0034062154591083527 0.3299085199832916 0.5550029277801514
v -0.010004892945289612 0.31745728850364685 0.5924462676048279
v -0.008715450763702393 0.33202898502349854 0.5900360345840454
v 0.0006254576146602631 0.35290566086769104 0.6021625995635986
v 0.033603645861148834 0.3582855463027954 0.6263797283172607
v 0.043708715587854385 0.35767582058906555 0.6307628154754639
v 0.06690670549869537 0.3619305491447449 0.6269797682762146
v 0.07128025591373444 0.3809577226638794 0.6278908848762512
v 0.05824811011552811 0.3796283006668091 0.6325489282608032
v 0.05605219304561615 0.3602137863636017 0.6308431625366211
v 0.0008778199553489685 0.324461966753006 0.5337359309196472
v 0.008560357615351677 0.3185906708240509 0.5256879329681396
v 0.010344674810767174 0.3146243393421173 0.5331713557243347
v 0.0034372135996818542 0.3206799626350403 0.541799783706665
v 0.004337579011917114 0.38510221242904663 0.46363651752471924
v 0.0051136016845703125 0.38373929262161255 0.4618366062641144
v 0.005862928926944733 0.38226112723350525 0.4651014506816864
v 0.004261763766407967 0.38453495502471924 0.4660048484802246
v 0.0006138868629932404 0.38701432943344116 0.47081366181373596
v 0.0026367828249931335 0.3857101500034332 0.4700245261192322
v 0.0024122297763824463 0.38393309712409973 0.47072702646255493
v -0.0016466155648231506 0.38874828815460205 0.4661046862602234
v -0.001029185950756073 0.3879551589488983 0.46910804510116577
v 0.0009762048721313477 0.38812631368637085 0.4597212076187134
v -0.0009309574961662292 0.38866791129112244 0.46234560012817383
v -0.001036420464515686 0.38714608550071716 0.4550244212150574
v 0.0035826098173856735 0.3865981996059418 0.4653364419937134
v 0.0036476999521255493 0.38579022884368896 0.46732133626937866
v 0.0014666318893432617 0.38777485489845276 0.4697933495044708
v 0.0029456987977027893 0.38717442750930786 0.4690403342247009
v 0.0015887357294559479 0.3886551856994629 0.4618367850780487
v 0.00039296597242355347 0.38879483938217163 0.4637654721736908
v 0.0024841390550136566 0.40996086597442627 0.4581472873687744
v 0.007292870432138443 0.4100916087627411 0.4535609483718872
v 0.005233820527791977 0.4023911654949188 0.449719101190567
v 0.003091081976890564 0.39369314908981323 0.44651398062705994
v 0.003968866541981697 0.38591161370277405 0.4500972628593445
v 0.017136860638856888 0.31053057312965393 0.5276920199394226
v 0.017215147614479065 0.3030815124511719 0.5314942002296448
v 0.01443922333419323 0.4790412187576294 0.4593505263328552
v 0.01281687431037426 0.45878592133522034 0.45858678221702576
v -0.007670946419239044 0.36320215463638306 0.4901939034461975
v -0.00789225846529007 0.4429795742034912 0.47668424248695374
v -0.027020975947380066 0.410415917634964 0.5002952814102173
v -0.009804174304008484 0.40895944833755493 0.48604699969291687
v -0.0158737450838089 0.4051585793495178 0.48928961157798767
v -0.014763358980417252 0.41329896450042725 0.49016162753105164
v -0.009322777390480042 0.4155595600605011 0.48703503608703613
v 0.000612407922744751 0.4395271837711334 0.47399523854255676
v 0.007120462134480476 0.434140682220459 0.4666696786880493
v 0.006003264337778091 0.433954656124115 0.47438275814056396
v 0.006773672997951508 0.427327036857605 0.4755931496620178
v 0.006600037217140198 0.42493122816085815 0.4672807455062866
v 0.004053257405757904 0.4191714823246002 0.47355762124061584
v 0.004594871774315834 0.4227536916732788 0.4788558781147003
v -0.023276809602975845 0.43626099824905396 0.4943617582321167
v -0.025123436003923416 0.4381544589996338 0.4960179328918457
v 0.00048632919788360596 0.41555649042129517 0.47904273867607117
v -0.004188019782304764 0.4123084843158722 0.48302003741264343
v -0.004051633179187775 0.4177761971950531 0.4845260679721832
v 0.0007067583501338959 0.4199143052101135 0.4820714592933655
v -0.02073115110397339 0.4111192226409912 0.49438732862472534
v -0.02858009934425354 0.43690523505210876 0.5057348012924194
v -0.025226719677448273 0.42536261677742004 0.5054275989532471
v -0.007305223494768143 0.4194064140319824 0.6036788821220398
v -0.007080916315317154 0.40628862380981445 0.5984076261520386
v -0.02057497575879097 0.3932492136955261 0.5840978026390076
v -0.019189398735761642 0.3888680040836334 0.5812267065048218
v -0.012680735439062119 0.39204147458076477 0.5831105709075928
v -0.016864564269781113 0.396446168422699 0.5867562294006348
v -0.02276068925857544 0.44993504881858826 0.5929744839668274
v -0.021612465381622314 0.4578479826450348 0.5957068204879761
v -0.024386942386627197 0.45723721385002136 0.58866286277771
v -0.023187458515167236 0.45001471042633057 0.590448260307312
v -0.02518407255411148 0.4517063498497009 0.5840358734130859
v -0.02614814043045044 0.4543169438838959 0.5811144709587097
v -0.025263093411922455 0.4462593197822571 0.5808097124099731
v -0.02464888244867325 0.4469393193721771 0.584243655204773
v -0.02787492424249649 0.46543651819229126 0.5786229372024536
v -0.02894481271505356 0.46125495433807373 0.5689636468887329
v -0.02640683576464653 0.45019060373306274 0.5737332105636597
v -0.030796237289905548 0.44336235523223877 0.5504031181335449
v -0.026922699064016342 0.43461039662361145 0.5642820596694946
v -0.02688448876142502 0.4436204731464386 0.5681549906730652
v -0.02883518487215042 0.4542810618877411 0.5595368146896362
v -0.02016601338982582 0.3936091959476471 0.5768729448318481
v -0.021973296999931335 0.4006853699684143 0.5710353255271912
v -0.009093061089515686 0.3968695104122162 0.5899869203567505
v 0.0813046395778656 0.5011106729507446 0.6407825946807861
v 0.07971830666065216 0.5256754159927368 0.6241752505302429
v 0.010581053793430328 0.45468685030937195 0.637790322303772
v 0.0256144218146801 0.46079275012016296 0.6463141441345215
v 0.0006564483046531677 0.44852936267852783 0.6254211068153381
v -0.0067422837018966675 0.4437052309513092 0.6151566505432129
v 0.042539648711681366 0.46723267436027527 0.6535462141036987
v 0.0636591911315918 0.4701211452484131 0.6507665514945984
v -0.031130895018577576 0.426099956035614 0.5533929467201233
v -0.026105061173439026 0.42326346039772034 0.5648893713951111
v 0.01400715485215187 0.435199499130249 0.6378384828567505
v 0.02801334112882614 0.4387895166873932 0.6467700004577637
v 0.0041452329605817795 0.43207117915153503 0.6247251033782959
v -0.0036653801798820496 0.43021059036254883 0.6144995093345642
v 0.045136719942092896 0.4441974461078644 0.6523764729499817
v 0.06250002235174179 0.42008858919143677 0.6452572345733643
v 0.06398554146289825 0.4421974718570709 0.6519392728805542
v -0.021226778626441956 0.40527579188346863 0.5831202268600464
v -0.02142072096467018 0.4030291736125946 0.5785470604896545
v -0.020082995295524597 0.3967773914337158 0.5809686183929443
v -0.022625669836997986 0.39922118186950684 0.5833300948143005
v -0.029228858649730682 0.4113849699497223 0.5560455322265625
v -0.024543240666389465 0.41151925921440125 0.5684752464294434
v 0.004288170486688614 0.4169960021972656 0.46208417415618896
v 0.011347360908985138 0.42549312114715576 0.4601716995239258
v 0.009247247129678726 0.41770145297050476 0.45689794421195984
v 0.012603968381881714 0.4337770342826843 0.46186307072639465
v 0.049591436982154846 0.5534313917160034 0.5374093651771545
v 0.038029417395591736 0.5441495180130005 0.5066536068916321
v 0.07270632684230804 0.5442794561386108 0.5998957753181458
v 0.06110968440771103 0.5542876720428467 0.5705947279930115
v 0.006675319746136665 0.3383029103279114 0.479220986366272
v 0.004402071237564087 0.32579776644706726 0.4828132390975952
v 0.0035613924264907837 0.3760358989238739 0.4688967764377594
v 0.006085880100727081 0.3749963641166687 0.4674384295940399
v 0.005316056311130524 0.37103942036628723 0.467715322971344
v 0.0026598311960697174 0.37189605832099915 0.46919193863868713
v -0.0008225813508033752 0.43721872568130493 0.47963908314704895
v 0.06114553287625313 0.4010215103626251 0.6358193159103394
v 0.05364567041397095 0.3405420780181885 0.6308669447898865
v 0.05081174522638321 0.321849524974823 0.6331609487533569
v 0.025078630074858665 0.3073633015155792 0.6401722431182861
v 0.038049645721912384 0.305751234292984 0.6412044167518616
v 0.006460867822170258 0.3788124620914459 0.466595321893692
v 0.004323095083236694 0.3798491358757019 0.46829989552497864
v 0.002929113805294037 0.3881765604019165 0.4630708396434784
v -0.0010147541761398315 0.3650188148021698 0.47570109367370605
v 0.004374314099550247 0.3826752007007599 0.4677777886390686
v 0.0037028081715106964 0.3847743272781372 0.46787917613983154
v 0.007613060995936394 0.3813718557357788 0.46393883228302
v 0.007903117686510086 0.37826356291770935 0.46605026721954346
v -0.0093781016767025 0.42170289158821106 0.487038791179657
v -0.009605862200260162 0.42637524008750916 0.4864531457424164
v 0.002913743257522583 0.38471347093582153 0.4582608938217163
v 0.0032890699803829193 0.38644981384277344 0.46078765392303467
v 0.006124071776866913 0.38366448879241943 0.4566716253757477
v -0.008675388991832733 0.29691624641418457 0.566818356513977
v -0.012674469500780106 0.3024885356426239 0.5827544927597046
v 0.006887257099151611 0.36709830164909363 0.46759480237960815
v 0.007157608866691589 0.3636350631713867 0.46956831216812134
v 0.026793526485562325 0.5249364376068115 0.4798835515975952
v 0.07987764477729797 0.41595566272735596 0.6398063898086548
v 0.08220089972019196 0.438048779964447 0.646122932434082
v -0.024438850581645966 0.4294488728046417 0.57313472032547
v -0.024719245731830597 0.4260548949241638 0.579251766204834
v -0.024588003754615784 0.433714896440506 0.5802727937698364
v -0.025155548006296158 0.437055379152298 0.5743367671966553
v 0.01699838414788246 0.29436126351356506 0.5352335572242737
v -0.01231575757265091 0.30571481585502625 0.5986408591270447
v 0.05107755586504936 0.3059275448322296 0.6400952935218811
v -0.023595865815877914 0.43193331360816956 0.5013282299041748
v -0.022718138992786407 0.43019452691078186 0.500347375869751
v -0.0028870180249214172 0.43517085909843445 0.4818941652774811
v 0.08511163294315338 0.4678001403808594 0.6496042609214783
v -0.0018204860389232635 0.35804685950279236 0.4793892800807953
v -0.0001142546534538269 0.3618879020214081 0.47878357768058777
v 0.06442257016897202 0.342460036277771 0.6279595494270325
v 0.01563352532684803 0.31435319781303406 0.520904004573822
v 0.006331922486424446 0.3828904926776886 0.4606333076953888
v 0.07480669766664505 0.39875736832618713 0.6322974562644958
v -0.024130821228027344 0.4412919282913208 0.5875969529151917
v -0.026522837579250336 0.4392496943473816 0.585293710231781
v -0.025783870369195938 0.43587154150009155 0.5857917666435242
v -0.024029046297073364 0.436714231967926 0.5865399241447449
v -0.028936117887496948 0.441407710313797 0.5811371207237244
v -0.02930063009262085 0.4384647607803345 0.5837936401367188
v -0.030353285372257233 0.44173839688301086 0.5850355625152588
v -0.029770269989967346 0.44501209259033203 0.5830855965614319
v -0.025462187826633453 0.44241949915885925 0.5771708488464355
v -0.027334272861480713 0.437549352645874 0.5800501704216003
v -0.030742034316062927 0.4442078769207001 0.5867627859115601
v -0.031341053545475006 0.4465070962905884 0.5853515267372131
v -0.028582021594047546 0.44813311100006104 0.5854268074035645
v -0.024024467915296555 0.44887104630470276 0.5876614451408386
v -0.03253208100795746 0.44839736819267273 0.5891619920730591
v -0.02863132953643799 0.4503598213195801 0.5894931554794312
v -0.03313539922237396 0.44909343123435974 0.5944212079048157
v -0.0279802605509758 0.45142385363578796 0.5945912003517151
v -0.032004840672016144 0.44747230410575867 0.6002936959266663
v -0.026087675243616104 0.4491143226623535 0.6003111600875854
v -0.023334644734859467 0.4102197289466858 0.5768656134605408
v -0.022161155939102173 0.4117825925350189 0.5835064649581909
v -0.03131765127182007 0.44272932410240173 0.6041597723960876
v -0.024579450488090515 0.4434448182582855 0.6035187244415283
v -0.02999097853899002 0.4364812672138214 0.6069517731666565
v -0.023849427700042725 0.4367888569831848 0.6059542298316956
v -0.028346940875053406 0.42952632904052734 0.6069581508636475
v -0.02380479872226715 0.42936810851097107 0.6068315505981445
v -0.027721591293811798 0.4221181273460388 0.606354832649231
v -0.023386947810649872 0.4207337200641632 0.6056394577026367
v -0.026659414172172546 0.4144076704978943 0.6036633849143982
v -0.022272668778896332 0.4113742411136627 0.6033165454864502
v -0.029279068112373352 0.4474714994430542 0.5947801470756531
v -0.02894321084022522 0.445230633020401 0.5990769267082214
v -0.019518285989761353 0.44684016704559326 0.5944340229034424
v -0.02999606728553772 0.4468664228916168 0.5900377631187439
v -0.022096097469329834 0.432242751121521 0.5922129154205322
v -0.01968056708574295 0.43544989824295044 0.592086672782898
v -0.0199674591422081 0.4340364336967468 0.592204213142395
v -0.018803659826517105 0.43288660049438477 0.5942188501358032
v -0.0235893577337265 0.4187730550765991 0.5807860493659973
v -0.02310660481452942 0.41950681805610657 0.5847496390342712
v -0.023743242025375366 0.4248124957084656 0.5832765698432922
v -0.021595168858766556 0.41545021533966064 0.5855433344841003
v -0.020193323493003845 0.4171382486820221 0.5858315825462341
v -0.020096540451049805 0.4206216335296631 0.5846583843231201
v -0.019866205751895905 0.42522186040878296 0.583857536315918
v -0.019876524806022644 0.41625627875328064 0.5883451104164124
v -0.021036237478256226 0.4141134023666382 0.5884829759597778
v -0.018694769591093063 0.41751962900161743 0.5877994894981384
v -0.018822848796844482 0.4180513322353363 0.5864797830581665
v -0.01767270267009735 0.42067041993141174 0.5865218639373779
v -0.017536502331495285 0.42460036277770996 0.5882433652877808
v -0.024409029632806778 0.41992226243019104 0.5742591619491577
v -0.013406135141849518 0.4220980405807495 0.5984779000282288
v -0.012617871165275574 0.4123375117778778 0.5953927636146545
v -0.025231391191482544 0.40812772512435913 0.598678708076477
v -0.022602558135986328 0.4018419086933136 0.598921000957489
v -0.02516413852572441 0.39578521251678467 0.5877042412757874
v -0.024818502366542816 0.3950537145137787 0.5941460728645325
v -0.017126798629760742 0.4421684443950653 0.5967532992362976
v -0.016114339232444763 0.436471164226532 0.5992457270622253
v -0.014366261661052704 0.40371352434158325 0.5907018184661865
v -0.015156734734773636 0.4297831952571869 0.6009048223495483
v -0.025167301297187805 0.41800519824028015 0.6016000509262085
v -0.023602880537509918 0.41380220651626587 0.5977603197097778
v -0.026069022715091705 0.4235079884529114 0.6041505932807922
v -0.02247244119644165 0.41062650084495544 0.5881127119064331
v -0.023580819368362427 0.40386271476745605 0.5882476568222046
v -0.025122851133346558 0.40491291880607605 0.593549370765686
v -0.022287718951702118 0.4113839566707611 0.5930666327476501
v -0.024948101490736008 0.42034947872161865 0.5987732410430908
v -0.022338159382343292 0.4174928069114685 0.5958228707313538
v -0.022249888628721237 0.4229384958744049 0.5968685746192932
v -0.0197492316365242 0.4205572009086609 0.5943371653556824
v -0.019309040158987045 0.4176858365535736 0.5910835266113281
v -0.02076733112335205 0.41516000032424927 0.5921987891197205
v -0.01617695391178131 0.4231678247451782 0.5928236246109009
v -0.019061118364334106 0.42634451389312744 0.5947916507720947
v -0.017429515719413757 0.41950705647468567 0.5896332263946533
v -0.02415810525417328 0.42588549852371216 0.5978977680206299
v -0.025908611714839935 0.4300791919231415 0.5987354516983032
v -0.025181002914905548 0.4316796362400055 0.5946149826049805
v -0.022091615945100784 0.4288347363471985 0.5949803590774536
v -0.02667985111474991 0.429828405380249 0.6049132943153381
v -0.027187779545783997 0.4294859766960144 0.6020257472991943
v -0.025900624692440033 0.4245961606502533 0.6010827422142029
v -0.02806631475687027 0.434962660074234 0.60194993019104
v -0.027155078947544098 0.43623849749565125 0.6043517589569092
v -0.026998043060302734 0.4345060884952545 0.5993144512176514
v -0.026431791484355927 0.4349910318851471 0.5966076850891113
v -0.02900172770023346 0.44296279549598694 0.5974999666213989
v -0.028833463788032532 0.43963488936424255 0.6002412438392639
v -0.028644055128097534 0.4416593611240387 0.6023002862930298
v -0.02838638424873352 0.43786385655403137 0.5979180335998535
v -0.02820679545402527 0.44049525260925293 0.5958829522132874
v -0.026784803718328476 0.43868929147720337 0.5951914191246033
v -0.027155578136444092 0.43736714124679565 0.5968553423881531
v -0.028449632227420807 0.44411638379096985 0.5874899625778198
v -0.02777877449989319 0.44224023818969727 0.5857588648796082
v -0.028577342629432678 0.4449087381362915 0.5903651118278503
v -0.02657383680343628 0.4458863437175751 0.5891669392585754
v -0.02686908468604088 0.4430084526538849 0.5905221700668335
v -0.025251220911741257 0.4447574317455292 0.5884731411933899
v -0.02579844370484352 0.4409734606742859 0.5901433229446411
v -0.02425467222929001 0.43763458728790283 0.5893228054046631
v 0.00409330427646637 0.26610076427459717 0.5484252572059631
v 0.006099635735154152 0.2774207890033722 0.5466867685317993
v 0.01560157909989357 0.2734108865261078 0.5405799150466919
v 0.014927521347999573 0.26283925771713257 0.543100118637085
v -0.026500485837459564 0.4397130310535431 0.5925864577293396
v -0.027525246143341064 0.4419930577278137 0.5933626294136047
v -0.028544597327709198 0.4447759687900543 0.5941961407661438
v -0.024306487292051315 0.4347107410430908 0.5921157598495483
v -0.02530384063720703 0.434296190738678 0.5935676097869873
v -0.025922879576683044 0.4362817406654358 0.594353973865509
v -0.025073520839214325 0.43699881434440613 0.5920242071151733
v -0.02358977496623993 0.4289504885673523 0.5831865072250366
v -0.020906582474708557 0.42820173501968384 0.5861360430717468
v -0.01924629881978035 0.42723754048347473 0.5905160307884216
v -0.021486826241016388 0.2564897835254669 0.5775040984153748
v -0.029894523322582245 0.26456084847450256 0.595269501209259
v -0.02505497634410858 0.27263545989990234 0.5946931838989258
v -0.016903284937143326 0.2658063769340515 0.578224241733551
v -0.03438945114612579 0.2357243150472641 0.5618757605552673
v -0.03922024369239807 0.2180534154176712 0.5504308342933655
v -0.05350308120250702 0.22547416388988495 0.564627468585968
v -0.04896315932273865 0.24499860405921936 0.5861598253250122
v -0.05746907740831375 0.2058447152376175 0.5497960448265076
v -0.04329074174165726 0.19925247132778168 0.5393669009208679
v -0.06740798056125641 0.153296560049057 0.5129482746124268
v -0.06405025720596313 0.17006151378154755 0.5247259736061096
v -0.05027568340301514 0.1664908230304718 0.5161424279212952
v -0.05351072549819946 0.15076445043087006 0.5040910243988037
v -0.0991748571395874 0.07044459879398346 0.4881328344345093
v -0.0890435054898262 0.07187075167894363 0.48018285632133484
v -0.08139936625957489 0.05517285689711571 0.479800283908844
v -0.09210515022277832 0.05105268210172653 0.48939821124076843
v -0.10954751074314117 0.1921842098236084 0.5670709609985352
v -0.1171763688325882 0.18437738716602325 0.570777952671051
v -0.11778843402862549 0.20731337368488312 0.5739927887916565
v -0.1089368462562561 0.21388190984725952 0.5722500085830688
v -0.04477095603942871 0.2731596529483795 0.6408260464668274
v -0.037461452186107635 0.2772388160228729 0.6391962170600891
v -0.039537616074085236 0.26533788442611694 0.6166744828224182
v -0.04800037294626236 0.26118046045303345 0.6161838173866272
v -0.12515059113502502 0.09027151018381119 0.54860520362854
v -0.1222999095916748 0.10052705556154251 0.538446307182312
v -0.12223538756370544 0.08667150139808655 0.5300914645195007
v -0.12454459071159363 0.07599746435880661 0.538738489151001
v -0.09909673035144806 -0.0070039499551057816 0.5402662754058838
v -0.08976781368255615 -0.007522894069552422 0.5213212370872498
v -0.09080547094345093 -0.027380088344216347 0.5191260576248169
v -0.09964196383953094 -0.026971060782670975 0.5397315621376038
v -0.11340586841106415 0.015765167772769928 0.6131244897842407
v -0.10995103418827057 -0.0027041989378631115 0.6126635670661926
v -0.10170449316501617 -0.0022679376415908337 0.6377091407775879
v -0.10457968711853027 0.01518934778869152 0.6381896734237671
v -0.08981378376483917 0.15647107362747192 0.5306720733642578
v -0.086971215903759 0.17471925914287567 0.5423331260681152
v -0.07640285789966583 0.1726059913635254 0.5337069034576416
v -0.07963317632675171 0.15544819831848145 0.521776556968689
v -0.2725835144519806 0.24697345495224 0.5761560797691345
v -0.24688813090324402 0.24741867184638977 0.5817970037460327
v -0.24551662802696228 0.23268546164035797 0.5723010301589966
v -0.2718052268028259 0.2325533926486969 0.5668772459030151
v -0.11681997776031494 -0.09291991591453552 0.5922489166259766
v -0.11990147829055786 -0.10987836867570877 0.586844801902771
v -0.11186422407627106 -0.10762636363506317 0.6130748391151428
v -0.10821022093296051 -0.09076065570116043 0.6167467832565308
v -0.14920338988304138 0.2700214684009552 0.6106992959976196
v -0.15227198600769043 0.2783273756504059 0.6333544850349426
v -0.13849449157714844 0.28022652864456177 0.6346062421798706
v -0.13622692227363586 0.2722148895263672 0.6111612319946289
v -0.11704210937023163 0.14921027421951294 0.5606966018676758
v -0.1170499175786972 0.16514351963996887 0.5660127997398376
v -0.11068376898765564 0.17337508499622345 0.5605307817459106
v -0.11161121726036072 0.1553405523300171 0.5540094375610352
v -0.11280301213264465 0.05006435513496399 0.6448428630828857
v -0.11514703929424286 0.06926092505455017 0.6473096013069153
v -0.12041154503822327 0.07033646106719971 0.6279278993606567
v -0.12008488178253174 0.050976794213056564 0.6233586072921753
v -0.11783939599990845 0.03312446177005768 0.6181063652038574
v -0.10945029556751251 0.03202065825462341 0.641488790512085
v -0.1057443916797638 0.15663674473762512 0.5467113256454468
v -0.10351093113422394 0.17728832364082336 0.5558709502220154
v -0.09587877988815308 0.17603272199630737 0.5495808124542236
v -0.09843555092811584 0.15676893293857574 0.5390766859054565
v -0.07153154164552689 0.04063323885202408 0.48258858919143677
v -0.0843900740146637 0.03570389747619629 0.4944424033164978
v -0.12105917930603027 -0.11303555220365524 0.5592309832572937
v -0.11875221133232117 -0.09586529433727264 0.5652506947517395
v -0.11351729929447174 -0.09943511337041855 0.5398243069648743
v -0.11476205289363861 -0.11682190001010895 0.5334852337837219
v -0.07670152187347412 0.010068342089653015 0.5064501166343689
v -0.08847419172525406 0.009810768067836761 0.5209594368934631
v -0.09145742654800415 0.02266712859272957 0.513350248336792
v -0.07890122383832932 0.0234028622508049 0.5009849071502686
v -0.10335512459278107 -0.11929874122142792 0.5104131698608398
v -0.1029861718416214 -0.10250015556812286 0.5172167420387268
v -0.09085266292095184 -0.10411393642425537 0.49634942412376404
v -0.09094628691673279 -0.12263474613428116 0.4895995557308197
v -0.06097368896007538 0.18718822300434113 0.5370486974716187
v -0.04717518389225006 0.18232059478759766 0.5280450582504272
v -0.11379168927669525 0.0720399022102356 0.5072854161262512
v -0.10761657357215881 0.07058605551719666 0.497387558221817
v -0.1019127368927002 0.05049937590956688 0.49926671385765076
v -0.10992933809757233 0.052667036652565 0.5093649625778198
v -0.12279066443443298 0.15373334288597107 0.5884912014007568
v -0.1271207481622696 0.17144903540611267 0.5903819799423218
v -0.1269722431898117 0.19498039782047272 0.5791191458702087
v -0.12285487353801727 0.17129747569561005 0.5774211883544922
v -0.11619962751865387 -0.12462214380502701 0.6096039414405823
v -0.1232483834028244 -0.12658439576625824 0.5817856788635254
v -0.10324600338935852 -0.1374645084142685 0.5055139064788818
v -0.09111115336418152 -0.14132004976272583 0.48453566431999207
v -0.1413564682006836 0.15827442705631256 0.6335040330886841
v -0.14009109139442444 0.16498570144176483 0.625194251537323
v -0.13320933282375336 0.1537362039089203 0.6282275915145874
v -0.13514026999473572 0.1495213508605957 0.6371263265609741
v -0.05344180762767792 0.07356001436710358 0.46573710441589355
v -0.0604187548160553 0.05268865078687668 0.47159019112586975
v -0.07294230908155441 0.06586257368326187 0.47221946716308594
v -0.06725117564201355 0.08319004625082016 0.4701746702194214
v -0.10493655502796173 0.03670553117990494 0.5168809294700623
v -0.09573274850845337 0.035000141710042953 0.5057615637779236
v -0.10200552642345428 0.024158187210559845 0.5261052250862122
v -0.03760530799627304 0.06302205473184586 0.46461090445518494
v -0.045157209038734436 0.037904102355241776 0.47414523363113403
v -0.03204964101314545 0.17804169654846191 0.5182173252105713
v -0.03506655991077423 0.16275204718112946 0.5072256922721863
v -0.028771892189979553 0.19436834752559662 0.528457760810852
v -0.02476726844906807 0.21123337745666504 0.5369747877120972
v -0.010313283652067184 0.20658175647258759 0.5264263153076172
v -0.013538174331188202 0.18974006175994873 0.5183566808700562
v -0.02052312344312668 0.22822117805480957 0.5453812479972839
v -0.006731733679771423 0.22240298986434937 0.5335741639137268
v -0.010290488600730896 0.24969938397407532 0.5611116290092468
v -0.006651636213064194 0.2597409188747406 0.5631392598152161
v -0.12122808396816254 0.153371661901474 0.5736715793609619
v -0.12110480666160583 0.13854090869426727 0.5694079995155334
v -0.11494934558868408 -0.13398726284503937 0.5284904837608337
v -0.046584807336330414 0.1993750035762787 0.7205694913864136
v -0.06459653377532959 0.20512622594833374 0.7146986126899719
v -0.06266175210475922 0.1888175755739212 0.7158411741256714
v -0.044142335653305054 0.18297067284584045 0.7225730419158936
v -0.05691055953502655 0.26272937655448914 0.6178353428840637
v -0.051669538021087646 0.27268508076667786 0.6430864334106445
v -0.12391361594200134 0.152645081281662 0.6758499145507812
v -0.1236882209777832 0.14630433917045593 0.672407329082489
v -0.11186642944812775 0.13922826945781708 0.6802878379821777
v -0.11195547878742218 0.1477770060300827 0.683495283126831
v -0.14474686980247498 0.1532372087240219 0.6486773490905762
v -0.1468028426170349 0.15479092299938202 0.6536308526992798
v -0.16218268871307373 0.15706630051136017 0.6477769613265991
v -0.16056646406650543 0.1561712771654129 0.6431241631507874
v -0.0978604257106781 -0.10583317279815674 0.6343469619750977
v -0.09357617795467377 -0.08893687278032303 0.6381017565727234
v -0.06208278238773346 0.029550235718488693 0.6906397342681885
v -0.07095503062009811 0.048555925488471985 0.6913942098617554
v -0.0859731063246727 0.040205247700214386 0.6784085035324097
v -0.07897926867008209 0.021835841238498688 0.6770943403244019
v 0.05852285772562027 0.17204909026622772 0.6894496083259583
v 0.03940889239311218 0.17529815435409546 0.7010335922241211
v 0.0407220683991909 0.16046607494354248 0.7019245624542236
v 0.05938483029603958 0.15717509388923645 0.6910014748573303
v -0.004141941666603088 0.201639324426651 0.7185667157173157
v 0.01816038228571415 0.19457995891571045 0.7106912136077881
v 0.01753070577979088 0.20790447294712067 0.7084028720855713
v -0.005371816456317902 0.21641717851161957 0.7150920629501343
v -0.025273844599723816 0.19311200082302094 0.722617506980896
v -0.02301079034805298 0.17657187581062317 0.723742663860321
v -0.10315437614917755 0.053260792046785355 0.6630106568336487
v -0.10757549107074738 0.07155833393335342 0.6638587713241577
v -0.11484481394290924 0.0992952212691307 0.6626938581466675
v -0.11807414889335632 0.11128254234790802 0.6603597402572632
v -0.12088654935359955 0.11128748953342438 0.6476563215255737
v -0.11856094002723694 0.09925051033496857 0.6485534906387329
v -0.029879242181777954 0.28273189067840576 0.6367814540863037
v -0.03140491992235184 0.28356948494911194 0.660807192325592
v -0.021604567766189575 0.28775283694267273 0.657707154750824
v 0.02059340290725231 0.2571248412132263 0.6827707290649414
v 0.00962456688284874 0.26274165511131287 0.6820069551467896
v 0.006601251661777496 0.2564772665500641 0.6887773275375366
v 0.02093762718141079 0.25030964612960815 0.6876293420791626
v 0.04016284644603729 0.09153248369693756 0.7043982744216919
v 0.03668960556387901 0.0690218135714531 0.7014489769935608
v 0.05926456302404404 0.0693526491522789 0.6916537284851074
v 0.06168327108025551 0.09086675941944122 0.6949611902236938
v -0.11924038827419281 0.12294213473796844 0.6659497022628784
v -0.11594097316265106 0.12690015137195587 0.6717528104782104
v -0.12439271807670593 0.13667115569114685 0.6640195250511169
v -0.12596963346004486 0.13374583423137665 0.6583737134933472
v -0.10960651934146881 0.11727405339479446 0.6774852871894836
v -0.11394038796424866 0.11325076967477798 0.6702638864517212
v -0.10948622226715088 0.1019599661231041 0.6738709211349487
v -0.10335251688957214 0.10666918754577637 0.6826991438865662
v -0.07976248860359192 0.06550541520118713 0.6903943419456482
v -0.08955784887075424 0.08165968209505081 0.6882298588752747
v -0.09887401759624481 0.07629906386137009 0.6764528155326843
v -0.09285864233970642 0.05843023955821991 0.6782819032669067
v 0.0528888925909996 -0.002470516599714756 0.6760637164115906
v 0.05546785145998001 0.02072993479669094 0.6829860210418701
v 0.03589921072125435 0.019194265827536583 0.6921529173851013
v 0.03478169068694115 -0.005211330018937588 0.6862711906433105
v -0.14893999695777893 0.18502748012542725 0.6112089157104492
v -0.16389012336730957 0.18754419684410095 0.6060978174209595
v -0.16127513349056244 0.20004339516162872 0.5982915163040161
v -0.14875158667564392 0.19736173748970032 0.6023024916648865
v -0.17384393513202667 0.16807708144187927 0.6590862274169922
v -0.17369775474071503 0.1732383668422699 0.6631581783294678
v -0.18608596920967102 0.175553560256958 0.6612691283226013
v -0.18589650094509125 0.17052645981311798 0.6578503251075745
v -0.18874436616897583 0.1753510981798172 0.6031061410903931
v -0.21210503578186035 0.1723838597536087 0.5930689573287964
v -0.205552875995636 0.18559011816978455 0.5875754952430725
v -0.1830381453037262 0.18696369230747223 0.5973668098449707
v -0.05540500581264496 0.2736875116825104 0.6716642379760742
v -0.047780707478523254 0.2762773633003235 0.6685429811477661
v -0.05894008278846741 0.273815780878067 0.6455970406532288
v -0.17432986199855804 0.1607983112335205 0.623640775680542
v -0.17662949860095978 0.15650197863578796 0.630229115486145
v -0.19812573492527008 0.15365362167358398 0.624176561832428
v -0.19579319655895233 0.15763717889785767 0.6155726313591003
v -0.27580347657203674 0.2564622163772583 0.5909534096717834
v -0.25087764859199524 0.2567233145236969 0.5968114137649536
v -0.24141153693199158 0.16046784818172455 0.5919784307479858
v -0.21662262082099915 0.16163386404514313 0.5992984175682068
v -0.22025278210639954 0.15397273004055023 0.6081444025039673
v -0.24657535552978516 0.1541350930929184 0.6028385758399963
v -0.07291202247142792 0.0036148978397250175 0.6755948066711426
v -0.054085277020931244 0.010188540443778038 0.6881884932518005
v -0.05963720381259918 -0.1040923222899437 0.661391019821167
v -0.054992273449897766 -0.08538857847452164 0.6657149791717529
v -0.07515297830104828 -0.08708173036575317 0.6543635129928589
v -0.07995612919330597 -0.10476943850517273 0.6506062746047974
v -0.10259385406970978 -0.1234554648399353 0.6320222616195679
v -0.06435810029506683 -0.12305815517902374 0.659568190574646
v -0.08499623090028763 -0.12265206128358841 0.6488913297653198
v -0.007474418729543686 0.29570454359054565 0.6439933180809021
v -0.01354009285569191 0.29160547256469727 0.6517816781997681
v 0.001499999314546585 0.2870143949985504 0.6626592874526978
v 0.006035586819052696 0.2935127019882202 0.6542394757270813
v -0.12245441973209381 -0.23869867622852325 0.628078818321228
v -0.13586293160915375 -0.2401890754699707 0.6010602712631226
v -0.1354731023311615 -0.2698809802532196 0.6031455993652344
v -0.12043288350105286 -0.2691003680229187 0.6304259300231934
v 0.03583931922912598 0.2731446623802185 0.6678476929664612
v 0.036819037050008774 0.2832251191139221 0.6590779423713684
v 0.021300621330738068 0.2884519696235657 0.6581199765205383
v 0.017665723338723183 0.2790607810020447 0.6663239002227783
v -0.12301385402679443 -0.21136952936649323 0.6276753544807434
v -0.1352599710226059 -0.21407730877399445 0.6008439660072327
v -0.016684196889400482 0.29182398319244385 0.626669704914093
v -0.02285812795162201 0.28712090849876404 0.6325985193252563
v -0.021554753184318542 0.28617435693740845 0.6089788675308228
v -0.02704770490527153 0.279520183801651 0.6131589412689209
v -0.020491138100624084 0.28123337030410767 0.5919039845466614
v -0.1436479091644287 -0.2465227097272873 0.5737169981002808
v -0.14596714079380035 -0.2753114402294159 0.5766701102256775
v 0.009439714252948761 0.30101773142814636 0.6446757912635803
v 0.022913221269845963 0.29737240076065063 0.6490358710289001
v 0.03713243082165718 0.29409170150756836 0.6505860090255737
v 0.05140627175569534 0.2937397360801697 0.6490030288696289
v 0.06597907841205597 0.2931538224220276 0.6454470753669739
v 0.06353390961885452 0.30600613355636597 0.6379427909851074
v -0.12001721560955048 -0.14118485152721405 0.6053380966186523
v -0.10745249688625336 -0.140372633934021 0.6301557421684265
v -0.04767996817827225 -0.3780021071434021 0.670931339263916
v -0.05290929228067398 -0.3955848217010498 0.6595945954322815
v -0.021992076188325882 -0.39604395627975464 0.6550500392913818
v -0.019764643162488937 -0.38005319237709045 0.6695020198822021
v 0.0423969030380249 -0.3695184588432312 0.647440493106842
v 0.010568123310804367 -0.3776969015598297 0.6609594821929932
v 0.009622413665056229 -0.39192816615104675 0.6437501907348633
v 0.041165225207805634 -0.3835163116455078 0.6276395320892334
v 0.041385468095541 -0.2442786693572998 0.6847259402275085
v 0.038741063326597214 -0.22311539947986603 0.6803315281867981
v 0.011571280658245087 -0.22356443107128143 0.6879152059555054
v 0.014320965856313705 -0.24471279978752136 0.6932095289230347
v -0.08927617222070694 -0.1406482607126236 0.6477831602096558
v -0.06898217648267746 -0.14169074594974518 0.6594229936599731
v -0.1259603500366211 -0.14340196549892426 0.577141523361206
v -0.1525203436613083 -0.40742403268814087 0.5635432004928589
v -0.1487874537706375 -0.44031140208244324 0.5666589736938477
v -0.13742762804031372 -0.4389227032661438 0.6030047535896301
v -0.14190322160720825 -0.40619486570358276 0.6025253534317017
v -0.08399760723114014 -0.43902188539505005 0.644719660282135
v -0.05030208081007004 -0.4383320212364197 0.6467766761779785
v -0.052004821598529816 -0.41613829135894775 0.6522505879402161
v -0.08711276203393936 -0.41151514649391174 0.6491215825080872
v -0.07785848528146744 -0.1443544328212738 0.4647006392478943
v -0.07717826962471008 -0.16463999450206757 0.4611976146697998
v -0.09070992469787598 -0.1604614406824112 0.48075756430625916
v -0.028871670365333557 -0.1508832573890686 0.42510437965393066
v -0.027054481208324432 -0.17202606797218323 0.4213106036186218
v -0.04516647756099701 -0.17015016078948975 0.4312821924686432
v -0.04799982160329819 -0.1492089182138443 0.4347754418849945
v -0.025491997599601746 -0.29152971506118774 0.4335702955722809
v -0.03160659968852997 -0.26706352829933167 0.4326927959918976
v -0.01572480797767639 -0.26752084493637085 0.42594391107559204
v -0.012122981250286102 -0.29072585701942444 0.42851966619491577
v -0.14426372945308685 -0.25420618057250977 0.5460765957832336
v -0.1383359134197235 -0.2280925214290619 0.5452828407287598
v -0.12949629127979279 -0.23675166070461273 0.5184466242790222
v -0.13440576195716858 -0.26142773032188416 0.518385112285614
v 0.01050349697470665 -0.4014822244644165 0.6268787980079651
v 0.03792981430888176 -0.3928973078727722 0.6073364019393921
v -0.14936965703964233 -0.4045451283454895 0.5239900946617126
v -0.14850366115570068 -0.4397338926792145 0.5264274477958679
v -0.13352005183696747 -0.4381229877471924 0.4927448034286499
v -0.13420908153057098 -0.4028036892414093 0.4922572672367096
v -0.1086934506893158 -0.4022541642189026 0.4720625877380371
v -0.10691961646080017 -0.43587327003479004 0.4723130464553833
v -0.000789988785982132 -0.3715090751647949 0.46522197127342224
v -0.003022588789463043 -0.3760361969470978 0.47146400809288025
v -0.025142207741737366 -0.35852736234664917 0.45800668001174927
v -0.02016764134168625 -0.3494228422641754 0.44963008165359497
v 0.04670415446162224 -0.33165794610977173 0.6752430200576782
v 0.017759546637535095 -0.33672773838043213 0.686940610408783
v 0.015040770173072815 -0.35834911465644836 0.6758579015731812
v 0.04494195803999901 -0.35112547874450684 0.6641550064086914
v -0.04692870378494263 -0.1433364897966385 0.6657158136367798
v -0.042799584567546844 -0.1236056387424469 0.6651692390441895
v -0.02183115854859352 -0.12361908704042435 0.6662219166755676
v -0.018008410930633545 -0.10204575210809708 0.668250322341919
v -0.03882741183042526 -0.10300452262163162 0.6674158573150635
v -0.01162649318575859 0.0291803739964962 0.7008112072944641
v -0.020667675882577896 0.049618788063526154 0.705493688583374
v -0.04246059060096741 0.03727326914668083 0.6998217105865479
v -0.034004755318164825 0.018786311149597168 0.6968213319778442
v 0.018285060301423073 0.1803319901227951 0.7121284008026123
v 0.019270561635494232 0.16525815427303314 0.7123104929924011
v -0.016498439013957977 -0.432411253452301 0.6375676989555359
v -0.020157359540462494 -0.45943617820739746 0.6358199119567871
v 0.008983708918094635 -0.4533666968345642 0.6159036159515381
v 0.017950696870684624 -0.41943359375 0.610765814781189
v -0.08138172328472137 -0.46710556745529175 0.641615629196167
v -0.11476242542266846 -0.43758314847946167 0.630549430847168
v -0.10986918210983276 -0.46777281165122986 0.6280759572982788
v -0.1449725329875946 -0.4732013940811157 0.5652008652687073
v -0.13193948566913605 -0.47073492407798767 0.6018321514129639
v -0.1307220160961151 -0.47271665930747986 0.49277907609939575
v -0.10337880253791809 -0.469929963350296 0.4733555018901825
v -0.014761269092559814 -0.4350854158401489 0.47888126969337463
v -0.011702127754688263 -0.4615267217159271 0.4870232939720154
v -0.0391501858830452 -0.4639741778373718 0.4755055010318756
v -0.04266137629747391 -0.43569645285606384 0.4696400761604309
v -0.0640261322259903 -0.299652099609375 0.4543447196483612
v -0.07337519526481628 -0.3176456093788147 0.4616873860359192
v -0.09766048192977905 -0.3021600842475891 0.4773705005645752
v -0.09380194544792175 -0.28159964084625244 0.47537779808044434
v -0.05016859620809555 -0.12845662236213684 0.4385063946247101
v -0.03421757370233536 -0.1314353197813034 0.43013855814933777
v -0.07861653715372086 -0.12455862760543823 0.4690641462802887
v -0.06503010541200638 -0.12610632181167603 0.45117631554603577
v -0.06363877654075623 -0.14694522321224213 0.4475427567958832
v -0.051854223012924194 -0.04428881034255028 0.4581452012062073
v -0.051795169711112976 -0.06395715475082397 0.451768159866333
v -0.06759455800056458 -0.06461635231971741 0.46778345108032227
v -0.06818103045225143 -0.045447587966918945 0.47452908754348755
v -0.06786713749170303 -0.024800723418593407 0.4810265302658081
v -0.050863929092884064 -0.023788854479789734 0.4649357795715332
v -0.04367695748806 0.01638738438487053 0.4795423448085785
v -0.06162424385547638 0.012501560151576996 0.49247026443481445
v -0.06365607678890228 0.027346163988113403 0.48770472407341003
v -0.016376499086618423 0.1736566573381424 0.508951723575592
v -0.019335612654685974 0.1583922803401947 0.4995132088661194
v -0.1483294665813446 -0.2827102243900299 0.5469402074813843
v 0.034884367138147354 -0.4217809736728668 0.5749806761741638
v 0.028722383081912994 -0.45186343789100647 0.5854051113128662
v 0.03235108405351639 -0.4527003765106201 0.5549198985099792
v 0.03260385990142822 -0.4261327087879181 0.5448063611984253
v -0.14058536291122437 -0.22049573063850403 0.5730379819869995
v -0.12290973961353302 -0.13007032871246338 0.5540021061897278
v -0.12421710789203644 -0.14720550179481506 0.5497021675109863
v -0.1160537600517273 0.020570136606693268 0.5806825160980225
v -0.11114625632762909 -0.0018052207306027412 0.585300862789154
v -0.08102107048034668 0.07618355005979538 0.4752536416053772
v -0.07934144139289856 0.08923988789319992 0.476296067237854
v -0.11948029696941376 -0.4065181314945221 0.6326900124549866
v -0.12676045298576355 -0.5051136016845703 0.4943195581436157
v -0.09909240901470184 -0.5028706789016724 0.47649890184402466
v -0.09320063889026642 -0.5344641208648682 0.48016035556793213
v -0.12055262923240662 -0.5359039902687073 0.49577006697654724
v 0.009481994435191154 -0.4876658320426941 0.5144985914230347
v 0.007285838946700096 -0.5187066793441772 0.5242123007774353
v -0.009036149829626083 -0.5200415253639221 0.504271924495697
v -0.00964740663766861 -0.4902108907699585 0.4960220456123352
v 0.004992693662643433 -0.5494157075881958 0.5315399169921875
v 0.0038176290690898895 -0.5790948867797852 0.5387865304946899
v -0.008542176336050034 -0.5823143720626831 0.5185147523880005
v -0.009781081229448318 -0.5518971681594849 0.5107476711273193
v -0.14584028720855713 -0.4737498462200165 0.5264018774032593
v -0.1362888664007187 -0.5340292453765869 0.5590898990631104
v -0.1410345584154129 -0.5038278698921204 0.5618062615394592
v -0.14108455181121826 -0.5056438446044922 0.5257666110992432
v -0.13623103499412537 -0.5363932847976685 0.5251531600952148
v -0.05083712935447693 -0.4647449851036072 0.6435672044754028
v 0.006725635379552841 -0.4339507222175598 0.4948887526988983
v 0.008707989007234573 -0.45879077911376953 0.5042936205863953
v 0.01899910718202591 -0.5172935724258423 0.5711889863014221
v 0.0262112095952034 -0.484512060880661 0.5638967752456665
v 0.020493201911449432 -0.4848150908946991 0.5927562117576599
v 0.012400725856423378 -0.5175325274467468 0.5982080698013306
v -0.08263033628463745 -0.5232469439506531 0.6356680393218994
v -0.0815807357430458 -0.49519264698028564 0.6383875608444214
v -0.10785312950611115 -0.4970671236515045 0.6232826709747314
v -0.10716426372528076 -0.5254409909248352 0.6194384694099426
v -0.1279021054506302 -0.5006464719772339 0.5963068008422852
v -0.12472203373908997 -0.5296935439109802 0.5920381546020508
v -0.1281442791223526 -0.5926611423492432 0.5541608929634094
v -0.1319272369146347 -0.5637210011482239 0.5567578077316284
v -0.13050134479999542 -0.5663408041000366 0.5241389274597168
v -0.12418447434902191 -0.5955750942230225 0.5236604809761047
v -0.11978587508201599 -0.5873869061470032 0.5857586860656738
v -0.12216639518737793 -0.558512270450592 0.5891543030738831
v -0.10616843402385712 -0.5822087526321411 0.611909806728363
v -0.106414794921875 -0.5538987517356873 0.6156455278396606
v -0.08537256717681885 -0.5781426429748535 0.6274818778038025
v -0.08418098092079163 -0.5509041547775269 0.6319937109947205
v -0.06265906989574432 -0.5754627585411072 0.6342422962188721
v -0.058871254324913025 -0.5492560267448425 0.6382395029067993
v -0.033838942646980286 -0.5475199818611145 0.633836567401886
v -0.03940495103597641 -0.574225664138794 0.6312276721000671
v -0.018452223390340805 -0.5737989544868469 0.6206732392311096
v -0.011097438633441925 -0.5468889474868774 0.621200442314148
v 0.007575012743473053 -0.5757328867912292 0.5830695629119873
v 0.012938978150486946 -0.5479313731193542 0.5773285627365112
v 0.005838723853230476 -0.5472204685211182 0.6018972396850586
v -0.001201033592224121 -0.5746092200279236 0.6043776869773865
v -0.0132228322327137 -0.6766180992126465 0.607467770576477
v -0.006057862192392349 -0.6515790224075317 0.6017807126045227
v -0.021764185279607773 -0.6495635509490967 0.6137272119522095
v -0.029052816331386566 -0.6743441820144653 0.616632342338562
v -0.04489921033382416 -0.6723571419715881 0.6248175501823425
v -0.038413845002651215 -0.6487089395523071 0.6214215755462646
v -0.05584616959095001 -0.6493602991104126 0.6271052956581116
v -0.06205698102712631 -0.6727706789970398 0.6291306614875793
v -0.09135386347770691 -0.6555724740028381 0.6153409481048584
v -0.09574387967586517 -0.6807786226272583 0.616361141204834
v -0.07962166517972946 -0.6756373047828674 0.6269679069519043
v -0.07416568696498871 -0.6512343287467957 0.6254906058311462
v -0.10976170003414154 -0.6610411405563354 0.6015505790710449
v -0.11153969168663025 -0.6869574189186096 0.6014121174812317
v -0.11849591135978699 -0.6682742834091187 0.5782167315483093
v -0.11542016267776489 -0.6946060657501221 0.576948881149292
v -0.1127898097038269 -0.6746275424957275 0.5492283701896667
v -0.10948233306407928 -0.7014206051826477 0.5495496392250061
v -0.0008149668574333191 -0.6638316512107849 0.5469061136245728
v 0.00622713565826416 -0.6590019464492798 0.5657446980476379
v 0.003334473818540573 -0.6833400726318359 0.5765753984451294
v -0.00011397525668144226 -0.6886613368988037 0.5578507781028748
v -0.03681861609220505 -0.6734654307365417 0.5175132751464844
v -0.03323777765035629 -0.6991571187973022 0.5300230383872986
v -0.05392882227897644 -0.702251136302948 0.5131989121437073
v -0.05988949537277222 -0.6764956712722778 0.5029410719871521
v -0.1239788830280304 -0.6207115054130554 0.5515360832214355
v -0.11818957328796387 -0.6148765683174133 0.5823642015457153
v -0.10624052584171295 -0.6089878082275391 0.6071610450744629
v -0.08667008578777313 -0.604146420955658 0.621727466583252
v 0.0027936138212680817 -0.6015321612358093 0.5892764329910278
v -0.008827097713947296 -0.5997347831726074 0.6078007817268372
v -0.006160952150821686 -0.6113266944885254 0.5266119837760925
v 0.004402069374918938 -0.6072012782096863 0.5462371110916138
v -0.09272214770317078 -0.6519168019294739 0.5001979470252991
v -0.1116480827331543 -0.651333212852478 0.5213125944137573
v -0.11755375564098358 -0.6235101222991943 0.5224053859710693
v -0.09898369014263153 -0.6235520243644714 0.5002928972244263
v -0.11859051883220673 -0.6415871381759644 0.5804647207260132
v -0.10711817443370819 -0.6352289915084839 0.6037908792495728
v -0.08832439035177231 -0.6297417879104614 0.6168491840362549
v -0.050324663519859314 -0.6243844628334045 0.6264519095420837
v -0.06983394920825958 -0.6259446144104004 0.6261685490608215
v -0.03249315917491913 -0.62423175573349 0.6202483177185059
v -0.0013565011322498322 -0.6266855597496033 0.5955010652542114
v -0.015263814479112625 -0.624455988407135 0.6112223267555237
v -0.0034902989864349365 -0.63861483335495 0.5368525981903076
v 0.005606614053249359 -0.6337836980819702 0.555092453956604
v -0.08084240555763245 -0.7046692967414856 0.510899543762207
v -0.10263171792030334 -0.7051939368247986 0.5257748365402222
v -0.10710185766220093 -0.6789114475250244 0.5228976607322693
v -0.08716979622840881 -0.6801643371582031 0.5029587745666504
v -0.0745643898844719 -0.7273537516593933 0.5231014490127563
v -0.05235748738050461 -0.7251863479614258 0.5259113311767578
v -0.06731583178043365 -0.6981324553489685 0.6324684619903564
v -0.05042320489883423 -0.6970595717430115 0.6306940913200378
v -0.08439084887504578 -0.7020161747932434 0.6295613050460815
v -0.1130123883485794 -0.7226666808128357 0.5757775902748108
v -0.11258739233016968 -0.7136979699134827 0.6017774939537048
v -0.10450227558612823 -0.729071855545044 0.5504278540611267
v -0.0942147970199585 -0.7281134128570557 0.5312267541885376
v -0.0076263174414634705 -0.7362611889839172 0.5955429673194885
v -0.009312070906162262 -0.7413309216499329 0.5776917338371277
v -0.005009885877370834 -0.7125641703605652 0.5673032999038696
v -0.0041608065366744995 -0.7082474231719971 0.5857140421867371
v -0.021800000220537186 -0.72881019115448 0.6251488327980042
v -0.02088107168674469 -0.7017421126365662 0.612079918384552
v -0.03487856686115265 -0.6990467309951782 0.6219355463981628
v -0.035346776247024536 -0.7255493998527527 0.6373727321624756
v -0.07117683440446854 -0.7265250086784363 0.6443836688995361
v -0.05286995321512222 -0.7248155474662781 0.6440644860267639
v -0.08948250859975815 -0.7295410633087158 0.63981693983078
v -0.11281898617744446 -0.7434012293815613 0.6038005352020264
v -0.10592836141586304 -0.7348486185073853 0.6264568567276001
v -0.1009865552186966 -0.7065082788467407 0.6201456785202026
v -0.11249172687530518 -0.7525079250335693 0.574765682220459
v -0.09137327969074249 -0.7898474335670471 0.5568357706069946
v -0.11152240633964539 -0.7840343117713928 0.5776563286781311
v -0.09428849816322327 -0.7593024373054504 0.5509178042411804
v -0.05263184756040573 -0.883853554725647 0.5787702798843384
v -0.047241657972335815 -0.9174255132675171 0.5882452130317688
v -0.0684816986322403 -0.9168965816497803 0.5906585454940796
v -0.07699201256036758 -0.8840875625610352 0.580762505531311
v -0.004058387130498886 -0.7657147645950317 0.605880081653595
v -0.008107222616672516 -0.770403265953064 0.5865493416786194
v -0.03378678858280182 -0.7545933723449707 0.651810884475708
v -0.017948292195796967 -0.7577430009841919 0.6387993097305298
v -0.11436459422111511 -0.8055597543716431 0.6152859330177307
v -0.10837286710739136 -0.7970266938209534 0.6410806775093079
v -0.10899250209331512 -0.7656463384628296 0.6330097913742065
v -0.11492606997489929 -0.7744014263153076 0.6081604957580566
v 0.007286917418241501 -0.8653457760810852 0.6113334894180298
v 0.0042958930134773254 -0.8329142928123474 0.6029428839683533
v 0.007003068923950195 -0.8280830979347229 0.6246120929718018
v 0.009731128811836243 -0.8612909317016602 0.631429135799408
v -0.028911888599395752 -0.7859136462211609 0.6629784107208252
v -0.025031886994838715 -0.8187299370765686 0.6710708141326904
v -0.008668839931488037 -0.8211197853088379 0.6586414575576782
v -0.012690909206867218 -0.7886558771133423 0.6490241289138794
v -0.10180717706680298 -0.8731287717819214 0.6280018091201782
v -0.09739816188812256 -0.8665638566017151 0.6525334119796753
v -0.104654461145401 -0.8308658599853516 0.6478533744812012
v -0.10979540646076202 -0.8384514451026917 0.6220354437828064
v -0.08863678574562073 -0.8200553059577942 0.5639557242393494
v -0.08427780121564865 -0.8516355752944946 0.5722216367721558
v -0.10381002724170685 -0.8459522724151611 0.5931104421615601
v -0.10907851159572601 -0.8145656585693359 0.5851399302482605
v -0.062411725521087646 -0.8196650743484497 0.5606783628463745
v -0.05827122926712036 -0.8508939146995544 0.5692591667175293
v 0.004870865494012833 -0.9344034194946289 0.64231276512146
v 0.003655027598142624 -0.9400684833526611 0.6264632940292358
v 0.0052995868027210236 -0.9020726680755615 0.6190500259399414
v 0.007144108414649963 -0.8968507647514343 0.6369157433509827
v -0.023194827139377594 -0.8539518713951111 0.6751255989074707
v -0.022140972316265106 -0.8914380669593811 0.675567626953125
v -0.007048279047012329 -0.8920992016792297 0.6655973196029663
v -0.006316341459751129 -0.8553434610366821 0.6640665531158447
v -0.08079659938812256 -0.9463224411010742 0.6398893594741821
v -0.0754779726266861 -0.9414348602294922 0.6593376398086548
v -0.08740968257188797 -0.9040168523788452 0.6562334895133972
v -0.09181709587574005 -0.9090030193328857 0.6346456408500671
v -0.06050358712673187 -0.952567458152771 0.6012422442436218
v -0.07693403959274292 -0.9504618644714355 0.6169000864028931
v -0.08727440237998962 -0.9140155911445618 0.6081701517105103
v -0.04141315817832947 -0.9526947736740112 0.5984799861907959
v -0.03595704585313797 -0.9875996112823486 0.607072651386261
v -0.05203493684530258 -0.9876201152801514 0.6094459295272827
v 0.005142368376255035 -0.9708369970321655 0.6467078328132629
v 0.0022541582584381104 -0.9753881692886353 0.6323491930961609
v -0.003133721649646759 -0.9664656519889832 0.6687502264976501
v -0.00713009387254715 -0.9298837780952454 0.666479229927063
v -0.01993110030889511 -0.9288975596427917 0.6758383512496948
v -0.014620140194892883 -0.9648122191429138 0.6775999069213867
v -0.051647886633872986 -0.9347841739654541 0.679970383644104
v -0.04359835386276245 -0.970488965511322 0.6810621023178101
v -0.028958924114704132 -0.9661372900009155 0.6824251413345337
v -0.035536155104637146 -0.9306817054748535 0.6804229021072388
v -0.0639270767569542 -0.9757136702537537 0.6622162461280823
v -0.054782137274742126 -0.9727203845977783 0.6741275787353516
v -0.06516432017087936 -0.9376075267791748 0.6731168031692505
v -0.07044385373592377 -0.9801489114761353 0.6440852284431458
v -0.06650876253843307 -0.9850203394889832 0.6236890554428101
v 0.03565326705574989 -0.3950318396091461 0.5475538969039917
v 0.0349937304854393 -0.40249502658843994 0.561172604560852
v 0.02932937815785408 -0.40868228673934937 0.5336029529571533
v 0.026786113157868385 -0.39909660816192627 0.5216595530509949
v -0.03415793180465698 -0.5254959464073181 0.4878661632537842
v -0.03678108751773834 -0.4940306544303894 0.4812863767147064
v -0.027482934296131134 -0.5870069861412048 0.5010479688644409
v -0.03196205943822861 -0.5571380257606506 0.49351775646209717
v -0.024264011532068253 -0.6158667206764221 0.509881317615509
v -0.01599380373954773 -0.6694926023483276 0.5315105319023132
v -0.02079683169722557 -0.6435105800628662 0.5207939147949219
v -0.01439475268125534 -0.6947460174560547 0.5421779751777649
v -0.016626328229904175 -0.7205641865730286 0.5519856214523315
v -0.020162682980298996 -0.7484890222549438 0.5610387921333313
v -0.01653597131371498 -0.8063586950302124 0.5768017768859863
v -0.021053962409496307 -0.7767448425292969 0.5696196556091309
v -0.0023116283118724823 -0.8011733889579773 0.5948753356933594
v -0.007295701652765274 -0.8719626665115356 0.5924595594406128
v -0.011027272790670395 -0.8381287455558777 0.5839152336120605
v -0.006335023790597916 -0.9461334347724915 0.6118665933609009
v -0.006493646651506424 -0.9088210463523865 0.6020879745483398
v -0.007897604256868362 -0.9805611968040466 0.6199824213981628
v -0.07918491214513779 -0.3773854970932007 0.46418505907058716
v -0.08002568036317825 -0.35407307744026184 0.46471506357192993
v -0.05309046804904938 -0.3670971989631653 0.4593025743961334
v -0.05028018355369568 -0.3859257102012634 0.461966335773468
v 0.01820826344192028 -0.3838976323604584 0.4913301467895508
v 0.018578480929136276 -0.3852950632572174 0.4968448579311371
v 0.00921596959233284 -0.38286057114601135 0.4844304323196411
v 0.010358493775129318 -0.3804549276828766 0.47975149750709534
v -0.11862604320049286 -0.6478275060653687 0.5502294301986694
v -0.06669937074184418 -0.6006188988685608 0.6299123764038086
v -0.026261314749717712 -0.5989012122154236 0.6202797889709473
v -0.04538663476705551 -0.5995984673500061 0.628082275390625
v -0.04008278250694275 -0.6483471393585205 0.5037490129470825
v -0.06590031832456589 -0.6501593589782715 0.4947074055671692
v -0.07291507720947266 -0.6227267980575562 0.49114328622817993
v -0.04700867831707001 -0.620266854763031 0.4964331388473511
v -0.06495198607444763 -0.7922779321670532 0.5528144240379333
v -0.04080246388912201 -0.7850537300109863 0.5579397678375244
v -0.03831925243139267 -0.8136996030807495 0.5670388340950012
v -0.06796729564666748 -0.7673830986022949 0.5441921353340149
v -0.09360705316066742 -0.7586613297462463 0.6502277255058289
v -0.07420548796653748 -0.7550653219223022 0.6577037572860718
v -0.05029106140136719 -0.7844095826148987 0.6699241995811462
v -0.05364494025707245 -0.7539373636245728 0.6578324437141418
v -0.07313230633735657 -0.7859481573104858 0.669647216796875
v -0.05739681422710419 -0.5630121231079102 0.483226478099823
v -0.05183043330907822 -0.5918089747428894 0.4895629584789276
v -0.07994319498538971 -0.5942606925964355 0.4881667196750641
v -0.0865217000246048 -0.5648662447929382 0.484035462141037
v -0.04944071173667908 -0.06655986607074738 0.6688132286071777
v -0.06921925395727158 -0.06901365518569946 0.6582720875740051
v -0.12010225653648376 0.05000876635313034 0.5399491786956787
v -0.11333774030208588 0.04155104234814644 0.5282076597213745
v -0.11090779304504395 0.02826305478811264 0.5408970713615417
v -0.11856621503829956 0.037107083946466446 0.5568284392356873
v -0.12348189949989319 0.049758993089199066 0.5683952569961548
v -0.12477533519268036 0.06186063587665558 0.5506314635276794
v -0.12567652761936188 0.0649368166923523 0.5778672695159912
v -0.12648744881153107 0.07696964591741562 0.560650646686554
v -0.1207069456577301 0.14338208734989166 0.6019325256347656
v -0.12402194738388062 0.15746812522411346 0.6037393808364868
v -0.024465300142765045 0.015195552259683609 0.46801212430000305
v -0.02787129580974579 -0.004051164723932743 0.46092796325683594
v -0.04798765480518341 -0.0040662032552063465 0.4722437262535095
v -0.06187772750854492 -0.16753824055194855 0.4437847435474396
v -0.06907099485397339 -0.2644422948360443 0.4567287266254425
v -0.04940454661846161 -0.266580730676651 0.44256579875946045
v -0.041778407990932465 -0.29447898268699646 0.44206345081329346
v -0.0018241256475448608 -0.3527030050754547 0.44872528314590454
v 0.0114726722240448 -0.3649587631225586 0.4572937786579132
v 0.018377188593149185 -0.37880638241767883 0.47426605224609375
v 0.02341458946466446 -0.38403022289276123 0.4879899024963379
v 0.014876116067171097 -0.009663043543696404 0.6908890008926392
v 0.014693040400743484 0.014993257820606232 0.6960979700088501
v 0.057344384491443634 0.18541154265403748 0.6883019208908081
v 0.038265012204647064 0.18906159698963165 0.699461817741394
v 0.03778713941574097 0.21454057097434998 0.6947531700134277
v 0.056260816752910614 0.2104516625404358 0.6843589544296265
v 0.055878475308418274 0.22220167517662048 0.6814834475517273
v 0.03806551545858383 0.2256256341934204 0.6911860108375549
v 0.0522795245051384 0.281863272190094 0.656716525554657
v 0.05279695987701416 0.26918819546699524 0.6645410060882568
v 0.027210509404540062 -0.38521623611450195 0.5120814442634583
v 0.03013530746102333 -0.3874461352825165 0.5215385556221008
v 0.020415574312210083 -0.3878282904624939 0.5030428171157837
v -0.018556389957666397 -0.41201841831207275 0.4723471999168396
v -0.023204758763313293 -0.3938285708427429 0.46756210923194885
v -0.0006699040532112122 -0.3993569016456604 0.48080116510391235
v 0.003025554120540619 -0.4140964448451996 0.4865429997444153
v -0.1463872492313385 -0.37355899810791016 0.5982394218444824
v -0.15381541848182678 -0.3747895061969757 0.5590397715568542
v -0.01906609535217285 -0.412685364484787 0.6447077989578247
v -0.3030294179916382 0.16232797503471375 0.5937773585319519
v -0.27425429224967957 0.15700507164001465 0.5986855030059814
v -0.28018274903297424 0.15768040716648102 0.6124392151832581
v -0.3089011013507843 0.164235457777977 0.6067495346069336
v 0.015195533633232117 0.09359908103942871 0.711889922618866
v 0.006159000098705292 0.06728906184434891 0.7084274291992188
v -0.032921068370342255 0.2729729115962982 0.6157116889953613
v -0.0794195681810379 0.2781529724597931 0.6448285579681396
v -0.06775978207588196 0.275569349527359 0.6459035873413086
v -0.07449916750192642 0.2692835330963135 0.6213643550872803
v -0.08362113684415817 0.2727760076522827 0.6203811764717102
v -0.0801844671368599 0.22539350390434265 0.7064501047134399
v -0.06630786508321762 0.2224356085062027 0.7118901014328003
v -0.06635259091854095 0.2402387410402298 0.7043838500976562
v -0.07920908182859421 0.24190416932106018 0.6996480226516724
v 0.017671000212430954 -0.2677028775215149 0.6963855028152466
v 0.04458877816796303 -0.2663058638572693 0.6875417232513428
v 0.027441680431365967 -0.07555896788835526 0.6667275428771973
v 0.031141020357608795 -0.05203073471784592 0.6725325584411621
v 0.011547457426786423 -0.056709203869104385 0.6773215532302856
v 0.007101781666278839 -0.07895886152982712 0.6723119020462036
v -0.01930941268801689 0.08137142658233643 0.7134328484535217
v -0.036610499024391174 0.06589670479297638 0.7075185179710388
v -0.03365887701511383 0.08868177980184555 0.4650132954120636
v -0.048849254846572876 0.09562063217163086 0.4683021903038025
v -0.04532407224178314 0.11448699235916138 0.4761849641799927
v -0.030035510659217834 0.10935766249895096 0.4714066982269287
v -0.24702951312065125 0.17189684510231018 0.6440222859382629
v -0.2538764476776123 0.15985122323036194 0.6302478909492493
v -0.22558805346488953 0.1558583825826645 0.6320554614067078
v -0.2204630970954895 0.16238614916801453 0.6425703167915344
v -0.08675472438335419 -0.38697677850723267 0.6555633544921875
v -0.12288306653499603 -0.3717007339000702 0.6348283290863037
v -0.08424106240272522 -0.03649298846721649 0.6535426378250122
v -0.08409442752599716 -0.05404588580131531 0.6477916240692139
v -0.06534276157617569 -0.050997793674468994 0.6637547016143799
v -0.06607887148857117 -0.033306702971458435 0.6703517436981201
v -0.09316165745258331 0.0175181794911623 0.6595550775527954
v -0.08910538256168365 -7.594376802444458e-05 0.6588156223297119
v -0.09916514158248901 0.03472352772951126 0.6617858409881592
v -0.14272865653038025 0.15347114205360413 0.6423314213752747
v -0.13497453927993774 0.14637303352355957 0.6459026336669922
v -0.13458968698978424 0.14633801579475403 0.6526548266410828
v -0.04657258093357086 -0.4084380865097046 0.4653155505657196
v -0.04964748024940491 -0.33758020401000977 0.4542232155799866
v -0.04197278618812561 -0.3263128697872162 0.44735532999038696
v 0.024953296408057213 -0.3844623565673828 0.5036524534225464
v 0.02710774540901184 -0.3850562870502472 0.5001180768013
v -0.016272980719804764 0.29093605279922485 0.5877408981323242
v -0.016687683761119843 0.29443684220314026 0.6043264865875244
v -0.19312262535095215 0.16522523760795593 0.6087777614593506
v -0.17133121192455292 0.16801641881465912 0.617916464805603
v -0.12401176989078522 0.1227864921092987 0.6454185843467712
v -0.12899751961231232 0.13548634946346283 0.6413257122039795
v -0.12778137624263763 0.13995563983917236 0.6302216053009033
v -0.12346479296684265 0.12673263251781464 0.6316322684288025
v -0.12236925959587097 0.12192067503929138 0.6566462516784668
v -0.12811025977134705 0.1335616558790207 0.6507039666175842
v -0.10104936361312866 0.19667188823223114 0.5638963580131531
v -0.0997236967086792 0.216410830616951 0.5711874961853027
v -0.0896923691034317 0.21669696271419525 0.5693399906158447
v -0.09274420142173767 0.19722028076648712 0.560082733631134
v -0.08355043828487396 0.19422097504138947 0.5539860129356384
v -0.08021628856658936 0.21447275578975677 0.566288948059082
v -0.0699116438627243 0.2109355926513672 0.5592820644378662
v -0.07325112819671631 0.19117817282676697 0.545944333076477
v -0.03659544140100479 0.25636669993400574 0.592597246170044
v -0.02765626087784767 0.24821758270263672 0.5713325142860413
v -0.015612121671438217 0.24088306725025177 0.5538394451141357
v -0.0030615776777267456 0.23556452989578247 0.5406298637390137
v 0.05402384698390961 0.2565542161464691 0.6711294054985046
v 0.032552532851696014 0.2603999674320221 0.6769444346427917
v 0.0379745215177536 0.24702918529510498 0.6823599338531494
v 0.05535338073968887 0.24415352940559387 0.6751918792724609
v 0.07195061445236206 0.24352359771728516 0.6685404777526855
v 0.07079102098941803 0.25553521513938904 0.664016604423523
v -0.01350514218211174 0.27621933817863464 0.5758039355278015
v -0.005114741623401642 0.2708691954612732 0.5607340931892395
v 0.0026784129440784454 0.25524938106536865 0.5493752360343933
v -0.28236472606658936 0.2578926682472229 0.6084125638008118
v -0.25823304057121277 0.25790533423423767 0.6141850352287292
v -0.002278171479701996 0.3019266724586487 0.6347290873527527
v -0.011333901435136795 0.29867157340049744 0.6203525066375732
v -0.29015251994132996 0.2510850429534912 0.6239014863967896
v -0.26508039236068726 0.251255601644516 0.6300734877586365
v -0.0730859637260437 0.2509683072566986 0.597839891910553
v -0.08146367222070694 0.25534650683403015 0.5996521711349487
v -0.06549357622861862 0.26525193452835083 0.6202511191368103
v -0.011095322668552399 0.28626587986946106 0.5718548893928528
v -0.004095576703548431 0.2816254496574402 0.5569772720336914
v -0.14910784363746643 -0.339295893907547 0.5890445709228516
v -0.15367266535758972 -0.3427969813346863 0.5529013872146606
v -0.11240620911121368 -0.07610951364040375 0.5974107980728149
v -0.11546552181243896 -0.07882522791624069 0.5718104243278503
v -0.011542737483978271 -0.043560296297073364 0.43884238600730896
v -0.012683738023042679 -0.06341002136468887 0.43345412611961365
v -0.032967709004879 -0.06346476078033447 0.44069093465805054
v -0.03263416886329651 -0.043492384254932404 0.4467061161994934
v -0.002612859010696411 0.01270943135023117 0.4594024419784546
v -0.005487076938152313 -0.005273488815873861 0.45387333631515503
v 0.016375914216041565 0.2843440771102905 0.5378984212875366
v -0.05005897581577301 -0.1068849191069603 0.442156583070755
v -0.05072725564241409 -0.0847376137971878 0.44679439067840576
v -0.03198213130235672 -0.08517623692750931 0.4360014498233795
v -0.030655138194561005 -0.11028625816106796 0.43151208758354187
v -0.021372325718402863 -0.13361892104148865 0.42605358362197876
v -0.01962955668568611 -0.1437758207321167 0.42324966192245483
v -0.020452678203582764 -0.31095314025878906 0.43439406156539917
v -0.009996023029088974 -0.31023287773132324 0.4306511878967285
v -0.18372687697410583 0.2501316964626312 0.5963972210884094
v -0.18847592175006866 0.2637357711791992 0.6110783815383911
v -0.1730034202337265 0.2660457193851471 0.6113186478614807
v -0.1697193831205368 0.2514088749885559 0.5983431339263916
v -0.07900205254554749 -0.10467933118343353 0.47536802291870117
v -0.06574010848999023 -0.10499130934476852 0.4562908411026001
v -0.12151892483234406 0.13891419768333435 0.585263192653656
v -0.11926056444644928 0.1286461055278778 0.6000465154647827
v -0.022974330931901932 0.034792181104421616 0.4685271680355072
v -0.06342648714780807 0.10163107514381409 0.4742834270000458
v -0.060146257281303406 0.11834608018398285 0.48274049162864685
v -0.07667920738458633 0.10549748688936234 0.4816206693649292
v -0.0737369954586029 0.12147526443004608 0.49053725600242615
v 0.03095616027712822 -0.38399770855903625 0.5128218531608582
v 0.029515907168388367 -0.3829328119754791 0.5150613784790039
v -0.1861329823732376 0.20988334715366364 0.6771003603935242
v -0.18747703731060028 0.20048999786376953 0.6737031936645508
v -0.1738489866256714 0.19821202754974365 0.6774740219116211
v -0.17354287207126617 0.2083396315574646 0.6811063289642334
v 0.02241234853863716 -0.4310793876647949 0.5174310207366943
v 0.018673857674002647 -0.41329440474510193 0.5080479383468628
v 0.03543012961745262 -0.39605894684791565 0.5834739208221436
v 0.041454948484897614 -0.39169371128082275 0.5643861889839172
v 0.04788750410079956 -0.3850279748439789 0.5717988014221191
v 0.0522761344909668 -0.3834068477153778 0.580776572227478
v -0.07120808213949203 -0.4680428206920624 0.469404935836792
v -0.07501780241727829 -0.43474286794662476 0.4667021632194519
v -0.06682401150465012 -0.500748872756958 0.4734480679035187
v -0.06223894655704498 -0.5325756669044495 0.4777967631816864
v -0.03449035435914993 -0.7251911759376526 0.5399616360664368
v -0.04208427667617798 -0.7550328969955444 0.5463443398475647
v -0.034221917390823364 -0.8451056480407715 0.5756421685218811
v -0.029880955815315247 -0.8785707950592041 0.5841361284255981
v -0.02632836624979973 -0.9142360687255859 0.5938512086868286
v -0.021400097757577896 -0.9845094084739685 0.6118861436843872
v -0.023276470601558685 -0.9507250785827637 0.6037518382072449
v -0.29777559638023376 0.23982416093349457 0.6345144510269165
v -0.3060538172721863 0.22606027126312256 0.6403136849403381
v -0.27799394726753235 0.22313499450683594 0.647490918636322
v -0.2702021896839142 0.2388399988412857 0.6420766115188599
v -0.2360360026359558 0.17171673476696014 0.5849660634994507
v -0.2608184218406677 0.17287635803222656 0.5793188214302063
v -0.2552628517150879 0.18616677820682526 0.5733583569526672
v -0.2300795018672943 0.18561744689941406 0.5795281529426575
v -0.28758150339126587 0.17516426742076874 0.5742774605751038
v -0.2672137916088104 0.1624610424041748 0.5877351760864258
v -0.2954394221305847 0.1662811040878296 0.5831258893013
v -0.3117183446884155 0.17252306640148163 0.6198716759681702
v -0.2833605408668518 0.16493625938892365 0.6256969571113586
v -0.2829311192035675 0.1774895191192627 0.637170135974884
v -0.3132176697254181 0.1843193769454956 0.6302060484886169
v -0.3113722801208496 0.21146301925182343 0.6409863829612732
v -0.31368064880371094 0.1970847100019455 0.6370450258255005
v -0.2850643992424011 0.1927873194217682 0.6441256403923035
v -0.28362902998924255 0.2082526683807373 0.6477450728416443
v -0.272761732339859 0.2166702002286911 0.5633177757263184
v -0.2464655637741089 0.21644315123558044 0.5687518119812012
v -0.25009045004844666 0.20112960040569305 0.5695763826370239
v -0.27609801292419434 0.20177319645881653 0.5639075040817261
v -0.19451895356178284 0.2680203318595886 0.6292426586151123
v -0.1779921054840088 0.27305811643600464 0.6309596300125122
v -0.13119053840637207 0.18356752395629883 0.5958189964294434
v -0.13722503185272217 0.19248229265213013 0.6016563177108765
v -0.1419638693332672 0.20985941588878632 0.5918419361114502
v -0.13458360731601715 0.20241087675094604 0.5867879986763
v -0.2261349856853485 0.25756868720054626 0.6024865508079529
v -0.23423168063163757 0.25952017307281494 0.6204573512077332
v -0.21195408701896667 0.26348060369491577 0.6257965564727783
v -0.20518404245376587 0.260285884141922 0.6074718236923218
v -0.22151711583137512 0.21588195860385895 0.5748116374015808
v -0.1976730227470398 0.21587952971458435 0.5801301002502441
v -0.20075289905071259 0.20037971436977386 0.5825952887535095
v -0.2250649333000183 0.20060387253761292 0.5758790373802185
v -0.22340333461761475 0.15223366022109985 0.6200301051139832
v -0.2510882019996643 0.1534111350774765 0.6165395379066467
v -0.1658802628517151 0.23224909603595734 0.5907223224639893
v -0.18015827238559723 0.23267441987991333 0.5873472094535828
v -0.12172769010066986 0.12504422664642334 0.5814042091369629
v -0.12114988267421722 0.11478204280138016 0.6319831609725952
v -0.11967602372169495 0.10202816128730774 0.6319603323936462
v -0.11637848615646362 0.05709853023290634 0.5192755460739136
v -0.11828620731830597 0.07390637695789337 0.5166085958480835
v -0.12301869690418243 0.07500328123569489 0.6064733266830444
v -0.1236119270324707 0.056382954120635986 0.5996817350387573
v -0.12107101082801819 0.07582736015319824 0.5244174003601074
v -0.12133146822452545 0.06442344933748245 0.5289809703826904
v -0.07874654978513718 -0.00673316977918148 0.5041789412498474
v 0.0006442144513130188 0.24507343769073486 0.5469993352890015
v -0.19735673069953918 0.23207326233386993 0.5831065773963928
v -0.2004132866859436 0.2481483817100525 0.592417299747467
v -0.19950659573078156 0.15861457586288452 0.6428327560424805
v -0.20035578310489655 0.15448421239852905 0.6339725255966187
v -0.17849776148796082 0.1552310436964035 0.6375917196273804
v -0.18003234267234802 0.15696579217910767 0.6440818309783936
v -0.05946454405784607 0.10831458121538162 0.710299015045166
v -0.06904077529907227 0.09761770069599152 0.704208254814148
v -0.052844732999801636 0.08128415048122406 0.7082439064979553
v -0.04042948782444 0.09387841075658798 0.7149110436439514
v -0.1890639364719391 0.2282567322254181 0.6767326593399048
v -0.17541509866714478 0.2297508269548416 0.6809138059616089
v -0.17806151509284973 0.24273106455802917 0.6767781972885132
v -0.19319504499435425 0.2395237684249878 0.6719892621040344
v -0.18018676340579987 0.25654077529907227 0.6672754287719727
v -0.18135231733322144 0.26867160201072693 0.6515057682991028
v -0.19767813384532928 0.26413774490356445 0.6478084325790405
v -0.19655512273311615 0.2523987889289856 0.6625917553901672
v -0.13589704036712646 -0.3026089370250702 0.6089920997619629
v -0.11660422384738922 -0.2983059585094452 0.6354116201400757
v -0.10328295826911926 -0.15654118359088898 0.5017285943031311
v -0.11559827625751495 -0.15231387317180634 0.5244612693786621
v -0.09254543483257294 -0.2562341094017029 0.47517046332359314
v -0.0038009807467460632 -0.3820222020149231 0.4740445017814636
v -0.0270625501871109 -0.3690941333770752 0.45970699191093445
v 0.02369754947721958 -0.4560791552066803 0.5271584987640381
v -0.14982707798480988 -0.30729416012763977 0.5800362229347229
v 0.01642858237028122 -0.517646074295044 0.5463282465934753
v 0.02105691283941269 -0.4858977198600769 0.5373853445053101
v -0.005270261317491531 -0.5179637670516968 0.6210033297538757
v 0.0016494989395141602 -0.48689597845077515 0.6190943717956543
v -0.024278242141008377 -0.49033185839653015 0.6355738639831543
v -0.028441578149795532 -0.5197828412055969 0.6355462074279785
v -0.0527186393737793 -0.492953360080719 0.6422519683837891
v -0.05507083237171173 -0.5218199491500854 0.6411226987838745
v -0.10627920925617218 -0.5945389866828918 0.5006682872772217
v -0.046601876616477966 -0.8182911276817322 0.6776495575904846
v -0.0640440434217453 -0.8571670651435852 0.6795878410339355
v -0.04314272850751877 -0.8548724055290222 0.6809754967689514
v -0.06957416236400604 -0.8200682401657104 0.676837146282196
v -0.0934021919965744 -0.7900469899177551 0.66002357006073
v -0.08987125754356384 -0.8241904973983765 0.6665553450584412
v -0.09611156582832336 -0.879240095615387 0.599574089050293
v -0.04019515961408615 -0.8926423788070679 0.680579662322998
v -0.05854983627796173 -0.8962595462799072 0.6791684031486511
v -0.08386048674583435 -0.8608900308609009 0.6696945428848267
v -0.07560409605503082 -0.899380087852478 0.6713971495628357
v 0.015091730281710625 -0.40098950266838074 0.49991825222969055
v 0.056620094925165176 -0.381648987531662 0.5944655537605286
v -0.14567120373249054 -0.3419497311115265 0.5202409625053406
v -0.14795157313346863 -0.3725956082344055 0.5219646692276001
v -0.0781836062669754 -0.3347405791282654 0.46468251943588257
v -0.10217331349849701 -0.32255569100379944 0.47707676887512207
v -0.10216280817985535 -0.08543232828378677 0.5242786407470703
v -0.09068408608436584 -0.08610668033361435 0.5033957362174988
v -0.09988072514533997 -0.047692932188510895 0.5364775061607361
v -0.1011880487203598 -0.06711803376674652 0.531112551689148
v -0.10908617079257965 -0.06412447243928909 0.5534100532531738
v -0.10727453231811523 -0.045412492007017136 0.5586913228034973
v -0.10681650042533875 -0.04096492379903793 0.6075229644775391
v -0.10848008096218109 -0.058799903839826584 0.6027891635894775
v -0.09889349341392517 -0.05681437999010086 0.626701295375824
v -0.09837080538272858 -0.03891989216208458 0.6321551203727722
v -0.08816812187433243 -0.0717649832367897 0.6422773599624634
v -0.10341957211494446 -0.074042409658432 0.6218822002410889
v -0.006300747394561768 -0.038516566157341 0.683866560459137
v -0.00588521733880043 -0.015580996870994568 0.6914353370666504
v -0.02618313580751419 -0.02171703800559044 0.6886239647865295
v -0.026274539530277252 -0.042635247111320496 0.6806009411811829
v -0.031754910945892334 -0.3167600631713867 0.440208375453949
v 0.010423310101032257 -0.38631153106689453 0.48913636803627014
v -0.07796426117420197 -0.40450435876846313 0.4640970826148987
v -0.10753774642944336 -0.37122663855552673 0.4742356538772583
v -0.132748544216156 -0.3711545169353485 0.492435485124588
v -0.16791552305221558 0.17728611826896667 0.6124889850616455
v -0.10178200900554657 0.13071121275424957 0.6878758072853088
v -0.09944209456443787 0.14055433869361877 0.6905809044837952
v -0.21654650568962097 0.25831177830696106 0.6434522867202759
v -0.21563386917114258 0.24658608436584473 0.6576499938964844
v -0.17776408791542053 0.2156713753938675 0.5852636098861694
v -0.16054832935333252 0.2678612172603607 0.6105872392654419
v -0.14700722694396973 0.25289246439933777 0.5953443050384521
v -0.1577434241771698 0.251893013715744 0.5974645614624023
v -0.11588339507579803 -0.26995596289634705 0.4959532916545868
v -0.12000533938407898 -0.2933436930179596 0.49562951922416687
v -0.13928431272506714 -0.28772228956222534 0.517808198928833
v 0.03988416865468025 -0.3888985514640808 0.5505078434944153
v 0.04246220737695694 -0.38591909408569336 0.5572461485862732
v -0.05379748344421387 -0.35112765431404114 0.4571365714073181
v 0.009274013340473175 -0.5770958065986633 0.5606648325920105
v 0.012823523953557014 -0.5484474301338196 0.5535314679145813
v 0.007475532591342926 -0.603844940662384 0.5680190324783325
v 0.00658285990357399 -0.6302427053451538 0.576644778251648
v 0.0038315393030643463 -0.6547708511352539 0.5849900245666504
v -0.0014518089592456818 -0.679415762424469 0.5936417579650879
v -0.00967438519001007 -0.7042933106422424 0.6003550291061401
v -0.01202470064163208 -0.7319872975349426 0.6114296913146973
v 0.0017437711358070374 -0.7965625524520874 0.615820586681366
v -0.007977530360221863 -0.7613518238067627 0.6225419044494629
v -0.0025914162397384644 -0.7921271920204163 0.6335682272911072
v 0.0017993226647377014 -0.8244307041168213 0.6427459716796875
v 0.0025258883833885193 -0.8940756916999817 0.6523982286453247
v 0.004503283649682999 -0.8577876687049866 0.6489546298980713
v 0.0007778145372867584 -0.9310207962989807 0.6553954482078552
v 0.0023879408836364746 -0.9678367972373962 0.6591635942459106
v 0.03253672271966934 -0.38502347469329834 0.5235981345176697
v 0.03630509972572327 -0.3865618109703064 0.5368959903717041
v -0.0639062449336052 0.24697470664978027 0.59454745054245
v -0.12111370265483856 0.13443705439567566 0.6166724562644958
v -0.1251404583454132 0.1473509520292282 0.6168849468231201
v -0.1621103584766388 0.2152787744998932 0.5904248952865601
v 0.06094822660088539 -0.37349197268486023 0.6105587482452393
v 0.0650821328163147 -0.3601621389389038 0.6280641555786133
v -0.2570509612560272 0.2030741274356842 0.6526117920875549
v -0.2515406012535095 0.21870079636573792 0.6545937657356262
v -0.1787935197353363 0.20046043395996094 0.5909873247146606
v -0.12910670042037964 0.17021547257900238 0.6061886548995972
v -0.13532577455043793 0.17925412952899933 0.6095399260520935
v -0.31827422976493835 0.33206695318222046 0.5767574310302734
v -0.3103286027908325 0.34703612327575684 0.5668875575065613
v -0.3202710747718811 0.35241955518722534 0.5707234740257263
v -0.3292255997657776 0.33706608414649963 0.5805330872535706
v -0.31048649549484253 0.3256984055042267 0.5689834952354431
v -0.30411332845687866 0.34038636088371277 0.5590473413467407
v -0.3295230567455292 0.30507463216781616 0.5156812071800232
v -0.32563573122024536 0.3251468539237976 0.5096122622489929
v -0.31533268094062805 0.3238827586174011 0.5176204442977905
v -0.3191266655921936 0.30461353063583374 0.5244434475898743
v -0.2960479259490967 0.3493275046348572 0.5399332642555237
v -0.3015255331993103 0.3340492248535156 0.5491612553596497
v -0.30332091450691223 0.3286195397377014 0.5383650660514832
v -0.298317015171051 0.3451648950576782 0.5298311710357666
v -0.3568848967552185 0.314516544342041 0.5139904022216797
v -0.36143922805786133 0.29334557056427 0.5187833309173584
v -0.3727753758430481 0.2998773455619812 0.5262569785118103
v -0.3667789101600647 0.3207240104675293 0.52211993932724
v -0.34041130542755127 0.2317834496498108 0.5482773184776306
v -0.34130051732063293 0.22174011170864105 0.5543129444122314
v -0.3501058518886566 0.2162928581237793 0.5474222898483276
v -0.3503929376602173 0.2285715937614441 0.5408133268356323
v -0.33275288343429565 0.30184927582740784 0.5974105000495911
v -0.3257848620414734 0.31664806604385376 0.586898922920227
v -0.33778828382492065 0.32096314430236816 0.5902404189109802
v -0.34663116931915283 0.30480021238327026 0.5997263789176941
v -0.3159902095794678 0.27953779697418213 0.5646129250526428
v -0.3217245936393738 0.2637408375740051 0.5734774470329285
v -0.3247338831424713 0.25599730014801025 0.5602632164955139
v -0.3201136589050293 0.27223366498947144 0.5510848760604858
v -0.35542362928390503 0.28814375400543213 0.6081809997558594
v -0.3410939574241638 0.28799277544021606 0.6073302030563354
v -0.30753573775291443 0.31186744570732117 0.5469550490379333
v -0.3115283250808716 0.2954182028770447 0.5555233359336853
v -0.31568992137908936 0.2890164256095886 0.5434027910232544
v -0.31201303005218506 0.3069154620170593 0.535399317741394
v -0.34405994415283203 0.35397762060165405 0.5058823227882385
v -0.3511296510696411 0.3346332311630249 0.5097258687019348
v -0.359566330909729 0.340318888425827 0.5180793404579163
v -0.3510040044784546 0.359289288520813 0.5140449404716492
v -0.30366605520248413 0.3430177867412567 0.5200489163398743
v -0.3080251216888428 0.32508623600006104 0.5278124213218689
v -0.3112139403820038 0.342785120010376 0.5110108852386475
v -0.3339470624923706 0.3728192448616028 0.5557190775871277
v -0.3451484143733978 0.3563779592514038 0.5636533498764038
v -0.3325987458229065 0.35523149371147156 0.5693529844284058
v -0.3224443197250366 0.37103259563446045 0.5605464577674866
v -0.3358304798603058 0.2654963731765747 0.53024822473526
v -0.33284997940063477 0.2848968505859375 0.5224177241325378
v -0.32292431592941284 0.28563135862350464 0.531770646572113
v -0.32640135288238525 0.26719754934310913 0.5394635200500488
v -0.32226207852363586 0.2955881357192993 0.5891358256340027
v -0.3167206346988678 0.3103090226650238 0.5788537263870239
v -0.35619068145751953 0.3392297625541687 0.5714635848999023
v -0.366912841796875 0.3212054371833801 0.5791206955909729
v -0.3520190715789795 0.3219543993473053 0.5871931314468384
v -0.3423656225204468 0.3387868404388428 0.5782123804092407
v -0.386345773935318 0.29688841104507446 0.5723162889480591
v -0.37690970301628113 0.3173479735851288 0.5667307376861572
v -0.3804719150066376 0.311801552772522 0.5521067976951599
v -0.38874077796936035 0.290371298789978 0.556900143623352
v -0.3502487540245056 0.2462226152420044 0.5323313474655151
v -0.3382245898246765 0.24688920378684998 0.5398148894309998
v -0.36458781361579895 0.2715350389480591 0.5245861411094666
v -0.3661010265350342 0.24903494119644165 0.5306552648544312
v -0.380790114402771 0.25440382957458496 0.5366002917289734
v -0.37760788202285767 0.277714341878891 0.531143844127655
v -0.3342268764972687 0.2547058165073395 0.6013363003730774
v -0.3282553553581238 0.2614549994468689 0.5963246822357178
v -0.33619260787963867 0.2699141502380371 0.6086690425872803
v -0.3429434597492218 0.2613609731197357 0.6140446662902832
v -0.3494945764541626 0.2740110456943512 0.6157883405685425
v -0.35628119111061096 0.2627207040786743 0.620689332485199
v -0.368924081325531 0.24042388796806335 0.6245162487030029
v -0.37186694145202637 0.2466353178024292 0.622602641582489
v -0.3815840184688568 0.2355796843767166 0.6183808445930481
v -0.3763153553009033 0.2287665605545044 0.6213926076889038
v -0.4036943018436432 0.25222277641296387 0.5811630487442017
v -0.39611899852752686 0.27513575553894043 0.5766079425811768
v -0.39645177125930786 0.26757141947746277 0.5608494281768799
v -0.4025561809539795 0.24268285930156708 0.5654861927032471
v -0.39353546500205994 0.2138398140668869 0.5567042827606201
v -0.39461714029312134 0.23550310730934143 0.5525590181350708
v -0.38173067569732666 0.23119662702083588 0.5424859523773193
v -0.37926921248435974 0.212737575173378 0.5476709008216858
v -0.34503769874572754 0.17643655836582184 0.5738715529441833
v -0.3613813519477844 0.1829674243927002 0.5684842467308044
v -0.3517411947250366 0.18569128215312958 0.5592690110206604
v -0.33684760332107544 0.1810373067855835 0.5641862154006958
v -0.3335422873497009 0.2033022791147232 0.5526242256164551
v -0.3286084234714508 0.21552221477031708 0.5549460053443909
v -0.3163616955280304 0.21567022800445557 0.555554986000061
v -0.320647269487381 0.20194213092327118 0.5545572638511658
v -0.32676243782043457 0.2554675042629242 0.6019399762153625
v -0.33455154299736023 0.25246021151542664 0.6024487614631653
v -0.34311023354530334 0.25335705280303955 0.6171577572822571
v -0.3341645300388336 0.2525162994861603 0.6182413101196289
v -0.40731456875801086 0.23194019496440887 0.5856751203536987
v -0.40555793046951294 0.21793530881404877 0.5692503452301025
v -0.3423845171928406 0.2052209973335266 0.551827073097229
v -0.34790799021720886 0.2091672122478485 0.5507359504699707
v -0.34017521142959595 0.21708157658576965 0.5562101602554321
v -0.3360525965690613 0.2151135802268982 0.5556418895721436
v -0.33204856514930725 0.2365260273218155 0.5727624893188477
v -0.3339577615261078 0.2346506416797638 0.5748408436775208
v -0.33456963300704956 0.24282562732696533 0.5883604884147644
v -0.334009051322937 0.2434653639793396 0.5871812105178833
v -0.3385768532752991 0.2506955862045288 0.6027737259864807
v -0.33814841508865356 0.250824898481369 0.6034896969795227
v -0.34696686267852783 0.25575724244117737 0.6164982318878174
v -0.347344309091568 0.25376859307289124 0.6166666746139526
v -0.4046355187892914 0.21946397423744202 0.5917373299598694
v -0.398462176322937 0.20900020003318787 0.5952461361885071
v -0.3944808542728424 0.21712611615657806 0.6053116917610168
v -0.39957189559936523 0.22760291397571564 0.602688729763031
v -0.3731224536895752 0.19964967668056488 0.5521079897880554
v -0.385078102350235 0.20005524158477783 0.5609849691390991
v -0.3332187235355377 0.23773595690727234 0.5736665725708008
v -0.3356879949569702 0.2262592315673828 0.5645432472229004
v -0.3357841968536377 0.22932833433151245 0.5626291036605835
v -0.35946834087371826 0.254555881023407 0.6230781674385071
v -0.3521007001399994 0.1760096698999405 0.5843452215194702
v -0.33139166235923767 0.16908766329288483 0.5888686776161194
v -0.33663544058799744 0.17212313413619995 0.6008802652359009
v -0.35718703269958496 0.1785929948091507 0.5957455039024353
v -0.3242337107658386 0.17122448980808258 0.5775471329689026
v -0.3157446086406708 0.17782150208950043 0.5687667727470398
v -0.2975198030471802 0.21642860770225525 0.5586034059524536
v -0.3014564514160156 0.2020922154188156 0.5583061575889587
v -0.29625415802001953 0.23167657852172852 0.5630739331245422
v -0.3151073455810547 0.23037870228290558 0.5606839060783386
v -0.3156837522983551 0.2437390387058258 0.5694035291671753
v -0.29661113023757935 0.24542170763015747 0.5715882182121277
v -0.3069022297859192 0.2563747763633728 0.6040304899215698
v -0.3147925138473511 0.25125187635421753 0.6199343204498291
v -0.3429393768310547 0.24352601170539856 0.6266979575157166
v -0.3234856426715851 0.24092979729175568 0.6296611428260803
v -0.3417512774467468 0.19318734109401703 0.5541155338287354
v -0.3520597219467163 0.19689983129501343 0.5518543720245361
v -0.3670123219490051 0.3366425037384033 0.5603411793708801
v -0.35579627752304077 0.3549973964691162 0.5538816452026367
v -0.3613506555557251 0.35053664445877075 0.5415682792663574
v -0.37146657705307007 0.3315959572792053 0.547250509262085
v -0.36279040575027466 0.3456001579761505 0.529478907585144
v -0.3528563380241394 0.3639135956764221 0.524852991104126
v -0.3119794726371765 0.30314990878105164 0.568217396736145
v -0.3067290782928467 0.31863918900489807 0.5587167143821716
v -0.29724207520484924 0.35508471727371216 0.5494535565376282
v -0.33204567432403564 0.24591737985610962 0.5864239931106567
v -0.3272978365421295 0.252214640378952 0.5815051198005676
v -0.3818473219871521 0.21821993589401245 0.615383505821228
v -0.3723359704017639 0.21260519325733185 0.6192919015884399
v -0.3679628372192383 0.2238798290491104 0.6250050067901611
v -0.3994382321834564 0.24125587940216064 0.6009025573730469
v -0.3857528269290924 0.24537470936775208 0.6135595440864563
v -0.37932926416397095 0.2655845880508423 0.6081960201263428
v -0.3950693905353546 0.26013773679733276 0.5977767705917358
v -0.38914957642555237 0.19972887635231018 0.5978412628173828
v -0.376274049282074 0.19218996167182922 0.6019184589385986
v -0.3752850890159607 0.20178142189979553 0.6117790341377258
v -0.38672906160354614 0.20868121087551117 0.6079803109169006
v -0.32022568583488464 0.2517417371273041 0.5836749076843262
v -0.3292030692100525 0.24706906080245972 0.5851414203643799
v -0.3376085162162781 0.21527916193008423 0.6349656581878662
v -0.3327992558479309 0.22853870689868927 0.6342440843582153
v -0.3506808876991272 0.23221401870250702 0.6298943758010864
v -0.3554671108722687 0.22004395723342896 0.6295796632766724
v -0.36174529790878296 0.23596708476543427 0.6268725395202637
v -0.339306116104126 0.2020193636417389 0.6308230757713318
v -0.3585447371006012 0.2076089084148407 0.6249088048934937
v -0.300033301115036 0.25476759672164917 0.585636556148529
v -0.35935178399086 0.18573442101478577 0.6073726415634155
v -0.3386636972427368 0.17961600422859192 0.6131799221038818
v -0.33963263034820557 0.19037815928459167 0.6233700513839722
v -0.3596141040325165 0.1959485560655594 0.6169713139533997
v -0.3713851571083069 0.32616448402404785 0.5340316891670227
v -0.37901806831359863 0.305972158908844 0.5384109616279602
v -0.3635036051273346 0.21272435784339905 0.5441155433654785
v -0.36560505628585815 0.2279900163412094 0.5375856161117554
v -0.35933181643486023 0.20289736986160278 0.5492057800292969
v -0.3432871699333191 0.3087286353111267 0.5112655162811279
v -0.33881354331970215 0.32907402515411377 0.5063103437423706
v -0.349101185798645 0.266649067401886 0.5242195129394531
v -0.34667855501174927 0.2877408266067505 0.5173636078834534
v -0.3771563768386841 0.30180782079696655 0.5859719514846802
v -0.3828521966934204 0.19162677228450775 0.5743180513381958
v -0.3940184712409973 0.20099543035030365 0.5710405111312866
v -0.3746405243873596 0.19044825434684753 0.5644599199295044
v -0.3072870969772339 0.1889074146747589 0.5618499517440796
v -0.3279949128627777 0.18997664749622345 0.5574930906295776
v -0.40497660636901855 0.21139107644557953 0.5815114974975586
v -0.2809809446334839 0.1875087320804596 0.5673611760139465
v -0.3709844946861267 0.2562592923641205 0.6194847226142883
v -0.3530716001987457 0.2468205988407135 0.6246532201766968
v -0.35854172706604004 0.25001341104507446 0.6235724091529846
v -0.31113821268081665 0.36731821298599243 0.561636745929718
v -0.3166332244873047 0.2875751256942749 0.577930212020874
v -0.3307552933692932 0.24409392476081848 0.5685018301010132
v -0.3341350853443146 0.2373325526714325 0.5575551986694336
v -0.3693736493587494 0.18339771032333374 0.5789436101913452
v -0.37456437945365906 0.18586988747119904 0.5899837613105774
v -0.3877275586128235 0.19390210509300232 0.5854184031486511
v -0.32626041769981384 0.2287340760231018 0.5608932971954346
v -0.32613518834114075 0.24088220298290253 0.570068895816803
v -0.3334922790527344 0.34865009784698486 0.50221848487854
v -0.3328006863594055 0.2263202667236328 0.5626862645149231
v -0.36444443464279175 0.2716491222381592 0.6148401498794556
v 0.05677132308483124 0.19837605953216553 0.6865041255950928
v 0.0748082622885704 0.1844363808631897 0.6795529723167419
v 0.07408769428730011 0.19741487503051758 0.6778026223182678
v -0.1213608980178833 0.03930430859327316 0.5914479494094849
v -0.09950223565101624 0.011058002710342407 0.5363802909851074
v -0.10878238081932068 0.013626623898744583 0.555383563041687
v -0.1195015013217926 0.12162311375141144 0.6156090497970581
v -0.11916528642177582 0.10742512345314026 0.6139423251152039
v -0.13725045323371887 0.17031633853912354 0.617885947227478
v -0.13030199706554413 0.16042634844779968 0.617739737033844
v -0.12528465688228607 0.08204147219657898 0.5859841108322144
v -0.017871476709842682 0.45498666167259216 0.6010768413543701
v -0.014286529272794724 0.4491763710975647 0.6047397255897522
v -0.01997065544128418 0.46806514263153076 0.5984891057014465
v -0.02013285458087921 -0.12265340238809586 0.4277080297470093
v -0.007010281085968018 -0.14465878903865814 0.42069706320762634
v -0.007224533706903458 -0.1558338701725006 0.41689902544021606
v -0.023083336651325226 0.43471312522888184 0.5900377035140991
v -0.01903647929430008 0.4306506812572479 0.5950828194618225
v -0.023674048483371735 0.43272531032562256 0.5928524136543274
v -0.023944802582263947 0.4359664022922516 0.587829053401947
v -0.023462921380996704 0.4350656270980835 0.5881761312484741
v -0.024255767464637756 0.46802306175231934 0.5884520411491394
v -0.01136133074760437 0.4408378601074219 0.6056506037712097
v -0.009327199310064316 0.43122902512550354 0.6053711771965027
v -0.024616748094558716 0.45291799306869507 0.5864810347557068
v 0.016073808073997498 -0.14579817652702332 0.6606000065803528
v 0.013333946466445923 -0.16474702954292297 0.6657892465591431
v 0.03791071102023125 -0.1645812839269638 0.659383237361908
v 0.03882449492812157 -0.14552374184131622 0.6537102460861206
v 0.06530977785587311 -0.18050216138362885 0.6566303968429565
v 0.06451255828142166 -0.16206657886505127 0.6506497263908386
v 0.03659579157829285 -0.18453587591648102 0.6667646765708923
v -0.08103024959564209 -0.2172715812921524 0.6701547503471375
v -0.07902097702026367 -0.19502918422222137 0.6665680408477783
v -0.10095664858818054 -0.1919524371623993 0.6487715840339661
v -0.10454452037811279 -0.21383726596832275 0.6510778665542603
v -0.11460921168327332 -0.17348526418209076 0.6262096762657166
v -0.11895881593227386 -0.19054831564426422 0.6261458992958069
v -0.09658291935920715 -0.17388702929019928 0.647162675857544
v -0.1269437074661255 -0.17485660314559937 0.6001079082489014
v -0.13040725886821747 -0.19294512271881104 0.5999578237533569
v -0.1322450041770935 -0.17893698811531067 0.5724668502807617
v -0.1360194832086563 -0.19863396883010864 0.5723093748092651
v -0.13440126180648804 -0.2058343142271042 0.5452495217323303
v -0.125588521361351 -0.213243767619133 0.5188563466072083
v -0.11337186396121979 -0.24607716500759125 0.4960646629333496
v -0.11021603643894196 -0.22185693681240082 0.49550217390060425
v -0.09283611178398132 -0.22929948568344116 0.4748828709125519
v -0.07368531823158264 -0.2355795055627823 0.45613494515419006
v -0.05494876205921173 -0.2386849969625473 0.44101184606552124
v -0.036642663180828094 -0.240518718957901 0.4301826059818268
v -0.019546784460544586 -0.24172070622444153 0.42252808809280396
v -0.003581557422876358 -0.24284526705741882 0.4183979630470276
v -0.00195901095867157 -0.26829588413238525 0.4225027859210968
v -0.06607727706432343 0.22991639375686646 0.5750311017036438
v -0.01869366317987442 0.2768176794052124 0.6770702600479126
v -0.03989531099796295 0.27987587451934814 0.664344072341919
v -0.028793178498744965 0.2724277973175049 0.6820707321166992
v -0.04882262647151947 0.21653154492378235 0.71675044298172
v -0.027790598571300507 0.20907175540924072 0.7199111580848694
v -0.029126793146133423 0.22571997344493866 0.7144060730934143
v -0.050031282007694244 0.23539644479751587 0.7094709873199463
v -0.007033191621303558 0.2655484676361084 0.6856226921081543
v -0.0007247030735015869 0.26896876096725464 0.6805280447006226
v -0.014290492981672287 0.2597554326057434 0.692388653755188
v 0.0025399141013622284 0.2491237223148346 0.6962651014328003
v 0.020501481369137764 0.24142049252986908 0.6937682032585144
v -0.07754595577716827 0.2727867066860199 0.6691110134124756
v -0.09145303070545197 0.27407294511795044 0.6671980619430542
v -0.08993203938007355 0.25998127460479736 0.6851720809936523
v -0.07797715067863464 0.259392112493515 0.6886259317398071
v -0.08044597506523132 0.20918940007686615 0.7090660333633423
v -0.09345917403697968 0.21194440126419067 0.7042626142501831
v -0.0934821367263794 0.1973913311958313 0.703420102596283
v -0.07950391620397568 0.19351863861083984 0.7087946534156799
v -0.1379125565290451 0.2762247920036316 0.6578999757766724
v -0.15307965874671936 0.2752084732055664 0.6562495231628418
v -0.15048514306545258 0.26291003823280334 0.6733878254890442
v -0.13447842001914978 0.26405906677246094 0.6755108833312988
v -0.09149052202701569 0.22753898799419403 0.7018842697143555
v -0.00828612968325615 0.09997612982988358 0.7175116539001465
v -0.03123367577791214 0.10920318961143494 0.7186928987503052
v -0.05104195326566696 0.11938302218914032 0.7155678272247314
v -0.09784136712551117 0.1503099650144577 0.6938235759735107
v -0.08777278661727905 0.13091778755187988 0.6984834671020508
v -0.08509568870067596 0.14223352074623108 0.7011322975158691
v -0.11091357469558716 0.1568683236837387 0.6871948838233948
v -0.12195940315723419 0.1602548360824585 0.6813353300094604
v -0.13636861741542816 0.2532135546207428 0.5933183431625366
v -0.1370255947113037 0.22849896550178528 0.583367109298706
v -0.1449432671070099 0.2303696721792221 0.588316798210144
v -0.14696134626865387 0.16447298228740692 0.6651310920715332
v -0.14765018224716187 0.1604534536600113 0.6613436937332153
v -0.13605010509490967 0.15640780329704285 0.6662628650665283
v -0.1356196105480194 0.16044679284095764 0.6698985695838928
v -0.0647335797548294 0.27231085300445557 0.6709218621253967
v -0.14820848405361176 0.2479366660118103 0.6839433312416077
v -0.14812999963760376 0.232243612408638 0.6878559589385986
v -0.13285642862319946 0.23208145797252655 0.6905763745307922
v -0.13275879621505737 0.24865233898162842 0.6857231259346008
v -0.14688841998577118 0.21907758712768555 0.6896250247955322
v -0.14610937237739563 0.20747917890548706 0.6883829832077026
v -0.13247700035572052 0.20592491328716278 0.6915795803070068
v -0.1327284574508667 0.2186153531074524 0.6926445960998535
v -0.14808157086372375 0.1702030450105667 0.6692103147506714
v -0.1338101476430893 0.16603983938694 0.6745123863220215
v -0.164511039853096 0.27570676803588867 0.6318086981773376
v -0.10706852376461029 0.28268805146217346 0.6400580406188965
v -0.09270970523357391 0.28103384375572205 0.6428748369216919
v -0.09473203122615814 0.2745305895805359 0.617173433303833
v -0.10753901302814484 0.27418944239616394 0.613641619682312
v -0.14965008199214935 0.17536723613739014 0.6186642050743103
v -0.15242241322994232 0.16825871169567108 0.6252986192703247
v -0.15491846203804016 0.16085752844810486 0.6315662264823914
v -0.13449880480766296 0.14846377074718475 0.6589159965515137
v -0.15832401812076569 0.15713250637054443 0.6375778317451477
v -0.14997531473636627 0.2128690481185913 0.5934220552444458
v -0.1545051485300064 0.23174482583999634 0.5924171209335327
v -0.09883606433868408 0.2574795186519623 0.5959859490394592
v -0.11021554470062256 0.25656643509864807 0.5935491323471069
v -0.16697093844413757 0.27234429121017456 0.6545355319976807
v -0.16510306298732758 0.2597867250442505 0.6713974475860596
v -0.17523057758808136 0.16399675607681274 0.6547861099243164
v -0.16164711117744446 0.16207747161388397 0.6564072370529175
v -0.16069847345352173 0.16576442122459412 0.660770058631897
v -0.12339097261428833 0.14088457822799683 0.6685968041419983
v -0.13511286675930023 0.15148229897022247 0.6625032424926758
v -0.1062471866607666 0.2759283483028412 0.6643956899642944
v -0.1618179827928543 0.22970202565193176 0.6854027509689331
v -0.16324388980865479 0.244644433259964 0.6811283230781555
v -0.11893615126609802 0.21691738069057465 0.6958348155021667
v -0.10598529875278473 0.2144472301006317 0.6998963356018066
v -0.10422414541244507 0.2295990139245987 0.6976715326309204
v -0.11820954084396362 0.23097842931747437 0.6936464309692383
v -0.16129642724990845 0.19596019387245178 0.6807806491851807
v -0.16063620150089264 0.20682379603385925 0.6844618320465088
v -0.10619306564331055 0.20064212381839752 0.6990379095077515
v -0.11903047561645508 0.2033906728029251 0.6951925754547119
v -0.16059249639511108 0.17080602049827576 0.6652750968933105
v -0.08968612551689148 0.2579951584339142 0.5991172790527344
v -0.08637073636054993 0.23732516169548035 0.581328272819519
v -0.09569543600082397 0.23946934938430786 0.5818367004394531
v -0.10451038181781769 0.23738503456115723 0.5808266997337341
v -0.11519765853881836 0.23398330807685852 0.5795336961746216
v -0.1264868527650833 0.2295914739370346 0.5797829627990723
v -0.07704367488622665 0.23330001533031464 0.579789400100708
v -0.3977371156215668 0.2019636332988739 0.583275318145752
v -0.17857354879379272 0.1602797657251358 0.6496913433074951
v -0.18926899135112762 0.16644664108753204 0.6538113355636597
v -0.1945418417453766 0.16289880871772766 0.6489863991737366
v -0.25554758310317993 0.18821154534816742 0.6495537757873535
v 0.006760481745004654 0.35094234347343445 0.4731375575065613
v 0.007675951346755028 0.3459741473197937 0.4770737588405609
v 0.007656853646039963 0.3744201958179474 0.4669247269630432
v 0.007242962718009949 0.3707078695297241 0.4671294093132019
v -0.38862377405166626 0.22557023167610168 0.6125962138175964
v -0.3925480544567108 0.23285821080207825 0.6100562214851379
v -0.38675642013549805 0.2813660800457001 0.5925227403640747
v -0.37075570225715637 0.2852248549461365 0.6027107238769531
v -0.3617297410964966 0.30415982007980347 0.5953962802886963
v -0.32866907119750977 0.28158825635910034 0.599796712398529
v -0.3222154974937439 0.27289021015167236 0.5877766609191895
v -0.33032968640327454 0.2503463923931122 0.5489788055419922
v -0.3907296061515808 0.2604423761367798 0.5479010343551636
v -0.2844764292240143 0.3896530568599701 0.538853645324707
v -0.2747523784637451 0.40369755029678345 0.5290156006813049
v -0.2809962332248688 0.40961524844169617 0.5354641675949097
v -0.2918935716152191 0.3958793878555298 0.5441235899925232
v -0.26505085825920105 0.41657179594039917 0.5198622941970825
v -0.27330273389816284 0.3990743160247803 0.520311176776886
v -0.2650642991065979 0.41247421503067017 0.5109383463859558
v -0.27584177255630493 0.395734041929245 0.5117615461349487
v -0.26861560344696045 0.41053202748298645 0.5031381249427795
v -0.2743547558784485 0.4099397659301758 0.49628445506095886
v -0.28091585636138916 0.3943873643875122 0.5039504766464233
v -0.2875188887119293 0.39529961347579956 0.4973946809768677
v -0.28141459822654724 0.4118073582649231 0.49091994762420654
v -0.30137068033218384 0.37942031025886536 0.4985992908477783
v -0.31067636609077454 0.3821888566017151 0.49443161487579346
v -0.30440187454223633 0.4009150266647339 0.48994675278663635
v -0.2956283390522003 0.3978082537651062 0.4926775395870209
v -0.3124116063117981 0.42677751183509827 0.49258384108543396
v -0.32060742378234863 0.4095994830131531 0.4950292110443115
v -0.3237464427947998 0.4136897623538971 0.5033202171325684
v -0.31473633646965027 0.429920494556427 0.5001620054244995
v -0.3294042944908142 0.40361279249191284 0.5263869166374207
v -0.31937724351882935 0.4198865294456482 0.5220642685890198
v -0.32268115878105164 0.41688376665115356 0.5128756761550903
v -0.33293959498405457 0.3999221920967102 0.5164124965667725
v -0.31098005175590515 0.4351600706577301 0.5191731452941895
v -0.3114205002784729 0.41975343227386475 0.5291295647621155
v -0.3024839460849762 0.4340043067932129 0.5258412957191467
v -0.2893800139427185 0.3695780634880066 0.5400339961051941
v -0.29382526874542236 0.37559548020362854 0.5484108924865723
v -0.3023582398891449 0.3613031506538391 0.5572289228439331
v -0.2868485450744629 0.3778671622276306 0.5123510360717773
v -0.2825659215450287 0.38005462288856506 0.5210047960281372
v -0.28918492794036865 0.36475008726119995 0.5304194688796997
v -0.2926127314567566 0.361522376537323 0.5209119915962219
v -0.32143115997314453 0.34456849098205566 0.5042824149131775
v -0.3164607584476471 0.36370617151260376 0.4992988109588623
v -0.306530237197876 0.3611428737640381 0.5047745704650879
v -0.2932049036026001 0.37786516547203064 0.5048319101333618
v -0.29849550127983093 0.36047351360321045 0.5122909545898438
v -0.32053446769714355 0.3863469958305359 0.49389776587486267
v -0.3136455714702606 0.40503552556037903 0.4903411567211151
v -0.30193012952804565 0.4005995988845825 0.5439908504486084
v -0.2910158336162567 0.41452091932296753 0.5364766716957092
v -0.30144649744033813 0.41789355874061584 0.5336840748786926
v -0.31193608045578003 0.40351009368896484 0.5405762195587158
v -0.3271142542362213 0.36768263578414917 0.49809694290161133
v -0.3120765686035156 0.3861001133918762 0.5522258281707764
v -0.3228287696838379 0.3885408639907837 0.5479604601860046
v -0.3218236565589905 0.4046233892440796 0.5348706245422363
v -0.33283543586730957 0.38881951570510864 0.5409180521965027
v -0.28094419836997986 0.42725759744644165 0.5305396914482117
v -0.27086058259010315 0.422191321849823 0.5276423096656799
v -0.301771342754364 0.38169044256210327 0.5529378652572632
v -0.32885250449180603 0.3913136124610901 0.4981116056442261
v -0.33638307452201843 0.3726697564125061 0.5018984079360962
v -0.3419160842895508 0.3775842487812042 0.5100730657577515
v -0.3332443833351135 0.39586877822875977 0.5063298940658569
v -0.35029393434524536 0.36842045187950134 0.5365293025970459
v -0.33967065811157227 0.38624608516693115 0.5307720899581909
v -0.3426874577999115 0.381963849067688 0.5202601552009583
v -0.314481258392334 0.4326350688934326 0.5095779299736023
v -0.34420570731163025 0.37215155363082886 0.5472822189331055
v -0.24288523197174072 0.4881324768066406 0.48327404260635376
v -0.23274162411689758 0.48926740884780884 0.4813063144683838
v -0.23479413986206055 0.4797731935977936 0.4774768054485321
v -0.24573495984077454 0.4785437285900116 0.4800644516944885
v -0.2370350956916809 0.4568815231323242 0.46927735209465027
v -0.22492438554763794 0.46132659912109375 0.46976643800735474
v -0.2215811312198639 0.45193159580230713 0.47338181734085083
v -0.2334475815296173 0.44593214988708496 0.4731196165084839
v -0.2235400378704071 0.48906680941581726 0.4823068678379059
v -0.2255711853504181 0.48022788763046265 0.4770757853984833
v -0.21828776597976685 0.4856685996055603 0.4869096279144287
v -0.22110363841056824 0.49703484773635864 0.48704203963279724
v -0.21762481331825256 0.4952148199081421 0.4939191937446594
v -0.21580767631530762 0.5035069584846497 0.49780789017677307
v -0.21976736187934875 0.5031272768974304 0.5064961910247803
v -0.22125348448753357 0.4907194674015045 0.5045582056045532
v -0.24509331583976746 0.49404269456863403 0.51543128490448
v -0.23960018157958984 0.5072133541107178 0.5133934020996094
v -0.25023117661476135 0.5088710188865662 0.5140631198883057
v -0.255324125289917 0.4953523278236389 0.5155768394470215
v -0.2698014974594116 0.5077089071273804 0.5092540979385376
v -0.2732970118522644 0.4946381449699402 0.5114589929580688
v -0.264247328042984 0.4952771067619324 0.5134825706481934
v -0.25947707891464233 0.5092135667800903 0.5114108324050903
v -0.25824785232543945 0.4881736636161804 0.48583632707595825
v -0.25224629044532776 0.48744502663612366 0.4851832687854767
v -0.25605157017707825 0.4781986474990845 0.4831085205078125
v -0.26273712515830994 0.47870564460754395 0.4840587377548218
v -0.209316223859787 0.4793597161769867 0.4897942543029785
v -0.21056458353996277 0.48117882013320923 0.4862920641899109
v -0.2167382836341858 0.4844059348106384 0.49400782585144043
v -0.21738627552986145 0.4784393012523651 0.4976452887058258
v -0.2845461666584015 0.4593666195869446 0.47534632682800293
v -0.27773410081863403 0.4558567404747009 0.4760437607765198
v -0.279667466878891 0.4447780251502991 0.4783458113670349
v -0.2880204916000366 0.44770199060440063 0.4776952266693115
v -0.25324907898902893 0.4375667870044708 0.47644907236099243
v -0.24753403663635254 0.43171805143356323 0.4882620573043823
v -0.25483354926109314 0.42850321531295776 0.48998546600341797
v -0.26184847950935364 0.43604084849357605 0.4798996150493622
v -0.24422714114189148 0.44113945960998535 0.47430574893951416
v -0.2299000322818756 0.4410468637943268 0.4837387800216675
v -0.2392955720424652 0.4353976547718048 0.48581433296203613
v -0.21872472763061523 0.4485410451889038 0.4823682904243469
v -0.2983519434928894 0.45064106583595276 0.48027509450912476
v -0.29772645235061646 0.45927637815475464 0.47845974564552307
v -0.2016737461090088 0.551958441734314 0.4973491132259369
v -0.20337370038032532 0.5465173721313477 0.49672380089759827
v -0.2078605592250824 0.5493564605712891 0.495328813791275
v -0.2061225175857544 0.554963231086731 0.4963945746421814
v -0.30419430136680603 0.46171000599861145 0.4978470206260681
v -0.3055339753627777 0.45515888929367065 0.49640461802482605
v -0.3031965494155884 0.45664477348327637 0.5056467056274414
v -0.29992157220840454 0.4626103341579437 0.5067830681800842
v -0.3024110198020935 0.47109389305114746 0.499146044254303
v -0.2962544858455658 0.4712221324443817 0.507624626159668
v -0.20011621713638306 0.5524061322212219 0.510913610458374
v -0.2026778757572174 0.5469022989273071 0.5109981298446655
v -0.2008315920829773 0.545515775680542 0.5063234567642212
v -0.1984051764011383 0.5509216785430908 0.5061340928077698
v -0.23874518275260925 0.4967348575592041 0.48474568128585815
v -0.229175865650177 0.497422993183136 0.4835822880268097
v -0.22413009405136108 0.5166248083114624 0.485540509223938
v -0.21917638182640076 0.5128964781761169 0.4871843755245209
v -0.22420501708984375 0.5052651762962341 0.48532772064208984
v -0.23339319229125977 0.5070203542709351 0.48493656516075134
v -0.25349852442741394 0.5077722072601318 0.4863754212856293
v -0.2456704080104828 0.509283721446991 0.4859800338745117
v -0.24993577599525452 0.4987662434577942 0.4865434467792511
v -0.2579571008682251 0.49796295166015625 0.4868146777153015
v -0.2693406641483307 0.4993559718132019 0.48368263244628906
v -0.27468404173851013 0.501603901386261 0.48155874013900757
v -0.27176299691200256 0.5102549195289612 0.481950044631958
v -0.2654685974121094 0.5089532732963562 0.4841134250164032
v -0.25269815325737 0.5266151428222656 0.4865933358669281
v -0.25784754753112793 0.5273857712745667 0.4862154424190521
v -0.2544042766094208 0.535871684551239 0.4900454580783844
v -0.2497512698173523 0.5355146527290344 0.4905158579349518
v -0.3072480857372284 0.44897425174713135 0.49634093046188354
v -0.3062020540237427 0.451053649187088 0.5058287978172302
v -0.2882857322692871 0.505592405796051 0.5024607181549072
v -0.2875889241695404 0.5156512260437012 0.5013153553009033
v -0.2950677275657654 0.5144734978675842 0.49370893836021423
v -0.29593905806541443 0.503876805305481 0.49518224596977234
v -0.29187721014022827 0.46324899792671204 0.5134966373443604
v -0.29579493403434753 0.4573223292827606 0.5134342908859253
v -0.20413348078727722 0.5553176999092102 0.5137261152267456
v -0.20673614740371704 0.5497342944145203 0.5140955448150635
v -0.21808159351348877 0.4512487053871155 0.49271008372306824
v -0.2302151322364807 0.4440772533416748 0.4956347942352295
v -0.24041157960891724 0.4384051561355591 0.4979356527328491
v -0.24725112318992615 0.43410930037498474 0.4999140799045563
v -0.25176963210105896 0.4298331141471863 0.5018253326416016
v -0.23557433485984802 0.5143687129020691 0.48521578311920166
v -0.2475154995918274 0.4940885901451111 0.4858104884624481
v -0.26279255747795105 0.488303005695343 0.4856484532356262
v -0.2903168499469757 0.494520902633667 0.4773709774017334
v -0.2825143337249756 0.4944361448287964 0.4783308804035187
v -0.2833973467350006 0.4864116311073303 0.47700822353363037
v -0.294183611869812 0.4862278997898102 0.47749149799346924
v -0.29813703894615173 0.5035132169723511 0.4861707091331482
v -0.2960453927516937 0.5138385891914368 0.48519274592399597
v -0.29112404584884644 0.513184130191803 0.48005861043930054
v -0.29374489188194275 0.5039412975311279 0.4800941050052643
v -0.20654067397117615 0.4760028123855591 0.4928355813026428
v -0.21589478850364685 0.47115784883499146 0.49858707189559937
v -0.3035588264465332 0.4611237049102783 0.48794665932655334
v -0.30377545952796936 0.45352068543434143 0.487881064414978
v -0.30477139353752136 0.44664469361305237 0.4884026348590851
v -0.27091771364212036 0.46745729446411133 0.4794256091117859
v -0.2663729190826416 0.46714237332344055 0.47965967655181885
v -0.2673860788345337 0.45227742195129395 0.475309818983078
v -0.27330923080444336 0.4538116157054901 0.4764384925365448
v -0.24860405921936035 0.4679016172885895 0.47409915924072266
v -0.23684445023536682 0.4696820378303528 0.4720327854156494
v -0.24933752417564392 0.4540055990219116 0.4706912636756897
v -0.27236688137054443 0.44130367040634155 0.47894272208213806
v -0.2734312415122986 0.43309539556503296 0.48277929425239563
v -0.2818181812763214 0.4370306134223938 0.4819355010986328
v -0.2908579409122467 0.44036537408828735 0.4810884892940521
v -0.2995317280292511 0.4435833692550659 0.4830164611339569
v -0.276762992143631 0.42472341656684875 0.48613855242729187
v -0.285013884305954 0.4283983111381531 0.48428383469581604
v -0.2940121591091156 0.4323902428150177 0.48400041460990906
v -0.3018234074115753 0.4361661374568939 0.4859035015106201
v -0.3045060634613037 0.44507044553756714 0.5166787505149841
v -0.2998494505882263 0.4514247477054596 0.5145432949066162
v -0.3098108470439911 0.4444239139556885 0.507138729095459
v -0.2608470618724823 0.4216049611568451 0.49597758054733276
v -0.26862722635269165 0.4224298298358917 0.49010995030403137
v -0.264383465051651 0.4299076199531555 0.4854787290096283
v -0.25709784030914307 0.42321205139160156 0.5046688318252563
v -0.2157686948776245 0.4642845094203949 0.4709301292896271
v -0.21797001361846924 0.47244545817375183 0.473634272813797
v -0.21079838275909424 0.47484728693962097 0.473369836807251
v -0.20805910229682922 0.4684543013572693 0.4708154797554016
v -0.2181149125099182 0.5040618777275085 0.49023720622062683
v -0.21493664383888245 0.5115399360656738 0.49248459935188293
v -0.21351870894432068 0.511422872543335 0.4998970329761505
v -0.29749682545661926 0.4687386453151703 0.47787314653396606
v -0.28590062260627747 0.46896010637283325 0.47528523206710815
v -0.2280833125114441 0.5214799642562866 0.4864008128643036
v -0.20571976900100708 0.5403345823287964 0.510356068611145
v -0.21056506037712097 0.5289134383201599 0.5090827345848083
v -0.2082464098930359 0.5272100567817688 0.503038227558136
v -0.20342081785202026 0.538935661315918 0.5054472088813782
v -0.22736939787864685 0.5310402512550354 0.4928033947944641
v -0.2232246696949005 0.5374816060066223 0.49642735719680786
v -0.2201698124408722 0.5339106321334839 0.49204307794570923
v -0.22381636500358582 0.5269944071769714 0.48957473039627075
v -0.26427170634269714 0.5278968214988708 0.48477354645729065
v -0.26145583391189575 0.5348780751228333 0.4879957139492035
v -0.23469367623329163 0.5200964212417603 0.5098168849945068
v -0.2290075421333313 0.5046584010124207 0.5127763748168945
v -0.22523295879364014 0.515269935131073 0.5117975473403931
v -0.2599645256996155 0.5080539584159851 0.4857484698295593
v -0.26160481572151184 0.5183840394020081 0.4845436215400696
v -0.2563350200653076 0.517510175704956 0.4854491949081421
v -0.2362687885761261 0.5189172625541687 0.4860772490501404
v -0.2421751320362091 0.5170238614082336 0.4859633147716522
v -0.23788803815841675 0.5241740942001343 0.4876091778278351
v -0.23177286982536316 0.5243988633155823 0.48788174986839294
v -0.30075815320014954 0.4915279746055603 0.4853219985961914
v -0.2981775104999542 0.49224191904067993 0.49732452630996704
v -0.20104670524597168 0.5453141331672668 0.5010178089141846
v -0.19908562302589417 0.5507053136825562 0.5012134909629822
v -0.3098294734954834 0.44201594591140747 0.49758851528167725
v -0.30697596073150635 0.43920326232910156 0.49045199155807495
v -0.2638218402862549 0.49814707040786743 0.4857473373413086
v -0.23366352915763855 0.4924736022949219 0.5127748847007751
v -0.2676527500152588 0.48840612173080444 0.4843093752861023
v -0.27153101563453674 0.5275354981422424 0.5017353892326355
v -0.2692059874534607 0.5348824262619019 0.5026470422744751
v -0.2706127464771271 0.5356237292289734 0.49632516503334045
v -0.2746598720550537 0.5292202234268188 0.4955081045627594
v -0.21813800930976868 0.548010528087616 0.5003741979598999
v -0.21530792117118835 0.5546596646308899 0.5026401281356812
v -0.2123446762561798 0.5525959134101868 0.4978555738925934
v -0.21491694450378418 0.5454426407814026 0.49550285935401917
v -0.2201351523399353 0.5229644775390625 0.4884752631187439
v -0.21607154607772827 0.5303753614425659 0.49041512608528137
v -0.2117430865764618 0.5275715589523315 0.49190935492515564
v -0.2157738208770752 0.5195114612579346 0.4895789623260498
v -0.21252188086509705 0.5184268951416016 0.49466660618782043
v -0.2090364694595337 0.5267466306686401 0.4970049560070038
v -0.2187240719795227 0.548831582069397 0.5071315765380859
v -0.2235257923603058 0.53867107629776 0.5039081573486328
v -0.22105371952056885 0.5356557965278625 0.5103574991226196
v -0.21543383598327637 0.5465015769004822 0.512776792049408
v -0.2766478359699249 0.481753408908844 0.5142018795013428
v -0.282344251871109 0.4944383502006531 0.5083039999008179
v -0.28521928191185 0.48191022872924805 0.5110465288162231
v -0.26662594079971313 0.5198015570640564 0.5080344676971436
v -0.2765011787414551 0.5184958577156067 0.5019246339797974
v -0.27948978543281555 0.5068701505661011 0.5058398246765137
v -0.290220707654953 0.49376624822616577 0.5046093463897705
v -0.2333095669746399 0.5307520627975464 0.5016370415687561
v -0.23513412475585938 0.5296291708946228 0.5070433616638184
v -0.22753316164016724 0.5276731252670288 0.5071190595626831
v -0.2742503583431244 0.4897966980934143 0.4816208481788635
v -0.20382434129714966 0.5386397242546082 0.49970391392707825
v -0.2541201412677765 0.4452926814556122 0.5174479484558105
v -0.24987375736236572 0.4517776370048523 0.5156210660934448
v -0.26108303666114807 0.45905017852783203 0.521278977394104
v -0.26409971714019775 0.45103347301483154 0.5222904086112976
v -0.21047672629356384 0.5423274636268616 0.4932638704776764
v -0.20607998967170715 0.5398306846618652 0.4947325587272644
v -0.2703164219856262 0.5298510193824768 0.48511528968811035
v -0.2741774618625641 0.5329689383506775 0.4882374405860901
v -0.2705487906932831 0.5368909239768982 0.4908278286457062
v -0.2668483257293701 0.5354018807411194 0.48849472403526306
v -0.29290685057640076 0.4817321002483368 0.50699782371521
v -0.2877981960773468 0.5227182507514954 0.5002612471580505
v -0.2941299080848694 0.5230270624160767 0.49229544401168823
v -0.28837892413139343 0.47097861766815186 0.5130705833435059
v -0.2821753919124603 0.462146133184433 0.5182018280029297
v -0.27968621253967285 0.4704234004020691 0.5166769027709961
v -0.2541729807853699 0.5233237147331238 0.5085824728012085
v -0.26860639452934265 0.48207420110702515 0.5162512063980103
v -0.27182263135910034 0.4704006016254425 0.5186777114868164
v -0.2733001410961151 0.46085530519485474 0.5208418965339661
v -0.2756177484989166 0.454168438911438 0.5222477316856384
v -0.28542885184288025 0.4562995433807373 0.5189969539642334
v -0.21007370948791504 0.54307621717453 0.5135523080825806
v -0.21209940314292908 0.5530603528022766 0.5135587453842163
v -0.29469993710517883 0.4429553747177124 0.5228590369224548
v -0.28932011127471924 0.44980987906455994 0.5204349160194397
v -0.28417521715164185 0.44007015228271484 0.5259578227996826
v -0.2792009115219116 0.4476759731769562 0.523868203163147
v -0.25403720140457153 0.46800005435943604 0.5192553997039795
v -0.26300469040870667 0.4695853888988495 0.5199176669120789
v -0.2500724792480469 0.4808938503265381 0.517296552658081
v -0.26012924313545227 0.48195260763168335 0.5177900791168213
v -0.24531850218772888 0.5208869576454163 0.5129795074462891
v -0.20819896459579468 0.5680112242698669 0.5102225542068481
v -0.20927739143371582 0.5682648420333862 0.5055862665176392
v -0.21287494897842407 0.5606651306152344 0.504021167755127
v -0.21198582649230957 0.5607573986053467 0.5095332860946655
v -0.21523118019104004 0.5550209283828735 0.5086706876754761
v -0.20904922485351562 0.55865079164505 0.5135751962661743
v -0.23843544721603394 0.47882044315338135 0.51335608959198
v -0.234214186668396 0.5309290289878845 0.49162542819976807
v -0.24158114194869995 0.4629385471343994 0.5122465491294861
v -0.22668859362602234 0.4674779176712036 0.505746603012085
v -0.2256757616996765 0.47871512174606323 0.5072254538536072
v -0.23347067832946777 0.4509774446487427 0.5055556297302246
v -0.2426845133304596 0.44386976957321167 0.50846266746521
v -0.25262635946273804 0.4340531826019287 0.5110414624214172
v -0.24889039993286133 0.43860602378845215 0.5098229646682739
v -0.2572951316833496 0.4270094037055969 0.5138424038887024
v -0.2217806875705719 0.4576287865638733 0.5011950731277466
v -0.20430472493171692 0.5624985098838806 0.4973548948764801
v -0.19959235191345215 0.5596170425415039 0.4976728558540344
v -0.2574809193611145 0.43940290808677673 0.5189594030380249
v -0.26280340552330017 0.43202751874923706 0.5219720602035522
v -0.22626474499702454 0.47159597277641296 0.472140908241272
v -0.2708171010017395 0.47871023416519165 0.48209136724472046
v -0.27602046728134155 0.4788430333137512 0.47920870780944824
v -0.2845694422721863 0.47825056314468384 0.47595465183258057
v -0.2960595488548279 0.4780605733394623 0.4773183763027191
v -0.27291935682296753 0.4368290305137634 0.5267998576164246
v -0.28961125016212463 0.41509395837783813 0.48763129115104675
v -0.29842904210090637 0.41887038946151733 0.48680782318115234
v -0.29187917709350586 0.4307302236557007 0.528995931148529
v -0.19659608602523804 0.5581745505332947 0.5010354518890381
v -0.2524130046367645 0.5380566716194153 0.49735963344573975
v -0.25012946128845215 0.5388123989105225 0.49702873826026917
v -0.21300280094146729 0.45691537857055664 0.47331053018569946
v -0.2050398290157318 0.4630245566368103 0.47316786646842957
v -0.20047897100448608 0.4652056396007538 0.48687320947647095
v -0.2083515226840973 0.45765018463134766 0.4897681474685669
v -0.20963773131370544 0.45440348982810974 0.48084068298339844
v -0.20212116837501526 0.4621264338493347 0.47940322756767273
v -0.27408793568611145 0.46797293424606323 0.4785841405391693
v -0.2786337733268738 0.4690684378147125 0.4770575761795044
v -0.30032584071159363 0.48093146085739136 0.4988560080528259
v -0.30278366804122925 0.48015132546424866 0.4872296452522278
v -0.21168318390846252 0.5186556577682495 0.5013036727905273
v -0.21478673815727234 0.5201579332351685 0.5075942277908325
v -0.21743181347846985 0.5125604271888733 0.5073544979095459
v -0.21588915586471558 0.5317258238792419 0.5122102499008179
v -0.22768396139144897 0.532366931438446 0.5003762245178223
v -0.23179545998573303 0.5323502421379089 0.49734488129615784
v -0.2589130699634552 0.4668622612953186 0.47782260179519653
v -0.2594040036201477 0.452086865901947 0.4731138050556183
v -0.2124970555305481 0.479891300201416 0.4800381064414978
v -0.2187773883342743 0.4790191054344177 0.47886922955513
v -0.2496359944343567 0.5165345072746277 0.48585328459739685
v -0.24749115109443665 0.5335416197776794 0.5091550350189209
v -0.24117618799209595 0.5303131937980652 0.5123103857040405
v -0.24588125944137573 0.5245774388313293 0.48692336678504944
v -0.19558337330818176 0.5586279630661011 0.5056360960006714
v -0.19694632291793823 0.5600735545158386 0.5105326175689697
v -0.22101232409477234 0.5230690836906433 0.5113358497619629
v -0.2680875360965729 0.5195053815841675 0.4826189875602722
v -0.2494322657585144 0.5371590256690979 0.5036816596984863
v -0.25482040643692017 0.5318318605422974 0.5051787495613098
v -0.2937999665737152 0.521124005317688 0.4850691556930542
v -0.26733577251434326 0.44430145621299744 0.5240112543106079
v -0.21079927682876587 0.558387279510498 0.49878165125846863
v -0.20833098888397217 0.5658348202705383 0.5000022053718567
v -0.2056017816066742 0.5657903552055359 0.5131011009216309
v -0.201291024684906 0.5625340938568115 0.5134023427963257
v -0.30375218391418457 0.4699597656726837 0.48770126700401306
v -0.26694339513778687 0.4790944457054138 0.483681857585907
v -0.3066474497318268 0.42278480529785156 0.4881552457809448
v -0.21117538213729858 0.46342742443084717 0.49707311391830444
v -0.20240268111228943 0.4705822467803955 0.49270880222320557
v -0.2428421974182129 0.5320248603820801 0.4897649586200714
v -0.2797729969024658 0.5249157547950745 0.49930617213249207
v -0.25596919655799866 0.5362153053283691 0.5069085359573364
v -0.26312366127967834 0.5347140431404114 0.5081597566604614
v -0.2645556926727295 0.5281822085380554 0.507611870765686
v -0.2533110976219177 0.5389959216117859 0.502382755279541
v -0.19856709241867065 0.5690279603004456 0.5136202573776245
v -0.20284393429756165 0.5720139145851135 0.513190507888794
v -0.19415786862373352 0.5667445063591003 0.5107223987579346
v -0.19337931275367737 0.5648640990257263 0.5057650804519653
v -0.19485518336296082 0.5639636516571045 0.5015400648117065
v -0.20549440383911133 0.5739642977714539 0.5104235410690308
v -0.20667585730552673 0.573911190032959 0.5062210559844971
v -0.2061237394809723 0.5712630152702332 0.5009503960609436
v -0.20343491435050964 0.5791779160499573 0.5104215741157532
v -0.2002447545528412 0.5783410668373108 0.5131369233131409
v -0.18905621767044067 0.5790258646011353 0.5095431804656982
v -0.19033578038215637 0.5808789134025574 0.5118435621261597
v -0.19190797209739685 0.5776106715202332 0.512211799621582
v -0.1915367841720581 0.5739766955375671 0.5110909342765808
v -0.18798786401748657 0.5839340090751648 0.5089733004570007
v -0.1890239417552948 0.5853930711746216 0.5117717981338501
v -0.19344794750213623 0.5825346112251282 0.5137013792991638
v -0.19475138187408447 0.5782209038734436 0.5135171413421631
v -0.1920766532421112 0.5873655676841736 0.5138736963272095
v -0.19565778970718384 0.5887095332145691 0.513338565826416
v -0.19687694311141968 0.5840300917625427 0.5130327343940735
v -0.19739428162574768 0.5801039934158325 0.5132125020027161
v -0.19613882899284363 0.5747325420379639 0.5136464834213257
v -0.1881883144378662 0.588559091091156 0.5092038512229919
v -0.19113585352897644 0.5924411416053772 0.5104701519012451
v -0.19099482893943787 0.5913180708885193 0.5133779048919678
v -0.18853437900543213 0.5886832475662231 0.5117394924163818
v -0.19134336709976196 0.5708838701248169 0.5060916543006897
v -0.18954560160636902 0.5774615406990051 0.5058422088623047
v -0.18872582912445068 0.583200991153717 0.5056337714195251
v -0.18930622935295105 0.588211178779602 0.5060732364654541
v -0.19107955694198608 0.5776916146278381 0.5022698640823364
v -0.19052273035049438 0.583642303943634 0.5029973983764648
v -0.1912102997303009 0.5877805352210999 0.5037678480148315
v -0.19387659430503845 0.5790579915046692 0.49993428587913513
v -0.19292885065078735 0.5848210453987122 0.5016276836395264
v -0.19302284717559814 0.5697211027145386 0.5018798112869263
v -0.19604620337486267 0.5704250335693359 0.4990938901901245
v -0.19285786151885986 0.5874791145324707 0.5027977228164673
v -0.19235160946846008 0.5919055342674255 0.5075724720954895
v -0.19969773292541504 0.5844749808311462 0.5120514631271362
v -0.19808462262153625 0.5893964171409607 0.5116812586784363
v -0.20152094960212708 0.5847932696342468 0.509869396686554
v -0.19933485984802246 0.5895610451698303 0.5094870328903198
v -0.19441157579421997 0.5918647646903992 0.5134878754615784
v -0.19560343027114868 0.5927876234054565 0.511466383934021
v -0.19794586300849915 0.564757764339447 0.4984130561351776
v -0.20272088050842285 0.5676990151405334 0.4983719289302826
v -0.2006572186946869 0.5730088949203491 0.4989263415336609
v -0.19827517867088318 0.5813135504722595 0.49972251057624817
v -0.20396971702575684 0.5762438774108887 0.5017093420028687
v -0.2045775055885315 0.579129695892334 0.5065352320671082
v -0.2021886110305786 0.5847591757774353 0.5068347454071045
v -0.20158737897872925 0.5834658741950989 0.5026992559432983
v -0.1997409462928772 0.5891435742378235 0.5065761804580688
v -0.19893351197242737 0.5880783200263977 0.5037075281143188
v -0.196230947971344 0.5866002440452576 0.5017780065536499
v -0.19708621501922607 0.5912447571754456 0.5061312913894653
v -0.196628600358963 0.5923678874969482 0.508759617805481
v -0.19378051161766052 0.5905380845069885 0.5051103830337524
v -0.19496029615402222 0.589017927646637 0.5033851861953735
v -0.19702884554862976 0.5898656249046326 0.5043421387672424
v -0.22735953330993652 0.5704449415206909 0.5000247955322266
v -0.22890529036521912 0.5628818869590759 0.49953654408454895
v -0.2334963083267212 0.5645965933799744 0.49863314628601074
v -0.2321605384349823 0.5724309682846069 0.4995660185813904
v -0.22435873746871948 0.5679931044578552 0.5129929184913635
v -0.2262287139892578 0.5612006783485413 0.5131771564483643
v -0.2249719798564911 0.5610620379447937 0.5076348185539246
v -0.22327780723571777 0.5681443810462952 0.507205605506897
v -0.22985029220581055 0.5696151852607727 0.5159082412719727
v -0.23177823424339294 0.5628537535667419 0.5162405967712402
v -0.22830969095230103 0.5530897378921509 0.512424111366272
v -0.23241227865219116 0.5398080348968506 0.5094010233879089
v -0.23161524534225464 0.5400992035865784 0.5032578110694885
v -0.2272450029850006 0.5531489253044128 0.506684422492981
v -0.24721196293830872 0.5464051365852356 0.4988364577293396
v -0.24467733502388 0.5438920855522156 0.4945821166038513
v -0.22634157538414001 0.5618237853050232 0.5028121471405029
v -0.2244652807712555 0.5691004991531372 0.5026479959487915
v -0.2432173192501068 0.5596609711647034 0.5021759271621704
v -0.24112331867218018 0.5683342814445496 0.5041627883911133
v -0.23804432153701782 0.5667589902877808 0.5003190040588379
v -0.24015489220619202 0.5579971671104431 0.4981149435043335
v -0.2395520806312561 0.5413269996643066 0.4931473135948181
v -0.23392686247825623 0.5399653911590576 0.49421927332878113
v -0.2316160798072815 0.5400132536888123 0.49830305576324463
v -0.24364948272705078 0.5599442720413208 0.5080248117446899
v -0.24711501598358154 0.5468670725822449 0.5056238770484924
v -0.24393215775489807 0.544497013092041 0.5113676190376282
v -0.24026957154273987 0.5580612421035767 0.5133664011955261
v -0.22812369465827942 0.5534589886665344 0.5014981031417847
v -0.23536601662635803 0.5555664896965027 0.4964887201786041
v -0.23059391975402832 0.5541066527366638 0.4976649582386017
v -0.23407578468322754 0.5548506379127502 0.5153937339782715
v -0.23798394203186035 0.5660781264305115 0.514028787612915
v -0.23561552166938782 0.5842141509056091 0.5112323760986328
v -0.2365036904811859 0.585303544998169 0.5067952275276184
v -0.23949646949768066 0.5758621096611023 0.5052962303161621
v -0.23891907930374146 0.5753386616706848 0.5102040767669678
v -0.24109145998954773 0.5682328343391418 0.5092701315879822
v -0.235650897026062 0.5727671980857849 0.5143313407897949
v -0.23014158010482788 0.5833559632301331 0.5006364583969116
v -0.22523266077041626 0.5809051990509033 0.5006831884384155
v -0.22214171290397644 0.5794649124145508 0.5028767585754395
v -0.23779770731925964 0.5413296222686768 0.5138680934906006
v -0.22112664580345154 0.5782861113548279 0.5069760084152222
v -0.2220449447631836 0.577674925327301 0.512628436088562
v -0.23677998781204224 0.5746172070503235 0.5012416243553162
v -0.23451733589172363 0.584800124168396 0.5024508237838745
v -0.23269733786582947 0.5817592740058899 0.5145813822746277
v -0.22738730907440186 0.5787330865859985 0.5158945322036743
v -0.22547072172164917 0.5869702696800232 0.5157420635223389
v -0.2305435836315155 0.5894445180892944 0.5146270394325256
v -0.22016480565071106 0.5858585834503174 0.5129387974739075
v -0.21945592761039734 0.5855761766433716 0.5075491070747375
v -0.22076499462127686 0.5859923958778381 0.5036795139312744
v -0.23308369517326355 0.5913556218147278 0.5119263529777527
v -0.2340884506702423 0.5919827818870544 0.5079814791679382
v -0.23267430067062378 0.5909349322319031 0.5035927295684814
v -0.23111742734909058 0.5982745289802551 0.5124104619026184
v -0.22841930389404297 0.5977680683135986 0.5150768756866455
v -0.2161981761455536 0.6061775088310242 0.5123828649520874
v -0.21747788786888123 0.6069610714912415 0.5153841972351074
v -0.2185998260974884 0.6019043326377869 0.5148857831954956
v -0.21675780415534973 0.6003288626670837 0.5126913785934448
v -0.21981826424598694 0.5983849167823792 0.5151787996292114
v -0.21861037611961365 0.5944492220878601 0.5137722492218018
v -0.2218119502067566 0.6044895052909851 0.5173084735870361
v -0.22295519709587097 0.5988480448722839 0.5160015821456909
v -0.22091054916381836 0.6087368130683899 0.5178130865097046
v -0.22453412413597107 0.6096108555793762 0.5168969631195068
v -0.22535714507102966 0.6037516593933105 0.515776515007019
v -0.22586634755134583 0.6000762581825256 0.5154725313186646
v -0.21667954325675964 0.6115687489509583 0.5132735371589661
v -0.2169657051563263 0.6109775304794312 0.5158626437187195
v -0.22391954064369202 0.5944671630859375 0.5160374641418457
v -0.2182217836380005 0.5920715928077698 0.5084760785102844
v -0.21675729751586914 0.5993936657905579 0.508787989616394
v -0.21647879481315613 0.6062911748886108 0.5092369318008423
v -0.21748068928718567 0.6116165518760681 0.510198712348938
v -0.21830502152442932 0.599473237991333 0.504977822303772
v -0.21790874004364014 0.6064170002937317 0.5063241124153137
v -0.21922051906585693 0.6108860373497009 0.5077643394470215
v -0.2216644585132599 0.6006007790565491 0.502557635307312
v -0.22089192271232605 0.6072941422462463 0.5046463012695312
v -0.2198127806186676 0.5917657017707825 0.5043115615844727
v -0.2231094241142273 0.5923474431037903 0.5019034743309021
v -0.22090870141983032 0.6102850437164307 0.5065187811851501
v -0.2206728756427765 0.6146490573883057 0.5120037794113159
v -0.21979108452796936 0.6150633096694946 0.5151660442352295
v -0.21958506107330322 0.6136950254440308 0.5184198617935181
v -0.22742441296577454 0.6041763424873352 0.5143551826477051
v -0.22591134905815125 0.6102123260498047 0.5147701501846313
v -0.229404479265213 0.6050595045089722 0.5128442049026489
v -0.22724312543869019 0.6107820868492126 0.5130724906921387
v -0.22346749901771545 0.6137074828147888 0.5176676511764526
v -0.22395750880241394 0.6145104765892029 0.5155794620513916
v -0.22406187653541565 0.5872195959091187 0.5015946626663208
v -0.2285798192024231 0.5890998244285583 0.501518964767456
v -0.22760799527168274 0.5941515564918518 0.5017861127853394
v -0.22629299759864807 0.6023492217063904 0.502791702747345
v -0.23153072595596313 0.5962060689926147 0.5042880773544312
v -0.23247000575065613 0.5980933904647827 0.5089044570922852
v -0.23039069771766663 0.6048062443733215 0.5099032521247864
v -0.22974583506584167 0.6037664413452148 0.5059294700622559
v -0.22780734300613403 0.6102340817451477 0.5106353759765625
v -0.2274286150932312 0.6093893647193909 0.5075795650482178
v -0.2247420847415924 0.60842365026474 0.5049726963043213
v -0.22526678442955017 0.6132051348686218 0.5105848908424377
v -0.22468355298042297 0.6144202351570129 0.5129925012588501
v -0.22199556231498718 0.6132546663284302 0.5093913078308105
v -0.22328677773475647 0.6114842295646667 0.5071712732315063
v -0.22557049989700317 0.6117430329322815 0.5085071325302124
v -0.2517353892326355 0.5683603882789612 0.4981383681297302
v -0.2526460289955139 0.56218022108078 0.49768516421318054
v -0.25694555044174194 0.5625000596046448 0.4951086938381195
v -0.2561890482902527 0.5688614249229431 0.49552714824676514
v -0.25232991576194763 0.567762553691864 0.5099327564239502
v -0.2529834806919098 0.5605558753013611 0.5102720260620117
v -0.2507213056087494 0.5613640546798706 0.5063623189926147
v -0.2501678168773651 0.5679497718811035 0.5065560340881348
v -0.2570369243621826 0.5683786869049072 0.5109975934028625
v -0.25841280817985535 0.5608923435211182 0.5112712979316711
v -0.2537875473499298 0.5533959269523621 0.5096274614334106
v -0.25534510612487793 0.5435374975204468 0.5079575777053833
v -0.2530079483985901 0.5449420809745789 0.5030629634857178
v -0.2512623965740204 0.5546587109565735 0.5052900314331055
v -0.2506631314754486 0.5619704127311707 0.5019225478172302
v -0.2498888075351715 0.5682363510131836 0.5024106502532959
v -0.26615697145462036 0.5562986731529236 0.49599507451057434
v -0.26499879360198975 0.5637941956520081 0.4979017972946167
v -0.261610746383667 0.5631858706474304 0.49542534351348877
v -0.2626427114009857 0.5555756688117981 0.4935990273952484
v -0.2598402798175812 0.5429986119270325 0.49067923426628113
v -0.25506290793418884 0.5436375737190247 0.4930666983127594
v -0.25315678119659424 0.5447565317153931 0.49757078289985657
v -0.2676735520362854 0.5563675761222839 0.5011255741119385
v -0.26917457580566406 0.5446720719337463 0.4984899163246155
v -0.2675565183162689 0.5440378189086914 0.5049644708633423
v -0.2654321789741516 0.5548768639564514 0.5070701837539673
v -0.251338928937912 0.5554428100585938 0.5003654956817627
v -0.25781935453414917 0.5552483797073364 0.49300891160964966
v -0.2533336877822876 0.555330216884613 0.49577513337135315
v -0.25969064235687256 0.5533188581466675 0.5104038119316101
v -0.2638084590435028 0.5622202754020691 0.5079238414764404
v -0.2625236213207245 0.5807186961174011 0.5055649876594543
v -0.2625960409641266 0.5810551047325134 0.5012751817703247
v -0.2644689977169037 0.570694088935852 0.4989605247974396
v -0.26502516865730286 0.5706128478050232 0.5038076043128967
v -0.2664296627044678 0.5636388063430786 0.5025174617767334
v -0.2620498836040497 0.569614827632904 0.5084583163261414
v -0.25507864356040955 0.5785384774208069 0.49682778120040894
v -0.25060588121414185 0.577614426612854 0.4984520375728607
v -0.2487996518611908 0.577366292476654 0.5025635957717896
v -0.2614870071411133 0.5431815981864929 0.5092390179634094
v -0.26789751648902893 0.5442972779273987 0.4931381046772003
v -0.24890437722206116 0.5773994326591492 0.5061548948287964
v -0.2506200969219208 0.5776084065437317 0.5095576047897339
v -0.26107242703437805 0.5697516202926636 0.4962099492549896
v -0.2599112093448639 0.5797472596168518 0.4978110194206238
v -0.25975731015205383 0.5795114040374756 0.509349524974823
v -0.25513333082199097 0.5780558586120605 0.5112680196762085
v -0.253766268491745 0.5851632952690125 0.5116335153579712
v -0.25863248109817505 0.586446225643158 0.5102251172065735
v -0.2491423487663269 0.5848358273506165 0.5099495649337769
v -0.24785590171813965 0.5843167304992676 0.5062331557273865
v -0.24804702401161194 0.5837242603302002 0.5027416348457336
v -0.2610264718532562 0.5874606966972351 0.5064523220062256
v -0.2609499394893646 0.5876107215881348 0.5027029514312744
v -0.25876080989837646 0.5856673717498779 0.4990859031677246
v -0.26025813817977905 0.5926961302757263 0.5067794919013977
v -0.2572666108608246 0.5928168892860413 0.5101757049560547
v -0.24573883414268494 0.6024263501167297 0.5093444585800171
v -0.24730291962623596 0.6030297875404358 0.5110965967178345
v -0.24812117218971252 0.5982959866523743 0.5103578567504883
v -0.24623611569404602 0.5974230766296387 0.5092532634735107
v -0.24901264905929565 0.5948055386543274 0.5107704401016235
v -0.24808162450790405 0.5915727019309998 0.5102430582046509
v -0.25150033831596375 0.5988759994506836 0.5122267007827759
v -0.2520245611667633 0.5945796370506287 0.5117477178573608
v -0.2509867250919342 0.6037971377372742 0.512793779373169
v -0.25483033061027527 0.6038182377815247 0.5111677646636963
v -0.2551734447479248 0.5988815426826477 0.5104886293411255
v -0.2551127076148987 0.5952510237693787 0.5109587907791138
v -0.24652943015098572 0.6069472432136536 0.509940505027771
v -0.24738994240760803 0.6064679622650146 0.5116921663284302
v -0.2527320683002472 0.5908133387565613 0.5115644931793213
v -0.2469775378704071 0.589801013469696 0.5065346956253052
v -0.24576148390769958 0.5963777899742126 0.506335973739624
v -0.24539023637771606 0.6019533276557922 0.5065342783927917
v -0.24669110774993896 0.6063538193702698 0.506827712059021
v -0.24652639031410217 0.595702588558197 0.5030239820480347
v -0.2464410662651062 0.6014638543128967 0.5036910772323608
v -0.24769321084022522 0.6051582098007202 0.5041835308074951
v -0.24855759739875793 0.5954307913780212 0.5002875328063965
v -0.2483675479888916 0.6013056635856628 0.5015794038772583
v -0.24753379821777344 0.5890108942985535 0.5028915405273438
v -0.24963751435279846 0.5883479118347168 0.4998253881931305
v -0.24891838431358337 0.6041340827941895 0.5027384757995605
v -0.2507404088973999 0.6088504791259766 0.5072371959686279
v -0.2503921389579773 0.6094486117362976 0.5106906890869141
v -0.2505110800266266 0.6080721020698547 0.513215184211731
v -0.25765272974967957 0.5986292362213135 0.509084939956665
v -0.25669077038764954 0.6038600206375122 0.5092384815216064
v -0.2590573728084564 0.5983074903488159 0.5065284967422485
v -0.25744518637657166 0.6037334203720093 0.5069087743759155
v -0.2538703978061676 0.6072208285331726 0.5119443535804749
v -0.25464963912963867 0.6078035831451416 0.5101842284202576
v -0.25006216764450073 0.5833845734596252 0.49954715371131897
v -0.2542397379875183 0.5840060114860535 0.4980795383453369
v -0.2534530460834503 0.5887829065322876 0.4985814690589905
v -0.25251179933547974 0.5961857438087463 0.499309241771698
v -0.2579258680343628 0.5901851654052734 0.49982166290283203
v -0.2600177526473999 0.5919715762138367 0.5031847953796387
v -0.2588006556034088 0.5977694392204285 0.5034925937652588
v -0.2566802203655243 0.5967569351196289 0.5006625056266785
v -0.2570345401763916 0.6031748056411743 0.5042105317115784
v -0.25531768798828125 0.6023735404014587 0.5018718242645264
v -0.25184181332588196 0.6018093228340149 0.5007845759391785
v -0.2547730803489685 0.6062176823616028 0.5047171711921692
v -0.25508034229278564 0.6073033213615417 0.507461667060852
v -0.25097236037254333 0.6069634556770325 0.5045040845870972
v -0.2513452172279358 0.6049466133117676 0.5025991201400757
v -0.25403594970703125 0.6049646735191345 0.5028640627861023
v -0.2644200026988983 0.5431326627731323 0.49114349484443665
v -0.28216639161109924 0.5560153126716614 0.4912808835506439
v -0.28151869773864746 0.5509012341499329 0.491000235080719
v -0.2848687171936035 0.5504748225212097 0.48882633447647095
v -0.2855401635169983 0.555522620677948 0.489045113325119
v -0.28491485118865967 0.5562739968299866 0.5021162629127502
v -0.28423333168029785 0.5504354238510132 0.5021630525588989
v -0.28082576394081116 0.5509394407272339 0.4991210401058197
v -0.28157660365104675 0.5567007064819336 0.4992048740386963
v -0.289993554353714 0.5557419657707214 0.5018177032470703
v -0.28962060809135437 0.5497495532035828 0.5018472075462341
v -0.28328004479408264 0.5436107516288757 0.5011752843856812
v -0.28147485852241516 0.5327665209770203 0.4999469816684723
v -0.27838441729545593 0.5349500775337219 0.496033638715744
v -0.2798747718334198 0.5443055033683777 0.49801236391067505
v -0.29210084676742554 0.5267892479896545 0.4855498671531677
v -0.29162415862083435 0.5338298678398132 0.4863695204257965
v -0.28761744499206543 0.5346959233283997 0.48484745621681213
v -0.2879461348056793 0.5268223881721497 0.48284730315208435
v -0.27997949719429016 0.551089882850647 0.494880348443985
v -0.28089356422424316 0.5565733313560486 0.4951033294200897
v -0.29201802611351013 0.5436510443687439 0.48843079805374146
v -0.29264816641807556 0.5497906804084778 0.48968032002449036
v -0.28880149126052856 0.5501934289932251 0.48834875226020813
v -0.28811028599739075 0.5444137454032898 0.4869577884674072
v -0.2828572690486908 0.5281593203544617 0.4827791750431061
v -0.283349871635437 0.5355753898620605 0.4850698411464691
v -0.2798745930194855 0.5357645153999329 0.4872245490550995
v -0.2779282033443451 0.5298357605934143 0.4842296838760376
v -0.2781621813774109 0.5360585451126099 0.4907699227333069
v -0.29423952102661133 0.542854368686676 0.49209049344062805
v -0.2938345670700073 0.5327779650688171 0.4899483323097229
v -0.2936881184577942 0.531413733959198 0.49525466561317444
v -0.2935323417186737 0.5425859093666077 0.49710679054260254
v -0.2792403995990753 0.5450083613395691 0.4936220943927765
v -0.2842421531677246 0.5448200702667236 0.4874418377876282
v -0.28078076243400574 0.5450155735015869 0.48969414830207825
v -0.2886781096458435 0.5426168441772461 0.5010941624641418
v -0.2938137650489807 0.5494639277458191 0.4980638921260834
v -0.2957839369773865 0.5621986985206604 0.4939723312854767
v -0.29413193464279175 0.5621074438095093 0.49084144830703735
v -0.2933832108974457 0.5552210807800293 0.49007755517959595
v -0.29549527168273926 0.5550984144210815 0.49372807145118713
v -0.2948774993419647 0.5494616031646729 0.49331575632095337
v -0.29436177015304565 0.5553235411643982 0.4983600974082947
v -0.28634709119796753 0.5620933771133423 0.4894289970397949
v -0.2829112112522125 0.562933623790741 0.4915178418159485
v -0.2816404402256012 0.5633997321128845 0.49510419368743896
v -0.2878465950489044 0.5310602784156799 0.5005399584770203
v -0.28224149346351624 0.5638846755027771 0.49882811307907104
v -0.285203754901886 0.5636780858039856 0.5015506148338318
v -0.2895351052284241 0.555331826210022 0.4885990023612976
v -0.2904355525970459 0.5620140433311462 0.48925650119781494
v -0.2946164011955261 0.5625350475311279 0.49819085001945496
v -0.29024386405944824 0.5628947615623474 0.5014694333076477
v -0.2903744876384735 0.5687057375907898 0.5016640424728394
v -0.2946775555610657 0.5684038996696472 0.4985385835170746
v -0.2853599786758423 0.5692475438117981 0.5014330148696899
v -0.282682865858078 0.5692410469055176 0.4987862706184387
v -0.2823456823825836 0.5681479573249817 0.4950421154499054
v -0.2957814931869507 0.5675968527793884 0.4940652549266815
v -0.29411739110946655 0.5671178698539734 0.4915194809436798
v -0.2908189296722412 0.5665766596794128 0.49027886986732483
v -0.29569584131240845 0.5728318095207214 0.49470892548561096
v -0.29431891441345215 0.5742455124855042 0.49892115592956543
v -0.2842995822429657 0.5834816694259644 0.4996868968009949
v -0.28598901629447937 0.5832877159118652 0.5011206865310669
v -0.286043256521225 0.580043375492096 0.5009691715240479
v -0.28410568833351135 0.5792852640151978 0.4999992251396179
v -0.2868483364582062 0.5767737627029419 0.5012496709823608
v -0.28535351157188416 0.5744656920433044 0.5010480880737305
v -0.28966179490089417 0.5796328186988831 0.501620888710022
v -0.28984007239341736 0.5761217474937439 0.5012816190719604
v -0.28977763652801514 0.5837303996086121 0.501936674118042
v -0.2932855188846588 0.583554744720459 0.49924135208129883
v -0.2934287488460541 0.5796672701835632 0.49941426515579224
v -0.2928628921508789 0.5766138434410095 0.49999332427978516
v -0.2856653034687042 0.5871393084526062 0.49965161085128784
v -0.28651872277259827 0.5863192677497864 0.5012478828430176
v -0.2900453507900238 0.5731472969055176 0.501506507396698
v -0.28293538093566895 0.573494017124176 0.4986421465873718
v -0.28275659680366516 0.5786910057067871 0.49817076325416565
v -0.28322097659111023 0.5840455889701843 0.49764949083328247
v -0.285540372133255 0.5874457955360413 0.4971415102481842
v -0.28287914395332336 0.5778001546859741 0.49541255831718445
v -0.28378981351852417 0.5829583406448364 0.49512311816215515
v -0.2858501672744751 0.5860064625740051 0.4949025809764862
v -0.28410786390304565 0.5763662457466125 0.4928891062736511
v -0.2849333882331848 0.5816314816474915 0.4931797385215759
v -0.2826257646083832 0.5722721219062805 0.49554443359375
v -0.2838570773601532 0.5707225203514099 0.49273693561553955
v -0.28600990772247314 0.5844340920448303 0.49358636140823364
v -0.28893980383872986 0.5880860686302185 0.4965935945510864
v -0.28941962122917175 0.5883963704109192 0.4991656541824341
v -0.28990015387535095 0.587234377861023 0.5016966462135315
v -0.29505595564842224 0.5791563987731934 0.49742934107780457
v -0.29443082213401794 0.5836455821990967 0.49708521366119385
v -0.2952845096588135 0.5779942870140076 0.494687557220459
v -0.2939675450325012 0.5834241509437561 0.4947727620601654
v -0.2926712930202484 0.5863978266716003 0.4998263716697693
v -0.2926706373691559 0.5869413018226624 0.4978479743003845
v -0.28371360898017883 0.5673436522483826 0.4919677972793579
v -0.2866150736808777 0.5667238235473633 0.4902231991291046
v -0.2869281470775604 0.5701736807823181 0.49061161279678345
v -0.2869110107421875 0.5756596922874451 0.4910346269607544
v -0.2909597158432007 0.570494532585144 0.49055320024490356
v -0.2940951883792877 0.5714185237884521 0.49204376339912415
v -0.29376018047332764 0.5770164132118225 0.4923112988471985
v -0.290803462266922 0.5760495066642761 0.49075740575790405
v -0.29249492287635803 0.5824432969093323 0.4928310513496399
v -0.2901201546192169 0.5815900564193726 0.4917382001876831
v -0.2871522605419159 0.5812094807624817 0.49185025691986084
v -0.290581077337265 0.5856528878211975 0.49384939670562744
v -0.29185718297958374 0.5866912007331848 0.4955497086048126
v -0.28831449151039124 0.5866763591766357 0.4945484399795532
v -0.2877069413661957 0.5846754908561707 0.4931463897228241
v -0.28949764370918274 0.5844083428382874 0.49285009503364563
v -0.2939402163028717 0.5268489122390747 0.48875802755355835
v -0.19761675596237183 0.4829111397266388 0.4894229471683502
v -0.20095109939575195 0.485765278339386 0.48667675256729126
v -0.2040156126022339 0.4845162630081177 0.4763532280921936
v -0.20254287123680115 0.4801149070262909 0.4712323546409607
v -0.19913509488105774 0.47470298409461975 0.46945181488990784
v -0.1955280900001526 0.471474826335907 0.47241103649139404
v -0.1926741600036621 0.4710976481437683 0.4777778387069702
v -0.2032744586467743 0.4867345094680786 0.4823981523513794
v -0.19396284222602844 0.47820886969566345 0.48963531851768494
v -0.1918877363204956 0.4732702076435089 0.48456400632858276
v -0.1840396225452423 0.4809165596961975 0.48235613107681274
v -0.18652930855751038 0.4850202798843384 0.48770105838775635
v -0.18454432487487793 0.4783146381378174 0.4754307270050049
v -0.1880219578742981 0.47780343890190125 0.47007060050964355
v -0.19291549921035767 0.4797792434692383 0.467548131942749
v -0.19094645977020264 0.4890124201774597 0.4880160093307495
v -0.19518092274665833 0.49126380681991577 0.4852909445762634
v -0.19819185137748718 0.49111106991767883 0.4801149368286133
v -0.1843453049659729 0.49495595693588257 0.4867395758628845
v -0.17774924635887146 0.49375903606414795 0.4857593774795532
v -0.16894838213920593 0.49394381046295166 0.46966278553009033
v -0.1672239899635315 0.4940158724784851 0.47374892234802246
v -0.17080366611480713 0.49110278487205505 0.4741959869861603
v -0.17271453142166138 0.49008098244667053 0.47032031416893005
v -0.1732557713985443 0.4895177483558655 0.4756467640399933
v -0.17665794491767883 0.4863741099834442 0.473591685295105
v -0.16966411471366882 0.4933375120162964 0.4800100326538086
v -0.1727519929409027 0.4918518662452698 0.4801173806190491
v -0.17081603407859802 0.4972507357597351 0.48445791006088257
v -0.17294976115226746 0.4944155216217041 0.48394736647605896
v -0.16578075289726257 0.4960201382637024 0.4795842468738556
v -0.16444867849349976 0.4968775510787964 0.4739246368408203
v -0.16331905126571655 0.4990493059158325 0.4781532883644104
v -0.16532865166664124 0.49819791316986084 0.471155047416687
v -0.17654407024383545 0.48883748054504395 0.4804650545120239
v -0.1813240349292755 0.4840608835220337 0.46834927797317505
v -0.17569729685783386 0.48985159397125244 0.466823935508728
v -0.17119690775871277 0.49504148960113525 0.4668107032775879
v -0.16799545288085938 0.5002123713493347 0.469176709651947
v -0.1799473762512207 0.49209749698638916 0.46470409631729126
v -0.17456936836242676 0.4975612163543701 0.46617549657821655
v -0.17144331336021423 0.5015846490859985 0.46904897689819336
v -0.1841314435005188 0.4953655004501343 0.46639108657836914
v -0.17752611637115479 0.4999706745147705 0.468108206987381
v -0.18728843331336975 0.4850127696990967 0.4654831886291504
v -0.19234615564346313 0.4883071780204773 0.4674326777458191
v -0.17385870218276978 0.5023882389068604 0.46981683373451233
v -0.16688290238380432 0.5042722225189209 0.4740265905857086
v -0.16355594992637634 0.5024901628494263 0.4757101535797119
v -0.1738925278186798 0.499576210975647 0.4857178330421448
v -0.16722211241722107 0.4995627999305725 0.48364657163619995
v -0.1697903573513031 0.5026952624320984 0.48411548137664795
v -0.17826324701309204 0.5009490251541138 0.4852227568626404
v -0.17293334007263184 0.5046035647392273 0.48266473412513733
v -0.16443821787834167 0.5012093186378479 0.48188650608062744
v -0.1658976674079895 0.504080593585968 0.4810853600502014
v -0.1973540186882019 0.48394519090652466 0.4692561626434326
v -0.19906485080718994 0.48835289478302 0.4739803671836853
v -0.1942429542541504 0.49231061339378357 0.4726907014846802
v -0.18614324927330017 0.4986475706100464 0.4719531834125519
v -0.1929892897605896 0.4956241250038147 0.47895997762680054
v -0.18930423259735107 0.4963226914405823 0.484497606754303
v -0.1819237470626831 0.5017349720001221 0.4825175404548645
v -0.18518200516700745 0.5012066960334778 0.4778146743774414
v -0.1758289337158203 0.5048977732658386 0.47995805740356445
v -0.17795634269714355 0.50408536195755 0.4765339493751526
v -0.17850393056869507 0.5023998022079468 0.47208067774772644
v -0.17211005091667175 0.5055978894233704 0.47698134183883667
v -0.16885271668434143 0.5057631731033325 0.4790153503417969
v -0.17057770490646362 0.5043832659721375 0.4730514883995056
v -0.17394322156906128 0.5038416385650635 0.4726710319519043
v -0.17438402771949768 0.5048579573631287 0.4755149781703949
v -0.2891995310783386 0.5203595161437988 0.4806492030620575
v -0.28279000520706177 0.5211007595062256 0.4801493287086487
v -0.28478357195854187 0.5129903554916382 0.47926560044288635
v -0.287461519241333 0.5037928223609924 0.4780693054199219
v -0.29572632908821106 0.49626195430755615 0.479534387588501
v -0.2806392312049866 0.5031574368476868 0.4794619679450989
v -0.27825939655303955 0.5124613046646118 0.4803808927536011
v -0.27542245388031006 0.5227199196815491 0.48180609941482544
v -0.2769995927810669 0.495175838470459 0.4805847108364105
v -0.018013138324022293 0.4362817406654358 0.4883706271648407
v -0.020472832024097443 0.4359276294708252 0.4915899932384491
v -0.020590610802173615 0.43084073066711426 0.49606651067733765
v -0.01893150806427002 0.4299147129058838 0.4935446083545685
v -0.016473911702632904 0.42926332354545593 0.49091845750808716
v -0.013124078512191772 0.42898625135421753 0.4887125492095947
v -0.008691065013408661 0.4356197714805603 0.48376742005348206
v -0.013935960829257965 0.4364384412765503 0.4854661226272583
v 0.0012483187019824982 0.4300995171070099 0.48433056473731995
v -0.0005576461553573608 0.4315522015094757 0.48458465933799744
v 0.00044119730591773987 0.4291967451572418 0.48446571826934814
v -0.005577750504016876 0.4289833903312683 0.4856277406215668
v -0.0018246099352836609 0.42929500341415405 0.48511970043182373
v -0.022609174251556396 0.43465209007263184 0.4970005750656128
v -0.02289532497525215 0.43387672305107117 0.4986766576766968
v -0.02178022637963295 0.4352458417415619 0.49446070194244385
v -0.009384214878082275 0.4289131462574005 0.48678332567214966
v -0.022530656307935715 0.43289077281951904 0.49913448095321655
v -0.02170754224061966 0.4318729639053345 0.4982026219367981
v -0.004028778523206711 0.43391427397727966 0.48374542593955994
v -0.016894377768039703 0.43153172731399536 0.4904697835445404
v -0.0135536789894104 0.43120986223220825 0.4879525303840637
v -0.00938928872346878 0.4334874749183655 0.4847581684589386
v -0.013967201113700867 0.43398043513298035 0.4867216646671295
v -0.005946610122919083 0.4308333694934845 0.4851042628288269
v -0.003378063440322876 0.4306079149246216 0.4849550127983093
v -0.01918809488415718 0.4318389594554901 0.4929930865764618
v -0.009646743535995483 0.4310687780380249 0.48596274852752686
v -0.01760159805417061 0.43412813544273376 0.4896533489227295
v -0.0029714256525039673 0.43149474263191223 0.48456090688705444
v -0.005330197513103485 0.43255341053009033 0.48420649766921997
v -0.02231360599398613 0.4334699809551239 0.4980058968067169
v -0.022176750004291534 0.43309900164604187 0.4981696605682373
v 0.0043039824813604355 0.20262585580348969 0.5187720060348511
v 0.0014995262026786804 0.1854320764541626 0.5099113583564758
v -0.019780591130256653 0.43398016691207886 0.49247798323631287
v -0.02149292081594467 0.4326346814632416 0.49713465571403503
v -0.020510636270046234 0.43225985765457153 0.49529463052749634
v -0.0209713876247406 0.4337846636772156 0.4948521852493286
v -0.021873515099287033 0.43363747000694275 0.49678918719291687
v -0.22138655185699463 0.24702608585357666 0.5874437093734741
v -0.22011694312095642 0.23236748576164246 0.5780996084213257
v -0.23954448103904724 0.2532100975513458 0.6375396847724915
v -0.24015283584594727 0.23742924630641937 0.6525155305862427
v -0.06657949090003967 -0.08408263325691223 0.4618082642555237
v -0.04584796726703644 -0.04719626158475876 0.6740960478782654
v -0.04608418047428131 -0.02843376062810421 0.6821155548095703
v 0.03330575302243233 -0.028764253482222557 0.6798492074012756
v 0.013790890574455261 -0.03365001454949379 0.6841719150543213
v -0.10992003977298737 -0.042649734765291214 0.5827174186706543
v -0.11189913749694824 -0.06128404662013054 0.5775530934333801
v -0.0907793641090393 -0.04791392385959625 0.5156679749488831
v -0.09028570353984833 -0.06801706552505493 0.5102866291999817
v -0.11146759986877441 -0.08199209719896317 0.5469533801078796
v -0.013743899762630463 -0.08113832771778107 0.6743024587631226
v -0.009385854005813599 -0.06009022518992424 0.6782176494598389
v -0.029699131846427917 -0.06346677243709564 0.6752609014511108
v -0.03432823717594147 -0.0833456888794899 0.6720466613769531
v 0.048037461936473846 -0.04824516549706459 0.6619949340820312
v 0.050969380885362625 -0.024997085332870483 0.6693820357322693
v -0.1083046942949295 -0.021854214370250702 0.6110949516296387
v -0.09962181746959686 -0.02013431303203106 0.6360199451446533
v -0.06864173710346222 -0.014764548279345036 0.6747423410415649
v -0.04885411262512207 -0.008582926355302334 0.6863957643508911
v -0.007282871752977371 0.007523081265389919 0.6958068013191223
v -0.028425633907318115 -0.000625185202807188 0.6927841901779175
v -0.08125995099544525 -0.026382798328995705 0.49953532218933105
v -0.06511808186769485 -0.005352449137717485 0.4877793788909912
v -0.11048784852027893 -0.02289542555809021 0.5853424668312073
v -0.030746079981327057 -0.023522429168224335 0.45394766330718994
v 0.03651249408721924 0.044292207807302475 0.6974413394927979
v 0.01254924014210701 0.040036916732788086 0.7017821669578552
v -0.08633540570735931 -0.018314916640520096 0.6577454209327698
v -0.022341538220643997 0.1435222029685974 0.48905935883522034
v -0.02602037787437439 0.12726105749607086 0.479352205991745
v -0.04177035391330719 0.1317249983549118 0.4854346513748169
v -0.0383952334523201 0.14762702584266663 0.496283620595932
v -0.05679456144571304 0.13480673730373383 0.4928290545940399
v -0.07064637541770935 0.13734576106071472 0.5012277364730835
v -0.08257564902305603 0.13893695175647736 0.5101131200790405
v -0.10834945738315582 0.13852828741073608 0.5368826389312744
v -0.10118542611598969 0.13950593769550323 0.5279717445373535
v -0.11854799091815948 0.13374198973178864 0.5544499158859253
v -0.1140979677438736 0.1372024118900299 0.545421838760376
v -0.12216496467590332 0.12369535863399506 0.5644474029541016
v -0.12383389472961426 0.1106686070561409 0.5769137740135193
v -0.12360289692878723 0.09734994173049927 0.5917180776596069
v -0.12040042877197266 0.11361884325742722 0.5966679453849792
v -0.12533611059188843 0.09401900321245193 0.5695011615753174
v -0.12392957508563995 0.10720419138669968 0.5572558641433716
v -0.12120524048805237 0.11618521064519882 0.5461752414703369
v -0.017856955528259277 0.08171591907739639 0.4635803997516632
v -0.02022653818130493 0.05723835527896881 0.4638000428676605
v 0.007594440132379532 0.2185562252998352 0.5269168615341187
v -0.38558703660964966 0.28410542011260986 0.5428224802017212
v -0.28125184774398804 0.38422536849975586 0.5303553938865662
v 0.03864307701587677 0.23599234223365784 0.6871371269226074
v 0.05609024688601494 0.23329664766788483 0.6783822178840637
v 0.07321938872337341 0.2212449610233307 0.6740233302116394
v 0.07297953218221664 0.23235374689102173 0.6719203591346741
v -0.03781235218048096 0.26590386033058167 0.6878318190574646
v -0.022166866809129715 0.2517787218093872 0.6992188096046448
v -0.0016044750809669495 0.24014917016029358 0.7037410736083984
v 0.018869083374738693 0.2316739857196808 0.6997201442718506
v -0.10721389949321747 -0.004679814912378788 0.5606394410133362
v 0.03782125562429428 0.20207324624061584 0.6975666880607605
v 0.017887992784380913 0.2204790860414505 0.7046579718589783
v -0.004578776657581329 0.22942139208316803 0.7103592157363892
v -0.028337664902210236 0.24075888097286224 0.7070200443267822
v -0.04975814372301102 0.25696834921836853 0.6960449814796448
v -0.0654110386967659 0.2588598132133484 0.6917840838432312
v -0.09033665060997009 0.24355876445770264 0.6961073875427246
v -0.10295575857162476 0.24526947736740112 0.6917965412139893
v -0.10398967564105988 0.2616907060146332 0.6818622350692749
v -0.1187959760427475 0.2630453109741211 0.6785697937011719
v -0.11755101382732391 0.24694132804870605 0.6883856058120728
v -0.20853672921657562 0.23426325619220734 0.6674813032150269
v -0.2225145399570465 0.22606110572814941 0.663567304611206
v -0.2308715283870697 0.21338531374931335 0.661123514175415
v -0.23465928435325623 0.19971537590026855 0.6578381657600403
v -0.23267441987991333 0.1869686245918274 0.6543216705322266
v -0.22439193725585938 0.17551636695861816 0.6514206528663635
v -0.21055495738983154 0.16744568943977356 0.6497732400894165
v -0.16295894980430603 0.1590333729982376 0.6518880724906921
v -0.1475214660167694 0.1570757031440735 0.6567567586898804
v -0.11342447996139526 0.13213670253753662 0.6767709255218506
v -0.10530228912830353 0.12315838038921356 0.6834920644760132
v -0.06634186208248138 0.07276279479265213 0.6996483206748962
v -0.07937891036272049 0.08858172595500946 0.6974270343780518
v -0.05446314811706543 0.05562426522374153 0.7005794048309326
v -0.03196723014116287 -0.1815963238477707 0.6753785014152527
v -0.02919226884841919 -0.16350381076335907 0.6700342893600464
v -0.05100257694721222 -0.1613389551639557 0.6674883365631104
v -0.053952425718307495 -0.17929604649543762 0.67103111743927
v 0.03939778357744217 -0.12329936772584915 0.6488487720489502
v 0.01860702410340309 -0.12391455471515656 0.6581427454948425
v -0.12309509515762329 -0.1575729101896286 0.6012828350067139
v -0.11031027138233185 -0.15753716230392456 0.627058744430542
v -0.09271243214607239 -0.15834404528141022 0.6463549733161926
v -0.07263240218162537 -0.15926524996757507 0.6594959497451782
v -0.12845176458358765 -0.15986673533916473 0.5737521648406982
v -0.07658293843269348 -0.18650466203689575 0.4581916630268097
v -0.09073339402675629 -0.18196476995944977 0.4777607321739197
v -0.025128208100795746 -0.19367615878582 0.4190528094768524
v -0.043050430715084076 -0.19224560260772705 0.42846885323524475
v -0.12624043226242065 -0.1648697853088379 0.5466603636741638
v -0.060494497418403625 -0.18984636664390564 0.4411166310310364
v -0.10416504740715027 -0.17673952877521515 0.498852014541626
v -0.11739560961723328 -0.17102102935314178 0.5218307375907898
v -0.02531789243221283 -0.14441701769828796 0.6674337387084961
v -0.0046694837510585785 -0.14494644105434418 0.66568523645401
v -0.001280173659324646 -0.12364251911640167 0.6638815999031067
v 0.04288285970687866 0.1119559109210968 0.705839991569519
v 0.020622704178094864 0.11436817795038223 0.7131292819976807
v -0.001973409205675125 0.11915665864944458 0.7188730239868164
v -0.02233957126736641 0.1424008309841156 0.7235793471336365
v -0.043585166335105896 0.14997538924217224 0.721513569355011
v -0.04608103632926941 0.13382938504219055 0.7195450067520142
v -0.024814423173666 0.125210702419281 0.7210817933082581
v -0.08013937622308731 0.16500228643417358 0.7060688734054565
v -0.09440383315086365 0.1713854819536209 0.6994161605834961
v -0.0957803875207901 0.1602638214826584 0.6965832710266113
v -0.0819343626499176 0.1529695689678192 0.7037826180458069
v -0.10859327018260956 0.16613100469112396 0.6909555196762085
v -0.12168477475643158 0.1697823703289032 0.6854172945022583
v -0.13366477191448212 0.1734081357717514 0.6783239841461182
v -0.14841628074645996 0.1771390736103058 0.6738819479942322
v -0.14720767736434937 0.19599774479866028 0.6849702596664429
v -0.13305515050888062 0.19425763189792633 0.6885417103767395
v -0.07907892763614655 0.17911255359649658 0.7079497575759888
v -0.06181355565786362 0.17282997071743011 0.7156980633735657
v 0.04239571839570999 0.1448637992143631 0.7032831907272339
v 0.060344062745571136 0.14173996448516846 0.6921745538711548
v -0.12160624563694 0.09077683091163635 0.6106853485107422
v -0.11989495158195496 0.08626121282577515 0.6306368112564087
v -0.11606951057910919 0.08515704423189163 0.6483115553855896
v -0.11053138971328735 0.08627739548683167 0.6631351709365845
v -0.1048288345336914 0.08937069028615952 0.6757795810699463
v -0.09747190773487091 0.09424763917922974 0.6864365339279175
v -0.08898571133613586 0.10136260837316513 0.6940467357635498
v -0.0971757173538208 0.11303816735744476 0.6891343593597412
v -0.08114853501319885 0.1093127578496933 0.7002772092819214
v -0.09160314500331879 0.1206599622964859 0.6948622465133667
v -0.07393987476825714 0.11888980865478516 0.7054558992385864
v -0.06878018379211426 0.1308716982603073 0.7099330425262451
v -0.06509726494550705 0.1440611481666565 0.7122057676315308
v -0.06258631497621536 0.1578189581632614 0.7145612835884094
v -0.022349409759044647 0.15926288068294525 0.7241897583007812
v -0.043152160942554474 0.16648726165294647 0.7227127552032471
v -0.0019036829471588135 0.17014367878437042 0.7202528715133667
v -0.003131680190563202 0.18593348562717438 0.7200369834899902
v -0.00014841556549072266 0.13650444149971008 0.7194868922233582
v -0.0011086761951446533 0.15371772646903992 0.7205674052238464
v -0.005099378526210785 0.2793022692203522 0.6724879741668701
v 0.013786375522613525 0.2701137065887451 0.6750826239585876
v -0.19836114346981049 0.1774916648864746 0.6591646075248718
v -0.21008561551570892 0.1774686723947525 0.6562857627868652
v -0.20147490501403809 0.17069317400455475 0.6542375087738037
v -0.1949089765548706 0.17256008088588715 0.6570872068405151
v -0.21559816598892212 0.18619802594184875 0.6588996052742004
v -0.20194897055625916 0.19377459585666656 0.6656008362770081
v -0.21675929427146912 0.19667206704616547 0.662073016166687
v -0.20122472941875458 0.18486063182353973 0.6621392369270325
v -0.21449199318885803 0.20787283778190613 0.6657732725143433
v -0.20106810331344604 0.20360718667507172 0.6695363521575928
v -0.20923982560634613 0.2175906002521515 0.669050395488739
v -0.19838127493858337 0.21238401532173157 0.6727400422096252
v -0.1956596076488495 0.2188994586467743 0.6747108697891235
v -0.20075981318950653 0.2248067706823349 0.6726317405700684
v -0.16011987626552582 0.2179282307624817 0.6864362359046936
v -0.17383889853954315 0.2188292145729065 0.6823335886001587
v -0.18672680854797363 0.2190351039171219 0.6783961057662964
v -0.16121183335781097 0.17788873612880707 0.6700476408004761
v -0.174961656332016 0.1804175227880478 0.6678685545921326
v -0.18796022236347198 0.18256163597106934 0.6650894284248352
v -0.18868687748908997 0.19129019975662231 0.669447660446167
v -0.17519015073776245 0.18867981433868408 0.6724399924278259
v -0.1615419089794159 0.1864437609910965 0.6756020784378052
v 0.04377713054418564 0.12925900518894196 0.705177903175354
v 0.022526849061250687 0.1326746791601181 0.7133464217185974
v -0.10772533714771271 0.1762993484735489 0.6939338445663452
v -0.1200207769870758 0.17992421984672546 0.6894042491912842
v -0.1330733597278595 0.18327978253364563 0.6844063997268677
v -0.14778922498226166 0.18580280244350433 0.6796698570251465
v -0.11963970959186554 0.19111604988574982 0.6926282048225403
v -0.10684706270694733 0.18813753128051758 0.6967912912368774
v -0.09363512694835663 0.18377096951007843 0.7016270756721497
v 0.02096104621887207 0.149434894323349 0.7128170132637024
v 0.06189039722084999 0.12620992958545685 0.6950260400772095
v -0.12331877648830414 0.25453564524650574 0.5918763875961304
v -0.12231029570102692 0.2728160619735718 0.6111170053482056
v -0.12355269491672516 0.2813892066478729 0.6365576982498169
v -0.1216578334569931 0.2764921486377716 0.661221444606781
v 0.06946960836648941 0.26778411865234375 0.6594799757003784
v -0.36368030309677124 0.19120068848133087 0.5558826923370361
v 0.07886222749948502 0.06982133537530899 0.6831088662147522
v 0.07989387214183807 0.09019988775253296 0.6858811378479004
v 0.06946760416030884 0.000478232279419899 0.6647138595581055
v 0.07341417670249939 0.02257148176431656 0.6735309362411499
v 0.022506270557641983 -0.09957859665155411 0.6605198979377747
v 0.04161446541547775 -0.09642734378576279 0.6509610414505005
v 0.04518498480319977 -0.07208709418773651 0.6555003523826599
v 0.06261776387691498 -0.14434723556041718 0.6433192491531372
v 0.06029468774795532 -0.12165766209363937 0.6365134716033936
v 0.06101863831281662 -0.06835485994815826 0.6425778865814209
v 0.06350608170032501 -0.04446360096335411 0.6487166285514832
v 0.057430218905210495 0.046448420733213425 0.6881939172744751
v 0.06302133202552795 0.10962563753128052 0.697544276714325
v 0.07925908267498016 0.1250748634338379 0.6867969036102295
v 0.07737736403942108 0.1398741751909256 0.6847208738327026
v 0.07593747973442078 0.15561392903327942 0.6832460165023804
v -0.09850664436817169 0.10709932446479797 0.4982796907424927
v -0.09575247764587402 0.12336371839046478 0.5079527497291565
v -0.08566276729106903 0.12310352921485901 0.4989393353462219
v -0.08846749365329742 0.1069289818406105 0.489462673664093
v -0.11323709785938263 0.10685966908931732 0.5177445411682129
v -0.11100739240646362 0.1224493682384491 0.5269622802734375
v -0.10420218110084534 0.12313094735145569 0.5173864364624023
v -0.10690493881702423 0.10712756961584091 0.5080288648605347
v -0.11663857102394104 0.12033559381961823 0.5363316535949707
v -0.11837971210479736 0.10507973283529282 0.5280104875564575
v -0.10030630230903625 0.08975623548030853 0.4910280406475067
v -0.10859188437461853 0.09021715819835663 0.5005915760993958
v -0.0902538076043129 0.08965622633695602 0.48281368613243103
v -0.11913622915744781 0.08966211974620819 0.5204307436943054
v -0.1145358681678772 0.0902232676744461 0.510520875453949
v 0.011787913739681244 0.3158913850784302 0.5092864036560059
v 0.007186323404312134 0.31802159547805786 0.4949934780597687
v 0.006566960364580154 0.3556232154369354 0.47118908166885376
v 0.007663356140255928 0.36046841740608215 0.4720422923564911
v 0.023440266028046608 0.30870264768600464 0.5240950584411621
v 0.0237714983522892 0.3013688325881958 0.5278064012527466
v 0.010661100968718529 0.3380107581615448 0.47745615243911743
v 0.010453252121806145 0.32464101910591125 0.48067906498908997
v 0.00863594003021717 0.3811357319355011 0.463591992855072
v 0.00916975550353527 0.3779977560043335 0.46571341156959534
v 0.008448688313364983 0.3668372929096222 0.4670053720474243
v 0.008765125647187233 0.3632885813713074 0.4690358340740204
v 0.023972198367118835 0.29204511642456055 0.531267523765564
v 0.022142019122838974 0.3132476806640625 0.5181263089179993
v 0.023829886689782143 0.27092304825782776 0.5368413925170898
v 0.024088051170110703 0.2606475055217743 0.5394166707992554
v 0.014153826981782913 0.2522013485431671 0.5434417724609375
v 0.012575965374708176 0.24149379134178162 0.5402955412864685
v -0.014311164617538452 0.10281199961900711 0.46831488609313965
v -0.0037280619144439697 0.15214556455612183 0.49298426508903503
v -0.007466480135917664 0.1387231945991516 0.4827520549297333
v -0.0006883256137371063 0.1685083508491516 0.5015682578086853
v 0.010081533342599869 0.2306642085313797 0.5338746309280396
v 0.02369052730500698 0.2816046476364136 0.5339964628219604
v 0.009066332131624222 0.35077086091041565 0.47227349877357483
v 0.010415812954306602 0.3456713855266571 0.47585976123809814
v 0.009081259369850159 0.3741559684276581 0.466571569442749
v 0.00877874530851841 0.370531290769577 0.4667830169200897
v 0.01858082413673401 0.20028424263000488 0.5129835605621338
v 0.016108373180031776 0.1828296035528183 0.5038833022117615
v -0.010871753096580505 0.12131007015705109 0.47476840019226074
v -0.001959439367055893 0.07770007848739624 0.46082833409309387
v -0.0020197220146656036 0.053916994482278824 0.4599453806877136
v 0.02078007347881794 0.21644920110702515 0.5215418934822083
v -0.0010769367218017578 0.03238014504313469 0.46128666400909424
v -0.09877312183380127 -0.3518804907798767 0.654866635799408
v -0.07530295103788376 -0.36866360902786255 0.665992021560669
v -0.06301940232515335 -0.3510746359825134 0.6761036515235901
v -0.08026868104934692 -0.33815616369247437 0.6686849594116211
v -0.09624102711677551 -0.2952618896961212 0.65632563829422
v -0.10047979652881622 -0.268215149641037 0.6533422470092773
v -0.10278639197349548 -0.2407204955816269 0.651689887046814
v -0.04081548750400543 -0.35823923349380493 0.6813346743583679
v -0.010706678032875061 -0.33871930837631226 0.691485583782196
v -0.01535920798778534 -0.36083436012268066 0.6816344261169434
v -0.08085927367210388 -0.2426028549671173 0.670653223991394
v -0.07886698096990585 -0.2679903507232666 0.6721466779708862
v -0.06930238008499146 -0.3297857940196991 0.6770687699317932
v -0.07270653545856476 -0.3154928982257843 0.6760995984077454
v -0.09093710780143738 -0.31908339262008667 0.6624760031700134
v -0.03570064902305603 -0.33809149265289307 0.689164400100708
v -0.055851660668849945 -0.33489495515823364 0.683214008808136
v 0.010724563151597977 -0.18451115489006042 0.6727322340011597
v 0.009857632219791412 -0.20379877090454102 0.6807059645652771
v 0.03622272238135338 -0.20379309356212616 0.6740014553070068
v -0.07597829401493073 -0.17632725834846497 0.6618476510047913
v -0.05629430711269379 -0.1981179565191269 0.6770928502082825
v 0.06952831149101257 -0.3438620865345001 0.6446101665496826
v -0.05420543998479843 -0.31668680906295776 0.6867027282714844
v -0.007731720805168152 -0.315957248210907 0.6971007585525513
v -0.033110395073890686 -0.3165859878063202 0.6941582560539246
v -0.011171072721481323 -0.24463655054569244 0.695634663105011
v -0.035191118717193604 -0.24429185688495636 0.6923470497131348
v -0.03273991495370865 -0.26866644620895386 0.6950130462646484
v -0.008742976933717728 -0.26807963848114014 0.6987482309341431
v -0.05798861384391785 -0.24435503780841827 0.6844289302825928
v -0.05793394148349762 -0.22029897570610046 0.6817129850387573
v -0.012758921831846237 -0.22276033461093903 0.6904870867729187
v -0.03566529601812363 -0.22140191495418549 0.6881808042526245
v -0.0343853235244751 -0.1999720185995102 0.682445764541626
v -0.055890411138534546 -0.26908889412879944 0.6858118176460266
v -0.006881788372993469 -0.2929157316684723 0.6999601721763611
v 0.02069861814379692 -0.29181376099586487 0.6974890232086182
v 0.04770227521657944 -0.28929856419563293 0.6874773502349854
v 0.07440580427646637 -0.29000723361968994 0.6754655241966248
v 0.07382486760616302 -0.2659403085708618 0.6765917539596558
v -0.012589290738105774 -0.20233017206192017 0.6835440397262573
v -0.007983226329088211 -0.16409456729888916 0.6690557599067688
v -0.011252135038375854 -0.18307135999202728 0.6757912635803223
v 0.0022857114672660828 -0.10090161859989166 0.6656222343444824
v -0.11304323375225067 -0.5664121508598328 0.4981881082057953
v 0.03338513523340225 -0.39101898670196533 0.5332687497138977
v 0.023353211581707 -0.39238160848617554 0.5111124515533447
v -0.15144440531730652 -0.3114391267299652 0.5496153831481934
v -0.1329541951417923 -0.33459576964378357 0.6202023029327393
v -0.11127665638923645 -0.3259810507297516 0.643518328666687
v -0.0032082349061965942 -0.388923704624176 0.47664517164230347
v -0.0263093039393425 -0.38012510538101196 0.4633708894252777
v -0.14288602769374847 -0.3150624930858612 0.5183467864990234
v -0.10630440711975098 -0.3448342978954315 0.47577351331710815
v 0.012468673288822174 -0.39209967851638794 0.49333101511001587
v -0.07644002139568329 -0.29329967498779297 0.6739686131477356
v -0.054943859577178955 -0.2943441867828369 0.6871954798698425
v -0.032135769724845886 -0.29386359453201294 0.6958128213882446
v 0.01975661888718605 -0.31469395756721497 0.6944996118545532
v 0.048190679401159286 -0.31076428294181824 0.6826770901679993
v 0.07386553287506104 -0.3101940155029297 0.6698504686355591
v -0.01958101987838745 -0.33185017108917236 0.4407550096511841
v -0.008695363998413086 -0.3244195878505707 0.43406805396080017
v -0.015986628830432892 -0.32233577966690063 0.4354848265647888
v 8.437409996986389e-05 -0.31125131249427795 0.4286881685256958
v 0.0012814700603485107 -0.3260761499404907 0.4332403540611267
v -0.007239285856485367 -0.3380061984062195 0.44023817777633667
v 0.003534700721502304 -0.33961015939712524 0.43970608711242676
v 0.007314577698707581 -0.35235700011253357 0.4484737515449524
v -0.0749647244811058 -0.2097296118736267 0.45723211765289307
v -0.09112519025802612 -0.20473092794418335 0.47611522674560547
v -0.02259446680545807 -0.21700385212898254 0.4200272560119629
v -0.0401705801486969 -0.21575382351875305 0.42872053384780884
v -0.1299760937690735 -0.18464908003807068 0.5452332496643066
v -0.0576786994934082 -0.21347157657146454 0.44102615118026733
v -0.1063804179430008 -0.19868174195289612 0.496774822473526
v -0.1211794912815094 -0.19157825410366058 0.5201159119606018
v 0.07082260400056839 -0.22207129001617432 0.6701562404632568
v 0.06798406690359116 -0.2015160322189331 0.6638593673706055
v -0.004820231348276138 -0.2183566838502884 0.41509172320365906
v 0.013804564252495766 0.31668218970298767 0.492486834526062
v 0.018638452515006065 0.31487786769866943 0.5069329738616943
v 0.01928556151688099 0.5016030073165894 0.4652182459831238
v 0.06304766237735748 0.32320380210876465 0.6305879354476929
v 0.012511933222413063 0.44414710998535156 0.45962345600128174
v 0.009455513209104538 0.3600381910800934 0.47156938910484314
v 0.007422482594847679 0.38275146484375 0.46040481328964233
v 0.024681013077497482 0.24999412894248962 0.5403746366500854
v 0.024085339158773422 0.23893041908740997 0.5371856689453125
v 0.03491535037755966 -0.38402965664863586 0.5277708172798157
v 0.022430945187807083 0.22846290469169617 0.5294935703277588
v 0.03804473206400871 -0.3850761950016022 0.5415828824043274
v 0.06660740077495575 -0.021830713376402855 0.6567208766937256
v 0.001116875559091568 -1.0065743923187256 0.6353824734687805
v 0.005473021417856216 -1.0031757354736328 0.6492933034896851
v 0.0051346831023693085 -1.0327436923980713 0.6488468647003174
v 0.0018486715853214264 -1.0345816612243652 0.6352160573005676
v -0.008445791900157928 -0.9976018071174622 0.6794289350509644
v 0.001661885529756546 -0.9993361234664917 0.6698310375213623
v -0.02175997942686081 -0.9985050559043884 0.6841810941696167
v -0.03559026122093201 -1.0012664794921875 0.6819741725921631
v -0.026035554707050323 -1.0306346416473389 0.6826350092887878
v -0.014088667929172516 -1.0287301540374756 0.6860945820808411
v -0.04544986039400101 -1.0038150548934937 0.6747387051582336
v -0.045899420976638794 -1.0346205234527588 0.6678228378295898
v -0.053676530718803406 -1.0063295364379883 0.6645416617393494
v -0.060030706226825714 -1.0099234580993652 0.6468985080718994
v -0.05183350294828415 -1.0364327430725098 0.6502461433410645
v -0.056956589221954346 -1.0149600505828857 0.6276118755340576
v -0.05050590634346008 -1.0400712490081787 0.6322119235992432
v -0.04559701681137085 -1.0170354843139648 0.6147838234901428
v -0.008535187691450119 -1.011037826538086 0.6228610873222351
v -0.0067003630101680756 -1.0376918315887451 0.6214497685432434
v -0.0024099349975585938 -1.028261423110962 0.6811373233795166
v 0.004930846393108368 -1.0300252437591553 0.6708341836929321
v 0.005791224539279938 -1.031707525253296 0.6593033671379089
v 0.005284179002046585 -1.0014264583587646 0.6601691246032715
v 0.006953492760658264 -1.0612306594848633 0.6467667818069458
v 0.006371103227138519 -1.0614347457885742 0.6305668950080872
v 0.0041190944612026215 -1.0583887100219727 0.6831448078155518
v 0.006417073309421539 -1.0599677562713623 0.6695536971092224
v -0.01754036918282509 -1.0593652725219727 0.6842517256736755
v -0.006461605429649353 -1.0580353736877441 0.6898508071899414
v -0.04251265525817871 -1.0619714260101318 0.6731127500534058
v -0.030311934649944305 -1.0606012344360352 0.6793986558914185
v -0.03663155436515808 -1.0325345993041992 0.6766500473022461
v -0.04772096127271652 -1.062352180480957 0.6555847525596619
v -0.04888969659805298 -1.063586711883545 0.634192705154419
v -0.004509378224611282 -1.0624074935913086 0.615320086479187
v 0.00650995597243309 -1.0609402656555176 0.6582949757575989
v -0.1371711790561676 -1.1431527137756348 0.5117844939231873
v -0.1353403925895691 -1.1385724544525146 0.5116345286369324
v -0.132306769490242 -1.1384482383728027 0.5082842707633972
v -0.13244973123073578 -1.143876075744629 0.5066560506820679
v -0.11356586217880249 -1.1444320678710938 0.4777107536792755
v -0.1121322512626648 -1.13340163230896 0.47547855973243713
v -0.10391274094581604 -1.1358320713043213 0.4721944034099579
v -0.10318291187286377 -1.1478831768035889 0.47223424911499023
v -0.12594056129455566 -1.1431856155395508 0.48963701725006104
v -0.1250646412372589 -1.1470637321472168 0.49293455481529236
v -0.12872007489204407 -1.1470415592193604 0.49663931131362915
v -0.13197612762451172 -1.1430912017822266 0.49523860216140747
v -0.13459131121635437 -1.142343282699585 0.549809992313385
v -0.1333666443824768 -1.147343397140503 0.5515650510787964
v -0.13567811250686646 -1.1471302509307861 0.5556743144989014
v -0.13712133467197418 -1.1431679725646973 0.5555213689804077
v -0.1355646550655365 -1.1440792083740234 0.5261986255645752
v -0.13408038020133972 -1.1488227844238281 0.5283572673797607
v -0.1363615244626999 -1.1482622623443604 0.5321184396743774
v -0.138676255941391 -1.144629716873169 0.5320944786071777
v -0.09795825183391571 -1.1314125061035156 0.4955761134624481
v -0.08490121364593506 -1.1305279731750488 0.489035964012146
v -0.0956391990184784 -1.1346802711486816 0.4785006046295166
v -0.10695907473564148 -1.1317481994628906 0.484597384929657
v -0.08863416314125061 -1.144052267074585 0.4770575761795044
v -0.07691197097301483 -1.1415777206420898 0.4886348247528076
v -0.08220060169696808 -1.1499674320220947 0.49355068802833557
v -0.09267452359199524 -1.1491036415100098 0.483157217502594
v -0.09490564465522766 -1.1495716571807861 0.4988696575164795
v -0.10335776209831238 -1.1488375663757324 0.4891800880432129
v -0.10307696461677551 -1.1421654224395752 0.5001292824745178
v -0.11376160383224487 -1.1408522129058838 0.49039632081985474
v -0.11911812424659729 -1.1395952701568604 0.5114594101905823
v -0.11500543355941772 -1.1320958137512207 0.5080227255821228
v -0.12495306134223938 -1.1346120834350586 0.4995743930339813
v -0.12975290417671204 -1.1412723064422607 0.5041337013244629
v -0.10758192837238312 -1.132875919342041 0.4996572434902191
v -0.11906622350215912 -1.1350812911987305 0.4933183491230011
v -0.1051674634218216 -1.1435303688049316 0.4974312484264374
v -0.10701978206634521 -1.1487350463867188 0.503496527671814
v -0.11806841194629669 -1.1477417945861816 0.49596261978149414
v -0.11603112518787384 -1.1425566673278809 0.489553302526474
v -0.11414167284965515 -1.1477572917938232 0.5102151036262512
v -0.1245092898607254 -1.1477315425872803 0.5028166770935059
v -0.12399451434612274 -1.132951259613037 0.5251191854476929
v -0.11760440468788147 -1.1338274478912354 0.5164794921875
v -0.12671838700771332 -1.1372487545013428 0.5111255645751953
v -0.13175806403160095 -1.1368377208709717 0.5168889760971069
v -0.1238606870174408 -1.145338773727417 0.507847011089325
v -0.11579737067222595 -1.1441576480865479 0.5141521692276001
v -0.11828310787677765 -1.148792028427124 0.5195608139038086
v -0.12678280472755432 -1.1486186981201172 0.5128028988838196
v -0.12456975877285004 -1.1476681232452393 0.5264701247215271
v -0.13240741193294525 -1.148536205291748 0.5180870294570923
v -0.12858673930168152 -1.1395988464355469 0.5283757448196411
v -0.1358453929424286 -1.1425161361694336 0.5198448896408081
v -0.13133081793785095 -1.140378713607788 0.5484194755554199
v -0.12820272147655487 -1.1335198879241943 0.5456310510635376
v -0.13470062613487244 -1.1373701095581055 0.5378021001815796
v -0.13673430681228638 -1.1436576843261719 0.5399899482727051
v -0.12470951676368713 -1.133829116821289 0.5379037857055664
v -0.13138428330421448 -1.1369428634643555 0.5324051380157471
v -0.12843051552772522 -1.1416230201721191 0.5282577276229858
v -0.12407881021499634 -1.1395535469055176 0.5342258810997009
v -0.12384092807769775 -1.1483910083770752 0.5381572842597961
v -0.12891513109207153 -1.1494941711425781 0.5311741828918457
v -0.12791350483894348 -1.1483879089355469 0.5461093783378601
v -0.1336701512336731 -1.1495437622070312 0.5376237034797668
v -0.12899886071681976 -1.1344692707061768 0.5672628283500671
v -0.13424687087535858 -1.1366217136383057 0.5604774951934814
v -0.13496313989162445 -1.1427562236785889 0.562504231929779
v -0.12849543988704681 -1.1419529914855957 0.5701133012771606
v -0.12693259119987488 -1.133439540863037 0.5594651699066162
v -0.13139504194259644 -1.1357934474945068 0.5545869469642639
v -0.12866929173469543 -1.1408345699310303 0.5516671538352966
v -0.12620799243450165 -1.139101266860962 0.5565670728683472
v -0.12462343275547028 -1.1482219696044922 0.5591039657592773
v -0.12840041518211365 -1.1486711502075195 0.554024875164032
v -0.12674053013324738 -1.1479191780090332 0.5663343071937561
v -0.1326379030942917 -1.1487767696380615 0.5603512525558472
v -0.09161901473999023 -1.1309351921081543 0.5089589357376099
v -0.0751170814037323 -1.1267778873443604 0.5008171796798706
v -0.10105949640274048 -1.1482172012329102 0.4771350622177124
v -0.06747773289680481 -1.1396431922912598 0.5010613799095154
v -0.10740828514099121 -1.1482641696929932 0.48067325353622437
v -0.09027311205863953 -1.149794340133667 0.510805606842041
v -0.07321947813034058 -1.149296522140503 0.5060507655143738
v -0.098102867603302 -1.1417768001556396 0.5036802291870117
v -0.12943679094314575 -1.1372451782226562 0.49451789259910583
v -0.10516548156738281 -1.1493048667907715 0.5246490836143494
v -0.11126238107681274 -1.1421477794647217 0.5178006291389465
v -0.12564986944198608 -1.1374046802520752 0.49078190326690674
v -0.10547736287117004 -1.1309754848480225 0.5217340588569641
v -0.11391159892082214 -1.1326279640197754 0.5397705435752869
v -0.1324448585510254 -1.1479578018188477 0.5095969438552856
v -0.13540548086166382 -1.1479511260986328 0.5126257538795471
v -0.11545836925506592 -1.1492571830749512 0.5417315363883972
v -0.12258537113666534 -1.1386678218841553 0.5358000993728638
v -0.13785414397716522 -1.1397461891174316 0.5322688221931458
v -0.12024036049842834 -1.149292230606079 0.5596412420272827
v -0.12615709006786346 -1.138925552368164 0.5564120411872864
v -0.13567835092544556 -1.1395022869110107 0.5289242267608643
v -0.1196766197681427 -1.1318318843841553 0.5591977834701538
v -0.13561207056045532 -1.1395049095153809 0.5552362203598022
v -0.1207854151725769 -1.1494340896606445 0.5746618509292603
v -0.12246337532997131 -1.141904354095459 0.5802205801010132
v -0.13456344604492188 -1.1386101245880127 0.5520120859146118
v -0.12215626239776611 -1.132786750793457 0.5753453373908997
v -0.0188266783952713 -1.0402312278747559 0.6129045486450195
v -0.019838064908981323 -1.0145537853240967 0.6141116619110107
v -0.0326414555311203 -1.0170869827270508 0.6116056442260742
v -0.03141418844461441 -1.0417695045471191 0.6119756698608398
v -0.0420851856470108 -1.0417203903198242 0.6177695989608765
v -0.019278015941381454 -1.062917709350586 0.6069421768188477
v -0.033229611814022064 -1.063469409942627 0.6082057952880859
v -0.04226371645927429 -1.0644750595092773 0.6174918413162231
v -0.04827679693698883 -1.0844926834106445 0.6622140407562256
v -0.04064861685037613 -1.0836093425750732 0.6792258620262146
v -0.02568952739238739 -1.082535982131958 0.6834040880203247
v -0.012812089174985886 -1.0819146633148193 0.6891114711761475
v -0.0005502626299858093 -1.0811781883239746 0.6945204138755798
v -0.006067190319299698 -1.084019660949707 0.6093326807022095
v -0.02300811931490898 -1.0815141201019287 0.5978260040283203
v -0.03846614807844162 -1.0806865692138672 0.5987501740455627
v -0.04808349907398224 -1.0821642875671387 0.6119168400764465
v -0.06102748215198517 -1.1217265129089355 0.5126599669456482
v -0.07680541276931763 -1.119948387145996 0.5222157835960388
v -0.06240272521972656 -1.1124544143676758 0.5368126034736633
v -0.04936739057302475 -1.12180757522583 0.5314420461654663
v -0.0890931636095047 -1.1233205795288086 0.5352587699890137
v -0.07557602226734161 -1.1135218143463135 0.550464391708374
v -0.0983753353357315 -1.126211404800415 0.5520166754722595
v -0.08486486226320267 -1.118330717086792 0.5664446353912354
v -0.10589002072811127 -1.1282305717468262 0.5699752569198608
v -0.09280991554260254 -1.123284101486206 0.582805871963501
v -0.11286914348602295 -1.131331443786621 0.5857597589492798
v -0.10081356763839722 -1.1295576095581055 0.5984042286872864
v -0.11690525710582733 -1.1413257122039795 0.5931735038757324
v -0.10649289190769196 -1.1403615474700928 0.607466459274292
v -0.05429883301258087 -1.1386635303497314 0.5137652158737183
v -0.04431306570768356 -1.1372816562652588 0.5338448286056519
v -0.060776323080062866 -1.1506006717681885 0.5212097764015198
v -0.05094254016876221 -1.1505060195922852 0.5401954054832458
v -0.0739704817533493 -1.151322841644287 0.5310863852500916
v -0.06249137222766876 -1.1514737606048584 0.5501055717468262
v -0.10281617939472198 -1.152104377746582 0.6031907796859741
v -0.11297331750392914 -1.151973009109497 0.5874946117401123
v -0.08675234019756317 -1.1514317989349365 0.5456880331039429
v -0.07466107606887817 -1.1513049602508545 0.5642333626747131
v -0.0974346250295639 -1.1526193618774414 0.5612395405769348
v -0.08535274863243103 -1.1529722213745117 0.5791254043579102
v -0.105806365609169 -1.1532940864562988 0.5755964517593384
v -0.0946226418018341 -1.1541383266448975 0.5925041437149048
v -0.046633750200271606 -1.1067798137664795 0.5565230846405029
v -0.06178026646375656 -1.102189540863037 0.5672690868377686
v -0.07073025405406952 -1.1078426837921143 0.5830413103103638
v -0.07885555922985077 -1.1153006553649902 0.599459171295166
v -0.08635719120502472 -1.1263000965118408 0.6148155927658081
v -0.09288391470909119 -1.1385183334350586 0.6244211196899414
v -0.06597131490707397 -1.1046040058135986 0.6230564713478088
v -0.07072712481021881 -1.1250379085540771 0.6345940828323364
v -0.07561249285936356 -1.1385564804077148 0.6408743262290955
v -0.05927734076976776 -1.138085126876831 0.6578732132911682
v -0.057091742753982544 -1.1240465641021729 0.6555322408676147
v -0.03116043657064438 -1.1243226528167725 0.6881178617477417
v -0.043205536901950836 -1.1235711574554443 0.6735879778862
v -0.045363374054431915 -1.1378438472747803 0.676215648651123
v -0.03250765800476074 -1.1402785778045654 0.691256046295166
v -0.05616436153650284 -1.105530023574829 0.6483269929885864
v -0.04427181929349899 -1.1046700477600098 0.6677932739257812
v -0.032289616763591766 -1.103459358215332 0.681003987789154
v -0.007750798016786575 -1.1410083770751953 0.7038516998291016
v -0.00830235704779625 -1.1235716342926025 0.7042619585990906
v -0.020500458776950836 -1.1244807243347168 0.6975096464157104
v -0.02111726999282837 -1.1412196159362793 0.6999766826629639
v 0.009717486798763275 -1.1422390937805176 0.6994881629943848
v 0.009491218253970146 -1.1241908073425293 0.7029544115066528
v 0.019847160205245018 -1.1256599426269531 0.6850229501724243
v 0.02030702866613865 -1.1426594257354736 0.6830650568008423
v -0.010365001857280731 -1.1019418239593506 0.696633517742157
v -0.02111911028623581 -1.1029527187347412 0.6895647644996643
v 0.004501987248659134 -1.1019246578216553 0.6986159086227417
v 0.014291834086179733 -1.1026520729064941 0.6842743754386902
v 0.01684352569282055 -1.125373125076294 0.6652773022651672
v 0.012321028858423233 -1.1033310890197754 0.6666191816329956
v 0.019067704677581787 -1.141911268234253 0.6635235548019409
v -0.03717055171728134 -1.1223080158233643 0.5543603301048279
v -0.03532665967941284 -1.135340690612793 0.558055579662323
v -0.059325844049453735 -1.094475269317627 0.599368155002594
v -0.048483215272426605 -1.0914373397827148 0.5841467380523682
v -0.0291789248585701 -1.098360300064087 0.5814586877822876
v -0.021531865000724792 -1.1204519271850586 0.5779580473899841
v -0.023851044476032257 -1.1353514194488525 0.5832415223121643
v -0.008311185985803604 -1.122016191482544 0.6008450984954834
v -0.012955587357282639 -1.1357536315917969 0.6052086353302002
v -0.041158854961395264 -1.1456432342529297 0.5642073750495911
v -0.03087262064218521 -1.1423935890197754 0.5896806716918945
v -0.01891489326953888 -1.1430144309997559 0.6106545329093933
v 0.0016386434435844421 -1.123406171798706 0.6204861402511597
v -0.001376952975988388 -1.137258768081665 0.6229522228240967
v 0.006936570629477501 -1.1236813068389893 0.6379533410072327
v 0.006857004016637802 -1.1386454105377197 0.6377735137939453
v 0.0133333969861269 -1.140169620513916 0.6499676704406738
v 0.011164994910359383 -1.124272108078003 0.6516507267951965
v 0.006768789142370224 -1.1038775444030762 0.6411106586456299
v 0.009489741176366806 -1.1033084392547607 0.6538851261138916
v 0.0016098208725452423 -1.104421854019165 0.6234208345413208
v -0.008219093084335327 -1.1029696464538574 0.6021713018417358
v -0.09008720517158508 -1.150848388671875 0.6214650869369507
v -0.07475249469280243 -1.1494925022125244 0.6392518281936646
v -0.05811411887407303 -1.148226261138916 0.6559313535690308
v -0.04257899522781372 -1.1497392654418945 0.6729269027709961
v -0.02872077375650406 -1.1520400047302246 0.6855498552322388
v -0.017964325845241547 -1.1526038646697998 0.692365288734436
v -0.006267733871936798 -1.1522400379180908 0.6955713033676147
v 0.007079217582941055 -1.151615858078003 0.6909455060958862
v 0.0150473453104496 -1.1516129970550537 0.679532527923584
v 0.013686519116163254 -1.1522164344787598 0.6640655994415283
v 0.008962137624621391 -1.1521034240722656 0.6519413590431213
v -0.006808824837207794 -1.146606206893921 0.6276615858078003
v 0.002560034394264221 -1.1502089500427246 0.6407593488693237
v 0.00583508238196373 -1.0844676494598389 0.6260160207748413
v 0.009548459202051163 -1.08375883102417 0.6435166597366333
v 0.009442877024412155 -1.0829277038574219 0.6556355357170105
v 0.008881965652108192 -1.0813658237457275 0.6831557750701904
v 0.00855300948023796 -1.0823864936828613 0.6675283908843994
v -0.051145538687705994 -1.1496994495391846 0.5737025737762451
v -0.06282990425825119 -1.1505730152130127 0.5868971943855286
v -0.07338379323482513 -1.1522407531738281 0.6005311012268066
v -0.08248753845691681 -1.1535038948059082 0.6123415231704712
v -0.06830545514822006 -1.1528048515319824 0.631870687007904
v -0.05961009860038757 -1.151965618133545 0.6219491958618164
v -0.04908786714076996 -1.1507391929626465 0.6097822785377502
v -0.0390763133764267 -1.1472103595733643 0.5979559421539307
v -0.05227573961019516 -1.1526851654052734 0.6488327383995056
v -0.04462646692991257 -1.1528222560882568 0.6398263573646545
v -0.03445176035165787 -1.1517562866210938 0.6294537782669067
v -0.026029229164123535 -1.1488690376281738 0.618436336517334
v -0.012873761355876923 -1.1525654792785645 0.6348416805267334
v -0.019865188747644424 -1.1541898250579834 0.645255982875824
v -0.029157571494579315 -1.1545827388763428 0.6546502709388733
v -0.03598298132419586 -1.153923749923706 0.664080023765564
v -0.022974126040935516 -1.154961109161377 0.6756991744041443
v -0.017011113464832306 -1.1551194190979004 0.6661787033081055
v -0.0089944526553154 -1.155118703842163 0.6570587158203125
v -0.0032102875411510468 -1.1543841361999512 0.6479842066764832
v -0.01431087777018547 -1.1551618576049805 0.682048499584198
v 0.002936761826276779 -1.1545357704162598 0.6839613914489746
v -0.005959693342447281 -1.1549041271209717 0.6852526068687439
v 0.008710406720638275 -1.1549923419952393 0.6770832538604736
v 0.006870012730360031 -1.1551916599273682 0.6667599678039551
v 0.0025328807532787323 -1.1550862789154053 0.6574158668518066
v 0.0009870268404483795 -1.1551787853240967 0.6707112789154053
v -0.0032594986259937286 -1.15523362159729 0.6645597219467163
v -0.009974781423807144 -1.1551239490509033 0.6730080842971802
v -0.00426633283495903 -1.1548993587493896 0.6773432493209839
v 0.003493914380669594 -1.1548864841461182 0.6758828163146973
v 0.0007496587932109833 -1.154747724533081 0.6791529059410095
v -0.051108211278915405 -1.0862314701080322 0.6350110769271851
v 0.06784850358963013 0.2815834581851959 0.6521377563476562
v 0.07370558381080627 0.20979124307632446 0.6759198904037476
v -0.0557563453912735 -0.7422122955322266 0.5363188982009888
v -0.07118355482816696 -0.7464775443077087 0.534947395324707
v -0.08660007268190384 -0.7455317378044128 0.5377591848373413
v -0.12483930587768555 -0.31754058599472046 0.49381154775619507
v -0.0794731006026268 -0.08488473296165466 0.4819623827934265
v -0.08092911541461945 -0.04673227295279503 0.4947146773338318
v -0.07989269495010376 -0.06630934774875641 0.4887511730194092
v -0.12960940599441528 -0.34275248646736145 0.49281737208366394
v -0.10682699084281921 -0.025062046945095062 0.5613612532615662
v 0.0720309168100357 -0.32720500230789185 0.6596627831459045
v 0.07519207894802094 0.1707286685705185 0.6814494132995605
v -0.09263776242733002 0.13977853953838348 0.5191186666488647
v 0.07198580354452133 -0.24370336532592773 0.674547016620636
v -0.026925034821033478 0.4359230399131775 0.5833061337471008
v -0.024047687649726868 0.43487751483917236 0.5844528079032898
v -0.023249022662639618 0.43148136138916016 0.5858985781669617
v -0.020393207669258118 0.43126004934310913 0.5898926258087158
v -0.01850549876689911 0.43043577671051025 0.5929539203643799
v -0.018169119954109192 0.43003299832344055 0.5952117443084717
v -0.02351965755224228 0.4325697422027588 0.5885571241378784
v -0.021058224141597748 0.4358559548854828 0.5900542140007019
v -0.023588374257087708 0.434635728597641 0.5873370170593262
v -0.02474251016974449 0.43392080068588257 0.5867377519607544
v 0.014009525999426842 0.16524209082126617 0.4960155189037323
v 0.0106137003749609 0.14950336515903473 0.48691853880882263
v 0.0059113577008247375 0.1360790729522705 0.4773041009902954
v 0.003211602568626404 0.11807047575712204 0.4711078703403473
v 0.008685391396284103 0.3553067147731781 0.470411479473114
v -0.007250964641571045 -0.13400687277317047 0.4233010411262512
v -0.008063960820436478 -0.12154234945774078 0.42664942145347595
v 0.05918926000595093 -0.09338634461164474 0.6373112201690674
v -0.007133271545171738 -0.1741398125886917 0.4141049385070801
v -0.01008015125989914 -0.10615245997905731 0.42628243565559387
v 0.07605770975351334 0.047017429023981094 0.6791265606880188
v 0.00014738738536834717 0.0987447127699852 0.46574586629867554
v -0.006275922060012817 -0.19550634920597076 0.41347748041152954
v 0.08092892915010452 0.10893339663743973 0.6891181468963623
v -0.012374542653560638 -0.08499141037464142 0.4280833303928375
v -0.001275278627872467 -0.291718989610672 0.4257057309150696
v -0.008552275598049164 -0.02415793389081955 0.44605910778045654
v 0.0629928708076477 0.47171035408973694 0.4615773856639862
v 0.0773242861032486 0.4642481505870819 0.4685763418674469
v 0.06778088212013245 0.4538191258907318 0.4622454047203064
v 0.054146502166986465 0.4581620991230011 0.4575146734714508
v 0.06124178692698479 0.44469016790390015 0.45824921131134033
v 0.04943479597568512 0.4462713599205017 0.4549766182899475
v 0.08528650552034378 0.4543481767177582 0.47725725173950195
v 0.07690435647964478 0.4471609890460968 0.4696500301361084
v 0.08413152396678925 0.4115180969238281 0.47902464866638184
v 0.08276267349720001 0.4209713935852051 0.4783126711845398
v 0.09074736386537552 0.41881534457206726 0.48491084575653076
v 0.09124448895454407 0.40659099817276 0.4869675636291504
v 0.0826689600944519 0.385154128074646 0.483609139919281
v 0.08803711831569672 0.3772140443325043 0.4947478175163269
v 0.07903100550174713 0.3685505986213684 0.48746877908706665
v 0.07377408444881439 0.37734562158584595 0.47882768511772156
v 0.03648005425930023 0.3928985297679901 0.4668942391872406
v 0.040384650230407715 0.3987005949020386 0.46670985221862793
v 0.0457865372300148 0.39272233843803406 0.4659721851348877
v 0.04122419282793999 0.3860563635826111 0.46677255630493164
v 0.026502255350351334 0.40358054637908936 0.4637157618999481
v 0.020245132967829704 0.4068448543548584 0.45901110768318176
v 0.02277563326060772 0.4126802384853363 0.462641179561615
v 0.02910490892827511 0.40863171219825745 0.466097354888916
v 0.030987661331892014 0.3877961039543152 0.46873271465301514
v 0.03599434345960617 0.3808286488056183 0.4689795970916748
v 0.029048670083284378 0.39437514543533325 0.46509575843811035
v 0.031932711601257324 0.39880889654159546 0.4664806127548218
v 0.02155419811606407 0.38830533623695374 0.4569607973098755
v 0.017007313668727875 0.3886810541152954 0.45367854833602905
v 0.01807986944913864 0.39422717690467834 0.4525229334831238
v 0.023532142862677574 0.39321964979171753 0.4573236107826233
v 0.028173748403787613 0.38755011558532715 0.46471065282821655
v 0.023801764473319054 0.3845243453979492 0.4643065333366394
v 0.024078719317913055 0.3868836462497711 0.46082818508148193
v 0.02721758373081684 0.3906311094760895 0.46162858605384827
v 0.024305086582899094 0.39830851554870605 0.46084895730018616
v 0.018695393577218056 0.4007038474082947 0.45549988746643066
v 0.012492192909121513 0.40190625190734863 0.4506627321243286
v 0.0113904420286417 0.39361855387687683 0.44805896282196045
v 0.0522640161216259 0.3724614083766937 0.46979665756225586
v 0.046240486204624176 0.36904406547546387 0.4699634313583374
v 0.04125082492828369 0.37479251623153687 0.4688042998313904
v 0.046633727848529816 0.37918615341186523 0.4674503803253174
v 0.02575398050248623 0.38165172934532166 0.46746546030044556
v 0.026937687769532204 0.36550572514533997 0.4671792984008789
v 0.02049322985112667 0.3667430877685547 0.4656403064727783
v 0.020755501464009285 0.37087583541870117 0.4652894139289856
v 0.027843652293086052 0.3696034252643585 0.46672433614730835
v 0.05999300256371498 0.3581928312778473 0.4779195189476013
v 0.06109462305903435 0.35032057762145996 0.4826022982597351
v 0.05248219519853592 0.350480854511261 0.4783823490142822
v 0.05230719968676567 0.35693860054016113 0.4753763675689697
v 0.05021213740110397 0.34462904930114746 0.48110881447792053
v 0.05894125998020172 0.3423522412776947 0.4865387976169586
v 0.047526221722364426 0.3282071053981781 0.48918262124061584
v 0.039626918733119965 0.33404862880706787 0.4812847077846527
v 0.04566666856408119 0.3393262028694153 0.4820088744163513
v 0.05428797006607056 0.33519071340560913 0.4886009097099304
v 0.026002168655395508 0.3393777906894684 0.4768252968788147
v 0.03214660659432411 0.32947471737861633 0.4793683886528015
v 0.023925118148326874 0.3260270655155182 0.4780269265174866
v 0.01973395049571991 0.3381330668926239 0.4764750003814697
v 0.027234196662902832 0.359707772731781 0.47183361649513245
v 0.026791226118803024 0.36220380663871765 0.4690215587615967
v 0.031704168766736984 0.3612084686756134 0.470714807510376
v 0.03174653649330139 0.3593730032444 0.47283536195755005
v 0.036730825901031494 0.3589228689670563 0.47376924753189087
v 0.03636353090405464 0.35956910252571106 0.47297799587249756
v 0.03797910362482071 0.3602387309074402 0.4723159372806549
v 0.0386589914560318 0.3586997389793396 0.47362828254699707
v 0.034603603184223175 0.3591862618923187 0.4735156297683716
v 0.03557024151086807 0.3580628037452698 0.4740486443042755
v 0.032918017357587814 0.3572542667388916 0.4736340641975403
v 0.02870851382613182 0.35646432638168335 0.4722655117511749
v 0.013838639482855797 0.3550630509853363 0.46968328952789307
v 0.013617774471640587 0.3598622977733612 0.4705551862716675
v 0.016959233209490776 0.359783411026001 0.470679372549057
v 0.01790287345647812 0.3552500605583191 0.4696255326271057
v 0.035985156893730164 0.36173081398010254 0.4709630608558655
v 0.032465480268001556 0.3636172115802765 0.4691966772079468
v 0.03395192325115204 0.3668166995048523 0.46834617853164673
v 0.038147032260894775 0.363757461309433 0.4699822962284088
v 0.04155368730425835 0.3662703037261963 0.4697519540786743
v 0.044634945690631866 0.3618238568305969 0.471843421459198
v 0.04065800830721855 0.36085566878318787 0.47177019715309143
v 0.03767625615000725 0.3569403886795044 0.4746638834476471
v 0.04170307517051697 0.35807156562805176 0.4736984074115753
v 0.04103921353816986 0.3552233874797821 0.47546297311782837
v 0.03846222907304764 0.3524317443370819 0.47590237855911255
v 0.03501121699810028 0.3552090525627136 0.4744487702846527
v 0.030842335894703865 0.353527307510376 0.4731212556362152
v 0.034253112971782684 0.3497312366962433 0.4750863313674927
v 0.02845250628888607 0.3475339710712433 0.4741334617137909
v 0.02523704059422016 0.35182252526283264 0.47144952416419983
v 0.03668281063437462 0.37062203884124756 0.4683075547218323
v 0.04615752398967743 0.35733744502067566 0.47416865825653076
v 0.04981141537427902 0.3632138669490814 0.47246038913726807
v 0.04602162539958954 0.3527192175388336 0.47655558586120605
v 0.043433770537376404 0.3486473858356476 0.47791916131973267
v 0.032986171543598175 0.34161505103111267 0.47736138105392456
v 0.039108049124479294 0.3447972536087036 0.47783833742141724
v 0.038952022790908813 0.3220278024673462 0.4883357584476471
v 0.029421377927064896 0.3178967535495758 0.48854780197143555
v 0.057089913636446 0.437825471162796 0.45895546674728394
v 0.04760434478521347 0.43899983167648315 0.4583711624145508
v 0.05827762931585312 0.43065327405929565 0.46332788467407227
v 0.053814634680747986 0.4314892590045929 0.462323933839798
v 0.054661884903907776 0.4339144825935364 0.4611341059207916
v 0.06028240919113159 0.43281903862953186 0.4630401134490967
v 0.07541428506374359 0.423252135515213 0.47466206550598145
v 0.0768243819475174 0.4165104031562805 0.4752351939678192
v 0.07013487815856934 0.42125919461250305 0.47303906083106995
v 0.06935994327068329 0.4252091646194458 0.4716428518295288
v 0.06031782180070877 0.4133133888244629 0.4690755307674408
v 0.057721108198165894 0.4202573597431183 0.46754971146583557
v 0.061422474682331085 0.4210969805717468 0.4687134623527527
v 0.06536268442869186 0.41458582878112793 0.4705978035926819
v 0.053550124168395996 0.4198797345161438 0.46678152680397034
v 0.05497961491346359 0.4134567081928253 0.468287855386734
v 0.0497848242521286 0.41477832198143005 0.4679391086101532
v 0.04925382137298584 0.42037612199783325 0.4670087695121765
v 0.04748000204563141 0.4353008270263672 0.4620978832244873
v 0.04815666750073433 0.43236014246940613 0.46281421184539795
v 0.04237896949052811 0.43243178725242615 0.4655792713165283
v 0.04041001945734024 0.4357355833053589 0.46479687094688416
v 0.034397706389427185 0.42676717042922974 0.4733593761920929
v 0.03101162239909172 0.42661988735198975 0.47292062640190125
v 0.03134280815720558 0.43084946274757385 0.4717082381248474
v 0.03492838889360428 0.4290735721588135 0.4721754491329193
v 0.035499975085258484 0.4247502088546753 0.47265416383743286
v 0.033226318657398224 0.42321422696113586 0.47242850065231323
v 0.05759117752313614 0.49479377269744873 0.4641471207141876
v 0.07400282472372055 0.486116498708725 0.4684293270111084
v 0.04754198342561722 0.4769671559333801 0.45680350065231323
v 0.08647863566875458 0.4746251404285431 0.47662854194641113
v 0.0958186537027359 0.4608612656593323 0.48472779989242554
v 0.08262254297733307 0.35965031385421753 0.4953586757183075
v 0.07163110375404358 0.3531031906604767 0.48803573846817017
v 0.06924257427453995 0.36212605237960815 0.4819750189781189
v 0.08222606778144836 0.35004523396492004 0.502833366394043
v 0.07020194828510284 0.3435676395893097 0.4936923682689667
v 0.05696859955787659 0.326596736907959 0.5027118921279907
v 0.06560152769088745 0.3342251479625702 0.4985570013523102
v 0.09388495236635208 0.36031901836395264 0.5145211219787598
v 0.09250500053167343 0.35242292284965515 0.5232343673706055
v 0.07865820825099945 0.34037312865257263 0.5113457441329956
v 0.10147950053215027 0.3673219084739685 0.5326627492904663
v 0.10204732418060303 0.36473503708839417 0.5417400598526001
v 0.09014914184808731 0.34460997581481934 0.5356047749519348
v 0.06984318792819977 0.3091382682323456 0.5346300601959229
v 0.08542347699403763 0.31383177638053894 0.5425093173980713
v 0.08598926663398743 0.3006605803966522 0.5446637272834778
v 0.07083744555711746 0.29714328050613403 0.5351332426071167
v 0.09285144507884979 0.36875447630882263 0.5055557489395142
v 0.0953657478094101 0.431113600730896 0.49104249477386475
v 0.09836521744728088 0.4165272116661072 0.4950249493122101
v 0.08717823773622513 0.4305326044559479 0.4821162819862366
v 0.10856879502534866 0.4950748682022095 0.5029612183570862
v 0.11371687054634094 0.47620823979377747 0.5068949460983276
v 0.10507398098707199 0.46873754262924194 0.49465012550354004
v 0.09721119701862335 0.48546409606933594 0.48803654313087463
v 0.07932892441749573 0.5286604166030884 0.5004347562789917
v 0.09725109487771988 0.5137740969657898 0.5002825856208801
v 0.08523409813642502 0.5010692477226257 0.4814481735229492
v 0.06742547452449799 0.5138184428215027 0.4786267876625061
v 0.12215954065322876 0.4808054566383362 0.5210784077644348
v 0.11844336986541748 0.49933165311813354 0.5220060348510742
v 0.12793110311031342 0.4977291226387024 0.5426461696624756
v 0.12856100499629974 0.48100316524505615 0.536094605922699
v 0.10812695324420929 0.5192525386810303 0.5252394676208496
v 0.11912335455417633 0.518024206161499 0.5506469011306763
v 0.10643994063138962 0.3698712885379791 0.5515909194946289
v 0.10174864530563354 0.35030174255371094 0.5510709285736084
v 0.098173126578331 0.33350905776023865 0.5517873167991638
v 0.08558927476406097 0.32866203784942627 0.5397958755493164
v 0.10482201725244522 0.5337483882904053 0.5603072643280029
v 0.09211655706167221 0.5353993773460388 0.5298198461532593
v 0.1307627260684967 0.4606611132621765 0.5852649211883545
v 0.13105928897857666 0.45044249296188354 0.5713950991630554
v 0.13273431360721588 0.4637754261493683 0.5603760480880737
v 0.1334344744682312 0.47775453329086304 0.5752527713775635
v 0.1270340383052826 0.47215765714645386 0.602211594581604
v 0.12838822603225708 0.49190232157707214 0.5917357206344604
v 0.11561234295368195 0.40459489822387695 0.5946028828620911
v 0.11100052297115326 0.4101320505142212 0.6088854074478149
v 0.10450774431228638 0.3884773254394531 0.606130063533783
v 0.10895247757434845 0.38492363691329956 0.5926642417907715
v 0.07024087756872177 0.4407528042793274 0.4629543125629425
v 0.07584712654352188 0.43593207001686096 0.4696236252784729
v 0.0692533329129219 0.4324122965335846 0.46615976095199585
v 0.06429643929004669 0.4360407888889313 0.46191641688346863
v 0.09180891513824463 0.44245848059654236 0.48475125432014465
v 0.08295735716819763 0.4396127462387085 0.4768064320087433
v 0.10961408913135529 0.4547298550605774 0.5024304986000061
v 0.11646585166454315 0.46101903915405273 0.511711061000824
v 0.1286446750164032 0.46636754274368286 0.5344014167785645
v 0.1227908730506897 0.4652303159236908 0.5228458642959595
v 0.13087120652198792 0.4414353370666504 0.5611274242401123
v 0.1312565803527832 0.45040252804756165 0.5542816519737244
v 0.11086486279964447 0.3812071681022644 0.5645102262496948
v 0.10948298871517181 0.38278496265411377 0.5787603855133057
v 0.10312194377183914 0.3628113865852356 0.5787215828895569
v 0.10586293786764145 0.35844361782073975 0.56573486328125
v 0.0961635559797287 0.3707393407821655 0.6034013032913208
v 0.09849875420331955 0.3676856756210327 0.5915358662605286
v 0.10166271030902863 0.3232649266719818 0.5694676041603088
v 0.10020799934864044 0.32836613059043884 0.5842010378837585
v 0.10217348486185074 0.3137611448764801 0.5870658755302429
v 0.1011492908000946 0.3093707859516144 0.5723841786384583
v 0.09855315089225769 0.31551676988601685 0.6008611917495728
v 0.09591832756996155 0.3315143883228302 0.5973542332649231
v 0.09047460556030273 0.33359456062316895 0.6088186502456665
v 0.09157375991344452 0.3158116936683655 0.6118450164794922
v 0.043016210198402405 0.29279667139053345 0.5289885401725769
v 0.055691495537757874 0.29464083909988403 0.53066086769104
v 0.057112544775009155 0.2842942476272583 0.5319755673408508
v 0.0436149463057518 0.28318482637405396 0.5308039784431458
v 0.10372272878885269 0.2971625030040741 0.5756809711456299
v 0.10627683997154236 0.30199453234672546 0.5906882882118225
v 0.11741678416728973 0.40098199248313904 0.5800909399986267
v 0.12043735384941101 0.4004937410354614 0.56761234998703
v 0.10310112684965134 0.3031710386276245 0.6049086451530457
v 0.1003604456782341 0.3445487320423126 0.5815768837928772
v 0.09570524096488953 0.3487757742404938 0.5939412117004395
v 0.08953145146369934 0.3748798966407776 0.6124529242515564
v 0.09750093519687653 0.39418384432792664 0.6168479919433594
v 0.03502730652689934 0.403938353061676 0.46732696890830994
v 0.040303975343704224 0.4187266528606415 0.4695206582546234
v 0.036507852375507355 0.4207933843135834 0.47109538316726685
v 0.037690669298172 0.42368295788764954 0.4709320068359375
v 0.04097872972488403 0.4224170744419098 0.46919792890548706
v 0.025136495009064674 0.458535373210907 0.4540662169456482
v 0.03953820466995239 0.45968401432037354 0.4541754722595215
v 0.0364501066505909 0.44548752903938293 0.4538682997226715
v 0.023689672350883484 0.4424295127391815 0.4578300714492798
v 0.06633491814136505 0.3890841603279114 0.46993932127952576
v 0.059048883616924286 0.37863689661026 0.46976596117019653
v 0.05201631784439087 0.3859938979148865 0.4665354788303375
v 0.0558849461376667 0.39505475759506226 0.46669137477874756
v 0.06563220173120499 0.42625701427459717 0.4694887697696686
v 0.0640309602022171 0.4278360605239868 0.46731996536254883
v 0.06721595674753189 0.42837703227996826 0.4688102602958679
v 0.05679707229137421 0.36560186743736267 0.47359704971313477
v 0.06482499092817307 0.37032198905944824 0.4755997061729431
v 0.09817470610141754 0.40232595801353455 0.49865734577178955
v 0.07987067103385925 0.42944905161857605 0.47518908977508545
v 0.059422023594379425 0.5387539267539978 0.5028742551803589
v 0.04843440651893616 0.5215866565704346 0.47726380825042725
v 0.07211796939373016 0.5466231107711792 0.5350448489189148
v 0.08402924239635468 0.5454704165458679 0.5678443312644958
v 0.1188199520111084 0.5042858719825745 0.6054971814155579
v 0.10394426435232162 0.5148478150367737 0.6193525791168213
v 0.10508596897125244 0.4927879273891449 0.6338473558425903
v 0.11931169778108597 0.4815124273300171 0.6185147762298584
v 0.10391633957624435 0.4151409864425659 0.6216285824775696
v 0.08378386497497559 0.336173951625824 0.6172726154327393
v 0.08352833241224289 0.3175569772720337 0.6201475858688354
v 0.03808426856994629 0.4999261498451233 0.4632880389690399
v 0.03060176968574524 0.47865423560142517 0.4565414786338806
v 0.10077345371246338 0.4473375380039215 0.4935983419418335
v 0.0823858305811882 0.4026621878147125 0.4777878224849701
v 0.07672407478094101 0.3948845863342285 0.4745180308818817
v 0.07134786993265152 0.4053143262863159 0.47068893909454346
v 0.07570824772119522 0.41024941205978394 0.47360759973526
v 0.08858750015497208 0.395179808139801 0.48710599541664124
v 0.09468649327754974 0.3884466588497162 0.49992918968200684
v 0.10131950676441193 0.38265788555145264 0.5146021842956543
v 0.10229703783988953 0.3728397786617279 0.524144172668457
v 0.13158155977725983 0.49185359477996826 0.5623139142990112
v 0.1319330781698227 0.47621238231658936 0.5507060289382935
v 0.11410172283649445 0.5217556357383728 0.5863242149353027
v 0.1261039525270462 0.5083460807800293 0.5736173987388611
v 0.13142555952072144 0.4648275375366211 0.5468331575393677
v 0.09506180882453918 0.5341012477874756 0.5955613851547241
v 0.020942794159054756 0.3753138780593872 0.46547961235046387
v 0.019726872444152832 0.3796677887439728 0.4655449390411377
v 0.029430124908685684 0.3754657804965973 0.46749091148376465
v 0.019768597558140755 0.35072916746139526 0.4708818197250366
v 0.02249429188668728 0.34601500630378723 0.47387775778770447
v 0.017246730625629425 0.3454713225364685 0.47456780076026917
v 0.015026167035102844 0.3504221737384796 0.47108525037765503
v 0.034332871437072754 0.31618061661720276 0.5030493140220642
v 0.04533274471759796 0.32011544704437256 0.5029130578041077
v 0.04218495637178421 0.30202484130859375 0.5268377661705017
v 0.054490767419338226 0.30460357666015625 0.5291418433189392
v 0.018133793026208878 0.3874608278274536 0.45999592542648315
v 0.019244857132434845 0.3870333135128021 0.46197035908699036
v 0.017236003652215004 0.38755789399147034 0.4620856046676636
v 0.016563914716243744 0.38784804940223694 0.46009981632232666
v 0.03478914499282837 0.36047372221946716 0.47209182381629944
v 0.0153531264513731 0.36695989966392517 0.4654182493686676
v 0.01594127155840397 0.3633366823196411 0.4674929082393646
v 0.012728217989206314 0.3631553053855896 0.46790167689323425
v 0.012139994651079178 0.36666780710220337 0.46597525477409363
v 0.06979788839817047 0.32886093854904175 0.5202314257621765
v 0.06964316964149475 0.3206784725189209 0.530979335308075
v 0.0961679220199585 0.304803729057312 0.5583872199058533
v 0.0965893417596817 0.3185487985610962 0.5548549294471741
v 0.10345093905925751 0.3392852246761322 0.5669238567352295
v 0.0924646407365799 0.35189589858055115 0.6050187945365906
v 0.08594188094139099 0.355557918548584 0.6139473915100098
v 0.0777706429362297 0.35887667536735535 0.6211355924606323
v 0.08212041854858398 0.3780726492404938 0.6206842064857483
v 0.05174653232097626 0.31871750950813293 0.5162990093231201
v 0.053860895335674286 0.31361550092697144 0.5248854756355286
v 0.04134494066238403 0.3103806972503662 0.5226097106933594
v 0.03886445611715317 0.31473520398139954 0.5152042508125305
v 0.012170357629656792 0.38481268286705017 0.46087515354156494
v 0.013786008581519127 0.38400352001190186 0.4628806710243225
v 0.0116751529276371 0.38171929121017456 0.46325910091400146
v 0.01024327427148819 0.38345658779144287 0.4602181911468506
v 0.02065085805952549 0.3853493928909302 0.4635019302368164
v 0.01880718767642975 0.382602334022522 0.4649662673473358
v 0.01844671368598938 0.3847062587738037 0.464619904756546
v 0.02083471603691578 0.3862243592739105 0.461448073387146
v 0.01934242621064186 0.3872540295124054 0.45891106128692627
v 0.013122223317623138 0.38726896047592163 0.45606064796447754
v 0.010998887941241264 0.3868168294429779 0.4514753520488739
v 0.016552016139030457 0.387404203414917 0.45657527446746826
v 0.014489598572254181 0.38644081354141235 0.4613744020462036
v 0.01538192667067051 0.3855339586734772 0.4633168578147888
v 0.01792295090854168 0.38642165064811707 0.4639965891838074
v 0.019523287191987038 0.38640013337135315 0.4633253812789917
v 0.014195062220096588 0.3875885009765625 0.45794230699539185
v 0.016372336074709892 0.3876534402370453 0.45857682824134827
v 0.014003999531269073 0.40898534655570984 0.45458105206489563
v 0.031915776431560516 0.3010249733924866 0.5265507102012634
v 0.031644001603126526 0.3086463510990143 0.5231034755706787
v 0.03591329604387283 0.3591950237751007 0.4736109972000122
v 0.03801563382148743 0.43952494859695435 0.4608924686908722
v 0.0641997754573822 0.40320420265197754 0.46812760829925537
v 0.042958345264196396 0.40478357672691345 0.467375785112381
v 0.04426738619804382 0.4107828736305237 0.4681495428085327
v 0.05007217824459076 0.40770190954208374 0.4676383137702942
v 0.04881548136472702 0.40017610788345337 0.46677300333976746
v 0.030084507539868355 0.43699246644973755 0.4646173119544983
v 0.02599203959107399 0.43186619877815247 0.46857506036758423
v 0.0201326385140419 0.4326411187648773 0.4633581042289734
v 0.025838574394583702 0.42555442452430725 0.46997612714767456
v 0.029320480301976204 0.42054280638694763 0.4712495505809784
v 0.025679931044578552 0.41734805703163147 0.4668954014778137
v 0.019842738285660744 0.4235750138759613 0.46351149678230286
v 0.06414815783500671 0.4307486414909363 0.4657973349094391
v 0.06155231595039368 0.4293528199195862 0.4652644097805023
v 0.031616613268852234 0.4130237102508545 0.46853676438331604
v 0.03408612683415413 0.4169909954071045 0.47061479091644287
v 0.038913704454898834 0.41397419571876526 0.4693862497806549
v 0.0373324379324913 0.4089035391807556 0.4684765636920929
v 0.056561775505542755 0.40484726428985596 0.4675547480583191
v 0.07266773283481598 0.4286574125289917 0.47123008966445923
v 0.06877506524324417 0.4173176884651184 0.47246065735816956
v 0.11360743641853333 0.39405494928359985 0.5553657412528992
v 0.12015939503908157 0.4058077335357666 0.5578348636627197
v 0.10967184603214264 0.3834071755409241 0.5384549498558044
v 0.11037791520357132 0.3859996199607849 0.5418862700462341
v 0.10547575354576111 0.37932562828063965 0.5436485409736633
v 0.10593751817941666 0.3786209225654602 0.5381232500076294
v 0.12672418355941772 0.438687801361084 0.5423634052276611
v 0.12452663481235504 0.4379863142967224 0.5387241244316101
v 0.12493914365768433 0.44420018792152405 0.5363896489143372
v 0.1271008849143982 0.44476383924484253 0.5433353781700134
v 0.12274044007062912 0.4393226206302643 0.5317727327346802
v 0.12207649648189545 0.43597057461738586 0.5327519178390503
v 0.1212003231048584 0.4347304403781891 0.5296496748924255
v 0.12207748740911484 0.44194185733795166 0.5291914939880371
v 0.11825625598430634 0.43808481097221375 0.523159921169281
v 0.11757747083902359 0.4482313096523285 0.5173147320747375
v 0.1219656839966774 0.4524943232536316 0.5259009599685669
v 0.10462387651205063 0.4316839873790741 0.5045790672302246
v 0.11146075278520584 0.44166070222854614 0.5108670592308044
v 0.11306693404912949 0.43187540769577026 0.5201787352561951
v 0.10904540121555328 0.4231300950050354 0.5186072587966919
v 0.10684347152709961 0.3881843686103821 0.5266757011413574
v 0.10752640664577484 0.38026225566864014 0.5311732292175293
v 0.10867025703191757 0.3848333954811096 0.5493841171264648
v 0.12357421219348907 0.4518090486526489 0.6069533228874207
v 0.12694430351257324 0.44283467531204224 0.5910534858703613
v 0.12948176264762878 0.43452295660972595 0.5771287083625793
v 0.12802769243717194 0.4292467534542084 0.5654397010803223
v 0.11595229059457779 0.4610438048839569 0.6230481863021851
v 0.1076204925775528 0.4637269675731659 0.6386997103691101
v 0.1049346849322319 0.413920134305954 0.5070287585258484
v 0.10855895280838013 0.4103679358959198 0.5196808576583862
v 0.1227368414402008 0.4236323833465576 0.5934905409812927
v 0.11775901168584824 0.4310148060321808 0.6092920303344727
v 0.12401724606752396 0.4181530773639679 0.5796785950660706
v 0.12469251453876495 0.4159274101257324 0.5678261518478394
v 0.10966576635837555 0.44049233198165894 0.6243211627006531
v 0.09731397777795792 0.44035232067108154 0.6376205682754517
v 0.09325814247131348 0.4168224334716797 0.6319173574447632
v 0.11488768458366394 0.3916164040565491 0.5337650775909424
v 0.11500228941440582 0.38548144698143005 0.5340051651000977
v 0.11167313903570175 0.3839474618434906 0.5342116951942444
v 0.11128874123096466 0.3894548714160919 0.531528651714325
v 0.10769978165626526 0.3984088599681854 0.5227718949317932
v 0.10372045636177063 0.39858922362327576 0.5116033554077148
v 0.016511179506778717 0.4159590005874634 0.4583909809589386
v 0.01673426851630211 0.32477718591690063 0.4786348342895508
v 0.014867790043354034 0.33797910809516907 0.47649598121643066
v 0.015208728611469269 0.37500038743019104 0.4648554027080536
v 0.015373241156339645 0.37093251943588257 0.4649309813976288
v 0.012103324756026268 0.37038564682006836 0.46550723910331726
v 0.012061048299074173 0.37434110045433044 0.4653724431991577
v 0.034651584923267365 0.43421486020088196 0.4686517119407654
v 0.08896751701831818 0.39748844504356384 0.6260560154914856
v 0.07443215698003769 0.3399626314640045 0.623598575592041
v 0.07401744276285172 0.32035964727401733 0.6263381242752075
v 0.0963643342256546 0.3020450472831726 0.6166720390319824
v 0.08681178838014603 0.30243611335754395 0.6254473328590393
v 0.011845331639051437 0.37830039858818054 0.46488094329833984
v 0.014968909323215485 0.378827303647995 0.4647086560726166
v 0.014124460518360138 0.38736170530319214 0.45931553840637207
v 0.020812902599573135 0.3630348742008209 0.4677298963069916
v 0.015713514760136604 0.38406774401664734 0.46394234895706177
v 0.014909157529473305 0.3818221092224121 0.4643392562866211
v 0.009549906477332115 0.38109394907951355 0.46324867010116577
v 0.010231053456664085 0.3779557943344116 0.46511757373809814
v 0.04478941857814789 0.41668498516082764 0.46822112798690796
v 0.044968776404857635 0.4212650954723358 0.46781542897224426
v 0.011869518086314201 0.385995090007782 0.4580233097076416
v 0.009813884273171425 0.38466307520866394 0.4562443494796753
v 0.07267572730779648 0.28581011295318604 0.5368610620498657
v 0.08733078837394714 0.2890649735927582 0.5479186773300171
v 0.010549308732151985 0.3632315695285797 0.46842315793037415
v 0.010087300091981888 0.3665671944618225 0.4664701819419861
v 0.1129879504442215 0.41726186871528625 0.5274365544319153
v 0.11530119925737381 0.4248601198196411 0.527202844619751
v 0.11816084384918213 0.420894056558609 0.5326493978500366
v 0.11604171246290207 0.41432511806488037 0.5332682132720947
v 0.032592471688985825 0.2920408844947815 0.5294513702392578
v 0.09709393233060837 0.2926943004131317 0.561674952507019
v 0.07587851583957672 0.30438247323036194 0.63246750831604
v 0.06422750651836395 0.4225251376628876 0.4698241353034973
v 0.06566770374774933 0.4243476688861847 0.47031593322753906
v 0.03770913556218147 0.4314522445201874 0.4691961407661438
v 0.02308712527155876 0.3556722402572632 0.4703965187072754
v 0.021651603281497955 0.359741747379303 0.4708119332790375
v 0.02963409200310707 0.31284648180007935 0.5161532163619995
v 0.008387239649891853 0.3827810287475586 0.46002471446990967
v 0.12221154570579529 0.4300188720226288 0.5385516285896301
v 0.1216767430305481 0.4265221953392029 0.5388789176940918
v 0.12368930131196976 0.42490071058273315 0.5361316800117493
v 0.12362812459468842 0.42801815271377563 0.5348128080368042
v 0.12331646680831909 0.4307025969028473 0.5287948846817017
v 0.12483428418636322 0.4341312348842621 0.5292357206344604
v 0.12674278020858765 0.43088412284851074 0.5311449766159058
v 0.12515896558761597 0.4281442165374756 0.5317199230194092
v 0.11913397908210754 0.4311068654060364 0.5273038744926453
v 0.12079416215419769 0.42693525552749634 0.530430793762207
v 0.12754973769187927 0.43593743443489075 0.5296374559402466
v 0.12782810628414154 0.43336111307144165 0.5316181778907776
v 0.12319885194301605 0.4370000958442688 0.5348002314567566
v 0.1251160204410553 0.4374721646308899 0.5316048264503479
v 0.12772013247013092 0.44015708565711975 0.5348387956619263
v 0.13137122988700867 0.43756550550460815 0.5319704413414001
v 0.13227427005767822 0.441020667552948 0.539692223072052
v 0.13578924536705017 0.43747103214263916 0.5359877347946167
v 0.13491541147232056 0.43713173270225525 0.5448611974716187
v 0.1389618217945099 0.4346783459186554 0.5409566164016724
v 0.11125047504901886 0.39796921610832214 0.530238151550293
v 0.11295431852340698 0.4003186821937561 0.5365943908691406
v 0.1358206868171692 0.4311901330947876 0.5480879545211792
v 0.14020590484142303 0.429810494184494 0.5448170900344849
v 0.13511060178279877 0.4239444136619568 0.5507620573043823
v 0.14008815586566925 0.4231261909008026 0.5477419495582581
v 0.13390374183654785 0.4163679778575897 0.5526080131530762
v 0.13820019364356995 0.41580161452293396 0.5493893623352051
v 0.13164323568344116 0.40757718682289124 0.5524728894233704
v 0.135846346616745 0.4081900715827942 0.5489855408668518
v 0.1278686225414276 0.39775845408439636 0.5500577688217163
v 0.1320965439081192 0.40046602487564087 0.546694278717041
v 0.13503232598304749 0.432894766330719 0.5421432256698608
v 0.13265153765678406 0.4353930652141571 0.5385277271270752
v 0.12663961946964264 0.43499255180358887 0.5449079275131226
v 0.12983307242393494 0.43536436557769775 0.5343629121780396
v 0.12373995780944824 0.4221193790435791 0.5470571517944336
v 0.12262401729822159 0.41864296793937683 0.5458555817604065
v 0.12428908050060272 0.41882559657096863 0.5415598154067993
v 0.12246602773666382 0.42165014147758484 0.5440425872802734
v 0.1187339499592781 0.41325896978378296 0.5361692905426025
v 0.11885685473680496 0.4075460135936737 0.5368952751159668
v 0.11550512909889221 0.4070393145084381 0.5336794257164001
v 0.11684074252843857 0.40388184785842896 0.5385575294494629
v 0.11677432805299759 0.4085786044597626 0.5393760204315186
v 0.1171141117811203 0.4054896831512451 0.5399137735366821
v 0.11578339338302612 0.412529319524765 0.5392393469810486
v 0.1178944855928421 0.4038867652416229 0.54110187292099
v 0.11799610406160355 0.40211427211761475 0.5398679375648499
v 0.11727764457464218 0.40504297614097595 0.541916012763977
v 0.1166091337800026 0.4059384763240814 0.5413066744804382
v 0.11597883701324463 0.40769025683403015 0.5421090722084045
v 0.11679960787296295 0.41059672832489014 0.5436472296714783
v 0.11210446059703827 0.4074629545211792 0.5283448696136475
v 0.11687499284744263 0.4004957973957062 0.54892498254776
v 0.12174023687839508 0.40886953473091125 0.5496373772621155
v 0.12731310725212097 0.3946950435638428 0.5430094003677368
v 0.1233489066362381 0.38965967297554016 0.5453099012374878
v 0.11685849726200104 0.3835447132587433 0.5358589887619019
v 0.12030237913131714 0.38471317291259766 0.5400029420852661
v 0.12550149857997894 0.4300079047679901 0.5469973683357239
v 0.12593793869018555 0.42367953062057495 0.5495465397834778
v 0.11262744665145874 0.3930453062057495 0.5446967482566833
v 0.12453849613666534 0.416740745306015 0.5505191087722778
v 0.13021311163902283 0.4040537476539612 0.5457191467285156
v 0.12607422471046448 0.3999565541744232 0.5432708263397217
v 0.1336592584848404 0.40973591804504395 0.5469415187835693
v 0.11771389842033386 0.39844179153442383 0.5376940965652466
v 0.1221880093216896 0.39801570773124695 0.5401468276977539
v 0.12264693528413773 0.3923267424106598 0.5386468768119812
v 0.11897136270999908 0.39143458008766174 0.5354340076446533
v 0.1242946982383728 0.4037014842033386 0.5437282919883728
v 0.1283004879951477 0.4068317115306854 0.5440967679023743
v 0.12171658873558044 0.4061715006828308 0.5456002950668335
v 0.1255202740430832 0.4092666804790497 0.5461143255233765
v 0.11944490671157837 0.40427154302597046 0.5430704355239868
v 0.12058189511299133 0.40202265977859497 0.5418195128440857
v 0.11858420073986053 0.408094197511673 0.5468166470527649
v 0.12210185825824738 0.4127166271209717 0.5480689406394958
v 0.11764046549797058 0.4058360159397125 0.5437355637550354
v 0.12844641506671906 0.41251909732818604 0.5446077585220337
v 0.12598733603954315 0.4160251319408417 0.5465353727340698
v 0.12835121154785156 0.4187629818916321 0.542657732963562
v 0.13080602884292603 0.416199266910553 0.5426521897315979
v 0.13180172443389893 0.41075170040130615 0.5445635318756104
v 0.13424545526504517 0.4154793322086334 0.5444021224975586
v 0.135433167219162 0.4159237742424011 0.5476049184799194
v 0.1349204033613205 0.42118677496910095 0.5443756580352783
v 0.13599646091461182 0.42276909947395325 0.5470139980316162
v 0.1322442889213562 0.420387327671051 0.5425811409950256
v 0.13000451028347015 0.42099887132644653 0.5408627986907959
v 0.13620498776435852 0.42879799008369446 0.5449201464653015
v 0.13464102149009705 0.4263038635253906 0.5430893898010254
v 0.133329376578331 0.4302343428134918 0.5412542819976807
v 0.13246126472949982 0.4244284927845001 0.5415984392166138
v 0.13138669729232788 0.4275858700275421 0.5402605533599854
v 0.13071364164352417 0.423387736082077 0.5406180024147034
v 0.1296353042125702 0.42496123909950256 0.5394763946533203
v 0.1259061098098755 0.4328294098377228 0.5342763662338257
v 0.12443327903747559 0.4306069612503052 0.533856987953186
v 0.12840613722801208 0.43331608176231384 0.5361696481704712
v 0.127119779586792 0.43068286776542664 0.5370508432388306
v 0.1254887878894806 0.4313183128833771 0.536046028137207
v 0.12411919236183167 0.43019911646842957 0.5365428328514099
v 0.1259934902191162 0.42821499705314636 0.5373327732086182
v 0.12465082854032516 0.42695993185043335 0.5400634407997131
v 0.0464731827378273 0.26197654008865356 0.532981276512146
v 0.03415967524051666 0.261069655418396 0.5359420776367188
v 0.03327107056975365 0.27160629630088806 0.5339072942733765
v 0.045143239200115204 0.27273324131965637 0.532228410243988
v 0.12937235832214355 0.42949211597442627 0.5386898517608643
v 0.12785878777503967 0.426379919052124 0.5379972457885742
v 0.13112975656986237 0.43258148431777954 0.5388309359550476
v 0.12691998481750488 0.42335569858551025 0.5423121452331543
v 0.12690550088882446 0.42449140548706055 0.5398612022399902
v 0.12847693264484406 0.42265617847442627 0.5399600267410278
v 0.12796251475811005 0.42161354422569275 0.54152512550354
v 0.11870293319225311 0.41726696491241455 0.5367206335067749
v 0.11808659136295319 0.4164131283760071 0.5406809449195862
v 0.11954730749130249 0.41393089294433594 0.5444637537002563
v 0.08813074976205826 0.2494371235370636 0.5371116399765015
v 0.08387798070907593 0.25737544894218445 0.5417183041572571
v 0.10307277739048004 0.2620631754398346 0.5495524406433105
v 0.10956430435180664 0.2553173899650574 0.5451375842094421
v 0.09269184619188309 0.2290095090866089 0.5159639716148376
v 0.123273104429245 0.23505613207817078 0.5240403413772583
v 0.11227556318044662 0.21394585072994232 0.50479656457901
v 0.08907914161682129 0.21069787442684174 0.5045685172080994
v 0.10434980690479279 0.19460907578468323 0.49176734685897827
v 0.08453936874866486 0.1928323656320572 0.49319761991500854
v 0.08796606212854385 0.14345085620880127 0.4608375132083893
v 0.07129961252212524 0.14348356425762177 0.4628533720970154
v 0.07583663612604141 0.15913578867912292 0.4731127619743347
v 0.09298626333475113 0.1592496633529663 0.4711873531341553
v 0.09753204882144928 0.0680818185210228 0.4260867238044739
v 0.09278687834739685 0.05083059147000313 0.4300990402698517
v 0.07848423719406128 0.05471862852573395 0.4290093183517456
v 0.08514004945755005 0.0703553855419159 0.42556262016296387
v 0.16135293245315552 0.1616610586643219 0.47621670365333557
v 0.1687629520893097 0.17958614230155945 0.48093894124031067
v 0.17732499539852142 0.16898420453071594 0.4800291061401367
v 0.1691007912158966 0.15130972862243652 0.47738251090049744
v 0.15874281525611877 0.2639583945274353 0.5640928149223328
v 0.14346273243427277 0.2519301772117615 0.5440530180931091
v 0.1342499852180481 0.2559237778186798 0.5533931851387024
v 0.14886581897735596 0.2682958245277405 0.5700520873069763
v 0.1517786681652069 0.07980556786060333 0.45749449729919434
v 0.14571832120418549 0.0683600902557373 0.451432466506958
v 0.13881772756576538 0.07740675657987595 0.44524598121643066
v 0.14361843466758728 0.08883008360862732 0.45056936144828796
v 0.12264277786016464 -0.0059032076969742775 0.46532416343688965
v 0.12295731902122498 -0.02390909381210804 0.46383774280548096
v 0.10284017026424408 -0.025206780061125755 0.45413124561309814
v 0.10344046354293823 -0.00768802547827363 0.4558797776699066
v 0.17893263697624207 0.016036728397011757 0.5147073268890381
v 0.18955177068710327 0.01480945572257042 0.5388655066490173
v 0.18730351328849792 -9.02651809155941e-05 0.5396155714988708
v 0.17786547541618347 -0.0006196508184075356 0.5150792598724365
v 0.11750179529190063 0.1418992131948471 0.46040424704551697
v 0.1034650206565857 0.14320868253707886 0.45995116233825684
v 0.10908602178096771 0.15875642001628876 0.4700133204460144
v 0.12359508872032166 0.1572745144367218 0.4697927236557007
v 0.27866506576538086 0.05727143585681915 0.4508240222930908
v 0.26553988456726074 0.04681898653507233 0.4555807411670685
v 0.25368833541870117 0.06656482815742493 0.4613102078437805
v 0.26685231924057007 0.07673285901546478 0.4574429988861084
v 0.17549511790275574 -0.08769503235816956 0.4981188476085663
v 0.18237018585205078 -0.08477073162794113 0.5224230885505676
v 0.18505018949508667 -0.1015387699007988 0.518162727355957
v 0.1775292158126831 -0.10511539876461029 0.4938134551048279
v 0.23299677670001984 0.19405800104141235 0.4829108715057373
v 0.22498637437820435 0.20875176787376404 0.48705530166625977
v 0.24003718793392181 0.21975944936275482 0.5027962923049927
v 0.2490440309047699 0.20543941855430603 0.49676674604415894
v 0.1569964438676834 0.1256544142961502 0.46993640065193176
v 0.14888516068458557 0.13318035006523132 0.46570104360580444
v 0.15440258383750916 0.14717742800712585 0.4711202085018158
v 0.1625782698392868 0.1376439481973648 0.4739324748516083
v 0.1985892504453659 0.04204295575618744 0.53917396068573
v 0.1894683837890625 0.04384612292051315 0.5190876126289368
v 0.1942845582962036 0.058848313987255096 0.5239650011062622
v 0.20303641259670258 0.05755492299795151 0.5417384505271912
v 0.18489474058151245 0.029864631593227386 0.5162447690963745
v 0.19447171688079834 0.02755281701683998 0.5385573506355286
v 0.140298992395401 0.13774439692497253 0.4628344774246216
v 0.12965355813503265 0.14000940322875977 0.4610043168067932
v 0.1359718143939972 0.1557271033525467 0.4695926308631897
v 0.14585736393928528 0.15347141027450562 0.4704338610172272
v 0.0893920361995697 0.0356234610080719 0.4384840428829193
v 0.07170732319355011 0.04047954082489014 0.4362640976905823
v 0.16407184302806854 -0.10909417271614075 0.47226041555404663
v 0.14711445569992065 -0.11364392191171646 0.45492905378341675
v 0.14593523740768433 -0.09522075951099396 0.4592091143131256
v 0.1627596914768219 -0.0911451131105423 0.47641435265541077
v 0.085698202252388 0.009189607575535774 0.4509648382663727
v 0.08678039163351059 0.024082334712147713 0.44676756858825684
v 0.10394445806741714 0.023195240646600723 0.4516793489456177
v 0.10374418646097183 0.009168218821287155 0.45686179399490356
v 0.12628594040870667 -0.11786261200904846 0.4416574537754059
v 0.10323844105005264 -0.12142429500818253 0.4305168688297272
v 0.1016150414943695 -0.10197724401950836 0.43574246764183044
v 0.12463457137346268 -0.09871495515108109 0.4460456967353821
v 0.09836030006408691 0.17649570107460022 0.48113951086997986
v 0.08015786111354828 0.17603933811187744 0.4824836254119873
v 0.12046512961387634 0.06721328943967819 0.43355056643486023
v 0.11914728581905365 0.05066051334142685 0.4374884366989136
v 0.10670381784439087 0.04975754767656326 0.433185875415802
v 0.10971729457378387 0.06729593873023987 0.4291151165962219
v 0.1816607117652893 0.1234922856092453 0.494941383600235
v 0.17588511109352112 0.13755279779434204 0.4830203354358673
v 0.18627497553825378 0.15275701880455017 0.48350048065185547
v 0.18706566095352173 0.13224895298480988 0.49794575572013855
v 0.18763130903244019 -0.11877809464931488 0.5144620537757874
v 0.18010583519935608 -0.12179554253816605 0.49012303352355957
v 0.1280250996351242 -0.1371748149394989 0.43753641843795776
v 0.10463898628950119 -0.14118488132953644 0.4266011714935303
v 0.21839724481105804 0.11274261772632599 0.5498554110527039
v 0.21441999077796936 0.1094244122505188 0.5499873757362366
v 0.20784875750541687 0.11290714144706726 0.5376168489456177
v 0.21195469796657562 0.11774980276823044 0.5380822420120239
v 0.046258047223091125 0.0724082663655281 0.43471449613571167
v 0.061198484152555466 0.08126869797706604 0.43026888370513916
v 0.06684359908103943 0.0646408274769783 0.42839086055755615
v 0.055167317390441895 0.05199567601084709 0.4346609115600586
v 0.11903125047683716 0.03561638295650482 0.4462817311286926
v 0.1198597401380539 0.024591758847236633 0.4565521776676178
v 0.10501198470592499 0.034466542303562164 0.441954106092453
v 0.03142945095896721 0.06252957880496979 0.4429687261581421
v 0.04319982975721359 0.03721993416547775 0.44467443227767944
v 0.06245686858892441 0.17393741011619568 0.48527929186820984
v 0.058444663882255554 0.15845316648483276 0.4755426049232483
v 0.06584599614143372 0.1897374391555786 0.49494194984436035
v 0.04797561466693878 0.18674029409885406 0.4968701899051666
v 0.04912074655294418 0.203255295753479 0.5065377950668335
v 0.06786269694566727 0.20638197660446167 0.5051097273826599
v 0.048891305923461914 0.2198265641927719 0.5149319171905518
v 0.06837455183267593 0.2233998328447342 0.5142747163772583
v 0.06611525267362595 0.2450433373451233 0.5326605439186096
v 0.06376773864030838 0.2540139853954315 0.5368226766586304
v 0.16988667845726013 0.12585459649562836 0.48010915517807007
v 0.16506807506084442 0.1152351051568985 0.476665198802948
v 0.1490502506494522 -0.1320323944091797 0.4510602056980133
v 0.18904133141040802 0.19296206533908844 0.6437066793441772
v 0.18682806193828583 0.17618495225906372 0.6492915153503418
v 0.20078438520431519 0.17717371881008148 0.6353135108947754
v 0.20344436168670654 0.19295309484004974 0.6298012733459473
v 0.16950921714305878 0.2616938352584839 0.5579994320869446
v 0.15647199749946594 0.2506779432296753 0.5358808636665344
v 0.22854100167751312 0.12311175465583801 0.5945650339126587
v 0.22384686768054962 0.12176349759101868 0.6020142436027527
v 0.22313137352466583 0.11406803876161575 0.5971956253051758
v 0.22626306116580963 0.11632132530212402 0.5913425087928772
v 0.2263781726360321 0.10887642204761505 0.5683522820472717
v 0.23017017543315887 0.10042572021484375 0.5670164227485657
v 0.235111266374588 0.10276014357805252 0.5721111297607422
v 0.22943109273910522 0.11135586351156235 0.5738536715507507
v 0.185968816280365 -0.10005860030651093 0.5422907471656799
v 0.18277043104171753 -0.08307313919067383 0.5474007725715637
v 0.18939068913459778 0.02875477448105812 0.6082642674446106
v 0.19377672672271729 0.020804982632398605 0.5857255458831787
v 0.20082025229930878 0.036057498306035995 0.5827912092208862
v 0.19830332696437836 0.0448722243309021 0.6031906604766846
v 0.0938844233751297 0.17339791357517242 0.677431046962738
v 0.09396757185459137 0.15776102244853973 0.6794916987419128
v 0.11435551196336746 0.1615738719701767 0.6767511367797852
v 0.11439713835716248 0.1767098307609558 0.6747994422912598
v 0.1566973775625229 0.20238319039344788 0.6626681685447693
v 0.15692122280597687 0.2186705768108368 0.6567804217338562
v 0.13552717864513397 0.212257519364357 0.6650412082672119
v 0.1362481564283371 0.1974761188030243 0.6692901253700256
v 0.17391999065876007 0.19089815020561218 0.6565362811088562
v 0.1723124086856842 0.17412042617797852 0.6615865230560303
v 0.20798173546791077 0.059851132333278656 0.5599125623703003
v 0.203685000538826 0.0450473390519619 0.5596598386764526
v 0.21638861298561096 0.07972122728824615 0.5627166032791138
v 0.21012741327285767 0.07949955016374588 0.547654390335083
v 0.21210125088691711 0.08765862882137299 0.5490961074829102
v 0.21780076622962952 0.0877973735332489 0.5640242695808411
v 0.1399000585079193 0.2738768458366394 0.5744273066520691
v 0.1464715301990509 0.27904391288757324 0.595244288444519
v 0.15782912075519562 0.27438193559646606 0.5901641845703125
v 0.12369371950626373 0.2595585286617279 0.6463862061500549
v 0.12559106945991516 0.25341206789016724 0.6501228213310242
v 0.1382169872522354 0.2583555579185486 0.6413884162902832
v 0.13279074430465698 0.26378750801086426 0.6385653614997864
v 0.11876949667930603 0.09093156456947327 0.6779261231422424
v 0.098344586789608 0.09033066034317017 0.6824076771736145
v 0.09755206108093262 0.06888537853956223 0.6797440052032471
v 0.11919475346803665 0.06881497800350189 0.6744424700737
v 0.22130058705806732 0.09673532098531723 0.5747207999229431
v 0.22124959528446198 0.10184682905673981 0.5718296766281128
v 0.22333534061908722 0.10614413768053055 0.5806515216827393
v 0.2227538377046585 0.1010269820690155 0.584217369556427
v 0.22231154143810272 0.09507010877132416 0.5866314768791199
v 0.22026054561138153 0.08794420957565308 0.5890724658966064
v 0.2196243703365326 0.08272363245487213 0.5762932300567627
v 0.22147142887115479 0.09041064977645874 0.5754303932189941
v 0.2051001936197281 0.059139661490917206 0.5975025296211243
v 0.2058924436569214 0.051146283745765686 0.5791195034980774
v 0.2107696235179901 0.06470558792352676 0.5771056413650513
v 0.2117806375026703 0.07150013744831085 0.5939866304397583
v 0.0886184424161911 -0.002747892402112484 0.6643829941749573
v 0.10815143585205078 -0.004681936930865049 0.6616801023483276
v 0.11157520115375519 0.019004784524440765 0.6678553819656372
v 0.09175660461187363 0.020865850150585175 0.6716721057891846
v 0.2077569216489792 0.12388812005519867 0.5131472945213318
v 0.2041667103767395 0.12828616797924042 0.5002037286758423
v 0.20818930864334106 0.11831487715244293 0.4989055395126343
v 0.21306267380714417 0.11102007329463959 0.513298749923706
v 0.2545677423477173 0.10814587771892548 0.5751414895057678
v 0.2616446316242218 0.10222262144088745 0.5715692043304443
v 0.26592743396759033 0.10668716579675674 0.570767879486084
v 0.2589549124240875 0.11359351873397827 0.5748867988586426
v 0.22278591990470886 0.08568183332681656 0.5240391492843628
v 0.21840494871139526 0.09487713128328323 0.5113027691841125
v 0.22519516944885254 0.07568615674972534 0.5076026916503906
v 0.22946926951408386 0.06642549484968185 0.5216595530509949
v 0.18951696157455444 0.25924330949783325 0.5788311958312988
v 0.1802232712507248 0.2606183886528015 0.5517532229423523
v 0.17963644862174988 0.26390764117240906 0.5820438265800476
v 0.22575491666793823 0.09002953767776489 0.5482151508331299
v 0.2314232736825943 0.07481937110424042 0.5480123162269592
v 0.23758818209171295 0.07426363229751587 0.5577114224433899
v 0.2305068075656891 0.08842494338750839 0.5588093400001526
v 0.2949974238872528 0.06594473123550415 0.45297911763191223
v 0.28280192613601685 0.08538193255662918 0.4599023759365082
v 0.24445076286792755 0.042200714349746704 0.529594898223877
v 0.25335797667503357 0.039843082427978516 0.5397063493728638
v 0.23969942331314087 0.056952401995658875 0.5454165935516357
v 0.23391982913017273 0.059942543506622314 0.5344357490539551
v 0.18173465132713318 0.012167418375611305 0.6116821765899658
v 0.18821218609809875 0.0057983724400401115 0.5889138579368591
v 0.17111465334892273 -0.09918142855167389 0.5864020586013794
v 0.1806926727294922 -0.09951044619083405 0.5654046535491943
v 0.17652788758277893 -0.08194601535797119 0.5707070827484131
v 0.1674271672964096 -0.08068892359733582 0.5912302136421204
v 0.18783462047576904 -0.11732271313667297 0.5388703346252441
v 0.17270320653915405 -0.11781829595565796 0.5818796157836914
v 0.1824437975883484 -0.1176900789141655 0.5613644123077393
v 0.12410114705562592 0.28805845975875854 0.5968351364135742
v 0.11995703727006912 0.2882844805717468 0.613571047782898
v 0.129352867603302 0.2818242311477661 0.6161272525787354
v 0.1349729597568512 0.2830365300178528 0.5972803831100464
v 0.2117670327425003 -0.23090499639511108 0.5235722064971924
v 0.21193315088748932 -0.2615116834640503 0.5236460566520691
v 0.21009519696235657 -0.26302966475486755 0.49230560660362244
v 0.20818407833576202 -0.23169969022274017 0.4940193295478821
v 0.10391981899738312 0.2733615040779114 0.6440202593803406
v 0.11787822097539902 0.2775847315788269 0.6311559677124023
v 0.10967304557561874 0.2851170599460602 0.6271671056747437
v 0.09712954610586166 0.2815214693546295 0.6380289793014526
v 0.20548537373542786 -0.205963134765625 0.49722519516944885
v 0.20988014340400696 -0.20259219408035278 0.5261411070823669
v 0.11975689232349396 0.2815932631492615 0.5785195231437683
v 0.130016028881073 0.27772021293640137 0.57704758644104
v 0.1181734949350357 0.2683764696121216 0.561972975730896
v 0.10974404215812683 0.27421432733535767 0.5636243224143982
v 0.09589901566505432 0.2693936228752136 0.5513628125190735
v 0.20221835374832153 -0.2685607075691223 0.4669514298439026
v 0.1984965056180954 -0.24037550389766693 0.4682616889476776
v 0.11086945980787277 0.2945423126220703 0.6093307733535767
v 0.10232722014188766 0.2920532822608948 0.6222511529922485
v 0.09153888374567032 0.29092836380004883 0.6320364475250244
v 0.0793188139796257 0.29171186685562134 0.6394263505935669
v 0.19187983870506287 -0.13384348154067993 0.5364166498184204
v 0.1911073476076126 -0.13539277017116547 0.5112561583518982
v 0.1828766167163849 -0.37628257274627686 0.5929691195487976
v 0.15947924554347992 -0.3804379403591156 0.6099814772605896
v 0.15519848465919495 -0.3989160656929016 0.5949296951293945
v 0.1826692372560501 -0.39457449316978455 0.5782468914985657
v 0.09322802722454071 -0.36893975734710693 0.6291943788528442
v 0.08707501739263535 -0.38415777683258057 0.6112991571426392
v 0.1212891936302185 -0.3939186632633209 0.6066114902496338
v 0.12925651669502258 -0.37804824113845825 0.6209136843681335
v 0.10429000854492188 -0.2432190626859665 0.6646820902824402
v 0.13314616680145264 -0.24258707463741302 0.6551029086112976
v 0.1307256519794464 -0.22107067704200745 0.6497124433517456
v 0.10316293686628342 -0.22165128588676453 0.659672737121582
v 0.17696695029735565 -0.13551084697246552 0.5803617835044861
v 0.18714646995067596 -0.1345033049583435 0.5596198439598083
v 0.18259312212467194 -0.13883382081985474 0.48662394285202026
v 0.20529884099960327 -0.3916859030723572 0.4364968538284302
v 0.2209347039461136 -0.39237678050994873 0.4728859066963196
v 0.21930354833602905 -0.42436185479164124 0.47119489312171936
v 0.20637379586696625 -0.4245399832725525 0.4359922409057617
v 0.2026740312576294 -0.43335625529289246 0.5393964052200317
v 0.20493698120117188 -0.40741756558418274 0.5465212464332581
v 0.18007752299308777 -0.41628703474998474 0.5701043605804443
v 0.17789475619792938 -0.4390120804309845 0.5626387596130371
v 0.08111333847045898 -0.14457641541957855 0.4178502559661865
v 0.10558562725782394 -0.16065409779548645 0.42403900623321533
v 0.08185437321662903 -0.1649017632007599 0.41554325819015503
v 0.01594017632305622 -0.15099406242370605 0.4114031195640564
v 0.03832787647843361 -0.14916560053825378 0.40952742099761963
v 0.03646288439631462 -0.17030106484889984 0.4075322151184082
v 0.014676179736852646 -0.17238885164260864 0.4093353748321533
v 0.027099808678030968 -0.2923700213432312 0.42180436849594116
v 0.011940428987145424 -0.29121822118759155 0.42317089438438416
v 0.012812823057174683 -0.26789209246635437 0.4196895658969879
v 0.03057119995355606 -0.2676005959510803 0.41768017411231995
v 0.18281950056552887 -0.24912099540233612 0.44623100757598877
v 0.1599745750427246 -0.25679415464401245 0.4302535951137543
v 0.15885552763938904 -0.23344828188419342 0.43475577235221863
v 0.18053434789180756 -0.22375990450382233 0.45070797204971313
v 0.07931194454431534 -0.3942011296749115 0.5938795804977417
v 0.11245911568403244 -0.40699318051338196 0.592068076133728
v 0.18215689063072205 -0.4245968759059906 0.4046776294708252
v 0.17981265485286713 -0.3903830647468567 0.40790116786956787
v 0.14818014204502106 -0.42432862520217896 0.3863305449485779
v 0.11166755110025406 -0.4237530529499054 0.38735824823379517
v 0.11172366142272949 -0.39170169830322266 0.3907405138015747
v 0.1471913754940033 -0.391129732131958 0.39078783988952637
v 0.02706732042133808 -0.370649129152298 0.4594225287437439
v 0.03198358789086342 -0.34898802638053894 0.43786343932151794
v 0.041292451322078705 -0.35619062185287476 0.44074201583862305
v 0.032872505486011505 -0.37335827946662903 0.46402648091316223
v 0.10193660855293274 -0.3313691318035126 0.6560731530189514
v 0.0984351634979248 -0.3496888279914856 0.6450891494750977
v 0.13215233385562897 -0.3581642806529999 0.6355718374252319
v 0.13370351493358612 -0.3365270793437958 0.6475126147270203
v 0.15848103165626526 -0.11915738880634308 0.5987280607223511
v 0.16276338696479797 -0.1378202736377716 0.5982999801635742
v 0.14262604713439941 -0.12074526399374008 0.6119755506515503
v 0.1579810380935669 -0.0998004823923111 0.6038533449172974
v 0.14126980304718018 -0.10002263635396957 0.6163211464881897
v 0.155246764421463 0.030049823224544525 0.64833664894104
v 0.17077869176864624 0.020348720252513885 0.6314762234687805
v 0.17917898297309875 0.03760214149951935 0.6292902827262878
v 0.1650058478116989 0.049339160323143005 0.6472674608230591
v 0.13511568307876587 0.16646848618984222 0.6741577386856079
v 0.1360672116279602 0.18206876516342163 0.6720671653747559
v 0.14456312358379364 -0.43562760949134827 0.5768753886222839
v 0.10130466520786285 -0.4219176471233368 0.5796863436698914
v 0.1138954907655716 -0.45809611678123474 0.5711190700531006
v 0.14882898330688477 -0.4622175395488739 0.5670394897460938
v 0.20041605830192566 -0.46005409955978394 0.5324074625968933
v 0.21402086317539215 -0.45736944675445557 0.5041744709014893
v 0.218034565448761 -0.4267180263996124 0.5079616904258728
v 0.21622391045093536 -0.4564695656299591 0.4684458374977112
v 0.20470640063285828 -0.4573262929916382 0.43160438537597656
v 0.14673171937465668 -0.45759862661361694 0.3828713893890381
v 0.11099676787853241 -0.45699450373649597 0.3858988285064697
v 0.0442497543990612 -0.4304557740688324 0.4537930488586426
v 0.058849796652793884 -0.42882615327835083 0.42812132835388184
v 0.06050081551074982 -0.4566582143306732 0.43030720949172974
v 0.047899335622787476 -0.45718804001808167 0.4581036865711212
v 0.07009924203157425 -0.2985287010669708 0.41856735944747925
v 0.10447007417678833 -0.27982765436172485 0.4178488254547119
v 0.1076803058385849 -0.2986873984336853 0.41422832012176514
v 0.07934989780187607 -0.314592570066452 0.4181431531906128
v 0.019829625263810158 -0.1305578351020813 0.4138256907463074
v 0.03793243318796158 -0.12827831506729126 0.4119296669960022
v 0.05843604356050491 -0.14697693288326263 0.4118523597717285
v 0.05744192749261856 -0.1261705607175827 0.4141734838485718
v 0.07973194122314453 -0.12402354925870895 0.4209512770175934
v 0.03451327234506607 -0.04400945454835892 0.42937058210372925
v 0.0580274797976017 -0.044864505529403687 0.4326884150505066
v 0.05503515154123306 -0.06406541168689728 0.42746609449386597
v 0.03167010843753815 -0.06378822773694992 0.4245566129684448
v 0.03830885887145996 -0.023833632469177246 0.43641573190689087
v 0.06116022914648056 -0.024349410086870193 0.43885719776153564
v 0.043683893978595734 0.015476835891604424 0.44810324907302856
v 0.06679344177246094 0.027696534991264343 0.4440491497516632
v 0.06548269093036652 0.011378664523363113 0.44750380516052246
v 0.04544786363840103 0.1708916425704956 0.4878952205181122
v 0.04198692739009857 0.15580518543720245 0.4786170721054077
v 0.18679210543632507 -0.27504730224609375 0.44133666157722473
v 0.07000274956226349 -0.4249238967895508 0.5618085861206055
v 0.05236545950174332 -0.4284668564796448 0.5376121997833252
v 0.061190415173769 -0.4565335214138031 0.5398364067077637
v 0.08262079954147339 -0.45634257793426514 0.5606456398963928
v 0.1952064335346222 -0.2140173763036728 0.47196945548057556
v 0.16652506589889526 -0.12634453177452087 0.4680063724517822
v 0.16823944449424744 -0.14423975348472595 0.4649469256401062
v 0.16130603849887848 0.021075217053294182 0.4886544644832611
v 0.16169731318950653 -0.00038054026663303375 0.49309834837913513
v 0.07473157346248627 0.08663225919008255 0.42835885286331177
v 0.07560890913009644 0.07419207692146301 0.4264832139015198
v 0.22125650942325592 -0.3969610035419464 0.5120185017585754
v 0.14571504294872284 -0.48994648456573486 0.38227590918540955
v 0.14334824681282043 -0.5212828516960144 0.3832405209541321
v 0.10999834537506104 -0.5217671990394592 0.38798773288726807
v 0.11012978851795197 -0.49016162753105164 0.3861449956893921
v 0.052956100553274155 -0.48754656314849854 0.4882604479789734
v 0.05373609438538551 -0.486856073141098 0.46119868755340576
v 0.06126668304204941 -0.5172684788703918 0.4637882709503174
v 0.0626111626625061 -0.5181818008422852 0.4896695613861084
v 0.07085735350847244 -0.549074113368988 0.4890974760055542
v 0.06793958693742752 -0.5491535067558289 0.463171124458313
v 0.07251901924610138 -0.5802233219146729 0.46518674492836
v 0.07722634822130203 -0.5791694521903992 0.4895647168159485
v 0.18095624446868896 -0.45860761404037476 0.40035638213157654
v 0.19801343977451324 -0.5196232199668884 0.42339321970939636
v 0.17615845799446106 -0.521304190158844 0.3958553671836853
v 0.17859016358852386 -0.4906862676143646 0.39775896072387695
v 0.2013663947582245 -0.4893089830875397 0.42738771438598633
v 0.1790924221277237 -0.46298515796661377 0.5536744594573975
v 0.04425986111164093 -0.4578516185283661 0.4854544997215271
v 0.03861087188124657 -0.43241384625434875 0.48087388277053833
v 0.08443494886159897 -0.5213029384613037 0.5341503024101257
v 0.10545973479747772 -0.5224919319152832 0.5499267578125
v 0.09502936899662018 -0.4904620051383972 0.5564194917678833
v 0.07278428226709366 -0.4893070459365845 0.5384354591369629
v 0.200688898563385 -0.5171902775764465 0.516529381275177
v 0.20946931838989258 -0.5163204073905945 0.48899054527282715
v 0.2116393744945526 -0.4873325526714325 0.49572038650512695
v 0.20057158172130585 -0.489178329706192 0.5244357585906982
v 0.21210302412509918 -0.48779261112213135 0.4619002342224121
v 0.20845700800418854 -0.5176180601119995 0.4562956392765045
v 0.19072306156158447 -0.5791176557540894 0.4154433012008667
v 0.16717784106731415 -0.5810646414756775 0.39367371797561646
v 0.17235007882118225 -0.5515227913856506 0.39438289403915405
v 0.19425928592681885 -0.5496718883514404 0.419228196144104
v 0.20294111967086792 -0.575786292552948 0.4452727437019348
v 0.20523206889629364 -0.5465696454048157 0.4507720470428467
v 0.20767709612846375 -0.5451813340187073 0.4820694625377655
v 0.20618975162506104 -0.5731585025787354 0.4745090901851654
v 0.19895511865615845 -0.5721352100372314 0.49989014863967896
v 0.20013724267482758 -0.5445332527160645 0.5085329413414001
v 0.1844729781150818 -0.5461960434913635 0.5293286442756653
v 0.18540842831134796 -0.5725430250167847 0.5197629928588867
v 0.16276304423809052 -0.5476547479629517 0.5421081781387329
v 0.13775870203971863 -0.5490930080413818 0.5465108752250671
v 0.14429429173469543 -0.5751814842224121 0.5363101363182068
v 0.1662907898426056 -0.5737747550010681 0.5317391753196716
v 0.10208339989185333 -0.5783954858779907 0.5257750749588013
v 0.12165582180023193 -0.5772067904472351 0.5351579189300537
v 0.11357242614030838 -0.550864577293396 0.5426865816116333
v 0.09385567158460617 -0.5509504079818726 0.529517412185669
v 0.13619555532932281 -0.678229033946991 0.5138306617736816
v 0.1538606882095337 -0.6748942136764526 0.5114173889160156
v 0.14461860060691833 -0.6510432958602905 0.5169686079025269
v 0.12577500939369202 -0.6542221903800964 0.5177516937255859
v 0.1708783209323883 -0.6716755628585815 0.5095131397247314
v 0.18740332126617432 -0.6691160202026367 0.5027649998664856
v 0.17897582054138184 -0.6465198993682861 0.5066589117050171
v 0.16244706511497498 -0.6489065885543823 0.513923704624176
v 0.20063458383083344 -0.6470469236373901 0.4753146171569824
v 0.19242286682128906 -0.6457898020744324 0.4941314458847046
v 0.20017631351947784 -0.6687628030776978 0.4895869195461273
v 0.20681804418563843 -0.6707462072372437 0.47093984484672546
v 0.21100236475467682 -0.6737294793128967 0.448866069316864
v 0.20785029232501984 -0.6496745347976685 0.45310497283935547
v 0.20242749154567719 -0.6794413328170776 0.42683374881744385
v 0.2027464509010315 -0.6548022627830505 0.4293280243873596
v 0.18141931295394897 -0.66024249792099 0.40902429819107056
v 0.18162718415260315 -0.6855417490005493 0.40683287382125854
v 0.08948072046041489 -0.6641586422920227 0.4779951572418213
v 0.09804845601320267 -0.6895843148231506 0.48137131333351135
v 0.10537727922201157 -0.6852583885192871 0.49952977895736694
v 0.09474673867225647 -0.6605063080787659 0.4971126914024353
v 0.09831882268190384 -0.667194664478302 0.4320470988750458
v 0.10583038628101349 -0.6667795777320862 0.4050116240978241
v 0.11092710494995117 -0.6936429142951965 0.4123433232307434
v 0.1050407886505127 -0.6941125392913818 0.43860986828804016
v 0.20115430653095245 -0.6030935645103455 0.44010621309280396
v 0.18678352236747742 -0.6072325110435486 0.41303151845932007
v 0.19802922010421753 -0.5981738567352295 0.49115121364593506
v 0.20522302389144897 -0.5997340679168701 0.46712979674339294
v 0.10979218035936356 -0.6041667461395264 0.5225175023078918
v 0.1293640285730362 -0.6023299694061279 0.5284611582756042
v 0.07750939577817917 -0.6094735860824585 0.46798455715179443
v 0.08268755674362183 -0.6076744794845581 0.4905467927455902
v 0.13031062483787537 -0.6385309100151062 0.38575413823127747
v 0.13248108327388763 -0.6105441451072693 0.38655388355255127
v 0.16228975355625153 -0.609567403793335 0.39229294657707214
v 0.15900766849517822 -0.6373040080070496 0.3902614712715149
v 0.2018665373325348 -0.6292785406112671 0.43412354588508606
v 0.20555435121059418 -0.6251998543739319 0.4602605104446411
v 0.19823935627937317 -0.6228724122047424 0.4822269678115845
v 0.1879829317331314 -0.6221979260444641 0.5014512538909912
v 0.1731301099061966 -0.6230968832969666 0.5133394002914429
v 0.15548363327980042 -0.6245926022529602 0.5192118883132935
v 0.13698306679725647 -0.6264419555664062 0.5222783088684082
v 0.11736597120761871 -0.62939453125 0.51962810754776
v 0.08840234577655792 -0.6346600651741028 0.4935374855995178
v 0.08348485082387924 -0.6377335786819458 0.47297078371047974
v 0.13146698474884033 -0.6925098896026611 0.3936171531677246
v 0.12929180264472961 -0.6669393181800842 0.386877179145813
v 0.15853676199913025 -0.6645137667655945 0.3901803493499756
v 0.15923972427845 -0.6900028586387634 0.3918613791465759
v 0.13681046664714813 -0.7153127789497375 0.40260711312294006
v 0.12108001112937927 -0.7163715958595276 0.4191577434539795
v 0.18121685087680817 -0.695102334022522 0.5079305768013
v 0.1963615119457245 -0.6928508877754211 0.5002382397651672
v 0.20812152326107025 -0.6927253603935242 0.4869951605796814
v 0.21623550355434418 -0.698513925075531 0.44606178998947144
v 0.20315788686275482 -0.7055317163467407 0.4237847328186035
v 0.1809339076280594 -0.7119582295417786 0.4054237902164459
v 0.15924644470214844 -0.7131004929542542 0.3966939449310303
v 0.12917104363441467 -0.7360758781433105 0.49790722131729126
v 0.11833585053682327 -0.7092260122299194 0.49764376878738403
v 0.11118220537900925 -0.7135409712791443 0.48155269026756287
v 0.1223210021853447 -0.740112841129303 0.4814281761646271
v 0.15774394571781158 -0.7287225723266602 0.5146833658218384
v 0.1752631962299347 -0.7242769002914429 0.5170623064041138
v 0.1639728993177414 -0.6987431049346924 0.5094799995422363
v 0.14723673462867737 -0.7019357085227966 0.5087358355522156
v 0.19329801201820374 -0.7207455039024353 0.512095034122467
v 0.20823198556900024 -0.7190849781036377 0.501449465751648
v 0.21994560956954956 -0.7185230851173401 0.486895352602005
v 0.22205838561058044 -0.7259469032287598 0.44319549202919006
v 0.21591344475746155 -0.6943550109863281 0.4677552282810211
v 0.22604945302009583 -0.7204845547676086 0.4667792320251465
v 0.2052423655986786 -0.7345731854438782 0.41841647028923035
v 0.1806401163339615 -0.7733625769615173 0.4078289866447449
v 0.17528030276298523 -0.7428480982780457 0.4064091444015503
v 0.21036632359027863 -0.7646833062171936 0.415844202041626
v 0.17114722728729248 -0.8730242252349854 0.432333379983902
v 0.1956341415643692 -0.8691693544387817 0.42063528299331665
v 0.19852913916110992 -0.9034566283226013 0.42939794063568115
v 0.1779862642288208 -0.9070817232131958 0.4393891394138336
v 0.12971173226833344 -0.768756091594696 0.4842156767845154
v 0.13669978082180023 -0.7656428217887878 0.5032941699028015
v 0.1658160239458084 -0.7578195929527283 0.5229160785675049
v 0.18531738221645355 -0.7528837323188782 0.523602306842804
v 0.2374418079853058 -0.7859086990356445 0.4429872930049896
v 0.2298935502767563 -0.7553174495697021 0.4403354823589325
v 0.23571300506591797 -0.7494158744812012 0.46583521366119385
v 0.2440120279788971 -0.7800202369689941 0.46846911311149597
v 0.14423540234565735 -0.865634024143219 0.4982209801673889
v 0.15158674120903015 -0.8633873462677002 0.5162820219993591
v 0.14538484811782837 -0.829802930355072 0.5148433446884155
v 0.13759638369083405 -0.8325242400169373 0.49515846371650696
v 0.19102951884269714 -0.784440279006958 0.5310488939285278
v 0.17083927989006042 -0.7895755767822266 0.5297788381576538
v 0.1762860119342804 -0.8223364353179932 0.5340121984481812
v 0.19626487791538239 -0.8178443312644958 0.5348188877105713
v 0.24192780256271362 -0.8550493717193604 0.4507055878639221
v 0.24138396978378296 -0.8193444609642029 0.44632795453071594
v 0.24904929101467133 -0.813746988773346 0.470845490694046
v 0.24990782141685486 -0.8505311608314514 0.47329413890838623
v 0.18647640943527222 -0.8034067153930664 0.41004884243011475
v 0.21701887249946594 -0.7946692705154419 0.4188763201236725
v 0.22132320702075958 -0.8267734050750732 0.42366325855255127
v 0.19213339686393738 -0.835474967956543 0.4148169457912445
v 0.16071659326553345 -0.8073698878288269 0.4223630130290985
v 0.16652175784111023 -0.8390218019485474 0.4266449809074402
v 0.16896842420101166 -0.935836136341095 0.5115090608596802
v 0.1603945642709732 -0.898755669593811 0.5142244696617126
v 0.15364810824394226 -0.9017667770385742 0.49816393852233887
v 0.16347546875476837 -0.9399428367614746 0.49733754992485046
v 0.20097675919532776 -0.8531010746955872 0.5339546799659729
v 0.18127593398094177 -0.8569154739379883 0.5336427092552185
v 0.1870509386062622 -0.8935613036155701 0.5295000076293945
v 0.20441295206546783 -0.8906503915786743 0.5299928188323975
v 0.2399657666683197 -0.9325180649757385 0.4600968062877655
v 0.24144619703292847 -0.8930385112762451 0.4553180932998657
v 0.24811048805713654 -0.8897785544395447 0.4763394594192505
v 0.24563486874103546 -0.9293931722640991 0.48010489344596863
v 0.2022506147623062 -0.9412189722061157 0.43792325258255005
v 0.22360759973526 -0.8980494737625122 0.43518686294555664
v 0.22499290108680725 -0.9368941783905029 0.44245246052742004
v 0.20384228229522705 -0.9784976243972778 0.44388145208358765
v 0.1881721466779709 -0.9811742901802063 0.45063406229019165
v 0.18348392844200134 -0.9442831873893738 0.4463464617729187
v 0.17246487736701965 -0.9754807353019714 0.4960918128490448
v 0.17605535686016083 -0.9724610447883606 0.5095022320747375
v 0.19375842809677124 -0.967957615852356 0.5236920714378357
v 0.20807859301567078 -0.9644376039505005 0.5251184701919556
v 0.20684686303138733 -0.9279348850250244 0.5266416668891907
v 0.19121599197387695 -0.9311918616294861 0.5260579586029053
v 0.23640066385269165 -0.9277135133743286 0.5110727548599243
v 0.22296470403671265 -0.9268296957015991 0.5212935209274292
v 0.22267213463783264 -0.9633454084396362 0.5202348232269287
v 0.2344440370798111 -0.9643609523773193 0.5106164813041687
v 0.2413625568151474 -0.9659696817398071 0.4833652079105377
v 0.24430349469184875 -0.9279400110244751 0.4971140921115875
v 0.24049922823905945 -0.964501142501831 0.4984014332294464
v 0.23712296783924103 -0.9685122966766357 0.464272141456604
v 0.2240729033946991 -0.9737231135368347 0.4472731947898865
v 0.050213538110256195 -0.39541739225387573 0.5463175177574158
v 0.04184342175722122 -0.39836832880973816 0.5200408101081848
v 0.04730016365647316 -0.40931710600852966 0.5305135250091553
v 0.059390172362327576 -0.4029200077056885 0.5565715432167053
v 0.06820397078990936 -0.5195868611335754 0.4331924617290497
v 0.0640128031373024 -0.48710745573043823 0.4314843416213989
v 0.07508651167154312 -0.5819022059440613 0.43732312321662903
v 0.07230241596698761 -0.5519257187843323 0.4336426854133606
v 0.07957404851913452 -0.6114848256111145 0.4421467185020447
v 0.08502863347530365 -0.6398534178733826 0.4490233063697815
v 0.09080032259225845 -0.6671621203422546 0.4570560157299042
v 0.09969107806682587 -0.6933345794677734 0.4611939489841461
v 0.11113351583480835 -0.7177717089653015 0.4617309868335724
v 0.12085514515638351 -0.744793176651001 0.4605967402458191
v 0.13404646515846252 -0.8023740649223328 0.46592840552330017
v 0.1339767873287201 -0.7999522089958191 0.4901198744773865
v 0.12933161854743958 -0.772650420665741 0.46192941069602966
v 0.14417622983455658 -0.868722677230835 0.4739791750907898
v 0.13816416263580322 -0.8343356847763062 0.4701026380062103
v 0.1532897651195526 -0.9059762358665466 0.476937472820282
v 0.16343019902706146 -0.9435822367668152 0.4788329005241394
v 0.1727125197649002 -0.9784663319587708 0.4789963960647583
v 0.08242299407720566 -0.3692587614059448 0.4071863293647766
v 0.05904664099216461 -0.37935009598731995 0.425490140914917
v 0.06027238070964813 -0.36085283756256104 0.42446523904800415
v 0.08269450068473816 -0.34721770882606506 0.4100446403026581
v 0.02934671752154827 -0.382784366607666 0.4898875951766968
v 0.02754407376050949 -0.37943780422210693 0.476369172334671
v 0.032216642051935196 -0.3805302381515503 0.48086753487586975
v 0.032970964908599854 -0.38351351022720337 0.49535977840423584
v 0.1836220622062683 -0.633582592010498 0.40953779220581055
v 0.1863558292388916 -0.5976471304893494 0.5096623301506042
v 0.16919443011283875 -0.5984963774681091 0.5211950540542603
v 0.14988607168197632 -0.6001938581466675 0.5268871188163757
v 0.09069067984819412 -0.6410133838653564 0.42239201068878174
v 0.08829598873853683 -0.6125971674919128 0.4165836572647095
v 0.10514356940984726 -0.6114623546600342 0.39618346095085144
v 0.10532714426517487 -0.6395821571350098 0.4001722037792206
v 0.15448781847953796 -0.7800536751747131 0.42000192403793335
v 0.14445354044437408 -0.8058537244796753 0.4430561363697052
v 0.1378788948059082 -0.7772783637046814 0.43947887420654297
v 0.1491107940673828 -0.7551204562187195 0.41589921712875366
v 0.2203332781791687 -0.746959388256073 0.5053596496582031
v 0.2320169359445572 -0.7465128302574158 0.48843109607696533
v 0.2117418348789215 -0.7797938585281372 0.5237470865249634
v 0.22943177819252014 -0.7770978212356567 0.5111051201820374
v 0.2036249190568924 -0.7490922808647156 0.5164179801940918
v 0.08553885668516159 -0.5540183186531067 0.4077472686767578
v 0.10900018364191055 -0.5527620315551758 0.3903082609176636
v 0.10732485353946686 -0.5829711556434631 0.3935965597629547
v 0.08607003837823868 -0.5836672782897949 0.41158419847488403
v 0.1736825555562973 -0.06446345150470734 0.5772107243537903
v 0.1654607653617859 -0.062173254787921906 0.5972124338150024
v 0.14306335151195526 0.04701423645019531 0.45637497305870056
v 0.1497287154197693 0.0353945828974247 0.4708792567253113
v 0.13540692627429962 0.028153300285339355 0.4628574252128601
v 0.1317209005355835 0.0397472158074379 0.45103293657302856
v 0.15962238609790802 0.04558171331882477 0.47646892070770264
v 0.15195459127426147 0.056540437042713165 0.4615076184272766
v 0.15912361443042755 0.06864232569932938 0.4677179753780365
v 0.16678261756896973 0.05775299668312073 0.48174849152565
v 0.1868745982646942 0.11438799649477005 0.5096017122268677
v 0.18997742235660553 0.12120738625526428 0.5131711959838867
v 0.041401732712984085 -0.00436229957267642 0.4419247508049011
v 0.017421230673789978 -0.004257339984178543 0.44553619623184204
v 0.02046966552734375 0.01442783698439598 0.4518328607082367
v 0.05870548635721207 -0.16820143163204193 0.4094730317592621
v 0.0756721943616867 -0.2642746567726135 0.41764938831329346
v 0.044793371111154556 -0.29516297578811646 0.42080867290496826
v 0.051657941192388535 -0.2671206593513489 0.41698136925697327
v 0.016118992120027542 -0.35238897800445557 0.4456855058670044
v 0.12709319591522217 -0.00865788571536541 0.6538633704185486
v 0.13119566440582275 0.015036236494779587 0.6590477228164673
v 0.11554975062608719 0.19182318449020386 0.6724626421928406
v 0.09411393105983734 0.1872302144765854 0.6755963563919067
v 0.11265930533409119 0.21823890507221222 0.6664678454399109
v 0.11152182519435883 0.2300346940755844 0.6639801263809204
v 0.09159187972545624 0.22471871972084045 0.6688553690910339
v 0.09256500750780106 0.21304316818714142 0.6710368394851685
v 0.08283703029155731 0.28010082244873047 0.6465355753898621
v 0.0865110233426094 0.2696399390697479 0.6532871723175049
v 0.0349532812833786 -0.3848537504673004 0.5104106068611145
v 0.035521499812603 -0.3863660991191864 0.5012004971504211
v 0.038451824337244034 -0.3870724141597748 0.5202561020851135
v 0.04319305345416069 -0.40731456875801086 0.45020705461502075
v 0.03667809069156647 -0.41156378388404846 0.47566133737564087
v 0.036492906510829926 -0.39576104283332825 0.471761554479599
v 0.04334864020347595 -0.38881540298461914 0.4474092423915863
v 0.201857328414917 -0.3597009778022766 0.4366060197353363
v 0.2194177210330963 -0.35841748118400574 0.472202330827713
v 0.1483217179775238 -0.41647210717201233 0.5857870578765869
v 0.2839291989803314 0.0047281235456466675 0.5225677490234375
v 0.2965059280395508 0.006267547607421875 0.5285652279853821
v 0.28107598423957825 0.023406997323036194 0.5389431715011597
v 0.2681739032268524 0.022370055317878723 0.5322566032409668
v 0.1404842883348465 0.09257008135318756 0.6710590124130249
v 0.1460014283657074 0.06672023981809616 0.6630105972290039
v 0.126367449760437 0.2627815306186676 0.5588981509208679
v 0.20040400326251984 0.255356103181839 0.5375789403915405
v 0.18780624866485596 0.24668997526168823 0.5149446129798889
v 0.1784450113773346 0.24920016527175903 0.5222254395484924
v 0.19032549858093262 0.25852927565574646 0.5450748205184937
v 0.21749812364578247 0.2083369791507721 0.6113498210906982
v 0.21693259477615356 0.2240784913301468 0.6006864309310913
v 0.2060968428850174 0.2264460325241089 0.611775279045105
v 0.2059200555086136 0.20943495631217957 0.6227824687957764
v 0.10470841825008392 -0.26501020789146423 0.6674940586090088
v 0.1344214528799057 -0.26545044779777527 0.658821702003479
v 0.10163337737321854 -0.07491417229175568 0.639665961265564
v 0.12163600325584412 -0.07649935781955719 0.632776141166687
v 0.12191133201122284 -0.05555038899183273 0.6409512758255005
v 0.10249201953411102 -0.05275779962539673 0.6475102305412292
v 0.1681692898273468 0.08046090602874756 0.6547497510910034
v 0.17917954921722412 0.06527148932218552 0.6406246423721313
v 0.029078662395477295 0.08721713721752167 0.44553342461586
v 0.0313459150493145 0.10693242400884628 0.45235419273376465
v 0.047506239265203476 0.11097631603479385 0.44683244824409485
v 0.04509895294904709 0.09321661293506622 0.4392794668674469
v 0.288330614566803 0.062388963997364044 0.554208517074585
v 0.26764798164367676 0.0729709342122078 0.5633026957511902
v 0.26058754324913025 0.06315550208091736 0.5601233839988708
v 0.27862173318862915 0.047736793756484985 0.5525904893875122
v 0.22079499065876007 -0.36078184843063354 0.516941487789154
v 0.20564168691635132 -0.38307875394821167 0.5547544360160828
v 0.18489837646484375 -0.03202340751886368 0.5632061958312988
v 0.1801569163799286 -0.028700990602374077 0.5888878107070923
v 0.17586953938007355 -0.046770550310611725 0.5840816497802734
v 0.18041333556175232 -0.04971471056342125 0.5592743754386902
v 0.19391484558582306 0.01633249595761299 0.5624812841415405
v 0.19005624949932098 0.0018661469221115112 0.5643188953399658
v 0.19964973628520966 0.029936138540506363 0.560785174369812
v 0.22152090072631836 0.11016177386045456 0.5697503685951233
v 0.21853980422019958 0.10802628844976425 0.5614689588546753
v 0.22185617685317993 0.10922732949256897 0.5601332187652588
v 0.058570947498083115 -0.4020366072654724 0.42646098136901855
v 0.05772536247968674 -0.33425018191337585 0.42532098293304443
v 0.04851258546113968 -0.3246748149394989 0.4251290559768677
v 0.031124789267778397 -0.38370785117149353 0.5024769902229309
v 0.10197307169437408 0.2819083333015442 0.5634172558784485
v 0.09064629673957825 0.2782272398471832 0.5506621599197388
v 0.22188891470432281 0.09524254500865936 0.5364226698875427
v 0.22690841555595398 0.07857957482337952 0.53651362657547
v 0.2128879874944687 0.09500133991241455 0.5497128963470459
v 0.20439597964286804 0.09903056174516678 0.5364874601364136
v 0.20570936799049377 0.105801522731781 0.5376455187797546
v 0.21316581964492798 0.10167429596185684 0.5498684048652649
v 0.218170627951622 0.1005839854478836 0.561719536781311
v 0.2187434732913971 0.094256192445755 0.5626931190490723
v 0.15233942866325378 0.16885380446910858 0.4763576090335846
v 0.14214128255844116 0.17307151854038239 0.4771392345428467
v 0.14810317754745483 0.1901383101940155 0.4848555028438568
v 0.15914714336395264 0.18592038750648499 0.48270249366760254
v 0.13012731075286865 0.1743387132883072 0.4790197014808655
v 0.11539700627326965 0.17568379640579224 0.47996556758880615
v 0.12230361998081207 0.1943252980709076 0.4902699887752533
v 0.13642245531082153 0.1926308423280716 0.4883573055267334
v 0.11518561840057373 0.24851378798484802 0.5365272760391235
v 0.09127127379179001 0.24250485002994537 0.5269192457199097
v 0.06768756359815598 0.23661427199840546 0.5235252976417542
v 0.048402488231658936 0.23239217698574066 0.5225512385368347
v 0.08950367569923401 0.2583373188972473 0.6585381031036377
v 0.09026847779750824 0.2469305396080017 0.6634159088134766
v 0.10994870960712433 0.2509322762489319 0.6570780277252197
v 0.11093542724847794 0.26256194710731506 0.6497617363929749
v 0.0796465128660202 0.26591864228248596 0.5421596169471741
v 0.06164371222257614 0.2637230455875397 0.535820484161377
v 0.04736962914466858 0.2517537474632263 0.5325913429260254
v 0.3112334609031677 0.06999623030424118 0.46121901273727417
v 0.29961642622947693 0.08989813923835754 0.4682416021823883
v 0.11387617141008377 0.2933751046657562 0.5938630104064941
v 0.11029146611690521 0.2878497838973999 0.5775410532951355
v 0.3137979805469513 0.0895204171538353 0.4813149571418762
v 0.3252618908882141 0.06907877326011658 0.47410982847213745
v 0.15605266392230988 0.23232059180736542 0.5116868019104004
v 0.16821855306625366 0.25011953711509705 0.5290436744689941
v 0.16668960452079773 0.23162208497524261 0.5058166980743408
v 0.07627145946025848 0.2752853333950043 0.5402978658676147
v 0.059705086052417755 0.27358928322792053 0.5333503484725952
v 0.2139659821987152 -0.3278736472129822 0.46866825222969055
v 0.19687098264694214 -0.331163227558136 0.4375874698162079
v 0.1608142852783203 -0.0733804702758789 0.48171600699424744
v 0.17309600114822388 -0.07090406864881516 0.5035364031791687
v 0.011027783155441284 -0.043660521507263184 0.4316364526748657
v 0.00818689726293087 -0.06361192464828491 0.42638370394706726
v 0.03282243758440018 0.2822370231151581 0.5316159725189209
v 0.03364747762680054 -0.10624554753303528 0.41551437973976135
v 0.011653151363134384 -0.10971353948116302 0.4184419512748718
v 0.008539820089936256 -0.0855225920677185 0.4221433699131012
v 0.03128017112612724 -0.08422137051820755 0.4198141098022461
v 0.00589936226606369 -0.13316847383975983 0.4177086651325226
v 0.005126621574163437 -0.14319173991680145 0.41614073514938354
v 0.024137943983078003 -0.3117230534553528 0.4255857765674591
v 0.011751674115657806 -0.31072962284088135 0.4265647530555725
v 0.23883873224258423 0.1316836029291153 0.4721425175666809
v 0.23161298036575317 0.14856554567813873 0.4750303328037262
v 0.24557197093963623 0.16198158264160156 0.47732818126678467
v 0.2540885806083679 0.14376118779182434 0.4748340845108032
v 0.05536467954516411 -0.1044170930981636 0.4184821546077728
v 0.07848729193210602 -0.10346797853708267 0.4259326457977295
v 0.17655092477798462 0.11406488716602325 0.4917250871658325
v 0.18380263447761536 0.10576697438955307 0.5062750577926636
v 0.02028491534292698 0.03481424227356911 0.45198068022727966
v 0.060677021741867065 0.09816531091928482 0.435384064912796
v 0.06335505843162537 0.11338874697685242 0.44300001859664917
v 0.07886521518230438 0.11482229083776474 0.4409361481666565
v 0.07596968859434128 0.1008329838514328 0.43329763412475586
v 0.03321026638150215 -0.38315239548683167 0.5132640600204468
v 0.28371143341064453 0.13957618176937103 0.5585657954216003
v 0.27724069356918335 0.14883507788181305 0.5657052993774414
v 0.2736561894416809 0.1390105038881302 0.5695324540138245
v 0.28080421686172485 0.1305442750453949 0.5624796748161316
v 0.03891585022211075 -0.4131368398666382 0.503085196018219
v 0.04333793371915817 -0.43203070759773254 0.5097427368164062
v 0.06879370659589767 -0.3980489671230316 0.5752084851264954
v 0.05268421024084091 -0.39293867349624634 0.5638347268104553
v 0.08134492486715317 -0.45764756202697754 0.4036654233932495
v 0.08132436871528625 -0.4256362020969391 0.40355944633483887
v 0.08240754902362823 -0.49014049768447876 0.40508729219436646
v 0.08429288864135742 -0.5229882001876831 0.40627068281173706
v 0.1168220192193985 -0.719175398349762 0.4409899115562439
v 0.1289139986038208 -0.7475627064704895 0.4348779320716858
v 0.1506524682044983 -0.8374083042144775 0.4474170207977295
v 0.15708312392234802 -0.8712348937988281 0.4523865282535553
v 0.16424277424812317 -0.9076657891273499 0.457127183675766
v 0.17198686301708221 -0.9452216625213623 0.4619938135147095
v 0.1782573163509369 -0.9809474945068359 0.46318063139915466
v 0.33490729331970215 0.06279682368040085 0.4887666404247284
v 0.3232814073562622 0.08398255705833435 0.49808269739151
v 0.32686567306518555 0.07281570881605148 0.5122696161270142
v 0.3397815227508545 0.052500516176223755 0.5022678971290588
v 0.23899191617965698 0.048036545515060425 0.5171779990196228
v 0.23480798304080963 0.05635197460651398 0.5029213428497314
v 0.2462146282196045 0.03729096055030823 0.49721622467041016
v 0.251274049282074 0.030362412333488464 0.5109171867370605
v 0.2644954025745392 0.011906057596206665 0.5040060877799988
v 0.27317437529563904 0.006949886679649353 0.5145930051803589
v 0.25802531838417053 0.025176867842674255 0.5226333737373352
v 0.30993878841400146 0.012216806411743164 0.5306313037872314
v 0.3225514888763428 0.021304741501808167 0.5286255478858948
v 0.3070128262042999 0.04048541188240051 0.5406193733215332
v 0.2950361967086792 0.029234856367111206 0.5416333675384521
v 0.33919933438301086 0.04128117859363556 0.5141058564186096
v 0.3256887197494507 0.06099960207939148 0.523916482925415
v 0.31911975145339966 0.050229981541633606 0.5336252450942993
v 0.33324676752090454 0.030507147312164307 0.5233968496322632
v 0.2573288679122925 0.036166295409202576 0.46531492471694946
v 0.2553670108318329 0.026598334312438965 0.4780568480491638
v 0.24355082213878632 0.046143725514411926 0.4829893708229065
v 0.24583974480628967 0.05582946538925171 0.47051844000816345
v 0.2628403902053833 0.17138437926769257 0.4868888258934021
v 0.27108314633369446 0.15168966352939606 0.4839414358139038
v 0.1935785710811615 0.13949334621429443 0.49968835711479187
v 0.19453607499599457 0.1510210633277893 0.48737552762031555
v 0.20029814541339874 0.1454973965883255 0.48745253682136536
v 0.19935719668865204 0.1378604918718338 0.501053512096405
v 0.2710508108139038 0.10508216172456741 0.4663202166557312
v 0.2618715465068817 0.12461930513381958 0.4709059000015259
v 0.2788384258747101 0.13078747689723969 0.4796455502510071
v 0.288529634475708 0.11009009182453156 0.47468113899230957
v 0.2337304800748825 0.07525783777236938 0.4758113622665405
v 0.23188070952892303 0.06554844975471497 0.4880600869655609
v 0.2218470573425293 0.08510135859251022 0.4931066632270813
v 0.2231215536594391 0.09400033950805664 0.4799617528915405
v 0.26488548517227173 0.04123172163963318 0.5479303002357483
v 0.2491227686405182 0.058212727308273315 0.5542237758636475
v 0.21923337876796722 0.13524308800697327 0.47713419795036316
v 0.22558067739009857 0.11981958150863647 0.47476816177368164
v 0.17278888821601868 0.10403890907764435 0.48791977763175964
v 0.20075176656246185 0.08263417333364487 0.5317602157592773
v 0.20309440791606903 0.09150885790586472 0.534400463104248
v 0.1295502781867981 0.053912729024887085 0.4420064389705658
v 0.12924456596374512 0.06812053173780441 0.4382956326007843
v 0.1781185120344162 0.04942755773663521 0.49926403164863586
v 0.18365401029586792 0.06367331743240356 0.5057862401008606
v 0.13850188255310059 0.059541478753089905 0.4465612471103668
v 0.13533496856689453 0.06889711320400238 0.4425557851791382
v 0.08408044278621674 -0.007749567739665508 0.44817855954170227
v 0.047703810036182404 0.24201157689094543 0.5300023555755615
v 0.24621540307998657 0.11402830481529236 0.4686448872089386
v 0.23231682181358337 0.10359134525060654 0.47216254472732544
v 0.2534199357032776 0.08345098793506622 0.568294107913971
v 0.24244989454746246 0.09347867220640182 0.5711706280708313
v 0.23638124763965607 0.08989841490983963 0.5665901303291321
v 0.2460944503545761 0.07715751975774765 0.5647034645080566
v 0.19898739457130432 0.10149624943733215 0.6362180113792419
v 0.1849137842655182 0.09185310453176498 0.6462112665176392
v 0.19241711497306824 0.07831114530563354 0.6324523687362671
v 0.2049066126346588 0.09002448618412018 0.6239215135574341
v 0.28920063376426697 0.1507035195827484 0.5453164577484131
v 0.2917569875717163 0.15292522311210632 0.5333158373832703
v 0.2845335006713867 0.169603630900383 0.5395439863204956
v 0.2827198803424835 0.16348636150360107 0.5515971183776855
v 0.2835688889026642 0.17437738180160522 0.5237487554550171
v 0.29121577739715576 0.15520045161247253 0.5177141427993774
v 0.2850418984889984 0.15480969846248627 0.4997607171535492
v 0.2771373391151428 0.1752462238073349 0.5046411752700806
v 0.21354924142360687 -0.29045748710632324 0.5276521444320679
v 0.21345506608486176 -0.2939642071723938 0.49652013182640076
v 0.15037046372890472 -0.15047800540924072 0.448177307844162
v 0.1291038542985916 -0.15611368417739868 0.4348980486392975
v 0.10467418283224106 -0.25539857149124146 0.4189743995666504
v 0.043117742985486984 -0.3645349442958832 0.44217848777770996
v 0.03472883999347687 -0.3787282705307007 0.4664109945297241
v 0.05011460930109024 -0.4574972689151764 0.5132967233657837
v 0.20795413851737976 -0.2979980707168579 0.4644501805305481
v 0.059561461210250854 -0.4883170425891876 0.5141007900238037
v 0.0703345537185669 -0.5197087526321411 0.5132538080215454
v 0.13165853917598724 -0.5223548412322998 0.5553920269012451
v 0.15887919068336487 -0.5208626389503479 0.5512144565582275
v 0.15413305163383484 -0.4922597408294678 0.5595240592956543
v 0.1240694522857666 -0.4918244183063507 0.5637010931968689
v 0.1829136312007904 -0.5193187594413757 0.5376805067062378
v 0.18129272758960724 -0.491305947303772 0.5457745790481567
v 0.13644498586654663 -0.5815926790237427 0.3863997757434845
v 0.21698682010173798 -0.8139382600784302 0.5279240012168884
v 0.23685821890830994 -0.8492164015769958 0.5142168402671814
v 0.2349485158920288 -0.8110359311103821 0.5144522786140442
v 0.2203691452741623 -0.8507713675498962 0.5271362662315369
v 0.2460387647151947 -0.8110697269439697 0.4947570562362671
v 0.24090321362018585 -0.7769173383712769 0.4916229844093323
v 0.2227654606103897 -0.8611956834793091 0.4287649393081665
v 0.22254464030265808 -0.8885703682899475 0.5241006016731262
v 0.23749591410160065 -0.8879672884941101 0.5121409893035889
v 0.24746392667293549 -0.8483778834342957 0.49533987045288086
v 0.2463982105255127 -0.8878965973854065 0.495672345161438
v 0.036473795771598816 -0.3993440270423889 0.4953446686267853
v 0.17544957995414734 -0.35926753282546997 0.4105685353279114
v 0.17108997702598572 -0.33128732442855835 0.4146755337715149
v 0.1091122031211853 -0.3163474202156067 0.40774214267730713
v 0.08225683867931366 -0.3292163014411926 0.41360709071159363
v 0.10070087760686874 -0.08336686342954636 0.4409850835800171
v 0.12362354248762131 -0.08062134683132172 0.4509272277355194
v 0.12238521873950958 -0.04297143220901489 0.4611903131008148
v 0.14314058423042297 -0.040299709886312485 0.47311216592788696
v 0.14305289089679718 -0.05887188762426376 0.46924591064453125
v 0.12249623984098434 -0.061855748295784 0.45661109685897827
v 0.17489100992679596 -0.03637015447020531 0.5121778845787048
v 0.18313144147396088 -0.03446974605321884 0.5371525287628174
v 0.17979001998901367 -0.05198798328638077 0.5335103869438171
v 0.1724778711795807 -0.054118674248456955 0.5088119506835938
v 0.17925485968589783 -0.06892604380846024 0.5279571413993835
v 0.1792571097612381 -0.06672311574220657 0.5533415079116821
v 0.14120475947856903 -0.03627362102270126 0.636707067489624
v 0.1558685600757599 -0.039873212575912476 0.6222480535507202
v 0.1589299440383911 -0.018495552241802216 0.6280748248100281
v 0.14415855705738068 -0.01317187212407589 0.6422833204269409
v 0.035961367189884186 -0.3162057399749756 0.4251052141189575
v 0.03378362953662872 -0.3845163583755493 0.48514190316200256
v 0.08201977610588074 -0.3956238627433777 0.40482446551322937
v 0.11118487268686295 -0.3622528314590454 0.3948422372341156
v 0.14445455372333527 -0.36033767461776733 0.39596229791641235
v 0.21803846955299377 0.10256271809339523 0.5250150561332703
v 0.21919071674346924 0.11962123215198517 0.6089617013931274
v 0.2203308343887329 0.10971410572528839 0.6033021211624146
v 0.29956328868865967 0.13331526517868042 0.5130448937416077
v 0.29309117794036865 0.13315145671367645 0.49494898319244385
v 0.21508434414863586 0.11030460894107819 0.4827442765235901
v 0.23876027762889862 0.1782408058643341 0.4794781804084778
v 0.22486349940299988 0.16400904953479767 0.47659218311309814
v 0.2183687388896942 0.1780911237001419 0.47769641876220703
v 0.1339436173439026 -0.2688544988632202 0.4210476279258728
v 0.16359081864356995 -0.28234484791755676 0.42291539907455444
v 0.13624772429466248 -0.28975895047187805 0.4149124026298523
v 0.04539785906672478 -0.38968101143836975 0.5492147207260132
v 0.05950995534658432 -0.3464900553226471 0.4233994781970978
v 0.0792723149061203 -0.5502347946166992 0.5114865899085999
v 0.08652321994304657 -0.5790838003158569 0.5099806785583496
v 0.09360551834106445 -0.6058337092399597 0.5093958377838135
v 0.10039432346820831 -0.6318686008453369 0.5100573301315308
v 0.10804691910743713 -0.657247006893158 0.5111282467842102
v 0.11897357553243637 -0.6815847158432007 0.5101355314254761
v 0.13080757856369019 -0.7052310705184937 0.5065690875053406
v 0.1418410837650299 -0.7321177124977112 0.5086749792098999
v 0.14106246829032898 -0.7971179485321045 0.5094584822654724
v 0.15422885119915009 -0.7934507727622986 0.522840142250061
v 0.14923714101314545 -0.7618253231048584 0.516087532043457
v 0.15906666219234467 -0.8264489769935608 0.527239978313446
v 0.16447307169437408 -0.8606839776039124 0.5282597541809082
v 0.17218813300132751 -0.8962154388427734 0.5240867733955383
v 0.1786985546350479 -0.9329557418823242 0.5205853581428528
v 0.18340304493904114 -0.969582736492157 0.5180962085723877
v 0.03620368614792824 -0.3850215971469879 0.5220010280609131
v 0.04063967242836952 -0.3866446614265442 0.5350872278213501
v 0.1431179940700531 0.23243339359760284 0.5181657075881958
v 0.1950673758983612 0.10645066946744919 0.5234397649765015
v 0.19710876047611237 0.1123446375131607 0.5257711410522461
v 0.20950090885162354 0.12511587142944336 0.4849926233291626
v 0.31270289421081543 0.07827828824520111 0.5341747403144836
v 0.31474947929382324 0.09111599624156952 0.524113655090332
v 0.21402239799499512 0.10346772521734238 0.49681904911994934
v 0.19542913138866425 0.13097473978996277 0.5135431289672852
v 0.20146487653255463 0.13394036889076233 0.513572096824646
v 0.3559190034866333 -0.029879171401262283 0.345533549785614
v 0.36804407835006714 -0.03782561421394348 0.3497416377067566
v 0.36282625794410706 -0.04502134025096893 0.33103737235069275
v 0.3508512079715729 -0.03797115385532379 0.32798072695732117
v 0.3412586450576782 -0.027639571577310562 0.3446437120437622
v 0.33734121918678284 -0.03688766434788704 0.328352689743042
v 0.3042793273925781 -0.07741928100585938 0.36749178171157837
v 0.30370306968688965 -0.06271395087242126 0.36285147070884705
v 0.305480420589447 -0.07137662172317505 0.3452712595462799
v 0.30668115615844727 -0.08543650805950165 0.3494778573513031
v 0.32159075140953064 -0.049024488776922226 0.3145815432071686
v 0.3129335641860962 -0.056424207985401154 0.319017618894577
v 0.3142123818397522 -0.0477525070309639 0.3354853391647339
v 0.3245253264904022 -0.04043987765908241 0.3308144509792328
v 0.32571935653686523 -0.09861408174037933 0.37502533197402954
v 0.34037110209465027 -0.10056290030479431 0.37666118144989014
v 0.3375183939933777 -0.09550647437572479 0.39613640308380127
v 0.32242804765701294 -0.09277315437793732 0.39346274733543396
v 0.30087941884994507 -0.036763034760951996 0.4327072203159332
v 0.30154532194137573 -0.051034390926361084 0.43905195593833923
v 0.29975834488868713 -0.0411200188100338 0.44789713621139526
v 0.3002741038799286 -0.02746431529521942 0.4402487576007843
v 0.3640271723270416 -0.013783513568341732 0.381234735250473
v 0.3753376603126526 -0.02319611981511116 0.38838016986846924
v 0.3723286986351013 -0.03052487224340439 0.3691166341304779
v 0.36016881465911865 -0.021563474088907242 0.3633861839771271
v 0.31877774000167847 -0.018284572288393974 0.3845984637737274
v 0.3085535168647766 -0.02963339351117611 0.39102813601493835
v 0.3104645311832428 -0.01999691128730774 0.40733131766319275
v 0.32096460461616516 -0.008775103837251663 0.4006621241569519
v 0.36753320693969727 -0.006320212036371231 0.39975205063819885
v 0.37684518098831177 -0.016963183879852295 0.40844520926475525
v 0.3153865933418274 -0.03783004730939865 0.35147297382354736
v 0.30751922726631165 -0.04918289557099342 0.35755079984664917
v 0.30752837657928467 -0.03935820609331131 0.37413161993026733
v 0.31682103872299194 -0.027994835749268532 0.36791476607322693
v 0.3296249806880951 -0.10786907374858856 0.33678802847862244
v 0.3425282835960388 -0.10833325982093811 0.33716580271720886
v 0.34193241596221924 -0.10455848276615143 0.35674411058425903
v 0.3281022012233734 -0.1037607192993164 0.355754017829895
v 0.3082094192504883 -0.06690801680088043 0.3235551416873932
v 0.3067343831062317 -0.07905368506908417 0.3275703489780426
v 0.30800724029541016 -0.05857033655047417 0.3406454622745514
v 0.3701108992099762 -0.07328510284423828 0.3218027651309967
v 0.3655291199684143 -0.061813320964574814 0.3167153596878052
v 0.37114715576171875 -0.05545663833618164 0.3366387188434601
v 0.37512290477752686 -0.06807541102170944 0.3424846827983856
v 0.30028361082077026 -0.05840589106082916 0.40292638540267944
v 0.30199453234672546 -0.04369702935218811 0.39732861518859863
v 0.30231061577796936 -0.05330061912536621 0.38015517592430115
v 0.30214256048202515 -0.06831781566143036 0.38521257042884827
v 0.34855273365974426 -0.008662279695272446 0.3783746659755707
v 0.3449510335922241 -0.018099315464496613 0.3615833520889282
v 0.3788565397262573 -0.06261518597602844 0.362614244222641
v 0.37599998712539673 -0.04920843988656998 0.35637614130973816
v 0.3791772127151489 -0.042863618582487106 0.3765876889228821
v 0.3814590573310852 -0.05703567713499069 0.38385623693466187
v 0.37659603357315063 -0.06751974672079086 0.4115149974822998
v 0.3642500340938568 -0.07860350608825684 0.4155101478099823
v 0.3663943409919739 -0.08312338590621948 0.39457130432128906
v 0.3770303428173065 -0.07189095765352249 0.3903091847896576
v 0.30061542987823486 -0.04727043956518173 0.41992613673210144
v 0.30290934443473816 -0.062207046896219254 0.4253692328929901
v 0.31836268305778503 -0.0845496654510498 0.41221386194229126
v 0.33372852206230164 -0.08871949464082718 0.4157480299472809
v 0.3294103741645813 -0.08090075850486755 0.43465086817741394
v 0.313451886177063 -0.07530355453491211 0.4302079975605011
v 0.33964046835899353 0.015969719737768173 0.41934850811958313
v 0.35576725006103516 0.014326773583889008 0.4231617748737335
v 0.3545648455619812 0.007340902462601662 0.41045570373535156
v 0.3375210464000702 0.007620062679052353 0.4085981249809265
v 0.3691057562828064 6.0930848121643066e-05 0.41793134808540344
v 0.36906617879867554 0.006412457674741745 0.43352988362312317
v 0.36847448348999023 0.0069473013281822205 0.4683968126773834
v 0.3690229654312134 -0.005329117178916931 0.4785154461860657
v 0.3732832074165344 -0.0112772136926651 0.46855396032333374
v 0.37155112624168396 0.000763818621635437 0.45686444640159607
v 0.37267690896987915 -0.059756819158792496 0.45428285002708435
v 0.357782781124115 -0.06873711198568344 0.45900967717170715
v 0.36122384667396545 -0.07382003962993622 0.4368020296096802
v 0.3753337860107422 -0.06392449140548706 0.4325050115585327
v 0.3347283601760864 -0.0671762153506279 0.4741009473800659
v 0.3187541365623474 -0.06472201645374298 0.46530142426490784
v 0.3241528868675232 -0.07299491763114929 0.45200663805007935
v 0.34076255559921265 -0.07341710478067398 0.457515686750412
v 0.2995590269565582 -0.023970067501068115 0.5008757710456848
v 0.28940117359161377 -0.020448967814445496 0.49246978759765625
v 0.2984899878501892 -0.03242257237434387 0.48562002182006836
v 0.3100101351737976 -0.0369989275932312 0.49338817596435547
v 0.28534233570098877 -0.013427674770355225 0.4647397994995117
v 0.2776188254356384 -0.0044744908809661865 0.46934080123901367
v 0.2789803147315979 0.005220174789428711 0.4576634168624878
v 0.28680160641670227 -0.002861201763153076 0.45383915305137634
v 0.33363834023475647 0.03898926079273224 0.4488322138786316
v 0.34833699464797974 0.037078723311424255 0.4617728888988495
v 0.3526369333267212 0.03246798366308212 0.4552299380302429
v 0.33766308426856995 0.03448127210140228 0.4441140294075012
v 0.36946606636047363 -0.05487936735153198 0.47381940484046936
v 0.3531568646430969 -0.06368081271648407 0.4812895357608795
v 0.2912338376045227 -0.021319523453712463 0.45916426181793213
v 0.29222598671913147 -0.009665831923484802 0.4491844177246094
v 0.297141432762146 -0.018202349543571472 0.44448551535606384
v 0.29679107666015625 -0.030780129134655 0.45385047793388367
v 0.30919742584228516 0.013670355081558228 0.43751904368400574
v 0.3230441212654114 0.02349136769771576 0.43394985795021057
v 0.3236313462257385 0.017580591142177582 0.42742806673049927
v 0.31136277318000793 0.005964457988739014 0.4312197268009186
v 0.33945906162261963 0.030498884618282318 0.43719446659088135
v 0.35468560457229614 0.02841467410326004 0.4456770420074463
v 0.3562060296535492 0.02223306894302368 0.4349542260169983
v 0.3397689163684845 0.023808129131793976 0.4278087913990021
v 0.3666585683822632 -0.05074149742722511 0.48640531301498413
v 0.3733883500099182 -0.038109082728624344 0.47861239314079285
v 0.36802950501441956 -0.03482533246278763 0.48796936869621277
v 0.36034759879112244 -0.04585656523704529 0.49362218379974365
v 0.32710278034210205 -0.05845779925584793 0.4831990897655487
v 0.3131640553474426 -0.054655879735946655 0.47399967908859253
v 0.3129194974899292 -0.003880217671394348 0.42624202370643616
v 0.3047577738761902 -0.0154094398021698 0.43257173895835876
v 0.3022143840789795 -0.0059221163392066956 0.43639469146728516
v 0.3676174283027649 0.013104818761348724 0.44601359963417053
v 0.311166912317276 -0.025543972849845886 0.5068258047103882
v 0.32295936346054077 -0.02453315258026123 0.5114479064941406
v 0.3113480806350708 -0.010855764150619507 0.5186488032341003
v 0.29942309856414795 -0.012575969099998474 0.5140835046768188
v 0.2884714901447296 -0.01103644073009491 0.507205069065094
v 0.2789028286933899 -0.006941065192222595 0.4978216290473938
v 0.2678634226322174 0.008508250117301941 0.47332048416137695
v 0.2695155441761017 0.01833304762840271 0.4611586928367615
v 0.27703535556793213 0.028669089078903198 0.45147785544395447
v 0.28915849328041077 0.03850202262401581 0.4461032748222351
v 0.2989833950996399 0.024913251399993896 0.44299212098121643
v 0.2867450416088104 0.0154198557138443 0.44847238063812256
v 0.3225015103816986 0.051994770765304565 0.4547850489616394
v 0.3371637165546417 0.05089752376079559 0.46762141585350037
v 0.3563734292984009 0.029700666666030884 0.47411584854125977
v 0.34699228405952454 0.04328241944313049 0.48087793588638306
v 0.29594185948371887 -0.03359454125165939 0.46972933411598206
v 0.2896139621734619 -0.02398689091205597 0.4758312702178955
v 0.37634336948394775 -0.07641992717981339 0.3692212998867035
v 0.36694884300231934 -0.08766055107116699 0.37373363971710205
v 0.36584872007369995 -0.09163402765989304 0.3529893159866333
v 0.3736916780471802 -0.08071722090244293 0.34842145442962646
v 0.3540618419647217 -0.10348475724458694 0.33588293194770813
v 0.35469865798950195 -0.09983611851930618 0.35573887825012207
v 0.32740312814712524 -0.0304314773529768 0.3470424711704254
v 0.3298172950744629 -0.020691612735390663 0.36322498321533203
v 0.33295828104019165 -0.04478948563337326 0.3116184175014496
v 0.32377803325653076 0.008114255964756012 0.4208163917064667
v 0.32295405864715576 -0.00021268054842948914 0.41334185004234314
v 0.3673143982887268 -0.017804160714149475 0.4879598915576935
v 0.3647123873233795 0.0008387565612792969 0.4872978627681732
v 0.3618786633014679 -0.011014968156814575 0.4957093894481659
v 0.37778836488723755 -0.04032249003648758 0.46503549814224243
v 0.38101819157600403 -0.04318726807832718 0.4464470446109772
v 0.3797847628593445 -0.025717906653881073 0.43757539987564087
v 0.37804001569747925 -0.02155226469039917 0.45793500542640686
v 0.3529926538467407 -0.04018612205982208 0.4975878894329071
v 0.36184751987457275 -0.030084848403930664 0.4943028390407562
v 0.35472097992897034 -0.02170826494693756 0.5007835030555725
v 0.3449842929840088 -0.030830353498458862 0.5039150714874268
v 0.3154832124710083 0.03317783772945404 0.44207048416137695
v 0.3204187750816345 0.027643397450447083 0.43925827741622925
v 0.3511056900024414 0.022335439920425415 0.5044318437576294
v 0.3587687611579895 0.01001332700252533 0.4957687556743622
v 0.3595484495162964 0.020029783248901367 0.48542821407318115
v 0.35194873809814453 0.03241519629955292 0.49307769536972046
v 0.364730566740036 0.012292668223381042 0.47754162549972534
v 0.3454402983188629 0.01267881691455841 0.5133724212646484
v 0.3546999394893646 -0.0002709031105041504 0.5042319297790527
v 0.30527463555336 0.04724586009979248 0.44663894176483154
v 0.33551299571990967 -0.018256142735481262 0.5126376748085022
v 0.3462850749492645 -0.009832769632339478 0.5094975233078003
v 0.335891455411911 0.0035762041807174683 0.5184195637702942
v 0.3238457441329956 -0.004765063524246216 0.5205904841423035
v 0.354287326335907 -0.09576424211263657 0.37625250220298767
v 0.35254836082458496 -0.09118542075157166 0.3962857723236084
v 0.30582720041275024 -0.05607329681515694 0.4562886655330658
v 0.30909180641174316 -0.06573805212974548 0.4456873834133148
v 0.30150771141052246 -0.04525165259838104 0.46356943249702454
v 0.31222212314605713 -0.09118397533893585 0.3715551197528839
v 0.31519395112991333 -0.09742164611816406 0.353292316198349
v 0.3053622841835022 -0.07361957430839539 0.40788358449935913
v 0.30876296758651733 -0.0830230861902237 0.3898979723453522
v 0.38186419010162354 -0.05208221450448036 0.4042804539203644
v 0.33125483989715576 -0.04947179555892944 0.494293212890625
v 0.31894469261169434 -0.04835100471973419 0.48745402693748474
v 0.3408827781677246 -0.05830402672290802 0.49082422256469727
v 0.27115339040756226 8.255243301391602e-06 0.4858199954032898
v 0.28152257204055786 -0.013595804572105408 0.48156028985977173
v 0.3578888177871704 -0.05733906477689743 0.4901127815246582
v 0.25751787424087524 0.01854074001312256 0.4915767312049866
v 0.3747689127922058 -0.00563691183924675 0.4451318383216858
v 0.36475178599357605 0.019235357642173767 0.45730167627334595
v 0.36146268248558044 0.023608878254890442 0.4668698310852051
v 0.35714852809906006 -0.051734644919633865 0.31273648142814636
v 0.33216390013694763 -0.010896367952227592 0.3795742392539978
v 0.31264591217041016 -0.011720206588506699 0.4199869930744171
v 0.3051246404647827 -0.02386203035712242 0.42661184072494507
v 0.3428105115890503 -0.04734048247337341 0.49798280000686646
v 0.3335861563682556 -0.0372290313243866 0.5037874579429626
v 0.321786105632782 -0.0385446697473526 0.4990942180156708
v 0.305343896150589 0.01754099130630493 0.44085434079170227
v 0.2937925159931183 0.00768435001373291 0.4453163146972656
v 0.3175697922706604 -0.10231989622116089 0.33481481671333313
v 0.29835230112075806 0.0024266839027404785 0.44106820225715637
v 0.3760066628456116 -0.011938938871026039 0.42715513706207275
v 0.09344936162233353 0.20005254447460175 0.67304927110672
v 0.17171400785446167 0.03565547987818718 0.4942834675312042
v 0.12140762805938721 0.012126946821808815 0.46448078751564026
v 0.1395072489976883 0.015598433092236519 0.47485220432281494
v 0.190464586019516 0.08837702125310898 0.516456127166748
v 0.19290563464164734 0.09857697039842606 0.5201464295387268
v 0.20065872371196747 0.11964789032936096 0.5246220827102661
v 0.2053672969341278 0.12507177889347076 0.5257410407066345
v 0.172981396317482 0.07028254866600037 0.4885910153388977
v 0.1277696192264557 0.44135668873786926 0.5488587617874146
v 0.12715430557727814 0.43485313653945923 0.5531363487243652
v 0.12985177338123322 0.45433953404426575 0.5448808073997498
v 0.0031116753816604614 -0.12180976569652557 0.4207548499107361
v 0.12378829717636108 0.4260963499546051 0.5440425872802734
v 0.1226949393749237 0.4176880419254303 0.5480790138244629
v 0.1268008053302765 0.42113375663757324 0.5441541075706482
v 0.1224825531244278 0.4270291328430176 0.5425009727478027
v 0.12231355905532837 0.4280698001384735 0.5416098237037659
v 0.12683367729187012 0.45448920130729675 0.5350242257118225
v 0.126093327999115 0.4266206622123718 0.5562971234321594
v 0.12352970242500305 0.4170474410057068 0.5577300190925598
v 0.12345292419195175 0.44023072719573975 0.5338966250419617
v 0.10938458144664764 -0.14429065585136414 0.630165696144104
v 0.08709655702114105 -0.1453264355659485 0.6372888088226318
v 0.09119515866041183 -0.164104163646698 0.6424488425254822
v 0.11436924338340759 -0.16347378492355347 0.6326470971107483
v 0.09527694433927536 -0.18322710692882538 0.6483882665634155
v 0.19882598519325256 -0.21018722653388977 0.5826429128646851
v 0.20714503526687622 -0.20579028129577637 0.5553987622261047
v 0.20182253420352936 -0.18458864092826843 0.5562541484832764
v 0.19368135929107666 -0.18838262557983398 0.5820069909095764
v 0.20022940635681152 -0.16639398038387299 0.5316641330718994
v 0.19624114036560059 -0.16643473505973816 0.5577090978622437
v 0.2045188546180725 -0.18230319023132324 0.5282472372055054
v 0.20133236050605774 -0.18535833060741425 0.5004209280014038
v 0.19715705513954163 -0.1677948534488678 0.5045387744903564
v 0.19164136052131653 -0.19199025630950928 0.47583988308906555
v 0.1874876171350479 -0.17325159907341003 0.47965115308761597
v 0.17714039981365204 -0.20115016400814056 0.4557124376296997
v 0.1570986658334732 -0.21096524596214294 0.43957552313804626
v 0.13317719101905823 -0.24416109919548035 0.4253332316875458
v 0.10532055795192719 -0.2288520634174347 0.4204568862915039
v 0.13243001699447632 -0.22041268646717072 0.42796754837036133
v 0.05482478067278862 -0.23940446972846985 0.4135168194770813
v 0.07889415323734283 -0.23602649569511414 0.41629213094711304
v 0.013432074338197708 -0.24203699827194214 0.4150083065032959
v 0.0329219326376915 -0.2415419965982437 0.41322362422943115
v 0.13146835565567017 0.21445956826210022 0.5036038756370544
v 0.1558222770690918 0.27099233865737915 0.6118814945220947
v 0.16700230538845062 0.26526957750320435 0.6087355613708496
v 0.168601393699646 0.2694162428379059 0.585489809513092
v 0.19181761145591736 0.2096545249223709 0.6365267634391785
v 0.19313590228557587 0.22736036777496338 0.6254640817642212
v 0.1775129735469818 0.22404298186302185 0.6428501009941101
v 0.17617952823638916 0.20779508352279663 0.6503314971923828
v 0.14894285798072815 0.26416927576065063 0.6280323266983032
v 0.1411561369895935 0.26730430126190186 0.6289632320404053
v 0.15799294412136078 0.25830644369125366 0.6279994249343872
v 0.1293562352657318 0.2453175187110901 0.6538645029067993
v 0.14533063769340515 0.25175830721855164 0.6435714364051819
v 0.20850738883018494 0.25099796056747437 0.5631553530693054
v 0.21395084261894226 0.23928247392177582 0.5851718187332153
v 0.2228277325630188 0.23606806993484497 0.5757750272750854
v 0.21901902556419373 0.24725455045700073 0.5538714528083801
v 0.21624991297721863 0.19227458536624908 0.6184454560279846
v 0.21353457868099213 0.17718923091888428 0.6235300302505493
v 0.2235834002494812 0.17708009481430054 0.6143345832824707
v 0.22579152882099152 0.19176560640335083 0.60936439037323
v 0.2508071959018707 0.22371843457221985 0.5246968269348145
v 0.2546042799949646 0.21850720047950745 0.5468564629554749
v 0.26566076278686523 0.20617616176605225 0.5379577279090881
v 0.2606074810028076 0.20927082002162933 0.5171042680740356
v 0.22647269070148468 0.20688171684741974 0.6016417741775513
v 0.1605920046567917 0.09960509836673737 0.6645296216011047
v 0.1790323406457901 0.1073782742023468 0.6555555462837219
v 0.19379225373268127 0.11396031826734543 0.6458514332771301
v 0.21813496947288513 0.12920279800891876 0.6136159896850586
v 0.21276679635047913 0.12622399628162384 0.6215622425079346
v 0.214983269572258 0.11457118391990662 0.616590142250061
v 0.2239132523536682 0.1309143602848053 0.6063798666000366
v 0.23044809699058533 0.1307704746723175 0.5983052253723145
v 0.20765653252601624 0.16126778721809387 0.4798097014427185
v 0.2002907395362854 0.17040400207042694 0.4795471429824829
v 0.21078217029571533 0.19083115458488464 0.47995075583457947
v 0.23943884670734406 0.12191158533096313 0.582046627998352
v 0.23321789503097534 0.12618976831436157 0.5882974863052368
v 0.2301986664533615 0.12112751603126526 0.5855613946914673
v 0.23647457361221313 0.11786015331745148 0.5802041888237
v 0.19881491363048553 0.2547248601913452 0.5716460943222046
v 0.2667391300201416 0.19723986089229584 0.5545494556427002
v 0.25527626276016235 0.20768406987190247 0.5632099509239197
v 0.2559065818786621 0.19428598880767822 0.574085533618927
v 0.2663714587688446 0.1857350468635559 0.565656304359436
v 0.2642786204814911 0.17535066604614258 0.5743920207023621
v 0.2542412281036377 0.18229156732559204 0.5828729271888733
v 0.2515408396720886 0.17080414295196533 0.5886370539665222
v 0.26070457696914673 0.16518303751945496 0.5804558396339417
v 0.24301862716674805 0.1270286738872528 0.5836174488067627
v 0.23641866445541382 0.13198766112327576 0.590350329875946
v 0.25570598244667053 0.1885058730840683 0.49092966318130493
v 0.21951372921466827 0.24476000666618347 0.5195075869560242
v 0.2054840624332428 0.23396536707878113 0.498536080121994
v 0.19618889689445496 0.2420155107975006 0.5062544345855713
v 0.20956937968730927 0.2512379288673401 0.5285534858703613
v 0.21716515719890594 0.10969913750886917 0.5372101068496704
v 0.21245762705802917 0.11696317791938782 0.5254549980163574
v 0.22118644416332245 0.10306773334741592 0.5486090183258057
v 0.22486728429794312 0.11314038932323456 0.57691490650177
v 0.22567687928676605 0.10020089894533157 0.5590487122535706
v 0.20523802936077118 0.1372033953666687 0.48733460903167725
v 0.21346569061279297 0.149058535695076 0.47939321398735046
v 0.1926279366016388 0.2134043276309967 0.48749616742134094
v 0.1838250607252121 0.22247377038002014 0.4927177131175995
v 0.26923203468322754 0.19315604865550995 0.5101953148841858
v 0.27546513080596924 0.19089296460151672 0.5301821827888489
v 0.24690505862236023 0.11447450518608093 0.5781760215759277
v 0.2432006150484085 0.11002855747938156 0.576857328414917
v 0.25105732679367065 0.10311342775821686 0.5745025873184204
v 0.22457124292850494 0.11088576912879944 0.586414635181427
v 0.22764141857624054 0.11682238429784775 0.5823498964309692
v 0.22961126267910004 0.24255655705928802 0.5444483757019043
v 0.27638497948646545 0.18393202126026154 0.5470782518386841
v 0.2749252915382385 0.17485928535461426 0.5589274168014526
v 0.24480929970741272 0.18720880150794983 0.5915340185165405
v 0.2453581988811493 0.20044928789138794 0.5833263993263245
v 0.23582632839679718 0.2044275552034378 0.5927772521972656
v 0.2354777753353119 0.1900593340396881 0.6006070375442505
v 0.26980966329574585 0.15789559483528137 0.5737911462783813
v 0.2658780515193939 0.14672335982322693 0.5769025087356567
v 0.2333175539970398 0.17657138407230377 0.6054286956787109
v 0.2424740195274353 0.17461657524108887 0.5968965291976929
v 0.25092554092407227 0.12000447511672974 0.5793397426605225
v 0.17567847669124603 0.22858697175979614 0.499298632144928
v 0.16669955849647522 0.20714375376701355 0.4901528060436249
v 0.15617959201335907 0.21091756224632263 0.49440792202949524
v 0.18392646312713623 0.19157949090003967 0.48224979639053345
v 0.17538730800151825 0.2009601891040802 0.48643070459365845
v 0.19239529967308044 0.1798591911792755 0.47957557439804077
v 0.14499431848526 0.21260543167591095 0.4981837272644043
v 0.35085779428482056 -0.05468650162220001 0.4939235746860504
v 0.247412770986557 0.09820321202278137 0.5734041929244995
v 0.2574482560157776 0.09059560298919678 0.5700538158416748
v 0.2594187557697296 0.09681329131126404 0.5713860988616943
v 0.30416595935821533 0.06893755495548248 0.5443371534347534
v 0.013346239924430847 0.3455274999141693 0.47515779733657837
v 0.011674068868160248 0.35050857067108154 0.4715426564216614
v 0.010274376720190048 0.3703451156616211 0.4660796821117401
v 0.0104391910135746 0.3741177022457123 0.4659360945224762
v 0.37234365940093994 -0.02274926006793976 0.4796734154224396
v 0.3757147192955017 -0.027345728129148483 0.47258448600769043
v 0.38199084997177124 -0.04726080596446991 0.4256017506122589
v 0.38058286905288696 -0.03658061847090721 0.3970809578895569
v 0.380484402179718 -0.030896363779902458 0.41738995909690857
v 0.3522533178329468 -7.079914212226868e-06 0.3952530324459076
v 0.335408091545105 -0.0009809210896492004 0.3958928883075714
v 0.3032935857772827 -0.03361515700817108 0.41392582654953003
v 0.345481812953949 -0.07967767119407654 0.4375244081020355
v 0.33493921160697937 -0.057189956307411194 0.2751081883907318
v 0.3461739420890808 -0.06274642050266266 0.2754462957382202
v 0.34104296565055847 -0.06753067672252655 0.2558811604976654
v 0.329988956451416 -0.06280150264501572 0.256900817155838
v 0.32609179615974426 -0.06808121502399445 0.238296240568161
v 0.31635522842407227 -0.07014784961938858 0.2421320676803589
v 0.31966710090637207 -0.06426757574081421 0.2597871720790863
v 0.3101074993610382 -0.07693612575531006 0.2474038004875183
v 0.3123932480812073 -0.07084929198026657 0.2643808126449585
v 0.3069160580635071 -0.08608059585094452 0.2527290880680084
v 0.3069576919078827 -0.09432521462440491 0.2559233009815216
v 0.30723845958709717 -0.08842379599809647 0.2722296118736267
v 0.3083285093307495 -0.07965032756328583 0.2689759135246277
v 0.3084619343280792 -0.09178800135850906 0.292456716299057
v 0.30904078483581543 -0.09764688462018967 0.2748892307281494
v 0.313711941242218 -0.10678721964359283 0.2771902084350586
v 0.31219786405563354 -0.10254812240600586 0.2953825891017914
v 0.3286270499229431 -0.12227912247180939 0.2603800594806671
v 0.336780846118927 -0.12181909382343292 0.258572518825531
v 0.3396167755126953 -0.11845509707927704 0.27749398350715637
v 0.3300568163394928 -0.11919357627630234 0.27921047806739807
v 0.35720136761665344 -0.10317712277173996 0.29027119278907776
v 0.3503202199935913 -0.11041285842657089 0.2945776879787445
v 0.34799039363861084 -0.11378764361143112 0.2742307484149933
v 0.35472753643989563 -0.10689018666744232 0.2699310779571533
v 0.3531685471534729 -0.11130841821432114 0.2511928975582123
v 0.3546642065048218 -0.10201606154441833 0.2456282377243042
v 0.3575945496559143 -0.09811346977949142 0.2650517523288727
v 0.34575027227401733 -0.04556204006075859 0.310730516910553
v 0.3402140736579895 -0.05147375166416168 0.2927711009979248
v 0.328122079372406 -0.05190084129571915 0.2945713996887207
v 0.30976104736328125 -0.07197149842977524 0.2856927216053009
v 0.3116214871406555 -0.06438088417053223 0.3026616871356964
v 0.318178653717041 -0.05646178498864174 0.2984312176704407
v 0.3151874244213104 -0.06368114799261093 0.2814524471759796
v 0.30912309885025024 -0.09213144332170486 0.3314150869846344
v 0.30804771184921265 -0.08576984703540802 0.3102010488510132
v 0.31088247895240784 -0.09749048203229904 0.3135400116443634
v 0.3075960874557495 -0.08160333335399628 0.2892306447029114
v 0.3082621097564697 -0.07444599270820618 0.3066444396972656
v 0.3202996253967285 -0.11115685105323792 0.2978123724460602
v 0.32107338309288025 -0.1146010309457779 0.27898848056793213
v 0.35447192192077637 -0.07200559973716736 0.2770738899707794
v 0.3596765995025635 -0.0827888697385788 0.2808537483215332
v 0.35494929552078247 -0.08753596991300583 0.26018673181533813
v 0.34957414865493774 -0.07701559364795685 0.2568070888519287
v 0.319046288728714 -0.10674998164176941 0.3160061538219452
v 0.36473774909973145 -0.07823556661605835 0.30127060413360596
v 0.3599119186401367 -0.06720419228076935 0.29701516032218933
v 0.36100199818611145 -0.09353503584861755 0.28570985794067383
v 0.36486029624938965 -0.08950747549533844 0.306244432926178
v 0.3453657627105713 -0.08160752058029175 0.23798516392707825
v 0.3365967273712158 -0.0726555585861206 0.23686620593070984
v 0.3515393137931824 -0.057338133454322815 0.29383695125579834
v 0.33047792315483093 -0.11581702530384064 0.2986547350883484
v 0.341035395860672 -0.11513463407754898 0.2974356710910797
v 0.34200894832611084 -0.11185188591480255 0.317164808511734
v 0.33015307784080505 -0.11195670068264008 0.3176431357860565
v 0.363130658864975 -0.09574421495199203 0.3321705460548401
v 0.35231801867485046 -0.1070723831653595 0.3151315748691559
v 0.3601287305355072 -0.09950931370258331 0.31122887134552
v 0.3449884057044983 -0.11827714741230011 0.2551846504211426
v 0.3691707253456116 -0.08529127389192581 0.3272849917411804
v 0.28768450021743774 -0.11690247803926468 0.17748227715492249
v 0.28645503520965576 -0.11321510374546051 0.18651172518730164
v 0.2791370153427124 -0.10717224329710007 0.18032577633857727
v 0.28154462575912476 -0.11088646203279495 0.17140600085258484
v 0.2730853259563446 -0.0962514579296112 0.19966694712638855
v 0.2757246494293213 -0.08501605689525604 0.20367634296417236
v 0.27004504203796387 -0.08104327321052551 0.19265392422676086
v 0.2674975097179413 -0.09075972437858582 0.1892680525779724
v 0.2784472703933716 -0.104326531291008 0.16563525795936584
v 0.2748599052429199 -0.10141916573047638 0.17443034052848816
v 0.2791001498699188 -0.09770675003528595 0.16327735781669617
v 0.28482362627983093 -0.10117283463478088 0.15322861075401306
v 0.28081923723220825 -0.10642066597938538 0.15688303112983704
v 0.28659504652023315 -0.10516166687011719 0.14467287063598633
v 0.296652227640152 -0.0980588048696518 0.15437161922454834
v 0.29627200961112976 -0.10621879994869232 0.14334118366241455
v 0.3181005120277405 -0.11471164226531982 0.15993866324424744
v 0.32361897826194763 -0.1230114996433258 0.16459012031555176
v 0.31822168827056885 -0.13026008009910583 0.15231147408485413
v 0.3121829628944397 -0.1215558648109436 0.14795100688934326
v 0.3238411545753479 -0.1445753574371338 0.16673409938812256
v 0.3210814893245697 -0.13792574405670166 0.15841427445411682
v 0.3265902101993561 -0.12968143820762634 0.17017480731010437
v 0.3288869559764862 -0.1361607015132904 0.17713451385498047
v 0.29773712158203125 -0.12623342871665955 0.18539518117904663
v 0.298787921667099 -0.12349110841751099 0.19504430890083313
v 0.2944105863571167 -0.11890959739685059 0.19174468517303467
v 0.29442232847213745 -0.12200018763542175 0.18249830603599548
v 0.2774233818054199 -0.08681434392929077 0.16285207867622375
v 0.28878065943717957 -0.08888044953346252 0.16448974609375
v 0.2849053740501404 -0.09350258111953735 0.16085094213485718
v 0.27466264367103577 -0.09013918042182922 0.16310343146324158
v 0.3031933009624481 -0.128321573138237 0.22293835878372192
v 0.3074914216995239 -0.12244483828544617 0.2320750653743744
v 0.3040088415145874 -0.11473993957042694 0.22934389114379883
v 0.30106794834136963 -0.1211143285036087 0.22120335698127747
v 0.28879252076148987 -0.09285517781972885 0.219986230134964
v 0.2959277927875519 -0.09707322716712952 0.22519391775131226
v 0.3009401857852936 -0.0832473486661911 0.22460126876831055
v 0.29595842957496643 -0.08093706518411636 0.2171153426170349
v 0.28224456310272217 -0.0890827625989914 0.21308284997940063
v 0.29073479771614075 -0.07847940921783447 0.21028950810432434
v 0.2842191159725189 -0.07655775547027588 0.20113053917884827
v 0.27680957317352295 -0.07432980835437775 0.19023367762565613
v 0.3142513930797577 -0.130783349275589 0.23384150862693787
v 0.31157830357551575 -0.13681580126285553 0.22833657264709473
v 0.26474785804748535 -0.13452781736850739 0.10856586694717407
v 0.26445722579956055 -0.13968369364738464 0.11089280247688293
v 0.2669718265533447 -0.13630305230617523 0.11475440859794617
v 0.2672818899154663 -0.13111834228038788 0.11251828074455261
v 0.33102792501449585 -0.137427419424057 0.22350391745567322
v 0.33759790658950806 -0.13260233402252197 0.21754765510559082
v 0.3386358916759491 -0.12984885275363922 0.22451484203338623
v 0.33085721731185913 -0.13366685807704926 0.22960558533668518
v 0.33043983578681946 -0.1428077220916748 0.21598246693611145
v 0.3361901342868805 -0.1361493319272995 0.2090775966644287
v 0.27449938654899597 -0.134041428565979 0.09983944892883301
v 0.2704918384552002 -0.13146482408046722 0.10220330953598022
v 0.2740272283554077 -0.1284862458705902 0.10598421096801758
v 0.27828168869018555 -0.1312592327594757 0.10391467809677124
v 0.2819523215293884 -0.11332519352436066 0.1627117097377777
v 0.28683823347091675 -0.1194862574338913 0.16852432489395142
v 0.2787535786628723 -0.12288053333759308 0.1465207040309906
v 0.28362077474594116 -0.12278221547603607 0.15835696458816528
v 0.28022128343582153 -0.11489589512348175 0.15372392535209656
v 0.27850157022476196 -0.11627744138240814 0.14490818977355957
v 0.2941809892654419 -0.13697876036167145 0.16931769251823425
v 0.297471821308136 -0.13289402425289154 0.17837822437286377
v 0.2937161922454834 -0.12795418500900269 0.17310181260108948
v 0.29022812843322754 -0.13232390582561493 0.16383135318756104
v 0.2991620600223541 -0.14363965392112732 0.18561893701553345
v 0.2970711886882782 -0.1475391983985901 0.1767997443675995
v 0.2977418899536133 -0.15340524911880493 0.18082687258720398
v 0.29946035146713257 -0.1494615226984024 0.18840178847312927
v 0.29135432839393616 -0.15082110464572906 0.15667656064033508
v 0.2909691333770752 -0.15499424934387207 0.14819422364234924
v 0.2932129502296448 -0.15904021263122559 0.1509113311767578
v 0.29315900802612305 -0.15525056421756744 0.15966978669166565
v 0.3403949439525604 -0.12747952342033386 0.23117747902870178
v 0.3321436047554016 -0.13038261234760284 0.23609375953674316
v 0.32534390687942505 -0.15784260630607605 0.18304547667503357
v 0.32165849208831787 -0.16232725977897644 0.1915884017944336
v 0.31814974546432495 -0.16992981731891632 0.18562635779380798
v 0.32183003425598145 -0.16501927375793457 0.1768302321434021
v 0.34060314297676086 -0.12503361701965332 0.21049943566322327
v 0.34301695227622986 -0.12238308787345886 0.21776291728019714
v 0.27750375866889954 -0.13896575570106506 0.09952259063720703
v 0.2815154790878296 -0.13624532520771027 0.10355845093727112
v 0.2945813536643982 -0.0756431370973587 0.1956961452960968
v 0.285386323928833 -0.07339152693748474 0.18509912490844727
v 0.3016473054885864 -0.07702227681875229 0.20470592379570007
v 0.30631184577941895 -0.07773147523403168 0.21146398782730103
v 0.3100338578224182 -0.07637187093496323 0.21871700882911682
v 0.28413844108581543 -0.1291448026895523 0.1547752320766449
v 0.2922450602054596 -0.12349888682365417 0.17502331733703613
v 0.2993936240673065 -0.12974175810813904 0.18819350004196167
v 0.3038872480392456 -0.15630096197128296 0.20263263583183289
v 0.30608034133911133 -0.1534203588962555 0.20918941497802734
v 0.3012288510799408 -0.14618393778800964 0.20393875241279602
v 0.30091768503189087 -0.15056347846984863 0.19844314455986023
v 0.31411993503570557 -0.16531068086624146 0.19729092717170715
v 0.3066015839576721 -0.16402247548103333 0.19731071591377258
v 0.30432426929473877 -0.16835534572601318 0.1905798316001892
v 0.3109934329986572 -0.17100705206394196 0.1908683180809021
v 0.2786068916320801 -0.08169393241405487 0.16287770867347717
v 0.2891996502876282 -0.08280603587627411 0.1690157651901245
v 0.3219585418701172 -0.1395886093378067 0.2276776134967804
v 0.32256001234054565 -0.13422612845897675 0.23320907354354858
v 0.3241017162799835 -0.12970015406608582 0.2387210726737976
v 0.29973214864730835 -0.12290912866592407 0.2085878849029541
v 0.2990823984146118 -0.11660847067832947 0.2199338674545288
v 0.2947671413421631 -0.11189552396535873 0.21801209449768066
v 0.2972419857978821 -0.1193678081035614 0.2062874436378479
v 0.2825864851474762 -0.10964982211589813 0.1976548135280609
v 0.2805774211883545 -0.10205617547035217 0.20841950178146362
v 0.27487194538116455 -0.10369890928268433 0.19010835886001587
v 0.3005164861679077 -0.10756514966487885 0.22786906361579895
v 0.30712616443634033 -0.11005420237779617 0.23638767004013062
v 0.3036523461341858 -0.10190702974796295 0.234352707862854
v 0.31165140867233276 -0.1185007095336914 0.2382616102695465
v 0.3174695372581482 -0.1257442831993103 0.2390187680721283
v 0.30885380506515503 -0.10653698444366455 0.24501699209213257
v 0.30589911341667175 -0.0983639806509018 0.24292778968811035
v 0.31435278058052063 -0.1148175448179245 0.24650350213050842
v 0.3203761875629425 -0.12172427773475647 0.24686318635940552
v 0.3510347306728363 -0.11528988182544708 0.23602786660194397
v 0.3435652554035187 -0.12249136716127396 0.24136146903038025
v 0.34663015604019165 -0.11957921087741852 0.22562646865844727
v 0.3065042197704315 -0.08046385645866394 0.23347443342208862
v 0.30142447352409363 -0.09267644584178925 0.23082390427589417
v 0.3046403229236603 -0.09015147387981415 0.23922213912010193
v 0.31334927678108215 -0.0737728700041771 0.22795897722244263
v 0.26447391510009766 -0.08692115545272827 0.18221411108970642
v 0.26057395339012146 -0.0843954086303711 0.17579850554466248
v 0.2631031274795532 -0.09043464064598083 0.17169231176376343
v 0.2674196660518646 -0.09301447868347168 0.1766708791255951
v 0.28681254386901855 -0.10991129279136658 0.13666707277297974
v 0.2807735502719879 -0.11118395626544952 0.14064374566078186
v 0.2811684310436249 -0.10826845467090607 0.14872953295707703
v 0.30267634987831116 -0.13653361797332764 0.21687492728233337
v 0.3099941909313202 -0.14386281371116638 0.22207462787628174
v 0.28028780221939087 -0.1287170797586441 0.14547398686408997
v 0.28210681676864624 -0.1276731938123703 0.10930147767066956
v 0.2773132920265198 -0.12488101422786713 0.11136642098426819
v 0.2822498083114624 -0.11879630386829376 0.1216396689414978
v 0.28772449493408203 -0.12191064655780792 0.11879634857177734
v 0.28208181262016296 -0.1351291835308075 0.1365865170955658
v 0.2787189185619354 -0.12978820502758026 0.13847994804382324
v 0.2756935954093933 -0.132913738489151 0.13153699040412903
v 0.2798653244972229 -0.13744257390499115 0.12899205088615417
v 0.29458189010620117 -0.16324946284294128 0.15713709592819214
v 0.2947906255722046 -0.16036103665828705 0.16419243812561035
v 0.30291587114334106 -0.13014771044254303 0.13807979226112366
v 0.3014071583747864 -0.11858217418193817 0.13491111993789673
v 0.3065107762813568 -0.11145736277103424 0.14454978704452515
v 0.29616451263427734 -0.14237743616104126 0.17329570651054382
v 0.29342734813690186 -0.14671097695827484 0.16495928168296814
v 0.2948204278945923 -0.15152683854103088 0.168095201253891
v 0.28464755415916443 -0.1326073259115219 0.15204733610153198
v 0.2826329469680786 -0.13325129449367523 0.14534014463424683
v 0.28580841422080994 -0.1375364512205124 0.14914220571517944
v 0.28780320286750793 -0.13547566533088684 0.15680217742919922
v 0.3258506953716278 -0.1552755981683731 0.1993788480758667
v 0.31584352254867554 -0.1593950092792511 0.20650789141654968
v 0.2671967148780823 -0.13169966638088226 0.10535189509391785
v 0.27006441354751587 -0.1284296065568924 0.10912340879440308
v 0.3340846002101898 -0.1264120638370514 0.24457749724388123
v 0.32647043466567993 -0.1257418394088745 0.24643895030021667
v 0.29879283905029297 -0.13779331743717194 0.18221724033355713
v 0.3104470670223236 -0.10541020333766937 0.15651249885559082
v 0.3000863194465637 -0.13395173847675323 0.1914275884628296
v 0.3127438426017761 -0.16322492063045502 0.15969562530517578
v 0.3078855574131012 -0.16763129830360413 0.16471722722053528
v 0.30490127205848694 -0.16914969682693481 0.15804561972618103
v 0.3103390336036682 -0.16744422912597656 0.15381008386611938
v 0.2764822542667389 -0.1421726644039154 0.11904436349868774
v 0.27180981636047363 -0.13801145553588867 0.12086918950080872
v 0.26957574486732483 -0.14177453517913818 0.11495095491409302
v 0.2740210294723511 -0.14550721645355225 0.1131860613822937
v 0.27735888957977295 -0.1242094337940216 0.13907822966575623
v 0.27734556794166565 -0.11849668622016907 0.13757431507110596
v 0.2744526267051697 -0.12211540341377258 0.12948903441429138
v 0.27386629581451416 -0.12744922935962677 0.13160699605941772
v 0.2803579270839691 -0.11495929956436157 0.13353782892227173
v 0.2776660919189453 -0.11898721754550934 0.12550535798072815
v 0.2820391058921814 -0.1434396654367447 0.11529967188835144
v 0.285927414894104 -0.13951212167739868 0.1113353967666626
v 0.29122719168663025 -0.13447898626327515 0.12103691697120667
v 0.28592735528945923 -0.13862642645835876 0.12459078431129456
v 0.3332362771034241 -0.12864916026592255 0.1875876784324646
v 0.33408796787261963 -0.13545754551887512 0.19375833868980408
v 0.32962992787361145 -0.14338353276252747 0.1841602623462677
v 0.3248293697834015 -0.1517917513847351 0.17501559853553772
v 0.3174428939819336 -0.15960684418678284 0.16771626472473145
v 0.31856733560562134 -0.152417853474617 0.15780413150787354
v 0.3294457197189331 -0.1492692232131958 0.19092199206352234
v 0.2925227880477905 -0.13841453194618225 0.13474684953689575
v 0.2947002947330475 -0.13183431327342987 0.1305864453315735
v 0.29850685596466064 -0.13840928673744202 0.1333780288696289
v 0.30054330825805664 -0.14058780670166016 0.1956600546836853
v 0.27295154333114624 -0.12475317716598511 0.11461254954338074
v 0.3263538181781769 -0.08452817052602768 0.20283189415931702
v 0.33519747853279114 -0.09319783747196198 0.2029266357421875
v 0.33205950260162354 -0.09869536012411118 0.19372832775115967
v 0.32238659262657166 -0.08733178675174713 0.19493651390075684
v 0.26948282122612 -0.1326645463705063 0.12064224481582642
v 0.26963096857070923 -0.12766802310943604 0.11831200122833252
v 0.2972027063369751 -0.16562680900096893 0.16700342297554016
v 0.2969081401824951 -0.16729436814785004 0.16013473272323608
v 0.2997535169124603 -0.17052802443504333 0.1606336534023285
v 0.3002065420150757 -0.17014534771442413 0.1665620505809784
v 0.3336998224258423 -0.14167484641075134 0.19976887106895447
v 0.3146531581878662 -0.1752951741218567 0.18151822686195374
v 0.31918466091156006 -0.17058974504470825 0.1732836365699768
v 0.33804643154144287 -0.1291428804397583 0.20276978611946106
v 0.3374447822570801 -0.12175417691469193 0.19677305221557617
v 0.3406425714492798 -0.11628089845180511 0.20422977209091187
v 0.3121078908443451 -0.1468159705400467 0.14758262038230896
v 0.33122017979621887 -0.12236054241657257 0.18165475130081177
v 0.33529335260391235 -0.11565376818180084 0.19149768352508545
v 0.3383108079433441 -0.10829132795333862 0.1995762586593628
v 0.3408435583114624 -0.1033170223236084 0.20689019560813904
v 0.34329524636268616 -0.11230689287185669 0.21147099137306213
v 0.2856390178203583 -0.13300912082195282 0.10891300439834595
v 0.2819679379463196 -0.14243987202644348 0.10583046078681946
v 0.3469161093235016 -0.10848365724086761 0.22048398852348328
v 0.3515241742134094 -0.10501225292682648 0.23123744130134583
v 0.3475441336631775 -0.09551642835140228 0.2268507480621338
v 0.3438931405544281 -0.0991521030664444 0.21559980511665344
v 0.33159658312797546 -0.10844589024782181 0.18683534860610962
v 0.3267218768596649 -0.10135510563850403 0.18328383564949036
v 0.3279303014278412 -0.11593757569789886 0.176570326089859
v 0.32286033034324646 -0.1084122285246849 0.17182543873786926
v 0.31149789690971375 -0.13740909099578857 0.14195111393928528
v 0.27087974548339844 -0.15197467803955078 0.09863120317459106
v 0.2753012180328369 -0.14841634035110474 0.10507458448410034
v 0.2713322043418884 -0.14868193864822388 0.10847410559654236
v 0.267627477645874 -0.152727872133255 0.10178250074386597
v 0.2787441611289978 -0.1460246741771698 0.1097809374332428
v 0.2780999541282654 -0.144858717918396 0.10152265429496765
v 0.31423380970954895 -0.09901464730501175 0.16887179017066956
v 0.2852809429168701 -0.13992591202259064 0.14115861058235168
v 0.31547605991363525 -0.09002476185560226 0.1828661859035492
v 0.302543580532074 -0.09139396250247955 0.16473928093910217
v 0.30213508009910583 -0.08444219827651978 0.174626886844635
v 0.3122953772544861 -0.07917468249797821 0.19881552457809448
v 0.3052653670310974 -0.07884065061807632 0.19051432609558105
v 0.3202175498008728 -0.07641573995351791 0.21385067701339722
v 0.31664368510246277 -0.07851631939411163 0.20619291067123413
v 0.323356956243515 -0.0725899487733841 0.22357165813446045
v 0.29488471150398254 -0.0769599974155426 0.18064436316490173
v 0.2606368958950043 -0.13928663730621338 0.10353162884712219
v 0.260957270860672 -0.14463236927986145 0.10563656687736511
v 0.3297683596611023 -0.08111229538917542 0.21094772219657898
v 0.33292996883392334 -0.07695730775594711 0.22152352333068848
v 0.2700306177139282 -0.09794683754444122 0.18238332867622375
v 0.30077436566352844 -0.13528473675251007 0.2040645182132721
v 0.3007430136203766 -0.13027937710285187 0.20047301054000854
v 0.3081034719944 -0.14967676997184753 0.21535274386405945
v 0.3016411066055298 -0.1419958472251892 0.20976752042770386
v 0.34178462624549866 -0.08536767959594727 0.2229933738708496
v 0.30945107340812683 -0.10256306827068329 0.25798049569129944
v 0.3147478997707367 -0.110719233751297 0.25977206230163574
v 0.35096681118011475 -0.09206835925579071 0.241479754447937
v 0.26257073879241943 -0.13631536066532135 0.1000252366065979
v 0.2953724265098572 -0.1575469970703125 0.14342540502548218
v 0.29743507504463196 -0.15883013606071472 0.14447307586669922
v 0.26578232645988464 -0.07857605814933777 0.18441227078437805
v 0.26170849800109863 -0.07782784104347229 0.17631319165229797
v 0.270704984664917 -0.0728038102388382 0.16927137970924377
v 0.2654586136341095 -0.07399685680866241 0.17347633838653564
v 0.2706936299800873 -0.0730108767747879 0.18168655037879944
v 0.27779555320739746 -0.0720037966966629 0.1769149899482727
v 0.3006156086921692 -0.12627488374710083 0.2105722427368164
v 0.301202654838562 -0.13092590868473053 0.2127993106842041
v 0.3288672864437103 -0.14865969121456146 0.20781996846199036
v 0.31949201226234436 -0.15294533967971802 0.21434295177459717
v 0.28562721610069275 -0.11443060636520386 0.12966209650039673
v 0.2944227457046509 -0.11266426742076874 0.13451853394508362
v 0.29175835847854614 -0.1176823228597641 0.1272803544998169
v 0.29167258739471436 -0.12744641304016113 0.11882221698760986
v 0.2880789041519165 -0.13907626271247864 0.13556736707687378
v 0.2876906991004944 -0.13631150126457214 0.13176533579826355
v 0.28837108612060547 -0.10726034641265869 0.2142271101474762
v 0.29132363200187683 -0.11488831788301468 0.2027553915977478
v 0.2725723087787628 -0.096257284283638 0.17065024375915527
v 0.2699895203113556 -0.0926712155342102 0.16664493083953857
v 0.2911396026611328 -0.1407485157251358 0.16143393516540527
v 0.3058721423149109 -0.15083138644695282 0.13780587911605835
v 0.30594393610954285 -0.143090158700943 0.13418662548065186
v 0.289106160402298 -0.14390936493873596 0.15365669131278992
v 0.2692597210407257 -0.1385277807712555 0.09434139728546143
v 0.2653489112854004 -0.13603812456130981 0.09670895338058472
v 0.2963428497314453 -0.12346550822257996 0.1272701621055603
v 0.29592806100845337 -0.15719377994537354 0.17252445220947266
v 0.3070763349533081 -0.15510214865207672 0.14488554000854492
v 0.3014005124568939 -0.15567612648010254 0.14022129774093628
v 0.3087514638900757 -0.17417371273040771 0.1861923635005951
v 0.3383326828479767 -0.0894382894039154 0.21186140179634094
v 0.2669740915298462 -0.1454894095659256 0.11108526587486267
v 0.2635423243045807 -0.15022628009319305 0.105385422706604
v 0.2729586362838745 -0.1486213505268097 0.09605658054351807
v 0.2724776864051819 -0.1431756317615509 0.09424036741256714
v 0.32130980491638184 -0.14641129970550537 0.22136005759239197
v 0.3002917766571045 -0.12671680748462677 0.19762194156646729
v 0.3216286599636078 -0.11789266020059586 0.2605053186416626
v 0.2850174009799957 -0.07553926110267639 0.1726377308368683
v 0.2760666310787201 -0.07574783265590668 0.1651926040649414
v 0.2875450849533081 -0.14717543125152588 0.14655578136444092
v 0.3142347037792206 -0.16740763187408447 0.16788962483406067
v 0.31493520736694336 -0.15832892060279846 0.1516510248184204
v 0.3126053810119629 -0.16322696208953857 0.14695855975151062
v 0.3076728582382202 -0.15947502851486206 0.14204707741737366
v 0.30173778533935547 -0.159837007522583 0.1413654386997223
v 0.26936566829681396 -0.1518528312444687 0.09157708287239075
v 0.26868659257888794 -0.14663073420524597 0.08962357044219971
v 0.265453040599823 -0.14213256537914276 0.08933117985725403
v 0.2618340849876404 -0.13964223861694336 0.09208625555038452
v 0.2595498561859131 -0.13984555006027222 0.0959492027759552
v 0.26759225130081177 -0.15492936968803406 0.09404817223548889
v 0.2645796537399292 -0.1554550677537918 0.09735813736915588
v 0.2609413266181946 -0.1528884470462799 0.1009400486946106
v 0.2644987106323242 -0.15773475170135498 0.09045997262001038
v 0.2656018137931824 -0.1551641821861267 0.08701705932617188
v 0.2571756839752197 -0.1480323076248169 0.08096089959144592
v 0.2616810202598572 -0.14589110016822815 0.08415752649307251
v 0.2612711489200592 -0.1493670791387558 0.08223223686218262
v 0.25892168283462524 -0.15080225467681885 0.07980287075042725
v 0.2565343976020813 -0.1530916690826416 0.07713958621025085
v 0.25421470403671265 -0.1510031819343567 0.07850348949432373
v 0.2634773254394531 -0.15149511396884918 0.08327707648277283
v 0.2612980604171753 -0.15396000444889069 0.08042103052139282
v 0.26190614700317383 -0.15737155079841614 0.082386314868927
v 0.259641170501709 -0.1598450094461441 0.07951557636260986
v 0.25893455743789673 -0.15660038590431213 0.07746914029121399
v 0.2638128399848938 -0.15470291674137115 0.08428522944450378
v 0.2656305432319641 -0.1494155377149582 0.08567953109741211
v 0.25274378061294556 -0.15484042465686798 0.07649180293083191
v 0.2550506591796875 -0.15525977313518524 0.07541605830192566
v 0.25637656450271606 -0.1586543321609497 0.0751146674156189
v 0.25358977913856506 -0.15961909294128418 0.07592517137527466
v 0.25899195671081543 -0.14271280169487 0.08808356523513794
v 0.2552327513694763 -0.1467086672782898 0.08396691083908081
v 0.2521916925907135 -0.1508515179157257 0.08097511529922485
v 0.2507573366165161 -0.15516528487205505 0.07883068919181824
v 0.2532005310058594 -0.14780229330062866 0.08693531155586243
v 0.25095927715301514 -0.152330681681633 0.08353468775749207
v 0.25005626678466797 -0.15609517693519592 0.08164677023887634
v 0.25206097960472107 -0.15099361538887024 0.0894385576248169
v 0.25044724345207214 -0.15483880043029785 0.08547341823577881
v 0.2555326521396637 -0.14585325121879578 0.09535905718803406
v 0.256862610578537 -0.1429060995578766 0.09206584095954895
v 0.250118613243103 -0.1569657325744629 0.08343538641929626
v 0.251769095659256 -0.15992048382759094 0.07849624752998352
v 0.26217275857925415 -0.1593467742204666 0.08467546105384827
v 0.2591302990913391 -0.16191422939300537 0.08148795366287231
v 0.26097190380096436 -0.16077867150306702 0.08690109848976135
v 0.2576425075531006 -0.16306500136852264 0.08351129293441772
v 0.25618237257003784 -0.16290678083896637 0.07820981740951538
v 0.257693886756897 -0.16140127182006836 0.07696539163589478
v 0.2580840587615967 -0.14268052577972412 0.09969902038574219
v 0.2587575316429138 -0.14798353612422943 0.10146650671958923
v 0.2560015916824341 -0.150985985994339 0.09733593463897705
v 0.2524700164794922 -0.1555376797914505 0.09165093302726746
v 0.2585275173187256 -0.15548008680343628 0.09699618816375732
v 0.26176780462265015 -0.15808704495429993 0.09371110796928406
v 0.25870776176452637 -0.16087496280670166 0.08936172723770142
v 0.2556009590625763 -0.15931613743305206 0.09156599640846252
v 0.2556687295436859 -0.16272328794002533 0.08558857440948486
v 0.2533520460128784 -0.16122427582740784 0.08687904477119446
v 0.25121009349823 -0.15818800032138824 0.086600661277771
v 0.2530207633972168 -0.16265195608139038 0.08271095156669617
v 0.2544591426849365 -0.1632276475429535 0.08030915260314941
v 0.2510746717453003 -0.15982331335544586 0.08119535446166992
v 0.25225502252578735 -0.1614411324262619 0.08427593111991882
v 0.2509952187538147 -0.159253790974617 0.08365821838378906
v 0.273750364780426 -0.16592544317245483 0.11276239156723022
v 0.2741941511631012 -0.17063532769680023 0.11575374007225037
v 0.27764084935188293 -0.16567260026931763 0.12018811702728271
v 0.2770617604255676 -0.1612095832824707 0.11737573146820068
v 0.2834257483482361 -0.1625308394432068 0.10468119382858276
v 0.27802276611328125 -0.16106081008911133 0.10667037963867188
v 0.2818125784397125 -0.15671513974666595 0.11074605584144592
v 0.28733474016189575 -0.15834663808345795 0.10886400938034058
v 0.2877535820007324 -0.16730192303657532 0.10603082180023193
v 0.29190653562545776 -0.1634160578250885 0.11020627617835999
v 0.29111167788505554 -0.1530529111623764 0.11410582065582275
v 0.28533828258514404 -0.151702880859375 0.11622729897499084
v 0.289911687374115 -0.14423976838588715 0.1274612843990326
v 0.2956351637840271 -0.14465585350990295 0.12495249509811401
v 0.28773435950279236 -0.15774676203727722 0.13935017585754395
v 0.29212671518325806 -0.16082020103931427 0.13727980852127075
v 0.2746990919113159 -0.16264918446540833 0.10960975289344788
v 0.2783129811286926 -0.1582215130329132 0.11404123902320862
v 0.28741997480392456 -0.16794313490390778 0.12648847699165344
v 0.2829495668411255 -0.1650485247373581 0.12756413221359253
v 0.280095636844635 -0.17005348205566406 0.12141576409339905
v 0.28413406014442444 -0.17301484942436218 0.1205701231956482
v 0.2842381000518799 -0.14718228578567505 0.13464057445526123
v 0.28501465916633606 -0.15224063396453857 0.1381050944328308
v 0.28631383180618286 -0.1452038586139679 0.1307104229927063
v 0.2925785183906555 -0.168753981590271 0.12371760606765747
v 0.2962800860404968 -0.16557922959327698 0.11952608823776245
v 0.3020615875720978 -0.15695378184318542 0.1292513906955719
v 0.2978762984275818 -0.16097067296504974 0.13340052962303162
v 0.28158652782440186 -0.15307877957820892 0.11978456377983093
v 0.28034812211990356 -0.16028201580047607 0.12641862034797668
v 0.27974072098731995 -0.15591731667518616 0.12346920371055603
v 0.29583653807640076 -0.15846845507621765 0.1156066358089447
v 0.29196077585220337 -0.1702841818332672 0.11436328291893005
v 0.2805738151073456 -0.1819242238998413 0.10637235641479492
v 0.2851036489009857 -0.1771223545074463 0.1131763756275177
v 0.28096526861190796 -0.17763854563236237 0.11591973900794983
v 0.27671176195144653 -0.18305963277816772 0.10889175534248352
v 0.28847736120224 -0.1733398586511612 0.11807236075401306
v 0.2881031632423401 -0.17374737560749054 0.10968837141990662
v 0.26880019903182983 -0.1725526750087738 0.10597097873687744
v 0.26970794796943665 -0.17734801769256592 0.10877883434295654
v 0.2696976959705353 -0.169066920876503 0.10307210683822632
v 0.30172717571258545 -0.14976555109024048 0.12541088461875916
v 0.2780892848968506 -0.16836845874786377 0.09857702255249023
v 0.2728304862976074 -0.16751451790332794 0.1005500853061676
v 0.2766997218132019 -0.17506669461727142 0.11697429418563843
v 0.27242180705070496 -0.1813737452030182 0.11030089855194092
v 0.28310197591781616 -0.17854921519756317 0.10314837098121643
v 0.28252410888671875 -0.1726178377866745 0.09998735785484314
v 0.27888035774230957 -0.18282562494277954 0.09807413816452026
v 0.278169721364975 -0.17753025889396667 0.09497144818305969
v 0.27417057752609253 -0.17334875464439392 0.09341287612915039
v 0.26945364475250244 -0.17219874262809753 0.09595483541488647
v 0.26705285906791687 -0.1734974980354309 0.09888416528701782
v 0.2769482731819153 -0.18582135438919067 0.101194828748703
v 0.2739316523075104 -0.18661680817604065 0.10393074154853821
v 0.27013450860977173 -0.18487334251403809 0.10585248470306396
v 0.27363917231559753 -0.19004808366298676 0.0965326726436615
v 0.27506351470947266 -0.1877875030040741 0.09282857179641724
v 0.26373058557510376 -0.18592461943626404 0.08187359571456909
v 0.2665588855743408 -0.18180200457572937 0.08489051461219788
v 0.2686477303504944 -0.18445339798927307 0.08430171012878418
v 0.26642119884490967 -0.18739746510982513 0.08077001571655273
v 0.2707388997077942 -0.1786620020866394 0.08828148245811462
v 0.2708820700645447 -0.1826391965150833 0.08666804432868958
v 0.2726989984512329 -0.1850682944059372 0.08794721961021423
v 0.2711300849914551 -0.1878492683172226 0.0849573016166687
v 0.27149632573127747 -0.19110682606697083 0.08753231167793274
v 0.26982325315475464 -0.1942521035671234 0.08422088623046875
v 0.2693042755126953 -0.19101615250110626 0.08114206790924072
v 0.27323439717292786 -0.18810003995895386 0.08959046006202698
v 0.26505714654922485 -0.19033290445804596 0.07846131920814514
v 0.2627902030944824 -0.1906985640525818 0.07969668507575989
v 0.2749169170856476 -0.1821366548538208 0.09053170680999756
v 0.26701992750167847 -0.17626866698265076 0.09163272380828857
v 0.26385796070098877 -0.18088099360466003 0.08751332759857178
v 0.26144564151763916 -0.18613381683826447 0.08435666561126709
v 0.26076972484588623 -0.19146645069122314 0.08240240812301636
v 0.261684775352478 -0.18242862820625305 0.09058031439781189
v 0.2598964273929596 -0.18768665194511414 0.08697858452796936
v 0.25988107919692993 -0.1921146661043167 0.08496862649917603
v 0.26075196266174316 -0.18552729487419128 0.09366527199745178
v 0.2594068646430969 -0.19013246893882751 0.0892382562160492
v 0.26417654752731323 -0.17997293174266815 0.0988110899925232
v 0.26486384868621826 -0.1770603358745575 0.09534171223640442
v 0.2597235441207886 -0.19258235394954681 0.08698588609695435
v 0.2643474340438843 -0.1954716145992279 0.0791158676147461
v 0.2622523605823517 -0.19590580463409424 0.08187618851661682
v 0.2670857310295105 -0.19397564232349396 0.07768121361732483
v 0.2711293697357178 -0.19256414473056793 0.08989304304122925
v 0.26893287897109985 -0.19585716724395752 0.08642908930778503
v 0.2706174850463867 -0.1941448152065277 0.09219172596931458
v 0.26798513531684875 -0.1974041759967804 0.08816450834274292
v 0.26694345474243164 -0.1977253556251526 0.08231160044670105
v 0.26837074756622314 -0.1962834596633911 0.08105561137199402
v 0.26642489433288574 -0.17652124166488647 0.10200300812721252
v 0.2674826979637146 -0.18088242411613464 0.10475286841392517
v 0.26498645544052124 -0.18436038494110107 0.1016225814819336
v 0.2615726590156555 -0.18984299898147583 0.09632188081741333
v 0.2678946852684021 -0.18801447749137878 0.1024838387966156
v 0.2712138295173645 -0.19020915031433105 0.09974965453147888
v 0.2682502269744873 -0.19438230991363525 0.09480804204940796
v 0.26481467485427856 -0.19309327006340027 0.09680059552192688
v 0.26578444242477417 -0.19729751348495483 0.0903087854385376
v 0.2629293203353882 -0.19608235359191895 0.09198418259620667
v 0.2603517174720764 -0.19337743520736694 0.09143808484077454
v 0.2633415162563324 -0.19801180064678192 0.08682450652122498
v 0.26516908407211304 -0.19855967164039612 0.08432567119598389
v 0.2610045373439789 -0.19562199711799622 0.08501780033111572
v 0.2619614005088806 -0.19689017534255981 0.08878356218338013
v 0.26050901412963867 -0.19495724141597748 0.08781778812408447
v 0.28558069467544556 -0.1826505959033966 0.12930592894554138
v 0.2851044237613678 -0.18608897924423218 0.1337294578552246
v 0.2880026698112488 -0.18172991275787354 0.1371816098690033
v 0.28816336393356323 -0.178444042801857 0.13275939226150513
v 0.2954334020614624 -0.18236130475997925 0.12296724319458008
v 0.2919251024723053 -0.18116244673728943 0.1232413649559021
v 0.2944995164871216 -0.1763622909784317 0.1266697347164154
v 0.298907071352005 -0.17709136009216309 0.12645530700683594
v 0.298513799905777 -0.18594589829444885 0.1252821683883667
v 0.30239591002464294 -0.18092328310012817 0.12947508692741394
v 0.30185413360595703 -0.17204199731349945 0.130340576171875
v 0.2965565621852875 -0.17146997153759003 0.13060608506202698
v 0.2996467351913452 -0.16450855135917664 0.13790196180343628
v 0.3055213391780853 -0.16484540700912476 0.13716867566108704
v 0.28833019733428955 -0.18136435747146606 0.12544992566108704
v 0.29074302315711975 -0.17684876918792725 0.128964364528656
v 0.2945687174797058 -0.18240374326705933 0.14555227756500244
v 0.2914384603500366 -0.1800745129585266 0.14485222101211548
v 0.28964856266975403 -0.18508636951446533 0.14001324772834778
v 0.2925862967967987 -0.18719249963760376 0.14054322242736816
v 0.2932519316673279 -0.165561243891716 0.14599326252937317
v 0.29322439432144165 -0.16847392916679382 0.15075793862342834
v 0.2954920828342438 -0.16466905176639557 0.14138728380203247
v 0.29978471994400024 -0.1832718849182129 0.14340075850486755
v 0.3050689995288849 -0.18116462230682373 0.13913777470588684
v 0.3082091808319092 -0.17353151738643646 0.14715856313705444
v 0.30278074741363525 -0.1748921424150467 0.1514972448348999
v 0.2923593819141388 -0.17212894558906555 0.13314643502235413
v 0.2895265817642212 -0.17679452896118164 0.14200255274772644
v 0.2898191809654236 -0.1735939234495163 0.1372881829738617
v 0.3057281970977783 -0.17602743208408356 0.13401800394058228
v 0.30184489488601685 -0.18568500876426697 0.13455727696418762
v 0.2904658913612366 -0.1989283263683319 0.12720295786857605
v 0.2945765256881714 -0.1922309547662735 0.13436517119407654
v 0.29003220796585083 -0.19211246073246002 0.1369493007659912
v 0.28658363223075867 -0.19906167685985565 0.12976005673408508
v 0.29729026556015015 -0.187946617603302 0.13874870538711548
v 0.29831570386886597 -0.19025246798992157 0.129891037940979
v 0.28138279914855957 -0.18974056839942932 0.12384998798370361
v 0.28121015429496765 -0.19310910999774933 0.1279897689819336
v 0.28389638662338257 -0.1882711499929428 0.12028524279594421
v 0.30980467796325684 -0.1689641922712326 0.14103102684020996
v 0.29755449295043945 -0.17442554235458374 0.15433767437934875
v 0.29030129313468933 -0.1894194781780243 0.11726745963096619
v 0.2871285676956177 -0.18816621601581573 0.11779242753982544
v 0.2867700457572937 -0.18980003893375397 0.136890709400177
v 0.2830697298049927 -0.19689100980758667 0.1306033730506897
v 0.2934226393699646 -0.19678428769111633 0.12326401472091675
v 0.29354554414749146 -0.19256454706192017 0.11916753649711609
v 0.29046350717544556 -0.20152732729911804 0.1188775897026062
v 0.290200412273407 -0.19737198948860168 0.11492455005645752
v 0.28710657358169556 -0.19426025450229645 0.11274689435958862
v 0.2837669849395752 -0.19294777512550354 0.11398455500602722
v 0.28101009130477905 -0.19294753670692444 0.11690178513526917
v 0.2875497341156006 -0.203570157289505 0.12245407700538635
v 0.2843029499053955 -0.20324155688285828 0.12483289837837219
v 0.28111732006073 -0.2006804645061493 0.12632891535758972
v 0.2854481339454651 -0.20716118812561035 0.11928409337997437
v 0.28751933574676514 -0.205580472946167 0.11502397060394287
v 0.27806195616722107 -0.2058270275592804 0.10230362415313721
v 0.28019827604293823 -0.20220093429088593 0.10510295629501343
v 0.28167471289634705 -0.20409095287322998 0.10559201240539551
v 0.2800988256931305 -0.20707954466342926 0.10245493054389954
v 0.2841254472732544 -0.19893914461135864 0.10869979858398438
v 0.2838652431964874 -0.20198816061019897 0.10774502158164978
v 0.28593870997428894 -0.20380988717079163 0.10953119397163391
v 0.2843332290649414 -0.20671379566192627 0.10674512386322021
v 0.2845118045806885 -0.20901694893836975 0.11052918434143066
v 0.28281229734420776 -0.21200686693191528 0.10770842432975769
v 0.28244727849960327 -0.2097596526145935 0.10389220714569092
v 0.28637903928756714 -0.2062516212463379 0.1118040382862091
v 0.2791878581047058 -0.20956726372241974 0.10078823566436768
v 0.2771799564361572 -0.2095380574464798 0.10075625777244568
v 0.2876223623752594 -0.2012447565793991 0.11165204644203186
v 0.28091147541999817 -0.19669660925865173 0.11057275533676147
v 0.27776622772216797 -0.20072373747825623 0.10694229602813721
v 0.27553772926330566 -0.2052181363105774 0.10390132665634155
v 0.2748696208000183 -0.209259495139122 0.10291197896003723
v 0.2756674289703369 -0.20088708400726318 0.11016321182250977
v 0.2736758589744568 -0.20532873272895813 0.10702961683273315
v 0.2732829451560974 -0.20892298221588135 0.10596403479576111
v 0.2745382785797119 -0.20215564966201782 0.11377429962158203
v 0.2729603052139282 -0.20641222596168518 0.11010593175888062
v 0.2773708403110504 -0.19766800105571747 0.11768865585327148
v 0.2785961627960205 -0.19652917981147766 0.11398059129714966
v 0.272968053817749 -0.20879346132278442 0.1083226203918457
v 0.2783266603946686 -0.21324270963668823 0.10227760672569275
v 0.2758921682834625 -0.21332299709320068 0.10468512773513794
v 0.2807431221008301 -0.21226629614830017 0.1016758382320404
v 0.28428953886032104 -0.2100520133972168 0.11321073770523071
v 0.2820264995098114 -0.21306341886520386 0.11014741659164429
v 0.28254854679107666 -0.2105470895767212 0.11585739254951477
v 0.2802361845970154 -0.21356800198554993 0.11211419105529785
v 0.28025177121162415 -0.21460768580436707 0.1064889132976532
v 0.2815206050872803 -0.21367157995700836 0.10517805814743042
v 0.27939432859420776 -0.1941683292388916 0.12053877115249634
v 0.27948111295700073 -0.19695493578910828 0.12433230876922607
v 0.2775457501411438 -0.20020905137062073 0.12121984362602234
v 0.27477407455444336 -0.20500192046165466 0.11697137355804443
v 0.27925604581832886 -0.20362208783626556 0.12318217754364014
v 0.2822534441947937 -0.20627686381340027 0.12163162231445312
v 0.27992701530456543 -0.2099928855895996 0.11780643463134766
v 0.27691665291786194 -0.20806743204593658 0.11879086494445801
v 0.27796313166618347 -0.21296077966690063 0.11379072070121765
v 0.2753349542617798 -0.21150879561901093 0.11452227830886841
v 0.2733585834503174 -0.20889125764369965 0.11283251643180847
v 0.27623096108436584 -0.21401703357696533 0.1102471649646759
v 0.2782449722290039 -0.21483951807022095 0.10844072699546814
v 0.27429530024528503 -0.21231386065483093 0.10737484693527222
v 0.27483436465263367 -0.21267357468605042 0.11163878440856934
v 0.2734997868537903 -0.2109324038028717 0.10978099703788757
v 0.2950255274772644 -0.17173293232917786 0.1536872684955597
v 0.2967291474342346 -0.19271455705165863 0.16063502430915833
v 0.29627519845962524 -0.19407649338245392 0.16455218195915222
v 0.29799550771713257 -0.19006557762622833 0.16628745198249817
v 0.29844099283218384 -0.1886567622423172 0.16266974806785583
v 0.30621349811553955 -0.1943388730287552 0.15528106689453125
v 0.3023506999015808 -0.19270285964012146 0.15482014417648315
v 0.30424439907073975 -0.18806853890419006 0.15679192543029785
v 0.3086819350719452 -0.18956831097602844 0.15714648365974426
v 0.30844926834106445 -0.1970674693584442 0.15944191813468933
v 0.31113728880882263 -0.19244219362735748 0.1614340841770172
v 0.3102993369102478 -0.18381819128990173 0.15971556305885315
v 0.30550551414489746 -0.18259909749031067 0.159233957529068
v 0.30744943022727966 -0.17426472902297974 0.1639235019683838
v 0.3128722012042999 -0.17449620366096497 0.1643598973751068
v 0.30678921937942505 -0.17670780420303345 0.1827976405620575
v 0.3029097616672516 -0.17436377704143524 0.18137452006340027
v 0.30159181356430054 -0.17983311414718628 0.17729100584983826
v 0.304865300655365 -0.18180617690086365 0.17948561906814575
v 0.29891645908355713 -0.19228985905647278 0.1570442020893097
v 0.3005175292491913 -0.18789374828338623 0.1591094434261322
v 0.30256932973861694 -0.1895572394132614 0.17422479391098022
v 0.2996487617492676 -0.1877029836177826 0.1720532476902008
v 0.2989427447319031 -0.19200468063354492 0.16952672600746155
v 0.30144524574279785 -0.19396424293518066 0.17149558663368225
v 0.30018743872642517 -0.17206880450248718 0.1780281662940979
v 0.2990151643753052 -0.1703527867794037 0.1729431450366974
v 0.3006405830383301 -0.17572319507598877 0.16974011063575745
v 0.3000081181526184 -0.17782320082187653 0.17382171750068665
v 0.3028303384780884 -0.17498910427093506 0.16647401452064514
v 0.30688947439193726 -0.1904306709766388 0.17369255423545837
v 0.3111414313316345 -0.1895984411239624 0.1698439121246338
v 0.314191997051239 -0.18110518157482147 0.17584902048110962
v 0.3092997968196869 -0.18241050839424133 0.1789873242378235
v 0.3015715777873993 -0.18302854895591736 0.16160428524017334
v 0.2986777424812317 -0.18565279245376587 0.16874423623085022
v 0.29926860332489014 -0.18386529386043549 0.16471749544143677
v 0.3132861852645874 -0.1867658495903015 0.16396716237068176
v 0.30926844477653503 -0.19472232460975647 0.16692820191383362
v 0.30101338028907776 -0.2051050215959549 0.16579890251159668
v 0.30374419689178467 -0.1993526816368103 0.16897279024124146
v 0.2999880611896515 -0.19823026657104492 0.17012569308280945
v 0.2977876663208008 -0.2040378302335739 0.1671803891658783
v 0.3053570091724396 -0.1951359510421753 0.17079174518585205
v 0.3070663511753082 -0.1990719735622406 0.16497167944908142
v 0.2942141890525818 -0.198449045419693 0.15751484036445618
v 0.293830931186676 -0.19958624243736267 0.16184940934181213
v 0.2963922321796417 -0.1981273591518402 0.1541808843612671
v 0.31682273745536804 -0.17737826704978943 0.1687236726284027
v 0.3029986619949341 -0.20012332499027252 0.15233254432678223
v 0.2993561625480652 -0.19871403276920319 0.15204891562461853
v 0.29740703105926514 -0.19609004259109497 0.16793379187583923
v 0.2952914237976074 -0.2018609493970871 0.16534578800201416
v 0.3039925694465637 -0.20476992428302765 0.1618453562259674
v 0.30513596534729004 -0.20263469219207764 0.1564229130744934
v 0.3017943501472473 -0.20955175161361694 0.15906476974487305
v 0.3029576539993286 -0.20731320977210999 0.15368562936782837
v 0.30058372020721436 -0.20456910133361816 0.1497725546360016
v 0.29725760221481323 -0.20272433757781982 0.14968398213386536
v 0.2946484684944153 -0.2021239995956421 0.15212616324424744
v 0.29884225130081177 -0.20981000363826752 0.16291218996047974
v 0.29602015018463135 -0.20826983451843262 0.16405367851257324
v 0.2940068542957306 -0.20576949417591095 0.16268521547317505
v 0.2970031201839447 -0.213125079870224 0.1599193811416626
v 0.2996337413787842 -0.2134292721748352 0.15568426251411438
v 0.29254913330078125 -0.2150934934616089 0.1429484486579895
v 0.2945266664028168 -0.21179717779159546 0.14463955163955688
v 0.2959151864051819 -0.21337208151817322 0.14557123184204102
v 0.2943880558013916 -0.2159138321876526 0.14353355765342712
v 0.29805636405944824 -0.20887123048305511 0.14740827679634094
v 0.2980455458164215 -0.21118491888046265 0.14733999967575073
v 0.2995481789112091 -0.2124025970697403 0.14985564351081848
v 0.2980313301086426 -0.2150571346282959 0.14780157804489136
v 0.29793667793273926 -0.21660742163658142 0.15143021941184998
v 0.2959992289543152 -0.219745472073555 0.14949673414230347
v 0.2966710925102234 -0.21797779202461243 0.14560255408287048
v 0.29934751987457275 -0.21440470218658447 0.15239229798316956
v 0.2938196063041687 -0.2181902527809143 0.14224064350128174
v 0.29184573888778687 -0.21833795309066772 0.14216312766075134
v 0.30090391635894775 -0.21058478951454163 0.1513982117176056
v 0.2953907251358032 -0.20650166273117065 0.14772295951843262
v 0.2927078604698181 -0.21056103706359863 0.1451341211795807
v 0.29054075479507446 -0.21476075053215027 0.1434725522994995
v 0.28964078426361084 -0.21829020977020264 0.14366045594215393
v 0.2911534011363983 -0.20970961451530457 0.14750483632087708
v 0.28908446431159973 -0.21429461240768433 0.1455533802509308
v 0.2884206771850586 -0.21771928668022156 0.14567071199417114
v 0.28998255729675293 -0.20967301726341248 0.15085813403129578
v 0.28829285502433777 -0.21420063078403473 0.14838024973869324
v 0.291799396276474 -0.20569154620170593 0.15369951725006104
v 0.29325759410858154 -0.20573312044143677 0.14999723434448242
v 0.2879314422607422 -0.217043936252594 0.14729732275009155
v 0.2924080491065979 -0.22134381532669067 0.1446017026901245
v 0.29003798961639404 -0.22083312273025513 0.14594542980194092
v 0.2951775789260864 -0.22061139345169067 0.14413157105445862
v 0.29682743549346924 -0.2172248810529709 0.154249906539917
v 0.29448598623275757 -0.22056439518928528 0.15161961317062378
v 0.2948533296585083 -0.21665972471237183 0.15685966610908508
v 0.29233649373054504 -0.220196932554245 0.15322411060333252
v 0.2931155562400818 -0.22212904691696167 0.1483951210975647
v 0.295044869184494 -0.22155630588531494 0.14753904938697815
v 0.2929411828517914 -0.20223940908908844 0.15555787086486816
v 0.2927814722061157 -0.20350304245948792 0.15960952639579773
v 0.2914997935295105 -0.20670118927955627 0.1576201319694519
v 0.28961068391799927 -0.21076928079128265 0.1545828878879547
v 0.29246601462364197 -0.2089829444885254 0.16046065092086792
v 0.2943621873855591 -0.21139228343963623 0.1614188551902771
v 0.2923719882965088 -0.21544843912124634 0.15789666771888733
v 0.2902669906616211 -0.2131895273923874 0.15722578763961792
v 0.29030194878578186 -0.21878215670585632 0.15386322140693665
v 0.28867489099502563 -0.2170545905828476 0.15325289964675903
v 0.2880795896053314 -0.21513822674751282 0.1511649787425995
v 0.28920841217041016 -0.22007954120635986 0.15004369616508484
v 0.2908661961555481 -0.22149261832237244 0.14934459328651428
v 0.288621187210083 -0.21949543058872223 0.147355854511261
v 0.28830140829086304 -0.2186763435602188 0.15049982070922852
v 0.28789615631103516 -0.2179175615310669 0.14877814054489136
v 0.3104522228240967 -0.1779612898826599 0.1818256378173828
v 0.27060213685035706 -0.08084812760353088 0.15462106466293335
v 0.2698323130607605 -0.08602774143218994 0.15464258193969727
v 0.2567834258079529 -0.08823519945144653 0.16508802771568298
v 0.2615908682346344 -0.09060615301132202 0.16050896048545837
v 0.2544190287590027 -0.08254280686378479 0.16793063282966614
v 0.258648544549942 -0.07349291443824768 0.16495120525360107
v 0.2554985284805298 -0.07709184288978577 0.1671375334262848
v 0.2666749954223633 -0.08963920176029205 0.15637657046318054
v 0.26864200830459595 -0.07527622580528259 0.15661334991455078
v 0.26372772455215454 -0.0723421722650528 0.1609923541545868
v 0.26246127486228943 -0.07413429021835327 0.14840468764305115
v 0.25709253549575806 -0.07094945013523102 0.1526024341583252
v 0.25135597586631775 -0.07173740863800049 0.15721094608306885
v 0.24906179308891296 -0.07619348168373108 0.16059502959251404
v 0.2492356300354004 -0.08177034556865692 0.16203364729881287
v 0.2653195559978485 -0.07983037829399109 0.14701387286186218
v 0.26518532633781433 -0.0853436142206192 0.14803269505500793
v 0.2614843249320984 -0.08887164294719696 0.1515178084373474
v 0.2597997188568115 -0.07863613963127136 0.1398652195930481
v 0.25520211458206177 -0.07316344976425171 0.13852491974830627
v 0.23764672875404358 -0.07104556262493134 0.13941705226898193
v 0.24042221903800964 -0.07143469154834747 0.14394047856330872
v 0.2425568401813507 -0.06946243345737457 0.14094087481498718
v 0.24011728167533875 -0.06840783357620239 0.13759636878967285
v 0.24474558234214783 -0.07087050378322601 0.147992342710495
v 0.2448527216911316 -0.06968358159065247 0.14287146925926208
v 0.24827608466148376 -0.06967869400978088 0.1396285593509674
v 0.2465716451406479 -0.06852670013904572 0.13707619905471802
v 0.2512001395225525 -0.07074856758117676 0.13664400577545166
v 0.25036531686782837 -0.07029640674591064 0.13350045680999756
v 0.24406524002552032 -0.06720922887325287 0.13380050659179688
v 0.2387017011642456 -0.06794402003288269 0.13402891159057617
v 0.24147042632102966 -0.06741167604923248 0.13081318140029907
v 0.23672975599765778 -0.07047021389007568 0.1342814564704895
v 0.25075674057006836 -0.07074984908103943 0.14350482821464539
v 0.2434740513563156 -0.07527515292167664 0.15357625484466553
v 0.23928478360176086 -0.07483832538127899 0.14668768644332886
v 0.23643144965171814 -0.07480789721012115 0.14028587937355042
v 0.2362646758556366 -0.07465356588363647 0.13445693254470825
v 0.23991714417934418 -0.080233633518219 0.14768630266189575
v 0.2375810444355011 -0.07950732111930847 0.1402173638343811
v 0.23802664875984192 -0.07841455936431885 0.1351233720779419
v 0.24297302961349487 -0.08482731878757477 0.1461731493473053
v 0.240522563457489 -0.08254662156105042 0.13912558555603027
v 0.2478465437889099 -0.08627228438854218 0.1550227701663971
v 0.24427661299705505 -0.0810241550207138 0.15595772862434387
v 0.23990142345428467 -0.08079904317855835 0.13564127683639526
v 0.2392580509185791 -0.07049940526485443 0.12900114059448242
v 0.23950979113578796 -0.07505297660827637 0.1297936737537384
v 0.2526840567588806 -0.0738152265548706 0.1326727569103241
v 0.2479960322380066 -0.06952178478240967 0.1304568350315094
v 0.24929121136665344 -0.07331474125385284 0.12893971800804138
v 0.2545373737812042 -0.0782417505979538 0.1334260106086731
v 0.24954450130462646 -0.0775141566991806 0.12938234210014343
v 0.24499329924583435 -0.0719904899597168 0.12714236974716187
v 0.2451639026403427 -0.06862638890743256 0.12850672006607056
v 0.25191009044647217 -0.08693365752696991 0.16058704257011414
v 0.2564963102340698 -0.08926089107990265 0.15629827976226807
v 0.25297167897224426 -0.08874925971031189 0.15060624480247498
v 0.24780027568340302 -0.08681033551692963 0.1429329514503479
v 0.2579309046268463 -0.08763548731803894 0.14589738845825195
v 0.26081734895706177 -0.08418428897857666 0.14166587591171265
v 0.2544853687286377 -0.08285148441791534 0.13507923483848572
v 0.25212085247039795 -0.08611716330051422 0.13850250840187073
v 0.2488912045955658 -0.0810842216014862 0.13104546070098877
v 0.24707430601119995 -0.0831596702337265 0.13397926092147827
v 0.24392545223236084 -0.08370479941368103 0.13682007789611816
v 0.24438032507896423 -0.07942306995391846 0.13012096285820007
v 0.24457401037216187 -0.07620230317115784 0.1278877854347229
v 0.2405417263507843 -0.07855017483234406 0.1316298544406891
v 0.24429625272750854 -0.081241175532341 0.1322914958000183
v 0.24187254905700684 -0.08107723295688629 0.13374727964401245
v 0.30310457944869995 -0.1716316044330597 0.18562042713165283
v 0.2993781566619873 -0.16799776256084442 0.18209430575370789
v 0.30051204562187195 -0.16448426246643066 0.1877623200416565
v 0.30205339193344116 -0.16048377752304077 0.19520989060401917
v 0.3081139624118805 -0.16057705879211426 0.20312324166297913
v 0.3000074625015259 -0.15499936044216156 0.1916709840297699
v 0.2985372841358185 -0.15943679213523865 0.18419206142425537
v 0.297568678855896 -0.16417360305786133 0.17585477232933044
v 0.300118088722229 -0.14682240784168243 0.19439247250556946
v 0.05739010125398636 0.42939257621765137 0.46498170495033264
v 0.05374767631292343 0.4302343428134918 0.46401429176330566
v 0.056804049760103226 0.4233728051185608 0.46707862615585327
v 0.059731222689151764 0.4239085614681244 0.4677306115627289
v 0.04914633184671402 0.4233108460903168 0.4671340584754944
v 0.053263597190380096 0.4229147136211395 0.4664648175239563
v 0.04892795532941818 0.4308343529701233 0.4643227756023407
v 0.043897077441215515 0.43091949820518494 0.4665626585483551
v 0.03755843639373779 0.42784738540649414 0.4725319743156433
v 0.03597252443432808 0.42652466893196106 0.4733067750930786
v 0.036584436893463135 0.42542564868927 0.4728521406650543
v 0.03863995522260666 0.42522501945495605 0.471894234418869
v 0.04181643947958946 0.4244326949119568 0.4697895348072052
v 0.06350257247686386 0.4266652464866638 0.46878600120544434
v 0.06240960583090782 0.4276968538761139 0.4677528738975525
v 0.06016579270362854 0.42867353558540344 0.46626073122024536
v 0.04526893049478531 0.42375263571739197 0.4681066870689392
v 0.06198843941092491 0.4246826469898224 0.4687012732028961
v 0.06330183148384094 0.4255920946598053 0.46918752789497375
v 0.04004932940006256 0.4299732744693756 0.4696292579174042
v 0.04932747781276703 0.4255555272102356 0.46638065576553345
v 0.053373467177152634 0.42536461353302 0.4658816456794739
v 0.04929975047707558 0.42822009325027466 0.4652750790119171
v 0.04481186717748642 0.42842021584510803 0.46675539016723633
v 0.040019452571868896 0.42622846364974976 0.4706631004810333
v 0.042122311890125275 0.42610087990760803 0.46910804510116577
v 0.05678645893931389 0.4253503680229187 0.4664381146430969
v 0.045402467250823975 0.42588210105895996 0.46745121479034424
v 0.05365481227636337 0.42782118916511536 0.46506738662719727
v 0.04137946665287018 0.4281180202960968 0.468928724527359
v 0.039541035890579224 0.42744460701942444 0.470730721950531
v 0.06251300871372223 0.42652446031570435 0.4685066342353821
v 0.06243523955345154 0.4260433316230774 0.4686342179775238
v 0.032901909202337265 0.20097410678863525 0.5090184211730957
v 0.031290724873542786 0.183982715010643 0.49975427985191345
v 0.05699046701192856 0.42744749784469604 0.46589216589927673
v 0.06130756065249443 0.4258364737033844 0.4680587351322174
v 0.05938979983329773 0.4256243407726288 0.46734750270843506
v 0.05960523337125778 0.42721033096313477 0.4669799208641052
v 0.0614657998085022 0.42685502767562866 0.46787822246551514
v 0.241960808634758 0.08588064461946487 0.46778416633605957
v 0.2549721598625183 0.09606723487377167 0.4642128646373749
v 0.302937388420105 0.11153572052717209 0.48920002579689026
v 0.3106163740158081 0.10911696404218674 0.5108319520950317
v 0.05429203063249588 -0.08352044224739075 0.42315438389778137
v 0.1674824208021164 -0.04385361820459366 0.6052595376968384
v 0.17151543498039246 -0.024000683799386024 0.6108533143997192
v 0.10503429174423218 -0.02922498807311058 0.6552959084510803
v 0.12397172302007675 -0.03288207948207855 0.6476894617080688
v 0.16008417308330536 -0.05600873753428459 0.4867830276489258
v 0.16108420491218567 -0.0382826067507267 0.4901197552680969
v 0.1006535068154335 -0.06453514099121094 0.44623643159866333
v 0.10161208361387253 -0.045076869428157806 0.4513351023197174
v 0.14470884203910828 -0.07695740461349487 0.46398985385894775
v 0.13955818116664886 -0.07856292277574539 0.6222803592681885
v 0.15474499762058258 -0.07982175797224045 0.6085257530212402
v 0.1538720279932022 -0.05962015688419342 0.6147531867027283
v 0.13949589431285858 -0.057750385254621506 0.6294801235198975
v 0.08588440716266632 -0.025729767978191376 0.6574218273162842
v 0.08275119960308075 -0.04873371496796608 0.649354100227356
v 0.17728479206562042 -0.01805727556347847 0.5137615203857422
v 0.18588688969612122 -0.016706086695194244 0.5389636754989624
v 0.18409568071365356 -0.010637501254677773 0.5903940796852112
v 0.17636314034461975 -0.0052396683022379875 0.6128637790679932
v 0.16426847875118256 0.0019187387079000473 0.6312673687934875
v 0.14876113831996918 0.009074565023183823 0.6463779211044312
v 0.08264671266078949 -0.025479387491941452 0.4450882077217102
v 0.06356213986873627 -0.006159128155559301 0.44341763854026794
v 0.1621389538049698 -0.019515281543135643 0.4914381206035614
v 0.01457604207098484 -0.023798512294888496 0.43846359848976135
v 0.13658514618873596 0.039772067219018936 0.6620786190032959
v 0.11523938179016113 0.04348064959049225 0.6718231439590454
v 0.1877353936433792 -0.014050070196390152 0.5649229884147644
v 0.037684809416532516 0.141018807888031 0.46958446502685547
v 0.054689839482307434 0.1426946222782135 0.46606361865997314
v 0.051042620092630386 0.12674295902252197 0.45628994703292847
v 0.03428623080253601 0.12384086847305298 0.4612034559249878
v 0.06718169152736664 0.12833724915981293 0.4525684714317322
v 0.0831114798784256 0.12886831164360046 0.4504725933074951
v 0.09819580614566803 0.12867653369903564 0.44990020990371704
v 0.13438290357589722 0.12364892661571503 0.4551123380661011
v 0.12393142282962799 0.12595908343791962 0.45231372117996216
v 0.1526300013065338 0.11437593400478363 0.4641803801059723
v 0.1437012255191803 0.12002773582935333 0.45925062894821167
v 0.16125358641147614 0.10452307015657425 0.47147706151008606
v 0.1690351366996765 0.09340323507785797 0.4823388159275055
v 0.18077054619789124 0.0949493795633316 0.5021467804908752
v 0.17679822444915771 0.08237788081169128 0.4954138398170471
v 0.16499365866184235 0.0816958025097847 0.47503507137298584
v 0.15654048323631287 0.09286288172006607 0.46481961011886597
v 0.14791277050971985 0.10202831029891968 0.45778125524520874
v 0.015618603676557541 0.0572836697101593 0.4520171880722046
v 0.013940341770648956 0.08106940239667892 0.4543240964412689
v 0.033831242471933365 0.21710121631622314 0.5177759528160095
v 0.34937697649002075 -0.08563359081745148 0.41664978861808777
v 0.32366013526916504 -0.057986609637737274 0.27773571014404297
v 0.09062289446592331 0.23571646213531494 0.6665087938308716
v 0.1104225143790245 0.24044908583164215 0.6607626676559448
v 0.16670651733875275 0.24962449073791504 0.6302200555801392
v 0.17759916186332703 0.257710337638855 0.6072715520858765
v 0.15132367610931396 0.24289320409297943 0.6468814015388489
v 0.13157230615615845 0.23555698990821838 0.6573298573493958
v 0.14281922578811646 -0.0034489035606384277 0.4766867160797119
v 0.11417439579963684 0.20551776885986328 0.6694663166999817
v 0.13393591344356537 0.22472131252288818 0.6609368324279785
v 0.15496692061424255 0.23214498162269592 0.6512216329574585
v 0.1748017966747284 0.2389179915189743 0.6337909698486328
v 0.19095054268836975 0.24664974212646484 0.6083424091339111
v 0.20390726625919342 0.24276946485042572 0.5950572490692139
v 0.22578395903110504 0.2218306064605713 0.5912641882896423
v 0.2345830500125885 0.2184363752603531 0.5815671682357788
v 0.24449224770069122 0.21387207508087158 0.5723680257797241
v 0.2435920536518097 0.22696633636951447 0.5565780997276306
v 0.2328474074602127 0.23210273683071136 0.566284716129303
v 0.2981986999511719 0.1353338062763214 0.5292510986328125
v 0.30297690629959106 0.11810270696878433 0.5298311710357666
v 0.30397680401802063 0.103829525411129 0.5358544588088989
v 0.3011612892150879 0.09199914336204529 0.5437337756156921
v 0.29356637597084045 0.0839206725358963 0.5520898103713989
v 0.2819885015487671 0.08033226430416107 0.5592070817947388
v 0.2689204216003418 0.0839402824640274 0.5653954744338989
v 0.23952405154705048 0.10592545568943024 0.5750604867935181
v 0.23317985236644745 0.11442051827907562 0.5777510404586792
v 0.22320137917995453 0.1073235273361206 0.5910481214523315
v 0.22166317701339722 0.10149979591369629 0.5959652662277222
v 0.20959189534187317 0.07999379187822342 0.6095283627510071
v 0.19995112717151642 0.06796394288539886 0.6154507994651794
v 0.19030919671058655 0.053633131086826324 0.6231870055198669
v 0.1576785445213318 -0.17552340030670166 0.6159923076629639
v 0.17362338304519653 -0.17193689942359924 0.6010549068450928
v 0.16717129945755005 -0.1548599898815155 0.5985985398292542
v 0.1508665382862091 -0.15828581154346466 0.6130898594856262
v 0.10465526580810547 -0.12233275920152664 0.628990113735199
v 0.08352037519216537 -0.12280236184597015 0.6345034837722778
v 0.19578713178634644 -0.15062183141708374 0.5339977145195007
v 0.19388613104820251 -0.15206262469291687 0.5081915259361267
v 0.18101194500923157 -0.15190884470939636 0.5799476504325867
v 0.19102059304714203 -0.15066473186016083 0.5586835145950317
v 0.18462462723255157 -0.156178280711174 0.4832029640674591
v 0.10587979853153229 -0.18189577758312225 0.4222783148288727
v 0.0816434845328331 -0.18664133548736572 0.41445475816726685
v 0.03493369743227959 -0.192623108625412 0.4078722596168518
v 0.013779185712337494 -0.1941826492547989 0.4092155992984772
v 0.17023959755897522 -0.1621578335762024 0.46231329441070557
v 0.057729363441467285 -0.1901797205209732 0.40962404012680054
v 0.15239311754703522 -0.16982394456863403 0.445087730884552
v 0.13046959042549133 -0.17662079632282257 0.4322887063026428
v 0.12505079805850983 -0.12193077057600021 0.6218374967575073
v 0.1288362443447113 -0.14253541827201843 0.6223136782646179
v 0.14647488296031952 -0.14028164744377136 0.6121458411216736
v 0.11657306551933289 0.11047650873661041 0.6809649467468262
v 0.13644903898239136 0.11231660842895508 0.6755839586257935
v 0.15615616738796234 0.11725986003875732 0.6691181659698486
v 0.1719488948583603 0.13948023319244385 0.664953351020813
v 0.17402274906635284 0.12282504141330719 0.6622356176376343
v 0.18915407359600067 0.12881319224834442 0.6515257358551025
v 0.18664823472499847 0.1438828855752945 0.6537731289863586
v 0.20998628437519073 0.14979560673236847 0.6270358562469482
v 0.21015766263008118 0.13784663379192352 0.6255993843078613
v 0.21781811118125916 0.13976415991783142 0.6165232062339783
v 0.2188648283481598 0.15086956322193146 0.6182395815849304
v 0.22543950378894806 0.14057232439517975 0.609015941619873
v 0.2332400530576706 0.14010107517242432 0.6007892489433289
v 0.23957866430282593 0.13885515928268433 0.5917672514915466
v 0.24770420789718628 0.13391420245170593 0.5848666429519653
v 0.2570582926273346 0.15457642078399658 0.5842022895812988
v 0.24764089286327362 0.15971702337265015 0.5921263098716736
v 0.2110043168067932 0.16283974051475525 0.6262413263320923
v 0.19876475632190704 0.1616155207157135 0.6393088102340698
v 0.1139918714761734 0.14509610831737518 0.6789573431015015
v 0.09482833743095398 0.14208051562309265 0.6808252334594727
v 0.18694904446601868 0.07579386234283447 0.5117132067680359
v 0.19771069288253784 0.07104340940713882 0.5284630060195923
v 0.206154003739357 0.06931742280721664 0.5452173948287964
v 0.21176207065582275 0.07037133723497391 0.5611432790756226
v 0.21593374013900757 0.07388347387313843 0.5768844485282898
v 0.21676526963710785 0.07983791083097458 0.5918354988098145
v 0.2192872166633606 0.09492296725511551 0.6005236506462097
v 0.21546009182929993 0.08783173561096191 0.6048683524131775
v 0.2173294574022293 0.10411273688077927 0.6097362637519836
v 0.21284246444702148 0.09770386666059494 0.6161037683486938
v 0.2097131609916687 0.10861700773239136 0.6257008910179138
v 0.2051469087600708 0.1203666627407074 0.6335878968238831
v 0.20110902190208435 0.13355176150798798 0.6381844282150269
v 0.19890402257442474 0.1474880874156952 0.6401318311691284
v 0.18549199402332306 0.1602972149848938 0.6532062292098999
v 0.17176473140716553 0.15661939978599548 0.6642988324165344
v 0.1552296280860901 0.17029131948947906 0.6688623428344727
v 0.15641213953495026 0.18722139298915863 0.6662833094596863
v 0.1537611484527588 0.15247374773025513 0.6706814765930176
v 0.15295425057411194 0.13478636741638184 0.6718137264251709
v 0.1414434015750885 0.2751109004020691 0.6187285780906677
v 0.1261008381843567 0.26982584595680237 0.6353052854537964
v 0.2720460593700409 0.09971897304058075 0.5669426918029785
v 0.26694709062576294 0.09757868945598602 0.5687799453735352
v 0.2680591940879822 0.09200165420770645 0.5675545334815979
v 0.2770141363143921 0.09167493134737015 0.5633598566055298
v 0.2857486307621002 0.09578951448202133 0.558279275894165
v 0.28406786918640137 0.11265633255243301 0.5596535801887512
v 0.2785426378250122 0.10424726456403732 0.5633929967880249
v 0.2922365963459015 0.10334174335002899 0.5524141788482666
v 0.29560887813568115 0.11381138861179352 0.5468034744262695
v 0.28791671991348267 0.12211170792579651 0.5555026531219482
v 0.2962323725223541 0.12542827427387238 0.5424861907958984
v 0.2896871566772461 0.13161717355251312 0.5515519380569458
v 0.29393717646598816 0.13756516575813293 0.54166579246521
v 0.29000547528266907 0.13885197043418884 0.549191415309906
v 0.2726609706878662 0.1672481745481491 0.5675634145736694
v 0.2800467312335968 0.15792924165725708 0.5606533288955688
v 0.28606653213500977 0.14749875664710999 0.5538740158081055
v 0.2558439075946808 0.12686878442764282 0.5795539021492004
v 0.26395106315612793 0.1200905591249466 0.5743055939674377
v 0.2716190218925476 0.11237934976816177 0.569009006023407
v 0.27673524618148804 0.12135769426822662 0.5663787722587585
v 0.26917147636413574 0.1287374049425125 0.5726003646850586
v 0.26131314039230347 0.13610230386257172 0.5789573192596436
v 0.11439035832881927 0.1282186061143875 0.6807832717895508
v 0.13400182127952576 0.13168933987617493 0.6769465804100037
v 0.22803743183612823 0.15134085714817047 0.60975182056427
v 0.2359115034341812 0.1512160450220108 0.60196852684021
v 0.24366667866706848 0.14889365434646606 0.5930867195129395
v 0.2528861463069916 0.14343605935573578 0.585330605506897
v 0.23959678411483765 0.1621512472629547 0.6004515886306763
v 0.23096433281898499 0.16350379586219788 0.6088005900382996
v 0.22078031301498413 0.16343367099761963 0.6172772645950317
v 0.13420654833316803 0.1487983912229538 0.6758520603179932
v 0.09580598026514053 0.12578698992729187 0.6832547187805176
v 0.20212984085083008 0.20324113965034485 0.483598530292511
v 0.21518436074256897 0.2218056321144104 0.49190306663513184
v 0.23003068566322327 0.2335834801197052 0.5101838707923889
v 0.24027396738529205 0.2351853847503662 0.5341125130653381
v 0.3060995936393738 -0.043386660516262054 0.4795476198196411
v 0.08124008774757385 -0.07197096198797226 0.6416471004486084
v 0.08113909512758255 -0.09669306129217148 0.6359789371490479
v 0.10234272480010986 -0.09771247208118439 0.6324390172958374
v 0.09480650722980499 0.04556716978549957 0.6761276125907898
v 0.09807638823986053 0.10921327769756317 0.6851339936256409
v 0.10300923883914948 0.1000010073184967 0.4332856833934784
v 0.09016387164592743 0.10111954808235168 0.43256238102912903
v 0.09357545524835587 0.11494364589452744 0.4403131604194641
v 0.1069301888346672 0.1139691025018692 0.44116881489753723
v 0.12537340819835663 0.09717725962400436 0.43997082114219666
v 0.11490902304649353 0.09886413812637329 0.43594494462013245
v 0.1190108209848404 0.11259527504444122 0.44340234994888306
v 0.12943099439144135 0.11040124297142029 0.447256475687027
v 0.13484865427017212 0.0943383276462555 0.4448765218257904
v 0.13892731070518494 0.10747116804122925 0.4518676698207855
v 0.11187219619750977 0.08392398804426193 0.43045878410339355
v 0.10043945908546448 0.0849887952208519 0.42725539207458496
v 0.08790837228298187 0.08624971657991409 0.4269489347934723
v 0.13121408224105835 0.08129668235778809 0.4398666024208069
v 0.12240415811538696 0.08311671018600464 0.4350362718105316
v 0.025646470487117767 0.31430256366729736 0.5042191743850708
v 0.02099686488509178 0.31675001978874207 0.4900943636894226
v 0.01093418151140213 0.35502880811691284 0.47002241015434265
v 0.011316835880279541 0.3597486615180969 0.4708811044692993
v 0.03467874974012375 0.24047011137008667 0.5323221683502197
v 0.034879446029663086 0.25106099247932434 0.5357867479324341
v 0.015569377690553665 0.10158959031105042 0.45976102352142334
v 0.021004050970077515 0.13799872994422913 0.4737614095211029
v 0.02571858838200569 0.15143997967243195 0.4828029274940491
v 0.029082095250487328 0.16708317399024963 0.49130502343177795
v 0.03476174175739288 0.23019474744796753 0.525439441204071
v 0.018139081075787544 0.11982718110084534 0.4665423631668091
v 0.21197409927845 -0.34510383009910583 0.5503432154655457
v 0.20095853507518768 -0.36468595266342163 0.5725512504577637
v 0.20544089376926422 -0.3341263234615326 0.5735248327255249
v 0.19695423543453217 -0.34833821654319763 0.5891095995903015
v 0.20880597829818726 -0.26212650537490845 0.5538479089736938
v 0.20887653529644012 -0.2890335023403168 0.5574426054954529
v 0.20964930951595306 -0.23312990367412567 0.5537996888160706
v 0.1823074221611023 -0.3570457696914673 0.6074498891830444
v 0.16051289439201355 -0.36058661341667175 0.6227335929870605
v 0.16083037853240967 -0.3386075496673584 0.6338320970535278
v 0.20174460113048553 -0.23656614124774933 0.5819754600524902
v 0.20162662863731384 -0.2632582187652588 0.5819693207740784
v 0.20077531039714813 -0.32652291655540466 0.5873268246650696
v 0.2085830569267273 -0.31367504596710205 0.563712477684021
v 0.20171527564525604 -0.31129804253578186 0.5856567621231079
v 0.1805063784122467 -0.3366890847682953 0.6172627806663513
v 0.19396018981933594 -0.3322623372077942 0.6004014015197754
v 0.12027709186077118 -0.18189096450805664 0.6379618048667908
v 0.10040242969989777 -0.2020455300807953 0.6533343195915222
v 0.12653101980686188 -0.2013072371482849 0.6431366205215454
v 0.18740546703338623 -0.16864579916000366 0.580842912197113
v 0.18073713779449463 -0.19151432812213898 0.60260409116745
v 0.19290418922901154 -0.31344303488731384 0.6044266819953918
v 0.1797262579202652 -0.3153359293937683 0.6237467527389526
v 0.160174161195755 -0.3152737319469452 0.6416236758232117
v 0.1568610668182373 -0.24189119040966034 0.6419218182563782
v 0.15843239426612854 -0.264619916677475 0.6452422738075256
v 0.17737719416618347 -0.2656364142894745 0.6279250383377075
v 0.17579102516174316 -0.2408684343099594 0.6252954006195068
v 0.18709011375904083 -0.21421267092227936 0.6046668887138367
v 0.19049133360385895 -0.23937861621379852 0.6054881811141968
v 0.15300990641117096 -0.2192738801240921 0.6375076770782471
v 0.17151200771331787 -0.217374786734581 0.6226694583892822
v 0.1648278683423996 -0.19521674513816833 0.6195958256721497
v 0.19185222685337067 -0.26549428701400757 0.6063143014907837
v 0.13342273235321045 -0.2888094186782837 0.6590423583984375
v 0.15907439589500427 -0.2892475426197052 0.645952045917511
v 0.10381569713354111 -0.28762948513031006 0.6676954030990601
v 0.14702917635440826 -0.1985042691230774 0.6323959827423096
v 0.13989198207855225 -0.1787928193807602 0.6272066235542297
v 0.1335224062204361 -0.16093187034130096 0.6232731938362122
v 0.12279073894023895 -0.09935426712036133 0.6252365708351135
v 0.14021587371826172 -0.5519319176673889 0.3851432800292969
v 0.03770766407251358 -0.3910761773586273 0.5094242095947266
v 0.04269669950008392 -0.3909238874912262 0.5326805710792542
v 0.1913675218820572 -0.3018377721309662 0.4397726058959961
v 0.21781128644943237 -0.3245815634727478 0.5040361881256104
v 0.21357661485671997 -0.3188611567020416 0.5373164415359497
v 0.04377203434705734 -0.37483012676239014 0.44476181268692017
v 0.03572478145360947 -0.38544705510139465 0.46863338351249695
v 0.16736449301242828 -0.3062852621078491 0.4182088375091553
v 0.11009985208511353 -0.33671092987060547 0.4014386534690857
v 0.034853193908929825 -0.38996994495391846 0.4895271360874176
v 0.20190241932868958 -0.28860780596733093 0.5830995440483093
v 0.19252748787403107 -0.2904193699359894 0.6056298613548279
v 0.17823760211467743 -0.29080405831336975 0.626944899559021
v 0.13379168510437012 -0.31355881690979004 0.6562302112579346
v 0.10361728072166443 -0.31086596846580505 0.6640545129776001
v 0.02586311288177967 -0.33105021715164185 0.43160611391067505
v 0.020627101883292198 -0.32246243953704834 0.4282107353210449
v 0.011596519500017166 -0.32480257749557495 0.43067222833633423
v 0.014291280880570412 -0.3378993272781372 0.43703556060791016
v 0.10558304190635681 -0.20474661886692047 0.421293705701828
v 0.08048371970653534 -0.21006104350090027 0.4154002070426941
v 0.033844511955976486 -0.2160186916589737 0.410594642162323
v 0.013502376154065132 -0.21725264191627502 0.4118261933326721
v 0.17331144213676453 -0.18113015592098236 0.45942485332489014
v 0.05625084415078163 -0.21378694474697113 0.4119161367416382
v 0.15495085716247559 -0.18978694081306458 0.44285422563552856
v 0.13156338036060333 -0.19829566776752472 0.4303022027015686
v 0.1791190207004547 -1.0067265033721924 0.4918677508831024
v 0.18082955479621887 -1.0343191623687744 0.48774588108062744
v 0.18696625530719757 -1.0323302745819092 0.5007112622261047
v 0.18283642828464508 -1.0044186115264893 0.5058919787406921
v 0.20768089592456818 -0.9976584911346436 0.5249656438827515
v 0.19461067020893097 -1.0008618831634521 0.522472083568573
v 0.22135400772094727 -0.9960483908653259 0.5209583640098572
v 0.22083835303783417 -1.0266401767730713 0.5229218006134033
v 0.2293362319469452 -1.026970386505127 0.5123323202133179
v 0.2318553775548935 -0.9964661598205566 0.511589765548706
v 0.23658494651317596 -0.9970373511314392 0.49927815794944763
v 0.23639526963233948 -1.0278584957122803 0.48722705245018005
v 0.231458842754364 -1.028404951095581 0.4695231020450592
v 0.23332944512367249 -1.0002572536468506 0.4674004912376404
v 0.23751087486743927 -0.9980320930480957 0.4854637682437897
v 0.22153237462043762 -1.005912184715271 0.45132386684417725
v 0.2208513468503952 -1.032202959060669 0.453183650970459
v 0.2041758894920349 -1.009552001953125 0.44712069630622864
v 0.17847275733947754 -1.008871078491211 0.4746541380882263
v 0.17809002101421356 -1.035881519317627 0.4704841375350952
v 0.20745858550071716 -1.0276825428009033 0.5261573195457458
v 0.19553709030151367 -1.0301928520202637 0.5197530388832092
v 0.18620343506336212 -1.003046989440918 0.515413761138916
v 0.19121965765953064 -1.0310893058776855 0.5098784565925598
v 0.1851443201303482 -1.0602047443389893 0.4968946576118469
v 0.17637145519256592 -1.0603926181793213 0.4832342565059662
v 0.20621788501739502 -1.0567255020141602 0.5275183320045471
v 0.19789597392082214 -1.0581450462341309 0.5161575078964233
v 0.2265470325946808 -1.0555987358093262 0.5130742788314819
v 0.2201044112443924 -1.055302619934082 0.5259601473808289
v 0.2390800416469574 -1.0561158657073975 0.4884125292301178
v 0.23371422290802002 -1.027416706085205 0.5004432201385498
v 0.2334892302751541 -1.0560498237609863 0.5012391209602356
v 0.23498106002807617 -1.0549392700195312 0.46992018818855286
v 0.22298172116279602 -1.0564446449279785 0.4509415030479431
v 0.1754574179649353 -1.0604920387268066 0.46439170837402344
v 0.19262757897377014 -1.05894136428833 0.5053435564041138
v 0.21746185421943665 -1.1343233585357666 0.2935134768486023
v 0.21058562397956848 -1.1365885734558105 0.2928069233894348
v 0.21091055870056152 -1.1316208839416504 0.29494911432266235
v 0.2156139612197876 -1.130922555923462 0.2952745258808136
v 0.1780877709388733 -1.1404368877410889 0.28855836391448975
v 0.16729626059532166 -1.146862268447876 0.2906532883644104
v 0.16555076837539673 -1.13437819480896 0.29105663299560547
v 0.1733597218990326 -1.1304633617401123 0.28894054889678955
v 0.1957288682460785 -1.1384918689727783 0.28652703762054443
v 0.20372191071510315 -1.1368649005889893 0.2862949073314667
v 0.20285990834236145 -1.1414318084716797 0.2889856696128845
v 0.19774243235588074 -1.1422395706176758 0.2890223264694214
v 0.24247881770133972 -1.1330294609069824 0.319412499666214
v 0.2487809956073761 -1.1333863735198975 0.32207155227661133
v 0.24794378876686096 -1.1368730068206787 0.32218050956726074
v 0.2439543604850769 -1.1378722190856934 0.3211567997932434
v 0.22772344946861267 -1.1350171566009521 0.30320844054222107
v 0.23380830883979797 -1.1347713470458984 0.30493515729904175
v 0.2334252893924713 -1.1386592388153076 0.30640971660614014
v 0.2295961081981659 -1.139678716659546 0.30507922172546387
v 0.17945343255996704 -1.129023551940918 0.3107798099517822
v 0.17674213647842407 -1.1277291774749756 0.29700928926467896
v 0.16458353400230408 -1.1334867477416992 0.3004598319530487
v 0.1649356484413147 -1.1310780048370361 0.3146563768386841
v 0.16088074445724487 -1.144660472869873 0.3029543161392212
v 0.17052030563354492 -1.1488704681396484 0.30384886264801025
v 0.17107784748077393 -1.151407241821289 0.3176316022872925
v 0.16155345737934113 -1.1445016860961914 0.3183436989784241
v 0.18301913142204285 -1.1464245319366455 0.3003162145614624
v 0.18474900722503662 -1.148564338684082 0.3131204843521118
v 0.19025614857673645 -1.1384925842285156 0.31008750200271606
v 0.18894967436790466 -1.1351325511932373 0.29524391889572144
v 0.20782896876335144 -1.1342034339904785 0.306013822555542
v 0.20930194854736328 -1.1346373558044434 0.2937321066856384
v 0.20177766680717468 -1.1294302940368652 0.29432958364486694
v 0.2010510265827179 -1.1275811195373535 0.3070598542690277
v 0.19323164224624634 -1.1313319206237793 0.2940022647380829
v 0.1895735263824463 -1.1299519538879395 0.30681848526000977
v 0.1889902651309967 -1.1409165859222412 0.307394802570343
v 0.18888750672340393 -1.1390719413757324 0.2933942675590515
v 0.1953546702861786 -1.1438360214233398 0.2959465980529785
v 0.19504669308662415 -1.1458415985107422 0.30907586216926575
v 0.20409369468688965 -1.143505334854126 0.30812937021255493
v 0.20479276776313782 -1.1422665119171143 0.29558998346328735
v 0.21885982155799866 -1.1262202262878418 0.3119722604751587
v 0.21726766228675842 -1.12959885597229 0.3008655309677124
v 0.209823340177536 -1.1311020851135254 0.30086055397987366
v 0.20853811502456665 -1.1283996105194092 0.31113916635513306
v 0.206868976354599 -1.139374017715454 0.29980969429016113
v 0.21298649907112122 -1.1418530941009521 0.3004816770553589
v 0.21236839890480042 -1.1425940990447998 0.31073087453842163
v 0.20670869946479797 -1.1391048431396484 0.30973219871520996
v 0.22164422273635864 -1.1399810314178467 0.31054311990737915
v 0.22068899869918823 -1.140760898590088 0.30039942264556885
v 0.2245202362537384 -1.1311278343200684 0.30928999185562134
v 0.22347834706306458 -1.1339495182037354 0.29978877305984497
v 0.24100491404533386 -1.1311843395233154 0.32070308923721313
v 0.23893100023269653 -1.1344258785247803 0.3116466701030731
v 0.23438382148742676 -1.1296277046203613 0.3116893768310547
v 0.23656925559043884 -1.1256060600280762 0.3221181631088257
v 0.228249192237854 -1.1294975280761719 0.3107113838195801
v 0.22815656661987305 -1.1268515586853027 0.3191240429878235
v 0.2246582806110382 -1.1343326568603516 0.3093700110912323
v 0.2286859154701233 -1.1410226821899414 0.3102705180644989
v 0.2299823760986328 -1.1405351161956787 0.3183191418647766
v 0.22592025995254517 -1.132725715637207 0.3160535395145416
v 0.2357339859008789 -1.1401762962341309 0.31118032336235046
v 0.2381364107131958 -1.1394407749176025 0.3207934498786926
v 0.2516127824783325 -1.12654447555542 0.33741244673728943
v 0.25439000129699707 -1.1336047649383545 0.3392053246498108
v 0.25183790922164917 -1.1326370239257812 0.32816559076309204
v 0.24903875589370728 -1.1274502277374268 0.32795780897140503
v 0.2439928650856018 -1.1277978420257568 0.3265193700790405
v 0.24479299783706665 -1.1258325576782227 0.3330495059490204
v 0.2406461238861084 -1.1325922012329102 0.325291246175766
v 0.24314731359481812 -1.1394739151000977 0.326303631067276
v 0.2444271594285965 -1.1396574974060059 0.33245599269866943
v 0.24269497394561768 -1.1314747333526611 0.33016276359558105
v 0.24953457713127136 -1.1383883953094482 0.32746952772140503
v 0.2508862614631653 -1.1387121677398682 0.33644813299179077
v 0.1662701815366745 -1.1298117637634277 0.328940749168396
v 0.1850252002477646 -1.129760503768921 0.32344555854797363
v 0.1708899438381195 -1.1470541954040527 0.2946889400482178
v 0.16351255774497986 -1.1445670127868652 0.33286720514297485
v 0.17798879742622375 -1.14559006690979 0.293066143989563
v 0.18947342038154602 -1.1494510173797607 0.3246113657951355
v 0.1735653281211853 -1.1523582935333252 0.3318864703178406
v 0.18927001953125 -1.1403050422668457 0.31634753942489624
v 0.20116043090820312 -1.1321346759796143 0.2881394326686859
v 0.20668330788612366 -1.1376392841339111 0.3153953552246094
v 0.2085949182510376 -1.1456177234649658 0.32320499420166016
v 0.19622007012367249 -1.1330053806304932 0.28791049122810364
v 0.20374763011932373 -1.1270761489868164 0.32292506098747253
v 0.22255632281303406 -1.1257891654968262 0.3285236954689026
v 0.21344637870788574 -1.140213966369629 0.2943066656589508
v 0.21743229031562805 -1.1395595073699951 0.29436272382736206
v 0.22725439071655273 -1.1427180767059326 0.3267015814781189
v 0.2265647053718567 -1.132063865661621 0.3184903860092163
v 0.23275792598724365 -1.1312556266784668 0.30626755952835083
v 0.2437816709280014 -1.131162166595459 0.3305779993534088
v 0.24281178414821625 -1.1415348052978516 0.33603978157043457
v 0.22881224751472473 -1.130903959274292 0.3055393099784851
v 0.2398769110441208 -1.1240713596343994 0.33777037262916565
v 0.247132807970047 -1.1304149627685547 0.32387712597846985
v 0.25648847222328186 -1.1345038414001465 0.35190317034721375
v 0.25315529108047485 -1.1415598392486572 0.34782031178474426
v 0.24417227506637573 -1.1297760009765625 0.3224778473377228
v 0.25276219844818115 -1.125420331954956 0.3486036956310272
v 0.18151025474071503 -1.0116300582885742 0.46075937151908875
v 0.18215110898017883 -1.036924123764038 0.4559445381164551
v 0.19062963128089905 -1.0123660564422607 0.4514065980911255
v 0.20531447231769562 -1.0355656147003174 0.44686076045036316
v 0.19286325573921204 -1.037574052810669 0.44848889112472534
v 0.18181687593460083 -1.0599572658538818 0.4473891854286194
v 0.20731176435947418 -1.059093713760376 0.44291672110557556
v 0.19467706978321075 -1.0599660873413086 0.44125813245773315
v 0.24202340841293335 -1.0773754119873047 0.49280670285224915
v 0.2406073808670044 -1.0765876770019531 0.47256729006767273
v 0.23343664407730103 -1.0774564743041992 0.5050936341285706
v 0.2195379137992859 -1.0776691436767578 0.5303957462310791
v 0.22764486074447632 -1.077256679534912 0.5179929137229919
v 0.18173594772815704 -1.079472541809082 0.4363114833831787
v 0.17612333595752716 -1.0822124481201172 0.4566524028778076
v 0.19557806849479675 -1.0780301094055176 0.42826128005981445
v 0.2117409110069275 -1.0762436389923096 0.43132928013801575
v 0.16405512392520905 -1.1273374557495117 0.34625494480133057
v 0.16721494495868683 -1.127030849456787 0.36765384674072266
v 0.17981332540512085 -1.115476131439209 0.36346590518951416
v 0.18197236955165863 -1.1225640773773193 0.3429794907569885
v 0.1997348964214325 -1.11383056640625 0.3652377724647522
v 0.2012176662683487 -1.1225559711456299 0.34435683488845825
v 0.21831320226192474 -1.1148560047149658 0.37053394317626953
v 0.2201363444328308 -1.1217639446258545 0.3496500551700592
v 0.23476339876651764 -1.117682695388794 0.37765663862228394
v 0.23758229613304138 -1.1225857734680176 0.3573606610298157
v 0.2491687834262848 -1.1239728927612305 0.3848642408847809
v 0.2519526481628418 -1.1251099109649658 0.36476796865463257
v 0.25881606340408325 -1.1339142322540283 0.3884757161140442
v 0.2598136067390442 -1.1347603797912598 0.3679594397544861
v 0.16213835775852203 -1.1452341079711914 0.35019993782043457
v 0.16573476791381836 -1.143604040145874 0.3711986243724823
v 0.1748281866312027 -1.1551034450531006 0.350101113319397
v 0.17789652943611145 -1.1565778255462646 0.37133949995040894
v 0.19213250279426575 -1.1535511016845703 0.34860414266586304
v 0.19477304816246033 -1.1550350189208984 0.3709580898284912
v 0.25557249784469604 -1.1464622020721436 0.3861085772514343
v 0.25542059540748596 -1.1456379890441895 0.36456674337387085
v 0.2111518830060959 -1.1507399082183838 0.35027244687080383
v 0.2129332423210144 -1.1518292427062988 0.37315040826797485
v 0.22893169522285461 -1.149557113647461 0.3540883958339691
v 0.22998356819152832 -1.1507914066314697 0.37727266550064087
v 0.24376703798770905 -1.1484272480010986 0.3593127131462097
v 0.24436742067337036 -1.1500532627105713 0.38204243779182434
v 0.17881576716899872 -1.1086149215698242 0.38831979036331177
v 0.1978999823331833 -1.1020755767822266 0.3872499167919159
v 0.21616104245185852 -1.1037445068359375 0.39329469203948975
v 0.23201918601989746 -1.1097030639648438 0.40122097730636597
v 0.24589502811431885 -1.1203439235687256 0.40855395793914795
v 0.25665345788002014 -1.1310088634490967 0.4117263853549957
v 0.23391707241535187 -1.0975661277770996 0.4283638596534729
v 0.244007870554924 -1.1182129383087158 0.4345518946647644
v 0.25272801518440247 -1.1308097839355469 0.43617576360702515
v 0.24447742104530334 -1.1166110038757324 0.46075865626335144
v 0.24974089860916138 -1.1307125091552734 0.4606691598892212
v 0.24335850775241852 -1.117478847503662 0.5040237307548523
v 0.24911081790924072 -1.1331830024719238 0.5052082538604736
v 0.24949733912944794 -1.130443811416626 0.4848054349422455
v 0.24408259987831116 -1.1161725521087646 0.4849509596824646
v 0.2380959689617157 -1.097320795059204 0.4562627673149109
v 0.24024811387062073 -1.096468448638916 0.4808087944984436
v 0.23889562487602234 -1.0969135761260986 0.4991178512573242
v 0.23689039051532745 -1.1351537704467773 0.5305134654045105
v 0.24519357085227966 -1.134786605834961 0.5192956924438477
v 0.2411005198955536 -1.1183078289031982 0.5178678631782532
v 0.23530809581279755 -1.1183083057403564 0.530320405960083
v 0.22073474526405334 -1.1200480461120605 0.5409458875656128
v 0.22108492255210876 -1.1376776695251465 0.5374835133552551
v 0.2030198574066162 -1.1229934692382812 0.5333070158958435
v 0.20324791967868805 -1.1400086879730225 0.53171306848526
v 0.2309558242559433 -1.097137689590454 0.5241057872772217
v 0.23515868186950684 -1.0975167751312256 0.5121355056762695
v 0.22017310559749603 -1.0981464385986328 0.535133957862854
v 0.2045997530221939 -1.100353479385376 0.5297563672065735
v 0.19904151558876038 -1.101653814315796 0.5137640833854675
v 0.1964113712310791 -1.124025821685791 0.51529461145401
v 0.19362011551856995 -1.140446662902832 0.5152351260185242
v 0.17225250601768494 -1.1255064010620117 0.3928646147251129
v 0.1741117686033249 -1.1386420726776123 0.3956937789916992
v 0.21507160365581512 -1.0895988941192627 0.4138200581073761
v 0.19583143293857574 -1.0897767543792725 0.4091995060443878
v 0.1786895990371704 -1.0985863208770752 0.41911301016807556
v 0.17493727803230286 -1.1217999458312988 0.42096269130706787
v 0.18134114146232605 -1.135869026184082 0.42274969816207886
v 0.18581992387771606 -1.1352479457855225 0.4471721053123474
v 0.17808301746845245 -1.122511625289917 0.4472285807132721
v 0.1834995448589325 -1.1492769718170166 0.3970620632171631
v 0.19050826132297516 -1.1428759098052979 0.4235350489616394
v 0.19360971450805664 -1.1416797637939453 0.44767647981643677
v 0.18696394562721252 -1.136399507522583 0.4687420427799225
v 0.1818857043981552 -1.1235413551330566 0.46927231550216675
v 0.18910188972949982 -1.1373474597930908 0.4859033524990082
v 0.18721656501293182 -1.1227827072143555 0.4865783154964447
v 0.19216619431972504 -1.1227662563323975 0.500248372554779
v 0.19083265960216522 -1.1388413906097412 0.5000479817390442
v 0.18675841391086578 -1.1021862030029297 0.48866918683052063
v 0.192657470703125 -1.1013824939727783 0.5007482171058655
v 0.18037046492099762 -1.103654384613037 0.4712907671928406
v 0.175750732421875 -1.1025254726409912 0.4487306773662567
v 0.2544427514076233 -1.144362449645996 0.4105708599090576
v 0.25199130177497864 -1.1425046920776367 0.4351191520690918
v 0.24886959791183472 -1.1410577297210693 0.45970213413238525
v 0.24757148325443268 -1.142380714416504 0.4835837185382843
v 0.24400433897972107 -1.1449956893920898 0.5025807619094849
v 0.2396089732646942 -1.1462290287017822 0.5147257447242737
v 0.21921536326408386 -1.1470232009887695 0.5292741656303406
v 0.23228143155574799 -1.146409273147583 0.5245808362960815
v 0.2067880630493164 -1.1484863758087158 0.5253063440322876
v 0.19951260089874268 -1.1497764587402344 0.5117600560188293
v 0.19684617221355438 -1.1498398780822754 0.4987192749977112
v 0.19421641528606415 -1.1445939540863037 0.4689427614212036
v 0.19517159461975098 -1.148069143295288 0.48537954688072205
v 0.17647552490234375 -1.083364486694336 0.47768163681030273
v 0.18420742452144623 -1.0824916362762451 0.49400442838668823
v 0.19151853024959564 -1.0811519622802734 0.5034452080726624
v 0.20573081076145172 -1.078688383102417 0.5265477895736694
v 0.19818797707557678 -1.0800461769104004 0.5136435031890869
v 0.1981978714466095 -1.1519224643707275 0.39756935834884644
v 0.2151775062084198 -1.1498560905456543 0.3999239504337311
v 0.2311878353357315 -1.1492490768432617 0.40381020307540894
v 0.24426071345806122 -1.1485466957092285 0.407630056142807
v 0.24361607432365417 -1.147273302078247 0.4331192672252655
v 0.2316729724407196 -1.1477515697479248 0.4306836724281311
v 0.2166566252708435 -1.1482298374176025 0.4277237057685852
v 0.20169714093208313 -1.1466832160949707 0.4249221086502075
v 0.2407139539718628 -1.146568775177002 0.457455575466156
v 0.23006384074687958 -1.1479542255401611 0.4550009071826935
v 0.2164858877658844 -1.1483955383300781 0.4529024660587311
v 0.20356374979019165 -1.1466543674468994 0.4494072496891022
v 0.20348861813545227 -1.149822473526001 0.47093427181243896
v 0.2149154245853424 -1.1504271030426025 0.4750173091888428
v 0.22701020538806915 -1.1496431827545166 0.4770869314670563
v 0.23753444850444794 -1.14768648147583 0.48038846254348755
v 0.2344573736190796 -1.149071216583252 0.4980030953884125
v 0.22440411150455475 -1.1502995491027832 0.4939509928226471
v 0.21344225108623505 -1.1513171195983887 0.4911923110485077
v 0.20424619317054749 -1.1512506008148193 0.4876343309879303
v 0.23104989528656006 -1.1494410037994385 0.5086029767990112
v 0.21884365379810333 -1.150214433670044 0.5209369659423828
v 0.226415753364563 -1.149512767791748 0.5164267420768738
v 0.21079720556735992 -1.1512033939361572 0.5189991593360901
v 0.20661510527133942 -1.15181565284729 0.5093819499015808
v 0.20499606430530548 -1.1518895626068115 0.49899744987487793
v 0.2131526619195938 -1.15138578414917 0.5010322332382202
v 0.2133079320192337 -1.1512227058410645 0.5087341070175171
v 0.22283035516738892 -1.1503300666809082 0.5036165714263916
v 0.2207423746585846 -1.1501662731170654 0.5108394026756287
v 0.21419675648212433 -1.1508190631866455 0.5146142840385437
v 0.21795976161956787 -1.150343656539917 0.5155302882194519
v 0.2267676293849945 -1.0788722038269043 0.44760656356811523
v 0.1435912698507309 -0.7341445088386536 0.41039854288101196
v 0.13164591789245605 -0.7321045994758606 0.42160263657569885
v 0.15853893756866455 -0.7306017279624939 0.40349894762039185
v 0.13849231600761414 -0.3102460205554962 0.4073132872581482
v 0.07790495455265045 -0.08369210362434387 0.43117189407348633
v 0.08066588640213013 -0.0455072857439518 0.4413338899612427
v 0.07858234643936157 -0.06495854258537292 0.4359925389289856
v 0.1411719024181366 -0.3334454596042633 0.4014708697795868
v 0.14337646961212158 -0.021723225712776184 0.47538915276527405
v 0.11183960735797882 0.12774519622325897 0.45058193802833557
v 0.12315145134925842 0.4249001741409302 0.533011794090271
v 0.12139781564474106 0.421665757894516 0.5352368354797363
v 0.12142377346754074 0.41924577951431274 0.5379959344863892
v 0.12216109782457352 0.4168020784854889 0.5405309796333313
v 0.12243661284446716 0.4152500629425049 0.5437523722648621
v 0.12175989896059036 0.4160040616989136 0.5477490425109863
v 0.12405966222286224 0.4206713140010834 0.5394619107246399
v 0.12245368212461472 0.4237155318260193 0.542527973651886
v 0.12214256823062897 0.4255150556564331 0.5408930778503418
v 0.12381646037101746 0.4227293133735657 0.5374608039855957
f 2 3 1
f 1 3 4
f 3 2 5
f 5 2 6
f 3 7 4
f 4 7 8
f 10 11 9
f 9 11 12
f 14 15 13
f 13 15 16
f 18 19 17
f 17 19 20
f 22 23 21
f 21 23 24
f 26 18 25
f 25 18 17
f 27 28 17
f 17 28 25
f 30 31 29
f 29 31 32
f 34 35 33
f 33 35 36
f 21 24 37
f 37 24 38
f 40 31 39
f 39 31 38
f 34 33 28
f 28 33 25
f 41 42 44
f 44 42 43
f 36 45 33
f 33 45 25
f 46 47 49
f 49 47 48
f 51 52 50
f 50 52 53
f 55 53 54
f 54 53 52
f 57 58 56
f 56 58 59
f 61 62 60
f 60 62 63
f 65 66 64
f 64 66 67
f 69 70 68
f 68 70 71
f 65 73 72
f 72 73 74
f 64 75 65
f 65 75 73
f 77 78 76
f 76 78 79
f 80 81 83
f 83 81 82
f 81 85 84
f 84 85 86
f 88 89 87
f 87 89 69
f 88 87 90
f 90 87 91
f 93 94 92
f 92 94 95
f 96 84 43
f 43 84 44
f 51 98 97
f 97 98 86
f 97 99 51
f 51 99 52
f 54 52 100
f 100 52 99
f 58 101 59
f 59 101 102
f 62 103 63
f 63 103 104
f 105 106 6
f 6 106 5
f 108 109 107
f 107 109 110
f 112 113 111
f 111 113 114
f 116 117 115
f 115 117 118
f 120 121 119
f 119 121 122
f 124 125 123
f 123 125 126
f 128 129 127
f 127 129 130
f 130 131 127
f 127 131 132
f 134 1 133
f 133 1 135
f 1 4 135
f 135 4 136
f 4 8 136
f 136 8 137
f 138 139 15
f 15 139 140
f 140 139 141
f 141 139 142
f 144 57 143
f 143 57 56
f 145 146 141
f 141 146 147
f 146 149 148
f 148 149 150
f 152 153 151
f 151 153 154
f 141 147 140
f 140 147 155
f 157 11 156
f 156 11 158
f 160 161 159
f 159 161 162
f 164 165 163
f 163 165 166
f 165 160 166
f 166 160 159
f 168 169 167
f 167 169 170
f 169 171 170
f 170 171 172
f 149 173 150
f 150 173 174
f 175 176 149
f 149 176 173
f 178 172 177
f 177 172 171
f 180 181 179
f 179 181 182
f 184 180 183
f 183 180 179
f 186 187 185
f 185 187 188
f 190 191 189
f 189 191 192
f 7 193 8
f 8 193 194
f 196 162 195
f 195 162 161
f 197 168 198
f 198 168 167
f 181 199 182
f 182 199 200
f 202 203 201
f 201 203 204
f 187 186 205
f 205 186 206
f 208 209 207
f 207 209 210
f 212 213 211
f 211 213 214
f 215 216 218
f 218 216 217
f 220 209 219
f 219 209 208
f 204 186 221
f 221 186 185
f 201 204 222
f 222 204 221
f 223 211 220
f 220 211 209
f 224 225 214
f 214 225 210
f 203 206 204
f 204 206 186
f 227 187 226
f 226 187 205
f 27 228 21
f 21 228 22
f 230 231 229
f 229 231 232
f 234 235 233
f 233 235 236
f 238 239 237
f 237 239 240
f 119 122 118
f 118 122 115
f 112 242 241
f 241 242 243
f 98 51 244
f 244 51 50
f 245 138 14
f 14 138 15
f 11 10 158
f 158 10 246
f 89 85 69
f 69 85 70
f 11 157 12
f 12 157 247
f 249 164 248
f 248 164 163
f 177 250 178
f 178 250 251
f 253 254 252
f 252 254 255
f 187 227 188
f 188 227 256
f 212 257 213
f 213 257 258
f 260 134 259
f 259 134 133
f 165 164 135
f 135 164 133
f 160 165 136
f 136 165 135
f 136 137 160
f 160 137 161
f 137 261 161
f 161 261 195
f 263 264 262
f 262 264 265
f 13 16 266
f 266 16 267
f 268 267 155
f 155 267 16
f 147 269 155
f 155 269 268
f 162 196 167
f 167 196 198
f 167 170 162
f 162 170 159
f 170 172 159
f 159 172 166
f 172 178 166
f 166 178 163
f 178 251 163
f 163 251 248
f 168 270 169
f 169 270 271
f 272 273 171
f 171 273 177
f 271 272 169
f 169 272 171
f 168 197 270
f 270 197 274
f 250 177 275
f 275 177 273
f 277 45 276
f 276 45 278
f 280 281 279
f 279 281 282
f 284 104 283
f 283 104 103
f 285 215 286
f 286 215 218
f 288 289 287
f 287 289 290
f 291 80 66
f 66 80 83
f 293 294 292
f 292 294 295
f 73 91 74
f 74 91 87
f 91 73 92
f 92 73 75
f 279 77 280
f 280 77 76
f 80 291 70
f 70 291 71
f 277 47 96
f 96 47 82
f 297 175 296
f 296 175 149
f 299 154 298
f 298 154 153
f 225 300 210
f 210 300 207
f 224 301 206
f 206 301 205
f 210 209 214
f 214 209 211
f 226 205 302
f 302 205 301
f 304 305 303
f 303 305 306
f 308 309 307
f 307 309 310
f 72 291 65
f 65 291 66
f 66 83 67
f 67 83 46
f 312 313 311
f 311 313 314
f 316 317 315
f 315 317 36
f 29 318 35
f 35 318 319
f 321 32 320
f 320 32 322
f 311 314 323
f 323 314 324
f 315 325 316
f 316 325 326
f 318 287 319
f 319 287 290
f 328 321 327
f 327 321 320
f 329 330 39
f 39 330 331
f 332 333 40
f 40 333 322
f 309 334 285
f 285 334 335
f 236 2 134
f 134 2 1
f 260 336 233
f 233 336 337
f 237 14 265
f 265 14 13
f 84 86 44
f 44 86 98
f 189 192 7
f 7 192 193
f 44 98 41
f 41 98 244
f 237 240 14
f 14 240 245
f 7 3 189
f 189 3 5
f 338 71 72
f 72 71 291
f 262 265 266
f 266 265 13
f 124 123 339
f 339 123 105
f 123 109 105
f 105 109 106
f 189 5 190
f 190 5 106
f 111 114 12
f 12 114 9
f 264 340 265
f 265 340 237
f 342 343 341
f 341 343 344
f 6 235 105
f 105 235 339
f 234 346 345
f 345 346 347
f 349 350 348
f 348 350 351
f 107 352 108
f 108 352 353
f 355 356 354
f 354 356 357
f 237 340 238
f 238 340 358
f 12 247 111
f 111 247 359
f 264 263 116
f 116 263 360
f 361 362 222
f 222 362 201
f 364 365 363
f 363 365 366
f 368 369 367
f 367 369 370
f 372 373 371
f 371 373 374
f 375 376 372
f 372 376 377
f 378 379 381
f 381 379 380
f 382 383 269
f 269 383 268
f 150 174 365
f 365 174 384
f 380 377 381
f 381 377 376
f 271 270 180
f 180 270 181
f 273 272 252
f 252 272 184
f 272 271 184
f 184 271 180
f 181 270 274
f 252 255 273
f 273 255 275
f 254 385 255
f 255 385 386
f 387 388 179
f 179 388 183
f 389 387 182
f 182 387 179
f 182 200 389
f 389 200 390
f 388 391 183
f 183 391 253
f 391 392 253
f 253 392 254
f 394 379 393
f 393 379 378
f 185 188 395
f 395 188 396
f 221 185 397
f 397 185 395
f 222 221 398
f 398 221 397
f 188 256 396
f 396 256 399
f 400 401 256
f 256 401 399
f 402 403 405
f 405 403 404
f 148 150 364
f 364 150 365
f 393 406 394
f 394 406 407
f 158 246 393
f 393 246 406
f 342 19 238
f 238 19 239
f 23 22 350
f 350 22 354
f 244 50 245
f 245 50 138
f 55 142 53
f 53 142 139
f 145 144 296
f 296 144 143
f 355 228 341
f 341 228 20
f 41 240 42
f 42 240 239
f 283 308 284
f 284 308 307
f 349 409 408
f 408 409 410
f 244 245 41
f 41 245 240
f 268 383 406
f 406 383 407
f 346 411 349
f 349 411 409
f 251 412 248
f 248 412 413
f 275 414 250
f 250 414 415
f 25 45 26
f 26 45 277
f 43 26 96
f 96 26 277
f 416 417 61
f 61 417 62
f 329 24 408
f 408 24 23
f 31 40 32
f 32 40 322
f 39 38 329
f 329 38 24
f 37 38 30
f 30 38 31
f 418 419 421
f 421 419 420
f 78 295 79
f 79 295 294
f 124 339 422
f 422 339 345
f 232 131 357
f 357 131 351
f 2 236 6
f 6 236 235
f 252 184 253
f 253 184 183
f 227 423 256
f 256 423 400
f 423 227 305
f 305 227 226
f 424 258 425
f 425 258 257
f 426 427 212
f 212 427 257
f 259 133 249
f 249 133 164
f 419 418 428
f 428 418 429
f 327 430 328
f 328 430 288
f 49 431 46
f 46 431 67
f 306 302 424
f 424 302 258
f 313 432 314
f 314 432 433
f 32 321 29
f 29 321 318
f 324 314 433
f 287 318 328
f 328 318 321
f 134 260 236
f 236 260 233
f 345 339 234
f 234 339 235
f 357 351 354
f 354 351 350
f 408 23 349
f 349 23 350
f 317 278 36
f 36 278 45
f 432 313 429
f 429 313 428
f 435 428 434
f 434 428 313
f 42 239 18
f 18 239 19
f 43 42 26
f 26 42 18
f 121 120 436
f 436 120 437
f 302 301 258
f 258 301 213
f 110 109 126
f 126 109 123
f 238 358 342
f 342 358 343
f 341 20 342
f 342 20 19
f 322 438 320
f 320 438 439
f 320 439 327
f 327 439 430
f 333 440 322
f 322 440 438
f 289 288 323
f 323 288 430
f 115 340 116
f 116 340 264
f 146 145 149
f 149 145 296
f 15 140 16
f 16 140 155
f 441 442 152
f 152 442 153
f 225 224 203
f 203 224 206
f 175 297 154
f 154 297 151
f 293 443 294
f 294 443 444
f 248 413 249
f 249 413 445
f 446 447 400
f 400 447 401
f 388 387 396
f 396 387 395
f 387 389 395
f 395 389 397
f 391 388 399
f 399 388 396
f 401 392 399
f 399 392 391
f 255 386 275
f 275 386 414
f 449 450 448
f 448 450 451
f 335 452 285
f 285 452 215
f 453 298 442
f 442 298 153
f 211 223 212
f 212 223 426
f 425 257 454
f 454 257 427
f 266 10 262
f 262 10 9
f 360 113 456
f 456 113 455
f 8 194 137
f 137 194 261
f 10 266 246
f 246 266 267
f 203 202 225
f 225 202 300
f 262 9 263
f 263 9 114
f 108 353 190
f 190 353 191
f 389 390 397
f 397 390 398
f 457 422 128
f 128 422 129
f 156 158 378
f 378 158 393
f 347 346 348
f 348 346 349
f 447 458 401
f 401 458 392
f 364 382 148
f 148 382 269
f 55 54 57
f 57 54 58
f 75 64 459
f 459 64 460
f 100 90 101
f 101 90 95
f 101 58 100
f 100 58 54
f 142 55 144
f 144 55 57
f 147 146 269
f 269 146 148
f 459 93 75
f 75 93 92
f 144 145 142
f 142 145 141
f 228 27 20
f 20 27 17
f 154 299 175
f 175 299 176
f 214 213 224
f 224 213 301
f 424 461 306
f 306 461 303
f 285 286 309
f 309 286 310
f 462 334 308
f 308 334 309
f 302 306 226
f 226 306 305
f 37 28 21
f 21 28 27
f 29 35 30
f 30 35 34
f 30 34 37
f 37 34 28
f 344 436 356
f 356 436 229
f 325 290 326
f 326 290 289
f 311 439 312
f 312 439 438
f 35 319 36
f 36 319 315
f 439 311 430
f 430 311 323
f 315 319 325
f 325 319 290
f 440 463 438
f 438 463 312
f 341 344 355
f 355 344 356
f 360 456 116
f 116 456 117
f 354 22 355
f 355 22 228
f 326 289 324
f 324 289 323
f 74 87 68
f 68 87 69
f 50 53 138
f 138 53 139
f 268 406 267
f 267 406 246
f 190 106 108
f 108 106 109
f 241 455 112
f 112 455 113
f 358 122 343
f 343 122 121
f 129 347 130
f 130 347 348
f 348 351 130
f 130 351 131
f 229 232 356
f 356 232 357
f 340 115 358
f 358 115 122
f 111 359 112
f 112 359 242
f 125 124 457
f 457 124 422
f 231 132 232
f 232 132 131
f 343 121 344
f 344 121 436
f 263 114 360
f 360 114 113
f 347 129 345
f 345 129 422
f 230 229 437
f 437 229 436
f 464 446 423
f 423 446 400
f 465 466 468
f 468 466 467
f 470 471 469
f 469 471 472
f 469 472 373
f 373 472 374
f 474 469 473
f 473 469 373
f 471 475 472
f 472 475 476
f 472 477 374
f 374 477 478
f 477 472 476
f 479 480 476
f 476 480 477
f 473 373 377
f 377 373 372
f 481 482 479
f 479 482 480
f 483 484 481
f 481 484 482
f 403 402 485
f 485 402 486
f 487 488 483
f 483 488 484
f 487 489 488
f 488 489 490
f 489 491 490
f 490 491 492
f 491 493 492
f 492 493 494
f 493 495 494
f 494 495 496
f 497 498 481
f 481 498 483
f 484 499 482
f 482 499 367
f 370 480 367
f 367 480 482
f 480 370 477
f 477 370 478
f 500 497 479
f 479 497 481
f 451 473 380
f 380 473 377
f 448 451 379
f 379 451 380
f 501 502 504
f 504 502 503
f 449 505 507
f 507 505 506
f 486 508 505
f 505 508 506
f 508 509 506
f 506 509 510
f 511 507 510
f 510 507 506
f 509 508 512
f 512 508 513
f 515 509 514
f 514 509 512
f 509 515 510
f 510 515 516
f 510 516 511
f 511 516 517
f 486 505 485
f 485 505 518
f 505 449 518
f 518 449 448
f 383 382 403
f 403 382 404
f 363 404 364
f 364 404 382
f 403 485 383
f 383 485 407
f 519 520 361
f 361 520 362
f 522 496 521
f 521 496 495
f 450 474 451
f 451 474 473
f 363 366 523
f 523 366 524
f 525 499 488
f 488 499 484
f 488 490 525
f 525 490 526
f 496 522 520
f 520 522 527
f 494 496 519
f 519 496 520
f 492 494 528
f 528 494 519
f 529 530 495
f 495 530 521
f 490 492 526
f 526 492 528
f 529 495 531
f 531 495 493
f 533 534 532
f 532 534 535
f 523 524 533
f 533 524 534
f 486 402 532
f 532 402 533
f 529 536 530
f 530 536 537
f 536 538 537
f 537 538 539
f 540 541 539
f 539 541 537
f 530 537 535
f 535 537 541
f 542 539 543
f 543 539 538
f 539 542 540
f 540 542 544
f 541 540 513
f 513 540 512
f 540 544 512
f 512 544 514
f 546 547 545
f 545 547 548
f 549 550 531
f 531 550 551
f 550 549 552
f 552 549 553
f 546 550 554
f 554 550 552
f 547 546 555
f 555 546 554
f 498 556 558
f 558 556 557
f 559 557 560
f 560 557 556
f 561 562 560
f 560 562 559
f 557 559 552
f 552 559 554
f 559 562 554
f 554 562 555
f 558 557 553
f 553 557 552
f 475 471 563
f 563 471 564
f 565 563 567
f 567 563 566
f 471 470 564
f 564 470 466
f 564 466 568
f 568 466 465
f 568 465 569
f 569 465 570
f 572 573 571
f 571 573 574
f 569 575 567
f 567 575 576
f 577 565 576
f 576 565 567
f 578 579 581
f 581 579 580
f 575 561 576
f 576 561 560
f 556 577 560
f 560 577 576
f 577 556 497
f 497 556 498
f 565 577 500
f 500 577 497
f 563 565 475
f 475 565 500
f 553 489 558
f 558 489 487
f 531 493 549
f 549 493 491
f 489 553 491
f 491 553 549
f 394 407 518
f 518 407 485
f 518 448 394
f 394 448 379
f 545 548 538
f 538 548 543
f 551 545 536
f 536 545 538
f 536 529 551
f 551 529 531
f 507 582 449
f 449 582 450
f 511 583 507
f 507 583 582
f 511 517 583
f 583 517 584
f 585 586 588
f 588 586 587
f 590 591 589
f 589 591 592
f 591 590 593
f 593 590 594
f 596 597 595
f 595 597 598
f 599 600 602
f 602 600 601
f 604 605 603
f 603 605 606
f 608 609 607
f 607 609 610
f 612 613 611
f 611 613 614
f 615 616 618
f 618 616 617
f 620 621 619
f 619 621 622
f 624 625 623
f 623 625 626
f 628 629 627
f 627 629 630
f 632 633 631
f 631 633 634
f 635 636 638
f 638 636 637
f 639 640 642
f 642 640 641
f 644 645 643
f 643 645 646
f 619 622 647
f 647 622 648
f 650 651 649
f 649 651 652
f 601 653 602
f 602 653 654
f 656 657 655
f 655 657 658
f 660 661 659
f 659 661 662
f 664 665 663
f 663 665 666
f 593 594 667
f 667 594 668
f 669 670 672
f 672 670 671
f 673 674 676
f 676 674 675
f 633 632 677
f 677 632 678
f 663 666 679
f 679 666 680
f 681 682 684
f 684 682 683
f 686 687 685
f 685 687 688
f 690 661 689
f 689 661 691
f 693 686 692
f 692 686 685
f 695 597 694
f 694 597 668
f 594 696 668
f 668 696 694
f 697 698 696
f 696 698 699
f 700 701 697
f 697 701 698
f 702 585 703
f 703 585 588
f 671 690 672
f 672 690 689
f 640 639 704
f 704 639 705
f 679 706 663
f 663 706 658
f 708 709 707
f 707 709 710
f 711 712 610
f 610 712 607
f 713 714 716
f 716 714 715
f 717 718 720
f 720 718 719
f 722 634 721
f 721 634 633
f 724 725 723
f 723 725 726
f 728 729 727
f 727 729 730
f 732 733 731
f 731 733 734
f 707 710 735
f 735 710 736
f 643 737 644
f 644 737 738
f 740 741 739
f 739 741 742
f 608 744 743
f 743 744 745
f 747 748 746
f 746 748 749
f 751 752 750
f 750 752 753
f 754 755 757
f 757 755 756
f 758 759 761
f 761 759 760
f 763 764 762
f 762 764 765
f 767 768 766
f 766 768 769
f 771 772 770
f 770 772 773
f 775 776 774
f 774 776 777
f 779 780 778
f 778 780 781
f 783 712 782
f 782 712 784
f 785 786 788
f 788 786 787
f 790 628 789
f 789 628 627
f 792 793 791
f 791 793 794
f 795 796 726
f 726 796 723
f 798 799 797
f 797 799 800
f 721 633 801
f 801 633 677
f 797 800 802
f 802 800 803
f 805 806 804
f 804 806 807
f 809 810 808
f 808 810 811
f 813 814 812
f 812 814 815
f 809 808 817
f 817 808 816
f 818 819 804
f 804 819 805
f 820 821 818
f 818 821 819
f 821 820 587
f 587 820 822
f 809 823 810
f 810 823 824
f 814 807 815
f 815 807 806
f 826 426 825
f 825 426 223
f 426 826 427
f 427 826 827
f 828 829 454
f 454 829 830
f 831 832 677
f 677 832 801
f 834 835 833
f 833 835 836
f 838 839 837
f 837 839 840
f 841 842 844
f 844 842 843
f 845 846 803
f 803 846 802
f 847 831 678
f 678 831 677
f 848 849 851
f 851 849 850
f 853 854 852
f 852 854 855
f 857 858 856
f 856 858 680
f 860 861 859
f 859 861 862
f 864 865 863
f 863 865 866
f 868 869 867
f 867 869 870
f 839 871 840
f 840 871 872
f 849 848 874
f 874 848 873
f 876 877 875
f 875 877 878
f 880 881 879
f 879 881 882
f 883 884 886
f 886 884 885
f 846 887 802
f 802 887 888
f 890 891 889
f 889 891 888
f 893 894 892
f 892 894 895
f 896 897 728
f 728 897 729
f 899 900 898
f 898 900 901
f 902 852 904
f 904 852 903
f 849 905 850
f 850 905 906
f 875 878 907
f 907 878 908
f 910 911 909
f 909 911 912
f 914 915 913
f 913 915 916
f 917 918 862
f 862 918 859
f 919 920 856
f 856 920 921
f 923 924 922
f 922 924 925
f 926 927 925
f 925 927 922
f 929 930 928
f 928 930 693
f 932 695 931
f 931 695 694
f 823 867 824
f 824 867 933
f 935 936 934
f 934 936 937
f 938 868 823
f 823 868 867
f 940 847 939
f 939 847 678
f 632 655 678
f 678 655 939
f 941 942 619
f 619 942 620
f 687 943 688
f 688 943 944
f 851 850 945
f 945 850 903
f 850 906 903
f 903 906 904
f 946 947 949
f 949 947 948
f 951 952 950
f 950 952 953
f 955 956 954
f 954 956 957
f 907 958 875
f 875 958 874
f 960 961 959
f 959 961 962
f 963 853 902
f 902 853 852
f 909 964 910
f 910 964 965
f 967 968 966
f 966 968 969
f 971 972 970
f 970 972 973
f 974 960 975
f 975 960 959
f 977 978 976
f 976 978 979
f 981 977 980
f 980 977 976
f 980 982 981
f 981 982 983
f 985 983 984
f 984 983 982
f 984 986 985
f 985 986 987
f 989 990 988
f 988 990 991
f 993 994 992
f 992 994 995
f 997 998 996
f 996 998 999
f 1001 1002 1000
f 1000 1002 1003
f 1005 1006 1004
f 1004 1006 1007
f 1004 1008 1005
f 1005 1008 1009
f 1008 1010 1009
f 1009 1010 1011
f 1013 1011 1012
f 1012 1011 1010
f 1014 1015 1017
f 1017 1015 1016
f 1019 1020 1018
f 1018 1020 1021
f 1022 1023 976
f 976 1023 980
f 1024 1025 982
f 982 1025 984
f 992 995 1026
f 1026 995 1027
f 956 955 1028
f 1028 955 1029
f 1030 1031 1033
f 1033 1031 1032
f 1010 1008 1034
f 1034 1008 1035
f 1008 1004 1035
f 1035 1004 1036
f 1037 1038 1002
f 1002 1038 1007
f 1002 1001 1037
f 1037 1001 1039
f 1040 1041 997
f 997 1041 998
f 1015 1014 1043
f 1043 1014 1042
f 1044 1045 1047
f 1047 1045 1046
f 1044 1020 1048
f 1048 1020 1049
f 1050 1051 1003
f 1003 1051 1000
f 1052 1050 1006
f 1006 1050 1003
f 1053 1054 1011
f 1011 1054 1009
f 1013 1045 1055
f 1055 1045 1056
f 1058 1059 1057
f 1057 1059 1060
f 1062 1063 1061
f 1061 1063 1064
f 1065 1066 1050
f 1050 1066 1051
f 1067 1065 1052
f 1052 1065 1050
f 1068 1069 1054
f 1054 1069 1070
f 1071 1068 1053
f 1053 1068 1054
f 1073 1071 1072
f 1072 1071 1074
f 1074 1071 1055
f 1055 1071 1053
f 1076 1077 1075
f 1075 1077 1078
f 1079 1080 1057
f 1057 1080 1058
f 1081 1082 1064
f 1064 1082 1061
f 1084 1085 1083
f 1083 1085 1086
f 1088 1089 1087
f 1087 1089 1090
f 1092 1093 1091
f 1091 1093 1094
f 1096 1097 1095
f 1095 1097 1098
f 1099 1100 1102
f 1102 1100 1101
f 1103 1104 1099
f 1099 1104 1100
f 1106 1107 1105
f 1105 1107 1108
f 1110 1111 1109
f 1109 1111 1112
f 1114 1115 1113
f 1113 1115 1116
f 1118 1119 1117
f 1117 1119 1077
f 1117 1120 1122
f 1122 1120 1121
f 1105 1123 1106
f 1106 1123 1124
f 1125 1126 1128
f 1128 1126 1127
f 1130 1131 1129
f 1129 1131 1132
f 1134 1135 1133
f 1133 1135 1114
f 1113 1136 1114
f 1114 1136 1133
f 1118 1137 1113
f 1113 1137 1136
f 1118 1117 1137
f 1137 1117 1122
f 1139 1140 1138
f 1138 1140 1141
f 1143 953 1142
f 1142 953 952
f 1145 957 1144
f 1144 957 956
f 1028 1146 956
f 956 1146 1144
f 1014 1147 1042
f 1042 1147 1148
f 1014 1017 1147
f 1147 1017 1149
f 1059 1058 1150
f 1150 1058 1151
f 1153 1080 1152
f 1152 1080 1154
f 1156 1088 1155
f 1155 1088 1087
f 1157 1158 1106
f 1106 1158 1107
f 1106 1124 1157
f 1157 1124 1159
f 1161 1162 1160
f 1160 1162 1163
f 1165 1166 1164
f 1164 1166 1167
f 1168 1031 1012
f 1012 1031 1046
f 1024 1023 1035
f 1035 1023 1034
f 1036 1038 1025
f 1025 1038 1169
f 1170 1171 1039
f 1039 1171 1037
f 1028 1029 1042
f 1042 1029 1043
f 1172 1173 1175
f 1175 1173 1174
f 1055 1053 1013
f 1013 1053 1011
f 1005 1009 1070
f 1070 1009 1054
f 996 999 1062
f 1062 999 1063
f 1016 1060 1017
f 1017 1060 1059
f 1017 1059 1149
f 1149 1059 1150
f 1177 1178 1176
f 1176 1178 1103
f 1176 1072 1179
f 1179 1072 1074
f 1073 1102 1086
f 1086 1102 1083
f 1180 1181 1067
f 1067 1181 1065
f 1182 1183 1184
f 1184 1183 1181
f 1186 1187 1185
f 1185 1187 1188
f 1189 1190 798
f 798 1190 799
f 1192 1193 1191
f 1191 1193 1194
f 1195 1196 1194
f 1194 1196 1191
f 1196 1195 1198
f 1198 1195 1197
f 1200 674 1199
f 1199 674 673
f 928 1201 1203
f 1203 1201 1202
f 861 1204 862
f 862 1204 921
f 1205 1206 913
f 913 1206 1207
f 882 1208 879
f 879 1208 1209
f 1210 1211 1167
f 1167 1211 1164
f 1212 769 1213
f 1213 769 768
f 727 1214 728
f 728 1214 1215
f 1217 1218 1216
f 1216 1218 1219
f 1220 813 1221
f 1221 813 812
f 827 828 427
f 427 828 454
f 1223 1224 1222
f 1222 1224 1165
f 1226 1227 1225
f 1225 1227 1228
f 851 1229 848
f 848 1229 1230
f 834 854 835
f 835 854 1231
f 1233 1234 1232
f 1232 1234 1235
f 1237 751 1236
f 1236 751 750
f 743 819 1238
f 1238 819 821
f 1240 1241 1239
f 1239 1241 1242
f 1244 1245 1243
f 1243 1245 1246
f 844 1247 841
f 841 1247 1248
f 1250 1251 1249
f 1249 1251 1252
f 1254 893 1253
f 1253 893 1237
f 1255 1256 1258
f 1258 1256 1257
f 1260 1261 1259
f 1259 1261 1262
f 945 903 855
f 855 903 852
f 855 1263 945
f 945 1263 1264
f 832 845 801
f 801 845 803
f 800 721 803
f 803 721 801
f 721 800 722
f 722 800 799
f 1266 1267 1265
f 1265 1267 1268
f 1270 795 1269
f 1269 795 726
f 725 1271 726
f 726 1271 1269
f 737 765 738
f 738 765 764
f 759 740 760
f 760 740 739
f 717 1272 1274
f 1274 1272 1273
f 1163 1226 1275
f 1275 1226 1225
f 1277 882 1276
f 1276 882 881
f 1041 1040 1027
f 1027 1040 1026
f 900 935 901
f 901 935 934
f 1164 1278 1165
f 1165 1278 1222
f 1211 1279 1164
f 1164 1279 1278
f 442 1280 453
f 453 1280 1281
f 788 1282 785
f 785 1282 1283
f 1285 1286 1284
f 1284 1286 1287
f 1284 1288 1285
f 1285 1288 1289
f 757 1289 754
f 754 1289 1288
f 605 604 675
f 675 604 676
f 1290 1291 1293
f 1293 1291 1292
f 1295 1296 1294
f 1294 1296 1297
f 696 699 694
f 694 699 931
f 1298 1299 592
f 592 1299 589
f 1299 1300 589
f 589 1300 700
f 1300 1301 700
f 700 1301 701
f 743 745 819
f 819 745 805
f 1303 1304 1302
f 1302 1304 1305
f 1306 1307 1305
f 1305 1307 1302
f 609 1298 610
f 610 1298 592
f 587 822 588
f 588 822 1308
f 703 588 1309
f 1309 588 1308
f 1310 703 571
f 571 703 1309
f 1311 1312 789
f 789 1312 790
f 825 223 1313
f 1313 223 220
f 219 1314 220
f 220 1314 1313
f 1315 1316 1311
f 1311 1316 1312
f 1317 1318 1319
f 1319 1318 1241
f 441 1320 442
f 442 1320 1280
f 1321 217 572
f 572 217 216
f 1323 1230 1322
f 1322 1230 1229
f 1324 1325 631
f 631 1325 656
f 1034 1168 1010
f 1010 1168 1012
f 1327 1328 1326
f 1326 1328 1329
f 1331 1202 1330
f 1330 1202 1201
f 571 1309 572
f 572 1309 1321
f 573 572 1332
f 1332 572 216
f 1334 1335 1333
f 1333 1335 1336
f 1337 1338 918
f 918 1338 859
f 1339 863 1340
f 1340 863 866
f 1341 1342 1344
f 1344 1342 1343
f 1345 1346 919
f 919 1346 920
f 1347 1348 673
f 673 1348 1199
f 693 1349 928
f 928 1349 1201
f 1351 1257 1350
f 1350 1257 1256
f 1350 1352 1351
f 1351 1352 1353
f 653 930 654
f 654 930 662
f 1279 1354 1278
f 1278 1354 1355
f 1357 1358 1356
f 1356 1358 1359
f 937 1360 1140
f 1140 1360 1361
f 1225 1228 909
f 909 1228 964
f 901 934 1362
f 1362 934 1139
f 1364 1365 1363
f 1363 1365 1362
f 1367 912 1366
f 1366 912 911
f 1143 1142 1368
f 1368 1142 1369
f 1144 1186 1145
f 1145 1186 1185
f 1146 1175 1144
f 1144 1175 1186
f 1175 1146 1172
f 1172 1146 1148
f 1147 1018 1148
f 1148 1018 1172
f 1018 1147 1019
f 1019 1147 1149
f 1149 1150 1019
f 1019 1150 1370
f 1150 1151 1370
f 1370 1151 1371
f 1151 1153 1371
f 1371 1153 1177
f 1152 1156 1178
f 1178 1156 1372
f 1155 1158 1373
f 1373 1158 1374
f 1157 1159 1376
f 1376 1159 1375
f 1378 1379 1377
f 1377 1379 1380
f 1382 1383 1381
f 1381 1383 1384
f 1382 1386 1385
f 1385 1386 1387
f 1386 1233 1387
f 1387 1233 1232
f 1389 1390 1388
f 1388 1390 1391
f 1393 1394 1392
f 1392 1394 1395
f 1397 1398 1396
f 1396 1398 1399
f 629 1397 630
f 630 1397 1396
f 1342 1400 1343
f 1343 1400 1401
f 1403 1404 1402
f 1402 1404 1405
f 1407 1408 1406
f 1406 1408 1409
f 1411 1412 1410
f 1410 1412 1413
f 793 1414 794
f 794 1414 1415
f 1417 1341 1416
f 1416 1341 1344
f 704 705 1347
f 1347 705 1418
f 741 1419 742
f 742 1419 1420
f 1422 669 1421
f 1421 669 672
f 645 1423 646
f 646 1423 1424
f 1196 1198 614
f 614 1198 611
f 613 1425 614
f 614 1425 1426
f 1427 616 659
f 659 616 660
f 614 1426 1196
f 1196 1426 1191
f 696 594 697
f 697 594 590
f 697 590 700
f 700 590 589
f 703 1310 702
f 702 1310 1428
f 1421 672 1192
f 1192 672 689
f 1271 648 1269
f 1269 648 622
f 621 1270 622
f 622 1270 1269
f 1429 1430 1417
f 1417 1430 1341
f 1431 1432 1434
f 1434 1432 1433
f 1436 1437 1435
f 1435 1437 1438
f 1440 1441 1439
f 1439 1441 1442
f 1443 1444 1446
f 1446 1444 1445
f 823 809 938
f 938 809 817
f 810 1447 811
f 811 1447 1448
f 1449 1450 679
f 679 1450 706
f 913 916 1205
f 1205 916 1451
f 1275 1225 912
f 912 1225 909
f 1452 1453 880
f 880 1453 881
f 1444 1401 1445
f 1445 1401 1400
f 936 1454 937
f 937 1454 1360
f 824 1455 810
f 810 1455 1447
f 631 656 632
f 632 656 655
f 966 1456 967
f 967 1456 1457
f 1459 1460 1458
f 1458 1460 1461
f 1460 1462 1461
f 1461 1462 1463
f 972 974 973
f 973 974 975
f 990 995 991
f 991 995 994
f 1464 1187 1033
f 1033 1187 1174
f 1018 1021 1172
f 1172 1021 1173
f 1000 999 1001
f 1001 999 998
f 976 979 1022
f 1022 979 1032
f 1023 1024 980
f 980 1024 982
f 989 986 1171
f 1171 986 1169
f 1171 1170 989
f 989 1170 990
f 1170 1027 990
f 990 1027 995
f 1041 1039 998
f 998 1039 1001
f 1051 1063 1000
f 1000 1063 999
f 1066 1064 1051
f 1051 1064 1063
f 1183 1081 1066
f 1066 1081 1064
f 1178 1372 1103
f 1103 1372 1104
f 1092 1091 1465
f 1465 1091 1182
f 1467 1465 1466
f 1466 1465 1468
f 1469 1470 1184
f 1184 1470 1468
f 1095 1098 1471
f 1471 1098 1101
f 1076 1374 1120
f 1120 1374 1376
f 1110 1472 1127
f 1127 1472 1132
f 1472 1473 1132
f 1132 1473 1129
f 1474 1475 1466
f 1466 1475 1473
f 1119 1118 1116
f 1116 1118 1113
f 1375 1121 1376
f 1376 1121 1120
f 1127 1132 1128
f 1128 1132 1131
f 1227 1476 1228
f 1228 1476 1361
f 1365 1477 1362
f 1362 1477 872
f 1478 1479 1323
f 1323 1479 1230
f 1480 1481 914
f 914 1481 915
f 913 1277 914
f 914 1277 1276
f 1168 1034 1022
f 1022 1034 1023
f 1035 1036 1024
f 1024 1036 1025
f 1039 1041 1170
f 1170 1041 1027
f 1042 1148 1028
f 1028 1148 1146
f 968 1459 969
f 969 1459 1458
f 1482 1483 664
f 664 1483 665
f 1485 1486 1484
f 1484 1486 1487
f 1489 1490 1488
f 1488 1490 1491
f 1492 1493 722
f 722 1493 634
f 1495 1496 1494
f 1494 1496 1497
f 1498 1207 1339
f 1339 1207 863
f 1224 1499 1165
f 1165 1499 1166
f 1160 1163 1500
f 1500 1163 1275
f 1500 877 1160
f 1160 877 1501
f 876 873 1502
f 1502 873 1479
f 945 1264 851
f 851 1264 1229
f 835 1231 839
f 839 1231 871
f 1503 1283 778
f 778 1283 1282
f 716 715 1505
f 1505 715 1504
f 1446 1445 1507
f 1507 1445 1506
f 779 792 1381
f 1381 792 791
f 1430 1409 1341
f 1341 1409 1342
f 1411 1429 1508
f 1508 1429 1417
f 635 1510 1509
f 1509 1510 1511
f 1377 1380 1315
f 1315 1380 1316
f 1445 1400 1506
f 1506 1400 1408
f 918 917 1336
f 1336 917 1333
f 1513 1514 1512
f 1512 1514 870
f 1515 1516 1363
f 1363 1516 1364
f 1453 1517 881
f 881 1517 1276
f 992 1518 993
f 993 1518 1519
f 1520 1029 1518
f 1518 1029 955
f 1520 1026 1521
f 1521 1026 1040
f 1522 1015 1521
f 1521 1015 1043
f 996 1523 997
f 997 1523 1522
f 1060 1016 1524
f 1524 1016 1523
f 1061 1525 1062
f 1062 1525 1524
f 1079 1527 1526
f 1526 1527 1528
f 1093 1529 1094
f 1094 1529 1528
f 1111 1530 1112
f 1112 1530 1531
f 1532 1533 1105
f 1105 1533 1123
f 934 937 1139
f 1139 937 1140
f 1138 1363 1139
f 1139 1363 1362
f 1534 1222 1355
f 1355 1222 1278
f 1535 1223 1534
f 1534 1223 1222
f 821 587 1238
f 1238 587 586
f 1319 711 1317
f 1317 711 1536
f 1538 1200 1537
f 1537 1200 1199
f 1508 1417 1539
f 1539 1417 1416
f 1540 1541 840
f 840 1541 837
f 1231 898 871
f 871 898 901
f 1500 1275 1367
f 1367 1275 912
f 1543 1379 1542
f 1542 1379 1395
f 1539 772 1508
f 1508 772 1544
f 1546 1403 1545
f 1545 1403 1402
f 1548 1549 1547
f 1547 1549 1550
f 1552 1548 1551
f 1551 1548 1547
f 1554 1555 1553
f 1553 1555 1556
f 1558 1559 1557
f 1557 1559 1560
f 1562 1563 1561
f 1561 1563 1564
f 1566 1567 1565
f 1565 1567 1568
f 1570 1571 1569
f 1569 1571 1572
f 1574 1575 1573
f 1573 1575 1576
f 1577 1578 1572
f 1572 1578 1569
f 1580 1581 1579
f 1579 1581 1582
f 1584 1585 1583
f 1583 1585 1586
f 1588 1555 1587
f 1587 1555 1589
f 1591 1592 1590
f 1590 1592 1593
f 1595 1596 1594
f 1594 1596 1597
f 1596 1581 1597
f 1597 1581 1576
f 1599 1570 1598
f 1598 1570 1569
f 1601 1602 1600
f 1600 1602 1603
f 1605 1606 1604
f 1604 1606 1607
f 1608 1609 1568
f 1568 1609 1565
f 1611 1612 1610
f 1610 1612 1613
f 1615 1616 1614
f 1614 1616 1617
f 1619 1617 1618
f 1618 1617 1616
f 1621 1622 1620
f 1620 1622 1623
f 1625 1626 1624
f 1624 1626 1627
f 1629 1630 1628
f 1628 1630 1631
f 1633 1634 1632
f 1632 1634 1635
f 1636 1637 1639
f 1639 1637 1638
f 1641 1642 1640
f 1640 1642 1643
f 1624 1627 1644
f 1644 1627 1645
f 1647 1648 1646
f 1646 1648 1649
f 1651 1652 1650
f 1650 1652 1653
f 1655 1656 1654
f 1654 1656 1657
f 1659 1660 1658
f 1658 1660 1661
f 1662 1663 1631
f 1631 1663 1628
f 1651 1665 1664
f 1664 1665 1666
f 1667 1656 1619
f 1619 1656 1617
f 1669 1670 1668
f 1668 1670 1671
f 1632 1635 1672
f 1672 1635 1673
f 1674 1675 1638
f 1638 1675 1639
f 1677 1678 1676
f 1676 1678 1679
f 1680 1640 1681
f 1681 1640 1643
f 1682 1683 1643
f 1643 1683 1681
f 1670 1669 1235
f 1235 1669 1232
f 1396 1399 1674
f 1674 1399 1675
f 627 630 1679
f 1679 630 1676
f 1681 1315 1680
f 1680 1315 1311
f 1683 1377 1681
f 1681 1377 1315
f 1672 1673 1387
f 1387 1673 1385
f 1636 1684 1646
f 1646 1684 1685
f 1687 1688 1686
f 1686 1688 1689
f 1585 1690 1586
f 1586 1690 1691
f 1599 1692 1551
f 1551 1692 1693
f 1552 1558 1694
f 1694 1558 1557
f 1696 1615 1695
f 1695 1615 1614
f 1698 1699 1697
f 1697 1699 1623
f 1700 1701 1703
f 1703 1701 1702
f 1705 1706 1704
f 1704 1706 1707
f 1708 1709 1640
f 1640 1709 1641
f 1710 1711 1713
f 1713 1711 1712
f 1652 1655 1653
f 1653 1655 1654
f 1714 1699 1712
f 1712 1699 1713
f 1715 1710 1716
f 1716 1710 1713
f 1717 1708 1680
f 1680 1708 1640
f 1393 1392 1715
f 1715 1392 1710
f 1719 1720 1718
f 1718 1720 1721
f 1680 1311 1717
f 1717 1311 789
f 1378 1711 1392
f 1392 1711 1710
f 1388 1391 1719
f 1719 1391 1720
f 1723 1606 1722
f 1722 1606 1689
f 1725 1568 1724
f 1724 1568 1567
f 1726 1647 1685
f 1685 1647 1646
f 1728 1554 1727
f 1727 1554 1553
f 1591 1687 1600
f 1600 1687 1686
f 1730 1595 1729
f 1729 1595 1594
f 1601 1605 1731
f 1731 1605 1604
f 1733 1663 1732
f 1732 1663 1734
f 1736 1639 1735
f 1735 1639 1675
f 1658 1644 1737
f 1737 1644 1645
f 1726 1662 1724
f 1724 1662 1631
f 1399 1738 1675
f 1675 1738 1735
f 1621 1667 1739
f 1739 1667 1619
f 1714 1740 1620
f 1620 1740 1741
f 1592 1549 1593
f 1593 1549 1742
f 1602 1571 1603
f 1603 1571 1550
f 1688 1690 1689
f 1689 1690 1722
f 1588 1559 1582
f 1582 1559 1579
f 1673 1735 1385
f 1385 1735 1738
f 1387 1232 1672
f 1672 1232 1669
f 1580 1692 1573
f 1573 1692 1743
f 1377 1683 1378
f 1378 1683 1711
f 1664 1666 1744
f 1744 1666 1745
f 1744 1696 1664
f 1664 1696 1695
f 1746 1747 1732
f 1732 1747 1748
f 1749 1750 1677
f 1677 1750 1678
f 1709 1708 1750
f 1750 1708 1678
f 1668 1632 1669
f 1669 1632 1672
f 1633 1746 1734
f 1734 1746 1732
f 1679 1678 1717
f 1717 1678 1708
f 789 627 1717
f 1717 627 1679
f 1563 1723 1564
f 1564 1723 1722
f 1728 1584 1751
f 1751 1584 1583
f 1674 1676 1396
f 1396 1676 630
f 1666 1566 1745
f 1745 1566 1565
f 1627 1629 1645
f 1645 1629 1628
f 1637 1749 1638
f 1638 1749 1677
f 1648 1665 1649
f 1649 1665 1752
f 1740 1642 1741
f 1741 1642 1657
f 1676 1674 1677
f 1677 1674 1638
f 1683 1682 1711
f 1711 1682 1712
f 1618 1753 1619
f 1619 1753 1739
f 1701 1739 1702
f 1702 1739 1753
f 1754 1214 1756
f 1756 1214 1755
f 647 1757 619
f 619 1757 941
f 1759 1193 1758
f 1758 1193 691
f 1419 1760 1420
f 1420 1760 1761
f 682 1762 683
f 683 1762 1763
f 1412 780 1413
f 1413 780 1384
f 1383 1398 1384
f 1384 1398 1413
f 1197 1424 1764
f 1764 1424 1423
f 1537 1287 1538
f 1538 1287 1286
f 1634 1684 1635
f 1635 1684 1736
f 1724 1631 1725
f 1725 1631 1630
f 1562 1730 1610
f 1610 1730 1729
f 1735 1673 1736
f 1736 1673 1635
f 1757 1195 941
f 941 1195 1194
f 1766 200 1765
f 1765 200 199
f 475 500 476
f 476 500 479
f 498 558 483
f 483 558 487
f 545 551 546
f 546 551 550
f 453 1281 219
f 219 1281 1314
f 298 453 208
f 208 453 219
f 368 1765 1767
f 1767 1765 199
f 523 405 363
f 363 405 404
f 523 533 405
f 405 533 402
f 298 208 299
f 299 208 207
f 299 207 176
f 176 207 300
f 176 300 173
f 173 300 202
f 173 202 174
f 174 202 201
f 1337 918 1768
f 1768 918 1336
f 1769 1770 1338
f 1338 1770 859
f 581 570 578
f 578 570 1771
f 555 562 580
f 580 562 561
f 504 1772 501
f 501 1772 548
f 517 542 584
f 584 542 543
f 515 514 516
f 516 514 544
f 542 517 544
f 544 517 516
f 561 575 580
f 580 575 581
f 575 569 581
f 581 569 570
f 501 548 1773
f 1773 548 547
f 1774 1775 570
f 570 1775 1771
f 369 368 1776
f 1776 368 1767
f 372 369 375
f 375 369 1776
f 822 1280 1308
f 1308 1280 1320
f 820 1281 822
f 822 1281 1280
f 818 1314 820
f 820 1314 1281
f 1314 818 1313
f 1313 818 804
f 807 814 825
f 825 814 826
f 814 813 826
f 826 813 827
f 813 1220 827
f 827 1220 828
f 580 579 555
f 555 579 547
f 1477 1540 872
f 872 1540 840
f 367 499 368
f 368 499 1765
f 1766 1765 525
f 525 1765 499
f 1777 1766 526
f 526 1766 525
f 520 527 362
f 362 527 384
f 361 1778 519
f 519 1778 528
f 371 1779 372
f 372 1779 369
f 369 1779 370
f 370 1779 478
f 1779 371 478
f 478 371 374
f 1778 1777 528
f 528 1777 526
f 1781 1782 1780
f 1780 1782 1783
f 431 460 67
f 67 460 64
f 68 338 74
f 74 338 72
f 1785 1782 1784
f 1784 1782 1786
f 1787 1788 1790
f 1790 1788 1789
f 1792 1789 1791
f 1791 1789 1793
f 1791 1794 1792
f 1792 1794 1795
f 1794 1796 1795
f 1795 1796 1797
f 1797 1798 938
f 938 1798 868
f 1798 1799 868
f 868 1799 869
f 1801 1802 1800
f 1800 1802 1451
f 1803 1804 1205
f 1205 1804 1206
f 1805 1806 864
f 864 1806 865
f 1806 1807 865
f 865 1807 1808
f 68 71 338
f 287 328 288
f 1320 1321 1308
f 1308 1321 1309
f 1320 441 1321
f 1321 441 217
f 441 152 217
f 217 152 218
f 151 286 152
f 152 286 218
f 297 310 151
f 151 310 286
f 296 307 297
f 297 307 310
f 296 143 307
f 307 143 284
f 143 56 284
f 284 56 104
f 56 59 104
f 104 59 63
f 59 102 63
f 63 102 60
f 102 94 60
f 60 94 282
f 93 459 279
f 279 459 77
f 459 460 77
f 77 460 78
f 460 431 78
f 78 431 295
f 431 49 295
f 295 49 292
f 48 421 49
f 49 421 292
f 276 278 418
f 418 278 429
f 317 432 278
f 278 432 429
f 432 317 433
f 433 317 316
f 326 324 316
f 316 324 433
f 1536 592 1809
f 1809 592 591
f 1810 744 1812
f 1812 744 1811
f 1814 1815 1813
f 1813 1815 1816
f 1817 748 1818
f 1818 748 747
f 1812 1819 1810
f 1810 1819 1817
f 1820 1821 748
f 748 1821 749
f 1823 1824 1822
f 1822 1824 1825
f 1827 1828 1826
f 1826 1828 1829
f 1831 1832 1830
f 1830 1832 1833
f 1834 1827 1243
f 1243 1827 1826
f 1313 804 825
f 825 804 807
f 1835 1253 1236
f 1236 1253 1237
f 1836 1837 1438
f 1438 1837 1435
f 1838 1505 1840
f 1840 1505 1839
f 1841 1842 716
f 716 1842 713
f 1843 1844 1510
f 1510 1844 1845
f 1847 1848 1846
f 1846 1848 1849
f 1850 1240 1822
f 1822 1240 1239
f 636 1831 637
f 637 1831 1830
f 1852 1853 1851
f 1851 1853 1854
f 1855 1856 1858
f 1858 1856 1857
f 1846 1849 1859
f 1859 1849 1860
f 1343 1401 1509
f 1509 1401 1861
f 1509 1861 635
f 635 1861 636
f 1863 1864 1862
f 1862 1864 1865
f 1283 1503 1867
f 1867 1503 1866
f 1868 1867 681
f 681 1867 682
f 1286 1285 683
f 683 1285 684
f 757 756 1274
f 1274 756 1869
f 1274 1869 717
f 717 1869 718
f 1434 1433 719
f 719 1433 720
f 1200 1538 1545
f 1545 1538 1763
f 1285 1289 684
f 684 1289 1273
f 684 1273 681
f 681 1273 1272
f 785 1283 1868
f 1868 1283 1867
f 786 785 1870
f 1870 785 1868
f 1289 757 1273
f 1273 757 1274
f 1539 1416 1871
f 1871 1416 1872
f 773 1871 1403
f 1403 1871 1404
f 675 674 1405
f 1405 674 1402
f 1864 1873 1865
f 1865 1873 1874
f 638 1843 635
f 635 1843 1510
f 1344 1343 1511
f 1511 1343 1509
f 772 1539 773
f 773 1539 1871
f 674 1200 1402
f 1402 1200 1545
f 1538 1286 1763
f 1763 1286 683
f 1444 1443 1875
f 1875 1443 1876
f 1875 1876 1831
f 1831 1876 1832
f 1416 1344 1872
f 1872 1344 1511
f 1877 1878 774
f 774 1878 1879
f 1878 1847 1879
f 1879 1847 1846
f 1880 714 1881
f 1881 714 1848
f 1401 1444 1861
f 1861 1444 1875
f 1861 1875 636
f 636 1875 1831
f 1823 1863 1882
f 1882 1863 1862
f 1441 1440 1884
f 1884 1440 1883
f 1883 1852 1884
f 1884 1852 1851
f 1886 1887 1885
f 1885 1887 1888
f 1358 1889 1359
f 1359 1889 1890
f 1891 1886 1892
f 1892 1886 1885
f 774 1879 775
f 775 1879 1893
f 1859 1893 1846
f 1846 1893 1879
f 713 1842 1849
f 1849 1842 1860
f 1318 1895 1894
f 1894 1895 1896
f 1873 1897 1874
f 1874 1897 1898
f 1898 605 1899
f 1899 605 675
f 1405 1844 675
f 675 1844 1899
f 1404 1845 1405
f 1405 1845 1844
f 593 1296 591
f 591 1296 1809
f 1295 1292 1900
f 1900 1292 1895
f 606 1897 1291
f 1291 1897 1896
f 1510 1845 1511
f 1511 1845 1872
f 1871 1872 1404
f 1404 1872 1845
f 1866 770 1762
f 1762 770 1546
f 1762 682 1866
f 1866 682 1867
f 1870 1868 1272
f 1272 1868 681
f 1272 717 1870
f 1870 717 720
f 1870 720 786
f 786 720 1433
f 786 1433 787
f 787 1433 1432
f 1261 1414 1432
f 1432 1414 787
f 1389 1234 1260
f 1260 1234 1415
f 1719 1670 1388
f 1388 1670 1235
f 1718 1671 1719
f 1719 1671 1670
f 1705 1747 1718
f 1718 1747 1671
f 1659 1901 1704
f 1704 1901 1748
f 1877 1903 1902
f 1902 1903 1904
f 1259 1905 1390
f 1390 1905 1394
f 1715 1720 1393
f 1393 1720 1391
f 1716 1721 1715
f 1715 1721 1720
f 1698 1706 1716
f 1716 1706 1721
f 277 276 47
f 47 276 48
f 84 96 81
f 81 96 82
f 80 70 81
f 81 70 85
f 99 97 88
f 88 97 89
f 90 100 88
f 88 100 99
f 101 95 102
f 102 95 94
f 1906 1907 280
f 280 1907 281
f 97 86 89
f 89 86 85
f 60 282 61
f 61 282 281
f 83 82 46
f 46 82 47
f 293 292 420
f 420 292 421
f 419 1908 420
f 420 1908 1909
f 92 95 91
f 91 95 90
f 279 282 93
f 93 282 94
f 276 418 48
f 48 418 421
f 1910 1660 1697
f 1697 1660 1707
f 1703 1624 1700
f 1700 1624 1644
f 1622 1910 1623
f 1623 1910 1697
f 1701 1700 1911
f 1911 1700 1661
f 1700 1644 1661
f 1661 1644 1658
f 1901 1737 1733
f 1733 1737 1645
f 1625 1912 1604
f 1604 1912 1731
f 1912 1913 1731
f 1731 1913 1914
f 1913 1577 1914
f 1914 1577 1572
f 1915 1578 1616
f 1616 1578 1618
f 1915 1916 1598
f 1598 1916 1743
f 1916 1574 1743
f 1743 1574 1573
f 1575 1917 1576
f 1576 1917 1597
f 1917 1609 1597
f 1597 1609 1594
f 1608 1611 1729
f 1729 1611 1610
f 1918 1612 1629
f 1629 1612 1630
f 1626 1918 1627
f 1627 1918 1629
f 1920 1921 1919
f 1919 1921 1922
f 1920 1924 1923
f 1923 1924 1925
f 1926 1927 1924
f 1924 1927 1925
f 1929 1930 1928
f 1928 1930 1931
f 1932 1933 1935
f 1935 1933 1934
f 1937 1938 1936
f 1936 1938 1939
f 1941 1942 1940
f 1940 1942 1943
f 1941 1945 1944
f 1944 1945 1946
f 1947 1948 1694
f 1694 1948 1949
f 1950 1951 1953
f 1953 1951 1952
f 1955 1956 1954
f 1954 1956 1589
f 1958 1956 1957
f 1957 1956 1932
f 1960 1934 1959
f 1959 1934 1933
f 1962 1963 1961
f 1961 1963 1964
f 1965 1955 1751
f 1751 1955 1954
f 1935 1930 1932
f 1932 1930 1957
f 1951 1950 1926
f 1926 1950 1929
f 1966 1967 1593
f 1593 1967 1590
f 1969 1967 1968
f 1968 1967 1964
f 1962 1921 1970
f 1970 1921 1971
f 1963 1945 1964
f 1964 1945 1968
f 1972 1948 1922
f 1922 1948 1919
f 1966 1972 1961
f 1961 1972 1922
f 1958 1953 1587
f 1587 1953 1560
f 1974 1975 1973
f 1973 1975 1976
f 1978 1979 1977
f 1977 1979 1691
f 1979 1975 1691
f 1691 1975 1586
f 1938 1942 1939
f 1939 1942 1980
f 1952 1947 1557
f 1557 1947 1694
f 1969 1978 1981
f 1981 1978 1977
f 1983 1984 1982
f 1982 1984 1985
f 1986 1987 1989
f 1989 1987 1988
f 1990 1991 1983
f 1983 1991 1984
f 1990 1993 1992
f 1992 1993 1994
f 1995 1996 1994
f 1994 1996 1997
f 1999 2000 1998
f 1998 2000 2001
f 2003 2004 2002
f 2002 2004 2005
f 2007 2008 2006
f 2006 2008 2009
f 2011 2012 2010
f 2010 2012 2013
f 2014 2015 2017
f 2017 2015 2016
f 2018 2019 2021
f 2021 2019 2020
f 2022 1989 2024
f 2024 1989 2023
f 1989 1988 2023
f 2023 1988 2025
f 2026 2027 2017
f 2017 2027 2014
f 2029 2030 2028
f 2028 2030 2031
f 2033 2034 2032
f 2032 2034 2035
f 2032 2035 2036
f 2036 2035 2037
f 2039 2040 2038
f 2038 2040 2041
f 1982 2042 1983
f 1983 2042 2043
f 2045 2046 2044
f 2044 2046 2047
f 2049 2050 2048
f 2048 2050 2051
f 2053 2054 2052
f 2052 2054 2055
f 2057 2058 2056
f 2056 2058 2059
f 2060 2061 2033
f 2033 2061 2034
f 2063 2064 2062
f 2062 2064 2065
f 2066 2035 2067
f 2067 2035 2034
f 2069 2039 2068
f 2068 2039 2038
f 2025 2070 2023
f 2023 2070 2071
f 2072 2024 2071
f 2071 2024 2023
f 2074 2020 2073
f 2073 2020 2019
f 2050 2049 2047
f 2047 2049 2075
f 1983 2043 1990
f 1990 2043 1993
f 2006 2050 2007
f 2007 2050 2076
f 2050 2006 2051
f 2051 2006 2077
f 2079 2080 2078
f 2078 2080 2081
f 2082 2083 2085
f 2085 2083 2084
f 2010 2013 2086
f 2086 2013 2087
f 2089 2033 2088
f 2088 2033 2032
f 2090 2060 2089
f 2089 2060 2033
f 2092 2093 2091
f 2091 2093 2094
f 2096 1986 2095
f 2095 1986 2097
f 2097 1986 2022
f 2022 1986 1989
f 2015 2094 2016
f 2016 2094 2098
f 2016 2098 2100
f 2100 2098 2099
f 2017 2016 2101
f 2101 2016 2100
f 2017 2101 2026
f 2026 2101 2102
f 2100 2099 2104
f 2104 2099 2103
f 2104 2105 2100
f 2100 2105 2101
f 2105 2106 2101
f 2101 2106 2102
f 2108 2061 2107
f 2107 2061 2109
f 2111 2112 2110
f 2110 2112 2020
f 2020 2074 2110
f 2110 2074 2113
f 2115 2116 2114
f 2114 2116 2117
f 2118 2119 1995
f 1995 2119 2120
f 2121 2122 2027
f 2027 2122 2014
f 2047 2075 2044
f 2044 2075 2123
f 2124 2125 2127
f 2127 2125 2126
f 2129 2130 2128
f 2128 2130 2131
f 2132 2133 2057
f 2057 2133 2058
f 2134 1999 2136
f 2136 1999 2135
f 2055 2138 2137
f 2137 2138 2139
f 2141 2142 2140
f 2140 2142 2143
f 2083 2082 2064
f 2064 2082 2065
f 2082 2144 2065
f 2065 2144 2145
f 2040 2146 2041
f 2041 2146 2147
f 2060 2090 2148
f 2148 2090 2149
f 2048 2051 2137
f 2137 2051 2150
f 2151 1997 2135
f 2135 1997 1996
f 2152 2150 2077
f 2077 2150 2051
f 2046 2045 2118
f 2118 2045 2119
f 2154 2155 2153
f 2153 2155 2156
f 2158 2159 2157
f 2157 2159 2160
f 2162 2163 2161
f 2161 2163 2164
f 2164 2163 2165
f 2165 2163 2166
f 2168 2169 2167
f 2167 2169 2170
f 2003 2172 2171
f 2171 2172 2173
f 2174 2175 2002
f 2002 2175 2176
f 2145 2177 2065
f 2065 2177 2062
f 2178 2179 2180
f 2180 2179 2134
f 2181 2052 2152
f 2152 2052 2150
f 2040 2127 2146
f 2146 2127 2182
f 2130 2162 2131
f 2131 2162 2161
f 2052 2055 2150
f 2150 2055 2137
f 2184 2185 2183
f 2183 2185 2186
f 2159 2030 2160
f 2160 2030 2187
f 2146 2182 2029
f 2029 2182 2188
f 2189 2190 2192
f 2192 2190 2191
f 2172 2003 2176
f 2176 2003 2002
f 1998 2151 1999
f 1999 2151 2135
f 2177 2172 2062
f 2062 2172 2176
f 2172 2177 2173
f 2173 2177 2193
f 2063 2194 2064
f 2064 2194 2195
f 2066 2197 2196
f 2196 2197 2198
f 2002 2005 2174
f 2174 2005 2199
f 2004 2003 2200
f 2200 2003 2171
f 2198 2201 2171
f 2171 2201 2200
f 2197 2202 2198
f 2198 2202 2201
f 2202 2197 2203
f 2203 2197 2204
f 2196 2198 2173
f 2173 2198 2171
f 2205 2069 2170
f 2170 2069 2206
f 2197 2066 2204
f 2204 2066 2067
f 2107 2207 2108
f 2108 2207 2208
f 2210 2208 2209
f 2209 2208 2207
f 2185 2211 2212
f 2213 2214 2211
f 2211 2214 2212
f 1998 2001 2213
f 2213 2001 2214
f 2134 2215 1999
f 1999 2215 2000
f 2216 2217 2219
f 2219 2217 2218
f 2206 2220 2170
f 2170 2220 2167
f 2069 2068 2206
f 2206 2068 2221
f 2151 1998 2222
f 2222 1998 2213
f 2124 2039 2205
f 2205 2039 2069
f 2142 2223 2143
f 2143 2223 2128
f 2203 2186 2202
f 2202 2186 2185
f 2185 2184 2211
f 2211 2184 2224
f 2224 2225 2222
f 2222 2225 2226
f 2071 2227 2072
f 2072 2227 2228
f 2229 2074 2230
f 2230 2074 2073
f 2074 2229 2113
f 2113 2229 2231
f 2232 2225 2227
f 2227 2225 2224
f 2233 2234 2031
f 2031 2234 2028
f 2236 2231 2235
f 2235 2231 2229
f 2230 2183 2229
f 2229 2183 2235
f 2237 1987 2096
f 2096 1987 1986
f 2152 2238 2181
f 2181 2238 2239
f 2080 2240 2081
f 2081 2240 2241
f 2236 2242 1971
f 1971 2242 1970
f 1925 2113 1923
f 1923 2113 2231
f 2110 1927 2111
f 2111 1927 1928
f 2103 2111 1931
f 1931 2111 1928
f 1931 2243 2103
f 2103 2243 2104
f 2105 2104 2244
f 2244 2104 2243
f 1939 1980 2148
f 2148 1980 2109
f 1980 1944 2109
f 2109 1944 2107
f 1946 2245 2207
f 2207 2245 2209
f 2245 1970 2209
f 2209 1970 2242
f 2231 2236 1923
f 1923 2236 1971
f 2113 1925 2110
f 2110 1925 1927
f 2234 2246 2028
f 2028 2246 2147
f 2247 2248 2058
f 2058 2248 2059
f 2114 2117 2249
f 2249 2117 2250
f 2252 2253 2251
f 2251 2253 2254
f 2094 2015 2091
f 2091 2015 2255
f 2256 2255 2014
f 2014 2255 2015
f 2257 2145 2258
f 2258 2145 2144
f 2131 2161 2123
f 2123 2161 2044
f 2045 2044 2164
f 2164 2044 2161
f 2045 2164 2119
f 2119 2164 2165
f 2259 2120 2165
f 2165 2120 2119
f 2260 2261 2259
f 2259 2261 2120
f 2205 2262 2124
f 2124 2262 2125
f 2180 2263 2178
f 2178 2263 2264
f 2265 2266 2092
f 2092 2266 2093
f 1992 2267 2268
f 2184 2228 2224
f 2224 2228 2227
f 2048 2269 2049
f 2049 2269 2141
f 2129 2168 2157
f 2157 2168 2167
f 2049 2141 2075
f 2075 2141 2140
f 2199 2215 2270
f 2270 2215 2271
f 2142 2141 2272
f 2272 2141 2269
f 2089 2026 2090
f 2090 2026 2102
f 2146 2029 2147
f 2147 2029 2028
f 2111 2103 2112
f 2112 2103 2099
f 2061 2060 2109
f 2109 2060 2148
f 2273 2274 2041
f 2041 2274 2038
f 2260 2275 2261
f 2261 2275 2136
f 2057 2138 2132
f 2132 2138 2276
f 2272 2269 2056
f 2056 2269 2139
f 2277 2278 2270
f 2270 2278 2199
f 2029 2188 2030
f 2030 2188 2187
f 2040 2039 2127
f 2127 2039 2124
f 2064 2195 2083
f 2083 2195 2279
f 2056 2139 2057
f 2057 2139 2138
f 2278 2277 2247
f 2247 2277 2248
f 2062 2176 2063
f 2063 2176 2175
f 2280 2210 2242
f 2242 2210 2209
f 2282 2233 2281
f 2281 2233 2031
f 2216 2219 2283
f 2283 2219 2221
f 2158 2220 2218
f 2218 2220 2219
f 2217 2282 2218
f 2218 2282 2281
f 2220 2158 2167
f 2167 2158 2157
f 2223 2264 2128
f 2128 2264 2263
f 2261 1996 2120
f 2120 1996 1995
f 2213 2211 2222
f 2222 2211 2224
f 2283 2221 2284
f 2284 2221 2068
f 2135 1996 2136
f 2136 1996 2261
f 2144 2081 2258
f 2258 2081 2241
f 2235 2280 2236
f 2236 2280 2242
f 2246 2273 2147
f 2147 2273 2041
f 2036 2285 2032
f 2032 2285 2088
f 2077 2286 2152
f 2152 2286 2238
f 1937 1960 1973
f 1973 1960 1959
f 2070 2232 2071
f 2071 2232 2227
f 2244 2287 2105
f 2105 2287 2106
f 1936 1939 2149
f 2149 1939 2148
f 1944 1946 2107
f 2107 1946 2207
f 2285 2121 2088
f 2088 2121 2027
f 2253 2249 2254
f 2254 2249 2250
f 2006 2009 2077
f 2077 2009 2286
f 2289 2086 2288
f 2288 2086 2087
f 2223 2142 2290
f 2290 2142 2272
f 2128 2131 2143
f 2143 2131 2123
f 2156 2291 2153
f 2153 2291 2175
f 2292 2293 2278
f 2278 2293 2294
f 2075 2140 2123
f 2123 2140 2143
f 2262 2169 2275
f 2275 2169 2180
f 2275 2180 2136
f 2136 2180 2134
f 2274 2284 2038
f 2038 2284 2068
f 2127 2126 2182
f 2182 2126 2166
f 2094 2093 2098
f 2098 2093 2021
f 2098 2021 2099
f 2099 2021 2112
f 2018 2021 2266
f 2266 2021 2093
f 2251 2289 2252
f 2252 2289 2288
f 1997 2151 2226
f 2226 2151 2222
f 2206 2221 2220
f 2220 2221 2219
f 2269 2048 2139
f 2139 2048 2137
f 2159 2158 2281
f 2281 2158 2218
f 2156 2155 2190
f 2190 2155 2191
f 1974 1965 1583
f 1583 1965 1751
f 2088 2027 2089
f 2089 2027 2026
f 2030 2159 2031
f 2031 2159 2281
f 2106 2149 2102
f 2102 2149 2090
f 2287 1936 2106
f 2106 1936 2149
f 2293 2154 2294
f 2294 2154 2153
f 2021 2020 2112
f 2247 2295 2278
f 2278 2295 2292
f 2284 2296 2283
f 2283 2296 2297
f 2298 2296 2274
f 2274 2296 2284
f 2273 2299 2274
f 2274 2299 2298
f 2246 2300 2273
f 2273 2300 2299
f 2283 2297 2216
f 2216 2297 2301
f 2216 2301 2217
f 2217 2301 2302
f 2302 2303 2217
f 2217 2303 2282
f 2304 2301 2305
f 2305 2301 2297
f 2307 2308 2306
f 2306 2308 2309
f 2306 2310 2307
f 2307 2310 2311
f 2307 2312 2308
f 2308 2312 2313
f 2314 2315 2312
f 2312 2315 2316
f 2316 2317 2312
f 2312 2317 2313
f 2317 2305 2313
f 2313 2305 2318
f 2314 2312 2311
f 2311 2312 2307
f 2319 2320 2322
f 2322 2320 2321
f 2322 2311 2319
f 2319 2311 2310
f 2313 2318 2308
f 2308 2318 2309
f 2296 2298 2318
f 2318 2298 2309
f 2309 2298 2323
f 2323 2298 2299
f 2306 2309 2324
f 2324 2309 2323
f 2310 2306 2325
f 2325 2306 2324
f 2296 2318 2297
f 2297 2318 2305
f 2319 2310 2326
f 2326 2310 2325
f 2328 2325 2327
f 2327 2325 2324
f 2325 2328 2326
f 2326 2328 2329
f 2331 2328 2330
f 2330 2328 2327
f 2332 2333 2327
f 2327 2333 2330
f 2328 2331 2329
f 2329 2331 2334
f 2324 2323 2327
f 2327 2323 2332
f 2300 2332 2299
f 2299 2332 2323
f 2326 2335 2319
f 2319 2335 2320
f 2305 2317 2336
f 2336 2317 2316
f 2336 2316 2337
f 2337 2316 2315
f 2338 2304 2336
f 2336 2304 2305
f 2337 2339 2336
f 2336 2339 2338
f 2337 2315 2341
f 2341 2315 2340
f 2342 2300 2234
f 2234 2300 2246
f 2303 2343 2282
f 2282 2343 2233
f 2234 2233 2342
f 2342 2233 2343
f 2342 2343 2333
f 2333 2343 2344
f 2333 2344 2330
f 2330 2344 2345
f 2346 2344 2303
f 2303 2344 2343
f 2332 2300 2333
f 2333 2300 2342
f 2347 2346 2302
f 2302 2346 2303
f 2301 2304 2302
f 2302 2304 2347
f 2304 2338 2347
f 2347 2338 2348
f 2348 2349 2347
f 2347 2349 2346
f 2350 2351 2348
f 2348 2351 2349
f 2349 2345 2346
f 2346 2345 2344
f 2345 2349 2352
f 2352 2349 2351
f 2338 2339 2348
f 2348 2339 2350
f 2350 2339 2353
f 2353 2339 2354
f 2356 2357 2355
f 2355 2357 2353
f 2351 2350 2357
f 2357 2350 2353
f 2353 2354 2355
f 2355 2354 2335
f 2320 2335 2341
f 2341 2335 2354
f 2339 2337 2354
f 2354 2337 2341
f 2352 2331 2345
f 2345 2331 2330
f 2356 2334 2352
f 2352 2334 2331
f 2356 2352 2357
f 2357 2352 2351
f 2355 2329 2356
f 2356 2329 2334
f 2335 2326 2355
f 2355 2326 2329
f 2321 2314 2322
f 2322 2314 2311
f 2321 2320 2340
f 2340 2320 2341
f 2315 2314 2340
f 2340 2314 2321
f 2125 2260 2126
f 2126 2260 2259
f 2157 2160 2129
f 2129 2160 2130
f 2188 2163 2187
f 2187 2163 2162
f 2182 2166 2188
f 2188 2166 2163
f 2180 2169 2263
f 2263 2169 2168
f 2160 2187 2130
f 2130 2187 2162
f 2275 2260 2262
f 2262 2260 2125
f 2128 2263 2129
f 2129 2263 2168
f 2262 2205 2169
f 2169 2205 2170
f 2165 2166 2259
f 2259 2166 2126
f 2359 2360 2358
f 2358 2360 2361
f 2363 2364 2362
f 2362 2364 2365
f 2367 2363 2366
f 2366 2363 2362
f 2368 2369 2371
f 2371 2369 2370
f 2372 2373 2248
f 2248 2373 2059
f 2364 2374 2365
f 2365 2374 2375
f 2377 2378 2376
f 2376 2378 2379
f 2290 2380 2223
f 2223 2380 2381
f 2223 2381 2264
f 2264 2381 2382
f 2384 2385 2383
f 2383 2385 2386
f 2364 2371 2374
f 2374 2371 2387
f 2059 2373 2290
f 2290 2373 2380
f 2378 2360 2379
f 2379 2360 2388
f 2374 2387 2359
f 2359 2387 2389
f 2390 2367 2386
f 2386 2367 2391
f 2393 2394 2392
f 2392 2394 2395
f 2386 2391 2383
f 2383 2391 2396
f 2367 2366 2391
f 2391 2366 2397
f 2363 2367 2368
f 2368 2367 2390
f 2398 2399 2361
f 2361 2399 2358
f 2399 2400 2358
f 2358 2400 2375
f 2390 2401 2368
f 2368 2401 2369
f 2372 2384 2376
f 2376 2384 2383
f 2374 2359 2375
f 2375 2359 2358
f 2402 2403 2365
f 2365 2403 2362
f 2359 2389 2360
f 2360 2389 2388
f 2364 2363 2371
f 2371 2363 2368
f 2405 2398 2404
f 2404 2398 2361
f 2392 2395 2406
f 2406 2395 2397
f 2377 2396 2394
f 2394 2396 2395
f 2394 2393 2404
f 2404 2393 2405
f 2396 2377 2383
f 2383 2377 2376
f 2406 2397 2407
f 2407 2397 2366
f 2400 2402 2375
f 2375 2402 2365
f 2385 2270 2401
f 2401 2270 2271
f 2403 2407 2362
f 2362 2407 2366
f 2371 2370 2387
f 2387 2370 2382
f 2391 2397 2396
f 2396 2397 2395
f 2378 2377 2404
f 2404 2377 2394
f 2360 2378 2361
f 2361 2378 2404
f 2407 2408 2406
f 2406 2408 2409
f 2410 2408 2403
f 2403 2408 2407
f 2411 2410 2402
f 2402 2410 2403
f 2412 2411 2400
f 2400 2411 2402
f 2406 2409 2392
f 2392 2409 2413
f 2392 2413 2393
f 2393 2413 2414
f 2415 2405 2414
f 2414 2405 2393
f 2416 2413 2417
f 2417 2413 2409
f 2419 2420 2418
f 2418 2420 2421
f 2420 2422 2421
f 2421 2422 2423
f 2420 2424 2422
f 2422 2424 2425
f 2426 2427 2424
f 2424 2427 2428
f 2428 2429 2424
f 2424 2429 2425
f 2426 2424 2419
f 2419 2424 2420
f 2419 2418 2431
f 2431 2418 2430
f 2425 2432 2422
f 2422 2432 2423
f 2408 2410 2432
f 2432 2410 2423
f 2423 2410 2433
f 2433 2410 2411
f 2421 2423 2434
f 2434 2423 2433
f 2435 2418 2434
f 2434 2418 2421
f 2429 2417 2425
f 2425 2417 2432
f 2408 2432 2409
f 2409 2432 2417
f 2418 2435 2430
f 2430 2435 2436
f 2438 2435 2437
f 2437 2435 2434
f 2435 2438 2436
f 2436 2438 2439
f 2441 2438 2440
f 2440 2438 2437
f 2442 2443 2437
f 2437 2443 2440
f 2439 2438 2444
f 2444 2438 2441
f 2433 2442 2434
f 2434 2442 2437
f 2412 2442 2411
f 2411 2442 2433
f 2436 2445 2430
f 2430 2445 2446
f 2430 2446 2431
f 2431 2446 2447
f 2417 2429 2448
f 2448 2429 2428
f 2427 2449 2428
f 2428 2449 2448
f 2450 2416 2448
f 2448 2416 2417
f 2451 2450 2449
f 2449 2450 2448
f 2427 2452 2449
f 2449 2452 2453
f 2447 2446 2452
f 2452 2446 2453
f 2454 2412 2399
f 2399 2412 2400
f 2415 2455 2405
f 2405 2455 2398
f 2399 2398 2454
f 2454 2398 2455
f 2454 2455 2443
f 2443 2455 2456
f 2443 2456 2440
f 2440 2456 2457
f 2458 2456 2415
f 2415 2456 2455
f 2443 2442 2454
f 2454 2442 2412
f 2459 2458 2414
f 2414 2458 2415
f 2413 2416 2414
f 2414 2416 2459
f 2459 2416 2460
f 2460 2416 2450
f 2460 2461 2459
f 2459 2461 2458
f 2462 2463 2460
f 2460 2463 2461
f 2461 2457 2458
f 2458 2457 2456
f 2457 2461 2464
f 2464 2461 2463
f 2451 2462 2450
f 2450 2462 2460
f 2462 2451 2465
f 2465 2451 2466
f 2468 2469 2467
f 2467 2469 2465
f 2463 2462 2469
f 2469 2462 2465
f 2465 2466 2467
f 2467 2466 2445
f 2446 2445 2453
f 2453 2445 2466
f 2451 2449 2466
f 2466 2449 2453
f 2464 2441 2457
f 2457 2441 2440
f 2468 2444 2464
f 2464 2444 2441
f 2468 2464 2469
f 2469 2464 2463
f 2467 2439 2468
f 2468 2439 2444
f 2445 2436 2467
f 2467 2436 2439
f 2447 2426 2431
f 2431 2426 2419
f 2427 2426 2452
f 2452 2426 2447
f 2369 2179 2370
f 2370 2179 2178
f 2376 2379 2372
f 2372 2379 2373
f 2389 2381 2388
f 2388 2381 2380
f 2387 2382 2389
f 2389 2382 2381
f 2270 2385 2277
f 2277 2385 2384
f 2379 2388 2373
f 2373 2388 2380
f 2401 2271 2369
f 2369 2271 2179
f 2248 2277 2372
f 2372 2277 2384
f 2401 2390 2385
f 2385 2390 2386
f 2264 2382 2178
f 2178 2382 2370
f 2215 2134 2271
f 2271 2134 2179
f 2005 2000 2199
f 2199 2000 2215
f 2004 2001 2005
f 2005 2001 2000
f 2200 2214 2004
f 2004 2214 2001
f 2470 2471 2473
f 2473 2471 2472
f 2475 2476 2474
f 2474 2476 2477
f 2479 2475 2478
f 2478 2475 2474
f 2481 2482 2480
f 2480 2482 2483
f 2476 2484 2477
f 2477 2484 2485
f 2487 2488 2486
f 2486 2488 2489
f 2133 2490 2058
f 2058 2490 2491
f 2058 2491 2247
f 2247 2491 2492
f 2494 2495 2493
f 2493 2495 2496
f 2476 2483 2484
f 2484 2483 2497
f 2472 2498 2488
f 2488 2498 2489
f 2484 2497 2471
f 2471 2497 2499
f 2500 2479 2496
f 2496 2479 2501
f 2502 2503 2505
f 2505 2503 2504
f 2496 2501 2493
f 2493 2501 2506
f 2479 2478 2501
f 2501 2478 2507
f 2475 2479 2480
f 2480 2479 2500
f 2508 2509 2473
f 2473 2509 2470
f 2509 2510 2470
f 2470 2510 2485
f 2511 2481 2500
f 2500 2481 2480
f 2512 2494 2486
f 2486 2494 2493
f 2485 2484 2470
f 2470 2484 2471
f 2513 2514 2477
f 2477 2514 2474
f 2471 2499 2472
f 2472 2499 2498
f 2476 2475 2483
f 2483 2475 2480
f 2516 2508 2515
f 2515 2508 2473
f 2502 2505 2517
f 2517 2505 2507
f 2504 2487 2505
f 2505 2487 2506
f 2503 2516 2504
f 2504 2516 2515
f 2506 2487 2493
f 2493 2487 2486
f 2517 2507 2518
f 2518 2507 2478
f 2510 2513 2485
f 2485 2513 2477
f 2511 2495 2293
f 2293 2495 2154
f 2514 2518 2474
f 2474 2518 2478
f 2483 2482 2497
f 2497 2482 2492
f 2501 2507 2506
f 2506 2507 2505
f 2488 2487 2515
f 2515 2487 2504
f 2472 2488 2473
f 2473 2488 2515
f 2518 2519 2517
f 2517 2519 2520
f 2521 2519 2514
f 2514 2519 2518
f 2522 2521 2513
f 2513 2521 2514
f 2523 2522 2510
f 2510 2522 2513
f 2517 2520 2502
f 2502 2520 2524
f 2502 2524 2503
f 2503 2524 2525
f 2525 2526 2503
f 2503 2526 2516
f 2527 2524 2528
f 2528 2524 2520
f 2530 2531 2529
f 2529 2531 2532
f 2531 2533 2532
f 2532 2533 2534
f 2531 2535 2533
f 2533 2535 2536
f 2537 2538 2535
f 2535 2538 2539
f 2539 2540 2535
f 2535 2540 2536
f 2537 2535 2530
f 2530 2535 2531
f 2529 2541 2530
f 2530 2541 2542
f 2543 2534 2536
f 2536 2534 2533
f 2519 2521 2543
f 2543 2521 2534
f 2534 2521 2544
f 2544 2521 2522
f 2532 2534 2545
f 2545 2534 2544
f 2529 2532 2546
f 2546 2532 2545
f 2536 2540 2543
f 2543 2540 2528
f 2519 2543 2520
f 2520 2543 2528
f 2541 2529 2547
f 2547 2529 2546
f 2548 2549 2545
f 2545 2549 2546
f 2549 2550 2546
f 2546 2550 2547
f 2551 2552 2548
f 2548 2552 2549
f 2548 2553 2551
f 2551 2553 2554
f 2550 2549 2555
f 2555 2549 2552
f 2545 2544 2548
f 2548 2544 2553
f 2523 2553 2522
f 2522 2553 2544
f 2547 2556 2541
f 2541 2556 2557
f 2541 2557 2542
f 2542 2557 2558
f 2528 2540 2559
f 2559 2540 2539
f 2538 2560 2539
f 2539 2560 2559
f 2561 2527 2559
f 2559 2527 2528
f 2560 2562 2559
f 2559 2562 2561
f 2560 2538 2564
f 2564 2538 2563
f 2558 2557 2563
f 2563 2557 2564
f 2565 2523 2509
f 2509 2523 2510
f 2526 2566 2516
f 2516 2566 2508
f 2509 2508 2565
f 2565 2508 2566
f 2565 2566 2554
f 2554 2566 2567
f 2554 2567 2551
f 2551 2567 2568
f 2569 2567 2526
f 2526 2567 2566
f 2553 2523 2554
f 2554 2523 2565
f 2570 2569 2525
f 2525 2569 2526
f 2524 2527 2525
f 2525 2527 2570
f 2527 2561 2570
f 2570 2561 2571
f 2571 2572 2570
f 2570 2572 2569
f 2573 2574 2571
f 2571 2574 2572
f 2572 2568 2569
f 2569 2568 2567
f 2568 2572 2575
f 2575 2572 2574
f 2562 2573 2561
f 2561 2573 2571
f 2573 2562 2576
f 2576 2562 2577
f 2579 2580 2578
f 2578 2580 2576
f 2574 2573 2580
f 2580 2573 2576
f 2576 2577 2578
f 2578 2577 2556
f 2557 2556 2564
f 2564 2556 2577
f 2562 2560 2577
f 2577 2560 2564
f 2575 2552 2568
f 2568 2552 2551
f 2579 2555 2575
f 2575 2555 2552
f 2579 2575 2580
f 2580 2575 2574
f 2550 2555 2578
f 2578 2555 2579
f 2556 2547 2578
f 2578 2547 2550
f 2558 2537 2542
f 2542 2537 2530
f 2538 2537 2563
f 2563 2537 2558
f 2292 2295 2481
f 2481 2295 2482
f 2486 2489 2512
f 2512 2489 2581
f 2499 2491 2498
f 2498 2491 2490
f 2497 2492 2499
f 2499 2492 2491
f 2155 2154 2494
f 2494 2154 2495
f 2581 2489 2490
f 2490 2489 2498
f 2293 2292 2511
f 2511 2292 2481
f 2191 2155 2512
f 2512 2155 2494
f 2500 2496 2511
f 2511 2496 2495
f 2247 2492 2295
f 2295 2492 2482
f 2583 2584 2582
f 2582 2584 2585
f 2587 2588 2586
f 2586 2588 2589
f 2591 2587 2590
f 2590 2587 2586
f 2593 2594 2592
f 2592 2594 2595
f 2596 2597 2599
f 2599 2597 2598
f 2588 2600 2589
f 2589 2600 2601
f 2602 2603 2605
f 2605 2603 2604
f 2606 2607 2609
f 2609 2607 2608
f 2609 2608 2190
f 2190 2608 2610
f 2611 2612 2614
f 2614 2612 2613
f 2600 2588 2615
f 2615 2588 2595
f 2599 2598 2606
f 2606 2598 2607
f 2584 2616 2604
f 2604 2616 2605
f 2600 2615 2583
f 2583 2615 2617
f 2591 2619 2618
f 2618 2619 2614
f 2621 2622 2620
f 2620 2622 2623
f 2619 2624 2614
f 2614 2624 2611
f 2591 2590 2619
f 2619 2590 2625
f 2587 2591 2592
f 2592 2591 2618
f 2626 2627 2585
f 2585 2627 2582
f 2627 2628 2582
f 2582 2628 2601
f 2629 2593 2618
f 2618 2593 2592
f 2602 2597 2611
f 2611 2597 2612
f 2600 2583 2601
f 2601 2583 2582
f 2630 2631 2589
f 2589 2631 2586
f 2583 2617 2584
f 2584 2617 2616
f 2588 2587 2595
f 2595 2587 2592
f 2633 2626 2632
f 2632 2626 2585
f 2620 2623 2634
f 2634 2623 2625
f 2622 2603 2623
f 2623 2603 2624
f 2621 2633 2622
f 2622 2633 2632
f 2611 2624 2602
f 2602 2624 2603
f 2634 2625 2635
f 2635 2625 2590
f 2628 2630 2601
f 2601 2630 2589
f 2613 2195 2629
f 2629 2195 2194
f 2631 2635 2586
f 2586 2635 2590
f 2595 2594 2615
f 2615 2594 2610
f 2619 2625 2624
f 2624 2625 2623
f 2632 2604 2622
f 2622 2604 2603
f 2585 2584 2632
f 2632 2584 2604
f 2635 2636 2634
f 2634 2636 2637
f 2638 2636 2631
f 2631 2636 2635
f 2639 2638 2630
f 2630 2638 2631
f 2640 2639 2628
f 2628 2639 2630
f 2634 2637 2620
f 2620 2637 2641
f 2620 2641 2621
f 2621 2641 2642
f 2642 2643 2621
f 2621 2643 2633
f 2641 2637 2644
f 2644 2637 2645
f 2646 2647 2649
f 2649 2647 2648
f 2648 2650 2649
f 2649 2650 2651
f 2648 2652 2650
f 2650 2652 2653
f 2652 2654 2656
f 2656 2654 2655
f 2656 2657 2652
f 2652 2657 2653
f 2654 2652 2647
f 2647 2652 2648
f 2647 2646 2659
f 2659 2646 2658
f 2660 2651 2653
f 2653 2651 2650
f 2636 2638 2660
f 2660 2638 2651
f 2651 2638 2661
f 2661 2638 2639
f 2651 2661 2649
f 2649 2661 2662
f 2663 2646 2662
f 2662 2646 2649
f 2653 2657 2660
f 2660 2657 2645
f 2636 2660 2637
f 2637 2660 2645
f 2646 2663 2658
f 2658 2663 2664
f 2665 2666 2662
f 2662 2666 2663
f 2666 2667 2663
f 2663 2667 2664
f 2668 2669 2665
f 2665 2669 2666
f 2665 2670 2668
f 2668 2670 2671
f 2667 2666 2672
f 2672 2666 2669
f 2662 2661 2665
f 2665 2661 2670
f 2640 2670 2639
f 2639 2670 2661
f 2673 2674 2664
f 2664 2674 2658
f 2658 2674 2659
f 2659 2674 2675
f 2645 2657 2676
f 2676 2657 2656
f 2677 2676 2655
f 2655 2676 2656
f 2676 2678 2645
f 2645 2678 2644
f 2677 2679 2676
f 2676 2679 2678
f 2655 2680 2677
f 2677 2680 2681
f 2675 2674 2680
f 2680 2674 2681
f 2682 2640 2627
f 2627 2640 2628
f 2643 2683 2633
f 2633 2683 2626
f 2682 2627 2683
f 2683 2627 2626
f 2683 2684 2682
f 2682 2684 2671
f 2684 2685 2671
f 2671 2685 2668
f 2686 2684 2643
f 2643 2684 2683
f 2670 2640 2671
f 2671 2640 2682
f 2687 2686 2642
f 2642 2686 2643
f 2642 2641 2687
f 2687 2641 2644
f 2687 2644 2688
f 2688 2644 2678
f 2688 2689 2687
f 2687 2689 2686
f 2690 2691 2688
f 2688 2691 2689
f 2689 2685 2686
f 2686 2685 2684
f 2685 2689 2692
f 2692 2689 2691
f 2679 2690 2678
f 2678 2690 2688
f 2690 2679 2693
f 2693 2679 2694
f 2696 2697 2695
f 2695 2697 2693
f 2691 2690 2697
f 2697 2690 2693
f 2693 2694 2695
f 2695 2694 2673
f 2674 2673 2681
f 2681 2673 2694
f 2679 2677 2694
f 2694 2677 2681
f 2685 2692 2668
f 2668 2692 2669
f 2696 2672 2692
f 2692 2672 2669
f 2696 2692 2697
f 2697 2692 2691
f 2695 2667 2696
f 2696 2667 2672
f 2673 2664 2695
f 2695 2664 2667
f 2675 2654 2659
f 2659 2654 2647
f 2655 2654 2680
f 2680 2654 2675
f 2291 2156 2593
f 2593 2156 2594
f 2597 2602 2598
f 2598 2602 2605
f 2616 2617 2607
f 2607 2617 2608
f 2615 2610 2617
f 2617 2610 2608
f 2597 2596 2612
f 2612 2596 2698
f 2598 2605 2607
f 2607 2605 2616
f 2194 2291 2629
f 2629 2291 2593
f 2629 2618 2613
f 2613 2618 2614
f 2190 2610 2156
f 2156 2610 2594
f 2700 2010 2699
f 2699 2010 2086
f 2267 2701 2116
f 2116 2701 2702
f 2116 2702 2117
f 2117 2702 2703
f 2704 2705 2250
f 2250 2705 2254
f 2011 2706 2267
f 2267 2706 2701
f 2699 2086 2707
f 2707 2086 2289
f 2010 2700 2011
f 2011 2700 2706
f 2708 2707 2251
f 2251 2707 2289
f 2703 2704 2117
f 2117 2704 2250
f 2705 2708 2254
f 2254 2708 2251
f 2709 2710 2708
f 2708 2710 2707
f 2711 2709 2705
f 2705 2709 2708
f 2712 2711 2704
f 2704 2711 2705
f 2713 2712 2703
f 2703 2712 2704
f 2707 2710 2699
f 2699 2710 2714
f 2699 2714 2700
f 2700 2714 2715
f 2716 2706 2715
f 2715 2706 2700
f 2714 2710 2717
f 2717 2710 2718
f 2720 2721 2719
f 2719 2721 2722
f 2721 2723 2722
f 2722 2723 2724
f 2721 2725 2723
f 2723 2725 2726
f 2727 2728 2725
f 2725 2728 2726
f 2729 2725 2720
f 2720 2725 2721
f 2731 2729 2730
f 2730 2729 2720
f 2719 2732 2720
f 2720 2732 2730
f 2726 2733 2723
f 2723 2733 2724
f 2709 2711 2733
f 2733 2711 2724
f 2724 2711 2734
f 2734 2711 2712
f 2722 2724 2735
f 2735 2724 2734
f 2719 2722 2736
f 2736 2722 2735
f 2726 2728 2733
f 2733 2728 2718
f 2709 2733 2710
f 2710 2733 2718
f 2732 2719 2737
f 2737 2719 2736
f 2738 2739 2735
f 2735 2739 2736
f 2739 2740 2736
f 2736 2740 2737
f 2741 2742 2738
f 2738 2742 2739
f 2738 2743 2741
f 2741 2743 2744
f 2740 2739 2745
f 2745 2739 2742
f 2735 2734 2738
f 2738 2734 2743
f 2713 2743 2712
f 2712 2743 2734
f 2737 2746 2732
f 2732 2746 2747
f 2732 2747 2730
f 2730 2747 2731
f 2718 2728 2748
f 2748 2728 2727
f 2749 2750 2727
f 2727 2750 2748
f 2748 2751 2718
f 2718 2751 2717
f 2750 2752 2748
f 2748 2752 2751
f 2750 2749 2754
f 2754 2749 2753
f 2731 2747 2753
f 2753 2747 2754
f 2727 2725 2749
f 2749 2725 2729
f 2749 2729 2753
f 2753 2729 2731
f 2702 2755 2703
f 2703 2755 2713
f 2706 2716 2701
f 2701 2716 2756
f 2755 2702 2756
f 2756 2702 2701
f 2756 2757 2755
f 2755 2757 2744
f 2757 2758 2744
f 2744 2758 2741
f 2759 2757 2716
f 2716 2757 2756
f 2743 2713 2744
f 2744 2713 2755
f 2760 2759 2715
f 2715 2759 2716
f 2715 2714 2760
f 2760 2714 2717
f 2760 2717 2761
f 2761 2717 2751
f 2761 2762 2760
f 2760 2762 2759
f 2763 2764 2761
f 2761 2764 2762
f 2762 2758 2759
f 2759 2758 2757
f 2758 2762 2765
f 2765 2762 2764
f 2752 2763 2751
f 2751 2763 2761
f 2763 2752 2766
f 2766 2752 2767
f 2768 2769 2766
f 2766 2769 2770
f 2764 2763 2770
f 2770 2763 2766
f 2766 2767 2768
f 2768 2767 2746
f 2747 2746 2754
f 2754 2746 2767
f 2752 2750 2767
f 2767 2750 2754
f 2758 2765 2741
f 2741 2765 2742
f 2769 2745 2765
f 2765 2745 2742
f 2769 2765 2770
f 2770 2765 2764
f 2768 2740 2769
f 2769 2740 2745
f 2746 2737 2768
f 2768 2737 2740
f 2201 2212 2200
f 2200 2212 2214
f 2201 2202 2212
f 2212 2202 2185
f 2512 2581 2191
f 2191 2581 2192
f 2059 2290 2056
f 2056 2290 2272
f 2174 2199 2294
f 2294 2199 2278
f 2063 2175 2194
f 2194 2175 2291
f 2192 2581 2133
f 2133 2581 2490
f 2133 2132 2192
f 2192 2132 2189
f 2054 2276 2055
f 2055 2276 2138
f 2083 2279 2084
f 2084 2279 2771
f 2771 2279 2599
f 2599 2279 2596
f 2606 2772 2599
f 2599 2772 2771
f 2772 2773 2771
f 2771 2773 2084
f 2773 2774 2084
f 2084 2774 2085
f 2085 2775 2082
f 2082 2775 2144
f 2774 2078 2085
f 2085 2078 2775
f 2078 2774 2079
f 2079 2774 2776
f 2774 2773 2776
f 2776 2773 2777
f 2773 2772 2777
f 2777 2772 2778
f 2190 2189 2609
f 2609 2189 2778
f 2053 2052 2779
f 2779 2052 2181
f 2144 2775 2081
f 2081 2775 2078
f 2294 2153 2174
f 2174 2153 2175
f 2132 2276 2189
f 2189 2276 2778
f 2606 2609 2772
f 2772 2609 2778
f 2195 2613 2698
f 2698 2613 2612
f 2596 2279 2698
f 2698 2279 2195
f 2054 2777 2276
f 2276 2777 2778
f 2777 2054 2776
f 2776 2054 2053
f 2053 2779 2776
f 2776 2779 2079
f 2779 2181 2079
f 2079 2181 2080
f 2181 2239 2080
f 2080 2239 2240
f 2122 2256 2014
f 2042 1982 2076
f 2076 1982 2007
f 1982 1985 2007
f 2007 1985 2008
f 2095 2097 2265
f 2265 2097 2266
f 2076 2050 2042
f 2042 2050 2047
f 2046 2043 2047
f 2047 2043 2042
f 2118 1993 2046
f 2046 1993 2043
f 1995 1994 2118
f 2118 1994 1993
f 2267 1992 2011
f 2011 1992 2012
f 1997 2012 1994
f 1994 2012 1992
f 2226 2013 1997
f 1997 2013 2012
f 2225 2087 2226
f 2226 2087 2013
f 2225 2232 2087
f 2087 2232 2288
f 2232 2070 2288
f 2288 2070 2252
f 2070 2025 2252
f 2252 2025 2253
f 1988 2249 2025
f 2025 2249 2253
f 2116 2115 2267
f 2267 2115 2268
f 2096 1984 2237
f 2237 1984 1991
f 2095 1985 2096
f 2096 1985 1984
f 2265 2008 2095
f 2095 2008 1985
f 2092 2009 2265
f 2265 2009 2008
f 2091 2286 2092
f 2092 2286 2009
f 2255 2238 2091
f 2091 2238 2286
f 2256 2239 2255
f 2255 2239 2238
f 2122 2240 2256
f 2256 2240 2239
f 2121 2241 2122
f 2122 2241 2240
f 2022 2018 2097
f 2097 2018 2266
f 2022 2024 2018
f 2018 2024 2019
f 2024 2072 2019
f 2019 2072 2073
f 2072 2228 2073
f 2073 2228 2230
f 2228 2184 2230
f 2230 2184 2183
f 2121 2285 2241
f 2241 2285 2258
f 2285 2036 2258
f 2258 2036 2257
f 2177 2145 2193
f 2193 2145 2257
f 2173 2193 2196
f 2196 2193 2037
f 2036 2037 2257
f 2257 2037 2193
f 2196 2037 2066
f 2066 2037 2035
f 2061 2108 2034
f 2034 2108 2067
f 2108 2208 2067
f 2067 2208 2204
f 2208 2210 2204
f 2204 2210 2203
f 2210 2280 2203
f 2203 2280 2186
f 2183 2186 2235
f 2235 2186 2280
f 1987 2114 1988
f 1988 2114 2249
f 2237 2115 1987
f 1987 2115 2114
f 1991 2268 2237
f 2237 2268 2115
f 1991 1990 2268
f 2268 1990 1992
f 107 110 2781
f 2781 110 2780
f 117 2782 118
f 118 2782 2783
f 119 2784 120
f 120 2784 2785
f 125 2786 126
f 126 2786 2787
f 127 2788 128
f 128 2788 2789
f 127 132 2788
f 2788 132 2790
f 231 230 2792
f 2792 230 2791
f 118 2783 119
f 119 2783 2784
f 241 243 2794
f 2794 243 2793
f 2781 2795 107
f 107 2795 352
f 120 2785 437
f 437 2785 2796
f 126 2787 110
f 110 2787 2780
f 455 2797 456
f 456 2797 2798
f 128 2789 457
f 457 2789 2799
f 456 2798 117
f 117 2798 2782
f 2794 2797 241
f 241 2797 455
f 457 2799 125
f 125 2799 2786
f 132 231 2790
f 2790 231 2792
f 230 437 2791
f 2791 437 2796
f 2792 2789 2790
f 2790 2789 2788
f 2785 2784 2801
f 2801 2784 2800
f 2786 2802 2787
f 2787 2802 2803
f 2792 2791 2805
f 2805 2791 2804
f 2784 2783 2800
f 2800 2783 2806
f 2785 2801 2796
f 2796 2801 2807
f 2787 2803 2780
f 2780 2803 2808
f 2789 2809 2799
f 2799 2809 2810
f 2799 2810 2786
f 2786 2810 2802
f 2791 2796 2804
f 2804 2796 2807
f 2789 2792 2809
f 2809 2792 2805
f 2812 2797 2811
f 2811 2797 2794
f 2809 2805 2810
f 2810 2805 2804
f 2810 2804 2802
f 2802 2804 2807
f 2802 2807 2803
f 2803 2807 2801
f 2808 2803 2800
f 2800 2803 2801
f 2814 699 2813
f 2813 699 698
f 2808 2815 2780
f 2780 2815 2781
f 2817 2782 2816
f 2816 2782 2798
f 2815 2818 2781
f 2781 2818 2795
f 2797 2812 2798
f 2798 2812 2816
f 2783 2782 2806
f 2806 2782 2817
f 2800 2806 2808
f 2808 2806 2815
f 2794 2793 2811
f 2811 2793 2819
f 174 201 384
f 384 201 362
f 200 1766 390
f 390 1766 1777
f 1777 1778 390
f 390 1778 398
f 1778 361 398
f 398 361 222
f 2820 2821 628
f 628 2821 629
f 1406 2820 790
f 790 2820 628
f 794 1415 1233
f 1233 1415 1234
f 1406 790 1407
f 1407 790 1312
f 1407 1312 2822
f 2822 1312 1316
f 2823 1380 1543
f 1543 1380 1379
f 1385 1738 1382
f 1382 1738 1383
f 1381 791 1382
f 1382 791 1386
f 791 794 1386
f 1386 794 1233
f 1259 1390 1260
f 1260 1390 1389
f 1905 1542 1394
f 1394 1542 1395
f 1410 1413 1397
f 1397 1413 1398
f 2821 1410 629
f 629 1410 1397
f 2823 2822 1380
f 1380 2822 1316
f 1392 1395 1378
f 1378 1395 1379
f 1738 1399 1383
f 1383 1399 1398
f 1388 1235 1389
f 1389 1235 1234
f 1393 1391 1394
f 1394 1391 1390
f 1381 1384 779
f 779 1384 780
f 1282 788 792
f 792 788 793
f 1431 1262 1432
f 1432 1262 1261
f 1400 1342 1408
f 1408 1342 1409
f 1508 1544 1411
f 1411 1544 1412
f 788 787 793
f 793 787 1414
f 2821 2820 1429
f 1429 2820 1430
f 2822 2823 1506
f 1506 2823 1507
f 778 1282 779
f 779 1282 792
f 2820 1406 1430
f 1430 1406 1409
f 1410 2821 1411
f 1411 2821 1429
f 1407 2822 1408
f 1408 2822 1506
f 1544 781 1412
f 1412 781 780
f 1260 1415 1261
f 1261 1415 1414
f 1334 2824 923
f 923 2824 924
f 2826 1268 2825
f 2825 1268 1267
f 769 1212 2827
f 2827 1212 2828
f 1492 1190 1266
f 1266 1190 1267
f 1488 2829 1489
f 1489 2829 2830
f 922 1329 923
f 923 1329 1328
f 1484 2831 1485
f 1485 2831 2832
f 1482 2833 1485
f 1485 2833 1486
f 1324 1493 1489
f 1489 1493 1490
f 1265 1491 1266
f 1266 1491 1490
f 2835 2836 2834
f 2834 2836 2837
f 1250 2838 2827
f 2827 2838 2839
f 1488 1491 2840
f 2840 1491 2841
f 1268 2826 2842
f 2842 2826 2843
f 2844 2845 1495
f 1495 2845 1496
f 1427 2847 2846
f 2846 2847 926
f 2829 1488 2848
f 2848 1488 2840
f 1329 922 2849
f 2849 922 927
f 2850 2851 768
f 768 2851 1213
f 1265 1268 2852
f 2852 1268 2842
f 1491 1265 2841
f 2841 1265 2852
f 2854 2855 2853
f 2853 2855 2856
f 2855 2857 2856
f 2856 2857 598
f 2857 2858 598
f 598 2858 595
f 2858 2859 595
f 595 2859 626
f 649 652 2860
f 2860 652 2861
f 639 642 2862
f 2862 642 2863
f 2864 705 2862
f 2862 705 639
f 2865 1418 2864
f 2864 1418 705
f 2866 2867 2865
f 2865 2867 1418
f 1760 1348 1761
f 1761 1348 2867
f 1764 2868 1197
f 1197 2868 1198
f 2869 611 2868
f 2868 611 1198
f 2870 612 2869
f 2869 612 611
f 1352 1350 944
f 944 1350 688
f 1350 1256 688
f 688 1256 685
f 1256 1255 685
f 685 1255 692
f 1255 2871 692
f 692 2871 2872
f 701 2873 698
f 698 2873 2813
f 2872 1349 692
f 692 1349 693
f 1696 1744 1574
f 1574 1744 1575
f 1753 1618 1577
f 1577 1618 1578
f 1729 1594 1608
f 1608 1594 1609
f 1725 1630 1611
f 1611 1630 1612
f 1604 1607 1625
f 1625 1607 1626
f 1624 1703 1625
f 1625 1703 1912
f 1703 1702 1912
f 1912 1702 1913
f 1702 1753 1913
f 1913 1753 1577
f 1598 1569 1915
f 1915 1569 1578
f 1616 1615 1915
f 1915 1615 1916
f 1615 1696 1916
f 1916 1696 1574
f 1744 1745 1575
f 1575 1745 1917
f 1745 1565 1917
f 1917 1565 1609
f 1568 1725 1608
f 1608 1725 1611
f 2874 1613 1918
f 1918 1613 1612
f 1607 2874 1626
f 1626 2874 1918
f 1610 1613 1562
f 1562 1613 1563
f 1547 1550 1570
f 1570 1550 1571
f 1573 1576 1580
f 1580 1576 1581
f 1553 1556 1595
f 1595 1556 1596
f 1556 1582 1596
f 1596 1582 1581
f 1551 1547 1599
f 1599 1547 1570
f 1731 1914 1601
f 1601 1914 1602
f 1686 1689 1605
f 1605 1689 1606
f 1598 1743 1599
f 1599 1743 1692
f 2874 1607 1723
f 1723 1607 1606
f 1727 1553 1730
f 1730 1553 1595
f 1600 1686 1601
f 1601 1686 1605
f 1914 1572 1602
f 1602 1572 1571
f 1579 1693 1580
f 1580 1693 1692
f 1613 2874 1563
f 1563 2874 1723
f 1561 1727 1562
f 1562 1727 1730
f 1949 1742 1548
f 1548 1742 1549
f 1694 1949 1552
f 1552 1949 1548
f 1954 1589 1554
f 1554 1589 1555
f 1693 1579 1558
f 1558 1579 1559
f 1561 1564 1584
f 1584 1564 1585
f 1582 1556 1588
f 1588 1556 1555
f 1600 1603 1591
f 1591 1603 1592
f 1981 1977 1687
f 1687 1977 1688
f 1564 1722 1585
f 1585 1722 1690
f 1551 1693 1552
f 1552 1693 1558
f 1751 1954 1728
f 1728 1954 1554
f 1590 1981 1591
f 1591 1981 1687
f 1603 1550 1592
f 1592 1550 1549
f 1977 1691 1688
f 1688 1691 1690
f 1587 1560 1588
f 1588 1560 1559
f 1727 1561 1728
f 1728 1561 1584
f 2875 1919 1947
f 1947 1919 1948
f 1557 1560 1952
f 1952 1560 1953
f 1933 1932 1955
f 1955 1932 1956
f 1587 1589 1958
f 1958 1589 1956
f 1959 1933 1965
f 1965 1933 1955
f 1961 1964 1966
f 1966 1964 1967
f 1981 1590 1969
f 1969 1590 1967
f 1742 1949 1972
f 1972 1949 1948
f 1593 1742 1966
f 1966 1742 1972
f 1957 1950 1958
f 1958 1950 1953
f 1583 1586 1974
f 1974 1586 1975
f 1940 1943 1978
f 1978 1943 1979
f 1943 1976 1979
f 1979 1976 1975
f 1951 2875 1952
f 1952 2875 1947
f 1968 1940 1969
f 1969 1940 1978
f 1973 1959 1974
f 1974 1959 1965
f 1923 1971 1920
f 1920 1971 1921
f 1919 2875 1920
f 1920 2875 1924
f 2875 1951 1924
f 1924 1951 1926
f 1950 1957 1929
f 1929 1957 1930
f 2244 2243 1934
f 1934 2243 1935
f 1973 1976 1937
f 1937 1976 1938
f 1944 1980 1941
f 1941 1980 1942
f 1940 1968 1941
f 1941 1968 1945
f 2287 2244 1960
f 1960 2244 1934
f 1970 2245 1962
f 1962 2245 1963
f 2243 1931 1935
f 1935 1931 1930
f 1927 1926 1928
f 1928 1926 1929
f 1961 1922 1962
f 1962 1922 1921
f 2245 1946 1963
f 1963 1946 1945
f 1976 1943 1938
f 1938 1943 1942
f 1936 2287 1937
f 1937 2287 1960
f 743 1238 608
f 608 1238 609
f 607 1811 608
f 608 1811 744
f 1304 2876 1305
f 1305 2876 2877
f 586 585 1298
f 1298 585 1299
f 585 702 1299
f 1299 702 1300
f 702 1428 1300
f 1300 1428 1301
f 1238 586 609
f 609 586 1298
f 2878 2879 1218
f 1218 2879 2877
f 2880 2881 1812
f 1812 2881 1819
f 2883 1821 2882
f 2882 1821 1820
f 2840 2841 620
f 620 2841 621
f 2842 2843 795
f 795 2843 796
f 892 895 2844
f 2844 895 2845
f 2848 2840 942
f 942 2840 620
f 2849 927 1202
f 1202 927 1203
f 2852 2842 1270
f 1270 2842 795
f 2841 2852 621
f 621 2852 1270
f 941 1759 942
f 942 1759 2884
f 659 929 1427
f 1427 929 2847
f 1237 2851 751
f 751 2851 2850
f 1216 2885 1217
f 1217 2885 1754
f 2887 734 2886
f 2886 734 733
f 2889 1816 2888
f 2888 1816 1815
f 2890 1245 2889
f 2889 1245 1816
f 1824 2891 1825
f 1825 2891 1246
f 2892 2893 2895
f 2895 2893 2894
f 1854 1833 1851
f 1851 1833 1832
f 1851 1832 1884
f 1884 1832 1876
f 1884 1876 1441
f 1441 1876 1443
f 1441 1443 1442
f 1442 1443 1446
f 1442 1446 2896
f 2896 1446 1507
f 2897 2823 2898
f 2898 2823 1543
f 1542 2899 1543
f 1543 2899 2898
f 1542 1905 2899
f 2899 1905 2900
f 1905 1259 2900
f 2900 1259 2901
f 1262 1431 2902
f 2902 1431 1904
f 1431 1434 1904
f 1904 1434 1902
f 1902 1434 2903
f 2903 1434 719
f 2903 719 2904
f 2904 719 718
f 1869 1881 718
f 718 1881 2904
f 1881 1869 1880
f 1880 1869 756
f 1880 756 2905
f 2905 756 755
f 2905 755 2906
f 2906 755 758
f 762 2907 763
f 763 2907 2908
f 724 723 2909
f 2909 723 894
f 796 895 723
f 723 895 894
f 2843 2845 796
f 796 2845 895
f 2826 1496 2843
f 2843 1496 2845
f 2825 1497 2826
f 2826 1497 1496
f 1189 2836 2825
f 2825 2836 1497
f 797 891 798
f 798 891 2837
f 802 888 797
f 797 888 891
f 2910 2911 2913
f 2913 2911 2912
f 1780 1783 2915
f 2915 1783 2914
f 2916 2917 831
f 831 2917 832
f 2918 2919 845
f 845 2919 846
f 2920 2916 847
f 847 2916 831
f 2921 2922 857
f 857 2922 858
f 2923 2924 860
f 860 2924 861
f 2919 2912 846
f 846 2912 887
f 2925 2920 940
f 940 2920 847
f 2924 2926 861
f 861 2926 1204
f 2917 2918 832
f 832 2918 845
f 2927 2928 1449
f 1449 2928 1450
f 2929 2930 889
f 889 2930 2931
f 2896 1507 2897
f 2897 1507 2823
f 2902 2901 1262
f 1262 2901 1259
f 2932 2933 750
f 750 2933 1236
f 2933 2934 1236
f 1236 2934 1835
f 2936 2937 2935
f 2935 2937 2938
f 2940 2941 2939
f 2939 2941 2942
f 2943 2944 1841
f 1841 2944 1842
f 2945 1860 2944
f 2944 1860 1842
f 2945 2946 1860
f 1860 2946 1859
f 1889 2947 1890
f 1890 2947 1856
f 1856 2947 1857
f 1857 2947 2948
f 2950 709 2949
f 2949 709 1829
f 2952 730 2951
f 2951 730 729
f 2866 2953 2867
f 2867 2953 1761
f 2953 2954 1761
f 1761 2954 1420
f 2954 2955 1420
f 1420 2955 742
f 2955 2956 742
f 742 2956 739
f 2956 2957 739
f 739 2957 760
f 2957 2958 760
f 760 2958 761
f 2958 2959 761
f 761 2959 2960
f 2959 2961 2960
f 2960 2961 2962
f 2963 2964 1839
f 1839 2964 1840
f 2964 2965 1840
f 1840 2965 2942
f 2966 2950 2939
f 2939 2950 2949
f 2935 2967 2936
f 2936 2967 2968
f 2969 2970 736
f 736 2970 735
f 734 2887 1815
f 1815 2887 2888
f 2887 2882 2888
f 2888 2882 2881
f 1819 1820 1817
f 1817 1820 748
f 1195 1757 1197
f 1197 1757 1424
f 1757 647 1424
f 1424 647 646
f 647 648 646
f 646 648 643
f 648 1271 643
f 643 1271 737
f 1271 725 737
f 737 725 765
f 725 724 765
f 765 724 762
f 762 724 2907
f 2907 724 2909
f 1254 1437 2909
f 2909 1437 2907
f 1438 1253 1836
f 1836 1253 1835
f 1836 1835 2938
f 2938 1835 2934
f 2971 2972 2935
f 2935 2972 2967
f 897 896 2969
f 2969 896 2970
f 1815 1814 734
f 734 1814 731
f 728 1215 896
f 896 1215 732
f 2885 1216 733
f 733 1216 2886
f 1216 1219 2886
f 2886 1219 2883
f 2876 1304 1821
f 1821 1304 749
f 1304 1303 749
f 749 1303 746
f 1818 2973 1817
f 1817 2973 1810
f 747 2974 1818
f 1818 2974 2973
f 747 746 2974
f 2974 746 1303
f 2976 2977 2975
f 2975 2977 2978
f 2976 2979 2901
f 2901 2979 2900
f 2980 2981 2982
f 2982 2981 2979
f 2981 2980 2983
f 2983 2980 2984
f 2985 2897 2983
f 2983 2897 2898
f 2987 2988 2986
f 2986 2988 2985
f 2896 2988 1442
f 1442 2988 1439
f 1903 2977 1904
f 1904 2977 2902
f 1856 1855 1890
f 1890 1855 2989
f 2989 2990 1890
f 1890 2990 1359
f 2990 2991 1359
f 1359 2991 1356
f 2946 2992 1859
f 1859 2992 1893
f 2992 2993 1893
f 1893 2993 775
f 2993 2994 775
f 775 2994 776
f 2986 1356 2987
f 2987 1356 2991
f 2975 2978 776
f 776 2978 777
f 2982 2994 2980
f 2980 2994 2995
f 1357 2984 2995
f 2995 2984 2980
f 2995 2996 1357
f 1357 2996 1358
f 2996 2997 1358
f 1358 2997 1889
f 2998 2999 2932
f 2932 2999 2933
f 2999 2971 2933
f 2933 2971 2934
f 1837 1836 2937
f 2937 1836 2938
f 2943 1841 2941
f 2941 1841 1838
f 3001 2944 3000
f 3000 2944 2943
f 3001 3002 2944
f 2944 3002 2945
f 3002 3003 2945
f 2945 3003 2946
f 2997 3003 1889
f 1889 3003 2947
f 2947 3003 2948
f 2948 3003 3002
f 3001 3004 3002
f 3002 3004 2948
f 3000 3005 3001
f 3001 3005 3004
f 2940 3006 3000
f 3000 3006 3005
f 2999 3007 2971
f 2971 3007 2972
f 2998 2951 2999
f 2999 2951 3007
f 3008 2952 2998
f 2998 2952 2951
f 2966 2965 2936
f 2936 2965 2937
f 2935 2938 2971
f 2971 2938 2934
f 3003 2997 2946
f 2946 2997 2992
f 2997 2996 2992
f 2992 2996 2993
f 2996 2995 2993
f 2993 2995 2994
f 1356 2986 1357
f 1357 2986 2984
f 2982 2975 2994
f 2994 2975 776
f 1844 1843 1899
f 1899 1843 3009
f 1843 638 3009
f 3009 638 3010
f 638 637 3010
f 3010 637 3011
f 637 1830 3011
f 3011 1830 3012
f 1830 1833 3012
f 3012 1833 2894
f 1833 1854 2894
f 2894 1854 2895
f 1854 1853 2895
f 2895 1853 1888
f 1858 1857 1885
f 1885 1857 1892
f 1899 3009 1898
f 1898 3009 1874
f 3009 3010 1874
f 1874 3010 1865
f 3010 3011 1865
f 1865 3011 1862
f 3011 3012 1862
f 1862 3012 1882
f 3012 2894 1882
f 1882 2894 2893
f 1850 2890 782
f 782 2890 2889
f 783 2880 1811
f 1811 2880 1812
f 744 1810 745
f 745 1810 2973
f 745 2973 805
f 805 2973 806
f 2973 2974 806
f 806 2974 815
f 1303 812 2974
f 2974 812 815
f 1303 1302 812
f 812 1302 1221
f 1307 3013 1302
f 1302 3013 1221
f 1734 3014 1633
f 1633 3014 1634
f 1646 1649 1636
f 1636 1649 1637
f 1654 1657 1641
f 1641 1657 1642
f 1639 1736 1636
f 1636 1736 1684
f 1716 1713 1698
f 1698 1713 1699
f 1718 1721 1705
f 1705 1721 1706
f 1653 1654 1709
f 1709 1654 1641
f 1620 1623 1714
f 1714 1623 1699
f 1712 1682 1714
f 1714 1682 1740
f 1668 1671 1746
f 1746 1671 1747
f 1752 1650 1749
f 1749 1650 1750
f 1750 1650 1709
f 1709 1650 1653
f 1632 1668 1633
f 1633 1668 1746
f 1649 1752 1637
f 1637 1752 1749
f 1682 1643 1740
f 1740 1643 1642
f 3014 1685 1634
f 1634 1685 1684
f 1704 1748 1705
f 1705 1748 1747
f 1697 1707 1698
f 1698 1707 1706
f 1739 1701 1621
f 1621 1701 1622
f 1567 1566 1647
f 1647 1566 1648
f 1664 1695 1651
f 1651 1695 1652
f 1614 1617 1655
f 1655 1617 1656
f 1704 1707 1659
f 1659 1707 1660
f 3014 1734 1662
f 1662 1734 1663
f 1650 1752 1651
f 1651 1752 1665
f 1741 1657 1667
f 1667 1657 1656
f 1695 1614 1652
f 1652 1614 1655
f 1724 1567 1726
f 1726 1567 1647
f 1645 1628 1733
f 1733 1628 1663
f 1685 3014 1726
f 1726 3014 1662
f 1620 1741 1621
f 1621 1741 1667
f 1566 1666 1648
f 1648 1666 1665
f 1658 1737 1659
f 1659 1737 1901
f 1911 1661 1910
f 1910 1661 1660
f 1701 1911 1622
f 1622 1911 1910
f 1732 1748 1733
f 1733 1748 1901
f 1857 2948 1892
f 1892 2948 3004
f 1892 3004 1891
f 1891 3004 3005
f 1828 3006 1829
f 1829 3006 2949
f 2967 736 2968
f 2968 736 710
f 2972 2969 2967
f 2967 2969 736
f 2969 2972 897
f 897 2972 3007
f 897 3007 729
f 729 3007 2951
f 3016 753 3015
f 3015 753 752
f 3018 767 3017
f 3017 767 766
f 3019 3020 1249
f 1249 3020 3021
f 2915 2914 3019
f 3019 2914 3020
f 3023 2914 3022
f 3022 2914 1783
f 2827 2839 769
f 769 2839 766
f 3025 2838 3024
f 3024 2838 3021
f 768 767 2850
f 2850 767 3026
f 2850 3026 751
f 751 3026 752
f 750 753 2932
f 2932 753 3027
f 3008 2998 3027
f 3027 2998 2932
f 3028 3029 3008
f 3008 3029 2952
f 3029 3030 2952
f 2952 3030 730
f 3032 3033 3031
f 3031 3033 3034
f 3036 3037 3035
f 3035 3037 3038
f 2870 3039 612
f 612 3039 3040
f 3041 3042 3031
f 3031 3042 3038
f 3034 1352 3043
f 3043 1352 944
f 612 3040 613
f 613 3040 3044
f 613 3044 1425
f 1425 3044 1422
f 3045 3042 669
f 669 3042 670
f 3041 3043 599
f 599 3043 600
f 772 771 1544
f 1544 771 781
f 1503 771 1866
f 1866 771 770
f 771 1503 781
f 781 1503 778
f 61 281 416
f 416 281 1907
f 283 103 3046
f 3046 103 3047
f 76 79 3048
f 3048 79 3049
f 280 76 1906
f 1906 76 3048
f 3051 335 3050
f 3050 335 334
f 3053 417 3052
f 3052 417 416
f 3055 435 3054
f 3054 435 434
f 428 435 419
f 419 435 1908
f 420 1909 293
f 293 1909 443
f 79 294 3049
f 3049 294 444
f 3057 444 3056
f 3056 444 443
f 3051 3058 335
f 335 3058 452
f 216 215 1332
f 1332 215 452
f 308 283 462
f 462 283 3046
f 3050 334 3059
f 3059 334 462
f 103 62 3047
f 3047 62 417
f 313 312 434
f 434 312 463
f 3061 574 3060
f 3060 574 573
f 1310 3062 1428
f 1428 3062 3063
f 1258 3064 1255
f 1255 3064 2871
f 932 3065 2853
f 2853 3065 3066
f 699 2814 931
f 931 2814 3067
f 3068 1301 3063
f 3063 1301 1428
f 571 574 1310
f 1310 574 3062
f 3060 573 3069
f 3069 573 1332
f 3070 3071 1906
f 1906 3071 1907
f 3072 3073 1908
f 1908 3073 1909
f 3075 2814 3074
f 3074 2814 2813
f 2854 3076 1258
f 1258 3076 3064
f 2871 3077 2872
f 2872 3077 3078
f 3074 2813 3079
f 3079 2813 2873
f 2872 3078 1349
f 1349 3078 3080
f 2873 701 3068
f 3068 701 1301
f 1330 1201 3080
f 3080 1201 1349
f 1264 1263 3081
f 3081 1263 3082
f 3083 3084 3082
f 3082 3084 3081
f 811 1448 3086
f 3086 1448 3085
f 808 811 3087
f 3087 811 3086
f 3088 3083 833
f 833 3083 3082
f 884 3089 885
f 885 3089 3090
f 3087 1790 808
f 808 1790 816
f 1790 3087 1787
f 1787 3087 3091
f 3092 3091 3086
f 3086 3091 3087
f 3093 3094 3084
f 3084 3094 3095
f 3089 3096 3090
f 3090 3096 3088
f 3097 3093 3083
f 3083 3093 3084
f 3099 3100 3098
f 3098 3100 1786
f 3101 1788 2913
f 2913 1788 3102
f 838 837 885
f 885 837 886
f 886 837 3103
f 3103 837 1541
f 3094 3093 3104
f 3104 3093 3097
f 3105 3106 3089
f 3089 3106 3096
f 3108 3109 3107
f 3107 3109 3110
f 3111 3112 3091
f 3091 3112 1787
f 3114 3108 3113
f 3113 3108 3107
f 3114 3115 3112
f 3112 3115 3102
f 3091 3092 3111
f 3111 3092 3116
f 839 838 835
f 835 838 836
f 885 3090 838
f 838 3090 836
f 3110 3117 1247
f 1247 3117 3118
f 1247 3118 1248
f 1248 3118 3119
f 3120 3121 3119
f 3119 3121 1248
f 1247 844 3110
f 3110 844 3107
f 844 843 3107
f 3107 843 3113
f 843 3099 3113
f 3113 3099 3122
f 1781 3123 3098
f 3098 3123 3124
f 2915 2931 1780
f 1780 2931 2930
f 3019 3125 2915
f 2915 3125 2931
f 890 3125 2834
f 2834 3125 1252
f 3125 3019 1252
f 1252 3019 1249
f 907 908 946
f 946 908 947
f 1185 1188 1369
f 1369 1188 948
f 954 957 951
f 951 957 952
f 910 965 953
f 953 965 950
f 905 958 960
f 960 958 961
f 3126 978 949
f 949 978 962
f 936 935 967
f 967 935 968
f 994 993 969
f 969 993 966
f 902 904 971
f 971 904 972
f 983 985 973
f 973 985 970
f 906 905 974
f 974 905 960
f 977 981 959
f 959 981 975
f 911 910 1143
f 1143 910 953
f 952 957 1142
f 1142 957 1145
f 911 1143 1366
f 1366 1143 1368
f 1185 1369 1145
f 1145 1369 1142
f 993 1519 966
f 966 1519 1456
f 965 1454 950
f 950 1454 1457
f 900 899 1459
f 1459 899 1460
f 988 991 1461
f 1461 991 1458
f 899 963 1460
f 1460 963 1462
f 985 987 970
f 970 987 1463
f 904 906 972
f 972 906 974
f 981 983 975
f 975 983 973
f 935 900 968
f 968 900 1459
f 991 994 1458
f 1458 994 969
f 1154 1526 1088
f 1088 1526 1089
f 1109 1112 1092
f 1092 1112 1093
f 1083 1098 1084
f 1084 1098 1097
f 1078 1471 1100
f 1100 1471 1101
f 1075 1078 1104
f 1104 1078 1100
f 1152 1154 1156
f 1156 1154 1088
f 1156 1155 1372
f 1372 1155 1373
f 1372 1373 1104
f 1104 1373 1075
f 1467 1109 1465
f 1465 1109 1092
f 1465 1182 1468
f 1468 1182 1184
f 1474 1470 1096
f 1096 1470 1097
f 1102 1101 1083
f 1083 1101 1098
f 1112 1531 1093
f 1093 1531 1529
f 1102 1073 1099
f 1099 1073 1072
f 1526 1154 1079
f 1079 1154 1080
f 1081 1091 1082
f 1082 1091 1094
f 1069 1068 1085
f 1085 1068 1086
f 1153 1151 1080
f 1080 1151 1058
f 1371 1177 1179
f 1179 1177 1176
f 1099 1072 1103
f 1103 1072 1176
f 1068 1071 1086
f 1086 1071 1073
f 1085 1084 1180
f 1180 1084 1469
f 1066 1065 1183
f 1183 1065 1181
f 1153 1152 1177
f 1177 1152 1178
f 1091 1081 1182
f 1182 1081 1183
f 1057 1525 1079
f 1079 1525 1527
f 1120 1117 1076
f 1076 1117 1077
f 1087 1090 1107
f 1107 1090 1108
f 1127 1126 1110
f 1110 1126 1111
f 1095 1116 1096
f 1096 1116 1115
f 1471 1078 1119
f 1119 1078 1077
f 1087 1107 1155
f 1155 1107 1158
f 1376 1374 1157
f 1157 1374 1158
f 1076 1075 1374
f 1374 1075 1373
f 1109 1467 1110
f 1110 1467 1472
f 1467 1466 1472
f 1472 1466 1473
f 1135 1475 1114
f 1114 1475 1115
f 1471 1119 1095
f 1095 1119 1116
f 1126 1532 1111
f 1111 1532 1530
f 914 1276 1480
f 1480 1276 1517
f 3127 3128 1223
f 1223 3128 1224
f 824 933 1455
f 1455 933 3129
f 3131 1448 3130
f 3130 1448 1447
f 3132 3133 1452
f 1452 3133 1453
f 3130 1447 1322
f 1322 1447 1455
f 933 1514 3129
f 3129 1514 3134
f 1161 3135 1480
f 1480 3135 1481
f 3128 3136 1224
f 1224 3136 1499
f 3133 1162 1453
f 1453 1162 1517
f 1515 3127 1535
f 1535 3127 1223
f 3095 3085 3131
f 3131 3085 1448
f 3137 3092 3085
f 3085 3092 3086
f 3138 3116 3137
f 3137 3116 3092
f 3110 3109 3117
f 3117 3109 3139
f 3105 3140 3117
f 3117 3140 3118
f 3140 3141 3118
f 3118 3141 3119
f 3142 3120 3141
f 3141 3120 3119
f 1498 3143 1277
f 1277 3143 882
f 3144 3145 1340
f 1340 3145 1339
f 1340 3146 3144
f 3144 3146 3147
f 3145 3144 3143
f 3143 3144 3148
f 871 901 872
f 872 901 1362
f 3149 3148 3147
f 3147 3148 3144
f 1208 3150 1209
f 3098 1786 1781
f 1781 1786 1782
f 2930 2929 3123
f 3123 2929 2911
f 1794 1791 2916
f 2916 1791 2917
f 1793 3101 2918
f 2918 3101 2919
f 1796 1794 2920
f 2920 1794 2916
f 3151 3152 2921
f 2921 3152 2922
f 3153 3154 2923
f 2923 3154 2924
f 2919 3101 2912
f 2912 3101 2913
f 3155 1796 2925
f 2925 1796 2920
f 3154 3156 2924
f 2924 3156 2926
f 1791 1793 2917
f 2917 1793 2918
f 3157 3158 2927
f 2927 3158 2928
f 1780 2930 1781
f 1781 2930 3123
f 2825 1267 1189
f 1189 1267 1190
f 2827 2828 1250
f 1250 2828 1251
f 1489 2830 1324
f 1324 2830 1325
f 923 1328 1334
f 1334 1328 1335
f 1485 2832 1482
f 1482 2832 1483
f 1266 1490 1492
f 1492 1490 1493
f 1333 1346 1334
f 1334 1346 2824
f 722 799 1492
f 1492 799 1190
f 664 657 1482
f 1482 657 2833
f 631 634 1324
f 1324 634 1493
f 2828 1494 1251
f 1251 1494 2835
f 1249 3021 1250
f 1250 3021 2838
f 798 2837 1189
f 1189 2837 2836
f 3100 842 3160
f 3160 842 3159
f 1788 3101 1789
f 1789 3101 1793
f 1792 816 1789
f 1789 816 1790
f 817 816 1795
f 1795 816 1792
f 938 817 1797
f 1797 817 1795
f 1796 3155 1797
f 1797 3155 1798
f 3155 3158 1798
f 1798 3158 1799
f 3157 3152 1801
f 1801 3152 1802
f 3151 3156 1803
f 1803 3156 1804
f 3154 3153 1805
f 1805 3153 1806
f 3153 3161 1806
f 1806 3161 1807
f 3099 843 3100
f 3100 843 842
f 1788 1787 3102
f 3102 1787 3112
f 2910 3115 3124
f 3124 3115 3122
f 3099 3098 3122
f 3122 3098 3124
f 416 1907 3052
f 3052 1907 3071
f 3046 3047 3163
f 3163 3047 3162
f 249 445 259
f 259 445 3164
f 425 3165 424
f 424 3165 461
f 408 410 329
f 329 410 330
f 39 331 40
f 40 331 332
f 305 304 423
f 423 304 464
f 385 254 458
f 458 254 392
f 250 415 251
f 251 415 412
f 233 337 234
f 234 337 3166
f 435 3055 1908
f 1908 3055 3072
f 443 1909 3056
f 3056 1909 3073
f 3167 3049 3057
f 3057 3049 444
f 452 3058 1332
f 1332 3058 3069
f 234 3166 346
f 346 3166 411
f 3046 3163 462
f 462 3163 3059
f 259 3164 260
f 260 3164 336
f 3047 417 3162
f 3162 417 3053
f 463 3168 434
f 434 3168 3054
f 454 830 425
f 425 830 3165
f 3062 3169 3063
f 3063 3169 3170
f 1355 1354 1534
f 1534 1354 3171
f 3063 3170 3068
f 3068 3170 3172
f 574 3061 3062
f 3062 3061 3169
f 1534 3171 1535
f 1535 3171 3173
f 3079 2873 3172
f 3172 2873 3068
f 2838 3025 2839
f 2839 3025 3174
f 3176 3177 3175
f 3175 3177 3178
f 3180 1125 3179
f 3179 1125 1128
f 3182 3183 3181
f 3181 3183 3184
f 1134 3185 1130
f 1130 3185 3182
f 3186 3187 3189
f 3189 3187 3188
f 3191 3189 3190
f 3190 3189 3188
f 1137 1122 3190
f 3190 1122 3192
f 3175 3178 3193
f 3193 3178 3194
f 3181 3184 3179
f 3179 3184 3195
f 3197 3198 3196
f 3196 3198 3180
f 3200 3178 3199
f 3199 3178 3177
f 3202 3196 3201
f 3201 3196 3195
f 3204 3184 3203
f 3203 3184 3183
f 3206 3207 3205
f 3205 3207 3186
f 3205 3186 3208
f 3208 3186 3189
f 3209 3208 3191
f 3191 3208 3189
f 3210 3194 3200
f 3200 3194 3178
f 3201 3195 3204
f 3204 3195 3184
f 3197 3211 3177
f 3177 3211 3199
f 3213 3214 3212
f 3212 3214 3215
f 3217 3218 3216
f 3216 3218 3219
f 3221 3222 3220
f 3220 3222 3223
f 3225 3226 3224
f 3224 3226 3227
f 3229 3230 3228
f 3228 3230 3231
f 3233 3234 3232
f 3232 3234 3235
f 3237 3238 3236
f 3236 3238 3239
f 3238 3240 3239
f 3239 3240 3241
f 3232 3235 3242
f 3242 3235 3243
f 3245 3246 3244
f 3244 3246 3247
f 3248 3249 3245
f 3245 3249 3246
f 3251 3252 3250
f 3250 3252 3253
f 3255 3252 3254
f 3254 3252 3251
f 3256 3257 3259
f 3259 3257 3258
f 3261 3262 3260
f 3260 3262 3263
f 3265 3263 3264
f 3264 3263 3262
f 3256 3259 3266
f 3266 3259 3267
f 3269 3270 3268
f 3268 3270 3271
f 3269 3272 3270
f 3270 3272 3273
f 3274 3275 3277
f 3277 3275 3276
f 3278 3279 3276
f 3276 3279 3277
f 3281 3282 3280
f 3280 3282 3283
f 3280 3284 3281
f 3281 3284 3285
f 3287 3288 3286
f 3286 3288 3289
f 3290 3291 3288
f 3288 3291 3289
f 3234 3218 3235
f 3235 3218 3217
f 3232 3292 3233
f 3233 3292 3293
f 3239 3294 3236
f 3236 3294 3219
f 3233 3293 3237
f 3237 3293 3295
f 3296 3294 3241
f 3241 3294 3239
f 3240 3238 3297
f 3297 3238 3298
f 3217 3216 3235
f 3235 3216 3243
f 3297 3299 3240
f 3240 3299 3242
f 3246 3300 3247
f 3247 3300 3223
f 3301 3302 3254
f 3254 3302 3244
f 3249 3303 3246
f 3246 3303 3300
f 3245 3304 3248
f 3248 3304 3292
f 3252 3221 3253
f 3253 3221 3220
f 3250 3248 3299
f 3299 3248 3292
f 3222 3221 3255
f 3255 3221 3252
f 3297 3301 3251
f 3251 3301 3254
f 3258 3214 3259
f 3259 3214 3213
f 3257 3256 3304
f 3304 3256 3305
f 3263 3306 3260
f 3260 3306 3215
f 3261 3257 3302
f 3302 3257 3304
f 3307 3306 3265
f 3265 3306 3263
f 3262 3301 3264
f 3264 3301 3308
f 3259 3213 3267
f 3267 3213 3212
f 3308 3309 3264
f 3264 3309 3266
f 3270 3310 3271
f 3271 3310 3231
f 3311 3312 3278
f 3278 3312 3268
f 3270 3273 3310
f 3310 3273 3313
f 3272 3269 3305
f 3305 3269 3314
f 3277 3229 3274
f 3274 3229 3228
f 3275 3272 3309
f 3309 3272 3305
f 3279 3230 3277
f 3277 3230 3229
f 3276 3308 3278
f 3278 3308 3311
f 3281 3315 3282
f 3282 3315 3227
f 3290 3316 3283
f 3283 3316 3317
f 3281 3285 3315
f 3315 3285 3318
f 3284 3280 3314
f 3314 3280 3319
f 3289 3225 3286
f 3286 3225 3224
f 3287 3284 3312
f 3284 3314 3312
f 3291 3226 3289
f 3289 3226 3225
f 3288 3311 3290
f 3290 3311 3316
f 3212 3215 3307
f 3307 3215 3306
f 3294 3296 3219
f 3219 3296 3216
f 3303 3220 3300
f 3300 3220 3223
f 3224 3227 3318
f 3318 3227 3315
f 3228 3231 3313
f 3313 3231 3310
f 3234 3233 3236
f 3236 3233 3237
f 3243 3241 3242
f 3242 3241 3240
f 3247 3255 3244
f 3244 3255 3254
f 3253 3249 3250
f 3250 3249 3248
f 3260 3258 3261
f 3261 3258 3257
f 3266 3267 3264
f 3264 3267 3265
f 3268 3271 3278
f 3278 3271 3279
f 3274 3273 3275
f 3275 3273 3272
f 3283 3282 3290
f 3290 3282 3291
f 3286 3285 3287
f 3287 3285 3284
f 3218 3234 3219
f 3219 3234 3236
f 3295 3298 3237
f 3237 3298 3238
f 3216 3296 3243
f 3243 3296 3241
f 3242 3299 3232
f 3232 3299 3292
f 3223 3222 3247
f 3247 3222 3255
f 3244 3302 3245
f 3245 3302 3304
f 3303 3249 3220
f 3220 3249 3253
f 3297 3251 3299
f 3299 3251 3250
f 3215 3214 3260
f 3260 3214 3258
f 3301 3262 3302
f 3302 3262 3261
f 3212 3307 3267
f 3267 3307 3265
f 3266 3309 3256
f 3256 3309 3305
f 3271 3231 3279
f 3279 3231 3230
f 3268 3312 3269
f 3269 3312 3314
f 3228 3313 3274
f 3274 3313 3273
f 3308 3276 3309
f 3309 3276 3275
f 3282 3227 3291
f 3291 3227 3226
f 3317 3319 3283
f 3283 3319 3280
f 3224 3318 3286
f 3286 3318 3285
f 3312 3311 3287
f 3311 3288 3287
f 3320 3321 3194
f 3194 3321 3193
f 1375 3321 1121
f 1121 3321 3322
f 3323 3324 3322
f 3322 3324 3192
f 3175 1124 3176
f 3176 1124 1123
f 3179 3195 3180
f 3180 3195 3196
f 3181 1131 3182
f 3182 1131 1130
f 3207 3185 3186
f 3186 3185 3187
f 1136 3188 1133
f 1133 3188 3187
f 3190 3188 1137
f 1137 3188 1136
f 3193 1159 3175
f 3175 1159 1124
f 3179 1128 3181
f 3181 1128 1131
f 1533 3198 1123
f 1123 3198 3176
f 3321 1375 3193
f 3193 1375 1159
f 3321 3320 3322
f 3322 3320 3323
f 1122 1121 3192
f 3192 1121 3322
f 3194 3210 3320
f 3320 3210 3325
f 3324 3323 3327
f 3327 3323 3326
f 3320 3325 3323
f 3323 3325 3326
f 3208 3328 3205
f 3205 3328 3329
f 3330 3206 3329
f 3329 3206 3205
f 3203 3331 3204
f 3204 3331 3332
f 3210 3333 3325
f 3325 3333 3334
f 3325 3334 3326
f 3326 3334 3335
f 3327 3326 3336
f 3336 3326 3335
f 3327 3209 3324
f 3324 3209 3191
f 3190 3192 3191
f 3191 3192 3324
f 3338 3339 3337
f 3337 3339 3340
f 3338 3341 3339
f 3339 3341 3342
f 3341 3343 3342
f 3342 3343 3344
f 3343 3345 3344
f 3344 3345 3346
f 3345 3347 3346
f 3346 3347 3348
f 3347 3349 3348
f 3348 3349 3350
f 3337 3340 3351
f 3351 3340 3352
f 3351 3352 3353
f 3353 3352 3354
f 3353 3354 3355
f 3355 3354 3356
f 3350 3349 3357
f 3357 3349 3358
f 3355 3356 3359
f 3359 3356 3360
f 3359 3360 3361
f 3361 3360 3362
f 3361 3362 3363
f 3363 3362 3364
f 3363 3364 3358
f 3358 3364 3357
f 3339 3342 3365
f 3365 3342 3366
f 3342 3344 3366
f 3366 3344 3367
f 3344 3346 3367
f 3367 3346 3368
f 3346 3348 3368
f 3368 3348 3369
f 3348 3350 3369
f 3369 3350 3370
f 3368 3369 3371
f 3371 3369 3372
f 3369 3370 3372
f 3372 3370 3373
f 3373 3374 3372
f 3372 3374 3375
f 3377 3378 3376
f 3376 3378 3379
f 3377 3375 3378
f 3378 3375 3374
f 3375 3380 3372
f 3372 3380 3371
f 3377 3381 3375
f 3375 3381 3380
f 3376 3382 3377
f 3377 3382 3381
f 3384 3385 3383
f 3383 3385 3386
f 3384 3383 3388
f 3388 3383 3387
f 3388 3387 3389
f 3389 3387 3390
f 3392 3385 3391
f 3391 3385 3384
f 3388 3393 3384
f 3384 3393 3391
f 3389 3394 3388
f 3388 3394 3393
f 3389 3395 3394
f 3394 3395 3396
f 3395 3389 3397
f 3397 3389 3390
f 3339 3365 3340
f 3340 3365 3398
f 3340 3398 3352
f 3352 3398 3399
f 3371 3400 3368
f 3368 3400 3367
f 3400 3401 3367
f 3367 3401 3366
f 3366 3401 3365
f 3365 3401 3402
f 3398 3365 3403
f 3403 3365 3402
f 3398 3403 3399
f 3399 3403 3404
f 3403 3405 3404
f 3404 3405 3406
f 3352 3399 3354
f 3354 3399 3407
f 3399 3404 3407
f 3407 3404 3408
f 3404 3406 3408
f 3408 3406 3409
f 3405 3410 3406
f 3406 3410 3411
f 3410 3412 3411
f 3411 3412 3413
f 3397 3414 3395
f 3395 3414 3415
f 3417 3415 3416
f 3416 3415 3412
f 3410 3418 3412
f 3412 3418 3416
f 3410 3405 3418
f 3418 3405 3419
f 3405 3403 3419
f 3419 3403 3402
f 3370 3350 3420
f 3420 3350 3357
f 3373 3370 3421
f 3421 3370 3420
f 3374 3373 3422
f 3422 3373 3421
f 3378 3374 3423
f 3423 3374 3422
f 3378 3423 3379
f 3379 3423 3424
f 3424 3425 3379
f 3379 3425 3386
f 3383 3426 3387
f 3387 3426 3427
f 3387 3427 3390
f 3390 3427 3428
f 3390 3428 3397
f 3397 3428 3429
f 3429 3430 3397
f 3397 3430 3414
f 3411 3413 3431
f 3431 3413 3432
f 3406 3411 3409
f 3409 3411 3431
f 3401 3400 3335
f 3335 3400 3336
f 3401 3335 3402
f 3402 3335 3334
f 3402 3334 3419
f 3419 3334 3333
f 3419 3333 3418
f 3418 3333 3433
f 3418 3433 3416
f 3416 3433 3434
f 3435 3417 3434
f 3434 3417 3416
f 3394 3396 3436
f 3436 3396 3437
f 3393 3394 3332
f 3332 3394 3436
f 3393 3332 3391
f 3391 3332 3331
f 3330 3392 3331
f 3331 3392 3391
f 3382 3329 3381
f 3381 3329 3328
f 3354 3407 3356
f 3356 3407 3438
f 3356 3438 3360
f 3360 3438 3439
f 3360 3439 3362
f 3362 3439 3440
f 3362 3440 3364
f 3364 3440 3441
f 3364 3441 3357
f 3357 3441 3420
f 3421 3420 3442
f 3442 3420 3441
f 3442 3441 3443
f 3443 3441 3440
f 3443 3440 3444
f 3444 3440 3439
f 3444 3439 3445
f 3445 3439 3438
f 3445 3438 3408
f 3408 3438 3407
f 3422 3421 3446
f 3446 3421 3442
f 3446 3442 3447
f 3447 3442 3443
f 3447 3443 3448
f 3448 3443 3444
f 3448 3444 3449
f 3449 3444 3445
f 3449 3445 3409
f 3409 3445 3408
f 3409 3431 3449
f 3449 3431 3450
f 3449 3450 3448
f 3448 3450 3451
f 3451 3452 3448
f 3448 3452 3447
f 3447 3452 3446
f 3446 3452 3453
f 3446 3453 3422
f 3422 3453 3423
f 3424 3423 3454
f 3454 3423 3453
f 3452 3455 3453
f 3453 3455 3454
f 3452 3451 3455
f 3455 3451 3456
f 3450 3457 3451
f 3451 3457 3456
f 3431 3432 3450
f 3450 3432 3457
f 3454 3458 3424
f 3424 3458 3425
f 3427 3426 3459
f 3459 3426 3460
f 3428 3427 3461
f 3461 3427 3459
f 3428 3461 3429
f 3429 3461 3462
f 3462 3463 3429
f 3429 3463 3430
f 3464 3465 3462
f 3462 3465 3463
f 3455 3466 3454
f 3454 3466 3458
f 3465 3464 3466
f 3466 3464 3467
f 3461 3459 3468
f 3468 3459 3469
f 3468 3469 3464
f 3464 3469 3467
f 3464 3462 3468
f 3468 3462 3461
f 3459 3460 3469
f 3469 3460 3467
f 3295 3351 3298
f 3298 3351 3353
f 3353 3355 3298
f 3298 3355 3297
f 3297 3355 3301
f 3301 3355 3359
f 3301 3359 3308
f 3308 3359 3361
f 3308 3361 3311
f 3311 3361 3363
f 3311 3363 3316
f 3316 3363 3358
f 3316 3358 3317
f 3317 3358 3349
f 3349 3347 3317
f 3317 3347 3319
f 3347 3345 3319
f 3319 3345 3314
f 3345 3343 3314
f 3314 3343 3305
f 3343 3341 3305
f 3305 3341 3304
f 3304 3341 3292
f 3292 3341 3338
f 3292 3338 3293
f 3293 3338 3337
f 3293 3337 3295
f 3295 3337 3351
f 3437 3202 3436
f 3436 3202 3201
f 3436 3201 3332
f 3332 3201 3204
f 3433 3200 3434
f 3434 3200 3199
f 3211 3435 3199
f 3199 3435 3434
f 3333 3210 3433
f 3433 3210 3200
f 3380 3470 3371
f 3400 3371 3336
f 3336 3371 3470
f 3381 3328 3380
f 3380 3328 3470
f 3470 3328 3209
f 3209 3328 3208
f 3336 3470 3327
f 3327 3470 3209
f 1545 1763 1546
f 1546 1763 1762
f 1403 1546 773
f 773 1546 770
f 1221 3013 1220
f 1220 3013 3471
f 1305 2877 1306
f 1306 2877 2879
f 1220 3471 828
f 828 3471 829
f 1217 1754 3472
f 3472 1754 1756
f 1049 3473 1048
f 1048 3473 3474
f 1371 1179 3473
f 3473 1179 3474
f 1074 3475 1179
f 1179 3475 3474
f 3474 3475 1048
f 1048 3475 1056
f 919 666 1345
f 1345 666 665
f 856 680 919
f 919 680 666
f 679 680 1449
f 1449 680 858
f 1367 878 1500
f 1500 878 877
f 1366 908 1367
f 1367 908 878
f 1512 916 1513
f 1513 916 915
f 947 1368 948
f 948 1368 1369
f 1047 1021 1044
f 1044 1021 1020
f 1370 1049 1019
f 1019 1049 1020
f 1173 1030 1174
f 1174 1030 1033
f 3126 1188 1464
f 1464 1188 1187
f 1800 1451 1512
f 1512 1451 916
f 1175 1174 1186
f 1186 1174 1187
f 1030 1173 1047
f 1047 1173 1021
f 1513 915 3476
f 3476 915 1481
f 1345 665 3477
f 3477 665 1483
f 1502 1501 876
f 876 1501 877
f 1205 1451 1803
f 1803 1451 1802
f 3479 2832 3478
f 3478 2832 2831
f 1449 858 2927
f 2927 858 2922
f 908 1366 947
f 947 1366 1368
f 949 948 3126
f 3126 948 1188
f 3480 3135 1502
f 1502 3135 1501
f 2927 2922 3157
f 3157 2922 3152
f 3477 1483 3479
f 3479 1483 2832
f 1803 1802 3151
f 3151 1802 3152
f 663 658 664
f 664 658 657
f 655 658 939
f 939 658 706
f 1512 870 1800
f 1800 870 869
f 875 874 876
f 876 874 873
f 849 874 905
f 905 874 958
f 949 962 946
f 946 962 961
f 978 3126 979
f 979 3126 1464
f 1031 1168 1032
f 1032 1168 1022
f 1045 1013 1046
f 1046 1013 1012
f 1045 1044 1056
f 1056 1044 1048
f 1047 1046 1030
f 1030 1046 1031
f 939 706 940
f 940 706 1450
f 979 1464 1032
f 1032 1464 1033
f 3480 1478 3476
f 3476 1478 3134
f 2829 1487 2830
f 2830 1487 1486
f 848 1230 873
f 873 1230 1479
f 867 870 933
f 933 870 1514
f 1800 869 1801
f 1801 869 1799
f 2830 1486 1325
f 1325 1486 2833
f 940 1450 2925
f 2925 1450 2928
f 946 961 907
f 907 961 958
f 959 962 977
f 977 962 978
f 3476 3134 1513
f 1513 3134 1514
f 2925 2928 3155
f 3155 2928 3158
f 1325 2833 656
f 656 2833 657
f 1801 1799 3157
f 3157 1799 3158
f 1074 1055 3475
f 3475 1055 1056
f 1371 3473 1370
f 1370 3473 1049
f 2884 615 3481
f 3481 615 618
f 3478 2831 2846
f 2846 2831 617
f 2831 1484 617
f 617 1484 618
f 1484 1487 618
f 618 1487 3481
f 2848 3481 2829
f 2829 3481 1487
f 1480 1517 1161
f 1161 1517 1162
f 3129 1323 1455
f 1455 1323 1322
f 3129 3134 1323
f 1323 3134 1478
f 1535 3173 1515
f 1515 3173 1516
f 3085 3095 3137
f 3137 3095 3094
f 3137 3094 3138
f 3138 3094 3104
f 3117 3139 3105
f 3105 3139 3106
f 1138 1141 3127
f 3127 1141 3128
f 3081 3131 1264
f 1264 3131 3130
f 1227 1226 3132
f 3132 1226 3133
f 1264 3130 1229
f 1229 3130 1322
f 1160 1501 1161
f 1161 1501 3135
f 1141 1476 3128
f 3128 1476 3136
f 1226 1163 3133
f 3133 1163 1162
f 1363 1138 1515
f 1515 1138 3127
f 3084 3095 3081
f 3081 3095 3131
f 3089 884 3105
f 3105 884 3140
f 884 883 3140
f 3140 883 3141
f 883 3482 3141
f 3141 3482 3142
f 3476 1481 3480
f 3480 1481 3135
f 1502 1479 3480
f 3480 1479 1478
f 3168 463 440
f 714 1880 715
f 715 1880 2905
f 896 732 2970
f 2970 732 731
f 1263 834 3082
f 3082 834 833
f 898 1231 853
f 853 1231 854
f 3125 890 2931
f 2931 890 889
f 1237 893 2851
f 2851 893 892
f 898 853 899
f 899 853 963
f 988 987 989
f 989 987 986
f 1002 1007 1003
f 1003 1007 1006
f 1038 1036 1007
f 1007 1036 1004
f 1070 1052 1005
f 1005 1052 1006
f 1069 1067 1070
f 1070 1067 1052
f 1130 1129 1134
f 1134 1129 1135
f 879 1167 880
f 880 1167 1166
f 1171 1169 1037
f 1037 1169 1038
f 1085 1180 1069
f 1069 1180 1067
f 1209 1210 879
f 879 1210 1167
f 2885 1215 1754
f 1754 1215 1214
f 1263 855 834
f 834 855 854
f 708 1244 1826
f 1826 1244 1243
f 2909 894 1254
f 1254 894 893
f 1228 1361 964
f 964 1361 1360
f 2908 2907 1436
f 1436 2907 1437
f 2990 1440 2991
f 2991 1440 1439
f 964 1360 965
f 965 1360 1454
f 950 1457 951
f 951 1457 1456
f 970 1463 971
f 971 1463 1462
f 1025 1169 984
f 984 1169 986
f 1084 1097 1469
f 1469 1097 1470
f 1096 1115 1474
f 1474 1115 1475
f 1140 1361 1141
f 1141 1361 1476
f 1212 1495 2828
f 2828 1495 1494
f 880 1166 1452
f 1452 1166 1499
f 715 2905 1504
f 1504 2905 2906
f 954 1519 955
f 955 1519 1518
f 1026 1520 992
f 992 1520 1518
f 1029 1520 1043
f 1043 1520 1521
f 997 1522 1040
f 1040 1522 1521
f 1015 1522 1016
f 1016 1522 1523
f 1523 996 1524
f 1524 996 1062
f 1057 1060 1525
f 1525 1060 1524
f 1094 1528 1082
f 1082 1528 1527
f 1526 1528 1089
f 1089 1528 1529
f 1090 1531 1108
f 1108 1531 1530
f 1125 1533 1126
f 1126 1533 1532
f 3483 1755 727
f 727 1755 1214
f 735 1814 707
f 707 1814 1813
f 2891 1834 1246
f 1246 1834 1243
f 2904 1881 1847
f 1847 1881 1848
f 1852 1855 1853
f 1853 1855 1858
f 1902 2903 1877
f 1877 2903 1878
f 2903 2904 1878
f 1878 2904 1847
f 714 713 1848
f 1848 713 1849
f 1440 2990 1883
f 1883 2990 2989
f 1883 2989 1852
f 1852 2989 1855
f 2895 1888 2892
f 2892 1888 1887
f 774 777 1877
f 1877 777 1903
f 1251 2835 1252
f 1252 2835 2834
f 1213 2844 1212
f 1212 2844 1495
f 2851 892 1213
f 1213 892 2844
f 3123 2911 3124
f 3124 2911 2910
f 887 2929 888
f 888 2929 889
f 1435 2963 1436
f 1436 2963 2961
f 1253 1438 1254
f 1254 1438 1437
f 2970 731 735
f 735 731 1814
f 733 732 2885
f 2885 732 1215
f 2901 2902 2976
f 2976 2902 2977
f 2975 2982 2976
f 2976 2982 2979
f 2899 2900 2981
f 2981 2900 2979
f 2899 2981 2898
f 2898 2981 2983
f 2986 2985 2984
f 2984 2985 2983
f 2897 2985 2896
f 2896 2985 2988
f 2991 1439 2987
f 2987 1439 2988
f 777 2978 1903
f 1903 2978 2977
f 1885 1888 1858
f 1858 1888 1853
f 3090 3088 836
f 836 3088 833
f 3083 3088 3097
f 3097 3088 3096
f 3097 3096 3104
f 3104 3096 3106
f 3111 3116 3108
f 3108 3116 3109
f 3112 3111 3114
f 3114 3111 3108
f 3113 3122 3114
f 3114 3122 3115
f 891 890 2837
f 2837 890 2834
f 951 1456 954
f 954 1456 1519
f 967 1457 936
f 936 1457 1454
f 971 1462 902
f 902 1462 963
f 1461 1463 988
f 988 1463 987
f 1466 1468 1474
f 1474 1468 1470
f 1089 1529 1090
f 1090 1529 1531
f 1184 1181 1469
f 1469 1181 1180
f 1082 1527 1061
f 1061 1527 1525
f 1129 1473 1135
f 1135 1473 1475
f 1108 1530 1105
f 1105 1530 1532
f 1452 1499 3132
f 3132 1499 3136
f 3109 3116 3139
f 3139 3116 3138
f 2912 2911 887
f 887 2911 2929
f 2836 2835 1497
f 1497 2835 1494
f 2913 3102 2910
f 2910 3102 3115
f 1133 3187 1134
f 1134 3187 3185
f 3177 3176 3197
f 3197 3176 3198
f 3203 3183 3206
f 3206 3183 3207
f 3196 3202 3197
f 3197 3202 3211
f 3183 3182 3207
f 3207 3182 3185
f 1125 3180 1533
f 1533 3180 3198
f 3331 3203 3330
f 3330 3203 3206
f 3376 3379 3385
f 3385 3379 3386
f 3382 3376 3392
f 3392 3376 3385
f 3412 3415 3413
f 3413 3415 3414
f 3417 3396 3415
f 3415 3396 3395
f 3383 3386 3426
f 3426 3386 3425
f 3413 3414 3432
f 3432 3414 3430
f 3437 3396 3435
f 3435 3396 3417
f 3329 3382 3330
f 3330 3382 3392
f 3426 3425 3460
f 3460 3425 3458
f 3432 3430 3457
f 3457 3430 3463
f 3457 3463 3456
f 3456 3463 3465
f 3460 3458 3467
f 3467 3458 3466
f 3466 3455 3465
f 3465 3455 3456
f 3202 3437 3211
f 3211 3437 3435
f 3104 3106 3138
f 3138 3106 3139
f 3132 3136 1227
f 1227 3136 1476
f 943 687 600
f 600 687 601
f 596 625 667
f 667 625 1297
f 687 686 601
f 601 686 653
f 1319 784 711
f 711 784 712
f 1811 607 783
f 783 607 712
f 862 921 917
f 917 921 920
f 3478 925 3479
f 3479 925 924
f 2846 926 3478
f 3478 926 925
f 659 662 929
f 929 662 930
f 856 921 857
f 857 921 1204
f 1206 864 1207
f 1207 864 863
f 2876 1219 2877
f 2877 1219 1218
f 667 1297 593
f 593 1297 1296
f 917 920 1333
f 1333 920 1346
f 686 693 653
f 653 693 930
f 1277 913 1498
f 1498 913 1207
f 592 1536 610
f 610 1536 711
f 864 1206 1805
f 1805 1206 1804
f 1317 1536 1900
f 1900 1536 1809
f 1900 1809 1295
f 1295 1809 1296
f 3479 924 3477
f 3477 924 2824
f 927 926 1203
f 1203 926 2847
f 3484 2859 3032
f 3032 2859 3033
f 3472 2878 1217
f 1217 2878 1218
f 2889 2888 2880
f 2880 2888 2881
f 2886 2883 2887
f 2887 2883 2882
f 929 928 2847
f 2847 928 1203
f 857 1204 2921
f 2921 1204 2926
f 1820 1819 2882
f 2882 1819 2881
f 1821 2883 2876
f 2876 2883 1219
f 782 2889 783
f 783 2889 2880
f 1352 3034 1353
f 1353 3034 3033
f 3031 3034 3041
f 3041 3034 3043
f 944 943 3043
f 3043 943 600
f 1339 3145 1498
f 1498 3145 3143
f 1208 882 3148
f 3148 882 3143
f 2921 2926 3151
f 3151 2926 3156
f 3477 2824 1345
f 1345 2824 1346
f 1805 1804 3154
f 3154 1804 3156
f 886 3103 883
f 883 3103 3482
f 841 1248 3485
f 3485 1248 3121
f 2811 2819 2812
f 2812 2819 2816
f 2818 2815 2817
f 2817 2815 2806
f 2817 2816 2818
f 2818 2816 2819
f 2793 2795 2819
f 2819 2795 2818
f 243 352 2793
f 2793 352 2795
f 242 353 243
f 243 353 352
f 359 191 242
f 242 191 353
f 247 192 359
f 359 192 191
f 157 193 247
f 247 193 192
f 156 194 157
f 157 194 193
f 378 261 156
f 156 261 194
f 378 381 261
f 261 381 195
f 195 381 196
f 196 381 376
f 196 376 198
f 198 376 375
f 375 1776 198
f 198 1776 197
f 1776 1767 197
f 197 1767 274
f 181 274 199
f 199 274 1767
f 568 566 564
f 564 566 563
f 568 569 566
f 566 569 567
f 501 1773 1771
f 1771 1773 578
f 547 579 1773
f 1773 579 578
f 3486 470 474
f 474 470 469
f 450 582 3487
f 3487 582 3488
f 582 583 3488
f 3488 583 3489
f 583 584 3489
f 3489 584 3490
f 3490 584 3491
f 3491 584 543
f 470 3486 466
f 466 3486 467
f 3489 3490 503
f 503 3490 504
f 503 3492 3489
f 3489 3492 3488
f 3492 503 3493
f 3493 503 502
f 3495 3492 3494
f 3494 3492 3493
f 3487 3488 3495
f 3495 3488 3492
f 468 1774 465
f 465 1774 570
f 3494 3493 1775
f 1775 3493 1771
f 3490 3491 504
f 504 3491 1772
f 3491 543 1772
f 1772 543 548
f 450 3487 474
f 474 3487 3486
f 3495 467 3487
f 3487 467 3486
f 3494 468 3495
f 3495 468 467
f 468 3494 1774
f 1774 3494 1775
f 501 1771 502
f 502 1771 3493
f 527 366 384
f 384 366 365
f 522 524 527
f 527 524 366
f 521 534 522
f 522 534 524
f 530 535 521
f 521 535 534
f 508 486 513
f 513 486 532
f 513 532 541
f 541 532 535
f 667 668 596
f 596 668 597
f 1294 1297 624
f 624 1297 625
f 603 641 604
f 604 641 640
f 1290 1293 650
f 650 1293 651
f 1758 691 660
f 660 691 661
f 602 671 599
f 599 671 670
f 654 662 690
f 690 662 661
f 2856 598 695
f 695 598 597
f 602 654 671
f 671 654 690
f 604 640 676
f 676 640 704
f 1826 1829 708
f 708 1829 709
f 1288 1284 740
f 740 1284 741
f 755 754 758
f 758 754 759
f 2853 2856 932
f 932 2856 695
f 689 691 1192
f 1192 691 1193
f 784 1319 1240
f 1240 1319 1241
f 1813 1816 1244
f 1244 1816 1245
f 754 1288 759
f 759 1288 740
f 1894 1242 1318
f 1318 1242 1241
f 2867 1348 1418
f 1418 1348 1347
f 676 704 673
f 673 704 1347
f 1284 1287 741
f 741 1287 1419
f 1421 1426 1422
f 1422 1426 1425
f 1758 660 615
f 615 660 616
f 1192 1191 1421
f 1421 1191 1426
f 2962 1839 1504
f 1504 1839 1505
f 941 1194 1759
f 1759 1194 1193
f 1287 1537 1419
f 1419 1537 1760
f 1882 2893 1823
f 1823 2893 1824
f 1886 1891 1827
f 1827 1891 1828
f 1887 1886 1834
f 1834 1886 1827
f 1841 716 1838
f 1838 716 1505
f 782 784 1850
f 1850 784 1240
f 1239 1242 1863
f 1863 1242 1864
f 1242 1894 1864
f 1864 1894 1873
f 1822 1239 1823
f 1823 1239 1863
f 1318 1317 1895
f 1895 1317 1900
f 1894 1896 1873
f 1873 1896 1897
f 1291 1896 1292
f 1292 1896 1895
f 605 1898 606
f 606 1898 1897
f 1258 1257 2854
f 2854 1257 2855
f 1257 1351 2855
f 2855 1351 2857
f 1351 1353 2857
f 2857 1353 2858
f 1353 3033 2858
f 2858 3033 2859
f 2860 2861 3036
f 3036 2861 3037
f 2862 2863 2870
f 2870 2863 3039
f 2870 2869 2862
f 2862 2869 2864
f 2868 2865 2869
f 2869 2865 2864
f 1764 2866 2868
f 2868 2866 2865
f 1537 1199 1760
f 1760 1199 1348
f 615 2884 1758
f 1758 2884 1759
f 1825 1246 2890
f 2890 1246 1245
f 2893 2892 1824
f 1824 2892 2891
f 761 2960 758
f 758 2960 2906
f 3000 2943 2940
f 2940 2943 2941
f 2968 710 2950
f 2950 710 709
f 1764 1423 2866
f 2866 1423 2953
f 1423 645 2953
f 2953 645 2954
f 645 644 2954
f 2954 644 2955
f 644 738 2955
f 2955 738 2956
f 738 764 2956
f 2956 764 2957
f 764 763 2957
f 2957 763 2958
f 763 2908 2958
f 2958 2908 2959
f 2908 1436 2959
f 2959 1436 2961
f 1837 2964 1435
f 1435 2964 2963
f 1837 2937 2964
f 2964 2937 2965
f 2936 2968 2966
f 2966 2968 2950
f 1840 2942 1838
f 1838 2942 2941
f 2939 2949 2940
f 2940 2949 3006
f 2939 2942 2966
f 2966 2942 2965
f 1822 1825 1850
f 1850 1825 2890
f 1891 3005 1828
f 1828 3005 3006
f 3035 3038 3045
f 3045 3038 3042
f 3045 3044 3035
f 3035 3044 3040
f 669 1422 3045
f 3045 1422 3044
f 599 670 3041
f 3041 670 3042
f 931 3067 932
f 932 3067 3065
f 2853 3066 2854
f 2854 3066 3076
f 3067 3496 3065
f 3065 3496 3497
f 3066 3498 3076
f 3076 3498 3499
f 707 1813 708
f 708 1813 1244
f 2960 2962 2906
f 2906 2962 1504
f 2892 1887 2891
f 2891 1887 1834
f 1839 2962 2963
f 2963 2962 2961
f 595 626 596
f 596 626 625
f 623 626 3484
f 3484 626 2859
f 1291 1290 606
f 606 1290 603
f 1290 650 603
f 603 650 641
f 641 650 642
f 642 650 649
f 2860 2863 649
f 649 2863 642
f 3036 3039 2860
f 2860 3039 2863
f 3035 3040 3036
f 3036 3040 3039
f 1294 1293 1295
f 1295 1293 1292
f 624 651 1294
f 1294 651 1293
f 623 652 624
f 624 652 651
f 3484 2861 623
f 623 2861 652
f 3032 3037 3484
f 3484 3037 2861
f 3031 3038 3032
f 3032 3038 3037
f 3481 2848 2884
f 2884 2848 942
f 2846 617 1427
f 1427 617 616
f 3049 3167 3048
f 3048 3167 3500
f 1906 3048 3070
f 3070 3048 3500
f 1337 1768 3501
f 3501 1768 3502
f 3020 3503 3021
f 3021 3503 3024
f 2914 3023 3020
f 3020 3023 3503
f 859 1770 860
f 860 1770 3504
f 1336 3505 1768
f 1768 3505 3502
f 3065 3497 3066
f 3066 3497 3498
f 2814 3075 3067
f 3067 3075 3496
f 2839 3174 766
f 766 3174 3017
f 1337 3501 1338
f 1338 3501 1769
f 767 3018 3026
f 3026 3018 3506
f 3076 3499 3064
f 3064 3499 3507
f 727 730 3483
f 3483 730 3030
f 3064 3507 2871
f 2871 3507 3077
f 3100 3160 1786
f 1786 3160 1784
f 3026 3506 752
f 752 3506 3015
f 860 3504 2923
f 2923 3504 3508
f 753 3016 3027
f 3027 3016 3509
f 3027 3509 3008
f 3008 3509 3028
f 1782 1785 1783
f 1783 1785 3022
f 2923 3508 3153
f 3153 3508 3161
f 3148 3149 1208
f 1208 3149 3150
f 1335 1328 3510
f 3510 1328 1327
f 1336 1335 3505
f 3505 1335 3510
f 866 3511 1340
f 1340 3511 3146
f 865 1808 866
f 866 1808 3511
f 842 841 3159
f 3159 841 3485
f 2849 3512 1329
f 1329 3512 1326
f 1202 1331 2849
f 2849 1331 3512
f 3514 3515 3513
f 3513 3515 3516
f 3518 3516 3517
f 3517 3516 3515
f 3519 3520 3514
f 3514 3520 3515
f 3522 3523 3521
f 3521 3523 3524
f 3526 3527 3525
f 3525 3527 3528
f 3530 3531 3529
f 3529 3531 3532
f 3534 3535 3533
f 3533 3535 3536
f 3529 3532 3537
f 3537 3532 3538
f 3537 3539 3529
f 3529 3539 3540
f 3542 3543 3541
f 3541 3543 3544
f 3546 3547 3545
f 3545 3547 3548
f 3550 3534 3549
f 3549 3534 3533
f 3550 3543 3551
f 3551 3543 3552
f 3537 3545 3539
f 3539 3545 3548
f 3553 3554 3556
f 3556 3554 3555
f 3537 3557 3545
f 3545 3557 3546
f 3558 3559 3561
f 3561 3559 3560
f 3563 3564 3562
f 3562 3564 3565
f 3564 3563 3566
f 3566 3563 3567
f 3569 3570 3568
f 3568 3570 3571
f 3573 3574 3572
f 3572 3574 3575
f 3577 3578 3576
f 3576 3578 3579
f 3581 3582 3580
f 3580 3582 3583
f 3585 3586 3584
f 3584 3586 3579
f 3586 3587 3579
f 3579 3587 3576
f 3589 3590 3588
f 3588 3590 3591
f 3592 3593 3595
f 3595 3593 3594
f 3597 3598 3596
f 3596 3598 3595
f 3583 3600 3599
f 3599 3600 3601
f 3603 3599 3602
f 3602 3599 3601
f 3605 3606 3604
f 3604 3606 3607
f 3608 3555 3596
f 3596 3555 3554
f 3597 3610 3609
f 3609 3610 3565
f 3564 3611 3565
f 3565 3611 3609
f 3611 3564 3612
f 3612 3564 3566
f 3613 3614 3569
f 3569 3614 3570
f 3615 3616 3573
f 3573 3616 3574
f 3517 3617 3518
f 3518 3617 3618
f 3620 3621 3619
f 3619 3621 3622
f 3624 3625 3623
f 3623 3625 3626
f 3628 3629 3627
f 3627 3629 3630
f 3632 3633 3631
f 3631 3633 3634
f 3636 3637 3635
f 3635 3637 3638
f 3640 3641 3639
f 3639 3641 3642
f 3643 3644 3639
f 3639 3644 3640
f 3646 3513 3645
f 3645 3513 3647
f 3648 3514 3646
f 3646 3514 3513
f 3649 3519 3648
f 3648 3519 3514
f 3650 3651 3527
f 3527 3651 3652
f 3654 3651 3653
f 3653 3651 3650
f 3568 3571 3655
f 3655 3571 3656
f 3657 3658 3653
f 3653 3658 3659
f 3661 3662 3660
f 3660 3662 3658
f 3664 3665 3663
f 3663 3665 3666
f 3667 3657 3650
f 3650 3657 3653
f 3669 3523 3668
f 3668 3523 3670
f 3672 3673 3671
f 3671 3673 3674
f 3676 3677 3675
f 3675 3677 3678
f 3671 3674 3676
f 3676 3674 3677
f 3680 3681 3679
f 3679 3681 3682
f 3683 3684 3680
f 3680 3684 3681
f 3685 3686 3661
f 3661 3686 3662
f 3686 3687 3662
f 3662 3687 3688
f 3684 3683 3689
f 3689 3683 3690
f 3692 3693 3691
f 3691 3693 3694
f 3691 3694 3695
f 3695 3694 3696
f 3698 3699 3697
f 3697 3699 3700
f 3702 3703 3701
f 3701 3703 3704
f 3705 3706 3519
f 3519 3706 3520
f 3673 3672 3707
f 3707 3672 3708
f 3709 3710 3682
f 3682 3710 3679
f 3711 3712 3692
f 3692 3712 3693
f 3714 3715 3713
f 3713 3715 3716
f 3718 3700 3717
f 3717 3700 3699
f 3720 3721 3719
f 3719 3721 3722
f 3724 3725 3723
f 3723 3725 3726
f 3727 3728 3730
f 3730 3728 3729
f 3722 3721 3731
f 3731 3721 3732
f 3697 3700 3733
f 3733 3700 3714
f 3733 3714 3734
f 3734 3714 3713
f 3721 3723 3732
f 3732 3723 3735
f 3720 3736 3724
f 3724 3736 3737
f 3700 3718 3714
f 3714 3718 3715
f 3717 3699 3738
f 3738 3699 3739
f 3536 3740 3533
f 3533 3740 3540
f 3742 3743 3741
f 3741 3743 3744
f 3746 3747 3745
f 3745 3747 3748
f 3750 3751 3749
f 3749 3751 3752
f 3627 3632 3628
f 3628 3632 3631
f 3754 3755 3753
f 3753 3755 3626
f 3562 3565 3756
f 3756 3565 3610
f 3527 3652 3528
f 3528 3652 3757
f 3758 3524 3669
f 3669 3524 3523
f 3582 3598 3583
f 3583 3598 3600
f 3759 3670 3522
f 3522 3670 3523
f 3675 3678 3760
f 3760 3678 3761
f 3762 3763 3690
f 3690 3763 3689
f 3765 3766 3764
f 3764 3766 3767
f 3768 3739 3698
f 3698 3739 3699
f 3726 3725 3770
f 3770 3725 3769
f 3645 3647 3771
f 3771 3647 3772
f 3645 3678 3646
f 3646 3678 3677
f 3646 3677 3648
f 3648 3677 3674
f 3673 3649 3674
f 3674 3649 3648
f 3707 3773 3673
f 3673 3773 3649
f 3775 3776 3774
f 3774 3776 3777
f 3779 3526 3778
f 3778 3526 3525
f 3526 3779 3667
f 3667 3779 3780
f 3780 3781 3667
f 3667 3781 3657
f 3672 3679 3708
f 3708 3679 3710
f 3671 3680 3672
f 3672 3680 3679
f 3676 3683 3671
f 3671 3683 3680
f 3675 3690 3676
f 3676 3690 3683
f 3760 3762 3675
f 3675 3762 3690
f 3682 3681 3783
f 3783 3681 3782
f 3689 3784 3684
f 3684 3784 3785
f 3684 3785 3681
f 3681 3785 3782
f 3786 3709 3783
f 3783 3709 3682
f 3784 3689 3787
f 3787 3689 3763
f 3789 3557 3788
f 3788 3557 3790
f 3792 3793 3791
f 3791 3793 3794
f 3616 3615 3795
f 3795 3615 3796
f 3797 3798 3727
f 3727 3798 3728
f 3800 3801 3799
f 3799 3801 3802
f 3803 3578 3592
f 3592 3578 3593
f 3805 3806 3804
f 3804 3806 3807
f 3599 3603 3585
f 3585 3603 3586
f 3587 3586 3604
f 3604 3586 3603
f 3588 3591 3794
f 3794 3591 3791
f 3581 3803 3582
f 3582 3803 3592
f 3594 3561 3608
f 3608 3561 3790
f 3662 3688 3808
f 3808 3688 3809
f 3665 3664 3810
f 3810 3664 3811
f 3719 3812 3720
f 3720 3812 3736
f 3717 3813 3718
f 3718 3813 3737
f 3723 3721 3724
f 3724 3721 3720
f 3813 3717 3814
f 3814 3717 3738
f 3815 3816 303
f 303 3816 304
f 3818 3819 3817
f 3817 3819 3820
f 3578 3803 3579
f 3579 3803 3584
f 3558 3593 3577
f 3577 3593 3578
f 3822 3823 3821
f 3821 3823 3824
f 3546 3826 3825
f 3825 3826 3827
f 3828 3829 3547
f 3547 3829 3541
f 3831 3542 3830
f 3830 3542 3832
f 3834 3822 3833
f 3833 3822 3821
f 3835 3836 3827
f 3827 3836 3825
f 3800 3799 3828
f 3828 3799 3829
f 3830 3832 3837
f 3837 3832 3838
f 331 330 3551
f 3551 330 3839
f 3831 333 3552
f 3552 333 332
f 3819 3797 3841
f 3841 3797 3840
f 3513 3516 3647
f 3647 3516 3746
f 337 336 3745
f 3745 336 3772
f 3525 3528 3775
f 3775 3528 3749
f 3610 3597 3554
f 3554 3597 3596
f 3706 3702 3520
f 3520 3702 3701
f 3756 3610 3553
f 3553 3610 3554
f 3757 3750 3528
f 3528 3750 3749
f 3517 3515 3701
f 3701 3515 3520
f 3842 3584 3581
f 3581 3584 3803
f 3525 3775 3778
f 3778 3775 3774
f 3638 3843 3635
f 3635 3843 3618
f 3617 3621 3618
f 3618 3621 3635
f 3617 3517 3704
f 3704 3517 3701
f 3521 3624 3522
f 3522 3624 3623
f 3749 3844 3775
f 3775 3844 3776
f 3846 3847 3845
f 3845 3847 3848
f 3843 3747 3618
f 3618 3747 3518
f 3850 3851 3849
f 3849 3851 3748
f 3853 3854 3852
f 3852 3854 3855
f 3856 3857 3622
f 3622 3857 3619
f 3859 3860 3858
f 3858 3860 3861
f 3862 3844 3752
f 3752 3844 3749
f 3863 3759 3623
f 3623 3759 3522
f 3864 3777 3630
f 3630 3777 3776
f 3713 3865 3734
f 3734 3865 3866
f 3868 3869 3867
f 3867 3869 3870
f 3872 3873 3871
f 3871 3873 3874
f 3876 3877 3875
f 3875 3877 3878
f 3879 3880 3878
f 3878 3880 3881
f 3882 3883 3885
f 3885 3883 3884
f 3780 3886 3781
f 3781 3886 3887
f 3888 3685 3869
f 3869 3685 3661
f 3880 3879 3883
f 3883 3879 3884
f 3693 3783 3694
f 3694 3783 3782
f 3696 3785 3764
f 3764 3785 3784
f 3694 3782 3696
f 3696 3782 3785
f 3693 3786 3783
f 3787 3765 3784
f 3784 3765 3764
f 386 385 3765
f 3765 385 3766
f 3695 3889 3691
f 3691 3889 3890
f 3691 3890 3692
f 3692 3890 3891
f 3892 3711 3891
f 3891 3711 3692
f 3767 3893 3695
f 3695 3893 3889
f 3766 3894 3767
f 3767 3894 3893
f 3882 3885 3895
f 3895 3885 3896
f 3898 3698 3897
f 3897 3698 3697
f 3897 3697 3899
f 3899 3697 3733
f 3899 3733 3900
f 3900 3733 3734
f 3901 3768 3898
f 3898 3768 3698
f 3901 3902 3768
f 3768 3902 3903
f 3904 3905 3907
f 3907 3905 3906
f 3869 3661 3870
f 3870 3661 3660
f 3908 3909 3896
f 3896 3909 3895
f 3909 3758 3895
f 3895 3758 3669
f 3751 3531 3752
f 3752 3531 3848
f 3858 3536 3854
f 3854 3536 3535
f 3652 3562 3757
f 3757 3562 3756
f 3651 3654 3563
f 3563 3654 3567
f 3655 3656 3808
f 3808 3656 3659
f 3530 3740 3845
f 3845 3740 3861
f 3751 3750 3556
f 3556 3750 3553
f 3817 3820 3796
f 3796 3820 3795
f 410 409 3910
f 3910 409 3855
f 3750 3757 3553
f 3553 3757 3756
f 3908 3886 3909
f 3909 3886 3780
f 409 411 3855
f 3855 411 3851
f 413 412 3760
f 3760 412 3762
f 415 414 3763
f 3763 414 3787
f 3790 3557 3538
f 3538 3557 3537
f 3555 3608 3538
f 3538 3608 3790
f 3574 3911 3575
f 3575 3911 3912
f 3535 3534 3910
f 3910 3534 3839
f 3831 3552 3542
f 3542 3552 3543
f 3534 3550 3839
f 3839 3550 3551
f 3543 3550 3544
f 3544 3550 3549
f 3913 3914 3916
f 3916 3914 3915
f 3806 3805 3589
f 3589 3805 3590
f 3849 3843 3917
f 3917 3843 3638
f 3853 3644 3859
f 3859 3644 3742
f 3747 3746 3518
f 3518 3746 3516
f 3695 3696 3767
f 3767 3696 3764
f 3903 3918 3768
f 3768 3918 3739
f 3738 3739 3816
f 3816 3739 3918
f 3919 3920 3769
f 3769 3920 3770
f 3921 3726 3922
f 3922 3726 3770
f 3678 3645 3761
f 3761 3645 3771
f 3924 3913 3923
f 3923 3913 3916
f 3802 3925 3838
f 3838 3925 3837
f 3577 3926 3558
f 3558 3926 3559
f 3815 3919 3814
f 3814 3919 3769
f 3927 3928 3822
f 3822 3928 3823
f 3829 3832 3541
f 3541 3832 3542
f 3834 3927 3822
f 3832 3829 3838
f 3838 3829 3799
f 3745 3772 3746
f 3746 3772 3647
f 3849 3748 3843
f 3843 3748 3747
f 3854 3853 3858
f 3858 3853 3859
f 3854 3535 3855
f 3855 3535 3910
f 3557 3789 3546
f 3546 3789 3826
f 3923 3823 3924
f 3924 3823 3928
f 3823 3923 3929
f 3929 3923 3930
f 3531 3751 3532
f 3532 3751 3556
f 3532 3556 3538
f 3538 3556 3555
f 3932 3634 3931
f 3931 3634 3633
f 3814 3769 3813
f 3813 3769 3725
f 3620 3636 3621
f 3621 3636 3635
f 3847 3862 3848
f 3848 3862 3752
f 3531 3530 3848
f 3848 3530 3845
f 3933 3934 3830
f 3830 3934 3831
f 3925 3933 3837
f 3837 3933 3830
f 3934 440 3831
f 3831 440 333
f 3925 3802 3833
f 3833 3802 3801
f 3776 3844 3630
f 3630 3844 3627
f 3808 3659 3662
f 3662 3659 3658
f 3667 3650 3526
f 3526 3650 3527
f 3935 3666 3936
f 3936 3666 3665
f 3718 3737 3715
f 3715 3737 3736
f 3663 3809 3664
f 3664 3809 3688
f 3807 3806 3938
f 3938 3806 3937
f 445 413 3761
f 3761 413 3760
f 3902 447 3903
f 3903 447 446
f 3897 3890 3898
f 3898 3890 3889
f 3899 3891 3897
f 3897 3891 3890
f 3898 3889 3901
f 3901 3889 3893
f 3893 3894 3901
f 3901 3894 3902
f 414 386 3787
f 3787 386 3765
f 3940 3941 3939
f 3939 3941 3942
f 3840 3797 3943
f 3943 3797 3727
f 3665 3810 3936
f 3936 3810 3944
f 3921 3735 3726
f 3726 3735 3723
f 3920 3945 3770
f 3770 3945 3922
f 3521 3524 3774
f 3774 3524 3778
f 3864 3946 3625
f 3625 3946 3947
f 3773 3705 3649
f 3649 3705 3519
f 3779 3778 3758
f 3758 3778 3524
f 3812 3716 3736
f 3736 3716 3715
f 3624 3521 3777
f 3777 3521 3774
f 3703 3856 3704
f 3704 3856 3622
f 3900 3892 3899
f 3899 3892 3891
f 3641 3917 3642
f 3642 3917 3948
f 3895 3669 3882
f 3882 3669 3668
f 3855 3851 3852
f 3852 3851 3850
f 3894 458 3902
f 3902 458 447
f 3781 3887 3660
f 3660 3887 3870
f 3570 3566 3571
f 3571 3566 3567
f 3950 3576 3949
f 3949 3576 3587
f 3605 3602 3614
f 3614 3602 3612
f 3614 3612 3570
f 3570 3612 3566
f 3571 3567 3656
f 3656 3567 3654
f 3660 3658 3781
f 3781 3658 3657
f 3604 3607 3587
f 3587 3607 3949
f 3653 3659 3654
f 3654 3659 3656
f 3529 3540 3530
f 3530 3540 3740
f 3687 3811 3688
f 3688 3811 3664
f 3813 3725 3737
f 3737 3725 3724
f 3919 3815 461
f 461 3815 303
f 3818 3798 3819
f 3819 3798 3797
f 3819 3841 3820
f 3820 3841 3951
f 3816 3815 3738
f 3738 3815 3814
f 3540 3539 3533
f 3533 3539 3549
f 3548 3547 3544
f 3544 3547 3541
f 3539 3548 3549
f 3549 3548 3544
f 3741 3931 3860
f 3860 3931 3846
f 3801 3800 3835
f 3835 3800 3836
f 3934 3933 3824
f 3824 3933 3821
f 3825 3828 3546
f 3546 3828 3547
f 3833 3821 3925
f 3925 3821 3933
f 3800 3828 3836
f 3836 3828 3825
f 3824 3952 3934
f 3934 3952 440
f 3860 3846 3861
f 3861 3846 3845
f 3629 3946 3630
f 3630 3946 3864
f 3740 3536 3861
f 3861 3536 3858
f 3833 3801 3834
f 3834 3801 3835
f 3583 3599 3580
f 3580 3599 3585
f 3651 3563 3652
f 3652 3563 3562
f 3758 3909 3779
f 3779 3909 3780
f 3621 3617 3622
f 3622 3617 3704
f 3625 3947 3626
f 3626 3947 3753
f 3633 3632 3847
f 3847 3632 3862
f 3852 3850 3640
f 3640 3850 3641
f 3644 3853 3640
f 3640 3853 3852
f 3859 3742 3860
f 3860 3742 3741
f 3632 3627 3862
f 3862 3627 3844
f 3755 3863 3626
f 3626 3863 3623
f 3917 3638 3948
f 3948 3638 3637
f 3644 3643 3742
f 3742 3643 3743
f 3931 3633 3846
f 3846 3633 3847
f 3625 3624 3864
f 3864 3624 3777
f 3917 3641 3849
f 3849 3641 3850
f 3744 3932 3741
f 3741 3932 3931
f 3903 446 3918
f 3918 446 464
f 3953 3954 3956
f 3956 3954 3955
f 3958 3959 3957
f 3957 3959 3960
f 3876 3958 3877
f 3877 3958 3957
f 3877 3957 3961
f 3961 3957 3962
f 3963 3964 3958
f 3958 3964 3959
f 3965 3966 3876
f 3876 3966 3958
f 3966 3963 3958
f 3966 3967 3963
f 3963 3967 3968
f 3878 3877 3879
f 3879 3877 3961
f 3967 3969 3968
f 3968 3969 3970
f 3969 3971 3970
f 3970 3971 3972
f 3974 3904 3973
f 3973 3904 3907
f 3971 3975 3972
f 3972 3975 3976
f 3976 3975 3978
f 3978 3975 3977
f 3979 3980 3977
f 3977 3980 3978
f 3981 3982 3979
f 3979 3982 3980
f 3983 3984 3981
f 3981 3984 3982
f 3972 3985 3970
f 3970 3985 3986
f 3871 3987 3969
f 3969 3987 3971
f 3872 3871 3967
f 3967 3871 3969
f 3965 3872 3966
f 3966 3872 3967
f 3970 3986 3968
f 3968 3986 3988
f 3879 3961 3884
f 3884 3961 3940
f 3884 3940 3885
f 3885 3940 3939
f 3989 3990 3992
f 3992 3990 3991
f 3942 3993 3995
f 3995 3993 3994
f 3994 3996 3995
f 3995 3996 3974
f 3997 3998 3994
f 3994 3998 3996
f 3999 3997 3993
f 3993 3997 3994
f 4001 3996 4000
f 4000 3996 3998
f 4000 3998 4002
f 4002 3998 4003
f 4004 4003 3997
f 3997 4003 3998
f 3997 3999 4004
f 4004 3999 4005
f 4006 3995 3973
f 3973 3995 3974
f 3939 3942 4006
f 4006 3942 3995
f 3906 3887 3907
f 3907 3887 3886
f 3887 3906 3870
f 3870 3906 3867
f 3908 3973 3886
f 3886 3973 3907
f 3865 4007 3866
f 3866 4007 4008
f 3984 3983 4009
f 4009 3983 4010
f 3961 3962 3940
f 3940 3962 3941
f 4012 3868 4011
f 4011 3868 3867
f 4013 3975 3987
f 3987 3975 3971
f 4014 3977 4013
f 4013 3977 3975
f 4015 4010 4007
f 4007 4010 3983
f 4007 3983 4008
f 4008 3983 3981
f 4008 3981 4016
f 4016 3981 3979
f 4017 3984 4018
f 4018 3984 4009
f 3977 4014 3979
f 3979 4014 4016
f 3982 3984 4019
f 4019 3984 4017
f 4021 4022 4020
f 4020 4022 4023
f 4022 4012 4023
f 4023 4012 4011
f 4023 3904 4020
f 4020 3904 3974
f 4024 4025 4018
f 4018 4025 4017
f 4026 4027 4024
f 4024 4027 4025
f 4028 4026 4029
f 4029 4026 4024
f 4018 4021 4024
f 4024 4021 4029
f 4030 4031 4026
f 4026 4031 4027
f 4032 4030 4028
f 4028 4030 4026
f 4029 4001 4028
f 4028 4001 4000
f 4028 4000 4032
f 4032 4000 4002
f 4034 4035 4033
f 4033 4035 4036
f 4037 4038 4019
f 4019 4038 4039
f 4041 4039 4040
f 4040 4039 4038
f 4040 4038 4042
f 4042 4038 4036
f 4042 4036 4043
f 4043 4036 4035
f 3985 4044 4046
f 4046 4044 4045
f 4047 4048 4045
f 4045 4048 4046
f 4047 4049 4048
f 4048 4049 4050
f 4042 4047 4040
f 4040 4047 4045
f 4043 4049 4042
f 4042 4049 4047
f 4040 4045 4041
f 4041 4045 4044
f 4052 3959 4051
f 4051 3959 3964
f 4053 4054 4051
f 4051 4054 4055
f 3956 3960 4052
f 4052 3960 3959
f 3953 3956 4056
f 4056 3956 4052
f 4058 3953 4057
f 4057 3953 4056
f 4060 4061 4059
f 4059 4061 4062
f 4063 4064 4054
f 4054 4064 4057
f 4054 4053 4063
f 4063 4053 4065
f 4066 4067 4069
f 4069 4067 4068
f 4048 4050 4063
f 4063 4050 4064
f 4063 4065 4048
f 4048 4065 4046
f 3985 4046 3986
f 3986 4046 4065
f 3986 4065 3988
f 3988 4065 4053
f 3988 4053 3964
f 3964 4053 4051
f 3976 3978 4044
f 4044 3978 4041
f 3980 3982 4039
f 4039 3982 4019
f 4039 4041 3980
f 3980 4041 3978
f 3973 3908 4006
f 4006 3908 3896
f 3885 3939 3896
f 3896 3939 4006
f 4031 4034 4027
f 4027 4034 4033
f 4027 4033 4025
f 4025 4033 4037
f 4019 4017 4037
f 4037 4017 4025
f 3993 3942 4070
f 4070 3942 3941
f 3999 3993 4071
f 4071 3993 4070
f 3999 4071 4005
f 4005 4071 4072
f 4073 4074 4076
f 4076 4074 4075
f 4078 4079 4077
f 4077 4079 4080
f 4082 4080 4081
f 4081 4080 4079
f 4084 4085 4083
f 4083 4085 4086
f 4087 4088 4090
f 4090 4088 4089
f 4092 4093 4091
f 4091 4093 4094
f 4096 4097 4095
f 4095 4097 4098
f 4100 4101 4099
f 4099 4101 4102
f 4103 4104 4106
f 4106 4104 4105
f 4108 4109 4107
f 4107 4109 4110
f 4112 4113 4111
f 4111 4113 4114
f 4116 4117 4115
f 4115 4117 4118
f 4120 4121 4119
f 4119 4121 4122
f 4123 4124 4126
f 4126 4124 4125
f 4127 4128 4130
f 4130 4128 4129
f 4132 4133 4131
f 4131 4133 4134
f 4136 4108 4135
f 4135 4108 4107
f 4138 4139 4137
f 4137 4139 4140
f 4141 4142 4088
f 4088 4142 4089
f 4144 4145 4143
f 4143 4145 4146
f 4148 4149 4147
f 4147 4149 4150
f 4152 4153 4151
f 4151 4153 4154
f 4156 4082 4155
f 4155 4082 4081
f 4157 4158 4160
f 4160 4158 4159
f 4161 4162 4164
f 4164 4162 4163
f 4166 4122 4165
f 4165 4122 4121
f 4168 4152 4167
f 4167 4152 4151
f 4169 4170 4172
f 4172 4170 4171
f 4174 4175 4173
f 4173 4175 4176
f 4178 4149 4177
f 4177 4149 4179
f 4173 4176 4180
f 4180 4176 4181
f 4156 4085 4182
f 4182 4085 4183
f 4182 4184 4156
f 4156 4184 4082
f 4185 4186 4184
f 4184 4186 4187
f 4186 4188 4187
f 4187 4188 4189
f 4190 4191 4073
f 4073 4191 4074
f 4177 4179 4158
f 4158 4179 4159
f 4193 4127 4192
f 4192 4127 4130
f 4144 4194 4151
f 4151 4194 4167
f 4196 4197 4195
f 4195 4197 4198
f 4095 4199 4096
f 4096 4199 4200
f 4201 4202 4204
f 4204 4202 4203
f 4205 4206 4208
f 4208 4206 4207
f 4121 4120 4209
f 4209 4120 4210
f 4212 4213 4211
f 4211 4213 4214
f 4216 4217 4215
f 4215 4217 4218
f 4220 4221 4219
f 4219 4221 4222
f 4224 4196 4223
f 4223 4196 4195
f 4225 4226 4134
f 4134 4226 4131
f 4228 4229 4227
f 4227 4229 4230
f 4232 4233 4231
f 4231 4233 4098
f 4235 4236 4234
f 4234 4236 4237
f 4239 4240 4238
f 4238 4240 4241
f 4242 4243 4245
f 4245 4243 4244
f 4246 4247 4249
f 4249 4247 4248
f 4251 4252 4250
f 4250 4252 4253
f 4255 4256 4254
f 4254 4256 4257
f 4259 4260 4258
f 4258 4260 4261
f 4263 4264 4262
f 4262 4264 4265
f 4267 4268 4266
f 4266 4268 4269
f 4271 4199 4270
f 4270 4199 4272
f 4273 4274 4276
f 4276 4274 4275
f 4115 4118 4277
f 4277 4118 4278
f 4280 4281 4279
f 4279 4281 4282
f 4211 4283 4212
f 4212 4283 4284
f 4286 4287 4285
f 4285 4287 4288
f 4165 4121 4289
f 4289 4121 4209
f 4291 4286 4290
f 4290 4286 4285
f 4293 4294 4292
f 4292 4294 4295
f 4297 4298 4296
f 4296 4298 4299
f 4301 4302 4300
f 4300 4302 4303
f 4299 4304 4296
f 4296 4304 4305
f 4306 4292 4307
f 4307 4292 4295
f 4307 4308 4306
f 4306 4308 4309
f 4310 4309 4075
f 4075 4309 4308
f 4299 4298 4312
f 4312 4298 4311
f 4302 4301 4293
f 4293 4301 4294
f 3735 3921 4313
f 4313 3921 4314
f 4315 4314 3922
f 3922 4314 3921
f 4316 3945 829
f 829 3945 830
f 4289 4317 4165
f 4165 4317 4318
f 4320 4321 4319
f 4319 4321 4322
f 4324 4325 4323
f 4323 4325 4326
f 4327 4328 4330
f 4330 4328 4329
f 4290 4331 4291
f 4291 4331 4332
f 4165 4318 4166
f 4166 4318 4333
f 4334 4335 4337
f 4337 4335 4336
f 4339 4340 4338
f 4338 4340 4341
f 4168 4343 4342
f 4342 4343 4344
f 4346 4347 4345
f 4345 4347 4348
f 4350 4351 4349
f 4349 4351 4352
f 4354 4355 4353
f 4353 4355 4356
f 4357 4358 4324
f 4324 4358 4325
f 4337 4359 4334
f 4334 4359 4360
f 4362 4363 4361
f 4361 4363 4364
f 4366 4367 4365
f 4365 4367 4368
f 4369 4370 4372
f 4372 4370 4371
f 4331 4290 4374
f 4374 4290 4373
f 4373 4376 4375
f 4375 4376 4377
f 4379 4380 4378
f 4378 4380 4381
f 4217 4382 4218
f 4218 4382 4383
f 4385 4386 4384
f 4384 4386 4387
f 4388 4389 4338
f 4338 4389 4390
f 4337 4336 4392
f 4392 4336 4391
f 4394 4362 4393
f 4393 4362 4361
f 4396 4397 4395
f 4395 4397 4398
f 4400 4401 4399
f 4399 4401 4402
f 4345 4403 4346
f 4346 4403 4404
f 4405 4406 4342
f 4342 4406 4407
f 4409 4410 4408
f 4408 4410 4411
f 4408 4412 4409
f 4409 4412 4413
f 4181 4415 4414
f 4414 4415 4416
f 4182 4183 4417
f 4417 4183 4418
f 4419 4353 4311
f 4311 4353 4312
f 4421 4422 4420
f 4420 4422 4423
f 4353 4356 4312
f 4312 4356 4424
f 4166 4333 4425
f 4425 4333 4426
f 4425 4143 4166
f 4166 4143 4122
f 4427 4107 4428
f 4428 4107 4110
f 4429 4430 4174
f 4174 4430 4175
f 4335 4431 4336
f 4336 4431 4390
f 4336 4390 4391
f 4391 4390 4389
f 4432 4433 4435
f 4435 4433 4434
f 4437 4438 4436
f 4436 4438 4439
f 4441 4442 4440
f 4440 4442 4443
f 4359 4444 4361
f 4361 4444 4393
f 4446 4447 4445
f 4445 4447 4448
f 4338 4341 4388
f 4388 4341 4449
f 4450 4451 4398
f 4398 4451 4395
f 4453 4454 4452
f 4452 4454 4455
f 4457 4458 4456
f 4456 4458 4459
f 4460 4461 4448
f 4448 4461 4445
f 4463 4464 4462
f 4462 4464 4465
f 4462 4465 4466
f 4466 4465 4467
f 4468 4469 4467
f 4467 4469 4466
f 4469 4468 4470
f 4470 4468 4471
f 4472 4473 4471
f 4471 4473 4470
f 4475 4476 4474
f 4474 4476 4477
f 4479 4480 4478
f 4478 4480 4481
f 4483 4484 4482
f 4482 4484 4485
f 4487 4488 4486
f 4486 4488 4489
f 4491 4492 4490
f 4490 4492 4493
f 4494 4495 4493
f 4493 4495 4490
f 4496 4497 4494
f 4494 4497 4495
f 4497 4496 4498
f 4498 4496 4499
f 4500 4501 4503
f 4503 4501 4502
f 4505 4506 4504
f 4504 4506 4507
f 4466 4508 4462
f 4462 4508 4509
f 4470 4510 4469
f 4469 4510 4511
f 4513 4479 4512
f 4512 4479 4478
f 4515 4443 4514
f 4514 4443 4442
f 4516 4517 4519
f 4519 4517 4518
f 4521 4495 4520
f 4520 4495 4497
f 4522 4490 4521
f 4521 4490 4495
f 4491 4523 4488
f 4488 4523 4524
f 4525 4489 4524
f 4524 4489 4488
f 4484 4526 4485
f 4485 4526 4527
f 4503 4528 4500
f 4500 4528 4529
f 4530 4531 4533
f 4533 4531 4532
f 4535 4506 4534
f 4534 4506 4530
f 4486 4536 4487
f 4487 4536 4537
f 4487 4537 4492
f 4492 4537 4538
f 4494 4539 4496
f 4496 4539 4540
f 4542 4533 4541
f 4541 4533 4499
f 4544 4545 4543
f 4543 4545 4546
f 4548 4549 4547
f 4547 4549 4550
f 4536 4551 4537
f 4537 4551 4552
f 4537 4552 4538
f 4538 4552 4553
f 4554 4539 4556
f 4556 4539 4555
f 4557 4540 4554
f 4554 4540 4539
f 4559 4557 4558
f 4558 4557 4560
f 4540 4557 4541
f 4541 4557 4559
f 4562 4563 4561
f 4561 4563 4564
f 4546 4565 4543
f 4543 4565 4566
f 4547 4567 4548
f 4548 4567 4568
f 4570 4571 4569
f 4569 4571 4572
f 4574 4575 4573
f 4573 4575 4576
f 4578 4579 4577
f 4577 4579 4580
f 4582 4583 4581
f 4581 4583 4584
f 4585 4586 4588
f 4588 4586 4587
f 4589 4585 4590
f 4590 4585 4588
f 4592 4593 4591
f 4591 4593 4594
f 4596 4597 4595
f 4595 4597 4598
f 4600 4601 4599
f 4599 4601 4602
f 4563 4604 4603
f 4603 4604 4605
f 4603 4606 4608
f 4608 4606 4607
f 4609 4610 4594
f 4594 4610 4591
f 4611 4612 4614
f 4614 4612 4613
f 4616 4617 4615
f 4615 4617 4618
f 4602 4620 4619
f 4619 4620 4621
f 4619 4622 4602
f 4602 4622 4599
f 4605 4599 4623
f 4623 4599 4622
f 4605 4623 4603
f 4603 4623 4606
f 4625 4626 4624
f 4624 4626 4627
f 4438 4437 4628
f 4628 4437 4629
f 4442 4441 4630
f 4630 4441 4631
f 4630 4632 4442
f 4442 4632 4514
f 4633 4634 4529
f 4529 4634 4500
f 4500 4634 4501
f 4501 4634 4635
f 4637 4546 4636
f 4636 4546 4545
f 4639 4565 4638
f 4638 4565 4640
f 4573 4576 4641
f 4641 4576 4642
f 4593 4643 4594
f 4594 4643 4644
f 4645 4609 4644
f 4644 4609 4594
f 4647 4648 4646
f 4646 4648 4649
f 4651 4652 4650
f 4650 4652 4653
f 4654 4498 4519
f 4519 4498 4532
f 4520 4508 4521
f 4521 4508 4511
f 4522 4510 4523
f 4523 4510 4655
f 4524 4656 4525
f 4525 4656 4657
f 4514 4529 4515
f 4515 4529 4528
f 4658 4659 4661
f 4661 4659 4660
f 4496 4540 4499
f 4499 4540 4541
f 4493 4555 4494
f 4494 4555 4539
f 4549 4483 4550
f 4550 4483 4482
f 4545 4544 4501
f 4501 4544 4502
f 4636 4545 4635
f 4635 4545 4501
f 4589 4663 4662
f 4662 4663 4664
f 4662 4665 4558
f 4558 4665 4559
f 4569 4586 4570
f 4570 4586 4560
f 4552 4666 4553
f 4553 4666 4667
f 4668 4669 4670
f 4670 4669 4666
f 4672 4673 4671
f 4671 4673 4674
f 4287 4675 4288
f 4288 4675 4676
f 4678 4679 4677
f 4677 4679 4680
f 4681 4678 4682
f 4682 4678 4677
f 4682 4683 4681
f 4681 4683 4684
f 4161 4164 4685
f 4685 4164 4686
f 4414 4687 4689
f 4689 4687 4688
f 4405 4690 4346
f 4346 4690 4347
f 4691 4399 4693
f 4693 4399 4692
f 1209 4694 4365
f 4365 4694 4366
f 4650 1211 4651
f 4651 1211 1210
f 4695 4696 4255
f 4255 4696 4256
f 4697 4698 4218
f 4218 4698 4215
f 4700 4701 4699
f 4699 4701 4702
f 4703 4704 4303
f 4303 4704 4300
f 4315 3922 4316
f 4316 3922 3945
f 4653 4706 4705
f 4705 4706 4707
f 4709 4710 4708
f 4708 4710 4711
f 4335 4334 4713
f 4713 4334 4712
f 4714 4340 4321
f 4321 4340 4322
f 4716 4717 4715
f 4715 4717 4718
f 4238 4241 4719
f 4719 4241 4720
f 4231 4721 4307
f 4307 4721 4308
f 4723 4724 4722
f 4722 4724 4725
f 4727 4728 4726
f 4726 4728 4729
f 4730 4731 4327
f 4327 4731 4328
f 4733 4734 4732
f 4732 4734 4735
f 4720 4381 4736
f 4736 4381 4737
f 4738 4739 4741
f 4741 4739 4740
f 4743 4744 4742
f 4742 4744 4745
f 4338 4390 4339
f 4339 4390 4431
f 4746 4747 4431
f 4431 4747 4339
f 4291 4332 4289
f 4289 4332 4317
f 4289 4209 4291
f 4291 4209 4286
f 4287 4286 4210
f 4210 4286 4209
f 4749 4750 4748
f 4748 4750 4751
f 4212 4284 4752
f 4752 4284 4753
f 4752 4754 4212
f 4212 4754 4213
f 4252 4251 4225
f 4225 4251 4226
f 4227 4230 4248
f 4248 4230 4249
f 4205 4755 4757
f 4757 4755 4756
f 4708 4711 4758
f 4758 4711 4647
f 4367 4366 4759
f 4759 4366 4760
f 4526 4513 4527
f 4527 4513 4512
f 4420 4423 4385
f 4385 4423 4386
f 4705 4761 4653
f 4653 4761 4650
f 4761 1279 4650
f 4650 1279 1211
f 4762 4763 3944
f 3944 4763 3936
f 4274 4273 4765
f 4765 4273 4764
f 4767 4768 4766
f 4766 4768 4769
f 4770 4771 4769
f 4769 4771 4766
f 4771 4770 4242
f 4242 4770 4243
f 4093 4163 4094
f 4094 4163 4162
f 4772 4773 4775
f 4775 4773 4774
f 4777 4778 4776
f 4776 4778 4779
f 4417 4185 4182
f 4182 4185 4184
f 4780 4078 4781
f 4781 4078 4077
f 4781 4077 4782
f 4782 4077 4189
f 4188 4783 4189
f 4189 4783 4782
f 4295 4232 4307
f 4307 4232 4231
f 4785 4786 4784
f 4784 4786 4787
f 4784 1307 4785
f 4785 1307 1306
f 4078 4780 4096
f 4096 4780 4097
f 4075 4074 4310
f 4310 4074 4788
f 4788 4074 4789
f 4789 4074 4191
f 4789 4191 4059
f 4059 4191 4790
f 4791 4277 4792
f 4792 4277 4278
f 3732 3735 4793
f 4793 3735 4313
f 4793 4794 3732
f 3732 4794 3731
f 4792 4795 4791
f 4791 4795 4796
f 4797 4798 4799
f 4799 4798 4724
f 4763 4800 3936
f 3936 4800 3935
f 4801 4062 3729
f 3729 4062 3730
f 4713 4712 4802
f 4802 4712 4803
f 4146 4804 4119
f 4119 4804 4805
f 4498 4654 4497
f 4497 4654 4520
f 4806 4807 1326
f 1326 4807 1327
f 4689 4688 1330
f 1330 4688 1331
f 4801 4789 4062
f 4062 4789 4059
f 3730 4062 4808
f 4808 4062 4061
f 4810 4811 4809
f 4809 4811 4812
f 4813 4403 4814
f 4814 4403 4345
f 4815 4816 4349
f 4349 4816 4350
f 4817 4818 4820
f 4820 4818 4819
f 4406 4821 4407
f 4407 4821 4822
f 4823 4161 4824
f 4824 4161 4685
f 4181 4414 4825
f 4825 4414 4689
f 4741 4740 4826
f 4826 4740 4827
f 4828 4829 4827
f 4827 4829 4826
f 4142 4141 4415
f 4415 4141 4148
f 4830 1354 4761
f 4761 1354 1279
f 4832 4833 4831
f 4831 4833 4834
f 4835 4836 4626
f 4626 4836 4421
f 4451 4709 4395
f 4395 4709 4708
f 4627 4420 4837
f 4837 4420 4385
f 4837 1365 4838
f 4838 1365 1364
f 4397 4396 4839
f 4839 4396 4840
f 4842 4628 4841
f 4841 4628 4629
f 4671 4674 4631
f 4631 4674 4630
f 4674 4659 4630
f 4630 4659 4632
f 4633 4632 4658
f 4658 4632 4659
f 4658 4504 4633
f 4633 4504 4634
f 4635 4634 4507
f 4507 4634 4504
f 4843 4636 4507
f 4507 4636 4635
f 4844 4637 4843
f 4843 4637 4636
f 4637 4844 4640
f 4640 4844 4664
f 4638 4663 4642
f 4642 4663 4845
f 4847 4643 4846
f 4846 4643 4641
f 4644 4848 4645
f 4645 4848 4849
f 4851 4852 4850
f 4850 4852 4853
f 4855 4856 4854
f 4854 4856 4857
f 4859 4860 4858
f 4858 4860 4857
f 4715 4718 4859
f 4859 4718 4860
f 4862 4863 4861
f 4861 4863 4864
f 4866 4867 4865
f 4865 4867 4868
f 4870 4871 4869
f 4869 4871 4872
f 4869 4872 4116
f 4116 4872 4117
f 4820 4819 4874
f 4874 4819 4873
f 4876 4877 4875
f 4875 4877 4878
f 4880 4881 4879
f 4879 4881 4882
f 4884 4885 4883
f 4883 4885 4886
f 4887 4888 4280
f 4280 4888 4281
f 4818 4817 4889
f 4889 4817 4890
f 4891 4193 4823
f 4823 4193 4192
f 4892 4893 4228
f 4228 4893 4229
f 4158 4157 4894
f 4894 4157 4895
f 4896 4897 4132
f 4132 4897 4133
f 4099 4683 4100
f 4100 4683 4682
f 4101 4100 4899
f 4899 4100 4898
f 4150 4106 4147
f 4147 4106 4900
f 4100 4682 4898
f 4898 4682 4677
f 4080 4082 4187
f 4187 4082 4184
f 4077 4080 4189
f 4189 4080 4187
f 4191 4190 4790
f 4790 4190 4901
f 4177 4158 4680
f 4680 4158 4894
f 4108 4136 4752
f 4752 4136 4754
f 4752 4753 4108
f 4108 4753 4109
f 4817 4902 4890
f 4890 4902 4903
f 4904 4905 4907
f 4907 4905 4906
f 4909 4910 4908
f 4908 4910 4911
f 4913 4914 4912
f 4912 4914 4915
f 4916 4917 4919
f 4919 4917 4918
f 4312 4424 4299
f 4299 4424 4304
f 4920 4921 4297
f 4297 4921 4298
f 4194 4922 4167
f 4167 4922 4923
f 4924 4400 4691
f 4691 4400 4399
f 4395 4708 4396
f 4396 4708 4758
f 4367 4925 4368
f 4368 4925 4926
f 4919 4918 4873
f 4873 4918 4874
f 4836 4927 4421
f 4421 4927 4422
f 4921 4928 4298
f 4298 4928 4311
f 4143 4146 4122
f 4122 4146 4119
f 4929 4930 4455
f 4455 4930 4452
f 4932 4933 4931
f 4931 4933 4934
f 4935 4936 4932
f 4932 4936 4933
f 4461 4460 4457
f 4457 4460 4458
f 4480 4479 4475
f 4475 4479 4476
f 4660 4673 4517
f 4517 4673 4937
f 4661 4505 4658
f 4658 4505 4504
f 4484 4483 4489
f 4489 4483 4486
f 4462 4509 4463
f 4463 4509 4518
f 4469 4511 4466
f 4466 4511 4508
f 4655 4473 4656
f 4656 4473 4477
f 4476 4657 4477
f 4477 4657 4656
f 4479 4513 4476
f 4476 4513 4657
f 4489 4525 4484
f 4484 4525 4526
f 4483 4549 4486
f 4486 4549 4536
f 4549 4548 4536
f 4536 4548 4551
f 4548 4568 4551
f 4551 4568 4670
f 4663 4589 4845
f 4845 4589 4590
f 4668 4577 4938
f 4938 4577 4580
f 4940 4938 4939
f 4939 4938 4941
f 4940 4942 4669
f 4669 4942 4943
f 4587 4582 4944
f 4944 4582 4581
f 4848 4847 4608
f 4608 4847 4564
f 4616 4945 4613
f 4613 4945 4598
f 4615 4946 4616
f 4616 4946 4945
f 4947 4939 4948
f 4948 4939 4946
f 4599 4605 4600
f 4600 4605 4604
f 4608 4607 4848
f 4848 4607 4849
f 4613 4612 4616
f 4616 4612 4617
f 4835 4949 4709
f 4709 4949 4710
f 4357 1477 4837
f 4837 1477 1365
f 4712 4950 4803
f 4803 4950 4951
f 4401 4952 4402
f 4402 4952 4953
f 4759 4760 4402
f 4402 4760 4399
f 4508 4520 4509
f 4509 4520 4654
f 4510 4522 4511
f 4511 4522 4521
f 4513 4526 4657
f 4657 4526 4525
f 4632 4633 4514
f 4514 4633 4529
f 4931 4934 4453
f 4453 4934 4454
f 4153 4954 4154
f 4154 4954 4955
f 4957 4958 4956
f 4956 4958 4959
f 4961 4962 4960
f 4960 4962 4963
f 4120 4964 4210
f 4210 4964 4965
f 4967 4968 4966
f 4966 4968 4969
f 4349 4692 4815
f 4815 4692 4970
f 4652 4971 4653
f 4653 4971 4706
f 4758 4647 4972
f 4972 4647 4646
f 4973 4363 4646
f 4646 4363 4972
f 4950 4360 4974
f 4974 4360 4364
f 4431 4335 4746
f 4746 4335 4713
f 4358 4714 4325
f 4325 4714 4321
f 4765 4764 4266
f 4266 4764 4975
f 4202 4976 4203
f 4203 4976 4977
f 4917 4978 4918
f 4918 4978 4979
f 4279 4282 4854
f 4854 4282 4269
f 4820 4880 4817
f 4817 4880 4902
f 4890 4903 4980
f 4980 4903 4886
f 4982 4983 4981
f 4981 4983 4123
f 4795 4851 4796
f 4796 4851 4850
f 4918 4979 4874
f 4874 4979 4881
f 4809 4404 4810
f 4810 4404 4403
f 4354 4985 4984
f 4984 4985 4986
f 1364 1516 4838
f 4838 1516 4987
f 4759 4988 4367
f 4367 4988 4925
f 4989 4990 4481
f 4481 4990 4478
f 4443 4515 4990
f 4990 4515 4991
f 4527 4512 4992
f 4992 4512 4991
f 4528 4503 4992
f 4992 4503 4993
f 4993 4994 4485
f 4485 4994 4482
f 4544 4995 4502
f 4502 4995 4994
f 4995 4996 4550
f 4550 4996 4547
f 4998 4999 4997
f 4997 4999 4566
f 4998 5000 4578
f 4578 5000 4579
f 5001 5002 4596
f 4596 5002 4597
f 5003 4591 5004
f 5004 4591 4610
f 4626 4421 4627
f 4627 4421 4420
f 4837 4838 4627
f 4627 4838 4624
f 4761 4705 4830
f 4830 4705 5005
f 4705 4707 5005
f 5005 4707 5006
f 4308 4721 4075
f 4075 4721 4076
f 5007 4200 4797
f 4797 4200 4798
f 4685 4686 5008
f 5008 4686 5009
f 4889 4890 5010
f 5010 4890 4980
f 4323 1541 4324
f 4324 1541 1540
f 4385 4384 4358
f 4358 4384 4714
f 4396 4758 4840
f 4840 4758 4972
f 4866 4852 5011
f 5011 4852 5012
f 5013 4260 4980
f 4980 4260 5010
f 4875 4878 5014
f 5014 4878 5015
f 5017 5018 5016
f 5016 5018 5019
f 5016 5019 5020
f 5020 5019 5021
f 5023 5024 5022
f 5022 5024 5025
f 5027 5028 5026
f 5026 5028 5029
f 5031 5032 5030
f 5030 5032 5033
f 5035 5036 5034
f 5034 5036 5037
f 5039 5040 5038
f 5038 5040 5041
f 5043 5044 5042
f 5042 5044 5045
f 5038 5046 5039
f 5039 5046 5047
f 5049 5050 5048
f 5048 5050 5051
f 5053 5054 5052
f 5052 5054 5055
f 5057 5024 5056
f 5056 5024 5058
f 5060 5061 5059
f 5059 5061 5062
f 5064 5065 5063
f 5063 5065 5066
f 5043 5050 5064
f 5064 5050 5065
f 5038 5041 5067
f 5067 5041 5068
f 5070 5071 5069
f 5069 5071 5072
f 5074 5075 5073
f 5073 5075 5076
f 5034 5077 5035
f 5035 5077 5078
f 5080 5081 5079
f 5079 5081 5082
f 5084 5085 5083
f 5083 5085 5086
f 5085 5084 5087
f 5087 5084 5088
f 5090 5091 5089
f 5089 5091 5092
f 5094 5095 5093
f 5093 5095 5096
f 5098 5099 5097
f 5097 5099 5100
f 5102 5103 5101
f 5101 5103 5104
f 5105 5106 5108
f 5108 5106 5107
f 5110 5111 5109
f 5109 5111 5112
f 5114 5094 5113
f 5113 5094 5093
f 5116 5117 5115
f 5115 5117 5118
f 5120 5121 5119
f 5119 5121 5122
f 5124 5125 5123
f 5123 5125 5126
f 5128 5129 5127
f 5127 5129 5130
f 5097 5131 5098
f 5098 5131 5132
f 5134 5135 5133
f 5133 5135 5122
f 5084 5125 5088
f 5088 5125 5136
f 5138 5139 5137
f 5137 5139 5140
f 5142 5102 5141
f 5141 5102 5101
f 5106 5143 5107
f 5107 5143 5144
f 5146 5147 5145
f 5145 5147 5148
f 5149 5150 5109
f 5109 5150 5110
f 5151 5110 5152
f 5152 5110 5150
f 4715 5140 4716
f 4716 5140 5139
f 5143 4870 5144
f 5144 4870 4869
f 4115 5146 4116
f 4116 5146 5145
f 4791 4796 5149
f 5149 4796 5150
f 4796 4850 5150
f 5150 4850 5152
f 4858 5142 4859
f 4859 5142 5141
f 5153 5154 5115
f 5115 5154 5105
f 5156 5157 5155
f 5155 5157 5158
f 5159 5160 5053
f 5053 5160 5054
f 5161 5162 5020
f 5020 5162 5068
f 5026 5029 5163
f 5163 5029 5021
f 5083 5086 5164
f 5164 5086 5165
f 5090 5167 5166
f 5166 5167 5168
f 5169 5170 5172
f 5172 5170 5171
f 5174 5175 5173
f 5173 5175 5176
f 5177 5109 5178
f 5178 5109 5112
f 5179 5180 5182
f 5182 5180 5181
f 5123 5126 5120
f 5120 5126 5121
f 5180 5167 5181
f 5181 5167 5183
f 5184 5185 5179
f 5179 5185 5180
f 5186 5149 5177
f 5177 5149 5109
f 4868 5184 4865
f 4865 5184 5179
f 5188 5189 5187
f 5187 5189 5190
f 4277 4791 5186
f 5186 4791 5149
f 5179 5182 4865
f 4865 5182 4853
f 5189 4862 5190
f 5190 4862 4861
f 5156 5075 5191
f 5191 5075 5192
f 5036 5035 5193
f 5193 5035 5194
f 5115 5118 5153
f 5153 5118 5195
f 5022 5025 5196
f 5196 5025 5197
f 5155 5158 5069
f 5069 5158 5062
f 5063 5066 5198
f 5198 5066 5199
f 5073 5076 5200
f 5200 5076 5072
f 5202 5131 5201
f 5201 5131 5203
f 5143 5106 5204
f 5204 5106 5205
f 5114 5113 5206
f 5206 5113 5127
f 5098 5132 5193
f 5193 5132 5195
f 5204 5207 5143
f 5143 5207 4870
f 5088 5136 5208
f 5208 5136 5092
f 5209 5210 5089
f 5089 5210 5183
f 5211 5018 5060
f 5060 5018 5061
f 5017 5040 5070
f 5070 5040 5071
f 5191 5160 5156
f 5156 5160 5157
f 5048 5028 5049
f 5049 5028 5058
f 5207 5204 4858
f 4858 5204 5142
f 4859 5141 4715
f 4715 5141 5140
f 5212 5162 5042
f 5042 5162 5051
f 5182 5152 4853
f 4853 5152 4850
f 5214 5134 5213
f 5213 5134 5133
f 5164 5165 5133
f 5133 5165 5213
f 5215 5216 5201
f 5201 5216 5217
f 5147 5218 5148
f 5148 5218 5219
f 5147 5177 5218
f 5218 5177 5178
f 5141 5101 5140
f 5140 5101 5137
f 5201 5217 5202
f 5202 5217 5104
f 5146 5186 5147
f 5147 5186 5177
f 4277 5186 4115
f 4115 5186 5146
f 5191 5192 5031
f 5031 5192 5032
f 5052 5055 5220
f 5220 5055 5197
f 4116 5145 4869
f 4869 5145 5144
f 5034 5037 5214
f 5214 5037 5134
f 5097 5100 5114
f 5114 5100 5094
f 5108 5107 5219
f 5219 5107 5148
f 5221 5135 5116
f 5116 5135 5117
f 5124 5111 5209
f 5209 5111 5210
f 5107 5144 5148
f 5148 5144 5145
f 5152 5182 5151
f 5151 5182 5181
f 5208 5222 5088
f 5088 5222 5087
f 5222 5208 5171
f 5171 5208 5172
f 5223 1756 4698
f 4698 1756 1755
f 4427 5224 4107
f 4107 5224 4135
f 4178 4679 5225
f 5225 4679 5226
f 5227 5228 4892
f 4892 5228 4893
f 5229 5230 4171
f 4171 5230 4172
f 4855 4268 4884
f 4884 4268 4885
f 4884 4871 4855
f 4855 4871 4856
f 4684 5231 4896
f 4896 5231 4897
f 4768 4767 5009
f 5009 4767 5008
f 5205 5154 5102
f 5102 5154 5103
f 5099 5098 5194
f 5194 5098 5193
f 5198 5199 5079
f 5079 5199 5033
f 5102 5142 5205
f 5205 5142 5204
f 5224 4427 4681
f 4681 4427 4678
f 3712 3711 5232
f 5232 3711 5233
f 3968 3988 3963
f 3963 3988 3964
f 3976 4044 3972
f 3972 4044 3985
f 4038 4037 4036
f 4036 4037 4033
f 4794 4762 3731
f 3731 4762 3944
f 3731 3944 3722
f 3722 3944 3810
f 3874 5234 5232
f 5232 5234 3712
f 3906 3905 3867
f 3867 3905 4011
f 3904 4023 3905
f 3905 4023 4011
f 3719 3722 3811
f 3811 3722 3810
f 3812 3719 3687
f 3687 3719 3811
f 3716 3812 3686
f 3686 3812 3687
f 3713 3716 3685
f 3685 3716 3686
f 4810 4403 5235
f 5235 4403 4813
f 4345 1770 4814
f 4814 1770 1769
f 4067 4066 4058
f 4058 4066 5236
f 4043 4068 4049
f 4049 4068 4050
f 4034 5237 3989
f 3989 5237 3990
f 4031 4030 4072
f 4072 4030 4005
f 4003 4004 4002
f 4002 4004 4032
f 4004 4005 4032
f 4032 4005 4030
f 4067 4064 4068
f 4068 4064 4050
f 4058 4057 4067
f 4067 4057 4064
f 4035 4034 5238
f 5238 4034 3989
f 5236 5239 4058
f 4058 5239 5240
f 5234 3874 5241
f 5241 3874 3873
f 5241 3873 3881
f 3881 3873 3878
f 4800 4763 4788
f 4788 4763 4310
f 4763 4762 4310
f 4310 4762 4309
f 4762 4794 4309
f 4309 4794 4306
f 4794 4793 4306
f 4306 4793 4292
f 4293 4313 4302
f 4302 4313 4314
f 4302 4314 4303
f 4303 4314 4315
f 4303 4315 4703
f 4703 4315 4316
f 4035 4069 4043
f 4043 4069 4068
f 4324 1540 4357
f 4357 1540 1477
f 5232 3987 3874
f 3874 3987 3871
f 3987 5232 4013
f 4013 5232 5233
f 4013 5233 4014
f 4014 5233 5242
f 3888 4015 3865
f 3865 4015 4007
f 3866 4008 5243
f 5243 4008 4016
f 3873 5244 3878
f 3878 5244 3875
f 3965 5244 3872
f 3872 5244 3873
f 3876 3875 3965
f 3965 3875 5244
f 5243 4016 5242
f 5242 4016 4014
f 5246 5247 5245
f 5245 5247 5248
f 3576 3950 3577
f 3577 3950 3926
f 3584 3842 3585
f 3585 3842 3580
f 5249 5247 1784
f 1784 5247 1785
f 5250 5251 5253
f 5253 5251 5252
f 5255 5252 5254
f 5254 5252 5256
f 5254 5256 5258
f 5258 5256 5257
f 5258 5257 5260
f 5260 5257 5259
f 4356 5261 4424
f 4424 5261 5259
f 4355 5262 4356
f 4356 5262 5261
f 4924 5264 5263
f 5263 5264 5265
f 4693 5266 4691
f 4691 5266 5267
f 4351 5268 4352
f 4352 5268 5269
f 1808 1807 4351
f 4351 1807 5268
f 3580 3842 3581
f 3799 3802 3838
f 4800 4788 4801
f 4801 4788 4789
f 3729 3935 4801
f 4801 3935 4800
f 3728 3666 3729
f 3729 3666 3935
f 3728 3798 3666
f 3666 3798 3663
f 3798 3818 3663
f 3663 3818 3809
f 3818 3817 3809
f 3809 3817 3808
f 3796 3655 3817
f 3817 3655 3808
f 3615 3568 3796
f 3796 3568 3655
f 3573 3569 3615
f 3615 3569 3568
f 3572 3613 3573
f 3573 3613 3569
f 3792 3606 3572
f 3572 3606 3613
f 3607 3791 3949
f 3949 3791 3591
f 3590 3950 3591
f 3591 3950 3949
f 3805 3926 3590
f 3590 3926 3950
f 3804 3559 3805
f 3805 3559 3926
f 3804 3914 3559
f 3559 3914 3560
f 3924 3789 3913
f 3913 3789 3788
f 3924 3928 3789
f 3789 3928 3826
f 3928 3927 3826
f 3826 3927 3827
f 3927 3834 3827
f 3827 3834 3835
f 4079 4078 5270
f 5270 4078 5007
f 5271 5272 4233
f 4233 5272 5273
f 5275 5276 5274
f 5274 5276 5277
f 5278 5279 4236
f 4236 5279 4237
f 5278 5280 5271
f 5271 5280 5272
f 4235 5281 4236
f 4236 5281 5282
f 5284 5285 5283
f 5283 5285 5286
f 5288 5289 5287
f 5287 5289 5290
f 5292 5293 5291
f 5291 5293 5294
f 5287 5290 4726
f 4726 5290 5295
f 4293 4292 4313
f 4313 4292 4793
f 4720 4736 4719
f 4719 4736 5296
f 5297 4909 5298
f 5298 4909 4908
f 5299 5300 4976
f 4976 5300 5301
f 5302 4202 5303
f 5303 4202 4201
f 5304 5305 4983
f 4983 5305 5306
f 5308 5309 5307
f 5307 5309 5310
f 4722 4725 5283
f 5283 4725 5311
f 5291 5294 4125
f 4125 5294 4126
f 5313 5314 5312
f 5312 5314 5315
f 5316 5317 5319
f 5319 5317 5318
f 5321 5308 5320
f 5320 5308 5307
f 4819 4981 4873
f 4873 4981 5322
f 4981 4123 5322
f 5322 4123 4126
f 5324 5325 5323
f 5323 5325 5326
f 4764 5327 4975
f 4975 5327 5328
f 4172 5327 4169
f 4169 5327 5329
f 4768 4171 4769
f 4769 4171 4170
f 4243 4755 4244
f 4244 4755 5330
f 4755 4205 5330
f 5330 4205 4208
f 4206 4906 4207
f 4207 4906 4905
f 4686 5014 5009
f 5009 5014 5229
f 4756 4770 4170
f 4170 4770 4769
f 4170 4169 4756
f 4756 4169 4757
f 4273 5329 4764
f 4764 5329 5327
f 4276 5331 4273
f 4273 5331 5329
f 4770 4756 4243
f 4243 4756 4755
f 5333 4889 5332
f 5332 4889 5010
f 4877 5332 4878
f 4878 5332 4259
f 4875 4164 4876
f 4876 4164 4163
f 5334 5335 5324
f 5324 5335 5325
f 4983 5306 4123
f 4123 5306 4124
f 4818 4982 4819
f 4819 4982 4981
f 5332 5010 4259
f 4259 5010 4260
f 5014 4686 4875
f 4875 4686 4164
f 4171 4768 5229
f 5229 4768 5009
f 5337 4916 5336
f 5336 4916 4919
f 5293 5337 5294
f 5294 5337 5336
f 4982 4818 5333
f 5333 4818 4889
f 5338 5339 4262
f 4262 5339 5340
f 5307 5310 5338
f 5338 5310 5339
f 5341 5342 4204
f 4204 5342 5309
f 5336 4919 5322
f 5322 4919 4873
f 5294 5336 4126
f 4126 5336 5322
f 5323 5326 5343
f 5343 5326 5286
f 4914 5344 4915
f 4915 5344 5345
f 5312 5315 5344
f 5344 5315 5345
f 5347 5348 5346
f 5346 5348 5349
f 5350 5351 4832
f 4832 5351 4833
f 5352 5353 5349
f 5349 5353 5346
f 5354 5338 4265
f 4265 5338 4262
f 5320 5307 5354
f 5354 5307 5338
f 4201 5308 5303
f 5303 5308 5321
f 5356 5357 5355
f 5355 5357 4799
f 5358 5359 5334
f 5334 5359 5335
f 5358 5360 4093
f 4093 5360 4163
f 5360 5305 4163
f 4163 5305 4876
f 5305 5304 4876
f 4876 5304 4877
f 5270 4778 4079
f 4079 4778 4081
f 4779 5361 4774
f 4774 5361 5357
f 5356 5359 4775
f 4775 5359 4092
f 5333 5304 4982
f 4982 5304 4983
f 5332 4877 5333
f 5333 4877 5304
f 5015 4258 5230
f 5230 4258 5328
f 5327 4172 5328
f 5328 4172 5230
f 4169 5329 4757
f 4757 5329 5331
f 4757 5331 4205
f 4205 5331 4206
f 5331 4276 4206
f 4206 4276 4906
f 4276 4275 4906
f 4906 4275 4907
f 4275 4888 4907
f 4907 4888 4744
f 4887 4717 4745
f 4745 4717 4864
f 4716 5139 4861
f 4861 5139 5190
f 5139 5138 5190
f 5190 5138 5187
f 5138 5216 5187
f 5187 5216 5176
f 5215 5362 5173
f 5173 5362 5130
f 5364 5365 5363
f 5363 5365 5340
f 4742 4863 5366
f 5366 4863 4867
f 4862 5189 4868
f 4868 5189 5184
f 5189 5188 5184
f 5184 5188 5185
f 5188 5175 5185
f 5185 5175 5168
f 3560 3788 3561
f 3561 3788 3790
f 3596 3595 3608
f 3608 3595 3594
f 3598 3582 3595
f 3595 3582 3592
f 3600 3609 3601
f 3601 3609 3611
f 3602 3601 3612
f 3612 3601 3611
f 3606 3605 3613
f 3613 3605 3614
f 3793 5367 3794
f 3794 5367 5368
f 3598 3597 3600
f 3600 3597 3609
f 3793 3792 3575
f 3575 3792 3572
f 3561 3594 3558
f 3558 3594 3593
f 3807 3915 3804
f 3804 3915 3914
f 3916 3915 5370
f 5370 3915 5369
f 3602 3605 3603
f 3603 3605 3604
f 3606 3792 3607
f 3607 3792 3791
f 3914 3913 3560
f 3560 3913 3788
f 5174 5129 5166
f 5166 5129 5371
f 5170 5169 5093
f 5093 5169 5113
f 5166 5371 5090
f 5090 5371 5091
f 5128 5169 5372
f 5372 5169 5172
f 5127 5113 5128
f 5128 5113 5169
f 5114 5206 5203
f 5203 5206 5362
f 5200 5373 5073
f 5073 5373 5096
f 5374 5375 5200
f 5200 5375 5373
f 5039 5047 5374
f 5374 5047 5375
f 5087 5046 5085
f 5085 5046 5376
f 5212 5377 5067
f 5067 5377 5376
f 5042 5045 5212
f 5212 5045 5377
f 5064 5378 5043
f 5043 5378 5044
f 5063 5077 5064
f 5064 5077 5378
f 5079 5082 5198
f 5198 5082 5078
f 5099 5081 5100
f 5100 5081 5379
f 5100 5379 5094
f 5094 5379 5095
f 5381 5382 5380
f 5380 5382 5383
f 5385 5386 5384
f 5384 5386 5383
f 5385 5387 5386
f 5386 5387 5388
f 5390 5391 5389
f 5389 5391 5392
f 5393 5394 5396
f 5396 5394 5395
f 5398 5399 5397
f 5397 5399 5400
f 5402 5403 5401
f 5401 5403 5404
f 5406 5407 5405
f 5405 5407 5404
f 5408 5409 5163
f 5163 5409 5410
f 5411 5412 5414
f 5414 5412 5413
f 5057 5416 5415
f 5415 5416 5417
f 5393 5416 5418
f 5418 5416 5419
f 5396 5395 5420
f 5420 5395 5421
f 5423 5424 5422
f 5422 5424 5425
f 5415 5417 5220
f 5220 5417 5426
f 5418 5391 5393
f 5393 5391 5394
f 5414 5388 5411
f 5411 5388 5392
f 5059 5427 5060
f 5060 5427 5428
f 5423 5427 5429
f 5429 5427 5430
f 5432 5382 5431
f 5431 5382 5425
f 5429 5407 5423
f 5423 5407 5424
f 5380 5409 5381
f 5381 5409 5433
f 5381 5433 5422
f 5422 5433 5428
f 5027 5412 5056
f 5056 5412 5419
f 5435 5436 5434
f 5434 5436 5437
f 5159 5439 5438
f 5438 5439 5440
f 5053 5436 5159
f 5159 5436 5439
f 5441 5403 5398
f 5398 5403 5399
f 5163 5410 5026
f 5026 5410 5413
f 5438 5440 5442
f 5442 5440 5430
f 5444 5445 5443
f 5443 5445 5446
f 5447 5448 5450
f 5450 5448 5449
f 5451 5446 5452
f 5452 5446 5445
f 5454 5455 5453
f 5453 5455 5451
f 5456 5454 5458
f 5458 5454 5457
f 5460 5461 5459
f 5459 5461 5462
f 5464 5465 5463
f 5463 5465 5466
f 5468 5469 5467
f 5467 5469 5470
f 5472 5473 5471
f 5471 5473 5474
f 5475 5476 5478
f 5478 5476 5477
f 5479 5480 5482
f 5482 5480 5481
f 5483 5484 5448
f 5448 5484 5485
f 5448 5485 5449
f 5449 5485 5486
f 5487 5476 5488
f 5488 5476 5475
f 5490 5491 5489
f 5489 5491 5492
f 5494 5495 5493
f 5493 5495 5496
f 5498 5494 5497
f 5497 5494 5493
f 5500 5501 5499
f 5499 5501 5502
f 5503 5504 5446
f 5446 5504 5443
f 5506 5507 5505
f 5505 5507 5508
f 5510 5511 5509
f 5509 5511 5512
f 5514 5515 5513
f 5513 5515 5516
f 5518 5519 5517
f 5517 5519 5520
f 5495 5521 5496
f 5496 5521 5522
f 5524 5525 5523
f 5523 5525 5526
f 5527 5528 5494
f 5494 5528 5495
f 5499 5502 5529
f 5529 5502 5530
f 5531 5532 5485
f 5485 5532 5486
f 5485 5484 5531
f 5531 5484 5533
f 5482 5481 5534
f 5534 5481 5535
f 5536 5512 5506
f 5506 5512 5511
f 5455 5503 5451
f 5451 5503 5446
f 5467 5470 5511
f 5511 5470 5537
f 5538 5467 5510
f 5510 5467 5511
f 5540 5541 5539
f 5539 5541 5542
f 5543 5544 5546
f 5546 5544 5545
f 5548 5472 5547
f 5547 5472 5471
f 5493 5496 5549
f 5549 5496 5550
f 5496 5522 5550
f 5550 5522 5551
f 5553 5554 5552
f 5552 5554 5555
f 5557 5447 5556
f 5556 5447 5558
f 5557 5483 5447
f 5447 5483 5448
f 5478 5477 5553
f 5553 5477 5559
f 5477 5560 5559
f 5559 5560 5561
f 5476 5562 5477
f 5477 5562 5560
f 5476 5487 5562
f 5562 5487 5563
f 5560 5564 5561
f 5561 5564 5565
f 5564 5560 5566
f 5566 5560 5562
f 5563 5567 5562
f 5562 5567 5566
f 5569 5521 5568
f 5568 5521 5570
f 5481 5572 5571
f 5571 5572 5573
f 5574 5535 5571
f 5571 5535 5481
f 5576 5577 5575
f 5575 5577 5578
f 5579 5580 5456
f 5456 5580 5581
f 5475 5582 5488
f 5488 5582 5583
f 5584 5536 5505
f 5505 5536 5506
f 5585 5586 5588
f 5588 5586 5587
f 5590 5591 5589
f 5589 5591 5592
f 5519 5593 5520
f 5520 5593 5594
f 5595 5596 5462
f 5462 5596 5597
f 5599 5600 5598
f 5598 5600 5514
f 5602 5603 5601
f 5601 5603 5604
f 5524 5543 5525
f 5525 5543 5546
f 5543 5524 5606
f 5606 5524 5605
f 5607 5608 5500
f 5500 5608 5501
f 5610 5551 5609
f 5609 5551 5522
f 5611 5510 5598
f 5598 5510 5509
f 5612 5597 5457
f 5457 5597 5458
f 5510 5611 5538
f 5538 5611 5613
f 5580 5508 5581
f 5581 5508 5507
f 5615 5616 5614
f 5614 5616 5617
f 5619 5620 5618
f 5618 5620 5621
f 5623 5624 5622
f 5622 5624 5625
f 5627 5624 5626
f 5626 5624 5623
f 5629 5630 5628
f 5628 5630 5631
f 5633 5634 5632
f 5632 5634 5466
f 5635 5636 5463
f 5463 5636 5637
f 5523 5638 5524
f 5524 5638 5605
f 5639 5640 5641
f 5641 5640 5595
f 5611 5513 5613
f 5613 5513 5642
f 5643 5586 5608
f 5608 5586 5501
f 5622 5625 5590
f 5590 5625 5591
f 5598 5514 5611
f 5611 5514 5513
f 5645 5646 5644
f 5644 5646 5647
f 5620 5619 5491
f 5491 5619 5648
f 5649 5643 5492
f 5492 5643 5608
f 5650 5651 5653
f 5653 5651 5652
f 5463 5466 5635
f 5635 5466 5634
f 5597 5612 5462
f 5462 5612 5459
f 5635 5634 5523
f 5523 5634 5638
f 5654 5638 5633
f 5633 5638 5634
f 5655 5656 5525
f 5525 5656 5526
f 5658 5659 5657
f 5657 5659 5527
f 5660 5464 5637
f 5637 5464 5463
f 5632 5466 5661
f 5661 5466 5465
f 5661 5662 5632
f 5632 5662 5658
f 5662 5663 5658
f 5658 5663 5659
f 5665 5659 5664
f 5664 5659 5663
f 5632 5658 5633
f 5633 5658 5657
f 5666 5629 5530
f 5530 5629 5667
f 5528 5527 5665
f 5665 5527 5659
f 5668 5669 5570
f 5570 5669 5568
f 5669 5668 5670
f 5670 5668 5671
f 5646 5672 5673
f 5672 5674 5673
f 5673 5674 5675
f 5674 5460 5675
f 5675 5460 5459
f 5461 5676 5462
f 5462 5676 5595
f 5677 5678 5680
f 5680 5678 5679
f 5628 5681 5629
f 5629 5681 5667
f 5682 5529 5667
f 5667 5529 5530
f 5675 5459 5683
f 5683 5459 5612
f 5585 5666 5502
f 5502 5666 5530
f 5589 5684 5602
f 5602 5684 5603
f 5646 5645 5663
f 5663 5645 5664
f 5685 5647 5673
f 5673 5647 5646
f 5686 5687 5683
f 5683 5687 5685
f 5688 5689 5533
f 5533 5689 5531
f 5690 5691 5535
f 5535 5691 5534
f 5692 5690 5574
f 5574 5690 5535
f 5685 5687 5689
f 5689 5687 5693
f 5489 5694 5490
f 5490 5694 5695
f 5690 5692 5696
f 5696 5692 5697
f 5696 5644 5690
f 5690 5644 5691
f 5447 5450 5558
f 5558 5450 5698
f 5699 5700 5642
f 5642 5700 5613
f 5701 5702 5540
f 5540 5702 5541
f 5431 5703 5432
f 5432 5703 5697
f 5385 5384 5574
f 5574 5384 5692
f 5389 5387 5573
f 5573 5387 5571
f 5565 5390 5573
f 5573 5390 5389
f 5390 5565 5704
f 5704 5565 5564
f 5566 5705 5564
f 5564 5705 5704
f 5569 5441 5609
f 5609 5441 5398
f 5568 5405 5569
f 5569 5405 5441
f 5670 5706 5669
f 5669 5706 5406
f 5703 5431 5670
f 5670 5431 5706
f 5432 5697 5384
f 5384 5697 5692
f 5574 5571 5385
f 5385 5571 5387
f 5607 5707 5489
f 5489 5707 5694
f 5518 5708 5519
f 5519 5708 5709
f 5711 5576 5710
f 5710 5576 5575
f 5713 5714 5712
f 5712 5714 5715
f 5553 5552 5478
f 5478 5552 5716
f 5717 5475 5716
f 5716 5475 5478
f 5718 5719 5605
f 5605 5719 5606
f 5505 5622 5584
f 5584 5622 5590
f 5508 5623 5505
f 5505 5623 5622
f 5626 5623 5580
f 5580 5623 5508
f 5580 5579 5626
f 5626 5579 5720
f 5579 5721 5720
f 5720 5721 5722
f 5666 5585 5723
f 5723 5585 5588
f 5724 5725 5639
f 5639 5725 5640
f 5554 5726 5555
f 5555 5726 5727
f 5453 5728 5729
f 5689 5688 5685
f 5685 5688 5647
f 5604 5730 5512
f 5512 5730 5509
f 5628 5631 5618
f 5618 5631 5592
f 5601 5604 5536
f 5536 5604 5512
f 5732 5676 5731
f 5731 5676 5660
f 5730 5604 5733
f 5733 5604 5603
f 5563 5487 5551
f 5551 5487 5550
f 5489 5492 5607
f 5607 5492 5608
f 5573 5572 5565
f 5565 5572 5561
f 5609 5522 5569
f 5569 5522 5521
f 5499 5734 5500
f 5500 5734 5735
f 5596 5736 5721
f 5721 5736 5722
f 5737 5600 5594
f 5594 5600 5520
f 5599 5730 5517
f 5517 5730 5733
f 5660 5738 5731
f 5731 5738 5739
f 5648 5649 5491
f 5491 5649 5492
f 5501 5586 5502
f 5502 5586 5585
f 5525 5546 5655
f 5655 5546 5740
f 5600 5599 5520
f 5520 5599 5517
f 5708 5739 5709
f 5709 5739 5738
f 5636 5635 5526
f 5526 5635 5523
f 5670 5671 5703
f 5703 5671 5741
f 5490 5695 5742
f 5742 5695 5743
f 5682 5678 5744
f 5744 5678 5677
f 5678 5681 5679
f 5679 5681 5621
f 5742 5743 5679
f 5679 5743 5680
f 5618 5621 5628
f 5628 5621 5681
f 5725 5724 5589
f 5589 5724 5684
f 5456 5458 5579
f 5579 5458 5721
f 5675 5683 5673
f 5673 5683 5685
f 5529 5682 5745
f 5745 5682 5744
f 5721 5458 5596
f 5596 5458 5597
f 5701 5540 5719
f 5719 5540 5606
f 5703 5741 5697
f 5697 5741 5696
f 5500 5735 5607
f 5607 5735 5707
f 5549 5746 5493
f 5493 5746 5497
f 5700 5747 5613
f 5613 5747 5538
f 5420 5421 5434
f 5434 5421 5400
f 5689 5693 5531
f 5531 5693 5532
f 5705 5566 5748
f 5748 5566 5567
f 5609 5398 5610
f 5610 5398 5397
f 5669 5406 5568
f 5568 5406 5405
f 5488 5583 5549
f 5549 5583 5746
f 5714 5713 5710
f 5710 5713 5711
f 5747 5468 5538
f 5538 5468 5467
f 5548 5547 5749
f 5749 5547 5750
f 5733 5603 5751
f 5751 5603 5684
f 5589 5602 5590
f 5590 5602 5584
f 5636 5752 5614
f 5614 5752 5615
f 5753 5754 5738
f 5738 5754 5755
f 5602 5601 5584
f 5584 5601 5536
f 5723 5736 5630
f 5630 5736 5640
f 5595 5640 5596
f 5596 5640 5736
f 5734 5499 5745
f 5745 5499 5529
f 5627 5587 5643
f 5643 5587 5586
f 5553 5559 5554
f 5554 5559 5480
f 5559 5561 5480
f 5480 5561 5572
f 5554 5480 5726
f 5726 5480 5479
f 5749 5750 5715
f 5715 5750 5712
f 5683 5612 5686
f 5686 5612 5457
f 5678 5682 5681
f 5681 5682 5667
f 5598 5509 5599
f 5599 5509 5730
f 5679 5621 5742
f 5742 5621 5620
f 5652 5616 5653
f 5653 5616 5615
f 5220 5426 5052
f 5052 5426 5437
f 5487 5488 5550
f 5550 5488 5549
f 5742 5620 5490
f 5490 5620 5491
f 5551 5610 5563
f 5563 5610 5567
f 5610 5397 5567
f 5567 5397 5748
f 5614 5617 5753
f 5753 5617 5754
f 5480 5572 5481
f 5755 5756 5738
f 5738 5756 5709
f 5745 5744 5758
f 5758 5744 5757
f 5745 5758 5734
f 5734 5758 5759
f 5735 5734 5760
f 5760 5734 5759
f 5707 5735 5761
f 5761 5735 5760
f 5744 5677 5757
f 5757 5677 5762
f 5677 5680 5762
f 5762 5680 5763
f 5763 5680 5764
f 5764 5680 5743
f 5765 5766 5762
f 5762 5766 5757
f 5768 5769 5767
f 5767 5769 5770
f 5771 5772 5770
f 5770 5772 5767
f 5770 5769 5774
f 5774 5769 5773
f 5775 5776 5774
f 5774 5776 5777
f 5773 5778 5774
f 5774 5778 5775
f 5779 5766 5773
f 5773 5766 5778
f 5777 5771 5774
f 5774 5771 5770
f 5780 5781 5783
f 5783 5781 5782
f 5781 5780 5771
f 5771 5780 5772
f 5773 5769 5779
f 5779 5769 5768
f 5768 5759 5779
f 5779 5759 5758
f 5768 5784 5759
f 5759 5784 5760
f 5767 5785 5768
f 5768 5785 5784
f 5785 5767 5786
f 5786 5767 5772
f 5766 5779 5757
f 5757 5779 5758
f 5780 5787 5772
f 5772 5787 5786
f 5785 5786 5788
f 5788 5786 5789
f 5786 5787 5789
f 5789 5787 5790
f 5788 5789 5791
f 5791 5789 5792
f 5791 5793 5788
f 5788 5793 5794
f 5795 5792 5790
f 5790 5792 5789
f 5785 5788 5784
f 5784 5788 5794
f 5784 5794 5760
f 5760 5794 5761
f 5787 5780 5796
f 5796 5780 5783
f 5775 5778 5797
f 5797 5778 5766
f 5797 5798 5775
f 5775 5798 5776
f 5766 5765 5797
f 5797 5765 5799
f 5798 5797 5800
f 5800 5797 5799
f 5798 5801 5776
f 5776 5801 5802
f 5707 5761 5694
f 5694 5761 5803
f 5695 5804 5743
f 5743 5804 5764
f 5804 5695 5803
f 5803 5695 5694
f 5803 5793 5804
f 5804 5793 5805
f 5793 5791 5805
f 5805 5791 5806
f 5804 5805 5764
f 5764 5805 5807
f 5803 5761 5793
f 5793 5761 5794
f 5808 5763 5807
f 5807 5763 5764
f 5808 5765 5763
f 5763 5765 5762
f 5809 5799 5808
f 5808 5799 5765
f 5809 5808 5810
f 5810 5808 5807
f 5811 5809 5812
f 5812 5809 5810
f 5805 5806 5807
f 5807 5806 5810
f 5806 5813 5810
f 5810 5813 5812
f 5799 5809 5800
f 5800 5809 5811
f 5815 5800 5814
f 5814 5800 5811
f 5814 5817 5816
f 5816 5817 5818
f 5814 5811 5817
f 5817 5811 5812
f 5814 5816 5815
f 5815 5816 5796
f 5815 5796 5801
f 5801 5796 5783
f 5801 5798 5815
f 5815 5798 5800
f 5791 5792 5806
f 5806 5792 5813
f 5818 5813 5795
f 5795 5813 5792
f 5818 5817 5813
f 5813 5817 5812
f 5816 5818 5790
f 5790 5818 5795
f 5790 5787 5816
f 5816 5787 5796
f 5771 5777 5781
f 5781 5777 5782
f 5782 5802 5783
f 5783 5802 5801
f 5782 5777 5802
f 5802 5777 5776
f 5588 5587 5722
f 5722 5587 5720
f 5591 5619 5592
f 5592 5619 5618
f 5625 5624 5648
f 5648 5624 5649
f 5624 5627 5649
f 5649 5627 5643
f 5631 5630 5725
f 5725 5630 5640
f 5625 5648 5591
f 5591 5648 5619
f 5588 5722 5723
f 5723 5722 5736
f 5631 5725 5592
f 5592 5725 5589
f 5723 5630 5666
f 5666 5630 5629
f 5587 5627 5720
f 5720 5627 5626
f 5820 5821 5819
f 5819 5821 5822
f 5824 5825 5823
f 5823 5825 5826
f 5823 5826 5827
f 5827 5826 5828
f 5829 5830 5832
f 5832 5830 5831
f 5518 5833 5708
f 5708 5833 5834
f 5835 5836 5824
f 5824 5836 5825
f 5838 5839 5837
f 5837 5839 5840
f 5751 5684 5842
f 5842 5684 5841
f 5843 5841 5724
f 5724 5841 5684
f 5845 5846 5844
f 5844 5846 5847
f 5848 5830 5836
f 5836 5830 5825
f 5518 5751 5833
f 5833 5751 5842
f 5839 5838 5821
f 5821 5838 5849
f 5850 5848 5822
f 5822 5848 5836
f 5851 5845 5828
f 5828 5845 5852
f 5854 5855 5853
f 5853 5855 5856
f 5845 5844 5852
f 5852 5844 5857
f 5858 5827 5852
f 5852 5827 5828
f 5851 5828 5829
f 5829 5828 5826
f 5819 5859 5820
f 5820 5859 5860
f 5835 5861 5819
f 5819 5861 5859
f 5851 5829 5862
f 5862 5829 5832
f 5844 5847 5837
f 5837 5847 5834
f 5819 5822 5835
f 5835 5822 5836
f 5823 5863 5824
f 5824 5863 5864
f 5849 5850 5821
f 5821 5850 5822
f 5825 5830 5826
f 5826 5830 5829
f 5820 5860 5865
f 5865 5860 5866
f 5858 5854 5867
f 5867 5854 5853
f 5854 5857 5855
f 5855 5857 5840
f 5855 5865 5856
f 5856 5865 5866
f 5837 5840 5844
f 5844 5840 5857
f 5827 5858 5868
f 5868 5858 5867
f 5824 5864 5835
f 5835 5864 5861
f 5732 5731 5862
f 5862 5731 5846
f 5863 5823 5868
f 5868 5823 5827
f 5843 5831 5848
f 5848 5831 5830
f 5854 5858 5857
f 5857 5858 5852
f 5855 5840 5865
f 5865 5840 5839
f 5865 5839 5820
f 5820 5839 5821
f 5868 5867 5870
f 5870 5867 5869
f 5868 5870 5863
f 5863 5870 5871
f 5863 5871 5864
f 5864 5871 5872
f 5864 5872 5861
f 5861 5872 5873
f 5867 5853 5869
f 5869 5853 5874
f 5853 5856 5874
f 5874 5856 5875
f 5856 5866 5875
f 5875 5866 5876
f 5877 5878 5874
f 5874 5878 5869
f 5880 5881 5879
f 5879 5881 5882
f 5883 5884 5880
f 5880 5884 5881
f 5881 5884 5886
f 5886 5884 5885
f 5887 5888 5886
f 5886 5888 5889
f 5885 5890 5886
f 5886 5890 5887
f 5889 5882 5886
f 5886 5882 5881
f 5882 5891 5879
f 5879 5891 5892
f 5885 5884 5893
f 5893 5884 5883
f 5883 5871 5893
f 5893 5871 5870
f 5883 5894 5871
f 5871 5894 5872
f 5880 5895 5883
f 5883 5895 5894
f 5896 5895 5879
f 5879 5895 5880
f 5893 5878 5885
f 5885 5878 5890
f 5878 5893 5869
f 5869 5893 5870
f 5897 5896 5892
f 5892 5896 5879
f 5895 5896 5898
f 5898 5896 5899
f 5896 5897 5899
f 5899 5897 5900
f 5898 5899 5901
f 5901 5899 5902
f 5901 5903 5898
f 5898 5903 5904
f 5900 5905 5899
f 5899 5905 5902
f 5898 5904 5895
f 5895 5904 5894
f 5894 5904 5872
f 5872 5904 5873
f 5897 5892 5907
f 5907 5892 5906
f 5892 5891 5906
f 5906 5891 5908
f 5887 5890 5909
f 5909 5890 5878
f 5888 5887 5910
f 5910 5887 5909
f 5878 5877 5909
f 5909 5877 5911
f 5909 5911 5910
f 5910 5911 5912
f 5913 5914 5910
f 5910 5914 5888
f 5908 5914 5906
f 5906 5914 5913
f 5861 5873 5859
f 5859 5873 5915
f 5860 5916 5866
f 5866 5916 5876
f 5916 5860 5915
f 5915 5860 5859
f 5915 5903 5916
f 5916 5903 5917
f 5903 5901 5917
f 5917 5901 5918
f 5916 5917 5876
f 5876 5917 5919
f 5903 5915 5904
f 5904 5915 5873
f 5920 5875 5919
f 5919 5875 5876
f 5920 5877 5875
f 5875 5877 5874
f 5920 5921 5877
f 5877 5921 5911
f 5921 5920 5922
f 5922 5920 5919
f 5923 5921 5924
f 5924 5921 5922
f 5917 5918 5919
f 5919 5918 5922
f 5918 5925 5922
f 5922 5925 5924
f 5921 5923 5911
f 5911 5923 5912
f 5927 5912 5926
f 5926 5912 5923
f 5926 5929 5928
f 5928 5929 5930
f 5926 5923 5929
f 5929 5923 5924
f 5926 5928 5927
f 5927 5928 5907
f 5927 5907 5913
f 5913 5907 5906
f 5913 5910 5927
f 5927 5910 5912
f 5901 5902 5918
f 5918 5902 5925
f 5930 5925 5905
f 5905 5925 5902
f 5930 5929 5925
f 5925 5929 5924
f 5928 5930 5900
f 5900 5930 5905
f 5900 5897 5928
f 5928 5897 5907
f 5882 5889 5891
f 5891 5889 5908
f 5908 5889 5914
f 5914 5889 5888
f 5832 5831 5641
f 5641 5831 5639
f 5833 5838 5834
f 5834 5838 5837
f 5842 5841 5849
f 5849 5841 5850
f 5841 5843 5850
f 5850 5843 5848
f 5847 5846 5739
f 5739 5846 5731
f 5842 5849 5833
f 5833 5849 5838
f 5862 5832 5732
f 5732 5832 5641
f 5847 5739 5834
f 5834 5739 5708
f 5862 5846 5851
f 5851 5846 5845
f 5831 5843 5639
f 5639 5843 5724
f 5676 5732 5595
f 5595 5732 5641
f 5676 5461 5660
f 5660 5461 5464
f 5461 5460 5464
f 5464 5460 5465
f 5460 5674 5465
f 5465 5674 5661
f 5931 5932 5934
f 5934 5932 5933
f 5936 5937 5935
f 5935 5937 5938
f 5935 5938 5939
f 5939 5938 5940
f 5942 5943 5941
f 5941 5943 5944
f 5945 5946 5936
f 5936 5946 5937
f 5948 5949 5947
f 5947 5949 5950
f 5951 5952 5519
f 5519 5952 5593
f 5953 5951 5709
f 5709 5951 5519
f 5955 5956 5954
f 5954 5956 5957
f 5958 5942 5946
f 5946 5942 5937
f 5948 5959 5949
f 5949 5959 5933
f 5960 5958 5934
f 5934 5958 5946
f 5961 5955 5940
f 5940 5955 5962
f 5963 5964 5966
f 5966 5964 5965
f 5955 5954 5962
f 5962 5954 5967
f 5968 5939 5962
f 5962 5939 5940
f 5961 5940 5941
f 5941 5940 5938
f 5931 5969 5932
f 5932 5969 5970
f 5945 5971 5931
f 5931 5971 5969
f 5941 5944 5961
f 5961 5944 5972
f 5954 5957 5947
f 5947 5957 5973
f 5945 5931 5946
f 5946 5931 5934
f 5935 5974 5936
f 5936 5974 5975
f 5959 5960 5933
f 5933 5960 5934
f 5937 5942 5938
f 5938 5942 5941
f 5932 5970 5976
f 5976 5970 5977
f 5968 5964 5978
f 5978 5964 5963
f 5965 5964 5950
f 5950 5964 5967
f 5976 5977 5965
f 5965 5977 5966
f 5947 5950 5954
f 5954 5950 5967
f 5939 5968 5979
f 5979 5968 5978
f 5936 5975 5945
f 5945 5975 5971
f 5972 5754 5956
f 5956 5754 5617
f 5974 5935 5979
f 5979 5935 5939
f 5953 5943 5958
f 5958 5943 5942
f 5964 5968 5967
f 5967 5968 5962
f 5965 5950 5976
f 5976 5950 5949
f 5976 5949 5932
f 5932 5949 5933
f 5979 5978 5981
f 5981 5978 5980
f 5979 5981 5974
f 5974 5981 5982
f 5974 5982 5975
f 5975 5982 5983
f 5975 5983 5971
f 5971 5983 5984
f 5978 5963 5980
f 5980 5963 5985
f 5963 5966 5985
f 5985 5966 5986
f 5986 5966 5987
f 5987 5966 5977
f 5988 5989 5985
f 5985 5989 5980
f 5991 5992 5990
f 5990 5992 5993
f 5994 5995 5991
f 5991 5995 5992
f 5992 5995 5997
f 5997 5995 5996
f 5998 5999 5997
f 5997 5999 6000
f 5996 6001 5997
f 5997 6001 5998
f 6000 5993 5997
f 5997 5993 5992
f 6002 6003 5993
f 5993 6003 5990
f 5995 5994 5996
f 5996 5994 6004
f 5994 5982 6004
f 6004 5982 5981
f 5994 6005 5982
f 5982 6005 5983
f 5991 6006 5994
f 5994 6006 6005
f 6006 5991 6007
f 6007 5991 5990
f 5996 6004 6001
f 6001 6004 5989
f 5989 6004 5980
f 5980 6004 5981
f 6003 6008 5990
f 5990 6008 6007
f 6009 6006 6010
f 6010 6006 6007
f 6008 6011 6007
f 6007 6011 6010
f 6012 6009 6013
f 6013 6009 6010
f 6009 6012 6015
f 6015 6012 6014
f 6011 6016 6010
f 6010 6016 6013
f 6006 6009 6005
f 6005 6009 6015
f 6005 6015 5983
f 5983 6015 5984
f 6008 6003 6018
f 6018 6003 6017
f 6003 6002 6017
f 6017 6002 6019
f 5998 6001 6020
f 6020 6001 5989
f 5999 5998 6021
f 6021 5998 6020
f 5989 5988 6020
f 6020 5988 6022
f 6021 6020 6023
f 6023 6020 6022
f 6021 6024 5999
f 5999 6024 6025
f 6019 6025 6017
f 6017 6025 6024
f 5971 5984 5969
f 5969 5984 6026
f 5970 6027 5977
f 5977 6027 5987
f 6027 5970 6026
f 6026 5970 5969
f 6026 6014 6027
f 6027 6014 6028
f 6014 6012 6028
f 6028 6012 6029
f 6027 6028 5987
f 5987 6028 6030
f 6026 5984 6014
f 6014 5984 6015
f 6031 5986 6030
f 6030 5986 5987
f 6031 5988 5986
f 5986 5988 5985
f 6032 6022 6031
f 6031 6022 5988
f 6032 6031 6033
f 6033 6031 6030
f 6034 6032 6035
f 6035 6032 6033
f 6028 6029 6030
f 6030 6029 6033
f 6029 6036 6033
f 6033 6036 6035
f 6032 6034 6022
f 6022 6034 6023
f 6038 6023 6037
f 6037 6023 6034
f 6037 6040 6039
f 6039 6040 6041
f 6037 6034 6040
f 6040 6034 6035
f 6037 6039 6038
f 6038 6039 6018
f 6038 6018 6024
f 6024 6018 6017
f 6024 6021 6038
f 6038 6021 6023
f 6012 6013 6029
f 6029 6013 6036
f 6041 6036 6016
f 6016 6036 6013
f 6041 6040 6036
f 6036 6040 6035
f 6041 6016 6039
f 6039 6016 6011
f 6011 6008 6039
f 6039 6008 6018
f 5993 6000 6002
f 6002 6000 6019
f 6019 6000 6025
f 6025 6000 5999
f 5943 5756 5944
f 5944 5756 5755
f 6042 5948 5973
f 5973 5948 5947
f 5952 5951 5959
f 5959 5951 5960
f 5951 5953 5960
f 5960 5953 5958
f 5616 5957 5617
f 5617 5957 5956
f 6042 5952 5948
f 5948 5952 5959
f 5944 5755 5972
f 5972 5755 5754
f 5957 5616 5973
f 5973 5616 5652
f 5956 5955 5972
f 5972 5955 5961
f 5943 5953 5756
f 5756 5953 5709
f 6044 6045 6043
f 6043 6045 6046
f 6048 6049 6047
f 6047 6049 6050
f 6047 6050 6051
f 6051 6050 6052
f 6054 6055 6053
f 6053 6055 6056
f 6057 6058 6060
f 6060 6058 6059
f 6061 6062 6048
f 6048 6062 6049
f 6063 6064 6066
f 6066 6064 6065
f 6067 6068 6070
f 6070 6068 6069
f 6071 6069 5653
f 5653 6069 6068
f 6072 6073 6075
f 6075 6073 6074
f 6062 6076 6049
f 6049 6076 6054
f 6058 6067 6059
f 6059 6067 6070
f 6064 6077 6065
f 6065 6077 6045
f 6078 6076 6046
f 6046 6076 6062
f 6073 6080 6079
f 6079 6080 6052
f 6082 6083 6081
f 6081 6083 6084
f 6072 6085 6073
f 6073 6085 6080
f 6086 6051 6080
f 6080 6051 6052
f 6079 6052 6053
f 6053 6052 6050
f 6043 6087 6044
f 6044 6087 6088
f 6061 6089 6043
f 6043 6089 6087
f 6053 6056 6079
f 6079 6056 6090
f 6063 6072 6060
f 6060 6072 6075
f 6043 6046 6061
f 6061 6046 6062
f 6047 6091 6048
f 6048 6091 6092
f 6077 6078 6045
f 6045 6078 6046
f 6049 6054 6050
f 6050 6054 6053
f 6044 6088 6093
f 6093 6088 6094
f 6086 6082 6095
f 6095 6082 6081
f 6083 6082 6066
f 6066 6082 6085
f 6093 6094 6083
f 6083 6094 6084
f 6072 6063 6085
f 6085 6063 6066
f 6051 6086 6096
f 6096 6086 6095
f 6048 6092 6061
f 6061 6092 6089
f 5656 5655 6090
f 6090 5655 6074
f 6091 6047 6096
f 6096 6047 6051
f 6071 6055 6076
f 6076 6055 6054
f 6082 6086 6085
f 6085 6086 6080
f 6093 6083 6065
f 6065 6083 6066
f 6044 6093 6045
f 6045 6093 6065
f 6096 6095 6098
f 6098 6095 6097
f 6096 6098 6091
f 6091 6098 6099
f 6091 6099 6092
f 6092 6099 6100
f 6092 6100 6089
f 6089 6100 6101
f 6095 6081 6097
f 6097 6081 6102
f 6081 6084 6102
f 6102 6084 6103
f 6103 6084 6104
f 6104 6084 6094
f 6106 6097 6105
f 6105 6097 6102
f 6107 6108 6110
f 6110 6108 6109
f 6111 6112 6108
f 6108 6112 6109
f 6109 6112 6114
f 6114 6112 6113
f 6114 6115 6117
f 6117 6115 6116
f 6113 6118 6114
f 6114 6118 6115
f 6117 6110 6114
f 6114 6110 6109
f 6110 6119 6107
f 6107 6119 6120
f 6112 6111 6113
f 6113 6111 6121
f 6111 6099 6121
f 6121 6099 6098
f 6111 6122 6099
f 6099 6122 6100
f 6123 6122 6108
f 6108 6122 6111
f 6124 6123 6107
f 6107 6123 6108
f 6113 6121 6118
f 6118 6121 6106
f 6106 6121 6097
f 6097 6121 6098
f 6125 6124 6120
f 6120 6124 6107
f 6126 6123 6127
f 6127 6123 6124
f 6125 6128 6124
f 6124 6128 6127
f 6129 6126 6130
f 6130 6126 6127
f 6126 6129 6132
f 6132 6129 6131
f 6128 6133 6127
f 6127 6133 6130
f 6123 6126 6122
f 6122 6126 6132
f 6122 6132 6100
f 6100 6132 6101
f 6120 6134 6125
f 6125 6134 6135
f 6120 6119 6134
f 6134 6119 6136
f 6115 6118 6137
f 6137 6118 6106
f 6115 6137 6116
f 6116 6137 6138
f 6137 6106 6139
f 6139 6106 6105
f 6138 6137 6140
f 6140 6137 6139
f 6141 6142 6138
f 6138 6142 6116
f 6136 6142 6134
f 6134 6142 6141
f 6089 6101 6087
f 6087 6101 6143
f 6088 6144 6094
f 6094 6144 6104
f 6143 6144 6087
f 6087 6144 6088
f 6131 6145 6143
f 6143 6145 6144
f 6129 6146 6131
f 6131 6146 6145
f 6144 6145 6104
f 6104 6145 6147
f 6143 6101 6131
f 6131 6101 6132
f 6148 6103 6147
f 6147 6103 6104
f 6103 6148 6102
f 6102 6148 6105
f 6148 6149 6105
f 6105 6149 6139
f 6149 6148 6150
f 6150 6148 6147
f 6151 6149 6152
f 6152 6149 6150
f 6145 6146 6147
f 6147 6146 6150
f 6146 6153 6150
f 6150 6153 6152
f 6149 6151 6139
f 6139 6151 6140
f 6155 6140 6154
f 6154 6140 6151
f 6154 6157 6156
f 6156 6157 6158
f 6154 6151 6157
f 6157 6151 6152
f 6154 6156 6155
f 6155 6156 6135
f 6155 6135 6141
f 6141 6135 6134
f 6141 6138 6155
f 6155 6138 6140
f 6146 6129 6153
f 6153 6129 6130
f 6158 6153 6133
f 6133 6153 6130
f 6158 6157 6153
f 6153 6157 6152
f 6156 6158 6128
f 6128 6158 6133
f 6128 6125 6156
f 6156 6125 6135
f 6110 6117 6119
f 6119 6117 6136
f 6136 6117 6142
f 6142 6117 6116
f 6055 5615 6056
f 6056 5615 5752
f 6060 6059 6063
f 6063 6059 6064
f 6077 6070 6078
f 6078 6070 6069
f 6069 6071 6078
f 6078 6071 6076
f 6159 6057 6075
f 6075 6057 6060
f 6059 6070 6064
f 6064 6070 6077
f 6056 5752 6090
f 6090 5752 5656
f 6090 6074 6079
f 6079 6074 6073
f 6055 6071 5615
f 5615 6071 5653
f 5547 5471 6160
f 6160 5471 6161
f 5729 5577 6163
f 6163 5577 6162
f 5577 5576 6162
f 6162 5576 6164
f 5713 6165 5711
f 5711 6165 6166
f 5474 5729 6167
f 6167 5729 6163
f 5750 5547 6168
f 6168 5547 6160
f 5471 5474 6161
f 6161 5474 6167
f 6169 5712 6168
f 6168 5712 5750
f 5711 6166 5576
f 5576 6166 6164
f 6165 5713 6169
f 6169 5713 5712
f 6168 6170 6169
f 6169 6170 6171
f 6169 6171 6165
f 6165 6171 6172
f 6165 6172 6166
f 6166 6172 6173
f 6166 6173 6164
f 6164 6173 6174
f 6168 6160 6170
f 6170 6160 6175
f 6160 6161 6175
f 6175 6161 6176
f 6161 6167 6176
f 6176 6167 6177
f 6179 6170 6178
f 6178 6170 6175
f 6181 6182 6180
f 6180 6182 6183
f 6184 6185 6181
f 6181 6185 6182
f 6186 6187 6185
f 6185 6187 6182
f 6186 6188 6187
f 6187 6188 6189
f 6190 6183 6187
f 6187 6183 6182
f 6183 6190 6191
f 6191 6190 6192
f 6191 6193 6183
f 6183 6193 6180
f 6186 6185 6194
f 6194 6185 6184
f 6184 6172 6194
f 6194 6172 6171
f 6184 6195 6172
f 6172 6195 6173
f 6181 6196 6184
f 6184 6196 6195
f 6196 6181 6197
f 6197 6181 6180
f 6186 6194 6188
f 6188 6194 6179
f 6179 6194 6170
f 6170 6194 6171
f 6193 6198 6180
f 6180 6198 6197
f 6199 6196 6200
f 6200 6196 6197
f 6198 6201 6197
f 6197 6201 6200
f 6202 6199 6203
f 6203 6199 6200
f 6199 6202 6205
f 6205 6202 6204
f 6201 6206 6200
f 6200 6206 6203
f 6196 6199 6195
f 6195 6199 6205
f 6195 6205 6173
f 6173 6205 6174
f 6198 6193 6208
f 6208 6193 6207
f 6193 6191 6207
f 6207 6191 6192
f 6189 6188 6209
f 6209 6188 6179
f 6210 6189 6211
f 6211 6189 6209
f 6209 6179 6212
f 6212 6179 6178
f 6211 6209 6213
f 6213 6209 6212
f 6211 6214 6210
f 6210 6214 6215
f 6192 6215 6207
f 6207 6215 6214
f 6190 6187 6210
f 6210 6187 6189
f 6192 6190 6215
f 6215 6190 6210
f 6162 6164 6216
f 6216 6164 6174
f 6167 6163 6177
f 6177 6163 6217
f 6216 6217 6162
f 6162 6217 6163
f 6204 6218 6216
f 6216 6218 6217
f 6202 6219 6204
f 6204 6219 6218
f 6217 6218 6177
f 6177 6218 6220
f 6216 6174 6204
f 6204 6174 6205
f 6221 6176 6220
f 6220 6176 6177
f 6176 6221 6175
f 6175 6221 6178
f 6221 6222 6178
f 6178 6222 6212
f 6222 6221 6223
f 6223 6221 6220
f 6224 6222 6225
f 6225 6222 6223
f 6218 6219 6220
f 6220 6219 6223
f 6219 6226 6223
f 6223 6226 6225
f 6222 6224 6212
f 6212 6224 6213
f 6228 6213 6227
f 6227 6213 6224
f 6229 6227 6231
f 6231 6227 6230
f 6227 6224 6230
f 6230 6224 6225
f 6227 6229 6228
f 6228 6229 6208
f 6228 6208 6214
f 6214 6208 6207
f 6214 6211 6228
f 6228 6211 6213
f 6219 6202 6226
f 6226 6202 6203
f 6231 6226 6206
f 6206 6226 6203
f 6231 6230 6226
f 6226 6230 6225
f 6229 6231 6201
f 6201 6231 6206
f 6201 6198 6229
f 6229 6198 6208
f 5674 5672 5661
f 5661 5672 5662
f 5662 5672 5663
f 5663 5672 5646
f 5651 6042 5652
f 5652 6042 5973
f 5518 5517 5751
f 5751 5517 5733
f 5738 5660 5753
f 5753 5660 5637
f 5752 5636 5656
f 5656 5636 5526
f 5952 6042 5593
f 5593 6042 5651
f 5593 5651 5594
f 5594 5651 5650
f 5600 5737 5514
f 5514 5737 5515
f 5546 5545 5740
f 5740 5545 6232
f 6232 6058 5740
f 5740 6058 6057
f 6067 6058 6233
f 6233 6058 6232
f 6233 6232 6234
f 6234 6232 5545
f 6234 5545 6235
f 6235 5545 5544
f 5606 6236 5543
f 5543 6236 5544
f 6235 5544 5539
f 5539 5544 6236
f 6237 6235 5542
f 5542 6235 5539
f 6235 6237 6234
f 6234 6237 6238
f 6234 6238 6233
f 6233 6238 6239
f 5653 6068 5650
f 5650 6068 6239
f 5642 5513 6240
f 6240 5513 5516
f 5539 6236 5540
f 5540 6236 5606
f 5636 5614 5637
f 5637 5614 5753
f 6239 5737 5650
f 5650 5737 5594
f 6239 6068 6233
f 6233 6068 6067
f 6075 6074 6159
f 6159 6074 5655
f 6057 6159 5740
f 5740 6159 5655
f 5515 5737 6238
f 6238 5737 6239
f 6238 6237 5515
f 5515 6237 5516
f 5542 6240 6237
f 6237 6240 5516
f 6240 5542 5642
f 5642 5542 5541
f 5702 5699 5541
f 5541 5699 5642
f 5582 5475 5717
f 5470 5443 5537
f 5537 5443 5504
f 5469 5444 5470
f 5470 5444 5443
f 5726 5557 5727
f 5727 5557 5556
f 5537 5504 5511
f 5511 5504 5506
f 5504 5503 5506
f 5506 5503 5507
f 5503 5455 5507
f 5507 5455 5581
f 5455 5454 5581
f 5581 5454 5456
f 5473 5453 5474
f 5474 5453 5729
f 5457 5454 5473
f 5473 5454 5453
f 5473 5472 5457
f 5457 5472 5686
f 5472 5548 5686
f 5686 5548 5687
f 5749 5693 5548
f 5548 5693 5687
f 5715 5532 5749
f 5749 5532 5693
f 5714 5486 5715
f 5715 5486 5532
f 5714 5710 5486
f 5486 5710 5449
f 5728 5578 5729
f 5729 5578 5577
f 5452 5445 5698
f 5698 5445 5558
f 5445 5444 5558
f 5558 5444 5556
f 5444 5469 5556
f 5556 5469 5727
f 5469 5468 5727
f 5727 5468 5555
f 5468 5747 5555
f 5555 5747 5552
f 5747 5700 5552
f 5552 5700 5716
f 5700 5699 5716
f 5716 5699 5717
f 5699 5702 5717
f 5717 5702 5582
f 5702 5701 5582
f 5582 5701 5583
f 5726 5479 5557
f 5557 5479 5483
f 5483 5479 5484
f 5484 5479 5482
f 5534 5533 5482
f 5482 5533 5484
f 5691 5688 5534
f 5534 5688 5533
f 5644 5647 5691
f 5691 5647 5688
f 5719 5746 5701
f 5701 5746 5583
f 5718 5497 5719
f 5719 5497 5746
f 5718 5605 5654
f 5654 5605 5638
f 5498 5654 5657
f 5657 5654 5633
f 5497 5718 5498
f 5498 5718 5654
f 5657 5527 5498
f 5498 5527 5494
f 5528 5570 5495
f 5495 5570 5521
f 5665 5668 5528
f 5528 5668 5570
f 5664 5671 5665
f 5665 5671 5668
f 5645 5741 5664
f 5664 5741 5671
f 5644 5696 5645
f 5645 5696 5741
f 5710 5575 5449
f 5449 5575 5450
f 5575 5578 5450
f 5450 5578 5698
f 5578 5728 5698
f 5698 5728 5452
f 5452 5728 5451
f 5451 5728 5453
f 3619 6241 3620
f 3620 6241 6242
f 6243 6244 3628
f 3628 6244 3629
f 6245 6246 3634
f 3634 6246 3631
f 6247 6248 3636
f 3636 6248 3637
f 6249 6250 3642
f 3642 6250 3639
f 3639 6250 3643
f 3643 6250 6251
f 3743 6252 3744
f 3744 6252 6253
f 6246 6243 3631
f 3631 6243 3628
f 3753 6254 3754
f 3754 6254 6255
f 3857 6256 3619
f 3619 6256 6241
f 6257 6245 3932
f 3932 6245 3634
f 6242 6247 3620
f 3620 6247 3636
f 6258 6259 3946
f 3946 6259 3947
f 6260 6249 3948
f 3948 6249 3642
f 6244 6258 3629
f 3629 6258 3946
f 3947 6259 3753
f 3753 6259 6254
f 6248 6260 3637
f 3637 6260 3948
f 3643 6251 3743
f 3743 6251 6252
f 3744 6253 3932
f 3932 6253 6257
f 6250 6249 6251
f 6251 6249 6252
f 6245 6261 6246
f 6246 6261 6262
f 6263 6264 6247
f 6247 6264 6248
f 6252 6265 6253
f 6253 6265 6266
f 6246 6262 6243
f 6243 6262 6267
f 6268 6261 6257
f 6257 6261 6245
f 6269 6263 6242
f 6242 6263 6247
f 6270 6271 6260
f 6260 6271 6249
f 6264 6270 6248
f 6248 6270 6260
f 6253 6266 6257
f 6257 6266 6268
f 6249 6271 6252
f 6252 6271 6265
f 6254 6259 6272
f 6272 6259 6273
f 6266 6265 6270
f 6270 6265 6271
f 6268 6266 6264
f 6264 6266 6270
f 6261 6268 6263
f 6263 6268 6264
f 6269 6262 6263
f 6263 6262 6261
f 4186 4185 6274
f 6274 4185 6275
f 6241 6276 6242
f 6242 6276 6269
f 6258 6244 6277
f 6277 6244 6278
f 6256 6279 6241
f 6241 6279 6276
f 6259 6258 6273
f 6273 6258 6277
f 6243 6267 6244
f 6244 6267 6278
f 6276 6267 6269
f 6269 6267 6262
f 6254 6272 6255
f 6255 6272 6280
f 3865 3713 3888
f 3888 3713 3685
f 5242 5233 3892
f 3892 5233 3711
f 3900 5243 3892
f 3892 5243 5242
f 3734 3866 3900
f 3900 3866 5243
f 4117 6281 4118
f 4118 6281 6282
f 4118 6282 4278
f 4278 6282 4879
f 4717 4887 4718
f 4718 4887 4280
f 4792 4278 4882
f 4882 4278 4879
f 4795 4792 6283
f 6283 4792 4882
f 4852 4851 5012
f 5012 4851 6284
f 4856 5207 4857
f 4857 5207 4858
f 4860 4279 4857
f 4857 4279 4854
f 4718 4280 4860
f 4860 4280 4279
f 4864 4863 4745
f 4745 4863 4742
f 5366 4867 5011
f 5011 4867 4866
f 4871 4884 4872
f 4872 4884 4883
f 4872 4883 4117
f 4117 4883 6281
f 6284 4851 6283
f 6283 4851 4795
f 4852 4866 4853
f 4853 4866 4865
f 4871 4870 4856
f 4856 4870 5207
f 4717 4716 4864
f 4864 4716 4861
f 4868 4867 4862
f 4862 4867 4863
f 4268 4855 4269
f 4269 4855 4854
f 4281 4274 4282
f 4282 4274 4765
f 4744 4743 4907
f 4907 4743 4904
f 4874 4881 4820
f 4820 4881 4880
f 4885 5013 4886
f 4886 5013 4980
f 4888 4275 4281
f 4281 4275 4274
f 4902 6282 4903
f 4903 6282 6281
f 6283 4979 6284
f 6284 4979 4978
f 4282 4765 4269
f 4269 4765 4266
f 4880 4879 4902
f 4902 4879 6282
f 4903 6281 4886
f 4886 6281 4883
f 4882 4881 6283
f 6283 4881 4979
f 5013 4885 4267
f 4267 4885 4268
f 4888 4887 4744
f 4744 4887 4745
f 4410 6285 4411
f 4411 6285 4812
f 4750 4749 6286
f 6286 4749 6287
f 6289 4695 6288
f 6288 4695 4255
f 4750 4675 4751
f 4751 4675 4965
f 6290 6291 4963
f 4963 6291 4960
f 4807 4806 4411
f 4411 4806 4408
f 6292 6293 4959
f 4959 6293 4956
f 4958 6294 4959
f 4959 6294 4955
f 4962 4964 4963
f 4963 4964 4805
f 4962 4961 4751
f 4751 4961 4748
f 6296 6297 6295
f 6295 6297 6298
f 6299 6300 6288
f 6288 6300 4735
f 6302 4961 6301
f 6301 4961 4960
f 6304 6287 6303
f 6303 6287 4749
f 4968 6305 4969
f 4969 6305 6306
f 4413 6308 6307
f 6307 6308 4900
f 6301 4960 6309
f 6309 4960 6291
f 4412 4408 6310
f 6310 4408 4806
f 4696 6311 4256
f 4256 6311 6312
f 6303 4749 6313
f 6313 4749 4748
f 6313 4748 6302
f 6302 4748 4961
f 6315 6316 6314
f 6314 6316 6317
f 4084 6318 6315
f 6315 6318 6316
f 4083 6319 4084
f 4084 6319 6318
f 4112 6320 4083
f 4083 6320 6319
f 6322 4138 6321
f 6321 4138 4137
f 6324 4128 6323
f 6323 4128 4127
f 4127 4193 6323
f 6323 4193 6325
f 4193 4891 6325
f 6325 4891 6326
f 4891 6327 6326
f 6326 6327 6328
f 6327 4824 5227
f 5227 4824 5228
f 5231 4684 6329
f 6329 4684 4683
f 4683 4099 6329
f 6329 4099 6330
f 4099 4102 6330
f 6330 4102 6331
f 4174 4826 4429
f 4429 4826 4829
f 4173 4741 4174
f 4174 4741 4826
f 4180 4738 4173
f 4173 4738 4741
f 6332 6333 4180
f 4180 6333 4738
f 6274 6334 4186
f 4186 6334 4188
f 4181 4825 4180
f 4180 4825 6332
f 5044 5213 5045
f 5045 5213 5165
f 5046 5087 5047
f 5047 5087 5222
f 5077 5063 5078
f 5078 5063 5198
f 5081 5099 5082
f 5082 5099 5194
f 5095 5074 5096
f 5096 5074 5073
f 5373 5170 5096
f 5096 5170 5093
f 5375 5171 5373
f 5373 5171 5170
f 5047 5222 5375
f 5375 5222 5171
f 5046 5038 5376
f 5376 5038 5067
f 5377 5086 5376
f 5376 5086 5085
f 5045 5165 5377
f 5377 5165 5086
f 5378 5214 5044
f 5044 5214 5213
f 5077 5034 5378
f 5378 5034 5214
f 5082 5194 5078
f 5078 5194 5035
f 5081 5080 5379
f 5379 5080 6335
f 5379 6335 5095
f 5095 6335 5074
f 5032 5080 5033
f 5033 5080 5079
f 5040 5017 5041
f 5041 5017 5016
f 5050 5043 5051
f 5051 5043 5042
f 5065 5023 5066
f 5066 5023 5022
f 5050 5049 5065
f 5065 5049 5023
f 5041 5016 5068
f 5068 5016 5020
f 5071 5374 5072
f 5072 5374 5200
f 5075 5156 5076
f 5076 5156 5155
f 5162 5212 5068
f 5068 5212 5067
f 5075 5074 5192
f 5192 5074 6335
f 5066 5022 5199
f 5199 5022 5196
f 5076 5155 5072
f 5072 5155 5069
f 5040 5039 5071
f 5071 5039 5374
f 5162 5161 5051
f 5051 5161 5048
f 5192 6335 5032
f 5032 6335 5080
f 5199 5196 5033
f 5033 5196 5030
f 5018 5211 5019
f 5019 5211 5408
f 5019 5408 5021
f 5021 5408 5163
f 5024 5057 5025
f 5025 5057 5415
f 5028 5048 5029
f 5029 5048 5161
f 5054 5031 5055
f 5055 5031 5030
f 5024 5023 5058
f 5058 5023 5049
f 5061 5070 5062
f 5062 5070 5069
f 5157 5438 5158
f 5158 5438 5442
f 5160 5191 5054
f 5054 5191 5031
f 5029 5161 5021
f 5021 5161 5020
f 5025 5415 5197
f 5197 5415 5220
f 5158 5442 5062
f 5062 5442 5059
f 5018 5017 5061
f 5061 5017 5070
f 5160 5159 5157
f 5157 5159 5438
f 5028 5027 5058
f 5058 5027 5056
f 5055 5030 5197
f 5197 5030 5196
f 5409 5380 5410
f 5410 5380 6336
f 5026 5413 5027
f 5027 5413 5412
f 5396 5417 5393
f 5393 5417 5416
f 5416 5057 5419
f 5419 5057 5056
f 5417 5396 5426
f 5426 5396 5420
f 5427 5423 5428
f 5428 5423 5422
f 5427 5059 5430
f 5430 5059 5442
f 5409 5408 5433
f 5433 5408 5211
f 5433 5211 5428
f 5428 5211 5060
f 5412 5411 5419
f 5419 5411 5418
f 5436 5053 5437
f 5437 5053 5052
f 5439 5402 5440
f 5440 5402 5401
f 5436 5435 5439
f 5439 5435 5402
f 5410 6336 5413
f 5413 6336 5414
f 5440 5401 5430
f 5430 5401 5429
f 5426 5420 5437
f 5437 5420 5434
f 5382 5432 5383
f 5383 5432 5384
f 5386 6336 5383
f 5383 6336 5380
f 6336 5386 5414
f 5414 5386 5388
f 5391 5418 5392
f 5392 5418 5411
f 5705 5395 5704
f 5704 5395 5394
f 5399 5435 5400
f 5400 5435 5434
f 5403 5441 5404
f 5404 5441 5405
f 5407 5429 5404
f 5404 5429 5401
f 5395 5705 5421
f 5421 5705 5748
f 5424 5706 5425
f 5425 5706 5431
f 5391 5390 5394
f 5394 5390 5704
f 5392 5388 5389
f 5389 5388 5387
f 5382 5381 5425
f 5425 5381 5422
f 5407 5406 5424
f 5424 5406 5706
f 5403 5402 5399
f 5399 5402 5435
f 5421 5748 5400
f 5400 5748 5397
f 4097 4721 4098
f 4098 4721 4231
f 4233 5273 4098
f 4098 5273 4095
f 6337 6338 4785
f 4785 6338 4786
f 4076 4780 4073
f 4073 4780 4781
f 4782 4190 4781
f 4781 4190 4073
f 4783 4901 4782
f 4782 4901 4190
f 4780 4076 4097
f 4097 4076 4721
f 6337 2879 4701
f 4701 2879 2878
f 5280 6339 5272
f 5272 6339 6340
f 5282 5281 6341
f 6341 5281 6342
f 4109 6302 4110
f 4110 6302 6301
f 4283 6304 4284
f 4284 6304 6303
f 6305 4379 6306
f 6306 4379 4378
f 4110 6301 4428
f 4428 6301 6309
f 6310 4688 4412
f 4412 4688 4687
f 4284 6303 4753
f 4753 6303 6313
f 4753 6313 4109
f 4109 6313 6302
f 6343 5226 4428
f 4428 5226 4427
f 4147 4900 4416
f 4416 4900 6308
f 6312 6311 4241
f 4241 6311 4720
f 5223 6344 4702
f 4702 6344 4699
f 4221 4220 6345
f 6345 4220 6346
f 5276 5275 6347
f 6347 5275 6348
f 5275 4728 6348
f 6348 4728 6349
f 4727 6350 5284
f 5284 6350 5285
f 6351 6352 6354
f 6354 6352 6353
f 5313 5312 5292
f 5292 5312 5293
f 5312 5344 5293
f 5293 5344 5337
f 5344 4914 5337
f 5337 4914 4916
f 4914 4913 4916
f 4916 4913 4917
f 4913 6355 4917
f 4917 6355 4978
f 6356 6357 6284
f 6284 6357 5012
f 6357 6358 5012
f 5012 6358 5011
f 5011 6358 5366
f 5366 6358 6359
f 6360 4742 6359
f 6359 4742 5366
f 4743 6361 4904
f 4904 6361 5364
f 5363 4905 5364
f 5364 4905 4904
f 5363 6362 4905
f 4905 6362 4207
f 6362 6363 4207
f 4207 6363 4208
f 6363 5342 4208
f 4208 5342 5330
f 5342 5341 5330
f 5330 5341 4244
f 5341 6364 4244
f 4244 6364 4245
f 6364 6365 4245
f 4245 6365 4246
f 6366 6367 4253
f 4253 6367 4250
f 4214 6368 4211
f 4211 6368 4380
f 4380 4379 4211
f 4211 4379 4283
f 4379 6305 4283
f 4283 6305 6304
f 6305 4968 6304
f 6304 4968 6287
f 4968 4967 6287
f 6287 4967 6286
f 4967 6297 6286
f 6286 6297 4676
f 6296 4376 4288
f 4288 4376 4285
f 4376 4373 4285
f 4285 4373 4290
f 6369 6370 6372
f 6372 6370 6371
f 5245 6373 5246
f 5246 6373 6374
f 4317 6375 4318
f 4318 6375 6376
f 4331 6377 4332
f 4332 6377 6378
f 6379 4333 6376
f 6376 4333 4318
f 4343 6380 4344
f 4344 6380 6381
f 4347 6382 4348
f 4348 6382 6383
f 4374 6371 4331
f 4331 6371 6377
f 4333 6379 4426
f 4426 6379 6384
f 4690 6385 4347
f 4347 6385 6382
f 4332 6378 4317
f 4317 6378 6375
f 4922 6386 4923
f 4923 6386 6387
f 6388 6389 4375
f 4375 6389 6390
f 6355 6356 4978
f 4978 6356 6284
f 4742 6360 4743
f 4743 6360 6361
f 6391 4238 6392
f 6392 4238 4719
f 6392 4719 6393
f 6393 4719 5296
f 6395 6396 6394
f 6394 6396 6397
f 6399 6400 6398
f 6398 6400 6401
f 6402 5302 6403
f 6403 5302 5303
f 5303 5321 6403
f 6403 5321 6404
f 5320 6405 5321
f 5321 6405 6404
f 5319 6406 5350
f 5350 6406 5351
f 5319 5318 6406
f 6406 5318 6407
f 5288 4197 6408
f 6408 4197 6409
f 4217 4216 6410
f 6410 4216 6411
f 5227 6412 6327
f 6327 6412 6328
f 4892 6413 5227
f 5227 6413 6412
f 4228 6414 4892
f 4892 6414 6413
f 4227 6415 4228
f 4228 6415 6414
f 4248 6416 4227
f 4227 6416 6415
f 4247 6417 4248
f 4248 6417 6416
f 6417 4247 6419
f 6419 4247 6418
f 6419 6418 6421
f 6421 6418 6420
f 6422 5301 6423
f 6423 5301 5300
f 6423 5300 6424
f 6424 5300 6399
f 6408 6409 6398
f 6398 6409 6425
f 6426 6427 6397
f 6397 6427 6394
f 6428 4224 6429
f 6429 4224 4223
f 6347 6346 5276
f 5276 6346 4220
f 6346 6347 6341
f 6341 6347 6339
f 5280 5278 5282
f 5282 5278 4236
f 4896 5224 4684
f 4684 5224 4681
f 4132 4135 4896
f 4896 4135 5224
f 4131 4136 4132
f 4132 4136 4135
f 4226 4754 4131
f 4131 4754 4136
f 4251 4213 4226
f 4226 4213 4754
f 4250 4214 4251
f 4251 4214 4213
f 4250 6367 4214
f 4214 6367 6368
f 6367 4910 6368
f 6368 4910 4737
f 4909 5297 4736
f 4736 5297 5296
f 5297 6395 5296
f 5296 6395 6393
f 6427 6430 6394
f 6394 6430 6431
f 6429 4383 6428
f 6428 4383 4382
f 4219 5277 4220
f 4220 5277 5276
f 4222 4697 4383
f 4383 4697 4218
f 6345 4699 4221
f 4221 4699 6344
f 6342 4700 6345
f 6345 4700 4699
f 4235 4786 5281
f 5281 4786 6338
f 4234 4787 4235
f 4235 4787 4786
f 5279 5278 6432
f 6432 5278 5271
f 4237 5279 6433
f 6433 5279 6432
f 4787 4234 6433
f 6433 4234 4237
f 6435 6436 6434
f 6434 6436 6437
f 6359 6438 6360
f 6360 6438 6437
f 6439 6440 6441
f 6441 6440 6438
f 6443 6439 6442
f 6442 6439 6441
f 6357 6356 6442
f 6442 6356 6444
f 6444 6446 6445
f 6445 6446 6447
f 4912 6446 4913
f 4913 6446 6355
f 6361 6436 5364
f 5364 6436 5365
f 5319 5350 5316
f 5316 5350 6448
f 4832 6449 5350
f 5350 6449 6448
f 4831 6450 4832
f 4832 6450 6449
f 5354 6451 5320
f 5320 6451 6405
f 4265 6452 5354
f 5354 6452 6451
f 4264 6453 4265
f 4265 6453 6452
f 6450 4831 6447
f 6447 4831 6445
f 4263 6435 4264
f 4264 6435 6434
f 6454 6453 6439
f 6439 6453 6440
f 6439 6443 6454
f 6454 6443 4834
f 4833 6455 4834
f 4834 6455 6454
f 5351 6456 4833
f 4833 6456 6455
f 6457 6391 6458
f 6458 6391 6392
f 6458 6392 6431
f 6431 6392 6393
f 5298 6396 5297
f 5297 6396 6395
f 6402 6400 5302
f 5302 6400 5299
f 6402 6403 6459
f 6459 6403 6460
f 6460 6403 6461
f 6461 6403 6404
f 6405 6462 6404
f 6404 6462 6461
f 6406 6462 5351
f 5351 6462 6456
f 6406 6407 6462
f 6462 6407 6461
f 6407 6463 6461
f 6461 6463 6460
f 6463 6464 6460
f 6460 6464 6459
f 6464 6465 6459
f 6459 6465 6401
f 6430 6466 6431
f 6431 6466 6458
f 6466 6410 6458
f 6458 6410 6457
f 6410 6411 6457
f 6457 6411 6467
f 6396 6424 6397
f 6397 6424 6425
f 6393 6395 6431
f 6431 6395 6394
f 6451 6456 6405
f 6405 6456 6462
f 6452 6455 6451
f 6451 6455 6456
f 6453 6454 6452
f 6452 6454 6455
f 6443 6445 4834
f 4834 6445 4831
f 6440 6453 6434
f 6434 6453 4264
f 6468 5306 5360
f 5360 5306 5305
f 6469 4124 6468
f 6468 4124 5306
f 6470 4125 6469
f 6469 4125 4124
f 6471 5291 6470
f 6470 5291 4125
f 6353 5292 6471
f 6471 5292 5291
f 5292 6353 5313
f 5313 6353 6352
f 5347 5314 6352
f 6352 5314 5313
f 5353 5318 5346
f 5346 5318 5317
f 5334 6468 5358
f 5358 6468 5360
f 5324 6469 5334
f 5334 6469 6468
f 5323 6470 5324
f 5324 6470 6469
f 5343 6471 5323
f 5323 6471 6470
f 6354 6353 5343
f 5343 6353 6471
f 6348 6349 4270
f 4270 6349 5311
f 5272 6340 5273
f 5273 6340 4272
f 6432 5271 4232
f 4232 5271 4233
f 4294 6432 4295
f 4295 6432 4232
f 6432 4294 6433
f 6433 4294 4301
f 4301 4300 6433
f 6433 4300 4787
f 4704 4784 4300
f 4300 4784 4787
f 4704 3013 4784
f 4784 3013 1307
f 5103 6472 5104
f 5104 6472 5202
f 5108 5116 5105
f 5105 5116 5115
f 5111 5124 5112
f 5112 5124 5123
f 5154 5205 5105
f 5105 5205 5106
f 5167 5180 5168
f 5168 5180 5185
f 5175 5188 5176
f 5176 5188 5187
f 5112 5123 5178
f 5178 5123 5120
f 5167 5090 5183
f 5183 5090 5089
f 5210 5151 5183
f 5183 5151 5181
f 5216 5138 5217
f 5217 5138 5137
f 5218 5119 5219
f 5219 5119 5221
f 5218 5178 5119
f 5119 5178 5120
f 5217 5137 5104
f 5104 5137 5101
f 5116 5108 5221
f 5221 5108 5219
f 5111 5110 5210
f 5210 5110 5151
f 5154 5153 5103
f 5103 5153 6472
f 5216 5215 5176
f 5176 5215 5173
f 5175 5174 5168
f 5168 5174 5166
f 5091 5172 5092
f 5092 5172 5208
f 5117 5037 5118
f 5118 5037 5036
f 5121 5164 5122
f 5122 5164 5133
f 5125 5084 5126
f 5126 5084 5083
f 5129 5174 5130
f 5130 5174 5173
f 5131 5202 5132
f 5132 5202 6472
f 5135 5221 5122
f 5122 5221 5119
f 5125 5124 5136
f 5136 5124 5209
f 5126 5083 5121
f 5121 5083 5164
f 5118 5036 5195
f 5195 5036 5193
f 5131 5097 5203
f 5203 5097 5114
f 5132 6472 5195
f 5195 6472 5153
f 5136 5209 5092
f 5092 5209 5089
f 5135 5134 5117
f 5117 5134 5037
f 5362 5206 5130
f 5130 5206 5127
f 5372 5371 5128
f 5128 5371 5129
f 5371 5372 5091
f 5091 5372 5172
f 5362 5215 5203
f 5203 5215 5201
f 6463 6407 5353
f 5353 6407 5318
f 6464 6463 5352
f 5352 6463 5353
f 6408 6465 5288
f 5288 6465 5289
f 4196 4224 6426
f 6426 4224 6427
f 6430 6427 6428
f 6428 6427 4224
f 6466 6430 4382
f 4382 6430 6428
f 6410 6466 4217
f 4217 6466 4382
f 4240 4239 3015
f 3015 4239 3016
f 4254 4257 3017
f 3017 4257 3018
f 6473 6474 4732
f 4732 6474 6475
f 6474 6374 6475
f 6475 6374 6373
f 5246 6374 3022
f 3022 6374 3023
f 4254 6299 4255
f 4255 6299 6288
f 6473 6300 3024
f 3024 6300 3025
f 6476 4257 6312
f 6312 4257 4256
f 4240 6476 4241
f 4241 6476 6312
f 6477 4239 6391
f 6391 4239 4238
f 6467 6477 6457
f 6457 6477 6391
f 6411 3029 6467
f 6467 3029 3028
f 4216 3030 6411
f 6411 3030 3029
f 6479 6480 6478
f 6478 6480 6481
f 6483 6484 6482
f 6482 6484 6485
f 6486 6487 4102
f 4102 6487 6331
f 6483 6488 6478
f 6478 6488 6489
f 4429 4829 6490
f 6490 4829 6479
f 6491 6486 4101
f 4101 6486 4102
f 4895 6491 4899
f 4899 6491 4101
f 4160 6488 4157
f 4157 6488 6492
f 6489 4087 6490
f 6490 4087 4090
f 4267 4261 5013
f 5013 4261 4260
f 4258 4261 5328
f 5328 4261 4975
f 4261 4267 4975
f 4975 4267 4266
f 5367 3793 3912
f 3912 3793 3575
f 6494 3616 6493
f 6493 3616 3795
f 6496 3589 6495
f 6495 3589 3588
f 6495 3588 5368
f 5368 3588 3794
f 3841 3840 3050
f 3050 3840 3051
f 3912 3911 3052
f 3052 3911 3053
f 3929 3930 3054
f 3054 3930 3055
f 5370 3930 3916
f 3916 3930 3923
f 3938 5369 3807
f 3807 5369 3915
f 3589 6496 3806
f 3806 6496 3937
f 3938 3937 3056
f 3056 3937 3057
f 3051 3840 3058
f 3058 3840 3943
f 3730 4808 3727
f 3727 4808 3943
f 3820 3951 3795
f 3795 3951 6493
f 3951 3841 3059
f 3059 3841 3050
f 3911 3574 6494
f 6494 3574 3616
f 3823 3929 3824
f 3824 3929 3952
f 4061 4060 3060
f 3060 4060 3061
f 6497 6498 4901
f 4901 6498 4790
f 6333 6499 4738
f 4738 6499 4739
f 6500 6501 6314
f 6314 6501 4418
f 6502 6275 4417
f 4417 6275 4185
f 6503 6497 4783
f 4783 6497 4901
f 6498 4060 4790
f 4790 4060 4059
f 4808 4061 3069
f 3069 4061 3060
f 5367 3071 5368
f 5368 3071 3070
f 5369 3073 5370
f 5370 3073 3072
f 6274 6275 3074
f 3074 6275 3075
f 6499 6504 4739
f 4739 6504 6317
f 6333 6332 3077
f 3077 6332 3078
f 6334 6274 3079
f 3079 6274 3074
f 6332 4825 3078
f 3078 4825 3080
f 6334 6503 4188
f 4188 6503 4783
f 4825 4689 3080
f 3080 4689 1330
f 6506 4747 6505
f 6505 4747 4746
f 6505 6507 6506
f 6506 6507 6508
f 4297 6509 4920
f 4920 6509 6510
f 4296 6511 4297
f 4297 6511 6509
f 6506 6508 4319
f 4319 6508 6512
f 4372 4371 6514
f 6514 4371 6513
f 6511 4296 5251
f 5251 4296 4305
f 5251 5250 6511
f 6511 5250 6515
f 6516 6509 6515
f 6515 6509 6511
f 6517 6507 6519
f 6519 6507 6518
f 6512 6520 6513
f 6513 6520 6514
f 6507 6517 6508
f 6508 6517 6521
f 5249 6523 6522
f 6522 6523 6524
f 6525 6370 5253
f 5253 6370 6526
f 4370 4323 4371
f 4371 4323 4326
f 4370 3103 4323
f 4323 3103 1541
f 6521 6517 6527
f 6527 6517 6519
f 6520 6528 6514
f 6514 6528 6529
f 6531 6532 6530
f 6530 6532 6533
f 5250 6534 6515
f 6515 6534 6535
f 6530 6533 6536
f 6536 6533 6537
f 6526 6538 6534
f 6534 6538 6537
f 6515 6535 6516
f 6516 6535 6539
f 4325 4321 4326
f 4326 4321 4320
f 4371 4326 6513
f 6513 4326 4320
f 6531 4731 6541
f 6541 4731 6540
f 4731 4730 6540
f 6540 4730 6542
f 4730 3121 6542
f 6542 3121 3120
f 6530 4328 6531
f 6531 4328 4731
f 4328 6530 4329
f 4329 6530 6536
f 4329 6536 6524
f 6524 6536 6543
f 6544 6545 6522
f 6522 6545 5248
f 6389 6388 5245
f 5245 6388 6373
f 6388 6546 6373
f 6373 6546 6475
f 4733 6546 6295
f 6295 6546 4377
f 4732 6475 4733
f 4733 6475 6546
f 4393 4432 4394
f 4394 4432 4435
f 4434 4672 4842
f 4842 4672 4671
f 4440 4439 4441
f 4441 4439 4438
f 4436 4450 4437
f 4437 4450 4398
f 4447 4444 4448
f 4448 4444 4392
f 4446 4464 4433
f 4433 4464 6547
f 4454 4423 4455
f 4455 4423 4422
f 4452 4481 4453
f 4453 4481 4480
f 4458 4389 4459
f 4459 4389 4388
f 4456 4471 4457
f 4457 4471 4468
f 4391 4460 4392
f 4392 4460 4448
f 4461 4467 4445
f 4445 4467 4465
f 4437 4398 4629
f 4629 4398 4397
f 4438 4628 4441
f 4441 4628 4631
f 4841 4629 4839
f 4839 4629 4397
f 4628 4842 4631
f 4631 4842 4671
f 4930 4989 4452
f 4452 4989 4481
f 4929 4927 4436
f 4436 4927 4450
f 4933 4387 4934
f 4934 4387 4386
f 4931 4475 4932
f 4932 4475 4474
f 4936 4449 4933
f 4933 4449 4387
f 4935 4472 4456
f 4456 4472 4471
f 4389 4458 4391
f 4391 4458 4460
f 4457 4468 4461
f 4461 4468 4467
f 4934 4386 4454
f 4454 4386 4423
f 4453 4480 4931
f 4931 4480 4475
f 4575 4997 4576
f 4576 4997 4639
f 4579 4596 4580
f 4580 4596 4595
f 4583 4582 4572
f 4572 4582 4569
f 4587 4944 4588
f 4588 4944 4562
f 4588 4562 4590
f 4590 4562 4561
f 4576 4639 4642
f 4642 4639 4638
f 4642 4845 4641
f 4641 4845 4846
f 4845 4590 4846
f 4846 4590 4561
f 4941 4938 4595
f 4595 4938 4580
f 4938 4940 4668
f 4668 4940 4669
f 4583 4942 4584
f 4584 4942 4947
f 4582 4587 4569
f 4569 4587 4586
f 5000 5001 4579
f 4579 5001 4596
f 4558 4560 4585
f 4585 4560 4586
f 4565 4639 4566
f 4566 4639 4997
f 4568 4567 4577
f 4577 4567 4578
f 4570 4554 4571
f 4571 4554 4556
f 4640 4565 4637
f 4637 4565 4546
f 4662 4664 4665
f 4665 4664 4844
f 4662 4558 4589
f 4589 4558 4585
f 4554 4570 4557
f 4557 4570 4560
f 4571 4667 4572
f 4572 4667 4943
f 4551 4670 4552
f 4552 4670 4666
f 4640 4664 4638
f 4638 4664 4663
f 4670 4568 4668
f 4668 4568 4577
f 4999 4996 4566
f 4566 4996 4543
f 4608 4564 4603
f 4603 4564 4563
f 4573 4593 4574
f 4574 4593 4592
f 4597 4614 4598
f 4598 4614 4613
f 4601 4600 4584
f 4584 4600 4581
f 4563 4562 4604
f 4604 4562 4944
f 4643 4593 4641
f 4641 4593 4573
f 4643 4847 4644
f 4644 4847 4848
f 4564 4847 4561
f 4561 4847 4846
f 4945 4941 4598
f 4598 4941 4595
f 4941 4945 4939
f 4939 4945 4946
f 4601 4948 4602
f 4602 4948 4620
f 4600 4604 4581
f 4581 4604 4944
f 5002 5003 4597
f 4597 5003 4614
f 4988 4759 4953
f 4953 4759 4402
f 4706 6548 4707
f 4707 6548 6549
f 4311 4928 4419
f 4419 4928 6550
f 4921 4920 6551
f 6551 4920 6552
f 4925 6553 4926
f 4926 6553 6554
f 4928 4921 4802
f 4802 4921 6551
f 6555 4985 6550
f 6550 4985 4419
f 4952 6556 4953
f 4953 6556 4649
f 4971 6557 4706
f 4706 6557 6548
f 4988 4648 4925
f 4925 4648 6553
f 4707 6549 5006
f 5006 6549 4987
f 4920 6510 6552
f 6552 6510 6518
f 6558 6510 6516
f 6516 6510 6509
f 6559 6558 6539
f 6539 6558 6516
f 6531 6541 6532
f 6532 6541 6560
f 6540 6561 6541
f 6541 6561 6529
f 6542 6562 6540
f 6540 6562 6561
f 6542 3120 6562
f 6562 3120 3142
f 4366 6563 4760
f 4760 6563 4970
f 4815 6564 4816
f 4816 6564 6565
f 3147 3146 6565
f 6565 3146 4816
f 6564 6563 6565
f 6565 6563 6566
f 4837 4385 4357
f 4357 4385 4358
f 6565 6566 3147
f 3147 6566 3149
f 4694 1209 3150
f 5247 5249 5248
f 5248 5249 6522
f 6372 6390 6545
f 6545 6390 6389
f 6375 5254 6376
f 6376 5254 5258
f 6377 6525 6378
f 6378 6525 5255
f 5260 6379 5258
f 5258 6379 6376
f 6380 6567 6381
f 6381 6567 6568
f 6382 6569 6383
f 6383 6569 6570
f 6377 6371 6525
f 6525 6371 6370
f 6379 5260 6384
f 6384 5260 6571
f 6385 6572 6382
f 6382 6572 6569
f 6378 5255 6375
f 6375 5255 5254
f 6386 6573 6387
f 6387 6573 6574
f 6545 6389 5248
f 5248 6389 5245
f 4675 4750 4676
f 4676 4750 6286
f 4734 6289 4735
f 4735 6289 6288
f 4804 6290 4805
f 4805 6290 4963
f 4811 4807 4812
f 4812 4807 4411
f 4954 6292 4955
f 4955 6292 4959
f 4964 4962 4965
f 4965 4962 4751
f 6285 4821 4812
f 4812 4821 4809
f 4675 4287 4965
f 4965 4287 4210
f 6294 4145 4955
f 4955 4145 4154
f 4964 4120 4805
f 4805 4120 4119
f 6298 4966 4734
f 4734 4966 6289
f 6300 6473 4735
f 4735 6473 4732
f 6297 6296 4676
f 4676 6296 4288
f 6523 3160 4330
f 4330 3160 3159
f 5253 5252 6525
f 6525 5252 5255
f 5256 5252 4305
f 4305 5252 5251
f 4304 5257 4305
f 4305 5257 5256
f 4424 5259 4304
f 4304 5259 5257
f 5261 6571 5259
f 5259 6571 5260
f 5262 6573 5261
f 5261 6573 6571
f 5264 6567 5265
f 5265 6567 6574
f 5266 6572 5267
f 5267 6572 6568
f 5268 6570 5269
f 5269 6570 6569
f 1807 3161 5268
f 5268 3161 6570
f 6524 6523 4329
f 4329 6523 4330
f 5253 6526 5250
f 5250 6526 6534
f 6543 6538 6544
f 6544 6538 6369
f 6524 6543 6522
f 6522 6543 6544
f 3071 5367 3052
f 3052 5367 3912
f 6493 3163 6494
f 6494 3163 3162
f 3164 445 3771
f 3771 445 3761
f 461 3165 3919
f 3919 3165 3920
f 330 410 3839
f 3839 410 3910
f 332 331 3552
f 3552 331 3551
f 464 304 3918
f 3918 304 3816
f 385 458 3766
f 3766 458 3894
f 412 415 3762
f 3762 415 3763
f 3166 337 3748
f 3748 337 3745
f 3072 3055 5370
f 5370 3055 3930
f 3073 5369 3056
f 3056 5369 3938
f 3167 3057 6496
f 6496 3057 3937
f 3069 3058 4808
f 4808 3058 3943
f 411 3166 3851
f 3851 3166 3748
f 3059 3163 3951
f 3951 3163 6493
f 336 3164 3772
f 3772 3164 3771
f 3053 3911 3162
f 3162 3911 6494
f 3054 3168 3929
f 3929 3168 3952
f 3165 830 3920
f 3920 830 3945
f 3170 3169 6497
f 6497 3169 6498
f 3171 1354 5005
f 5005 1354 4830
f 3172 3170 6503
f 6503 3170 6497
f 3169 3061 6498
f 6498 3061 4060
f 3173 3171 5006
f 5006 3171 5005
f 3079 3172 6334
f 6334 3172 6503
f 3174 3025 6299
f 6299 3025 6300
f 6576 6577 6575
f 6575 6577 6578
f 4612 4611 6579
f 6579 4611 6580
f 6582 6583 6581
f 6581 6583 6584
f 6584 6585 4618
f 4618 6585 4621
f 6586 6587 6589
f 6589 6587 6588
f 6588 6587 6590
f 6590 6587 6591
f 6592 4606 6590
f 6590 4606 4623
f 6594 6576 6593
f 6593 6576 6575
f 6595 6582 6579
f 6579 6582 6581
f 6580 6597 6596
f 6596 6597 6598
f 6577 6576 6599
f 6599 6576 6600
f 6595 6596 6601
f 6601 6596 6602
f 6583 6582 6603
f 6603 6582 6604
f 6586 6606 6605
f 6605 6606 6607
f 6587 6586 6608
f 6608 6586 6605
f 6587 6608 6591
f 6591 6608 6609
f 6576 6594 6600
f 6600 6594 6610
f 6582 6595 6604
f 6604 6595 6601
f 6599 6611 6577
f 6577 6611 6598
f 6613 6614 6612
f 6612 6614 6615
f 6617 6618 6616
f 6616 6618 6619
f 6621 6622 6620
f 6620 6622 6623
f 6625 6626 6624
f 6624 6626 6627
f 6629 6630 6628
f 6628 6630 6631
f 6633 6634 6632
f 6632 6634 6635
f 6637 6638 6636
f 6636 6638 6639
f 6640 6641 6637
f 6637 6641 6638
f 6643 6633 6642
f 6642 6633 6632
f 6645 6646 6644
f 6644 6646 6647
f 6646 6648 6647
f 6647 6648 6649
f 6651 6652 6650
f 6650 6652 6653
f 6653 6652 6654
f 6654 6652 6655
f 6656 6657 6659
f 6659 6657 6658
f 6661 6662 6660
f 6660 6662 6663
f 6662 6661 6664
f 6664 6661 6665
f 6667 6657 6666
f 6666 6657 6656
f 6669 6670 6668
f 6668 6670 6671
f 6672 6673 6670
f 6670 6673 6671
f 6674 6675 6677
f 6677 6675 6676
f 6675 6678 6676
f 6676 6678 6679
f 6681 6682 6680
f 6680 6682 6683
f 6684 6685 6683
f 6683 6685 6680
f 6687 6688 6686
f 6686 6688 6689
f 6687 6690 6688
f 6688 6690 6691
f 6619 6618 6633
f 6633 6618 6634
f 6632 6635 6693
f 6693 6635 6692
f 6617 6694 6636
f 6636 6694 6637
f 6695 6692 6639
f 6639 6692 6635
f 6637 6694 6640
f 6640 6694 6696
f 6698 6638 6697
f 6697 6638 6641
f 6643 6616 6633
f 6633 6616 6619
f 6642 6699 6641
f 6641 6699 6697
f 6646 6645 6700
f 6700 6645 6621
f 6644 6701 6654
f 6654 6701 6702
f 6700 6703 6646
f 6646 6703 6648
f 6693 6704 6649
f 6649 6704 6647
f 6620 6623 6651
f 6651 6623 6652
f 6693 6649 6699
f 6699 6649 6650
f 6652 6623 6655
f 6655 6623 6622
f 6654 6702 6653
f 6653 6702 6697
f 6615 6614 6657
f 6657 6614 6658
f 6705 6656 6704
f 6704 6656 6659
f 6613 6706 6660
f 6660 6706 6661
f 6704 6659 6701
f 6701 6659 6663
f 6661 6706 6665
f 6665 6706 6707
f 6708 6702 6664
f 6664 6702 6662
f 6612 6615 6667
f 6667 6615 6657
f 6666 6709 6664
f 6664 6709 6708
f 6629 6710 6669
f 6669 6710 6670
f 6668 6711 6679
f 6679 6711 6712
f 6713 6672 6710
f 6710 6672 6670
f 6714 6671 6705
f 6705 6671 6673
f 6628 6631 6674
f 6674 6631 6675
f 6705 6673 6709
f 6709 6673 6677
f 6631 6630 6675
f 6675 6630 6678
f 6712 6708 6679
f 6679 6708 6676
f 6625 6715 6682
f 6682 6715 6683
f 6716 6717 6681
f 6681 6717 6691
f 6718 6684 6715
f 6715 6684 6683
f 6719 6680 6714
f 6714 6680 6685
f 6624 6627 6686
f 6686 6627 6687
f 6689 6711 6685
f 6685 6711 6714
f 6627 6626 6687
f 6687 6626 6690
f 6717 6712 6691
f 6691 6712 6688
f 6612 6707 6613
f 6613 6707 6706
f 6616 6696 6617
f 6617 6696 6694
f 6703 6700 6620
f 6620 6700 6621
f 6715 6625 6718
f 6718 6625 6624
f 6710 6629 6713
f 6713 6629 6628
f 6639 6635 6636
f 6636 6635 6634
f 6641 6640 6642
f 6642 6640 6643
f 6654 6655 6644
f 6644 6655 6645
f 6651 6650 6648
f 6648 6650 6649
f 6659 6658 6663
f 6663 6658 6660
f 6665 6667 6664
f 6664 6667 6666
f 6678 6669 6679
f 6679 6669 6668
f 6673 6672 6677
f 6677 6672 6674
f 6690 6682 6691
f 6691 6682 6681
f 6685 6684 6689
f 6689 6684 6686
f 6636 6634 6617
f 6617 6634 6618
f 6638 6698 6639
f 6639 6698 6695
f 6640 6696 6643
f 6643 6696 6616
f 6693 6699 6632
f 6632 6699 6642
f 6655 6622 6645
f 6645 6622 6621
f 6704 6701 6647
f 6647 6701 6644
f 6651 6648 6620
f 6620 6648 6703
f 6650 6653 6699
f 6699 6653 6697
f 6613 6660 6614
f 6614 6660 6658
f 6663 6662 6701
f 6701 6662 6702
f 6665 6707 6667
f 6667 6707 6612
f 6705 6709 6656
f 6656 6709 6666
f 6630 6629 6678
f 6678 6629 6669
f 6714 6711 6671
f 6671 6711 6668
f 6672 6713 6674
f 6674 6713 6628
f 6677 6676 6709
f 6709 6676 6708
f 6626 6625 6690
f 6690 6625 6682
f 6680 6719 6681
f 6681 6719 6716
f 6684 6718 6686
f 6686 6718 6624
f 6711 6689 6712
f 6689 6688 6712
f 6593 6720 6594
f 6594 6720 6721
f 6722 6720 4607
f 4607 6720 4849
f 6592 6723 6722
f 6722 6723 6724
f 4610 4609 6578
f 6578 4609 6575
f 6596 6595 6580
f 6580 6595 6579
f 4618 4617 6584
f 6584 4617 6581
f 6589 6585 6586
f 6586 6585 6606
f 4622 4619 6588
f 6588 4619 6589
f 4622 6588 4623
f 4623 6588 6590
f 4609 4645 6575
f 6575 4645 6593
f 4617 4612 6581
f 6581 4612 6579
f 5004 4610 6597
f 6597 4610 6578
f 4645 4849 6593
f 6593 4849 6720
f 6724 6721 6722
f 6722 6721 6720
f 6722 4607 6592
f 6592 4607 4606
f 6725 6610 6721
f 6721 6610 6594
f 6723 6726 6724
f 6724 6726 6727
f 6727 6725 6724
f 6724 6725 6721
f 6728 6729 6605
f 6605 6729 6608
f 6605 6607 6728
f 6728 6607 6730
f 6731 6732 6604
f 6604 6732 6603
f 6733 6734 6725
f 6725 6734 6610
f 6735 6733 6727
f 6727 6733 6725
f 6735 6727 6736
f 6736 6727 6726
f 6591 6609 6723
f 6723 6609 6726
f 6723 6592 6591
f 6591 6592 6590
f 6738 6739 6737
f 6737 6739 6740
f 6740 6739 6742
f 6742 6739 6741
f 6743 6744 6741
f 6741 6744 6742
f 6745 6746 6743
f 6743 6746 6744
f 6747 6748 6745
f 6745 6748 6746
f 6749 6750 6747
f 6747 6750 6748
f 6752 6738 6751
f 6751 6738 6737
f 6754 6752 6753
f 6753 6752 6751
f 6756 6754 6755
f 6755 6754 6753
f 6758 6750 6757
f 6757 6750 6749
f 6760 6756 6759
f 6759 6756 6755
f 6762 6760 6761
f 6761 6760 6759
f 6764 6762 6763
f 6763 6762 6761
f 6757 6764 6758
f 6758 6764 6763
f 6766 6741 6765
f 6765 6741 6739
f 6767 6743 6766
f 6766 6743 6741
f 6768 6745 6767
f 6767 6745 6743
f 6769 6747 6768
f 6768 6747 6745
f 6770 6749 6769
f 6769 6749 6747
f 6772 6769 6771
f 6771 6769 6768
f 6773 6770 6772
f 6772 6770 6769
f 6774 6775 6772
f 6772 6775 6773
f 6777 6778 6776
f 6776 6778 6779
f 6775 6774 6778
f 6778 6774 6779
f 6771 6780 6772
f 6772 6780 6774
f 6780 6781 6774
f 6774 6781 6779
f 6781 6782 6779
f 6779 6782 6776
f 6784 6785 6783
f 6783 6785 6786
f 6786 6787 6783
f 6783 6787 6788
f 6790 6788 6789
f 6789 6788 6787
f 6786 6785 6791
f 6791 6785 6792
f 6791 6793 6786
f 6786 6793 6787
f 6793 6794 6787
f 6787 6794 6789
f 6795 6796 6794
f 6794 6796 6789
f 6790 6789 6797
f 6797 6789 6796
f 6798 6765 6738
f 6738 6765 6739
f 6799 6798 6752
f 6752 6798 6738
f 6767 6800 6768
f 6768 6800 6771
f 6766 6801 6767
f 6767 6801 6800
f 6802 6801 6765
f 6765 6801 6766
f 6798 6803 6765
f 6765 6803 6802
f 6804 6803 6799
f 6799 6803 6798
f 6805 6806 6804
f 6804 6806 6803
f 6807 6799 6754
f 6754 6799 6752
f 6808 6804 6807
f 6807 6804 6799
f 6809 6805 6808
f 6808 6805 6804
f 6810 6811 6805
f 6805 6811 6806
f 6812 6813 6810
f 6810 6813 6811
f 6814 6815 6796
f 6796 6815 6797
f 6813 6814 6816
f 6816 6814 6817
f 6816 6818 6813
f 6813 6818 6811
f 6819 6806 6818
f 6818 6806 6811
f 6802 6803 6819
f 6819 6803 6806
f 6757 6749 6820
f 6820 6749 6770
f 6820 6770 6821
f 6821 6770 6773
f 6821 6773 6822
f 6822 6773 6775
f 6822 6775 6823
f 6823 6775 6778
f 6824 6823 6777
f 6777 6823 6778
f 6784 6825 6777
f 6777 6825 6824
f 6826 6827 6788
f 6788 6827 6783
f 6828 6826 6790
f 6790 6826 6788
f 6829 6828 6797
f 6797 6828 6790
f 6815 6830 6797
f 6797 6830 6829
f 6832 6812 6831
f 6831 6812 6810
f 6831 6810 6809
f 6809 6810 6805
f 6736 6800 6735
f 6735 6800 6801
f 6733 6735 6802
f 6802 6735 6801
f 6734 6733 6819
f 6819 6733 6802
f 6833 6734 6818
f 6818 6734 6819
f 6834 6833 6816
f 6816 6833 6818
f 6816 6817 6834
f 6834 6817 6835
f 6837 6795 6836
f 6836 6795 6794
f 6836 6794 6731
f 6731 6794 6793
f 6732 6731 6791
f 6791 6731 6793
f 6791 6792 6732
f 6732 6792 6730
f 6729 6728 6781
f 6781 6728 6782
f 6838 6807 6756
f 6756 6807 6754
f 6839 6838 6760
f 6760 6838 6756
f 6840 6839 6762
f 6762 6839 6760
f 6841 6840 6764
f 6764 6840 6762
f 6820 6841 6757
f 6757 6841 6764
f 6841 6820 6842
f 6842 6820 6821
f 6840 6841 6843
f 6843 6841 6842
f 6839 6840 6844
f 6844 6840 6843
f 6838 6839 6845
f 6845 6839 6844
f 6807 6838 6808
f 6808 6838 6845
f 6842 6821 6846
f 6846 6821 6822
f 6843 6842 6847
f 6847 6842 6846
f 6844 6843 6848
f 6848 6843 6847
f 6845 6844 6849
f 6849 6844 6848
f 6808 6845 6809
f 6809 6845 6849
f 6850 6831 6849
f 6849 6831 6809
f 6851 6850 6848
f 6848 6850 6849
f 6847 6852 6848
f 6848 6852 6851
f 6853 6852 6846
f 6846 6852 6847
f 6846 6822 6853
f 6853 6822 6823
f 6853 6823 6854
f 6854 6823 6824
f 6854 6855 6853
f 6853 6855 6852
f 6856 6851 6855
f 6855 6851 6852
f 6856 6857 6851
f 6851 6857 6850
f 6857 6832 6850
f 6850 6832 6831
f 6825 6858 6824
f 6824 6858 6854
f 6860 6827 6859
f 6859 6827 6826
f 6859 6826 6861
f 6861 6826 6828
f 6862 6861 6829
f 6829 6861 6828
f 6830 6863 6829
f 6829 6863 6862
f 6863 6864 6862
f 6862 6864 6865
f 6858 6866 6854
f 6854 6866 6855
f 6867 6865 6866
f 6866 6865 6864
f 6869 6859 6868
f 6868 6859 6861
f 6867 6869 6865
f 6865 6869 6868
f 6861 6862 6868
f 6868 6862 6865
f 6867 6860 6869
f 6869 6860 6859
f 6753 6751 6698
f 6698 6751 6695
f 6697 6755 6698
f 6698 6755 6753
f 6759 6755 6702
f 6702 6755 6697
f 6761 6759 6708
f 6708 6759 6702
f 6763 6761 6712
f 6712 6761 6708
f 6758 6763 6717
f 6717 6763 6712
f 6750 6758 6716
f 6716 6758 6717
f 6719 6748 6716
f 6716 6748 6750
f 6714 6746 6719
f 6719 6746 6748
f 6705 6744 6714
f 6714 6744 6746
f 6704 6742 6705
f 6705 6742 6744
f 6740 6742 6693
f 6693 6742 6704
f 6737 6740 6692
f 6692 6740 6693
f 6751 6737 6695
f 6695 6737 6692
f 6601 6602 6836
f 6836 6602 6837
f 6604 6601 6731
f 6731 6601 6836
f 6599 6600 6834
f 6834 6600 6833
f 6834 6835 6599
f 6599 6835 6611
f 6600 6610 6833
f 6833 6610 6734
f 6780 6771 6870
f 6870 6771 6736
f 6736 6771 6800
f 6870 6729 6780
f 6780 6729 6781
f 6608 6729 6609
f 6609 6729 6870
f 6609 6870 6726
f 6726 6870 6736
f 5014 5015 5229
f 5229 5015 5230
f 4258 5015 4259
f 4259 5015 4878
f 3471 3013 4703
f 4703 3013 4704
f 2879 6337 1306
f 1306 6337 4785
f 829 3471 4316
f 4316 3471 4703
f 4702 3472 5223
f 5223 3472 1756
f 6871 6872 4534
f 4534 6872 4535
f 6871 4665 6872
f 6872 4665 4844
f 6871 6873 4665
f 4665 6873 4559
f 6871 4534 6873
f 6873 4534 4542
f 4153 4152 4822
f 4822 4152 4407
f 4152 4168 4407
f 4407 4168 4342
f 4343 4168 4923
f 4923 4168 4167
f 4363 4362 4972
f 4972 4362 4840
f 4362 4394 4840
f 4840 4394 4839
f 4401 4400 4986
f 4986 4400 4984
f 4435 4434 4841
f 4841 4434 4842
f 4506 4505 4530
f 4530 4505 4531
f 4506 4535 4507
f 4507 4535 4843
f 4661 4660 4516
f 4516 4660 4517
f 4673 4672 4937
f 4937 4672 6547
f 4400 4924 4984
f 4984 4924 5263
f 4673 4660 4674
f 4674 4660 4659
f 4505 4661 4531
f 4531 4661 4516
f 4952 4401 6874
f 6874 4401 4986
f 4954 4153 6875
f 6875 4153 4822
f 4363 4973 4364
f 4364 4973 4974
f 5264 4924 5267
f 5267 4924 4691
f 6293 6292 6876
f 6876 6292 6877
f 6380 4343 6387
f 6387 4343 4923
f 4394 4435 4839
f 4839 4435 4841
f 4672 4434 6547
f 6547 4434 4433
f 4973 6556 4974
f 4974 6556 6878
f 6567 6380 6574
f 6574 6380 6387
f 6292 4954 6877
f 6877 4954 6875
f 6567 5264 6568
f 6568 5264 5267
f 4145 4144 4154
f 4154 4144 4151
f 4194 4144 4425
f 4425 4144 4143
f 4355 4354 5263
f 5263 4354 4984
f 4360 4359 4364
f 4364 4359 4361
f 4444 4359 4392
f 4392 4359 4337
f 4447 4446 4432
f 4432 4446 4433
f 4464 4463 6547
f 6547 4463 4937
f 4519 4518 4654
f 4654 4518 4509
f 4533 4532 4499
f 4499 4532 4498
f 4533 4542 4530
f 4530 4542 4534
f 4519 4532 4516
f 4516 4532 4531
f 4922 4194 4426
f 4426 4194 4425
f 4463 4518 4937
f 4937 4518 4517
f 6555 4951 6874
f 6874 4951 6878
f 4958 4957 6290
f 6290 4957 6291
f 4334 4360 4712
f 4712 4360 4950
f 4985 4354 4419
f 4419 4354 4353
f 5262 4355 5265
f 5265 4355 5263
f 6294 4958 4804
f 4804 4958 6290
f 6386 4922 6384
f 6384 4922 4426
f 4444 4447 4393
f 4393 4447 4432
f 4464 4446 4465
f 4465 4446 4445
f 4985 6555 4986
f 4986 6555 6874
f 6573 6386 6571
f 6571 6386 6384
f 4145 6294 4146
f 4146 6294 4804
f 6573 5262 6574
f 6574 5262 5265
f 4542 4541 6873
f 6873 4541 4559
f 4535 6872 4843
f 4843 6872 4844
f 4104 4103 6879
f 6879 4103 6343
f 4105 6293 6307
f 6307 6293 6876
f 4104 4956 4105
f 4105 4956 6293
f 4956 4104 4957
f 4957 4104 6879
f 4957 6879 6291
f 6291 6879 6309
f 4648 4988 4649
f 4649 4988 4953
f 4802 4803 4928
f 4928 4803 6550
f 6550 4803 6555
f 6555 4803 4951
f 1516 3173 4987
f 4987 3173 5006
f 6519 6518 6558
f 6558 6518 6510
f 6527 6519 6559
f 6559 6519 6558
f 6528 6560 6529
f 6529 6560 6541
f 6548 4625 6549
f 6549 4625 4624
f 6551 6552 4746
f 4746 6552 6505
f 6553 4711 6554
f 6554 4711 4710
f 4802 6551 4713
f 4713 6551 4746
f 6556 4973 4649
f 4649 4973 4646
f 6557 4949 6548
f 6548 4949 4625
f 4648 4647 6553
f 6553 4647 4711
f 6549 4624 4987
f 4987 4624 4838
f 6552 6518 6505
f 6505 6518 6507
f 6561 4372 6529
f 6529 4372 6514
f 6562 4369 6561
f 6561 4369 4372
f 3142 3482 6562
f 6562 3482 4369
f 6556 4952 6878
f 6878 4952 6874
f 4951 4950 6878
f 6878 4950 4974
f 3168 440 3952
f 4204 4203 5341
f 5341 4203 6364
f 4219 4222 6429
f 6429 4222 4383
f 4319 4322 6506
f 6506 4322 4747
f 4340 4714 4341
f 4341 4714 4384
f 4375 4377 6388
f 6388 4377 6546
f 4378 4381 6311
f 6311 4381 4720
f 4449 4341 4387
f 4387 4341 4384
f 4473 4472 4477
f 4477 4472 4474
f 4492 4491 4487
f 4487 4491 4488
f 4523 4491 4522
f 4522 4491 4490
f 4492 4538 4493
f 4493 4538 4555
f 4538 4553 4555
f 4555 4553 4556
f 4620 4615 4621
f 4621 4615 4618
f 4652 4651 4368
f 4368 4651 4365
f 4523 4655 4524
f 4524 4655 4656
f 4553 4667 4556
f 4556 4667 4571
f 4651 1210 4365
f 4365 1210 1209
f 4698 4697 5223
f 5223 4697 6344
f 4340 4339 4322
f 4322 4339 4747
f 4726 4729 5287
f 5287 4729 4198
f 4381 4380 4737
f 4737 4380 6368
f 4836 4835 4451
f 4451 4835 4709
f 4910 6367 4911
f 4911 6367 6366
f 4912 4915 6450
f 6450 4915 6449
f 4927 4836 4450
f 4450 4836 4451
f 4930 4929 4439
f 4439 4929 4436
f 4936 4935 4459
f 4459 4935 4456
f 4473 4655 4470
f 4470 4655 4510
f 4942 4583 4943
f 4943 4583 4572
f 4948 4601 4947
f 4947 4601 4584
f 4949 4835 4625
f 4625 4835 4626
f 4966 4969 6289
f 6289 4969 4695
f 4971 4652 4926
f 4926 4652 4368
f 4203 4977 6364
f 6364 4977 6365
f 4990 4989 4443
f 4443 4989 4440
f 4990 4991 4478
f 4478 4991 4512
f 4992 4991 4528
f 4528 4991 4515
f 4992 4993 4527
f 4527 4993 4485
f 4994 4993 4502
f 4502 4993 4503
f 4994 4995 4482
f 4482 4995 4550
f 4543 4996 4544
f 4544 4996 4995
f 4999 4998 4567
f 4567 4998 4578
f 5000 4998 4575
f 4575 4998 4997
f 5002 5001 4592
f 4592 5001 4574
f 5003 5004 4614
f 4614 5004 4611
f 3483 4215 1755
f 1755 4215 4698
f 5274 5277 4195
f 4195 5277 4223
f 4726 5295 4727
f 4727 5295 6350
f 5309 5342 5310
f 5310 5342 6363
f 5315 5314 5316
f 5316 5314 5317
f 5339 6362 5340
f 5340 6362 5363
f 5310 6363 5339
f 5339 6363 6362
f 4204 5309 4201
f 4201 5309 5308
f 4915 5345 6449
f 6449 5345 6448
f 5345 5315 6448
f 6448 5315 5316
f 5348 5347 6351
f 6351 5347 6352
f 5365 4263 5340
f 5340 4263 4262
f 6295 6298 4733
f 4733 6298 4734
f 4969 6306 4695
f 4695 6306 4696
f 6306 4378 4696
f 4696 4378 6311
f 6369 6372 6544
f 6544 6372 6545
f 4375 6390 4373
f 4373 6390 4374
f 6421 6422 4911
f 4911 6422 4908
f 4910 4909 4737
f 4737 4909 4736
f 5277 4219 4223
f 4223 4219 6429
f 4697 4222 6344
f 6344 4222 4221
f 6436 6361 6437
f 6437 6361 6360
f 6438 6440 6437
f 6437 6440 6434
f 6438 6359 6441
f 6441 6359 6358
f 6442 6441 6357
f 6357 6441 6358
f 6442 6444 6443
f 6443 6444 6445
f 6446 6444 6355
f 6355 6444 6356
f 6446 4912 6447
f 6447 4912 6450
f 6436 6435 5365
f 5365 6435 4263
f 5314 5347 5317
f 5317 5347 5346
f 4319 6512 4320
f 4320 6512 6513
f 6520 6512 6521
f 6521 6512 6508
f 6528 6520 6527
f 6527 6520 6521
f 6532 6539 6533
f 6533 6539 6535
f 6533 6535 6537
f 6537 6535 6534
f 6538 6543 6537
f 6537 6543 6536
f 6295 4377 6296
f 6296 4377 4376
f 4989 4930 4440
f 4440 4930 4439
f 4927 4929 4422
f 4422 4929 4455
f 4449 4936 4388
f 4388 4936 4459
f 4472 4935 4474
f 4474 4935 4932
f 4942 4940 4947
f 4947 4940 4939
f 5001 5000 4574
f 4574 5000 4575
f 4669 4943 4666
f 4666 4943 4667
f 4996 4999 4547
f 4547 4999 4567
f 4948 4946 4620
f 4620 4946 4615
f 5003 5002 4591
f 4591 5002 4592
f 6557 4971 6554
f 6554 4971 4926
f 6532 6560 6539
f 6539 6560 6559
f 6390 6372 4374
f 4374 6372 6371
f 4966 6298 4967
f 4967 6298 6297
f 6538 6526 6369
f 6369 6526 6370
f 6585 6589 4621
f 4621 6589 4619
f 6597 6578 6598
f 6598 6578 6577
f 6606 6583 6607
f 6607 6583 6603
f 6611 6602 6598
f 6598 6602 6596
f 6585 6584 6606
f 6606 6584 6583
f 6597 6580 5004
f 5004 6580 4611
f 6607 6603 6730
f 6730 6603 6732
f 6776 6785 6777
f 6777 6785 6784
f 6785 6776 6792
f 6792 6776 6782
f 6815 6814 6812
f 6812 6814 6813
f 6817 6814 6795
f 6795 6814 6796
f 6825 6784 6827
f 6827 6784 6783
f 6830 6815 6832
f 6832 6815 6812
f 6817 6795 6835
f 6835 6795 6837
f 6792 6782 6730
f 6730 6782 6728
f 6858 6825 6860
f 6860 6825 6827
f 6863 6830 6857
f 6857 6830 6832
f 6864 6863 6856
f 6856 6863 6857
f 6866 6858 6867
f 6867 6858 6860
f 6866 6864 6855
f 6855 6864 6856
f 6835 6837 6611
f 6611 6837 6602
f 6560 6528 6559
f 6559 6528 6527
f 4949 6557 4710
f 4710 6557 6554
f 4430 4090 4175
f 4175 4090 4089
f 4777 4113 4155
f 4155 4113 4086
f 4175 4089 4176
f 4176 4089 4142
f 4199 4271 4200
f 4200 4271 4798
f 4199 4095 4272
f 4272 4095 5273
f 4406 4405 4404
f 4404 4405 4346
f 4410 4409 6877
f 6877 4409 6876
f 4409 4413 6876
f 6876 4413 6307
f 4415 4148 4416
f 4416 4148 4147
f 4690 4405 4344
f 4344 4405 4342
f 4693 4692 4352
f 4352 4692 4349
f 4701 4700 6337
f 6337 4700 6338
f 4778 4777 4081
f 4081 4777 4155
f 4821 4406 4809
f 4809 4406 4404
f 4176 4142 4181
f 4181 4142 4415
f 4760 4970 4399
f 4399 4970 4692
f 4200 5007 4096
f 4096 5007 4078
f 5266 4693 5269
f 5269 4693 4352
f 5270 5007 5361
f 5361 5007 4797
f 4778 5270 4779
f 4779 5270 5361
f 6285 4410 6875
f 6875 4410 6877
f 6308 4413 4687
f 4687 4413 4412
f 6480 6320 6481
f 6481 6320 6880
f 4701 2878 4702
f 4702 2878 3472
f 6339 6347 6340
f 6340 6347 6348
f 6341 6342 6346
f 6346 6342 6345
f 4416 6308 4414
f 4414 6308 4687
f 6385 4690 6381
f 6381 4690 4344
f 5282 6341 5280
f 5280 6341 6339
f 4700 6342 6338
f 6338 6342 5281
f 6340 6348 4272
f 4272 6348 4270
f 6480 6479 4828
f 4828 6479 4829
f 6490 6479 6489
f 6489 6479 6478
f 4090 4430 6490
f 6490 4430 4429
f 6563 6564 4970
f 4970 6564 4815
f 4694 6566 4366
f 4366 6566 6563
f 6572 6385 6568
f 6568 6385 6381
f 4821 6285 4822
f 4822 6285 6875
f 6572 5266 6569
f 6569 5266 5269
f 3482 3103 4369
f 4369 3103 4370
f 3121 4730 3485
f 3485 4730 4327
f 6277 6280 6273
f 6273 6280 6272
f 6267 6276 6278
f 6278 6276 6279
f 6278 6279 6277
f 6277 6279 6280
f 6279 6256 6280
f 6280 6256 6255
f 6256 3857 6255
f 6255 3857 3754
f 3857 3856 3754
f 3754 3856 3755
f 3856 3703 3755
f 3755 3703 3863
f 3703 3702 3863
f 3863 3702 3759
f 3702 3706 3759
f 3759 3706 3670
f 3706 3705 3670
f 3670 3705 3668
f 3705 3773 3668
f 3668 3773 3882
f 3882 3773 3883
f 3883 3773 3707
f 3707 3708 3883
f 3883 3708 3880
f 3708 3710 3880
f 3880 3710 3881
f 3709 5241 3710
f 3710 5241 3881
f 5241 3709 5234
f 5234 3709 3786
f 3693 3712 3786
f 3786 3712 5234
f 4051 4055 4052
f 4052 4055 4056
f 4056 4055 4057
f 4057 4055 4054
f 4066 5238 5236
f 5236 5238 3989
f 4066 4069 5238
f 5238 4069 4035
f 6881 3962 3960
f 3960 3962 3957
f 6883 4070 6882
f 6882 4070 3941
f 4070 6883 4071
f 4071 6883 6884
f 4071 6884 4072
f 4072 6884 6885
f 6885 6886 4072
f 4072 6886 4031
f 3955 6881 3956
f 3956 6881 3960
f 6884 3991 6885
f 6885 3991 3990
f 6883 6887 6884
f 6884 6887 3991
f 6887 6888 3991
f 3991 6888 3992
f 6888 6887 6889
f 6889 6887 6890
f 6887 6883 6890
f 6890 6883 6882
f 4058 5240 3953
f 3953 5240 3954
f 5236 6888 5239
f 5239 6888 6889
f 5237 6886 3990
f 3990 6886 6885
f 4034 4031 5237
f 5237 4031 6886
f 6881 6882 3962
f 3962 6882 3941
f 6881 3955 6882
f 6882 3955 6890
f 3955 3954 6890
f 6890 3954 6889
f 5239 6889 5240
f 5240 6889 3954
f 6888 5236 3992
f 3992 5236 3989
f 3869 3868 3888
f 3888 3868 4015
f 3868 4012 4015
f 4015 4012 4010
f 4012 4022 4010
f 4010 4022 4009
f 4022 4021 4009
f 4009 4021 4018
f 4020 3974 4001
f 4001 3974 3996
f 4021 4020 4029
f 4029 4020 4001
f 4085 4156 4086
f 4086 4156 4155
f 4113 4777 4114
f 4114 4777 4776
f 4130 4129 4094
f 4094 4129 4091
f 4139 4773 4140
f 4140 4773 4772
f 4149 4178 4150
f 4150 4178 5225
f 4160 4159 4087
f 4087 4159 4088
f 4149 4148 4179
f 4179 4148 4141
f 4085 4084 4183
f 4183 4084 6315
f 4179 4141 4159
f 4159 4141 4088
f 4192 4130 4162
f 4162 4130 4094
f 4197 5288 4198
f 4198 5288 5287
f 4229 4766 4230
f 4230 4766 4771
f 4245 4246 4242
f 4242 4246 4249
f 4183 6315 4418
f 4418 6315 6314
f 4679 4178 4680
f 4680 4178 4177
f 4724 4798 4725
f 4725 4798 4271
f 4728 5275 4729
f 4729 5275 5274
f 4230 4771 4249
f 4249 4771 4242
f 4724 4723 4799
f 4799 4723 5355
f 4823 4824 4891
f 4891 4824 6327
f 4823 4192 4161
f 4161 4192 4162
f 4893 4767 4229
f 4229 4767 4766
f 4894 4895 4898
f 4898 4895 4899
f 4106 4150 4103
f 4103 4150 5225
f 4680 4894 4677
f 4677 4894 4898
f 6420 4977 5301
f 5301 4977 4976
f 4679 4678 5226
f 5226 4678 4427
f 5228 5008 4893
f 4893 5008 4767
f 5285 6354 5286
f 5286 6354 5343
f 5289 5352 5290
f 5290 5352 5349
f 5290 5349 5295
f 5295 5349 5348
f 5302 5299 4202
f 4202 5299 4976
f 4725 4271 5311
f 5311 4271 4270
f 5325 4723 5326
f 5326 4723 4722
f 5335 5355 5325
f 5325 5355 4723
f 5326 4722 5286
f 5286 4722 5283
f 4799 5357 4797
f 4797 5357 5361
f 5359 5356 5335
f 5335 5356 5355
f 4775 4774 5356
f 5356 4774 5357
f 5359 5358 4092
f 4092 5358 4093
f 6316 4740 6317
f 6317 4740 4739
f 6318 4827 6316
f 6316 4827 4740
f 6319 4828 6318
f 6318 4828 4827
f 6320 6480 6319
f 6319 6480 4828
f 6484 6322 6485
f 6485 6322 6321
f 6487 6324 6331
f 6331 6324 6323
f 6331 6323 6330
f 6330 6323 6325
f 6325 6326 6330
f 6330 6326 6329
f 6326 6328 6329
f 6329 6328 5231
f 4824 4685 5228
f 5228 4685 5008
f 5226 6343 5225
f 5225 6343 4103
f 4728 4727 6349
f 6349 4727 5284
f 6350 6351 5285
f 5285 6351 6354
f 4247 4246 6418
f 6418 4246 6365
f 6400 6402 6401
f 6401 6402 6459
f 4197 4196 6409
f 6409 4196 6426
f 6412 4897 6328
f 6328 4897 5231
f 6413 4133 6412
f 6412 4133 4897
f 6414 4134 6413
f 6413 4134 4133
f 6415 4225 6414
f 6414 4225 4134
f 6416 4252 6415
f 6415 4252 4225
f 6417 4253 6416
f 6416 4253 4252
f 4253 6417 6366
f 6366 6417 6419
f 6366 6419 4911
f 4911 6419 6421
f 6422 6423 4908
f 4908 6423 5298
f 5298 6423 6396
f 6396 6423 6424
f 6409 6426 6425
f 6425 6426 6397
f 5300 5299 6399
f 6399 5299 6400
f 6465 6408 6401
f 6401 6408 6398
f 6424 6399 6425
f 6425 6399 6398
f 6349 5284 5311
f 5311 5284 5283
f 6465 6464 5289
f 5289 6464 5352
f 6488 6483 6492
f 6492 6483 6482
f 6486 6491 6482
f 6482 6491 6492
f 6491 4895 6492
f 6492 4895 4157
f 6488 4160 6489
f 6489 4160 4087
f 6501 6502 4418
f 4418 6502 4417
f 6504 6500 6317
f 6317 6500 6314
f 3497 3496 6501
f 6501 3496 6502
f 3499 3498 6504
f 6504 3498 6500
f 4729 5274 4198
f 4198 5274 4195
f 6418 6365 6420
f 6420 6365 4977
f 5295 5348 6350
f 6350 5348 6351
f 5301 6422 6420
f 6420 6422 6421
f 4113 4112 4086
f 4086 4112 4083
f 6320 4112 6880
f 6880 4112 4111
f 4091 4772 4092
f 4092 4772 4775
f 4129 4140 4091
f 4091 4140 4772
f 4137 4140 4128
f 4128 4140 4129
f 4128 6324 4137
f 4137 6324 6321
f 6324 6487 6321
f 6321 6487 6485
f 6487 6486 6485
f 6485 6486 6482
f 4774 4773 4779
f 4779 4773 4776
f 4773 4139 4776
f 4776 4139 4114
f 4139 4138 4114
f 4114 4138 4111
f 4138 6322 4111
f 4111 6322 6880
f 6322 6484 6880
f 6880 6484 6481
f 6484 6483 6481
f 6481 6483 6478
f 6879 6343 6309
f 6309 6343 4428
f 4106 4105 4900
f 4900 4105 6307
f 3500 3167 6495
f 6495 3167 6496
f 3500 6495 3070
f 3070 6495 5368
f 3502 5235 3501
f 3501 5235 4813
f 3024 3503 6473
f 6473 3503 6474
f 3503 3023 6474
f 6474 3023 6374
f 3504 1770 4348
f 4348 1770 4345
f 3502 3505 5235
f 5235 3505 4810
f 3498 3497 6500
f 6500 3497 6501
f 3496 3075 6502
f 6502 3075 6275
f 6299 4254 3174
f 3174 4254 3017
f 1769 3501 4814
f 4814 3501 4813
f 3506 3018 6476
f 6476 3018 4257
f 3507 3499 6499
f 6499 3499 6504
f 3030 4216 3483
f 3483 4216 4215
f 3077 3507 6333
f 6333 3507 6499
f 1784 3160 5249
f 5249 3160 6523
f 3015 3506 4240
f 4240 3506 6476
f 3508 3504 6383
f 6383 3504 4348
f 3509 3016 6477
f 6477 3016 4239
f 3028 3509 6467
f 6467 3509 6477
f 3022 1785 5246
f 5246 1785 5247
f 3161 3508 6570
f 6570 3508 6383
f 3150 3149 4694
f 4694 3149 6566
f 1327 4807 3510
f 3510 4807 4811
f 3510 4811 3505
f 3505 4811 4810
f 3146 3511 4816
f 4816 3511 4350
f 3511 1808 4350
f 4350 1808 4351
f 3485 4327 3159
f 3159 4327 4330
f 1326 3512 4806
f 4806 3512 6310
f 3512 1331 6310
f 6310 1331 4688
