v -0.27973959 1.95163870 0.22523397
v -0.28478044 1.93898296 0.21495269
v -0.28593850 1.93412983 0.22904801
v -0.28023261 1.94251347 0.24007413
v -0.29031995 1.92647648 0.22126344
v -0.28804502 1.92872572 0.20971167
v -0.28467187 1.92622316 0.24006042
v -0.27823910 1.93120050 0.25108260
v -0.28800336 1.88968015 0.24773294
v -0.28419757 1.88355637 0.25646049
v -0.28199774 1.89574051 0.25653067
v -0.28551674 1.89856231 0.24716611
v -0.29097700 1.86308599 0.24710713
v -0.29577443 1.85548282 0.23640509
v -0.29200402 1.84435833 0.24368797
v -0.28600386 1.85116851 0.25416118
v -0.28913975 1.87260783 0.19723372
v -0.29339498 1.86629379 0.20159304
v -0.29372704 1.87300014 0.20573156
v -0.28895694 1.87838578 0.20097682
v -0.28507829 1.88275599 0.18729642
v -0.28200734 1.88740444 0.19076394
v -0.28167644 1.89185011 0.18426888
v -0.28631321 1.88690555 0.18074283
v -0.28704634 1.86701274 0.19237845
v -0.29132250 1.86033511 0.19739655
v -0.28578162 1.87808001 0.19321316
v -0.28697830 1.87419403 0.18989342
v -0.29406956 1.87047076 0.18048364
v -0.29283470 1.87486279 0.18309112
v -0.29537436 1.87726307 0.17629893
v -0.29548478 1.87172771 0.17528716
v -0.28934214 1.86783779 0.18842699
v -0.29076040 1.87139440 0.18739352
v -0.29191476 1.86812329 0.18367535
v -0.28933108 1.86516213 0.18439591
v -0.28762090 1.87923372 0.18465465
v -0.29045379 1.88248277 0.17819500
v -0.29283556 1.88520098 0.17082135
v -0.29779142 1.87808633 0.16855237
v -0.29820210 1.85197783 0.21319264
v -0.29681557 1.85952711 0.20720804
v -0.29493314 1.85443890 0.20257652
v -0.29678425 1.84856772 0.20767641
v -0.28861696 1.86139107 0.18721208
v -0.29421920 1.84601045 0.18886563
v -0.29381800 1.84983683 0.18923000
v -0.29282230 1.85126173 0.18210098
v -0.29347050 1.84766579 0.18233892
v -0.29754603 1.83589435 0.22157745
v -0.29762191 1.83557713 0.21408704
v -0.29735732 1.82801723 0.21557426
v -0.29643866 1.82656193 0.22321877
v -0.29674840 1.82153344 0.21380545
v -0.29512277 1.81740093 0.22333895
v -0.29215851 1.80239534 0.21467194
v -0.29381642 1.80883729 0.21924093
v -0.29619044 1.81551564 0.20988211
v -0.29648072 1.81079638 0.20318857
v -0.29448816 1.81721592 0.18882331
v -0.29322702 1.81617141 0.18223697
v -0.29688960 1.80355382 0.18624485
v -0.29742509 1.80637681 0.19406027
v -0.29203755 1.83899522 0.19074313
v -0.29228726 1.83867443 0.19559209
v -0.29382947 1.84072673 0.19454102
v -0.29360139 1.84235466 0.18938556
v -0.29301268 1.83830452 0.19954702
v -0.29347113 1.83801198 0.20124131
v -0.29396790 1.83955967 0.20044059
v -0.29314435 1.83915043 0.19919452
v -0.29255664 1.83876967 0.19726887
v -0.29276797 1.83687449 0.19608763
v -0.29309049 1.83752358 0.19847828
v -0.29298487 1.83645654 0.19149169
v -0.29188359 1.83539295 0.17646079
v -0.29319012 1.83572149 0.18034402
v -0.29037637 1.83977127 0.18017101
v -0.28929356 1.83979261 0.17685586
v -0.29377866 1.84171534 0.19826752
v -0.29491881 1.84327912 0.20054533
v -0.29480714 1.84652138 0.19574566
v -0.29404038 1.84358370 0.19492352
v -0.29604310 1.84533000 0.20305078
v -0.29454681 1.84078455 0.20273612
v -0.29582340 1.84158039 0.20571586
v -0.29359043 1.83618915 0.20070334
v -0.29449803 1.83439076 0.20361270
v -0.29493642 1.83732963 0.20368165
v -0.29434451 1.83104038 0.20152581
v -0.29340291 1.83434319 0.19800669
v -0.29378909 1.83291245 0.19337617
v -0.29404086 1.83181882 0.18745002
v -0.29411194 1.82643533 0.19085295
v -0.29435945 1.82833016 0.19693395
v -0.29458630 1.85034990 0.19822308
v -0.29617888 1.83648825 0.20815779
v -0.29706332 1.84293556 0.21137048
v -0.29629123 1.83140016 0.20837563
v -0.29588288 1.82655478 0.20657936
v -0.29537532 1.82246947 0.20204270
v -0.29499215 1.81951642 0.19567910
v -0.29064012 1.79234135 0.19464569
v -0.29210979 1.79661298 0.20380330
v -0.28625160 1.92020869 0.20863099
v -0.28953475 1.91953218 0.21724784
v -0.28784156 1.91087842 0.21958193
v -0.28843057 1.91315532 0.22131357
v -0.28724945 1.91498351 0.21531698
v -0.28700107 1.91209507 0.21495761
v -0.28607935 1.90125728 0.23905872
v -0.28631458 1.90367448 0.23261321
v -0.28621304 1.89979756 0.23336928
v -0.28803062 1.89487922 0.24018915
v -0.28871080 1.89344597 0.22247739
v -0.28860986 1.89431214 0.22803234
v -0.28680107 1.90114224 0.22389559
v -0.28704935 1.90054727 0.21988058
v -0.28636092 1.90032983 0.21563134
v -0.28482527 1.90034831 0.21140742
v -0.28555053 1.89498663 0.21167822
v -0.28758925 1.89400983 0.21672708
v -0.28384459 1.91578758 0.20954065
v -0.27965888 1.91460061 0.20379420
v -0.28030097 1.91161990 0.20516938
v -0.28426862 1.91270733 0.20967773
v -0.27186453 1.90349221 0.19941297
v -0.27288026 1.90616107 0.19994882
v -0.27124566 1.90749669 0.19659135
v -0.27108967 1.90295088 0.19599982
v -0.27337980 1.90034437 0.19741443
v -0.27345508 1.90216589 0.19989966
v -0.26706004 1.97049522 0.22183964
v -0.27550519 1.95680714 0.21106367
v -0.26951814 1.96258926 0.23971897
v -0.27042085 1.94988573 0.25289086
v -0.27101895 1.93562901 0.26369292
v -0.29579431 1.83901310 0.23198348
v -0.29361749 1.82867169 0.23616888
v -0.28762275 1.83383286 0.25019848
v -0.28427324 1.82218099 0.25076562
v -0.29141366 1.81702125 0.23605734
v -0.28333324 1.79681706 0.22549662
v -0.28795299 1.80567181 0.23240426
v -0.27814251 1.81058049 0.24936463
v -0.26828703 1.82063293 0.26534525
v -0.27590889 1.82974577 0.26372522
v -0.25797060 1.83375943 0.27728531
v -0.25742161 1.80998075 0.26852438
v -0.25003281 1.83045101 0.28069219
v -0.25413600 1.77274251 0.25408053
v -0.25216806 1.76057684 0.25816572
v -0.24801089 1.76697624 0.27514583
v -0.25040138 1.77864385 0.27171239
v -0.28118297 1.83979678 0.26058912
v -0.27627093 1.90389836 0.26414707
v -0.28166908 1.90629971 0.25331759
v -0.27649561 1.89089704 0.26647839
v -0.25032586 1.95794463 0.28350475
v -0.26184699 1.95614219 0.26768294
v -0.26391196 1.94039083 0.27626097
v -0.25366938 1.94381726 0.28968480
v -0.23216489 1.99128246 0.25933567
v -0.25134122 1.98358250 0.24059777
v -0.25609833 1.97238314 0.25408256
v -0.24198289 1.97794545 0.27108121
v -0.24422053 1.94234288 0.29933813
v -0.23014782 1.93948138 0.31137431
v -0.21869925 1.95315731 0.31309032
v -0.23523010 1.95886409 0.29828078
v -0.20232409 1.97002411 0.30957240
v -0.22084582 1.97767246 0.29150552
v -0.24273425 1.81506610 0.28460807
v -0.23976533 1.83282971 0.28895658
v -0.25384283 1.79316008 0.26720494
v -0.24409240 1.79850411 0.28306168
v -0.18414009 1.98295689 0.30036646
v -0.20665833 1.99264073 0.27981770
v -0.19090566 1.90694726 0.33037385
v -0.19539458 1.92586803 0.32950795
v -0.21338111 1.91719365 0.32333145
v -0.20734051 1.90102446 0.32599807
v -0.17106682 1.91248083 0.33183336
v -0.17541605 1.93477511 0.32952240
v -0.19292253 1.85274816 0.31687325
v -0.19684003 1.83724356 0.30574760
v -0.18152817 1.83605719 0.30793542
v -0.17554700 1.85117996 0.31866920
v -0.28950363 1.92174089 0.23114327
v -0.29053521 1.91658556 0.22486451
v -0.28917962 1.91244030 0.23128054
v -0.28742641 1.91527057 0.23848671
v -0.28289673 1.91688263 0.24790475
v -0.27619377 1.91850662 0.25875631
v -0.26287407 1.92557812 0.28103161
v -0.25392839 1.93008828 0.29318112
v -0.23568812 1.92666888 0.30975565
v -0.24655795 1.92918670 0.30083033
v -0.22299089 1.90659010 0.31895724
v -0.21869747 1.89613128 0.32004607
v -0.22616240 1.84015846 0.29883391
v -0.22752838 1.81930852 0.29365218
v -0.21158276 1.82081938 0.29750052
v -0.20915267 1.83900881 0.30354327
v -0.18620466 1.82012773 0.29845944
v -0.19853529 1.82135952 0.29796791
v -0.22795358 1.78695536 0.29223740
v -0.22504002 1.77389610 0.29536924
v -0.20998479 1.77733302 0.30084994
v -0.21318454 1.78881979 0.29668361
v -0.19580275 1.77756822 0.30246329
v -0.18261057 1.77803397 0.29927254
v -0.18547210 1.79015028 0.29660055
v -0.19785614 1.79070997 0.29784828
v -0.25239050 1.75190902 0.22918226
v -0.24918714 1.74216032 0.23294993
v -0.25087225 1.74561715 0.24670191
v -0.25287765 1.75561810 0.24229011
v -0.22169653 1.76360238 0.30085000
v -0.20680138 1.76862824 0.30651698
v -0.20897408 1.85414517 0.31264555
v -0.21995832 1.85694778 0.30849132
v -0.19226623 1.76867259 0.30861560
v -0.19977601 1.80412662 0.29610997
v -0.21344797 1.80290270 0.29568839
v -0.17356440 1.82048881 0.29504645
v -0.16700344 1.83532453 0.30500922
v -0.28452176 1.88294697 0.19641456
v -0.27946961 1.89733124 0.20319274
v -0.27904180 1.90126872 0.20401269
v -0.27602172 1.90170264 0.20137933
v -0.27624652 1.89861953 0.19992541
v -0.27562878 1.93903172 0.18900859
v -0.27723891 1.92221558 0.18634796
v -0.28409255 1.92703807 0.19780527
v -0.28116551 1.94024909 0.20163988
v -0.29788411 1.86909699 0.22726862
v -0.29601336 1.87553692 0.21602336
v -0.29757297 1.86647272 0.21184914
v -0.29896659 1.85861540 0.21939348
v -0.28648549 1.90524077 0.22855653
v -0.28735781 1.90734482 0.22994360
v -0.28737256 1.90729737 0.22637905
v -0.29818746 1.84461617 0.21736774
v -0.29781264 1.84891939 0.22615965
v -0.27764034 1.87654138 0.26557615
v -0.28532806 1.90750575 0.24370283
v -0.21913080 2.00145102 0.24079497
v -0.24303867 1.99187446 0.22112441
v -0.16754022 1.99311399 0.28718135
v -0.19225529 2.00180221 0.26434225
v -0.15469593 1.94114375 0.32578725
v -0.14793171 1.91712964 0.32751131
v -0.13035192 1.91938400 0.31961733
v -0.13489005 1.94841671 0.31448445
v -0.16013381 1.85071003 0.31468788
v -0.17229423 1.77710438 0.29450727
v -0.17384066 1.79096484 0.29235494
v -0.26070249 1.97469497 0.20661373
v -0.26989484 1.95694888 0.19595036
v -0.26912618 1.92126036 0.27084631
v -0.29153159 1.88094735 0.24485368
v -0.29139081 1.88885498 0.23839279
v -0.29373914 1.88515770 0.23378760
v -0.29456419 1.87458074 0.23973140
v -0.28780898 1.87123847 0.25253969
v -0.28057408 1.86177063 0.26142317
v -0.27125865 1.85218596 0.27193874
v -0.26500323 1.84035349 0.27488413
v -0.21857527 1.93166888 0.31992960
v -0.20268230 1.94327784 0.32412747
v -0.18480960 1.95568502 0.32284212
v -0.16606298 1.96516514 0.31627166
v -0.22528836 1.92170167 0.31703782
v -0.14750157 1.97308445 0.30398753
v -0.29100239 1.85571170 0.18220986
v -0.29182786 1.85527885 0.19084167
v -0.28919294 1.85982811 0.18107922
v -0.29358888 1.83096242 0.18192358
v -0.29222363 1.83040655 0.17753762
v -0.29105896 1.82442749 0.18003082
v -0.29299742 1.82520795 0.18491417
v -0.27851784 1.78573871 0.20494516
v -0.28052703 1.79010379 0.21528988
v -0.25631467 1.76165700 0.22518110
v -0.25585854 1.76607311 0.23785293
v -0.29090106 1.86884964 0.17831638
v -0.29009435 1.86908197 0.17681815
v -0.28841209 1.86772633 0.17803377
v -0.28947330 1.86784315 0.17984459
v -0.29350045 1.83995688 0.19703707
v -0.29203883 1.84762752 0.17710219
v -0.29062986 1.84730947 0.17424290
v -0.29014996 1.84359574 0.17534201
v -0.29156965 1.84387493 0.17829740
v -0.26901922 1.79656363 0.24393091
v -0.25868019 1.78520823 0.24922188
v -0.23997200 1.76905274 0.28614804
v -0.24240395 1.78288007 0.28408766
v -0.22856042 1.80195284 0.29162186
v -0.18618286 1.80611753 0.29606190
v -0.17497391 1.80502284 0.29324242
v -0.15560885 1.80703902 0.27888781
v -0.15075876 1.82075047 0.28118837
v -0.16042615 1.82003713 0.29045281
v -0.16354147 1.80622673 0.28703266
v -0.26904306 1.78451920 0.22651865
v -0.26787391 1.77960098 0.21479498
v -0.26094568 1.77189672 0.22115022
v -0.26074922 1.77676964 0.23328945
v -0.28897676 1.86558867 0.17341579
v -0.28941029 1.86469054 0.17129955
v -0.28791976 1.86231792 0.17345496
v -0.28826112 1.86441541 0.17539522
v -0.28876826 1.86588907 0.18164118
v -0.28778362 1.86465883 0.17978749
v -0.28817332 1.86277473 0.18021795
v -0.29223448 1.86882675 0.17904311
v -0.29065567 1.86730278 0.18113413
v -0.29280317 1.86973500 0.17236027
v -0.29327840 1.86965847 0.17552210
v -0.29651076 1.87033629 0.16919963
v -0.28875762 1.86656129 0.17542452
v -0.28809446 1.86523998 0.17693037
v -0.28835788 1.86674500 0.18039379
v -0.28765774 1.86619282 0.17891763
v -0.29139340 1.86964250 0.17382269
v -0.29162413 1.86936605 0.17606604
v -0.28747395 1.89071047 0.17401707
v -0.28551257 1.89160109 0.16770670
v -0.29065156 1.88548911 0.16401514
v -0.29549682 1.87800527 0.16088510
v -0.29483253 1.86985981 0.16247657
v -0.25877377 1.76862931 0.21219446
v -0.25399137 1.75873578 0.21603298
v -0.26057637 1.95559990 0.18222320
v -0.26736632 1.93670881 0.17856854
v -0.29282558 1.83865833 0.19868794
v -0.28121337 1.91855001 0.20130989
v -0.29453799 1.88356853 0.22538541
v -0.28674263 1.88434482 0.20394324
v -0.29151145 1.88039470 0.20915271
v -0.28826332 1.88796711 0.21083438
v -0.28429154 1.89036572 0.20588969
v -0.27557993 1.91520631 0.19389538
v -0.27423233 1.91127455 0.18373543
v -0.27181029 1.90915871 0.19068888
v -0.27202964 1.90251231 0.19013613
v -0.27652287 1.90236855 0.18270825
v -0.27730092 1.89548278 0.18829624
v -0.27386135 1.89762688 0.19315916
v -0.28765112 1.90931213 0.22328678
v -0.28830194 1.91058052 0.22605355
v -0.27906883 1.89117002 0.19408457
v -0.28232527 1.88767803 0.19916651
v -0.28027213 1.89244175 0.20152256
v -0.27674296 1.89463949 0.19733919
v -0.29200944 1.88530910 0.21717295
v -0.28699034 1.90750158 0.23592903
v -0.28742933 1.89654267 0.23181000
v -0.22803931 1.86386490 0.30491227
v -0.23269685 1.85292697 0.29832450
v -0.25290811 1.84507775 0.29091305
v -0.25395134 1.84105766 0.28719753
v -0.24713558 1.84307659 0.28601348
v -0.24774203 1.84691536 0.29203290
v -0.23966229 1.89706171 0.30946308
v -0.23545977 1.90412498 0.31157774
v -0.24182242 1.90554047 0.30773944
v -0.24139930 1.89795327 0.30757132
v -0.24590594 1.90131164 0.30342224
v -0.24773571 1.90471113 0.30182612
v -0.24852359 1.89670038 0.30008119
v -0.24624032 1.89657712 0.30261916
v -0.24789225 1.91612828 0.30211759
v -0.25490272 1.91462564 0.29430249
v -0.25269067 1.90236509 0.29563123
v -0.26745349 1.90134287 0.27682626
v -0.25921416 1.88924491 0.28500170
v -0.25635427 1.89715660 0.28961280
v -0.26030558 1.91004705 0.28516352
v -0.25627947 1.84707963 0.28474182
v -0.25839064 1.85508156 0.28228086
v -0.23962700 1.84623921 0.29107028
v -0.11596468 1.92355347 0.30460668
v -0.11877592 1.95333099 0.29653156
v -0.18935777 1.88768828 0.32857406
v -0.17102860 1.89097369 0.33046252
v -0.20489830 1.88536298 0.32481116
v -0.21723406 1.88371491 0.31868854
v -0.15128559 1.89393044 0.32640445
v -0.13300624 1.89461279 0.31722680
v -0.26874760 1.88515830 0.27598685
v -0.25943214 1.87849212 0.28220791
v -0.18970996 1.86902046 0.32506478
v -0.17253302 1.87035716 0.32511854
v -0.20521012 1.86951423 0.32055411
v -0.21732081 1.87101758 0.31488398
v -0.15414049 1.87251818 0.32292575
v -0.14513880 1.85098863 0.30419180
v -0.13698600 1.87043786 0.31059921
v -0.25099093 1.85678792 0.29232079
v -0.25349787 1.85576248 0.28817451
v -0.25300321 1.84957528 0.28838807
v -0.25402856 1.85155523 0.29234898
v -0.26880172 1.87021828 0.27463037
v -0.25888360 1.86648667 0.28283975
v -0.28265843 1.89635777 0.17788936
v -0.27545267 1.90416229 0.17443025
v -0.28058454 1.89780450 0.17121652
v -0.27152228 1.91181135 0.17703339
v -0.17999730 2.00357127 0.24375519
v -0.20585942 2.00315094 0.22185664
v -0.13334247 1.97716630 0.28367597
v -0.15500513 1.99490190 0.26554319
v -0.29131466 1.81581140 0.17717373
v -0.29421151 1.80211592 0.17932567
v -0.28988346 1.85555434 0.17674436
v -0.28855741 1.85468543 0.17402357
v -0.28986976 1.85088432 0.17402665
v -0.29127932 1.85154533 0.17682284
v -0.27481660 1.91163337 0.19936773
v -0.15319064 1.83590031 0.29557228
v -0.16453944 1.79137540 0.28569007
v -0.16270553 1.77748692 0.28705889
v -0.17856899 1.76774979 0.30577549
v -0.16702276 1.76716840 0.30031279
v -0.28768259 1.85850906 0.17379317
v -0.28860834 1.85923147 0.17645220
v -0.28990424 1.86872911 0.17411056
v -0.29299101 1.84358728 0.18320526
v -0.28798899 1.86209702 0.17646806
v -0.28805342 1.86415792 0.17720491
v -0.28711841 1.86151719 0.17140746
v -0.28677338 1.85798073 0.17249556
v -0.28286636 1.89618134 0.20704508
v -0.28210989 1.90073752 0.20750777
v -0.29247329 1.86678362 0.16947114
v -0.29083622 1.86766112 0.17168152
v -0.29087210 1.86563730 0.16643889
v -0.25019103 1.74960923 0.26275733
v -0.24505748 1.75479388 0.27872619
v -0.28937972 1.84701312 0.17253420
v -0.28898555 1.84315765 0.17345925
v -0.23115544 1.99291408 0.20224220
v -0.13173315 1.84507215 0.29215014
v -0.12303670 1.86391139 0.29884455
v -0.25380015 1.88184476 0.28990823
v -0.25150660 1.87733567 0.29463905
v -0.24989048 1.88427913 0.29691431
v -0.25274044 1.88890994 0.29259938
v -0.25005412 1.74930453 0.21957517
v -0.23523825 1.75890827 0.29163501
v -0.15696882 1.76682639 0.29172358
v -0.28626633 1.90350389 0.22857988
v -0.28644001 1.90214455 0.22690925
v -0.27616420 1.90927899 0.20186625
v -0.11424053 1.89115143 0.30476555
v -0.29363382 1.83596230 0.18562162
v -0.29151928 1.83964610 0.18492658
v -0.15659682 1.79231536 0.27742124
v -0.26569515 1.77646637 0.20620216
v -0.28915456 1.86401141 0.16951761
v -0.14319843 1.83399940 0.28592017
v -0.24472857 1.89004803 0.30412221
v -0.24833262 1.88886881 0.30313224
v -0.24805255 1.88537407 0.30271515
v -0.24606776 1.88586318 0.30254406
v -0.25225323 1.89246607 0.30132705
v -0.25142291 1.88892090 0.30317169
v -0.25146279 1.89186013 0.30534452
v -0.25154153 1.89561439 0.30388477
v -0.25113949 1.89399219 0.29640341
v -0.25177568 1.88856006 0.29883546
v -0.25061473 1.89375412 0.30751491
v -0.25154626 1.89669752 0.30691892
v -0.24878319 1.89804125 0.30575231
v -0.24373882 1.89766288 0.30543509
v -0.25035259 1.89749098 0.31114802
v -0.24646491 1.89916003 0.30963844
v -0.24837224 1.89684641 0.31629369
v -0.24331872 1.89875185 0.31399348
v -0.24478322 1.89354444 0.32030058
v -0.23945135 1.89485002 0.31749600
v -0.25446257 1.86281013 0.28936523
v -0.24892478 1.86231411 0.29351851
v -0.24319945 1.88787735 0.32249096
v -0.23755918 1.88810635 0.31862408
v -0.24211983 1.88077426 0.32298112
v -0.23690632 1.88088191 0.31885442
v -0.24216206 1.87377059 0.32133320
v -0.23786338 1.87329781 0.31825891
v -0.24301356 1.86665416 0.31901318
v -0.23878761 1.86494780 0.31610012
v -0.24503228 1.85978246 0.31495473
v -0.24052960 1.85587716 0.31220165
v -0.24526790 1.89443517 0.31410879
v -0.24349591 1.89111936 0.31716156
v -0.23704982 1.89319062 0.30841601
v -0.24801123 1.89549851 0.31035006
v -0.24293730 1.87982523 0.30599672
v -0.24032301 1.88267207 0.30488452
v -0.24091376 1.88115287 0.30467129
v -0.23920752 1.87938452 0.30580494
v -0.25110248 1.86983943 0.29381680
v -0.24902990 1.86925554 0.29704598
v -0.24945183 1.87491012 0.29733574
v -0.24773893 1.86498570 0.29613253
v -0.24644428 1.86618733 0.29603338
v -0.24627399 1.86992192 0.29572156
v -0.24568203 1.87458849 0.29575866
v -0.24501333 1.86465025 0.29801053
v -0.24622390 1.86292589 0.29838312
v -0.24409831 1.86583066 0.29715306
v -0.24476473 1.86675560 0.29613054
v -0.24337685 1.86911368 0.29609519
v -0.24195734 1.87248802 0.29831061
v -0.25436020 1.87276030 0.28918025
v -0.23548718 1.86832416 0.30429521
v -0.23795223 1.85955560 0.29975080
v -0.24741216 1.85533237 0.30918017
v -0.24560094 1.84876955 0.30670321
v -0.25509381 1.84782803 0.29694450
v -0.25173974 1.84521890 0.30216071
v -0.23486578 1.88789058 0.30806145
v -0.23386219 1.88150251 0.30881861
v -0.24245515 1.85267878 0.29532585
v -0.23385732 1.87491918 0.30871522
v -0.24452361 1.86363280 0.31274760
v -0.24528384 1.86045074 0.30807599
v -0.24296163 1.86857486 0.31649953
v -0.24819812 1.86001229 0.29828799
v -0.25173914 1.85488939 0.29820099
v -0.25045314 1.85402322 0.30399877
v -0.24627574 1.85947955 0.30302259
v -0.24520905 1.86659646 0.31047484
v -0.24398744 1.86415100 0.30627573
v -0.24289547 1.86913490 0.30818853
v -0.24206267 1.86719024 0.30432367
v -0.24332911 1.86532462 0.30048144
v -0.24443287 1.86290455 0.30194885
v -0.23940724 1.86966145 0.30137768
v -0.24055845 1.87270939 0.30552009
v -0.24197845 1.86707354 0.29847342
v -0.24424787 1.87234592 0.31046852
v -0.24453077 1.87631392 0.31292889
v -0.24484798 1.87889147 0.30956912
v -0.24251793 1.87568235 0.30782455
v -0.24190409 1.87435460 0.31853452
v -0.24429008 1.87494659 0.31645417
v -0.24465238 1.87035477 0.31386995
v -0.24383429 1.88033807 0.31766415
v -0.24138722 1.88074148 0.31919166
v -0.24412884 1.88049924 0.31462693
v -0.24459505 1.88162875 0.31211656
v -0.24442363 1.88933516 0.31549919
v -0.24397844 1.88537467 0.31717497
v -0.24233878 1.88670969 0.31895185
v -0.24496913 1.88428402 0.31475306
v -0.24490714 1.88739216 0.31342381
v -0.24458084 1.88567579 0.31172246
v -0.24454485 1.88396215 0.31313431
v -0.24811111 1.89327228 0.30678827
v -0.24864388 1.89172232 0.30459437
v -0.24666542 1.89328134 0.30947891
v -0.24538720 1.89416766 0.30741996
v -0.24545152 1.89116907 0.30842698
v -0.24479902 1.89307106 0.30594203
v -0.24534112 1.88915586 0.30711150
v -0.24489731 1.88604450 0.30527571
v -0.24557020 1.72024119 0.23915632
v -0.24705166 1.73158205 0.23666348
v -0.24272780 1.72844040 0.22556297
v -0.23970890 1.71768713 0.22813754
v -0.24510279 1.88732016 0.30943024
v -0.24502565 1.88955688 0.31103909
v -0.24521933 1.89207029 0.31274563
v -0.24433522 1.88247955 0.30753696
v -0.24485022 1.88170671 0.30907673
v -0.24486130 1.88345611 0.31010818
v -0.24478561 1.88474035 0.30789620
v -0.24858403 1.87893367 0.29792276
v -0.24521390 1.87708879 0.29878855
v -0.24260104 1.87470138 0.30187052
v -0.24899752 1.70871902 0.27864122
v -0.24726439 1.71769750 0.29854015
v -0.24349490 1.72635412 0.29422730
v -0.24592309 1.71907449 0.27571484
v -0.26809704 1.68728948 0.27384323
v -0.27637774 1.66947889 0.26744881
v -0.28325406 1.67584431 0.28704777
v -0.26918077 1.69647801 0.30336195
v -0.29144284 1.65591133 0.27676636
v -0.28341472 1.65011787 0.26108664
v -0.31008536 1.59998322 0.25574273
v -0.30377603 1.61733198 0.26212853
v -0.29634911 1.61422539 0.24856146
v -0.30301443 1.59754241 0.24185827
v -0.34048247 1.51817608 0.26141787
v -0.33723328 1.51976466 0.24913360
v -0.33073220 1.50375617 0.24481690
v -0.33325836 1.50002670 0.25913769
v -0.32404056 1.63231206 0.32329237
v -0.32575524 1.62270117 0.33081400
v -0.32610288 1.64027977 0.33589667
v -0.32258362 1.65001452 0.32959569
v -0.23980631 1.72956157 0.34868902
v -0.23331465 1.73388433 0.34143770
v -0.24575429 1.71988714 0.32351267
v -0.25444758 1.71507680 0.32951364
v -0.32868156 1.53771722 0.32119703
v -0.33376634 1.54676867 0.31054023
v -0.33663189 1.53340292 0.30525073
v -0.33199593 1.52405250 0.31439576
v -0.30490294 1.44502294 0.30410928
v -0.30878928 1.44357145 0.28334862
v -0.30975103 1.42464292 0.28283995
v -0.30447036 1.42562819 0.30463731
v -0.27583224 1.47059631 0.37099379
v -0.27207363 1.45341432 0.37014937
v -0.25076020 1.45601571 0.38506162
v -0.25439352 1.47261012 0.38637954
v -0.32048035 1.60237908 0.28153756
v -0.31591582 1.62124038 0.28833807
v -0.31020448 1.61951244 0.27568334
v -0.31603932 1.60168231 0.26907992
v -0.43108803 1.58183300 0.36428678
v -0.41087624 1.59666789 0.36287057
v -0.40308779 1.58271194 0.35569951
v -0.42365515 1.56800210 0.35744947
v -0.28054407 1.36689520 0.36092481
v -0.28455073 1.35088861 0.35999292
v -0.26260275 1.35481215 0.37684005
v -0.25902933 1.37078691 0.37577385
v -0.34017044 1.67531478 0.37428939
v -0.33767915 1.68543375 0.39458984
v -0.32727945 1.69543147 0.39384368
v -0.33267248 1.68490219 0.37263978
v -0.32633311 1.59312725 0.32278281
v -0.32578516 1.60720146 0.32664013
v -0.32590139 1.61634648 0.31809375
v -0.32717347 1.59982967 0.31305313
v -0.26040018 1.50608218 0.39457983
v -0.26287562 1.52418137 0.39703327
v -0.27834785 1.52327526 0.38446093
v -0.27882692 1.50475991 0.38126194
v -0.27872682 1.48700953 0.37712216
v -0.25795156 1.48880041 0.39090842
v -0.32599545 1.60131991 0.30368811
v -0.32356983 1.62160254 0.30976459
v -0.31987652 1.62150168 0.29987413
v -0.32366723 1.60210633 0.29321012
v -0.32036728 1.48969901 0.24128336
v -0.32305717 1.48522949 0.25916263
v -0.30185694 1.34590244 0.33812150
v -0.29785377 1.36225975 0.34022403
v -0.30841011 1.35718834 0.31662467
v -0.31229830 1.34044993 0.31377870
v -0.30835074 1.46041763 0.26352209
v -0.30904385 1.46063542 0.28233886
v -0.31544477 1.47358251 0.27809504
v -0.31347963 1.47396910 0.26111737
v -0.31796390 1.33660781 0.28839695
v -0.31402177 1.35305369 0.29199004
v -0.31740206 1.35058761 0.26745266
v -0.32168734 1.33249509 0.26334101
v -0.29770702 1.63580203 0.26940250
v -0.28983831 1.63171315 0.25488281
v -0.34128267 1.51979363 0.28470743
v -0.34200880 1.51832521 0.27368966
v -0.33525717 1.49954534 0.27280945
v -0.33558297 1.50201023 0.28522071
v -0.31395772 1.59380639 0.35087532
v -0.31467849 1.60528636 0.35590231
v -0.32532406 1.62501705 0.34536350
v -0.32361287 1.60915530 0.34015006
v -0.26668185 1.33850896 0.37795073
v -0.28899547 1.33470654 0.35978660
v -0.32057914 1.31915176 0.28644148
v -0.32433575 1.31423187 0.26145294
v -0.28770387 1.58907104 0.40187469
v -0.29364628 1.59428000 0.39306265
v -0.28764689 1.58897209 0.39249304
v -0.28286391 1.58537400 0.40177450
v -0.31717536 1.52232897 0.21614182
v -0.31857902 1.50176287 0.22525620
v -0.32876486 1.51420259 0.23322883
v -0.32651579 1.53083968 0.22750345
v -0.32559174 1.48710394 0.28889978
v -0.32507333 1.48481464 0.27463800
v -0.31608897 1.47563362 0.29455498
v -0.30411103 1.51344562 0.20617373
v -0.30338567 1.48764098 0.21845451
v -0.28196034 1.62827516 0.23922184
v -0.28832716 1.61172867 0.23323746
v -0.27592978 1.64562964 0.24514771
v -0.26925850 1.66319776 0.24910541
v -0.26242954 1.65861249 0.23361900
v -0.26817143 1.64132798 0.22928390
v -0.26278573 1.68000126 0.25309628
v -0.25639287 1.67485702 0.23612203
v -0.24747053 1.70256400 0.25865000
v -0.24540724 1.71320689 0.25742468
v -0.32206133 1.59528387 0.33627716
v -0.32206404 1.58249474 0.33332857
v -0.31499100 1.32399976 0.31206051
v -0.17698514 1.66350567 0.41593242
v -0.19597988 1.66520178 0.42313409
v -0.18978375 1.64924502 0.42262340
v -0.17078914 1.64716446 0.41662341
v -0.26383698 1.71505225 0.33822131
v -0.24630699 1.72818053 0.35665616
v -0.24849728 1.59484708 0.43194240
v -0.25029081 1.58885384 0.42878485
v -0.23931631 1.58732843 0.42814994
v -0.23693350 1.59471035 0.43116382
v -0.27855664 1.58429050 0.41766033
v -0.27619123 1.58517015 0.42315638
v -0.28678411 1.57893562 0.42267460
v -0.28856784 1.57786703 0.41801029
v -0.23884502 1.35808110 0.38661015
v -0.23492222 1.37438095 0.38518977
v -0.19116567 1.49248600 0.40601522
v -0.20022140 1.51071942 0.41153347
v -0.21856321 1.50060678 0.40838584
v -0.21172200 1.48321962 0.40362853
v -0.10776672 1.64529240 0.33037117
v -0.11646768 1.64855933 0.34943429
v -0.11378369 1.63373208 0.35103673
v -0.10498457 1.63087273 0.33135420
v -0.14468765 1.67277193 0.38953984
v -0.12988631 1.66764832 0.36907354
v -0.13373436 1.68113792 0.36663139
v -0.14987087 1.68723786 0.38619614
v -0.15775582 1.66102600 0.40496820
v -0.15286045 1.64448273 0.40595245
v -0.24254917 1.51110351 0.40390801
v -0.24741741 1.52778101 0.40697464
v -0.25457671 1.55191350 0.40976876
v -0.25866997 1.56126451 0.41026574
v -0.26829040 1.56034529 0.40071005
v -0.26601201 1.55059314 0.39983207
v -0.22702719 1.73990726 0.33405340
v -0.21627106 1.74278402 0.35613078
v -0.20867687 1.74839926 0.34689090
v -0.15215699 1.72688413 0.34433922
v -0.16290650 1.73106873 0.34999388
v -0.16116732 1.72530651 0.35729969
v -0.14821419 1.72087574 0.34800899
v -0.10793176 1.56425512 0.35852170
v -0.10923795 1.54054320 0.35909545
v -0.09629572 1.54258394 0.33875942
v -0.09568792 1.56513917 0.33930269
v -0.25513595 1.57153165 0.41669607
v -0.24863443 1.57533705 0.42124751
v -0.25700238 1.57981968 0.42107189
v -0.26247948 1.57649541 0.41594613
v -0.24148151 1.56874990 0.42197061
v -0.24971767 1.56426942 0.41692686
v -0.24447289 1.55515957 0.41706240
v -0.23489836 1.56051111 0.42197999
v -0.20955896 1.52623832 0.41527528
v -0.21953300 1.54029548 0.41877270
v -0.23328155 1.53333938 0.41375458
v -0.22596103 1.51804113 0.41128385
v -0.10154752 1.46714222 0.32917511
v -0.09832139 1.49160087 0.33318725
v -0.10944051 1.48910522 0.35153717
v -0.11097923 1.46395409 0.34735665
v -0.31027454 1.60411525 0.37860537
v -0.31864899 1.59644783 0.37641183
v -0.32440096 1.60581446 0.36453652
v -0.31775838 1.61176217 0.36679327
v -0.29553461 1.58661115 0.43562353
v -0.29686353 1.59216702 0.43861175
v -0.30875021 1.58823717 0.43955842
v -0.30670255 1.58303547 0.43705392
v -0.32712805 1.57297385 0.38261241
v -0.34243131 1.55703747 0.38035846
v -0.34606832 1.56922793 0.36961788
v -0.33058730 1.58402503 0.37253463
v -0.23330353 1.73086560 0.38359010
v -0.22779644 1.73429763 0.37510583
v -0.25298083 1.72788870 0.36491227
v -0.30587235 1.57186413 0.40189701
v -0.30183375 1.56853867 0.40984786
v -0.31526238 1.55551434 0.41043961
v -0.31828409 1.55758905 0.40071082
v -0.43714172 1.59236622 0.37789869
v -0.41682082 1.60681653 0.37688243
v -0.35674980 1.53355992 0.39007905
v -0.33823955 1.54759300 0.38988414
v -0.33495161 1.54215503 0.40090436
v -0.35540888 1.52897441 0.40292990
v -0.20591742 1.46605277 0.39990121
v -0.18420002 1.47433043 0.39995939
v -0.19146678 1.36244774 0.38696027
v -0.18707266 1.38096988 0.38519529
v -0.20995937 1.37805557 0.38758689
v -0.21444792 1.36079001 0.38979641
v -0.24215868 1.34154785 0.38812733
v -0.19489826 1.34369600 0.38872498
v -0.21784739 1.34303892 0.39143503
v -0.20346124 1.75643396 0.32612672
v -0.20475790 1.75256586 0.33666182
v -0.18495099 1.75104928 0.33796304
v -0.18601313 1.75682759 0.32768530
v -0.25764155 1.22982359 0.40371126
v -0.28510386 1.22861123 0.38948536
v -0.28540012 1.19958735 0.39159650
v -0.25559250 1.19993329 0.40505213
v -0.15035832 1.74189389 0.32260677
v -0.15550691 1.75041592 0.31456387
v -0.16968009 1.75408602 0.32251477
v -0.16730468 1.74592364 0.33187473
v -0.25801146 1.25680315 0.40268767
v -0.28388184 1.25388730 0.38723910
v -0.22051863 1.74941063 0.31675181
v -0.22261216 1.74505055 0.32582241
v -0.23340560 1.74128258 0.30446541
v -0.23520763 1.73479974 0.31148905
v -0.24192032 1.73501587 0.28909886
v -0.30765349 1.22218728 0.37105548
v -0.31028008 1.19489408 0.37500209
v -0.18868104 1.76225638 0.31731787
v -0.17384212 1.76016951 0.31346208
v -0.16092183 1.75887561 0.30736047
v -0.15006772 1.75853002 0.29775968
v -0.14044651 1.75804579 0.28572822
v -0.14779645 1.76604271 0.28129742
v -0.27086365 1.32252967 0.37825814
v -0.24575645 1.32466495 0.39062864
v -0.17986935 1.09008372 0.40148836
v -0.19375849 1.07286358 0.39668378
v -0.16928172 1.06909573 0.37552798
v -0.15645555 1.08620596 0.38435000
v -0.11520748 1.09168327 0.32965648
v -0.13579927 1.08573163 0.36010557
v -0.14828551 1.07062435 0.34856182
v -0.12955463 1.07585955 0.31705606
v -0.09267743 1.22198331 0.35326457
v -0.09760169 1.24324894 0.35045421
v -0.11483967 1.24356246 0.37316889
v -0.10956138 1.22242785 0.37698376
v -0.22057796 1.32571518 0.39433253
v -0.19743183 1.32547235 0.39203340
v -0.29189438 1.31887352 0.35864651
v -0.33448702 1.06809723 0.37119526
v -0.33320397 1.03601122 0.37410218
v -0.30268598 1.03723145 0.39811015
v -0.30452257 1.06961250 0.39896530
v -0.23425190 1.03309405 0.40453959
v -0.20450641 1.02975678 0.38728422
v -0.20079269 1.05230832 0.39198357
v -0.23152721 1.05959296 0.40890697
v -0.32597101 1.31016970 0.23721099
v -0.32585382 1.29043210 0.23646881
v -0.32499975 1.29605782 0.26050943
v -0.30868188 1.30117202 0.17560211
v -0.30754894 1.28026032 0.17468791
v -0.31676000 1.28296089 0.19301468
v -0.31862515 1.30356407 0.19457000
v -0.29940832 1.16711450 0.18988341
v -0.30414867 1.19128668 0.19158754
v -0.29581875 1.19013274 0.17784227
v -0.29205319 1.16751671 0.17857784
v -0.32434410 1.21464360 0.34774119
v -0.31932265 1.23898697 0.34425834
v -0.32742426 1.22971272 0.31666231
v -0.33276159 1.20705581 0.31871724
v -0.15874709 1.05874228 0.33463696
v -0.14472587 1.06526995 0.30243197
v -0.35325181 1.06937337 0.33600748
v -0.35444689 1.03529811 0.34063584
v -0.35959747 1.03389132 0.30395290
v -0.35747093 1.06820035 0.30113447
v -0.34685385 1.06481385 0.26990363
v -0.34823298 1.03241944 0.27125633
v -0.26100865 1.08002305 0.20391767
v -0.25825661 1.07583785 0.20921807
v -0.28498924 1.09409285 0.20960200
v -0.28622985 1.10381758 0.20057946
v -0.09532940 1.13257468 0.34684604
v -0.11287142 1.12899923 0.37331784
v -0.12184744 1.10601735 0.36831838
v -0.10295182 1.11227691 0.34009802
v -0.17604229 1.32431185 0.38481295
v -0.17428918 1.34370065 0.38075787
v -0.15653022 1.34391189 0.36988419
v -0.15393762 1.36524737 0.36810887
v -0.17146714 1.36411679 0.37973648
v -0.14474091 1.49653018 0.38608235
v -0.15149814 1.51673067 0.39534593
v -0.17092994 1.50263047 0.40318739
v -0.16425088 1.48482513 0.39531845
v -0.12711249 1.65303361 0.37070051
v -0.12430115 1.63767433 0.37177831
v -0.17914146 1.03186297 0.35987192
v -0.18637729 1.00514936 0.36256623
v -0.17218162 1.00789917 0.32916045
v -0.16392523 1.03965116 0.31756011
v -0.23639606 1.00497270 0.40188766
v -0.26827717 1.03723812 0.40961593
v -0.26721114 1.00643671 0.40620553
v -0.33328933 1.00374138 0.37363026
v -0.30146539 1.00560272 0.39681512
v -0.36010498 0.99997443 0.30447739
v -0.34738195 0.99933517 0.27254504
v -0.26628572 1.02354336 0.22569020
v -0.26178652 0.99810266 0.23209172
v -0.29190820 0.99818802 0.23717926
v -0.29541236 1.02572191 0.23255330
v -0.31720749 1.15997183 0.22713000
v -0.32083803 1.14187384 0.23772663
v -0.33097899 1.16094136 0.26311940
v -0.32764524 1.18155420 0.26072201
v -0.31837636 1.32469344 0.19637409
v -0.31031269 1.32160819 0.18013629
v -0.32409638 1.32981598 0.23896450
v -0.32322085 1.32758677 0.21586396
v -0.32423410 1.30640304 0.21430469
v -0.31067142 1.40670323 0.20884652
v -0.31194085 1.38734102 0.20447244
v -0.31639618 1.38668656 0.22744046
v -0.31515354 1.40532982 0.23247284
v -0.31277019 1.42518079 0.23729369
v -0.30745941 1.42660594 0.21384975
v -0.29682070 1.46683145 0.22279495
v -0.30445591 1.46265328 0.24357525
v -0.30952886 1.47744322 0.24100310
v -0.27412280 1.62405109 0.22416693
v -0.28008473 1.60775042 0.21914825
v -0.33021742 1.18807888 0.35091275
v -0.16983496 1.03433740 0.27903518
v -0.17214626 1.00647998 0.29308563
v -0.18617672 1.00377607 0.26556718
v -0.18875988 1.02889323 0.25571260
v -0.30394733 1.24640834 0.36776894
v -0.30516565 1.32950664 0.33669996
v -0.30738419 1.31357956 0.33571392
v -0.29700741 1.47291660 0.34636906
v -0.28883016 1.45230126 0.34841779
v -0.33400935 1.52365613 0.24010400
v -0.33277294 1.53597569 0.23922573
v -0.26776412 1.06776989 0.41265315
v -0.35853136 0.96789885 0.30513397
v -0.34492707 0.96660340 0.27508536
v -0.34112722 0.93568933 0.27724057
v -0.35531703 0.93766010 0.30594212
v -0.23159160 0.97087312 0.24598590
v -0.23138525 0.94139612 0.25709832
v -0.25601885 0.94140440 0.24950582
v -0.25798082 0.97038734 0.24036330
v -0.23271145 0.91157705 0.26688191
v -0.23281631 0.88294077 0.27513206
v -0.25482643 0.88086921 0.26593778
v -0.25659674 0.91079402 0.25779063
v -0.35491052 1.00135136 0.34127414
v -0.33397496 0.94256800 0.36829269
v -0.33413357 0.97264296 0.37096995
v -0.35387182 0.96968442 0.34002075
v -0.35237136 0.93939710 0.33940744
v -0.20863920 1.00388455 0.38665873
v -0.23917145 1.02273035 0.22763979
v -0.23472250 0.99885297 0.23591898
v -0.19465807 0.94211507 0.28995475
v -0.18924788 0.97322881 0.27810389
v -0.17778996 0.97429681 0.30574703
v -0.18490942 0.94339830 0.31632555
v -0.24555208 0.94904119 0.40047407
v -0.24073598 0.97715861 0.40047061
v -0.27156377 0.97791332 0.40262103
v -0.27535927 0.94929725 0.40100074
v -0.30438223 0.97624171 0.39208090
v -0.30621395 0.94669974 0.38886896
v -0.33408672 0.88392824 0.36349240
v -0.33372104 0.91293216 0.36589265
v -0.35037601 0.90961200 0.33738106
v -0.34837279 0.88047332 0.33565092
v -0.30908662 0.88864434 0.38457358
v -0.30761278 0.91744518 0.38678187
v -0.28263485 0.89297861 0.39754623
v -0.27937156 0.92118692 0.39924699
v -0.25687361 0.89477557 0.39838773
v -0.25147337 0.92194384 0.39995098
v -0.23395500 0.89468384 0.39089206
v -0.22675955 0.92063898 0.39067116
v -0.20729795 0.91911113 0.37293226
v -0.21599081 0.89312577 0.37529707
v -0.20504665 0.89123410 0.35445195
v -0.19586727 0.91764486 0.34999391
v -0.20442218 0.88636798 0.30910254
v -0.19986911 0.91366148 0.30041194
v -0.19229707 0.91533148 0.32461649
v -0.20012531 0.88855952 0.33142677
v -0.21796224 0.78480619 0.34088674
v -0.21235754 0.81062162 0.33244127
v -0.21807066 0.81479669 0.35121799
v -0.22453800 0.78934759 0.35753939
v -0.23044536 0.79304564 0.37357348
v -0.22655725 0.81797284 0.36733156
v -0.23603697 0.82016891 0.38185799
v -0.24029343 0.79556829 0.38813961
v -0.27103701 0.81903529 0.39469630
v -0.27491838 0.79361582 0.39977273
v -0.25523263 0.79596424 0.39730507
v -0.25098586 0.82090682 0.39170063
v -0.29413620 0.81577599 0.39623040
v -0.29755977 0.79039347 0.39871907
v -0.31581789 0.81041247 0.38306504
v -0.31714106 0.78440511 0.38245350
v -0.33171391 0.80398881 0.35821709
v -0.33281213 0.77878517 0.35850823
v -0.24360207 0.79809773 0.28591856
v -0.22575194 0.80191553 0.29579121
v -0.22607717 0.77639538 0.30637825
v -0.24223980 0.77241206 0.29442543
v -0.29238653 0.79510111 0.28610331
v -0.28772059 0.76924449 0.29530537
v -0.31454974 0.77093095 0.29592711
v -0.32006603 0.79623014 0.28899539
v -0.33427238 0.85662562 0.36135000
v -0.31072152 0.86163050 0.38247693
v -0.28594041 0.86634141 0.39553323
v -0.26194632 0.86896485 0.39539391
v -0.20707293 0.86056894 0.31687802
v -0.20619071 0.86377037 0.33845359
v -0.25180709 0.85203516 0.27253067
v -0.23130472 0.85483670 0.28164530
v -0.34296593 0.82353956 0.30421582
v -0.34541112 0.82586241 0.33210328
v -0.34690428 0.85268414 0.33355904
v -0.34425157 0.85050738 0.30493814
v -0.31349117 0.83580828 0.38284019
v -0.28966412 0.84082466 0.39478076
v -0.26687044 0.84389609 0.39351505
v -0.23087862 0.84430552 0.37858695
v -0.24649437 0.84524930 0.38961846
v -0.22041248 0.84209913 0.36289090
v -0.20938869 0.83569515 0.32467678
v -0.21156144 0.83929431 0.34507173
v -0.24779747 0.82441068 0.27987781
v -0.22861497 0.82783586 0.28847671
v -0.33640206 0.77321523 0.31116146
v -0.34261578 0.77522367 0.33563334
v -0.34415904 0.80010343 0.33325732
v -0.34177345 0.79684788 0.30594337
v -0.32903534 0.75030500 0.31857052
v -0.31013727 0.74808902 0.30634773
v -0.24420944 0.76918817 0.39471340
v -0.23367599 0.76690537 0.38166940
v -0.25922158 0.76870334 0.40377539
v -0.32102138 0.75746715 0.38260543
v -0.30103773 0.76390231 0.40160030
v -0.33410895 0.75211012 0.35854805
v -0.33805335 0.75241894 0.33723956
v -0.23461568 0.72284216 0.32640201
v -0.24901125 0.71981317 0.31506592
v -0.24530041 0.74847203 0.30532044
v -0.23157051 0.75107068 0.31767404
v -0.22284739 0.72986442 0.35766542
v -0.22577165 0.75870305 0.34860858
v -0.22879115 0.76285154 0.36507010
v -0.22332376 0.73456973 0.37587142
v -0.24398477 0.74008608 0.40635031
v -0.23086970 0.73830462 0.39292824
v -0.26094097 0.74115020 0.41525632
v -0.30522737 0.73506540 0.40448898
v -0.28303137 0.73980647 0.41648978
v -0.27891290 0.76780528 0.40751600
v -0.32706079 0.72922474 0.38369310
v -0.33338255 0.69182885 0.35972714
v -0.33160570 0.69901639 0.38773808
v -0.33218274 0.72181857 0.35455614
v -0.31524613 0.59019071 0.35217637
v -0.31336290 0.55548239 0.35702211
v -0.32558617 0.55977762 0.37398660
v -0.32953471 0.59446222 0.37123281
v -0.23257378 0.69205487 0.33183816
v -0.24957791 0.69039273 0.32079291
v -0.21896592 0.70360476 0.38522452
v -0.21740568 0.69869733 0.36493784
v -0.31213170 0.67400241 0.41795796
v -0.28830710 0.67781681 0.43127394
v -0.28696275 0.70974416 0.42427534
v -0.31083897 0.70527071 0.41107029
v -0.24674322 0.59245706 0.33280933
v -0.24599501 0.62538487 0.32697761
v -0.22773492 0.62687838 0.33991963
v -0.22999072 0.59334928 0.34456640
v -0.21471903 0.67045349 0.39045370
v -0.21408775 0.63629651 0.39484680
v -0.21224162 0.63218832 0.37444228
v -0.21337114 0.66579181 0.36948919
v -0.31044641 0.60437435 0.42156184
v -0.28913099 0.60655254 0.43489915
v -0.28880483 0.64349973 0.43524745
v -0.31191441 0.64035577 0.42143431
v -0.33383465 0.66109246 0.36408234
v -0.33254826 0.62849438 0.36874449
v -0.32988620 0.63534242 0.39685655
v -0.33161017 0.66797143 0.39321423
v -0.31851125 0.65663576 0.34298027
v -0.31768391 0.62454826 0.34792107
v -0.24411136 0.52191514 0.35890988
v -0.25753793 0.51880336 0.34896630
v -0.25211191 0.55625641 0.34108868
v -0.23703513 0.55849785 0.35191476
v -0.21865726 0.60113490 0.39806139
v -0.22718328 0.56447077 0.39944458
v -0.22494298 0.56212580 0.38165283
v -0.21576607 0.59780908 0.37824357
v -0.30616927 0.52732128 0.41838384
v -0.28809220 0.52853000 0.42834806
v -0.28897163 0.56776643 0.43200719
v -0.30797881 0.56648964 0.42039940
v -0.32152700 0.52217829 0.37744677
v -0.32048905 0.52541846 0.40030190
v -0.32471210 0.56414044 0.39923948
v -0.31101128 0.51864386 0.36181220
v -0.31011432 0.48240238 0.36557215
v -0.31901628 0.48532045 0.37884375
v -0.24978197 0.48618102 0.36367029
v -0.26309556 0.48424411 0.35602826
v -0.23844305 0.48924601 0.38488704
v -0.23314919 0.52532005 0.38405877
v -0.23436219 0.52781218 0.39979041
v -0.23917729 0.49197507 0.39942190
v -0.25548160 0.52781910 0.42597353
v -0.25904942 0.49209112 0.42307776
v -0.24631064 0.49287879 0.41321284
v -0.24230637 0.52857780 0.41484821
v -0.28711367 0.49273998 0.42403466
v -0.27196601 0.49258465 0.42589033
v -0.27050239 0.52861416 0.43071690
v -0.30487072 0.49192744 0.41593570
v -0.31800359 0.48886096 0.39898166
v -0.18082185 1.05841160 0.25412831
v -0.17479776 1.05258620 0.26638693
v -0.19559671 1.04571462 0.24686153
v -0.20320982 1.05468750 0.23759384
v -0.28691834 0.93846822 0.24986187
v -0.28946289 0.96916604 0.24310458
v -0.28065819 0.87804663 0.26250157
v -0.28521985 0.90747231 0.25583950
v -0.27684757 0.84957749 0.27029026
v -0.26630664 0.79507816 0.28402585
v -0.27213454 0.82200950 0.27814156
v -0.26398557 0.76958156 0.29219300
v -0.26571405 0.74422491 0.30210707
v -0.26979285 0.71682090 0.31068754
v -0.27182233 0.65846080 0.32122326
v -0.27210000 0.68881309 0.31796458
v -0.24788475 0.65833551 0.32376081
v -0.27155983 0.59123200 0.32990694
v -0.27123982 0.62560701 0.32432219
v -0.27575594 0.51686162 0.34647533
v -0.27348354 0.55411983 0.33791816
v -0.27999264 0.48253757 0.35445929
v -0.32437575 1.08525801 0.24463370
v -0.32352531 1.10745585 0.24400690
v -0.30458432 1.09163320 0.22550599
v -0.30164063 1.07369792 0.22743835
v -0.22863439 1.06876266 0.21614540
v -0.22492459 1.06748724 0.22041765
v -0.24001351 1.06946349 0.21427323
v -0.24246739 1.07146764 0.21008359
v -0.33331060 0.82994419 0.35985249
v -0.24048994 0.86978698 0.38994318
v -0.21341068 0.86671484 0.35850525
v -0.22428821 0.86856633 0.37653697
v -0.29849079 0.82030720 0.27679458
v -0.32444483 0.82176238 0.28490448
v -0.32831141 0.84860021 0.28303784
v -0.30369121 0.84810090 0.27274096
v -0.31887722 0.68462652 0.33795792
v -0.29639715 0.68605959 0.32416421
v -0.29586852 0.65672648 0.33001134
v -0.32004005 0.71013600 0.33322251
v -0.26293892 0.71160936 0.42598683
v -0.24317312 0.71064246 0.41824859
v -0.22471714 0.67531544 0.41090670
v -0.22835815 0.70781535 0.40385050
v -0.24120668 0.67849016 0.42654473
v -0.31303248 0.90434331 0.26215440
v -0.30783126 0.87624645 0.26717743
v -0.33203000 0.87658775 0.28155270
v -0.33642226 0.90563321 0.27871445
v -0.18345109 1.39930439 0.38306201
v -0.20530161 1.39528382 0.38566133
v -0.32473755 1.50053239 0.31485111
v -0.32562417 1.49209559 0.30236849
v -0.31468695 1.48027503 0.31109124
v -0.31278017 1.48865354 0.32744071
v -0.31188124 1.50088096 0.33881980
v -0.32351691 1.51196754 0.32473394
v -0.30976015 1.51539111 0.34662884
v -0.32081637 1.52606750 0.33247614
v -0.30119455 1.58527827 0.36229029
v -0.30172658 1.59499574 0.36537397
v -0.28624123 1.46630859 0.20199364
v -0.29157054 1.44693875 0.19757387
v -0.30208319 1.44638026 0.21904345
v -0.32315627 1.28636146 0.21329321
v -0.31934237 1.19646871 0.23114103
v -0.31207559 1.19315600 0.20869252
v -0.30659339 1.16510940 0.20513903
v -0.27233121 1.10062480 0.19044456
v -0.25598654 1.08782637 0.19064367
v -0.23870759 1.07440078 0.20215458
v -0.22628839 1.06911564 0.21087387
v -0.12443705 1.45884788 0.36268765
v -0.12416604 1.48368597 0.36717832
v -0.10998899 1.65922713 0.32851553
v -0.11912124 1.66240919 0.34818614
v -0.12456482 1.68775535 0.34417808
v -0.11478096 1.68389130 0.32475990
v -0.11799783 1.69514298 0.32193229
v -0.12765189 1.69846904 0.34022278
v -0.14334807 1.74945128 0.30282962
v -0.13806486 1.73769522 0.30877286
v -0.20894331 1.06823468 0.22885200
v -0.20087761 1.06598401 0.23509502
v -0.21939957 1.06531358 0.22460794
v -0.27072224 1.04564905 0.22095773
v -0.27585748 1.06313777 0.21789670
v -0.24962682 1.05612159 0.21761642
v -0.24467282 1.04197109 0.22133420
v -0.30749685 1.10185623 0.39633501
v -0.33634013 1.10004115 0.36708617
v -0.17618540 1.05244029 0.36656809
v -0.40413868 1.50569856 0.40723822
v -0.37881976 1.51713490 0.40549678
v -0.38182527 1.51814747 0.41974711
v -0.40802133 1.50768614 0.42043465
v -0.12326887 1.56496990 0.37792292
v -0.12989718 1.53671825 0.38139695
v -0.23960468 1.72788978 0.31777504
v -0.27368671 1.72496057 0.37867135
v -0.26200402 1.72699618 0.37195274
v -0.28043064 1.71611238 0.35414761
v -0.28999302 1.71480298 0.35966831
v -0.21847180 1.68223846 0.42835003
v -0.20276487 1.68218219 0.42238837
v -0.21270822 1.69909906 0.41755378
v -0.22725859 1.69819295 0.42283955
v -0.10514840 1.19897938 0.37887609
v -0.08894376 1.19958615 0.35450053
v -0.12100056 1.39244616 0.33807510
v -0.11682493 1.41596735 0.33996421
v -0.12974301 1.41160703 0.35539916
v -0.13416234 1.38886440 0.35480732
v -0.14889249 1.54891384 0.39955729
v -0.16421944 1.53182185 0.40567124
v -0.30233657 1.53830647 0.20339440
v -0.31331819 1.54393423 0.21464372
v -0.30772269 1.56213164 0.21762604
v -0.29802650 1.55840302 0.20544945
v -0.35874403 1.55239022 0.43943000
v -0.35962439 1.53657138 0.43004641
v -0.33511233 1.54697394 0.42453861
v -0.33275115 1.55674052 0.43270004
v -0.22451559 1.08402252 0.41232389
v -0.26532415 1.10199332 0.41459048
v -0.22474739 1.42460704 0.39010590
v -0.22585666 1.40709400 0.38545752
v -0.20149133 1.41234159 0.38787484
v -0.20003586 1.43017411 0.39328319
v -0.23294646 1.47672403 0.39717424
v -0.22859630 1.46014190 0.39495158
v -0.23803321 1.49349999 0.40134865
v -0.28166741 1.58522236 0.41088992
v -0.27610105 1.58341444 0.41004652
v -0.27048928 1.58379352 0.41656709
v -0.29855222 1.05168676 0.22989428
v -0.30677229 1.11838269 0.21929628
v -0.30454010 1.12974036 0.21042696
v -0.21569851 1.06864262 0.22277862
v -0.21609397 1.06809592 0.21848312
v -0.24256381 1.74441612 0.28400293
v -0.23298946 1.74906731 0.29788911
v -0.32309714 1.56367433 0.39173949
v -0.31011391 1.57824063 0.39413223
v -0.27150947 1.56902313 0.40120083
v -0.27624211 1.57676053 0.40156883
v -0.28340673 1.58064735 0.39070272
v -0.28007072 1.57190764 0.38903254
v -0.26313031 1.56904137 0.41021872
v -0.26908135 1.57541883 0.40996698
v -0.32074726 1.63866103 0.31578535
v -0.31756550 1.65601134 0.32272294
v -0.31146693 1.65950751 0.31469977
v -0.31622267 1.64166737 0.30715257
v -0.31072229 1.64080727 0.29606861
v -0.30524242 1.66066217 0.30469665
v -0.29865924 1.65951920 0.29172689
v -0.30466533 1.63899100 0.28321755
v -0.25494033 1.70858371 0.30118340
v -0.25711426 1.69992888 0.27771971
v -0.25449696 1.69315338 0.25641349
v -0.25054550 1.68788266 0.23966126
v -0.13124312 1.72738194 0.31466568
v -0.14601785 1.73068976 0.33277559
v -0.13635495 1.71886134 0.33424994
v -0.12544526 1.71655035 0.31746086
v -0.11655194 1.71502566 0.30077735
v -0.12137724 1.72630870 0.29775929
v -0.24580325 1.72959781 0.27186063
v -0.24705032 1.72450936 0.25426584
v -0.24477996 1.70909595 0.24113852
v -0.44111896 1.59557712 0.39586419
v -0.42094004 1.60988533 0.39540517
v -0.20454612 1.76114404 0.31535470
v -0.22028609 1.75570476 0.30861443
v -0.44164872 1.59189892 0.41449213
v -0.42060778 1.60647488 0.41442961
v -0.28682989 1.69706011 0.33147657
v -0.29402453 1.69797349 0.33957261
v -0.27153650 1.71551275 0.34696794
v -0.24762803 1.73943675 0.26785758
v -0.24935009 1.73506463 0.25116819
v -0.31187761 1.13438714 0.38849154
v -0.33705902 1.13034260 0.36035123
v -0.27562624 1.38255191 0.36151534
v -0.29320359 1.37823534 0.34260339
v -0.28833416 1.40878701 0.16899094
v -0.29058251 1.38927484 0.16578391
v -0.30299914 1.38798726 0.18387341
v -0.30107197 1.40787446 0.18794167
v -0.27291927 1.46582949 0.18236889
v -0.27765039 1.44756663 0.17810598
v -0.24618743 1.73933721 0.22264771
v -0.31487316 1.34652519 0.19803765
v -0.31246507 1.36764956 0.20081687
v -0.30318341 1.36676812 0.18066643
v -0.30393904 1.34275043 0.17826021
v -0.30163133 1.31894231 0.16929458
v -0.30222666 1.30825603 0.16735221
v -0.29514003 1.14703786 0.18799224
v -0.28930366 1.14774799 0.17962129
v -0.36171460 1.63495231 0.36200857
v -0.36786836 1.64702058 0.37617338
v -0.35618624 1.65767407 0.37496173
v -0.35166848 1.64433146 0.36207730
v -0.32011312 1.34937608 0.24281235
v -0.31987089 1.34863925 0.21902657
v -0.31310061 1.58191693 0.34766001
v -0.30089226 1.57327282 0.36029539
v -0.28767791 1.48624134 0.20099396
v -0.32217991 1.54844916 0.22777623
v -0.31667984 1.56502020 0.23097259
v -0.32892567 1.55166388 0.24101280
v -0.32359505 1.56729078 0.24471650
v -0.20527868 1.06894481 0.22684428
v -0.20540392 1.07147861 0.22959673
v -0.32313603 1.62162912 0.44793415
v -0.32038671 1.61221814 0.44659537
v -0.30600142 1.61735976 0.44758421
v -0.30934751 1.62749648 0.44918340
v -0.21355407 1.02465558 0.23828046
v -0.21945706 1.04173815 0.23126245
v -0.16157202 1.06009924 0.28496093
v -0.16665506 1.06244707 0.26452866
v -0.15682693 1.07126570 0.26615781
v -0.14786845 1.07276499 0.27170849
v -0.32241344 0.99756241 0.25024438
v -0.32433021 1.02958345 0.24804521
v -0.31973833 0.96585000 0.25391135
v -0.31660697 0.93477410 0.25766802
v -0.28817734 0.74415290 0.30529550
v -0.29729480 0.71646047 0.31596720
v -0.29527354 0.62425399 0.33467597
v -0.29461205 0.58996004 0.33981052
v -0.29419386 0.55360794 0.34600627
v -0.29655150 0.48155689 0.35814023
v -0.29438132 0.51632422 0.35255390
v -0.44031179 1.58189774 0.42853481
v -0.43823665 1.56803143 0.43917650
v -0.41294730 1.58157504 0.43948549
v -0.41646141 1.59692347 0.42931813
v -0.36047053 1.54289532 0.37927210
v -0.38054308 1.53026962 0.38035250
v -0.38444060 1.54138458 0.36955231
v -0.36471751 1.55499029 0.36888593
v -0.40220320 1.51711047 0.38228792
v -0.37832931 1.52158868 0.39240038
v -0.40207893 1.50937819 0.39452529
v -0.41364041 1.51596999 0.43229282
v -0.38661760 1.52540100 0.43200201
v -0.39174968 1.53856254 0.44072396
v -0.42023939 1.52726114 0.44053769
v -0.43377951 1.55344725 0.44455755
v -0.42737922 1.53941810 0.44477832
v -0.40114546 1.55169582 0.44505984
v -0.40889513 1.56625807 0.44427204
v -0.41608918 1.55372763 0.35694897
v -0.39543098 1.56804740 0.35497272
v -0.38938734 1.55416763 0.36020172
v -0.40991530 1.54040968 0.36206496
v -0.37065831 1.65298259 0.39460433
v -0.35813969 1.66556251 0.39370430
v -0.31336081 1.61190617 0.36014730
v -0.31260294 1.61503160 0.36550242
v -0.32543194 1.62495255 0.35500276
v -0.32431820 1.62538099 0.35225207
v -0.39683580 1.62106085 0.37632799
v -0.40140504 1.62423110 0.39538801
v -0.38406795 1.63917851 0.39477277
v -0.38054705 1.63460875 0.37619251
v -0.37590832 1.58170390 0.35408199
v -0.35756585 1.59479237 0.35273296
v -0.35142928 1.58170652 0.35923567
v -0.36957291 1.56801176 0.35952511
v -0.33403224 1.54213595 0.41330481
v -0.35641217 1.52953219 0.41688830
v -0.34296507 1.62863696 0.35486048
v -0.35298258 1.62000573 0.35364580
v -0.31313851 1.56963587 0.34519625
v -0.27861625 1.56254840 0.38767487
v -0.27817577 1.55148184 0.38697994
v -0.33499140 1.50621772 0.29621893
v -0.33976209 1.52156913 0.29398167
v -0.29385287 1.52567255 0.36894447
v -0.29619676 1.50791204 0.36465323
v -0.33760846 1.52326858 0.30122122
v -0.33381021 1.51309156 0.30589741
v -0.31024644 1.44339979 0.26296768
v -0.24541205 1.69821525 0.24114069
v -0.36542439 1.60951781 0.35338610
v -0.37403220 1.62363064 0.36150646
v -0.31465769 1.56349528 0.42780691
v -0.31476372 1.55751371 0.42007583
v -0.29960644 1.56852388 0.41775435
v -0.29931226 1.57105398 0.42385632
v -0.18382190 1.57065058 0.42137629
v -0.19456284 1.55854690 0.42259833
v -0.17865238 1.54522645 0.41500676
v -0.16570491 1.55906737 0.41267127
v -0.33433706 1.63586485 0.44553077
v -0.32130247 1.64497149 0.44675779
v -0.33152765 1.65371442 0.44080925
v -0.34508601 1.64230800 0.43981308
v -0.34273320 1.66145873 0.43020850
v -0.35362396 1.66656959 0.41443843
v -0.36671904 1.65282178 0.41392878
v -0.35640636 1.64793169 0.42959863
v -0.28453776 1.16916311 0.39726275
v -0.25267768 1.17190909 0.40907404
v -0.32134530 1.30129492 0.28527677
v -0.31650662 1.30685115 0.31098092
v -0.32653922 1.20694864 0.25954151
v -0.25591063 1.07156634 0.21220115
v -0.28343350 1.08562815 0.21206741
v -0.20903245 1.00038421 0.24694780
v -0.31215453 1.16384757 0.37984157
v -0.21104001 0.94153291 0.27048719
v -0.20892252 0.97151971 0.25864840
v -0.18718947 0.94513822 0.34469694
v -0.17920682 0.97515732 0.33785558
v -0.19257334 0.97495294 0.36598647
v -0.19926141 0.94639182 0.36986101
v -0.21387832 0.97580016 0.38779479
v -0.21956670 0.94769675 0.38951772
v -0.34702832 0.87833220 0.30608323
v -0.22448711 0.64022112 0.41518182
v -0.24480289 0.60554481 0.43061507
v -0.22864497 0.60354900 0.41661632
v -0.24161789 0.64339244 0.43061692
v -0.26317945 0.67950910 0.43368414
v -0.26404449 0.64469731 0.43743828
v -0.32781258 0.60083258 0.39779171
v -0.23581794 0.56620216 0.41622689
v -0.25046968 0.56657428 0.42874008
v -0.26641792 0.60707247 0.43725914
v -0.26888984 0.56789970 0.43476775
v -0.22602081 1.05356157 0.22565725
v -0.13509870 1.07529306 0.28074235
v -0.34885168 1.12943697 0.32638764
v -0.35181439 1.10013247 0.33160746
v -0.32260615 1.12541878 0.24200912
v -0.33526105 1.14121318 0.26547283
v -0.31085047 1.36935520 0.29647231
v -0.31444269 1.36795795 0.27226761
v -0.30583161 1.40605199 0.30315229
v -0.30801180 1.38677478 0.30050215
v -0.30136815 1.39085627 0.32332155
v -0.29887557 1.40916717 0.32568079
v -0.27052736 1.41619062 0.36598307
v -0.27199543 1.39880574 0.36308217
v -0.25008655 1.40246832 0.37675345
v -0.24884138 1.42017019 0.38088816
v -0.22970210 1.39060044 0.38376230
v -0.25403941 1.38621426 0.37589869
v -0.14269756 1.42890978 0.37004605
v -0.14044476 1.45200360 0.37522495
v -0.15788673 1.44475365 0.38469362
v -0.16029362 1.42384481 0.37911755
v -0.30078143 1.14054251 0.19855434
v -0.23558412 1.06689572 0.21771367
v -0.32500458 1.05936110 0.24597129
v -0.34299308 1.09453368 0.26824018
v -0.35388774 1.09899414 0.29791695
v -0.31461847 1.58695614 0.38621497
v -0.22902541 1.58315885 0.42734009
v -0.22514202 1.59238291 0.42904645
v -0.38161257 1.63801527 0.41388762
v -0.37163201 1.63283801 0.42939329
v -0.34347126 1.60642004 0.35263774
v -0.34734100 1.66646314 0.37434396
v -0.33813584 1.65938437 0.36060536
v -0.34358972 1.65205979 0.36176693
v -0.33239651 1.19619989 0.28970778
v -0.33810538 1.17319882 0.29091969
v -0.33947802 1.18132246 0.32024240
v -0.17605668 1.06505489 0.25371641
v -0.16997880 1.06930089 0.25695240
v -0.30700675 1.10590315 0.22360395
v -0.21536249 0.88433462 0.28957653
v -0.21369424 0.91208565 0.28059915
v -0.21553960 0.85778022 0.29693261
v -0.21501245 0.83179182 0.30461788
v -0.21470203 0.80621171 0.31301102
v -0.21778318 0.78089392 0.32324749
v -0.22532919 0.75526172 0.33288038
v -0.22627711 0.72631788 0.34126425
v -0.22936398 0.65960115 0.33587670
v -0.22206780 0.69503129 0.34682900
v -0.21840638 0.66251671 0.35152221
v -0.21712701 0.62905401 0.35601807
v -0.22846447 0.56008524 0.36592430
v -0.21994984 0.59544557 0.36024585
v -0.23638473 0.52416271 0.37072098
v -0.24266288 0.48793054 0.37346458
v -0.19787118 1.06860745 0.23534706
v -0.18697380 1.06726718 0.24435708
v -0.27912623 1.69622242 0.32064188
v -0.28932160 1.57810533 0.37529474
v -0.29086024 1.58685136 0.37788713
v -0.33358818 1.61573637 0.35401309
v -0.12102024 1.08436608 0.29150027
v -0.10673913 1.09938753 0.30184388
v -0.38344240 1.57654047 0.44300067
v -0.38769117 1.59292853 0.44017759
v -0.33561683 1.59510219 0.36148697
v -0.30125257 1.60249186 0.37168562
v -0.30241436 1.60729086 0.37668329
v -0.52973068 1.60712934 0.33977968
v -0.53355032 1.61528337 0.32262629
v -0.54481453 1.61313379 0.32543910
v -0.54157871 1.60387492 0.34290910
v -0.51816463 1.60484099 0.33417922
v -0.52297437 1.61209428 0.31761515
v -0.50749743 1.55135643 0.30124450
v -0.51674324 1.56170106 0.28585750
v -0.51063842 1.57305288 0.29154897
v -0.50158787 1.56355977 0.30711937
v -0.52004796 1.61283112 0.29571337
v -0.51446903 1.60536528 0.31159061
v -0.50960445 1.59553814 0.30509031
v -0.51631814 1.60364604 0.28932685
v -0.53233099 1.53549075 0.30073428
v -0.52248222 1.52324545 0.31513083
v -0.53621471 1.52247536 0.32133871
v -0.54482973 1.53584874 0.30699658
v -0.47477114 1.52153182 0.36259633
v -0.47033381 1.51927662 0.37016982
v -0.47264886 1.50592446 0.36807337
v -0.47882652 1.50847638 0.35925698
v -0.52044559 1.59069514 0.37370253
v -0.52516955 1.59908378 0.35688716
v -0.53753746 1.59391856 0.36045110
v -0.53267252 1.58272266 0.37766305
v -0.48711514 1.57313287 0.35217154
v -0.48070681 1.56556404 0.36730939
v -0.47743016 1.55195999 0.36044443
v -0.48391753 1.55910170 0.34497923
v -0.52661467 1.57027495 0.39332369
v -0.51608640 1.58121860 0.39074296
v -0.50255865 1.58758211 0.32103294
v -0.49445868 1.58045101 0.33657384
v -0.49150407 1.56742668 0.32980323
v -0.50018001 1.57580125 0.31413782
v -0.54760307 1.56142926 0.27300286
v -0.54062027 1.54842830 0.28690517
v -0.55199033 1.54942083 0.29309851
v -0.55786258 1.56320596 0.27893126
v -0.51622528 1.59336472 0.28279072
v -0.50835961 1.58452201 0.29851067
v -0.51904088 1.58250117 0.27627039
v -0.56483918 1.60401809 0.30418879
v -0.56247693 1.59191799 0.32153523
v -0.55468893 1.60458124 0.32506025
v -0.55740583 1.61508632 0.30765361
v -0.48822755 1.53296864 0.33300680
v -0.49745101 1.54161859 0.31695175
v -0.49268275 1.55426943 0.32292914
v -0.48417687 1.54571497 0.33858514
v -0.50682110 1.59048450 0.36747023
v -0.51261646 1.59761918 0.35101897
v -0.55985099 1.57927239 0.33902133
v -0.55561662 1.56565988 0.35624719
v -0.54765290 1.58155084 0.36001199
v -0.55143988 1.59337807 0.34255296
v -0.55118483 1.53491163 0.36553627
v -0.55789703 1.54960847 0.34922278
v -0.55448705 1.53626740 0.34007156
v -0.54673702 1.52143288 0.35568058
v -0.48710406 1.51319170 0.34536046
v -0.48048586 1.52634060 0.34902841
v -0.51141518 1.51178503 0.33032054
v -0.49969107 1.50159812 0.34527344
v -0.51458097 1.49672890 0.35160056
v -0.52608413 1.50926197 0.33634901
v -0.48556590 1.56920052 0.39781418
v -0.48582321 1.57267880 0.38908589
v -0.49888390 1.57687163 0.39817473
v -0.49703842 1.57164025 0.40846628
v -0.51156777 1.57182801 0.40484220
v -0.50729358 1.56463838 0.41618103
v -0.49953264 1.54369843 0.43325984
v -0.50627321 1.54485464 0.42809880
v -0.50619060 1.52857995 0.43107134
v -0.49766982 1.52819443 0.43570337
v -0.53434688 1.50331914 0.39857244
v -0.54358757 1.51890898 0.38212448
v -0.53733355 1.50550842 0.37164336
v -0.52600151 1.48971772 0.38830411
v -0.50074643 1.47518229 0.38864696
v -0.51454586 1.48442328 0.37705532
v -0.50169647 1.48636973 0.36622831
v -0.48955613 1.48041892 0.37665719
v -0.44468147 1.48904598 0.39885455
v -0.46060461 1.48234391 0.39777714
v -0.45593572 1.48804855 0.38608688
v -0.44209248 1.49417925 0.38659614
v -0.45416021 1.51177168 0.36961278
v -0.45771217 1.52522874 0.36762792
v -0.44864690 1.53079188 0.36372185
v -0.44351280 1.51724887 0.36741924
v -0.47673440 1.57180429 0.40117657
v -0.48201591 1.56830478 0.40374815
v -0.48783034 1.56760132 0.41896304
v -0.47908014 1.56984818 0.41842794
v -0.52419847 1.49105096 0.41246068
v -0.51206678 1.47585106 0.40272313
v -0.46129447 1.50853610 0.37171012
v -0.46717441 1.50601149 0.37209231
v -0.46654403 1.51989126 0.37298417
v -0.46287227 1.52201581 0.37088495
v -0.47208905 1.54761350 0.38030338
v -0.47309536 1.54539561 0.38191620
v -0.47822112 1.55776680 0.39069372
v -0.47797030 1.55839038 0.39086854
v -0.48538935 1.56661224 0.40427908
v -0.48622406 1.56696796 0.40252113
v -0.49578846 1.56850958 0.41466904
v -0.49315661 1.56745839 0.41807634
v -0.51478481 1.48766327 0.42093191
v -0.50318629 1.48659468 0.42505637
v -0.50603133 1.49983013 0.43138599
v -0.51714891 1.50232208 0.42770231
v -0.47870404 1.47955894 0.38264686
v -0.48712039 1.47440469 0.39414877
v -0.47352988 1.54501140 0.38010633
v -0.46895504 1.53338933 0.37645641
v -0.47098416 1.53222930 0.37476599
v -0.50320995 1.56059885 0.42356580
v -0.44890076 1.48786950 0.41026759
v -0.42944130 1.49527907 0.40952241
v -0.43389830 1.49812615 0.42138821
v -0.45341074 1.49054289 0.42142352
v -0.42629337 1.49725151 0.39682668
v -0.42458433 1.50386167 0.38472044
v -0.43494326 1.54054368 0.36004061
v -0.42955321 1.52713239 0.36430693
v -0.44213724 1.55448616 0.36088088
v -0.45583177 1.54444730 0.36498487
v -0.46316504 1.55686831 0.37067157
v -0.44924480 1.56742573 0.36666846
v -0.46012527 1.58148324 0.39830500
v -0.46211374 1.57828367 0.41603917
v -0.47981769 1.56008458 0.43020016
v -0.46226025 1.56835234 0.42945445
v -0.45385659 1.49904048 0.37621719
v -0.46335435 1.49487340 0.37674165
v -0.56338787 1.56380022 0.33263183
v -0.56694353 1.57790351 0.31598794
v -0.56571692 1.56500089 0.30874032
v -0.56091750 1.55074883 0.32452071
v -0.56038141 1.55526900 0.30090183
v -0.56529546 1.56929588 0.28618872
v -0.50211549 1.59131086 0.34392649
v -0.50859940 1.59813261 0.32777154
v -0.52704632 1.61971688 0.30147171
v -0.47726232 1.55840707 0.38717958
v -0.47743136 1.56076324 0.37967676
v -0.49655199 1.51371169 0.43643880
v -0.48492646 1.51611638 0.43916714
v -0.48769504 1.53001797 0.43884730
v -0.52696782 1.51008260 0.42024350
v -0.51650167 1.52901852 0.42458028
v -0.52621686 1.54145575 0.40869111
v -0.53545892 1.52243435 0.40759876
v -0.49005365 1.48782396 0.42735928
v -0.47555435 1.49152792 0.42943823
v -0.48050159 1.50286245 0.43636572
v -0.49424493 1.49998796 0.43408531
v -0.47052163 1.56633294 0.38352150
v -0.47570157 1.56107187 0.38788092
v -0.45740885 1.54156291 0.44400397
v -0.46175456 1.55454218 0.43861681
v -0.47872794 1.54747736 0.43734193
v -0.47523654 1.53461874 0.44111484
v -0.49038583 1.54445505 0.43592480
v -0.45115131 1.52866852 0.44396389
v -0.47053230 1.52116394 0.44174150
v -0.45557904 1.57752717 0.37948066
v -0.45890313 1.49800897 0.43077421
v -0.43869358 1.50607383 0.43164235
v -0.44497311 1.51681709 0.43970048
v -0.46455395 1.50877297 0.43786699
v -0.55434132 1.54113865 0.31575066
v -0.54682618 1.52709532 0.33062083
v -0.47920239 1.49127817 0.36916447
v -0.48820913 1.49442208 0.35918409
v -0.47163200 1.49167120 0.37481910
v -0.51845109 1.54081488 0.29848737
v -0.52768695 1.55249929 0.28402615
v -0.49730343 1.52036858 0.32891679
v -0.50812495 1.53016245 0.31366068
v -0.54987413 1.55137074 0.37330136
v -0.48066485 1.47672749 0.40706325
v -0.49395728 1.47363842 0.40579289
v -0.47440231 1.47712672 0.39631540
v -0.42536867 1.51479280 0.37305528
v -0.44144928 1.50440454 0.37564278
v -0.50809568 1.47810674 0.41509867
v -0.40479088 1.52820051 0.37078619
v -0.51263261 1.54847181 0.41996223
v -0.49072427 1.55818009 0.42964646
v -0.49844021 1.55850589 0.42774618
v -0.54765451 1.62259543 0.30858529
v -0.49512637 1.58431780 0.35980785
v -0.47509563 1.54644871 0.37320262
v -0.47378331 1.53401446 0.36729878
v -0.46641177 1.48140621 0.40854436
v -0.47119516 1.48381352 0.41911072
v -0.48569304 1.47966814 0.41702554
v -0.46343005 1.53880847 0.36971289
v -0.46978503 1.55103207 0.37522960
v -0.53600103 1.56436992 0.27018249
v -0.46707827 1.53530788 0.37425339
v -0.51981872 1.55802739 0.40726620
v -0.11225284 1.67177272 0.32697925
v -0.10158711 1.65858364 0.31111708
v -0.10421662 1.67094386 0.30932558
v -0.29720455 1.49119568 0.35777533
v -0.30765584 1.46252549 0.30120581
v -0.30426201 1.46609068 0.32165840
v -0.28959566 1.56772041 0.37367630
v -0.28990135 1.55531108 0.37250116
v -0.29704547 1.59969532 0.38484374
v -0.29310960 1.59504628 0.38197613
v -0.30671549 1.53100419 0.35237634
v -0.23053454 1.89933991 0.31343949
v -0.22702774 1.89223862 0.31370419
v -0.23053643 1.91271424 0.31479907
v -0.29882628 1.33076072 0.16902292
v -0.29350108 1.30700254 0.15806946
v -0.29512906 1.29563296 0.15717971
v -0.24405906 1.88304162 0.30493805
v -0.23942392 1.87704039 0.30655843
v -0.24393091 1.88033259 0.30767557
v -0.24548839 1.88496256 0.30349183
v -0.24513675 1.88394928 0.30341178
v -0.23941138 1.91578436 0.30878386
v -0.22597852 1.88382518 0.31215507
v -0.22640580 1.87473762 0.30970216
v -0.24408597 1.90195525 0.30519515
v -0.12790906 1.32100749 0.34474802
v -0.12729467 1.30218637 0.35145581
v -0.11089287 1.30153751 0.33150050
v -0.11332485 1.32034135 0.32524726
v -0.08976807 1.28538597 0.31359234
v -0.09429789 1.30309331 0.30837938
v -0.10748986 1.28227782 0.33900124
v -0.20007703 1.25107956 0.41387841
v -0.20035380 1.27298260 0.40912980
v -0.22778614 1.27587342 0.40769529
v -0.22930203 1.25457275 0.41122705
v -0.25255698 1.29383707 0.39541799
v -0.25588885 1.27685153 0.39956707
v -0.22550429 1.29427445 0.40227681
v -0.27806994 1.29137325 0.38109946
v -0.28102258 1.27372563 0.38411310
v -0.29801178 1.28607821 0.36128664
v -0.30104417 1.26747751 0.36446184
v -0.31574410 1.25967550 0.34175068
v -0.32479692 1.25122571 0.31522393
v -0.32904279 1.21843386 0.28884417
v -0.32763538 1.24169981 0.28712368
v -0.32667863 1.23212373 0.25998285
v -0.32233185 1.22474909 0.23359805
v -0.31628424 1.22048473 0.21070831
v -0.30822527 1.21710408 0.19219476
v -0.29962203 1.21518135 0.17682062
v -0.28970557 1.21392417 0.16452612
v -0.28711537 1.18911982 0.16740766
v -0.29067647 1.67904067 0.30360946
v -0.19473676 1.74008369 0.36252654
v -0.22257917 1.73845339 0.36541575
v -0.20051843 1.73461366 0.37295499
v -0.18388698 1.67992234 0.41484630
v -0.16345797 1.67645824 0.40398794
v -0.17096473 1.69217551 0.40056336
v -0.19453409 1.69793785 0.41017258
v -0.17678837 1.73197317 0.36274436
v -0.17435510 1.73543477 0.35493225
v -0.17852052 1.72642660 0.37295178
v -0.15940890 1.71861756 0.36593300
v -0.14400905 1.71313417 0.35325056
v -0.25553247 1.72475004 0.39798409
v -0.26995212 1.72016633 0.40443978
v -0.25268546 1.71053195 0.41828859
v -0.23924178 1.71399844 0.41328299
v -0.21199434 1.66597879 0.42985153
v -0.22628675 1.66572309 0.43551236
v -0.22172435 1.65083218 0.43519336
v -0.20699862 1.65023422 0.42902505
v -0.31525075 1.69782841 0.41398013
v -0.32915133 1.68796659 0.41480899
v -0.31515589 1.68299377 0.43059063
v -0.29999769 1.69281101 0.42897964
v -0.23280303 1.68158138 0.43307137
v -0.13902061 1.56872463 0.39601171
v -0.15637416 1.57518589 0.40984035
v -0.17441918 1.58292270 0.41901684
v -0.22191218 1.60151994 0.43083066
v -0.21314007 1.58644509 0.42762542
v -0.20895705 1.59769082 0.42869076
v -0.23447819 1.60387230 0.43315250
v -0.24564402 1.60372090 0.43507910
v -0.33400410 1.66728759 0.35769838
v -0.33288008 1.64568460 0.34944332
v -0.33345217 1.64088666 0.35378969
v -0.27122056 1.59606743 0.43336099
v -0.27248392 1.59123909 0.43037233
v -0.26170427 1.59318626 0.42997405
v -0.25974905 1.59797931 0.43252516
v -0.24255762 1.72812009 0.39059645
v -0.30221683 1.67410934 0.44139075
v -0.29398158 1.66165531 0.44655389
v -0.27790082 1.66953433 0.44450861
v -0.28662303 1.68278265 0.43894601
v -0.28523582 1.65123761 0.44948339
v -0.27901474 1.64091635 0.44961098
v -0.26472554 1.64592707 0.44754371
v -0.26993668 1.65771294 0.44758683
v -0.27192855 1.60155916 0.43670142
v -0.25746405 1.60446846 0.43524748
v -0.34725660 1.67572355 0.39427787
v -0.30203503 1.71500254 0.38885197
v -0.28786719 1.72088873 0.38447782
v -0.30154094 1.71052265 0.36342382
v -0.31238669 1.70348680 0.36718905
v -0.30374804 1.59640419 0.38778585
v -0.29941854 1.58926988 0.39613357
v -0.29441094 1.58285069 0.40418923
v -0.26569951 1.58591259 0.42254865
v -0.29115999 1.57849336 0.41166389
v -0.32716167 1.62130046 0.35552049
v -0.33715308 1.63550472 0.35485280
v -0.31067747 1.69155896 0.34691322
v -0.31944653 1.68479955 0.35026252
v -0.34153295 1.67795432 0.41494048
v -0.32910496 1.67256188 0.43104482
v -0.29611164 1.58155560 0.43215162
v -0.28461289 1.58574164 0.43025744
v -0.28352728 1.59059155 0.43388039
v -0.25292385 1.58407080 0.42521650
v -0.26309964 1.58854818 0.42623603
v -0.28503650 1.71499741 0.40931287
v -0.30778477 1.65307343 0.44722503
v -0.31698614 1.66376436 0.44177920
v -0.25518501 1.66219461 0.44429895
v -0.24053089 1.66468835 0.44050294
v -0.24648666 1.67961597 0.43767193
v -0.26142582 1.67530131 0.44168183
v -0.29066604 1.62237346 0.44838113
v -0.29363668 1.63357878 0.45077595
v -0.23642690 1.65042365 0.44023037
v -0.25069058 1.64884460 0.44447538
v -0.28434673 1.59630477 0.43739462
v -0.30228072 1.69659531 0.34429121
v -0.30441445 1.67854095 0.32552421
v -0.31145465 1.67678654 0.33188885
v -0.31845751 1.67111874 0.33571541
v -0.32505190 1.66287494 0.34025460
v -0.32994357 1.65275121 0.34494954
v -0.29768711 1.67888057 0.31623569
v -0.49742264 1.47724652 0.41673988
v -0.29814023 1.57579470 0.42832649
v -0.30854785 1.57724917 0.43438405
v -0.31177032 1.57071400 0.43167859
v -0.37398720 1.56369138 0.44345987
v -0.29062745 1.83003986 0.17457795
v -0.28940588 1.82406986 0.17643318
v -0.28759065 1.85406971 0.17266883
v -0.28860176 1.85049152 0.17249572
v -0.50659055 1.51395130 0.43374297
v -0.51514280 1.51477420 0.42969501
v -0.54328614 1.53710926 0.39024359
v -0.53497100 1.55502486 0.39283496
v -0.54247165 1.56857002 0.37673450
v -0.50217253 1.58341813 0.38366178
v -0.48908865 1.57767248 0.37545371
v -0.47771043 1.53884268 0.35389549
v -0.52774709 1.49852109 0.36112517
v -0.54290617 1.64188099 0.27391881
v -0.54674983 1.65172958 0.25798893
v -0.55631840 1.65254176 0.25986421
v -0.55299217 1.64200556 0.27596682
v -0.55103189 1.66187429 0.24290924
v -0.53993845 1.64667165 0.25426209
v -0.54400098 1.65637815 0.23996051
v -0.53507417 1.63890624 0.24976619
v -0.53949702 1.64892662 0.23586358
v -0.53767729 1.63974953 0.23052768
v -0.53341651 1.62993085 0.24398248
v -0.53503543 1.62161803 0.23853253
v -0.53972590 1.63227642 0.22561572
v -0.53301460 1.60237384 0.24735539
v -0.53936529 1.59437323 0.24382301
v -0.54504430 1.60683167 0.23070572
v -0.53896409 1.61372542 0.23379393
v -0.56423461 1.61357522 0.21849217
v -0.56217653 1.60060811 0.23189108
v -0.56962818 1.60363197 0.23624669
v -0.57089728 1.61594260 0.22164683
v -0.57505822 1.60629582 0.26216853
v -0.57797563 1.61855865 0.24635766
v -0.57498705 1.60991168 0.24088977
v -0.57236964 1.59681964 0.25655401
v -0.58152950 1.62917745 0.23114701
v -0.57635707 1.62808740 0.25037998
v -0.57980329 1.63831568 0.23543079
v -0.53068978 1.62838066 0.28545654
v -0.53974998 1.63268411 0.29016989
v -0.53670114 1.62359488 0.30623215
v -0.52802390 1.62076521 0.25864542
v -0.52987188 1.62967145 0.26442236
v -0.52488369 1.62104714 0.27986276
v -0.52245289 1.61189771 0.27380282
v -0.52562171 1.57187843 0.27141410
v -0.53318703 1.58295977 0.25731015
v -0.52652007 1.59217095 0.26168787
v -0.52938062 1.61155105 0.25287586
v -0.52318227 1.60226774 0.26767021
v -0.54842043 1.58901095 0.24309222
v -0.55338526 1.60181057 0.22981377
v -0.56246096 1.63632262 0.27448362
v -0.56545991 1.64712751 0.25834733
v -0.57195574 1.63802063 0.25442630
v -0.56909233 1.62724388 0.27081567
v -0.54291666 1.57663310 0.25648016
v -0.55965173 1.62560523 0.29078805
v -0.56682646 1.61575818 0.28719771
v -0.57363003 1.61671984 0.26661289
v -0.57152581 1.60442674 0.28276223
v -0.56971532 1.65717471 0.24323823
v -0.56066310 1.66256642 0.24451627
v -0.55036271 1.63215303 0.29231894
v -0.55833280 1.58737803 0.24548762
v -0.55333269 1.57446516 0.25918829
v -0.56255400 1.57679212 0.26476735
v -0.56657964 1.59013832 0.25069880
v -0.56922472 1.57908201 0.29321831
v -0.57238060 1.59281814 0.27751434
v -0.56908435 1.58317077 0.27142471
v -0.57715070 1.62113535 0.22559108
v -0.56936806 1.59137273 0.29931676
v -0.55416214 1.69108045 0.16653867
v -0.55047798 1.70119023 0.16679062
v -0.54508430 1.69676971 0.17453344
v -0.54943550 1.68602061 0.17425992
v -0.53143400 1.68907690 0.19198705
v -0.53050065 1.70236611 0.19074835
v -0.53052002 1.70461035 0.20094354
v -0.53085124 1.69108343 0.20358427
v -0.54954630 1.71070504 0.16896756
v -0.54301131 1.70641160 0.17558928
v -0.55196846 1.71627331 0.17467512
v -0.55550772 1.71518564 0.16324170
v -0.56073493 1.71930766 0.16778101
v -0.56581426 1.72317958 0.16094543
v -0.57490599 1.72109807 0.16323473
v -0.57010025 1.71694160 0.17479236
v -0.58716077 1.69657195 0.17155744
v -0.58787304 1.70407724 0.15869005
v -0.59160244 1.69411600 0.15579815
v -0.59003019 1.68688440 0.16875447
v -0.59114200 1.67356074 0.15262331
v -0.58994848 1.66846621 0.16564871
v -0.59001422 1.67781699 0.16697200
v -0.59121615 1.68447757 0.15330388
v -0.56035882 1.67646861 0.16490526
v -0.55806667 1.68221617 0.16625865
v -0.55457997 1.67645049 0.17354132
v -0.55712336 1.67007220 0.17221381
v -0.55126601 1.72504234 0.18372430
v -0.54854298 1.72336745 0.18058325
v -0.55765843 1.71882248 0.17862989
v -0.55962038 1.71780252 0.18537618
v -0.54921609 1.64465368 0.18430160
v -0.54702842 1.65014291 0.18811335
v -0.54616922 1.64588666 0.19822423
v -0.54906321 1.63920557 0.19498913
v -0.53548610 1.66940343 0.20718814
v -0.54170126 1.67533684 0.21746336
v -0.54222763 1.66663599 0.21900304
v -0.53973931 1.66029227 0.20750920
v -0.53257817 1.67920792 0.20574962
v -0.53881353 1.69538379 0.21164347
v -0.54008150 1.68459654 0.21523996
v -0.53744251 1.70828295 0.20741023
v -0.55574334 1.63172376 0.19331683
v -0.55583978 1.63366210 0.18430467
v -0.56783575 1.74561381 0.11547060
v -0.56702191 1.74268985 0.12025870
v -0.56730193 1.73858809 0.11659421
v -0.56849927 1.74172604 0.11182989
v -0.57489979 1.63221264 0.18939425
v -0.57240140 1.63021672 0.19561137
v -0.57957822 1.63489747 0.19851698
v -0.58163786 1.63820708 0.19258659
v -0.57775325 1.63451421 0.18037571
v -0.58415556 1.64244330 0.18439905
v -0.58032572 1.75057125 0.11836435
v -0.58035064 1.74693525 0.12328185
v -0.57524157 1.74732924 0.12388535
v -0.57507551 1.75068617 0.11889257
v -0.55691248 1.69716752 0.15949543
v -0.55391783 1.70665395 0.16018374
v -0.55914122 1.71497178 0.14349963
v -0.55865401 1.71949828 0.14820702
v -0.55634999 1.71311140 0.15410955
v -0.55881357 1.70425725 0.15085419
v -0.56553352 1.68456423 0.14773507
v -0.56357157 1.69263005 0.14743336
v -0.56214279 1.68666351 0.15663566
v -0.56399864 1.67855144 0.15619780
v -0.56443882 1.66713214 0.15251054
v -0.56453288 1.66195226 0.14927484
v -0.56681973 1.66620648 0.14179148
v -0.56677467 1.67250526 0.14430769
v -0.57020378 1.68842769 0.13013913
v -0.57129174 1.68329322 0.12848957
v -0.57527065 1.68877876 0.12167855
v -0.57430583 1.69358122 0.12279625
v -0.57132000 1.62755501 0.20118670
v -0.57858342 1.63178158 0.20482756
v -0.58814108 1.65381980 0.15014233
v -0.58948755 1.65589750 0.14010812
v -0.58395725 1.64713287 0.13816102
v -0.58255631 1.64489055 0.14871676
v -0.58549815 1.64712620 0.19534774
v -0.58408004 1.64343166 0.20175053
v -0.58428890 1.74796391 0.11561365
v -0.58454740 1.74435222 0.12065347
v -0.54763895 1.71126223 0.20857967
v -0.54998380 1.69787908 0.21334584
v -0.55135101 1.68667972 0.21712475
v -0.55144846 1.67871130 0.22015558
v -0.55011815 1.67298329 0.22385825
v -0.56148058 1.70336103 0.14394261
v -0.55937475 1.68812573 0.16095872
v -0.56130081 1.67198193 0.16397466
v -0.56217724 1.64557314 0.15246697
v -0.56111354 1.65292180 0.15379532
v -0.55786610 1.65075409 0.16057672
v -0.56118244 1.64139819 0.15966947
v -0.57483596 1.64158750 0.14607985
v -0.57610881 1.64457715 0.13629486
v -0.56998748 1.64823353 0.13592668
v -0.56837630 1.64474773 0.14436443
v -0.55275571 1.72777510 0.18868341
v -0.55832386 1.71833324 0.19282068
v -0.56557137 1.63006496 0.18569477
v -0.56387478 1.62873137 0.19289438
v -0.56361032 1.62696016 0.20016788
v -0.55182469 1.65942943 0.17985971
v -0.55085701 1.66365886 0.18085028
v -0.54277992 1.65867972 0.19201265
v -0.54553229 1.65366089 0.19043742
v -0.54166085 1.68038940 0.18173273
v -0.53774011 1.69222665 0.18184622
v -0.53444427 1.67608559 0.19235609
v -0.54336220 1.65155578 0.20198648
v -0.54340070 1.64827263 0.20992897
v -0.54661387 1.64184999 0.20607449
v -0.55059600 1.63502717 0.20236875
v -0.55681753 1.62902284 0.20015560
v -0.54268873 1.64178360 0.21643908
v -0.54625642 1.63543725 0.21263094
v -0.55146819 1.62906504 0.20922576
v -0.55799770 1.62431622 0.20729224
v -0.58299559 1.63577461 0.21858601
v -0.58338821 1.63961029 0.20909588
v -0.57837009 1.62802887 0.21352594
v -0.54217023 1.65905666 0.22558923
v -0.54052764 1.64929461 0.22068365
v -0.54129618 1.65604699 0.21421595
v -0.54722613 1.66615164 0.22919916
v -0.53074902 1.71259189 0.19020058
v -0.53610474 1.71223497 0.18312503
v -0.53498214 1.71988428 0.18230666
v -0.53042811 1.72118473 0.18809445
v -0.55956483 1.71961093 0.15780385
v -0.56240004 1.72418833 0.15153624
v -0.56883669 1.72694445 0.15379126
v -0.55763072 1.63548946 0.17514487
v -0.55229771 1.64536631 0.17524587
v -0.56190521 1.71209693 0.13871844
v -0.57987523 1.74262607 0.12904473
v -0.57859623 1.73543417 0.13913502
v -0.57219517 1.73569715 0.13966294
v -0.57435906 1.74330688 0.12957610
v -0.56872743 1.71558905 0.13093860
v -0.57135630 1.72158062 0.12603052
v -0.56592697 1.72293305 0.12891449
v -0.56407523 1.71771860 0.13465436
v -0.57165676 1.67674863 0.12672843
v -0.57492256 1.68125772 0.12116976
v -0.58567083 1.71058381 0.14487220
v -0.58375025 1.71369100 0.16254617
v -0.58392584 1.71931744 0.15173669
v -0.56652349 1.67805791 0.14630546
v -0.56866711 1.67785227 0.13609160
v -0.56798679 1.68312156 0.13794942
v -0.56326801 1.70357966 0.13983221
v -0.56454903 1.69738710 0.14069976
v -0.56636989 1.70304132 0.13497050
v -0.56463528 1.70914149 0.13574620
v -0.57108617 1.63691366 0.15658684
v -0.58155489 1.64162731 0.16005845
v -0.57026279 1.74572361 0.12282510
v -0.57062393 1.74882150 0.11791094
v -0.57166255 1.62384748 0.20943908
v -0.56486142 1.62241936 0.20728441
v -0.56450754 1.67265797 0.15487368
v -0.58115321 1.70656395 0.17400540
v -0.56125039 1.66711020 0.16279806
v -0.58876491 1.67322874 0.13028367
v -0.59043372 1.67690599 0.12360729
v -0.58482999 1.67428923 0.12114348
v -0.58349800 1.66919625 0.12655969
v -0.57470816 1.72954869 0.11759748
v -0.57679278 1.73432779 0.11230595
v -0.57125014 1.73556399 0.11354347
v -0.56891698 1.73098850 0.11934783
v -0.56151134 1.72036195 0.13876148
v -0.56293714 1.72589767 0.13248892
v -0.56302929 1.72984040 0.13618477
v -0.56107217 1.72419047 0.14296223
v -0.56472939 1.72807336 0.14572789
v -0.56686062 1.73342872 0.13859303
v -0.58129787 1.73092961 0.11838044
v -0.57858318 1.72331989 0.12656929
v -0.58368969 1.72683859 0.13136776
v -0.58513081 1.73504221 0.12231947
v -0.58886188 1.66364801 0.17840280
v -0.58900404 1.65904105 0.16358574
v -0.58799821 1.65483522 0.17605849
v -0.59182757 1.67823565 0.14046247
v -0.58834177 1.66710341 0.13871808
v -0.58979934 1.66331697 0.15112843
v -0.58696741 1.65066504 0.16200079
v -0.57881528 1.71180391 0.13248433
v -0.58459806 1.71120906 0.13472702
v -0.58204007 1.71829247 0.13758309
v -0.56048185 1.66022253 0.16015245
v -0.56923014 1.74145365 0.12868787
v -0.57152772 1.67900002 0.21728601
v -0.57304305 1.68389440 0.21087883
v -0.58336240 1.67621565 0.20523985
v -0.58046430 1.67257917 0.21376164
v -0.56554443 1.73416185 0.12263848
v -0.56539774 1.73826981 0.12605371
v -0.57377821 1.67109990 0.12418522
v -0.57748073 1.66868639 0.12123509
v -0.57980847 1.67342222 0.11863966
v -0.57677746 1.67616522 0.11998071
v -0.58605099 1.64669883 0.17387374
v -0.59029174 1.65658855 0.13260253
v -0.58461958 1.64888239 0.12946965
v -0.58686680 1.65079570 0.18697734
v -0.58670622 1.65670943 0.19856249
v -0.58787048 1.65959704 0.18981190
v -0.59023970 1.69133949 0.13869782
v -0.58888519 1.67185640 0.17983647
v -0.58793241 1.66740143 0.19191663
v -0.58653861 1.66516089 0.20213203
v -0.58452988 1.66285276 0.20986752
v -0.58525777 1.65375066 0.20585276
v -0.58432120 1.73965514 0.12652846
v -0.58565944 1.73975372 0.11668672
v -0.58229500 1.64537096 0.22338615
v -0.58371854 1.64990830 0.21369876
v -0.57950920 1.65499723 0.22746356
v -0.58237714 1.65931201 0.21783660
v -0.58370423 1.68387735 0.19607325
v -0.58680326 1.67582357 0.19362517
v -0.58566135 1.68967807 0.18378003
v -0.58855528 1.68027711 0.18157007
v -0.59172606 1.70083189 0.14371325
v -0.58378738 1.74585128 0.10222276
v -0.57987553 1.74362469 0.10075374
v -0.57823455 1.73826253 0.10725124
v -0.58301133 1.74051630 0.10852434
v -0.58236271 1.73593175 0.11331905
v -0.58571649 1.74391413 0.11180969
v -0.57869500 1.69959295 0.18615003
v -0.56989682 1.70854330 0.12979682
v -0.57288355 1.69335890 0.20012398
v -0.56556469 1.70779252 0.19641997
v -0.57017130 1.71097207 0.18650831
v -0.56136650 1.69780600 0.21007265
v -0.56249928 1.68770301 0.21594246
v -0.55916327 1.67604053 0.22469224
v -0.56139368 1.68062472 0.22027437
v -0.55565989 1.67070913 0.23138435
v -0.55776024 1.71017194 0.20492543
v -0.56999886 1.74528408 0.10513563
v -0.56865954 1.74921668 0.10860719
v -0.56895077 1.67512918 0.22335185
v -0.56527096 1.67016315 0.23214598
v -0.53624403 1.70344782 0.18203415
v -0.55722773 1.66208601 0.17041613
v -0.55593354 1.65677035 0.16891988
v -0.55487835 1.64820766 0.16743357
v -0.55902088 1.63797069 0.16675003
v -0.57430673 1.66427469 0.23105569
v -0.54375732 1.62561655 0.22145109
v -0.54968953 1.61952841 0.21856992
v -0.57550764 1.64788711 0.23935311
v -0.57091403 1.75271547 0.11105175
v -0.58159053 1.69276583 0.12156172
v -0.58090776 1.69511855 0.12109055
v -0.53026015 1.71439743 0.19825681
v -0.53035748 1.72341311 0.19442768
v -0.54290593 1.73078597 0.19781055
v -0.54498661 1.72193599 0.20393284
v -0.53596449 1.71854484 0.20365407
v -0.53533417 1.72731853 0.19782235
v -0.55181080 1.65646482 0.17843510
v -0.55192417 1.65223348 0.17667039
v -0.58022898 1.63805747 0.17090286
v -0.57001293 1.63344526 0.16738714
v -0.57063705 1.73037374 0.14718302
v -0.57743448 1.72936141 0.14680572
v -0.57704937 1.72539282 0.15415622
v -0.58347416 1.73153901 0.13637634
v -0.57606047 1.71723354 0.13128002
v -0.57458818 1.71242344 0.13007225
v -0.54732543 1.67068207 0.18152602
v -0.53879189 1.66612756 0.19228338
v -0.54286796 1.72006559 0.17926778
v -0.54287016 1.71337211 0.17844720
v -0.56642443 1.68980038 0.14001299
v -0.59110904 1.69975066 0.12958653
v -0.59159553 1.70639086 0.13452949
v -0.56827891 1.69503295 0.13326217
v -0.57506287 1.75492859 0.11177690
v -0.58023131 1.75509691 0.11127676
v -0.58333749 1.72485197 0.14408238
v -0.56889451 1.67130077 0.13374837
v -0.58676696 1.69703007 0.12439932
v -0.58851337 1.69102228 0.12914987
v -0.57717609 1.64736772 0.12943007
v -0.57766700 1.66892219 0.22101893
v -0.57258213 1.73854446 0.10865183
v -0.57406574 1.74271810 0.10201623
v -0.58548212 1.74858212 0.10529043
v -0.58436722 1.75212431 0.10898890
v -0.56813002 1.63147771 0.17743550
v -0.55773842 1.66580987 0.17120625
v -0.55690539 1.61489546 0.21745642
v -0.55401039 1.72131896 0.20039125
v -0.55009109 1.73076963 0.19432135
v -0.57123184 1.69971669 0.12709315
v -0.58761287 1.66446865 0.13109334
v -0.59083796 1.69111013 0.12503804
v -0.59387338 1.68410957 0.12583424
v -0.59273851 1.68139637 0.13207819
v -0.58637542 1.69321203 0.12170108
v -0.58485800 1.75609648 0.10313113
v -0.58594012 1.75251269 0.09966446
v -0.58073419 1.75920761 0.10526235
v -0.57558811 1.75833130 0.10608663
v -0.57175094 1.75574231 0.10585965
v -0.58439165 1.74967027 0.09691907
v -0.58079606 1.74742126 0.09588356
v -0.57533771 1.74605930 0.09746142
v -0.58463073 1.75269532 0.09206088
v -0.58632439 1.75627375 0.09383865
v -0.58036304 1.76630473 0.09392633
v -0.58321178 1.76621485 0.09240772
v -0.58338505 1.76403904 0.09542479
v -0.58164096 1.76323509 0.09878732
v -0.58034527 1.76823163 0.08917423
v -0.58351439 1.76836050 0.08813079
v -0.58598721 1.76390624 0.09073062
v -0.58536500 1.76165915 0.09470613
v -0.58659297 1.76625907 0.08621158
v -0.58706409 1.76283896 0.08430018
v -0.58630371 1.76063657 0.08866192
v -0.58599317 1.75939393 0.09246977
v -0.58526778 1.75960779 0.09794058
v -0.58131677 1.76907921 0.08458509
v -0.58385378 1.76724291 0.08062102
v -0.58644569 1.76793003 0.08237405
v -0.58385855 1.76942635 0.08494939
v -0.57634288 1.76158953 0.10063477
v -0.57671928 1.76463759 0.09449770
v -0.57718414 1.76659906 0.08902927
v -0.57851982 1.76712847 0.08412309
v -0.57374507 1.76233625 0.09338136
v -0.57522708 1.76423883 0.08781548
v -0.57675958 1.76456845 0.08382787
v -0.57254058 1.75933421 0.09122606
v -0.57475698 1.76177526 0.08608343
v -0.57255340 1.75875330 0.10063453
v -0.57073069 1.75525570 0.09897901
v -0.57622832 1.76266086 0.08372320
v -0.58125275 1.76522946 0.08033319
v -0.58610153 1.75769436 0.08766146
v -0.58613312 1.76013255 0.08295693
v -0.58454239 1.75540650 0.08663185
v -0.58438420 1.75831425 0.08210541
v -0.58745134 1.76468801 0.08138062
v -0.58590430 1.76315737 0.07985105
v -0.56971419 1.75213909 0.10402454
v -0.57134861 1.74812222 0.10060461
v -0.57227606 1.75137711 0.09590377
v -0.57380652 1.75551522 0.08841313
v -0.57627141 1.74950719 0.09300144
v -0.58131504 1.75057471 0.09112503
v -0.58188123 1.75401306 0.08596094
v -0.57772171 1.75343180 0.08651246
v -0.58172494 1.75716114 0.08193918
v -0.57866651 1.75710011 0.08250149
v -0.57602048 1.75899458 0.08394785
v -0.58093256 1.76007795 0.08007999
v -0.58350056 1.76138043 0.07957138
v -0.57907319 1.76295376 0.08103426
v -0.57752830 1.76108265 0.08204235
v -0.57904679 1.75944817 0.08110042
v -0.58170092 1.72388077 0.09430595
v -0.58036429 1.72087979 0.10128053
v -0.58100945 1.71648347 0.09876408
v -0.58270264 1.71944976 0.09163280
v -0.59267145 1.72962785 0.10003324
v -0.59230310 1.72648859 0.10636641
v -0.58660537 1.72640896 0.10548188
v -0.58694565 1.72935677 0.09880222
v -0.59717196 1.72534966 0.09838779
v -0.59699649 1.72218013 0.10472079
v -0.59116453 1.72281563 0.11380829
v -0.58755046 1.71588349 0.12562247
v -0.58146912 1.71529150 0.12398000
v -0.58529323 1.72258973 0.11261185
v -0.58275098 1.69983101 0.11454208
v -0.57783556 1.70083964 0.11627121
v -0.58262980 1.72406304 0.10346456
v -0.58323228 1.72714460 0.09662904
v -0.58649260 1.70698643 0.10304679
v -0.58884364 1.71118915 0.09546120
v -0.58411789 1.71289861 0.09647955
v -0.58155054 1.70862174 0.10405405
v -0.57476890 1.70520782 0.11923571
v -0.57360286 1.71079051 0.12162878
v -0.57672608 1.71397102 0.12283935
v -0.59219933 1.70810115 0.10407902
v -0.58920836 1.70166337 0.11574914
v -0.59366542 1.70570266 0.11983253
v -0.59610075 1.71233177 0.10756858
v -0.58064824 1.72044730 0.11094017
v -0.57849044 1.71249509 0.10666908
v -0.57783294 1.71717739 0.10903426
v -0.59585941 1.71822906 0.11199762
v -0.59702194 1.71633303 0.10033847
v -0.59652585 1.72136497 0.08239110
v -0.59270811 1.71952963 0.08020182
v -0.59054846 1.71449351 0.08866812
v -0.59490323 1.71627450 0.09038617
v -0.59352165 1.71258450 0.09675737
v -0.59761822 1.71998882 0.09424771
v -0.58503163 1.72377539 0.08160652
v -0.58352429 1.72804880 0.08462037
v -0.58458257 1.73134136 0.08691765
v -0.59370732 1.71184099 0.12439646
v -0.58793592 1.73326123 0.08917375
v -0.59336507 1.73369217 0.09089185
v -0.58581197 1.71586156 0.08932127
v -0.58801275 1.72025871 0.08000554
v -0.59857184 1.72459793 0.08593364
v -0.59801513 1.72953916 0.08988549
v -0.59872246 1.73289537 0.08208694
v -0.59936804 1.72817588 0.07877214
v -0.59458232 1.73711133 0.08323528
v -0.58931488 1.73634207 0.08241470
v -0.58610809 1.73408055 0.08095355
v -0.59770334 1.72537887 0.07597102
v -0.59437418 1.72343838 0.07432671
v -0.58967447 1.72347617 0.07455285
v -0.59888613 1.72867882 0.06959344
v -0.60075897 1.73189747 0.07104148
v -0.59665990 1.74459052 0.06384917
v -0.59995502 1.74428868 0.06352808
v -0.59892482 1.74213469 0.06825449
v -0.59608757 1.74303663 0.06955321
v -0.59890008 1.74035382 0.07158782
v -0.59657329 1.74044454 0.07528700
v -0.60158950 1.73874044 0.06611176
v -0.60055870 1.73761582 0.07089324
v -0.60342473 1.74189949 0.06186511
v -0.60360950 1.73823869 0.06035651
v -0.60176337 1.73613310 0.06570359
v -0.60093725 1.73490059 0.06918766
v -0.59854650 1.74537802 0.05868985
v -0.60099155 1.74564815 0.05976112
v -0.59999955 1.73585701 0.07506533
v -0.59107000 1.73892927 0.07647289
v -0.59225136 1.74180532 0.06963427
v -0.59373397 1.74351847 0.06305988
v -0.59580922 1.74380660 0.05793668
v -0.58900988 1.73934078 0.06851293
v -0.59132403 1.74141705 0.06213506
v -0.59381944 1.74134398 0.05795290
v -0.58776569 1.73573184 0.06648840
v -0.59069020 1.73825634 0.06061704
v -0.58743680 1.73623681 0.07571681
v -0.58612853 1.73258591 0.07412775
v -0.59293514 1.73925817 0.05804856
v -0.59886396 1.74170959 0.05494137
v -0.60175604 1.74347425 0.05526979
v -0.60455436 1.74424267 0.05731316
v -0.60094762 1.73384249 0.06473704
v -0.60201877 1.73644924 0.05915029
v -0.60001564 1.73169208 0.06332810
v -0.60077488 1.73483825 0.05806603
v -0.60478854 1.74023294 0.05667914
v -0.60304874 1.73935795 0.05540682
v -0.58515292 1.73059702 0.07888795
v -0.58641595 1.72656548 0.07643051
v -0.58735520 1.72857380 0.07175697
v -0.58941025 1.73168695 0.06424297
v -0.59101605 1.72580934 0.06981261
v -0.59589535 1.72642887 0.06884553
v -0.59742486 1.72993839 0.06280948
v -0.59337115 1.72935987 0.06303598
v -0.59843826 1.73357034 0.05805136
v -0.59532613 1.73307693 0.05829473
v -0.59211195 1.73485839 0.05904479
v -0.59833908 1.73661184 0.05547066
v -0.60073280 1.73801541 0.05487140
v -0.59639269 1.73946965 0.05558880
v -0.59433943 1.73738360 0.05670710
v -0.59616184 1.73555422 0.05641980
v -0.58626223 1.69863176 0.09238853
v -0.58509779 1.69675553 0.09813620
v -0.58392602 1.69192266 0.09660502
v -0.58503449 1.69378936 0.09062137
v -0.59735894 1.70106542 0.09539820
v -0.59665918 1.69927263 0.10240360
v -0.59254533 1.70077074 0.10113682
v -0.59368134 1.70245683 0.09483780
v -0.59971553 1.69672871 0.09430917
v -0.59908235 1.69416261 0.10148759
v -0.59522945 1.69704890 0.10913040
v -0.59271127 1.69338381 0.11818887
v -0.58762598 1.69479871 0.11608787
v -0.59065545 1.69878864 0.10735203
v -0.58848929 1.69979107 0.09958376
v -0.58974177 1.70168197 0.09368093
v -0.58627862 1.68209791 0.10155375
v -0.58872873 1.68491960 0.09483691
v -0.58551019 1.68752313 0.09533532
v -0.58317178 1.68480933 0.10211964
v -0.57810467 1.68478012 0.11414327
v -0.57907844 1.69012487 0.11476423
v -0.58271682 1.69329691 0.11502095
v -0.59150261 1.68169534 0.10233678
v -0.58782566 1.67776179 0.11305262
v -0.59338295 1.68067420 0.11532845
v -0.59633464 1.68514872 0.10545363
v -0.58627319 1.69763124 0.10549571
v -0.58129966 1.68935001 0.10302259
v -0.58263624 1.69445574 0.10424627
v -0.59757119 1.69136798 0.10852279
v -0.59766716 1.68819666 0.09864922
v -0.59789836 1.69199228 0.08018477
v -0.59388566 1.69089031 0.07896055
v -0.59053779 1.68682003 0.08838297
v -0.59525800 1.68750083 0.08942915
v -0.59340024 1.68455398 0.09573670
v -0.59886628 1.69133008 0.09178902
v -0.58746731 1.69671249 0.08155747
v -0.58782405 1.70132995 0.08347215
v -0.59113449 1.70415235 0.08487083
v -0.59554875 1.68750334 0.11793579
v -0.58241719 1.67774355 0.11235030
v -0.59453911 1.70508838 0.08564879
v -0.59819859 1.70427608 0.08591916
v -0.58692086 1.68927312 0.08916755
v -0.58972210 1.69245505 0.07989462
v -0.60073858 1.69546354 0.08261545
v -0.60106772 1.70033324 0.08519067
v -0.60207456 1.70290160 0.07846953
v -0.60222173 1.69799566 0.07614566
v -0.59928709 1.70693040 0.07909365
v -0.59544617 1.70715928 0.07898803
v -0.59212261 1.70588374 0.07874621
v -0.59941804 1.69486558 0.07397325
v -0.59590065 1.69394672 0.07304962
v -0.59158069 1.69484234 0.07450064
v -0.60047007 1.69658482 0.06903143
v -0.60294056 1.70037949 0.07007773
v -0.60078150 1.71317852 0.06215872
v -0.60295397 1.71218848 0.06171365
v -0.60168588 1.71035314 0.06609543
v -0.59996152 1.71176755 0.06699051
v -0.60168898 1.70896661 0.06947751
v -0.60038733 1.70918632 0.07267471
v -0.60438901 1.70758855 0.06540294
v -0.60330325 1.70619988 0.06945898
v -0.60565042 1.70912933 0.06078584
v -0.60516882 1.70491683 0.05987926
v -0.60375518 1.70353723 0.06450810
v -0.60351926 1.70309663 0.06817551
v -0.60232723 1.71335816 0.05773051
v -0.60414851 1.71288157 0.05846025
v -0.60261768 1.70482934 0.07302530
v -0.59642231 1.70906186 0.07380559
v -0.59698433 1.71134520 0.06751843
v -0.59797776 1.71272254 0.06211407
v -0.59932899 1.71230054 0.05768128
v -0.59408098 1.70954168 0.06737168
v -0.59556949 1.71082759 0.06187536
v -0.59692341 1.71040690 0.05817468
v -0.59195107 1.70679092 0.06675042
v -0.59408307 1.70835590 0.06132825
v -0.59307474 1.70736170 0.07371427
v -0.59060836 1.70437908 0.07336493
v -0.59576964 1.70864344 0.05874367
v -0.60118926 1.70887136 0.05477090
v -0.60444880 1.71020079 0.05493684
v -0.60665435 1.71049476 0.05678512
v -0.60305423 1.70070028 0.06408699
v -0.60380727 1.70261312 0.05916496
v -0.60089958 1.69866455 0.06367804
v -0.60176921 1.70127201 0.05869766
v -0.60618293 1.70671105 0.05687578
v -0.60480708 1.70559371 0.05582179
v -0.58956629 1.70303786 0.07808073
v -0.58923411 1.69872236 0.07656033
v -0.59041107 1.70044029 0.07213213
v -0.59217376 1.70286059 0.06525494
v -0.59287304 1.69663978 0.07038303
v -0.59688693 1.69578302 0.06903298
v -0.59789580 1.69808495 0.06363310
v -0.59455746 1.69927073 0.06437959
v -0.59902477 1.70090795 0.05876501
v -0.59626669 1.70187342 0.05934782
v -0.59431362 1.70488942 0.06019141
v -0.59944028 1.70380759 0.05623759
v -0.60227740 1.70437896 0.05567469
v -0.59839833 1.70761418 0.05603482
v -0.59639317 1.70639277 0.05757929
v -0.59729880 1.70383072 0.05719526
v -0.57970613 1.68042088 0.11343564
v -0.58435363 1.66522968 0.09864236
v -0.58337134 1.66503286 0.10363682
v -0.58208185 1.66110885 0.10308231
v -0.58305043 1.66126907 0.09818675
v -0.59514093 1.66533589 0.10038681
v -0.59443837 1.66511309 0.10619457
v -0.59073341 1.66781616 0.10548575
v -0.59167230 1.66800690 0.09978278
v -0.59613770 1.66012967 0.10015275
v -0.59557593 1.65952671 0.10605694
v -0.59270775 1.66468024 0.11275370
v -0.58976012 1.66430807 0.12332805
v -0.58539438 1.66681433 0.12066646
v -0.58872628 1.66743505 0.11180665
v -0.57815850 1.64987922 0.12436022
v -0.57975787 1.65146661 0.11774434
v -0.57736987 1.65508783 0.11705495
v -0.57463431 1.65327263 0.12413354
v -0.58654815 1.66759682 0.10452540
v -0.58764726 1.66761076 0.09911622
v -0.58287102 1.65290034 0.10855861
v -0.58479488 1.65353942 0.10286053
v -0.58259904 1.65706134 0.10270019
v -0.58050013 1.65648127 0.10797997
v -0.57354426 1.65830088 0.12358935
v -0.57681572 1.65937281 0.11689480
v -0.57811546 1.66336381 0.11769809
v -0.57431430 1.66366017 0.12298681
v -0.58080816 1.66590488 0.11838497
v -0.58695042 1.65152371 0.10992946
v -0.58361900 1.65004933 0.11935551
v -0.58844978 1.65119302 0.12197424
v -0.59149784 1.65336514 0.11144240
v -0.58462524 1.66701293 0.11020286
v -0.58009285 1.66051006 0.10830362
v -0.58154297 1.66440475 0.10905047
v -0.59412920 1.65906537 0.11298700
v -0.59307963 1.65439200 0.10491945
v -0.59128994 1.65331972 0.09131290
v -0.58787519 1.65416551 0.09097500
v -0.58600819 1.65375030 0.09763356
v -0.58997172 1.65256405 0.09826209
v -0.58886558 1.65216839 0.10370417
v -0.59394163 1.65487576 0.09919430
v -0.58448136 1.66149819 0.09173645
v -0.58574492 1.66549695 0.09184344
v -0.58881426 1.66778016 0.09232505
v -0.59201580 1.65793669 0.12439163
v -0.59247643 1.66825485 0.09255709
v -0.59573776 1.66599798 0.09293766
v -0.58363152 1.65718091 0.09771903
v -0.58537227 1.65742230 0.09121723
v -0.59491116 1.65563726 0.09204294
v -0.59676886 1.66089261 0.09302498
v -0.59791332 1.66160989 0.08729799
v -0.59618700 1.65642989 0.08631767
v -0.59649307 1.66652095 0.08738835
v -0.59333462 1.66832995 0.08733667
v -0.58968097 1.66765738 0.08755429
v -0.59218669 1.65411925 0.08601965
v -0.58924615 1.65510905 0.08621927
v -0.58704829 1.65802360 0.08697672
v -0.59356207 1.65514338 0.08103426
v -0.59734482 1.65766406 0.08069165
v -0.59681827 1.66929030 0.07316180
v -0.59854496 1.66785443 0.07339384
v -0.59782106 1.66716671 0.07655044
v -0.59640193 1.66888046 0.07736470
v -0.59794158 1.66606760 0.07971735
v -0.59690553 1.66710520 0.08215059
v -0.59948409 1.66381550 0.07657845
v -0.59869283 1.66301250 0.07995041
v -0.60047555 1.66442645 0.07259525
v -0.59890825 1.66029620 0.07171954
v -0.59850681 1.65956199 0.07555778
v -0.59844100 1.65977812 0.07877101
v -0.59772635 1.66848862 0.06938501
v -0.59934449 1.66789222 0.07038523
v -0.59841335 1.66240978 0.08291490
v -0.59395236 1.66878855 0.08295365
v -0.59423846 1.66965735 0.07776697
v -0.59470350 1.66993237 0.07236029
v -0.59533775 1.66808069 0.06860359
v -0.59160745 1.66872489 0.07807471
v -0.59233689 1.66863692 0.07286210
v -0.59300750 1.66716337 0.06959112
v -0.58937693 1.66661596 0.07878031
v -0.59064370 1.66676128 0.07354422
v -0.59089679 1.66806006 0.08361973
v -0.58833796 1.66595173 0.08428575
v -0.59171075 1.66627216 0.07073928
v -0.59587592 1.66471589 0.06734581
v -0.59848344 1.66488802 0.06745596
v -0.60081482 1.66483212 0.06908496
v -0.59696048 1.65738463 0.07543428
v -0.59716171 1.65864432 0.07100756
v -0.59421694 1.65634120 0.07601120
v -0.59479064 1.65852153 0.07086582
v -0.59968954 1.66151702 0.06910302
v -0.59793353 1.66113818 0.06819250
v -0.58703780 1.66546774 0.08751483
v -0.58601093 1.66207838 0.08735152
v -0.58704662 1.66236627 0.08397503
v -0.58824652 1.66334188 0.07869513
v -0.58804637 1.65846443 0.08309825
v -0.59030795 1.65579271 0.08207734
v -0.59143806 1.65715969 0.07669385
v -0.58905876 1.65953243 0.07772453
v -0.59240866 1.65939081 0.07165058
v -0.59063655 1.66131902 0.07259513
v -0.58990449 1.66419435 0.07340278
v -0.59335113 1.66203463 0.06897677
v -0.59546131 1.66133904 0.06808420
v -0.59354210 1.66460872 0.06841578
v -0.59176779 1.66454661 0.07018442
v -0.59192580 1.66266894 0.07014008
v -0.58185512 1.64884186 0.12490053
v -0.54954249 1.73737240 0.18296804
v -0.54833186 1.73410630 0.17886408
v -0.53893983 1.72899365 0.17586608
v -0.53250998 1.72887945 0.17872430
v -0.52887839 1.73099995 0.18422605
v -0.53012544 1.73434544 0.18881758
v -0.53441006 1.73799062 0.19135858
v -0.54500467 1.73124182 0.17599459
v -0.54769617 1.74023867 0.18830867
v -0.54122531 1.74052715 0.19172563
v -0.53943986 1.74960208 0.18637718
v -0.54610103 1.74877536 0.18331446
v -0.53254384 1.74709320 0.18647374
v -0.52822345 1.74269557 0.18431278
v -0.52723318 1.73796046 0.18067463
v -0.54828966 1.74495745 0.17850144
v -0.54726064 1.74071550 0.17472656
v -0.54311579 1.73678792 0.17247458
v -0.54730833 1.75271368 0.17455883
v -0.54468161 1.75901639 0.17721386
v -0.52855551 1.76506007 0.17405213
v -0.53180802 1.76762056 0.17572202
v -0.53218800 1.76348996 0.17775972
v -0.52875245 1.76069069 0.17711855
v -0.53344911 1.76116037 0.17914154
v -0.53127378 1.75676703 0.18069239
v -0.53777158 1.76613462 0.17776908
v -0.53801703 1.76295149 0.17874183
v -0.54302216 1.76636338 0.17530479
v -0.54228413 1.76371026 0.17738475
v -0.53734726 1.77056181 0.17626204
v -0.53213626 1.77108526 0.17380346
v -0.53647429 1.77316248 0.17334010
v -0.53029895 1.76975667 0.17141636
v -0.53827918 1.75856602 0.18075766
v -0.52703470 1.75033951 0.17979516
v -0.52626985 1.75694263 0.17549790
v -0.52681887 1.76245832 0.17151399
v -0.52972156 1.76703632 0.16821541
v -0.52621746 1.75269353 0.17190619
v -0.52787769 1.75939250 0.16816647
v -0.53078270 1.76379454 0.16606869
v -0.52947414 1.74978280 0.16854085
v -0.53082204 1.75735354 0.16598244
v -0.52601278 1.74429655 0.17680474
v -0.52949286 1.74030638 0.17320354
v -0.53213966 1.76159573 0.16494019
v -0.53499585 1.76969266 0.16635551
v -0.53529531 1.77305663 0.16930081
v -0.54537725 1.76385486 0.17272814
v -0.54228824 1.77022648 0.17380913
v -0.54407489 1.76821589 0.17036279
v -0.54613143 1.75964022 0.17024715
v -0.54391998 1.76516390 0.16733654
v -0.54065472 1.77297401 0.17231371
v -0.54100609 1.77182269 0.16903903
v -0.53070045 1.73460531 0.17610385
v -0.53662473 1.73435736 0.17293949
v -0.53581047 1.73996425 0.17043330
v -0.53543985 1.74923027 0.16661300
v -0.54230583 1.74292636 0.16962637
v -0.54674071 1.74754751 0.17143001
v -0.54492742 1.75562692 0.16775097
v -0.54119658 1.75156164 0.16605993
v -0.54222840 1.76186621 0.16538395
v -0.53935671 1.75900507 0.16441859
v -0.53507149 1.75743246 0.16464020
v -0.53905088 1.76519454 0.16470827
v -0.54022050 1.76879716 0.16610040
v -0.53492534 1.76583266 0.16498186
v -0.53507072 1.76231253 0.16447522
v -0.53795636 1.76253104 0.16433372
v -0.57161117 1.65103555 0.12945504
v -0.56994849 1.65691435 0.12956144
v -0.56776357 1.65374482 0.13668193
v -0.56486994 1.64966202 0.14460726
v -0.56599790 1.64131308 0.15102984
v -0.56433791 1.65609169 0.14642127
v -0.56718761 1.65992451 0.13836987
v -0.57040274 1.66453743 0.12960847
v -0.56200993 1.65858865 0.15448149
v -0.28611317 1.91025305 0.21529347
v -0.28661036 1.90945435 0.21928895
v -0.28621259 1.90361273 0.22216111
v -0.28610140 1.90325809 0.21897852
v -0.28534240 1.90306211 0.21534368
v -0.28361198 1.90302098 0.21164237
v -0.28035629 1.90996492 0.20638472
v -0.28387687 1.91076589 0.21068484
v -0.27269042 1.90354502 0.20084015
v -0.27390981 1.90501475 0.20220652
v -0.27358592 1.90279138 0.20118907
v -0.27836916 1.90298390 0.20514430
v -0.27530879 1.90299153 0.20283529
v -0.28635103 1.90705919 0.22483993
v -0.28613645 1.90592468 0.22629899
v -0.28659853 1.90825987 0.22234388
v -0.28116041 1.90303123 0.20810285
v -0.28594267 1.90488851 0.22627568
v -0.28588998 1.90414727 0.22480407
v -0.27670014 1.90781975 0.20370917
v -0.28518501 1.90533471 0.21561784
v -0.28356278 1.90537691 0.21171741
v -0.28097934 1.90781009 0.20719953
v -0.28381610 1.90826368 0.21135151
v -0.27842218 1.90485787 0.20526579
v -0.27637735 1.90439057 0.20377797
v -0.28595033 1.90516233 0.21901175
v -0.28114536 1.90529156 0.20800705
v -0.28552440 1.90799201 0.21574616
v -0.27608109 1.90520859 0.20332628
v -0.27789319 1.90662992 0.20449165
v -0.28610662 1.90563381 0.22531708
v -0.28596207 1.90527558 0.22527312
v -0.25460279 1.65520859 0.21971038
v -0.26045054 1.63759828 0.21459961
v -0.28611529 1.90729392 0.21932033
v -0.28597385 1.90506816 0.22393090
v -0.28604078 1.90507102 0.22177681
v -0.28613430 1.90663981 0.22197455
v -0.28610036 1.90609705 0.22407416
v -0.39026815 1.61065626 0.36185169
v -0.38297451 1.59662437 0.35449040
v -0.39960009 1.62186694 0.41444138
v -0.38886502 1.61317956 0.43199134
v -0.31717730 1.36839175 0.22300069
v -0.17958304 1.41799521 0.38529432
v -0.17721954 1.43709493 0.39107147
v -0.11317895 1.43971229 0.34355322
v -0.12641859 1.43456566 0.35833329
v -0.28732976 1.41289485 0.34702462
v -0.28938448 1.39493656 0.34451663
v -0.31037563 1.40452540 0.28047198
v -0.31178582 1.38520384 0.27688530
v -0.30454418 1.37363482 0.32032388
v -0.14954633 1.38635945 0.36863685
v -0.14583381 1.40723026 0.36785752
v -0.16366225 1.40346801 0.37697896
v -0.16678266 1.38384902 0.37871969
v -0.10876269 1.42009211 0.32085711
v -0.10476327 1.44331574 0.32497704
v -0.27055687 1.43465519 0.36923099
v -0.24883199 1.43860090 0.38380447
v -0.20124374 1.44833100 0.39714646
v -0.17875730 1.45617247 0.39578909
v -0.14117283 1.47476935 0.37972721
v -0.15935719 1.46544766 0.38971591
v -0.31298488 1.42456722 0.26085886
v -0.30813056 1.44457102 0.24143153
v -0.28738075 1.43180811 0.34883207
v -0.29715356 1.42739880 0.19285920
v -0.10856220 1.51494384 0.35574603
v -0.12550755 1.50936079 0.37308303
v -0.22532025 1.44288468 0.39324498
v -0.28601676 1.59276080 0.21308911
v -0.29209954 1.57584405 0.20873527
v -0.30177790 1.57901680 0.22195362
v -0.29480714 1.59531820 0.22764930
v -0.31009504 1.58131433 0.23581618
v -0.31692451 1.58329618 0.24966766
v -0.32216030 1.58470249 0.26307064
v -0.32969415 1.58342326 0.29843387
v -0.32838517 1.58471668 0.28729141
v -0.32767856 1.57838166 0.31868505
v -0.32972243 1.58184159 0.30843550
v -0.32247645 1.56856132 0.32982171
v -0.31414193 1.55630279 0.34213257
v -0.30387875 1.54475713 0.35555270
v -0.30159298 1.55991840 0.35862818
v -0.31708401 1.54146206 0.33773777
v -0.32507339 1.55336380 0.32611990
v -0.33086419 1.56152010 0.31492114
v -0.28937602 1.53301680 0.19360101
v -0.28965330 1.50889564 0.19544563
v -0.24867755 1.67153943 0.22357519
v -0.53793359 1.51278901 0.34594518
v -0.53497630 1.63760149 0.26964289
v -0.13111982 1.70927525 0.33755136
v -0.12082731 1.70603454 0.31902534
v -0.10932598 1.69414663 0.30554527
v -0.11211655 1.70481074 0.30372658
v -0.20476702 1.72766423 0.38407576
v -0.18001287 1.71818864 0.38339007
v -0.15752900 1.71007919 0.37366202
v -0.14063238 1.70378292 0.35823143
v -0.29928261 1.44832718 0.32581443
v -0.12161765 1.67499757 0.34632310
v -0.13721105 1.69315326 0.36296314
v -0.15465179 1.69982183 0.38099658
v -0.17856415 1.70772910 0.39351776
v -0.20894670 1.71751213 0.39879227
v -0.22583687 1.71645641 0.40717286
v -0.24040589 1.69686961 0.42775333
v -0.25496995 1.69390965 0.43181440
v -0.26790050 1.70660019 0.42322588
v -0.28353745 1.70076871 0.42681146
v -0.27078313 1.68907642 0.43571264
v -0.35685536 1.62893593 0.43987930
v -0.36530709 1.61478460 0.44046485
v -0.36598918 1.59984779 0.44280905
v -0.36220655 1.58561707 0.44350794
v -0.35384500 1.57479703 0.44265410
v -0.34170887 1.56785500 0.43977988
v -0.32670397 1.56719351 0.43604970
v -0.28636596 1.58163118 0.42620072
v -0.27416301 1.58743024 0.42627907
v -0.24332139 1.58082581 0.42526555
v -0.23490879 1.57542121 0.42501736
v -0.19424254 1.53506041 0.41559866
v -0.20669682 1.54811990 0.42179701
v -0.18185785 1.51977229 0.41047907
v -0.15679380 1.28696156 0.38799524
v -0.15831381 1.30496609 0.37969816
v -0.17773581 1.30713093 0.39062476
v -0.17679203 1.28930175 0.39749998
v -0.11611330 1.34315288 0.32002202
v -0.12758559 1.34328651 0.34024149
v -0.27500680 1.30739820 0.37855241
v -0.24899817 1.30908406 0.39217299
v -0.22317734 1.30941355 0.39784271
v -0.19935848 1.30864203 0.39631221
v -0.29513192 1.30336630 0.35893360
v -0.32479876 1.27020323 0.23560829
v -0.32515576 1.27651680 0.26000178
v -0.30572292 1.26040459 0.17461358
v -0.31428641 1.26237512 0.19223332
v -0.30942035 1.29720259 0.33610606
v -0.32096785 1.26568091 0.21241567
v -0.32310972 1.28279424 0.28524658
v -0.31862506 1.28986800 0.31149447
v -0.15745729 1.32338297 0.37413102
v -0.14209414 1.32239938 0.36097044
v -0.14118767 1.34392273 0.35666603
v -0.10614290 1.58485556 0.35677516
v -0.11951585 1.58652580 0.37501299
v -0.13441762 1.58884370 0.39183757
v -0.14968161 1.61012542 0.40654117
v -0.16719086 1.61420643 0.41779882
v -0.16887219 1.59779072 0.41815561
v -0.15083541 1.59262979 0.40716684
v -0.20328657 1.62124610 0.42836285
v -0.21792476 1.62342727 0.43278819
v -0.21915233 1.61182618 0.43167692
v -0.20520057 1.60888577 0.42863175
v -0.23182337 1.61374271 0.43506777
v -0.24490477 1.61366045 0.43763357
v -0.25813824 1.61190069 0.43818188
v -0.27301484 1.60867572 0.44034600
v -0.27629632 1.62936342 0.44803381
v -0.26119977 1.63413036 0.44561267
v -0.20351833 1.63523686 0.42821169
v -0.18551965 1.63336229 0.42316806
v -0.11080971 1.61788487 0.35218889
v -0.10239141 1.61521292 0.33302665
v -0.29165936 1.54043508 0.37093586
v -0.27801484 1.53789318 0.38631457
v -0.26405644 1.53801191 0.39867353
v -0.25072506 1.54030502 0.40819281
v -0.23900691 1.54476976 0.41587546
v -0.22773063 1.55054939 0.42161477
v -0.21696737 1.55829597 0.42451698
v -0.22611345 1.56760693 0.42516536
v -0.20720027 1.56751955 0.42552549
v -0.21838380 1.57614768 0.42655766
v -0.19841047 1.57856560 0.42522734
v -0.19164833 1.59101439 0.42485937
v -0.18748565 1.60440278 0.42426702
v -0.18556371 1.61849368 0.42374450
v -0.15034580 1.62727439 0.40664905
v -0.16789961 1.63040113 0.41712135
v -0.13663159 1.64163494 0.39091694
v -0.14032428 1.65735590 0.39091378
v -0.13344589 1.60709715 0.39048699
v -0.13469316 1.62452269 0.39149860
v -0.18469280 1.74388814 0.35057929
v -0.16468975 1.73796940 0.34207931
v -0.32025221 1.58373201 0.44039732
v -0.33028084 1.57733464 0.44062120
v -0.32017326 1.57535768 0.43759802
v -0.31528497 1.58065677 0.43830749
v -0.33887851 1.58297086 0.44294792
v -0.33021230 1.59773588 0.44436139
v -0.34508777 1.59240627 0.44394279
v -0.32591549 1.58941746 0.44244415
v -0.34862781 1.60392308 0.44442064
v -0.33403897 1.60761774 0.44586939
v -0.34842452 1.61529183 0.44443929
v -0.33560067 1.61729884 0.44639754
v -0.33578321 1.62457907 0.44657671
v -0.34423360 1.62649095 0.44448602
v -0.29913899 1.64387703 0.45013267
v -0.31357706 1.63713408 0.44952846
v -0.32649666 1.62978387 0.44826293
v -0.28579414 1.60342336 0.44109052
v -0.29987282 1.59909308 0.44220906
v -0.31308800 1.59423470 0.44245100
v -0.31700164 1.60277665 0.44516718
v -0.30277741 1.60743296 0.44527417
v -0.28807059 1.61232698 0.44525462
v -0.10726359 1.60209930 0.35406110
v -0.11870332 1.60429955 0.37255841
v -0.23175099 1.62482107 0.43686721
v -0.24453375 1.62486601 0.43989921
v -0.25813377 1.62298477 0.44233286
v -0.27339593 1.61834431 0.44437146
v -0.24664429 1.63625073 0.44263548
v -0.23300460 1.63733768 0.43843573
v -0.21882327 1.63650584 0.43381727
v -0.12102381 1.62135530 0.37193817
v -0.09851412 1.59967446 0.33529884
v -0.32709914 1.67577016 0.35472840
v -0.32316414 1.69416046 0.37070504
v -0.31527251 1.70532620 0.39230764
v -0.30055645 1.70739555 0.41215783
v -0.12704229 1.73742008 0.29419777
v -0.46753120 1.48291218 0.38539195
v -0.08464755 1.54444170 0.32086849
v -0.08427927 1.56563127 0.32148728
v -0.09444061 1.47066510 0.31121981
v -0.08888206 1.49473929 0.31578922
v -0.12578283 1.36830652 0.33753210
v -0.11576618 1.37049508 0.31829238
v -0.11250532 1.39546323 0.31866586
v -0.09912467 1.32090473 0.30282128
v -0.10563520 1.34394968 0.29769865
v -0.10593992 1.39802408 0.29917189
v -0.10296748 1.42317653 0.30200785
v -0.09662512 1.51823545 0.33677357
v -0.09517507 1.58428729 0.33848381
v -0.08884430 1.59927928 0.31816247
v -0.09282858 1.61478341 0.31602234
v -0.09615514 1.63029802 0.31488928
v -0.33697951 1.55282497 0.26619923
v -0.33162850 1.56869233 0.27036479
v -0.32829648 1.56854570 0.25782585
v -0.33377871 1.55279517 0.25384054
v -0.33846626 1.55254805 0.28937274
v -0.33413267 1.56759453 0.29371917
v -0.33339351 1.56836009 0.28237832
v -0.33852869 1.55268455 0.27839002
v -0.33328414 1.56559467 0.30423886
v -0.33698654 1.55095172 0.30021155
v -0.34093040 1.53620517 0.26308921
v -0.34246278 1.53644025 0.27526367
v -0.33758870 1.53639817 0.25097084
v -0.33993959 1.53617477 0.29612523
v -0.34177220 1.53669131 0.28606427
v -0.27574015 1.78334963 0.19743381
v -0.28707188 1.79036582 0.18731269
v -0.29050875 1.83509696 0.17381552
v -0.28814992 1.83938944 0.17474803
v -0.25456011 1.76679301 0.20601791
v -0.25001588 1.75778937 0.20927994
v -0.28849566 1.81575441 0.17374143
v -0.29004586 1.80135131 0.17409749
v -0.28652242 1.86128247 0.17057574
v -0.28591502 1.85771060 0.17155100
v -0.28832173 1.84678817 0.17123193
v -0.28790560 1.84282124 0.17213047
v -0.24561089 1.74785876 0.21243748
v -0.26107746 1.77462721 0.20071024
v -0.23769249 1.72662675 0.21741816
v -0.23412940 1.71618521 0.21967614
v -0.23797996 1.70675409 0.22966991
v -0.23919208 1.69550943 0.22920910
v -0.28659460 1.55374241 0.19477998
v -0.27170336 1.60415947 0.20441036
v -0.27748817 1.59003532 0.19982266
v -0.26546639 1.61967003 0.20968619
v -0.24331978 1.68419027 0.22638963
v -0.24141558 1.73727787 0.21523453
v -0.28894761 1.82992375 0.17253846
v -0.28747195 1.82382488 0.17391914
v -0.28645414 1.85381413 0.17168084
v -0.28738341 1.85032129 0.17143109
v -0.24675408 1.65380764 0.20748939
v -0.25249064 1.63595331 0.20223828
v -0.28228837 1.57170260 0.19723916
v -0.27747267 1.53072059 0.18247069
v -0.27645937 1.50691545 0.18238220
v -0.24113977 1.67031360 0.21222800
v -0.27361211 1.48525763 0.18299720
v -0.23066276 1.11891842 0.41687596
v -0.20591089 1.10141921 0.41323292
v -0.18750747 1.11774826 0.41417253
v -0.20545888 1.13102579 0.41764668
v -0.22251454 1.17416203 0.41502994
v -0.22564349 1.20079875 0.41336983
v -0.22820970 1.22783124 0.41241899
v -0.16602953 1.10964537 0.40523055
v -0.13329180 1.12790012 0.39461797
v -0.14437237 1.10562778 0.39055425
v -0.19918513 1.22588682 0.41562209
v -0.19687425 1.19991887 0.41650292
v -0.19038187 1.13900542 0.41718602
v -0.19269414 1.15318704 0.41809839
v -0.21647356 1.15022087 0.41794246
v -0.15570530 1.12964976 0.40755147
v -0.17583531 1.13369060 0.41454363
v -0.12479266 1.28323424 0.35959387
v -0.12023830 1.26374722 0.36755902
v -0.10318144 1.26296711 0.34593093
v -0.20040977 1.29213357 0.40239444
v -0.17554124 1.27021754 0.40435117
v -0.09358881 1.11772370 0.31125692
v -0.17125471 1.15186846 0.41563499
v -0.12702134 1.15145350 0.39553291
v -0.14934701 1.15130925 0.40906146
v -0.12868729 1.22313833 0.39460570
v -0.14984396 1.22338939 0.40653616
v -0.14688548 1.19896531 0.40784845
v -0.12515643 1.19937944 0.39635617
v -0.17260516 1.22395635 0.41344947
v -0.17430365 1.24860561 0.40999371
v -0.13285200 1.24515164 0.39024270
v -0.15260172 1.24669731 0.40208235
v -0.15486203 1.26805210 0.39560392
v -0.17085122 1.19826984 0.41451785
v -0.12392627 1.17490637 0.39645523
v -0.10309443 1.17527616 0.37778461
v -0.08717531 1.17685401 0.35315132
v -0.07257411 1.17535543 0.32724437
v -0.07121681 1.19842768 0.32802409
v -0.13674939 1.26576614 0.38340682
v -0.14239508 1.30388343 0.36676443
v -0.14051038 1.28502440 0.37573421
v -0.13918458 1.36672890 0.35393280
v -0.35036594 0.90767992 0.30566794
v -0.19129333 1.06243181 0.24335195
v -0.21205081 1.06112504 0.22992519
v -0.33410430 1.16071188 0.35468322
v -0.27898937 1.13760877 0.40563008
v -0.24617898 1.14449859 0.41370049
v -0.25365096 1.06590855 0.21472768
v -0.28012213 1.07615161 0.21506310
v -0.34602344 1.15586209 0.32315084
v -0.33973193 1.12029910 0.26735783
v -0.23128042 1.06188917 0.22075845
v -0.19506784 1.17520714 0.41739985
v -0.17040098 1.17358494 0.41558808
v -0.14669386 1.17395139 0.40879971
v -0.10616462 1.15208066 0.37643027
v -0.08926713 1.15424216 0.35058391
v -0.07672150 1.15470541 0.32414281
v -0.29138282 1.12382674 0.19271216
v -0.28638035 1.13216245 0.18121734
v -0.29119757 1.13444388 0.18649097
v -0.28249449 1.14632797 0.17220318
v -0.27926806 1.13024926 0.17487571
v -0.28196687 1.11698771 0.18580176
v -0.27387673 1.11513829 0.17919053
v -0.26548976 1.10181475 0.18489666
v -0.32368633 1.24917138 0.23481058
v -0.32557815 1.25567973 0.25980297
v -0.30304831 1.23872375 0.17535768
v -0.31174132 1.24064481 0.19208458
v -0.31192380 1.27913499 0.33827233
v -0.31890649 1.24391210 0.21179509
v -0.32499260 1.26279736 0.28569987
v -0.32069844 1.27117610 0.31294262
v -0.07758301 1.24375987 0.32290137
v -0.08379838 1.26557076 0.31854779
v -0.29215598 1.23731208 0.16142577
v -0.28267044 1.78958249 0.18134579
v -0.27090654 1.78185010 0.19173208
v -0.24881274 1.97492480 0.18925968
v -0.15453461 1.77817607 0.27770972
v -0.27050185 1.92220175 0.17718692
v -0.28692964 1.83893132 0.17330617
v -0.28846300 1.86372411 0.16882615
v -0.23096658 1.70538509 0.22127792
v -0.23142295 1.69389307 0.22042379
v -0.19336234 1.06997597 0.23679134
v -0.23568827 1.68282461 0.21636228
v -0.18265396 1.06958747 0.24635410
v -0.09913610 1.44686437 0.30631924
v -0.27007255 0.45333850 0.36005074
v -0.25610551 0.45454609 0.36679226
v -0.26379228 0.42584836 0.36792335
v -0.27654123 0.42540395 0.36000037
v -0.24255314 0.45941412 0.39818722
v -0.24296489 0.45680928 0.38418466
v -0.24909669 0.46095234 0.41146010
v -0.26116401 0.46105903 0.41945845
v -0.26230055 0.43143559 0.41512686
v -0.25055408 0.43094909 0.40938562
v -0.27373073 0.46108198 0.42143226
v -0.28723899 0.43208230 0.41796339
v -0.28696916 0.46102881 0.42007500
v -0.30420536 0.46057135 0.41242781
v -0.30318558 0.43266690 0.40980956
v -0.31708097 0.45703655 0.39624870
v -0.31610849 0.43019676 0.39484102
v -0.31867853 0.45381713 0.37843296
v -0.28661451 0.45189607 0.35779583
v -0.29257578 0.42488897 0.35580391
v -0.24503145 0.42959988 0.39736083
v -0.24792533 0.42721689 0.38473320
v -0.25572962 0.42640758 0.37560329
v -0.24791111 0.45532972 0.37485495
v -0.26996005 0.39764416 0.36668658
v -0.28142032 0.39825618 0.35450268
v -0.24628842 0.40020454 0.39666909
v -0.25485325 0.39857900 0.38479477
v -0.26251709 0.40278172 0.41201335
v -0.24984290 0.40219426 0.40897453
v -0.28883147 0.40486372 0.41987830
v -0.27551517 0.40379798 0.41643548
v -0.27439770 0.43188238 0.41735107
v -0.30379561 0.40589941 0.41121829
v -0.31997991 0.40536249 0.39511108
v -0.29939061 0.39923763 0.35039496
v -0.26247340 0.39765942 0.37577832
v -0.46924645 0.32169712 0.34004825
v -0.46812803 0.32619727 0.33930773
v -0.46677768 0.32629538 0.33489698
v -0.46700561 0.32111228 0.33325493
v -0.46229625 0.32076645 0.29814452
v -0.46318901 0.33111441 0.29581696
v -0.45730239 0.32937503 0.28946394
v -0.45520318 0.31778574 0.28906113
v -0.46832573 0.32082760 0.31527984
v -0.46594369 0.31737614 0.31768039
v -0.46757114 0.31734133 0.32251933
v -0.47147006 0.32076538 0.32276231
v -0.45174128 0.32406151 0.37322700
v -0.44964445 0.31939805 0.37419274
v -0.45000738 0.31963956 0.37899196
v -0.45169836 0.32351780 0.37970588
v -0.46193290 0.32115638 0.35216361
v -0.45944732 0.31675971 0.35346192
v -0.45991892 0.31739414 0.35802788
v -0.46222162 0.32069075 0.35907525
v -0.44287032 0.33477664 0.30920321
v -0.43446934 0.33605850 0.29800314
v -0.44766319 0.33118534 0.29241800
v -0.45512843 0.33335209 0.30221596
v -0.44149488 0.32245457 0.28798047
v -0.42721474 0.32545280 0.29401916
v -0.42905992 0.31766677 0.30046943
v -0.44208646 0.31772673 0.29503977
v -0.43767017 0.31754804 0.31046799
v -0.44879466 0.31749201 0.30473149
v -0.44457495 0.32421064 0.31475896
v -0.45772237 0.32449901 0.31006011
v -0.45422691 0.32592630 0.33270198
v -0.45280015 0.33357322 0.32818225
v -0.46459317 0.32957518 0.32435423
v -0.46614599 0.32308578 0.33023617
v -0.44956863 0.33280993 0.31725600
v -0.46192557 0.32914281 0.31628758
v -0.44726098 0.32253575 0.31368357
v -0.44642508 0.31769264 0.32023761
v -0.45884484 0.31752706 0.31772792
v -0.45979351 0.32225931 0.31099734
v -0.44988412 0.31853223 0.32940790
v -0.46160758 0.31736565 0.32660481
v -0.45372623 0.33334565 0.34753668
v -0.45143324 0.33218622 0.33677047
v -0.46097815 0.32799602 0.33530787
v -0.46336007 0.32844031 0.34281629
v -0.45914590 0.32029676 0.33094558
v -0.44984931 0.32226717 0.33345848
v -0.44968134 0.31796145 0.33963025
v -0.45971960 0.31723857 0.33679086
v -0.45254660 0.31880009 0.34884962
v -0.46240032 0.31717193 0.34399161
v -0.45566279 0.32650137 0.35205621
v -0.46529186 0.32289553 0.34709388
v -0.44998384 0.32646096 0.37163663
v -0.44901156 0.33361495 0.36811292
v -0.45746845 0.32863200 0.36299211
v -0.45777363 0.32239234 0.36587721
v -0.44886136 0.33281362 0.35926682
v -0.45659655 0.32882988 0.35648948
v -0.45519239 0.32423437 0.35130987
v -0.44925517 0.32697010 0.35526830
v -0.44694346 0.31867063 0.35887408
v -0.45391726 0.31682062 0.35418391
v -0.44756323 0.31884944 0.36811459
v -0.45556855 0.31683302 0.36224875
v -0.44050336 0.33339405 0.38838041
v -0.44785017 0.33045626 0.38366359
v -0.44722098 0.32465112 0.38586193
v -0.43847245 0.32651460 0.39088303
v -0.44197440 0.33388722 0.38002890
v -0.44754815 0.33091760 0.37702948
v -0.44597769 0.32597971 0.37305766
v -0.44211817 0.32829654 0.37662363
v -0.43911844 0.31969142 0.37810522
v -0.44433451 0.31861877 0.37464535
v -0.43816280 0.32032084 0.38614833
v -0.44547933 0.31865752 0.38247222
v -0.43210095 0.33586681 0.31911767
v -0.42171317 0.34003568 0.30497178
v -0.45174617 0.31784332 0.29271635
v -0.41466165 0.32763994 0.30147028
v -0.45551449 0.31764126 0.29828715
v -0.42917562 0.31800508 0.31985191
v -0.41694838 0.31867242 0.30837235
v -0.43892503 0.32495475 0.31642625
v -0.47016329 0.32651842 0.32129878
v -0.43652356 0.31837356 0.33912107
v -0.44477439 0.32458317 0.33527011
v -0.46836448 0.32645249 0.31638142
v -0.43892843 0.33588648 0.33691251
v -0.43877876 0.33471906 0.35705096
v -0.46562034 0.31738830 0.33595183
v -0.46707678 0.31737888 0.33974415
v -0.43849832 0.31863689 0.35913712
v -0.44761813 0.32819581 0.35651779
v -0.46203631 0.32556641 0.35889721
v -0.43508565 0.31917691 0.37749839
v -0.44223982 0.32864237 0.37684256
v -0.46128362 0.32559443 0.35501462
v -0.43579394 0.33617413 0.37725770
v -0.45069242 0.32713187 0.37928411
v -0.42892200 0.31983173 0.39182514
v -0.42769349 0.32783294 0.39785114
v -0.45104402 0.32777393 0.37566850
v -0.43044779 0.33607244 0.39296424
v -0.30757633 0.42477441 0.35826722
v -0.30143809 0.45106411 0.35944873
v -0.31255245 0.45108390 0.36641657
v -0.31738293 0.42523038 0.36601722
v -0.32064471 0.42750502 0.37793621
v -0.31591484 0.40104556 0.35457855
v -0.32559150 0.40236068 0.36437351
v -0.32655686 0.40333271 0.37755963
v -0.30550665 0.38393617 0.41727391
v -0.28840387 0.38356709 0.42426586
v -0.27412635 0.38208294 0.41812277
v -0.26035112 0.38083029 0.41461599
v -0.24718511 0.37986672 0.41106230
v -0.30637005 0.37790358 0.34862268
v -0.32616159 0.38265777 0.35064399
v -0.33786437 0.38572121 0.36117274
v -0.33766007 0.38597429 0.37742123
v -0.40533078 0.34495556 0.30891716
v -0.41461104 0.34756863 0.32486483
v -0.39527091 0.35516500 0.33028865
v -0.38638312 0.34411967 0.31850779
v -0.41957772 0.34461701 0.34245455
v -0.40017110 0.35509956 0.34859478
v -0.42015904 0.34249771 0.36169481
v -0.40031090 0.35122383 0.36696294
v -0.41813532 0.34128737 0.38101047
v -0.39827299 0.34709537 0.38473397
v -0.41571766 0.33899641 0.39802870
v -0.39569059 0.34145594 0.40173888
v -0.41423416 0.32951450 0.40640688
v -0.39462590 0.33137453 0.41226760
v -0.39829886 0.32812786 0.30625737
v -0.38039201 0.32841647 0.31770742
v -0.40012497 0.31691945 0.31617275
v -0.38281298 0.31621122 0.32761449
v -0.40685958 0.31742632 0.33141947
v -0.38800660 0.31642926 0.34225792
v -0.39532053 0.31887054 0.40753239
v -0.41473997 0.31832838 0.39991385
v -0.41161326 0.31770122 0.35038441
v -0.39190391 0.31734359 0.36059266
v -0.41401392 0.31685269 0.36913046
v -0.39385042 0.31642163 0.37868989
v -0.41461515 0.31655025 0.38583958
v -0.39469397 0.31596899 0.39468277
v -0.37095192 0.35958779 0.33622965
v -0.37832329 0.36600971 0.35360742
v -0.37726337 0.36153078 0.37121028
v -0.37437338 0.35502863 0.38902527
v -0.37139636 0.34478450 0.40573564
v -0.37128484 0.33347011 0.41745490
v -0.34746733 0.36564755 0.39885741
v -0.34537441 0.34525192 0.41167068
v -0.34659621 0.33220685 0.42017537
v -0.32294038 0.33150733 0.42464405
v -0.32138598 0.34546673 0.42020476
v -0.28055513 0.34255588 0.43050027
v -0.29885155 0.34465146 0.42624632
v -0.30062449 0.33067679 0.43169922
v -0.28149450 0.32716095 0.43651208
v -0.32305893 0.36413431 0.41252565
v -0.30107075 0.36361301 0.42015183
v -0.28333718 0.36301041 0.42249966
v -0.25420582 0.32387698 0.43130744
v -0.25290626 0.34062159 0.42942166
v -0.26657641 0.34121537 0.43165630
v -0.26721132 0.32511032 0.43665603
v -0.24299625 0.32029438 0.41786247
v -0.23972183 0.33764255 0.41784248
v -0.24268587 0.33432937 0.39780837
v -0.24437922 0.31793046 0.39824972
v -0.25677842 0.36132991 0.42122823
v -0.26969811 0.36176515 0.42232439
v -0.24436598 0.35938132 0.41384113
v -0.24612989 0.35682523 0.39705116
v -0.25699589 0.33419466 0.38318145
v -0.25825483 0.35614097 0.38379985
v -0.25707930 0.31778955 0.38286597
v -0.36387926 0.34303284 0.32958043
v -0.36070603 0.32978785 0.33227408
v -0.35613975 0.37438357 0.37559369
v -0.35620281 0.37598169 0.35746539
v -0.34195361 0.36654377 0.34365731
v -0.33830678 0.34349167 0.33867511
v -0.33754569 0.32855582 0.34500077
v -0.31465495 0.33983827 0.34774101
v -0.31613648 0.32644391 0.35499871
v -0.36225748 0.32003820 0.34121859
v -0.33963048 0.32183313 0.35444957
v -0.31813741 0.31979084 0.36342219
v -0.29515263 0.33720767 0.35678986
v -0.29687908 0.32372880 0.36216867
v -0.28093052 0.33646786 0.36702013
v -0.28187817 0.32160127 0.36894536
v -0.26963767 0.31955063 0.37479836
v -0.26978737 0.33552456 0.37518978
v -0.27844387 0.35591161 0.36705297
v -0.26866582 0.35612833 0.37526780
v -0.29317200 0.35604513 0.35678956
v -0.31320164 0.35930133 0.34711039
v -0.37206364 0.32024086 0.41481334
v -0.34781647 0.32096934 0.41965771
v -0.32392281 0.32117796 0.42298841
v -0.30155230 0.31821132 0.42880309
v -0.28294456 0.31476068 0.43116099
v -0.27017611 0.31294489 0.43055940
v -0.25886995 0.31233895 0.42585617
v -0.25090516 0.31131613 0.41410404
v -0.25124937 0.30967724 0.40011540
v -0.26141864 0.30846369 0.38832510
v -0.27237567 0.30853081 0.38085532
v -0.29888743 0.31514466 0.36985606
v -0.28403547 0.31065810 0.37487543
v -0.28747287 0.37525344 0.35396171
v -0.27341971 0.37526584 0.36455917
v -0.26555175 0.37584543 0.37384653
v -0.24809629 0.37752223 0.39623231
v -0.25857514 0.37650394 0.38384211
v -0.36570668 0.31664908 0.35483235
v -0.36886007 0.31708252 0.37209612
v -0.37051639 0.31656301 0.38910475
v -0.37145025 0.31643426 0.40362281
v -0.34728903 0.31658137 0.41065159
v -0.34583554 0.31628489 0.39770633
v -0.34392041 0.31589556 0.38170326
v -0.34201160 0.31800556 0.36613333
v -0.32380998 0.31561923 0.41464806
v -0.32286811 0.31431258 0.40311050
v -0.32048911 0.31369901 0.38850364
v -0.31978554 0.31522107 0.37440184
v -0.29991433 0.31025624 0.38002199
v -0.29959634 0.30998099 0.39289761
v -0.30164066 0.31119633 0.40621787
v -0.30162379 0.31301284 0.41778827
v -0.28430322 0.31080914 0.41995427
v -0.28505033 0.30957830 0.40858519
v -0.28392836 0.30812871 0.39629048
v -0.28456312 0.30768132 0.38525081
v -0.27353227 0.30976486 0.42012608
v -0.25848806 0.30835128 0.41123545
v -0.26490349 0.30906391 0.41778189
v -0.25800100 0.30678535 0.40220436
v -0.26552680 0.30640912 0.39494699
v -0.27448240 0.30662382 0.38972926
v -0.26789153 0.30733490 0.40171349
v -0.27491838 0.30758929 0.39913267
v -0.27537003 0.30889904 0.41005832
v -0.26819924 0.30853415 0.41021585
v -0.26285818 0.30749691 0.40436929
v -0.26313317 0.30811679 0.40869033
v -0.32559422 0.38242006 0.39771622
v -0.13353981 1.74928343 0.28902048
v -0.10663348 1.68283319 0.30705693
v -0.31012544 0.73224360 0.31756565
v -0.32284415 0.73128408 0.32729053
v -0.33212113 0.73456174 0.33913714
v -0.34571558 1.15054166 0.29216570
v -0.31739068 1.36819673 0.24761438
v -0.31417805 1.40448940 0.25706795
v -0.31586650 1.38578475 0.25253731
v -0.35042495 1.12641096 0.29516476
v -0.29795277 1.42825472 0.32685488
v -0.08401817 1.13679314 0.31884652
v -0.09913921 1.64526880 0.31321004
v -0.32581699 1.58521307 0.27569789
v -0.07333338 1.22172987 0.32667506
v -0.25026986 1.88601232 0.30114287
v -0.24741435 1.88430142 0.30037758
v -0.24689883 1.88061130 0.30040532
v -0.24298841 1.87900543 0.30228496
v -0.24031310 1.87708485 0.30409905
v -0.23887190 1.87605453 0.30581856
v -0.24564555 1.88133073 0.30307779
v -0.24208793 1.88394642 0.30389422
v -0.24571329 1.88372326 0.30258492
v -0.24715641 1.88315916 0.30259287
v -0.25725013 1.61795533 0.19742037
v -0.26314294 1.60195601 0.19309321
v -0.26935288 1.58754218 0.18936850
v -0.27306357 1.56949127 0.18653643
v -0.28910953 1.83482397 0.17199016
v -0.29201734 1.31872606 0.15857598
v -0.29008940 1.33198917 0.16052501
v -0.10795581 1.37282360 0.29732925
v -0.29504937 1.27834296 0.15801145
v -0.29082623 1.34728324 0.16072239
v -0.08629936 1.52094400 0.31924969
v -0.27569827 1.55146706 0.18423691
v -0.29409492 1.25884914 0.15937096
v -0.08464400 1.58451223 0.32089323
v -0.29160792 1.36760557 0.16238073
v -0.28503674 1.16633356 0.17017634
v -0.28338352 1.42791271 0.17325738
v -0.22087705 1.94301271 0.15944025
v -0.20788877 1.93227625 0.15649250
v -0.22053197 1.92502260 0.15479590
v -0.23308222 1.93214500 0.15819925
v -0.22979340 1.91812766 0.15249127
v -0.24078642 1.92176318 0.15577376
v -0.19846670 1.91993964 0.15729022
v -0.21070819 1.91619813 0.15497509
v -0.20778799 1.87931454 0.15262167
v -0.20729651 1.88860190 0.15496048
v -0.19817491 1.88433623 0.15607253
v -0.19895598 1.87211788 0.15464683
v -0.21206139 1.85255086 0.15184543
v -0.20436338 1.84208107 0.15733562
v -0.21712741 1.83630919 0.15415126
v -0.22368081 1.84715343 0.15109019
v -0.25774753 1.86861849 0.16201597
v -0.25334388 1.87389839 0.16095269
v -0.25017548 1.86766386 0.15684395
v -0.25499898 1.86157751 0.15871152
v -0.26580209 1.88078165 0.16586821
v -0.27258751 1.88566184 0.16559461
v -0.26750278 1.89012313 0.16854523
v -0.26139051 1.88479304 0.16750604
v -0.26299050 1.86384249 0.16518426
v -0.25977376 1.85659647 0.16226247
v -0.26492354 1.87133265 0.16418147
v -0.26074463 1.87497270 0.16468431
v -0.27666920 1.86813116 0.15983093
v -0.28191614 1.86973858 0.15927517
v -0.28038308 1.87536192 0.15876792
v -0.27365279 1.87260580 0.16020365
v -0.26749182 1.86487079 0.16303349
v -0.27216578 1.86261165 0.16442108
v -0.27304029 1.86562562 0.16175586
v -0.26909167 1.86871338 0.16152382
v -0.27014402 1.87665367 0.16361171
v -0.27696633 1.88084865 0.16225582
v -0.28417349 1.88390994 0.16125596
v -0.28814331 1.87683678 0.15803906
v -0.24725488 1.84677196 0.15367647
v -0.25304773 1.84408295 0.15628365
v -0.25647718 1.85036838 0.15880027
v -0.25142753 1.85436463 0.15565853
v -0.26961175 1.85895920 0.16562563
v -0.27242315 1.84357786 0.16201872
v -0.27852261 1.84584367 0.16406521
v -0.27751619 1.84980333 0.16425796
v -0.27091819 1.84748828 0.16186348
v -0.24009469 1.83028913 0.15400925
v -0.23894642 1.82128060 0.15574440
v -0.24800205 1.82346129 0.15688573
v -0.24804652 1.83051884 0.15571734
v -0.25035316 1.81706822 0.15890732
v -0.24093536 1.81242728 0.15852548
v -0.25251323 1.79832780 0.16387334
v -0.26188952 1.80752003 0.16206893
v -0.25508898 1.81201029 0.16092661
v -0.24547747 1.80497575 0.16140713
v -0.27448538 1.81565881 0.16586521
v -0.27037823 1.80399704 0.16313457
v -0.27881387 1.80185771 0.16527158
v -0.28051442 1.81522894 0.16842039
v -0.27137920 1.83685219 0.16476089
v -0.27249637 1.84001112 0.16311169
v -0.26758286 1.83812141 0.16200635
v -0.26701641 1.83578992 0.16332549
v -0.26220217 1.83457673 0.16179179
v -0.26275709 1.83545196 0.16147007
v -0.26143938 1.83601344 0.16036263
v -0.26050669 1.83409846 0.16094731
v -0.26424074 1.83505940 0.16249368
v -0.26335460 1.83373964 0.16230232
v -0.26607645 1.83338809 0.16305374
v -0.27061856 1.83345962 0.16372010
v -0.28510773 1.83433187 0.16864261
v -0.28388563 1.83868575 0.17031813
v -0.28095618 1.83821893 0.16868259
v -0.28162867 1.83412290 0.16651940
v -0.26352733 1.83812773 0.16035773
v -0.26704335 1.84070730 0.16090581
v -0.26536998 1.84378648 0.16007546
v -0.26152465 1.83999813 0.15904093
v -0.25800717 1.84203112 0.15777770
v -0.25521749 1.83699846 0.15743352
v -0.25909075 1.83652425 0.15891439
v -0.26132467 1.83229506 0.16186747
v -0.25780678 1.83319128 0.15966520
v -0.25823110 1.83001864 0.16095921
v -0.26103207 1.82749450 0.16177657
v -0.26420599 1.83098614 0.16246986
v -0.26888299 1.83016849 0.16304718
v -0.26572409 1.82554305 0.16247053
v -0.27178219 1.82425511 0.16392039
v -0.27497959 1.82957888 0.16402102
v -0.26195931 1.84706366 0.15952356
v -0.25369826 1.83194840 0.15799877
v -0.25009552 1.83760238 0.15567741
v -0.25397572 1.82681906 0.15906361
v -0.25662163 1.82263803 0.16047388
v -0.26770431 1.81696045 0.16330367
v -0.26143709 1.81926656 0.16152829
v -0.26161143 1.79290390 0.16633742
v -0.27068645 1.78987348 0.17031182
v -0.23453301 1.91185951 0.15316620
v -0.24249220 1.91432619 0.15782121
v -0.23278460 1.90384817 0.15511292
v -0.23675066 1.90540433 0.15652917
v -0.23614240 1.90803611 0.15572146
v -0.23083821 1.90583503 0.15423687
v -0.21465607 1.89219284 0.15570390
v -0.21467938 1.88530290 0.15390344
v -0.22044751 1.89099979 0.15586340
v -0.22082496 1.89539182 0.15599608
v -0.23198655 1.88538754 0.15592821
v -0.23347971 1.89287865 0.15712698
v -0.22964424 1.89297938 0.15632854
v -0.22684141 1.88569260 0.15490374
v -0.23739882 1.89310873 0.15868784
v -0.23694795 1.88641119 0.15790191
v -0.24131390 1.88829505 0.16039762
v -0.24089092 1.89395893 0.16102420
v -0.24155083 1.90989339 0.16021326
v -0.24118067 1.90667915 0.15987307
v -0.24487466 1.90666425 0.16499059
v -0.24614720 1.91014028 0.16582477
v -0.24948730 1.89984238 0.17445123
v -0.25264081 1.90016222 0.17558517
v -0.25215876 1.90440178 0.17502844
v -0.24908167 1.90238297 0.17365681
v -0.24925263 1.89812982 0.17305301
v -0.25178647 1.89690351 0.17343105
v -0.22030030 1.96564245 0.16781902
v -0.20572853 1.95428622 0.16220585
v -0.23487091 1.95089817 0.16492134
v -0.19305718 1.93942297 0.15906960
v -0.18499239 1.92382622 0.16071175
v -0.21252444 1.82566905 0.15764348
v -0.22681308 1.82199144 0.15582260
v -0.22945142 1.83227515 0.15342540
v -0.21140824 1.81440997 0.16196612
v -0.22751224 1.81117272 0.15918612
v -0.23802954 1.79187977 0.17014030
v -0.23108397 1.80045390 0.16377051
v -0.19395810 1.82062316 0.16800305
v -0.19210958 1.81140971 0.17404084
v -0.21224371 1.80276704 0.16871166
v -0.17666106 1.82279205 0.17978404
v -0.17267829 1.81921840 0.18689880
v -0.18893442 1.80186951 0.18312995
v -0.20718564 1.76864839 0.19070052
v -0.18961877 1.77375376 0.18864515
v -0.18552189 1.76253450 0.18996382
v -0.20340216 1.75769699 0.19129729
v -0.19713619 1.83128297 0.16287893
v -0.18826570 1.89382958 0.16048796
v -0.18727998 1.87918067 0.15971750
v -0.19982545 1.89631903 0.15767944
v -0.15802261 1.94992411 0.17654832
v -0.15484568 1.93102431 0.17336294
v -0.17027411 1.92803097 0.16636810
v -0.17661554 1.94586301 0.16732597
v -0.17700557 1.98658621 0.19392130
v -0.16527051 1.96964669 0.18286727
v -0.18681081 1.96342015 0.16979413
v -0.20038459 1.97911060 0.17748216
v -0.14001526 1.93095076 0.18207511
v -0.13971350 1.94861686 0.18906651
v -0.12214044 1.94101465 0.20117040
v -0.12678574 1.92622554 0.19186077
v -0.14244267 1.96789479 0.19917417
v -0.12129229 1.95929599 0.21521556
v -0.16336673 1.82268977 0.19522843
v -0.17002667 1.80519605 0.19247326
v -0.17341159 1.79078245 0.19201544
v -0.19185016 1.78677154 0.18727311
v -0.12633032 1.97350645 0.23233522
v -0.15096487 1.98406363 0.21357769
v -0.10503426 1.89477944 0.22902390
v -0.11326976 1.88875198 0.21475364
v -0.11460783 1.90374780 0.20687956
v -0.10567653 1.91321826 0.22239082
v -0.09825511 1.90174508 0.24646354
v -0.09855092 1.92326164 0.24013469
v -0.12631722 1.84545577 0.23253098
v -0.12193891 1.84690344 0.24879530
v -0.13427752 1.83258474 0.24615057
v -0.13668685 1.83067715 0.23150483
v -0.22063893 1.91208065 0.15145214
v -0.21380889 1.90538120 0.15338068
v -0.22172450 1.90386021 0.15326099
v -0.22730583 1.90864193 0.15217404
v -0.19226527 1.90687966 0.15953012
v -0.20399803 1.90643990 0.15671830
v -0.16543257 1.91183925 0.16820124
v -0.15362300 1.91482818 0.17374617
v -0.13055344 1.91298318 0.18803637
v -0.14145531 1.91533446 0.18029077
v -0.12123606 1.88284051 0.20514959
v -0.12178626 1.89273262 0.20027456
v -0.15008254 1.83153188 0.20524287
v -0.14267591 1.83080435 0.21791723
v -0.15001309 1.81400824 0.21680887
v -0.15690906 1.81148100 0.20464699
v -0.14209840 1.81748390 0.24293274
v -0.14617512 1.81660569 0.23092934
v -0.15924808 1.78226399 0.20331706
v -0.15175462 1.78562450 0.21692888
v -0.14815032 1.77533352 0.21744478
v -0.15696064 1.77146375 0.20497712
v -0.14256938 1.77720201 0.23076552
v -0.14712559 1.78843808 0.23077120
v -0.14490931 1.79024053 0.24392255
v -0.14128879 1.77752233 0.24334809
v -0.23031229 1.75089574 0.20125990
v -0.21825676 1.75401902 0.19626816
v -0.21404511 1.74382842 0.19647099
v -0.22607377 1.74117279 0.20294772
v -0.15247048 1.76229715 0.20592169
v -0.14208654 1.76784813 0.21713625
v -0.13281500 1.84567595 0.21950915
v -0.13839033 1.84805632 0.20847395
v -0.13564038 1.76948881 0.23056746
v -0.15274316 1.79901505 0.21719068
v -0.14880544 1.80199504 0.23079431
v -0.14188392 1.81856263 0.25664252
v -0.13345630 1.83419538 0.26058492
v -0.25670910 1.87940073 0.16481832
v -0.24783874 1.89262462 0.16718499
v -0.25002801 1.89454293 0.17056634
v -0.24829635 1.89720690 0.17049810
v -0.24649379 1.89613056 0.16733105
v -0.25866413 1.93635082 0.16940600
v -0.24706665 1.93582356 0.16192538
v -0.25231647 1.92242825 0.16122884
v -0.26222783 1.92010713 0.16994813
v -0.23158526 1.86118102 0.14939260
v -0.24015953 1.85189533 0.15091798
v -0.24602057 1.86044836 0.15309337
v -0.24067686 1.86869347 0.15292990
v -0.22480641 1.89733148 0.15595278
v -0.22683330 1.89960861 0.15521464
v -0.22331628 1.89943373 0.15528117
v -0.24323614 1.83880341 0.15333228
v -0.23428355 1.84206462 0.15168798
v -0.18835583 1.86400938 0.15975508
v -0.20939966 1.89778006 0.15542205
v -0.19085398 1.99739003 0.20707929
v -0.21562356 1.98857737 0.18828475
v -0.16362017 1.99604464 0.22990133
v -0.13917075 1.98445082 0.25063208
v -0.09822884 1.93292522 0.25978169
v -0.10413204 1.94126117 0.27948526
v -0.10054144 1.91556966 0.28606614
v -0.09561387 1.90739834 0.26493347
v -0.11875095 1.84683764 0.26596892
v -0.14585039 1.79091763 0.25544408
v -0.14326416 1.77744651 0.25528932
v -0.23548226 1.97255087 0.17736773
v -0.24888091 1.95415831 0.17174660
v -0.17924912 1.90842676 0.16356552
v -0.21141565 1.87104464 0.15045108
v -0.21920767 1.86461854 0.14913681
v -0.22356400 1.87615156 0.15032445
v -0.21757282 1.87990928 0.15173784
v -0.20330991 1.86083877 0.15367807
v -0.19375274 1.85090959 0.16049153
v -0.18263051 1.84134853 0.16843769
v -0.17931713 1.82953572 0.17404196
v -0.11005224 1.92985761 0.21489406
v -0.11743601 1.91804135 0.20137084
v -0.10778463 1.95562673 0.24757299
v -0.10635076 1.94369936 0.22937769
v -0.12215352 1.90810597 0.19642955
v -0.11707796 1.96650076 0.26717725
v -0.27624843 1.85396659 0.16507673
v -0.27626529 1.85817814 0.16648449
v -0.26773998 1.85268021 0.16284175
v -0.28034458 1.82924807 0.16599932
v -0.27756262 1.82343686 0.16632992
v -0.28199649 1.82332253 0.16943422
v -0.28445643 1.82934952 0.16852057
v -0.25922501 1.78270996 0.18052945
v -0.24892995 1.78603244 0.17562410
v -0.23519605 1.76060283 0.19922376
v -0.22278148 1.76375079 0.19483250
v -0.27840853 1.86667287 0.16396102
v -0.27666360 1.86576486 0.16491410
v -0.27820697 1.86634421 0.16602014
v -0.27962071 1.86717248 0.16480243
v -0.26436645 1.83670187 0.16153663
v -0.28310391 1.84662461 0.16644283
v -0.28246707 1.84260380 0.16728520
v -0.28503153 1.84266663 0.16921730
v -0.28564233 1.84653854 0.16848657
v -0.21710080 1.78965914 0.17855924
v -0.21137266 1.77996206 0.18744002
v -0.16903138 1.76710033 0.19531241
v -0.17229316 1.77823699 0.19325221
v -0.15927814 1.79527199 0.20271206
v -0.14509384 1.80340302 0.24234268
v -0.14503312 1.80476403 0.25509661
v -0.14872667 1.80554426 0.26696220
v -0.14482346 1.81998801 0.26932478
v -0.23603460 1.77995372 0.18389785
v -0.22808424 1.77250254 0.19048622
v -0.24070561 1.76969528 0.19497806
v -0.24843672 1.77637982 0.18910900
v -0.28362301 1.86483407 0.16728505
v -0.28154945 1.86341870 0.16801302
v -0.28376687 1.86148214 0.16893286
v -0.28588527 1.86401784 0.16742676
v -0.27507544 1.86377156 0.16535699
v -0.27659401 1.86111033 0.16711357
v -0.27660275 1.86311054 0.16735671
v -0.27562320 1.86510944 0.16377027
v -0.27789685 1.86674142 0.16243654
v -0.28439337 1.86821187 0.16299173
v -0.28832033 1.86944759 0.16016863
v -0.28129855 1.86775696 0.16175374
v -0.28108409 1.86583483 0.16669179
v -0.27968195 1.86444187 0.16772845
v -0.27698848 1.86492348 0.16726261
v -0.27590406 1.86491168 0.16596764
v -0.28262195 1.86790836 0.16413715
v -0.28050092 1.86746979 0.16361013
v -0.27950513 1.88944602 0.16528875
v -0.24413818 1.75847638 0.20392244
v -0.24927448 1.76778793 0.20027940
v -0.26300243 1.83497834 0.16199332
v -0.24912739 1.91506255 0.16442354
v -0.23124447 1.87539744 0.15138857
v -0.24947909 1.87933922 0.16150731
v -0.24683024 1.88492012 0.16263255
v -0.24260217 1.88137007 0.15890417
v -0.24569488 1.87431908 0.15737993
v -0.25508204 1.91231537 0.17094764
v -0.25791878 1.90685630 0.17525321
v -0.26504302 1.90952468 0.17425022
v -0.25872126 1.90044379 0.17534104
v -0.25627977 1.89504838 0.17375854
v -0.26209247 1.89336705 0.17135884
v -0.26720381 1.90068436 0.17264798
v -0.22669041 1.90289879 0.15460362
v -0.22948980 1.90179861 0.15491386
v -0.25717992 1.88815451 0.16924475
v -0.25318289 1.89127469 0.17060390
v -0.25020343 1.88814783 0.16680022
v -0.25313956 1.88366401 0.16575664
v -0.23760726 1.87789953 0.15513578
v -0.21739659 1.89872801 0.15512797
v -0.22256295 1.88753223 0.15543599
v -0.14949590 1.84256816 0.19878504
v -0.14033808 1.85203648 0.20046839
v -0.16329649 1.83491755 0.18460061
v -0.16010609 1.83682895 0.18813998
v -0.16551098 1.83166170 0.18995386
v -0.16767828 1.83100832 0.18446764
v -0.13555706 1.88447165 0.19026369
v -0.13928773 1.88504982 0.18818152
v -0.13871279 1.89159214 0.18737459
v -0.13282019 1.89014721 0.19216427
v -0.14400661 1.88827324 0.18363813
v -0.14485380 1.88500917 0.18404180
v -0.14757109 1.88486922 0.18187019
v -0.14547417 1.89163029 0.18287629
v -0.15234150 1.89027262 0.17906156
v -0.15325357 1.90133548 0.17655806
v -0.14385785 1.90238047 0.18136506
v -0.17403656 1.88972640 0.16672660
v -0.16319349 1.89723444 0.17224042
v -0.15866500 1.88558877 0.17624728
v -0.16432935 1.87749457 0.17406462
v -0.17085679 1.84260893 0.17632116
v -0.16948283 1.83414900 0.17843872
v -0.15901391 1.83559084 0.19534457
v -0.10248730 1.88116384 0.24890594
v -0.10873635 1.87710190 0.23154554
v -0.11626402 1.87347054 0.21812463
v -0.12457928 1.87114024 0.20816091
v -0.09884955 1.88615346 0.26705101
v -0.10111587 1.88625479 0.28490815
v -0.17602928 1.87245464 0.16561377
v -0.16761440 1.86538374 0.17342399
v -0.11600758 1.86048710 0.23291209
v -0.10957868 1.86279917 0.24996775
v -0.12359032 1.85875344 0.21950239
v -0.12992150 1.85930061 0.20906352
v -0.10780758 1.86671484 0.26818469
v -0.11059596 1.86460257 0.28554580
v -0.12191844 1.84336483 0.28017581
v -0.15967284 1.84308922 0.17938340
v -0.16045958 1.83697546 0.17869046
v -0.16345316 1.83591306 0.17947190
v -0.16449469 1.84226727 0.17866169
v -0.16924766 1.85329461 0.17393801
v -0.17821822 1.85676038 0.16704103
v -0.27404347 1.89499211 0.16864559
v -0.28533435 1.80130553 0.16923821
v -0.28511858 1.81553090 0.17083991
v -0.28167033 1.85433674 0.16727698
v -0.28245804 1.85049486 0.16660318
v -0.28507829 1.85017216 0.16871443
v -0.28429973 1.85395157 0.16925025
v -0.24975345 1.90822196 0.17154355
v -0.13459405 1.83314741 0.27323726
v -0.15025783 1.79192197 0.26650989
v -0.14776659 1.77771592 0.26658723
v -0.13427889 1.76827621 0.24410698
v -0.13683124 1.76695049 0.25667658
v -0.28379956 1.85782242 0.16956146
v -0.28107899 1.85802782 0.16797630
v -0.28213191 1.86726534 0.16521941
v -0.27814001 1.84169602 0.16498713
v -0.27946609 1.86298752 0.16797185
v -0.28050059 1.86092782 0.16828653
v -0.28580153 1.86117876 0.16985364
v -0.28518122 1.85767281 0.17054957
v -0.24494404 1.89061058 0.16362566
v -0.24391365 1.89504695 0.16407238
v -0.28487462 1.86668432 0.16518509
v -0.28772187 1.86619973 0.16447940
v -0.19846357 1.74738240 0.19160289
v -0.18071620 1.75231051 0.19125429
v -0.28661862 1.84279203 0.17074439
v -0.28719258 1.84652519 0.16992164
v -0.15883702 1.87003517 0.17890008
v -0.15537807 1.87725472 0.17935297
v -0.15112323 1.87152267 0.18107373
v -0.15409103 1.86573195 0.18130730
v -0.23939312 1.74894452 0.20654595
v -0.16491440 1.75709355 0.19681290
v -0.14131072 1.76676404 0.26881489
v -0.22658263 1.89374268 0.15610221
v -0.22480343 1.89523649 0.15617779
v -0.24743475 1.90518773 0.17021182
v -0.27655089 1.83382797 0.16474609
v -0.27667531 1.83770812 0.16663378
v -0.25655562 1.77516949 0.19424036
v -0.28774297 1.86365676 0.16795979
v -0.14380291 1.87832737 0.18675233
v -0.14477406 1.87499022 0.18669929
v -0.14454889 1.87403500 0.18303511
v -0.14471412 1.87728250 0.18272227
v -0.14717597 1.88103819 0.17865551
v -0.14473657 1.88408113 0.17913246
v -0.14312746 1.88041651 0.17887910
v -0.14482264 1.87797499 0.17940220
v -0.15121508 1.88227510 0.17981502
v -0.14919449 1.87710273 0.17971967
v -0.14166655 1.88489270 0.17857057
v -0.14128584 1.88212466 0.17943078
v -0.14267966 1.88523912 0.18534625
v -0.14245516 1.88626444 0.18170491
v -0.13804138 1.88748717 0.18369000
v -0.13708319 1.88535869 0.17904766
v -0.13171366 1.88646746 0.18562348
v -0.13116971 1.88404071 0.18005507
v -0.12764518 1.88168049 0.18812060
v -0.12656955 1.88011158 0.18258846
v -0.16348416 1.85061479 0.17887555
v -0.15824445 1.85118389 0.18356118
v -0.12631965 1.87535191 0.18971236
v -0.12446769 1.87430811 0.18434513
v -0.12657240 1.86773765 0.19101854
v -0.12453392 1.86728799 0.18588854
v -0.12844567 1.86012769 0.19148928
v -0.12655158 1.86005783 0.18698791
v -0.13245115 1.85242176 0.19106552
v -0.13033095 1.85323572 0.18636520
v -0.13910413 1.84375644 0.18944791
v -0.13646159 1.84696043 0.18507642
v -0.12987116 1.87863839 0.18520787
v -0.13337035 1.88212609 0.18371366
v -0.13466676 1.88050210 0.19203985
v -0.13777456 1.88347387 0.18142596
v -0.14037311 1.86856031 0.19204666
v -0.14222087 1.86581755 0.19119948
v -0.14258040 1.86667848 0.18675403
v -0.14264350 1.86897290 0.19001164
v -0.15109996 1.86347449 0.18291143
v -0.15203929 1.85771966 0.18290442
v -0.15638964 1.85838938 0.18170640
v -0.15344223 1.85381174 0.18457946
v -0.15219532 1.85831177 0.18621495
v -0.15233186 1.85510576 0.18608667
v -0.15207320 1.86231601 0.18719509
v -0.15137193 1.85330224 0.18655106
v -0.15203120 1.85178971 0.18493782
v -0.15122426 1.85425818 0.18778935
v -0.15194254 1.85535932 0.18764153
v -0.15160531 1.85697079 0.18887782
v -0.14971103 1.85942769 0.19039764
v -0.16112021 1.86039639 0.17848511
v -0.14810914 1.84811473 0.19415957
v -0.14172138 1.85539985 0.19394103
v -0.14370157 1.84236550 0.18326351
v -0.14660896 1.83685565 0.18628404
v -0.15825817 1.83419669 0.17932174
v -0.15304402 1.83366871 0.18211728
v -0.13448790 1.87520683 0.19333315
v -0.13464668 1.86889100 0.19392079
v -0.15584105 1.84257448 0.19119781
v -0.13736036 1.86253536 0.19436304
v -0.13797745 1.85106421 0.18583418
v -0.14332539 1.84802616 0.18478656
v -0.13321528 1.85551894 0.18615416
v -0.15377954 1.84853542 0.18266545
v -0.14883374 1.84711075 0.18316798
v -0.15022014 1.84137380 0.18129712
v -0.15538155 1.84173620 0.17972870
v -0.14450857 1.85185933 0.18613654
v -0.13996409 1.85430634 0.18586543
v -0.14554600 1.85413694 0.18921572
v -0.14143182 1.85662186 0.18865097
v -0.14899877 1.85309589 0.18763208
v -0.14883599 1.85101128 0.18557885
v -0.14716521 1.85583460 0.19223250
v -0.14272146 1.85973573 0.19236436
v -0.14990781 1.85456073 0.18936762
v -0.13881947 1.85954821 0.18705352
v -0.13986510 1.86275065 0.18976797
v -0.13905068 1.86606455 0.18595845
v -0.13696797 1.86328888 0.18510824
v -0.13615894 1.85759354 0.18556845
v -0.13335983 1.86177957 0.18505636
v -0.13038382 1.86118174 0.18713161
v -0.13165596 1.86702859 0.18552649
v -0.12867939 1.86752760 0.18732063
v -0.13506988 1.86696219 0.18496329
v -0.13777874 1.86817288 0.18436943
v -0.12821154 1.87377882 0.18641582
v -0.13145974 1.87211299 0.18533616
v -0.13256389 1.87638044 0.18464930
v -0.13452014 1.87096298 0.18462710
v -0.13557547 1.87431717 0.18417254
v -0.13673230 1.87036300 0.18421850
v -0.13790649 1.87223685 0.18382964
v -0.14180815 1.88153589 0.18233462
v -0.14378221 1.87982559 0.18220104
v -0.13867995 1.88123524 0.18302606
v -0.13990331 1.87872958 0.18368225
v -0.14164156 1.87982917 0.18363981
v -0.14289603 1.87880492 0.18441749
v -0.14129989 1.87645864 0.18388847
v -0.14156723 1.87475467 0.18644498
v -0.21994644 1.71970618 0.20264322
v -0.22842960 1.71768832 0.21122193
v -0.23163557 1.72828925 0.21027881
v -0.22262421 1.73070598 0.20292462
v -0.13754418 1.87691569 0.18389884
v -0.13974860 1.87429249 0.18339755
v -0.13531402 1.87962842 0.18415448
v -0.13960151 1.87044227 0.18672124
v -0.14011738 1.87218738 0.18494408
v -0.13911520 1.87025762 0.18412955
v -0.13931076 1.86894512 0.18541917
v -0.14987446 1.86714911 0.18411645
v -0.14883959 1.86515260 0.18806365
v -0.14625847 1.86187160 0.19057487
v -0.18441634 1.71103418 0.18669072
v -0.18548435 1.72002339 0.19108927
v -0.16703625 1.72795093 0.18686633
v -0.16491431 1.72116244 0.18152016
v -0.19520509 1.69130635 0.16824341
v -0.16954806 1.70209658 0.15807649
v -0.18872252 1.68047452 0.14931466
v -0.20321478 1.67263877 0.16141003
v -0.19916329 1.65950692 0.14436249
v -0.20950302 1.65325224 0.15609738
v -0.21925408 1.60358298 0.13209920
v -0.22989836 1.60103667 0.14237107
v -0.22329114 1.61806178 0.14697069
v -0.21301721 1.62137210 0.13630691
v -0.22018717 1.52631068 0.10172130
v -0.21922122 1.50876892 0.10761550
v -0.23140477 1.51133573 0.11480610
v -0.23011708 1.52742040 0.10864022
v -0.16435209 1.63958585 0.10038152
v -0.16139399 1.66109586 0.10032211
v -0.15469773 1.65338373 0.09450436
v -0.15717271 1.63062775 0.09652820
v -0.11824358 1.73619342 0.17367618
v -0.14068618 1.72157228 0.16627978
v -0.14201742 1.72496343 0.17632043
v -0.12198241 1.73932958 0.18174380
v -0.16125485 1.54634976 0.09245980
v -0.16816236 1.53309965 0.09176405
v -0.17823197 1.54099321 0.09091525
v -0.17269373 1.55382192 0.09202145
v -0.16672364 1.45574188 0.11758905
v -0.16441579 1.43725014 0.11594090
v -0.18589528 1.43481064 0.11871895
v -0.18673241 1.45284319 0.12065735
v -0.09642265 1.48635578 0.12229831
v -0.07324066 1.48790061 0.13500363
v -0.07232429 1.47119653 0.13809471
v -0.09477307 1.46833599 0.12510465
v -0.19795321 1.60641313 0.11514428
v -0.20848498 1.60558927 0.12288810
v -0.20228790 1.62343287 0.12665628
v -0.19187255 1.62448704 0.11814921
v -0.14939857 1.66079378 -0.03837155
v -0.15430421 1.64431453 -0.03448199
v -0.15114594 1.64961934 -0.01085596
v -0.14618556 1.66558313 -0.01487911
v -0.09721410 1.37427962 0.11587805
v -0.07765857 1.37889051 0.13138482
v -0.07700348 1.36014009 0.12678486
v -0.09775171 1.35540569 0.11126214
v -0.12497719 1.71292257 0.07734667
v -0.12557746 1.71714449 0.08825139
v -0.10428105 1.72956896 0.09203798
v -0.10434932 1.72596538 0.07964282
v -0.16192220 1.59779263 0.09811760
v -0.17116570 1.60348022 0.09982466
v -0.16756162 1.62094331 0.10033798
v -0.15911713 1.61287630 0.09804387
v -0.07013176 1.51952004 0.12796110
v -0.08959035 1.51897287 0.11777391
v -0.08724026 1.53691685 0.11775275
v -0.06956770 1.53758514 0.12625986
v -0.09250381 1.50219607 0.11920740
v -0.07132921 1.50313902 0.13096152
v -0.17912711 1.60624433 0.10307086
v -0.18812135 1.60663617 0.10836194
v -0.18290277 1.62566757 0.11033127
v -0.17503563 1.62612152 0.10462750
v -0.21531205 1.49363410 0.11526315
v -0.23060963 1.49720597 0.12394811
v -0.12156476 1.34981954 0.10185984
v -0.14591473 1.34386754 0.09808437
v -0.14396071 1.36386371 0.10179049
v -0.11999591 1.36920047 0.10600103
v -0.20611626 1.46772265 0.12671342
v -0.21043733 1.48165452 0.12265766
v -0.19399072 1.48217797 0.11591253
v -0.18879735 1.46879101 0.12039304
v -0.17028366 1.33820117 0.09913521
v -0.19529809 1.33381832 0.10312088
v -0.19290887 1.35490620 0.10759460
v -0.16847336 1.35887361 0.10285416
v -0.20638478 1.63973880 0.14039180
v -0.21630412 1.63534248 0.15127525
v -0.19891928 1.52815056 0.09344313
v -0.19539210 1.51137841 0.09749486
v -0.20714037 1.50916481 0.10167772
v -0.20950970 1.52695203 0.09654024
v -0.13335736 1.60457456 0.10154565
v -0.14708000 1.61812365 0.09611176
v -0.14534244 1.64096475 0.09007054
v -0.13103446 1.61781645 0.09723365
v -0.07622417 1.34142625 0.12267090
v -0.09780431 1.33663225 0.10740501
v -0.17163198 1.31755817 0.09624551
v -0.19690290 1.31268251 0.10051546
v -0.07505409 1.60463440 0.09399944
v -0.07523100 1.59797692 0.10145761
v -0.08778075 1.60097778 0.10023648
v -0.08670926 1.60866833 0.09349315
v -0.25398064 1.52673495 0.13732097
v -0.24631797 1.53619695 0.12563150
v -0.24131894 1.52024102 0.12098259
v -0.24488270 1.50746059 0.13200980
v -0.18789002 1.49631846 0.10373706
v -0.17898034 1.48495245 0.11034843
v -0.20096898 1.49376047 0.10849123
v -0.25943014 1.51689136 0.15136354
v -0.24687798 1.49198878 0.14617841
v -0.22676374 1.63056588 0.16269323
v -0.23349102 1.61413825 0.15810113
v -0.22147679 1.64789212 0.16745776
v -0.23272410 1.64289618 0.17887849
v -0.22840768 1.66025543 0.18433778
v -0.21681848 1.66551137 0.17323419
v -0.22474058 1.67649615 0.19024992
v -0.21230015 1.68228281 0.17944862
v -0.20279731 1.70358574 0.19425380
v -0.20306791 1.71350217 0.19713172
v -0.14848030 1.60276735 0.09870460
v -0.15024790 1.58916664 0.09853725
v -0.14686963 1.32368398 0.09478392
v -0.03179465 1.67784941 0.20826933
v -0.02835865 1.66178703 0.21248780
v -0.02910127 1.66353524 0.19295374
v -0.03156184 1.67925572 0.18858665
v -0.11432287 1.73628068 0.16637735
v -0.13689020 1.72224534 0.15710735
v -0.03460215 1.61492419 0.12982866
v -0.03196014 1.61317265 0.14331083
v -0.03461580 1.60480952 0.13933504
v -0.03751363 1.60752845 0.12782335
v -0.05744575 1.60391450 0.09717433
v -0.06033102 1.60528207 0.08326876
v -0.05520032 1.60871601 0.08292861
v -0.05258325 1.60776460 0.09847625
v -0.06152354 1.36349595 0.14585386
v -0.06258622 1.38219321 0.15126401
v -0.03332771 1.50860369 0.18918592
v -0.04255223 1.49876535 0.16882360
v -0.04136440 1.51580966 0.16129002
v -0.03242548 1.52681851 0.17884667
v -0.08518028 1.64898562 0.29821908
v -0.08260888 1.63419402 0.30050474
v -0.06771730 1.64068270 0.28504100
v -0.07015523 1.65566790 0.28282422
v -0.04756413 1.68514979 0.24452902
v -0.05296101 1.69868565 0.24132818
v -0.06460727 1.69073236 0.26192060
v -0.05955133 1.67725098 0.26453221
v -0.03558300 1.67431951 0.22796278
v -0.03249858 1.65829146 0.23148343
v -0.05550441 1.54184937 0.13717428
v -0.05457141 1.52445328 0.14094831
v -0.05569987 1.56501436 0.12850159
v -0.06981990 1.56332386 0.12262719
v -0.07023193 1.57251024 0.11903639
v -0.05731027 1.57363784 0.12377003
v -0.12582554 1.74363971 0.18912961
v -0.10859179 1.75101161 0.20159844
v -0.10337628 1.74745178 0.19254293
v -0.09258077 1.73269820 0.25312781
v -0.08803330 1.72719884 0.25538608
v -0.08431659 1.73231947 0.24076964
v -0.09110502 1.73686194 0.24152519
v -0.05522445 1.56993270 0.28884792
v -0.06916242 1.56729853 0.30566257
v -0.06959764 1.54535854 0.30555817
v -0.05446982 1.54671586 0.28667921
v -0.05029888 1.58502555 0.12450501
v -0.05449374 1.59091294 0.11608192
v -0.04657869 1.59551811 0.12048437
v -0.04328455 1.59048140 0.12997255
v -0.04045999 1.58418465 0.13687776
v -0.03733614 1.57618093 0.14312547
v -0.04503635 1.56946397 0.13530593
v -0.04739471 1.57833481 0.13010661
v -0.03404044 1.54224193 0.16883028
v -0.04242830 1.53267014 0.15438011
v -0.04412915 1.54852641 0.14836586
v -0.03366211 1.55645251 0.15890434
v -0.07778969 1.46963882 0.29922783
v -0.06291174 1.46865141 0.28452429
v -0.05964531 1.49404693 0.28614083
v -0.07367831 1.49484634 0.30229503
v -0.10652265 1.62740064 0.08066900
v -0.11975556 1.63664436 0.07746108
v -0.12213323 1.63720059 0.06790204
v -0.10849487 1.62668109 0.06796853
v -0.04618320 1.62359142 0.06790788
v -0.04811652 1.62435305 0.05464758
v -0.04644051 1.63080919 0.05396138
v -0.04418437 1.63051641 0.06784604
v -0.10302860 1.61136818 0.04988357
v -0.11331005 1.62209737 0.05235519
v -0.11974973 1.61531854 0.03315513
v -0.10859741 1.60341358 0.03008546
v -0.08620073 1.74002373 0.17138392
v -0.11037143 1.73675168 0.15992358
v -0.09218429 1.74201417 0.17731139
v -0.07945509 1.60306203 0.06553550
v -0.08355454 1.59742033 0.04726239
v -0.07454041 1.59623861 0.04644661
v -0.07085609 1.60113811 0.06569394
v -0.13718370 1.67357242 -0.04330029
v -0.13415468 1.67828321 -0.01946130
v -0.10310979 1.58951902 0.00471355
v -0.09105894 1.58704984 0.00022079
v -0.08883066 1.59095454 0.02571245
v -0.09882841 1.59540069 0.02767082
v -0.03573619 1.48904836 0.19696376
v -0.04325186 1.48138607 0.17528468
v -0.04678755 1.36716259 0.19025603
v -0.05168232 1.36587691 0.16769637
v -0.05298902 1.38521242 0.17336352
v -0.04797432 1.38741946 0.19552982
v -0.06066513 1.34452569 0.14248224
v -0.04636382 1.34682691 0.18647724
v -0.05063377 1.34628153 0.16377944
v -0.12397139 1.75864160 0.21342106
v -0.11704869 1.75919104 0.22899650
v -0.10850939 1.75396979 0.22638464
v -0.11565065 1.75409722 0.20858909
v -0.04767601 1.22586989 0.12347423
v -0.04640961 1.19580340 0.12487328
v -0.06678697 1.19366002 0.10097307
v -0.06885452 1.22453713 0.10206021
v -0.11010805 1.74449253 0.26199755
v -0.10773339 1.74932623 0.24396867
v -0.11649543 1.75571156 0.24524668
v -0.11945663 1.75123525 0.26014405
v -0.07056917 1.25015235 0.10504821
v -0.04960077 1.25457156 0.12526426
v -0.13777286 1.75075209 0.20038901
v -0.13113791 1.74691916 0.19501692
v -0.14855468 1.73698759 0.18819164
v -0.15381047 1.74216831 0.19256510
v -0.17092916 1.73500490 0.19050407
v -0.08878529 1.18831396 0.08335362
v -0.09260623 1.21536970 0.08754805
v -0.12695245 1.76403236 0.22990339
v -0.12565932 1.76123118 0.24487692
v -0.12811038 1.75879419 0.25866669
v -0.13348979 1.75769567 0.27201620
v -0.05824469 1.32638061 0.13857149
v -0.07517939 1.32306623 0.11931206
v -0.02938713 1.08550668 0.20435339
v -0.03928594 1.08255422 0.23170947
v -0.05154194 1.06347358 0.22211105
v -0.03736520 1.06620419 0.19287425
v -0.08114041 1.09119558 0.28670958
v -0.09801512 1.07442570 0.27674508
v -0.07199022 1.06685495 0.25126833
v -0.05686498 1.08365917 0.25961316
v -0.05294846 1.22164178 0.30000067
v -0.03541684 1.22141075 0.27572888
v -0.04073490 1.24330592 0.27146885
v -0.05738799 1.24339092 0.29549068
v -0.04265915 1.32794869 0.18359958
v -0.04709880 1.32784951 0.16040418
v -0.09756797 1.31810153 0.10477325
v -0.09810369 1.06476283 0.06312606
v -0.06478906 1.06517756 0.08443536
v -0.06584588 1.03328538 0.08562391
v -0.09614960 1.03196788 0.06374094
v -0.04214935 1.02786970 0.14953043
v -0.03682528 1.05408335 0.15209216
v -0.04438321 1.04612815 0.18651992
v -0.05049257 1.02366519 0.18259630
v -0.22144431 1.30851388 0.10639173
v -0.19761635 1.29219258 0.09994072
v -0.22179064 1.28729153 0.10661820
v -0.27947375 1.30032277 0.13863017
v -0.26169986 1.30249667 0.12401528
v -0.26331118 1.28138256 0.12668809
v -0.28026426 1.27953589 0.14088024
v -0.26391503 1.16488683 0.15024024
v -0.27553138 1.16628098 0.16064876
v -0.27653873 1.18905163 0.15675485
v -0.26286471 1.18826270 0.14524817
v -0.11856744 1.20590293 0.07902850
v -0.14774665 1.19765723 0.07870948
v -0.14672355 1.22080445 0.08282530
v -0.11899485 1.23064744 0.08292423
v -0.11514985 1.06328166 0.26562721
v -0.08950610 1.05338788 0.24409458
v -0.13381316 1.03062868 0.05193183
v -0.13602796 1.06426287 0.05397037
v -0.17345782 1.02986586 0.05570026
v -0.20338380 1.02999055 0.07628421
v -0.20360373 1.06187284 0.07873826
v -0.17305623 1.06275439 0.05879326
v -0.24045865 1.08244693 0.18342666
v -0.24973765 1.10409319 0.16159309
v -0.24052016 1.09602976 0.15881875
v -0.23335102 1.07999182 0.18371519
v -0.05986576 1.13216603 0.30032486
v -0.06804004 1.11213923 0.29510158
v -0.04559571 1.10386992 0.26924676
v -0.03827699 1.12720358 0.27576861
v -0.04766071 1.34628808 0.20864677
v -0.04375687 1.32624507 0.20669433
v -0.05261381 1.34540200 0.22888428
v -0.04703152 1.36738455 0.21198787
v -0.05253485 1.36782551 0.23229161
v -0.03669888 1.50797880 0.24202138
v -0.03317048 1.49797213 0.21940583
v -0.02968287 1.51792717 0.21226531
v -0.03181103 1.53012466 0.23493713
v -0.05328374 1.64787269 0.26836321
v -0.05606072 1.66267252 0.26609537
v -0.07130595 1.02539098 0.21643142
v -0.10708338 1.03579962 0.24264172
v -0.10098346 1.00231421 0.22853467
v -0.07276674 0.99957919 0.20516887
v -0.04709852 1.00033903 0.14817259
v -0.05120201 1.00206530 0.11739657
v -0.04698281 1.03215218 0.11665361
v -0.06865038 1.00170147 0.08652280
v -0.09830377 0.99964660 0.06262019
v -0.17420369 0.99702990 0.05416963
v -0.20342067 0.99694645 0.07619077
v -0.22599553 1.02488410 0.16959845
v -0.22770742 1.02572620 0.13949428
v -0.22347783 0.99868786 0.14081997
v -0.21895805 0.99906588 0.17159644
v -0.23048604 1.15702295 0.12111705
v -0.20188849 1.17463708 0.09958691
v -0.20007536 1.15464997 0.09659997
v -0.22174081 1.13868630 0.11645161
v -0.27551994 1.32157636 0.13515747
v -0.26060542 1.32468045 0.12369209
v -0.24386305 1.30539775 0.11421551
v -0.24282986 1.32745624 0.11460538
v -0.22033215 1.33029449 0.10808595
v -0.25489801 1.41001511 0.13568434
v -0.23335925 1.41048944 0.12507981
v -0.23717815 1.39077175 0.12334693
v -0.25855285 1.39021015 0.13377286
v -0.24950837 1.43079925 0.13950120
v -0.22888929 1.43218422 0.12897795
v -0.24158867 1.47080362 0.14940031
v -0.22808646 1.48378885 0.13226010
v -0.22392483 1.46902430 0.13628069
v -0.23784892 1.62599218 0.17352699
v -0.24369183 1.60993075 0.16932409
v -0.11681530 1.17979372 0.07247807
v -0.14429830 1.03234780 0.24632227
v -0.17219852 1.02843714 0.23615536
v -0.16264978 1.00133860 0.23369743
v -0.13325486 1.00265801 0.23842984
v -0.09391687 1.24103725 0.09059759
v -0.12230103 1.33057070 0.09836005
v -0.12240781 1.31133842 0.09626348
v -0.12622599 1.48734450 0.11212003
v -0.12030466 1.46587229 0.11782797
v -0.23808078 1.54219866 0.11662749
v -0.23717320 1.53004754 0.11449437
v -0.04264940 1.06201637 0.11671065
v -0.17431803 0.96509910 0.05488013
v -0.17479944 0.93404752 0.05729626
v -0.20159318 0.93336630 0.07896917
v -0.20302410 0.96479660 0.07673909
v -0.19757758 0.96948266 0.19534406
v -0.21150212 0.96966022 0.17151925
v -0.20343319 0.93945336 0.17029968
v -0.18819769 0.93897235 0.19215050
v -0.18078236 0.90895784 0.18755260
v -0.19698013 0.90814829 0.16669458
v -0.19129215 0.87771928 0.16640131
v -0.17420931 0.87978190 0.18434203
v -0.13574123 0.99728036 0.05002375
v -0.10600190 0.93795127 0.06129776
v -0.13938235 0.93512273 0.05051096
v -0.13748378 0.96546793 0.05011208
v -0.10217560 0.96847004 0.06174138
v -0.05435275 0.99836326 0.17723750
v -0.20727897 0.99868846 0.19706556
v -0.21596374 1.02362633 0.19568565
v -0.14557877 0.93850040 0.21736743
v -0.11891614 0.93877637 0.21802761
v -0.12498014 0.97021747 0.22792032
v -0.15381514 0.96976870 0.22605588
v -0.05419506 0.94404155 0.13742077
v -0.06093247 0.94389427 0.10947444
v -0.05634995 0.97250444 0.11291551
v -0.05075805 0.97193062 0.14268352
v -0.07377921 0.97135526 0.08432706
v -0.07887955 0.94154716 0.08269733
v -0.11377764 0.87876540 0.06013693
v -0.14561062 0.87574160 0.05413552
v -0.14196013 0.90519994 0.05181953
v -0.10967969 0.90806156 0.06066768
v -0.08737620 0.88354719 0.07883377
v -0.08341874 0.91243494 0.08078319
v -0.06482103 0.91532922 0.10555004
v -0.06904525 0.88718581 0.10167253
v -0.06258249 0.88921195 0.12702686
v -0.05781847 0.91663194 0.13196293
v -0.06062178 0.91566968 0.15805988
v -0.06438480 0.88949740 0.15125817
v -0.07242915 0.91411376 0.18117788
v -0.09204445 0.91260087 0.19821699
v -0.09120360 0.88655269 0.18796343
v -0.07438140 0.88816279 0.17221147
v -0.13322559 0.88236886 0.20168826
v -0.11117513 0.88444114 0.19905515
v -0.11456558 0.91070127 0.20851351
v -0.13885428 0.90929621 0.20907067
v -0.11245606 0.78022557 0.17723015
v -0.09771796 0.78384477 0.16708075
v -0.10218272 0.80951977 0.17524590
v -0.11825457 0.80584204 0.18531817
v -0.08272275 0.78679973 0.15801263
v -0.07089661 0.78911597 0.14422065
v -0.07612589 0.81394017 0.15044856
v -0.08783541 0.81220597 0.16361848
v -0.07128149 0.81295383 0.11223505
v -0.06985845 0.81442356 0.13291246
v -0.06564891 0.78968769 0.12690303
v -0.06818700 0.78800225 0.10677729
v -0.07506195 0.78523219 0.08510491
v -0.07574413 0.81011468 0.08872408
v -0.09357252 0.77996486 0.06924722
v -0.09283651 0.80492926 0.07029368
v -0.12120886 0.79912990 0.06208695
v -0.12122463 0.77437979 0.06011781
v -0.16950588 0.79437751 0.16908363
v -0.16142060 0.76766872 0.16663054
v -0.14650974 0.77197975 0.17950816
v -0.15561534 0.79808575 0.18301319
v -0.18396859 0.79129332 0.12242213
v -0.18961968 0.79207945 0.09463747
v -0.18176942 0.76595640 0.09797141
v -0.17521860 0.76444846 0.12360124
v -0.09056170 0.85644770 0.07695465
v -0.11761494 0.85092270 0.06040256
v -0.06740028 0.86293912 0.12217977
v -0.07290238 0.86064106 0.09790835
v -0.12829356 0.85663038 0.19591412
v -0.10827974 0.85923201 0.19048527
v -0.18486324 0.84917611 0.16632006
v -0.16870201 0.85171080 0.18302996
v -0.17917477 0.81903023 0.06643264
v -0.17810972 0.84601033 0.06594749
v -0.14905018 0.84773940 0.05504440
v -0.15142211 0.82084328 0.05526678
v -0.09191397 0.83030921 0.07323630
v -0.07508141 0.83515549 0.09364500
v -0.07064173 0.83776742 0.11722317
v -0.06989131 0.83911657 0.13864379
v -0.07739509 0.83863127 0.15649325
v -0.09051756 0.83724546 0.17033258
v -0.10522689 0.83469671 0.18292454
v -0.12339046 0.83151811 0.19060370
v -0.16236012 0.82460195 0.18337682
v -0.17740789 0.82098067 0.16799673
v -0.17285362 0.76783711 0.07206239
v -0.17849700 0.79233485 0.06820326
v -0.15105420 0.79514939 0.05630110
v -0.14857340 0.77023977 0.05781986
v -0.16324991 0.74564332 0.07675181
v -0.17005326 0.74376309 0.09819110
v -0.07588240 0.76164424 0.15208313
v -0.06561428 0.76346898 0.13783392
v -0.06053768 0.76396108 0.12101595
v -0.07205787 0.75992113 0.08095671
v -0.09419374 0.75392133 0.06641476
v -0.12199106 0.74817061 0.06010847
v -0.14545012 0.74813205 0.06193204
v -0.13077773 0.72018749 0.16524585
v -0.13831677 0.74707645 0.17095862
v -0.15197921 0.74296641 0.15935379
v -0.14404857 0.71707714 0.15269780
v -0.09744339 0.72700012 0.16847861
v -0.07991627 0.73107266 0.16280374
v -0.09119704 0.75870740 0.16110246
v -0.10704060 0.75513417 0.16786101
v -0.06403990 0.73433197 0.15048385
v -0.05452399 0.73641515 0.13437305
v -0.04993869 0.73776203 0.11614509
v -0.06757089 0.73252237 0.07556289
v -0.06125844 0.76354367 0.10031730
v -0.05323321 0.73678911 0.09527951
v -0.09453287 0.72585243 0.06017868
v -0.12217633 0.68832934 0.05893250
v -0.12686951 0.71854681 0.06176011
v -0.09128100 0.69593114 0.05456348
v -0.12517384 0.58820164 0.07724231
v -0.10744089 0.59229362 0.05743673
v -0.10347235 0.55740589 0.06144561
v -0.11857209 0.55345201 0.07818438
v -0.13783330 0.68844348 0.15047745
v -0.12342332 0.69041675 0.16531414
v -0.08810925 0.69655216 0.17155012
v -0.06894521 0.70102203 0.16404527
v -0.05557686 0.67243803 0.06636913
v -0.06259614 0.70336711 0.06903835
v -0.04576734 0.70750356 0.08956298
v -0.03861678 0.67632759 0.08729936
v -0.12523220 0.59063530 0.15053220
v -0.11077547 0.59152991 0.16424279
v -0.11536203 0.62534541 0.16799885
v -0.13078125 0.62403804 0.15269215
v -0.06298034 0.66857463 0.16696692
v -0.08268279 0.66409105 0.17400689
v -0.07803964 0.63083059 0.17370379
v -0.05871606 0.63468313 0.16631781
v -0.05159207 0.60289669 0.06673059
v -0.05194357 0.63898742 0.06559467
v -0.03450567 0.64240199 0.08563702
v -0.03467679 0.60536957 0.08503854
v -0.11695055 0.65855259 0.05613220
v -0.08487444 0.66578156 0.05228147
v -0.08030149 0.63364077 0.05260074
v -0.11120863 0.62630856 0.05530719
v -0.13537307 0.65451616 0.07840630
v -0.13002199 0.62265784 0.07700661
v -0.10004643 0.51940930 0.14670669
v -0.10552929 0.55615515 0.15584636
v -0.11824581 0.55436218 0.14380476
v -0.11088266 0.51662594 0.13543843
v -0.05660178 0.59943426 0.16085702
v -0.07519315 0.59617507 0.16845357
v -0.07389733 0.55988783 0.15958534
v -0.05724068 0.56223881 0.15285459
v -0.05480085 0.52474082 0.07055728
v -0.05245778 0.56460845 0.06861590
v -0.03740419 0.56592637 0.08589238
v -0.04114558 0.52623785 0.08727741
v -0.09881749 0.51936769 0.06456923
v -0.07753925 0.56184983 0.05683398
v -0.07557422 0.52264839 0.05997814
v -0.09743619 0.48135900 0.06653613
v -0.10923380 0.47863340 0.07862712
v -0.11284929 0.51613593 0.07934162
v -0.10475591 0.48158139 0.12743849
v -0.09571946 0.48343462 0.13867253
v -0.07328778 0.48618495 0.14488590
v -0.05952522 0.48912132 0.14052011
v -0.05837499 0.52532101 0.14546505
v -0.07309526 0.52264428 0.15104863
v -0.03698497 0.52577591 0.11917906
v -0.04547647 0.52632374 0.13413255
v -0.04786158 0.49009651 0.13010468
v -0.04092047 0.48929775 0.11618544
v -0.04616794 0.48965150 0.08873351
v -0.03530371 0.52636981 0.10352535
v -0.04068917 0.48970121 0.10284525
v -0.05789110 0.48861730 0.07292661
v -0.07690577 0.48508608 0.06211951
v -0.17115147 1.06009269 0.24376681
v -0.19383140 1.05743575 0.22618067
v -0.18271460 1.04700947 0.23227099
v -0.15693265 1.05291927 0.24670671
v -0.21314901 0.93661249 0.14059734
v -0.21864215 0.96906090 0.14051539
v -0.20239407 0.87552232 0.14083555
v -0.20763655 0.90488726 0.13923381
v -0.19531117 0.84667450 0.14258470
v -0.18721902 0.81847256 0.14519870
v -0.17905051 0.79083931 0.14853993
v -0.17021996 0.76425314 0.14689159
v -0.16115783 0.73965812 0.14095530
v -0.15384156 0.71368533 0.13399707
v -0.14346533 0.65642256 0.12958780
v -0.13373256 0.65701479 0.15184326
v -0.14740473 0.68598998 0.12999371
v -0.13473108 0.58952093 0.12740402
v -0.14001891 0.62419707 0.12930349
v -0.12683430 0.55222887 0.12350756
v -0.11854462 0.51436418 0.11791185
v -0.11177491 0.47922581 0.11157961
v -0.22120766 1.08391893 0.10866189
v -0.23177525 1.07409286 0.13660881
v -0.23224148 1.09181261 0.13468868
v -0.22053073 1.10552216 0.10991325
v -0.22024402 1.07068491 0.20810518
v -0.22964439 1.07379377 0.19783568
v -0.22374587 1.07333660 0.19837733
v -0.21442179 1.07069898 0.20994137
v -0.11976375 0.82463157 0.06034862
v -0.06810448 0.86403733 0.14454514
v -0.07712007 0.86327559 0.16349639
v -0.09140352 0.86162210 0.17835951
v -0.19436851 0.81705546 0.11868269
v -0.20063581 0.84491193 0.11568727
v -0.19690977 0.84509337 0.08908278
v -0.19382401 0.81811649 0.09190319
v -0.14100291 0.68134373 0.08073075
v -0.14244822 0.65465277 0.10428394
v -0.14833921 0.68304312 0.10561052
v -0.14687720 0.70613372 0.08070134
v -0.04319833 0.70765769 0.13235603
v -0.03942078 0.70902908 0.11208161
v -0.04593942 0.67333877 0.15206873
v -0.03424948 0.67655677 0.13295719
v -0.05407326 0.70506632 0.14962500
v -0.20947102 0.90211493 0.10931445
v -0.19950445 0.90257174 0.08210930
v -0.19799575 0.87304097 0.08581313
v -0.20614874 0.87318081 0.11277768
v -0.05356523 1.40369356 0.17973796
v -0.04828374 1.40782404 0.20069605
v -0.16453758 1.51090860 0.09657280
v -0.14815435 1.49999857 0.10281633
v -0.16354896 1.49016511 0.10577345
v -0.17582090 1.50206935 0.09964523
v -0.13803995 1.51260066 0.10122339
v -0.15567416 1.52255285 0.09507453
v -0.14806658 1.53657222 0.09552027
v -0.13138428 1.52733088 0.10111736
v -0.11810137 1.59661245 0.10792073
v -0.11585933 1.60635054 0.10452992
v -0.24503876 1.45144057 0.14418492
v -0.26290810 1.44975662 0.15925856
v -0.25838077 1.46864188 0.16406450
v -0.24415630 1.28370345 0.11527169
v -0.22530541 1.19046283 0.11849434
v -0.24988003 1.16115153 0.13888973
v -0.24603295 1.18833387 0.13263629
v -0.25970143 1.10110831 0.17747486
v -0.05150667 1.46508992 0.26621044
v -0.04862161 1.49091530 0.26656109
v -0.07245720 1.66921067 0.28138569
v -0.08783656 1.66269946 0.29702604
v -0.08165132 1.69403005 0.27757335
v -0.08659555 1.70478868 0.27562305
v -0.09885158 1.69808865 0.29028684
v -0.09492205 1.68708742 0.29278624
v -0.12529081 1.74909031 0.27562857
v -0.11743486 1.73999989 0.27870595
v -0.20402420 1.06966901 0.22158226
v -0.20964459 1.06840956 0.21338536
v -0.19563645 1.06796718 0.22772688
v -0.23092976 1.04741776 0.16643488
v -0.22267118 1.04385412 0.19143835
v -0.22652307 1.05934918 0.18783852
v -0.23376769 1.06541085 0.16366659
v -0.10210419 1.09577215 0.06306104
v -0.06752472 1.09803903 0.08209924
v -0.06239767 1.04669535 0.21778971
v -0.10017281 1.58528709 -0.05494659
v -0.08905281 1.59006536 -0.06136821
v -0.08303916 1.58970332 -0.03328197
v -0.09474270 1.58551443 -0.02684368
v -0.04176648 1.57402945 0.26726002
v -0.03957601 1.54764223 0.25980768
v -0.14460817 1.73151755 0.18311068
v -0.10588595 1.73619127 0.14311148
v -0.12929842 1.72687221 0.13290839
v -0.13039336 1.72549343 0.14248899
v -0.10744332 1.73593175 0.15201017
v -0.03588429 1.69748926 0.16823891
v -0.04561934 1.71280313 0.16499531
v -0.04607977 1.71279812 0.17902593
v -0.03647675 1.69663429 0.18422762
v -0.05118833 1.19988239 0.30329108
v -0.03174421 1.19905448 0.27961132
v -0.07311633 1.39344263 0.27386051
v -0.06051461 1.39162195 0.25678420
v -0.05795063 1.41485441 0.26172215
v -0.07026915 1.41735184 0.27879629
v -0.02871619 1.56374753 0.23632649
v -0.02736562 1.54818797 0.21844883
v -0.26270404 1.54078889 0.15471034
v -0.25985324 1.56006861 0.15828943
v -0.25118345 1.56476080 0.14556651
v -0.25462639 1.54727638 0.14159952
v -0.05920002 1.61529827 -0.00416805
v -0.05832024 1.60889721 0.02422860
v -0.06607870 1.59944105 0.02049826
v -0.06785478 1.59994507 -0.00887360
v -0.03985487 1.09724152 0.11855012
v -0.03074768 1.07848597 0.15719014
v -0.05635427 1.43887413 0.16064167
v -0.04505847 1.44349062 0.18275599
v -0.04974413 1.42336702 0.18308765
v -0.05985494 1.41914809 0.16066170
v -0.05605519 1.49219298 0.15064804
v -0.05571479 1.47539616 0.15551567
v -0.05477497 1.50774133 0.14502449
v -0.05660760 1.59899151 0.10812934
v -0.06439937 1.59665608 0.10522589
v -0.06564075 1.60241938 0.09604793
v -0.23058912 1.05209184 0.13827196
v -0.23600008 1.11788332 0.13559416
v -0.24479893 1.12872386 0.13982318
v -0.21138825 1.06974494 0.21738225
v -0.15944532 1.74839699 0.19589959
v -0.17535439 1.74287772 0.19171919
v -0.08857962 1.60918570 0.06571887
v -0.09304842 1.60250509 0.04807276
v -0.07166554 1.58099914 0.11482877
v -0.08643943 1.58353662 0.11242318
v -0.08715521 1.59216344 0.10712058
v -0.07414111 1.58913159 0.10878489
v -0.06338453 1.58880675 0.11163348
v -0.05938731 1.58162570 0.11919940
v -0.17073368 1.64498961 0.10598888
v -0.17781952 1.64640260 0.11239945
v -0.17263018 1.66557264 0.11506405
v -0.16734755 1.66484857 0.10721035
v -0.18596627 1.64453018 0.12065843
v -0.19573307 1.64247584 0.12998688
v -0.18824543 1.66282320 0.13373521
v -0.17895198 1.66499019 0.12393486
v -0.16574845 1.71336269 0.17327051
v -0.18827653 1.70355785 0.17802283
v -0.20675626 1.69483113 0.18720961
v -0.22097003 1.68877125 0.19612871
v -0.11070038 1.73008788 0.28162920
v -0.10590205 1.71905243 0.28536722
v -0.09534277 1.72355545 0.26966882
v -0.10017340 1.73499084 0.26280043
v -0.18864158 1.72890460 0.19227786
v -0.20605916 1.72374797 0.19676556
v -0.21811958 1.70906198 0.20241380
v -0.12047367 1.67912769 -0.04970722
v -0.11710430 1.68457520 -0.02546436
v -0.13388801 1.76208544 0.21564634
v -0.14560123 1.75533938 0.20395204
v -0.09900507 1.68325317 -0.03159015
v -0.10237552 1.67740476 -0.05680119
v -0.15218714 1.70581102 0.13837218
v -0.13316354 1.72386014 0.15015905
v -0.14804858 1.70761728 0.13161792
v -0.19262421 1.73784614 0.19199747
v -0.20960782 1.73354244 0.19578484
v -0.07562288 1.12902343 0.08016191
v -0.10828499 1.12452650 0.06465834
v -0.11860188 1.38818169 0.11029920
v -0.09648499 1.39266801 0.12092324
v -0.27345935 1.40944052 0.15065789
v -0.27696097 1.38971698 0.14854155
v -0.23521554 1.73901987 0.20873305
v -0.26077482 1.34738684 0.12766877
v -0.27874058 1.34360421 0.14191560
v -0.27826196 1.36804771 0.14568643
v -0.26024169 1.36941373 0.13132103
v -0.28482938 1.31910765 0.14614430
v -0.28635225 1.30832720 0.14691737
v -0.26470160 1.14518046 0.15565342
v -0.27426553 1.14679146 0.16390371
v -0.13748249 1.68073177 0.04226911
v -0.13615663 1.68550754 0.05603133
v -0.12655091 1.70301437 0.05474733
v -0.12660538 1.69709992 0.03929435
v -0.24109642 1.34993076 0.11848462
v -0.21763685 1.35220873 0.11232924
v -0.13442786 1.59226775 0.10288975
v -0.11849325 1.58570290 0.10902070
v -0.26048735 1.48868406 0.16457731
v -0.24558121 1.55292881 0.12985283
v -0.24141978 1.56859040 0.13381374
v -0.23129551 1.57156014 0.12343596
v -0.23563498 1.55683398 0.11963709
v -0.20364347 1.07150996 0.22518009
v -0.04283361 1.67112756 0.05525462
v -0.03833319 1.67219305 0.07010429
v -0.03853495 1.66092813 0.06910789
v -0.04288043 1.66091073 0.05357412
v -0.20533656 1.04306960 0.21340580
v -0.19658019 1.02484250 0.21730846
v -0.13646714 1.05849242 0.25685999
v -0.15744817 1.06281185 0.25638080
v -0.21912448 0.99702072 0.10721547
v -0.22146808 1.02843893 0.10659359
v -0.21744922 0.96473598 0.10778838
v -0.21358317 0.93251729 0.10794721
v -0.16522583 0.73984110 0.11938690
v -0.15716700 0.71228820 0.10707274
v -0.13667007 0.62283587 0.10325077
v -0.13057265 0.58865011 0.10223938
v -0.12411402 0.55178869 0.10038565
v -0.11757848 0.51360714 0.09854341
v -0.11361420 0.47754461 0.09446983
v -0.08699231 1.66960526 -0.06367685
v -0.08149698 1.67524529 -0.03657490
v -0.07118626 1.66144478 -0.04227783
v -0.07651588 1.65730727 -0.07004927
v -0.11437499 1.59754515 0.00838380
v -0.12552029 1.60946012 0.01157995
v -0.13012516 1.60485888 -0.01209703
v -0.11857277 1.59418726 -0.01564999
v -0.12270205 1.59158325 -0.04121535
v -0.11148968 1.58594906 -0.04770480
v -0.10676593 1.58721709 -0.02035642
v -0.07953668 1.60031474 -0.06656687
v -0.07315555 1.61386621 -0.07039233
v -0.06635138 1.61459506 -0.04040633
v -0.07349332 1.59985018 -0.03890668
v -0.07107653 1.64288044 -0.07394575
v -0.06599622 1.64648926 -0.04604445
v -0.06406611 1.63104665 -0.04520880
v -0.06997596 1.62785757 -0.07375757
v -0.15235025 1.62762296 -0.03243224
v -0.14468443 1.61266971 -0.03308655
v -0.14067662 1.61784220 -0.00961281
v -0.14874072 1.63297522 -0.00912467
v -0.10793782 1.71544182 0.05303241
v -0.10860943 1.70788085 0.03612922
v -0.12729517 1.63059735 0.09204666
v -0.13861869 1.64595056 0.08595345
v -0.13523364 1.64855957 0.07998447
v -0.12173229 1.63552964 0.08613034
v -0.13132684 1.68342197 0.00317957
v -0.12862973 1.69011962 0.02240376
v -0.11138435 1.69899642 0.01775111
v -0.11416986 1.69073522 -0.00254817
v -0.14535686 1.63835323 0.01471867
v -0.13708740 1.62357998 0.01408435
v -0.13139215 1.62890708 0.03532858
v -0.14106533 1.64304328 0.03503250
v -0.07907131 1.59035778 -0.00457002
v -0.07740250 1.59222186 0.02302824
v -0.13878259 1.66594255 0.05928701
v -0.14099379 1.66223919 0.04640843
v -0.13570122 1.57959735 0.10252929
v -0.08659919 1.56457233 0.11779213
v -0.08638859 1.57471991 0.11562972
v -0.18501350 1.51584888 0.09451129
v -0.18929626 1.53017199 0.09167515
v -0.11127710 1.52153361 0.10897335
v -0.10686507 1.53863358 0.11006881
v -0.17589992 1.52279234 0.09255430
v -0.18176581 1.53166461 0.09116922
v -0.20619807 1.45148718 0.12607852
v -0.21818712 1.69869590 0.20115462
v -0.13967440 1.67503095 0.02649251
v -0.14375493 1.65833879 0.03159182
v -0.05778582 1.60719371 0.04587786
v -0.05741958 1.60738218 0.06530970
v -0.06348471 1.60316133 0.06563945
v -0.06503618 1.60016704 0.04519822
v -0.02074374 1.58849847 0.19539812
v -0.02236567 1.57660091 0.21589729
v -0.02286956 1.56292641 0.20159934
v -0.02216735 1.57659698 0.18308982
v -0.04835534 1.68851483 0.05161840
v -0.05638808 1.69702041 0.04564255
v -0.05223826 1.70342469 0.06319781
v -0.04432192 1.69247448 0.06700452
v -0.06508920 1.71330011 0.05849980
v -0.06916802 1.70520568 0.03968118
v -0.08734687 1.70976615 0.03569664
v -0.08457321 1.71847975 0.05398349
v -0.04204835 1.16787517 0.12828055
v -0.06018808 1.16439223 0.10162441
v -0.14717072 1.30397534 0.09323805
v -0.17212650 1.29745746 0.09490546
v -0.20033801 1.19987762 0.10278430
v -0.23766670 1.08830428 0.15942070
v -0.23099482 1.07527590 0.18475682
v -0.18748739 0.99947250 0.21760011
v -0.08343663 1.15758991 0.08126776
v -0.17817178 0.96948636 0.21357442
v -0.16890092 0.93894005 0.20734885
v -0.09312025 0.93982565 0.20745656
v -0.07189283 0.94107938 0.18904531
v -0.07181234 0.96996856 0.19691584
v -0.09592459 0.97023040 0.21735328
v -0.05813904 0.94253927 0.16469669
v -0.05582663 0.97039115 0.17090239
v -0.17629787 0.87447470 0.06397262
v -0.04157792 0.63849092 0.15173423
v -0.03024462 0.60385531 0.12872326
v -0.02965258 0.64210713 0.13224941
v -0.04073189 0.60177642 0.14714187
v -0.02731033 0.64330262 0.10909976
v -0.03130707 0.67796469 0.11053609
v -0.07855372 0.59879816 0.05393149
v -0.04274404 0.56422323 0.14014301
v -0.03315921 0.56522715 0.12321973
v -0.02742787 0.60591668 0.10683499
v -0.03099807 0.56626123 0.10458990
v -0.21229765 1.05648708 0.20779011
v -0.13913976 1.09478879 0.05680068
v -0.14239836 1.12311447 0.06124553
v -0.20042756 1.13638878 0.09137861
v -0.22023103 1.12317443 0.11230955
v -0.19070549 1.37421143 0.11124496
v -0.16662085 1.37797177 0.10599939
v -0.16400900 1.41759288 0.11354063
v -0.14085349 1.42176068 0.11273462
v -0.14123246 1.40207446 0.10928420
v -0.16511467 1.39758813 0.10980874
v -0.09341645 1.42988014 0.12625536
v -0.07245973 1.43419218 0.14129654
v -0.07519941 1.41492641 0.14054459
v -0.09519295 1.41099393 0.12497593
v -0.07735340 1.39685917 0.13675399
v -0.06291530 1.40037370 0.15734561
v -0.04737067 1.43564188 0.24508193
v -0.04413968 1.43194890 0.22506073
v -0.03930789 1.45504475 0.22622664
v -0.04354121 1.46048641 0.24650978
v -0.25468391 1.13949084 0.14787099
v -0.22058070 1.07007289 0.20084953
v -0.22166646 1.05795336 0.10698951
v -0.20235710 1.09081209 0.08264081
v -0.17369404 1.09320879 0.06362633
v -0.09774470 1.61730111 0.06667285
v -0.03010659 1.61037397 0.15401928
v -0.03227223 1.60046840 0.14921635
v -0.07292829 1.69437706 0.01898316
v -0.09107178 1.69976854 0.01529305
v -0.13770200 1.64659524 0.05135201
v -0.12615983 1.70784867 0.06711987
v -0.13614231 1.68871427 0.06729914
v -0.13755238 1.69283855 0.07614182
v -0.17497683 1.18603623 0.08635028
v -0.14717627 1.17178595 0.07139711
v -0.17521279 1.16434431 0.08068632
v -0.17242634 1.06582260 0.24812263
v -0.23385373 1.10562479 0.13393250
v -0.16150342 0.90918225 0.20146242
v -0.15520175 0.88091290 0.19645041
v -0.14923228 0.85413182 0.19335949
v -0.14346926 0.82804811 0.19089782
v -0.13695088 0.80203718 0.18811461
v -0.12924220 0.77640289 0.18221121
v -0.12264544 0.75134444 0.17315868
v -0.11419098 0.72375447 0.16997077
v -0.11915986 0.65854555 0.16709155
v -0.10134104 0.66108215 0.17434084
v -0.10657271 0.69336838 0.17219257
v -0.09708584 0.62763423 0.17434362
v -0.09417041 0.59321630 0.17015690
v -0.09010947 0.55796975 0.16030692
v -0.08713280 0.52151537 0.15135670
v -0.08538049 0.48505938 0.14410064
v -0.19599493 1.06909704 0.23084654
v -0.18474144 1.06820512 0.23912664
v -0.15802965 1.70345449 0.14569074
v -0.10223635 1.58967483 0.11100323
v -0.10110780 1.59781587 0.10685407
v -0.13451824 1.64936674 0.06435257
v -0.06091073 1.64815259 -0.01918758
v -0.06486215 1.66354680 -0.01523770
v -0.12592265 1.63432169 0.05386449
v -0.11343880 1.61861551 0.09767339
v -0.11004914 1.62623823 0.09156007
v -0.18839262 1.73026490 -0.14807259
v -0.18451634 1.72811019 -0.16242497
v -0.20193322 1.73891962 -0.16321151
v -0.20564820 1.73988819 -0.14957695
v -0.19537325 1.72614312 -0.13566057
v -0.21185724 1.73505914 -0.13864698
v -0.23260702 1.67203844 -0.14153992
v -0.22647698 1.68156660 -0.13157015
v -0.24102063 1.69354439 -0.13777988
v -0.24658479 1.68479908 -0.14806645
v -0.23515387 1.73538613 -0.13553868
v -0.24197765 1.72514224 -0.13408343
v -0.22697087 1.71493268 -0.12930767
v -0.21940528 1.72625172 -0.13177453
v -0.23039879 1.66442168 -0.17164682
v -0.22330417 1.66771245 -0.18411301
v -0.21001558 1.65243268 -0.17926793
v -0.21790557 1.65016770 -0.16592418
v -0.17431799 1.62945199 -0.11440377
v -0.17707349 1.61889768 -0.12440334
v -0.16710925 1.61279023 -0.11702274
v -0.16593432 1.62481225 -0.10850696
v -0.15533119 1.71007776 -0.14366166
v -0.15075766 1.70440018 -0.15858923
v -0.16705203 1.71653891 -0.16093312
v -0.17153357 1.72037911 -0.14579169
v -0.18119723 1.68733680 -0.11374985
v -0.18947336 1.67276454 -0.11436425
v -0.17453718 1.66366673 -0.10997422
v -0.16656134 1.67842627 -0.10922568
v -0.13975847 1.69925117 -0.14181648
v -0.13576427 1.69152153 -0.15550588
v -0.21145691 1.70575321 -0.12396453
v -0.21921529 1.69281292 -0.12574084
v -0.20444392 1.68263435 -0.11952297
v -0.19632377 1.69651377 -0.11848040
v -0.25650704 1.69403481 -0.17923497
v -0.24988936 1.69810104 -0.18923314
v -0.23637365 1.68313003 -0.18723296
v -0.24372424 1.67938614 -0.17621778
v -0.24878408 1.71504879 -0.13673775
v -0.25531131 1.70575452 -0.14320029
v -0.23419242 1.70358372 -0.13179396
v -0.22169091 1.73635638 -0.18722580
v -0.21924345 1.74451220 -0.17667739
v -0.20096193 1.73274922 -0.17642044
v -0.20390050 1.72322893 -0.18736266
v -0.20311984 1.64835453 -0.12730806
v -0.19713639 1.65925074 -0.11869662
v -0.21202935 1.67028379 -0.12508623
v -0.21822317 1.65990138 -0.13448434
v -0.16246444 1.70902491 -0.12873881
v -0.17858754 1.71759295 -0.13220261
v -0.18712367 1.70933735 -0.18678449
v -0.18362536 1.72058845 -0.17589907
v -0.16679066 1.70725274 -0.17430426
v -0.17013712 1.69577229 -0.18518104
v -0.16267358 1.66678369 -0.18937920
v -0.17367798 1.65367568 -0.18857954
v -0.18789183 1.67016113 -0.19246916
v -0.17784941 1.68251085 -0.19198780
v -0.18708429 1.63784802 -0.12089248
v -0.19081360 1.62831640 -0.13269316
v -0.20382585 1.63633358 -0.15854357
v -0.19609107 1.63740909 -0.17303492
v -0.18225418 1.62220633 -0.16500108
v -0.18975246 1.62254035 -0.14893250
v -0.13480312 1.67993295 -0.10914163
v -0.12422641 1.68284345 -0.12181391
v -0.13430406 1.68949318 -0.12419786
v -0.14471604 1.68354964 -0.11164443
v -0.12611185 1.68774712 -0.13901268
v -0.11496480 1.67876780 -0.13555585
v -0.09559983 1.65583181 -0.13454126
v -0.09351970 1.64266717 -0.14108752
v -0.09989909 1.64706910 -0.14924143
v -0.10298526 1.66051769 -0.14144449
v -0.13368593 1.63317466 -0.18198068
v -0.14400429 1.61898041 -0.17756419
v -0.15947461 1.63649237 -0.18362613
v -0.14842306 1.65007269 -0.18648468
v -0.14491051 1.59676504 -0.15846269
v -0.15736188 1.59738362 -0.14537998
v -0.16864789 1.60818267 -0.15573697
v -0.15682627 1.61073637 -0.16836150
v -0.12026052 1.58457839 -0.09474646
v -0.13058305 1.58721197 -0.08698626
v -0.13629115 1.58780503 -0.10450624
v -0.12658845 1.58557856 -0.11441125
v -0.15264222 1.60493743 -0.08697407
v -0.14994878 1.60483408 -0.07382999
v -0.15625751 1.61867821 -0.07156591
v -0.15725765 1.61858213 -0.08364917
v -0.12185918 1.67168379 -0.09173869
v -0.10395691 1.67077017 -0.10059787
v -0.10560258 1.67198348 -0.10870121
v -0.12136276 1.67151189 -0.09884618
v -0.11969173 1.61872184 -0.17653207
v -0.12896921 1.60159624 -0.16995691
v -0.15644619 1.60656977 -0.09779237
v -0.15902051 1.62004292 -0.09248020
v -0.16150814 1.62221694 -0.10124169
v -0.16019452 1.60957742 -0.10848151
v -0.14891133 1.64987111 -0.09211193
v -0.13787979 1.66364765 -0.09569208
v -0.14164352 1.66656387 -0.09864824
v -0.15205331 1.65179312 -0.09715195
v -0.12340262 1.67343783 -0.10279782
v -0.11025854 1.67477548 -0.11392494
v -0.11597130 1.67954159 -0.11807744
v -0.12877366 1.67731905 -0.10594006
v -0.10991306 1.61092126 -0.16966121
v -0.10506096 1.62573063 -0.16716985
v -0.09980774 1.61906385 -0.15927266
v -0.10520118 1.60586023 -0.16017474
v -0.13689408 1.58947861 -0.14561220
v -0.14836611 1.59117985 -0.13370325
v -0.15596992 1.65270257 -0.10282044
v -0.16261765 1.63843799 -0.10416169
v -0.15900780 1.63680685 -0.09753363
v -0.10673474 1.67337179 -0.13124479
v -0.11042474 1.58591437 -0.10294084
v -0.10047212 1.59013414 -0.10989900
v -0.09524783 1.59031153 -0.08850487
v -0.10527268 1.58543181 -0.08211394
v -0.11566108 1.58478737 -0.07476436
v -0.12669508 1.58861625 -0.06746708
v -0.14787047 1.60793877 -0.05619363
v -0.15472725 1.62258935 -0.05465387
v -0.15671930 1.63898420 -0.05613570
v -0.15203804 1.65478742 -0.05990748
v -0.15203027 1.65106881 -0.07807015
v -0.15704887 1.63467014 -0.07355909
v -0.12258340 1.67400479 -0.07268880
v -0.10419606 1.67282009 -0.08070688
v -0.09250991 1.66303527 -0.10856764
v -0.09007040 1.66521990 -0.08939604
v -0.15040445 1.59575486 -0.10742740
v -0.14545171 1.59439325 -0.09466992
v -0.19333927 1.69750285 -0.19387467
v -0.20273231 1.68557429 -0.19542329
v -0.21789314 1.70069396 -0.19678779
v -0.20938899 1.71241629 -0.19439937
v -0.24152438 1.70557916 -0.19533055
v -0.22733201 1.69055498 -0.19416712
v -0.20317788 1.71762180 -0.12733839
v -0.18760876 1.70873356 -0.12291361
v -0.22815178 1.74421191 -0.14088695
v -0.14714167 1.66756022 -0.10276078
v -0.15463239 1.67100215 -0.10606565
v -0.09279527 1.62861741 -0.14668487
v -0.08781894 1.63955688 -0.13144629
v -0.08787169 1.62591815 -0.13529976
v -0.11265011 1.63629079 -0.17247598
v -0.12428313 1.65066278 -0.17677097
v -0.12116708 1.66602349 -0.16370796
v -0.10800917 1.65079474 -0.15971027
v -0.10283697 1.60285163 -0.14916064
v -0.09613173 1.61496162 -0.14970244
v -0.09143919 1.61293674 -0.13592242
v -0.09782860 1.60077524 -0.13421191
v -0.14013204 1.66383898 -0.08420001
v -0.13780467 1.66226256 -0.09191845
v -0.07653524 1.63943636 -0.09964941
v -0.08219415 1.63865352 -0.11741658
v -0.08559440 1.65158629 -0.11434390
v -0.08138344 1.65290070 -0.09700458
v -0.09012631 1.65255749 -0.12627281
v -0.07598927 1.62576437 -0.09925024
v -0.08206256 1.62526393 -0.11887778
v -0.14044784 1.66769862 -0.06561632
v -0.09137653 1.59999382 -0.11461867
v -0.08539729 1.61246562 -0.11772494
v -0.07959325 1.61251271 -0.09663977
v -0.08582207 1.59977400 -0.09280677
v -0.21304987 1.67536533 -0.19173376
v -0.19932242 1.65960503 -0.18783475
v -0.16554926 1.60255384 -0.13042091
v -0.17643280 1.61054862 -0.13939635
v -0.15723227 1.59814227 -0.12002666
v -0.23486356 1.66564143 -0.15642275
v -0.24780004 1.67958283 -0.16209437
v -0.20653985 1.63967848 -0.14121769
v -0.22094797 1.65228117 -0.14904128
v -0.15491523 1.68090057 -0.18288346
v -0.12135243 1.58870602 -0.14018379
v -0.13201381 1.58703935 -0.13093986
v -0.12459639 1.59185529 -0.15464546
v -0.13808888 1.59659529 -0.06054850
v -0.14085868 1.59405839 -0.07961176
v -0.11605185 1.60077083 -0.16698389
v -0.13461703 1.60053229 -0.03572063
v -0.11050551 1.66739261 -0.14723788
v -0.10037306 1.66782570 -0.12549670
v -0.09553143 1.66450381 -0.11869721
v -0.21930127 1.74947071 -0.16363011
v -0.17226736 1.69990981 -0.11823128
v -0.16285595 1.65634620 -0.10643710
v -0.16930722 1.64223385 -0.10914187
v -0.11140241 1.59380615 -0.14643462
v -0.10666183 1.59146535 -0.13009576
v -0.11684062 1.58696735 -0.12325241
v -0.15035689 1.64941859 -0.08759053
v -0.15711144 1.63395309 -0.08409323
v -0.26029491 1.69371474 -0.16647516
v -0.15745068 1.63465095 -0.09047334
v -0.12316428 1.67731261 -0.15198196
v -0.09097391 1.67517233 0.29457706
v -0.11695252 1.50516737 0.10964292
v -0.17078404 1.47296023 0.11598123
v -0.15082473 1.47812891 0.11334540
v -0.10347594 1.56857443 0.11318079
v -0.10307620 1.58018398 0.11278842
v -0.10151581 1.60830867 0.09859648
v -0.09885807 1.61608267 0.09326189
v -0.12536258 1.54261947 0.10318397
v -0.12939675 1.88525879 0.19573912
v -0.12908988 1.87845123 0.19879675
v -0.12674882 1.89859569 0.19356106
v -0.28499320 1.33145010 0.14888237
v -0.14080767 1.87306726 0.19001597
v -0.14134254 1.86440063 0.19293390
v -0.13935606 1.86802173 0.18806113
v -0.14232166 1.87450552 0.18937917
v -0.14258310 1.87569952 0.18898895
v -0.13476084 1.90154755 0.18696901
v -0.13097540 1.87017107 0.20060429
v -0.13469192 1.86144042 0.20102377
v -0.14214814 1.88860035 0.18516101
v -0.06906997 1.32061315 0.26428929
v -0.08319504 1.31979561 0.28336108
v -0.07734986 1.30082285 0.28581849
v -0.06399971 1.30118752 0.26425046
v -0.07085727 1.28156507 0.28895941
v -0.02468227 1.24936199 0.17771827
v -0.03422773 1.25267637 0.15034732
v -0.03829952 1.27433872 0.15281013
v -0.02969445 1.27151990 0.17871891
v -0.05448614 1.29197705 0.13262004
v -0.04196352 1.29280019 0.15641221
v -0.05293955 1.27525628 0.12831984
v -0.07263449 1.27101016 0.10863958
v -0.07351541 1.28882766 0.11282359
v -0.09586639 1.26321769 0.09506689
v -0.09700260 1.28218198 0.09894590
v -0.11980348 1.25296533 0.08811800
v -0.14555471 1.24324775 0.08691946
v -0.17341505 1.21106160 0.08966038
v -0.19901603 1.22584069 0.10238306
v -0.17251268 1.23423839 0.09210538
v -0.24462098 1.21503103 0.12726703
v -0.22340021 1.21882296 0.11472982
v -0.27797347 1.21402073 0.15217021
v -0.26293942 1.21393168 0.13985026
v -0.17635232 1.68414855 0.13825572
v -0.09147525 1.74508023 0.20931752
v -0.08468239 1.74127579 0.20088595
v -0.09818032 1.74449551 0.18400010
v -0.03711796 1.69448054 0.20266014
v -0.04654334 1.71089780 0.19591804
v -0.04796369 1.70533419 0.21856427
v -0.04124163 1.68997812 0.22391793
v -0.08553876 1.73856473 0.22505379
v -0.09105255 1.74071109 0.22970298
v -0.07780285 1.73475575 0.21995711
v -0.08157881 1.72003794 0.25653362
v -0.07714429 1.72742891 0.23900047
v -0.08134373 1.73607290 0.15224795
v -0.06067534 1.72691786 0.15996775
v -0.06021921 1.72664928 0.14816523
v -0.08025464 1.73528254 0.14009289
v -0.03064485 1.68096662 0.17095202
v -0.02865125 1.66497958 0.17338999
v -0.02834885 1.66771734 0.16023819
v -0.03023079 1.68316817 0.15826687
v -0.08098103 1.73276985 0.09921189
v -0.06067599 1.72604394 0.10763010
v -0.06130035 1.72353721 0.09164824
v -0.08129624 1.72923541 0.08474274
v -0.03605609 1.69884384 0.15625769
v -0.03149892 1.58227670 0.24699733
v -0.02450189 1.59238553 0.22549105
v -0.02129093 1.60068929 0.20519285
v -0.02889946 1.61980999 0.15835617
v -0.02650078 1.61596453 0.16861790
v -0.02739716 1.60489357 0.16442026
v -0.02990444 1.62228870 0.14722891
v -0.03170592 1.62317812 0.13274625
v -0.14019895 1.66971970 0.07662560
v -0.14454192 1.67051613 0.08257662
v -0.13973577 1.69648635 0.08501973
v -0.04177919 1.62154412 0.10200495
v -0.03727311 1.61938262 0.11768422
v -0.04060616 1.61319530 0.11563107
v -0.04456104 1.61630917 0.10039087
v -0.08317640 1.73750389 0.16251989
v -0.04718027 1.71197772 0.09606687
v -0.04639170 1.71422565 0.11255416
v -0.03709871 1.70056868 0.11405711
v -0.03911734 1.69908595 0.09765770
v -0.03354894 1.68627477 0.09972714
v -0.03083275 1.68678594 0.11603620
v -0.02876182 1.67321479 0.11793637
v -0.03135388 1.67365324 0.10197673
v -0.03898917 1.62836826 0.10188640
v -0.03487383 1.62697542 0.11950865
v -0.10604692 1.72111619 0.06711315
v -0.10505421 1.73478436 0.11951867
v -0.12812711 1.72354567 0.11186490
v -0.12888095 1.72543287 0.12311557
v -0.10553478 1.73594308 0.13185588
v -0.08488151 1.61189818 0.08257736
v -0.09518997 1.61863089 0.08217098
v -0.07568204 1.60601830 0.08244599
v -0.04950394 1.60348141 0.11088732
v -0.06701950 1.60389471 0.08280705
v -0.13246755 1.64978409 0.07413329
v -0.13810238 1.66800547 0.06941842
v -0.14435109 1.70383024 0.10456587
v -0.14563863 1.70671511 0.11441408
v -0.08181514 1.72468686 0.07075527
v -0.06214038 1.71880341 0.07611279
v -0.04453082 1.62254572 0.08452491
v -0.04742903 1.61727190 0.08364943
v -0.04933636 1.61789262 0.06743577
v -0.04143120 1.60111618 0.12424945
v -0.04434930 1.60834837 0.11335098
v -0.08003880 1.73471785 0.12815529
v -0.04846065 1.70736921 0.08005874
v -0.04085974 1.69497979 0.08247681
v -0.02939571 1.68619812 0.13124616
v -0.03531939 1.70068860 0.12959176
v -0.03486639 1.70006597 0.14344695
v -0.02909078 1.68490720 0.14512365
v -0.03373526 1.67249620 0.08612826
v -0.03467964 1.66038775 0.08500766
v -0.02772219 1.66983199 0.14654928
v -0.02758044 1.67177296 0.13275284
v -0.04146579 1.62902021 0.08389245
v -0.14624697 1.70848989 0.12372662
v -0.15960781 1.68847990 0.11356930
v -0.16368249 1.68765628 0.12150291
v -0.15339826 1.68048620 0.09710228
v -0.15648116 1.68540549 0.10582405
v -0.14937137 1.67386115 0.08891646
v -0.16856329 1.68569016 0.12873781
v -0.11427212 1.59633279 -0.15844201
v -0.05281790 1.61285853 0.06569059
v -0.05330934 1.61391103 0.04893215
v -0.05020759 1.61920285 0.05220012
v -0.05877356 1.63248515 -0.01640707
v -0.28536597 1.82345772 0.17170599
v -0.28716290 1.82953703 0.17051482
v -0.28648397 1.85010231 0.17008474
v -0.28559327 1.85372686 0.17047465
v -0.09797969 1.63306570 -0.15523835
v -0.10286912 1.63647902 -0.16124581
v -0.13902327 1.66607130 -0.17994182
v -0.15080361 1.69388580 -0.17110915
v -0.13563596 1.67971385 -0.16739349
v -0.14700238 1.69968915 -0.12597392
v -0.15664361 1.69149518 -0.11451505
v -0.18190397 1.64933860 -0.11378400
v -0.17122298 1.62691522 -0.17626350
v -0.25525564 1.77168036 -0.15137793
v -0.25298971 1.77288032 -0.16332905
v -0.26978588 1.78588676 -0.16352688
v -0.27173734 1.78342390 -0.15220611
v -0.28780329 1.79598784 -0.15334944
v -0.29200846 1.78843403 -0.14684640
v -0.27631909 1.77648139 -0.14518024
v -0.29656273 1.77909076 -0.14560135
v -0.28168446 1.76717997 -0.14315860
v -0.30102003 1.76955676 -0.14793722
v -0.30469871 1.76259053 -0.15247609
v -0.29129237 1.75081635 -0.14926548
v -0.28679836 1.75821376 -0.14487313
v -0.28204733 1.73144650 -0.15225671
v -0.29548699 1.74432456 -0.15616159
v -0.29853386 1.73907590 -0.16497736
v -0.28589618 1.72522056 -0.16161256
v -0.31040603 1.75099087 -0.18577339
v -0.30702698 1.75514698 -0.19212614
v -0.29251051 1.74199867 -0.19248794
v -0.29689926 1.73711646 -0.18546481
v -0.26606721 1.74416256 -0.19696473
v -0.27200097 1.73503149 -0.19616090
v -0.28723681 1.74946880 -0.19640909
v -0.28168464 1.75835788 -0.19741158
v -0.29627007 1.77101922 -0.19884349
v -0.29269797 1.78011537 -0.19449143
v -0.27742386 1.76702285 -0.19409405
v -0.22250144 1.74946785 -0.15085195
v -0.23914011 1.76028061 -0.15125225
v -0.24449338 1.75431466 -0.14232378
v -0.27196020 1.74688458 -0.14120115
v -0.25681239 1.73592901 -0.13783066
v -0.25057906 1.74547720 -0.13792430
v -0.26615620 1.75615394 -0.14054699
v -0.25990832 1.69804013 -0.15351824
v -0.26873827 1.71846581 -0.14806871
v -0.27275997 1.71170366 -0.15788387
v -0.27732855 1.73872781 -0.14536168
v -0.26303399 1.72671747 -0.14133434
v -0.28604007 1.72215354 -0.17306854
v -0.29889476 1.73639023 -0.17545353
v -0.25417709 1.76929140 -0.17581539
v -0.25671518 1.76244044 -0.18618010
v -0.27428401 1.77547824 -0.18592165
v -0.27142233 1.78258133 -0.17590709
v -0.27315605 1.70823872 -0.16968380
v -0.23941933 1.74940312 -0.18668033
v -0.23695855 1.75653434 -0.17630474
v -0.26045740 1.75382650 -0.19371547
v -0.24392639 1.74014235 -0.19382004
v -0.28759652 1.79501820 -0.17648120
v -0.28641230 1.79839146 -0.16431819
v -0.23640288 1.76105165 -0.16365258
v -0.28318220 1.72279239 -0.18377708
v -0.27814072 1.72756779 -0.19182272
v -0.26392484 1.71292806 -0.19074123
v -0.26988089 1.70850444 -0.18165626
v -0.23386134 1.71540296 -0.19708429
v -0.25669879 1.72077417 -0.19586955
v -0.24999331 1.72990930 -0.19699921
v -0.30209380 1.76188028 -0.19629212
v -0.22690551 1.72610319 -0.19425763
v -0.37406224 1.81083179 -0.15338139
v -0.36617064 1.80563557 -0.14968412
v -0.36893123 1.81227660 -0.14066835
v -0.37637913 1.81743705 -0.14515363
v -0.35236132 1.80156088 -0.12815078
v -0.34136248 1.80485630 -0.12439303
v -0.34752429 1.81484056 -0.11802630
v -0.35717613 1.81179333 -0.12125491
v -0.37666965 1.82489109 -0.13948880
v -0.37046403 1.81903648 -0.13434218
v -0.37276638 1.83057976 -0.13702725
v -0.37884718 1.83688760 -0.14459820
v -0.38240629 1.83071542 -0.14337145
v -0.38549697 1.84186673 -0.14829437
v -0.37065548 1.83996153 -0.15277235
v -0.38212723 1.84436452 -0.15712665
v -0.36807227 1.83243370 -0.17910768
v -0.36824220 1.82588887 -0.18799798
v -0.38206851 1.83105373 -0.18818377
v -0.38161689 1.83724475 -0.17848693
v -0.38101882 1.81330621 -0.20036878
v -0.38242310 1.82284963 -0.19446175
v -0.36806524 1.81874692 -0.19394420
v -0.36741245 1.81037033 -0.19911523
v -0.37135875 1.80155420 -0.16636004
v -0.36301255 1.79567850 -0.16507499
v -0.36358249 1.80000746 -0.15917771
v -0.37164152 1.80543709 -0.16138034
v -0.36566985 1.83706117 -0.12999062
v -0.36158097 1.83628511 -0.14065151
v -0.36866105 1.83552670 -0.14024560
v -0.36906457 1.83445346 -0.12921916
v -0.34816879 1.77149272 -0.16885094
v -0.33678138 1.76868391 -0.16879995
v -0.33478683 1.77434731 -0.16201250
v -0.34521258 1.77643597 -0.16359921
v -0.33171558 1.79023421 -0.13840608
v -0.32859802 1.78553557 -0.14622425
v -0.31745696 1.79436445 -0.14276750
v -0.32227254 1.80039835 -0.13830899
v -0.33587396 1.79631495 -0.13110475
v -0.32688260 1.80611801 -0.13326065
v -0.33360612 1.81336904 -0.12738918
v -0.34132594 1.82199168 -0.12067203
v -0.33795148 1.76470423 -0.17839925
v -0.34644032 1.76496053 -0.17987020
v -0.43458325 1.85553885 -0.14960994
v -0.43729287 1.85148680 -0.15274774
v -0.43192422 1.84941673 -0.15220885
v -0.42913496 1.85356426 -0.14909069
v -0.34022850 1.77368808 -0.19719218
v -0.33734965 1.78267634 -0.20041423
v -0.33085638 1.77900159 -0.19902988
v -0.33424503 1.77097213 -0.19435684
v -0.34866965 1.77638471 -0.20056222
v -0.34559107 1.78701091 -0.20221595
v -0.43190587 1.86579919 -0.15747581
v -0.43163574 1.86374104 -0.15250383
v -0.42601746 1.86185932 -0.15308701
v -0.42620802 1.86355913 -0.15837429
v -0.38348705 1.82277143 -0.14736997
v -0.38185167 1.81617045 -0.15459411
v -0.40100145 1.82955837 -0.15143035
v -0.39169836 1.82161570 -0.15462981
v -0.39065146 1.82829583 -0.14738910
v -0.39752066 1.83393335 -0.14736991
v -0.38988197 1.80799794 -0.17089193
v -0.38026434 1.80355525 -0.17046787
v -0.38171536 1.80958962 -0.16491668
v -0.39187998 1.81377196 -0.16525494
v -0.38225883 1.79264951 -0.17770053
v -0.39114243 1.79737306 -0.17909284
v -0.39240646 1.79128921 -0.18277399
v -0.38443744 1.78747499 -0.18112318
v -0.40779978 1.81104553 -0.17750017
v -0.41547638 1.81651175 -0.17986117
v -0.41549456 1.81286049 -0.18415596
v -0.40821499 1.80697393 -0.18142985
v -0.32466573 1.77545655 -0.19839315
v -0.32777363 1.76793456 -0.19304089
v -0.38062459 1.79338658 -0.20820497
v -0.38095021 1.78267455 -0.20761065
v -0.39106113 1.78322697 -0.20961522
v -0.39056611 1.79423475 -0.21013339
v -0.33503723 1.79296744 -0.19956289
v -0.32781041 1.78922820 -0.19906430
v -0.43350250 1.86496329 -0.16308777
v -0.42775667 1.86275077 -0.16407047
v -0.33143038 1.82054472 -0.13608436
v -0.33987981 1.82864380 -0.12801908
v -0.32427961 1.81382537 -0.14195786
v -0.31881589 1.80895340 -0.14541511
v -0.31214267 1.80463541 -0.14679761
v -0.39786655 1.82118654 -0.15897064
v -0.37812698 1.81018043 -0.16096626
v -0.37135476 1.79778683 -0.16950063
v -0.37866747 1.77305222 -0.18718646
v -0.37152225 1.76998377 -0.18649857
v -0.37215251 1.77678823 -0.17893328
v -0.37854153 1.77893555 -0.18198358
v -0.38323361 1.77454305 -0.20228289
v -0.38584012 1.77386951 -0.19497557
v -0.39406163 1.77672887 -0.19655634
v -0.39261633 1.77638757 -0.20388888
v -0.36139196 1.84055185 -0.12843554
v -0.35448152 1.83643496 -0.13749419
v -0.34366834 1.76681542 -0.19038300
v -0.33658868 1.76567793 -0.18747728
v -0.32971555 1.76401258 -0.18593414
v -0.35424381 1.78534162 -0.16455083
v -0.34352869 1.77969742 -0.15966980
v -0.34311026 1.78305650 -0.15374218
v -0.35395217 1.78877759 -0.16078709
v -0.35837436 1.79811788 -0.14370908
v -0.34800297 1.79284692 -0.13691847
v -0.36204821 1.80581641 -0.13453494
v -0.33222032 1.77876139 -0.15543269
v -0.32624465 1.77198327 -0.16156964
v -0.32341802 1.77719498 -0.15432815
v -0.32879740 1.76688409 -0.16977064
v -0.33023882 1.76384640 -0.17816688
v -0.31824088 1.76685643 -0.16087125
v -0.31518656 1.77210128 -0.15399562
v -0.32055247 1.76253247 -0.16978644
v -0.32186443 1.76032412 -0.17845194
v -0.30863798 1.78061628 -0.19976418
v -0.31401509 1.77077329 -0.19778021
v -0.31972104 1.78541124 -0.19943707
v -0.30818623 1.78929090 -0.14517333
v -0.32008612 1.78457379 -0.14761029
v -0.31246269 1.77921319 -0.14854930
v -0.30378300 1.79891109 -0.14731549
v -0.35986727 1.81907415 -0.11707948
v -0.36335367 1.82509184 -0.11295150
v -0.36883247 1.82559931 -0.11863546
v -0.36599433 1.82080209 -0.12336724
v -0.39280629 1.84562385 -0.15115245
v -0.39496243 1.84029877 -0.14688580
v -0.38831949 1.83575308 -0.14520605
v -0.35751951 1.77177680 -0.17317723
v -0.35556287 1.76584220 -0.18285911
v -0.40478945 1.82783914 -0.15604909
v -0.41940725 1.86062574 -0.15884350
v -0.41947651 1.85885024 -0.15321191
v -0.40818787 1.85304260 -0.15287320
v -0.40825188 1.85544991 -0.15910132
v -0.41273612 1.83296919 -0.16187589
v -0.41009933 1.83286333 -0.15594856
v -0.41719460 1.83708465 -0.15597202
v -0.41907442 1.83831894 -0.16213499
v -0.41443276 1.80594230 -0.18752633
v -0.40851998 1.80108464 -0.18549056
v -0.39649272 1.83912587 -0.17598633
v -0.39159667 1.84645987 -0.16828255
v -0.38005757 1.84329534 -0.16855101
v -0.39017236 1.80258095 -0.17544340
v -0.39921695 1.80661869 -0.17632620
v -0.40000844 1.80203462 -0.18015067
v -0.40148175 1.82172203 -0.16152342
v -0.40664762 1.82642758 -0.16062795
v -0.40586793 1.82205606 -0.16548507
v -0.39923465 1.81725991 -0.16565941
v -0.36926562 1.78148603 -0.20555370
v -0.37271565 1.77098334 -0.19895341
v -0.43250465 1.86006141 -0.14974950
v -0.42705321 1.85827947 -0.14969061
v -0.31889129 1.76362443 -0.19206099
v -0.32155776 1.76039124 -0.18565623
v -0.38059920 1.79827011 -0.17420734
v -0.36784101 1.83766556 -0.16788922
v -0.37191808 1.79313493 -0.17225091
v -0.40281343 1.80778134 -0.20254387
v -0.40603131 1.80062747 -0.20143639
v -0.41215676 1.80507207 -0.19991471
v -0.40988082 1.81070375 -0.20316957
v -0.42846352 1.84509277 -0.16321345
v -0.42765790 1.84394860 -0.15676980
v -0.43399042 1.84777808 -0.15780632
v -0.43447590 1.84912300 -0.16378497
v -0.40674323 1.83455598 -0.15151678
v -0.40362090 1.83846450 -0.14826582
v -0.41152370 1.84316683 -0.14855473
v -0.41443264 1.83898759 -0.15127032
v -0.40144181 1.84400189 -0.14876710
v -0.40933454 1.84859848 -0.14925496
v -0.42739624 1.84952378 -0.16857488
v -0.42410600 1.85533440 -0.16918235
v -0.41367799 1.84939218 -0.16982313
v -0.41802257 1.84346700 -0.16794626
v -0.35448265 1.80706441 -0.19763659
v -0.35511726 1.79883277 -0.20166759
v -0.36808658 1.80111873 -0.20334528
v -0.38100290 1.80309546 -0.20489399
v -0.39370477 1.80370080 -0.20411383
v -0.39338511 1.81586933 -0.20087735
v -0.36836994 1.79250455 -0.20602630
v -0.40946877 1.83575702 -0.17207725
v -0.40584493 1.84271538 -0.17063163
v -0.40658927 1.83853698 -0.17697044
v -0.37366384 1.78632188 -0.17606096
v -0.42060584 1.85518169 -0.14955716
v -0.31938982 1.81677556 -0.16639344
v -0.32100618 1.81410718 -0.17831455
v -0.33119327 1.81771553 -0.17951880
v -0.32778841 1.82038212 -0.16548367
v -0.42542750 1.84585285 -0.15167879
v -0.42296493 1.85001159 -0.14866363
v -0.40956354 1.79684162 -0.19063242
v -0.41441876 1.80213618 -0.19184665
v -0.41473931 1.80113924 -0.19635208
v -0.41117722 1.79605019 -0.19668864
v -0.35607088 1.79063785 -0.20418672
v -0.39924538 1.78348756 -0.21030580
v -0.39742434 1.79401445 -0.21198593
v -0.34367883 1.79614627 -0.20060895
v -0.34254044 1.80454183 -0.19649629
v -0.33292907 1.80239248 -0.19531654
v -0.39808202 1.82569551 -0.19276212
v -0.35457754 1.81455517 -0.19302635
v -0.34239000 1.81133819 -0.19165264
v -0.33152598 1.80958331 -0.18949191
v -0.32267594 1.80705237 -0.18805532
v -0.32470089 1.79945326 -0.19453476
v -0.42105287 1.85970426 -0.16496472
v -0.43061322 1.85869169 -0.16832103
v -0.31525981 1.79532516 -0.19449835
v -0.30457968 1.78963649 -0.19485749
v -0.30271715 1.79694915 -0.18695883
v -0.31339371 1.80307364 -0.18735449
v -0.34221280 1.81780267 -0.18529169
v -0.34184921 1.82314491 -0.17766429
v -0.35478199 1.82109904 -0.18703751
v -0.35499907 1.82738245 -0.17892991
v -0.39502430 1.83469939 -0.18712024
v -0.44643515 1.86025524 -0.16681246
v -0.43882620 1.85626447 -0.16729619
v -0.44009078 1.85206723 -0.16417925
v -0.44768316 1.85633385 -0.16454612
v -0.43329567 1.85319734 -0.16800211
v -0.43621862 1.86127305 -0.16731529
v -0.35477024 1.83245850 -0.16702710
v -0.41176373 1.82783067 -0.16697006
v -0.34000337 1.82651603 -0.16230325
v -0.35747051 1.83678579 -0.15349744
v -0.34722638 1.83297181 -0.14877222
v -0.32444340 1.81951702 -0.15243717
v -0.33220494 1.82483923 -0.14721493
v -0.31052458 1.81071770 -0.15590124
v -0.31781638 1.81494999 -0.15482996
v -0.30089629 1.80553341 -0.15519635
v -0.34123915 1.83163583 -0.13835661
v -0.44231963 1.85779548 -0.14996688
v -0.44483328 1.85412061 -0.15375255
v -0.31083143 1.81278288 -0.16651444
v -0.30022275 1.80743182 -0.16553725
v -0.36483514 1.81404150 -0.12792908
v -0.36501998 1.78235173 -0.17247565
v -0.36381221 1.78794241 -0.17000131
v -0.36434376 1.76764905 -0.18518935
v -0.36575574 1.77439308 -0.17611496
v -0.30077451 1.80412412 -0.17724897
v -0.30816525 1.75723290 -0.15921138
v -0.31041008 1.75268900 -0.16785525
v -0.29044461 1.78753912 -0.18639134
v -0.44056261 1.86250961 -0.14961915
v -0.41689467 1.82086074 -0.18537693
v -0.41594470 1.81970763 -0.18770464
v -0.35223478 1.82209277 -0.11367016
v -0.35800171 1.82838988 -0.11044596
v -0.35469168 1.83899653 -0.11634953
v -0.35530007 1.83371902 -0.11188291
v -0.34777278 1.82861018 -0.11533089
v -0.34686899 1.83461225 -0.12142627
v -0.35523558 1.78192949 -0.16685431
v -0.35687816 1.77767611 -0.16952460
v -0.35829788 1.77919412 -0.20333247
v -0.36176902 1.76945007 -0.19713067
v -0.39977926 1.84883499 -0.15268151
v -0.39149523 1.84767199 -0.15892123
v -0.39941579 1.85079503 -0.15950857
v -0.40967458 1.85414100 -0.16587846
v -0.41220438 1.83370852 -0.16889693
v -0.41240531 1.83812737 -0.16736124
v -0.34488994 1.78709185 -0.14592265
v -0.35533154 1.79289281 -0.15357326
v -0.36988401 1.82460320 -0.12996559
v -0.37078536 1.82948971 -0.12613349
v -0.39835912 1.81179571 -0.17115463
v -0.40880322 1.83104360 -0.19045804
v -0.40521657 1.83761573 -0.18606396
v -0.40596390 1.81618762 -0.17163746
v -0.44019884 1.86848938 -0.15686141
v -0.44000608 1.86629248 -0.15193774
v -0.40078008 1.84947634 -0.16698422
v -0.40088499 1.79586172 -0.18421917
v -0.40757555 1.82304311 -0.19330426
v -0.41349596 1.82591414 -0.18927942
v -0.39916110 1.77836573 -0.20452134
v -0.31176740 1.80989456 -0.17788510
v -0.43957335 1.84979653 -0.15853374
v -0.44707328 1.85296667 -0.15944771
v -0.44396430 1.86420310 -0.16631795
v -0.44136906 1.86764169 -0.16246556
v -0.35223222 1.76793325 -0.19423823
v -0.36318123 1.79212582 -0.16790937
v -0.31126010 1.75064015 -0.17753880
v -0.34871817 1.83764291 -0.13001852
v -0.35675019 1.84205735 -0.12295417
v -0.41281521 1.82064247 -0.17273493
v -0.40063113 1.79937315 -0.20643507
v -0.40218127 1.81749535 -0.20146398
v -0.40878147 1.81906235 -0.20244394
v -0.41126746 1.82386613 -0.19629233
v -0.41538334 1.82301116 -0.19189195
v -0.45007229 1.86672282 -0.16620587
v -0.44777757 1.87022352 -0.16230695
v -0.44690567 1.87131023 -0.15674834
v -0.44638795 1.86875713 -0.15202098
v -0.44638938 1.86455154 -0.15008290
v -0.45224845 1.86297393 -0.16669483
v -0.45312953 1.85902500 -0.16442703
v -0.45222181 1.85573387 -0.15961219
v -0.45744205 1.86478174 -0.16652437
v -0.45642728 1.86912370 -0.16590782
v -0.45931882 1.87537968 -0.15497981
v -0.45383155 1.87405014 -0.15679379
v -0.45716542 1.87460840 -0.15896742
v -0.46056068 1.87589824 -0.15827446
v -0.46471280 1.87704706 -0.15816586
v -0.46417546 1.87597871 -0.15488182
v -0.45685804 1.87328076 -0.16202949
v -0.46099669 1.87469292 -0.16222779
v -0.46209621 1.87183499 -0.16487040
v -0.46631259 1.87319756 -0.16496553
v -0.46544081 1.87607288 -0.16237219
v -0.45837718 1.87134922 -0.16440149
v -0.45316976 1.87224150 -0.16214798
v -0.46849209 1.87625647 -0.15645058
v -0.46780562 1.87762094 -0.15860759
v -0.46936196 1.87699080 -0.16193835
v -0.47135812 1.87528527 -0.16034947
v -0.45184445 1.87077439 -0.15224631
v -0.45847631 1.87247276 -0.15237848
v -0.46431130 1.87322116 -0.15304600
v -0.46894228 1.87345982 -0.15497081
v -0.45923454 1.86891222 -0.15136088
v -0.46500123 1.87007678 -0.15292619
v -0.46883017 1.87034357 -0.15485279
v -0.46101278 1.86534417 -0.15241008
v -0.46617955 1.86735976 -0.15398170
v -0.45306122 1.86229229 -0.15121494
v -0.45165592 1.86656427 -0.15047397
v -0.46860808 1.86846614 -0.15531461
v -0.47163987 1.87236273 -0.15894066
v -0.46230263 1.86910939 -0.16623591
v -0.46718729 1.87052763 -0.16581900
v -0.46307760 1.86625516 -0.16608857
v -0.46798807 1.86792994 -0.16522478
v -0.47098488 1.87267053 -0.16438945
v -0.46954954 1.87468445 -0.16464369
v -0.44765598 1.85978091 -0.15064166
v -0.45005983 1.85650218 -0.15464853
v -0.45538640 1.85883975 -0.15489484
v -0.46289021 1.86184812 -0.15559308
v -0.45698774 1.85815930 -0.15984254
v -0.45804036 1.86107552 -0.16432770
v -0.46353257 1.86349010 -0.16419403
v -0.46349370 1.86133838 -0.16055314
v -0.46813208 1.86567962 -0.16330989
v -0.46803570 1.86449981 -0.16042422
v -0.46748060 1.86530960 -0.15675502
v -0.47086221 1.86780846 -0.16142254
v -0.47139311 1.87012565 -0.16309537
v -0.47089416 1.86968839 -0.15811791
v -0.46991891 1.86658621 -0.15988846
v -0.46953237 1.86759770 -0.15749870
v -0.44833982 1.84247100 -0.17606823
v -0.44996476 1.83826423 -0.17958175
v -0.44276416 1.83630180 -0.17863534
v -0.44128126 1.84040880 -0.17523156
v -0.44344056 1.85320365 -0.18213068
v -0.44495010 1.85064864 -0.17673217
v -0.43809545 1.84906912 -0.17656071
v -0.43665588 1.85137987 -0.18210964
v -0.44347930 1.85109782 -0.18856095
v -0.43681437 1.84909844 -0.18879037
v -0.42888147 1.84881699 -0.18135275
v -0.43046844 1.84633613 -0.17578872
v -0.41807568 1.83963156 -0.17389651
v -0.41608638 1.84301734 -0.17889939
v -0.42333263 1.82304120 -0.17992710
v -0.42373133 1.82480192 -0.18539004
v -0.44683903 1.84672165 -0.17481382
v -0.43987101 1.84479737 -0.17438500
v -0.43586022 1.83140588 -0.18720530
v -0.43613160 1.83043611 -0.18183626
v -0.44370550 1.83415508 -0.18333359
v -0.44358259 1.83480656 -0.18844639
v -0.42028576 1.83072126 -0.17086343
v -0.42168617 1.82577431 -0.17450263
v -0.41944855 1.83550799 -0.17137603
v -0.43439239 1.83490980 -0.19178872
v -0.43182093 1.84055138 -0.19277604
v -0.41873002 1.83573961 -0.19130366
v -0.42204970 1.82966208 -0.19017874
v -0.43212944 1.84181118 -0.17345293
v -0.43494958 1.83264971 -0.17688258
v -0.43361878 1.83700025 -0.17361604
v -0.42910165 1.84641528 -0.18833940
v -0.43957287 1.84304500 -0.19292705
v -0.45736271 1.84454954 -0.19310091
v -0.44867003 1.84072208 -0.19254325
v -0.45042425 1.83715737 -0.18951337
v -0.45949560 1.84097207 -0.19069366
v -0.44213212 1.83796144 -0.19209437
v -0.44602680 1.84562969 -0.19276915
v -0.45856470 1.84549916 -0.17723452
v -0.46006209 1.84152770 -0.18110962
v -0.45686322 1.84956646 -0.17577045
v -0.41579717 1.84186459 -0.18699376
v -0.45304281 1.85581803 -0.18238048
v -0.45490289 1.85316241 -0.17740731
v -0.45089191 1.83613515 -0.18441366
v -0.46040070 1.83943510 -0.18591724
v -0.45485497 1.84921932 -0.19292538
v -0.45255715 1.85401702 -0.18867449
v -0.46229815 1.85167563 -0.19306089
v -0.46049875 1.85614753 -0.18908493
v -0.46085227 1.85807657 -0.18311135
v -0.46197605 1.85515094 -0.17834313
v -0.46314448 1.85145092 -0.17708625
v -0.46423846 1.84736693 -0.19340460
v -0.46554536 1.84394121 -0.19123124
v -0.46595752 1.84191656 -0.18688883
v -0.47097105 1.84962296 -0.19405495
v -0.47008419 1.85409272 -0.19396143
v -0.48031527 1.86244166 -0.18447219
v -0.47459972 1.86165154 -0.18363146
v -0.47531646 1.86167026 -0.18715672
v -0.48007965 1.86348653 -0.18770640
v -0.46857566 1.86038005 -0.18449084
v -0.47176987 1.86056995 -0.18748675
v -0.47172368 1.85897613 -0.19054233
v -0.47577083 1.86045659 -0.19142722
v -0.47663122 1.85708547 -0.19386296
v -0.48117697 1.85872853 -0.19484477
v -0.48057687 1.86251068 -0.19240279
v -0.47272533 1.85655832 -0.19296746
v -0.48381925 1.86431468 -0.18880914
v -0.48496032 1.86258578 -0.18718247
v -0.46735162 1.85806668 -0.19006924
v -0.46791977 1.85731721 -0.17958142
v -0.47461075 1.85894680 -0.18063639
v -0.48086685 1.85956001 -0.18264781
v -0.48561352 1.85941458 -0.18589745
v -0.47573191 1.85511267 -0.17977647
v -0.48179519 1.85628498 -0.18225895
v -0.48556697 1.85663152 -0.18542151
v -0.47710145 1.85101295 -0.18097244
v -0.48278075 1.85328269 -0.18341897
v -0.46923298 1.84879982 -0.17940013
v -0.46828651 1.85315943 -0.17815004
v -0.48514628 1.85458660 -0.18547378
v -0.48743176 1.86183882 -0.19169740
v -0.48785472 1.85871983 -0.19013117
v -0.48533815 1.86422729 -0.19291542
v -0.47688609 1.85439241 -0.19441138
v -0.48189795 1.85599160 -0.19503509
v -0.47732973 1.85162210 -0.19478939
v -0.48277444 1.85366905 -0.19514684
v -0.48604810 1.85870719 -0.19503193
v -0.48473632 1.86063778 -0.19526981
v -0.46428204 1.84740376 -0.17846845
v -0.46539611 1.84365892 -0.18213917
v -0.47049314 1.84488869 -0.18288015
v -0.47832543 1.84731817 -0.18447070
v -0.47077984 1.84352577 -0.18760125
v -0.47127140 1.84609711 -0.19193052
v -0.47783303 1.84869933 -0.19281428
v -0.47828877 1.84650552 -0.18912588
v -0.48315138 1.85131025 -0.19320063
v -0.48340911 1.84956050 -0.19005512
v -0.48341775 1.85039783 -0.18625663
v -0.48654908 1.85371196 -0.19202797
v -0.48682064 1.85619736 -0.19402300
v -0.48716086 1.85565460 -0.18870221
v -0.48586249 1.85199273 -0.19006430
v -0.48589921 1.85318780 -0.18764202
v -0.44534826 1.82225215 -0.19496243
v -0.44609469 1.81689548 -0.19659333
v -0.43997705 1.81577790 -0.19558038
v -0.43954176 1.82111502 -0.19385438
v -0.44175470 1.83015549 -0.20309196
v -0.44298029 1.82966256 -0.19953732
v -0.43679500 1.82876301 -0.19798373
v -0.43470258 1.82955408 -0.20184194
v -0.44132495 1.82747269 -0.20770429
v -0.43392271 1.82620072 -0.20676769
v -0.42796218 1.82846153 -0.20046215
v -0.43065292 1.82736421 -0.19601516
v -0.42113692 1.82396948 -0.19331522
v -0.41810280 1.82583976 -0.19818275
v -0.44441009 1.82680607 -0.19666158
v -0.43848455 1.82573056 -0.19514219
v -0.43273747 1.80939198 -0.20091195
v -0.43337196 1.80998874 -0.19688688
v -0.43996662 1.81243217 -0.19908570
v -0.43934941 1.81197476 -0.20290022
v -0.42218029 1.81474984 -0.18841304
v -0.42187923 1.80938351 -0.19022517
v -0.42229486 1.81983542 -0.18991677
v -0.43117136 1.81213868 -0.20569499
v -0.42845857 1.81787491 -0.20819961
v -0.41810703 1.81399858 -0.20544611
v -0.42024916 1.80843115 -0.20204072
v -0.43260366 1.82393289 -0.19301061
v -0.43369353 1.81331062 -0.19311534
v -0.43339366 1.81897950 -0.19157983
v -0.42681283 1.82446289 -0.20559980
v -0.43530315 1.81979346 -0.20919670
v -0.45407474 1.81958437 -0.21053587
v -0.44414276 1.81619954 -0.20856790
v -0.44571823 1.81308639 -0.20456366
v -0.45549554 1.81641793 -0.20726053
v -0.43778658 1.81426096 -0.20721154
v -0.44240701 1.82172883 -0.21024849
v -0.45476693 1.82388020 -0.19697265
v -0.45554429 1.81891537 -0.19879921
v -0.45383483 1.82812798 -0.19838886
v -0.41675538 1.82153320 -0.20374195
v -0.42167372 1.80490947 -0.19748639
v -0.45191860 1.83185625 -0.20446952
v -0.45281261 1.83112311 -0.20107548
v -0.44618756 1.81323624 -0.20031781
v -0.45580059 1.81577277 -0.20280723
v -0.45244592 1.82453680 -0.21164022
v -0.45124888 1.82972288 -0.20902042
v -0.45924681 1.82631850 -0.21295325
v -0.45826638 1.83120835 -0.21008764
v -0.45897913 1.83359742 -0.20567586
v -0.45963019 1.83223939 -0.20207725
v -0.46010101 1.82902956 -0.19963183
v -0.46093440 1.82168460 -0.21181406
v -0.46173209 1.81899190 -0.20875786
v -0.46134317 1.81786525 -0.20428042
v -0.46595979 1.82294202 -0.21275322
v -0.46538514 1.82781291 -0.21365629
v -0.47664177 1.83724701 -0.20755444
v -0.47171348 1.83639693 -0.20650594
v -0.47189152 1.83565211 -0.20886649
v -0.47618949 1.83715379 -0.20996095
v -0.46561682 1.83510232 -0.20696680
v -0.46824336 1.83490324 -0.20894511
v -0.46744889 1.83304012 -0.21158563
v -0.47153950 1.83425713 -0.21258996
v -0.47140390 1.83003259 -0.21394198
v -0.47565508 1.83124113 -0.21494119
v -0.47593921 1.83546531 -0.21348886
v -0.46786606 1.83024549 -0.21341039
v -0.47911769 1.83768165 -0.21109007
v -0.48035818 1.83726561 -0.20949896
v -0.46381629 1.83235705 -0.21100573
v -0.46530497 1.83341348 -0.20275895
v -0.47145462 1.83465362 -0.20345731
v -0.47709298 1.83539629 -0.20505874
v -0.48069292 1.83483481 -0.20732184
v -0.47150660 1.83124089 -0.20158140
v -0.47700584 1.83214307 -0.20338057
v -0.48015505 1.83181119 -0.20557524
v -0.47153807 1.82735372 -0.20126148
v -0.47689331 1.82887375 -0.20325811
v -0.46514720 1.82594240 -0.20000367
v -0.46518683 1.82993305 -0.20047058
v -0.47926593 1.82965577 -0.20502596
v -0.48152941 1.83483529 -0.21277277
v -0.48204184 1.83207929 -0.21070497
v -0.47959799 1.83625209 -0.21403317
v -0.47111946 1.82725072 -0.21427767
v -0.47583318 1.82850945 -0.21483175
v -0.47141546 1.82431197 -0.21303187
v -0.47644001 1.82617068 -0.21359710
v -0.47952491 1.83093119 -0.21485563
v -0.47863245 1.83272648 -0.21527945
v -0.46041358 1.82495928 -0.19879274
v -0.46067780 1.82059538 -0.20048799
v -0.46530181 1.82192397 -0.20159666
v -0.47200412 1.82353473 -0.20307659
v -0.46574789 1.81935024 -0.20514350
v -0.46633440 1.82047236 -0.20945625
v -0.47181326 1.82221937 -0.21043386
v -0.47197872 1.82132888 -0.20672719
v -0.47672194 1.82437503 -0.21125375
v -0.47703910 1.82366681 -0.20817797
v -0.47720075 1.82566094 -0.20500027
v -0.47998345 1.82682991 -0.21092795
v -0.48006350 1.82864082 -0.21323238
v -0.48124737 1.82960093 -0.20850967
v -0.47933400 1.82575440 -0.20881985
v -0.47977811 1.82772529 -0.20674540
v -0.42156833 1.80592442 -0.19372837
v -0.43112564 1.79276574 -0.21022858
v -0.43071413 1.78863895 -0.21052487
v -0.42626780 1.78868556 -0.20881478
v -0.42653859 1.79259765 -0.20856689
v -0.42857969 1.79918909 -0.21924435
v -0.43004435 1.79928815 -0.21520935
v -0.42505479 1.79952502 -0.21321045
v -0.42323303 1.79953814 -0.21756984
v -0.42730033 1.79487538 -0.22250424
v -0.42185026 1.79499698 -0.22105230
v -0.41745955 1.79941773 -0.21467219
v -0.41967511 1.79946995 -0.21018778
v -0.41107011 1.79867613 -0.20562549
v -0.40783960 1.79927421 -0.21008848
v -0.40422654 1.78029430 -0.20481138
v -0.40527356 1.78179681 -0.20044260
v -0.41216016 1.78296757 -0.20357661
v -0.41054755 1.78097475 -0.20723067
v -0.43093032 1.79657388 -0.21211885
v -0.42621487 1.79662013 -0.21005340
v -0.41962057 1.78237033 -0.21134315
v -0.42113793 1.78438628 -0.20791896
v -0.42563301 1.78523850 -0.21059923
v -0.42454594 1.78326499 -0.21376114
v -0.40688729 1.78522360 -0.19723730
v -0.40869898 1.79010487 -0.19561921
v -0.41332054 1.79110646 -0.20071392
v -0.41334289 1.78653598 -0.20139883
v -0.41305918 1.79489124 -0.20236413
v -0.41776437 1.78342795 -0.21534221
v -0.41635430 1.78813291 -0.21846662
v -0.40626937 1.78633213 -0.21444283
v -0.40860462 1.78207886 -0.21115135
v -0.42130244 1.79616964 -0.20731477
v -0.42180324 1.78800488 -0.20604406
v -0.42193431 1.79237723 -0.20576330
v -0.41582954 1.79485345 -0.21852712
v -0.42213839 1.78881025 -0.22078334
v -0.43462133 1.78477716 -0.22169890
v -0.42780882 1.78443480 -0.21950398
v -0.42892361 1.78292775 -0.21570520
v -0.43534756 1.78323007 -0.21832578
v -0.42317486 1.78431678 -0.21769868
v -0.42720956 1.78888321 -0.22227840
v -0.43767077 1.79308712 -0.21252774
v -0.43697667 1.78864431 -0.21267311
v -0.43746364 1.79662204 -0.21439479
v -0.40543962 1.79476762 -0.21476673
v -0.43556732 1.79913950 -0.22106527
v -0.43690795 1.79906702 -0.21725683
v -0.43000215 1.78504121 -0.21239661
v -0.43621606 1.78493524 -0.21497779
v -0.43415880 1.78913641 -0.22415097
v -0.43422985 1.79504609 -0.22411762
v -0.43979186 1.78950071 -0.22602139
v -0.43973345 1.79544914 -0.22592683
v -0.44098282 1.79936957 -0.22251432
v -0.44181347 1.79931080 -0.21865122
v -0.44189107 1.79674590 -0.21585752
v -0.44020724 1.78527284 -0.22355305
v -0.44047052 1.78415799 -0.22020219
v -0.44061166 1.78575814 -0.21693157
v -0.44476444 1.78641462 -0.22483443
v -0.44513142 1.79066718 -0.22746728
v -0.45575142 1.79995418 -0.22428797
v -0.45160973 1.80005062 -0.22339197
v -0.45144588 1.79897678 -0.22548373
v -0.45499170 1.79952264 -0.22628905
v -0.44628906 1.79940844 -0.22375201
v -0.44800693 1.79855347 -0.22562520
v -0.44688022 1.79614592 -0.22744010
v -0.45041448 1.79685330 -0.22815861
v -0.45005763 1.79279566 -0.22916822
v -0.45414758 1.79318213 -0.22975229
v -0.45415479 1.79747748 -0.22937132
v -0.44730896 1.79320431 -0.22830655
v -0.45744085 1.79980874 -0.22756211
v -0.45879632 1.79940414 -0.22611667
v -0.44412571 1.79584575 -0.22678797
v -0.44625688 1.79933918 -0.22003286
v -0.45168537 1.79963338 -0.22104792
v -0.45655084 1.79923058 -0.22243024
v -0.45948750 1.79765487 -0.22422738
v -0.45109761 1.79746640 -0.21904965
v -0.45623958 1.79720974 -0.22076933
v -0.45889300 1.79578996 -0.22266482
v -0.45039630 1.79424846 -0.21778993
v -0.45546919 1.79453135 -0.21984641
v -0.44528353 1.79347587 -0.21592738
v -0.44591165 1.79707003 -0.21749701
v -0.45797271 1.79445028 -0.22159658
v -0.45948970 1.79629886 -0.22850071
v -0.45998245 1.79478014 -0.22613995
v -0.45747912 1.79757619 -0.23023026
v -0.44999146 1.78997517 -0.22819741
v -0.45474422 1.79064322 -0.22896443
v -0.44966173 1.78742933 -0.22596882
v -0.45504194 1.78892505 -0.22680907
v -0.45797873 1.79273033 -0.22928463
v -0.45678854 1.79411590 -0.23049237
v -0.44166899 1.79327118 -0.21428885
v -0.44104713 1.78910327 -0.21468408
v -0.44472706 1.78951144 -0.21613179
v -0.44987035 1.79044247 -0.21787499
v -0.44456434 1.78635716 -0.21826594
v -0.44466382 1.78508043 -0.22148119
v -0.44996315 1.78643823 -0.22310622
v -0.44998980 1.78740239 -0.21989743
v -0.45513719 1.78847480 -0.22423391
v -0.45517063 1.78929663 -0.22175522
v -0.45510972 1.79167676 -0.22009163
v -0.45825833 1.79120481 -0.22462313
v -0.45852298 1.79163611 -0.22696482
v -0.45932496 1.79370987 -0.22398899
v -0.45767009 1.79110909 -0.22288059
v -0.45809543 1.79280257 -0.22219698
v -0.40358794 1.78135133 -0.20850118
v -0.36880291 1.84625232 -0.12171333
v -0.37278062 1.84297609 -0.12348919
v -0.37387329 1.83080530 -0.11274712
v -0.37616408 1.83399558 -0.11835824
v -0.36933351 1.83129478 -0.10781215
v -0.36294252 1.83940506 -0.10674919
v -0.36562949 1.83498025 -0.10593207
v -0.37567532 1.83893251 -0.12254451
v -0.36451465 1.84761441 -0.11706002
v -0.36205673 1.84451032 -0.11072759
v -0.37129253 1.85331511 -0.11183755
v -0.36901760 1.85047221 -0.10523187
v -0.36954272 1.84489834 -0.10080402
v -0.37161601 1.83938169 -0.10077910
v -0.37445092 1.83533025 -0.10358061
v -0.37468028 1.85184264 -0.11724947
v -0.37787819 1.84783959 -0.11972855
v -0.37997842 1.84231627 -0.11825921
v -0.38037759 1.85733175 -0.11311193
v -0.37946957 1.86029935 -0.10610412
v -0.38469642 1.85693657 -0.08967297
v -0.38126194 1.85362697 -0.09189607
v -0.38065857 1.85776031 -0.09288318
v -0.38279039 1.86055303 -0.09057282
v -0.37693483 1.85138381 -0.09535773
v -0.37884265 1.85643709 -0.09502225
v -0.37919730 1.85984266 -0.09828709
v -0.38037330 1.86245632 -0.09630357
v -0.38046038 1.86233366 -0.10162280
v -0.38212913 1.86514783 -0.10101946
v -0.38222498 1.86549377 -0.09362905
v -0.38506341 1.86340714 -0.08937328
v -0.38528484 1.86708379 -0.09182535
v -0.38757092 1.86124003 -0.08890651
v -0.37665820 1.85657597 -0.10069291
v -0.37723696 1.84433222 -0.09610395
v -0.38255650 1.84913778 -0.09254317
v -0.38733304 1.85380042 -0.09050839
v -0.39050704 1.85860837 -0.09084429
v -0.38546354 1.84548199 -0.09567995
v -0.39005691 1.85158491 -0.09410219
v -0.39209658 1.85634875 -0.09429123
v -0.38818371 1.84488022 -0.10096483
v -0.39159173 1.85142469 -0.09830214
v -0.38204736 1.83802688 -0.10516258
v -0.37938070 1.83952880 -0.09939267
v -0.39266950 1.85506761 -0.09712611
v -0.38935781 1.86603379 -0.09182172
v -0.39195317 1.86285484 -0.09427668
v -0.38422197 1.86425018 -0.10496430
v -0.38418370 1.86767077 -0.09873317
v -0.38722688 1.86689866 -0.10207485
v -0.38606763 1.86165404 -0.10888694
v -0.38990891 1.86425841 -0.10447969
v -0.38899690 1.86804116 -0.09773301
v -0.38578624 1.86907291 -0.09596734
v -0.37759870 1.83419514 -0.10857610
v -0.37977791 1.83718395 -0.11389305
v -0.38391685 1.84131122 -0.11111961
v -0.38947517 1.84734297 -0.10663886
v -0.38401586 1.84666276 -0.11550121
v -0.38269472 1.85276389 -0.11649357
v -0.38840544 1.85761034 -0.11108990
v -0.38986045 1.85227740 -0.11035140
v -0.39187843 1.86067176 -0.10560675
v -0.39253688 1.85658956 -0.10484074
v -0.39247358 1.85330832 -0.10206901
v -0.39303911 1.86129844 -0.10085522
v -0.39173049 1.86497188 -0.09949075
v -0.39303607 1.85967517 -0.09687607
v -0.39325291 1.85849881 -0.10154636
v -0.39315403 1.85688674 -0.09916060
v -0.40029067 1.77921796 -0.19821112
v -0.40165240 1.78339386 -0.19363035
v -0.39482331 1.78046119 -0.19147323
v -0.38673860 1.77663565 -0.18924354
v -0.37918204 1.77130914 -0.19329379
v -0.38608515 1.78202164 -0.18475349
v -0.39426899 1.78574574 -0.18736325
v -0.40324378 1.79011250 -0.18997444
v -0.37880355 1.78410268 -0.17954178
v -0.23305127 1.90222287 0.15660501
v -0.23634179 1.90356541 0.15777208
v -0.23376797 1.89601541 0.15781948
v -0.23090844 1.89601231 0.15690646
v -0.24022348 1.89677572 0.16183396
v -0.23710021 1.89612746 0.15918261
v -0.24016750 1.90461457 0.16057184
v -0.24340013 1.90463591 0.16488896
v -0.24671295 1.90086436 0.17258731
v -0.24803790 1.89953947 0.17374672
v -0.24788147 1.89859021 0.17292951
v -0.24649709 1.89843512 0.17120452
v -0.24489857 1.89790022 0.16783141
v -0.22679590 1.89806831 0.15639770
v -0.22806931 1.89943767 0.15625715
v -0.23032135 1.90091836 0.15623930
v -0.24291395 1.89735317 0.16460440
v -0.22843269 1.89630866 0.15662822
v -0.22695072 1.89693379 0.15654518
v -0.24531345 1.90342438 0.16932142
v -0.23995353 1.89912021 0.16139704
v -0.23672014 1.89856744 0.15896535
v -0.23986003 1.90195131 0.16090778
v -0.24290633 1.90223658 0.16440462
v -0.24567494 1.89957988 0.16968279
v -0.24457394 1.89965618 0.16737038
v -0.23362440 1.89804173 0.15760666
v -0.24268734 1.89960051 0.16428831
v -0.23633422 1.90110385 0.15844887
v -0.24485111 1.90169239 0.16788957
v -0.24581496 1.90071619 0.17017511
v -0.22784644 1.89798284 0.15650982
v -0.22791299 1.89751649 0.15653886
v -0.23801389 1.65600729 0.19591029
v -0.24306342 1.63830364 0.19033709
v -0.23338012 1.90007854 0.15726751
v -0.22914906 1.89755666 0.15658619
v -0.23111704 1.89770615 0.15688303
v -0.23080590 1.89929998 0.15672842
v -0.22893378 1.89858854 0.15654063
v -0.14755177 1.65419900 0.01284219
v -0.14298166 1.67005265 0.00861378
v -0.09467170 1.69008327 -0.00664669
v -0.07368508 1.68103528 -0.00514720
v -0.23943405 1.37108016 0.12156381
v -0.04466216 1.42752719 0.20478866
v -0.03915378 1.44899964 0.20525242
v -0.06657354 1.44257951 0.28217834
v -0.05487603 1.43891335 0.26450801
v -0.11754340 1.40674305 0.11442824
v -0.11675747 1.42584705 0.11642948
v -0.18867823 1.39348531 0.11353616
v -0.18663649 1.41411209 0.11628114
v -0.14225551 1.38295913 0.10529107
v -0.05177407 1.39051998 0.23722133
v -0.04760383 1.38918018 0.21684650
v -0.04739021 1.41066158 0.22181973
v -0.05032425 1.41296041 0.24208851
v -0.08209772 1.44475496 0.29543924
v -0.08600010 1.42001414 0.29178390
v -0.09317924 1.44957268 0.12606919
v -0.07102376 1.45331705 0.13967237
v -0.04266667 1.46297514 0.18035729
v -0.03655455 1.46979427 0.20264956
v -0.03647788 1.47743678 0.22426830
v -0.04105918 1.48456883 0.24563664
v -0.20732176 1.43278515 0.12251246
v -0.22561459 1.45122099 0.13356161
v -0.11772320 1.44552231 0.11745778
v -0.26804712 1.42939854 0.15445304
v -0.04445359 1.51809549 0.26478958
v -0.05662355 1.52039981 0.28683543
v -0.05431636 1.45765424 0.15849888
v -0.24994129 1.59421647 0.16615823
v -0.23975532 1.59799290 0.15364954
v -0.24571630 1.58130288 0.14941376
v -0.25469711 1.57690072 0.16191813
v -0.23612675 1.58445108 0.13795844
v -0.22565895 1.58697164 0.12763974
v -0.21493116 1.58883882 0.11866713
v -0.18417604 1.58941865 0.10094705
v -0.19400215 1.58995783 0.10546297
v -0.16478181 1.58401895 0.09682624
v -0.17464359 1.58775127 0.09811261
v -0.15266958 1.57573843 0.09735504
v -0.13834147 1.56628227 0.10099292
v -0.11958921 1.57275999 0.10902454
v -0.12211289 1.55721033 0.10622500
v -0.14200507 1.55167532 0.09773065
v -0.15630603 1.56145024 0.09508854
v -0.16822337 1.56905663 0.09476707
v -0.26637366 1.51103508 0.16679434
v -0.26878640 1.53455722 0.16932619
v -0.23327243 1.67235637 0.20107870
v -0.18543343 1.64343369 -0.18295316
v -0.26018298 1.76490140 -0.14350246
v -0.10252601 1.70847547 0.28815094
v -0.09135188 1.71412599 0.27260125
v -0.06914338 1.72926807 0.21494624
v -0.07671006 1.73650110 0.19432454
v -0.06886752 1.72055614 0.23788406
v -0.07595231 1.71211350 0.25790611
v -0.14466643 1.46027076 0.11588807
v -0.07683302 1.68217206 0.27855611
v -0.06972917 1.70217645 0.25951147
v -0.06086303 1.71072769 0.23884040
v -0.05851074 1.71919465 0.21425772
v -0.06383926 1.72860098 0.18757808
v -0.06194142 1.72792816 0.17183492
v -0.04541509 1.71350479 0.15320435
v -0.04554628 1.71387541 0.14091559
v -0.04579909 1.71421909 0.12747985
v -0.05987366 1.72671103 0.12241314
v -0.05998275 1.72639048 0.13597998
v -0.05978267 1.68844235 0.02818978
v -0.06108899 1.67672300 0.01397145
v -0.05876182 1.66322839 0.00598286
v -0.05662589 1.64921772 0.00295131
v -0.05489963 1.63582206 0.00643124
v -0.05479516 1.62408829 0.01716390
v -0.05349211 1.61712217 0.03211720
v -0.05149789 1.61317182 0.08234154
v -0.04878648 1.61239052 0.09882773
v -0.03860500 1.59745526 0.13427997
v -0.03560019 1.59163129 0.14336886
v -0.02598538 1.56582212 0.17027761
v -0.02772270 1.55197644 0.18510158
v -0.02769984 1.53645277 0.19875139
v -0.03896835 1.28655839 0.22613931
v -0.03530936 1.28896582 0.20454714
v -0.03995429 1.30720758 0.20520160
v -0.04502749 1.30468500 0.22680700
v -0.07343293 1.34367287 0.26504308
v -0.08847943 1.34343362 0.28198713
v -0.05690642 1.30852962 0.13590330
v -0.07453351 1.30554330 0.11657272
v -0.03990972 1.30930758 0.18178627
v -0.04558446 1.30920994 0.15877257
v -0.09742148 1.30005896 0.10209846
v -0.19815391 1.27138221 0.10081708
v -0.22227240 1.26605463 0.10871115
v -0.26392329 1.26044643 0.13028823
v -0.28029987 1.25934124 0.14396802
v -0.12182935 1.29258382 0.09441583
v -0.24456134 1.26245701 0.11858186
v -0.14662388 1.28431082 0.09206156
v -0.17204697 1.27699125 0.09452705
v -0.06139751 1.34452891 0.24743024
v -0.05743980 1.32240188 0.24658598
v -0.04889636 1.32434905 0.22792828
v -0.05750380 1.59018779 0.29042357
v -0.04486200 1.59465349 0.27208477
v -0.03543286 1.60086417 0.25139418
v -0.02839904 1.62471902 0.23348910
v -0.02666126 1.60779822 0.23157978
v -0.02264301 1.61469817 0.21087871
v -0.02334167 1.63030684 0.21367657
v -0.02611364 1.63730109 0.17637943
v -0.02607626 1.62612700 0.17357488
v -0.02814828 1.62982035 0.16198288
v -0.02736489 1.64055312 0.16297470
v -0.02848148 1.63210845 0.14952281
v -0.02950723 1.63377917 0.13509792
v -0.03297839 1.63561332 0.11920355
v -0.03599693 1.63727403 0.10172606
v -0.03125529 1.66130519 0.10306448
v -0.02920930 1.65993822 0.11962728
v -0.02689967 1.65027916 0.17583284
v -0.02615368 1.64830911 0.19524884
v -0.06499195 1.62423134 0.28792828
v -0.07996351 1.61839008 0.30278033
v -0.10484274 1.55389321 0.11228982
v -0.08655605 1.55128038 0.11856361
v -0.06984427 1.55153406 0.12549120
v -0.05648765 1.55426800 0.13377540
v -0.04402635 1.55928802 0.14145750
v -0.03460158 1.56657934 0.15028654
v -0.03209533 1.58440661 0.15134987
v -0.02864504 1.57596684 0.15958822
v -0.02893268 1.59418368 0.15869373
v -0.02538495 1.58660889 0.16865313
v -0.02384035 1.59801710 0.17708682
v -0.02264854 1.60916698 0.18500727
v -0.02269296 1.62152207 0.19070655
v -0.02385686 1.63452899 0.19447884
v -0.02527133 1.64615536 0.21446107
v -0.02995941 1.64187336 0.23309909
v -0.04094042 1.65410984 0.25071573
v -0.04312776 1.66970265 0.24829873
v -0.03954051 1.63696921 0.25166473
v -0.03756920 1.61872673 0.25300735
v -0.09835783 1.74777925 0.22216031
v -0.09844898 1.74250507 0.24276161
v -0.04902978 1.63091981 0.04184036
v -0.04964657 1.62518978 0.04542054
v -0.05123369 1.62213624 0.03984503
v -0.05120976 1.62880063 0.03012975
v -0.05099605 1.63848722 0.02374397
v -0.04763518 1.65019178 0.03736323
v -0.04859777 1.63978410 0.03777410
v -0.05156372 1.65016437 0.02139713
v -0.05214746 1.66217434 0.02354817
v -0.04719283 1.66114867 0.03887840
v -0.05258535 1.67346811 0.02911030
v -0.04724933 1.67104888 0.04193310
v -0.05161667 1.68245876 0.03839870
v -0.04733904 1.67794752 0.04531604
v -0.03614314 1.68415606 0.08530005
v -0.03954072 1.68249500 0.07051370
v -0.04372953 1.68018425 0.05604838
v -0.03908832 1.63763928 0.08401193
v -0.04213949 1.63924408 0.06762742
v -0.04535578 1.63994646 0.05215536
v -0.04363546 1.65026867 0.05271311
v -0.04001120 1.64953113 0.06786352
v -0.03638616 1.64842772 0.08435333
v -0.06126568 1.60770798 0.28986630
v -0.04841562 1.61328447 0.27322543
v -0.02760759 1.64331067 0.14954700
v -0.02834074 1.64554167 0.13668057
v -0.03009562 1.64714742 0.12069570
v -0.03285296 1.64871168 0.10241304
v -0.02729063 1.65809894 0.13447133
v -0.02717897 1.65606427 0.14846417
v -0.02775997 1.65350401 0.16215850
v -0.05079915 1.63056409 0.27089182
v -0.07568075 1.60261488 0.30500054
v -0.14185032 1.70031977 0.09464249
v -0.12718561 1.72028673 0.09966442
v -0.10451290 1.73257601 0.10518968
v -0.08025284 1.73438978 0.11364333
v -0.14196891 1.58896434 -0.11951728
v -0.08882916 1.39545953 0.28782195
v -0.09012201 1.37057757 0.28441659
v -0.07457288 1.36893010 0.26860297
v -0.07140502 1.52087772 0.30436492
v -0.07083702 1.58689404 0.30658621
v -0.21566017 1.55879486 0.10392877
v -0.22579294 1.55832660 0.11105786
v -0.22093675 1.57320809 0.11463538
v -0.21041331 1.57408774 0.10740120
v -0.19442491 1.55935252 0.09504272
v -0.20488408 1.55934036 0.09834096
v -0.19965845 1.57429123 0.10194227
v -0.18919699 1.57408416 0.09792634
v -0.18380903 1.55798173 0.09309444
v -0.17905560 1.57278657 0.09559777
v -0.20887142 1.54366469 0.09587543
v -0.21919630 1.54333556 0.10092540
v -0.22885138 1.54334068 0.10807257
v -0.18823586 1.54379606 0.09136683
v -0.19818018 1.54419971 0.09299266
v -0.26650655 1.78194451 0.18567240
v -0.27747482 1.78932881 0.17562813
v -0.28743723 1.83456600 0.17044193
v -0.28567812 1.83876061 0.17175516
v -0.22655351 1.69612241 0.21022463
v -0.22637333 1.70709920 0.21144092
v -0.26715174 1.55430686 0.17191708
v -0.25961202 1.58967364 0.17863990
v -0.25350848 1.60467601 0.18124519
v -0.24813202 1.62085640 0.18502814
v -0.22917466 1.68553436 0.20573272
v -0.26373792 1.57188225 0.17495304
v -0.02874041 1.11511135 0.14992863
v -0.02537343 1.09679723 0.17549202
v -0.02174294 1.12684917 0.17232956
v -0.02031422 1.11355054 0.19083758
v -0.03148471 1.19732594 0.15126340
v -0.02839714 1.17017674 0.15514053
v -0.03237104 1.22570050 0.14960411
v -0.02211012 1.10575700 0.21477874
v -0.03054343 1.10243988 0.24099606
v -0.02367760 1.12513292 0.24903041
v -0.02268538 1.22352052 0.17653291
v -0.02119912 1.19720602 0.17783235
v -0.01813780 1.13492060 0.18615976
v -0.02476336 1.14622951 0.16151521
v -0.01818483 1.14954376 0.18350416
v -0.01725432 1.12630367 0.22348459
v -0.01642285 1.12989295 0.20125872
v -0.05652317 1.28220260 0.26593828
v -0.06314537 1.26373172 0.29102522
v -0.04782629 1.26353776 0.26784882
v -0.03605019 1.29167664 0.18048184
v -0.02708831 1.26963544 0.20331635
v -0.01452607 1.14844847 0.20460387
v -0.01422638 1.14810824 0.22828472
v -0.02037168 1.14889264 0.25377521
v -0.02356742 1.22155654 0.25140956
v -0.01992787 1.19885325 0.25457707
v -0.01445213 1.19692218 0.22938335
v -0.01791488 1.22189128 0.22694770
v -0.02089436 1.24719429 0.20273769
v -0.01744448 1.22253716 0.20245546
v -0.02938913 1.24429071 0.24886805
v -0.02295952 1.24576831 0.22625571
v -0.03031094 1.26745081 0.22613187
v -0.01508738 1.19633329 0.20366302
v -0.03126331 1.17532301 0.28237480
v -0.01918471 1.17400455 0.25611705
v -0.05145700 1.17695141 0.30566078
v -0.03741333 1.26539731 0.24710582
v -0.04637888 1.28452396 0.24600679
v -0.05311739 1.30314469 0.24578154
v -0.06211291 1.36800444 0.25090975
v -0.17533290 0.90373182 0.06083874
v -0.20340458 1.06441712 0.21897185
v -0.18495736 1.06478977 0.23560181
v -0.11281301 1.15429997 0.06851549
v -0.05077602 1.13443828 0.10613614
v -0.03470531 1.14082241 0.13531464
v -0.23548454 1.07871711 0.16106227
v -0.22911108 1.06932235 0.18562156
v -0.14507559 1.14796841 0.06533234
v -0.20151883 1.11605561 0.08667026
v -0.21749271 1.06547356 0.20364122
v -0.01934183 1.17187345 0.18040618
v -0.01391914 1.17101979 0.20448817
v -0.01373304 1.17181802 0.22965592
v -0.03349894 1.15060925 0.28072059
v -0.05416377 1.15368915 0.30414772
v -0.26007304 1.12374949 0.15919271
v -0.26587009 1.13388884 0.16003276
v -0.27226812 1.13181460 0.16722886
v -0.26692861 1.11701477 0.17058359
v -0.19881511 1.24919522 0.10141794
v -0.22272439 1.24360096 0.11135264
v -0.26390377 1.23830891 0.13473547
v -0.27955136 1.23758173 0.14804310
v -0.12096244 1.27329528 0.09167241
v -0.24471979 1.23977220 0.12269378
v -0.14588702 1.26420581 0.08953317
v -0.17205580 1.25579965 0.09359793
v -0.10186683 0.45092094 0.11864164
v -0.10314856 0.42365563 0.11237329
v -0.09115336 0.42486739 0.12178919
v -0.09237020 0.45206511 0.13005584
v -0.06100747 0.45654923 0.13720354
v -0.07417018 0.45403779 0.14041123
v -0.05012037 0.45783341 0.12783316
v -0.05111045 0.42794311 0.12662899
v -0.04835449 0.42780817 0.11325316
v -0.04476233 0.45765710 0.11485644
v -0.04593199 0.45770305 0.10182952
v -0.05347468 0.42770553 0.08835463
v -0.06542429 0.42859304 0.07453880
v -0.06226967 0.45698750 0.07425034
v -0.05103680 0.45760405 0.08903200
v -0.08010914 0.45277381 0.06370786
v -0.08238355 0.42575216 0.06395581
v -0.09798019 0.44946563 0.06710520
v -0.10961740 0.44925654 0.10334508
v -0.11330860 0.42289281 0.09809411
v -0.06156095 0.42722404 0.13569210
v -0.07524529 0.42535102 0.13529590
v -0.08526733 0.45235562 0.13760215
v -0.08339192 0.42523253 0.12835327
v -0.09551034 0.39740956 0.11745993
v -0.10973671 0.39794898 0.10990028
v -0.06209980 0.39932263 0.13502929
v -0.07540174 0.39845467 0.12921116
v -0.05209270 0.39967251 0.11243027
v -0.05102299 0.39997482 0.12685247
v -0.05263986 0.39939559 0.08548620
v -0.04966377 0.42776477 0.10092590
v -0.05119728 0.39934361 0.09893223
v -0.06457345 0.40145779 0.07153997
v -0.08431932 0.40093052 0.05965887
v -0.11989215 0.39893031 0.09387289
v -0.08449587 0.39823866 0.12211876
v -0.19138399 0.31089664 -0.05971648
v -0.19784576 0.31051481 -0.05600689
v -0.19568461 0.31575811 -0.05612312
v -0.19171497 0.31526279 -0.05856569
v -0.22618872 0.31515563 -0.03999279
v -0.23398775 0.31270194 -0.03039250
v -0.23367503 0.32487786 -0.03333093
v -0.22838086 0.32569861 -0.04039575
v -0.21317044 0.31156683 -0.05210440
v -0.20675814 0.31081522 -0.05706142
v -0.20653671 0.30730915 -0.05319156
v -0.21054059 0.30800498 -0.05015375
v -0.15567385 0.31176841 -0.05215703
v -0.14982580 0.31049216 -0.05379470
v -0.14989406 0.30736518 -0.05166112
v -0.15410943 0.30684364 -0.05001350
v -0.17752108 0.30985272 -0.05712108
v -0.17146115 0.30902874 -0.05902345
v -0.17143700 0.30571687 -0.05640076
v -0.17522195 0.30538666 -0.05497392
v -0.21040991 0.33043563 -0.02731387
v -0.22050786 0.32918048 -0.03679807
v -0.22880068 0.32815444 -0.02566908
v -0.21993017 0.33328891 -0.01530567
v -0.23143558 0.31913209 -0.01801173
v -0.22382408 0.31253147 -0.02132505
v -0.21535408 0.31278586 -0.01011567
v -0.22179940 0.32211387 -0.00645716
v -0.21588045 0.31077981 -0.03170289
v -0.20710358 0.31107044 -0.02202958
v -0.20348871 0.31830859 -0.03059898
v -0.21301307 0.31864583 -0.04227220
v -0.19151722 0.31666422 -0.04480992
v -0.19778337 0.31307983 -0.05507185
v -0.20256749 0.32017756 -0.05228002
v -0.19568710 0.32497454 -0.04245554
v -0.20965689 0.32075870 -0.04741664
v -0.20490319 0.32595599 -0.03572102
v -0.20633875 0.31568170 -0.03141649
v -0.21445137 0.31437218 -0.04293500
v -0.20841002 0.30874598 -0.04302172
v -0.20102590 0.30988479 -0.03196594
v -0.19423705 0.30933344 -0.03831311
v -0.20089722 0.30746424 -0.04883169
v -0.17846033 0.32289839 -0.04881375
v -0.18678877 0.31746721 -0.05552714
v -0.19285931 0.31785095 -0.05099262
v -0.18748894 0.32314312 -0.04308923
v -0.19676229 0.31055188 -0.04765467
v -0.19182351 0.30673242 -0.04967128
v -0.18588537 0.30846083 -0.04103987
v -0.19088310 0.31307542 -0.03983088
v -0.17801221 0.30863011 -0.04691671
v -0.18582524 0.30570865 -0.05418323
v -0.17567499 0.31602550 -0.05208378
v -0.18321890 0.31134200 -0.05826201
v -0.15557349 0.31435955 -0.05186881
v -0.16401160 0.30966783 -0.05687512
v -0.16682291 0.31555510 -0.05611406
v -0.15822199 0.32114172 -0.05045320
v -0.17232470 0.31688762 -0.05353718
v -0.16701134 0.32156277 -0.04794236
v -0.17603105 0.31280255 -0.05094473
v -0.17283919 0.30569887 -0.05013429
v -0.16681114 0.30778563 -0.04491191
v -0.17106271 0.31556356 -0.04701595
v -0.16653374 0.30498981 -0.05348204
v -0.15838151 0.30742681 -0.04772674
v -0.13696148 0.32010090 -0.04656474
v -0.13402805 0.31305516 -0.04521765
v -0.14215320 0.31206846 -0.05125971
v -0.14416870 0.31761110 -0.05131988
v -0.15021613 0.31816733 -0.04973806
v -0.14524969 0.32144523 -0.04614218
v -0.15347442 0.31406021 -0.04698865
v -0.15145348 0.30703473 -0.04525001
v -0.14651234 0.30795336 -0.04167248
v -0.14849910 0.31583667 -0.04507585
v -0.14515808 0.30677199 -0.04840411
v -0.13873687 0.30821121 -0.04297106
v -0.21029057 0.33698773 -0.00519811
v -0.19843045 0.33082926 -0.02007237
v -0.22879113 0.31224775 -0.02939646
v -0.21175516 0.32357347 0.00374763
v -0.22408743 0.31122351 -0.03492336
v -0.19646013 0.31106782 -0.01576668
v -0.20507233 0.31340349 -0.00022225
v -0.20062518 0.31821418 -0.02479334
v -0.20718992 0.31642985 -0.05586813
v -0.18718410 0.31584048 -0.03588752
v -0.18175015 0.30942082 -0.02843322
v -0.21118493 0.31687546 -0.05311652
v -0.18379602 0.32828629 -0.03163734
v -0.16498938 0.32610893 -0.03766249
v -0.19477829 0.30664539 -0.05512072
v -0.19142708 0.30631173 -0.05723663
v -0.16379815 0.30824959 -0.03657596
v -0.16906567 0.31675172 -0.04598461
v -0.17172348 0.31289184 -0.05869956
v -0.14803061 0.31594229 -0.04596941
v -0.14555973 0.30743778 -0.03830640
v -0.17474589 0.31408393 -0.05718444
v -0.14503819 0.32565641 -0.04054700
v -0.14964074 0.31424284 -0.05263017
v -0.12389069 0.31451392 -0.03744431
v -0.13032071 0.30707240 -0.03608336
v -0.15290833 0.31517363 -0.05213200
v -0.12848639 0.32351673 -0.03963701
v -0.11342347 0.44747925 0.08904419
v -0.11631721 0.42267585 0.08319537
v -0.10900933 0.44706309 0.07634386
v -0.09969570 0.42334199 0.06500404
v -0.11071253 0.42185068 0.07168950
v -0.12274271 0.39984214 0.07605320
v -0.10288747 0.39912832 0.05991131
v -0.11514329 0.39953780 0.06439196
v -0.04937753 0.37781858 0.08599989
v -0.06043769 0.37918222 0.06942873
v -0.05040132 0.37788045 0.10056545
v -0.04924615 0.37825060 0.12913981
v -0.04904984 0.37824833 0.11448510
v -0.13045768 0.38148141 0.06753062
v -0.12438554 0.37820196 0.08791640
v -0.12332786 0.38234127 0.05329514
v -0.10744964 0.38185084 0.04774033
v -0.20174155 0.34160280 0.00960429
v -0.18693939 0.34145498 0.02554259
v -0.17775336 0.35107613 0.01179913
v -0.18860985 0.34195471 -0.00468387
v -0.16033947 0.34863245 0.00135656
v -0.17246039 0.33749259 -0.01460038
v -0.14205533 0.34414649 -0.00487864
v -0.15408537 0.33473194 -0.02131476
v -0.12422815 0.33864355 -0.00821073
v -0.13508072 0.33133340 -0.02507411
v -0.10831174 0.33014691 -0.00973725
v -0.11869957 0.32665062 -0.02717984
v -0.09921421 0.31868505 -0.01088755
v -0.11103272 0.31612909 -0.02728121
v -0.20248079 0.32459927 0.01817425
v -0.18718226 0.32540762 0.03232759
v -0.19364153 0.31203723 0.01380908
v -0.17866746 0.31069303 0.02823253
v -0.18047071 0.31033409 0.00267093
v -0.16544554 0.30938280 0.01839547
v -0.10499042 0.30600905 -0.00853001
v -0.11830699 0.30499816 -0.02452217
v -0.16408196 0.30859721 -0.00741126
v -0.14910120 0.30884039 0.00900440
v -0.14729811 0.30592847 -0.01497887
v -0.13246426 0.30638599 0.00180258
v -0.13174304 0.30411208 -0.02026759
v -0.11746185 0.30432189 -0.00369281
v -0.16353193 0.35697532 0.03221779
v -0.14777091 0.36084223 0.01906480
v -0.12904339 0.35547197 0.01412840
v -0.11160538 0.34706903 0.01248617
v -0.09668591 0.33471107 0.01177669
v -0.08746397 0.32271826 0.00948004
v -0.09294226 0.35876036 0.03408968
v -0.08294197 0.33704424 0.03487089
v -0.07659627 0.32340539 0.03210664
v -0.06747571 0.33836734 0.05674998
v -0.06474888 0.32379532 0.05398159
v -0.04445015 0.33718109 0.09339169
v -0.04046725 0.32114184 0.09128857
v -0.05132659 0.32394636 0.07428913
v -0.05416930 0.33863735 0.07728237
v -0.07374637 0.35799849 0.05633254
v -0.05835314 0.35878432 0.07581735
v -0.04942490 0.35818565 0.09187864
v -0.03635222 0.32016265 0.11925316
v -0.03589711 0.31984866 0.10512799
v -0.03901564 0.33650160 0.10612275
v -0.03684594 0.33700633 0.11989155
v -0.04317199 0.33651733 0.13655838
v -0.04568310 0.31916261 0.13387364
v -0.06238450 0.33528364 0.14029889
v -0.06378247 0.31841755 0.13949342
v -0.04322207 0.35819221 0.11726879
v -0.04598022 0.35762930 0.10493198
v -0.04637976 0.35805416 0.13219962
v -0.06251516 0.35720825 0.13619834
v -0.07632325 0.35671830 0.12572843
v -0.07840465 0.33495462 0.12933147
v -0.08125140 0.31875634 0.13168040
v -0.16844070 0.34096825 0.04320006
v -0.16631798 0.32728422 0.04664390
v -0.11628303 0.36898839 0.03127928
v -0.13528737 0.37197137 0.03762825
v -0.14459915 0.36456895 0.05657385
v -0.14976211 0.34233844 0.06390919
v -0.14472899 0.32711577 0.06366466
v -0.12669654 0.32584691 0.08060332
v -0.13195705 0.33944261 0.08359085
v -0.15878814 0.31565797 0.04369418
v -0.13717213 0.31909418 0.05976181
v -0.12031306 0.31851935 0.07702078
v -0.11314240 0.32380724 0.09740271
v -0.11622640 0.33730769 0.09972655
v -0.10150475 0.32246077 0.11014881
v -0.10173506 0.33726180 0.11053169
v -0.09026775 0.33672142 0.11914603
v -0.09223586 0.32079840 0.12079041
v -0.09980014 0.35738444 0.11116731
v -0.08867120 0.35754395 0.11828340
v -0.11458551 0.35683632 0.10022257
v -0.13061328 0.35931313 0.08344465
v -0.09162167 0.30938196 0.01125135
v -0.07927615 0.31181860 0.03259648
v -0.06758714 0.31361675 0.05442600
v -0.05512403 0.31224537 0.07492603
v -0.04720606 0.30973256 0.09246223
v -0.04385115 0.30892432 0.10494979
v -0.05232708 0.31004882 0.12849985
v -0.04423521 0.30937922 0.11717902
v -0.06498052 0.30958986 0.13268606
v -0.07888573 0.30892205 0.12597083
v -0.08864775 0.30920136 0.11692040
v -0.10749200 0.31485784 0.09393977
v -0.09756751 0.31108320 0.10695282
v -0.11359115 0.37621450 0.10614954
v -0.09857445 0.37610126 0.11603400
v -0.08668687 0.37704062 0.12035792
v -0.06257448 0.37827110 0.13374668
v -0.07620993 0.37744093 0.12609372
v -0.14670263 0.31088746 0.03608240
v -0.13116103 0.30999601 0.02761841
v -0.11552516 0.30798185 0.02088065
v -0.10220331 0.30658758 0.01567210
v -0.08794148 0.30816662 0.03618796
v -0.09936994 0.30901480 0.04146385
v -0.11353586 0.31017697 0.04809611
v -0.12733938 0.31384993 0.05456726
v -0.07613305 0.30876482 0.05753778
v -0.08658291 0.30850506 0.06195305
v -0.09898584 0.30922389 0.06827077
v -0.11148928 0.31232882 0.07294001
v -0.09921454 0.30869448 0.09052056
v -0.08754062 0.30695581 0.08723499
v -0.07635070 0.30684054 0.08185361
v -0.06557713 0.30783498 0.07827969
v -0.05800091 0.30674851 0.09446166
v -0.06870709 0.30633962 0.09709744
v -0.07936007 0.30616868 0.10126704
v -0.08902201 0.30698073 0.10373259
v -0.05464025 0.30652773 0.10500461
v -0.05760352 0.30675292 0.12213098
v -0.05415021 0.30674160 0.11400294
v -0.06546316 0.30624831 0.12538151
v -0.07446036 0.30606723 0.12001667
v -0.08186120 0.30622685 0.11253014
v -0.07388008 0.30608809 0.10938594
v -0.06925959 0.30615222 0.11553359
v -0.06439427 0.30634475 0.10579843
v -0.06188963 0.30657113 0.11283526
v -0.06512523 0.30638754 0.11976440
v -0.06148723 0.30655956 0.11827756
v -0.08581125 0.37787127 0.05434327
v -0.15376833 0.72715861 0.07974543
v -0.15983962 0.72850960 0.09497277
v -0.14294778 0.73082775 0.06765196
v -0.17549004 1.14255691 0.07406966
v -0.21504962 1.37248063 0.11568557
v -0.20959765 1.41209519 0.11921374
v -0.21264814 1.39155447 0.11764079
v -0.17488237 1.11963344 0.06837843
v -0.14196071 1.44110358 0.11489423
v -0.20435111 1.58990479 0.11130200
v -0.14642414 1.87479973 0.18053454
v -0.14734513 1.87140036 0.18243994
v -0.14669791 1.86840987 0.18465313
v -0.14533682 1.86540294 0.18649650
v -0.14379770 1.86317670 0.18896905
v -0.14253891 1.86303794 0.19279394
v -0.14353389 1.86914444 0.18509917
v -0.14293090 1.87139022 0.18908189
v -0.14354156 1.87352836 0.18799120
v -0.14418007 1.87159431 0.18376961
f 2 3 1
f 1 3 4
f 3 2 5
f 5 2 6
f 3 7 4
f 4 7 8
f 10 11 9
f 9 11 12
f 14 15 13
f 13 15 16
f 18 19 17
f 17 19 20
f 22 23 21
f 21 23 24
f 26 18 25
f 25 18 17
f 27 28 17
f 17 28 25
f 30 31 29
f 29 31 32
f 34 35 33
f 33 35 36
f 21 24 37
f 37 24 38
f 40 31 39
f 39 31 38
f 34 33 28
f 28 33 25
f 41 42 44
f 44 42 43
f 36 45 33
f 33 45 25
f 46 47 49
f 49 47 48
f 51 52 50
f 50 52 53
f 55 53 54
f 54 53 52
f 57 58 56
f 56 58 59
f 61 62 60
f 60 62 63
f 65 66 64
f 64 66 67
f 69 70 68
f 68 70 71
f 65 73 72
f 72 73 74
f 64 75 65
f 65 75 73
f 77 78 76
f 76 78 79
f 80 81 83
f 83 81 82
f 81 85 84
f 84 85 86
f 88 89 87
f 87 89 69
f 88 87 90
f 90 87 91
f 93 94 92
f 92 94 95
f 96 84 43
f 43 84 44
f 51 98 97
f 97 98 86
f 97 99 51
f 51 99 52
f 54 52 100
f 100 52 99
f 58 101 59
f 59 101 102
f 62 103 63
f 63 103 104
f 105 106 6
f 6 106 5
f 108 109 107
f 107 109 110
f 112 113 111
f 111 113 114
f 116 117 115
f 115 117 118
f 120 121 119
f 119 121 122
f 124 125 123
f 123 125 126
f 128 129 127
f 127 129 130
f 130 131 127
f 127 131 132
f 134 1 133
f 133 1 135
f 1 4 135
f 135 4 136
f 4 8 136
f 136 8 137
f 138 139 15
f 15 139 140
f 140 139 141
f 141 139 142
f 144 57 143
f 143 57 56
f 145 146 141
f 141 146 147
f 146 149 148
f 148 149 150
f 152 153 151
f 151 153 154
f 141 147 140
f 140 147 155
f 157 11 156
f 156 11 158
f 160 161 159
f 159 161 162
f 164 165 163
f 163 165 166
f 165 160 166
f 166 160 159
f 168 169 167
f 167 169 170
f 169 171 170
f 170 171 172
f 149 173 150
f 150 173 174
f 175 176 149
f 149 176 173
f 178 172 177
f 177 172 171
f 180 181 179
f 179 181 182
f 184 180 183
f 183 180 179
f 186 187 185
f 185 187 188
f 190 191 189
f 189 191 192
f 7 193 8
f 8 193 194
f 196 162 195
f 195 162 161
f 197 168 198
f 198 168 167
f 181 199 182
f 182 199 200
f 202 203 201
f 201 203 204
f 187 186 205
f 205 186 206
f 208 209 207
f 207 209 210
f 212 213 211
f 211 213 214
f 215 216 218
f 218 216 217
f 220 209 219
f 219 209 208
f 204 186 221
f 221 186 185
f 201 204 222
f 222 204 221
f 223 211 220
f 220 211 209
f 224 225 214
f 214 225 210
f 203 206 204
f 204 206 186
f 227 187 226
f 226 187 205
f 27 228 21
f 21 228 22
f 230 231 229
f 229 231 232
f 234 235 233
f 233 235 236
f 238 239 237
f 237 239 240
f 119 122 118
f 118 122 115
f 112 242 241
f 241 242 243
f 98 51 244
f 244 51 50
f 245 138 14
f 14 138 15
f 11 10 158
f 158 10 246
f 89 85 69
f 69 85 70
f 11 157 12
f 12 157 247
f 249 164 248
f 248 164 163
f 177 250 178
f 178 250 251
f 253 254 252
f 252 254 255
f 187 227 188
f 188 227 256
f 212 257 213
f 213 257 258
f 260 134 259
f 259 134 133
f 165 164 135
f 135 164 133
f 160 165 136
f 136 165 135
f 136 137 160
f 160 137 161
f 137 261 161
f 161 261 195
f 263 264 262
f 262 264 265
f 13 16 266
f 266 16 267
f 268 267 155
f 155 267 16
f 147 269 155
f 155 269 268
f 162 196 167
f 167 196 198
f 167 170 162
f 162 170 159
f 170 172 159
f 159 172 166
f 172 178 166
f 166 178 163
f 178 251 163
f 163 251 248
f 168 270 169
f 169 270 271
f 272 273 171
f 171 273 177
f 271 272 169
f 169 272 171
f 168 197 270
f 270 197 274
f 250 177 275
f 275 177 273
f 277 45 276
f 276 45 278
f 280 281 279
f 279 281 282
f 284 104 283
f 283 104 103
f 285 215 286
f 286 215 218
f 288 289 287
f 287 289 290
f 291 80 66
f 66 80 83
f 293 294 292
f 292 294 295
f 73 91 74
f 74 91 87
f 91 73 92
f 92 73 75
f 279 77 280
f 280 77 76
f 80 291 70
f 70 291 71
f 277 47 96
f 96 47 82
f 297 175 296
f 296 175 149
f 299 154 298
f 298 154 153
f 225 300 210
f 210 300 207
f 224 301 206
f 206 301 205
f 210 209 214
f 214 209 211
f 226 205 302
f 302 205 301
f 304 305 303
f 303 305 306
f 308 309 307
f 307 309 310
f 72 291 65
f 65 291 66
f 66 83 67
f 67 83 46
f 312 313 311
f 311 313 314
f 316 317 315
f 315 317 36
f 29 318 35
f 35 318 319
f 321 32 320
f 320 32 322
f 311 314 323
f 323 314 324
f 315 325 316
f 316 325 326
f 318 287 319
f 319 287 290
f 328 321 327
f 327 321 320
f 329 330 39
f 39 330 331
f 332 333 40
f 40 333 322
f 309 334 285
f 285 334 335
f 236 2 134
f 134 2 1
f 260 336 233
f 233 336 337
f 237 14 265
f 265 14 13
f 84 86 44
f 44 86 98
f 189 192 7
f 7 192 193
f 44 98 41
f 41 98 244
f 237 240 14
f 14 240 245
f 7 3 189
f 189 3 5
f 338 71 72
f 72 71 291
f 262 265 266
f 266 265 13
f 124 123 339
f 339 123 105
f 123 109 105
f 105 109 106
f 189 5 190
f 190 5 106
f 111 114 12
f 12 114 9
f 264 340 265
f 265 340 237
f 342 343 341
f 341 343 344
f 6 235 105
f 105 235 339
f 234 346 345
f 345 346 347
f 349 350 348
f 348 350 351
f 107 352 108
f 108 352 353
f 355 356 354
f 354 356 357
f 237 340 238
f 238 340 358
f 12 247 111
f 111 247 359
f 264 263 116
f 116 263 360
f 361 362 222
f 222 362 201
f 364 365 363
f 363 365 366
f 368 369 367
f 367 369 370
f 372 373 371
f 371 373 374
f 375 376 372
f 372 376 377
f 378 379 381
f 381 379 380
f 382 383 269
f 269 383 268
f 150 174 365
f 365 174 384
f 380 377 381
f 381 377 376
f 271 270 180
f 180 270 181
f 273 272 252
f 252 272 184
f 272 271 184
f 184 271 180
f 181 270 274
f 252 255 273
f 273 255 275
f 254 385 255
f 255 385 386
f 387 388 179
f 179 388 183
f 389 387 182
f 182 387 179
f 182 200 389
f 389 200 390
f 388 391 183
f 183 391 253
f 391 392 253
f 253 392 254
f 394 379 393
f 393 379 378
f 185 188 395
f 395 188 396
f 221 185 397
f 397 185 395
f 222 221 398
f 398 221 397
f 188 256 396
f 396 256 399
f 400 401 256
f 256 401 399
f 402 403 405
f 405 403 404
f 148 150 364
f 364 150 365
f 393 406 394
f 394 406 407
f 158 246 393
f 393 246 406
f 342 19 238
f 238 19 239
f 23 22 350
f 350 22 354
f 244 50 245
f 245 50 138
f 55 142 53
f 53 142 139
f 145 144 296
f 296 144 143
f 355 228 341
f 341 228 20
f 41 240 42
f 42 240 239
f 283 308 284
f 284 308 307
f 349 409 408
f 408 409 410
f 244 245 41
f 41 245 240
f 268 383 406
f 406 383 407
f 346 411 349
f 349 411 409
f 251 412 248
f 248 412 413
f 275 414 250
f 250 414 415
f 25 45 26
f 26 45 277
f 43 26 96
f 96 26 277
f 416 417 61
f 61 417 62
f 329 24 408
f 408 24 23
f 31 40 32
f 32 40 322
f 39 38 329
f 329 38 24
f 37 38 30
f 30 38 31
f 418 419 421
f 421 419 420
f 78 295 79
f 79 295 294
f 124 339 422
f 422 339 345
f 232 131 357
f 357 131 351
f 2 236 6
f 6 236 235
f 252 184 253
f 253 184 183
f 227 423 256
f 256 423 400
f 423 227 305
f 305 227 226
f 424 258 425
f 425 258 257
f 426 427 212
f 212 427 257
f 259 133 249
f 249 133 164
f 419 418 428
f 428 418 429
f 327 430 328
f 328 430 288
f 49 431 46
f 46 431 67
f 306 302 424
f 424 302 258
f 313 432 314
f 314 432 433
f 32 321 29
f 29 321 318
f 324 314 433
f 287 318 328
f 328 318 321
f 134 260 236
f 236 260 233
f 345 339 234
f 234 339 235
f 357 351 354
f 354 351 350
f 408 23 349
f 349 23 350
f 317 278 36
f 36 278 45
f 432 313 429
f 429 313 428
f 435 428 434
f 434 428 313
f 42 239 18
f 18 239 19
f 43 42 26
f 26 42 18
f 121 120 436
f 436 120 437
f 302 301 258
f 258 301 213
f 110 109 126
f 126 109 123
f 238 358 342
f 342 358 343
f 341 20 342
f 342 20 19
f 322 438 320
f 320 438 439
f 320 439 327
f 327 439 430
f 333 440 322
f 322 440 438
f 289 288 323
f 323 288 430
f 115 340 116
f 116 340 264
f 146 145 149
f 149 145 296
f 15 140 16
f 16 140 155
f 441 442 152
f 152 442 153
f 225 224 203
f 203 224 206
f 175 297 154
f 154 297 151
f 293 443 294
f 294 443 444
f 248 413 249
f 249 413 445
f 446 447 400
f 400 447 401
f 388 387 396
f 396 387 395
f 387 389 395
f 395 389 397
f 391 388 399
f 399 388 396
f 401 392 399
f 399 392 391
f 255 386 275
f 275 386 414
f 449 450 448
f 448 450 451
f 335 452 285
f 285 452 215
f 453 298 442
f 442 298 153
f 211 223 212
f 212 223 426
f 425 257 454
f 454 257 427
f 266 10 262
f 262 10 9
f 360 113 456
f 456 113 455
f 8 194 137
f 137 194 261
f 10 266 246
f 246 266 267
f 203 202 225
f 225 202 300
f 262 9 263
f 263 9 114
f 108 353 190
f 190 353 191
f 389 390 397
f 397 390 398
f 457 422 128
f 128 422 129
f 156 158 378
f 378 158 393
f 347 346 348
f 348 346 349
f 447 458 401
f 401 458 392
f 364 382 148
f 148 382 269
f 55 54 57
f 57 54 58
f 75 64 459
f 459 64 460
f 100 90 101
f 101 90 95
f 101 58 100
f 100 58 54
f 142 55 144
f 144 55 57
f 147 146 269
f 269 146 148
f 459 93 75
f 75 93 92
f 144 145 142
f 142 145 141
f 228 27 20
f 20 27 17
f 154 299 175
f 175 299 176
f 214 213 224
f 224 213 301
f 424 461 306
f 306 461 303
f 285 286 309
f 309 286 310
f 462 334 308
f 308 334 309
f 302 306 226
f 226 306 305
f 37 28 21
f 21 28 27
f 29 35 30
f 30 35 34
f 30 34 37
f 37 34 28
f 344 436 356
f 356 436 229
f 325 290 326
f 326 290 289
f 311 439 312
f 312 439 438
f 35 319 36
f 36 319 315
f 439 311 430
f 430 311 323
f 315 319 325
f 325 319 290
f 440 463 438
f 438 463 312
f 341 344 355
f 355 344 356
f 360 456 116
f 116 456 117
f 354 22 355
f 355 22 228
f 326 289 324
f 324 289 323
f 74 87 68
f 68 87 69
f 50 53 138
f 138 53 139
f 268 406 267
f 267 406 246
f 190 106 108
f 108 106 109
f 241 455 112
f 112 455 113
f 358 122 343
f 343 122 121
f 129 347 130
f 130 347 348
f 348 351 130
f 130 351 131
f 229 232 356
f 356 232 357
f 340 115 358
f 358 115 122
f 111 359 112
f 112 359 242
f 125 124 457
f 457 124 422
f 231 132 232
f 232 132 131
f 343 121 344
f 344 121 436
f 263 114 360
f 360 114 113
f 347 129 345
f 345 129 422
f 230 229 437
f 437 229 436
f 464 446 423
f 423 446 400
f 465 466 468
f 468 466 467
f 470 471 469
f 469 471 472
f 469 472 373
f 373 472 374
f 474 469 473
f 473 469 373
f 471 475 472
f 472 475 476
f 472 477 374
f 374 477 478
f 477 472 476
f 479 480 476
f 476 480 477
f 473 373 377
f 377 373 372
f 481 482 479
f 479 482 480
f 483 484 481
f 481 484 482
f 403 402 485
f 485 402 486
f 487 488 483
f 483 488 484
f 487 489 488
f 488 489 490
f 489 491 490
f 490 491 492
f 491 493 492
f 492 493 494
f 493 495 494
f 494 495 496
f 497 498 481
f 481 498 483
f 484 499 482
f 482 499 367
f 370 480 367
f 367 480 482
f 480 370 477
f 477 370 478
f 500 497 479
f 479 497 481
f 451 473 380
f 380 473 377
f 448 451 379
f 379 451 380
f 501 502 504
f 504 502 503
f 449 505 507
f 507 505 506
f 486 508 505
f 505 508 506
f 508 509 506
f 506 509 510
f 511 507 510
f 510 507 506
f 509 508 512
f 512 508 513
f 515 509 514
f 514 509 512
f 509 515 510
f 510 515 516
f 510 516 511
f 511 516 517
f 486 505 485
f 485 505 518
f 505 449 518
f 518 449 448
f 383 382 403
f 403 382 404
f 363 404 364
f 364 404 382
f 403 485 383
f 383 485 407
f 519 520 361
f 361 520 362
f 522 496 521
f 521 496 495
f 450 474 451
f 451 474 473
f 363 366 523
f 523 366 524
f 525 499 488
f 488 499 484
f 488 490 525
f 525 490 526
f 496 522 520
f 520 522 527
f 494 496 519
f 519 496 520
f 492 494 528
f 528 494 519
f 529 530 495
f 495 530 521
f 490 492 526
f 526 492 528
f 529 495 531
f 531 495 493
f 533 534 532
f 532 534 535
f 523 524 533
f 533 524 534
f 486 402 532
f 532 402 533
f 529 536 530
f 530 536 537
f 536 538 537
f 537 538 539
f 540 541 539
f 539 541 537
f 530 537 535
f 535 537 541
f 542 539 543
f 543 539 538
f 539 542 540
f 540 542 544
f 541 540 513
f 513 540 512
f 540 544 512
f 512 544 514
f 546 547 545
f 545 547 548
f 549 550 531
f 531 550 551
f 550 549 552
f 552 549 553
f 546 550 554
f 554 550 552
f 547 546 555
f 555 546 554
f 498 556 558
f 558 556 557
f 559 557 560
f 560 557 556
f 561 562 560
f 560 562 559
f 557 559 552
f 552 559 554
f 559 562 554
f 554 562 555
f 558 557 553
f 553 557 552
f 475 471 563
f 563 471 564
f 565 563 567
f 567 563 566
f 471 470 564
f 564 470 466
f 564 466 568
f 568 466 465
f 568 465 569
f 569 465 570
f 572 573 571
f 571 573 574
f 569 575 567
f 567 575 576
f 577 565 576
f 576 565 567
f 578 579 581
f 581 579 580
f 575 561 576
f 576 561 560
f 556 577 560
f 560 577 576
f 577 556 497
f 497 556 498
f 565 577 500
f 500 577 497
f 563 565 475
f 475 565 500
f 553 489 558
f 558 489 487
f 531 493 549
f 549 493 491
f 489 553 491
f 491 553 549
f 394 407 518
f 518 407 485
f 518 448 394
f 394 448 379
f 545 548 538
f 538 548 543
f 551 545 536
f 536 545 538
f 536 529 551
f 551 529 531
f 507 582 449
f 449 582 450
f 511 583 507
f 507 583 582
f 511 517 583
f 583 517 584
f 585 586 588
f 588 586 587
f 590 591 589
f 589 591 592
f 591 590 593
f 593 590 594
f 596 597 595
f 595 597 598
f 599 600 602
f 602 600 601
f 604 605 603
f 603 605 606
f 608 609 607
f 607 609 610
f 612 613 611
f 611 613 614
f 615 616 618
f 618 616 617
f 620 621 619
f 619 621 622
f 624 625 623
f 623 625 626
f 628 629 627
f 627 629 630
f 632 633 631
f 631 633 634
f 635 636 638
f 638 636 637
f 639 640 642
f 642 640 641
f 644 645 643
f 643 645 646
f 619 622 647
f 647 622 648
f 650 651 649
f 649 651 652
f 601 653 602
f 602 653 654
f 656 657 655
f 655 657 658
f 660 661 659
f 659 661 662
f 664 665 663
f 663 665 666
f 593 594 667
f 667 594 668
f 669 670 672
f 672 670 671
f 673 674 676
f 676 674 675
f 633 632 677
f 677 632 678
f 663 666 679
f 679 666 680
f 681 682 684
f 684 682 683
f 686 687 685
f 685 687 688
f 690 661 689
f 689 661 691
f 693 686 692
f 692 686 685
f 695 597 694
f 694 597 668
f 594 696 668
f 668 696 694
f 697 698 696
f 696 698 699
f 700 701 697
f 697 701 698
f 702 585 703
f 703 585 588
f 671 690 672
f 672 690 689
f 640 639 704
f 704 639 705
f 679 706 663
f 663 706 658
f 708 709 707
f 707 709 710
f 711 712 610
f 610 712 607
f 713 714 716
f 716 714 715
f 717 718 720
f 720 718 719
f 722 634 721
f 721 634 633
f 724 725 723
f 723 725 726
f 728 729 727
f 727 729 730
f 732 733 731
f 731 733 734
f 707 710 735
f 735 710 736
f 643 737 644
f 644 737 738
f 740 741 739
f 739 741 742
f 608 744 743
f 743 744 745
f 747 748 746
f 746 748 749
f 751 752 750
f 750 752 753
f 754 755 757
f 757 755 756
f 758 759 761
f 761 759 760
f 763 764 762
f 762 764 765
f 767 768 766
f 766 768 769
f 771 772 770
f 770 772 773
f 775 776 774
f 774 776 777
f 779 780 778
f 778 780 781
f 783 712 782
f 782 712 784
f 785 786 788
f 788 786 787
f 790 628 789
f 789 628 627
f 792 793 791
f 791 793 794
f 795 796 726
f 726 796 723
f 798 799 797
f 797 799 800
f 721 633 801
f 801 633 677
f 797 800 802
f 802 800 803
f 805 806 804
f 804 806 807
f 809 810 808
f 808 810 811
f 813 814 812
f 812 814 815
f 809 808 817
f 817 808 816
f 818 819 804
f 804 819 805
f 820 821 818
f 818 821 819
f 821 820 587
f 587 820 822
f 809 823 810
f 810 823 824
f 814 807 815
f 815 807 806
f 826 426 825
f 825 426 223
f 426 826 427
f 427 826 827
f 828 829 454
f 454 829 830
f 831 832 677
f 677 832 801
f 834 835 833
f 833 835 836
f 838 839 837
f 837 839 840
f 841 842 844
f 844 842 843
f 845 846 803
f 803 846 802
f 847 831 678
f 678 831 677
f 848 849 851
f 851 849 850
f 853 854 852
f 852 854 855
f 857 858 856
f 856 858 680
f 860 861 859
f 859 861 862
f 864 865 863
f 863 865 866
f 868 869 867
f 867 869 870
f 839 871 840
f 840 871 872
f 849 848 874
f 874 848 873
f 876 877 875
f 875 877 878
f 880 881 879
f 879 881 882
f 883 884 886
f 886 884 885
f 846 887 802
f 802 887 888
f 890 891 889
f 889 891 888
f 893 894 892
f 892 894 895
f 896 897 728
f 728 897 729
f 899 900 898
f 898 900 901
f 902 852 904
f 904 852 903
f 849 905 850
f 850 905 906
f 875 878 907
f 907 878 908
f 910 911 909
f 909 911 912
f 914 915 913
f 913 915 916
f 917 918 862
f 862 918 859
f 919 920 856
f 856 920 921
f 923 924 922
f 922 924 925
f 926 927 925
f 925 927 922
f 929 930 928
f 928 930 693
f 932 695 931
f 931 695 694
f 823 867 824
f 824 867 933
f 935 936 934
f 934 936 937
f 938 868 823
f 823 868 867
f 940 847 939
f 939 847 678
f 632 655 678
f 678 655 939
f 941 942 619
f 619 942 620
f 687 943 688
f 688 943 944
f 851 850 945
f 945 850 903
f 850 906 903
f 903 906 904
f 946 947 949
f 949 947 948
f 951 952 950
f 950 952 953
f 955 956 954
f 954 956 957
f 907 958 875
f 875 958 874
f 960 961 959
f 959 961 962
f 963 853 902
f 902 853 852
f 909 964 910
f 910 964 965
f 967 968 966
f 966 968 969
f 971 972 970
f 970 972 973
f 974 960 975
f 975 960 959
f 977 978 976
f 976 978 979
f 981 977 980
f 980 977 976
f 980 982 981
f 981 982 983
f 985 983 984
f 984 983 982
f 984 986 985
f 985 986 987
f 989 990 988
f 988 990 991
f 993 994 992
f 992 994 995
f 997 998 996
f 996 998 999
f 1001 1002 1000
f 1000 1002 1003
f 1005 1006 1004
f 1004 1006 1007
f 1004 1008 1005
f 1005 1008 1009
f 1008 1010 1009
f 1009 1010 1011
f 1013 1011 1012
f 1012 1011 1010
f 1014 1015 1017
f 1017 1015 1016
f 1019 1020 1018
f 1018 1020 1021
f 1022 1023 976
f 976 1023 980
f 1024 1025 982
f 982 1025 984
f 992 995 1026
f 1026 995 1027
f 956 955 1028
f 1028 955 1029
f 1030 1031 1033
f 1033 1031 1032
f 1010 1008 1034
f 1034 1008 1035
f 1008 1004 1035
f 1035 1004 1036
f 1037 1038 1002
f 1002 1038 1007
f 1002 1001 1037
f 1037 1001 1039
f 1040 1041 997
f 997 1041 998
f 1015 1014 1043
f 1043 1014 1042
f 1044 1045 1047
f 1047 1045 1046
f 1044 1020 1048
f 1048 1020 1049
f 1050 1051 1003
f 1003 1051 1000
f 1052 1050 1006
f 1006 1050 1003
f 1053 1054 1011
f 1011 1054 1009
f 1013 1045 1055
f 1055 1045 1056
f 1058 1059 1057
f 1057 1059 1060
f 1062 1063 1061
f 1061 1063 1064
f 1065 1066 1050
f 1050 1066 1051
f 1067 1065 1052
f 1052 1065 1050
f 1068 1069 1054
f 1054 1069 1070
f 1071 1068 1053
f 1053 1068 1054
f 1073 1071 1072
f 1072 1071 1074
f 1074 1071 1055
f 1055 1071 1053
f 1076 1077 1075
f 1075 1077 1078
f 1079 1080 1057
f 1057 1080 1058
f 1081 1082 1064
f 1064 1082 1061
f 1084 1085 1083
f 1083 1085 1086
f 1088 1089 1087
f 1087 1089 1090
f 1092 1093 1091
f 1091 1093 1094
f 1096 1097 1095
f 1095 1097 1098
f 1099 1100 1102
f 1102 1100 1101
f 1103 1104 1099
f 1099 1104 1100
f 1106 1107 1105
f 1105 1107 1108
f 1110 1111 1109
f 1109 1111 1112
f 1114 1115 1113
f 1113 1115 1116
f 1118 1119 1117
f 1117 1119 1077
f 1117 1120 1122
f 1122 1120 1121
f 1105 1123 1106
f 1106 1123 1124
f 1125 1126 1128
f 1128 1126 1127
f 1130 1131 1129
f 1129 1131 1132
f 1134 1135 1133
f 1133 1135 1114
f 1113 1136 1114
f 1114 1136 1133
f 1118 1137 1113
f 1113 1137 1136
f 1118 1117 1137
f 1137 1117 1122
f 1139 1140 1138
f 1138 1140 1141
f 1143 953 1142
f 1142 953 952
f 1145 957 1144
f 1144 957 956
f 1028 1146 956
f 956 1146 1144
f 1014 1147 1042
f 1042 1147 1148
f 1014 1017 1147
f 1147 1017 1149
f 1059 1058 1150
f 1150 1058 1151
f 1153 1080 1152
f 1152 1080 1154
f 1156 1088 1155
f 1155 1088 1087
f 1157 1158 1106
f 1106 1158 1107
f 1106 1124 1157
f 1157 1124 1159
f 1161 1162 1160
f 1160 1162 1163
f 1165 1166 1164
f 1164 1166 1167
f 1168 1031 1012
f 1012 1031 1046
f 1024 1023 1035
f 1035 1023 1034
f 1036 1038 1025
f 1025 1038 1169
f 1170 1171 1039
f 1039 1171 1037
f 1028 1029 1042
f 1042 1029 1043
f 1172 1173 1175
f 1175 1173 1174
f 1055 1053 1013
f 1013 1053 1011
f 1005 1009 1070
f 1070 1009 1054
f 996 999 1062
f 1062 999 1063
f 1016 1060 1017
f 1017 1060 1059
f 1017 1059 1149
f 1149 1059 1150
f 1177 1178 1176
f 1176 1178 1103
f 1176 1072 1179
f 1179 1072 1074
f 1073 1102 1086
f 1086 1102 1083
f 1180 1181 1067
f 1067 1181 1065
f 1182 1183 1184
f 1184 1183 1181
f 1186 1187 1185
f 1185 1187 1188
f 1189 1190 798
f 798 1190 799
f 1192 1193 1191
f 1191 1193 1194
f 1195 1196 1194
f 1194 1196 1191
f 1196 1195 1198
f 1198 1195 1197
f 1200 674 1199
f 1199 674 673
f 928 1201 1203
f 1203 1201 1202
f 861 1204 862
f 862 1204 921
f 1205 1206 913
f 913 1206 1207
f 882 1208 879
f 879 1208 1209
f 1210 1211 1167
f 1167 1211 1164
f 1212 769 1213
f 1213 769 768
f 727 1214 728
f 728 1214 1215
f 1217 1218 1216
f 1216 1218 1219
f 1220 813 1221
f 1221 813 812
f 827 828 427
f 427 828 454
f 1223 1224 1222
f 1222 1224 1165
f 1226 1227 1225
f 1225 1227 1228
f 851 1229 848
f 848 1229 1230
f 834 854 835
f 835 854 1231
f 1233 1234 1232
f 1232 1234 1235
f 1237 751 1236
f 1236 751 750
f 743 819 1238
f 1238 819 821
f 1240 1241 1239
f 1239 1241 1242
f 1244 1245 1243
f 1243 1245 1246
f 844 1247 841
f 841 1247 1248
f 1250 1251 1249
f 1249 1251 1252
f 1254 893 1253
f 1253 893 1237
f 1255 1256 1258
f 1258 1256 1257
f 1260 1261 1259
f 1259 1261 1262
f 945 903 855
f 855 903 852
f 855 1263 945
f 945 1263 1264
f 832 845 801
f 801 845 803
f 800 721 803
f 803 721 801
f 721 800 722
f 722 800 799
f 1266 1267 1265
f 1265 1267 1268
f 1270 795 1269
f 1269 795 726
f 725 1271 726
f 726 1271 1269
f 737 765 738
f 738 765 764
f 759 740 760
f 760 740 739
f 717 1272 1274
f 1274 1272 1273
f 1163 1226 1275
f 1275 1226 1225
f 1277 882 1276
f 1276 882 881
f 1041 1040 1027
f 1027 1040 1026
f 900 935 901
f 901 935 934
f 1164 1278 1165
f 1165 1278 1222
f 1211 1279 1164
f 1164 1279 1278
f 442 1280 453
f 453 1280 1281
f 788 1282 785
f 785 1282 1283
f 1285 1286 1284
f 1284 1286 1287
f 1284 1288 1285
f 1285 1288 1289
f 757 1289 754
f 754 1289 1288
f 605 604 675
f 675 604 676
f 1290 1291 1293
f 1293 1291 1292
f 1295 1296 1294
f 1294 1296 1297
f 696 699 694
f 694 699 931
f 1298 1299 592
f 592 1299 589
f 1299 1300 589
f 589 1300 700
f 1300 1301 700
f 700 1301 701
f 743 745 819
f 819 745 805
f 1303 1304 1302
f 1302 1304 1305
f 1306 1307 1305
f 1305 1307 1302
f 609 1298 610
f 610 1298 592
f 587 822 588
f 588 822 1308
f 703 588 1309
f 1309 588 1308
f 1310 703 571
f 571 703 1309
f 1311 1312 789
f 789 1312 790
f 825 223 1313
f 1313 223 220
f 219 1314 220
f 220 1314 1313
f 1315 1316 1311
f 1311 1316 1312
f 1317 1318 1319
f 1319 1318 1241
f 441 1320 442
f 442 1320 1280
f 1321 217 572
f 572 217 216
f 1323 1230 1322
f 1322 1230 1229
f 1324 1325 631
f 631 1325 656
f 1034 1168 1010
f 1010 1168 1012
f 1327 1328 1326
f 1326 1328 1329
f 1331 1202 1330
f 1330 1202 1201
f 571 1309 572
f 572 1309 1321
f 573 572 1332
f 1332 572 216
f 1334 1335 1333
f 1333 1335 1336
f 1337 1338 918
f 918 1338 859
f 1339 863 1340
f 1340 863 866
f 1341 1342 1344
f 1344 1342 1343
f 1345 1346 919
f 919 1346 920
f 1347 1348 673
f 673 1348 1199
f 693 1349 928
f 928 1349 1201
f 1351 1257 1350
f 1350 1257 1256
f 1350 1352 1351
f 1351 1352 1353
f 653 930 654
f 654 930 662
f 1279 1354 1278
f 1278 1354 1355
f 1357 1358 1356
f 1356 1358 1359
f 937 1360 1140
f 1140 1360 1361
f 1225 1228 909
f 909 1228 964
f 901 934 1362
f 1362 934 1139
f 1364 1365 1363
f 1363 1365 1362
f 1367 912 1366
f 1366 912 911
f 1143 1142 1368
f 1368 1142 1369
f 1144 1186 1145
f 1145 1186 1185
f 1146 1175 1144
f 1144 1175 1186
f 1175 1146 1172
f 1172 1146 1148
f 1147 1018 1148
f 1148 1018 1172
f 1018 1147 1019
f 1019 1147 1149
f 1149 1150 1019
f 1019 1150 1370
f 1150 1151 1370
f 1370 1151 1371
f 1151 1153 1371
f 1371 1153 1177
f 1152 1156 1178
f 1178 1156 1372
f 1155 1158 1373
f 1373 1158 1374
f 1157 1159 1376
f 1376 1159 1375
f 1378 1379 1377
f 1377 1379 1380
f 1382 1383 1381
f 1381 1383 1384
f 1382 1386 1385
f 1385 1386 1387
f 1386 1233 1387
f 1387 1233 1232
f 1389 1390 1388
f 1388 1390 1391
f 1393 1394 1392
f 1392 1394 1395
f 1397 1398 1396
f 1396 1398 1399
f 629 1397 630
f 630 1397 1396
f 1342 1400 1343
f 1343 1400 1401
f 1403 1404 1402
f 1402 1404 1405
f 1407 1408 1406
f 1406 1408 1409
f 1411 1412 1410
f 1410 1412 1413
f 793 1414 794
f 794 1414 1415
f 1417 1341 1416
f 1416 1341 1344
f 704 705 1347
f 1347 705 1418
f 741 1419 742
f 742 1419 1420
f 1422 669 1421
f 1421 669 672
f 645 1423 646
f 646 1423 1424
f 1196 1198 614
f 614 1198 611
f 613 1425 614
f 614 1425 1426
f 1427 616 659
f 659 616 660
f 614 1426 1196
f 1196 1426 1191
f 696 594 697
f 697 594 590
f 697 590 700
f 700 590 589
f 703 1310 702
f 702 1310 1428
f 1421 672 1192
f 1192 672 689
f 1271 648 1269
f 1269 648 622
f 621 1270 622
f 622 1270 1269
f 1429 1430 1417
f 1417 1430 1341
f 1431 1432 1434
f 1434 1432 1433
f 1436 1437 1435
f 1435 1437 1438
f 1440 1441 1439
f 1439 1441 1442
f 1443 1444 1446
f 1446 1444 1445
f 823 809 938
f 938 809 817
f 810 1447 811
f 811 1447 1448
f 1449 1450 679
f 679 1450 706
f 913 916 1205
f 1205 916 1451
f 1275 1225 912
f 912 1225 909
f 1452 1453 880
f 880 1453 881
f 1444 1401 1445
f 1445 1401 1400
f 936 1454 937
f 937 1454 1360
f 824 1455 810
f 810 1455 1447
f 631 656 632
f 632 656 655
f 966 1456 967
f 967 1456 1457
f 1459 1460 1458
f 1458 1460 1461
f 1460 1462 1461
f 1461 1462 1463
f 972 974 973
f 973 974 975
f 990 995 991
f 991 995 994
f 1464 1187 1033
f 1033 1187 1174
f 1018 1021 1172
f 1172 1021 1173
f 1000 999 1001
f 1001 999 998
f 976 979 1022
f 1022 979 1032
f 1023 1024 980
f 980 1024 982
f 989 986 1171
f 1171 986 1169
f 1171 1170 989
f 989 1170 990
f 1170 1027 990
f 990 1027 995
f 1041 1039 998
f 998 1039 1001
f 1051 1063 1000
f 1000 1063 999
f 1066 1064 1051
f 1051 1064 1063
f 1183 1081 1066
f 1066 1081 1064
f 1178 1372 1103
f 1103 1372 1104
f 1092 1091 1465
f 1465 1091 1182
f 1467 1465 1466
f 1466 1465 1468
f 1469 1470 1184
f 1184 1470 1468
f 1095 1098 1471
f 1471 1098 1101
f 1076 1374 1120
f 1120 1374 1376
f 1110 1472 1127
f 1127 1472 1132
f 1472 1473 1132
f 1132 1473 1129
f 1474 1475 1466
f 1466 1475 1473
f 1119 1118 1116
f 1116 1118 1113
f 1375 1121 1376
f 1376 1121 1120
f 1127 1132 1128
f 1128 1132 1131
f 1227 1476 1228
f 1228 1476 1361
f 1365 1477 1362
f 1362 1477 872
f 1478 1479 1323
f 1323 1479 1230
f 1480 1481 914
f 914 1481 915
f 913 1277 914
f 914 1277 1276
f 1168 1034 1022
f 1022 1034 1023
f 1035 1036 1024
f 1024 1036 1025
f 1039 1041 1170
f 1170 1041 1027
f 1042 1148 1028
f 1028 1148 1146
f 968 1459 969
f 969 1459 1458
f 1482 1483 664
f 664 1483 665
f 1485 1486 1484
f 1484 1486 1487
f 1489 1490 1488
f 1488 1490 1491
f 1492 1493 722
f 722 1493 634
f 1495 1496 1494
f 1494 1496 1497
f 1498 1207 1339
f 1339 1207 863
f 1224 1499 1165
f 1165 1499 1166
f 1160 1163 1500
f 1500 1163 1275
f 1500 877 1160
f 1160 877 1501
f 876 873 1502
f 1502 873 1479
f 945 1264 851
f 851 1264 1229
f 835 1231 839
f 839 1231 871
f 1503 1283 778
f 778 1283 1282
f 716 715 1505
f 1505 715 1504
f 1446 1445 1507
f 1507 1445 1506
f 779 792 1381
f 1381 792 791
f 1430 1409 1341
f 1341 1409 1342
f 1411 1429 1508
f 1508 1429 1417
f 635 1510 1509
f 1509 1510 1511
f 1377 1380 1315
f 1315 1380 1316
f 1445 1400 1506
f 1506 1400 1408
f 918 917 1336
f 1336 917 1333
f 1513 1514 1512
f 1512 1514 870
f 1515 1516 1363
f 1363 1516 1364
f 1453 1517 881
f 881 1517 1276
f 992 1518 993
f 993 1518 1519
f 1520 1029 1518
f 1518 1029 955
f 1520 1026 1521
f 1521 1026 1040
f 1522 1015 1521
f 1521 1015 1043
f 996 1523 997
f 997 1523 1522
f 1060 1016 1524
f 1524 1016 1523
f 1061 1525 1062
f 1062 1525 1524
f 1079 1527 1526
f 1526 1527 1528
f 1093 1529 1094
f 1094 1529 1528
f 1111 1530 1112
f 1112 1530 1531
f 1532 1533 1105
f 1105 1533 1123
f 934 937 1139
f 1139 937 1140
f 1138 1363 1139
f 1139 1363 1362
f 1534 1222 1355
f 1355 1222 1278
f 1535 1223 1534
f 1534 1223 1222
f 821 587 1238
f 1238 587 586
f 1319 711 1317
f 1317 711 1536
f 1538 1200 1537
f 1537 1200 1199
f 1508 1417 1539
f 1539 1417 1416
f 1540 1541 840
f 840 1541 837
f 1231 898 871
f 871 898 901
f 1500 1275 1367
f 1367 1275 912
f 1543 1379 1542
f 1542 1379 1395
f 1539 772 1508
f 1508 772 1544
f 1546 1403 1545
f 1545 1403 1402
f 1548 1549 1547
f 1547 1549 1550
f 1552 1548 1551
f 1551 1548 1547
f 1554 1555 1553
f 1553 1555 1556
f 1558 1559 1557
f 1557 1559 1560
f 1562 1563 1561
f 1561 1563 1564
f 1566 1567 1565
f 1565 1567 1568
f 1570 1571 1569
f 1569 1571 1572
f 1574 1575 1573
f 1573 1575 1576
f 1577 1578 1572
f 1572 1578 1569
f 1580 1581 1579
f 1579 1581 1582
f 1584 1585 1583
f 1583 1585 1586
f 1588 1555 1587
f 1587 1555 1589
f 1591 1592 1590
f 1590 1592 1593
f 1595 1596 1594
f 1594 1596 1597
f 1596 1581 1597
f 1597 1581 1576
f 1599 1570 1598
f 1598 1570 1569
f 1601 1602 1600
f 1600 1602 1603
f 1605 1606 1604
f 1604 1606 1607
f 1608 1609 1568
f 1568 1609 1565
f 1611 1612 1610
f 1610 1612 1613
f 1615 1616 1614
f 1614 1616 1617
f 1619 1617 1618
f 1618 1617 1616
f 1621 1622 1620
f 1620 1622 1623
f 1625 1626 1624
f 1624 1626 1627
f 1629 1630 1628
f 1628 1630 1631
f 1633 1634 1632
f 1632 1634 1635
f 1636 1637 1639
f 1639 1637 1638
f 1641 1642 1640
f 1640 1642 1643
f 1624 1627 1644
f 1644 1627 1645
f 1647 1648 1646
f 1646 1648 1649
f 1651 1652 1650
f 1650 1652 1653
f 1655 1656 1654
f 1654 1656 1657
f 1659 1660 1658
f 1658 1660 1661
f 1662 1663 1631
f 1631 1663 1628
f 1651 1665 1664
f 1664 1665 1666
f 1667 1656 1619
f 1619 1656 1617
f 1669 1670 1668
f 1668 1670 1671
f 1632 1635 1672
f 1672 1635 1673
f 1674 1675 1638
f 1638 1675 1639
f 1677 1678 1676
f 1676 1678 1679
f 1680 1640 1681
f 1681 1640 1643
f 1682 1683 1643
f 1643 1683 1681
f 1670 1669 1235
f 1235 1669 1232
f 1396 1399 1674
f 1674 1399 1675
f 627 630 1679
f 1679 630 1676
f 1681 1315 1680
f 1680 1315 1311
f 1683 1377 1681
f 1681 1377 1315
f 1672 1673 1387
f 1387 1673 1385
f 1636 1684 1646
f 1646 1684 1685
f 1687 1688 1686
f 1686 1688 1689
f 1585 1690 1586
f 1586 1690 1691
f 1599 1692 1551
f 1551 1692 1693
f 1552 1558 1694
f 1694 1558 1557
f 1696 1615 1695
f 1695 1615 1614
f 1698 1699 1697
f 1697 1699 1623
f 1700 1701 1703
f 1703 1701 1702
f 1705 1706 1704
f 1704 1706 1707
f 1708 1709 1640
f 1640 1709 1641
f 1710 1711 1713
f 1713 1711 1712
f 1652 1655 1653
f 1653 1655 1654
f 1714 1699 1712
f 1712 1699 1713
f 1715 1710 1716
f 1716 1710 1713
f 1717 1708 1680
f 1680 1708 1640
f 1393 1392 1715
f 1715 1392 1710
f 1719 1720 1718
f 1718 1720 1721
f 1680 1311 1717
f 1717 1311 789
f 1378 1711 1392
f 1392 1711 1710
f 1388 1391 1719
f 1719 1391 1720
f 1723 1606 1722
f 1722 1606 1689
f 1725 1568 1724
f 1724 1568 1567
f 1726 1647 1685
f 1685 1647 1646
f 1728 1554 1727
f 1727 1554 1553
f 1591 1687 1600
f 1600 1687 1686
f 1730 1595 1729
f 1729 1595 1594
f 1601 1605 1731
f 1731 1605 1604
f 1733 1663 1732
f 1732 1663 1734
f 1736 1639 1735
f 1735 1639 1675
f 1658 1644 1737
f 1737 1644 1645
f 1726 1662 1724
f 1724 1662 1631
f 1399 1738 1675
f 1675 1738 1735
f 1621 1667 1739
f 1739 1667 1619
f 1714 1740 1620
f 1620 1740 1741
f 1592 1549 1593
f 1593 1549 1742
f 1602 1571 1603
f 1603 1571 1550
f 1688 1690 1689
f 1689 1690 1722
f 1588 1559 1582
f 1582 1559 1579
f 1673 1735 1385
f 1385 1735 1738
f 1387 1232 1672
f 1672 1232 1669
f 1580 1692 1573
f 1573 1692 1743
f 1377 1683 1378
f 1378 1683 1711
f 1664 1666 1744
f 1744 1666 1745
f 1744 1696 1664
f 1664 1696 1695
f 1746 1747 1732
f 1732 1747 1748
f 1749 1750 1677
f 1677 1750 1678
f 1709 1708 1750
f 1750 1708 1678
f 1668 1632 1669
f 1669 1632 1672
f 1633 1746 1734
f 1734 1746 1732
f 1679 1678 1717
f 1717 1678 1708
f 789 627 1717
f 1717 627 1679
f 1563 1723 1564
f 1564 1723 1722
f 1728 1584 1751
f 1751 1584 1583
f 1674 1676 1396
f 1396 1676 630
f 1666 1566 1745
f 1745 1566 1565
f 1627 1629 1645
f 1645 1629 1628
f 1637 1749 1638
f 1638 1749 1677
f 1648 1665 1649
f 1649 1665 1752
f 1740 1642 1741
f 1741 1642 1657
f 1676 1674 1677
f 1677 1674 1638
f 1683 1682 1711
f 1711 1682 1712
f 1618 1753 1619
f 1619 1753 1739
f 1701 1739 1702
f 1702 1739 1753
f 1754 1214 1756
f 1756 1214 1755
f 647 1757 619
f 619 1757 941
f 1759 1193 1758
f 1758 1193 691
f 1419 1760 1420
f 1420 1760 1761
f 682 1762 683
f 683 1762 1763
f 1412 780 1413
f 1413 780 1384
f 1383 1398 1384
f 1384 1398 1413
f 1197 1424 1764
f 1764 1424 1423
f 1537 1287 1538
f 1538 1287 1286
f 1634 1684 1635
f 1635 1684 1736
f 1724 1631 1725
f 1725 1631 1630
f 1562 1730 1610
f 1610 1730 1729
f 1735 1673 1736
f 1736 1673 1635
f 1757 1195 941
f 941 1195 1194
f 1766 200 1765
f 1765 200 199
f 475 500 476
f 476 500 479
f 498 558 483
f 483 558 487
f 545 551 546
f 546 551 550
f 453 1281 219
f 219 1281 1314
f 298 453 208
f 208 453 219
f 368 1765 1767
f 1767 1765 199
f 523 405 363
f 363 405 404
f 523 533 405
f 405 533 402
f 298 208 299
f 299 208 207
f 299 207 176
f 176 207 300
f 176 300 173
f 173 300 202
f 173 202 174
f 174 202 201
f 1337 918 1768
f 1768 918 1336
f 1769 1770 1338
f 1338 1770 859
f 581 570 578
f 578 570 1771
f 555 562 580
f 580 562 561
f 504 1772 501
f 501 1772 548
f 517 542 584
f 584 542 543
f 515 514 516
f 516 514 544
f 542 517 544
f 544 517 516
f 561 575 580
f 580 575 581
f 575 569 581
f 581 569 570
f 501 548 1773
f 1773 548 547
f 1774 1775 570
f 570 1775 1771
f 369 368 1776
f 1776 368 1767
f 372 369 375
f 375 369 1776
f 822 1280 1308
f 1308 1280 1320
f 820 1281 822
f 822 1281 1280
f 818 1314 820
f 820 1314 1281
f 1314 818 1313
f 1313 818 804
f 807 814 825
f 825 814 826
f 814 813 826
f 826 813 827
f 813 1220 827
f 827 1220 828
f 580 579 555
f 555 579 547
f 1477 1540 872
f 872 1540 840
f 367 499 368
f 368 499 1765
f 1766 1765 525
f 525 1765 499
f 1777 1766 526
f 526 1766 525
f 520 527 362
f 362 527 384
f 361 1778 519
f 519 1778 528
f 371 1779 372
f 372 1779 369
f 369 1779 370
f 370 1779 478
f 1779 371 478
f 478 371 374
f 1778 1777 528
f 528 1777 526
f 1781 1782 1780
f 1780 1782 1783
f 431 460 67
f 67 460 64
f 68 338 74
f 74 338 72
f 1785 1782 1784
f 1784 1782 1786
f 1787 1788 1790
f 1790 1788 1789
f 1792 1789 1791
f 1791 1789 1793
f 1791 1794 1792
f 1792 1794 1795
f 1794 1796 1795
f 1795 1796 1797
f 1797 1798 938
f 938 1798 868
f 1798 1799 868
f 868 1799 869
f 1801 1802 1800
f 1800 1802 1451
f 1803 1804 1205
f 1205 1804 1206
f 1805 1806 864
f 864 1806 865
f 1806 1807 865
f 865 1807 1808
f 68 71 338
f 287 328 288
f 1320 1321 1308
f 1308 1321 1309
f 1320 441 1321
f 1321 441 217
f 441 152 217
f 217 152 218
f 151 286 152
f 152 286 218
f 297 310 151
f 151 310 286
f 296 307 297
f 297 307 310
f 296 143 307
f 307 143 284
f 143 56 284
f 284 56 104
f 56 59 104
f 104 59 63
f 59 102 63
f 63 102 60
f 102 94 60
f 60 94 282
f 93 459 279
f 279 459 77
f 459 460 77
f 77 460 78
f 460 431 78
f 78 431 295
f 431 49 295
f 295 49 292
f 48 421 49
f 49 421 292
f 276 278 418
f 418 278 429
f 317 432 278
f 278 432 429
f 432 317 433
f 433 317 316
f 326 324 316
f 316 324 433
f 1536 592 1809
f 1809 592 591
f 1810 744 1812
f 1812 744 1811
f 1814 1815 1813
f 1813 1815 1816
f 1817 748 1818
f 1818 748 747
f 1812 1819 1810
f 1810 1819 1817
f 1820 1821 748
f 748 1821 749
f 1823 1824 1822
f 1822 1824 1825
f 1827 1828 1826
f 1826 1828 1829
f 1831 1832 1830
f 1830 1832 1833
f 1834 1827 1243
f 1243 1827 1826
f 1313 804 825
f 825 804 807
f 1835 1253 1236
f 1236 1253 1237
f 1836 1837 1438
f 1438 1837 1435
f 1838 1505 1840
f 1840 1505 1839
f 1841 1842 716
f 716 1842 713
f 1843 1844 1510
f 1510 1844 1845
f 1847 1848 1846
f 1846 1848 1849
f 1850 1240 1822
f 1822 1240 1239
f 636 1831 637
f 637 1831 1830
f 1852 1853 1851
f 1851 1853 1854
f 1855 1856 1858
f 1858 1856 1857
f 1846 1849 1859
f 1859 1849 1860
f 1343 1401 1509
f 1509 1401 1861
f 1509 1861 635
f 635 1861 636
f 1863 1864 1862
f 1862 1864 1865
f 1283 1503 1867
f 1867 1503 1866
f 1868 1867 681
f 681 1867 682
f 1286 1285 683
f 683 1285 684
f 757 756 1274
f 1274 756 1869
f 1274 1869 717
f 717 1869 718
f 1434 1433 719
f 719 1433 720
f 1200 1538 1545
f 1545 1538 1763
f 1285 1289 684
f 684 1289 1273
f 684 1273 681
f 681 1273 1272
f 785 1283 1868
f 1868 1283 1867
f 786 785 1870
f 1870 785 1868
f 1289 757 1273
f 1273 757 1274
f 1539 1416 1871
f 1871 1416 1872
f 773 1871 1403
f 1403 1871 1404
f 675 674 1405
f 1405 674 1402
f 1864 1873 1865
f 1865 1873 1874
f 638 1843 635
f 635 1843 1510
f 1344 1343 1511
f 1511 1343 1509
f 772 1539 773
f 773 1539 1871
f 674 1200 1402
f 1402 1200 1545
f 1538 1286 1763
f 1763 1286 683
f 1444 1443 1875
f 1875 1443 1876
f 1875 1876 1831
f 1831 1876 1832
f 1416 1344 1872
f 1872 1344 1511
f 1877 1878 774
f 774 1878 1879
f 1878 1847 1879
f 1879 1847 1846
f 1880 714 1881
f 1881 714 1848
f 1401 1444 1861
f 1861 1444 1875
f 1861 1875 636
f 636 1875 1831
f 1823 1863 1882
f 1882 1863 1862
f 1441 1440 1884
f 1884 1440 1883
f 1883 1852 1884
f 1884 1852 1851
f 1886 1887 1885
f 1885 1887 1888
f 1358 1889 1359
f 1359 1889 1890
f 1891 1886 1892
f 1892 1886 1885
f 774 1879 775
f 775 1879 1893
f 1859 1893 1846
f 1846 1893 1879
f 713 1842 1849
f 1849 1842 1860
f 1318 1895 1894
f 1894 1895 1896
f 1873 1897 1874
f 1874 1897 1898
f 1898 605 1899
f 1899 605 675
f 1405 1844 675
f 675 1844 1899
f 1404 1845 1405
f 1405 1845 1844
f 593 1296 591
f 591 1296 1809
f 1295 1292 1900
f 1900 1292 1895
f 606 1897 1291
f 1291 1897 1896
f 1510 1845 1511
f 1511 1845 1872
f 1871 1872 1404
f 1404 1872 1845
f 1866 770 1762
f 1762 770 1546
f 1762 682 1866
f 1866 682 1867
f 1870 1868 1272
f 1272 1868 681
f 1272 717 1870
f 1870 717 720
f 1870 720 786
f 786 720 1433
f 786 1433 787
f 787 1433 1432
f 1261 1414 1432
f 1432 1414 787
f 1389 1234 1260
f 1260 1234 1415
f 1719 1670 1388
f 1388 1670 1235
f 1718 1671 1719
f 1719 1671 1670
f 1705 1747 1718
f 1718 1747 1671
f 1659 1901 1704
f 1704 1901 1748
f 1877 1903 1902
f 1902 1903 1904
f 1259 1905 1390
f 1390 1905 1394
f 1715 1720 1393
f 1393 1720 1391
f 1716 1721 1715
f 1715 1721 1720
f 1698 1706 1716
f 1716 1706 1721
f 277 276 47
f 47 276 48
f 84 96 81
f 81 96 82
f 80 70 81
f 81 70 85
f 99 97 88
f 88 97 89
f 90 100 88
f 88 100 99
f 101 95 102
f 102 95 94
f 1906 1907 280
f 280 1907 281
f 97 86 89
f 89 86 85
f 60 282 61
f 61 282 281
f 83 82 46
f 46 82 47
f 293 292 420
f 420 292 421
f 419 1908 420
f 420 1908 1909
f 92 95 91
f 91 95 90
f 279 282 93
f 93 282 94
f 276 418 48
f 48 418 421
f 1910 1660 1697
f 1697 1660 1707
f 1703 1624 1700
f 1700 1624 1644
f 1622 1910 1623
f 1623 1910 1697
f 1701 1700 1911
f 1911 1700 1661
f 1700 1644 1661
f 1661 1644 1658
f 1901 1737 1733
f 1733 1737 1645
f 1625 1912 1604
f 1604 1912 1731
f 1912 1913 1731
f 1731 1913 1914
f 1913 1577 1914
f 1914 1577 1572
f 1915 1578 1616
f 1616 1578 1618
f 1915 1916 1598
f 1598 1916 1743
f 1916 1574 1743
f 1743 1574 1573
f 1575 1917 1576
f 1576 1917 1597
f 1917 1609 1597
f 1597 1609 1594
f 1608 1611 1729
f 1729 1611 1610
f 1918 1612 1629
f 1629 1612 1630
f 1626 1918 1627
f 1627 1918 1629
f 1920 1921 1919
f 1919 1921 1922
f 1920 1924 1923
f 1923 1924 1925
f 1926 1927 1924
f 1924 1927 1925
f 1929 1930 1928
f 1928 1930 1931
f 1932 1933 1935
f 1935 1933 1934
f 1937 1938 1936
f 1936 1938 1939
f 1941 1942 1940
f 1940 1942 1943
f 1941 1945 1944
f 1944 1945 1946
f 1947 1948 1694
f 1694 1948 1949
f 1950 1951 1953
f 1953 1951 1952
f 1955 1956 1954
f 1954 1956 1589
f 1958 1956 1957
f 1957 1956 1932
f 1960 1934 1959
f 1959 1934 1933
f 1962 1963 1961
f 1961 1963 1964
f 1965 1955 1751
f 1751 1955 1954
f 1935 1930 1932
f 1932 1930 1957
f 1951 1950 1926
f 1926 1950 1929
f 1966 1967 1593
f 1593 1967 1590
f 1969 1967 1968
f 1968 1967 1964
f 1962 1921 1970
f 1970 1921 1971
f 1963 1945 1964
f 1964 1945 1968
f 1972 1948 1922
f 1922 1948 1919
f 1966 1972 1961
f 1961 1972 1922
f 1958 1953 1587
f 1587 1953 1560
f 1974 1975 1973
f 1973 1975 1976
f 1978 1979 1977
f 1977 1979 1691
f 1979 1975 1691
f 1691 1975 1586
f 1938 1942 1939
f 1939 1942 1980
f 1952 1947 1557
f 1557 1947 1694
f 1969 1978 1981
f 1981 1978 1977
f 1983 1984 1982
f 1982 1984 1985
f 1986 1987 1989
f 1989 1987 1988
f 1990 1991 1983
f 1983 1991 1984
f 1990 1993 1992
f 1992 1993 1994
f 1995 1996 1994
f 1994 1996 1997
f 1999 2000 1998
f 1998 2000 2001
f 2003 2004 2002
f 2002 2004 2005
f 2007 2008 2006
f 2006 2008 2009
f 2011 2012 2010
f 2010 2012 2013
f 2014 2015 2017
f 2017 2015 2016
f 2018 2019 2021
f 2021 2019 2020
f 2022 1989 2024
f 2024 1989 2023
f 1989 1988 2023
f 2023 1988 2025
f 2026 2027 2017
f 2017 2027 2014
f 2029 2030 2028
f 2028 2030 2031
f 2033 2034 2032
f 2032 2034 2035
f 2032 2035 2036
f 2036 2035 2037
f 2039 2040 2038
f 2038 2040 2041
f 1982 2042 1983
f 1983 2042 2043
f 2045 2046 2044
f 2044 2046 2047
f 2049 2050 2048
f 2048 2050 2051
f 2053 2054 2052
f 2052 2054 2055
f 2057 2058 2056
f 2056 2058 2059
f 2060 2061 2033
f 2033 2061 2034
f 2063 2064 2062
f 2062 2064 2065
f 2066 2035 2067
f 2067 2035 2034
f 2069 2039 2068
f 2068 2039 2038
f 2025 2070 2023
f 2023 2070 2071
f 2072 2024 2071
f 2071 2024 2023
f 2074 2020 2073
f 2073 2020 2019
f 2050 2049 2047
f 2047 2049 2075
f 1983 2043 1990
f 1990 2043 1993
f 2006 2050 2007
f 2007 2050 2076
f 2050 2006 2051
f 2051 2006 2077
f 2079 2080 2078
f 2078 2080 2081
f 2082 2083 2085
f 2085 2083 2084
f 2010 2013 2086
f 2086 2013 2087
f 2089 2033 2088
f 2088 2033 2032
f 2090 2060 2089
f 2089 2060 2033
f 2092 2093 2091
f 2091 2093 2094
f 2096 1986 2095
f 2095 1986 2097
f 2097 1986 2022
f 2022 1986 1989
f 2015 2094 2016
f 2016 2094 2098
f 2016 2098 2100
f 2100 2098 2099
f 2017 2016 2101
f 2101 2016 2100
f 2017 2101 2026
f 2026 2101 2102
f 2100 2099 2104
f 2104 2099 2103
f 2104 2105 2100
f 2100 2105 2101
f 2105 2106 2101
f 2101 2106 2102
f 2108 2061 2107
f 2107 2061 2109
f 2111 2112 2110
f 2110 2112 2020
f 2020 2074 2110
f 2110 2074 2113
f 2115 2116 2114
f 2114 2116 2117
f 2118 2119 1995
f 1995 2119 2120
f 2121 2122 2027
f 2027 2122 2014
f 2047 2075 2044
f 2044 2075 2123
f 2124 2125 2127
f 2127 2125 2126
f 2129 2130 2128
f 2128 2130 2131
f 2132 2133 2057
f 2057 2133 2058
f 2134 1999 2136
f 2136 1999 2135
f 2055 2138 2137
f 2137 2138 2139
f 2141 2142 2140
f 2140 2142 2143
f 2083 2082 2064
f 2064 2082 2065
f 2082 2144 2065
f 2065 2144 2145
f 2040 2146 2041
f 2041 2146 2147
f 2060 2090 2148
f 2148 2090 2149
f 2048 2051 2137
f 2137 2051 2150
f 2151 1997 2135
f 2135 1997 1996
f 2152 2150 2077
f 2077 2150 2051
f 2046 2045 2118
f 2118 2045 2119
f 2154 2155 2153
f 2153 2155 2156
f 2158 2159 2157
f 2157 2159 2160
f 2162 2163 2161
f 2161 2163 2164
f 2164 2163 2165
f 2165 2163 2166
f 2168 2169 2167
f 2167 2169 2170
f 2003 2172 2171
f 2171 2172 2173
f 2174 2175 2002
f 2002 2175 2176
f 2145 2177 2065
f 2065 2177 2062
f 2178 2179 2180
f 2180 2179 2134
f 2181 2052 2152
f 2152 2052 2150
f 2040 2127 2146
f 2146 2127 2182
f 2130 2162 2131
f 2131 2162 2161
f 2052 2055 2150
f 2150 2055 2137
f 2184 2185 2183
f 2183 2185 2186
f 2159 2030 2160
f 2160 2030 2187
f 2146 2182 2029
f 2029 2182 2188
f 2189 2190 2192
f 2192 2190 2191
f 2172 2003 2176
f 2176 2003 2002
f 1998 2151 1999
f 1999 2151 2135
f 2177 2172 2062
f 2062 2172 2176
f 2172 2177 2173
f 2173 2177 2193
f 2063 2194 2064
f 2064 2194 2195
f 2066 2197 2196
f 2196 2197 2198
f 2002 2005 2174
f 2174 2005 2199
f 2004 2003 2200
f 2200 2003 2171
f 2198 2201 2171
f 2171 2201 2200
f 2197 2202 2198
f 2198 2202 2201
f 2202 2197 2203
f 2203 2197 2204
f 2196 2198 2173
f 2173 2198 2171
f 2205 2069 2170
f 2170 2069 2206
f 2197 2066 2204
f 2204 2066 2067
f 2107 2207 2108
f 2108 2207 2208
f 2210 2208 2209
f 2209 2208 2207
f 2185 2211 2212
f 2213 2214 2211
f 2211 2214 2212
f 1998 2001 2213
f 2213 2001 2214
f 2134 2215 1999
f 1999 2215 2000
f 2216 2217 2219
f 2219 2217 2218
f 2206 2220 2170
f 2170 2220 2167
f 2069 2068 2206
f 2206 2068 2221
f 2151 1998 2222
f 2222 1998 2213
f 2124 2039 2205
f 2205 2039 2069
f 2142 2223 2143
f 2143 2223 2128
f 2203 2186 2202
f 2202 2186 2185
f 2185 2184 2211
f 2211 2184 2224
f 2224 2225 2222
f 2222 2225 2226
f 2071 2227 2072
f 2072 2227 2228
f 2229 2074 2230
f 2230 2074 2073
f 2074 2229 2113
f 2113 2229 2231
f 2232 2225 2227
f 2227 2225 2224
f 2233 2234 2031
f 2031 2234 2028
f 2236 2231 2235
f 2235 2231 2229
f 2230 2183 2229
f 2229 2183 2235
f 2237 1987 2096
f 2096 1987 1986
f 2152 2238 2181
f 2181 2238 2239
f 2080 2240 2081
f 2081 2240 2241
f 2236 2242 1971
f 1971 2242 1970
f 1925 2113 1923
f 1923 2113 2231
f 2110 1927 2111
f 2111 1927 1928
f 2103 2111 1931
f 1931 2111 1928
f 1931 2243 2103
f 2103 2243 2104
f 2105 2104 2244
f 2244 2104 2243
f 1939 1980 2148
f 2148 1980 2109
f 1980 1944 2109
f 2109 1944 2107
f 1946 2245 2207
f 2207 2245 2209
f 2245 1970 2209
f 2209 1970 2242
f 2231 2236 1923
f 1923 2236 1971
f 2113 1925 2110
f 2110 1925 1927
f 2234 2246 2028
f 2028 2246 2147
f 2247 2248 2058
f 2058 2248 2059
f 2114 2117 2249
f 2249 2117 2250
f 2252 2253 2251
f 2251 2253 2254
f 2094 2015 2091
f 2091 2015 2255
f 2256 2255 2014
f 2014 2255 2015
f 2257 2145 2258
f 2258 2145 2144
f 2131 2161 2123
f 2123 2161 2044
f 2045 2044 2164
f 2164 2044 2161
f 2045 2164 2119
f 2119 2164 2165
f 2259 2120 2165
f 2165 2120 2119
f 2260 2261 2259
f 2259 2261 2120
f 2205 2262 2124
f 2124 2262 2125
f 2180 2263 2178
f 2178 2263 2264
f 2265 2266 2092
f 2092 2266 2093
f 1992 2267 2268
f 2184 2228 2224
f 2224 2228 2227
f 2048 2269 2049
f 2049 2269 2141
f 2129 2168 2157
f 2157 2168 2167
f 2049 2141 2075
f 2075 2141 2140
f 2199 2215 2270
f 2270 2215 2271
f 2142 2141 2272
f 2272 2141 2269
f 2089 2026 2090
f 2090 2026 2102
f 2146 2029 2147
f 2147 2029 2028
f 2111 2103 2112
f 2112 2103 2099
f 2061 2060 2109
f 2109 2060 2148
f 2273 2274 2041
f 2041 2274 2038
f 2260 2275 2261
f 2261 2275 2136
f 2057 2138 2132
f 2132 2138 2276
f 2272 2269 2056
f 2056 2269 2139
f 2277 2278 2270
f 2270 2278 2199
f 2029 2188 2030
f 2030 2188 2187
f 2040 2039 2127
f 2127 2039 2124
f 2064 2195 2083
f 2083 2195 2279
f 2056 2139 2057
f 2057 2139 2138
f 2278 2277 2247
f 2247 2277 2248
f 2062 2176 2063
f 2063 2176 2175
f 2280 2210 2242
f 2242 2210 2209
f 2282 2233 2281
f 2281 2233 2031
f 2216 2219 2283
f 2283 2219 2221
f 2158 2220 2218
f 2218 2220 2219
f 2217 2282 2218
f 2218 2282 2281
f 2220 2158 2167
f 2167 2158 2157
f 2223 2264 2128
f 2128 2264 2263
f 2261 1996 2120
f 2120 1996 1995
f 2213 2211 2222
f 2222 2211 2224
f 2283 2221 2284
f 2284 2221 2068
f 2135 1996 2136
f 2136 1996 2261
f 2144 2081 2258
f 2258 2081 2241
f 2235 2280 2236
f 2236 2280 2242
f 2246 2273 2147
f 2147 2273 2041
f 2036 2285 2032
f 2032 2285 2088
f 2077 2286 2152
f 2152 2286 2238
f 1937 1960 1973
f 1973 1960 1959
f 2070 2232 2071
f 2071 2232 2227
f 2244 2287 2105
f 2105 2287 2106
f 1936 1939 2149
f 2149 1939 2148
f 1944 1946 2107
f 2107 1946 2207
f 2285 2121 2088
f 2088 2121 2027
f 2253 2249 2254
f 2254 2249 2250
f 2006 2009 2077
f 2077 2009 2286
f 2289 2086 2288
f 2288 2086 2087
f 2223 2142 2290
f 2290 2142 2272
f 2128 2131 2143
f 2143 2131 2123
f 2156 2291 2153
f 2153 2291 2175
f 2292 2293 2278
f 2278 2293 2294
f 2075 2140 2123
f 2123 2140 2143
f 2262 2169 2275
f 2275 2169 2180
f 2275 2180 2136
f 2136 2180 2134
f 2274 2284 2038
f 2038 2284 2068
f 2127 2126 2182
f 2182 2126 2166
f 2094 2093 2098
f 2098 2093 2021
f 2098 2021 2099
f 2099 2021 2112
f 2018 2021 2266
f 2266 2021 2093
f 2251 2289 2252
f 2252 2289 2288
f 1997 2151 2226
f 2226 2151 2222
f 2206 2221 2220
f 2220 2221 2219
f 2269 2048 2139
f 2139 2048 2137
f 2159 2158 2281
f 2281 2158 2218
f 2156 2155 2190
f 2190 2155 2191
f 1974 1965 1583
f 1583 1965 1751
f 2088 2027 2089
f 2089 2027 2026
f 2030 2159 2031
f 2031 2159 2281
f 2106 2149 2102
f 2102 2149 2090
f 2287 1936 2106
f 2106 1936 2149
f 2293 2154 2294
f 2294 2154 2153
f 2021 2020 2112
f 2247 2295 2278
f 2278 2295 2292
f 2284 2296 2283
f 2283 2296 2297
f 2298 2296 2274
f 2274 2296 2284
f 2273 2299 2274
f 2274 2299 2298
f 2246 2300 2273
f 2273 2300 2299
f 2283 2297 2216
f 2216 2297 2301
f 2216 2301 2217
f 2217 2301 2302
f 2302 2303 2217
f 2217 2303 2282
f 2304 2301 2305
f 2305 2301 2297
f 2307 2308 2306
f 2306 2308 2309
f 2306 2310 2307
f 2307 2310 2311
f 2307 2312 2308
f 2308 2312 2313
f 2314 2315 2312
f 2312 2315 2316
f 2316 2317 2312
f 2312 2317 2313
f 2317 2305 2313
f 2313 2305 2318
f 2314 2312 2311
f 2311 2312 2307
f 2319 2320 2322
f 2322 2320 2321
f 2322 2311 2319
f 2319 2311 2310
f 2313 2318 2308
f 2308 2318 2309
f 2296 2298 2318
f 2318 2298 2309
f 2309 2298 2323
f 2323 2298 2299
f 2306 2309 2324
f 2324 2309 2323
f 2310 2306 2325
f 2325 2306 2324
f 2296 2318 2297
f 2297 2318 2305
f 2319 2310 2326
f 2326 2310 2325
f 2328 2325 2327
f 2327 2325 2324
f 2325 2328 2326
f 2326 2328 2329
f 2331 2328 2330
f 2330 2328 2327
f 2332 2333 2327
f 2327 2333 2330
f 2328 2331 2329
f 2329 2331 2334
f 2324 2323 2327
f 2327 2323 2332
f 2300 2332 2299
f 2299 2332 2323
f 2326 2335 2319
f 2319 2335 2320
f 2305 2317 2336
f 2336 2317 2316
f 2336 2316 2337
f 2337 2316 2315
f 2338 2304 2336
f 2336 2304 2305
f 2337 2339 2336
f 2336 2339 2338
f 2337 2315 2341
f 2341 2315 2340
f 2342 2300 2234
f 2234 2300 2246
f 2303 2343 2282
f 2282 2343 2233
f 2234 2233 2342
f 2342 2233 2343
f 2342 2343 2333
f 2333 2343 2344
f 2333 2344 2330
f 2330 2344 2345
f 2346 2344 2303
f 2303 2344 2343
f 2332 2300 2333
f 2333 2300 2342
f 2347 2346 2302
f 2302 2346 2303
f 2301 2304 2302
f 2302 2304 2347
f 2304 2338 2347
f 2347 2338 2348
f 2348 2349 2347
f 2347 2349 2346
f 2350 2351 2348
f 2348 2351 2349
f 2349 2345 2346
f 2346 2345 2344
f 2345 2349 2352
f 2352 2349 2351
f 2338 2339 2348
f 2348 2339 2350
f 2350 2339 2353
f 2353 2339 2354
f 2356 2357 2355
f 2355 2357 2353
f 2351 2350 2357
f 2357 2350 2353
f 2353 2354 2355
f 2355 2354 2335
f 2320 2335 2341
f 2341 2335 2354
f 2339 2337 2354
f 2354 2337 2341
f 2352 2331 2345
f 2345 2331 2330
f 2356 2334 2352
f 2352 2334 2331
f 2356 2352 2357
f 2357 2352 2351
f 2355 2329 2356
f 2356 2329 2334
f 2335 2326 2355
f 2355 2326 2329
f 2321 2314 2322
f 2322 2314 2311
f 2321 2320 2340
f 2340 2320 2341
f 2315 2314 2340
f 2340 2314 2321
f 2125 2260 2126
f 2126 2260 2259
f 2157 2160 2129
f 2129 2160 2130
f 2188 2163 2187
f 2187 2163 2162
f 2182 2166 2188
f 2188 2166 2163
f 2180 2169 2263
f 2263 2169 2168
f 2160 2187 2130
f 2130 2187 2162
f 2275 2260 2262
f 2262 2260 2125
f 2128 2263 2129
f 2129 2263 2168
f 2262 2205 2169
f 2169 2205 2170
f 2165 2166 2259
f 2259 2166 2126
f 2359 2360 2358
f 2358 2360 2361
f 2363 2364 2362
f 2362 2364 2365
f 2367 2363 2366
f 2366 2363 2362
f 2368 2369 2371
f 2371 2369 2370
f 2372 2373 2248
f 2248 2373 2059
f 2364 2374 2365
f 2365 2374 2375
f 2377 2378 2376
f 2376 2378 2379
f 2290 2380 2223
f 2223 2380 2381
f 2223 2381 2264
f 2264 2381 2382
f 2384 2385 2383
f 2383 2385 2386
f 2364 2371 2374
f 2374 2371 2387
f 2059 2373 2290
f 2290 2373 2380
f 2378 2360 2379
f 2379 2360 2388
f 2374 2387 2359
f 2359 2387 2389
f 2390 2367 2386
f 2386 2367 2391
f 2393 2394 2392
f 2392 2394 2395
f 2386 2391 2383
f 2383 2391 2396
f 2367 2366 2391
f 2391 2366 2397
f 2363 2367 2368
f 2368 2367 2390
f 2398 2399 2361
f 2361 2399 2358
f 2399 2400 2358
f 2358 2400 2375
f 2390 2401 2368
f 2368 2401 2369
f 2372 2384 2376
f 2376 2384 2383
f 2374 2359 2375
f 2375 2359 2358
f 2402 2403 2365
f 2365 2403 2362
f 2359 2389 2360
f 2360 2389 2388
f 2364 2363 2371
f 2371 2363 2368
f 2405 2398 2404
f 2404 2398 2361
f 2392 2395 2406
f 2406 2395 2397
f 2377 2396 2394
f 2394 2396 2395
f 2394 2393 2404
f 2404 2393 2405
f 2396 2377 2383
f 2383 2377 2376
f 2406 2397 2407
f 2407 2397 2366
f 2400 2402 2375
f 2375 2402 2365
f 2385 2270 2401
f 2401 2270 2271
f 2403 2407 2362
f 2362 2407 2366
f 2371 2370 2387
f 2387 2370 2382
f 2391 2397 2396
f 2396 2397 2395
f 2378 2377 2404
f 2404 2377 2394
f 2360 2378 2361
f 2361 2378 2404
f 2407 2408 2406
f 2406 2408 2409
f 2410 2408 2403
f 2403 2408 2407
f 2411 2410 2402
f 2402 2410 2403
f 2412 2411 2400
f 2400 2411 2402
f 2406 2409 2392
f 2392 2409 2413
f 2392 2413 2393
f 2393 2413 2414
f 2415 2405 2414
f 2414 2405 2393
f 2416 2413 2417
f 2417 2413 2409
f 2419 2420 2418
f 2418 2420 2421
f 2420 2422 2421
f 2421 2422 2423
f 2420 2424 2422
f 2422 2424 2425
f 2426 2427 2424
f 2424 2427 2428
f 2428 2429 2424
f 2424 2429 2425
f 2426 2424 2419
f 2419 2424 2420
f 2419 2418 2431
f 2431 2418 2430
f 2425 2432 2422
f 2422 2432 2423
f 2408 2410 2432
f 2432 2410 2423
f 2423 2410 2433
f 2433 2410 2411
f 2421 2423 2434
f 2434 2423 2433
f 2435 2418 2434
f 2434 2418 2421
f 2429 2417 2425
f 2425 2417 2432
f 2408 2432 2409
f 2409 2432 2417
f 2418 2435 2430
f 2430 2435 2436
f 2438 2435 2437
f 2437 2435 2434
f 2435 2438 2436
f 2436 2438 2439
f 2441 2438 2440
f 2440 2438 2437
f 2442 2443 2437
f 2437 2443 2440
f 2439 2438 2444
f 2444 2438 2441
f 2433 2442 2434
f 2434 2442 2437
f 2412 2442 2411
f 2411 2442 2433
f 2436 2445 2430
f 2430 2445 2446
f 2430 2446 2431
f 2431 2446 2447
f 2417 2429 2448
f 2448 2429 2428
f 2427 2449 2428
f 2428 2449 2448
f 2450 2416 2448
f 2448 2416 2417
f 2451 2450 2449
f 2449 2450 2448
f 2427 2452 2449
f 2449 2452 2453
f 2447 2446 2452
f 2452 2446 2453
f 2454 2412 2399
f 2399 2412 2400
f 2415 2455 2405
f 2405 2455 2398
f 2399 2398 2454
f 2454 2398 2455
f 2454 2455 2443
f 2443 2455 2456
f 2443 2456 2440
f 2440 2456 2457
f 2458 2456 2415
f 2415 2456 2455
f 2443 2442 2454
f 2454 2442 2412
f 2459 2458 2414
f 2414 2458 2415
f 2413 2416 2414
f 2414 2416 2459
f 2459 2416 2460
f 2460 2416 2450
f 2460 2461 2459
f 2459 2461 2458
f 2462 2463 2460
f 2460 2463 2461
f 2461 2457 2458
f 2458 2457 2456
f 2457 2461 2464
f 2464 2461 2463
f 2451 2462 2450
f 2450 2462 2460
f 2462 2451 2465
f 2465 2451 2466
f 2468 2469 2467
f 2467 2469 2465
f 2463 2462 2469
f 2469 2462 2465
f 2465 2466 2467
f 2467 2466 2445
f 2446 2445 2453
f 2453 2445 2466
f 2451 2449 2466
f 2466 2449 2453
f 2464 2441 2457
f 2457 2441 2440
f 2468 2444 2464
f 2464 2444 2441
f 2468 2464 2469
f 2469 2464 2463
f 2467 2439 2468
f 2468 2439 2444
f 2445 2436 2467
f 2467 2436 2439
f 2447 2426 2431
f 2431 2426 2419
f 2427 2426 2452
f 2452 2426 2447
f 2369 2179 2370
f 2370 2179 2178
f 2376 2379 2372
f 2372 2379 2373
f 2389 2381 2388
f 2388 2381 2380
f 2387 2382 2389
f 2389 2382 2381
f 2270 2385 2277
f 2277 2385 2384
f 2379 2388 2373
f 2373 2388 2380
f 2401 2271 2369
f 2369 2271 2179
f 2248 2277 2372
f 2372 2277 2384
f 2401 2390 2385
f 2385 2390 2386
f 2264 2382 2178
f 2178 2382 2370
f 2215 2134 2271
f 2271 2134 2179
f 2005 2000 2199
f 2199 2000 2215
f 2004 2001 2005
f 2005 2001 2000
f 2200 2214 2004
f 2004 2214 2001
f 2470 2471 2473
f 2473 2471 2472
f 2475 2476 2474
f 2474 2476 2477
f 2479 2475 2478
f 2478 2475 2474
f 2481 2482 2480
f 2480 2482 2483
f 2476 2484 2477
f 2477 2484 2485
f 2487 2488 2486
f 2486 2488 2489
f 2133 2490 2058
f 2058 2490 2491
f 2058 2491 2247
f 2247 2491 2492
f 2494 2495 2493
f 2493 2495 2496
f 2476 2483 2484
f 2484 2483 2497
f 2472 2498 2488
f 2488 2498 2489
f 2484 2497 2471
f 2471 2497 2499
f 2500 2479 2496
f 2496 2479 2501
f 2502 2503 2505
f 2505 2503 2504
f 2496 2501 2493
f 2493 2501 2506
f 2479 2478 2501
f 2501 2478 2507
f 2475 2479 2480
f 2480 2479 2500
f 2508 2509 2473
f 2473 2509 2470
f 2509 2510 2470
f 2470 2510 2485
f 2511 2481 2500
f 2500 2481 2480
f 2512 2494 2486
f 2486 2494 2493
f 2485 2484 2470
f 2470 2484 2471
f 2513 2514 2477
f 2477 2514 2474
f 2471 2499 2472
f 2472 2499 2498
f 2476 2475 2483
f 2483 2475 2480
f 2516 2508 2515
f 2515 2508 2473
f 2502 2505 2517
f 2517 2505 2507
f 2504 2487 2505
f 2505 2487 2506
f 2503 2516 2504
f 2504 2516 2515
f 2506 2487 2493
f 2493 2487 2486
f 2517 2507 2518
f 2518 2507 2478
f 2510 2513 2485
f 2485 2513 2477
f 2511 2495 2293
f 2293 2495 2154
f 2514 2518 2474
f 2474 2518 2478
f 2483 2482 2497
f 2497 2482 2492
f 2501 2507 2506
f 2506 2507 2505
f 2488 2487 2515
f 2515 2487 2504
f 2472 2488 2473
f 2473 2488 2515
f 2518 2519 2517
f 2517 2519 2520
f 2521 2519 2514
f 2514 2519 2518
f 2522 2521 2513
f 2513 2521 2514
f 2523 2522 2510
f 2510 2522 2513
f 2517 2520 2502
f 2502 2520 2524
f 2502 2524 2503
f 2503 2524 2525
f 2525 2526 2503
f 2503 2526 2516
f 2527 2524 2528
f 2528 2524 2520
f 2530 2531 2529
f 2529 2531 2532
f 2531 2533 2532
f 2532 2533 2534
f 2531 2535 2533
f 2533 2535 2536
f 2537 2538 2535
f 2535 2538 2539
f 2539 2540 2535
f 2535 2540 2536
f 2537 2535 2530
f 2530 2535 2531
f 2529 2541 2530
f 2530 2541 2542
f 2543 2534 2536
f 2536 2534 2533
f 2519 2521 2543
f 2543 2521 2534
f 2534 2521 2544
f 2544 2521 2522
f 2532 2534 2545
f 2545 2534 2544
f 2529 2532 2546
f 2546 2532 2545
f 2536 2540 2543
f 2543 2540 2528
f 2519 2543 2520
f 2520 2543 2528
f 2541 2529 2547
f 2547 2529 2546
f 2548 2549 2545
f 2545 2549 2546
f 2549 2550 2546
f 2546 2550 2547
f 2551 2552 2548
f 2548 2552 2549
f 2548 2553 2551
f 2551 2553 2554
f 2550 2549 2555
f 2555 2549 2552
f 2545 2544 2548
f 2548 2544 2553
f 2523 2553 2522
f 2522 2553 2544
f 2547 2556 2541
f 2541 2556 2557
f 2541 2557 2542
f 2542 2557 2558
f 2528 2540 2559
f 2559 2540 2539
f 2538 2560 2539
f 2539 2560 2559
f 2561 2527 2559
f 2559 2527 2528
f 2560 2562 2559
f 2559 2562 2561
f 2560 2538 2564
f 2564 2538 2563
f 2558 2557 2563
f 2563 2557 2564
f 2565 2523 2509
f 2509 2523 2510
f 2526 2566 2516
f 2516 2566 2508
f 2509 2508 2565
f 2565 2508 2566
f 2565 2566 2554
f 2554 2566 2567
f 2554 2567 2551
f 2551 2567 2568
f 2569 2567 2526
f 2526 2567 2566
f 2553 2523 2554
f 2554 2523 2565
f 2570 2569 2525
f 2525 2569 2526
f 2524 2527 2525
f 2525 2527 2570
f 2527 2561 2570
f 2570 2561 2571
f 2571 2572 2570
f 2570 2572 2569
f 2573 2574 2571
f 2571 2574 2572
f 2572 2568 2569
f 2569 2568 2567
f 2568 2572 2575
f 2575 2572 2574
f 2562 2573 2561
f 2561 2573 2571
f 2573 2562 2576
f 2576 2562 2577
f 2579 2580 2578
f 2578 2580 2576
f 2574 2573 2580
f 2580 2573 2576
f 2576 2577 2578
f 2578 2577 2556
f 2557 2556 2564
f 2564 2556 2577
f 2562 2560 2577
f 2577 2560 2564
f 2575 2552 2568
f 2568 2552 2551
f 2579 2555 2575
f 2575 2555 2552
f 2579 2575 2580
f 2580 2575 2574
f 2550 2555 2578
f 2578 2555 2579
f 2556 2547 2578
f 2578 2547 2550
f 2558 2537 2542
f 2542 2537 2530
f 2538 2537 2563
f 2563 2537 2558
f 2292 2295 2481
f 2481 2295 2482
f 2486 2489 2512
f 2512 2489 2581
f 2499 2491 2498
f 2498 2491 2490
f 2497 2492 2499
f 2499 2492 2491
f 2155 2154 2494
f 2494 2154 2495
f 2581 2489 2490
f 2490 2489 2498
f 2293 2292 2511
f 2511 2292 2481
f 2191 2155 2512
f 2512 2155 2494
f 2500 2496 2511
f 2511 2496 2495
f 2247 2492 2295
f 2295 2492 2482
f 2583 2584 2582
f 2582 2584 2585
f 2587 2588 2586
f 2586 2588 2589
f 2591 2587 2590
f 2590 2587 2586
f 2593 2594 2592
f 2592 2594 2595
f 2596 2597 2599
f 2599 2597 2598
f 2588 2600 2589
f 2589 2600 2601
f 2602 2603 2605
f 2605 2603 2604
f 2606 2607 2609
f 2609 2607 2608
f 2609 2608 2190
f 2190 2608 2610
f 2611 2612 2614
f 2614 2612 2613
f 2600 2588 2615
f 2615 2588 2595
f 2599 2598 2606
f 2606 2598 2607
f 2584 2616 2604
f 2604 2616 2605
f 2600 2615 2583
f 2583 2615 2617
f 2591 2619 2618
f 2618 2619 2614
f 2621 2622 2620
f 2620 2622 2623
f 2619 2624 2614
f 2614 2624 2611
f 2591 2590 2619
f 2619 2590 2625
f 2587 2591 2592
f 2592 2591 2618
f 2626 2627 2585
f 2585 2627 2582
f 2627 2628 2582
f 2582 2628 2601
f 2629 2593 2618
f 2618 2593 2592
f 2602 2597 2611
f 2611 2597 2612
f 2600 2583 2601
f 2601 2583 2582
f 2630 2631 2589
f 2589 2631 2586
f 2583 2617 2584
f 2584 2617 2616
f 2588 2587 2595
f 2595 2587 2592
f 2633 2626 2632
f 2632 2626 2585
f 2620 2623 2634
f 2634 2623 2625
f 2622 2603 2623
f 2623 2603 2624
f 2621 2633 2622
f 2622 2633 2632
f 2611 2624 2602
f 2602 2624 2603
f 2634 2625 2635
f 2635 2625 2590
f 2628 2630 2601
f 2601 2630 2589
f 2613 2195 2629
f 2629 2195 2194
f 2631 2635 2586
f 2586 2635 2590
f 2595 2594 2615
f 2615 2594 2610
f 2619 2625 2624
f 2624 2625 2623
f 2632 2604 2622
f 2622 2604 2603
f 2585 2584 2632
f 2632 2584 2604
f 2635 2636 2634
f 2634 2636 2637
f 2638 2636 2631
f 2631 2636 2635
f 2639 2638 2630
f 2630 2638 2631
f 2640 2639 2628
f 2628 2639 2630
f 2634 2637 2620
f 2620 2637 2641
f 2620 2641 2621
f 2621 2641 2642
f 2642 2643 2621
f 2621 2643 2633
f 2641 2637 2644
f 2644 2637 2645
f 2646 2647 2649
f 2649 2647 2648
f 2648 2650 2649
f 2649 2650 2651
f 2648 2652 2650
f 2650 2652 2653
f 2652 2654 2656
f 2656 2654 2655
f 2656 2657 2652
f 2652 2657 2653
f 2654 2652 2647
f 2647 2652 2648
f 2647 2646 2659
f 2659 2646 2658
f 2660 2651 2653
f 2653 2651 2650
f 2636 2638 2660
f 2660 2638 2651
f 2651 2638 2661
f 2661 2638 2639
f 2651 2661 2649
f 2649 2661 2662
f 2663 2646 2662
f 2662 2646 2649
f 2653 2657 2660
f 2660 2657 2645
f 2636 2660 2637
f 2637 2660 2645
f 2646 2663 2658
f 2658 2663 2664
f 2665 2666 2662
f 2662 2666 2663
f 2666 2667 2663
f 2663 2667 2664
f 2668 2669 2665
f 2665 2669 2666
f 2665 2670 2668
f 2668 2670 2671
f 2667 2666 2672
f 2672 2666 2669
f 2662 2661 2665
f 2665 2661 2670
f 2640 2670 2639
f 2639 2670 2661
f 2673 2674 2664
f 2664 2674 2658
f 2658 2674 2659
f 2659 2674 2675
f 2645 2657 2676
f 2676 2657 2656
f 2677 2676 2655
f 2655 2676 2656
f 2676 2678 2645
f 2645 2678 2644
f 2677 2679 2676
f 2676 2679 2678
f 2655 2680 2677
f 2677 2680 2681
f 2675 2674 2680
f 2680 2674 2681
f 2682 2640 2627
f 2627 2640 2628
f 2643 2683 2633
f 2633 2683 2626
f 2682 2627 2683
f 2683 2627 2626
f 2683 2684 2682
f 2682 2684 2671
f 2684 2685 2671
f 2671 2685 2668
f 2686 2684 2643
f 2643 2684 2683
f 2670 2640 2671
f 2671 2640 2682
f 2687 2686 2642
f 2642 2686 2643
f 2642 2641 2687
f 2687 2641 2644
f 2687 2644 2688
f 2688 2644 2678
f 2688 2689 2687
f 2687 2689 2686
f 2690 2691 2688
f 2688 2691 2689
f 2689 2685 2686
f 2686 2685 2684
f 2685 2689 2692
f 2692 2689 2691
f 2679 2690 2678
f 2678 2690 2688
f 2690 2679 2693
f 2693 2679 2694
f 2696 2697 2695
f 2695 2697 2693
f 2691 2690 2697
f 2697 2690 2693
f 2693 2694 2695
f 2695 2694 2673
f 2674 2673 2681
f 2681 2673 2694
f 2679 2677 2694
f 2694 2677 2681
f 2685 2692 2668
f 2668 2692 2669
f 2696 2672 2692
f 2692 2672 2669
f 2696 2692 2697
f 2697 2692 2691
f 2695 2667 2696
f 2696 2667 2672
f 2673 2664 2695
f 2695 2664 2667
f 2675 2654 2659
f 2659 2654 2647
f 2655 2654 2680
f 2680 2654 2675
f 2291 2156 2593
f 2593 2156 2594
f 2597 2602 2598
f 2598 2602 2605
f 2616 2617 2607
f 2607 2617 2608
f 2615 2610 2617
f 2617 2610 2608
f 2597 2596 2612
f 2612 2596 2698
f 2598 2605 2607
f 2607 2605 2616
f 2194 2291 2629
f 2629 2291 2593
f 2629 2618 2613
f 2613 2618 2614
f 2190 2610 2156
f 2156 2610 2594
f 2700 2010 2699
f 2699 2010 2086
f 2267 2701 2116
f 2116 2701 2702
f 2116 2702 2117
f 2117 2702 2703
f 2704 2705 2250
f 2250 2705 2254
f 2011 2706 2267
f 2267 2706 2701
f 2699 2086 2707
f 2707 2086 2289
f 2010 2700 2011
f 2011 2700 2706
f 2708 2707 2251
f 2251 2707 2289
f 2703 2704 2117
f 2117 2704 2250
f 2705 2708 2254
f 2254 2708 2251
f 2709 2710 2708
f 2708 2710 2707
f 2711 2709 2705
f 2705 2709 2708
f 2712 2711 2704
f 2704 2711 2705
f 2713 2712 2703
f 2703 2712 2704
f 2707 2710 2699
f 2699 2710 2714
f 2699 2714 2700
f 2700 2714 2715
f 2716 2706 2715
f 2715 2706 2700
f 2714 2710 2717
f 2717 2710 2718
f 2720 2721 2719
f 2719 2721 2722
f 2721 2723 2722
f 2722 2723 2724
f 2721 2725 2723
f 2723 2725 2726
f 2727 2728 2725
f 2725 2728 2726
f 2729 2725 2720
f 2720 2725 2721
f 2731 2729 2730
f 2730 2729 2720
f 2719 2732 2720
f 2720 2732 2730
f 2726 2733 2723
f 2723 2733 2724
f 2709 2711 2733
f 2733 2711 2724
f 2724 2711 2734
f 2734 2711 2712
f 2722 2724 2735
f 2735 2724 2734
f 2719 2722 2736
f 2736 2722 2735
f 2726 2728 2733
f 2733 2728 2718
f 2709 2733 2710
f 2710 2733 2718
f 2732 2719 2737
f 2737 2719 2736
f 2738 2739 2735
f 2735 2739 2736
f 2739 2740 2736
f 2736 2740 2737
f 2741 2742 2738
f 2738 2742 2739
f 2738 2743 2741
f 2741 2743 2744
f 2740 2739 2745
f 2745 2739 2742
f 2735 2734 2738
f 2738 2734 2743
f 2713 2743 2712
f 2712 2743 2734
f 2737 2746 2732
f 2732 2746 2747
f 2732 2747 2730
f 2730 2747 2731
f 2718 2728 2748
f 2748 2728 2727
f 2749 2750 2727
f 2727 2750 2748
f 2748 2751 2718
f 2718 2751 2717
f 2750 2752 2748
f 2748 2752 2751
f 2750 2749 2754
f 2754 2749 2753
f 2731 2747 2753
f 2753 2747 2754
f 2727 2725 2749
f 2749 2725 2729
f 2749 2729 2753
f 2753 2729 2731
f 2702 2755 2703
f 2703 2755 2713
f 2706 2716 2701
f 2701 2716 2756
f 2755 2702 2756
f 2756 2702 2701
f 2756 2757 2755
f 2755 2757 2744
f 2757 2758 2744
f 2744 2758 2741
f 2759 2757 2716
f 2716 2757 2756
f 2743 2713 2744
f 2744 2713 2755
f 2760 2759 2715
f 2715 2759 2716
f 2715 2714 2760
f 2760 2714 2717
f 2760 2717 2761
f 2761 2717 2751
f 2761 2762 2760
f 2760 2762 2759
f 2763 2764 2761
f 2761 2764 2762
f 2762 2758 2759
f 2759 2758 2757
f 2758 2762 2765
f 2765 2762 2764
f 2752 2763 2751
f 2751 2763 2761
f 2763 2752 2766
f 2766 2752 2767
f 2768 2769 2766
f 2766 2769 2770
f 2764 2763 2770
f 2770 2763 2766
f 2766 2767 2768
f 2768 2767 2746
f 2747 2746 2754
f 2754 2746 2767
f 2752 2750 2767
f 2767 2750 2754
f 2758 2765 2741
f 2741 2765 2742
f 2769 2745 2765
f 2765 2745 2742
f 2769 2765 2770
f 2770 2765 2764
f 2768 2740 2769
f 2769 2740 2745
f 2746 2737 2768
f 2768 2737 2740
f 2201 2212 2200
f 2200 2212 2214
f 2201 2202 2212
f 2212 2202 2185
f 2512 2581 2191
f 2191 2581 2192
f 2059 2290 2056
f 2056 2290 2272
f 2174 2199 2294
f 2294 2199 2278
f 2063 2175 2194
f 2194 2175 2291
f 2192 2581 2133
f 2133 2581 2490
f 2133 2132 2192
f 2192 2132 2189
f 2054 2276 2055
f 2055 2276 2138
f 2083 2279 2084
f 2084 2279 2771
f 2771 2279 2599
f 2599 2279 2596
f 2606 2772 2599
f 2599 2772 2771
f 2772 2773 2771
f 2771 2773 2084
f 2773 2774 2084
f 2084 2774 2085
f 2085 2775 2082
f 2082 2775 2144
f 2774 2078 2085
f 2085 2078 2775
f 2078 2774 2079
f 2079 2774 2776
f 2774 2773 2776
f 2776 2773 2777
f 2773 2772 2777
f 2777 2772 2778
f 2190 2189 2609
f 2609 2189 2778
f 2053 2052 2779
f 2779 2052 2181
f 2144 2775 2081
f 2081 2775 2078
f 2294 2153 2174
f 2174 2153 2175
f 2132 2276 2189
f 2189 2276 2778
f 2606 2609 2772
f 2772 2609 2778
f 2195 2613 2698
f 2698 2613 2612
f 2596 2279 2698
f 2698 2279 2195
f 2054 2777 2276
f 2276 2777 2778
f 2777 2054 2776
f 2776 2054 2053
f 2053 2779 2776
f 2776 2779 2079
f 2779 2181 2079
f 2079 2181 2080
f 2181 2239 2080
f 2080 2239 2240
f 2122 2256 2014
f 2042 1982 2076
f 2076 1982 2007
f 1982 1985 2007
f 2007 1985 2008
f 2095 2097 2265
f 2265 2097 2266
f 2076 2050 2042
f 2042 2050 2047
f 2046 2043 2047
f 2047 2043 2042
f 2118 1993 2046
f 2046 1993 2043
f 1995 1994 2118
f 2118 1994 1993
f 2267 1992 2011
f 2011 1992 2012
f 1997 2012 1994
f 1994 2012 1992
f 2226 2013 1997
f 1997 2013 2012
f 2225 2087 2226
f 2226 2087 2013
f 2225 2232 2087
f 2087 2232 2288
f 2232 2070 2288
f 2288 2070 2252
f 2070 2025 2252
f 2252 2025 2253
f 1988 2249 2025
f 2025 2249 2253
f 2116 2115 2267
f 2267 2115 2268
f 2096 1984 2237
f 2237 1984 1991
f 2095 1985 2096
f 2096 1985 1984
f 2265 2008 2095
f 2095 2008 1985
f 2092 2009 2265
f 2265 2009 2008
f 2091 2286 2092
f 2092 2286 2009
f 2255 2238 2091
f 2091 2238 2286
f 2256 2239 2255
f 2255 2239 2238
f 2122 2240 2256
f 2256 2240 2239
f 2121 2241 2122
f 2122 2241 2240
f 2022 2018 2097
f 2097 2018 2266
f 2022 2024 2018
f 2018 2024 2019
f 2024 2072 2019
f 2019 2072 2073
f 2072 2228 2073
f 2073 2228 2230
f 2228 2184 2230
f 2230 2184 2183
f 2121 2285 2241
f 2241 2285 2258
f 2285 2036 2258
f 2258 2036 2257
f 2177 2145 2193
f 2193 2145 2257
f 2173 2193 2196
f 2196 2193 2037
f 2036 2037 2257
f 2257 2037 2193
f 2196 2037 2066
f 2066 2037 2035
f 2061 2108 2034
f 2034 2108 2067
f 2108 2208 2067
f 2067 2208 2204
f 2208 2210 2204
f 2204 2210 2203
f 2210 2280 2203
f 2203 2280 2186
f 2183 2186 2235
f 2235 2186 2280
f 1987 2114 1988
f 1988 2114 2249
f 2237 2115 1987
f 1987 2115 2114
f 1991 2268 2237
f 2237 2268 2115
f 1991 1990 2268
f 2268 1990 1992
f 107 110 2781
f 2781 110 2780
f 117 2782 118
f 118 2782 2783
f 119 2784 120
f 120 2784 2785
f 125 2786 126
f 126 2786 2787
f 127 2788 128
f 128 2788 2789
f 127 132 2788
f 2788 132 2790
f 231 230 2792
f 2792 230 2791
f 118 2783 119
f 119 2783 2784
f 241 243 2794
f 2794 243 2793
f 2781 2795 107
f 107 2795 352
f 120 2785 437
f 437 2785 2796
f 126 2787 110
f 110 2787 2780
f 455 2797 456
f 456 2797 2798
f 128 2789 457
f 457 2789 2799
f 456 2798 117
f 117 2798 2782
f 2794 2797 241
f 241 2797 455
f 457 2799 125
f 125 2799 2786
f 132 231 2790
f 2790 231 2792
f 230 437 2791
f 2791 437 2796
f 2792 2789 2790
f 2790 2789 2788
f 2785 2784 2801
f 2801 2784 2800
f 2786 2802 2787
f 2787 2802 2803
f 2792 2791 2805
f 2805 2791 2804
f 2784 2783 2800
f 2800 2783 2806
f 2785 2801 2796
f 2796 2801 2807
f 2787 2803 2780
f 2780 2803 2808
f 2789 2809 2799
f 2799 2809 2810
f 2799 2810 2786
f 2786 2810 2802
f 2791 2796 2804
f 2804 2796 2807
f 2789 2792 2809
f 2809 2792 2805
f 2812 2797 2811
f 2811 2797 2794
f 2809 2805 2810
f 2810 2805 2804
f 2810 2804 2802
f 2802 2804 2807
f 2802 2807 2803
f 2803 2807 2801
f 2808 2803 2800
f 2800 2803 2801
f 2814 699 2813
f 2813 699 698
f 2808 2815 2780
f 2780 2815 2781
f 2817 2782 2816
f 2816 2782 2798
f 2815 2818 2781
f 2781 2818 2795
f 2797 2812 2798
f 2798 2812 2816
f 2783 2782 2806
f 2806 2782 2817
f 2800 2806 2808
f 2808 2806 2815
f 2794 2793 2811
f 2811 2793 2819
f 174 201 384
f 384 201 362
f 200 1766 390
f 390 1766 1777
f 1777 1778 390
f 390 1778 398
f 1778 361 398
f 398 361 222
f 2820 2821 628
f 628 2821 629
f 1406 2820 790
f 790 2820 628
f 794 1415 1233
f 1233 1415 1234
f 1406 790 1407
f 1407 790 1312
f 1407 1312 2822
f 2822 1312 1316
f 2823 1380 1543
f 1543 1380 1379
f 1385 1738 1382
f 1382 1738 1383
f 1381 791 1382
f 1382 791 1386
f 791 794 1386
f 1386 794 1233
f 1259 1390 1260
f 1260 1390 1389
f 1905 1542 1394
f 1394 1542 1395
f 1410 1413 1397
f 1397 1413 1398
f 2821 1410 629
f 629 1410 1397
f 2823 2822 1380
f 1380 2822 1316
f 1392 1395 1378
f 1378 1395 1379
f 1738 1399 1383
f 1383 1399 1398
f 1388 1235 1389
f 1389 1235 1234
f 1393 1391 1394
f 1394 1391 1390
f 1381 1384 779
f 779 1384 780
f 1282 788 792
f 792 788 793
f 1431 1262 1432
f 1432 1262 1261
f 1400 1342 1408
f 1408 1342 1409
f 1508 1544 1411
f 1411 1544 1412
f 788 787 793
f 793 787 1414
f 2821 2820 1429
f 1429 2820 1430
f 2822 2823 1506
f 1506 2823 1507
f 778 1282 779
f 779 1282 792
f 2820 1406 1430
f 1430 1406 1409
f 1410 2821 1411
f 1411 2821 1429
f 1407 2822 1408
f 1408 2822 1506
f 1544 781 1412
f 1412 781 780
f 1260 1415 1261
f 1261 1415 1414
f 1334 2824 923
f 923 2824 924
f 2826 1268 2825
f 2825 1268 1267
f 769 1212 2827
f 2827 1212 2828
f 1492 1190 1266
f 1266 1190 1267
f 1488 2829 1489
f 1489 2829 2830
f 922 1329 923
f 923 1329 1328
f 1484 2831 1485
f 1485 2831 2832
f 1482 2833 1485
f 1485 2833 1486
f 1324 1493 1489
f 1489 1493 1490
f 1265 1491 1266
f 1266 1491 1490
f 2835 2836 2834
f 2834 2836 2837
f 1250 2838 2827
f 2827 2838 2839
f 1488 1491 2840
f 2840 1491 2841
f 1268 2826 2842
f 2842 2826 2843
f 2844 2845 1495
f 1495 2845 1496
f 1427 2847 2846
f 2846 2847 926
f 2829 1488 2848
f 2848 1488 2840
f 1329 922 2849
f 2849 922 927
f 2850 2851 768
f 768 2851 1213
f 1265 1268 2852
f 2852 1268 2842
f 1491 1265 2841
f 2841 1265 2852
f 2854 2855 2853
f 2853 2855 2856
f 2855 2857 2856
f 2856 2857 598
f 2857 2858 598
f 598 2858 595
f 2858 2859 595
f 595 2859 626
f 649 652 2860
f 2860 652 2861
f 639 642 2862
f 2862 642 2863
f 2864 705 2862
f 2862 705 639
f 2865 1418 2864
f 2864 1418 705
f 2866 2867 2865
f 2865 2867 1418
f 1760 1348 1761
f 1761 1348 2867
f 1764 2868 1197
f 1197 2868 1198
f 2869 611 2868
f 2868 611 1198
f 2870 612 2869
f 2869 612 611
f 1352 1350 944
f 944 1350 688
f 1350 1256 688
f 688 1256 685
f 1256 1255 685
f 685 1255 692
f 1255 2871 692
f 692 2871 2872
f 701 2873 698
f 698 2873 2813
f 2872 1349 692
f 692 1349 693
f 1696 1744 1574
f 1574 1744 1575
f 1753 1618 1577
f 1577 1618 1578
f 1729 1594 1608
f 1608 1594 1609
f 1725 1630 1611
f 1611 1630 1612
f 1604 1607 1625
f 1625 1607 1626
f 1624 1703 1625
f 1625 1703 1912
f 1703 1702 1912
f 1912 1702 1913
f 1702 1753 1913
f 1913 1753 1577
f 1598 1569 1915
f 1915 1569 1578
f 1616 1615 1915
f 1915 1615 1916
f 1615 1696 1916
f 1916 1696 1574
f 1744 1745 1575
f 1575 1745 1917
f 1745 1565 1917
f 1917 1565 1609
f 1568 1725 1608
f 1608 1725 1611
f 2874 1613 1918
f 1918 1613 1612
f 1607 2874 1626
f 1626 2874 1918
f 1610 1613 1562
f 1562 1613 1563
f 1547 1550 1570
f 1570 1550 1571
f 1573 1576 1580
f 1580 1576 1581
f 1553 1556 1595
f 1595 1556 1596
f 1556 1582 1596
f 1596 1582 1581
f 1551 1547 1599
f 1599 1547 1570
f 1731 1914 1601
f 1601 1914 1602
f 1686 1689 1605
f 1605 1689 1606
f 1598 1743 1599
f 1599 1743 1692
f 2874 1607 1723
f 1723 1607 1606
f 1727 1553 1730
f 1730 1553 1595
f 1600 1686 1601
f 1601 1686 1605
f 1914 1572 1602
f 1602 1572 1571
f 1579 1693 1580
f 1580 1693 1692
f 1613 2874 1563
f 1563 2874 1723
f 1561 1727 1562
f 1562 1727 1730
f 1949 1742 1548
f 1548 1742 1549
f 1694 1949 1552
f 1552 1949 1548
f 1954 1589 1554
f 1554 1589 1555
f 1693 1579 1558
f 1558 1579 1559
f 1561 1564 1584
f 1584 1564 1585
f 1582 1556 1588
f 1588 1556 1555
f 1600 1603 1591
f 1591 1603 1592
f 1981 1977 1687
f 1687 1977 1688
f 1564 1722 1585
f 1585 1722 1690
f 1551 1693 1552
f 1552 1693 1558
f 1751 1954 1728
f 1728 1954 1554
f 1590 1981 1591
f 1591 1981 1687
f 1603 1550 1592
f 1592 1550 1549
f 1977 1691 1688
f 1688 1691 1690
f 1587 1560 1588
f 1588 1560 1559
f 1727 1561 1728
f 1728 1561 1584
f 2875 1919 1947
f 1947 1919 1948
f 1557 1560 1952
f 1952 1560 1953
f 1933 1932 1955
f 1955 1932 1956
f 1587 1589 1958
f 1958 1589 1956
f 1959 1933 1965
f 1965 1933 1955
f 1961 1964 1966
f 1966 1964 1967
f 1981 1590 1969
f 1969 1590 1967
f 1742 1949 1972
f 1972 1949 1948
f 1593 1742 1966
f 1966 1742 1972
f 1957 1950 1958
f 1958 1950 1953
f 1583 1586 1974
f 1974 1586 1975
f 1940 1943 1978
f 1978 1943 1979
f 1943 1976 1979
f 1979 1976 1975
f 1951 2875 1952
f 1952 2875 1947
f 1968 1940 1969
f 1969 1940 1978
f 1973 1959 1974
f 1974 1959 1965
f 1923 1971 1920
f 1920 1971 1921
f 1919 2875 1920
f 1920 2875 1924
f 2875 1951 1924
f 1924 1951 1926
f 1950 1957 1929
f 1929 1957 1930
f 2244 2243 1934
f 1934 2243 1935
f 1973 1976 1937
f 1937 1976 1938
f 1944 1980 1941
f 1941 1980 1942
f 1940 1968 1941
f 1941 1968 1945
f 2287 2244 1960
f 1960 2244 1934
f 1970 2245 1962
f 1962 2245 1963
f 2243 1931 1935
f 1935 1931 1930
f 1927 1926 1928
f 1928 1926 1929
f 1961 1922 1962
f 1962 1922 1921
f 2245 1946 1963
f 1963 1946 1945
f 1976 1943 1938
f 1938 1943 1942
f 1936 2287 1937
f 1937 2287 1960
f 743 1238 608
f 608 1238 609
f 607 1811 608
f 608 1811 744
f 1304 2876 1305
f 1305 2876 2877
f 586 585 1298
f 1298 585 1299
f 585 702 1299
f 1299 702 1300
f 702 1428 1300
f 1300 1428 1301
f 1238 586 609
f 609 586 1298
f 2878 2879 1218
f 1218 2879 2877
f 2880 2881 1812
f 1812 2881 1819
f 2883 1821 2882
f 2882 1821 1820
f 2840 2841 620
f 620 2841 621
f 2842 2843 795
f 795 2843 796
f 892 895 2844
f 2844 895 2845
f 2848 2840 942
f 942 2840 620
f 2849 927 1202
f 1202 927 1203
f 2852 2842 1270
f 1270 2842 795
f 2841 2852 621
f 621 2852 1270
f 941 1759 942
f 942 1759 2884
f 659 929 1427
f 1427 929 2847
f 1237 2851 751
f 751 2851 2850
f 1216 2885 1217
f 1217 2885 1754
f 2887 734 2886
f 2886 734 733
f 2889 1816 2888
f 2888 1816 1815
f 2890 1245 2889
f 2889 1245 1816
f 1824 2891 1825
f 1825 2891 1246
f 2892 2893 2895
f 2895 2893 2894
f 1854 1833 1851
f 1851 1833 1832
f 1851 1832 1884
f 1884 1832 1876
f 1884 1876 1441
f 1441 1876 1443
f 1441 1443 1442
f 1442 1443 1446
f 1442 1446 2896
f 2896 1446 1507
f 2897 2823 2898
f 2898 2823 1543
f 1542 2899 1543
f 1543 2899 2898
f 1542 1905 2899
f 2899 1905 2900
f 1905 1259 2900
f 2900 1259 2901
f 1262 1431 2902
f 2902 1431 1904
f 1431 1434 1904
f 1904 1434 1902
f 1902 1434 2903
f 2903 1434 719
f 2903 719 2904
f 2904 719 718
f 1869 1881 718
f 718 1881 2904
f 1881 1869 1880
f 1880 1869 756
f 1880 756 2905
f 2905 756 755
f 2905 755 2906
f 2906 755 758
f 762 2907 763
f 763 2907 2908
f 724 723 2909
f 2909 723 894
f 796 895 723
f 723 895 894
f 2843 2845 796
f 796 2845 895
f 2826 1496 2843
f 2843 1496 2845
f 2825 1497 2826
f 2826 1497 1496
f 1189 2836 2825
f 2825 2836 1497
f 797 891 798
f 798 891 2837
f 802 888 797
f 797 888 891
f 2910 2911 2913
f 2913 2911 2912
f 1780 1783 2915
f 2915 1783 2914
f 2916 2917 831
f 831 2917 832
f 2918 2919 845
f 845 2919 846
f 2920 2916 847
f 847 2916 831
f 2921 2922 857
f 857 2922 858
f 2923 2924 860
f 860 2924 861
f 2919 2912 846
f 846 2912 887
f 2925 2920 940
f 940 2920 847
f 2924 2926 861
f 861 2926 1204
f 2917 2918 832
f 832 2918 845
f 2927 2928 1449
f 1449 2928 1450
f 2929 2930 889
f 889 2930 2931
f 2896 1507 2897
f 2897 1507 2823
f 2902 2901 1262
f 1262 2901 1259
f 2932 2933 750
f 750 2933 1236
f 2933 2934 1236
f 1236 2934 1835
f 2936 2937 2935
f 2935 2937 2938
f 2940 2941 2939
f 2939 2941 2942
f 2943 2944 1841
f 1841 2944 1842
f 2945 1860 2944
f 2944 1860 1842
f 2945 2946 1860
f 1860 2946 1859
f 1889 2947 1890
f 1890 2947 1856
f 1856 2947 1857
f 1857 2947 2948
f 2950 709 2949
f 2949 709 1829
f 2952 730 2951
f 2951 730 729
f 2866 2953 2867
f 2867 2953 1761
f 2953 2954 1761
f 1761 2954 1420
f 2954 2955 1420
f 1420 2955 742
f 2955 2956 742
f 742 2956 739
f 2956 2957 739
f 739 2957 760
f 2957 2958 760
f 760 2958 761
f 2958 2959 761
f 761 2959 2960
f 2959 2961 2960
f 2960 2961 2962
f 2963 2964 1839
f 1839 2964 1840
f 2964 2965 1840
f 1840 2965 2942
f 2966 2950 2939
f 2939 2950 2949
f 2935 2967 2936
f 2936 2967 2968
f 2969 2970 736
f 736 2970 735
f 734 2887 1815
f 1815 2887 2888
f 2887 2882 2888
f 2888 2882 2881
f 1819 1820 1817
f 1817 1820 748
f 1195 1757 1197
f 1197 1757 1424
f 1757 647 1424
f 1424 647 646
f 647 648 646
f 646 648 643
f 648 1271 643
f 643 1271 737
f 1271 725 737
f 737 725 765
f 725 724 765
f 765 724 762
f 762 724 2907
f 2907 724 2909
f 1254 1437 2909
f 2909 1437 2907
f 1438 1253 1836
f 1836 1253 1835
f 1836 1835 2938
f 2938 1835 2934
f 2971 2972 2935
f 2935 2972 2967
f 897 896 2969
f 2969 896 2970
f 1815 1814 734
f 734 1814 731
f 728 1215 896
f 896 1215 732
f 2885 1216 733
f 733 1216 2886
f 1216 1219 2886
f 2886 1219 2883
f 2876 1304 1821
f 1821 1304 749
f 1304 1303 749
f 749 1303 746
f 1818 2973 1817
f 1817 2973 1810
f 747 2974 1818
f 1818 2974 2973
f 747 746 2974
f 2974 746 1303
f 2976 2977 2975
f 2975 2977 2978
f 2976 2979 2901
f 2901 2979 2900
f 2980 2981 2982
f 2982 2981 2979
f 2981 2980 2983
f 2983 2980 2984
f 2985 2897 2983
f 2983 2897 2898
f 2987 2988 2986
f 2986 2988 2985
f 2896 2988 1442
f 1442 2988 1439
f 1903 2977 1904
f 1904 2977 2902
f 1856 1855 1890
f 1890 1855 2989
f 2989 2990 1890
f 1890 2990 1359
f 2990 2991 1359
f 1359 2991 1356
f 2946 2992 1859
f 1859 2992 1893
f 2992 2993 1893
f 1893 2993 775
f 2993 2994 775
f 775 2994 776
f 2986 1356 2987
f 2987 1356 2991
f 2975 2978 776
f 776 2978 777
f 2982 2994 2980
f 2980 2994 2995
f 1357 2984 2995
f 2995 2984 2980
f 2995 2996 1357
f 1357 2996 1358
f 2996 2997 1358
f 1358 2997 1889
f 2998 2999 2932
f 2932 2999 2933
f 2999 2971 2933
f 2933 2971 2934
f 1837 1836 2937
f 2937 1836 2938
f 2943 1841 2941
f 2941 1841 1838
f 3001 2944 3000
f 3000 2944 2943
f 3001 3002 2944
f 2944 3002 2945
f 3002 3003 2945
f 2945 3003 2946
f 2997 3003 1889
f 1889 3003 2947
f 2947 3003 2948
f 2948 3003 3002
f 3001 3004 3002
f 3002 3004 2948
f 3000 3005 3001
f 3001 3005 3004
f 2940 3006 3000
f 3000 3006 3005
f 2999 3007 2971
f 2971 3007 2972
f 2998 2951 2999
f 2999 2951 3007
f 3008 2952 2998
f 2998 2952 2951
f 2966 2965 2936
f 2936 2965 2937
f 2935 2938 2971
f 2971 2938 2934
f 3003 2997 2946
f 2946 2997 2992
f 2997 2996 2992
f 2992 2996 2993
f 2996 2995 2993
f 2993 2995 2994
f 1356 2986 1357
f 1357 2986 2984
f 2982 2975 2994
f 2994 2975 776
f 1844 1843 1899
f 1899 1843 3009
f 1843 638 3009
f 3009 638 3010
f 638 637 3010
f 3010 637 3011
f 637 1830 3011
f 3011 1830 3012
f 1830 1833 3012
f 3012 1833 2894
f 1833 1854 2894
f 2894 1854 2895
f 1854 1853 2895
f 2895 1853 1888
f 1858 1857 1885
f 1885 1857 1892
f 1899 3009 1898
f 1898 3009 1874
f 3009 3010 1874
f 1874 3010 1865
f 3010 3011 1865
f 1865 3011 1862
f 3011 3012 1862
f 1862 3012 1882
f 3012 2894 1882
f 1882 2894 2893
f 1850 2890 782
f 782 2890 2889
f 783 2880 1811
f 1811 2880 1812
f 744 1810 745
f 745 1810 2973
f 745 2973 805
f 805 2973 806
f 2973 2974 806
f 806 2974 815
f 1303 812 2974
f 2974 812 815
f 1303 1302 812
f 812 1302 1221
f 1307 3013 1302
f 1302 3013 1221
f 1734 3014 1633
f 1633 3014 1634
f 1646 1649 1636
f 1636 1649 1637
f 1654 1657 1641
f 1641 1657 1642
f 1639 1736 1636
f 1636 1736 1684
f 1716 1713 1698
f 1698 1713 1699
f 1718 1721 1705
f 1705 1721 1706
f 1653 1654 1709
f 1709 1654 1641
f 1620 1623 1714
f 1714 1623 1699
f 1712 1682 1714
f 1714 1682 1740
f 1668 1671 1746
f 1746 1671 1747
f 1752 1650 1749
f 1749 1650 1750
f 1750 1650 1709
f 1709 1650 1653
f 1632 1668 1633
f 1633 1668 1746
f 1649 1752 1637
f 1637 1752 1749
f 1682 1643 1740
f 1740 1643 1642
f 3014 1685 1634
f 1634 1685 1684
f 1704 1748 1705
f 1705 1748 1747
f 1697 1707 1698
f 1698 1707 1706
f 1739 1701 1621
f 1621 1701 1622
f 1567 1566 1647
f 1647 1566 1648
f 1664 1695 1651
f 1651 1695 1652
f 1614 1617 1655
f 1655 1617 1656
f 1704 1707 1659
f 1659 1707 1660
f 3014 1734 1662
f 1662 1734 1663
f 1650 1752 1651
f 1651 1752 1665
f 1741 1657 1667
f 1667 1657 1656
f 1695 1614 1652
f 1652 1614 1655
f 1724 1567 1726
f 1726 1567 1647
f 1645 1628 1733
f 1733 1628 1663
f 1685 3014 1726
f 1726 3014 1662
f 1620 1741 1621
f 1621 1741 1667
f 1566 1666 1648
f 1648 1666 1665
f 1658 1737 1659
f 1659 1737 1901
f 1911 1661 1910
f 1910 1661 1660
f 1701 1911 1622
f 1622 1911 1910
f 1732 1748 1733
f 1733 1748 1901
f 1857 2948 1892
f 1892 2948 3004
f 1892 3004 1891
f 1891 3004 3005
f 1828 3006 1829
f 1829 3006 2949
f 2967 736 2968
f 2968 736 710
f 2972 2969 2967
f 2967 2969 736
f 2969 2972 897
f 897 2972 3007
f 897 3007 729
f 729 3007 2951
f 3016 753 3015
f 3015 753 752
f 3018 767 3017
f 3017 767 766
f 3019 3020 1249
f 1249 3020 3021
f 2915 2914 3019
f 3019 2914 3020
f 3023 2914 3022
f 3022 2914 1783
f 2827 2839 769
f 769 2839 766
f 3025 2838 3024
f 3024 2838 3021
f 768 767 2850
f 2850 767 3026
f 2850 3026 751
f 751 3026 752
f 750 753 2932
f 2932 753 3027
f 3008 2998 3027
f 3027 2998 2932
f 3028 3029 3008
f 3008 3029 2952
f 3029 3030 2952
f 2952 3030 730
f 3032 3033 3031
f 3031 3033 3034
f 3036 3037 3035
f 3035 3037 3038
f 2870 3039 612
f 612 3039 3040
f 3041 3042 3031
f 3031 3042 3038
f 3034 1352 3043
f 3043 1352 944
f 612 3040 613
f 613 3040 3044
f 613 3044 1425
f 1425 3044 1422
f 3045 3042 669
f 669 3042 670
f 3041 3043 599
f 599 3043 600
f 772 771 1544
f 1544 771 781
f 1503 771 1866
f 1866 771 770
f 771 1503 781
f 781 1503 778
f 61 281 416
f 416 281 1907
f 283 103 3046
f 3046 103 3047
f 76 79 3048
f 3048 79 3049
f 280 76 1906
f 1906 76 3048
f 3051 335 3050
f 3050 335 334
f 3053 417 3052
f 3052 417 416
f 3055 435 3054
f 3054 435 434
f 428 435 419
f 419 435 1908
f 420 1909 293
f 293 1909 443
f 79 294 3049
f 3049 294 444
f 3057 444 3056
f 3056 444 443
f 3051 3058 335
f 335 3058 452
f 216 215 1332
f 1332 215 452
f 308 283 462
f 462 283 3046
f 3050 334 3059
f 3059 334 462
f 103 62 3047
f 3047 62 417
f 313 312 434
f 434 312 463
f 3061 574 3060
f 3060 574 573
f 1310 3062 1428
f 1428 3062 3063
f 1258 3064 1255
f 1255 3064 2871
f 932 3065 2853
f 2853 3065 3066
f 699 2814 931
f 931 2814 3067
f 3068 1301 3063
f 3063 1301 1428
f 571 574 1310
f 1310 574 3062
f 3060 573 3069
f 3069 573 1332
f 3070 3071 1906
f 1906 3071 1907
f 3072 3073 1908
f 1908 3073 1909
f 3075 2814 3074
f 3074 2814 2813
f 2854 3076 1258
f 1258 3076 3064
f 2871 3077 2872
f 2872 3077 3078
f 3074 2813 3079
f 3079 2813 2873
f 2872 3078 1349
f 1349 3078 3080
f 2873 701 3068
f 3068 701 1301
f 1330 1201 3080
f 3080 1201 1349
f 1264 1263 3081
f 3081 1263 3082
f 3083 3084 3082
f 3082 3084 3081
f 811 1448 3086
f 3086 1448 3085
f 808 811 3087
f 3087 811 3086
f 3088 3083 833
f 833 3083 3082
f 884 3089 885
f 885 3089 3090
f 3087 1790 808
f 808 1790 816
f 1790 3087 1787
f 1787 3087 3091
f 3092 3091 3086
f 3086 3091 3087
f 3093 3094 3084
f 3084 3094 3095
f 3089 3096 3090
f 3090 3096 3088
f 3097 3093 3083
f 3083 3093 3084
f 3099 3100 3098
f 3098 3100 1786
f 3101 1788 2913
f 2913 1788 3102
f 838 837 885
f 885 837 886
f 886 837 3103
f 3103 837 1541
f 3094 3093 3104
f 3104 3093 3097
f 3105 3106 3089
f 3089 3106 3096
f 3108 3109 3107
f 3107 3109 3110
f 3111 3112 3091
f 3091 3112 1787
f 3114 3108 3113
f 3113 3108 3107
f 3114 3115 3112
f 3112 3115 3102
f 3091 3092 3111
f 3111 3092 3116
f 839 838 835
f 835 838 836
f 885 3090 838
f 838 3090 836
f 3110 3117 1247
f 1247 3117 3118
f 1247 3118 1248
f 1248 3118 3119
f 3120 3121 3119
f 3119 3121 1248
f 1247 844 3110
f 3110 844 3107
f 844 843 3107
f 3107 843 3113
f 843 3099 3113
f 3113 3099 3122
f 1781 3123 3098
f 3098 3123 3124
f 2915 2931 1780
f 1780 2931 2930
f 3019 3125 2915
f 2915 3125 2931
f 890 3125 2834
f 2834 3125 1252
f 3125 3019 1252
f 1252 3019 1249
f 907 908 946
f 946 908 947
f 1185 1188 1369
f 1369 1188 948
f 954 957 951
f 951 957 952
f 910 965 953
f 953 965 950
f 905 958 960
f 960 958 961
f 3126 978 949
f 949 978 962
f 936 935 967
f 967 935 968
f 994 993 969
f 969 993 966
f 902 904 971
f 971 904 972
f 983 985 973
f 973 985 970
f 906 905 974
f 974 905 960
f 977 981 959
f 959 981 975
f 911 910 1143
f 1143 910 953
f 952 957 1142
f 1142 957 1145
f 911 1143 1366
f 1366 1143 1368
f 1185 1369 1145
f 1145 1369 1142
f 993 1519 966
f 966 1519 1456
f 965 1454 950
f 950 1454 1457
f 900 899 1459
f 1459 899 1460
f 988 991 1461
f 1461 991 1458
f 899 963 1460
f 1460 963 1462
f 985 987 970
f 970 987 1463
f 904 906 972
f 972 906 974
f 981 983 975
f 975 983 973
f 935 900 968
f 968 900 1459
f 991 994 1458
f 1458 994 969
f 1154 1526 1088
f 1088 1526 1089
f 1109 1112 1092
f 1092 1112 1093
f 1083 1098 1084
f 1084 1098 1097
f 1078 1471 1100
f 1100 1471 1101
f 1075 1078 1104
f 1104 1078 1100
f 1152 1154 1156
f 1156 1154 1088
f 1156 1155 1372
f 1372 1155 1373
f 1372 1373 1104
f 1104 1373 1075
f 1467 1109 1465
f 1465 1109 1092
f 1465 1182 1468
f 1468 1182 1184
f 1474 1470 1096
f 1096 1470 1097
f 1102 1101 1083
f 1083 1101 1098
f 1112 1531 1093
f 1093 1531 1529
f 1102 1073 1099
f 1099 1073 1072
f 1526 1154 1079
f 1079 1154 1080
f 1081 1091 1082
f 1082 1091 1094
f 1069 1068 1085
f 1085 1068 1086
f 1153 1151 1080
f 1080 1151 1058
f 1371 1177 1179
f 1179 1177 1176
f 1099 1072 1103
f 1103 1072 1176
f 1068 1071 1086
f 1086 1071 1073
f 1085 1084 1180
f 1180 1084 1469
f 1066 1065 1183
f 1183 1065 1181
f 1153 1152 1177
f 1177 1152 1178
f 1091 1081 1182
f 1182 1081 1183
f 1057 1525 1079
f 1079 1525 1527
f 1120 1117 1076
f 1076 1117 1077
f 1087 1090 1107
f 1107 1090 1108
f 1127 1126 1110
f 1110 1126 1111
f 1095 1116 1096
f 1096 1116 1115
f 1471 1078 1119
f 1119 1078 1077
f 1087 1107 1155
f 1155 1107 1158
f 1376 1374 1157
f 1157 1374 1158
f 1076 1075 1374
f 1374 1075 1373
f 1109 1467 1110
f 1110 1467 1472
f 1467 1466 1472
f 1472 1466 1473
f 1135 1475 1114
f 1114 1475 1115
f 1471 1119 1095
f 1095 1119 1116
f 1126 1532 1111
f 1111 1532 1530
f 914 1276 1480
f 1480 1276 1517
f 3127 3128 1223
f 1223 3128 1224
f 824 933 1455
f 1455 933 3129
f 3131 1448 3130
f 3130 1448 1447
f 3132 3133 1452
f 1452 3133 1453
f 3130 1447 1322
f 1322 1447 1455
f 933 1514 3129
f 3129 1514 3134
f 1161 3135 1480
f 1480 3135 1481
f 3128 3136 1224
f 1224 3136 1499
f 3133 1162 1453
f 1453 1162 1517
f 1515 3127 1535
f 1535 3127 1223
f 3095 3085 3131
f 3131 3085 1448
f 3137 3092 3085
f 3085 3092 3086
f 3138 3116 3137
f 3137 3116 3092
f 3110 3109 3117
f 3117 3109 3139
f 3105 3140 3117
f 3117 3140 3118
f 3140 3141 3118
f 3118 3141 3119
f 3142 3120 3141
f 3141 3120 3119
f 1498 3143 1277
f 1277 3143 882
f 3144 3145 1340
f 1340 3145 1339
f 1340 3146 3144
f 3144 3146 3147
f 3145 3144 3143
f 3143 3144 3148
f 871 901 872
f 872 901 1362
f 3149 3148 3147
f 3147 3148 3144
f 1208 3150 1209
f 3098 1786 1781
f 1781 1786 1782
f 2930 2929 3123
f 3123 2929 2911
f 1794 1791 2916
f 2916 1791 2917
f 1793 3101 2918
f 2918 3101 2919
f 1796 1794 2920
f 2920 1794 2916
f 3151 3152 2921
f 2921 3152 2922
f 3153 3154 2923
f 2923 3154 2924
f 2919 3101 2912
f 2912 3101 2913
f 3155 1796 2925
f 2925 1796 2920
f 3154 3156 2924
f 2924 3156 2926
f 1791 1793 2917
f 2917 1793 2918
f 3157 3158 2927
f 2927 3158 2928
f 1780 2930 1781
f 1781 2930 3123
f 2825 1267 1189
f 1189 1267 1190
f 2827 2828 1250
f 1250 2828 1251
f 1489 2830 1324
f 1324 2830 1325
f 923 1328 1334
f 1334 1328 1335
f 1485 2832 1482
f 1482 2832 1483
f 1266 1490 1492
f 1492 1490 1493
f 1333 1346 1334
f 1334 1346 2824
f 722 799 1492
f 1492 799 1190
f 664 657 1482
f 1482 657 2833
f 631 634 1324
f 1324 634 1493
f 2828 1494 1251
f 1251 1494 2835
f 1249 3021 1250
f 1250 3021 2838
f 798 2837 1189
f 1189 2837 2836
f 3100 842 3160
f 3160 842 3159
f 1788 3101 1789
f 1789 3101 1793
f 1792 816 1789
f 1789 816 1790
f 817 816 1795
f 1795 816 1792
f 938 817 1797
f 1797 817 1795
f 1796 3155 1797
f 1797 3155 1798
f 3155 3158 1798
f 1798 3158 1799
f 3157 3152 1801
f 1801 3152 1802
f 3151 3156 1803
f 1803 3156 1804
f 3154 3153 1805
f 1805 3153 1806
f 3153 3161 1806
f 1806 3161 1807
f 3099 843 3100
f 3100 843 842
f 1788 1787 3102
f 3102 1787 3112
f 2910 3115 3124
f 3124 3115 3122
f 3099 3098 3122
f 3122 3098 3124
f 416 1907 3052
f 3052 1907 3071
f 3046 3047 3163
f 3163 3047 3162
f 249 445 259
f 259 445 3164
f 425 3165 424
f 424 3165 461
f 408 410 329
f 329 410 330
f 39 331 40
f 40 331 332
f 305 304 423
f 423 304 464
f 385 254 458
f 458 254 392
f 250 415 251
f 251 415 412
f 233 337 234
f 234 337 3166
f 435 3055 1908
f 1908 3055 3072
f 443 1909 3056
f 3056 1909 3073
f 3167 3049 3057
f 3057 3049 444
f 452 3058 1332
f 1332 3058 3069
f 234 3166 346
f 346 3166 411
f 3046 3163 462
f 462 3163 3059
f 259 3164 260
f 260 3164 336
f 3047 417 3162
f 3162 417 3053
f 463 3168 434
f 434 3168 3054
f 454 830 425
f 425 830 3165
f 3062 3169 3063
f 3063 3169 3170
f 1355 1354 1534
f 1534 1354 3171
f 3063 3170 3068
f 3068 3170 3172
f 574 3061 3062
f 3062 3061 3169
f 1534 3171 1535
f 1535 3171 3173
f 3079 2873 3172
f 3172 2873 3068
f 2838 3025 2839
f 2839 3025 3174
f 3176 3177 3175
f 3175 3177 3178
f 3180 1125 3179
f 3179 1125 1128
f 3182 3183 3181
f 3181 3183 3184
f 1134 3185 1130
f 1130 3185 3182
f 3186 3187 3189
f 3189 3187 3188
f 3191 3189 3190
f 3190 3189 3188
f 1137 1122 3190
f 3190 1122 3192
f 3175 3178 3193
f 3193 3178 3194
f 3181 3184 3179
f 3179 3184 3195
f 3197 3198 3196
f 3196 3198 3180
f 3200 3178 3199
f 3199 3178 3177
f 3202 3196 3201
f 3201 3196 3195
f 3204 3184 3203
f 3203 3184 3183
f 3206 3207 3205
f 3205 3207 3186
f 3205 3186 3208
f 3208 3186 3189
f 3209 3208 3191
f 3191 3208 3189
f 3210 3194 3200
f 3200 3194 3178
f 3201 3195 3204
f 3204 3195 3184
f 3197 3211 3177
f 3177 3211 3199
f 3213 3214 3212
f 3212 3214 3215
f 3217 3218 3216
f 3216 3218 3219
f 3221 3222 3220
f 3220 3222 3223
f 3225 3226 3224
f 3224 3226 3227
f 3229 3230 3228
f 3228 3230 3231
f 3233 3234 3232
f 3232 3234 3235
f 3237 3238 3236
f 3236 3238 3239
f 3238 3240 3239
f 3239 3240 3241
f 3232 3235 3242
f 3242 3235 3243
f 3245 3246 3244
f 3244 3246 3247
f 3248 3249 3245
f 3245 3249 3246
f 3251 3252 3250
f 3250 3252 3253
f 3255 3252 3254
f 3254 3252 3251
f 3256 3257 3259
f 3259 3257 3258
f 3261 3262 3260
f 3260 3262 3263
f 3265 3263 3264
f 3264 3263 3262
f 3256 3259 3266
f 3266 3259 3267
f 3269 3270 3268
f 3268 3270 3271
f 3269 3272 3270
f 3270 3272 3273
f 3274 3275 3277
f 3277 3275 3276
f 3278 3279 3276
f 3276 3279 3277
f 3281 3282 3280
f 3280 3282 3283
f 3280 3284 3281
f 3281 3284 3285
f 3287 3288 3286
f 3286 3288 3289
f 3290 3291 3288
f 3288 3291 3289
f 3234 3218 3235
f 3235 3218 3217
f 3232 3292 3233
f 3233 3292 3293
f 3239 3294 3236
f 3236 3294 3219
f 3233 3293 3237
f 3237 3293 3295
f 3296 3294 3241
f 3241 3294 3239
f 3240 3238 3297
f 3297 3238 3298
f 3217 3216 3235
f 3235 3216 3243
f 3297 3299 3240
f 3240 3299 3242
f 3246 3300 3247
f 3247 3300 3223
f 3301 3302 3254
f 3254 3302 3244
f 3249 3303 3246
f 3246 3303 3300
f 3245 3304 3248
f 3248 3304 3292
f 3252 3221 3253
f 3253 3221 3220
f 3250 3248 3299
f 3299 3248 3292
f 3222 3221 3255
f 3255 3221 3252
f 3297 3301 3251
f 3251 3301 3254
f 3258 3214 3259
f 3259 3214 3213
f 3257 3256 3304
f 3304 3256 3305
f 3263 3306 3260
f 3260 3306 3215
f 3261 3257 3302
f 3302 3257 3304
f 3307 3306 3265
f 3265 3306 3263
f 3262 3301 3264
f 3264 3301 3308
f 3259 3213 3267
f 3267 3213 3212
f 3308 3309 3264
f 3264 3309 3266
f 3270 3310 3271
f 3271 3310 3231
f 3311 3312 3278
f 3278 3312 3268
f 3270 3273 3310
f 3310 3273 3313
f 3272 3269 3305
f 3305 3269 3314
f 3277 3229 3274
f 3274 3229 3228
f 3275 3272 3309
f 3309 3272 3305
f 3279 3230 3277
f 3277 3230 3229
f 3276 3308 3278
f 3278 3308 3311
f 3281 3315 3282
f 3282 3315 3227
f 3290 3316 3283
f 3283 3316 3317
f 3281 3285 3315
f 3315 3285 3318
f 3284 3280 3314
f 3314 3280 3319
f 3289 3225 3286
f 3286 3225 3224
f 3287 3284 3312
f 3284 3314 3312
f 3291 3226 3289
f 3289 3226 3225
f 3288 3311 3290
f 3290 3311 3316
f 3212 3215 3307
f 3307 3215 3306
f 3294 3296 3219
f 3219 3296 3216
f 3303 3220 3300
f 3300 3220 3223
f 3224 3227 3318
f 3318 3227 3315
f 3228 3231 3313
f 3313 3231 3310
f 3234 3233 3236
f 3236 3233 3237
f 3243 3241 3242
f 3242 3241 3240
f 3247 3255 3244
f 3244 3255 3254
f 3253 3249 3250
f 3250 3249 3248
f 3260 3258 3261
f 3261 3258 3257
f 3266 3267 3264
f 3264 3267 3265
f 3268 3271 3278
f 3278 3271 3279
f 3274 3273 3275
f 3275 3273 3272
f 3283 3282 3290
f 3290 3282 3291
f 3286 3285 3287
f 3287 3285 3284
f 3218 3234 3219
f 3219 3234 3236
f 3295 3298 3237
f 3237 3298 3238
f 3216 3296 3243
f 3243 3296 3241
f 3242 3299 3232
f 3232 3299 3292
f 3223 3222 3247
f 3247 3222 3255
f 3244 3302 3245
f 3245 3302 3304
f 3303 3249 3220
f 3220 3249 3253
f 3297 3251 3299
f 3299 3251 3250
f 3215 3214 3260
f 3260 3214 3258
f 3301 3262 3302
f 3302 3262 3261
f 3212 3307 3267
f 3267 3307 3265
f 3266 3309 3256
f 3256 3309 3305
f 3271 3231 3279
f 3279 3231 3230
f 3268 3312 3269
f 3269 3312 3314
f 3228 3313 3274
f 3274 3313 3273
f 3308 3276 3309
f 3309 3276 3275
f 3282 3227 3291
f 3291 3227 3226
f 3317 3319 3283
f 3283 3319 3280
f 3224 3318 3286
f 3286 3318 3285
f 3312 3311 3287
f 3311 3288 3287
f 3320 3321 3194
f 3194 3321 3193
f 1375 3321 1121
f 1121 3321 3322
f 3323 3324 3322
f 3322 3324 3192
f 3175 1124 3176
f 3176 1124 1123
f 3179 3195 3180
f 3180 3195 3196
f 3181 1131 3182
f 3182 1131 1130
f 3207 3185 3186
f 3186 3185 3187
f 1136 3188 1133
f 1133 3188 3187
f 3190 3188 1137
f 1137 3188 1136
f 3193 1159 3175
f 3175 1159 1124
f 3179 1128 3181
f 3181 1128 1131
f 1533 3198 1123
f 1123 3198 3176
f 3321 1375 3193
f 3193 1375 1159
f 3321 3320 3322
f 3322 3320 3323
f 1122 1121 3192
f 3192 1121 3322
f 3194 3210 3320
f 3320 3210 3325
f 3324 3323 3327
f 3327 3323 3326
f 3320 3325 3323
f 3323 3325 3326
f 3208 3328 3205
f 3205 3328 3329
f 3330 3206 3329
f 3329 3206 3205
f 3203 3331 3204
f 3204 3331 3332
f 3210 3333 3325
f 3325 3333 3334
f 3325 3334 3326
f 3326 3334 3335
f 3327 3326 3336
f 3336 3326 3335
f 3327 3209 3324
f 3324 3209 3191
f 3190 3192 3191
f 3191 3192 3324
f 3338 3339 3337
f 3337 3339 3340
f 3338 3341 3339
f 3339 3341 3342
f 3341 3343 3342
f 3342 3343 3344
f 3343 3345 3344
f 3344 3345 3346
f 3345 3347 3346
f 3346 3347 3348
f 3347 3349 3348
f 3348 3349 3350
f 3337 3340 3351
f 3351 3340 3352
f 3351 3352 3353
f 3353 3352 3354
f 3353 3354 3355
f 3355 3354 3356
f 3350 3349 3357
f 3357 3349 3358
f 3355 3356 3359
f 3359 3356 3360
f 3359 3360 3361
f 3361 3360 3362
f 3361 3362 3363
f 3363 3362 3364
f 3363 3364 3358
f 3358 3364 3357
f 3339 3342 3365
f 3365 3342 3366
f 3342 3344 3366
f 3366 3344 3367
f 3344 3346 3367
f 3367 3346 3368
f 3346 3348 3368
f 3368 3348 3369
f 3348 3350 3369
f 3369 3350 3370
f 3368 3369 3371
f 3371 3369 3372
f 3369 3370 3372
f 3372 3370 3373
f 3373 3374 3372
f 3372 3374 3375
f 3377 3378 3376
f 3376 3378 3379
f 3377 3375 3378
f 3378 3375 3374
f 3375 3380 3372
f 3372 3380 3371
f 3377 3381 3375
f 3375 3381 3380
f 3376 3382 3377
f 3377 3382 3381
f 3384 3385 3383
f 3383 3385 3386
f 3384 3383 3388
f 3388 3383 3387
f 3388 3387 3389
f 3389 3387 3390
f 3392 3385 3391
f 3391 3385 3384
f 3388 3393 3384
f 3384 3393 3391
f 3389 3394 3388
f 3388 3394 3393
f 3389 3395 3394
f 3394 3395 3396
f 3395 3389 3397
f 3397 3389 3390
f 3339 3365 3340
f 3340 3365 3398
f 3340 3398 3352
f 3352 3398 3399
f 3371 3400 3368
f 3368 3400 3367
f 3400 3401 3367
f 3367 3401 3366
f 3366 3401 3365
f 3365 3401 3402
f 3398 3365 3403
f 3403 3365 3402
f 3398 3403 3399
f 3399 3403 3404
f 3403 3405 3404
f 3404 3405 3406
f 3352 3399 3354
f 3354 3399 3407
f 3399 3404 3407
f 3407 3404 3408
f 3404 3406 3408
f 3408 3406 3409
f 3405 3410 3406
f 3406 3410 3411
f 3410 3412 3411
f 3411 3412 3413
f 3397 3414 3395
f 3395 3414 3415
f 3417 3415 3416
f 3416 3415 3412
f 3410 3418 3412
f 3412 3418 3416
f 3410 3405 3418
f 3418 3405 3419
f 3405 3403 3419
f 3419 3403 3402
f 3370 3350 3420
f 3420 3350 3357
f 3373 3370 3421
f 3421 3370 3420
f 3374 3373 3422
f 3422 3373 3421
f 3378 3374 3423
f 3423 3374 3422
f 3378 3423 3379
f 3379 3423 3424
f 3424 3425 3379
f 3379 3425 3386
f 3383 3426 3387
f 3387 3426 3427
f 3387 3427 3390
f 3390 3427 3428
f 3390 3428 3397
f 3397 3428 3429
f 3429 3430 3397
f 3397 3430 3414
f 3411 3413 3431
f 3431 3413 3432
f 3406 3411 3409
f 3409 3411 3431
f 3401 3400 3335
f 3335 3400 3336
f 3401 3335 3402
f 3402 3335 3334
f 3402 3334 3419
f 3419 3334 3333
f 3419 3333 3418
f 3418 3333 3433
f 3418 3433 3416
f 3416 3433 3434
f 3435 3417 3434
f 3434 3417 3416
f 3394 3396 3436
f 3436 3396 3437
f 3393 3394 3332
f 3332 3394 3436
f 3393 3332 3391
f 3391 3332 3331
f 3330 3392 3331
f 3331 3392 3391
f 3382 3329 3381
f 3381 3329 3328
f 3354 3407 3356
f 3356 3407 3438
f 3356 3438 3360
f 3360 3438 3439
f 3360 3439 3362
f 3362 3439 3440
f 3362 3440 3364
f 3364 3440 3441
f 3364 3441 3357
f 3357 3441 3420
f 3421 3420 3442
f 3442 3420 3441
f 3442 3441 3443
f 3443 3441 3440
f 3443 3440 3444
f 3444 3440 3439
f 3444 3439 3445
f 3445 3439 3438
f 3445 3438 3408
f 3408 3438 3407
f 3422 3421 3446
f 3446 3421 3442
f 3446 3442 3447
f 3447 3442 3443
f 3447 3443 3448
f 3448 3443 3444
f 3448 3444 3449
f 3449 3444 3445
f 3449 3445 3409
f 3409 3445 3408
f 3409 3431 3449
f 3449 3431 3450
f 3449 3450 3448
f 3448 3450 3451
f 3451 3452 3448
f 3448 3452 3447
f 3447 3452 3446
f 3446 3452 3453
f 3446 3453 3422
f 3422 3453 3423
f 3424 3423 3454
f 3454 3423 3453
f 3452 3455 3453
f 3453 3455 3454
f 3452 3451 3455
f 3455 3451 3456
f 3450 3457 3451
f 3451 3457 3456
f 3431 3432 3450
f 3450 3432 3457
f 3454 3458 3424
f 3424 3458 3425
f 3427 3426 3459
f 3459 3426 3460
f 3428 3427 3461
f 3461 3427 3459
f 3428 3461 3429
f 3429 3461 3462
f 3462 3463 3429
f 3429 3463 3430
f 3464 3465 3462
f 3462 3465 3463
f 3455 3466 3454
f 3454 3466 3458
f 3465 3464 3466
f 3466 3464 3467
f 3461 3459 3468
f 3468 3459 3469
f 3468 3469 3464
f 3464 3469 3467
f 3464 3462 3468
f 3468 3462 3461
f 3459 3460 3469
f 3469 3460 3467
f 3295 3351 3298
f 3298 3351 3353
f 3353 3355 3298
f 3298 3355 3297
f 3297 3355 3301
f 3301 3355 3359
f 3301 3359 3308
f 3308 3359 3361
f 3308 3361 3311
f 3311 3361 3363
f 3311 3363 3316
f 3316 3363 3358
f 3316 3358 3317
f 3317 3358 3349
f 3349 3347 3317
f 3317 3347 3319
f 3347 3345 3319
f 3319 3345 3314
f 3345 3343 3314
f 3314 3343 3305
f 3343 3341 3305
f 3305 3341 3304
f 3304 3341 3292
f 3292 3341 3338
f 3292 3338 3293
f 3293 3338 3337
f 3293 3337 3295
f 3295 3337 3351
f 3437 3202 3436
f 3436 3202 3201
f 3436 3201 3332
f 3332 3201 3204
f 3433 3200 3434
f 3434 3200 3199
f 3211 3435 3199
f 3199 3435 3434
f 3333 3210 3433
f 3433 3210 3200
f 3380 3470 3371
f 3400 3371 3336
f 3336 3371 3470
f 3381 3328 3380
f 3380 3328 3470
f 3470 3328 3209
f 3209 3328 3208
f 3336 3470 3327
f 3327 3470 3209
f 1545 1763 1546
f 1546 1763 1762
f 1403 1546 773
f 773 1546 770
f 1221 3013 1220
f 1220 3013 3471
f 1305 2877 1306
f 1306 2877 2879
f 1220 3471 828
f 828 3471 829
f 1217 1754 3472
f 3472 1754 1756
f 1049 3473 1048
f 1048 3473 3474
f 1371 1179 3473
f 3473 1179 3474
f 1074 3475 1179
f 1179 3475 3474
f 3474 3475 1048
f 1048 3475 1056
f 919 666 1345
f 1345 666 665
f 856 680 919
f 919 680 666
f 679 680 1449
f 1449 680 858
f 1367 878 1500
f 1500 878 877
f 1366 908 1367
f 1367 908 878
f 1512 916 1513
f 1513 916 915
f 947 1368 948
f 948 1368 1369
f 1047 1021 1044
f 1044 1021 1020
f 1370 1049 1019
f 1019 1049 1020
f 1173 1030 1174
f 1174 1030 1033
f 3126 1188 1464
f 1464 1188 1187
f 1800 1451 1512
f 1512 1451 916
f 1175 1174 1186
f 1186 1174 1187
f 1030 1173 1047
f 1047 1173 1021
f 1513 915 3476
f 3476 915 1481
f 1345 665 3477
f 3477 665 1483
f 1502 1501 876
f 876 1501 877
f 1205 1451 1803
f 1803 1451 1802
f 3479 2832 3478
f 3478 2832 2831
f 1449 858 2927
f 2927 858 2922
f 908 1366 947
f 947 1366 1368
f 949 948 3126
f 3126 948 1188
f 3480 3135 1502
f 1502 3135 1501
f 2927 2922 3157
f 3157 2922 3152
f 3477 1483 3479
f 3479 1483 2832
f 1803 1802 3151
f 3151 1802 3152
f 663 658 664
f 664 658 657
f 655 658 939
f 939 658 706
f 1512 870 1800
f 1800 870 869
f 875 874 876
f 876 874 873
f 849 874 905
f 905 874 958
f 949 962 946
f 946 962 961
f 978 3126 979
f 979 3126 1464
f 1031 1168 1032
f 1032 1168 1022
f 1045 1013 1046
f 1046 1013 1012
f 1045 1044 1056
f 1056 1044 1048
f 1047 1046 1030
f 1030 1046 1031
f 939 706 940
f 940 706 1450
f 979 1464 1032
f 1032 1464 1033
f 3480 1478 3476
f 3476 1478 3134
f 2829 1487 2830
f 2830 1487 1486
f 848 1230 873
f 873 1230 1479
f 867 870 933
f 933 870 1514
f 1800 869 1801
f 1801 869 1799
f 2830 1486 1325
f 1325 1486 2833
f 940 1450 2925
f 2925 1450 2928
f 946 961 907
f 907 961 958
f 959 962 977
f 977 962 978
f 3476 3134 1513
f 1513 3134 1514
f 2925 2928 3155
f 3155 2928 3158
f 1325 2833 656
f 656 2833 657
f 1801 1799 3157
f 3157 1799 3158
f 1074 1055 3475
f 3475 1055 1056
f 1371 3473 1370
f 1370 3473 1049
f 2884 615 3481
f 3481 615 618
f 3478 2831 2846
f 2846 2831 617
f 2831 1484 617
f 617 1484 618
f 1484 1487 618
f 618 1487 3481
f 2848 3481 2829
f 2829 3481 1487
f 1480 1517 1161
f 1161 1517 1162
f 3129 1323 1455
f 1455 1323 1322
f 3129 3134 1323
f 1323 3134 1478
f 1535 3173 1515
f 1515 3173 1516
f 3085 3095 3137
f 3137 3095 3094
f 3137 3094 3138
f 3138 3094 3104
f 3117 3139 3105
f 3105 3139 3106
f 1138 1141 3127
f 3127 1141 3128
f 3081 3131 1264
f 1264 3131 3130
f 1227 1226 3132
f 3132 1226 3133
f 1264 3130 1229
f 1229 3130 1322
f 1160 1501 1161
f 1161 1501 3135
f 1141 1476 3128
f 3128 1476 3136
f 1226 1163 3133
f 3133 1163 1162
f 1363 1138 1515
f 1515 1138 3127
f 3084 3095 3081
f 3081 3095 3131
f 3089 884 3105
f 3105 884 3140
f 884 883 3140
f 3140 883 3141
f 883 3482 3141
f 3141 3482 3142
f 3476 1481 3480
f 3480 1481 3135
f 1502 1479 3480
f 3480 1479 1478
f 3168 463 440
f 714 1880 715
f 715 1880 2905
f 896 732 2970
f 2970 732 731
f 1263 834 3082
f 3082 834 833
f 898 1231 853
f 853 1231 854
f 3125 890 2931
f 2931 890 889
f 1237 893 2851
f 2851 893 892
f 898 853 899
f 899 853 963
f 988 987 989
f 989 987 986
f 1002 1007 1003
f 1003 1007 1006
f 1038 1036 1007
f 1007 1036 1004
f 1070 1052 1005
f 1005 1052 1006
f 1069 1067 1070
f 1070 1067 1052
f 1130 1129 1134
f 1134 1129 1135
f 879 1167 880
f 880 1167 1166
f 1171 1169 1037
f 1037 1169 1038
f 1085 1180 1069
f 1069 1180 1067
f 1209 1210 879
f 879 1210 1167
f 2885 1215 1754
f 1754 1215 1214
f 1263 855 834
f 834 855 854
f 708 1244 1826
f 1826 1244 1243
f 2909 894 1254
f 1254 894 893
f 1228 1361 964
f 964 1361 1360
f 2908 2907 1436
f 1436 2907 1437
f 2990 1440 2991
f 2991 1440 1439
f 964 1360 965
f 965 1360 1454
f 950 1457 951
f 951 1457 1456
f 970 1463 971
f 971 1463 1462
f 1025 1169 984
f 984 1169 986
f 1084 1097 1469
f 1469 1097 1470
f 1096 1115 1474
f 1474 1115 1475
f 1140 1361 1141
f 1141 1361 1476
f 1212 1495 2828
f 2828 1495 1494
f 880 1166 1452
f 1452 1166 1499
f 715 2905 1504
f 1504 2905 2906
f 954 1519 955
f 955 1519 1518
f 1026 1520 992
f 992 1520 1518
f 1029 1520 1043
f 1043 1520 1521
f 997 1522 1040
f 1040 1522 1521
f 1015 1522 1016
f 1016 1522 1523
f 1523 996 1524
f 1524 996 1062
f 1057 1060 1525
f 1525 1060 1524
f 1094 1528 1082
f 1082 1528 1527
f 1526 1528 1089
f 1089 1528 1529
f 1090 1531 1108
f 1108 1531 1530
f 1125 1533 1126
f 1126 1533 1532
f 3483 1755 727
f 727 1755 1214
f 735 1814 707
f 707 1814 1813
f 2891 1834 1246
f 1246 1834 1243
f 2904 1881 1847
f 1847 1881 1848
f 1852 1855 1853
f 1853 1855 1858
f 1902 2903 1877
f 1877 2903 1878
f 2903 2904 1878
f 1878 2904 1847
f 714 713 1848
f 1848 713 1849
f 1440 2990 1883
f 1883 2990 2989
f 1883 2989 1852
f 1852 2989 1855
f 2895 1888 2892
f 2892 1888 1887
f 774 777 1877
f 1877 777 1903
f 1251 2835 1252
f 1252 2835 2834
f 1213 2844 1212
f 1212 2844 1495
f 2851 892 1213
f 1213 892 2844
f 3123 2911 3124
f 3124 2911 2910
f 887 2929 888
f 888 2929 889
f 1435 2963 1436
f 1436 2963 2961
f 1253 1438 1254
f 1254 1438 1437
f 2970 731 735
f 735 731 1814
f 733 732 2885
f 2885 732 1215
f 2901 2902 2976
f 2976 2902 2977
f 2975 2982 2976
f 2976 2982 2979
f 2899 2900 2981
f 2981 2900 2979
f 2899 2981 2898
f 2898 2981 2983
f 2986 2985 2984
f 2984 2985 2983
f 2897 2985 2896
f 2896 2985 2988
f 2991 1439 2987
f 2987 1439 2988
f 777 2978 1903
f 1903 2978 2977
f 1885 1888 1858
f 1858 1888 1853
f 3090 3088 836
f 836 3088 833
f 3083 3088 3097
f 3097 3088 3096
f 3097 3096 3104
f 3104 3096 3106
f 3111 3116 3108
f 3108 3116 3109
f 3112 3111 3114
f 3114 3111 3108
f 3113 3122 3114
f 3114 3122 3115
f 891 890 2837
f 2837 890 2834
f 951 1456 954
f 954 1456 1519
f 967 1457 936
f 936 1457 1454
f 971 1462 902
f 902 1462 963
f 1461 1463 988
f 988 1463 987
f 1466 1468 1474
f 1474 1468 1470
f 1089 1529 1090
f 1090 1529 1531
f 1184 1181 1469
f 1469 1181 1180
f 1082 1527 1061
f 1061 1527 1525
f 1129 1473 1135
f 1135 1473 1475
f 1108 1530 1105
f 1105 1530 1532
f 1452 1499 3132
f 3132 1499 3136
f 3109 3116 3139
f 3139 3116 3138
f 2912 2911 887
f 887 2911 2929
f 2836 2835 1497
f 1497 2835 1494
f 2913 3102 2910
f 2910 3102 3115
f 1133 3187 1134
f 1134 3187 3185
f 3177 3176 3197
f 3197 3176 3198
f 3203 3183 3206
f 3206 3183 3207
f 3196 3202 3197
f 3197 3202 3211
f 3183 3182 3207
f 3207 3182 3185
f 1125 3180 1533
f 1533 3180 3198
f 3331 3203 3330
f 3330 3203 3206
f 3376 3379 3385
f 3385 3379 3386
f 3382 3376 3392
f 3392 3376 3385
f 3412 3415 3413
f 3413 3415 3414
f 3417 3396 3415
f 3415 3396 3395
f 3383 3386 3426
f 3426 3386 3425
f 3413 3414 3432
f 3432 3414 3430
f 3437 3396 3435
f 3435 3396 3417
f 3329 3382 3330
f 3330 3382 3392
f 3426 3425 3460
f 3460 3425 3458
f 3432 3430 3457
f 3457 3430 3463
f 3457 3463 3456
f 3456 3463 3465
f 3460 3458 3467
f 3467 3458 3466
f 3466 3455 3465
f 3465 3455 3456
f 3202 3437 3211
f 3211 3437 3435
f 3104 3106 3138
f 3138 3106 3139
f 3132 3136 1227
f 1227 3136 1476
f 943 687 600
f 600 687 601
f 596 625 667
f 667 625 1297
f 687 686 601
f 601 686 653
f 1319 784 711
f 711 784 712
f 1811 607 783
f 783 607 712
f 862 921 917
f 917 921 920
f 3478 925 3479
f 3479 925 924
f 2846 926 3478
f 3478 926 925
f 659 662 929
f 929 662 930
f 856 921 857
f 857 921 1204
f 1206 864 1207
f 1207 864 863
f 2876 1219 2877
f 2877 1219 1218
f 667 1297 593
f 593 1297 1296
f 917 920 1333
f 1333 920 1346
f 686 693 653
f 653 693 930
f 1277 913 1498
f 1498 913 1207
f 592 1536 610
f 610 1536 711
f 864 1206 1805
f 1805 1206 1804
f 1317 1536 1900
f 1900 1536 1809
f 1900 1809 1295
f 1295 1809 1296
f 3479 924 3477
f 3477 924 2824
f 927 926 1203
f 1203 926 2847
f 3484 2859 3032
f 3032 2859 3033
f 3472 2878 1217
f 1217 2878 1218
f 2889 2888 2880
f 2880 2888 2881
f 2886 2883 2887
f 2887 2883 2882
f 929 928 2847
f 2847 928 1203
f 857 1204 2921
f 2921 1204 2926
f 1820 1819 2882
f 2882 1819 2881
f 1821 2883 2876
f 2876 2883 1219
f 782 2889 783
f 783 2889 2880
f 1352 3034 1353
f 1353 3034 3033
f 3031 3034 3041
f 3041 3034 3043
f 944 943 3043
f 3043 943 600
f 1339 3145 1498
f 1498 3145 3143
f 1208 882 3148
f 3148 882 3143
f 2921 2926 3151
f 3151 2926 3156
f 3477 2824 1345
f 1345 2824 1346
f 1805 1804 3154
f 3154 1804 3156
f 886 3103 883
f 883 3103 3482
f 841 1248 3485
f 3485 1248 3121
f 2811 2819 2812
f 2812 2819 2816
f 2818 2815 2817
f 2817 2815 2806
f 2817 2816 2818
f 2818 2816 2819
f 2793 2795 2819
f 2819 2795 2818
f 243 352 2793
f 2793 352 2795
f 242 353 243
f 243 353 352
f 359 191 242
f 242 191 353
f 247 192 359
f 359 192 191
f 157 193 247
f 247 193 192
f 156 194 157
f 157 194 193
f 378 261 156
f 156 261 194
f 378 381 261
f 261 381 195
f 195 381 196
f 196 381 376
f 196 376 198
f 198 376 375
f 375 1776 198
f 198 1776 197
f 1776 1767 197
f 197 1767 274
f 181 274 199
f 199 274 1767
f 568 566 564
f 564 566 563
f 568 569 566
f 566 569 567
f 501 1773 1771
f 1771 1773 578
f 547 579 1773
f 1773 579 578
f 3486 470 474
f 474 470 469
f 450 582 3487
f 3487 582 3488
f 582 583 3488
f 3488 583 3489
f 583 584 3489
f 3489 584 3490
f 3490 584 3491
f 3491 584 543
f 470 3486 466
f 466 3486 467
f 3489 3490 503
f 503 3490 504
f 503 3492 3489
f 3489 3492 3488
f 3492 503 3493
f 3493 503 502
f 3495 3492 3494
f 3494 3492 3493
f 3487 3488 3495
f 3495 3488 3492
f 468 1774 465
f 465 1774 570
f 3494 3493 1775
f 1775 3493 1771
f 3490 3491 504
f 504 3491 1772
f 3491 543 1772
f 1772 543 548
f 450 3487 474
f 474 3487 3486
f 3495 467 3487
f 3487 467 3486
f 3494 468 3495
f 3495 468 467
f 468 3494 1774
f 1774 3494 1775
f 501 1771 502
f 502 1771 3493
f 527 366 384
f 384 366 365
f 522 524 527
f 527 524 366
f 521 534 522
f 522 534 524
f 530 535 521
f 521 535 534
f 508 486 513
f 513 486 532
f 513 532 541
f 541 532 535
f 667 668 596
f 596 668 597
f 1294 1297 624
f 624 1297 625
f 603 641 604
f 604 641 640
f 1290 1293 650
f 650 1293 651
f 1758 691 660
f 660 691 661
f 602 671 599
f 599 671 670
f 654 662 690
f 690 662 661
f 2856 598 695
f 695 598 597
f 602 654 671
f 671 654 690
f 604 640 676
f 676 640 704
f 1826 1829 708
f 708 1829 709
f 1288 1284 740
f 740 1284 741
f 755 754 758
f 758 754 759
f 2853 2856 932
f 932 2856 695
f 689 691 1192
f 1192 691 1193
f 784 1319 1240
f 1240 1319 1241
f 1813 1816 1244
f 1244 1816 1245
f 754 1288 759
f 759 1288 740
f 1894 1242 1318
f 1318 1242 1241
f 2867 1348 1418
f 1418 1348 1347
f 676 704 673
f 673 704 1347
f 1284 1287 741
f 741 1287 1419
f 1421 1426 1422
f 1422 1426 1425
f 1758 660 615
f 615 660 616
f 1192 1191 1421
f 1421 1191 1426
f 2962 1839 1504
f 1504 1839 1505
f 941 1194 1759
f 1759 1194 1193
f 1287 1537 1419
f 1419 1537 1760
f 1882 2893 1823
f 1823 2893 1824
f 1886 1891 1827
f 1827 1891 1828
f 1887 1886 1834
f 1834 1886 1827
f 1841 716 1838
f 1838 716 1505
f 782 784 1850
f 1850 784 1240
f 1239 1242 1863
f 1863 1242 1864
f 1242 1894 1864
f 1864 1894 1873
f 1822 1239 1823
f 1823 1239 1863
f 1318 1317 1895
f 1895 1317 1900
f 1894 1896 1873
f 1873 1896 1897
f 1291 1896 1292
f 1292 1896 1895
f 605 1898 606
f 606 1898 1897
f 1258 1257 2854
f 2854 1257 2855
f 1257 1351 2855
f 2855 1351 2857
f 1351 1353 2857
f 2857 1353 2858
f 1353 3033 2858
f 2858 3033 2859
f 2860 2861 3036
f 3036 2861 3037
f 2862 2863 2870
f 2870 2863 3039
f 2870 2869 2862
f 2862 2869 2864
f 2868 2865 2869
f 2869 2865 2864
f 1764 2866 2868
f 2868 2866 2865
f 1537 1199 1760
f 1760 1199 1348
f 615 2884 1758
f 1758 2884 1759
f 1825 1246 2890
f 2890 1246 1245
f 2893 2892 1824
f 1824 2892 2891
f 761 2960 758
f 758 2960 2906
f 3000 2943 2940
f 2940 2943 2941
f 2968 710 2950
f 2950 710 709
f 1764 1423 2866
f 2866 1423 2953
f 1423 645 2953
f 2953 645 2954
f 645 644 2954
f 2954 644 2955
f 644 738 2955
f 2955 738 2956
f 738 764 2956
f 2956 764 2957
f 764 763 2957
f 2957 763 2958
f 763 2908 2958
f 2958 2908 2959
f 2908 1436 2959
f 2959 1436 2961
f 1837 2964 1435
f 1435 2964 2963
f 1837 2937 2964
f 2964 2937 2965
f 2936 2968 2966
f 2966 2968 2950
f 1840 2942 1838
f 1838 2942 2941
f 2939 2949 2940
f 2940 2949 3006
f 2939 2942 2966
f 2966 2942 2965
f 1822 1825 1850
f 1850 1825 2890
f 1891 3005 1828
f 1828 3005 3006
f 3035 3038 3045
f 3045 3038 3042
f 3045 3044 3035
f 3035 3044 3040
f 669 1422 3045
f 3045 1422 3044
f 599 670 3041
f 3041 670 3042
f 931 3067 932
f 932 3067 3065
f 2853 3066 2854
f 2854 3066 3076
f 3067 3496 3065
f 3065 3496 3497
f 3066 3498 3076
f 3076 3498 3499
f 707 1813 708
f 708 1813 1244
f 2960 2962 2906
f 2906 2962 1504
f 2892 1887 2891
f 2891 1887 1834
f 1839 2962 2963
f 2963 2962 2961
f 595 626 596
f 596 626 625
f 623 626 3484
f 3484 626 2859
f 1291 1290 606
f 606 1290 603
f 1290 650 603
f 603 650 641
f 641 650 642
f 642 650 649
f 2860 2863 649
f 649 2863 642
f 3036 3039 2860
f 2860 3039 2863
f 3035 3040 3036
f 3036 3040 3039
f 1294 1293 1295
f 1295 1293 1292
f 624 651 1294
f 1294 651 1293
f 623 652 624
f 624 652 651
f 3484 2861 623
f 623 2861 652
f 3032 3037 3484
f 3484 3037 2861
f 3031 3038 3032
f 3032 3038 3037
f 3481 2848 2884
f 2884 2848 942
f 2846 617 1427
f 1427 617 616
f 3049 3167 3048
f 3048 3167 3500
f 1906 3048 3070
f 3070 3048 3500
f 1337 1768 3501
f 3501 1768 3502
f 3020 3503 3021
f 3021 3503 3024
f 2914 3023 3020
f 3020 3023 3503
f 859 1770 860
f 860 1770 3504
f 1336 3505 1768
f 1768 3505 3502
f 3065 3497 3066
f 3066 3497 3498
f 2814 3075 3067
f 3067 3075 3496
f 2839 3174 766
f 766 3174 3017
f 1337 3501 1338
f 1338 3501 1769
f 767 3018 3026
f 3026 3018 3506
f 3076 3499 3064
f 3064 3499 3507
f 727 730 3483
f 3483 730 3030
f 3064 3507 2871
f 2871 3507 3077
f 3100 3160 1786
f 1786 3160 1784
f 3026 3506 752
f 752 3506 3015
f 860 3504 2923
f 2923 3504 3508
f 753 3016 3027
f 3027 3016 3509
f 3027 3509 3008
f 3008 3509 3028
f 1782 1785 1783
f 1783 1785 3022
f 2923 3508 3153
f 3153 3508 3161
f 3148 3149 1208
f 1208 3149 3150
f 1335 1328 3510
f 3510 1328 1327
f 1336 1335 3505
f 3505 1335 3510
f 866 3511 1340
f 1340 3511 3146
f 865 1808 866
f 866 1808 3511
f 842 841 3159
f 3159 841 3485
f 2849 3512 1329
f 1329 3512 1326
f 1202 1331 2849
f 2849 1331 3512
f 3514 3515 3513
f 3513 3515 3516
f 3518 3516 3517
f 3517 3516 3515
f 3519 3520 3514
f 3514 3520 3515
f 3522 3523 3521
f 3521 3523 3524
f 3526 3527 3525
f 3525 3527 3528
f 3530 3531 3529
f 3529 3531 3532
f 3534 3535 3533
f 3533 3535 3536
f 3529 3532 3537
f 3537 3532 3538
f 3537 3539 3529
f 3529 3539 3540
f 3542 3543 3541
f 3541 3543 3544
f 3546 3547 3545
f 3545 3547 3548
f 3550 3534 3549
f 3549 3534 3533
f 3550 3543 3551
f 3551 3543 3552
f 3537 3545 3539
f 3539 3545 3548
f 3553 3554 3556
f 3556 3554 3555
f 3537 3557 3545
f 3545 3557 3546
f 3558 3559 3561
f 3561 3559 3560
f 3563 3564 3562
f 3562 3564 3565
f 3564 3563 3566
f 3566 3563 3567
f 3569 3570 3568
f 3568 3570 3571
f 3573 3574 3572
f 3572 3574 3575
f 3577 3578 3576
f 3576 3578 3579
f 3581 3582 3580
f 3580 3582 3583
f 3585 3586 3584
f 3584 3586 3579
f 3586 3587 3579
f 3579 3587 3576
f 3589 3590 3588
f 3588 3590 3591
f 3592 3593 3595
f 3595 3593 3594
f 3597 3598 3596
f 3596 3598 3595
f 3583 3600 3599
f 3599 3600 3601
f 3603 3599 3602
f 3602 3599 3601
f 3605 3606 3604
f 3604 3606 3607
f 3608 3555 3596
f 3596 3555 3554
f 3597 3610 3609
f 3609 3610 3565
f 3564 3611 3565
f 3565 3611 3609
f 3611 3564 3612
f 3612 3564 3566
f 3613 3614 3569
f 3569 3614 3570
f 3615 3616 3573
f 3573 3616 3574
f 3517 3617 3518
f 3518 3617 3618
f 3620 3621 3619
f 3619 3621 3622
f 3624 3625 3623
f 3623 3625 3626
f 3628 3629 3627
f 3627 3629 3630
f 3632 3633 3631
f 3631 3633 3634
f 3636 3637 3635
f 3635 3637 3638
f 3640 3641 3639
f 3639 3641 3642
f 3643 3644 3639
f 3639 3644 3640
f 3646 3513 3645
f 3645 3513 3647
f 3648 3514 3646
f 3646 3514 3513
f 3649 3519 3648
f 3648 3519 3514
f 3650 3651 3527
f 3527 3651 3652
f 3654 3651 3653
f 3653 3651 3650
f 3568 3571 3655
f 3655 3571 3656
f 3657 3658 3653
f 3653 3658 3659
f 3661 3662 3660
f 3660 3662 3658
f 3664 3665 3663
f 3663 3665 3666
f 3667 3657 3650
f 3650 3657 3653
f 3669 3523 3668
f 3668 3523 3670
f 3672 3673 3671
f 3671 3673 3674
f 3676 3677 3675
f 3675 3677 3678
f 3671 3674 3676
f 3676 3674 3677
f 3680 3681 3679
f 3679 3681 3682
f 3683 3684 3680
f 3680 3684 3681
f 3685 3686 3661
f 3661 3686 3662
f 3686 3687 3662
f 3662 3687 3688
f 3684 3683 3689
f 3689 3683 3690
f 3692 3693 3691
f 3691 3693 3694
f 3691 3694 3695
f 3695 3694 3696
f 3698 3699 3697
f 3697 3699 3700
f 3702 3703 3701
f 3701 3703 3704
f 3705 3706 3519
f 3519 3706 3520
f 3673 3672 3707
f 3707 3672 3708
f 3709 3710 3682
f 3682 3710 3679
f 3711 3712 3692
f 3692 3712 3693
f 3714 3715 3713
f 3713 3715 3716
f 3718 3700 3717
f 3717 3700 3699
f 3720 3721 3719
f 3719 3721 3722
f 3724 3725 3723
f 3723 3725 3726
f 3727 3728 3730
f 3730 3728 3729
f 3722 3721 3731
f 3731 3721 3732
f 3697 3700 3733
f 3733 3700 3714
f 3733 3714 3734
f 3734 3714 3713
f 3721 3723 3732
f 3732 3723 3735
f 3720 3736 3724
f 3724 3736 3737
f 3700 3718 3714
f 3714 3718 3715
f 3717 3699 3738
f 3738 3699 3739
f 3536 3740 3533
f 3533 3740 3540
f 3742 3743 3741
f 3741 3743 3744
f 3746 3747 3745
f 3745 3747 3748
f 3750 3751 3749
f 3749 3751 3752
f 3627 3632 3628
f 3628 3632 3631
f 3754 3755 3753
f 3753 3755 3626
f 3562 3565 3756
f 3756 3565 3610
f 3527 3652 3528
f 3528 3652 3757
f 3758 3524 3669
f 3669 3524 3523
f 3582 3598 3583
f 3583 3598 3600
f 3759 3670 3522
f 3522 3670 3523
f 3675 3678 3760
f 3760 3678 3761
f 3762 3763 3690
f 3690 3763 3689
f 3765 3766 3764
f 3764 3766 3767
f 3768 3739 3698
f 3698 3739 3699
f 3726 3725 3770
f 3770 3725 3769
f 3645 3647 3771
f 3771 3647 3772
f 3645 3678 3646
f 3646 3678 3677
f 3646 3677 3648
f 3648 3677 3674
f 3673 3649 3674
f 3674 3649 3648
f 3707 3773 3673
f 3673 3773 3649
f 3775 3776 3774
f 3774 3776 3777
f 3779 3526 3778
f 3778 3526 3525
f 3526 3779 3667
f 3667 3779 3780
f 3780 3781 3667
f 3667 3781 3657
f 3672 3679 3708
f 3708 3679 3710
f 3671 3680 3672
f 3672 3680 3679
f 3676 3683 3671
f 3671 3683 3680
f 3675 3690 3676
f 3676 3690 3683
f 3760 3762 3675
f 3675 3762 3690
f 3682 3681 3783
f 3783 3681 3782
f 3689 3784 3684
f 3684 3784 3785
f 3684 3785 3681
f 3681 3785 3782
f 3786 3709 3783
f 3783 3709 3682
f 3784 3689 3787
f 3787 3689 3763
f 3789 3557 3788
f 3788 3557 3790
f 3792 3793 3791
f 3791 3793 3794
f 3616 3615 3795
f 3795 3615 3796
f 3797 3798 3727
f 3727 3798 3728
f 3800 3801 3799
f 3799 3801 3802
f 3803 3578 3592
f 3592 3578 3593
f 3805 3806 3804
f 3804 3806 3807
f 3599 3603 3585
f 3585 3603 3586
f 3587 3586 3604
f 3604 3586 3603
f 3588 3591 3794
f 3794 3591 3791
f 3581 3803 3582
f 3582 3803 3592
f 3594 3561 3608
f 3608 3561 3790
f 3662 3688 3808
f 3808 3688 3809
f 3665 3664 3810
f 3810 3664 3811
f 3719 3812 3720
f 3720 3812 3736
f 3717 3813 3718
f 3718 3813 3737
f 3723 3721 3724
f 3724 3721 3720
f 3813 3717 3814
f 3814 3717 3738
f 3815 3816 303
f 303 3816 304
f 3818 3819 3817
f 3817 3819 3820
f 3578 3803 3579
f 3579 3803 3584
f 3558 3593 3577
f 3577 3593 3578
f 3822 3823 3821
f 3821 3823 3824
f 3546 3826 3825
f 3825 3826 3827
f 3828 3829 3547
f 3547 3829 3541
f 3831 3542 3830
f 3830 3542 3832
f 3834 3822 3833
f 3833 3822 3821
f 3835 3836 3827
f 3827 3836 3825
f 3800 3799 3828
f 3828 3799 3829
f 3830 3832 3837
f 3837 3832 3838
f 331 330 3551
f 3551 330 3839
f 3831 333 3552
f 3552 333 332
f 3819 3797 3841
f 3841 3797 3840
f 3513 3516 3647
f 3647 3516 3746
f 337 336 3745
f 3745 336 3772
f 3525 3528 3775
f 3775 3528 3749
f 3610 3597 3554
f 3554 3597 3596
f 3706 3702 3520
f 3520 3702 3701
f 3756 3610 3553
f 3553 3610 3554
f 3757 3750 3528
f 3528 3750 3749
f 3517 3515 3701
f 3701 3515 3520
f 3842 3584 3581
f 3581 3584 3803
f 3525 3775 3778
f 3778 3775 3774
f 3638 3843 3635
f 3635 3843 3618
f 3617 3621 3618
f 3618 3621 3635
f 3617 3517 3704
f 3704 3517 3701
f 3521 3624 3522
f 3522 3624 3623
f 3749 3844 3775
f 3775 3844 3776
f 3846 3847 3845
f 3845 3847 3848
f 3843 3747 3618
f 3618 3747 3518
f 3850 3851 3849
f 3849 3851 3748
f 3853 3854 3852
f 3852 3854 3855
f 3856 3857 3622
f 3622 3857 3619
f 3859 3860 3858
f 3858 3860 3861
f 3862 3844 3752
f 3752 3844 3749
f 3863 3759 3623
f 3623 3759 3522
f 3864 3777 3630
f 3630 3777 3776
f 3713 3865 3734
f 3734 3865 3866
f 3868 3869 3867
f 3867 3869 3870
f 3872 3873 3871
f 3871 3873 3874
f 3876 3877 3875
f 3875 3877 3878
f 3879 3880 3878
f 3878 3880 3881
f 3882 3883 3885
f 3885 3883 3884
f 3780 3886 3781
f 3781 3886 3887
f 3888 3685 3869
f 3869 3685 3661
f 3880 3879 3883
f 3883 3879 3884
f 3693 3783 3694
f 3694 3783 3782
f 3696 3785 3764
f 3764 3785 3784
f 3694 3782 3696
f 3696 3782 3785
f 3693 3786 3783
f 3787 3765 3784
f 3784 3765 3764
f 386 385 3765
f 3765 385 3766
f 3695 3889 3691
f 3691 3889 3890
f 3691 3890 3692
f 3692 3890 3891
f 3892 3711 3891
f 3891 3711 3692
f 3767 3893 3695
f 3695 3893 3889
f 3766 3894 3767
f 3767 3894 3893
f 3882 3885 3895
f 3895 3885 3896
f 3898 3698 3897
f 3897 3698 3697
f 3897 3697 3899
f 3899 3697 3733
f 3899 3733 3900
f 3900 3733 3734
f 3901 3768 3898
f 3898 3768 3698
f 3901 3902 3768
f 3768 3902 3903
f 3904 3905 3907
f 3907 3905 3906
f 3869 3661 3870
f 3870 3661 3660
f 3908 3909 3896
f 3896 3909 3895
f 3909 3758 3895
f 3895 3758 3669
f 3751 3531 3752
f 3752 3531 3848
f 3858 3536 3854
f 3854 3536 3535
f 3652 3562 3757
f 3757 3562 3756
f 3651 3654 3563
f 3563 3654 3567
f 3655 3656 3808
f 3808 3656 3659
f 3530 3740 3845
f 3845 3740 3861
f 3751 3750 3556
f 3556 3750 3553
f 3817 3820 3796
f 3796 3820 3795
f 410 409 3910
f 3910 409 3855
f 3750 3757 3553
f 3553 3757 3756
f 3908 3886 3909
f 3909 3886 3780
f 409 411 3855
f 3855 411 3851
f 413 412 3760
f 3760 412 3762
f 415 414 3763
f 3763 414 3787
f 3790 3557 3538
f 3538 3557 3537
f 3555 3608 3538
f 3538 3608 3790
f 3574 3911 3575
f 3575 3911 3912
f 3535 3534 3910
f 3910 3534 3839
f 3831 3552 3542
f 3542 3552 3543
f 3534 3550 3839
f 3839 3550 3551
f 3543 3550 3544
f 3544 3550 3549
f 3913 3914 3916
f 3916 3914 3915
f 3806 3805 3589
f 3589 3805 3590
f 3849 3843 3917
f 3917 3843 3638
f 3853 3644 3859
f 3859 3644 3742
f 3747 3746 3518
f 3518 3746 3516
f 3695 3696 3767
f 3767 3696 3764
f 3903 3918 3768
f 3768 3918 3739
f 3738 3739 3816
f 3816 3739 3918
f 3919 3920 3769
f 3769 3920 3770
f 3921 3726 3922
f 3922 3726 3770
f 3678 3645 3761
f 3761 3645 3771
f 3924 3913 3923
f 3923 3913 3916
f 3802 3925 3838
f 3838 3925 3837
f 3577 3926 3558
f 3558 3926 3559
f 3815 3919 3814
f 3814 3919 3769
f 3927 3928 3822
f 3822 3928 3823
f 3829 3832 3541
f 3541 3832 3542
f 3834 3927 3822
f 3832 3829 3838
f 3838 3829 3799
f 3745 3772 3746
f 3746 3772 3647
f 3849 3748 3843
f 3843 3748 3747
f 3854 3853 3858
f 3858 3853 3859
f 3854 3535 3855
f 3855 3535 3910
f 3557 3789 3546
f 3546 3789 3826
f 3923 3823 3924
f 3924 3823 3928
f 3823 3923 3929
f 3929 3923 3930
f 3531 3751 3532
f 3532 3751 3556
f 3532 3556 3538
f 3538 3556 3555
f 3932 3634 3931
f 3931 3634 3633
f 3814 3769 3813
f 3813 3769 3725
f 3620 3636 3621
f 3621 3636 3635
f 3847 3862 3848
f 3848 3862 3752
f 3531 3530 3848
f 3848 3530 3845
f 3933 3934 3830
f 3830 3934 3831
f 3925 3933 3837
f 3837 3933 3830
f 3934 440 3831
f 3831 440 333
f 3925 3802 3833
f 3833 3802 3801
f 3776 3844 3630
f 3630 3844 3627
f 3808 3659 3662
f 3662 3659 3658
f 3667 3650 3526
f 3526 3650 3527
f 3935 3666 3936
f 3936 3666 3665
f 3718 3737 3715
f 3715 3737 3736
f 3663 3809 3664
f 3664 3809 3688
f 3807 3806 3938
f 3938 3806 3937
f 445 413 3761
f 3761 413 3760
f 3902 447 3903
f 3903 447 446
f 3897 3890 3898
f 3898 3890 3889
f 3899 3891 3897
f 3897 3891 3890
f 3898 3889 3901
f 3901 3889 3893
f 3893 3894 3901
f 3901 3894 3902
f 414 386 3787
f 3787 386 3765
f 3940 3941 3939
f 3939 3941 3942
f 3840 3797 3943
f 3943 3797 3727
f 3665 3810 3936
f 3936 3810 3944
f 3921 3735 3726
f 3726 3735 3723
f 3920 3945 3770
f 3770 3945 3922
f 3521 3524 3774
f 3774 3524 3778
f 3864 3946 3625
f 3625 3946 3947
f 3773 3705 3649
f 3649 3705 3519
f 3779 3778 3758
f 3758 3778 3524
f 3812 3716 3736
f 3736 3716 3715
f 3624 3521 3777
f 3777 3521 3774
f 3703 3856 3704
f 3704 3856 3622
f 3900 3892 3899
f 3899 3892 3891
f 3641 3917 3642
f 3642 3917 3948
f 3895 3669 3882
f 3882 3669 3668
f 3855 3851 3852
f 3852 3851 3850
f 3894 458 3902
f 3902 458 447
f 3781 3887 3660
f 3660 3887 3870
f 3570 3566 3571
f 3571 3566 3567
f 3950 3576 3949
f 3949 3576 3587
f 3605 3602 3614
f 3614 3602 3612
f 3614 3612 3570
f 3570 3612 3566
f 3571 3567 3656
f 3656 3567 3654
f 3660 3658 3781
f 3781 3658 3657
f 3604 3607 3587
f 3587 3607 3949
f 3653 3659 3654
f 3654 3659 3656
f 3529 3540 3530
f 3530 3540 3740
f 3687 3811 3688
f 3688 3811 3664
f 3813 3725 3737
f 3737 3725 3724
f 3919 3815 461
f 461 3815 303
f 3818 3798 3819
f 3819 3798 3797
f 3819 3841 3820
f 3820 3841 3951
f 3816 3815 3738
f 3738 3815 3814
f 3540 3539 3533
f 3533 3539 3549
f 3548 3547 3544
f 3544 3547 3541
f 3539 3548 3549
f 3549 3548 3544
f 3741 3931 3860
f 3860 3931 3846
f 3801 3800 3835
f 3835 3800 3836
f 3934 3933 3824
f 3824 3933 3821
f 3825 3828 3546
f 3546 3828 3547
f 3833 3821 3925
f 3925 3821 3933
f 3800 3828 3836
f 3836 3828 3825
f 3824 3952 3934
f 3934 3952 440
f 3860 3846 3861
f 3861 3846 3845
f 3629 3946 3630
f 3630 3946 3864
f 3740 3536 3861
f 3861 3536 3858
f 3833 3801 3834
f 3834 3801 3835
f 3583 3599 3580
f 3580 3599 3585
f 3651 3563 3652
f 3652 3563 3562
f 3758 3909 3779
f 3779 3909 3780
f 3621 3617 3622
f 3622 3617 3704
f 3625 3947 3626
f 3626 3947 3753
f 3633 3632 3847
f 3847 3632 3862
f 3852 3850 3640
f 3640 3850 3641
f 3644 3853 3640
f 3640 3853 3852
f 3859 3742 3860
f 3860 3742 3741
f 3632 3627 3862
f 3862 3627 3844
f 3755 3863 3626
f 3626 3863 3623
f 3917 3638 3948
f 3948 3638 3637
f 3644 3643 3742
f 3742 3643 3743
f 3931 3633 3846
f 3846 3633 3847
f 3625 3624 3864
f 3864 3624 3777
f 3917 3641 3849
f 3849 3641 3850
f 3744 3932 3741
f 3741 3932 3931
f 3903 446 3918
f 3918 446 464
f 3953 3954 3956
f 3956 3954 3955
f 3958 3959 3957
f 3957 3959 3960
f 3876 3958 3877
f 3877 3958 3957
f 3877 3957 3961
f 3961 3957 3962
f 3963 3964 3958
f 3958 3964 3959
f 3965 3966 3876
f 3876 3966 3958
f 3966 3963 3958
f 3966 3967 3963
f 3963 3967 3968
f 3878 3877 3879
f 3879 3877 3961
f 3967 3969 3968
f 3968 3969 3970
f 3969 3971 3970
f 3970 3971 3972
f 3974 3904 3973
f 3973 3904 3907
f 3971 3975 3972
f 3972 3975 3976
f 3976 3975 3978
f 3978 3975 3977
f 3979 3980 3977
f 3977 3980 3978
f 3981 3982 3979
f 3979 3982 3980
f 3983 3984 3981
f 3981 3984 3982
f 3972 3985 3970
f 3970 3985 3986
f 3871 3987 3969
f 3969 3987 3971
f 3872 3871 3967
f 3967 3871 3969
f 3965 3872 3966
f 3966 3872 3967
f 3970 3986 3968
f 3968 3986 3988
f 3879 3961 3884
f 3884 3961 3940
f 3884 3940 3885
f 3885 3940 3939
f 3989 3990 3992
f 3992 3990 3991
f 3942 3993 3995
f 3995 3993 3994
f 3994 3996 3995
f 3995 3996 3974
f 3997 3998 3994
f 3994 3998 3996
f 3999 3997 3993
f 3993 3997 3994
f 4001 3996 4000
f 4000 3996 3998
f 4000 3998 4002
f 4002 3998 4003
f 4004 4003 3997
f 3997 4003 3998
f 3997 3999 4004
f 4004 3999 4005
f 4006 3995 3973
f 3973 3995 3974
f 3939 3942 4006
f 4006 3942 3995
f 3906 3887 3907
f 3907 3887 3886
f 3887 3906 3870
f 3870 3906 3867
f 3908 3973 3886
f 3886 3973 3907
f 3865 4007 3866
f 3866 4007 4008
f 3984 3983 4009
f 4009 3983 4010
f 3961 3962 3940
f 3940 3962 3941
f 4012 3868 4011
f 4011 3868 3867
f 4013 3975 3987
f 3987 3975 3971
f 4014 3977 4013
f 4013 3977 3975
f 4015 4010 4007
f 4007 4010 3983
f 4007 3983 4008
f 4008 3983 3981
f 4008 3981 4016
f 4016 3981 3979
f 4017 3984 4018
f 4018 3984 4009
f 3977 4014 3979
f 3979 4014 4016
f 3982 3984 4019
f 4019 3984 4017
f 4021 4022 4020
f 4020 4022 4023
f 4022 4012 4023
f 4023 4012 4011
f 4023 3904 4020
f 4020 3904 3974
f 4024 4025 4018
f 4018 4025 4017
f 4026 4027 4024
f 4024 4027 4025
f 4028 4026 4029
f 4029 4026 4024
f 4018 4021 4024
f 4024 4021 4029
f 4030 4031 4026
f 4026 4031 4027
f 4032 4030 4028
f 4028 4030 4026
f 4029 4001 4028
f 4028 4001 4000
f 4028 4000 4032
f 4032 4000 4002
f 4034 4035 4033
f 4033 4035 4036
f 4037 4038 4019
f 4019 4038 4039
f 4041 4039 4040
f 4040 4039 4038
f 4040 4038 4042
f 4042 4038 4036
f 4042 4036 4043
f 4043 4036 4035
f 3985 4044 4046
f 4046 4044 4045
f 4047 4048 4045
f 4045 4048 4046
f 4047 4049 4048
f 4048 4049 4050
f 4042 4047 4040
f 4040 4047 4045
f 4043 4049 4042
f 4042 4049 4047
f 4040 4045 4041
f 4041 4045 4044
f 4052 3959 4051
f 4051 3959 3964
f 4053 4054 4051
f 4051 4054 4055
f 3956 3960 4052
f 4052 3960 3959
f 3953 3956 4056
f 4056 3956 4052
f 4058 3953 4057
f 4057 3953 4056
f 4060 4061 4059
f 4059 4061 4062
f 4063 4064 4054
f 4054 4064 4057
f 4054 4053 4063
f 4063 4053 4065
f 4066 4067 4069
f 4069 4067 4068
f 4048 4050 4063
f 4063 4050 4064
f 4063 4065 4048
f 4048 4065 4046
f 3985 4046 3986
f 3986 4046 4065
f 3986 4065 3988
f 3988 4065 4053
f 3988 4053 3964
f 3964 4053 4051
f 3976 3978 4044
f 4044 3978 4041
f 3980 3982 4039
f 4039 3982 4019
f 4039 4041 3980
f 3980 4041 3978
f 3973 3908 4006
f 4006 3908 3896
f 3885 3939 3896
f 3896 3939 4006
f 4031 4034 4027
f 4027 4034 4033
f 4027 4033 4025
f 4025 4033 4037
f 4019 4017 4037
f 4037 4017 4025
f 3993 3942 4070
f 4070 3942 3941
f 3999 3993 4071
f 4071 3993 4070
f 3999 4071 4005
f 4005 4071 4072
f 4073 4074 4076
f 4076 4074 4075
f 4078 4079 4077
f 4077 4079 4080
f 4082 4080 4081
f 4081 4080 4079
f 4084 4085 4083
f 4083 4085 4086
f 4087 4088 4090
f 4090 4088 4089
f 4092 4093 4091
f 4091 4093 4094
f 4096 4097 4095
f 4095 4097 4098
f 4100 4101 4099
f 4099 4101 4102
f 4103 4104 4106
f 4106 4104 4105
f 4108 4109 4107
f 4107 4109 4110
f 4112 4113 4111
f 4111 4113 4114
f 4116 4117 4115
f 4115 4117 4118
f 4120 4121 4119
f 4119 4121 4122
f 4123 4124 4126
f 4126 4124 4125
f 4127 4128 4130
f 4130 4128 4129
f 4132 4133 4131
f 4131 4133 4134
f 4136 4108 4135
f 4135 4108 4107
f 4138 4139 4137
f 4137 4139 4140
f 4141 4142 4088
f 4088 4142 4089
f 4144 4145 4143
f 4143 4145 4146
f 4148 4149 4147
f 4147 4149 4150
f 4152 4153 4151
f 4151 4153 4154
f 4156 4082 4155
f 4155 4082 4081
f 4157 4158 4160
f 4160 4158 4159
f 4161 4162 4164
f 4164 4162 4163
f 4166 4122 4165
f 4165 4122 4121
f 4168 4152 4167
f 4167 4152 4151
f 4169 4170 4172
f 4172 4170 4171
f 4174 4175 4173
f 4173 4175 4176
f 4178 4149 4177
f 4177 4149 4179
f 4173 4176 4180
f 4180 4176 4181
f 4156 4085 4182
f 4182 4085 4183
f 4182 4184 4156
f 4156 4184 4082
f 4185 4186 4184
f 4184 4186 4187
f 4186 4188 4187
f 4187 4188 4189
f 4190 4191 4073
f 4073 4191 4074
f 4177 4179 4158
f 4158 4179 4159
f 4193 4127 4192
f 4192 4127 4130
f 4144 4194 4151
f 4151 4194 4167
f 4196 4197 4195
f 4195 4197 4198
f 4095 4199 4096
f 4096 4199 4200
f 4201 4202 4204
f 4204 4202 4203
f 4205 4206 4208
f 4208 4206 4207
f 4121 4120 4209
f 4209 4120 4210
f 4212 4213 4211
f 4211 4213 4214
f 4216 4217 4215
f 4215 4217 4218
f 4220 4221 4219
f 4219 4221 4222
f 4224 4196 4223
f 4223 4196 4195
f 4225 4226 4134
f 4134 4226 4131
f 4228 4229 4227
f 4227 4229 4230
f 4232 4233 4231
f 4231 4233 4098
f 4235 4236 4234
f 4234 4236 4237
f 4239 4240 4238
f 4238 4240 4241
f 4242 4243 4245
f 4245 4243 4244
f 4246 4247 4249
f 4249 4247 4248
f 4251 4252 4250
f 4250 4252 4253
f 4255 4256 4254
f 4254 4256 4257
f 4259 4260 4258
f 4258 4260 4261
f 4263 4264 4262
f 4262 4264 4265
f 4267 4268 4266
f 4266 4268 4269
f 4271 4199 4270
f 4270 4199 4272
f 4273 4274 4276
f 4276 4274 4275
f 4115 4118 4277
f 4277 4118 4278
f 4280 4281 4279
f 4279 4281 4282
f 4211 4283 4212
f 4212 4283 4284
f 4286 4287 4285
f 4285 4287 4288
f 4165 4121 4289
f 4289 4121 4209
f 4291 4286 4290
f 4290 4286 4285
f 4293 4294 4292
f 4292 4294 4295
f 4297 4298 4296
f 4296 4298 4299
f 4301 4302 4300
f 4300 4302 4303
f 4299 4304 4296
f 4296 4304 4305
f 4306 4292 4307
f 4307 4292 4295
f 4307 4308 4306
f 4306 4308 4309
f 4310 4309 4075
f 4075 4309 4308
f 4299 4298 4312
f 4312 4298 4311
f 4302 4301 4293
f 4293 4301 4294
f 3735 3921 4313
f 4313 3921 4314
f 4315 4314 3922
f 3922 4314 3921
f 4316 3945 829
f 829 3945 830
f 4289 4317 4165
f 4165 4317 4318
f 4320 4321 4319
f 4319 4321 4322
f 4324 4325 4323
f 4323 4325 4326
f 4327 4328 4330
f 4330 4328 4329
f 4290 4331 4291
f 4291 4331 4332
f 4165 4318 4166
f 4166 4318 4333
f 4334 4335 4337
f 4337 4335 4336
f 4339 4340 4338
f 4338 4340 4341
f 4168 4343 4342
f 4342 4343 4344
f 4346 4347 4345
f 4345 4347 4348
f 4350 4351 4349
f 4349 4351 4352
f 4354 4355 4353
f 4353 4355 4356
f 4357 4358 4324
f 4324 4358 4325
f 4337 4359 4334
f 4334 4359 4360
f 4362 4363 4361
f 4361 4363 4364
f 4366 4367 4365
f 4365 4367 4368
f 4369 4370 4372
f 4372 4370 4371
f 4331 4290 4374
f 4374 4290 4373
f 4373 4376 4375
f 4375 4376 4377
f 4379 4380 4378
f 4378 4380 4381
f 4217 4382 4218
f 4218 4382 4383
f 4385 4386 4384
f 4384 4386 4387
f 4388 4389 4338
f 4338 4389 4390
f 4337 4336 4392
f 4392 4336 4391
f 4394 4362 4393
f 4393 4362 4361
f 4396 4397 4395
f 4395 4397 4398
f 4400 4401 4399
f 4399 4401 4402
f 4345 4403 4346
f 4346 4403 4404
f 4405 4406 4342
f 4342 4406 4407
f 4409 4410 4408
f 4408 4410 4411
f 4408 4412 4409
f 4409 4412 4413
f 4181 4415 4414
f 4414 4415 4416
f 4182 4183 4417
f 4417 4183 4418
f 4419 4353 4311
f 4311 4353 4312
f 4421 4422 4420
f 4420 4422 4423
f 4353 4356 4312
f 4312 4356 4424
f 4166 4333 4425
f 4425 4333 4426
f 4425 4143 4166
f 4166 4143 4122
f 4427 4107 4428
f 4428 4107 4110
f 4429 4430 4174
f 4174 4430 4175
f 4335 4431 4336
f 4336 4431 4390
f 4336 4390 4391
f 4391 4390 4389
f 4432 4433 4435
f 4435 4433 4434
f 4437 4438 4436
f 4436 4438 4439
f 4441 4442 4440
f 4440 4442 4443
f 4359 4444 4361
f 4361 4444 4393
f 4446 4447 4445
f 4445 4447 4448
f 4338 4341 4388
f 4388 4341 4449
f 4450 4451 4398
f 4398 4451 4395
f 4453 4454 4452
f 4452 4454 4455
f 4457 4458 4456
f 4456 4458 4459
f 4460 4461 4448
f 4448 4461 4445
f 4463 4464 4462
f 4462 4464 4465
f 4462 4465 4466
f 4466 4465 4467
f 4468 4469 4467
f 4467 4469 4466
f 4469 4468 4470
f 4470 4468 4471
f 4472 4473 4471
f 4471 4473 4470
f 4475 4476 4474
f 4474 4476 4477
f 4479 4480 4478
f 4478 4480 4481
f 4483 4484 4482
f 4482 4484 4485
f 4487 4488 4486
f 4486 4488 4489
f 4491 4492 4490
f 4490 4492 4493
f 4494 4495 4493
f 4493 4495 4490
f 4496 4497 4494
f 4494 4497 4495
f 4497 4496 4498
f 4498 4496 4499
f 4500 4501 4503
f 4503 4501 4502
f 4505 4506 4504
f 4504 4506 4507
f 4466 4508 4462
f 4462 4508 4509
f 4470 4510 4469
f 4469 4510 4511
f 4513 4479 4512
f 4512 4479 4478
f 4515 4443 4514
f 4514 4443 4442
f 4516 4517 4519
f 4519 4517 4518
f 4521 4495 4520
f 4520 4495 4497
f 4522 4490 4521
f 4521 4490 4495
f 4491 4523 4488
f 4488 4523 4524
f 4525 4489 4524
f 4524 4489 4488
f 4484 4526 4485
f 4485 4526 4527
f 4503 4528 4500
f 4500 4528 4529
f 4530 4531 4533
f 4533 4531 4532
f 4535 4506 4534
f 4534 4506 4530
f 4486 4536 4487
f 4487 4536 4537
f 4487 4537 4492
f 4492 4537 4538
f 4494 4539 4496
f 4496 4539 4540
f 4542 4533 4541
f 4541 4533 4499
f 4544 4545 4543
f 4543 4545 4546
f 4548 4549 4547
f 4547 4549 4550
f 4536 4551 4537
f 4537 4551 4552
f 4537 4552 4538
f 4538 4552 4553
f 4554 4539 4556
f 4556 4539 4555
f 4557 4540 4554
f 4554 4540 4539
f 4559 4557 4558
f 4558 4557 4560
f 4540 4557 4541
f 4541 4557 4559
f 4562 4563 4561
f 4561 4563 4564
f 4546 4565 4543
f 4543 4565 4566
f 4547 4567 4548
f 4548 4567 4568
f 4570 4571 4569
f 4569 4571 4572
f 4574 4575 4573
f 4573 4575 4576
f 4578 4579 4577
f 4577 4579 4580
f 4582 4583 4581
f 4581 4583 4584
f 4585 4586 4588
f 4588 4586 4587
f 4589 4585 4590
f 4590 4585 4588
f 4592 4593 4591
f 4591 4593 4594
f 4596 4597 4595
f 4595 4597 4598
f 4600 4601 4599
f 4599 4601 4602
f 4563 4604 4603
f 4603 4604 4605
f 4603 4606 4608
f 4608 4606 4607
f 4609 4610 4594
f 4594 4610 4591
f 4611 4612 4614
f 4614 4612 4613
f 4616 4617 4615
f 4615 4617 4618
f 4602 4620 4619
f 4619 4620 4621
f 4619 4622 4602
f 4602 4622 4599
f 4605 4599 4623
f 4623 4599 4622
f 4605 4623 4603
f 4603 4623 4606
f 4625 4626 4624
f 4624 4626 4627
f 4438 4437 4628
f 4628 4437 4629
f 4442 4441 4630
f 4630 4441 4631
f 4630 4632 4442
f 4442 4632 4514
f 4633 4634 4529
f 4529 4634 4500
f 4500 4634 4501
f 4501 4634 4635
f 4637 4546 4636
f 4636 4546 4545
f 4639 4565 4638
f 4638 4565 4640
f 4573 4576 4641
f 4641 4576 4642
f 4593 4643 4594
f 4594 4643 4644
f 4645 4609 4644
f 4644 4609 4594
f 4647 4648 4646
f 4646 4648 4649
f 4651 4652 4650
f 4650 4652 4653
f 4654 4498 4519
f 4519 4498 4532
f 4520 4508 4521
f 4521 4508 4511
f 4522 4510 4523
f 4523 4510 4655
f 4524 4656 4525
f 4525 4656 4657
f 4514 4529 4515
f 4515 4529 4528
f 4658 4659 4661
f 4661 4659 4660
f 4496 4540 4499
f 4499 4540 4541
f 4493 4555 4494
f 4494 4555 4539
f 4549 4483 4550
f 4550 4483 4482
f 4545 4544 4501
f 4501 4544 4502
f 4636 4545 4635
f 4635 4545 4501
f 4589 4663 4662
f 4662 4663 4664
f 4662 4665 4558
f 4558 4665 4559
f 4569 4586 4570
f 4570 4586 4560
f 4552 4666 4553
f 4553 4666 4667
f 4668 4669 4670
f 4670 4669 4666
f 4672 4673 4671
f 4671 4673 4674
f 4287 4675 4288
f 4288 4675 4676
f 4678 4679 4677
f 4677 4679 4680
f 4681 4678 4682
f 4682 4678 4677
f 4682 4683 4681
f 4681 4683 4684
f 4161 4164 4685
f 4685 4164 4686
f 4414 4687 4689
f 4689 4687 4688
f 4405 4690 4346
f 4346 4690 4347
f 4691 4399 4693
f 4693 4399 4692
f 1209 4694 4365
f 4365 4694 4366
f 4650 1211 4651
f 4651 1211 1210
f 4695 4696 4255
f 4255 4696 4256
f 4697 4698 4218
f 4218 4698 4215
f 4700 4701 4699
f 4699 4701 4702
f 4703 4704 4303
f 4303 4704 4300
f 4315 3922 4316
f 4316 3922 3945
f 4653 4706 4705
f 4705 4706 4707
f 4709 4710 4708
f 4708 4710 4711
f 4335 4334 4713
f 4713 4334 4712
f 4714 4340 4321
f 4321 4340 4322
f 4716 4717 4715
f 4715 4717 4718
f 4238 4241 4719
f 4719 4241 4720
f 4231 4721 4307
f 4307 4721 4308
f 4723 4724 4722
f 4722 4724 4725
f 4727 4728 4726
f 4726 4728 4729
f 4730 4731 4327
f 4327 4731 4328
f 4733 4734 4732
f 4732 4734 4735
f 4720 4381 4736
f 4736 4381 4737
f 4738 4739 4741
f 4741 4739 4740
f 4743 4744 4742
f 4742 4744 4745
f 4338 4390 4339
f 4339 4390 4431
f 4746 4747 4431
f 4431 4747 4339
f 4291 4332 4289
f 4289 4332 4317
f 4289 4209 4291
f 4291 4209 4286
f 4287 4286 4210
f 4210 4286 4209
f 4749 4750 4748
f 4748 4750 4751
f 4212 4284 4752
f 4752 4284 4753
f 4752 4754 4212
f 4212 4754 4213
f 4252 4251 4225
f 4225 4251 4226
f 4227 4230 4248
f 4248 4230 4249
f 4205 4755 4757
f 4757 4755 4756
f 4708 4711 4758
f 4758 4711 4647
f 4367 4366 4759
f 4759 4366 4760
f 4526 4513 4527
f 4527 4513 4512
f 4420 4423 4385
f 4385 4423 4386
f 4705 4761 4653
f 4653 4761 4650
f 4761 1279 4650
f 4650 1279 1211
f 4762 4763 3944
f 3944 4763 3936
f 4274 4273 4765
f 4765 4273 4764
f 4767 4768 4766
f 4766 4768 4769
f 4770 4771 4769
f 4769 4771 4766
f 4771 4770 4242
f 4242 4770 4243
f 4093 4163 4094
f 4094 4163 4162
f 4772 4773 4775
f 4775 4773 4774
f 4777 4778 4776
f 4776 4778 4779
f 4417 4185 4182
f 4182 4185 4184
f 4780 4078 4781
f 4781 4078 4077
f 4781 4077 4782
f 4782 4077 4189
f 4188 4783 4189
f 4189 4783 4782
f 4295 4232 4307
f 4307 4232 4231
f 4785 4786 4784
f 4784 4786 4787
f 4784 1307 4785
f 4785 1307 1306
f 4078 4780 4096
f 4096 4780 4097
f 4075 4074 4310
f 4310 4074 4788
f 4788 4074 4789
f 4789 4074 4191
f 4789 4191 4059
f 4059 4191 4790
f 4791 4277 4792
f 4792 4277 4278
f 3732 3735 4793
f 4793 3735 4313
f 4793 4794 3732
f 3732 4794 3731
f 4792 4795 4791
f 4791 4795 4796
f 4797 4798 4799
f 4799 4798 4724
f 4763 4800 3936
f 3936 4800 3935
f 4801 4062 3729
f 3729 4062 3730
f 4713 4712 4802
f 4802 4712 4803
f 4146 4804 4119
f 4119 4804 4805
f 4498 4654 4497
f 4497 4654 4520
f 4806 4807 1326
f 1326 4807 1327
f 4689 4688 1330
f 1330 4688 1331
f 4801 4789 4062
f 4062 4789 4059
f 3730 4062 4808
f 4808 4062 4061
f 4810 4811 4809
f 4809 4811 4812
f 4813 4403 4814
f 4814 4403 4345
f 4815 4816 4349
f 4349 4816 4350
f 4817 4818 4820
f 4820 4818 4819
f 4406 4821 4407
f 4407 4821 4822
f 4823 4161 4824
f 4824 4161 4685
f 4181 4414 4825
f 4825 4414 4689
f 4741 4740 4826
f 4826 4740 4827
f 4828 4829 4827
f 4827 4829 4826
f 4142 4141 4415
f 4415 4141 4148
f 4830 1354 4761
f 4761 1354 1279
f 4832 4833 4831
f 4831 4833 4834
f 4835 4836 4626
f 4626 4836 4421
f 4451 4709 4395
f 4395 4709 4708
f 4627 4420 4837
f 4837 4420 4385
f 4837 1365 4838
f 4838 1365 1364
f 4397 4396 4839
f 4839 4396 4840
f 4842 4628 4841
f 4841 4628 4629
f 4671 4674 4631
f 4631 4674 4630
f 4674 4659 4630
f 4630 4659 4632
f 4633 4632 4658
f 4658 4632 4659
f 4658 4504 4633
f 4633 4504 4634
f 4635 4634 4507
f 4507 4634 4504
f 4843 4636 4507
f 4507 4636 4635
f 4844 4637 4843
f 4843 4637 4636
f 4637 4844 4640
f 4640 4844 4664
f 4638 4663 4642
f 4642 4663 4845
f 4847 4643 4846
f 4846 4643 4641
f 4644 4848 4645
f 4645 4848 4849
f 4851 4852 4850
f 4850 4852 4853
f 4855 4856 4854
f 4854 4856 4857
f 4859 4860 4858
f 4858 4860 4857
f 4715 4718 4859
f 4859 4718 4860
f 4862 4863 4861
f 4861 4863 4864
f 4866 4867 4865
f 4865 4867 4868
f 4870 4871 4869
f 4869 4871 4872
f 4869 4872 4116
f 4116 4872 4117
f 4820 4819 4874
f 4874 4819 4873
f 4876 4877 4875
f 4875 4877 4878
f 4880 4881 4879
f 4879 4881 4882
f 4884 4885 4883
f 4883 4885 4886
f 4887 4888 4280
f 4280 4888 4281
f 4818 4817 4889
f 4889 4817 4890
f 4891 4193 4823
f 4823 4193 4192
f 4892 4893 4228
f 4228 4893 4229
f 4158 4157 4894
f 4894 4157 4895
f 4896 4897 4132
f 4132 4897 4133
f 4099 4683 4100
f 4100 4683 4682
f 4101 4100 4899
f 4899 4100 4898
f 4150 4106 4147
f 4147 4106 4900
f 4100 4682 4898
f 4898 4682 4677
f 4080 4082 4187
f 4187 4082 4184
f 4077 4080 4189
f 4189 4080 4187
f 4191 4190 4790
f 4790 4190 4901
f 4177 4158 4680
f 4680 4158 4894
f 4108 4136 4752
f 4752 4136 4754
f 4752 4753 4108
f 4108 4753 4109
f 4817 4902 4890
f 4890 4902 4903
f 4904 4905 4907
f 4907 4905 4906
f 4909 4910 4908
f 4908 4910 4911
f 4913 4914 4912
f 4912 4914 4915
f 4916 4917 4919
f 4919 4917 4918
f 4312 4424 4299
f 4299 4424 4304
f 4920 4921 4297
f 4297 4921 4298
f 4194 4922 4167
f 4167 4922 4923
f 4924 4400 4691
f 4691 4400 4399
f 4395 4708 4396
f 4396 4708 4758
f 4367 4925 4368
f 4368 4925 4926
f 4919 4918 4873
f 4873 4918 4874
f 4836 4927 4421
f 4421 4927 4422
f 4921 4928 4298
f 4298 4928 4311
f 4143 4146 4122
f 4122 4146 4119
f 4929 4930 4455
f 4455 4930 4452
f 4932 4933 4931
f 4931 4933 4934
f 4935 4936 4932
f 4932 4936 4933
f 4461 4460 4457
f 4457 4460 4458
f 4480 4479 4475
f 4475 4479 4476
f 4660 4673 4517
f 4517 4673 4937
f 4661 4505 4658
f 4658 4505 4504
f 4484 4483 4489
f 4489 4483 4486
f 4462 4509 4463
f 4463 4509 4518
f 4469 4511 4466
f 4466 4511 4508
f 4655 4473 4656
f 4656 4473 4477
f 4476 4657 4477
f 4477 4657 4656
f 4479 4513 4476
f 4476 4513 4657
f 4489 4525 4484
f 4484 4525 4526
f 4483 4549 4486
f 4486 4549 4536
f 4549 4548 4536
f 4536 4548 4551
f 4548 4568 4551
f 4551 4568 4670
f 4663 4589 4845
f 4845 4589 4590
f 4668 4577 4938
f 4938 4577 4580
f 4940 4938 4939
f 4939 4938 4941
f 4940 4942 4669
f 4669 4942 4943
f 4587 4582 4944
f 4944 4582 4581
f 4848 4847 4608
f 4608 4847 4564
f 4616 4945 4613
f 4613 4945 4598
f 4615 4946 4616
f 4616 4946 4945
f 4947 4939 4948
f 4948 4939 4946
f 4599 4605 4600
f 4600 4605 4604
f 4608 4607 4848
f 4848 4607 4849
f 4613 4612 4616
f 4616 4612 4617
f 4835 4949 4709
f 4709 4949 4710
f 4357 1477 4837
f 4837 1477 1365
f 4712 4950 4803
f 4803 4950 4951
f 4401 4952 4402
f 4402 4952 4953
f 4759 4760 4402
f 4402 4760 4399
f 4508 4520 4509
f 4509 4520 4654
f 4510 4522 4511
f 4511 4522 4521
f 4513 4526 4657
f 4657 4526 4525
f 4632 4633 4514
f 4514 4633 4529
f 4931 4934 4453
f 4453 4934 4454
f 4153 4954 4154
f 4154 4954 4955
f 4957 4958 4956
f 4956 4958 4959
f 4961 4962 4960
f 4960 4962 4963
f 4120 4964 4210
f 4210 4964 4965
f 4967 4968 4966
f 4966 4968 4969
f 4349 4692 4815
f 4815 4692 4970
f 4652 4971 4653
f 4653 4971 4706
f 4758 4647 4972
f 4972 4647 4646
f 4973 4363 4646
f 4646 4363 4972
f 4950 4360 4974
f 4974 4360 4364
f 4431 4335 4746
f 4746 4335 4713
f 4358 4714 4325
f 4325 4714 4321
f 4765 4764 4266
f 4266 4764 4975
f 4202 4976 4203
f 4203 4976 4977
f 4917 4978 4918
f 4918 4978 4979
f 4279 4282 4854
f 4854 4282 4269
f 4820 4880 4817
f 4817 4880 4902
f 4890 4903 4980
f 4980 4903 4886
f 4982 4983 4981
f 4981 4983 4123
f 4795 4851 4796
f 4796 4851 4850
f 4918 4979 4874
f 4874 4979 4881
f 4809 4404 4810
f 4810 4404 4403
f 4354 4985 4984
f 4984 4985 4986
f 1364 1516 4838
f 4838 1516 4987
f 4759 4988 4367
f 4367 4988 4925
f 4989 4990 4481
f 4481 4990 4478
f 4443 4515 4990
f 4990 4515 4991
f 4527 4512 4992
f 4992 4512 4991
f 4528 4503 4992
f 4992 4503 4993
f 4993 4994 4485
f 4485 4994 4482
f 4544 4995 4502
f 4502 4995 4994
f 4995 4996 4550
f 4550 4996 4547
f 4998 4999 4997
f 4997 4999 4566
f 4998 5000 4578
f 4578 5000 4579
f 5001 5002 4596
f 4596 5002 4597
f 5003 4591 5004
f 5004 4591 4610
f 4626 4421 4627
f 4627 4421 4420
f 4837 4838 4627
f 4627 4838 4624
f 4761 4705 4830
f 4830 4705 5005
f 4705 4707 5005
f 5005 4707 5006
f 4308 4721 4075
f 4075 4721 4076
f 5007 4200 4797
f 4797 4200 4798
f 4685 4686 5008
f 5008 4686 5009
f 4889 4890 5010
f 5010 4890 4980
f 4323 1541 4324
f 4324 1541 1540
f 4385 4384 4358
f 4358 4384 4714
f 4396 4758 4840
f 4840 4758 4972
f 4866 4852 5011
f 5011 4852 5012
f 5013 4260 4980
f 4980 4260 5010
f 4875 4878 5014
f 5014 4878 5015
f 5017 5018 5016
f 5016 5018 5019
f 5016 5019 5020
f 5020 5019 5021
f 5023 5024 5022
f 5022 5024 5025
f 5027 5028 5026
f 5026 5028 5029
f 5031 5032 5030
f 5030 5032 5033
f 5035 5036 5034
f 5034 5036 5037
f 5039 5040 5038
f 5038 5040 5041
f 5043 5044 5042
f 5042 5044 5045
f 5038 5046 5039
f 5039 5046 5047
f 5049 5050 5048
f 5048 5050 5051
f 5053 5054 5052
f 5052 5054 5055
f 5057 5024 5056
f 5056 5024 5058
f 5060 5061 5059
f 5059 5061 5062
f 5064 5065 5063
f 5063 5065 5066
f 5043 5050 5064
f 5064 5050 5065
f 5038 5041 5067
f 5067 5041 5068
f 5070 5071 5069
f 5069 5071 5072
f 5074 5075 5073
f 5073 5075 5076
f 5034 5077 5035
f 5035 5077 5078
f 5080 5081 5079
f 5079 5081 5082
f 5084 5085 5083
f 5083 5085 5086
f 5085 5084 5087
f 5087 5084 5088
f 5090 5091 5089
f 5089 5091 5092
f 5094 5095 5093
f 5093 5095 5096
f 5098 5099 5097
f 5097 5099 5100
f 5102 5103 5101
f 5101 5103 5104
f 5105 5106 5108
f 5108 5106 5107
f 5110 5111 5109
f 5109 5111 5112
f 5114 5094 5113
f 5113 5094 5093
f 5116 5117 5115
f 5115 5117 5118
f 5120 5121 5119
f 5119 5121 5122
f 5124 5125 5123
f 5123 5125 5126
f 5128 5129 5127
f 5127 5129 5130
f 5097 5131 5098
f 5098 5131 5132
f 5134 5135 5133
f 5133 5135 5122
f 5084 5125 5088
f 5088 5125 5136
f 5138 5139 5137
f 5137 5139 5140
f 5142 5102 5141
f 5141 5102 5101
f 5106 5143 5107
f 5107 5143 5144
f 5146 5147 5145
f 5145 5147 5148
f 5149 5150 5109
f 5109 5150 5110
f 5151 5110 5152
f 5152 5110 5150
f 4715 5140 4716
f 4716 5140 5139
f 5143 4870 5144
f 5144 4870 4869
f 4115 5146 4116
f 4116 5146 5145
f 4791 4796 5149
f 5149 4796 5150
f 4796 4850 5150
f 5150 4850 5152
f 4858 5142 4859
f 4859 5142 5141
f 5153 5154 5115
f 5115 5154 5105
f 5156 5157 5155
f 5155 5157 5158
f 5159 5160 5053
f 5053 5160 5054
f 5161 5162 5020
f 5020 5162 5068
f 5026 5029 5163
f 5163 5029 5021
f 5083 5086 5164
f 5164 5086 5165
f 5090 5167 5166
f 5166 5167 5168
f 5169 5170 5172
f 5172 5170 5171
f 5174 5175 5173
f 5173 5175 5176
f 5177 5109 5178
f 5178 5109 5112
f 5179 5180 5182
f 5182 5180 5181
f 5123 5126 5120
f 5120 5126 5121
f 5180 5167 5181
f 5181 5167 5183
f 5184 5185 5179
f 5179 5185 5180
f 5186 5149 5177
f 5177 5149 5109
f 4868 5184 4865
f 4865 5184 5179
f 5188 5189 5187
f 5187 5189 5190
f 4277 4791 5186
f 5186 4791 5149
f 5179 5182 4865
f 4865 5182 4853
f 5189 4862 5190
f 5190 4862 4861
f 5156 5075 5191
f 5191 5075 5192
f 5036 5035 5193
f 5193 5035 5194
f 5115 5118 5153
f 5153 5118 5195
f 5022 5025 5196
f 5196 5025 5197
f 5155 5158 5069
f 5069 5158 5062
f 5063 5066 5198
f 5198 5066 5199
f 5073 5076 5200
f 5200 5076 5072
f 5202 5131 5201
f 5201 5131 5203
f 5143 5106 5204
f 5204 5106 5205
f 5114 5113 5206
f 5206 5113 5127
f 5098 5132 5193
f 5193 5132 5195
f 5204 5207 5143
f 5143 5207 4870
f 5088 5136 5208
f 5208 5136 5092
f 5209 5210 5089
f 5089 5210 5183
f 5211 5018 5060
f 5060 5018 5061
f 5017 5040 5070
f 5070 5040 5071
f 5191 5160 5156
f 5156 5160 5157
f 5048 5028 5049
f 5049 5028 5058
f 5207 5204 4858
f 4858 5204 5142
f 4859 5141 4715
f 4715 5141 5140
f 5212 5162 5042
f 5042 5162 5051
f 5182 5152 4853
f 4853 5152 4850
f 5214 5134 5213
f 5213 5134 5133
f 5164 5165 5133
f 5133 5165 5213
f 5215 5216 5201
f 5201 5216 5217
f 5147 5218 5148
f 5148 5218 5219
f 5147 5177 5218
f 5218 5177 5178
f 5141 5101 5140
f 5140 5101 5137
f 5201 5217 5202
f 5202 5217 5104
f 5146 5186 5147
f 5147 5186 5177
f 4277 5186 4115
f 4115 5186 5146
f 5191 5192 5031
f 5031 5192 5032
f 5052 5055 5220
f 5220 5055 5197
f 4116 5145 4869
f 4869 5145 5144
f 5034 5037 5214
f 5214 5037 5134
f 5097 5100 5114
f 5114 5100 5094
f 5108 5107 5219
f 5219 5107 5148
f 5221 5135 5116
f 5116 5135 5117
f 5124 5111 5209
f 5209 5111 5210
f 5107 5144 5148
f 5148 5144 5145
f 5152 5182 5151
f 5151 5182 5181
f 5208 5222 5088
f 5088 5222 5087
f 5222 5208 5171
f 5171 5208 5172
f 5223 1756 4698
f 4698 1756 1755
f 4427 5224 4107
f 4107 5224 4135
f 4178 4679 5225
f 5225 4679 5226
f 5227 5228 4892
f 4892 5228 4893
f 5229 5230 4171
f 4171 5230 4172
f 4855 4268 4884
f 4884 4268 4885
f 4884 4871 4855
f 4855 4871 4856
f 4684 5231 4896
f 4896 5231 4897
f 4768 4767 5009
f 5009 4767 5008
f 5205 5154 5102
f 5102 5154 5103
f 5099 5098 5194
f 5194 5098 5193
f 5198 5199 5079
f 5079 5199 5033
f 5102 5142 5205
f 5205 5142 5204
f 5224 4427 4681
f 4681 4427 4678
f 3712 3711 5232
f 5232 3711 5233
f 3968 3988 3963
f 3963 3988 3964
f 3976 4044 3972
f 3972 4044 3985
f 4038 4037 4036
f 4036 4037 4033
f 4794 4762 3731
f 3731 4762 3944
f 3731 3944 3722
f 3722 3944 3810
f 3874 5234 5232
f 5232 5234 3712
f 3906 3905 3867
f 3867 3905 4011
f 3904 4023 3905
f 3905 4023 4011
f 3719 3722 3811
f 3811 3722 3810
f 3812 3719 3687
f 3687 3719 3811
f 3716 3812 3686
f 3686 3812 3687
f 3713 3716 3685
f 3685 3716 3686
f 4810 4403 5235
f 5235 4403 4813
f 4345 1770 4814
f 4814 1770 1769
f 4067 4066 4058
f 4058 4066 5236
f 4043 4068 4049
f 4049 4068 4050
f 4034 5237 3989
f 3989 5237 3990
f 4031 4030 4072
f 4072 4030 4005
f 4003 4004 4002
f 4002 4004 4032
f 4004 4005 4032
f 4032 4005 4030
f 4067 4064 4068
f 4068 4064 4050
f 4058 4057 4067
f 4067 4057 4064
f 4035 4034 5238
f 5238 4034 3989
f 5236 5239 4058
f 4058 5239 5240
f 5234 3874 5241
f 5241 3874 3873
f 5241 3873 3881
f 3881 3873 3878
f 4800 4763 4788
f 4788 4763 4310
f 4763 4762 4310
f 4310 4762 4309
f 4762 4794 4309
f 4309 4794 4306
f 4794 4793 4306
f 4306 4793 4292
f 4293 4313 4302
f 4302 4313 4314
f 4302 4314 4303
f 4303 4314 4315
f 4303 4315 4703
f 4703 4315 4316
f 4035 4069 4043
f 4043 4069 4068
f 4324 1540 4357
f 4357 1540 1477
f 5232 3987 3874
f 3874 3987 3871
f 3987 5232 4013
f 4013 5232 5233
f 4013 5233 4014
f 4014 5233 5242
f 3888 4015 3865
f 3865 4015 4007
f 3866 4008 5243
f 5243 4008 4016
f 3873 5244 3878
f 3878 5244 3875
f 3965 5244 3872
f 3872 5244 3873
f 3876 3875 3965
f 3965 3875 5244
f 5243 4016 5242
f 5242 4016 4014
f 5246 5247 5245
f 5245 5247 5248
f 3576 3950 3577
f 3577 3950 3926
f 3584 3842 3585
f 3585 3842 3580
f 5249 5247 1784
f 1784 5247 1785
f 5250 5251 5253
f 5253 5251 5252
f 5255 5252 5254
f 5254 5252 5256
f 5254 5256 5258
f 5258 5256 5257
f 5258 5257 5260
f 5260 5257 5259
f 4356 5261 4424
f 4424 5261 5259
f 4355 5262 4356
f 4356 5262 5261
f 4924 5264 5263
f 5263 5264 5265
f 4693 5266 4691
f 4691 5266 5267
f 4351 5268 4352
f 4352 5268 5269
f 1808 1807 4351
f 4351 1807 5268
f 3580 3842 3581
f 3799 3802 3838
f 4800 4788 4801
f 4801 4788 4789
f 3729 3935 4801
f 4801 3935 4800
f 3728 3666 3729
f 3729 3666 3935
f 3728 3798 3666
f 3666 3798 3663
f 3798 3818 3663
f 3663 3818 3809
f 3818 3817 3809
f 3809 3817 3808
f 3796 3655 3817
f 3817 3655 3808
f 3615 3568 3796
f 3796 3568 3655
f 3573 3569 3615
f 3615 3569 3568
f 3572 3613 3573
f 3573 3613 3569
f 3792 3606 3572
f 3572 3606 3613
f 3607 3791 3949
f 3949 3791 3591
f 3590 3950 3591
f 3591 3950 3949
f 3805 3926 3590
f 3590 3926 3950
f 3804 3559 3805
f 3805 3559 3926
f 3804 3914 3559
f 3559 3914 3560
f 3924 3789 3913
f 3913 3789 3788
f 3924 3928 3789
f 3789 3928 3826
f 3928 3927 3826
f 3826 3927 3827
f 3927 3834 3827
f 3827 3834 3835
f 4079 4078 5270
f 5270 4078 5007
f 5271 5272 4233
f 4233 5272 5273
f 5275 5276 5274
f 5274 5276 5277
f 5278 5279 4236
f 4236 5279 4237
f 5278 5280 5271
f 5271 5280 5272
f 4235 5281 4236
f 4236 5281 5282
f 5284 5285 5283
f 5283 5285 5286
f 5288 5289 5287
f 5287 5289 5290
f 5292 5293 5291
f 5291 5293 5294
f 5287 5290 4726
f 4726 5290 5295
f 4293 4292 4313
f 4313 4292 4793
f 4720 4736 4719
f 4719 4736 5296
f 5297 4909 5298
f 5298 4909 4908
f 5299 5300 4976
f 4976 5300 5301
f 5302 4202 5303
f 5303 4202 4201
f 5304 5305 4983
f 4983 5305 5306
f 5308 5309 5307
f 5307 5309 5310
f 4722 4725 5283
f 5283 4725 5311
f 5291 5294 4125
f 4125 5294 4126
f 5313 5314 5312
f 5312 5314 5315
f 5316 5317 5319
f 5319 5317 5318
f 5321 5308 5320
f 5320 5308 5307
f 4819 4981 4873
f 4873 4981 5322
f 4981 4123 5322
f 5322 4123 4126
f 5324 5325 5323
f 5323 5325 5326
f 4764 5327 4975
f 4975 5327 5328
f 4172 5327 4169
f 4169 5327 5329
f 4768 4171 4769
f 4769 4171 4170
f 4243 4755 4244
f 4244 4755 5330
f 4755 4205 5330
f 5330 4205 4208
f 4206 4906 4207
f 4207 4906 4905
f 4686 5014 5009
f 5009 5014 5229
f 4756 4770 4170
f 4170 4770 4769
f 4170 4169 4756
f 4756 4169 4757
f 4273 5329 4764
f 4764 5329 5327
f 4276 5331 4273
f 4273 5331 5329
f 4770 4756 4243
f 4243 4756 4755
f 5333 4889 5332
f 5332 4889 5010
f 4877 5332 4878
f 4878 5332 4259
f 4875 4164 4876
f 4876 4164 4163
f 5334 5335 5324
f 5324 5335 5325
f 4983 5306 4123
f 4123 5306 4124
f 4818 4982 4819
f 4819 4982 4981
f 5332 5010 4259
f 4259 5010 4260
f 5014 4686 4875
f 4875 4686 4164
f 4171 4768 5229
f 5229 4768 5009
f 5337 4916 5336
f 5336 4916 4919
f 5293 5337 5294
f 5294 5337 5336
f 4982 4818 5333
f 5333 4818 4889
f 5338 5339 4262
f 4262 5339 5340
f 5307 5310 5338
f 5338 5310 5339
f 5341 5342 4204
f 4204 5342 5309
f 5336 4919 5322
f 5322 4919 4873
f 5294 5336 4126
f 4126 5336 5322
f 5323 5326 5343
f 5343 5326 5286
f 4914 5344 4915
f 4915 5344 5345
f 5312 5315 5344
f 5344 5315 5345
f 5347 5348 5346
f 5346 5348 5349
f 5350 5351 4832
f 4832 5351 4833
f 5352 5353 5349
f 5349 5353 5346
f 5354 5338 4265
f 4265 5338 4262
f 5320 5307 5354
f 5354 5307 5338
f 4201 5308 5303
f 5303 5308 5321
f 5356 5357 5355
f 5355 5357 4799
f 5358 5359 5334
f 5334 5359 5335
f 5358 5360 4093
f 4093 5360 4163
f 5360 5305 4163
f 4163 5305 4876
f 5305 5304 4876
f 4876 5304 4877
f 5270 4778 4079
f 4079 4778 4081
f 4779 5361 4774
f 4774 5361 5357
f 5356 5359 4775
f 4775 5359 4092
f 5333 5304 4982
f 4982 5304 4983
f 5332 4877 5333
f 5333 4877 5304
f 5015 4258 5230
f 5230 4258 5328
f 5327 4172 5328
f 5328 4172 5230
f 4169 5329 4757
f 4757 5329 5331
f 4757 5331 4205
f 4205 5331 4206
f 5331 4276 4206
f 4206 4276 4906
f 4276 4275 4906
f 4906 4275 4907
f 4275 4888 4907
f 4907 4888 4744
f 4887 4717 4745
f 4745 4717 4864
f 4716 5139 4861
f 4861 5139 5190
f 5139 5138 5190
f 5190 5138 5187
f 5138 5216 5187
f 5187 5216 5176
f 5215 5362 5173
f 5173 5362 5130
f 5364 5365 5363
f 5363 5365 5340
f 4742 4863 5366
f 5366 4863 4867
f 4862 5189 4868
f 4868 5189 5184
f 5189 5188 5184
f 5184 5188 5185
f 5188 5175 5185
f 5185 5175 5168
f 3560 3788 3561
f 3561 3788 3790
f 3596 3595 3608
f 3608 3595 3594
f 3598 3582 3595
f 3595 3582 3592
f 3600 3609 3601
f 3601 3609 3611
f 3602 3601 3612
f 3612 3601 3611
f 3606 3605 3613
f 3613 3605 3614
f 3793 5367 3794
f 3794 5367 5368
f 3598 3597 3600
f 3600 3597 3609
f 3793 3792 3575
f 3575 3792 3572
f 3561 3594 3558
f 3558 3594 3593
f 3807 3915 3804
f 3804 3915 3914
f 3916 3915 5370
f 5370 3915 5369
f 3602 3605 3603
f 3603 3605 3604
f 3606 3792 3607
f 3607 3792 3791
f 3914 3913 3560
f 3560 3913 3788
f 5174 5129 5166
f 5166 5129 5371
f 5170 5169 5093
f 5093 5169 5113
f 5166 5371 5090
f 5090 5371 5091
f 5128 5169 5372
f 5372 5169 5172
f 5127 5113 5128
f 5128 5113 5169
f 5114 5206 5203
f 5203 5206 5362
f 5200 5373 5073
f 5073 5373 5096
f 5374 5375 5200
f 5200 5375 5373
f 5039 5047 5374
f 5374 5047 5375
f 5087 5046 5085
f 5085 5046 5376
f 5212 5377 5067
f 5067 5377 5376
f 5042 5045 5212
f 5212 5045 5377
f 5064 5378 5043
f 5043 5378 5044
f 5063 5077 5064
f 5064 5077 5378
f 5079 5082 5198
f 5198 5082 5078
f 5099 5081 5100
f 5100 5081 5379
f 5100 5379 5094
f 5094 5379 5095
f 5381 5382 5380
f 5380 5382 5383
f 5385 5386 5384
f 5384 5386 5383
f 5385 5387 5386
f 5386 5387 5388
f 5390 5391 5389
f 5389 5391 5392
f 5393 5394 5396
f 5396 5394 5395
f 5398 5399 5397
f 5397 5399 5400
f 5402 5403 5401
f 5401 5403 5404
f 5406 5407 5405
f 5405 5407 5404
f 5408 5409 5163
f 5163 5409 5410
f 5411 5412 5414
f 5414 5412 5413
f 5057 5416 5415
f 5415 5416 5417
f 5393 5416 5418
f 5418 5416 5419
f 5396 5395 5420
f 5420 5395 5421
f 5423 5424 5422
f 5422 5424 5425
f 5415 5417 5220
f 5220 5417 5426
f 5418 5391 5393
f 5393 5391 5394
f 5414 5388 5411
f 5411 5388 5392
f 5059 5427 5060
f 5060 5427 5428
f 5423 5427 5429
f 5429 5427 5430
f 5432 5382 5431
f 5431 5382 5425
f 5429 5407 5423
f 5423 5407 5424
f 5380 5409 5381
f 5381 5409 5433
f 5381 5433 5422
f 5422 5433 5428
f 5027 5412 5056
f 5056 5412 5419
f 5435 5436 5434
f 5434 5436 5437
f 5159 5439 5438
f 5438 5439 5440
f 5053 5436 5159
f 5159 5436 5439
f 5441 5403 5398
f 5398 5403 5399
f 5163 5410 5026
f 5026 5410 5413
f 5438 5440 5442
f 5442 5440 5430
f 5444 5445 5443
f 5443 5445 5446
f 5447 5448 5450
f 5450 5448 5449
f 5451 5446 5452
f 5452 5446 5445
f 5454 5455 5453
f 5453 5455 5451
f 5456 5454 5458
f 5458 5454 5457
f 5460 5461 5459
f 5459 5461 5462
f 5464 5465 5463
f 5463 5465 5466
f 5468 5469 5467
f 5467 5469 5470
f 5472 5473 5471
f 5471 5473 5474
f 5475 5476 5478
f 5478 5476 5477
f 5479 5480 5482
f 5482 5480 5481
f 5483 5484 5448
f 5448 5484 5485
f 5448 5485 5449
f 5449 5485 5486
f 5487 5476 5488
f 5488 5476 5475
f 5490 5491 5489
f 5489 5491 5492
f 5494 5495 5493
f 5493 5495 5496
f 5498 5494 5497
f 5497 5494 5493
f 5500 5501 5499
f 5499 5501 5502
f 5503 5504 5446
f 5446 5504 5443
f 5506 5507 5505
f 5505 5507 5508
f 5510 5511 5509
f 5509 5511 5512
f 5514 5515 5513
f 5513 5515 5516
f 5518 5519 5517
f 5517 5519 5520
f 5495 5521 5496
f 5496 5521 5522
f 5524 5525 5523
f 5523 5525 5526
f 5527 5528 5494
f 5494 5528 5495
f 5499 5502 5529
f 5529 5502 5530
f 5531 5532 5485
f 5485 5532 5486
f 5485 5484 5531
f 5531 5484 5533
f 5482 5481 5534
f 5534 5481 5535
f 5536 5512 5506
f 5506 5512 5511
f 5455 5503 5451
f 5451 5503 5446
f 5467 5470 5511
f 5511 5470 5537
f 5538 5467 5510
f 5510 5467 5511
f 5540 5541 5539
f 5539 5541 5542
f 5543 5544 5546
f 5546 5544 5545
f 5548 5472 5547
f 5547 5472 5471
f 5493 5496 5549
f 5549 5496 5550
f 5496 5522 5550
f 5550 5522 5551
f 5553 5554 5552
f 5552 5554 5555
f 5557 5447 5556
f 5556 5447 5558
f 5557 5483 5447
f 5447 5483 5448
f 5478 5477 5553
f 5553 5477 5559
f 5477 5560 5559
f 5559 5560 5561
f 5476 5562 5477
f 5477 5562 5560
f 5476 5487 5562
f 5562 5487 5563
f 5560 5564 5561
f 5561 5564 5565
f 5564 5560 5566
f 5566 5560 5562
f 5563 5567 5562
f 5562 5567 5566
f 5569 5521 5568
f 5568 5521 5570
f 5481 5572 5571
f 5571 5572 5573
f 5574 5535 5571
f 5571 5535 5481
f 5576 5577 5575
f 5575 5577 5578
f 5579 5580 5456
f 5456 5580 5581
f 5475 5582 5488
f 5488 5582 5583
f 5584 5536 5505
f 5505 5536 5506
f 5585 5586 5588
f 5588 5586 5587
f 5590 5591 5589
f 5589 5591 5592
f 5519 5593 5520
f 5520 5593 5594
f 5595 5596 5462
f 5462 5596 5597
f 5599 5600 5598
f 5598 5600 5514
f 5602 5603 5601
f 5601 5603 5604
f 5524 5543 5525
f 5525 5543 5546
f 5543 5524 5606
f 5606 5524 5605
f 5607 5608 5500
f 5500 5608 5501
f 5610 5551 5609
f 5609 5551 5522
f 5611 5510 5598
f 5598 5510 5509
f 5612 5597 5457
f 5457 5597 5458
f 5510 5611 5538
f 5538 5611 5613
f 5580 5508 5581
f 5581 5508 5507
f 5615 5616 5614
f 5614 5616 5617
f 5619 5620 5618
f 5618 5620 5621
f 5623 5624 5622
f 5622 5624 5625
f 5627 5624 5626
f 5626 5624 5623
f 5629 5630 5628
f 5628 5630 5631
f 5633 5634 5632
f 5632 5634 5466
f 5635 5636 5463
f 5463 5636 5637
f 5523 5638 5524
f 5524 5638 5605
f 5639 5640 5641
f 5641 5640 5595
f 5611 5513 5613
f 5613 5513 5642
f 5643 5586 5608
f 5608 5586 5501
f 5622 5625 5590
f 5590 5625 5591
f 5598 5514 5611
f 5611 5514 5513
f 5645 5646 5644
f 5644 5646 5647
f 5620 5619 5491
f 5491 5619 5648
f 5649 5643 5492
f 5492 5643 5608
f 5650 5651 5653
f 5653 5651 5652
f 5463 5466 5635
f 5635 5466 5634
f 5597 5612 5462
f 5462 5612 5459
f 5635 5634 5523
f 5523 5634 5638
f 5654 5638 5633
f 5633 5638 5634
f 5655 5656 5525
f 5525 5656 5526
f 5658 5659 5657
f 5657 5659 5527
f 5660 5464 5637
f 5637 5464 5463
f 5632 5466 5661
f 5661 5466 5465
f 5661 5662 5632
f 5632 5662 5658
f 5662 5663 5658
f 5658 5663 5659
f 5665 5659 5664
f 5664 5659 5663
f 5632 5658 5633
f 5633 5658 5657
f 5666 5629 5530
f 5530 5629 5667
f 5528 5527 5665
f 5665 5527 5659
f 5668 5669 5570
f 5570 5669 5568
f 5669 5668 5670
f 5670 5668 5671
f 5646 5672 5673
f 5672 5674 5673
f 5673 5674 5675
f 5674 5460 5675
f 5675 5460 5459
f 5461 5676 5462
f 5462 5676 5595
f 5677 5678 5680
f 5680 5678 5679
f 5628 5681 5629
f 5629 5681 5667
f 5682 5529 5667
f 5667 5529 5530
f 5675 5459 5683
f 5683 5459 5612
f 5585 5666 5502
f 5502 5666 5530
f 5589 5684 5602
f 5602 5684 5603
f 5646 5645 5663
f 5663 5645 5664
f 5685 5647 5673
f 5673 5647 5646
f 5686 5687 5683
f 5683 5687 5685
f 5688 5689 5533
f 5533 5689 5531
f 5690 5691 5535
f 5535 5691 5534
f 5692 5690 5574
f 5574 5690 5535
f 5685 5687 5689
f 5689 5687 5693
f 5489 5694 5490
f 5490 5694 5695
f 5690 5692 5696
f 5696 5692 5697
f 5696 5644 5690
f 5690 5644 5691
f 5447 5450 5558
f 5558 5450 5698
f 5699 5700 5642
f 5642 5700 5613
f 5701 5702 5540
f 5540 5702 5541
f 5431 5703 5432
f 5432 5703 5697
f 5385 5384 5574
f 5574 5384 5692
f 5389 5387 5573
f 5573 5387 5571
f 5565 5390 5573
f 5573 5390 5389
f 5390 5565 5704
f 5704 5565 5564
f 5566 5705 5564
f 5564 5705 5704
f 5569 5441 5609
f 5609 5441 5398
f 5568 5405 5569
f 5569 5405 5441
f 5670 5706 5669
f 5669 5706 5406
f 5703 5431 5670
f 5670 5431 5706
f 5432 5697 5384
f 5384 5697 5692
f 5574 5571 5385
f 5385 5571 5387
f 5607 5707 5489
f 5489 5707 5694
f 5518 5708 5519
f 5519 5708 5709
f 5711 5576 5710
f 5710 5576 5575
f 5713 5714 5712
f 5712 5714 5715
f 5553 5552 5478
f 5478 5552 5716
f 5717 5475 5716
f 5716 5475 5478
f 5718 5719 5605
f 5605 5719 5606
f 5505 5622 5584
f 5584 5622 5590
f 5508 5623 5505
f 5505 5623 5622
f 5626 5623 5580
f 5580 5623 5508
f 5580 5579 5626
f 5626 5579 5720
f 5579 5721 5720
f 5720 5721 5722
f 5666 5585 5723
f 5723 5585 5588
f 5724 5725 5639
f 5639 5725 5640
f 5554 5726 5555
f 5555 5726 5727
f 5453 5728 5729
f 5689 5688 5685
f 5685 5688 5647
f 5604 5730 5512
f 5512 5730 5509
f 5628 5631 5618
f 5618 5631 5592
f 5601 5604 5536
f 5536 5604 5512
f 5732 5676 5731
f 5731 5676 5660
f 5730 5604 5733
f 5733 5604 5603
f 5563 5487 5551
f 5551 5487 5550
f 5489 5492 5607
f 5607 5492 5608
f 5573 5572 5565
f 5565 5572 5561
f 5609 5522 5569
f 5569 5522 5521
f 5499 5734 5500
f 5500 5734 5735
f 5596 5736 5721
f 5721 5736 5722
f 5737 5600 5594
f 5594 5600 5520
f 5599 5730 5517
f 5517 5730 5733
f 5660 5738 5731
f 5731 5738 5739
f 5648 5649 5491
f 5491 5649 5492
f 5501 5586 5502
f 5502 5586 5585
f 5525 5546 5655
f 5655 5546 5740
f 5600 5599 5520
f 5520 5599 5517
f 5708 5739 5709
f 5709 5739 5738
f 5636 5635 5526
f 5526 5635 5523
f 5670 5671 5703
f 5703 5671 5741
f 5490 5695 5742
f 5742 5695 5743
f 5682 5678 5744
f 5744 5678 5677
f 5678 5681 5679
f 5679 5681 5621
f 5742 5743 5679
f 5679 5743 5680
f 5618 5621 5628
f 5628 5621 5681
f 5725 5724 5589
f 5589 5724 5684
f 5456 5458 5579
f 5579 5458 5721
f 5675 5683 5673
f 5673 5683 5685
f 5529 5682 5745
f 5745 5682 5744
f 5721 5458 5596
f 5596 5458 5597
f 5701 5540 5719
f 5719 5540 5606
f 5703 5741 5697
f 5697 5741 5696
f 5500 5735 5607
f 5607 5735 5707
f 5549 5746 5493
f 5493 5746 5497
f 5700 5747 5613
f 5613 5747 5538
f 5420 5421 5434
f 5434 5421 5400
f 5689 5693 5531
f 5531 5693 5532
f 5705 5566 5748
f 5748 5566 5567
f 5609 5398 5610
f 5610 5398 5397
f 5669 5406 5568
f 5568 5406 5405
f 5488 5583 5549
f 5549 5583 5746
f 5714 5713 5710
f 5710 5713 5711
f 5747 5468 5538
f 5538 5468 5467
f 5548 5547 5749
f 5749 5547 5750
f 5733 5603 5751
f 5751 5603 5684
f 5589 5602 5590
f 5590 5602 5584
f 5636 5752 5614
f 5614 5752 5615
f 5753 5754 5738
f 5738 5754 5755
f 5602 5601 5584
f 5584 5601 5536
f 5723 5736 5630
f 5630 5736 5640
f 5595 5640 5596
f 5596 5640 5736
f 5734 5499 5745
f 5745 5499 5529
f 5627 5587 5643
f 5643 5587 5586
f 5553 5559 5554
f 5554 5559 5480
f 5559 5561 5480
f 5480 5561 5572
f 5554 5480 5726
f 5726 5480 5479
f 5749 5750 5715
f 5715 5750 5712
f 5683 5612 5686
f 5686 5612 5457
f 5678 5682 5681
f 5681 5682 5667
f 5598 5509 5599
f 5599 5509 5730
f 5679 5621 5742
f 5742 5621 5620
f 5652 5616 5653
f 5653 5616 5615
f 5220 5426 5052
f 5052 5426 5437
f 5487 5488 5550
f 5550 5488 5549
f 5742 5620 5490
f 5490 5620 5491
f 5551 5610 5563
f 5563 5610 5567
f 5610 5397 5567
f 5567 5397 5748
f 5614 5617 5753
f 5753 5617 5754
f 5480 5572 5481
f 5755 5756 5738
f 5738 5756 5709
f 5745 5744 5758
f 5758 5744 5757
f 5745 5758 5734
f 5734 5758 5759
f 5735 5734 5760
f 5760 5734 5759
f 5707 5735 5761
f 5761 5735 5760
f 5744 5677 5757
f 5757 5677 5762
f 5677 5680 5762
f 5762 5680 5763
f 5763 5680 5764
f 5764 5680 5743
f 5765 5766 5762
f 5762 5766 5757
f 5768 5769 5767
f 5767 5769 5770
f 5771 5772 5770
f 5770 5772 5767
f 5770 5769 5774
f 5774 5769 5773
f 5775 5776 5774
f 5774 5776 5777
f 5773 5778 5774
f 5774 5778 5775
f 5779 5766 5773
f 5773 5766 5778
f 5777 5771 5774
f 5774 5771 5770
f 5780 5781 5783
f 5783 5781 5782
f 5781 5780 5771
f 5771 5780 5772
f 5773 5769 5779
f 5779 5769 5768
f 5768 5759 5779
f 5779 5759 5758
f 5768 5784 5759
f 5759 5784 5760
f 5767 5785 5768
f 5768 5785 5784
f 5785 5767 5786
f 5786 5767 5772
f 5766 5779 5757
f 5757 5779 5758
f 5780 5787 5772
f 5772 5787 5786
f 5785 5786 5788
f 5788 5786 5789
f 5786 5787 5789
f 5789 5787 5790
f 5788 5789 5791
f 5791 5789 5792
f 5791 5793 5788
f 5788 5793 5794
f 5795 5792 5790
f 5790 5792 5789
f 5785 5788 5784
f 5784 5788 5794
f 5784 5794 5760
f 5760 5794 5761
f 5787 5780 5796
f 5796 5780 5783
f 5775 5778 5797
f 5797 5778 5766
f 5797 5798 5775
f 5775 5798 5776
f 5766 5765 5797
f 5797 5765 5799
f 5798 5797 5800
f 5800 5797 5799
f 5798 5801 5776
f 5776 5801 5802
f 5707 5761 5694
f 5694 5761 5803
f 5695 5804 5743
f 5743 5804 5764
f 5804 5695 5803
f 5803 5695 5694
f 5803 5793 5804
f 5804 5793 5805
f 5793 5791 5805
f 5805 5791 5806
f 5804 5805 5764
f 5764 5805 5807
f 5803 5761 5793
f 5793 5761 5794
f 5808 5763 5807
f 5807 5763 5764
f 5808 5765 5763
f 5763 5765 5762
f 5809 5799 5808
f 5808 5799 5765
f 5809 5808 5810
f 5810 5808 5807
f 5811 5809 5812
f 5812 5809 5810
f 5805 5806 5807
f 5807 5806 5810
f 5806 5813 5810
f 5810 5813 5812
f 5799 5809 5800
f 5800 5809 5811
f 5815 5800 5814
f 5814 5800 5811
f 5814 5817 5816
f 5816 5817 5818
f 5814 5811 5817
f 5817 5811 5812
f 5814 5816 5815
f 5815 5816 5796
f 5815 5796 5801
f 5801 5796 5783
f 5801 5798 5815
f 5815 5798 5800
f 5791 5792 5806
f 5806 5792 5813
f 5818 5813 5795
f 5795 5813 5792
f 5818 5817 5813
f 5813 5817 5812
f 5816 5818 5790
f 5790 5818 5795
f 5790 5787 5816
f 5816 5787 5796
f 5771 5777 5781
f 5781 5777 5782
f 5782 5802 5783
f 5783 5802 5801
f 5782 5777 5802
f 5802 5777 5776
f 5588 5587 5722
f 5722 5587 5720
f 5591 5619 5592
f 5592 5619 5618
f 5625 5624 5648
f 5648 5624 5649
f 5624 5627 5649
f 5649 5627 5643
f 5631 5630 5725
f 5725 5630 5640
f 5625 5648 5591
f 5591 5648 5619
f 5588 5722 5723
f 5723 5722 5736
f 5631 5725 5592
f 5592 5725 5589
f 5723 5630 5666
f 5666 5630 5629
f 5587 5627 5720
f 5720 5627 5626
f 5820 5821 5819
f 5819 5821 5822
f 5824 5825 5823
f 5823 5825 5826
f 5823 5826 5827
f 5827 5826 5828
f 5829 5830 5832
f 5832 5830 5831
f 5518 5833 5708
f 5708 5833 5834
f 5835 5836 5824
f 5824 5836 5825
f 5838 5839 5837
f 5837 5839 5840
f 5751 5684 5842
f 5842 5684 5841
f 5843 5841 5724
f 5724 5841 5684
f 5845 5846 5844
f 5844 5846 5847
f 5848 5830 5836
f 5836 5830 5825
f 5518 5751 5833
f 5833 5751 5842
f 5839 5838 5821
f 5821 5838 5849
f 5850 5848 5822
f 5822 5848 5836
f 5851 5845 5828
f 5828 5845 5852
f 5854 5855 5853
f 5853 5855 5856
f 5845 5844 5852
f 5852 5844 5857
f 5858 5827 5852
f 5852 5827 5828
f 5851 5828 5829
f 5829 5828 5826
f 5819 5859 5820
f 5820 5859 5860
f 5835 5861 5819
f 5819 5861 5859
f 5851 5829 5862
f 5862 5829 5832
f 5844 5847 5837
f 5837 5847 5834
f 5819 5822 5835
f 5835 5822 5836
f 5823 5863 5824
f 5824 5863 5864
f 5849 5850 5821
f 5821 5850 5822
f 5825 5830 5826
f 5826 5830 5829
f 5820 5860 5865
f 5865 5860 5866
f 5858 5854 5867
f 5867 5854 5853
f 5854 5857 5855
f 5855 5857 5840
f 5855 5865 5856
f 5856 5865 5866
f 5837 5840 5844
f 5844 5840 5857
f 5827 5858 5868
f 5868 5858 5867
f 5824 5864 5835
f 5835 5864 5861
f 5732 5731 5862
f 5862 5731 5846
f 5863 5823 5868
f 5868 5823 5827
f 5843 5831 5848
f 5848 5831 5830
f 5854 5858 5857
f 5857 5858 5852
f 5855 5840 5865
f 5865 5840 5839
f 5865 5839 5820
f 5820 5839 5821
f 5868 5867 5870
f 5870 5867 5869
f 5868 5870 5863
f 5863 5870 5871
f 5863 5871 5864
f 5864 5871 5872
f 5864 5872 5861
f 5861 5872 5873
f 5867 5853 5869
f 5869 5853 5874
f 5853 5856 5874
f 5874 5856 5875
f 5856 5866 5875
f 5875 5866 5876
f 5877 5878 5874
f 5874 5878 5869
f 5880 5881 5879
f 5879 5881 5882
f 5883 5884 5880
f 5880 5884 5881
f 5881 5884 5886
f 5886 5884 5885
f 5887 5888 5886
f 5886 5888 5889
f 5885 5890 5886
f 5886 5890 5887
f 5889 5882 5886
f 5886 5882 5881
f 5882 5891 5879
f 5879 5891 5892
f 5885 5884 5893
f 5893 5884 5883
f 5883 5871 5893
f 5893 5871 5870
f 5883 5894 5871
f 5871 5894 5872
f 5880 5895 5883
f 5883 5895 5894
f 5896 5895 5879
f 5879 5895 5880
f 5893 5878 5885
f 5885 5878 5890
f 5878 5893 5869
f 5869 5893 5870
f 5897 5896 5892
f 5892 5896 5879
f 5895 5896 5898
f 5898 5896 5899
f 5896 5897 5899
f 5899 5897 5900
f 5898 5899 5901
f 5901 5899 5902
f 5901 5903 5898
f 5898 5903 5904
f 5900 5905 5899
f 5899 5905 5902
f 5898 5904 5895
f 5895 5904 5894
f 5894 5904 5872
f 5872 5904 5873
f 5897 5892 5907
f 5907 5892 5906
f 5892 5891 5906
f 5906 5891 5908
f 5887 5890 5909
f 5909 5890 5878
f 5888 5887 5910
f 5910 5887 5909
f 5878 5877 5909
f 5909 5877 5911
f 5909 5911 5910
f 5910 5911 5912
f 5913 5914 5910
f 5910 5914 5888
f 5908 5914 5906
f 5906 5914 5913
f 5861 5873 5859
f 5859 5873 5915
f 5860 5916 5866
f 5866 5916 5876
f 5916 5860 5915
f 5915 5860 5859
f 5915 5903 5916
f 5916 5903 5917
f 5903 5901 5917
f 5917 5901 5918
f 5916 5917 5876
f 5876 5917 5919
f 5903 5915 5904
f 5904 5915 5873
f 5920 5875 5919
f 5919 5875 5876
f 5920 5877 5875
f 5875 5877 5874
f 5920 5921 5877
f 5877 5921 5911
f 5921 5920 5922
f 5922 5920 5919
f 5923 5921 5924
f 5924 5921 5922
f 5917 5918 5919
f 5919 5918 5922
f 5918 5925 5922
f 5922 5925 5924
f 5921 5923 5911
f 5911 5923 5912
f 5927 5912 5926
f 5926 5912 5923
f 5926 5929 5928
f 5928 5929 5930
f 5926 5923 5929
f 5929 5923 5924
f 5926 5928 5927
f 5927 5928 5907
f 5927 5907 5913
f 5913 5907 5906
f 5913 5910 5927
f 5927 5910 5912
f 5901 5902 5918
f 5918 5902 5925
f 5930 5925 5905
f 5905 5925 5902
f 5930 5929 5925
f 5925 5929 5924
f 5928 5930 5900
f 5900 5930 5905
f 5900 5897 5928
f 5928 5897 5907
f 5882 5889 5891
f 5891 5889 5908
f 5908 5889 5914
f 5914 5889 5888
f 5832 5831 5641
f 5641 5831 5639
f 5833 5838 5834
f 5834 5838 5837
f 5842 5841 5849
f 5849 5841 5850
f 5841 5843 5850
f 5850 5843 5848
f 5847 5846 5739
f 5739 5846 5731
f 5842 5849 5833
f 5833 5849 5838
f 5862 5832 5732
f 5732 5832 5641
f 5847 5739 5834
f 5834 5739 5708
f 5862 5846 5851
f 5851 5846 5845
f 5831 5843 5639
f 5639 5843 5724
f 5676 5732 5595
f 5595 5732 5641
f 5676 5461 5660
f 5660 5461 5464
f 5461 5460 5464
f 5464 5460 5465
f 5460 5674 5465
f 5465 5674 5661
f 5931 5932 5934
f 5934 5932 5933
f 5936 5937 5935
f 5935 5937 5938
f 5935 5938 5939
f 5939 5938 5940
f 5942 5943 5941
f 5941 5943 5944
f 5945 5946 5936
f 5936 5946 5937
f 5948 5949 5947
f 5947 5949 5950
f 5951 5952 5519
f 5519 5952 5593
f 5953 5951 5709
f 5709 5951 5519
f 5955 5956 5954
f 5954 5956 5957
f 5958 5942 5946
f 5946 5942 5937
f 5948 5959 5949
f 5949 5959 5933
f 5960 5958 5934
f 5934 5958 5946
f 5961 5955 5940
f 5940 5955 5962
f 5963 5964 5966
f 5966 5964 5965
f 5955 5954 5962
f 5962 5954 5967
f 5968 5939 5962
f 5962 5939 5940
f 5961 5940 5941
f 5941 5940 5938
f 5931 5969 5932
f 5932 5969 5970
f 5945 5971 5931
f 5931 5971 5969
f 5941 5944 5961
f 5961 5944 5972
f 5954 5957 5947
f 5947 5957 5973
f 5945 5931 5946
f 5946 5931 5934
f 5935 5974 5936
f 5936 5974 5975
f 5959 5960 5933
f 5933 5960 5934
f 5937 5942 5938
f 5938 5942 5941
f 5932 5970 5976
f 5976 5970 5977
f 5968 5964 5978
f 5978 5964 5963
f 5965 5964 5950
f 5950 5964 5967
f 5976 5977 5965
f 5965 5977 5966
f 5947 5950 5954
f 5954 5950 5967
f 5939 5968 5979
f 5979 5968 5978
f 5936 5975 5945
f 5945 5975 5971
f 5972 5754 5956
f 5956 5754 5617
f 5974 5935 5979
f 5979 5935 5939
f 5953 5943 5958
f 5958 5943 5942
f 5964 5968 5967
f 5967 5968 5962
f 5965 5950 5976
f 5976 5950 5949
f 5976 5949 5932
f 5932 5949 5933
f 5979 5978 5981
f 5981 5978 5980
f 5979 5981 5974
f 5974 5981 5982
f 5974 5982 5975
f 5975 5982 5983
f 5975 5983 5971
f 5971 5983 5984
f 5978 5963 5980
f 5980 5963 5985
f 5963 5966 5985
f 5985 5966 5986
f 5986 5966 5987
f 5987 5966 5977
f 5988 5989 5985
f 5985 5989 5980
f 5991 5992 5990
f 5990 5992 5993
f 5994 5995 5991
f 5991 5995 5992
f 5992 5995 5997
f 5997 5995 5996
f 5998 5999 5997
f 5997 5999 6000
f 5996 6001 5997
f 5997 6001 5998
f 6000 5993 5997
f 5997 5993 5992
f 6002 6003 5993
f 5993 6003 5990
f 5995 5994 5996
f 5996 5994 6004
f 5994 5982 6004
f 6004 5982 5981
f 5994 6005 5982
f 5982 6005 5983
f 5991 6006 5994
f 5994 6006 6005
f 6006 5991 6007
f 6007 5991 5990
f 5996 6004 6001
f 6001 6004 5989
f 5989 6004 5980
f 5980 6004 5981
f 6003 6008 5990
f 5990 6008 6007
f 6009 6006 6010
f 6010 6006 6007
f 6008 6011 6007
f 6007 6011 6010
f 6012 6009 6013
f 6013 6009 6010
f 6009 6012 6015
f 6015 6012 6014
f 6011 6016 6010
f 6010 6016 6013
f 6006 6009 6005
f 6005 6009 6015
f 6005 6015 5983
f 5983 6015 5984
f 6008 6003 6018
f 6018 6003 6017
f 6003 6002 6017
f 6017 6002 6019
f 5998 6001 6020
f 6020 6001 5989
f 5999 5998 6021
f 6021 5998 6020
f 5989 5988 6020
f 6020 5988 6022
f 6021 6020 6023
f 6023 6020 6022
f 6021 6024 5999
f 5999 6024 6025
f 6019 6025 6017
f 6017 6025 6024
f 5971 5984 5969
f 5969 5984 6026
f 5970 6027 5977
f 5977 6027 5987
f 6027 5970 6026
f 6026 5970 5969
f 6026 6014 6027
f 6027 6014 6028
f 6014 6012 6028
f 6028 6012 6029
f 6027 6028 5987
f 5987 6028 6030
f 6026 5984 6014
f 6014 5984 6015
f 6031 5986 6030
f 6030 5986 5987
f 6031 5988 5986
f 5986 5988 5985
f 6032 6022 6031
f 6031 6022 5988
f 6032 6031 6033
f 6033 6031 6030
f 6034 6032 6035
f 6035 6032 6033
f 6028 6029 6030
f 6030 6029 6033
f 6029 6036 6033
f 6033 6036 6035
f 6032 6034 6022
f 6022 6034 6023
f 6038 6023 6037
f 6037 6023 6034
f 6037 6040 6039
f 6039 6040 6041
f 6037 6034 6040
f 6040 6034 6035
f 6037 6039 6038
f 6038 6039 6018
f 6038 6018 6024
f 6024 6018 6017
f 6024 6021 6038
f 6038 6021 6023
f 6012 6013 6029
f 6029 6013 6036
f 6041 6036 6016
f 6016 6036 6013
f 6041 6040 6036
f 6036 6040 6035
f 6041 6016 6039
f 6039 6016 6011
f 6011 6008 6039
f 6039 6008 6018
f 5993 6000 6002
f 6002 6000 6019
f 6019 6000 6025
f 6025 6000 5999
f 5943 5756 5944
f 5944 5756 5755
f 6042 5948 5973
f 5973 5948 5947
f 5952 5951 5959
f 5959 5951 5960
f 5951 5953 5960
f 5960 5953 5958
f 5616 5957 5617
f 5617 5957 5956
f 6042 5952 5948
f 5948 5952 5959
f 5944 5755 5972
f 5972 5755 5754
f 5957 5616 5973
f 5973 5616 5652
f 5956 5955 5972
f 5972 5955 5961
f 5943 5953 5756
f 5756 5953 5709
f 6044 6045 6043
f 6043 6045 6046
f 6048 6049 6047
f 6047 6049 6050
f 6047 6050 6051
f 6051 6050 6052
f 6054 6055 6053
f 6053 6055 6056
f 6057 6058 6060
f 6060 6058 6059
f 6061 6062 6048
f 6048 6062 6049
f 6063 6064 6066
f 6066 6064 6065
f 6067 6068 6070
f 6070 6068 6069
f 6071 6069 5653
f 5653 6069 6068
f 6072 6073 6075
f 6075 6073 6074
f 6062 6076 6049
f 6049 6076 6054
f 6058 6067 6059
f 6059 6067 6070
f 6064 6077 6065
f 6065 6077 6045
f 6078 6076 6046
f 6046 6076 6062
f 6073 6080 6079
f 6079 6080 6052
f 6082 6083 6081
f 6081 6083 6084
f 6072 6085 6073
f 6073 6085 6080
f 6086 6051 6080
f 6080 6051 6052
f 6079 6052 6053
f 6053 6052 6050
f 6043 6087 6044
f 6044 6087 6088
f 6061 6089 6043
f 6043 6089 6087
f 6053 6056 6079
f 6079 6056 6090
f 6063 6072 6060
f 6060 6072 6075
f 6043 6046 6061
f 6061 6046 6062
f 6047 6091 6048
f 6048 6091 6092
f 6077 6078 6045
f 6045 6078 6046
f 6049 6054 6050
f 6050 6054 6053
f 6044 6088 6093
f 6093 6088 6094
f 6086 6082 6095
f 6095 6082 6081
f 6083 6082 6066
f 6066 6082 6085
f 6093 6094 6083
f 6083 6094 6084
f 6072 6063 6085
f 6085 6063 6066
f 6051 6086 6096
f 6096 6086 6095
f 6048 6092 6061
f 6061 6092 6089
f 5656 5655 6090
f 6090 5655 6074
f 6091 6047 6096
f 6096 6047 6051
f 6071 6055 6076
f 6076 6055 6054
f 6082 6086 6085
f 6085 6086 6080
f 6093 6083 6065
f 6065 6083 6066
f 6044 6093 6045
f 6045 6093 6065
f 6096 6095 6098
f 6098 6095 6097
f 6096 6098 6091
f 6091 6098 6099
f 6091 6099 6092
f 6092 6099 6100
f 6092 6100 6089
f 6089 6100 6101
f 6095 6081 6097
f 6097 6081 6102
f 6081 6084 6102
f 6102 6084 6103
f 6103 6084 6104
f 6104 6084 6094
f 6106 6097 6105
f 6105 6097 6102
f 6107 6108 6110
f 6110 6108 6109
f 6111 6112 6108
f 6108 6112 6109
f 6109 6112 6114
f 6114 6112 6113
f 6114 6115 6117
f 6117 6115 6116
f 6113 6118 6114
f 6114 6118 6115
f 6117 6110 6114
f 6114 6110 6109
f 6110 6119 6107
f 6107 6119 6120
f 6112 6111 6113
f 6113 6111 6121
f 6111 6099 6121
f 6121 6099 6098
f 6111 6122 6099
f 6099 6122 6100
f 6123 6122 6108
f 6108 6122 6111
f 6124 6123 6107
f 6107 6123 6108
f 6113 6121 6118
f 6118 6121 6106
f 6106 6121 6097
f 6097 6121 6098
f 6125 6124 6120
f 6120 6124 6107
f 6126 6123 6127
f 6127 6123 6124
f 6125 6128 6124
f 6124 6128 6127
f 6129 6126 6130
f 6130 6126 6127
f 6126 6129 6132
f 6132 6129 6131
f 6128 6133 6127
f 6127 6133 6130
f 6123 6126 6122
f 6122 6126 6132
f 6122 6132 6100
f 6100 6132 6101
f 6120 6134 6125
f 6125 6134 6135
f 6120 6119 6134
f 6134 6119 6136
f 6115 6118 6137
f 6137 6118 6106
f 6115 6137 6116
f 6116 6137 6138
f 6137 6106 6139
f 6139 6106 6105
f 6138 6137 6140
f 6140 6137 6139
f 6141 6142 6138
f 6138 6142 6116
f 6136 6142 6134
f 6134 6142 6141
f 6089 6101 6087
f 6087 6101 6143
f 6088 6144 6094
f 6094 6144 6104
f 6143 6144 6087
f 6087 6144 6088
f 6131 6145 6143
f 6143 6145 6144
f 6129 6146 6131
f 6131 6146 6145
f 6144 6145 6104
f 6104 6145 6147
f 6143 6101 6131
f 6131 6101 6132
f 6148 6103 6147
f 6147 6103 6104
f 6103 6148 6102
f 6102 6148 6105
f 6148 6149 6105
f 6105 6149 6139
f 6149 6148 6150
f 6150 6148 6147
f 6151 6149 6152
f 6152 6149 6150
f 6145 6146 6147
f 6147 6146 6150
f 6146 6153 6150
f 6150 6153 6152
f 6149 6151 6139
f 6139 6151 6140
f 6155 6140 6154
f 6154 6140 6151
f 6154 6157 6156
f 6156 6157 6158
f 6154 6151 6157
f 6157 6151 6152
f 6154 6156 6155
f 6155 6156 6135
f 6155 6135 6141
f 6141 6135 6134
f 6141 6138 6155
f 6155 6138 6140
f 6146 6129 6153
f 6153 6129 6130
f 6158 6153 6133
f 6133 6153 6130
f 6158 6157 6153
f 6153 6157 6152
f 6156 6158 6128
f 6128 6158 6133
f 6128 6125 6156
f 6156 6125 6135
f 6110 6117 6119
f 6119 6117 6136
f 6136 6117 6142
f 6142 6117 6116
f 6055 5615 6056
f 6056 5615 5752
f 6060 6059 6063
f 6063 6059 6064
f 6077 6070 6078
f 6078 6070 6069
f 6069 6071 6078
f 6078 6071 6076
f 6159 6057 6075
f 6075 6057 6060
f 6059 6070 6064
f 6064 6070 6077
f 6056 5752 6090
f 6090 5752 5656
f 6090 6074 6079
f 6079 6074 6073
f 6055 6071 5615
f 5615 6071 5653
f 5547 5471 6160
f 6160 5471 6161
f 5729 5577 6163
f 6163 5577 6162
f 5577 5576 6162
f 6162 5576 6164
f 5713 6165 5711
f 5711 6165 6166
f 5474 5729 6167
f 6167 5729 6163
f 5750 5547 6168
f 6168 5547 6160
f 5471 5474 6161
f 6161 5474 6167
f 6169 5712 6168
f 6168 5712 5750
f 5711 6166 5576
f 5576 6166 6164
f 6165 5713 6169
f 6169 5713 5712
f 6168 6170 6169
f 6169 6170 6171
f 6169 6171 6165
f 6165 6171 6172
f 6165 6172 6166
f 6166 6172 6173
f 6166 6173 6164
f 6164 6173 6174
f 6168 6160 6170
f 6170 6160 6175
f 6160 6161 6175
f 6175 6161 6176
f 6161 6167 6176
f 6176 6167 6177
f 6179 6170 6178
f 6178 6170 6175
f 6181 6182 6180
f 6180 6182 6183
f 6184 6185 6181
f 6181 6185 6182
f 6186 6187 6185
f 6185 6187 6182
f 6186 6188 6187
f 6187 6188 6189
f 6190 6183 6187
f 6187 6183 6182
f 6183 6190 6191
f 6191 6190 6192
f 6191 6193 6183
f 6183 6193 6180
f 6186 6185 6194
f 6194 6185 6184
f 6184 6172 6194
f 6194 6172 6171
f 6184 6195 6172
f 6172 6195 6173
f 6181 6196 6184
f 6184 6196 6195
f 6196 6181 6197
f 6197 6181 6180
f 6186 6194 6188
f 6188 6194 6179
f 6179 6194 6170
f 6170 6194 6171
f 6193 6198 6180
f 6180 6198 6197
f 6199 6196 6200
f 6200 6196 6197
f 6198 6201 6197
f 6197 6201 6200
f 6202 6199 6203
f 6203 6199 6200
f 6199 6202 6205
f 6205 6202 6204
f 6201 6206 6200
f 6200 6206 6203
f 6196 6199 6195
f 6195 6199 6205
f 6195 6205 6173
f 6173 6205 6174
f 6198 6193 6208
f 6208 6193 6207
f 6193 6191 6207
f 6207 6191 6192
f 6189 6188 6209
f 6209 6188 6179
f 6210 6189 6211
f 6211 6189 6209
f 6209 6179 6212
f 6212 6179 6178
f 6211 6209 6213
f 6213 6209 6212
f 6211 6214 6210
f 6210 6214 6215
f 6192 6215 6207
f 6207 6215 6214
f 6190 6187 6210
f 6210 6187 6189
f 6192 6190 6215
f 6215 6190 6210
f 6162 6164 6216
f 6216 6164 6174
f 6167 6163 6177
f 6177 6163 6217
f 6216 6217 6162
f 6162 6217 6163
f 6204 6218 6216
f 6216 6218 6217
f 6202 6219 6204
f 6204 6219 6218
f 6217 6218 6177
f 6177 6218 6220
f 6216 6174 6204
f 6204 6174 6205
f 6221 6176 6220
f 6220 6176 6177
f 6176 6221 6175
f 6175 6221 6178
f 6221 6222 6178
f 6178 6222 6212
f 6222 6221 6223
f 6223 6221 6220
f 6224 6222 6225
f 6225 6222 6223
f 6218 6219 6220
f 6220 6219 6223
f 6219 6226 6223
f 6223 6226 6225
f 6222 6224 6212
f 6212 6224 6213
f 6228 6213 6227
f 6227 6213 6224
f 6229 6227 6231
f 6231 6227 6230
f 6227 6224 6230
f 6230 6224 6225
f 6227 6229 6228
f 6228 6229 6208
f 6228 6208 6214
f 6214 6208 6207
f 6214 6211 6228
f 6228 6211 6213
f 6219 6202 6226
f 6226 6202 6203
f 6231 6226 6206
f 6206 6226 6203
f 6231 6230 6226
f 6226 6230 6225
f 6229 6231 6201
f 6201 6231 6206
f 6201 6198 6229
f 6229 6198 6208
f 5674 5672 5661
f 5661 5672 5662
f 5662 5672 5663
f 5663 5672 5646
f 5651 6042 5652
f 5652 6042 5973
f 5518 5517 5751
f 5751 5517 5733
f 5738 5660 5753
f 5753 5660 5637
f 5752 5636 5656
f 5656 5636 5526
f 5952 6042 5593
f 5593 6042 5651
f 5593 5651 5594
f 5594 5651 5650
f 5600 5737 5514
f 5514 5737 5515
f 5546 5545 5740
f 5740 5545 6232
f 6232 6058 5740
f 5740 6058 6057
f 6067 6058 6233
f 6233 6058 6232
f 6233 6232 6234
f 6234 6232 5545
f 6234 5545 6235
f 6235 5545 5544
f 5606 6236 5543
f 5543 6236 5544
f 6235 5544 5539
f 5539 5544 6236
f 6237 6235 5542
f 5542 6235 5539
f 6235 6237 6234
f 6234 6237 6238
f 6234 6238 6233
f 6233 6238 6239
f 5653 6068 5650
f 5650 6068 6239
f 5642 5513 6240
f 6240 5513 5516
f 5539 6236 5540
f 5540 6236 5606
f 5636 5614 5637
f 5637 5614 5753
f 6239 5737 5650
f 5650 5737 5594
f 6239 6068 6233
f 6233 6068 6067
f 6075 6074 6159
f 6159 6074 5655
f 6057 6159 5740
f 5740 6159 5655
f 5515 5737 6238
f 6238 5737 6239
f 6238 6237 5515
f 5515 6237 5516
f 5542 6240 6237
f 6237 6240 5516
f 6240 5542 5642
f 5642 5542 5541
f 5702 5699 5541
f 5541 5699 5642
f 5582 5475 5717
f 5470 5443 5537
f 5537 5443 5504
f 5469 5444 5470
f 5470 5444 5443
f 5726 5557 5727
f 5727 5557 5556
f 5537 5504 5511
f 5511 5504 5506
f 5504 5503 5506
f 5506 5503 5507
f 5503 5455 5507
f 5507 5455 5581
f 5455 5454 5581
f 5581 5454 5456
f 5473 5453 5474
f 5474 5453 5729
f 5457 5454 5473
f 5473 5454 5453
f 5473 5472 5457
f 5457 5472 5686
f 5472 5548 5686
f 5686 5548 5687
f 5749 5693 5548
f 5548 5693 5687
f 5715 5532 5749
f 5749 5532 5693
f 5714 5486 5715
f 5715 5486 5532
f 5714 5710 5486
f 5486 5710 5449
f 5728 5578 5729
f 5729 5578 5577
f 5452 5445 5698
f 5698 5445 5558
f 5445 5444 5558
f 5558 5444 5556
f 5444 5469 5556
f 5556 5469 5727
f 5469 5468 5727
f 5727 5468 5555
f 5468 5747 5555
f 5555 5747 5552
f 5747 5700 5552
f 5552 5700 5716
f 5700 5699 5716
f 5716 5699 5717
f 5699 5702 5717
f 5717 5702 5582
f 5702 5701 5582
f 5582 5701 5583
f 5726 5479 5557
f 5557 5479 5483
f 5483 5479 5484
f 5484 5479 5482
f 5534 5533 5482
f 5482 5533 5484
f 5691 5688 5534
f 5534 5688 5533
f 5644 5647 5691
f 5691 5647 5688
f 5719 5746 5701
f 5701 5746 5583
f 5718 5497 5719
f 5719 5497 5746
f 5718 5605 5654
f 5654 5605 5638
f 5498 5654 5657
f 5657 5654 5633
f 5497 5718 5498
f 5498 5718 5654
f 5657 5527 5498
f 5498 5527 5494
f 5528 5570 5495
f 5495 5570 5521
f 5665 5668 5528
f 5528 5668 5570
f 5664 5671 5665
f 5665 5671 5668
f 5645 5741 5664
f 5664 5741 5671
f 5644 5696 5645
f 5645 5696 5741
f 5710 5575 5449
f 5449 5575 5450
f 5575 5578 5450
f 5450 5578 5698
f 5578 5728 5698
f 5698 5728 5452
f 5452 5728 5451
f 5451 5728 5453
f 3619 6241 3620
f 3620 6241 6242
f 6243 6244 3628
f 3628 6244 3629
f 6245 6246 3634
f 3634 6246 3631
f 6247 6248 3636
f 3636 6248 3637
f 6249 6250 3642
f 3642 6250 3639
f 3639 6250 3643
f 3643 6250 6251
f 3743 6252 3744
f 3744 6252 6253
f 6246 6243 3631
f 3631 6243 3628
f 3753 6254 3754
f 3754 6254 6255
f 3857 6256 3619
f 3619 6256 6241
f 6257 6245 3932
f 3932 6245 3634
f 6242 6247 3620
f 3620 6247 3636
f 6258 6259 3946
f 3946 6259 3947
f 6260 6249 3948
f 3948 6249 3642
f 6244 6258 3629
f 3629 6258 3946
f 3947 6259 3753
f 3753 6259 6254
f 6248 6260 3637
f 3637 6260 3948
f 3643 6251 3743
f 3743 6251 6252
f 3744 6253 3932
f 3932 6253 6257
f 6250 6249 6251
f 6251 6249 6252
f 6245 6261 6246
f 6246 6261 6262
f 6263 6264 6247
f 6247 6264 6248
f 6252 6265 6253
f 6253 6265 6266
f 6246 6262 6243
f 6243 6262 6267
f 6268 6261 6257
f 6257 6261 6245
f 6269 6263 6242
f 6242 6263 6247
f 6270 6271 6260
f 6260 6271 6249
f 6264 6270 6248
f 6248 6270 6260
f 6253 6266 6257
f 6257 6266 6268
f 6249 6271 6252
f 6252 6271 6265
f 6254 6259 6272
f 6272 6259 6273
f 6266 6265 6270
f 6270 6265 6271
f 6268 6266 6264
f 6264 6266 6270
f 6261 6268 6263
f 6263 6268 6264
f 6269 6262 6263
f 6263 6262 6261
f 4186 4185 6274
f 6274 4185 6275
f 6241 6276 6242
f 6242 6276 6269
f 6258 6244 6277
f 6277 6244 6278
f 6256 6279 6241
f 6241 6279 6276
f 6259 6258 6273
f 6273 6258 6277
f 6243 6267 6244
f 6244 6267 6278
f 6276 6267 6269
f 6269 6267 6262
f 6254 6272 6255
f 6255 6272 6280
f 3865 3713 3888
f 3888 3713 3685
f 5242 5233 3892
f 3892 5233 3711
f 3900 5243 3892
f 3892 5243 5242
f 3734 3866 3900
f 3900 3866 5243
f 4117 6281 4118
f 4118 6281 6282
f 4118 6282 4278
f 4278 6282 4879
f 4717 4887 4718
f 4718 4887 4280
f 4792 4278 4882
f 4882 4278 4879
f 4795 4792 6283
f 6283 4792 4882
f 4852 4851 5012
f 5012 4851 6284
f 4856 5207 4857
f 4857 5207 4858
f 4860 4279 4857
f 4857 4279 4854
f 4718 4280 4860
f 4860 4280 4279
f 4864 4863 4745
f 4745 4863 4742
f 5366 4867 5011
f 5011 4867 4866
f 4871 4884 4872
f 4872 4884 4883
f 4872 4883 4117
f 4117 4883 6281
f 6284 4851 6283
f 6283 4851 4795
f 4852 4866 4853
f 4853 4866 4865
f 4871 4870 4856
f 4856 4870 5207
f 4717 4716 4864
f 4864 4716 4861
f 4868 4867 4862
f 4862 4867 4863
f 4268 4855 4269
f 4269 4855 4854
f 4281 4274 4282
f 4282 4274 4765
f 4744 4743 4907
f 4907 4743 4904
f 4874 4881 4820
f 4820 4881 4880
f 4885 5013 4886
f 4886 5013 4980
f 4888 4275 4281
f 4281 4275 4274
f 4902 6282 4903
f 4903 6282 6281
f 6283 4979 6284
f 6284 4979 4978
f 4282 4765 4269
f 4269 4765 4266
f 4880 4879 4902
f 4902 4879 6282
f 4903 6281 4886
f 4886 6281 4883
f 4882 4881 6283
f 6283 4881 4979
f 5013 4885 4267
f 4267 4885 4268
f 4888 4887 4744
f 4744 4887 4745
f 4410 6285 4411
f 4411 6285 4812
f 4750 4749 6286
f 6286 4749 6287
f 6289 4695 6288
f 6288 4695 4255
f 4750 4675 4751
f 4751 4675 4965
f 6290 6291 4963
f 4963 6291 4960
f 4807 4806 4411
f 4411 4806 4408
f 6292 6293 4959
f 4959 6293 4956
f 4958 6294 4959
f 4959 6294 4955
f 4962 4964 4963
f 4963 4964 4805
f 4962 4961 4751
f 4751 4961 4748
f 6296 6297 6295
f 6295 6297 6298
f 6299 6300 6288
f 6288 6300 4735
f 6302 4961 6301
f 6301 4961 4960
f 6304 6287 6303
f 6303 6287 4749
f 4968 6305 4969
f 4969 6305 6306
f 4413 6308 6307
f 6307 6308 4900
f 6301 4960 6309
f 6309 4960 6291
f 4412 4408 6310
f 6310 4408 4806
f 4696 6311 4256
f 4256 6311 6312
f 6303 4749 6313
f 6313 4749 4748
f 6313 4748 6302
f 6302 4748 4961
f 6315 6316 6314
f 6314 6316 6317
f 4084 6318 6315
f 6315 6318 6316
f 4083 6319 4084
f 4084 6319 6318
f 4112 6320 4083
f 4083 6320 6319
f 6322 4138 6321
f 6321 4138 4137
f 6324 4128 6323
f 6323 4128 4127
f 4127 4193 6323
f 6323 4193 6325
f 4193 4891 6325
f 6325 4891 6326
f 4891 6327 6326
f 6326 6327 6328
f 6327 4824 5227
f 5227 4824 5228
f 5231 4684 6329
f 6329 4684 4683
f 4683 4099 6329
f 6329 4099 6330
f 4099 4102 6330
f 6330 4102 6331
f 4174 4826 4429
f 4429 4826 4829
f 4173 4741 4174
f 4174 4741 4826
f 4180 4738 4173
f 4173 4738 4741
f 6332 6333 4180
f 4180 6333 4738
f 6274 6334 4186
f 4186 6334 4188
f 4181 4825 4180
f 4180 4825 6332
f 5044 5213 5045
f 5045 5213 5165
f 5046 5087 5047
f 5047 5087 5222
f 5077 5063 5078
f 5078 5063 5198
f 5081 5099 5082
f 5082 5099 5194
f 5095 5074 5096
f 5096 5074 5073
f 5373 5170 5096
f 5096 5170 5093
f 5375 5171 5373
f 5373 5171 5170
f 5047 5222 5375
f 5375 5222 5171
f 5046 5038 5376
f 5376 5038 5067
f 5377 5086 5376
f 5376 5086 5085
f 5045 5165 5377
f 5377 5165 5086
f 5378 5214 5044
f 5044 5214 5213
f 5077 5034 5378
f 5378 5034 5214
f 5082 5194 5078
f 5078 5194 5035
f 5081 5080 5379
f 5379 5080 6335
f 5379 6335 5095
f 5095 6335 5074
f 5032 5080 5033
f 5033 5080 5079
f 5040 5017 5041
f 5041 5017 5016
f 5050 5043 5051
f 5051 5043 5042
f 5065 5023 5066
f 5066 5023 5022
f 5050 5049 5065
f 5065 5049 5023
f 5041 5016 5068
f 5068 5016 5020
f 5071 5374 5072
f 5072 5374 5200
f 5075 5156 5076
f 5076 5156 5155
f 5162 5212 5068
f 5068 5212 5067
f 5075 5074 5192
f 5192 5074 6335
f 5066 5022 5199
f 5199 5022 5196
f 5076 5155 5072
f 5072 5155 5069
f 5040 5039 5071
f 5071 5039 5374
f 5162 5161 5051
f 5051 5161 5048
f 5192 6335 5032
f 5032 6335 5080
f 5199 5196 5033
f 5033 5196 5030
f 5018 5211 5019
f 5019 5211 5408
f 5019 5408 5021
f 5021 5408 5163
f 5024 5057 5025
f 5025 5057 5415
f 5028 5048 5029
f 5029 5048 5161
f 5054 5031 5055
f 5055 5031 5030
f 5024 5023 5058
f 5058 5023 5049
f 5061 5070 5062
f 5062 5070 5069
f 5157 5438 5158
f 5158 5438 5442
f 5160 5191 5054
f 5054 5191 5031
f 5029 5161 5021
f 5021 5161 5020
f 5025 5415 5197
f 5197 5415 5220
f 5158 5442 5062
f 5062 5442 5059
f 5018 5017 5061
f 5061 5017 5070
f 5160 5159 5157
f 5157 5159 5438
f 5028 5027 5058
f 5058 5027 5056
f 5055 5030 5197
f 5197 5030 5196
f 5409 5380 5410
f 5410 5380 6336
f 5026 5413 5027
f 5027 5413 5412
f 5396 5417 5393
f 5393 5417 5416
f 5416 5057 5419
f 5419 5057 5056
f 5417 5396 5426
f 5426 5396 5420
f 5427 5423 5428
f 5428 5423 5422
f 5427 5059 5430
f 5430 5059 5442
f 5409 5408 5433
f 5433 5408 5211
f 5433 5211 5428
f 5428 5211 5060
f 5412 5411 5419
f 5419 5411 5418
f 5436 5053 5437
f 5437 5053 5052
f 5439 5402 5440
f 5440 5402 5401
f 5436 5435 5439
f 5439 5435 5402
f 5410 6336 5413
f 5413 6336 5414
f 5440 5401 5430
f 5430 5401 5429
f 5426 5420 5437
f 5437 5420 5434
f 5382 5432 5383
f 5383 5432 5384
f 5386 6336 5383
f 5383 6336 5380
f 6336 5386 5414
f 5414 5386 5388
f 5391 5418 5392
f 5392 5418 5411
f 5705 5395 5704
f 5704 5395 5394
f 5399 5435 5400
f 5400 5435 5434
f 5403 5441 5404
f 5404 5441 5405
f 5407 5429 5404
f 5404 5429 5401
f 5395 5705 5421
f 5421 5705 5748
f 5424 5706 5425
f 5425 5706 5431
f 5391 5390 5394
f 5394 5390 5704
f 5392 5388 5389
f 5389 5388 5387
f 5382 5381 5425
f 5425 5381 5422
f 5407 5406 5424
f 5424 5406 5706
f 5403 5402 5399
f 5399 5402 5435
f 5421 5748 5400
f 5400 5748 5397
f 4097 4721 4098
f 4098 4721 4231
f 4233 5273 4098
f 4098 5273 4095
f 6337 6338 4785
f 4785 6338 4786
f 4076 4780 4073
f 4073 4780 4781
f 4782 4190 4781
f 4781 4190 4073
f 4783 4901 4782
f 4782 4901 4190
f 4780 4076 4097
f 4097 4076 4721
f 6337 2879 4701
f 4701 2879 2878
f 5280 6339 5272
f 5272 6339 6340
f 5282 5281 6341
f 6341 5281 6342
f 4109 6302 4110
f 4110 6302 6301
f 4283 6304 4284
f 4284 6304 6303
f 6305 4379 6306
f 6306 4379 4378
f 4110 6301 4428
f 4428 6301 6309
f 6310 4688 4412
f 4412 4688 4687
f 4284 6303 4753
f 4753 6303 6313
f 4753 6313 4109
f 4109 6313 6302
f 6343 5226 4428
f 4428 5226 4427
f 4147 4900 4416
f 4416 4900 6308
f 6312 6311 4241
f 4241 6311 4720
f 5223 6344 4702
f 4702 6344 4699
f 4221 4220 6345
f 6345 4220 6346
f 5276 5275 6347
f 6347 5275 6348
f 5275 4728 6348
f 6348 4728 6349
f 4727 6350 5284
f 5284 6350 5285
f 6351 6352 6354
f 6354 6352 6353
f 5313 5312 5292
f 5292 5312 5293
f 5312 5344 5293
f 5293 5344 5337
f 5344 4914 5337
f 5337 4914 4916
f 4914 4913 4916
f 4916 4913 4917
f 4913 6355 4917
f 4917 6355 4978
f 6356 6357 6284
f 6284 6357 5012
f 6357 6358 5012
f 5012 6358 5011
f 5011 6358 5366
f 5366 6358 6359
f 6360 4742 6359
f 6359 4742 5366
f 4743 6361 4904
f 4904 6361 5364
f 5363 4905 5364
f 5364 4905 4904
f 5363 6362 4905
f 4905 6362 4207
f 6362 6363 4207
f 4207 6363 4208
f 6363 5342 4208
f 4208 5342 5330
f 5342 5341 5330
f 5330 5341 4244
f 5341 6364 4244
f 4244 6364 4245
f 6364 6365 4245
f 4245 6365 4246
f 6366 6367 4253
f 4253 6367 4250
f 4214 6368 4211
f 4211 6368 4380
f 4380 4379 4211
f 4211 4379 4283
f 4379 6305 4283
f 4283 6305 6304
f 6305 4968 6304
f 6304 4968 6287
f 4968 4967 6287
f 6287 4967 6286
f 4967 6297 6286
f 6286 6297 4676
f 6296 4376 4288
f 4288 4376 4285
f 4376 4373 4285
f 4285 4373 4290
f 6369 6370 6372
f 6372 6370 6371
f 5245 6373 5246
f 5246 6373 6374
f 4317 6375 4318
f 4318 6375 6376
f 4331 6377 4332
f 4332 6377 6378
f 6379 4333 6376
f 6376 4333 4318
f 4343 6380 4344
f 4344 6380 6381
f 4347 6382 4348
f 4348 6382 6383
f 4374 6371 4331
f 4331 6371 6377
f 4333 6379 4426
f 4426 6379 6384
f 4690 6385 4347
f 4347 6385 6382
f 4332 6378 4317
f 4317 6378 6375
f 4922 6386 4923
f 4923 6386 6387
f 6388 6389 4375
f 4375 6389 6390
f 6355 6356 4978
f 4978 6356 6284
f 4742 6360 4743
f 4743 6360 6361
f 6391 4238 6392
f 6392 4238 4719
f 6392 4719 6393
f 6393 4719 5296
f 6395 6396 6394
f 6394 6396 6397
f 6399 6400 6398
f 6398 6400 6401
f 6402 5302 6403
f 6403 5302 5303
f 5303 5321 6403
f 6403 5321 6404
f 5320 6405 5321
f 5321 6405 6404
f 5319 6406 5350
f 5350 6406 5351
f 5319 5318 6406
f 6406 5318 6407
f 5288 4197 6408
f 6408 4197 6409
f 4217 4216 6410
f 6410 4216 6411
f 5227 6412 6327
f 6327 6412 6328
f 4892 6413 5227
f 5227 6413 6412
f 4228 6414 4892
f 4892 6414 6413
f 4227 6415 4228
f 4228 6415 6414
f 4248 6416 4227
f 4227 6416 6415
f 4247 6417 4248
f 4248 6417 6416
f 6417 4247 6419
f 6419 4247 6418
f 6419 6418 6421
f 6421 6418 6420
f 6422 5301 6423
f 6423 5301 5300
f 6423 5300 6424
f 6424 5300 6399
f 6408 6409 6398
f 6398 6409 6425
f 6426 6427 6397
f 6397 6427 6394
f 6428 4224 6429
f 6429 4224 4223
f 6347 6346 5276
f 5276 6346 4220
f 6346 6347 6341
f 6341 6347 6339
f 5280 5278 5282
f 5282 5278 4236
f 4896 5224 4684
f 4684 5224 4681
f 4132 4135 4896
f 4896 4135 5224
f 4131 4136 4132
f 4132 4136 4135
f 4226 4754 4131
f 4131 4754 4136
f 4251 4213 4226
f 4226 4213 4754
f 4250 4214 4251
f 4251 4214 4213
f 4250 6367 4214
f 4214 6367 6368
f 6367 4910 6368
f 6368 4910 4737
f 4909 5297 4736
f 4736 5297 5296
f 5297 6395 5296
f 5296 6395 6393
f 6427 6430 6394
f 6394 6430 6431
f 6429 4383 6428
f 6428 4383 4382
f 4219 5277 4220
f 4220 5277 5276
f 4222 4697 4383
f 4383 4697 4218
f 6345 4699 4221
f 4221 4699 6344
f 6342 4700 6345
f 6345 4700 4699
f 4235 4786 5281
f 5281 4786 6338
f 4234 4787 4235
f 4235 4787 4786
f 5279 5278 6432
f 6432 5278 5271
f 4237 5279 6433
f 6433 5279 6432
f 4787 4234 6433
f 6433 4234 4237
f 6435 6436 6434
f 6434 6436 6437
f 6359 6438 6360
f 6360 6438 6437
f 6439 6440 6441
f 6441 6440 6438
f 6443 6439 6442
f 6442 6439 6441
f 6357 6356 6442
f 6442 6356 6444
f 6444 6446 6445
f 6445 6446 6447
f 4912 6446 4913
f 4913 6446 6355
f 6361 6436 5364
f 5364 6436 5365
f 5319 5350 5316
f 5316 5350 6448
f 4832 6449 5350
f 5350 6449 6448
f 4831 6450 4832
f 4832 6450 6449
f 5354 6451 5320
f 5320 6451 6405
f 4265 6452 5354
f 5354 6452 6451
f 4264 6453 4265
f 4265 6453 6452
f 6450 4831 6447
f 6447 4831 6445
f 4263 6435 4264
f 4264 6435 6434
f 6454 6453 6439
f 6439 6453 6440
f 6439 6443 6454
f 6454 6443 4834
f 4833 6455 4834
f 4834 6455 6454
f 5351 6456 4833
f 4833 6456 6455
f 6457 6391 6458
f 6458 6391 6392
f 6458 6392 6431
f 6431 6392 6393
f 5298 6396 5297
f 5297 6396 6395
f 6402 6400 5302
f 5302 6400 5299
f 6402 6403 6459
f 6459 6403 6460
f 6460 6403 6461
f 6461 6403 6404
f 6405 6462 6404
f 6404 6462 6461
f 6406 6462 5351
f 5351 6462 6456
f 6406 6407 6462
f 6462 6407 6461
f 6407 6463 6461
f 6461 6463 6460
f 6463 6464 6460
f 6460 6464 6459
f 6464 6465 6459
f 6459 6465 6401
f 6430 6466 6431
f 6431 6466 6458
f 6466 6410 6458
f 6458 6410 6457
f 6410 6411 6457
f 6457 6411 6467
f 6396 6424 6397
f 6397 6424 6425
f 6393 6395 6431
f 6431 6395 6394
f 6451 6456 6405
f 6405 6456 6462
f 6452 6455 6451
f 6451 6455 6456
f 6453 6454 6452
f 6452 6454 6455
f 6443 6445 4834
f 4834 6445 4831
f 6440 6453 6434
f 6434 6453 4264
f 6468 5306 5360
f 5360 5306 5305
f 6469 4124 6468
f 6468 4124 5306
f 6470 4125 6469
f 6469 4125 4124
f 6471 5291 6470
f 6470 5291 4125
f 6353 5292 6471
f 6471 5292 5291
f 5292 6353 5313
f 5313 6353 6352
f 5347 5314 6352
f 6352 5314 5313
f 5353 5318 5346
f 5346 5318 5317
f 5334 6468 5358
f 5358 6468 5360
f 5324 6469 5334
f 5334 6469 6468
f 5323 6470 5324
f 5324 6470 6469
f 5343 6471 5323
f 5323 6471 6470
f 6354 6353 5343
f 5343 6353 6471
f 6348 6349 4270
f 4270 6349 5311
f 5272 6340 5273
f 5273 6340 4272
f 6432 5271 4232
f 4232 5271 4233
f 4294 6432 4295
f 4295 6432 4232
f 6432 4294 6433
f 6433 4294 4301
f 4301 4300 6433
f 6433 4300 4787
f 4704 4784 4300
f 4300 4784 4787
f 4704 3013 4784
f 4784 3013 1307
f 5103 6472 5104
f 5104 6472 5202
f 5108 5116 5105
f 5105 5116 5115
f 5111 5124 5112
f 5112 5124 5123
f 5154 5205 5105
f 5105 5205 5106
f 5167 5180 5168
f 5168 5180 5185
f 5175 5188 5176
f 5176 5188 5187
f 5112 5123 5178
f 5178 5123 5120
f 5167 5090 5183
f 5183 5090 5089
f 5210 5151 5183
f 5183 5151 5181
f 5216 5138 5217
f 5217 5138 5137
f 5218 5119 5219
f 5219 5119 5221
f 5218 5178 5119
f 5119 5178 5120
f 5217 5137 5104
f 5104 5137 5101
f 5116 5108 5221
f 5221 5108 5219
f 5111 5110 5210
f 5210 5110 5151
f 5154 5153 5103
f 5103 5153 6472
f 5216 5215 5176
f 5176 5215 5173
f 5175 5174 5168
f 5168 5174 5166
f 5091 5172 5092
f 5092 5172 5208
f 5117 5037 5118
f 5118 5037 5036
f 5121 5164 5122
f 5122 5164 5133
f 5125 5084 5126
f 5126 5084 5083
f 5129 5174 5130
f 5130 5174 5173
f 5131 5202 5132
f 5132 5202 6472
f 5135 5221 5122
f 5122 5221 5119
f 5125 5124 5136
f 5136 5124 5209
f 5126 5083 5121
f 5121 5083 5164
f 5118 5036 5195
f 5195 5036 5193
f 5131 5097 5203
f 5203 5097 5114
f 5132 6472 5195
f 5195 6472 5153
f 5136 5209 5092
f 5092 5209 5089
f 5135 5134 5117
f 5117 5134 5037
f 5362 5206 5130
f 5130 5206 5127
f 5372 5371 5128
f 5128 5371 5129
f 5371 5372 5091
f 5091 5372 5172
f 5362 5215 5203
f 5203 5215 5201
f 6463 6407 5353
f 5353 6407 5318
f 6464 6463 5352
f 5352 6463 5353
f 6408 6465 5288
f 5288 6465 5289
f 4196 4224 6426
f 6426 4224 6427
f 6430 6427 6428
f 6428 6427 4224
f 6466 6430 4382
f 4382 6430 6428
f 6410 6466 4217
f 4217 6466 4382
f 4240 4239 3015
f 3015 4239 3016
f 4254 4257 3017
f 3017 4257 3018
f 6473 6474 4732
f 4732 6474 6475
f 6474 6374 6475
f 6475 6374 6373
f 5246 6374 3022
f 3022 6374 3023
f 4254 6299 4255
f 4255 6299 6288
f 6473 6300 3024
f 3024 6300 3025
f 6476 4257 6312
f 6312 4257 4256
f 4240 6476 4241
f 4241 6476 6312
f 6477 4239 6391
f 6391 4239 4238
f 6467 6477 6457
f 6457 6477 6391
f 6411 3029 6467
f 6467 3029 3028
f 4216 3030 6411
f 6411 3030 3029
f 6479 6480 6478
f 6478 6480 6481
f 6483 6484 6482
f 6482 6484 6485
f 6486 6487 4102
f 4102 6487 6331
f 6483 6488 6478
f 6478 6488 6489
f 4429 4829 6490
f 6490 4829 6479
f 6491 6486 4101
f 4101 6486 4102
f 4895 6491 4899
f 4899 6491 4101
f 4160 6488 4157
f 4157 6488 6492
f 6489 4087 6490
f 6490 4087 4090
f 4267 4261 5013
f 5013 4261 4260
f 4258 4261 5328
f 5328 4261 4975
f 4261 4267 4975
f 4975 4267 4266
f 5367 3793 3912
f 3912 3793 3575
f 6494 3616 6493
f 6493 3616 3795
f 6496 3589 6495
f 6495 3589 3588
f 6495 3588 5368
f 5368 3588 3794
f 3841 3840 3050
f 3050 3840 3051
f 3912 3911 3052
f 3052 3911 3053
f 3929 3930 3054
f 3054 3930 3055
f 5370 3930 3916
f 3916 3930 3923
f 3938 5369 3807
f 3807 5369 3915
f 3589 6496 3806
f 3806 6496 3937
f 3938 3937 3056
f 3056 3937 3057
f 3051 3840 3058
f 3058 3840 3943
f 3730 4808 3727
f 3727 4808 3943
f 3820 3951 3795
f 3795 3951 6493
f 3951 3841 3059
f 3059 3841 3050
f 3911 3574 6494
f 6494 3574 3616
f 3823 3929 3824
f 3824 3929 3952
f 4061 4060 3060
f 3060 4060 3061
f 6497 6498 4901
f 4901 6498 4790
f 6333 6499 4738
f 4738 6499 4739
f 6500 6501 6314
f 6314 6501 4418
f 6502 6275 4417
f 4417 6275 4185
f 6503 6497 4783
f 4783 6497 4901
f 6498 4060 4790
f 4790 4060 4059
f 4808 4061 3069
f 3069 4061 3060
f 5367 3071 5368
f 5368 3071 3070
f 5369 3073 5370
f 5370 3073 3072
f 6274 6275 3074
f 3074 6275 3075
f 6499 6504 4739
f 4739 6504 6317
f 6333 6332 3077
f 3077 6332 3078
f 6334 6274 3079
f 3079 6274 3074
f 6332 4825 3078
f 3078 4825 3080
f 6334 6503 4188
f 4188 6503 4783
f 4825 4689 3080
f 3080 4689 1330
f 6506 4747 6505
f 6505 4747 4746
f 6505 6507 6506
f 6506 6507 6508
f 4297 6509 4920
f 4920 6509 6510
f 4296 6511 4297
f 4297 6511 6509
f 6506 6508 4319
f 4319 6508 6512
f 4372 4371 6514
f 6514 4371 6513
f 6511 4296 5251
f 5251 4296 4305
f 5251 5250 6511
f 6511 5250 6515
f 6516 6509 6515
f 6515 6509 6511
f 6517 6507 6519
f 6519 6507 6518
f 6512 6520 6513
f 6513 6520 6514
f 6507 6517 6508
f 6508 6517 6521
f 5249 6523 6522
f 6522 6523 6524
f 6525 6370 5253
f 5253 6370 6526
f 4370 4323 4371
f 4371 4323 4326
f 4370 3103 4323
f 4323 3103 1541
f 6521 6517 6527
f 6527 6517 6519
f 6520 6528 6514
f 6514 6528 6529
f 6531 6532 6530
f 6530 6532 6533
f 5250 6534 6515
f 6515 6534 6535
f 6530 6533 6536
f 6536 6533 6537
f 6526 6538 6534
f 6534 6538 6537
f 6515 6535 6516
f 6516 6535 6539
f 4325 4321 4326
f 4326 4321 4320
f 4371 4326 6513
f 6513 4326 4320
f 6531 4731 6541
f 6541 4731 6540
f 4731 4730 6540
f 6540 4730 6542
f 4730 3121 6542
f 6542 3121 3120
f 6530 4328 6531
f 6531 4328 4731
f 4328 6530 4329
f 4329 6530 6536
f 4329 6536 6524
f 6524 6536 6543
f 6544 6545 6522
f 6522 6545 5248
f 6389 6388 5245
f 5245 6388 6373
f 6388 6546 6373
f 6373 6546 6475
f 4733 6546 6295
f 6295 6546 4377
f 4732 6475 4733
f 4733 6475 6546
f 4393 4432 4394
f 4394 4432 4435
f 4434 4672 4842
f 4842 4672 4671
f 4440 4439 4441
f 4441 4439 4438
f 4436 4450 4437
f 4437 4450 4398
f 4447 4444 4448
f 4448 4444 4392
f 4446 4464 4433
f 4433 4464 6547
f 4454 4423 4455
f 4455 4423 4422
f 4452 4481 4453
f 4453 4481 4480
f 4458 4389 4459
f 4459 4389 4388
f 4456 4471 4457
f 4457 4471 4468
f 4391 4460 4392
f 4392 4460 4448
f 4461 4467 4445
f 4445 4467 4465
f 4437 4398 4629
f 4629 4398 4397
f 4438 4628 4441
f 4441 4628 4631
f 4841 4629 4839
f 4839 4629 4397
f 4628 4842 4631
f 4631 4842 4671
f 4930 4989 4452
f 4452 4989 4481
f 4929 4927 4436
f 4436 4927 4450
f 4933 4387 4934
f 4934 4387 4386
f 4931 4475 4932
f 4932 4475 4474
f 4936 4449 4933
f 4933 4449 4387
f 4935 4472 4456
f 4456 4472 4471
f 4389 4458 4391
f 4391 4458 4460
f 4457 4468 4461
f 4461 4468 4467
f 4934 4386 4454
f 4454 4386 4423
f 4453 4480 4931
f 4931 4480 4475
f 4575 4997 4576
f 4576 4997 4639
f 4579 4596 4580
f 4580 4596 4595
f 4583 4582 4572
f 4572 4582 4569
f 4587 4944 4588
f 4588 4944 4562
f 4588 4562 4590
f 4590 4562 4561
f 4576 4639 4642
f 4642 4639 4638
f 4642 4845 4641
f 4641 4845 4846
f 4845 4590 4846
f 4846 4590 4561
f 4941 4938 4595
f 4595 4938 4580
f 4938 4940 4668
f 4668 4940 4669
f 4583 4942 4584
f 4584 4942 4947
f 4582 4587 4569
f 4569 4587 4586
f 5000 5001 4579
f 4579 5001 4596
f 4558 4560 4585
f 4585 4560 4586
f 4565 4639 4566
f 4566 4639 4997
f 4568 4567 4577
f 4577 4567 4578
f 4570 4554 4571
f 4571 4554 4556
f 4640 4565 4637
f 4637 4565 4546
f 4662 4664 4665
f 4665 4664 4844
f 4662 4558 4589
f 4589 4558 4585
f 4554 4570 4557
f 4557 4570 4560
f 4571 4667 4572
f 4572 4667 4943
f 4551 4670 4552
f 4552 4670 4666
f 4640 4664 4638
f 4638 4664 4663
f 4670 4568 4668
f 4668 4568 4577
f 4999 4996 4566
f 4566 4996 4543
f 4608 4564 4603
f 4603 4564 4563
f 4573 4593 4574
f 4574 4593 4592
f 4597 4614 4598
f 4598 4614 4613
f 4601 4600 4584
f 4584 4600 4581
f 4563 4562 4604
f 4604 4562 4944
f 4643 4593 4641
f 4641 4593 4573
f 4643 4847 4644
f 4644 4847 4848
f 4564 4847 4561
f 4561 4847 4846
f 4945 4941 4598
f 4598 4941 4595
f 4941 4945 4939
f 4939 4945 4946
f 4601 4948 4602
f 4602 4948 4620
f 4600 4604 4581
f 4581 4604 4944
f 5002 5003 4597
f 4597 5003 4614
f 4988 4759 4953
f 4953 4759 4402
f 4706 6548 4707
f 4707 6548 6549
f 4311 4928 4419
f 4419 4928 6550
f 4921 4920 6551
f 6551 4920 6552
f 4925 6553 4926
f 4926 6553 6554
f 4928 4921 4802
f 4802 4921 6551
f 6555 4985 6550
f 6550 4985 4419
f 4952 6556 4953
f 4953 6556 4649
f 4971 6557 4706
f 4706 6557 6548
f 4988 4648 4925
f 4925 4648 6553
f 4707 6549 5006
f 5006 6549 4987
f 4920 6510 6552
f 6552 6510 6518
f 6558 6510 6516
f 6516 6510 6509
f 6559 6558 6539
f 6539 6558 6516
f 6531 6541 6532
f 6532 6541 6560
f 6540 6561 6541
f 6541 6561 6529
f 6542 6562 6540
f 6540 6562 6561
f 6542 3120 6562
f 6562 3120 3142
f 4366 6563 4760
f 4760 6563 4970
f 4815 6564 4816
f 4816 6564 6565
f 3147 3146 6565
f 6565 3146 4816
f 6564 6563 6565
f 6565 6563 6566
f 4837 4385 4357
f 4357 4385 4358
f 6565 6566 3147
f 3147 6566 3149
f 4694 1209 3150
f 5247 5249 5248
f 5248 5249 6522
f 6372 6390 6545
f 6545 6390 6389
f 6375 5254 6376
f 6376 5254 5258
f 6377 6525 6378
f 6378 6525 5255
f 5260 6379 5258
f 5258 6379 6376
f 6380 6567 6381
f 6381 6567 6568
f 6382 6569 6383
f 6383 6569 6570
f 6377 6371 6525
f 6525 6371 6370
f 6379 5260 6384
f 6384 5260 6571
f 6385 6572 6382
f 6382 6572 6569
f 6378 5255 6375
f 6375 5255 5254
f 6386 6573 6387
f 6387 6573 6574
f 6545 6389 5248
f 5248 6389 5245
f 4675 4750 4676
f 4676 4750 6286
f 4734 6289 4735
f 4735 6289 6288
f 4804 6290 4805
f 4805 6290 4963
f 4811 4807 4812
f 4812 4807 4411
f 4954 6292 4955
f 4955 6292 4959
f 4964 4962 4965
f 4965 4962 4751
f 6285 4821 4812
f 4812 4821 4809
f 4675 4287 4965
f 4965 4287 4210
f 6294 4145 4955
f 4955 4145 4154
f 4964 4120 4805
f 4805 4120 4119
f 6298 4966 4734
f 4734 4966 6289
f 6300 6473 4735
f 4735 6473 4732
f 6297 6296 4676
f 4676 6296 4288
f 6523 3160 4330
f 4330 3160 3159
f 5253 5252 6525
f 6525 5252 5255
f 5256 5252 4305
f 4305 5252 5251
f 4304 5257 4305
f 4305 5257 5256
f 4424 5259 4304
f 4304 5259 5257
f 5261 6571 5259
f 5259 6571 5260
f 5262 6573 5261
f 5261 6573 6571
f 5264 6567 5265
f 5265 6567 6574
f 5266 6572 5267
f 5267 6572 6568
f 5268 6570 5269
f 5269 6570 6569
f 1807 3161 5268
f 5268 3161 6570
f 6524 6523 4329
f 4329 6523 4330
f 5253 6526 5250
f 5250 6526 6534
f 6543 6538 6544
f 6544 6538 6369
f 6524 6543 6522
f 6522 6543 6544
f 3071 5367 3052
f 3052 5367 3912
f 6493 3163 6494
f 6494 3163 3162
f 3164 445 3771
f 3771 445 3761
f 461 3165 3919
f 3919 3165 3920
f 330 410 3839
f 3839 410 3910
f 332 331 3552
f 3552 331 3551
f 464 304 3918
f 3918 304 3816
f 385 458 3766
f 3766 458 3894
f 412 415 3762
f 3762 415 3763
f 3166 337 3748
f 3748 337 3745
f 3072 3055 5370
f 5370 3055 3930
f 3073 5369 3056
f 3056 5369 3938
f 3167 3057 6496
f 6496 3057 3937
f 3069 3058 4808
f 4808 3058 3943
f 411 3166 3851
f 3851 3166 3748
f 3059 3163 3951
f 3951 3163 6493
f 336 3164 3772
f 3772 3164 3771
f 3053 3911 3162
f 3162 3911 6494
f 3054 3168 3929
f 3929 3168 3952
f 3165 830 3920
f 3920 830 3945
f 3170 3169 6497
f 6497 3169 6498
f 3171 1354 5005
f 5005 1354 4830
f 3172 3170 6503
f 6503 3170 6497
f 3169 3061 6498
f 6498 3061 4060
f 3173 3171 5006
f 5006 3171 5005
f 3079 3172 6334
f 6334 3172 6503
f 3174 3025 6299
f 6299 3025 6300
f 6576 6577 6575
f 6575 6577 6578
f 4612 4611 6579
f 6579 4611 6580
f 6582 6583 6581
f 6581 6583 6584
f 6584 6585 4618
f 4618 6585 4621
f 6586 6587 6589
f 6589 6587 6588
f 6588 6587 6590
f 6590 6587 6591
f 6592 4606 6590
f 6590 4606 4623
f 6594 6576 6593
f 6593 6576 6575
f 6595 6582 6579
f 6579 6582 6581
f 6580 6597 6596
f 6596 6597 6598
f 6577 6576 6599
f 6599 6576 6600
f 6595 6596 6601
f 6601 6596 6602
f 6583 6582 6603
f 6603 6582 6604
f 6586 6606 6605
f 6605 6606 6607
f 6587 6586 6608
f 6608 6586 6605
f 6587 6608 6591
f 6591 6608 6609
f 6576 6594 6600
f 6600 6594 6610
f 6582 6595 6604
f 6604 6595 6601
f 6599 6611 6577
f 6577 6611 6598
f 6613 6614 6612
f 6612 6614 6615
f 6617 6618 6616
f 6616 6618 6619
f 6621 6622 6620
f 6620 6622 6623
f 6625 6626 6624
f 6624 6626 6627
f 6629 6630 6628
f 6628 6630 6631
f 6633 6634 6632
f 6632 6634 6635
f 6637 6638 6636
f 6636 6638 6639
f 6640 6641 6637
f 6637 6641 6638
f 6643 6633 6642
f 6642 6633 6632
f 6645 6646 6644
f 6644 6646 6647
f 6646 6648 6647
f 6647 6648 6649
f 6651 6652 6650
f 6650 6652 6653
f 6653 6652 6654
f 6654 6652 6655
f 6656 6657 6659
f 6659 6657 6658
f 6661 6662 6660
f 6660 6662 6663
f 6662 6661 6664
f 6664 6661 6665
f 6667 6657 6666
f 6666 6657 6656
f 6669 6670 6668
f 6668 6670 6671
f 6672 6673 6670
f 6670 6673 6671
f 6674 6675 6677
f 6677 6675 6676
f 6675 6678 6676
f 6676 6678 6679
f 6681 6682 6680
f 6680 6682 6683
f 6684 6685 6683
f 6683 6685 6680
f 6687 6688 6686
f 6686 6688 6689
f 6687 6690 6688
f 6688 6690 6691
f 6619 6618 6633
f 6633 6618 6634
f 6632 6635 6693
f 6693 6635 6692
f 6617 6694 6636
f 6636 6694 6637
f 6695 6692 6639
f 6639 6692 6635
f 6637 6694 6640
f 6640 6694 6696
f 6698 6638 6697
f 6697 6638 6641
f 6643 6616 6633
f 6633 6616 6619
f 6642 6699 6641
f 6641 6699 6697
f 6646 6645 6700
f 6700 6645 6621
f 6644 6701 6654
f 6654 6701 6702
f 6700 6703 6646
f 6646 6703 6648
f 6693 6704 6649
f 6649 6704 6647
f 6620 6623 6651
f 6651 6623 6652
f 6693 6649 6699
f 6699 6649 6650
f 6652 6623 6655
f 6655 6623 6622
f 6654 6702 6653
f 6653 6702 6697
f 6615 6614 6657
f 6657 6614 6658
f 6705 6656 6704
f 6704 6656 6659
f 6613 6706 6660
f 6660 6706 6661
f 6704 6659 6701
f 6701 6659 6663
f 6661 6706 6665
f 6665 6706 6707
f 6708 6702 6664
f 6664 6702 6662
f 6612 6615 6667
f 6667 6615 6657
f 6666 6709 6664
f 6664 6709 6708
f 6629 6710 6669
f 6669 6710 6670
f 6668 6711 6679
f 6679 6711 6712
f 6713 6672 6710
f 6710 6672 6670
f 6714 6671 6705
f 6705 6671 6673
f 6628 6631 6674
f 6674 6631 6675
f 6705 6673 6709
f 6709 6673 6677
f 6631 6630 6675
f 6675 6630 6678
f 6712 6708 6679
f 6679 6708 6676
f 6625 6715 6682
f 6682 6715 6683
f 6716 6717 6681
f 6681 6717 6691
f 6718 6684 6715
f 6715 6684 6683
f 6719 6680 6714
f 6714 6680 6685
f 6624 6627 6686
f 6686 6627 6687
f 6689 6711 6685
f 6685 6711 6714
f 6627 6626 6687
f 6687 6626 6690
f 6717 6712 6691
f 6691 6712 6688
f 6612 6707 6613
f 6613 6707 6706
f 6616 6696 6617
f 6617 6696 6694
f 6703 6700 6620
f 6620 6700 6621
f 6715 6625 6718
f 6718 6625 6624
f 6710 6629 6713
f 6713 6629 6628
f 6639 6635 6636
f 6636 6635 6634
f 6641 6640 6642
f 6642 6640 6643
f 6654 6655 6644
f 6644 6655 6645
f 6651 6650 6648
f 6648 6650 6649
f 6659 6658 6663
f 6663 6658 6660
f 6665 6667 6664
f 6664 6667 6666
f 6678 6669 6679
f 6679 6669 6668
f 6673 6672 6677
f 6677 6672 6674
f 6690 6682 6691
f 6691 6682 6681
f 6685 6684 6689
f 6689 6684 6686
f 6636 6634 6617
f 6617 6634 6618
f 6638 6698 6639
f 6639 6698 6695
f 6640 6696 6643
f 6643 6696 6616
f 6693 6699 6632
f 6632 6699 6642
f 6655 6622 6645
f 6645 6622 6621
f 6704 6701 6647
f 6647 6701 6644
f 6651 6648 6620
f 6620 6648 6703
f 6650 6653 6699
f 6699 6653 6697
f 6613 6660 6614
f 6614 6660 6658
f 6663 6662 6701
f 6701 6662 6702
f 6665 6707 6667
f 6667 6707 6612
f 6705 6709 6656
f 6656 6709 6666
f 6630 6629 6678
f 6678 6629 6669
f 6714 6711 6671
f 6671 6711 6668
f 6672 6713 6674
f 6674 6713 6628
f 6677 6676 6709
f 6709 6676 6708
f 6626 6625 6690
f 6690 6625 6682
f 6680 6719 6681
f 6681 6719 6716
f 6684 6718 6686
f 6686 6718 6624
f 6711 6689 6712
f 6689 6688 6712
f 6593 6720 6594
f 6594 6720 6721
f 6722 6720 4607
f 4607 6720 4849
f 6592 6723 6722
f 6722 6723 6724
f 4610 4609 6578
f 6578 4609 6575
f 6596 6595 6580
f 6580 6595 6579
f 4618 4617 6584
f 6584 4617 6581
f 6589 6585 6586
f 6586 6585 6606
f 4622 4619 6588
f 6588 4619 6589
f 4622 6588 4623
f 4623 6588 6590
f 4609 4645 6575
f 6575 4645 6593
f 4617 4612 6581
f 6581 4612 6579
f 5004 4610 6597
f 6597 4610 6578
f 4645 4849 6593
f 6593 4849 6720
f 6724 6721 6722
f 6722 6721 6720
f 6722 4607 6592
f 6592 4607 4606
f 6725 6610 6721
f 6721 6610 6594
f 6723 6726 6724
f 6724 6726 6727
f 6727 6725 6724
f 6724 6725 6721
f 6728 6729 6605
f 6605 6729 6608
f 6605 6607 6728
f 6728 6607 6730
f 6731 6732 6604
f 6604 6732 6603
f 6733 6734 6725
f 6725 6734 6610
f 6735 6733 6727
f 6727 6733 6725
f 6735 6727 6736
f 6736 6727 6726
f 6591 6609 6723
f 6723 6609 6726
f 6723 6592 6591
f 6591 6592 6590
f 6738 6739 6737
f 6737 6739 6740
f 6740 6739 6742
f 6742 6739 6741
f 6743 6744 6741
f 6741 6744 6742
f 6745 6746 6743
f 6743 6746 6744
f 6747 6748 6745
f 6745 6748 6746
f 6749 6750 6747
f 6747 6750 6748
f 6752 6738 6751
f 6751 6738 6737
f 6754 6752 6753
f 6753 6752 6751
f 6756 6754 6755
f 6755 6754 6753
f 6758 6750 6757
f 6757 6750 6749
f 6760 6756 6759
f 6759 6756 6755
f 6762 6760 6761
f 6761 6760 6759
f 6764 6762 6763
f 6763 6762 6761
f 6757 6764 6758
f 6758 6764 6763
f 6766 6741 6765
f 6765 6741 6739
f 6767 6743 6766
f 6766 6743 6741
f 6768 6745 6767
f 6767 6745 6743
f 6769 6747 6768
f 6768 6747 6745
f 6770 6749 6769
f 6769 6749 6747
f 6772 6769 6771
f 6771 6769 6768
f 6773 6770 6772
f 6772 6770 6769
f 6774 6775 6772
f 6772 6775 6773
f 6777 6778 6776
f 6776 6778 6779
f 6775 6774 6778
f 6778 6774 6779
f 6771 6780 6772
f 6772 6780 6774
f 6780 6781 6774
f 6774 6781 6779
f 6781 6782 6779
f 6779 6782 6776
f 6784 6785 6783
f 6783 6785 6786
f 6786 6787 6783
f 6783 6787 6788
f 6790 6788 6789
f 6789 6788 6787
f 6786 6785 6791
f 6791 6785 6792
f 6791 6793 6786
f 6786 6793 6787
f 6793 6794 6787
f 6787 6794 6789
f 6795 6796 6794
f 6794 6796 6789
f 6790 6789 6797
f 6797 6789 6796
f 6798 6765 6738
f 6738 6765 6739
f 6799 6798 6752
f 6752 6798 6738
f 6767 6800 6768
f 6768 6800 6771
f 6766 6801 6767
f 6767 6801 6800
f 6802 6801 6765
f 6765 6801 6766
f 6798 6803 6765
f 6765 6803 6802
f 6804 6803 6799
f 6799 6803 6798
f 6805 6806 6804
f 6804 6806 6803
f 6807 6799 6754
f 6754 6799 6752
f 6808 6804 6807
f 6807 6804 6799
f 6809 6805 6808
f 6808 6805 6804
f 6810 6811 6805
f 6805 6811 6806
f 6812 6813 6810
f 6810 6813 6811
f 6814 6815 6796
f 6796 6815 6797
f 6813 6814 6816
f 6816 6814 6817
f 6816 6818 6813
f 6813 6818 6811
f 6819 6806 6818
f 6818 6806 6811
f 6802 6803 6819
f 6819 6803 6806
f 6757 6749 6820
f 6820 6749 6770
f 6820 6770 6821
f 6821 6770 6773
f 6821 6773 6822
f 6822 6773 6775
f 6822 6775 6823
f 6823 6775 6778
f 6824 6823 6777
f 6777 6823 6778
f 6784 6825 6777
f 6777 6825 6824
f 6826 6827 6788
f 6788 6827 6783
f 6828 6826 6790
f 6790 6826 6788
f 6829 6828 6797
f 6797 6828 6790
f 6815 6830 6797
f 6797 6830 6829
f 6832 6812 6831
f 6831 6812 6810
f 6831 6810 6809
f 6809 6810 6805
f 6736 6800 6735
f 6735 6800 6801
f 6733 6735 6802
f 6802 6735 6801
f 6734 6733 6819
f 6819 6733 6802
f 6833 6734 6818
f 6818 6734 6819
f 6834 6833 6816
f 6816 6833 6818
f 6816 6817 6834
f 6834 6817 6835
f 6837 6795 6836
f 6836 6795 6794
f 6836 6794 6731
f 6731 6794 6793
f 6732 6731 6791
f 6791 6731 6793
f 6791 6792 6732
f 6732 6792 6730
f 6729 6728 6781
f 6781 6728 6782
f 6838 6807 6756
f 6756 6807 6754
f 6839 6838 6760
f 6760 6838 6756
f 6840 6839 6762
f 6762 6839 6760
f 6841 6840 6764
f 6764 6840 6762
f 6820 6841 6757
f 6757 6841 6764
f 6841 6820 6842
f 6842 6820 6821
f 6840 6841 6843
f 6843 6841 6842
f 6839 6840 6844
f 6844 6840 6843
f 6838 6839 6845
f 6845 6839 6844
f 6807 6838 6808
f 6808 6838 6845
f 6842 6821 6846
f 6846 6821 6822
f 6843 6842 6847
f 6847 6842 6846
f 6844 6843 6848
f 6848 6843 6847
f 6845 6844 6849
f 6849 6844 6848
f 6808 6845 6809
f 6809 6845 6849
f 6850 6831 6849
f 6849 6831 6809
f 6851 6850 6848
f 6848 6850 6849
f 6847 6852 6848
f 6848 6852 6851
f 6853 6852 6846
f 6846 6852 6847
f 6846 6822 6853
f 6853 6822 6823
f 6853 6823 6854
f 6854 6823 6824
f 6854 6855 6853
f 6853 6855 6852
f 6856 6851 6855
f 6855 6851 6852
f 6856 6857 6851
f 6851 6857 6850
f 6857 6832 6850
f 6850 6832 6831
f 6825 6858 6824
f 6824 6858 6854
f 6860 6827 6859
f 6859 6827 6826
f 6859 6826 6861
f 6861 6826 6828
f 6862 6861 6829
f 6829 6861 6828
f 6830 6863 6829
f 6829 6863 6862
f 6863 6864 6862
f 6862 6864 6865
f 6858 6866 6854
f 6854 6866 6855
f 6867 6865 6866
f 6866 6865 6864
f 6869 6859 6868
f 6868 6859 6861
f 6867 6869 6865
f 6865 6869 6868
f 6861 6862 6868
f 6868 6862 6865
f 6867 6860 6869
f 6869 6860 6859
f 6753 6751 6698
f 6698 6751 6695
f 6697 6755 6698
f 6698 6755 6753
f 6759 6755 6702
f 6702 6755 6697
f 6761 6759 6708
f 6708 6759 6702
f 6763 6761 6712
f 6712 6761 6708
f 6758 6763 6717
f 6717 6763 6712
f 6750 6758 6716
f 6716 6758 6717
f 6719 6748 6716
f 6716 6748 6750
f 6714 6746 6719
f 6719 6746 6748
f 6705 6744 6714
f 6714 6744 6746
f 6704 6742 6705
f 6705 6742 6744
f 6740 6742 6693
f 6693 6742 6704
f 6737 6740 6692
f 6692 6740 6693
f 6751 6737 6695
f 6695 6737 6692
f 6601 6602 6836
f 6836 6602 6837
f 6604 6601 6731
f 6731 6601 6836
f 6599 6600 6834
f 6834 6600 6833
f 6834 6835 6599
f 6599 6835 6611
f 6600 6610 6833
f 6833 6610 6734
f 6780 6771 6870
f 6870 6771 6736
f 6736 6771 6800
f 6870 6729 6780
f 6780 6729 6781
f 6608 6729 6609
f 6609 6729 6870
f 6609 6870 6726
f 6726 6870 6736
f 5014 5015 5229
f 5229 5015 5230
f 4258 5015 4259
f 4259 5015 4878
f 3471 3013 4703
f 4703 3013 4704
f 2879 6337 1306
f 1306 6337 4785
f 829 3471 4316
f 4316 3471 4703
f 4702 3472 5223
f 5223 3472 1756
f 6871 6872 4534
f 4534 6872 4535
f 6871 4665 6872
f 6872 4665 4844
f 6871 6873 4665
f 4665 6873 4559
f 6871 4534 6873
f 6873 4534 4542
f 4153 4152 4822
f 4822 4152 4407
f 4152 4168 4407
f 4407 4168 4342
f 4343 4168 4923
f 4923 4168 4167
f 4363 4362 4972
f 4972 4362 4840
f 4362 4394 4840
f 4840 4394 4839
f 4401 4400 4986
f 4986 4400 4984
f 4435 4434 4841
f 4841 4434 4842
f 4506 4505 4530
f 4530 4505 4531
f 4506 4535 4507
f 4507 4535 4843
f 4661 4660 4516
f 4516 4660 4517
f 4673 4672 4937
f 4937 4672 6547
f 4400 4924 4984
f 4984 4924 5263
f 4673 4660 4674
f 4674 4660 4659
f 4505 4661 4531
f 4531 4661 4516
f 4952 4401 6874
f 6874 4401 4986
f 4954 4153 6875
f 6875 4153 4822
f 4363 4973 4364
f 4364 4973 4974
f 5264 4924 5267
f 5267 4924 4691
f 6293 6292 6876
f 6876 6292 6877
f 6380 4343 6387
f 6387 4343 4923
f 4394 4435 4839
f 4839 4435 4841
f 4672 4434 6547
f 6547 4434 4433
f 4973 6556 4974
f 4974 6556 6878
f 6567 6380 6574
f 6574 6380 6387
f 6292 4954 6877
f 6877 4954 6875
f 6567 5264 6568
f 6568 5264 5267
f 4145 4144 4154
f 4154 4144 4151
f 4194 4144 4425
f 4425 4144 4143
f 4355 4354 5263
f 5263 4354 4984
f 4360 4359 4364
f 4364 4359 4361
f 4444 4359 4392
f 4392 4359 4337
f 4447 4446 4432
f 4432 4446 4433
f 4464 4463 6547
f 6547 4463 4937
f 4519 4518 4654
f 4654 4518 4509
f 4533 4532 4499
f 4499 4532 4498
f 4533 4542 4530
f 4530 4542 4534
f 4519 4532 4516
f 4516 4532 4531
f 4922 4194 4426
f 4426 4194 4425
f 4463 4518 4937
f 4937 4518 4517
f 6555 4951 6874
f 6874 4951 6878
f 4958 4957 6290
f 6290 4957 6291
f 4334 4360 4712
f 4712 4360 4950
f 4985 4354 4419
f 4419 4354 4353
f 5262 4355 5265
f 5265 4355 5263
f 6294 4958 4804
f 4804 4958 6290
f 6386 4922 6384
f 6384 4922 4426
f 4444 4447 4393
f 4393 4447 4432
f 4464 4446 4465
f 4465 4446 4445
f 4985 6555 4986
f 4986 6555 6874
f 6573 6386 6571
f 6571 6386 6384
f 4145 6294 4146
f 4146 6294 4804
f 6573 5262 6574
f 6574 5262 5265
f 4542 4541 6873
f 6873 4541 4559
f 4535 6872 4843
f 4843 6872 4844
f 4104 4103 6879
f 6879 4103 6343
f 4105 6293 6307
f 6307 6293 6876
f 4104 4956 4105
f 4105 4956 6293
f 4956 4104 4957
f 4957 4104 6879
f 4957 6879 6291
f 6291 6879 6309
f 4648 4988 4649
f 4649 4988 4953
f 4802 4803 4928
f 4928 4803 6550
f 6550 4803 6555
f 6555 4803 4951
f 1516 3173 4987
f 4987 3173 5006
f 6519 6518 6558
f 6558 6518 6510
f 6527 6519 6559
f 6559 6519 6558
f 6528 6560 6529
f 6529 6560 6541
f 6548 4625 6549
f 6549 4625 4624
f 6551 6552 4746
f 4746 6552 6505
f 6553 4711 6554
f 6554 4711 4710
f 4802 6551 4713
f 4713 6551 4746
f 6556 4973 4649
f 4649 4973 4646
f 6557 4949 6548
f 6548 4949 4625
f 4648 4647 6553
f 6553 4647 4711
f 6549 4624 4987
f 4987 4624 4838
f 6552 6518 6505
f 6505 6518 6507
f 6561 4372 6529
f 6529 4372 6514
f 6562 4369 6561
f 6561 4369 4372
f 3142 3482 6562
f 6562 3482 4369
f 6556 4952 6878
f 6878 4952 6874
f 4951 4950 6878
f 6878 4950 4974
f 3168 440 3952
f 4204 4203 5341
f 5341 4203 6364
f 4219 4222 6429
f 6429 4222 4383
f 4319 4322 6506
f 6506 4322 4747
f 4340 4714 4341
f 4341 4714 4384
f 4375 4377 6388
f 6388 4377 6546
f 4378 4381 6311
f 6311 4381 4720
f 4449 4341 4387
f 4387 4341 4384
f 4473 4472 4477
f 4477 4472 4474
f 4492 4491 4487
f 4487 4491 4488
f 4523 4491 4522
f 4522 4491 4490
f 4492 4538 4493
f 4493 4538 4555
f 4538 4553 4555
f 4555 4553 4556
f 4620 4615 4621
f 4621 4615 4618
f 4652 4651 4368
f 4368 4651 4365
f 4523 4655 4524
f 4524 4655 4656
f 4553 4667 4556
f 4556 4667 4571
f 4651 1210 4365
f 4365 1210 1209
f 4698 4697 5223
f 5223 4697 6344
f 4340 4339 4322
f 4322 4339 4747
f 4726 4729 5287
f 5287 4729 4198
f 4381 4380 4737
f 4737 4380 6368
f 4836 4835 4451
f 4451 4835 4709
f 4910 6367 4911
f 4911 6367 6366
f 4912 4915 6450
f 6450 4915 6449
f 4927 4836 4450
f 4450 4836 4451
f 4930 4929 4439
f 4439 4929 4436
f 4936 4935 4459
f 4459 4935 4456
f 4473 4655 4470
f 4470 4655 4510
f 4942 4583 4943
f 4943 4583 4572
f 4948 4601 4947
f 4947 4601 4584
f 4949 4835 4625
f 4625 4835 4626
f 4966 4969 6289
f 6289 4969 4695
f 4971 4652 4926
f 4926 4652 4368
f 4203 4977 6364
f 6364 4977 6365
f 4990 4989 4443
f 4443 4989 4440
f 4990 4991 4478
f 4478 4991 4512
f 4992 4991 4528
f 4528 4991 4515
f 4992 4993 4527
f 4527 4993 4485
f 4994 4993 4502
f 4502 4993 4503
f 4994 4995 4482
f 4482 4995 4550
f 4543 4996 4544
f 4544 4996 4995
f 4999 4998 4567
f 4567 4998 4578
f 5000 4998 4575
f 4575 4998 4997
f 5002 5001 4592
f 4592 5001 4574
f 5003 5004 4614
f 4614 5004 4611
f 3483 4215 1755
f 1755 4215 4698
f 5274 5277 4195
f 4195 5277 4223
f 4726 5295 4727
f 4727 5295 6350
f 5309 5342 5310
f 5310 5342 6363
f 5315 5314 5316
f 5316 5314 5317
f 5339 6362 5340
f 5340 6362 5363
f 5310 6363 5339
f 5339 6363 6362
f 4204 5309 4201
f 4201 5309 5308
f 4915 5345 6449
f 6449 5345 6448
f 5345 5315 6448
f 6448 5315 5316
f 5348 5347 6351
f 6351 5347 6352
f 5365 4263 5340
f 5340 4263 4262
f 6295 6298 4733
f 4733 6298 4734
f 4969 6306 4695
f 4695 6306 4696
f 6306 4378 4696
f 4696 4378 6311
f 6369 6372 6544
f 6544 6372 6545
f 4375 6390 4373
f 4373 6390 4374
f 6421 6422 4911
f 4911 6422 4908
f 4910 4909 4737
f 4737 4909 4736
f 5277 4219 4223
f 4223 4219 6429
f 4697 4222 6344
f 6344 4222 4221
f 6436 6361 6437
f 6437 6361 6360
f 6438 6440 6437
f 6437 6440 6434
f 6438 6359 6441
f 6441 6359 6358
f 6442 6441 6357
f 6357 6441 6358
f 6442 6444 6443
f 6443 6444 6445
f 6446 6444 6355
f 6355 6444 6356
f 6446 4912 6447
f 6447 4912 6450
f 6436 6435 5365
f 5365 6435 4263
f 5314 5347 5317
f 5317 5347 5346
f 4319 6512 4320
f 4320 6512 6513
f 6520 6512 6521
f 6521 6512 6508
f 6528 6520 6527
f 6527 6520 6521
f 6532 6539 6533
f 6533 6539 6535
f 6533 6535 6537
f 6537 6535 6534
f 6538 6543 6537
f 6537 6543 6536
f 6295 4377 6296
f 6296 4377 4376
f 4989 4930 4440
f 4440 4930 4439
f 4927 4929 4422
f 4422 4929 4455
f 4449 4936 4388
f 4388 4936 4459
f 4472 4935 4474
f 4474 4935 4932
f 4942 4940 4947
f 4947 4940 4939
f 5001 5000 4574
f 4574 5000 4575
f 4669 4943 4666
f 4666 4943 4667
f 4996 4999 4547
f 4547 4999 4567
f 4948 4946 4620
f 4620 4946 4615
f 5003 5002 4591
f 4591 5002 4592
f 6557 4971 6554
f 6554 4971 4926
f 6532 6560 6539
f 6539 6560 6559
f 6390 6372 4374
f 4374 6372 6371
f 4966 6298 4967
f 4967 6298 6297
f 6538 6526 6369
f 6369 6526 6370
f 6585 6589 4621
f 4621 6589 4619
f 6597 6578 6598
f 6598 6578 6577
f 6606 6583 6607
f 6607 6583 6603
f 6611 6602 6598
f 6598 6602 6596
f 6585 6584 6606
f 6606 6584 6583
f 6597 6580 5004
f 5004 6580 4611
f 6607 6603 6730
f 6730 6603 6732
f 6776 6785 6777
f 6777 6785 6784
f 6785 6776 6792
f 6792 6776 6782
f 6815 6814 6812
f 6812 6814 6813
f 6817 6814 6795
f 6795 6814 6796
f 6825 6784 6827
f 6827 6784 6783
f 6830 6815 6832
f 6832 6815 6812
f 6817 6795 6835
f 6835 6795 6837
f 6792 6782 6730
f 6730 6782 6728
f 6858 6825 6860
f 6860 6825 6827
f 6863 6830 6857
f 6857 6830 6832
f 6864 6863 6856
f 6856 6863 6857
f 6866 6858 6867
f 6867 6858 6860
f 6866 6864 6855
f 6855 6864 6856
f 6835 6837 6611
f 6611 6837 6602
f 6560 6528 6559
f 6559 6528 6527
f 4949 6557 4710
f 4710 6557 6554
f 4430 4090 4175
f 4175 4090 4089
f 4777 4113 4155
f 4155 4113 4086
f 4175 4089 4176
f 4176 4089 4142
f 4199 4271 4200
f 4200 4271 4798
f 4199 4095 4272
f 4272 4095 5273
f 4406 4405 4404
f 4404 4405 4346
f 4410 4409 6877
f 6877 4409 6876
f 4409 4413 6876
f 6876 4413 6307
f 4415 4148 4416
f 4416 4148 4147
f 4690 4405 4344
f 4344 4405 4342
f 4693 4692 4352
f 4352 4692 4349
f 4701 4700 6337
f 6337 4700 6338
f 4778 4777 4081
f 4081 4777 4155
f 4821 4406 4809
f 4809 4406 4404
f 4176 4142 4181
f 4181 4142 4415
f 4760 4970 4399
f 4399 4970 4692
f 4200 5007 4096
f 4096 5007 4078
f 5266 4693 5269
f 5269 4693 4352
f 5270 5007 5361
f 5361 5007 4797
f 4778 5270 4779
f 4779 5270 5361
f 6285 4410 6875
f 6875 4410 6877
f 6308 4413 4687
f 4687 4413 4412
f 6480 6320 6481
f 6481 6320 6880
f 4701 2878 4702
f 4702 2878 3472
f 6339 6347 6340
f 6340 6347 6348
f 6341 6342 6346
f 6346 6342 6345
f 4416 6308 4414
f 4414 6308 4687
f 6385 4690 6381
f 6381 4690 4344
f 5282 6341 5280
f 5280 6341 6339
f 4700 6342 6338
f 6338 6342 5281
f 6340 6348 4272
f 4272 6348 4270
f 6480 6479 4828
f 4828 6479 4829
f 6490 6479 6489
f 6489 6479 6478
f 4090 4430 6490
f 6490 4430 4429
f 6563 6564 4970
f 4970 6564 4815
f 4694 6566 4366
f 4366 6566 6563
f 6572 6385 6568
f 6568 6385 6381
f 4821 6285 4822
f 4822 6285 6875
f 6572 5266 6569
f 6569 5266 5269
f 3482 3103 4369
f 4369 3103 4370
f 3121 4730 3485
f 3485 4730 4327
f 6277 6280 6273
f 6273 6280 6272
f 6267 6276 6278
f 6278 6276 6279
f 6278 6279 6277
f 6277 6279 6280
f 6279 6256 6280
f 6280 6256 6255
f 6256 3857 6255
f 6255 3857 3754
f 3857 3856 3754
f 3754 3856 3755
f 3856 3703 3755
f 3755 3703 3863
f 3703 3702 3863
f 3863 3702 3759
f 3702 3706 3759
f 3759 3706 3670
f 3706 3705 3670
f 3670 3705 3668
f 3705 3773 3668
f 3668 3773 3882
f 3882 3773 3883
f 3883 3773 3707
f 3707 3708 3883
f 3883 3708 3880
f 3708 3710 3880
f 3880 3710 3881
f 3709 5241 3710
f 3710 5241 3881
f 5241 3709 5234
f 5234 3709 3786
f 3693 3712 3786
f 3786 3712 5234
f 4051 4055 4052
f 4052 4055 4056
f 4056 4055 4057
f 4057 4055 4054
f 4066 5238 5236
f 5236 5238 3989
f 4066 4069 5238
f 5238 4069 4035
f 6881 3962 3960
f 3960 3962 3957
f 6883 4070 6882
f 6882 4070 3941
f 4070 6883 4071
f 4071 6883 6884
f 4071 6884 4072
f 4072 6884 6885
f 6885 6886 4072
f 4072 6886 4031
f 3955 6881 3956
f 3956 6881 3960
f 6884 3991 6885
f 6885 3991 3990
f 6883 6887 6884
f 6884 6887 3991
f 6887 6888 3991
f 3991 6888 3992
f 6888 6887 6889
f 6889 6887 6890
f 6887 6883 6890
f 6890 6883 6882
f 4058 5240 3953
f 3953 5240 3954
f 5236 6888 5239
f 5239 6888 6889
f 5237 6886 3990
f 3990 6886 6885
f 4034 4031 5237
f 5237 4031 6886
f 6881 6882 3962
f 3962 6882 3941
f 6881 3955 6882
f 6882 3955 6890
f 3955 3954 6890
f 6890 3954 6889
f 5239 6889 5240
f 5240 6889 3954
f 6888 5236 3992
f 3992 5236 3989
f 3869 3868 3888
f 3888 3868 4015
f 3868 4012 4015
f 4015 4012 4010
f 4012 4022 4010
f 4010 4022 4009
f 4022 4021 4009
f 4009 4021 4018
f 4020 3974 4001
f 4001 3974 3996
f 4021 4020 4029
f 4029 4020 4001
f 4085 4156 4086
f 4086 4156 4155
f 4113 4777 4114
f 4114 4777 4776
f 4130 4129 4094
f 4094 4129 4091
f 4139 4773 4140
f 4140 4773 4772
f 4149 4178 4150
f 4150 4178 5225
f 4160 4159 4087
f 4087 4159 4088
f 4149 4148 4179
f 4179 4148 4141
f 4085 4084 4183
f 4183 4084 6315
f 4179 4141 4159
f 4159 4141 4088
f 4192 4130 4162
f 4162 4130 4094
f 4197 5288 4198
f 4198 5288 5287
f 4229 4766 4230
f 4230 4766 4771
f 4245 4246 4242
f 4242 4246 4249
f 4183 6315 4418
f 4418 6315 6314
f 4679 4178 4680
f 4680 4178 4177
f 4724 4798 4725
f 4725 4798 4271
f 4728 5275 4729
f 4729 5275 5274
f 4230 4771 4249
f 4249 4771 4242
f 4724 4723 4799
f 4799 4723 5355
f 4823 4824 4891
f 4891 4824 6327
f 4823 4192 4161
f 4161 4192 4162
f 4893 4767 4229
f 4229 4767 4766
f 4894 4895 4898
f 4898 4895 4899
f 4106 4150 4103
f 4103 4150 5225
f 4680 4894 4677
f 4677 4894 4898
f 6420 4977 5301
f 5301 4977 4976
f 4679 4678 5226
f 5226 4678 4427
f 5228 5008 4893
f 4893 5008 4767
f 5285 6354 5286
f 5286 6354 5343
f 5289 5352 5290
f 5290 5352 5349
f 5290 5349 5295
f 5295 5349 5348
f 5302 5299 4202
f 4202 5299 4976
f 4725 4271 5311
f 5311 4271 4270
f 5325 4723 5326
f 5326 4723 4722
f 5335 5355 5325
f 5325 5355 4723
f 5326 4722 5286
f 5286 4722 5283
f 4799 5357 4797
f 4797 5357 5361
f 5359 5356 5335
f 5335 5356 5355
f 4775 4774 5356
f 5356 4774 5357
f 5359 5358 4092
f 4092 5358 4093
f 6316 4740 6317
f 6317 4740 4739
f 6318 4827 6316
f 6316 4827 4740
f 6319 4828 6318
f 6318 4828 4827
f 6320 6480 6319
f 6319 6480 4828
f 6484 6322 6485
f 6485 6322 6321
f 6487 6324 6331
f 6331 6324 6323
f 6331 6323 6330
f 6330 6323 6325
f 6325 6326 6330
f 6330 6326 6329
f 6326 6328 6329
f 6329 6328 5231
f 4824 4685 5228
f 5228 4685 5008
f 5226 6343 5225
f 5225 6343 4103
f 4728 4727 6349
f 6349 4727 5284
f 6350 6351 5285
f 5285 6351 6354
f 4247 4246 6418
f 6418 4246 6365
f 6400 6402 6401
f 6401 6402 6459
f 4197 4196 6409
f 6409 4196 6426
f 6412 4897 6328
f 6328 4897 5231
f 6413 4133 6412
f 6412 4133 4897
f 6414 4134 6413
f 6413 4134 4133
f 6415 4225 6414
f 6414 4225 4134
f 6416 4252 6415
f 6415 4252 4225
f 6417 4253 6416
f 6416 4253 4252
f 4253 6417 6366
f 6366 6417 6419
f 6366 6419 4911
f 4911 6419 6421
f 6422 6423 4908
f 4908 6423 5298
f 5298 6423 6396
f 6396 6423 6424
f 6409 6426 6425
f 6425 6426 6397
f 5300 5299 6399
f 6399 5299 6400
f 6465 6408 6401
f 6401 6408 6398
f 6424 6399 6425
f 6425 6399 6398
f 6349 5284 5311
f 5311 5284 5283
f 6465 6464 5289
f 5289 6464 5352
f 6488 6483 6492
f 6492 6483 6482
f 6486 6491 6482
f 6482 6491 6492
f 6491 4895 6492
f 6492 4895 4157
f 6488 4160 6489
f 6489 4160 4087
f 6501 6502 4418
f 4418 6502 4417
f 6504 6500 6317
f 6317 6500 6314
f 3497 3496 6501
f 6501 3496 6502
f 3499 3498 6504
f 6504 3498 6500
f 4729 5274 4198
f 4198 5274 4195
f 6418 6365 6420
f 6420 6365 4977
f 5295 5348 6350
f 6350 5348 6351
f 5301 6422 6420
f 6420 6422 6421
f 4113 4112 4086
f 4086 4112 4083
f 6320 4112 6880
f 6880 4112 4111
f 4091 4772 4092
f 4092 4772 4775
f 4129 4140 4091
f 4091 4140 4772
f 4137 4140 4128
f 4128 4140 4129
f 4128 6324 4137
f 4137 6324 6321
f 6324 6487 6321
f 6321 6487 6485
f 6487 6486 6485
f 6485 6486 6482
f 4774 4773 4779
f 4779 4773 4776
f 4773 4139 4776
f 4776 4139 4114
f 4139 4138 4114
f 4114 4138 4111
f 4138 6322 4111
f 4111 6322 6880
f 6322 6484 6880
f 6880 6484 6481
f 6484 6483 6481
f 6481 6483 6478
f 6879 6343 6309
f 6309 6343 4428
f 4106 4105 4900
f 4900 4105 6307
f 3500 3167 6495
f 6495 3167 6496
f 3500 6495 3070
f 3070 6495 5368
f 3502 5235 3501
f 3501 5235 4813
f 3024 3503 6473
f 6473 3503 6474
f 3503 3023 6474
f 6474 3023 6374
f 3504 1770 4348
f 4348 1770 4345
f 3502 3505 5235
f 5235 3505 4810
f 3498 3497 6500
f 6500 3497 6501
f 3496 3075 6502
f 6502 3075 6275
f 6299 4254 3174
f 3174 4254 3017
f 1769 3501 4814
f 4814 3501 4813
f 3506 3018 6476
f 6476 3018 4257
f 3507 3499 6499
f 6499 3499 6504
f 3030 4216 3483
f 3483 4216 4215
f 3077 3507 6333
f 6333 3507 6499
f 1784 3160 5249
f 5249 3160 6523
f 3015 3506 4240
f 4240 3506 6476
f 3508 3504 6383
f 6383 3504 4348
f 3509 3016 6477
f 6477 3016 4239
f 3028 3509 6467
f 6467 3509 6477
f 3022 1785 5246
f 5246 1785 5247
f 3161 3508 6570
f 6570 3508 6383
f 3150 3149 4694
f 4694 3149 6566
f 1327 4807 3510
f 3510 4807 4811
f 3510 4811 3505
f 3505 4811 4810
f 3146 3511 4816
f 4816 3511 4350
f 3511 1808 4350
f 4350 1808 4351
f 3485 4327 3159
f 3159 4327 4330
f 1326 3512 4806
f 4806 3512 6310
f 3512 1331 6310
f 6310 1331 4688
