v 0.02004796 1.58842885 0.10726106
v 0.02797833 1.57346702 0.10939986
v 0.02216339 1.57364070 0.09631193
v 0.01310250 1.58419466 0.09242475
v 0.02861738 1.56377578 0.09842128
v 0.03318638 1.56329834 0.10951972
v 0.01467043 1.56981111 0.08629227
v 0.00432146 1.57693601 0.08148941
v 0.00911206 1.53564906 0.06926170
v 0.00092852 1.53281522 0.06269214
v 0.00038382 1.54408002 0.06688133
v 0.00837004 1.54400480 0.07322764
v 0.00936553 1.51041269 0.06127554
v 0.01738238 1.50119281 0.06551737
v 0.00880289 1.49259019 0.05890530
v -0.00032815 1.50195861 0.05527839
v 0.03414950 1.50609529 0.10483304
v 0.03445333 1.50125432 0.09767514
v 0.03310949 1.50888968 0.09559995
v 0.03247747 1.51279688 0.10320115
v 0.03703204 1.51352012 0.11772305
v 0.03315175 1.51890278 0.11745575
v 0.03687286 1.52150893 0.12403142
v 0.04191691 1.51580489 0.12345338
v 0.03440356 1.49929392 0.10875744
v 0.03450787 1.49424863 0.10096270
v 0.03421280 1.51019299 0.11122781
v 0.03653771 1.50609136 0.11257076
v 0.04669493 1.49997830 0.11607122
v 0.04482985 1.50477684 0.11568135
v 0.05098104 1.50576282 0.12043846
v 0.05072105 1.50005555 0.11994582
v 0.03855097 1.49987340 0.11139417
v 0.04071975 1.50287890 0.11237144
v 0.04310447 1.49892068 0.11405337
v 0.04034254 1.49601126 0.11401841
v 0.04033932 1.51001811 0.11794272
v 0.04639411 1.51134479 0.12259841
v 0.05270490 1.51217747 0.12814209
v 0.05714029 1.50485384 0.12570900
v 0.03079343 1.49110615 0.08243626
v 0.03368473 1.49700058 0.08987045
v 0.03425413 1.49031556 0.09328756
v 0.03248975 1.48616982 0.08666939
v 0.03750718 1.49333715 0.11118537
v 0.03933257 1.47885251 0.10321176
v 0.03945032 1.48267746 0.10405946
v 0.04251975 1.48201418 0.11087829
v 0.04241598 1.47854948 0.10943097
v 0.02380016 1.47793972 0.07193941
v 0.02805281 1.47527385 0.07779902
v 0.02570587 1.46839988 0.07484809
v 0.02035564 1.46907663 0.06902170
v 0.02448779 1.46039736 0.07513547
v 0.01731113 1.45932591 0.06746691
v 0.01506388 1.44277310 0.07187065
v 0.01600313 1.45000744 0.06919491
v 0.02453494 1.45333934 0.07705715
v 0.02694923 1.44687879 0.08115190
v 0.03474689 1.45077229 0.09530973
v 0.03736648 1.44744968 0.10130194
v 0.03486052 1.43621862 0.09271243
v 0.03156859 1.43985200 0.08691859
v 0.03549182 1.47179508 0.10085225
v 0.03312719 1.47301638 0.09661317
v 0.03544047 1.47482932 0.09714562
v 0.03813404 1.47501707 0.10192344
v 0.03201646 1.47395563 0.09265041
v 0.03166395 1.47405815 0.09086406
v 0.03282416 1.47534394 0.09160787
v 0.03270137 1.47499478 0.09313977
v 0.03292012 1.47402215 0.09508908
v 0.03310603 1.47177100 0.09566855
v 0.03231755 1.47283077 0.09346884
v 0.03546923 1.47000575 0.09933281
v 0.04254934 1.46471798 0.11225557
v 0.04156548 1.46565509 0.10820568
v 0.03988120 1.46960819 0.11075217
v 0.04065150 1.46921444 0.11438656
v 0.03403738 1.47769952 0.09439069
v 0.03405389 1.47879660 0.09200722
v 0.03670862 1.48057175 0.09709162
v 0.03597322 1.47759688 0.09736922
v 0.03426737 1.48165023 0.08986124
v 0.03266928 1.47707391 0.08969125
v 0.03216237 1.47897077 0.08698156
v 0.03150013 1.47224164 0.09094369
v 0.03073025 1.47129846 0.08753604
v 0.03190655 1.47406089 0.08784896
v 0.03066015 1.46743798 0.08873659
v 0.03207064 1.46952653 0.09306061
v 0.03444487 1.46677327 0.09637898
v 0.03768015 1.46408284 0.10082686
v 0.03508607 1.45991683 0.09646937
v 0.03241330 1.46343195 0.09186077
v 0.03573114 1.48539603 0.09624380
v 0.03053540 1.47455919 0.08335322
v 0.03009987 1.48169386 0.08210605
v 0.02944723 1.46975303 0.08194783
v 0.02874464 1.46437633 0.08261347
v 0.02950764 1.45789635 0.08555490
v 0.03174728 1.45479786 0.09021142
v 0.02102947 1.42817390 0.08604431
v 0.01832610 1.43372607 0.07899669
v 0.03161705 1.55536401 0.10875794
v 0.03005517 1.55734777 0.09984645
v 0.02673393 1.54966354 0.09638351
v 0.02660698 1.55171251 0.09507906
v 0.02852976 1.55237269 0.10139209
v 0.02823204 1.54967892 0.10097906
v 0.01358780 1.54572248 0.07970697
v 0.01786727 1.54641628 0.08494571
v 0.01671061 1.54245269 0.08356714
v 0.01349533 1.53934860 0.07646787
v 0.02363193 1.53375745 0.08965290
v 0.02048510 1.53570843 0.08553207
v 0.02243462 1.54161525 0.09138763
v 0.02453622 1.54013956 0.09451190
v 0.02608955 1.53885317 0.09832805
v 0.02664122 1.53740072 0.10246474
v 0.02691287 1.53279769 0.10052097
v 0.02600917 1.53319216 0.09514114
v 0.02909273 1.55176413 0.10788512
v 0.02761349 1.54848611 0.11430919
v 0.02754122 1.54661059 0.11241752
v 0.02898696 1.54899275 0.10686374
v 0.02233306 1.53706908 0.11933821
v 0.02309188 1.53971183 0.11898768
v 0.02382040 1.54003561 0.12277895
v 0.02335590 1.53564906 0.12242490
v 0.02448395 1.53375518 0.11946791
v 0.02346927 1.53611767 0.11783105
v 0.01489949 1.60528779 0.12132651
v 0.02549312 1.58903694 0.12304544
v 0.00688684 1.60350704 0.10340172
v -0.00036928 1.59631157 0.08883497
v -0.00751558 1.58419359 0.07638648
v 0.01732206 1.48407483 0.06503552
v 0.01122949 1.47519100 0.06071347
v 0.00041488 1.48359132 0.05357626
v -0.00470692 1.47280431 0.05175105
v 0.00762153 1.46328354 0.05911261
v 0.00010961 1.44113040 0.06670344
v 0.00386721 1.45144534 0.06081140
v -0.01106775 1.46164298 0.05318421
v -0.02488476 1.47625613 0.04774868
v -0.01695251 1.48382378 0.04782188
v -0.03626633 1.49186194 0.04755968
v -0.03745654 1.46963000 0.04894763
v -0.04495448 1.49068356 0.04842520
v -0.04269671 1.43762386 0.05053896
v -0.04904267 1.43101335 0.04270047
v -0.05270898 1.44605386 0.03161004
v -0.04828840 1.45096612 0.03878695
v -0.00926739 1.49282694 0.04998839
v -0.00736618 1.55539048 0.06620798
v 0.00259659 1.55379856 0.07219565
v -0.00961274 1.54295409 0.06086373
v -0.03107715 1.61004651 0.07774109
v -0.01475829 1.60594904 0.08337075
v -0.01898569 1.59204018 0.07184324
v -0.03379887 1.59927392 0.06755459
v -0.03041434 1.63566136 0.11389393
v -0.00532323 1.62376690 0.11713648
v -0.00962582 1.61672866 0.10185567
v -0.02933013 1.62647104 0.09698662
v -0.04669699 1.59984958 0.06378976
v -0.06474113 1.60110152 0.06111789
v -0.07322454 1.61358035 0.06879473
v -0.05168343 1.61505461 0.07390171
v -0.08365878 1.62834442 0.08387345
v -0.05747715 1.63088441 0.08984292
v -0.05435643 1.48088670 0.04311249
v -0.05654639 1.49660909 0.04719099
v -0.04228461 1.45757794 0.04725379
v -0.05384097 1.46955299 0.03834036
v -0.09243333 1.63715458 0.10269853
v -0.06183487 1.64003050 0.11096025
v -0.11236292 1.57675934 0.05678523
v -0.10505816 1.59354377 0.06038898
v -0.08783597 1.58375287 0.05346999
v -0.09579536 1.56951141 0.05039367
v -0.12958992 1.58131886 0.06776255
v -0.12179056 1.60019648 0.07342345
v -0.10707030 1.52403629 0.05129674
v -0.10005400 1.51001573 0.05143917
v -0.11444622 1.51005352 0.05717468
v -0.12510103 1.52293468 0.05876642
v 0.02292943 1.56241250 0.08956027
v 0.02666941 1.55626762 0.09254125
v 0.02177057 1.55465829 0.08690035
v 0.01711604 1.55826902 0.08281106
v 0.00822014 1.56258368 0.07822692
v -0.00243002 1.56624925 0.07346165
v -0.02411333 1.57909834 0.06487244
v -0.03702512 1.58807111 0.06089967
v -0.06109732 1.58911395 0.05539089
v -0.04727742 1.58958089 0.05808502
v -0.07886028 1.57214916 0.04953390
v -0.08354509 1.56333494 0.04663718
v -0.07144591 1.50689828 0.04688177
v -0.06928772 1.48966682 0.04257944
v -0.08293068 1.49433458 0.04576880
v -0.08656156 1.51029718 0.04861444
v -0.10709366 1.49905562 0.05628473
v -0.09390438 1.49763882 0.05076653
v -0.06988090 1.47190905 0.03332281
v -0.07452345 1.46940744 0.02848315
v -0.08777648 1.48016369 0.03233081
v -0.08398041 1.47927296 0.03733903
v -0.10087061 1.48787820 0.03556821
v -0.11206692 1.49170315 0.04209340
v -0.10641780 1.49098086 0.04722270
v -0.09547001 1.48744082 0.04226446
v -0.04724571 1.40847254 0.06292534
v -0.05641046 1.40329218 0.05624583
v -0.05542824 1.41394961 0.04588586
v -0.04810613 1.41845369 0.05378616
v -0.07963717 1.47059345 0.02234632
v -0.09111965 1.48465300 0.02560544
v -0.09160247 1.52421272 0.04794499
v -0.07926962 1.52458310 0.04734993
v -0.10500062 1.49237812 0.02846798
v -0.09306070 1.48901367 0.04648587
v -0.08182037 1.48424411 0.04200962
v -0.11817667 1.49887085 0.06536314
v -0.12908018 1.50688839 0.06745213
v 0.03186300 1.51670218 0.11047316
v 0.02590999 1.53273952 0.11087054
v 0.02588585 1.53632140 0.11145061
v 0.02473566 1.53567851 0.11528736
v 0.02547210 1.53236222 0.11565366
v 0.03387910 1.56695437 0.13509244
v 0.03481686 1.55100822 0.13193750
v 0.03541619 1.55817485 0.12055552
v 0.03257170 1.57066262 0.12236243
v 0.02524161 1.51092982 0.07568273
v 0.03009382 1.51366079 0.08706456
v 0.03257161 1.50351119 0.08739328
v 0.02901068 1.49857116 0.07889798
v 0.02005190 1.54686487 0.08836037
v 0.02044493 1.54861200 0.08705366
v 0.02224892 1.54827082 0.09020048
v 0.02773544 1.48512197 0.07719198
v 0.02346131 1.49201655 0.07118937
v -0.01003075 1.52892125 0.05681169
v 0.01150161 1.55226696 0.07795951
v -0.03069660 1.63996625 0.13811809
v -0.00186062 1.62466991 0.13908637
v -0.09856901 1.64299095 0.12505531
v -0.06443936 1.64523065 0.13260427
v -0.13842258 1.60535169 0.08816797
v -0.14766923 1.58475089 0.07939196
v -0.16023970 1.58651280 0.09675908
v -0.14915836 1.61123919 0.10662106
v -0.14007080 1.52057076 0.06870699
v -0.12106764 1.49014544 0.04972675
v -0.11607417 1.49077642 0.05669999
v 0.01821798 1.60544395 0.13737172
v 0.02809650 1.58582282 0.13671720
v -0.01440445 1.57185507 0.06831518
v 0.01219362 1.52782357 0.06763846
v 0.01612163 1.53324866 0.07463256
v 0.02037773 1.52885485 0.07605389
v 0.01722682 1.52022111 0.06817624
v 0.00442153 1.52057076 0.06044748
v -0.00717956 1.51412654 0.05450827
v -0.02143207 1.50780535 0.04862702
v -0.03001541 1.49770343 0.04697362
v -0.07990003 1.59594262 0.05769622
v -0.09462789 1.60660422 0.06583494
v -0.10711038 1.61791253 0.07795149
v -0.11906227 1.62486660 0.09584004
v -0.07412463 1.58610570 0.05371344
v -0.12645078 1.63025272 0.11728871
v 0.04165947 1.48600292 0.11274275
v 0.03784749 1.48828053 0.10503066
v 0.04107875 1.48992574 0.11567914
v 0.04013479 1.46155429 0.10540241
v 0.04138449 1.45970106 0.10961100
v 0.03820562 1.45484257 0.10650957
v 0.03717041 1.45700955 0.10157073
v 0.00249580 1.42567182 0.08242977
v 0.00051194 1.43310738 0.07457080
v -0.03751546 1.41396379 0.06852287
v -0.03929764 1.42384195 0.06040543
v 0.04483181 1.49868405 0.11936295
v 0.04494238 1.49827743 0.12112421
v 0.04264686 1.49725485 0.12071627
v 0.04271752 1.49797535 0.11860341
v 0.03384316 1.47489119 0.09492457
v 0.04406688 1.47686028 0.11457849
v 0.04437584 1.47580588 0.11770970
v 0.04263717 1.47248125 0.11614877
v 0.04237774 1.47354913 0.11286688
v -0.02021819 1.44865251 0.05952391
v -0.03352052 1.44349468 0.05716324
v -0.06066254 1.45578015 0.02641571
v -0.05659443 1.46142030 0.03226081
v -0.06809363 1.47904587 0.03823808
v -0.10461712 1.49337471 0.05348831
v -0.11658704 1.49303734 0.06067595
v -0.13122782 1.48576283 0.08441579
v -0.13597056 1.49030375 0.09137398
v -0.12787873 1.49554312 0.07639617
v -0.12419173 1.48996925 0.07275066
v -0.01657650 1.43282604 0.07009727
v -0.01418313 1.42497587 0.07825130
v -0.02640933 1.42141879 0.07390022
v -0.02891123 1.43019855 0.06610471
v 0.04509738 1.49411249 0.12385333
v 0.04658067 1.49260390 0.12512773
v 0.04396856 1.49069738 0.12350839
v 0.04334569 1.49348032 0.12221962
v 0.04102972 1.49607158 0.11690301
v 0.04092538 1.49481797 0.11875880
v 0.04088056 1.49280405 0.11771768
v 0.04560113 1.49893439 0.11793798
v 0.04300839 1.49780571 0.11670536
v 0.04962260 1.49781942 0.12345368
v 0.04839450 1.49802840 0.12047821
v 0.05451047 1.49714506 0.12413788
v 0.04393184 1.49499941 0.12250513
v 0.04244947 1.49408710 0.12118655
v 0.04136777 1.49652231 0.11841652
v 0.04132158 1.49554515 0.11995405
v 0.04758596 1.49742031 0.12299860
v 0.04661247 1.49787688 0.12092704
v 0.04680327 1.51788044 0.12938929
v 0.04835320 1.51701546 0.13595304
v 0.05403039 1.51028490 0.13488388
v 0.05892536 1.50298882 0.13312435
v 0.05652648 1.49548030 0.13018042
v -0.02659458 1.41509116 0.08041281
v -0.03804034 1.40792930 0.07564852
v 0.02670708 1.58048141 0.15243071
v 0.03200254 1.56291342 0.14730287
v 0.03220892 1.47418094 0.09351894
v 0.03059965 1.55205107 0.11651549
v 0.02517697 1.52516735 0.08193558
v 0.02995986 1.52015102 0.10358524
v 0.03065822 1.51723826 0.09577245
v 0.02832353 1.52559841 0.09812206
v 0.02807540 1.52661347 0.10470432
v 0.02952170 1.54690194 0.12478143
v 0.03305951 1.53992462 0.13282844
v 0.02750531 1.54014397 0.12766728
v 0.02724743 1.53360355 0.12644184
v 0.03478527 1.53164673 0.13043991
v 0.03156829 1.52625704 0.12369123
v 0.02647251 1.52973044 0.12192494
v 0.02469933 1.54929566 0.09316298
v 0.02346241 1.55117524 0.09099850
v 0.02950060 1.52376699 0.11700410
v 0.02912676 1.52181888 0.11043271
v 0.02711540 1.52729917 0.11069429
v 0.02650815 1.52815723 0.11640039
v 0.02737141 1.52439940 0.09045798
v 0.01684016 1.55087733 0.08306277
v 0.01784545 1.53892052 0.08361399
v -0.07202780 1.52811146 0.04601151
v -0.06613350 1.51543820 0.04668531
v -0.04664189 1.50481343 0.04007900
v -0.04435781 1.50073588 0.04173318
v -0.04856277 1.50302196 0.04812086
v -0.05204031 1.50702739 0.04251039
v -0.06114805 1.55967450 0.04590058
v -0.06461048 1.56719100 0.04872364
v -0.05755219 1.56806147 0.05009380
v -0.05862072 1.55972517 0.04685643
v -0.05208683 1.56170583 0.04910260
v -0.04960221 1.56536102 0.05065975
v -0.04829583 1.55627298 0.04799300
v -0.05185640 1.55664086 0.04773390
v -0.04834074 1.57730019 0.05370587
v -0.03854784 1.57315433 0.05595952
v -0.04229528 1.56112480 0.05173147
v -0.02041310 1.55558884 0.06004101
v -0.03284296 1.54510736 0.05355287
v -0.03687441 1.55443799 0.05331996
v -0.02930242 1.56564867 0.05790305
v -0.03978175 1.50541687 0.04395843
v -0.03727376 1.51375043 0.04806051
v -0.05744871 1.50734973 0.04850122
v -0.16328621 1.58426571 0.12567225
v -0.14900070 1.60907769 0.13295162
v -0.11439648 1.55816388 0.05374682
v -0.13127843 1.56054258 0.06334150
v -0.09865290 1.55446911 0.04632717
v -0.08538869 1.55110753 0.04415366
v -0.14684039 1.56245184 0.07702571
v -0.16064233 1.55801904 0.09139177
v -0.02075699 1.53866029 0.05477631
v -0.03338891 1.53494716 0.05324674
v -0.11350858 1.54032123 0.05174583
v -0.12999481 1.54143858 0.06162488
v -0.09745568 1.53856719 0.04621416
v -0.08374143 1.53814662 0.04509753
v -0.14649981 1.54104257 0.07199806
v -0.14983246 1.51593661 0.08153018
v -0.15727377 1.53471744 0.08512762
v -0.04792508 1.51676941 0.04324153
v -0.04348528 1.51472223 0.04541248
v -0.04437256 1.50857830 0.04250193
v -0.04598001 1.51140356 0.03989536
v -0.02249938 1.52633393 0.05180272
v -0.03568250 1.52485621 0.05022985
v 0.04145989 1.52470970 0.12989542
v 0.03772733 1.53055072 0.13829991
v 0.04313889 1.52414083 0.13702363
v 0.03397259 1.53901792 0.13996571
v -0.06400603 1.64082074 0.15589383
v -0.03177091 1.63541818 0.16008914
v -0.12617651 1.62845826 0.14195123
v -0.09720242 1.64045131 0.14990431
v 0.03866220 1.44446945 0.10698521
v 0.03675431 1.43290031 0.09949481
v 0.04350811 1.48459625 0.11791861
v 0.04373819 1.48298073 0.12080145
v 0.04441202 1.47931504 0.11920989
v 0.04417032 1.48045707 0.11619061
v 0.02546018 1.54494870 0.11967748
v -0.14029506 1.50217843 0.07825637
v -0.12549144 1.48677862 0.06679997
v -0.12902606 1.48567843 0.06061834
v -0.11814386 1.49530137 0.03432694
v -0.13004249 1.49260139 0.04330724
v 0.04345584 1.48643160 0.12232983
v 0.04280883 1.48780239 0.11975831
v 0.04601353 1.49651957 0.12342194
v 0.04105127 1.47422588 0.10780573
v 0.04240221 1.49077570 0.12080234
v 0.04219818 1.49303818 0.12067455
v 0.04436666 1.48896623 0.12542701
v 0.04334325 1.48568833 0.12386483
v 0.02679789 1.53227806 0.10589164
v 0.02668139 1.53615642 0.10680974
v 0.05035591 1.49376798 0.12544030
v 0.04788059 1.49504733 0.12463942
v 0.05039698 1.49195170 0.12844750
v -0.05484766 1.42661238 0.03390706
v -0.05818170 1.44152164 0.02448951
v 0.04417348 1.47505724 0.11980638
v 0.04263228 1.47158301 0.11834592
v -0.00266746 1.62038660 0.16081002
v -0.15504110 1.51028275 0.09831649
v -0.16189593 1.52840543 0.10363024
v -0.04118532 1.54115164 0.05022484
v -0.04668871 1.53808868 0.04694352
v -0.04759565 1.54507160 0.04608709
v -0.04243985 1.54860020 0.04952800
v -0.04820645 1.40215111 0.07061532
v -0.06744441 1.45625222 0.02042040
v -0.13906556 1.48683548 0.05284995
v 0.01956639 1.54515219 0.08811295
v 0.02032790 1.54339528 0.08914518
v 0.02502078 1.54326558 0.11644939
v -0.16597021 1.55569303 0.11138034
v 0.03878191 1.46760261 0.10358655
v 0.03822732 1.47115612 0.10610187
v -0.13113391 1.48185933 0.07909369
v -0.01345128 1.41821575 0.08453453
v 0.04724735 1.49093103 0.12654465
v -0.14358234 1.49919474 0.09453523
v -0.05550054 1.55119920 0.04399794
v -0.05204770 1.55026543 0.04271618
v -0.05239451 1.54701972 0.04229519
v -0.05402401 1.54690456 0.04362389
v -0.04675180 1.55333757 0.04349318
v -0.04904678 1.55042565 0.04112968
v -0.04972318 1.55328000 0.04053158
v -0.04849589 1.55692375 0.04321909
v -0.04497570 1.55318713 0.04830581
v -0.04618743 1.54841614 0.04459590
v -0.05136099 1.55581033 0.04020384
v -0.05015713 1.55837226 0.04136521
v -0.05164695 1.55966651 0.04418164
v -0.05541781 1.55894315 0.04721010
v -0.05311307 1.56016743 0.03929597
v -0.05553597 1.56134701 0.04271376
v -0.05723357 1.56087983 0.03614232
v -0.05993363 1.56201887 0.04089680
v -0.06209767 1.55868816 0.03314525
v -0.06515473 1.55908692 0.03847206
v -0.04324716 1.52171683 0.04806566
v -0.05003572 1.52190101 0.04663378
v -0.06488177 1.55370402 0.03075105
v -0.06784210 1.55308664 0.03665620
v -0.06695291 1.54702425 0.02899596
v -0.07023153 1.54659486 0.03453267
v -0.06778055 1.54004478 0.02849650
v -0.07144588 1.53899813 0.03280130
v -0.06765077 1.53281617 0.02847034
v -0.07075873 1.53044188 0.03212819
v -0.06527185 1.52517188 0.02871415
v -0.06875807 1.52035332 0.03183246
v -0.05894947 1.55800498 0.03835058
v -0.06211218 1.55538130 0.03599143
v -0.06331545 1.55553699 0.04655930
v -0.05452910 1.55753732 0.03984958
v -0.05882549 1.54079258 0.04189312
v -0.06038368 1.54346085 0.04471323
v -0.06013697 1.54200673 0.04420650
v -0.06246638 1.54063869 0.04398561
v -0.04793224 1.52838254 0.04787332
v -0.05050805 1.52889550 0.04605210
v -0.04948357 1.53427136 0.04623073
v -0.05202207 1.52447176 0.04610866
v -0.05278087 1.52547038 0.04709023
v -0.05210307 1.52903008 0.04825026
v -0.05303276 1.53546274 0.04912636
v -0.05555803 1.52541482 0.04498708
v -0.05498555 1.52367926 0.04368252
v -0.05629173 1.52699232 0.04691052
v -0.05503112 1.52760184 0.04777211
v -0.05593807 1.52998614 0.04892671
v -0.05787921 1.53404617 0.04802367
v -0.04235291 1.53181005 0.04992762
v -0.06621498 1.53077841 0.04296574
v -0.06349048 1.52088535 0.04355276
v -0.06106746 1.51894081 0.03088242
v -0.06297034 1.51156330 0.03121948
v -0.04839277 1.50865388 0.03486031
v -0.05537993 1.50743759 0.03152794
v -0.06506854 1.55069637 0.04528940
v -0.06705177 1.54474461 0.04319763
v -0.05793768 1.51302004 0.04368788
v -0.06775045 1.53861427 0.04197633
v -0.06385171 1.52837908 0.03197819
v -0.06122038 1.52432775 0.03473151
v -0.06608716 1.53443968 0.03076807
v -0.05359554 1.52065611 0.04116893
v -0.05175543 1.51564097 0.03783515
v -0.05612594 1.51626778 0.03352278
v -0.05799353 1.52121854 0.03810993
v -0.06203374 1.53048086 0.03438669
v -0.06050715 1.52691305 0.03782451
v -0.06190810 1.53210711 0.03809986
v -0.06069207 1.52913487 0.04152429
v -0.05833998 1.52664232 0.04416716
v -0.05806014 1.52429855 0.04127648
v -0.06130967 1.53070903 0.04582444
v -0.06276760 1.53636754 0.04244152
v -0.05820164 1.52789652 0.04700756
v -0.06173438 1.53571653 0.03628254
v -0.06186664 1.54005933 0.03506166
v -0.05948555 1.54179835 0.03836316
v -0.06130451 1.53912497 0.04004869
v -0.06674176 1.54038060 0.03137499
v -0.06378892 1.53982782 0.03177130
v -0.06320596 1.53476894 0.03263155
v -0.06381661 1.54551411 0.03292823
v -0.06612793 1.54607010 0.03285420
v -0.06222308 1.54479814 0.03498647
v -0.06054559 1.54510975 0.03704166
v -0.06061658 1.55346704 0.03628403
v -0.06250316 1.54991746 0.03461859
v -0.06449366 1.55199409 0.03400856
v -0.06081676 1.54838836 0.03558910
v -0.05952129 1.55073512 0.03715804
v -0.05975565 1.54840732 0.03795555
v -0.06092325 1.54780400 0.03680819
v -0.05325660 1.55443144 0.04139990
v -0.05208409 1.55236745 0.04229283
v -0.05551803 1.55561566 0.04036549
v -0.05589300 1.55548263 0.04248738
v -0.05652490 1.55322158 0.04107910
v -0.05601674 1.55423260 0.04355788
v -0.05653334 1.55061173 0.04153076
v -0.05632308 1.54725051 0.04244903
v -0.07505465 1.39214492 0.03863043
v -0.06576842 1.39779389 0.04746857
v -0.07029691 1.38947320 0.05548799
v -0.08145967 1.38442206 0.04715025
v -0.05742103 1.54931140 0.03964758
v -0.05787417 1.55211377 0.03915352
v -0.05808407 1.55453777 0.03838775
v -0.05850348 1.54489207 0.04043996
v -0.05861172 1.54389644 0.03902385
v -0.05887485 1.54593420 0.03851110
v -0.05765027 1.54653311 0.04040992
v -0.05020484 1.53860617 0.04579163
v -0.05403501 1.53628731 0.04640400
v -0.05873540 1.53698468 0.04469854
v -0.07835740 1.41059899 0.00297046
v -0.07274634 1.43114328 -0.00226982
v -0.07073742 1.43564641 0.00449331
v -0.07368428 1.41642451 0.01126485
v -0.07567978 1.38514590 -0.00886951
v -0.07959563 1.36666334 -0.01748207
v -0.06865966 1.38221252 -0.02704626
v -0.06754655 1.41145277 -0.02032489
v -0.07282534 1.35939002 -0.03321317
v -0.08404988 1.34776199 -0.02413060
v -0.08597919 1.30065405 -0.04960200
v -0.08190516 1.31923199 -0.04407918
v -0.09067160 1.31094611 -0.03439525
v -0.09503242 1.29311037 -0.04005091
v -0.11449301 1.24434507 -0.11408275
v -0.11782774 1.23903215 -0.10390924
v -0.13445088 1.23227215 -0.11027265
v -0.13304234 1.23815370 -0.12278336
v -0.04576907 1.37057114 -0.08111353
v -0.04621923 1.36938024 -0.09198827
v -0.03584462 1.38848031 -0.08320163
v -0.03809226 1.39050937 -0.07366571
v -0.07706267 1.47557175 -0.01678139
v -0.07858819 1.47618663 -0.01102862
v -0.07292485 1.45031655 -0.01325025
v -0.06972194 1.44781697 -0.01837432
v -0.09873539 1.29939914 -0.14041156
v -0.09058660 1.29522550 -0.12857468
v -0.09810150 1.28217733 -0.13455370
v -0.10719466 1.28552043 -0.14540756
v -0.18795972 1.25507116 -0.18863311
v -0.18853962 1.23752379 -0.17682368
v -0.20296946 1.22756183 -0.19038203
v -0.20241979 1.24649048 -0.20320791
v -0.18169671 1.32609296 -0.20522639
v -0.19883524 1.32134914 -0.21529183
v -0.21068144 1.34333301 -0.21592094
v -0.19346964 1.34846449 -0.20721988
v -0.07368308 1.31596088 -0.06858581
v -0.06729978 1.33535385 -0.06215608
v -0.07393056 1.32733548 -0.05297378
v -0.07879347 1.30839121 -0.05886790
v 0.10308248 1.41512156 -0.12359542
v 0.07785469 1.42074120 -0.11456260
v 0.07309443 1.40847504 -0.12312193
v 0.09873176 1.40307558 -0.13272244
v -0.27333298 1.27216947 -0.26903218
v -0.28386864 1.25946617 -0.27943438
v -0.29553309 1.28456736 -0.28130266
v -0.28432727 1.29587364 -0.26869822
v -0.00054669 1.45375168 -0.06649086
v -0.00111836 1.47926795 -0.06623599
v -0.01098561 1.48121500 -0.06044021
v -0.00839248 1.45523643 -0.06004921
v -0.06555682 1.33891356 -0.10435290
v -0.05713159 1.35308826 -0.09816089
v -0.05444294 1.35249162 -0.08682176
v -0.06323391 1.33580649 -0.09344231
v -0.16112554 1.36377871 -0.19304526
v -0.14477041 1.37349737 -0.18307106
v -0.13623083 1.35776997 -0.17831525
v -0.15060747 1.34562576 -0.18952796
v -0.16597843 1.33515561 -0.19879657
v -0.17720515 1.35514247 -0.20063181
v -0.06567046 1.32977545 -0.08586706
v -0.05572361 1.35022867 -0.07794541
v -0.06148788 1.34312665 -0.07083091
v -0.06919557 1.32313228 -0.07745594
v -0.15280223 1.22887206 -0.11457619
v -0.15140340 1.23690975 -0.12982103
v -0.27639765 1.23297513 -0.27277818
v -0.26564384 1.24669111 -0.26324591
v -0.26227236 1.22220933 -0.25341308
v -0.27377006 1.20834804 -0.26191685
v -0.17935953 1.23318887 -0.14875923
v -0.17635983 1.24659300 -0.16149795
v -0.16285774 1.24809265 -0.14895469
v -0.16648805 1.23809338 -0.13624251
v -0.27325433 1.18588042 -0.24764292
v -0.26238954 1.19979358 -0.24086046
v -0.26336822 1.17990434 -0.22591919
v -0.27445471 1.16470873 -0.23346579
v -0.07783014 1.33842289 -0.03896159
v -0.08733267 1.32913375 -0.02922767
v -0.10861146 1.25897276 -0.12939499
v -0.11096710 1.25123692 -0.12287793
v -0.12972435 1.24574220 -0.13290280
v -0.12589067 1.25429738 -0.14023553
v -0.06565520 1.36790204 -0.12057313
v -0.05091298 1.38143563 -0.11887922
v -0.03624016 1.38537967 -0.09977393
v -0.05166116 1.36742449 -0.10645995
v -0.30636972 1.27302408 -0.29368538
v -0.29433757 1.24749136 -0.28969327
v -0.28447920 1.17509007 -0.25548044
v -0.28561112 1.15350664 -0.24144523
v -0.05828071 1.42203486 -0.16108105
v -0.05194408 1.41445696 -0.15334389
v -0.06399688 1.40715396 -0.15510011
v -0.06802720 1.41381538 -0.16261066
v -0.13520539 1.22922087 -0.07474816
v -0.14778143 1.22502077 -0.09533849
v -0.12993056 1.23078072 -0.09482709
v -0.12063777 1.23630869 -0.07851066
v -0.14412761 1.25534451 -0.15020344
v -0.14810520 1.24595237 -0.14140509
v -0.15868688 1.25934243 -0.15942624
v -0.15260506 1.22433984 -0.07125610
v -0.17015579 1.22077429 -0.09639731
v -0.09739149 1.31972063 -0.01896368
v -0.09992903 1.30241859 -0.02361923
v -0.09471688 1.33690631 -0.01390687
v -0.09090039 1.35352111 -0.00712648
v -0.10020190 1.34312558 0.00379482
v -0.10394302 1.32709479 -0.00247262
v -0.08619738 1.36886728 0.00090483
v -0.09567937 1.35702205 0.01164648
v -0.08525440 1.39322901 0.01231822
v -0.07905227 1.39993727 0.01979458
v -0.06443650 1.35357594 -0.11122235
v -0.07344317 1.34121215 -0.11690506
v -0.28484970 1.19731843 -0.26961124
v -0.14974487 1.50826287 -0.09036529
v -0.13297355 1.51026845 -0.09723665
v -0.14285675 1.50365376 -0.10736248
v -0.15964425 1.50261939 -0.10045519
v -0.06535009 1.45097005 -0.02441418
v -0.07430470 1.47796714 -0.02177109
v -0.09968770 1.46466959 -0.16587174
v -0.09897280 1.45545483 -0.16962780
v -0.11257482 1.45387709 -0.16581878
v -0.11210358 1.46449411 -0.16153798
v -0.06645358 1.44040525 -0.17196865
v -0.06735641 1.45050168 -0.17341119
v -0.05126229 1.45428622 -0.17427903
v -0.05064830 1.44608140 -0.17372960
v -0.30902028 1.30627513 -0.27733070
v -0.29769671 1.31718504 -0.26363364
v -0.22472920 1.40292346 -0.18732123
v -0.20363519 1.40822875 -0.18494572
v -0.19544038 1.39250934 -0.19349068
v -0.21507132 1.38635373 -0.19772330
v -0.23136878 1.47140181 -0.02623704
v -0.21853040 1.48136175 -0.04185462
v -0.22820887 1.47749364 -0.05041206
v -0.23953067 1.46690357 -0.03395067
v -0.17782307 1.50486565 -0.06219344
v -0.19753884 1.49690425 -0.04788831
v -0.18880975 1.49917567 -0.03948155
v -0.16782677 1.50761902 -0.05287494
v -0.16876474 1.50504684 -0.08169863
v -0.17835289 1.49889636 -0.09146476
v -0.16918975 1.38199866 -0.19259861
v -0.15227133 1.38968790 -0.18357107
v -0.12605584 1.40304017 -0.17686489
v -0.11415571 1.40774584 -0.17352888
v -0.10891104 1.39667797 -0.16906805
v -0.12020695 1.39072955 -0.17205410
v -0.08040279 1.47800732 -0.00344470
v -0.09042218 1.49796307 -0.01073362
v -0.09438449 1.49818730 -0.00217709
v -0.15433961 1.50290203 -0.00354066
v -0.14270729 1.50517821 -0.00727245
v -0.14606148 1.50665104 -0.01472905
v -0.16002774 1.50284648 -0.00875071
v -0.26571047 1.45376074 -0.09028253
v -0.27536792 1.44192433 -0.10231289
v -0.29080099 1.43542850 -0.08202294
v -0.28050077 1.44745100 -0.07158357
v -0.10559142 1.42170036 -0.17220774
v -0.10888177 1.43200409 -0.17188457
v -0.09502301 1.43518269 -0.17286585
v -0.09177375 1.42500103 -0.17241646
v -0.12206647 1.42888868 -0.17314167
v -0.11841649 1.41828394 -0.17450771
v -0.13079050 1.41447270 -0.17842703
v -0.13496622 1.42579281 -0.17716819
v -0.18367693 1.41320658 -0.18265258
v -0.16337401 1.41842186 -0.18174045
v -0.15747052 1.40466011 -0.18405505
v -0.17658433 1.39842308 -0.18866721
v -0.33128965 1.39729691 -0.11544885
v -0.31866324 1.41142046 -0.10416547
v -0.30620778 1.41671419 -0.12280679
v -0.32172525 1.40379119 -0.13347335
v -0.03289908 1.41252697 -0.13792181
v -0.02124202 1.41528845 -0.13871953
v -0.01657748 1.41179681 -0.12486604
v -0.02530584 1.40908396 -0.12445037
v -0.03835815 1.47605920 -0.17151845
v -0.03737235 1.48210394 -0.16836242
v -0.02334744 1.48354602 -0.16940707
v -0.02492186 1.47821462 -0.17260663
v -0.00664049 1.41826105 -0.15513206
v 0.01450527 1.41436732 -0.16310786
v 0.01497358 1.41058707 -0.14821857
v -0.00538099 1.41442001 -0.14216356
v -0.08392444 1.50422180 -0.03193337
v -0.08630037 1.50197077 -0.02487890
v -0.07183391 1.48088837 -0.02632374
v -0.03020835 1.43089104 -0.16792534
v -0.03238320 1.43924689 -0.17361312
v -0.01308832 1.43918920 -0.18043725
v -0.01089558 1.43051291 -0.17435391
v 0.10696387 1.43212092 -0.11895202
v 0.08204728 1.43788934 -0.11132452
v 0.03487396 1.41764271 -0.18177988
v 0.01218569 1.42007220 -0.17391467
v 0.01036197 1.42804039 -0.18284994
v 0.03448391 1.42730641 -0.19077203
v -0.23435065 1.38109314 -0.20298755
v -0.24500397 1.39679253 -0.19064310
v -0.33926475 1.33698201 -0.25572097
v -0.32630163 1.34869957 -0.24039310
v -0.31196520 1.33528626 -0.25344822
v -0.32379967 1.32422662 -0.26798108
v -0.32044479 1.29559410 -0.29065678
v -0.35297620 1.32530177 -0.27153730
v -0.33671871 1.31279993 -0.28311560
v -0.09660670 1.49476016 0.01298782
v -0.09673667 1.49710822 0.00606477
v -0.11683843 1.50467396 0.00770366
v -0.11427915 1.50253356 0.01533040
v -0.38517478 1.22215378 -0.36638910
v -0.36272439 1.20062935 -0.36154455
v -0.37763059 1.17778921 -0.37371510
v -0.40261680 1.19925034 -0.37890658
v -0.15349364 1.50017750 0.02042255
v -0.14633992 1.50002003 0.02886224
v -0.13113505 1.50217009 0.02094218
v -0.13558933 1.50398374 0.01281662
v -0.36970654 1.24045682 -0.35176432
v -0.34967366 1.21741760 -0.34975231
v -0.08250499 1.47646344 0.00970435
v -0.08225718 1.47825146 0.00397110
v -0.07311139 1.45710230 0.00796041
v -0.07389098 1.45672095 0.00234500
v -0.06765312 1.43833852 0.01068321
v -0.34659392 1.17626178 -0.35349458
v -0.35790622 1.15528274 -0.36541155
v -0.10950357 1.49796033 0.02157474
v -0.12461919 1.49865830 0.02768832
v -0.13853598 1.49651086 0.03604811
v -0.14854902 1.49102581 0.04577446
v -0.15626732 1.48453271 0.05773336
v -0.14504582 1.48226964 0.06450391
v -0.31667483 1.26065886 -0.30363306
v -0.33255583 1.28358519 -0.30414891
v -0.52260733 1.14459991 -0.39646536
v -0.51699352 1.11888623 -0.40363833
v -0.54171503 1.11976790 -0.38039374
v -0.54627436 1.14534330 -0.37703264
v -0.57811320 1.14220369 -0.31636316
v -0.56520808 1.14372361 -0.35109216
v -0.55907804 1.11850512 -0.35152233
v -0.56956828 1.11630511 -0.31673440
v -0.53127086 1.26891577 -0.27274567
v -0.51195312 1.28332734 -0.26153541
v -0.49681038 1.28649247 -0.28598791
v -0.51599926 1.27317226 -0.29813498
v -0.34921139 1.30159032 -0.29719794
v -0.36643746 1.31390667 -0.28673226
v -0.30478621 1.23669744 -0.29700831
v -0.38631979 1.03361738 -0.40457356
v -0.40058261 1.01028979 -0.41862974
v -0.42665049 1.03564334 -0.43652186
v -0.41327178 1.06228733 -0.42419177
v -0.49365014 1.06751633 -0.43555784
v -0.52555138 1.07308972 -0.41702765
v -0.51882029 1.09553134 -0.40969852
v -0.48508012 1.09276986 -0.42660165
v -0.28797513 1.13328099 -0.22650783
v -0.30196664 1.12490928 -0.23255862
v -0.29828054 1.14489317 -0.24718767
v -0.31304243 1.09442711 -0.17657650
v -0.32728276 1.08870590 -0.18201467
v -0.31686541 1.09634912 -0.19916622
v -0.30196670 1.10325789 -0.19456154
v -0.37856579 1.04921043 -0.21391368
v -0.36650231 1.06185114 -0.21218669
v -0.37256229 1.05922055 -0.19901085
v -0.38375458 1.04837155 -0.20366535
v -0.33542848 1.14992762 -0.33970553
v -0.32906210 1.16872382 -0.32923189
v -0.32544294 1.14431238 -0.30901369
v -0.33062065 1.12499082 -0.31564245
v -0.55314726 1.09861314 -0.34981406
v -0.55878305 1.09437406 -0.31282508
v -0.37127262 1.01208377 -0.37408486
v -0.38592243 0.98596931 -0.38951218
v -0.38616878 0.96884757 -0.35628611
v -0.37360623 0.99578774 -0.34265634
v -0.38763177 0.98634362 -0.31417513
v -0.39961731 0.96062124 -0.32612342
v -0.44692346 1.00562048 -0.23989120
v -0.45690235 1.01105201 -0.24936801
v -0.42751575 1.01223707 -0.24834415
v -0.41892457 1.01177645 -0.23646986
v -0.57944638 1.19056702 -0.30792993
v -0.56657982 1.19349027 -0.33617151
v -0.56809312 1.16915917 -0.34496519
v -0.58141696 1.16915238 -0.31255776
v -0.38382164 1.32161152 -0.27395487
v -0.36902139 1.33263624 -0.25728187
v -0.38228810 1.33729219 -0.24124411
v -0.36618733 1.35056317 -0.22489432
v -0.35421020 1.34453166 -0.24131575
v -0.26583397 1.42053902 -0.15680239
v -0.24569803 1.42964649 -0.15511784
v -0.23548719 1.41699362 -0.17334965
v -0.25493979 1.40996850 -0.17564645
v -0.20559800 1.49339581 -0.05718574
v -0.21437868 1.48854613 -0.06627798
v -0.54647863 1.07513142 -0.38867605
v -0.55309129 1.05132961 -0.40410572
v -0.56569225 1.04637551 -0.37125796
v -0.55754030 1.07116389 -0.34375641
v -0.50288379 1.04374146 -0.44473538
v -0.45837933 1.05704939 -0.44219282
v -0.47158450 1.03141546 -0.45227897
v -0.41334262 0.98477036 -0.42981911
v -0.43958062 1.01015711 -0.44728199
v -0.39980826 0.94210422 -0.36838973
v -0.41391185 0.93471640 -0.33864772
v -0.48014882 0.97682464 -0.28644031
v -0.49426886 0.95945537 -0.29971570
v -0.46617854 0.94623321 -0.30429476
v -0.45122063 0.96663421 -0.29135653
v -0.36669162 1.04774165 -0.24881186
v -0.37420219 1.04083633 -0.26254058
v -0.35505742 1.06268525 -0.27969840
v -0.34787318 1.07809138 -0.27303776
v -0.28658715 1.11438322 -0.18691617
v -0.29632640 1.10534728 -0.17242467
v -0.27559161 1.14513361 -0.21819882
v -0.27957138 1.12774169 -0.20200148
v -0.29362062 1.11587381 -0.21078695
v -0.23207983 1.16739047 -0.14999148
v -0.24707344 1.15614033 -0.15918459
v -0.24055783 1.16947138 -0.17758203
v -0.22532178 1.18090320 -0.16889489
v -0.20875981 1.19400489 -0.15817797
v -0.21597736 1.18083060 -0.13927591
v -0.18889068 1.21259272 -0.11290454
v -0.18302798 1.22174633 -0.13204572
v -0.16956565 1.22834969 -0.11959562
v -0.10755724 1.31072068 -0.00820711
v -0.11082226 1.29482377 -0.01384392
v -0.34099880 1.12720430 -0.34712788
v -0.55484891 1.04915023 -0.31533718
v -0.56685090 1.03129280 -0.34055278
v -0.55576169 1.01150966 -0.32025474
v -0.54147631 1.02698982 -0.30293435
v -0.33722264 1.19347465 -0.34230894
v -0.28760493 1.22167003 -0.28090727
v -0.29839954 1.21212554 -0.28767610
v -0.16766623 1.30069637 -0.19150604
v -0.19013816 1.29719329 -0.20770761
v -0.11818397 1.23698604 -0.09421557
v -0.11065048 1.24315786 -0.08470967
v -0.44738343 1.08428800 -0.43152988
v -0.41536561 0.91640854 -0.37965381
v -0.43091026 0.90927887 -0.35109413
v -0.44762000 0.88599879 -0.36285597
v -0.43115610 0.89216918 -0.39010644
v -0.53212327 0.95581490 -0.31862822
v -0.54377532 0.93539375 -0.33829814
v -0.52204973 0.92023408 -0.33286771
v -0.50867444 0.94069999 -0.31567052
v -0.55439562 0.91228652 -0.35645142
v -0.56635308 0.89047712 -0.37415072
v -0.54943210 0.87450105 -0.36595333
v -0.53431398 0.89711499 -0.34924704
v -0.40085366 0.95865691 -0.40221718
v -0.43944478 0.92945367 -0.44645685
v -0.42699358 0.95665395 -0.43869391
v -0.41470686 0.93245637 -0.41185912
v -0.42854425 0.90702271 -0.42088965
v -0.53102422 1.04973984 -0.42843699
v -0.50401628 0.98915178 -0.28663567
v -0.51813424 0.97404408 -0.30083317
v -0.57540464 0.96509576 -0.36512393
v -0.56788516 0.98906434 -0.34236625
v -0.57713026 1.00638652 -0.36606964
v -0.58205414 0.98078251 -0.38752657
v -0.51364726 0.98981327 -0.46553737
v -0.50758111 1.01625848 -0.45552045
v -0.47810894 1.00306463 -0.46063775
v -0.48501885 0.97567868 -0.46805316
v -0.44886512 0.98238945 -0.45459661
v -0.45913789 0.95445240 -0.46205196
v -0.46394193 0.87691623 -0.46016210
v -0.45168826 0.90282702 -0.45350587
v -0.44277021 0.88191581 -0.42802119
v -0.45786023 0.85638481 -0.43536565
v -0.48011622 0.90061903 -0.47653872
v -0.47013715 0.92678154 -0.46944055
v -0.50014848 0.92157835 -0.48356062
v -0.49225429 0.94838041 -0.47572529
v -0.52370989 0.93578172 -0.48165971
v -0.51869380 0.96302295 -0.47372082
v -0.54654193 0.94423765 -0.47429490
v -0.54366446 0.97066092 -0.46476498
v -0.56511503 0.97222114 -0.44957674
v -0.56666982 0.94658566 -0.46128631
v -0.58077133 0.94259596 -0.44300663
v -0.57873541 0.96752954 -0.42826474
v -0.58823240 0.92011386 -0.40312040
v -0.58096296 0.94164723 -0.38522258
v -0.58512485 0.95665348 -0.40599191
v -0.58872980 0.93337703 -0.42263654
v -0.61167252 0.84434325 -0.47782892
v -0.60796708 0.86362374 -0.45740616
v -0.59682482 0.87108946 -0.47243303
v -0.59878147 0.85051197 -0.48970962
v -0.58697772 0.85653466 -0.50196892
v -0.58355725 0.87528080 -0.48436099
v -0.56899029 0.87827069 -0.49501032
v -0.57405257 0.85935050 -0.51303917
v -0.53677177 0.86434144 -0.50772154
v -0.54200429 0.84398723 -0.52279919
v -0.55776787 0.85569501 -0.51977456
v -0.55334342 0.87490010 -0.50373292
v -0.51910764 0.84972715 -0.51151514
v -0.52523655 0.82831252 -0.52381980
v -0.50565481 0.82910019 -0.50233185
v -0.51647127 0.80698496 -0.51241571
v -0.50169623 0.80682272 -0.48247820
v -0.51502740 0.78578448 -0.49200550
v -0.59592307 0.82071900 -0.42059928
v -0.60646713 0.83685464 -0.42777339
v -0.61790740 0.82092261 -0.45014361
v -0.60912383 0.80555356 -0.44072217
v -0.55647230 0.79380441 -0.42007852
v -0.57350451 0.77920461 -0.44091475
v -0.55013716 0.76565671 -0.43974203
v -0.53229421 0.77993447 -0.42154059
v -0.47587767 0.85295808 -0.46649885
v -0.48935410 0.87583148 -0.48319316
v -0.50756067 0.89618480 -0.49169114
v -0.52830333 0.90977573 -0.48914504
v -0.59497875 0.90054977 -0.42119467
v -0.59193105 0.91198695 -0.43989411
v -0.56417608 0.85501379 -0.38363251
v -0.57960284 0.87030005 -0.39094830
v -0.49419823 0.79819953 -0.42569691
v -0.48688155 0.80896658 -0.45005322
v -0.47322059 0.83226430 -0.44237888
v -0.48002335 0.82071882 -0.41680315
v -0.49859962 0.85150373 -0.49255598
v -0.51438618 0.87239236 -0.50037038
v -0.53374714 0.88580912 -0.49750435
v -0.56869435 0.89853722 -0.48339245
v -0.55150157 0.89541924 -0.49285641
v -0.58330369 0.89664626 -0.47112936
v -0.60320145 0.88234341 -0.43945441
v -0.59589481 0.89139283 -0.45737311
v -0.57953107 0.83727241 -0.40241230
v -0.59363115 0.85256040 -0.40946820
v -0.52659404 0.76032442 -0.45213574
v -0.51424861 0.76838607 -0.47291857
v -0.50062335 0.78796709 -0.46072149
v -0.50950480 0.77564269 -0.43661889
v -0.54397464 0.74989194 -0.46934545
v -0.56407595 0.75467497 -0.46011606
v -0.57956570 0.83939081 -0.53377932
v -0.59312952 0.83961785 -0.52330399
v -0.56523544 0.83507115 -0.54011190
v -0.52672380 0.78352237 -0.52300876
v -0.53371590 0.80603337 -0.53888375
v -0.52751029 0.76350939 -0.50321615
v -0.52979171 0.75310773 -0.48428619
v -0.62941498 0.78784138 -0.49735647
v -0.62422574 0.77355599 -0.48761445
v -0.61697268 0.79068631 -0.46430224
v -0.62267321 0.80435121 -0.47339875
v -0.62549841 0.81040990 -0.52223802
v -0.61317700 0.82394487 -0.49861574
v -0.60358489 0.83171058 -0.51076519
v -0.61707896 0.82056898 -0.53622723
v -0.58733869 0.82441872 -0.55784172
v -0.60287815 0.82564878 -0.54796404
v -0.56999940 0.81904501 -0.56369251
v -0.54259509 0.78373790 -0.55467343
v -0.55324274 0.80526090 -0.56466937
v -0.54728472 0.82399499 -0.54244435
v -0.53711677 0.75912488 -0.53681880
v -0.56028110 0.71932316 -0.53458619
v -0.54725415 0.73512489 -0.55431741
v -0.54662508 0.73958039 -0.51430434
v -0.62805438 0.65678185 -0.58307934
v -0.64563739 0.63513476 -0.60572720
v -0.62692851 0.63636571 -0.61642480
v -0.60722041 0.65758491 -0.59558165
v -0.64571571 0.77042806 -0.51967281
v -0.63681668 0.75597286 -0.50958061
v -0.63117254 0.80594975 -0.56143349
v -0.64261138 0.79583544 -0.54703164
v -0.56183302 0.73952281 -0.59482515
v -0.57213086 0.76192623 -0.60812318
v -0.56008565 0.78340811 -0.58591110
v -0.55005950 0.76086211 -0.57365465
v -0.68669319 0.69383305 -0.57296801
v -0.67300105 0.71572590 -0.55126476
v -0.68093479 0.73181289 -0.56282294
v -0.69439793 0.70880151 -0.58409488
v -0.64842343 0.78793132 -0.58418858
v -0.66444737 0.76650447 -0.60604453
v -0.67628074 0.75729030 -0.59107137
v -0.66066951 0.77714378 -0.56988323
v -0.59687358 0.69232655 -0.63372087
v -0.60699964 0.71208936 -0.64641964
v -0.58790183 0.73881781 -0.62815285
v -0.57790571 0.71700090 -0.61491954
v -0.57349473 0.69893193 -0.55414152
v -0.58879113 0.67856526 -0.57513106
v -0.57616413 0.69413930 -0.59546977
v -0.56022096 0.71495950 -0.57510757
v -0.59575230 0.69811410 -0.54014778
v -0.61075723 0.67815346 -0.56112754
v -0.71375638 0.65524286 -0.63121480
v -0.70889950 0.64088911 -0.62397301
v -0.69789827 0.66782987 -0.59790462
v -0.70369178 0.68284363 -0.60737389
v -0.67715287 0.74032027 -0.62627244
v -0.68861032 0.70998013 -0.64491594
v -0.69894308 0.70361269 -0.63157499
v -0.68945634 0.73264968 -0.61169630
v -0.63989371 0.63947070 -0.67204523
v -0.64894575 0.65541267 -0.68120456
v -0.62732100 0.68351305 -0.66358781
v -0.61785197 0.66631937 -0.65264130
v -0.64783078 0.61342067 -0.63987672
v -0.63759267 0.62347233 -0.65685642
v -0.61500019 0.64812475 -0.63538873
v -0.66434491 0.61188906 -0.62970918
v -0.68146181 0.58657241 -0.65272242
v -0.66840851 0.58848566 -0.66087073
v -0.72492361 0.62777305 -0.65288234
v -0.71872520 0.61459470 -0.64717042
v -0.72443688 0.64582700 -0.66871071
v -0.71061373 0.67389107 -0.65113699
v -0.70156741 0.68047637 -0.66303289
v -0.71658731 0.65253145 -0.67977214
v -0.67538822 0.67544621 -0.68292999
v -0.69192386 0.64761949 -0.69746381
v -0.70492780 0.65321821 -0.69022709
v -0.68935800 0.68101257 -0.67433220
v -0.66968340 0.62928033 -0.69663984
v -0.68067986 0.64020163 -0.69903213
v -0.66159946 0.66789412 -0.68488353
v -0.65983284 0.61459291 -0.68905157
v -0.65750498 0.59827614 -0.67562056
v -0.53059268 1.04975414 -0.28349352
v -0.53931558 1.05504489 -0.29576069
v -0.52799946 1.03345704 -0.28821242
v -0.51899278 1.03263879 -0.27746940
v -0.49678540 0.90284455 -0.33413994
v -0.48121300 0.92533207 -0.31900316
v -0.52842700 0.85860455 -0.36468604
v -0.51139551 0.87985730 -0.34941971
v -0.54440171 0.83866364 -0.38164672
v -0.57922810 0.80581552 -0.42040730
v -0.56155217 0.82143474 -0.40022874
v -0.59389055 0.79060394 -0.44063222
v -0.60354042 0.77544808 -0.46187717
v -0.61184406 0.75799185 -0.48390281
v -0.63745964 0.72114861 -0.52616549
v -0.62209237 0.74042958 -0.50617045
v -0.65499318 0.73614711 -0.53036439
v -0.67025501 0.67675883 -0.56829083
v -0.65478200 0.69960773 -0.54622102
v -0.69744039 0.62697911 -0.62143558
v -0.68430829 0.65212256 -0.59449857
v -0.70782787 0.60163367 -0.64589822
v -0.39827716 1.00419128 -0.28291073
v -0.38921976 1.02106786 -0.27635905
v -0.41528043 1.01066351 -0.26529554
v -0.42584378 1.00021756 -0.27231756
v -0.47689033 1.01631498 -0.24867702
v -0.48636633 1.02152133 -0.25618833
v -0.47402912 1.01562405 -0.25287798
v -0.46505794 1.01026046 -0.24452749
v -0.48842224 0.82911050 -0.47368506
v -0.54851896 0.91873705 -0.48354605
v -0.58107412 0.91875613 -0.45728672
v -0.56751430 0.92159665 -0.47218215
v -0.53944373 0.80642599 -0.39909536
v -0.51477909 0.79754400 -0.40769345
v -0.49825144 0.81779861 -0.39541405
v -0.52149403 0.82485479 -0.38457489
v -0.58244997 0.71563870 -0.52135217
v -0.60375530 0.72550189 -0.51067853
v -0.61746448 0.70761317 -0.53189021
v -0.56916165 0.73141700 -0.50306177
v -0.57755679 0.80015218 -0.58859795
v -0.59649485 0.80853200 -0.58382511
v -0.63042724 0.79244238 -0.59814441
v -0.61466104 0.81007242 -0.57412708
v -0.60993344 0.79007548 -0.60827762
v -0.48728061 0.86674553 -0.35807070
v -0.50334913 0.84635752 -0.37067574
v -0.48113838 0.84056467 -0.38549745
v -0.46422023 0.86352676 -0.37449908
v -0.31231567 1.36015022 -0.22655511
v -0.29946190 1.34683692 -0.24005558
v -0.13048536 1.27774298 -0.15925711
v -0.13827145 1.26594532 -0.15631482
v -0.15378013 1.27183485 -0.16803658
v -0.14657873 1.28654170 -0.17362753
v -0.13636753 1.29978263 -0.17260152
v -0.12097907 1.29016674 -0.15782739
v -0.12554601 1.31295812 -0.16663100
v -0.11123616 1.30426359 -0.15302220
v -0.07543799 1.37706220 -0.13172576
v -0.06158155 1.38604558 -0.13144593
v -0.20057483 1.20192719 -0.09481162
v -0.21288928 1.18752861 -0.10719091
v -0.20155928 1.19674504 -0.12652031
v -0.30888969 1.10853040 -0.21610317
v -0.35100469 1.07643759 -0.24498528
v -0.35966551 1.06620264 -0.22652251
v -0.37492773 1.04860568 -0.22894645
v -0.42720708 1.01285160 -0.22229719
v -0.44105411 1.01049185 -0.22022842
v -0.45935676 1.01030898 -0.23152889
v -0.47145793 1.01404381 -0.23870102
v -0.31135857 1.40456605 -0.15213200
v -0.29429865 1.41634905 -0.14222580
v -0.22363228 1.47498596 -0.01893689
v -0.21158051 1.48530781 -0.03347588
v -0.19687988 1.49147964 -0.01770544
v -0.20974597 1.48246026 -0.00363317
v -0.20170769 1.48557782 0.00286597
v -0.18962161 1.49334288 -0.00992090
v -0.15744889 1.49402618 0.03766593
v -0.16657433 1.49504876 0.03013921
v -0.49776584 1.03118861 -0.26045883
v -0.50762475 1.03662395 -0.26695937
v -0.49589947 1.02621531 -0.26252776
v -0.46701539 0.99067950 -0.27532369
v -0.45459571 1.00079918 -0.26766893
v -0.48019120 1.00679946 -0.26808250
v -0.49140862 1.00036645 -0.27625862
v -0.39793816 1.08530569 -0.40992910
v -0.37280324 1.05698586 -0.38916001
v -0.54247510 1.09794509 -0.38374960
v 0.08560336 1.42454064 -0.20355441
v 0.05966872 1.42598855 -0.19735909
v 0.06205583 1.43951023 -0.20153296
v 0.08849621 1.43769193 -0.20645636
v -0.24691948 1.45821869 -0.10998788
v -0.25499064 1.44275606 -0.12854764
v -0.07361576 1.45436859 -0.00473888
v -0.05799246 1.48433161 -0.03836372
v -0.06704301 1.48216581 -0.03257619
v -0.05461031 1.45852435 -0.03407314
v -0.04703796 1.46063781 -0.03717224
v -0.10808811 1.51716423 -0.09235187
v -0.12059969 1.51672363 -0.08654037
v -0.10817641 1.51762414 -0.07272279
v -0.09731793 1.51690507 -0.07841805
v -0.53500265 1.25637364 -0.30907205
v -0.54933697 1.25212717 -0.28331685
v -0.37142220 1.36520720 -0.17240816
v -0.35546842 1.37924349 -0.15864547
v -0.34630638 1.38002622 -0.17705464
v -0.36237162 1.36638558 -0.19180389
v -0.22672257 1.44880962 -0.14097106
v -0.22159259 1.43520486 -0.15877554
v -0.13693985 1.23535490 -0.05167729
v -0.12328357 1.24040425 -0.05813038
v -0.11515832 1.25474215 -0.04632781
v -0.12732571 1.24901116 -0.03796014
v 0.03316191 1.47167528 -0.18769702
v 0.03670716 1.45502019 -0.19569434
v 0.00957224 1.45279801 -0.18894224
v 0.00623238 1.46450150 -0.18601227
v -0.48271167 1.11967432 -0.41866404
v -0.43640107 1.11477685 -0.41933933
v -0.25595894 1.35107195 -0.23125626
v -0.27212563 1.34069812 -0.24054539
v -0.28516990 1.35852456 -0.22821517
v -0.26951295 1.36916971 -0.21946695
v -0.20444982 1.36821258 -0.20458190
v -0.22243002 1.36318040 -0.21161677
v -0.18661681 1.37447965 -0.19921479
v -0.06434339 1.43118846 -0.16832881
v -0.07391822 1.42270231 -0.16866712
v -0.07844892 1.43249369 -0.17204158
v -0.43870720 0.98461694 -0.28129888
v -0.39746428 1.02269340 -0.25189739
v -0.39218420 1.02456057 -0.24050823
v -0.48697358 1.02343643 -0.25269592
v -0.48029909 1.01963067 -0.24471822
v -0.06377453 1.43990827 0.01673031
v -0.07203266 1.45662355 0.01363350
v -0.00845432 1.42284441 -0.16609630
v -0.02718484 1.42414439 -0.16026026
v -0.09701297 1.40194345 -0.16642776
v -0.08221230 1.40733147 -0.16467960
v -0.07659161 1.39969385 -0.15598129
v -0.09098369 1.39208198 -0.15754530
v -0.10183638 1.41190624 -0.17114972
v -0.08727023 1.41590846 -0.17014159
v -0.04797632 1.36989868 -0.07247342
v -0.04151520 1.38912129 -0.06634885
v -0.04732150 1.38675535 -0.05913734
v -0.05312335 1.36579168 -0.06477946
v -0.06071752 1.35700989 -0.05688408
v -0.05438054 1.37988424 -0.05101573
v -0.06326956 1.37021017 -0.04188150
v -0.06879884 1.34773147 -0.04722878
v -0.07180613 1.42419291 -0.00994855
v -0.07654390 1.40106404 -0.00211515
v -0.08456576 1.38314795 0.00795406
v -0.09295204 1.36953115 0.01799855
v -0.17692339 1.49346793 0.02382538
v -0.16063210 1.50052667 0.00894655
v -0.17365062 1.49784946 0.00354359
v -0.18636309 1.49087560 0.01701412
v -0.19629371 1.48576450 0.02989057
v -0.18706386 1.48801422 0.03615993
v -0.06709558 1.42079473 0.01884204
v -0.06968036 1.40447760 0.02848411
v -0.08378735 1.38690734 0.03001472
v 0.11131328 1.44843709 -0.12276956
v 0.08685899 1.45515239 -0.11530852
v -0.09433207 1.48951161 0.01806557
v -0.08196735 1.47399843 0.01511742
v 0.11247426 1.46386349 -0.13206089
v 0.08807874 1.47076774 -0.12419375
v -0.05319208 1.42903399 -0.03706983
v -0.04737878 1.43421221 -0.04132318
v -0.06111974 1.45499313 -0.02950038
v -0.06131861 1.42380536 0.02546096
v -0.06245601 1.40945601 0.03649014
v -0.38044295 1.10683823 -0.39410669
v -0.35930118 1.07802141 -0.37380856
v -0.26185346 1.28389978 -0.25879633
v -0.25436795 1.25881243 -0.25459260
v -0.25420415 1.15300703 -0.11171055
v -0.26801100 1.14201272 -0.12179112
v -0.25677192 1.14686704 -0.14086930
v -0.24241906 1.15882564 -0.13105066
v -0.21478330 1.19502401 -0.07739674
v -0.22749417 1.18095636 -0.08899345
v -0.05896634 1.39620709 0.06404722
v -0.27375174 1.13012874 -0.17675127
v -0.26103526 1.14420056 -0.16766462
v -0.27135518 1.13516533 -0.14963554
v -0.28644073 1.12020326 -0.15919134
v -0.30508009 1.10137570 -0.16199566
v -0.31286454 1.09497929 -0.16519913
v -0.39034677 1.03548467 -0.21613726
v -0.39320937 1.03636265 -0.20740288
v 0.02135241 1.43191695 -0.09094465
v 0.02735209 1.45043826 -0.08458939
v 0.01520008 1.45147133 -0.07722098
v 0.01055253 1.43225503 -0.08573616
v -0.26384309 1.16106141 -0.21012336
v -0.26648843 1.14387465 -0.19322377
v -0.07726935 1.35699844 -0.12435436
v -0.08855021 1.36643159 -0.13531858
v -0.18511072 1.21413636 -0.08069155
v -0.11207581 1.24751103 -0.06507707
v -0.10486943 1.26107383 -0.05498575
v -0.10284019 1.25428319 -0.07402942
v -0.09645885 1.26794243 -0.06450552
v -0.48969638 1.02660394 -0.25114459
v -0.49511266 1.03449833 -0.25691193
v -0.01193279 1.50685883 -0.14390785
v -0.01432705 1.50195503 -0.15163708
v -0.02991712 1.50253415 -0.15101789
v -0.02660173 1.50866508 -0.14313491
v -0.52248383 1.00610077 -0.29149359
v -0.51174277 1.01477098 -0.28081873
v -0.54593515 1.07362449 -0.30290139
v -0.53536773 1.05965221 -0.28496510
v -0.53570873 1.07030916 -0.27914944
v -0.54311353 1.07884455 -0.28117922
v -0.43840301 0.93653709 -0.31736395
v -0.42258579 0.96016800 -0.30480152
v -0.45434767 0.91290307 -0.33087265
v -0.47035310 0.89013433 -0.34426624
v -0.58501828 0.76411498 -0.46301275
v -0.58978319 0.74353486 -0.48683098
v -0.63319725 0.68738312 -0.55279738
v -0.64916968 0.66537553 -0.57528782
v -0.66572726 0.64208704 -0.59985942
v -0.69588947 0.59071797 -0.64877898
v -0.68149430 0.61660236 -0.62509352
v 0.11161637 1.47357678 -0.14552793
v 0.10957789 1.47810328 -0.16071609
v 0.08212048 1.48569071 -0.15463342
v 0.08439076 1.48195219 -0.13826826
v 0.03649330 1.41063035 -0.17002161
v 0.05964088 1.40744340 -0.17733935
v 0.06187645 1.40271783 -0.16370827
v 0.03811502 1.40672600 -0.15565555
v 0.08396834 1.40363824 -0.18632558
v 0.05861440 1.41466963 -0.18951783
v 0.08406442 1.41269004 -0.19715670
v 0.09217858 1.45154250 -0.20546794
v 0.06486833 1.45359230 -0.20059580
v 0.06721073 1.46795058 -0.19335702
v 0.09593934 1.46418548 -0.19818592
v 0.10577029 1.47743225 -0.17523585
v 0.10093063 1.47259688 -0.18801941
v 0.07368171 1.47813773 -0.18285072
v 0.07927972 1.48392034 -0.16928938
v 0.09375870 1.39671230 -0.14452717
v 0.06830302 1.40176392 -0.13530803
v 0.06450671 1.40069091 -0.14892578
v 0.08966643 1.39475274 -0.15805815
v 0.03053340 1.47087300 -0.08547170
v 0.01800829 1.47391164 -0.07738861
v -0.04011399 1.39222419 -0.12123764
v -0.03405577 1.40323114 -0.12270155
v -0.02055722 1.40199649 -0.10777622
v -0.02778476 1.39493775 -0.10651371
v 0.05932498 1.44274521 -0.10271136
v 0.06412840 1.46148074 -0.10604613
v 0.04513884 1.46687126 -0.09532359
v 0.04111367 1.44698584 -0.09303494
v 0.04417121 1.40526962 -0.12691504
v 0.02223161 1.40801656 -0.11918916
v 0.01772973 1.40784776 -0.13314079
v 0.04041731 1.40495527 -0.14066984
v 0.00986475 1.43869865 -0.18845508
v 0.03503746 1.43966091 -0.19590351
v 0.00267968 1.41771472 -0.09736058
v 0.01373485 1.41767967 -0.10123944
v -0.08639732 1.34587383 -0.13005728
v -0.10282654 1.38544106 -0.15979385
v -0.11394513 1.37753510 -0.16351306
v -0.12125179 1.26357412 -0.14498088
v -0.10655117 1.26685464 -0.13487253
v -0.12670299 1.34137094 -0.16870525
v -0.13920385 1.32783794 -0.17942809
v -0.10546166 1.27349102 -0.13840702
v -0.11534399 1.27346444 -0.14704859
v -0.19050860 1.22205353 -0.16252926
v -0.09049681 1.37952709 0.02343079
v 0.02800530 1.41584373 -0.10658875
v 0.03482550 1.42961156 -0.09748767
v -0.01432979 1.46025908 -0.18212272
v -0.01353341 1.44977283 -0.18311951
v -0.03371885 1.44777060 -0.17749532
v -0.03357470 1.45717812 -0.17767426
v -0.17625546 1.45651793 -0.15629473
v -0.17326009 1.44440615 -0.16800395
v -0.19693051 1.43945432 -0.16263554
v -0.20102733 1.45236468 -0.14865011
v -0.00141945 1.51161051 -0.12898110
v -0.01506609 1.51483464 -0.12500548
v -0.00634304 1.51308382 -0.11368573
v 0.00799888 1.50933027 -0.11937395
v 0.00371587 1.50685060 -0.10055885
v 0.01337245 1.49418068 -0.08603978
v 0.02801251 1.49053121 -0.09401032
v 0.01878649 1.50320566 -0.10738286
v -0.39023623 1.15495420 -0.38639325
v -0.41932374 1.17947721 -0.39073491
v -0.29664493 1.16610730 -0.26174536
v -0.29664728 1.18824565 -0.27616847
v -0.33727655 1.09602404 -0.26551941
v -0.46494895 1.01277280 -0.25715733
v -0.43595028 1.00993419 -0.25564489
v -0.53894985 0.99128819 -0.30784354
v -0.36548078 1.12802207 -0.37803036
v -0.56128734 0.95004392 -0.34894103
v -0.55164468 0.97180653 -0.32791415
v -0.57687318 0.99265522 -0.41321456
v -0.57343572 1.01931334 -0.39439777
v -0.55873406 1.02426755 -0.42036515
v -0.56217629 0.99781746 -0.43583596
v -0.53487539 1.02336657 -0.44174528
v -0.53971559 0.99675727 -0.45387051
v -0.46563306 0.84245437 -0.40818161
v -0.64673954 0.76983213 -0.62041473
v -0.64204538 0.73822260 -0.64856273
v -0.66083527 0.74212062 -0.63942134
v -0.62572533 0.76693368 -0.62992555
v -0.58946222 0.77964282 -0.61205781
v -0.60483110 0.75612485 -0.63273376
v -0.59448874 0.67129135 -0.61446708
v -0.67435992 0.71153283 -0.65714222
v -0.65798545 0.70660698 -0.66606295
v -0.62230867 0.72793883 -0.65126717
v -0.64119053 0.69780290 -0.66840053
v -0.50106609 1.01867723 -0.27209461
v -0.55472255 1.09090543 -0.28628135
v -0.35083818 1.05979466 -0.34613857
v -0.36089572 1.03659511 -0.35964149
v -0.38093147 1.03307593 -0.26971400
v -0.36112767 1.04754913 -0.28588876
v -0.25058100 1.21279669 -0.23428597
v -0.25179961 1.19360459 -0.21926348
v -0.21898372 1.23553491 -0.21669939
v -0.23605141 1.22448659 -0.22706041
v -0.23580018 1.24625146 -0.23808441
v -0.21963665 1.25740528 -0.22747293
v -0.23129804 1.30502355 -0.23988412
v -0.24771601 1.29460931 -0.24930581
v -0.25915048 1.31883228 -0.24780203
v -0.24272493 1.32948124 -0.23769224
v -0.28587794 1.32957995 -0.25154856
v -0.27295515 1.30774331 -0.25824624
v -0.31957522 1.38944542 -0.18222839
v -0.30116200 1.40091932 -0.17055765
v -0.29135767 1.39381921 -0.18792772
v -0.30862510 1.38201761 -0.19887190
v -0.39031607 1.03042340 -0.22770068
v -0.48329079 1.01933122 -0.25948226
v -0.40935624 0.98385465 -0.29330218
v -0.37570274 1.01188540 -0.30291396
v -0.36180803 1.02197003 -0.33019730
v -0.02405792 1.41868567 -0.15056917
v -0.12517357 1.45076883 -0.16512588
v -0.12489790 1.46246541 -0.15896761
v 0.04356402 1.48527896 -0.10389690
v 0.03431785 1.49788129 -0.11675926
v 0.00490752 1.40976059 -0.11357532
v 0.00648069 1.45235574 -0.07163689
v -0.00434744 1.43081462 -0.07601133
v 0.00229460 1.43143213 -0.08106032
v -0.33642706 1.10226822 -0.29392576
v -0.34264612 1.08247256 -0.30160254
v -0.33668277 1.10230768 -0.32505041
v -0.52500498 1.05181932 -0.27658632
v -0.52307290 1.05655026 -0.27311170
v -0.40576112 1.01864636 -0.26030841
v -0.58004820 0.90549338 -0.38640815
v -0.56997412 0.92676926 -0.36834180
v -0.59067637 0.88620085 -0.40408134
v -0.60036254 0.86899644 -0.42153496
v -0.61088383 0.85204780 -0.44173884
v -0.61857390 0.83447933 -0.46330795
v -0.62029481 0.81635392 -0.48532191
v -0.62961459 0.79985446 -0.50884473
v -0.66380835 0.75206023 -0.54169685
v -0.64740312 0.78330529 -0.53309560
v -0.66532183 0.76566207 -0.55537081
v -0.68148786 0.74550647 -0.57643116
v -0.70375216 0.69440615 -0.61928028
v -0.69483018 0.72203976 -0.59758258
v -0.71401107 0.66627836 -0.64036679
v -0.72759849 0.63676530 -0.65957981
v -0.50213814 1.03646135 -0.26224446
v -0.51332939 1.04466534 -0.26983708
v -0.05877888 1.42215025 -0.03174561
v -0.08374202 1.38439274 -0.14477450
v -0.07019776 1.39243114 -0.14472365
v -0.00734025 1.40960991 -0.11025275
v -0.56683046 1.11039019 -0.28950238
v -0.57901251 1.13296735 -0.28862676
v 0.05287823 1.48857939 -0.16598958
v 0.05475491 1.49250996 -0.15055913
v -0.00218272 1.41068423 -0.12760395
v -0.05201834 1.39651871 -0.13340682
v -0.04389489 1.40613127 -0.13487491
v 0.30951315 1.42680347 -0.17895667
v 0.32899678 1.42241776 -0.18636908
v 0.32934207 1.43411624 -0.18911645
v 0.30923259 1.43921530 -0.18273354
v 0.30750787 1.41357589 -0.18045729
v 0.32664472 1.41005993 -0.18857573
v 0.29009652 1.39172518 -0.23633520
v 0.31088901 1.39514005 -0.24210396
v 0.31291872 1.39027083 -0.22923666
v 0.29187447 1.38822007 -0.22232130
v 0.34192371 1.39749932 -0.20246816
v 0.32313198 1.39956951 -0.19451065
v 0.31901991 1.39247644 -0.20430960
v 0.33822656 1.39230990 -0.21215813
v 0.28835785 1.41671252 -0.25358576
v 0.26733935 1.41228092 -0.24981032
v 0.26781762 1.42727172 -0.24988957
v 0.28907573 1.43065310 -0.25226551
v 0.20475852 1.38427103 -0.20016050
v 0.18868983 1.38367438 -0.19049656
v 0.18764597 1.38229370 -0.20527786
v 0.20428348 1.38460708 -0.21544203
v 0.26857269 1.43668246 -0.16445449
v 0.28929144 1.43115842 -0.17157467
v 0.28819281 1.44379663 -0.17695382
v 0.26632792 1.44874787 -0.17208555
v 0.25691319 1.39835858 -0.18008417
v 0.23439866 1.40305126 -0.17255707
v 0.22948837 1.39446712 -0.18477145
v 0.25161582 1.39091408 -0.19336991
v 0.24395907 1.45271623 -0.16904077
v 0.24698067 1.44348240 -0.15896612
v 0.29898715 1.39338148 -0.19600549
v 0.27830327 1.39517474 -0.18816844
v 0.27362949 1.38911116 -0.20102593
v 0.29473764 1.38919663 -0.20871300
v 0.33006608 1.42145646 -0.25799531
v 0.30948251 1.41996372 -0.25610444
v 0.31027359 1.43271911 -0.25373563
v 0.33108467 1.43321455 -0.25487688
v 0.33514500 1.39124954 -0.22341357
v 0.31531554 1.39008844 -0.21622910
v 0.33271801 1.39267170 -0.23550826
v 0.34570277 1.44624615 -0.21163496
v 0.32415462 1.45124912 -0.20859079
v 0.32754260 1.44397712 -0.19700275
v 0.34806454 1.43882346 -0.20156544
v 0.24666405 1.38691831 -0.22134590
v 0.26816952 1.38904738 -0.22930226
v 0.27014601 1.38684094 -0.21512564
v 0.24832976 1.38663030 -0.20726982
v 0.26668805 1.42226577 -0.16375619
v 0.28740299 1.41752052 -0.17214642
v 0.30215156 1.45538306 -0.20617554
v 0.27959698 1.45827651 -0.20404081
v 0.28455687 1.45279098 -0.18870293
v 0.30617964 1.44880974 -0.19242088
v 0.25237429 1.45723712 -0.21864732
v 0.27484709 1.45751631 -0.21940026
v 0.27103293 1.45033419 -0.23273568
v 0.24883783 1.44822526 -0.23146310
v 0.22434455 1.38896823 -0.22631036
v 0.22553128 1.38482308 -0.21154496
v 0.24614507 1.40705657 -0.24486618
v 0.22447926 1.40049303 -0.23896502
v 0.22479677 1.41665828 -0.24286599
v 0.24631387 1.42274392 -0.24672367
v 0.20333540 1.42455876 -0.15328513
v 0.21931028 1.42012131 -0.15614828
v 0.22404712 1.43452489 -0.15246794
v 0.20656073 1.43915284 -0.15128896
v 0.22501272 1.44810951 -0.15638086
v 0.20643777 1.45305014 -0.15667957
v 0.17697197 1.46126616 -0.17045839
v 0.18801349 1.46069241 -0.17062673
v 0.18106699 1.45795083 -0.18406579
v 0.17052400 1.45972717 -0.18325490
v 0.20886683 1.45305347 -0.21999577
v 0.22999871 1.45612645 -0.21909250
v 0.22715056 1.44448805 -0.23094268
v 0.20575750 1.43941903 -0.22977865
v 0.18593776 1.41876125 -0.23308502
v 0.20428133 1.42501748 -0.23670827
v 0.20426804 1.40947199 -0.23803420
v 0.18731117 1.40273988 -0.23218182
v 0.12801731 1.41103983 -0.21095055
v 0.14383435 1.40920937 -0.21647269
v 0.14397812 1.39643455 -0.20974708
v 0.12790245 1.39985836 -0.20318872
v 0.14728123 1.38493788 -0.18347560
v 0.15148473 1.38658702 -0.17017533
v 0.13627899 1.38866639 -0.16296890
v 0.13182586 1.38749385 -0.17667617
v 0.15818042 1.43642175 -0.13962182
v 0.17073095 1.43269861 -0.14434250
v 0.17239964 1.44829595 -0.14820793
v 0.15908468 1.45195389 -0.14604957
v 0.19153601 1.44935942 -0.21982642
v 0.18540710 1.43418622 -0.22788258
v 0.16063058 1.38370442 -0.18958458
v 0.17330730 1.38252580 -0.19683935
v 0.17522180 1.38503766 -0.18305957
v 0.16362011 1.38580155 -0.17614707
v 0.17164236 1.40325522 -0.15659186
v 0.18186402 1.40171576 -0.16405323
v 0.18606633 1.41320431 -0.15638456
v 0.17610729 1.41486001 -0.15162188
v 0.17996830 1.42928648 -0.14787102
v 0.19005120 1.42656457 -0.15054241
v 0.19253087 1.44162643 -0.15029374
v 0.18201524 1.44449151 -0.14944980
v 0.18094450 1.44818699 -0.21844704
v 0.17132616 1.44658136 -0.21757728
v 0.17257041 1.45365989 -0.20793650
v 0.18211335 1.45472443 -0.20737937
v 0.17275476 1.39745486 -0.22440401
v 0.17212141 1.41269994 -0.22706799
v 0.19418859 1.40226984 -0.17059806
v 0.17890936 1.39248323 -0.17175561
v 0.19065022 1.39132953 -0.17907916
v 0.19237030 1.45476210 -0.15706706
v 0.12945855 1.42285645 -0.21495920
v 0.11121434 1.42360187 -0.21018900
v 0.11325669 1.43604100 -0.21200603
v 0.13110542 1.43496621 -0.21649599
v 0.10962725 1.41155744 -0.20491475
v 0.10886443 1.40190899 -0.19546790
v 0.11791438 1.39181483 -0.15428990
v 0.11367929 1.39008296 -0.16820210
v 0.12279814 1.39873791 -0.14228937
v 0.14185143 1.39573729 -0.15071414
v 0.14719152 1.40683234 -0.14131716
v 0.12734896 1.40999150 -0.13255680
v 0.13612300 1.44232893 -0.13172174
v 0.13744700 1.45685983 -0.14056183
v 0.15702295 1.46042097 -0.15716729
v 0.13677907 1.46579492 -0.15318082
v 0.14534366 1.38838887 -0.19767341
v 0.15894878 1.38636410 -0.20447601
v 0.29741520 1.45618629 -0.22113588
v 0.31985474 1.45345652 -0.22244306
v 0.31540567 1.44966769 -0.23543854
v 0.29342747 1.45081949 -0.23409095
v 0.31226569 1.44284725 -0.24599053
v 0.33340418 1.44216108 -0.24702051
v 0.28379297 1.40454805 -0.17807385
v 0.30380869 1.40188038 -0.18629217
v 0.34535456 1.40666687 -0.19587390
v 0.19850981 1.41239643 -0.16137260
v 0.21385324 1.40875888 -0.16580382
v 0.16579098 1.45776618 -0.19607846
v 0.15571457 1.46052337 -0.19615692
v 0.15992826 1.46179438 -0.18326381
v 0.19380528 1.45630586 -0.20534717
v 0.19392252 1.45567632 -0.18723024
v 0.21638048 1.45726037 -0.18447351
v 0.21210611 1.45888257 -0.20266806
v 0.16029704 1.44573319 -0.21711132
v 0.14838606 1.44577181 -0.21625501
v 0.15166944 1.45511913 -0.20746788
v 0.16284549 1.45410919 -0.20784818
v 0.15331483 1.42070687 -0.13767049
v 0.16599923 1.41741276 -0.14527076
v 0.12997878 1.47053897 -0.18056488
v 0.13470972 1.46941805 -0.16747144
v 0.15304410 1.46427107 -0.16973028
v 0.14762115 1.46491873 -0.18230250
v 0.16573954 1.46207857 -0.17043796
v 0.12468803 1.46752417 -0.19304055
v 0.14273745 1.46327233 -0.19507983
v 0.13193488 1.42523539 -0.12865999
v 0.13395566 1.44709241 -0.21385753
v 0.11612189 1.44909406 -0.21002378
v 0.12019545 1.46018827 -0.20333950
v 0.13813180 1.45706117 -0.20590979
v 0.29060417 1.44238222 -0.24486227
v 0.26891297 1.44041145 -0.24318418
v 0.18780857 1.38801777 -0.22203770
v 0.20440537 1.39329219 -0.23119329
v 0.17321944 1.38585305 -0.21256103
v 0.28855306 1.40227377 -0.24821174
v 0.30959332 1.40611720 -0.25232783
v 0.24579614 1.39342916 -0.23554003
v 0.26741016 1.39792788 -0.24232955
v 0.25689465 1.45986664 -0.20233381
v 0.15846199 1.42229176 -0.22222009
v 0.17073756 1.42578864 -0.22513506
v 0.15829450 1.40948629 -0.22171323
v 0.11001343 1.39349258 -0.18246375
v 0.12900603 1.39189398 -0.19049367
v 0.17724669 1.44009829 -0.22383915
v 0.08587539 1.39810705 -0.17243847
v 0.20134741 1.45956814 -0.17031747
v 0.17058605 1.45852172 -0.15761779
v 0.18102980 1.45631719 -0.15779200
v 0.34890401 1.42917430 -0.19476391
v 0.26262069 1.40839314 -0.16970229
v 0.20878720 1.39956820 -0.17729826
v 0.20622313 1.39004982 -0.18769467
v 0.14503545 1.42161882 -0.21930450
v 0.14608097 1.43326604 -0.22038454
v 0.15852141 1.43403947 -0.22216609
v 0.15620100 1.39419973 -0.15810907
v 0.16090679 1.40483069 -0.14935791
v 0.32990122 1.40888798 -0.25526011
v 0.16771710 1.39212239 -0.16517997
v 0.22110927 1.45649290 -0.16851950
v -0.21692935 1.47881377 -0.01066323
v -0.23435611 1.46837509 -0.00194125
v -0.22693413 1.47164047 0.00488749
v -0.15288490 1.31520259 -0.18670338
v -0.17392999 1.26167595 -0.17131951
v -0.17114151 1.27892244 -0.18044966
v -0.09576133 1.37589133 -0.14718366
v -0.10723084 1.36644423 -0.15133871
v -0.04919165 1.40918922 -0.14562130
v -0.05912974 1.40132356 -0.14556669
v -0.11544803 1.32742870 -0.15784496
v -0.07055464 1.56333733 0.04774475
v -0.07292140 1.55691385 0.04498422
v -0.06976211 1.57676673 0.05075371
v -0.29880190 1.11034417 -0.15523556
v -0.32157627 1.09415352 -0.15585960
v -0.32911783 1.08973229 -0.15941438
v -0.05730033 1.54456306 0.04264438
v -0.06341136 1.54009521 0.04277086
v -0.05910924 1.54276538 0.04021665
v -0.05503732 1.54598272 0.04312894
v -0.05542246 1.54500830 0.04321903
v -0.05862921 1.57875335 0.05167893
v -0.07478809 1.54856229 0.04473311
v -0.07431939 1.53918874 0.04468119
v -0.05448189 1.56325006 0.04864308
v -0.42514133 1.32461500 -0.22446916
v -0.44219738 1.31505001 -0.24080339
v -0.45571056 1.31235993 -0.21825530
v -0.43775052 1.32177603 -0.20309141
v -0.48657519 1.30243611 -0.20630932
v -0.46867967 1.31000900 -0.19331607
v -0.47424334 1.30367053 -0.23400840
v -0.41958487 1.27034616 -0.34445623
v -0.40449494 1.28368318 -0.32988241
v -0.38045168 1.27115881 -0.33670264
v -0.39367995 1.25726223 -0.35063136
v -0.34964299 1.26350033 -0.32646075
v -0.35869300 1.25288618 -0.33979386
v -0.36940062 1.28213322 -0.32225847
v -0.33259159 1.24076772 -0.32421559
v -0.34131220 1.23027492 -0.33700794
v -0.32180199 1.21791387 -0.31750792
v -0.32995644 1.20680022 -0.33004349
v -0.32302290 1.18332911 -0.31839356
v -0.32076797 1.15923071 -0.30167985
v -0.32941735 1.11921334 -0.28778732
v -0.32265922 1.13435400 -0.28077450
v -0.32891530 1.11281645 -0.26100168
v -0.33704141 1.09471369 -0.24140263
v -0.34548709 1.08222091 -0.22342527
v -0.35396594 1.07452905 -0.20820943
v -0.36072254 1.07023394 -0.19331136
v -0.36819205 1.06847548 -0.18031977
v -0.37855542 1.05793440 -0.18733202
v -0.05979705 1.39450622 -0.03666811
v -0.11132336 1.50849140 -0.01221032
v -0.08812135 1.49907923 -0.01736128
v -0.10842001 1.50989521 -0.02131891
v -0.13745600 1.51482356 -0.07914603
v -0.15750301 1.51108253 -0.07126974
v -0.14593640 1.51459515 -0.06044331
v -0.12342688 1.51739097 -0.06656006
v -0.13001063 1.50957882 -0.01565336
v -0.13129181 1.50755441 -0.00880933
v -0.13017380 1.51215804 -0.02464785
v -0.15005511 1.50838542 -0.02286547
v -0.16696161 1.50293720 -0.01472744
v -0.07115006 1.50339174 -0.04709634
v -0.06047213 1.50337100 -0.05461961
v -0.07535189 1.51309180 -0.06820804
v -0.08499873 1.51380157 -0.06226486
v -0.11796859 1.51341009 -0.10442530
v -0.10587442 1.51451564 -0.10994047
v -0.11317837 1.50783575 -0.11986805
v -0.12657392 1.50637650 -0.11419488
v -0.02164346 1.50120473 -0.06941852
v -0.00922662 1.49984753 -0.07525915
v -0.02340031 1.51244950 -0.08827549
v -0.03700835 1.51338661 -0.08230141
v -0.09882677 1.51568174 -0.09604272
v -0.22506395 1.46189320 -0.12400853
v -0.20077631 1.46399760 -0.13439013
v -0.17847550 1.46634173 -0.14347193
v -0.12499553 1.47267437 -0.15267795
v -0.13947442 1.45917821 -0.15882674
v -0.13814145 1.47003984 -0.15115082
v -0.11289686 1.47430432 -0.15538713
v -0.10146153 1.47411418 -0.15998365
v -0.01074445 1.42940378 -0.06994113
v -0.01514655 1.40676391 -0.08649024
v -0.01066458 1.41178179 -0.09086630
v -0.07140630 1.47018707 -0.16779642
v -0.06993967 1.46409321 -0.17096923
v -0.08439392 1.46179307 -0.16963363
v -0.08595264 1.46860814 -0.16637778
v -0.07948822 1.50357413 -0.03901637
v -0.03567696 1.51850975 -0.10335466
v -0.04414743 1.51961434 -0.11655250
v -0.05914170 1.52007580 -0.11177810
v -0.04985341 1.51866710 -0.09709631
v -0.05288929 1.51773655 -0.12872986
v -0.05975223 1.51301181 -0.13901874
v -0.07425016 1.51306725 -0.13561761
v -0.06799906 1.51838064 -0.12466682
v -0.06981465 1.47834492 -0.16507724
v -0.08782524 1.47617817 -0.16193351
v 0.00726914 1.47696292 -0.07111225
v -0.03443825 1.48480725 -0.04690921
v -0.04673326 1.48496926 -0.04188147
v -0.03736058 1.46037233 -0.03964770
v -0.02893704 1.45849073 -0.04576422
v -0.03947657 1.41674519 -0.14844660
v -0.04252583 1.42320096 -0.15680875
v -0.04739016 1.43001258 -0.16474056
v -0.08138663 1.44407082 -0.17312989
v -0.04868031 1.43813908 -0.17055747
v -0.01582932 1.40680897 -0.10920341
v -0.00459379 1.41492987 -0.09502631
v -0.03482521 1.43385160 -0.04844028
v -0.02719367 1.43192291 -0.05438460
v 0.00105473 1.49787021 -0.08081311
v -0.01088673 1.51035404 -0.09486656
v -0.03753650 1.47032189 -0.17395489
v -0.05283087 1.46666276 -0.17242593
v -0.05420589 1.47260332 -0.17046955
v -0.09733191 1.44573462 -0.17183858
v -0.08334166 1.45345116 -0.17267397
v -0.04808259 1.50335109 -0.06058364
v -0.02993420 1.51742411 -0.12251039
v -0.02163169 1.51644492 -0.10965316
v -0.08124709 1.51777983 -0.12036610
v -0.09404337 1.51611066 -0.11541824
v -0.08595443 1.51871419 -0.10221810
v -0.07389623 1.51983476 -0.10681486
v -0.04619426 1.50427055 -0.15201177
v -0.04266003 1.51136541 -0.14279017
v -0.10268724 1.50835681 -0.12538823
v -0.08951381 1.51048410 -0.13122594
v -0.05411518 1.47825325 -0.16734104
v -0.04072091 1.43621516 -0.04333316
v -0.04443747 1.40969384 -0.05009827
v -0.03848848 1.41228902 -0.05453609
v -0.03376839 1.41087544 -0.06057020
v -0.02849540 1.40867376 -0.06777006
v -0.02226993 1.40619779 -0.07769112
v -0.05098411 1.40346515 -0.04469523
v 0.16903424 1.43677735 -0.22323750
v -0.03460127 1.46495914 -0.17578718
v -0.02240023 1.47364676 -0.17525475
v -0.01816016 1.46816051 -0.17857854
v 0.04599896 1.48251247 -0.17823580
v 0.04169327 1.45853138 0.11295033
v 0.03873396 1.45314658 0.11047557
v 0.04353264 1.48175263 0.12237343
v 0.04411632 1.47818553 0.12113586
v 0.17520308 1.45589137 -0.19606377
v 0.18312120 1.45525122 -0.19690445
v 0.23421991 1.46027672 -0.20211060
v 0.23909360 1.45816612 -0.18423691
v 0.26196223 1.45620465 -0.18579000
v 0.24509621 1.42795682 -0.15657511
v 0.24034214 1.41374791 -0.16182637
v 0.22663677 1.38782525 -0.19790496
v 0.22559035 1.43167293 -0.23926118
v 0.38583344 1.40840340 -0.20443293
v 0.40466064 1.40334761 -0.21114868
v 0.40740192 1.41369724 -0.20971942
v 0.38773459 1.41951048 -0.20479499
v 0.42251217 1.39731514 -0.21787052
v 0.40085030 1.39542723 -0.21654859
v 0.41731870 1.39089859 -0.22424921
v 0.39696753 1.39132583 -0.22412384
v 0.41324562 1.38894129 -0.23163754
v 0.41036683 1.39018154 -0.23980792
v 0.39381796 1.39078724 -0.23312847
v 0.39192492 1.39330304 -0.24246167
v 0.40901572 1.39359188 -0.24845567
v 0.37167162 1.39651752 -0.24627542
v 0.37057024 1.40311086 -0.25498071
v 0.39012897 1.40543222 -0.25743124
v 0.39072460 1.39841092 -0.25095236
v 0.41061169 1.42443085 -0.26243627
v 0.39162081 1.42435849 -0.26159143
v 0.39384127 1.43271458 -0.25671017
v 0.41305220 1.43150413 -0.25766224
v 0.38043731 1.44313061 -0.23798549
v 0.40158087 1.44125390 -0.23873027
v 0.39715093 1.43788946 -0.24809887
v 0.37613398 1.43960917 -0.24820986
v 0.42107022 1.44012749 -0.24060479
v 0.40496755 1.43885469 -0.22859070
v 0.42418504 1.43654680 -0.23072918
v 0.36409748 1.40295887 -0.20233935
v 0.36699623 1.41335344 -0.19867042
v 0.34791803 1.41790426 -0.19291046
v 0.37566894 1.39136541 -0.22653134
v 0.37890452 1.39322352 -0.21714860
v 0.36051667 1.39555192 -0.20995358
v 0.35705340 1.39205682 -0.21966255
v 0.33099186 1.39810097 -0.24721278
v 0.35083330 1.40112007 -0.25137943
v 0.35211581 1.39481473 -0.24120581
v 0.37324852 1.39263105 -0.23640534
v 0.35415435 1.39216149 -0.23012069
v 0.37027317 1.41279733 -0.26040289
v 0.39031315 1.41443324 -0.26183909
v 0.38808846 1.42895603 -0.20968169
v 0.40800679 1.42383492 -0.21337882
v 0.40719098 1.43223917 -0.22030538
v 0.38711488 1.43665099 -0.21712069
v 0.35018981 1.41118383 -0.25777194
v 0.36823767 1.43382668 -0.20556757
v 0.36663330 1.44120407 -0.21434437
v 0.38425934 1.44194245 -0.22680782
v 0.36324793 1.44568884 -0.22531763
v 0.42674434 1.41890037 -0.21706598
v 0.42571086 1.40773642 -0.21493652
v 0.36837852 1.42457330 -0.19977668
v 0.37109756 1.42377853 -0.26100457
v 0.35054302 1.42272353 -0.25945243
v 0.35211575 1.43362057 -0.25584638
v 0.37308407 1.43338418 -0.25653371
v 0.33772838 1.44686997 -0.23650919
v 0.35899639 1.44536340 -0.23744273
v 0.35497606 1.44095910 -0.24777097
v 0.41667271 1.43666995 -0.24962616
v 0.34174454 1.44962299 -0.22386254
v 0.48579317 1.37778723 -0.27618030
v 0.48938805 1.36841774 -0.27443755
v 0.47978193 1.36739719 -0.27387545
v 0.47591877 1.37755513 -0.27520841
v 0.45706367 1.36239946 -0.27013987
v 0.46519816 1.35340524 -0.26726311
v 0.45957661 1.35089815 -0.25903615
v 0.45025474 1.35936713 -0.26074317
v 0.49289531 1.36102831 -0.26984748
v 0.48336864 1.35968435 -0.27031994
v 0.49370193 1.35819149 -0.26200950
v 0.50096214 1.36149359 -0.26899493
v 0.50272262 1.36070299 -0.26087379
v 0.50912935 1.36110187 -0.26247719
v 0.51071388 1.36772454 -0.25630140
v 0.50174981 1.36812103 -0.25070623
v 0.50074494 1.39434385 -0.25097203
v 0.51173151 1.38870239 -0.25762901
v 0.51090026 1.39905453 -0.26078123
v 0.49899328 1.40392506 -0.25452915
v 0.50323486 1.41546190 -0.27050960
v 0.49154699 1.41883743 -0.26341015
v 0.49564689 1.41123736 -0.25905582
v 0.50789881 1.40665889 -0.26609671
v 0.48162550 1.39251328 -0.27819875
v 0.48281687 1.38669527 -0.27687106
v 0.47333086 1.38771713 -0.27528924
v 0.47180486 1.39413452 -0.27633184
v 0.49328595 1.35299444 -0.25286648
v 0.49304467 1.35214245 -0.25709316
v 0.49545127 1.35994124 -0.25439227
v 0.49179274 1.36184084 -0.24881287
v 0.44623089 1.40616655 -0.27937025
v 0.44574887 1.39984584 -0.27538186
v 0.43638825 1.39985406 -0.26949751
v 0.43604887 1.40734351 -0.27352315
v 0.43808413 1.37562883 -0.26075828
v 0.43843865 1.37471712 -0.24663906
v 0.43356776 1.38049507 -0.24543431
v 0.43502653 1.38371038 -0.25946125
v 0.44291753 1.36792123 -0.26141527
v 0.45114952 1.36039674 -0.24905261
v 0.44343388 1.36801314 -0.24801075
v 0.46054387 1.35195911 -0.24968129
v 0.43601334 1.41757798 -0.27532911
v 0.44291431 1.41863477 -0.28101635
v 0.54205197 1.34509611 -0.28920215
v 0.53753579 1.34694159 -0.28703022
v 0.53912842 1.35118198 -0.29056966
v 0.54382682 1.34917879 -0.29260319
v 0.44766080 1.43377268 -0.26910496
v 0.44102895 1.43239737 -0.26709467
v 0.44551939 1.43504751 -0.25915167
v 0.45242000 1.43452752 -0.26067933
v 0.45608699 1.43504858 -0.27209035
v 0.46152973 1.43374240 -0.26318282
v 0.54893464 1.34587610 -0.27824664
v 0.54452491 1.34898877 -0.27576563
v 0.54103446 1.34602296 -0.27850562
v 0.54531932 1.34337831 -0.28099513
v 0.49445701 1.37603426 -0.27733400
v 0.49753702 1.36713338 -0.27531034
v 0.51226056 1.36541057 -0.28179857
v 0.51123869 1.36100972 -0.27740377
v 0.50482935 1.36401689 -0.27649331
v 0.50379813 1.37275040 -0.28006116
v 0.49901462 1.39175034 -0.28528792
v 0.50204748 1.38456583 -0.28384790
v 0.49309438 1.38711751 -0.28015447
v 0.49007976 1.39432335 -0.28181526
v 0.48683137 1.40358973 -0.28778666
v 0.48632807 1.40806139 -0.29185718
v 0.49460542 1.40722215 -0.29469177
v 0.49597526 1.40212917 -0.29083562
v 0.51340210 1.39290428 -0.29421097
v 0.51306885 1.39793241 -0.29631555
v 0.52163309 1.39562321 -0.29690358
v 0.52208340 1.39088023 -0.29564455
v 0.43467414 1.43150651 -0.26417139
v 0.43877137 1.43574893 -0.25674912
v 0.49374628 1.43000519 -0.28094310
v 0.50255108 1.42919266 -0.28637126
v 0.49673992 1.43305731 -0.29401833
v 0.48718333 1.43340814 -0.28843564
v 0.45775789 1.43120587 -0.25257716
v 0.45081139 1.43308115 -0.25033885
v 0.55249202 1.35042727 -0.27836043
v 0.54801464 1.35350263 -0.27556613
v 0.46725267 1.35665882 -0.24247672
v 0.45757139 1.36636090 -0.24068330
v 0.44946039 1.37449217 -0.23922038
v 0.44359899 1.38022387 -0.23735087
v 0.43860799 1.38357651 -0.23451236
v 0.50779992 1.37563884 -0.28394535
v 0.49014127 1.38382292 -0.27798283
v 0.48030508 1.39651155 -0.27951542
v 0.47415340 1.41901958 -0.29570624
v 0.47678137 1.41261864 -0.29277134
v 0.46931386 1.41131723 -0.29008257
v 0.46602422 1.42028904 -0.29323405
v 0.48309833 1.43101764 -0.29546204
v 0.49267513 1.43013680 -0.30021456
v 0.49151516 1.42391109 -0.30268368
v 0.48267251 1.42451215 -0.29893321
v 0.49254864 1.35176110 -0.24852847
v 0.48685682 1.36045599 -0.24465823
v 0.44418418 1.42868304 -0.27612883
v 0.43771458 1.42666543 -0.27230403
v 0.43199813 1.42497230 -0.26867130
v 0.45854223 1.39750183 -0.27638614
v 0.45970732 1.39351511 -0.27525330
v 0.44579083 1.38989747 -0.27224833
v 0.44545025 1.39568651 -0.27336973
v 0.46415251 1.37605143 -0.27496654
v 0.46898282 1.36547697 -0.27377582
v 0.45112556 1.37307334 -0.27144080
v 0.43595719 1.39325774 -0.26562798
v 0.42954469 1.39373398 -0.25878483
v 0.42956543 1.40091670 -0.26394784
v 0.42958260 1.40878010 -0.26805949
v 0.43023938 1.41730356 -0.26982403
v 0.42170751 1.39440393 -0.25390044
v 0.42157179 1.40126586 -0.25970644
v 0.42181623 1.40929401 -0.26412311
v 0.42279971 1.41748405 -0.26584691
v 0.43435729 1.43754864 -0.24348763
v 0.44336915 1.43533075 -0.24725500
v 0.43029064 1.43663776 -0.25356823
v 0.42583823 1.38517892 -0.23890482
v 0.42319554 1.38890219 -0.24636647
v 0.43048495 1.38666737 -0.25189152
v 0.43169141 1.38621390 -0.23107377
v 0.47185683 1.34713852 -0.26421791
v 0.47881883 1.35123348 -0.26645219
v 0.48363614 1.34605956 -0.26456770
v 0.47831714 1.34199309 -0.26247787
v 0.50713396 1.36045122 -0.26939264
v 0.51223737 1.35863090 -0.27142006
v 0.51455331 1.36010587 -0.26540190
v 0.45045108 1.42035329 -0.28575346
v 0.45374614 1.40946615 -0.28385362
v 0.51395744 1.36937571 -0.28501660
v 0.53897965 1.35254550 -0.27301785
v 0.52888244 1.35745859 -0.26863688
v 0.52532923 1.35419750 -0.27200139
v 0.53547561 1.34916782 -0.27598864
v 0.52197212 1.36980987 -0.28632423
v 0.52891976 1.36669850 -0.28640491
v 0.52458668 1.36288655 -0.28725204
v 0.51855242 1.36592984 -0.28563637
v 0.51174229 1.40368783 -0.29928911
v 0.51895022 1.40182841 -0.29990423
v 0.52093840 1.38200665 -0.26691836
v 0.51233739 1.37909484 -0.25411755
v 0.51978749 1.37449872 -0.26061863
v 0.49723816 1.39746451 -0.28779837
v 0.50470227 1.40022290 -0.29395688
v 0.50542963 1.39538121 -0.29146731
v 0.51021737 1.37655234 -0.28614458
v 0.50816089 1.38203418 -0.28676882
v 0.51411986 1.37867939 -0.28830895
v 0.51515108 1.37263036 -0.28695747
v 0.47099233 1.43110526 -0.29173678
v 0.47619629 1.43462467 -0.28207815
v 0.53837240 1.34526622 -0.28248015
v 0.54286879 1.34319377 -0.28490469
v 0.42679965 1.43124974 -0.26074740
v 0.42437989 1.42465639 -0.26461005
v 0.48813289 1.39922440 -0.28425485
v 0.50160319 1.38288903 -0.24859709
v 0.47850168 1.40033138 -0.28173178
v 0.51721710 1.41460681 -0.28740710
v 0.52439851 1.41250670 -0.28950924
v 0.52189970 1.41221523 -0.29566568
v 0.51529109 1.41542602 -0.29437053
v 0.53963739 1.36227703 -0.28804344
v 0.54616141 1.35949886 -0.28933007
v 0.54242206 1.35578024 -0.29136842
v 0.53564698 1.35826218 -0.28975669
v 0.51654667 1.36231768 -0.28306541
v 0.52220392 1.35877573 -0.28548425
v 0.52159280 1.35506225 -0.28147793
v 0.51587814 1.35860693 -0.27885064
v 0.51653063 1.35683966 -0.27369663
v 0.52274626 1.35355854 -0.27649161
v 0.54353547 1.36422765 -0.28304294
v 0.53345740 1.36846948 -0.28102523
v 0.53450376 1.36806703 -0.27327430
v 0.54435468 1.36201417 -0.27653486
v 0.47985345 1.42132890 -0.25637257
v 0.48749185 1.42602134 -0.26893276
v 0.47601259 1.42774618 -0.26182392
v 0.51392680 1.41207361 -0.27692908
v 0.50835180 1.41929996 -0.28401834
v 0.49871975 1.42347920 -0.27585903
v 0.48281467 1.43127394 -0.27426693
v 0.52467734 1.37703979 -0.27983922
v 0.52651703 1.38032281 -0.27455378
v 0.52640176 1.37427092 -0.27228862
v 0.47613299 1.40544426 -0.28582639
v 0.53300869 1.34847140 -0.28037083
v 0.45574981 1.39666784 -0.22902195
v 0.46286082 1.39328134 -0.23289025
v 0.46694189 1.40687120 -0.23486069
v 0.45843840 1.40870428 -0.23041297
v 0.53319323 1.35387874 -0.28872353
v 0.53195184 1.34980011 -0.28533003
v 0.51236284 1.40918517 -0.30216694
v 0.51530176 1.41331565 -0.30213457
v 0.52041650 1.41078293 -0.30102718
v 0.51878822 1.40705109 -0.30132076
v 0.47184467 1.43267858 -0.26755372
v 0.50917828 1.42890465 -0.29076797
v 0.50487268 1.43178391 -0.29883450
v 0.46582127 1.42954040 -0.25580668
v 0.46153474 1.42479241 -0.24488603
v 0.46943933 1.42324042 -0.24981968
v 0.51958531 1.40028751 -0.27470174
v 0.48344755 1.41468036 -0.25226411
v 0.47284460 1.41701007 -0.24582362
v 0.46418971 1.41772425 -0.23974597
v 0.45725387 1.41917229 -0.23536268
v 0.45496565 1.42679238 -0.24178547
v 0.54255974 1.35734951 -0.27282414
v 0.55010736 1.35810196 -0.27906138
v 0.43766296 1.43229187 -0.23391514
v 0.44721401 1.42919242 -0.23803021
v 0.43958497 1.42436731 -0.22666495
v 0.44954485 1.42143083 -0.23139653
v 0.47697502 1.40104246 -0.23869953
v 0.47549665 1.40949655 -0.24160691
v 0.48887980 1.39834297 -0.24492516
v 0.48660415 1.40767491 -0.24828564
v 0.52085078 1.39324021 -0.26753119
v 0.56126028 1.35342550 -0.28902319
v 0.55924529 1.35380399 -0.29324180
v 0.55188507 1.35719156 -0.29110944
v 0.55456775 1.35716534 -0.28650546
v 0.54925781 1.36049664 -0.28465843
v 0.55488586 1.35503006 -0.28135702
v 0.48990268 1.38614833 -0.24326630
v 0.52055335 1.37556183 -0.28865480
v 0.47501349 1.38623476 -0.23773858
v 0.48237091 1.37134719 -0.23977505
v 0.49225634 1.37252617 -0.24369329
v 0.46558481 1.37451625 -0.23596084
v 0.45642358 1.38224983 -0.23342323
v 0.44430894 1.38963509 -0.22826460
v 0.44963831 1.38690233 -0.23107386
v 0.43629444 1.39249861 -0.22393650
v 0.47426784 1.36415851 -0.23873901
v 0.55056310 1.34736943 -0.29558456
v 0.54842019 1.34276104 -0.29263541
v 0.44906914 1.39899838 -0.22526149
v 0.44004810 1.40251446 -0.22049630
v 0.47450554 1.35693395 -0.27056915
v 0.46874684 1.40054893 -0.27941522
v 0.46625429 1.40425467 -0.28268439
v 0.46184993 1.41038084 -0.28728276
v 0.45828658 1.42070866 -0.29012400
v 0.44092584 1.41452920 -0.22140545
v 0.40846765 1.39999020 -0.25519907
v 0.40839380 1.40776587 -0.26006141
v 0.42590499 1.42827845 -0.22276333
v 0.54902792 1.34051621 -0.28852326
v 0.52663577 1.39509368 -0.29149118
v 0.52741623 1.39276302 -0.29183793
v 0.46714437 1.34512770 -0.25799748
v 0.47545469 1.33999157 -0.25725096
v 0.48366684 1.34293330 -0.24692450
v 0.47508419 1.34897053 -0.24469574
v 0.46863437 1.34544468 -0.25016475
v 0.47789109 1.34030128 -0.25152111
v 0.45768738 1.40007567 -0.27773207
v 0.45662147 1.40394509 -0.28036129
v 0.46591729 1.43511581 -0.27631965
v 0.46080434 1.43145323 -0.28575352
v 0.51897299 1.35793912 -0.26858363
v 0.52176225 1.36194003 -0.26524130
v 0.51681936 1.36520064 -0.26112622
v 0.53263152 1.36354256 -0.26855606
v 0.52630997 1.37185133 -0.28092709
v 0.52411872 1.37451172 -0.28411916
v 0.46134657 1.38613737 -0.27476287
v 0.44753861 1.38211226 -0.27182913
v 0.48934758 1.35065675 -0.26251462
v 0.48554337 1.35471165 -0.26570913
v 0.50626534 1.38902628 -0.28874397
v 0.52933055 1.39347076 -0.27788940
v 0.52875161 1.38805711 -0.27210984
v 0.51324952 1.38640702 -0.29091674
v 0.55161136 1.34029901 -0.28486308
v 0.55517268 1.34253371 -0.28202313
v 0.52541310 1.36930740 -0.26502490
v 0.50336546 1.40576184 -0.29749590
v 0.52915573 1.39358604 -0.28507456
v 0.52479434 1.39941812 -0.28243515
v 0.50011551 1.42923760 -0.30321872
v 0.45090586 1.41083050 -0.22603858
v 0.54763204 1.35406876 -0.29364026
v 0.55448562 1.35186636 -0.29624939
v 0.56090277 1.35139453 -0.28487119
v 0.55854356 1.34731042 -0.28188461
v 0.45207351 1.43052793 -0.28106990
v 0.47042906 1.39772344 -0.27750283
v 0.40894252 1.41620326 -0.26302281
v 0.48139226 1.35540366 -0.24225055
v 0.48936623 1.34775031 -0.24560173
v 0.51990855 1.38388407 -0.29267198
v 0.51245254 1.42119837 -0.29045731
v 0.52887857 1.40019119 -0.28338802
v 0.52750003 1.40768933 -0.28341302
v 0.52145857 1.40963447 -0.28100866
v 0.52935159 1.39664030 -0.28801936
v 0.56423098 1.34457111 -0.28471029
v 0.56639010 1.34862375 -0.28753364
v 0.56101692 1.33974874 -0.28487754
v 0.55702138 1.33814335 -0.28768885
v 0.55411494 1.33868206 -0.29090062
v 0.56665719 1.35071933 -0.29145035
v 0.56452733 1.35115921 -0.29512957
v 0.55961287 1.34972024 -0.29790181
v 0.57114732 1.34861588 -0.29373658
v 0.57191086 1.34602761 -0.29042229
v 0.57102144 1.33446050 -0.29144546
v 0.57376599 1.33612812 -0.29087174
v 0.57111454 1.33782041 -0.28917620
v 0.56744671 1.33726192 -0.28798011
v 0.57500005 1.33316183 -0.29424122
v 0.57761896 1.33472466 -0.29306442
v 0.57603073 1.33940709 -0.29086164
v 0.57228041 1.34071672 -0.28901142
v 0.58016908 1.33798921 -0.29301789
v 0.58099520 1.34128225 -0.29485446
v 0.57683325 1.34253109 -0.29289806
v 0.57358491 1.34316170 -0.29077607
v 0.56932902 1.34217501 -0.28724054
v 0.57914281 1.33329415 -0.29655015
v 0.58294010 1.33626044 -0.29818192
v 0.58326840 1.33673179 -0.29524040
v 0.58037698 1.33416808 -0.29471603
v 0.56244332 1.33625519 -0.29030773
v 0.56800514 1.33432174 -0.29365486
v 0.57284784 1.33319521 -0.29665938
v 0.57734704 1.33373964 -0.29906780
v 0.56634891 1.33496642 -0.29687199
v 0.57191646 1.33440971 -0.29932702
v 0.57581651 1.33514297 -0.30103582
v 0.56636178 1.33732462 -0.29995427
v 0.57222879 1.33653760 -0.30146626
v 0.55930245 1.33693802 -0.29333383
v 0.55859953 1.33930254 -0.29667142
v 0.57505274 1.33661973 -0.30193096
v 0.58111978 1.33688331 -0.30043226
v 0.57667637 1.34507763 -0.29450506
v 0.58076692 1.34331155 -0.29701880
v 0.57581425 1.34647024 -0.29679608
v 0.57982385 1.34413922 -0.29914099
v 0.58381116 1.33995676 -0.29615238
v 0.58356762 1.34072363 -0.29848671
v 0.55321121 1.34122169 -0.29451352
v 0.55550086 1.34593153 -0.29723004
v 0.56041354 1.34394479 -0.29911143
v 0.56807387 1.34159946 -0.30222768
v 0.56442016 1.34765840 -0.29926106
v 0.56914878 1.34899271 -0.29704016
v 0.57419133 1.34653795 -0.29924476
v 0.57116830 1.34530139 -0.30173230
v 0.57797539 1.34389830 -0.30119026
v 0.57570374 1.34273970 -0.30287221
v 0.57365978 1.33983803 -0.30295628
v 0.57963371 1.34127247 -0.30220315
v 0.58191180 1.34123552 -0.30059990
v 0.57868719 1.33789086 -0.30200011
v 0.57652414 1.33879125 -0.30276129
v 0.57761824 1.34093916 -0.30292079
v 0.55590552 1.36788034 -0.30098116
v 0.54944217 1.36999846 -0.29780173
v 0.55029881 1.37467337 -0.30040288
v 0.55719578 1.37251806 -0.30350932
v 0.56024420 1.36719525 -0.28838819
v 0.55481517 1.37014508 -0.28513277
v 0.55205661 1.36735272 -0.28935787
v 0.55753475 1.36485732 -0.29293334
v 0.56285286 1.37352777 -0.28813741
v 0.55744731 1.37649560 -0.28474516
v 0.54808486 1.37319958 -0.28156000
v 0.53589290 1.37727797 -0.27772537
v 0.53292871 1.37512743 -0.28298947
v 0.54519671 1.37056661 -0.28635147
v 0.53465766 1.38990951 -0.29384658
v 0.53106552 1.38676059 -0.29560664
v 0.55017906 1.36787009 -0.29397440
v 0.55611390 1.36526418 -0.29744506
v 0.54732370 1.38575375 -0.29731524
v 0.55537254 1.38304448 -0.29983607
v 0.55246204 1.37934291 -0.30135944
v 0.54436487 1.38208473 -0.29898271
v 0.52881086 1.38128042 -0.29428488
v 0.52825403 1.37534308 -0.29148591
v 0.53033477 1.37392688 -0.28735846
v 0.55030996 1.38716733 -0.29262179
v 0.53816843 1.39111841 -0.28830206
v 0.53941905 1.38944662 -0.28138220
v 0.55168700 1.38502312 -0.28637007
v 0.54285014 1.37025654 -0.29105496
v 0.54220623 1.37728345 -0.29777056
v 0.54147905 1.37210667 -0.29520231
v 0.55052185 1.37972343 -0.28154364
v 0.55855548 1.38183951 -0.28966069
v 0.57228291 1.37740469 -0.30128583
v 0.57101268 1.37765324 -0.30576515
v 0.56218511 1.38087773 -0.30260420
v 0.56414211 1.38102078 -0.29809695
v 0.55769664 1.38368750 -0.29550886
v 0.56425458 1.37871623 -0.29253113
v 0.56679332 1.37012362 -0.30797011
v 0.56496537 1.36518836 -0.30549610
v 0.56492996 1.36237168 -0.30219996
v 0.53862637 1.38409138 -0.27614456
v 0.56594932 1.36200333 -0.29794824
v 0.56819129 1.36400366 -0.29323068
v 0.55941582 1.37746942 -0.30443159
v 0.56859934 1.37480247 -0.30842501
v 0.57202864 1.37514842 -0.29648530
v 0.57043362 1.37018764 -0.29250735
v 0.57726395 1.36764991 -0.29664809
v 0.57853365 1.37246728 -0.30009305
v 0.57524264 1.36167419 -0.29695717
v 0.57237399 1.35997903 -0.30100659
v 0.57085532 1.36080229 -0.30466506
v 0.57873857 1.37457860 -0.30389822
v 0.57734478 1.37498307 -0.30765188
v 0.57439184 1.37275493 -0.31027991
v 0.58480060 1.37215507 -0.30670971
v 0.58576715 1.36990237 -0.30371106
v 0.59207022 1.35675466 -0.30762398
v 0.59409177 1.35849321 -0.30591971
v 0.58967209 1.35972285 -0.30371237
v 0.58735001 1.35763323 -0.30430073
v 0.58681560 1.36117065 -0.30183378
v 0.58293843 1.35988629 -0.30051401
v 0.59107232 1.36366367 -0.30388182
v 0.58741426 1.36448777 -0.30220234
v 0.59650755 1.36223435 -0.30568957
v 0.59666920 1.36563551 -0.30774975
v 0.59123862 1.36659849 -0.30559361
v 0.58799350 1.36721492 -0.30401126
v 0.59692860 1.35718346 -0.30991390
v 0.59764230 1.35795677 -0.30761895
v 0.58376801 1.36573017 -0.30004996
v 0.57832623 1.35867882 -0.30351239
v 0.58466637 1.35693049 -0.30694464
v 0.59060633 1.35633993 -0.31027356
v 0.59548271 1.35740817 -0.31254444
v 0.58279216 1.35774541 -0.31039903
v 0.58925271 1.35726058 -0.31296068
v 0.59364748 1.35872114 -0.31445301
v 0.58245802 1.36072540 -0.31356323
v 0.58905637 1.35999370 -0.31525162
v 0.57591367 1.35956395 -0.30699974
v 0.57523465 1.36255586 -0.30996025
v 0.59252548 1.36020303 -0.31544930
v 0.59874296 1.36079776 -0.31336471
v 0.60059011 1.36045778 -0.31092098
v 0.60094619 1.36085200 -0.30761841
v 0.59079540 1.36839247 -0.30743742
v 0.59611654 1.36667097 -0.31002584
v 0.59070635 1.36996937 -0.30953407
v 0.59577060 1.36764777 -0.31188616
v 0.60046387 1.36451101 -0.30906600
v 0.60013258 1.36464691 -0.31121355
v 0.57074213 1.36378729 -0.30779022
v 0.57207561 1.36830640 -0.30992746
v 0.57647812 1.36702895 -0.31203949
v 0.58385658 1.36540198 -0.31528226
v 0.57920897 1.37133455 -0.31207299
v 0.58296883 1.37300193 -0.30963117
v 0.58912694 1.37057388 -0.31187272
v 0.58643496 1.36934471 -0.31432423
v 0.59420228 1.36776340 -0.31356677
v 0.59198999 1.36702025 -0.31543410
v 0.59005678 1.36390686 -0.31641856
v 0.59669614 1.36521447 -0.31466088
v 0.59884036 1.36499906 -0.31331012
v 0.59653103 1.36156273 -0.31505728
v 0.59374547 1.36269593 -0.31603354
v 0.59449935 1.36523020 -0.31560969
v 0.55172151 1.39129210 -0.30614421
v 0.54630786 1.39301705 -0.30345574
v 0.54523945 1.39698005 -0.30648869
v 0.55056965 1.39556408 -0.30945390
v 0.55671024 1.39395368 -0.29643464
v 0.55088937 1.39533663 -0.29252571
v 0.54977500 1.39216888 -0.29558027
v 0.55532920 1.39110088 -0.29874671
v 0.55746806 1.39893627 -0.29697764
v 0.55135453 1.40109181 -0.29308406
v 0.54460192 1.39679873 -0.28948867
v 0.53556085 1.39896405 -0.28605258
v 0.53449941 1.39559102 -0.29036933
v 0.54366338 1.39328730 -0.29319063
v 0.54820174 1.39147902 -0.29948694
v 0.55361986 1.39027107 -0.30223653
v 0.53960139 1.40654480 -0.30506626
v 0.54674262 1.40485764 -0.30694318
v 0.54550594 1.40144837 -0.30776787
v 0.53841954 1.40311086 -0.30564827
v 0.52693290 1.40060782 -0.30116874
v 0.52895200 1.39640808 -0.29837620
v 0.53195804 1.39525652 -0.29479998
v 0.54193830 1.40893793 -0.30126703
v 0.53077960 1.41084898 -0.29794967
v 0.53344423 1.41056776 -0.29179811
v 0.54383928 1.40809131 -0.29494509
v 0.54208910 1.39283276 -0.29757768
v 0.53829598 1.39828086 -0.30472896
v 0.53987765 1.39432108 -0.30164820
v 0.54455960 1.40296853 -0.29010630
v 0.55046594 1.40578222 -0.29772580
v 0.56445265 1.40236831 -0.30930790
v 0.56267756 1.40176773 -0.31298253
v 0.55292767 1.40384078 -0.30959696
v 0.55508339 1.40521371 -0.30585301
v 0.54869789 1.40709329 -0.30350837
v 0.55687296 1.40335763 -0.30086645
v 0.55905437 1.39393866 -0.31353369
v 0.55940813 1.38997364 -0.31063801
v 0.56126291 1.38876534 -0.30681854
v 0.53534549 1.40537977 -0.28635970
v 0.52809113 1.40863395 -0.30199650
v 0.56291121 1.38925064 -0.30395535
v 0.56457013 1.39153004 -0.30181468
v 0.55114019 1.40027595 -0.31063998
v 0.56019026 1.39867854 -0.31437716
v 0.56545740 1.40040922 -0.30504400
v 0.56553555 1.39633214 -0.30165637
v 0.57140839 1.39451170 -0.30512351
v 0.57156157 1.39895272 -0.30788827
v 0.57060480 1.38969278 -0.30525994
v 0.56862754 1.38792348 -0.30753297
v 0.56658298 1.38773298 -0.30997646
v 0.57052290 1.40062594 -0.31189978
v 0.56887621 1.40001297 -0.31503445
v 0.56571627 1.39742696 -0.31640065
v 0.57507837 1.39967620 -0.31428599
v 0.57688928 1.39728761 -0.31107634
v 0.58482409 1.38530648 -0.31461009
v 0.58601356 1.38707268 -0.31391555
v 0.58174336 1.38800144 -0.31217039
v 0.58063591 1.38602364 -0.31216544
v 0.57905018 1.38912058 -0.31012991
v 0.57623661 1.38830507 -0.30856156
v 0.58291435 1.39155722 -0.31172532
v 0.57917464 1.39225912 -0.30988288
v 0.58720040 1.39088595 -0.31377026
v 0.58640361 1.39440966 -0.31575763
v 0.58203101 1.39486897 -0.31374815
v 0.57929170 1.39511621 -0.31141791
v 0.58877695 1.38600647 -0.31664488
v 0.58909440 1.38714719 -0.31523132
v 0.57599175 1.39312279 -0.30809844
v 0.57327640 1.38676786 -0.31013417
v 0.57858789 1.38508618 -0.31363130
v 0.58327866 1.38449538 -0.31643406
v 0.58696902 1.38559008 -0.31880528
v 0.57660115 1.38552737 -0.31595558
v 0.58162880 1.38513589 -0.31855863
v 0.58481872 1.38622332 -0.32041621
v 0.57501447 1.38708830 -0.31840962
v 0.58044708 1.38675249 -0.32051402
v 0.57098764 1.38692355 -0.31263858
v 0.56895220 1.38860810 -0.31513888
v 0.58325553 1.38732302 -0.32121757
v 0.58898842 1.38955534 -0.32058066
v 0.59096026 1.38977313 -0.31808108
v 0.59096038 1.39038229 -0.31545499
v 0.58116388 1.39715409 -0.31512773
v 0.58553946 1.39591265 -0.31760865
v 0.57968569 1.39814711 -0.31721920
v 0.58437049 1.39630520 -0.31943756
v 0.58957160 1.39348757 -0.31667149
v 0.58925962 1.39390516 -0.31850612
v 0.56467688 1.38925576 -0.31280795
v 0.56415594 1.39295280 -0.31533509
v 0.56843030 1.39200556 -0.31725714
v 0.57495046 1.39073908 -0.32044572
v 0.56985617 1.39646661 -0.31803280
v 0.57279992 1.39889812 -0.31675497
v 0.57786083 1.39739466 -0.31925136
v 0.57579482 1.39499402 -0.32053962
v 0.58272612 1.39548802 -0.32114255
v 0.58107185 1.39352441 -0.32224834
v 0.58029032 1.38999701 -0.32210207
v 0.58555281 1.39321673 -0.32191032
v 0.58765352 1.39390814 -0.32042733
v 0.58625877 1.38943028 -0.32173988
v 0.58372414 1.38961625 -0.32224071
v 0.58372569 1.39227498 -0.32252902
v 0.52673876 1.40517497 -0.30211449
v 0.53487623 1.41888976 -0.31257629
v 0.53052402 1.41882122 -0.31011260
v 0.52890307 1.42159641 -0.31232631
v 0.53316271 1.42165577 -0.31478354
v 0.53996545 1.42317140 -0.30472630
v 0.53528154 1.42331123 -0.30140412
v 0.53448665 1.41948843 -0.30341405
v 0.53929162 1.41945863 -0.30643660
v 0.53894997 1.42809165 -0.30582330
v 0.53398561 1.42862535 -0.30266139
v 0.52911836 1.42323923 -0.29858130
v 0.51935899 1.42238843 -0.29397622
v 0.51972431 1.41845834 -0.29752466
v 0.52844465 1.41927147 -0.30080253
v 0.50594288 1.42847848 -0.30529091
v 0.51272744 1.42834389 -0.30782047
v 0.51322579 1.42441738 -0.30869186
v 0.50541914 1.42406940 -0.30653054
v 0.53262734 1.41794705 -0.30673927
v 0.53725028 1.41821957 -0.30952588
v 0.52224451 1.42865229 -0.31095231
v 0.52812088 1.42894900 -0.31292364
v 0.52814996 1.42513978 -0.31334120
v 0.52256238 1.42476535 -0.31169739
v 0.50723338 1.41963816 -0.30628061
v 0.51458955 1.42071724 -0.30799037
v 0.51622009 1.41814554 -0.30545843
v 0.51016414 1.41570389 -0.30475515
v 0.51830006 1.41733575 -0.30237156
v 0.52302188 1.43155384 -0.30816799
v 0.51314795 1.43110299 -0.30494723
v 0.51428795 1.43234241 -0.30011463
v 0.52519178 1.43208826 -0.30391592
v 0.52704054 1.41795349 -0.30462182
v 0.52348506 1.42134047 -0.31059909
v 0.52517194 1.41866660 -0.30820334
v 0.52755606 1.42855978 -0.29961425
v 0.53159660 1.43184543 -0.30650622
v 0.54048067 1.43167937 -0.31648433
v 0.53901684 1.42944765 -0.31856856
v 0.53286904 1.42924428 -0.31543815
v 0.53430277 1.43199837 -0.31299737
v 0.52931070 1.43184912 -0.31047148
v 0.53679752 1.43164599 -0.30925348
v 0.53876853 1.42189813 -0.31797469
v 0.54070663 1.41898334 -0.31606087
v 0.54292101 1.41830981 -0.31314123
v 0.51712453 1.42861152 -0.29432040
v 0.54505283 1.41940284 -0.31058663
v 0.54596287 1.42263460 -0.30900690
v 0.53253782 1.42534828 -0.31582996
v 0.53833944 1.42571199 -0.31897154
v 0.54280227 1.43125081 -0.31302017
v 0.54480088 1.42743897 -0.30982515
v 0.54992616 1.42721307 -0.31256521
v 0.54802769 1.43085217 -0.31578544
v 0.55065769 1.42228663 -0.31202355
v 0.54925358 1.41936755 -0.31336802
v 0.54691046 1.41857600 -0.31576759
v 0.54507422 1.43122196 -0.31918904
v 0.54361683 1.42915106 -0.32060301
v 0.54295200 1.42568529 -0.32067877
v 0.54977196 1.43077540 -0.32140619
v 0.55314678 1.43002295 -0.31858671
v 0.56159765 1.42011917 -0.32073292
v 0.56207711 1.42189646 -0.31993905
v 0.55944908 1.42191947 -0.31848413
v 0.55829668 1.42023504 -0.31820953
v 0.55668730 1.42314148 -0.31647122
v 0.55486727 1.42179728 -0.31519800
v 0.55903399 1.42568493 -0.31828022
v 0.55600971 1.42607033 -0.31666926
v 0.56251830 1.42550063 -0.32025182
v 0.56091499 1.42841673 -0.32297933
v 0.55779672 1.42889774 -0.32080400
v 0.55560595 1.42870891 -0.31857073
v 0.56459069 1.42109835 -0.32295859
v 0.56454736 1.42220616 -0.32147127
v 0.55369437 1.42649651 -0.31502408
v 0.55302608 1.41924930 -0.31592599
v 0.55711645 1.41862512 -0.31914419
v 0.56126124 1.41864538 -0.32250884
v 0.56382519 1.42041862 -0.32516930
v 0.55503881 1.41842508 -0.32071221
v 0.55923831 1.41878104 -0.32392585
v 0.56177735 1.42026579 -0.32624856
v 0.55267495 1.41930652 -0.32217175
v 0.55708718 1.41967523 -0.32497248
v 0.55046284 1.41863382 -0.31754366
v 0.54792851 1.41950345 -0.31927311
v 0.55952179 1.42054892 -0.32636806
v 0.56376374 1.42355812 -0.32659727
v 0.56525540 1.42441392 -0.32481191
v 0.56539166 1.42537546 -0.32225564
v 0.55639160 1.43012166 -0.32242912
v 0.55997121 1.42914402 -0.32497805
v 0.55407220 1.42991686 -0.32405618
v 0.55871075 1.42831242 -0.32656991
v 0.56364912 1.42768085 -0.32386509
v 0.56311554 1.42732239 -0.32573384
v 0.54460227 1.41946948 -0.31813180
v 0.54304433 1.42193675 -0.31977221
v 0.54618543 1.42200732 -0.32131690
v 0.55094332 1.42163908 -0.32387757
v 0.54612136 1.42576599 -0.32242113
v 0.54748660 1.42883563 -0.32258850
v 0.55214912 1.42824590 -0.32508135
v 0.55089229 1.42522526 -0.32507306
v 0.55698246 1.42672944 -0.32727569
v 0.55597210 1.42432010 -0.32719815
v 0.55592966 1.42157102 -0.32625198
v 0.56031311 1.42483056 -0.32776421
v 0.56192303 1.42625356 -0.32727128
v 0.56165993 1.42273664 -0.32733884
v 0.55937684 1.42207074 -0.32722029
v 0.55887526 1.42371976 -0.32766891
v 0.50707710 1.43086922 -0.30323181
v 0.50094581 1.34439087 -0.25042775
v 0.50111228 1.34619129 -0.25489166
v 0.49537557 1.34337962 -0.26380733
v 0.49056625 1.33937895 -0.26473978
v 0.48658735 1.33522737 -0.26184696
v 0.48618633 1.33299017 -0.25727189
v 0.48867130 1.33342505 -0.25251079
v 0.49952734 1.34583628 -0.25970939
v 0.49816024 1.34067738 -0.24740002
v 0.49319166 1.33598626 -0.24826854
v 0.50178027 1.32926428 -0.24885061
v 0.50630796 1.33470213 -0.24747352
v 0.49695957 1.32631218 -0.25274041
v 0.49360889 1.32717907 -0.25803101
v 0.49276280 1.33043134 -0.26242620
v 0.50843596 1.33947408 -0.25088632
v 0.50766134 1.34197891 -0.25566086
v 0.50451934 1.34155965 -0.26068988
v 0.51548904 1.33433199 -0.25068304
v 0.51629966 1.32776248 -0.24781890
v 0.51472241 1.31394076 -0.25741839
v 0.51662350 1.31378114 -0.25341707
v 0.51284546 1.31644177 -0.25302470
v 0.51004702 1.31646514 -0.25654534
v 0.51092148 1.31855929 -0.25221580
v 0.50624192 1.31993234 -0.25406530
v 0.51703024 1.31811798 -0.24887529
v 0.51440382 1.32013881 -0.24919076
v 0.52137214 1.32175314 -0.24751717
v 0.51788998 1.32274425 -0.24735942
v 0.52076602 1.31524706 -0.24908222
v 0.52030957 1.31190407 -0.25355256
v 0.52398312 1.31319213 -0.25077534
v 0.52019125 1.31183624 -0.25677019
v 0.51043147 1.32287753 -0.24932700
v 0.50105864 1.32236874 -0.25905299
v 0.50770557 1.31800973 -0.26027435
v 0.51397276 1.31482065 -0.26112342
v 0.52040708 1.31370068 -0.26039243
v 0.50742269 1.32143402 -0.26396063
v 0.51467943 1.31814539 -0.26387277
v 0.52022070 1.31699419 -0.26244923
v 0.50912136 1.32554197 -0.26567948
v 0.51609528 1.32155061 -0.26454461
v 0.49879909 1.32622671 -0.26340190
v 0.50020629 1.33119047 -0.26552373
v 0.52007610 1.31964540 -0.26315111
v 0.52580780 1.31543863 -0.25781205
v 0.52605325 1.31296062 -0.25437704
v 0.52270889 1.32545686 -0.24880350
v 0.52454197 1.31890821 -0.24784648
v 0.52642006 1.32187378 -0.25000751
v 0.52220601 1.32930183 -0.25181702
v 0.52643430 1.32424188 -0.25340134
v 0.52654320 1.31614017 -0.24919292
v 0.52814323 1.31753731 -0.25166431
v 0.49523419 1.33509767 -0.26496366
v 0.49979192 1.33912766 -0.26450551
v 0.50462902 1.33551741 -0.26468128
v 0.51280802 1.32994759 -0.26474142
v 0.51006866 1.33802640 -0.26090738
v 0.51402885 1.33768034 -0.25537851
v 0.52079016 1.33150446 -0.25601006
v 0.51741523 1.33206499 -0.26091507
v 0.52494019 1.32578325 -0.25700489
v 0.52237380 1.32608616 -0.26042667
v 0.51904279 1.32436931 -0.26320678
v 0.52586728 1.32143891 -0.25816369
v 0.52784592 1.31948388 -0.25526235
v 0.52422637 1.31829059 -0.26010492
v 0.52233601 1.32093680 -0.26165584
v 0.52393639 1.32266986 -0.26002178
v 0.49868762 1.42355740 -0.30513081
v 0.50037730 1.41803098 -0.30463541
v 0.49260169 1.41819966 -0.30160457
v 0.48335552 1.41849804 -0.29876339
v 0.47484070 1.42483091 -0.29653984
v 0.48513544 1.41290128 -0.29591012
v 0.49406809 1.41282690 -0.29898158
v 0.50389969 1.41228306 -0.30192459
v 0.47980887 1.40851998 -0.29026318
v 0.02719989 1.54561186 0.10082939
v 0.02587914 1.54764533 0.09694806
v 0.02302295 1.54357648 0.09380007
v 0.02435392 1.54237723 0.09646043
v 0.02558482 1.54068780 0.09954953
v 0.02594459 1.53968406 0.10338163
v 0.02684936 1.54465508 0.11083257
v 0.02763313 1.54674065 0.10579449
v 0.02217752 1.53745258 0.11779094
v 0.02226967 1.53914964 0.11642334
v 0.02270502 1.53685880 0.11689627
v 0.02453741 1.53811443 0.11134303
v 0.02297053 1.53749025 0.11469638
v 0.02248305 1.54754329 0.09205204
v 0.02134427 1.54695368 0.09070674
v 0.02424270 1.54741347 0.09407431
v 0.02573648 1.53880191 0.10740161
v 0.02099633 1.54595649 0.09062958
v 0.02159339 1.54484451 0.09176305
v 0.02420807 1.54230618 0.11454007
v 0.02559084 1.54294443 0.09989226
v 0.02613571 1.54192364 0.10387674
v 0.02666533 1.54291654 0.10941514
v 0.02692538 1.54450178 0.10474473
v 0.02501467 1.54023015 0.11174124
v 0.02382725 1.53947353 0.11381370
v 0.02443081 1.54423475 0.09693080
v 0.02607384 1.54072070 0.10806435
v 0.02606356 1.54606628 0.10040814
v 0.02363053 1.53962755 0.11449003
v 0.02516085 1.54172659 0.11305323
v 0.02158895 1.54572940 0.09115106
v 0.02134830 1.54596722 0.09141064
v -0.10861415 1.33550370 0.01441035
v -0.11183578 1.31872487 0.00871420
v 0.02464136 1.54619360 0.09681553
v 0.02199313 1.54541349 0.09250629
v 0.02300048 1.54477143 0.09436017
v 0.02334788 1.54631484 0.09438834
v 0.02220362 1.54637325 0.09250557
v 0.05376673 1.42574394 -0.10557310
v 0.04874930 1.41258836 -0.11462665
v 0.06345695 1.47848725 -0.11511758
v 0.05383992 1.49250436 -0.13101956
v -0.25405952 1.15774083 -0.18493119
v -0.29746470 1.37198281 -0.21382940
v -0.28163880 1.38333893 -0.20425916
v -0.33929765 1.39186895 -0.14558265
v -0.32993752 1.39291561 -0.16415584
v -0.22300234 1.28063130 -0.23560268
v -0.23996204 1.27013838 -0.24540545
v -0.22016920 1.21659195 -0.20267156
v -0.23671316 1.20523071 -0.21277671
v -0.25034285 1.23474908 -0.24628189
v -0.35204053 1.36314070 -0.20988989
v -0.33583266 1.37750089 -0.19530727
v -0.32424694 1.37066662 -0.21159728
v -0.33960393 1.35848582 -0.22592242
v -0.36254275 1.37224746 -0.13990796
v -0.34651595 1.38485360 -0.12696002
v -0.21559244 1.31409526 -0.22759517
v -0.22711959 1.33750403 -0.22694318
v -0.25272185 1.37624764 -0.21014959
v -0.26411223 1.39125502 -0.19583231
v -0.28366867 1.41069615 -0.16164035
v -0.27348876 1.40262783 -0.17972991
v -0.20502907 1.21024001 -0.17554098
v -0.19452906 1.20859075 -0.14542571
v -0.20735340 1.28991270 -0.22248712
v -0.22734548 1.17176926 -0.12029596
v -0.29042202 1.43008745 -0.11190397
v -0.27694666 1.42814469 -0.13473572
v -0.23960948 1.35854638 -0.22120424
v -0.11349463 1.27906466 -0.01940042
v -0.11987922 1.26337934 -0.02881259
v -0.10911521 1.26980853 -0.03734845
v -0.10415655 1.28613818 -0.02989946
v -0.09921587 1.27637148 -0.04655609
v -0.09107316 1.28340316 -0.05640474
v -0.08460325 1.29089451 -0.06610680
v -0.07352221 1.31200039 -0.09386498
v -0.07595086 1.30513668 -0.08486885
v -0.07397842 1.32486677 -0.11086017
v -0.07239360 1.31847715 -0.10213818
v -0.08184367 1.32875466 -0.12369946
v -0.09443921 1.33359206 -0.13677606
v -0.10799700 1.34040463 -0.14997154
v -0.09931707 1.35486341 -0.14115883
v -0.10201696 1.31922150 -0.14527360
v -0.09011221 1.31453454 -0.13203743
v -0.08250648 1.30906296 -0.12030688
v -0.15120196 1.23160338 -0.04531728
v -0.16829824 1.22130311 -0.06276722
v -0.10455167 1.35047174 0.02145329
v 0.24720347 1.43688464 -0.24104427
v 0.38261449 1.39886653 -0.20879506
v -0.18270633 1.49590147 -0.00269519
v -0.19422726 1.48787773 0.00951791
v -0.21276304 1.47898173 0.01828593
v -0.20535600 1.48224354 0.02496833
v -0.10742015 1.51212478 -0.03206259
v -0.13069201 1.51397109 -0.03660715
v -0.15358368 1.50923467 -0.03346244
v -0.17326105 1.50197577 -0.02302989
v -0.18815154 1.27476478 -0.19867070
v -0.20348120 1.48907065 -0.02511072
v -0.18044530 1.50081706 -0.03126800
v -0.15942395 1.50873578 -0.04340552
v -0.13479033 1.51511419 -0.04931137
v -0.10679543 1.51603329 -0.04742870
v -0.09409708 1.51458144 -0.05570513
v -0.08765823 1.51664138 -0.08309591
v -0.07600665 1.51690567 -0.08787960
v -0.06338194 1.51283419 -0.07414739
v -0.05063504 1.51368499 -0.07848532
v -0.06377441 1.51844943 -0.09285277
v 0.02098584 1.50607395 -0.12721071
v 0.03117391 1.50199986 -0.13795000
v 0.03354141 1.49787140 -0.15092385
v 0.03132683 1.49284124 -0.16330625
v 0.02447683 1.48646414 -0.17342412
v 0.01322240 1.47789550 -0.17964375
v -0.00218254 1.47147083 -0.18052496
v -0.05123889 1.46117783 -0.17301160
v -0.06836814 1.45830953 -0.17180817
v -0.11113471 1.44259965 -0.16941291
v -0.12401491 1.43952918 -0.17003465
v -0.19064717 1.42611837 -0.17396741
v -0.16870260 1.43137813 -0.17705411
v -0.21314698 1.42239940 -0.17326435
v -0.42915314 1.30604792 -0.29122269
v -0.41348088 1.31442773 -0.27515846
v -0.39698121 1.31048930 -0.28829944
v -0.41131410 1.30221677 -0.30466607
v -0.41743216 1.33176124 -0.18700476
v -0.40689862 1.33652318 -0.20704341
v -0.32511902 1.24969876 -0.31248140
v -0.34153140 1.27289891 -0.31339040
v -0.35972375 1.29047704 -0.30841574
v -0.37848949 1.30315959 -0.29949272
v -0.31426626 1.22686052 -0.30543715
v -0.31411052 1.11756420 -0.23560023
v -0.30964038 1.13704348 -0.25177899
v -0.33713710 1.08451211 -0.18423593
v -0.32848316 1.09118700 -0.20135653
v -0.30815029 1.20390177 -0.29521537
v -0.32071155 1.10195351 -0.21853027
v -0.30704004 1.15802228 -0.26737738
v -0.30615091 1.18060184 -0.28298756
v -0.39896381 1.32555199 -0.25891590
v -0.41209540 1.32664156 -0.24195960
v -0.39529431 1.33792138 -0.22501168
v -0.25657761 1.46312356 -0.07828842
v -0.24052693 1.46874332 -0.09483059
v -0.22009990 1.47229445 -0.10949329
v -0.19401988 1.48252046 -0.11177412
v -0.17291951 1.48502374 -0.12194607
v -0.17663932 1.47553611 -0.13332480
v -0.19989188 1.47304773 -0.12183757
v -0.13804370 1.48894954 -0.13306338
v -0.12314463 1.49063933 -0.13683273
v -0.12523848 1.48131347 -0.14486521
v -0.13890707 1.47995210 -0.14314434
v -0.11297545 1.48370254 -0.14819610
v -0.09961966 1.48463023 -0.15375328
v -0.08582020 1.48427069 -0.15749936
v -0.06799582 1.48639119 -0.16115387
v -0.06347817 1.50558138 -0.14855094
v -0.07909951 1.50482535 -0.14434654
v -0.13354975 1.49874306 -0.12340692
v -0.14956337 1.49692488 -0.11758035
v -0.23729619 1.47199750 -0.05901003
v -0.24881810 1.46230531 -0.04253438
v -0.11736327 1.35406017 -0.15953906
v -0.12595049 1.36835802 -0.16948131
v -0.13304487 1.38271153 -0.17615743
v -0.13907200 1.39659750 -0.18030187
v -0.14364755 1.41017771 -0.18179330
v -0.14854157 1.42267239 -0.18135306
v -0.15293574 1.43458831 -0.17629384
v -0.13791072 1.43707597 -0.17323413
v -0.15584508 1.44608176 -0.16889259
v -0.13975078 1.44830787 -0.16661263
v -0.15813011 1.45772350 -0.15890691
v -0.15813240 1.46869993 -0.14919451
v -0.15657938 1.47827864 -0.13923262
v -0.15406629 1.48777664 -0.12924296
v -0.18613178 1.49151957 -0.10138141
v -0.16730750 1.49443519 -0.11100179
v -0.19716193 1.49549162 -0.07990117
v -0.18787533 1.50098610 -0.07100236
v -0.21424904 1.48087370 -0.09866852
v -0.20597431 1.48921943 -0.08987899
v -0.11925045 1.50674725 -0.00220960
v -0.13984519 1.50451672 0.00267884
v -0.01010680 1.48413491 -0.17130110
v 0.00106737 1.48239708 -0.17440064
v -0.00940263 1.47735357 -0.17629160
v -0.01501471 1.47997129 -0.17349753
v 0.00877169 1.48859358 -0.16968852
v -0.00165623 1.49679220 -0.16021556
v 0.01377231 1.49482393 -0.16131830
v -0.00524724 1.49027300 -0.16673267
v 0.01603931 1.50035667 -0.15182841
v 0.00104290 1.50236261 -0.15246858
v 0.01469988 1.50507379 -0.14225832
v 0.00180343 1.50627744 -0.14474833
v 0.00148067 1.50877249 -0.13879351
v 0.00916347 1.50853348 -0.13451588
v -0.03763258 1.51599467 -0.13317083
v -0.02180064 1.51358664 -0.13526511
v -0.00787139 1.51099777 -0.13722232
v -0.05153218 1.48736131 -0.16370641
v -0.03440827 1.48934126 -0.16464740
v -0.01926863 1.49000967 -0.16524348
v -0.01583725 1.49704075 -0.15961291
v -0.03164220 1.49670625 -0.15950167
v -0.04914236 1.49587965 -0.15882546
v -0.24690796 1.46810198 -0.06803405
v -0.23272811 1.47608089 -0.08402862
v -0.11014310 1.49274325 -0.14163968
v -0.09819061 1.49398708 -0.14623699
v -0.08383057 1.49478900 -0.15155984
v -0.06683409 1.49554086 -0.15616494
v -0.09338200 1.50347507 -0.13956541
v -0.10609448 1.50201464 -0.13442780
v -0.11896279 1.49945796 -0.12873694
v -0.22227028 1.48250461 -0.07475382
v -0.25915384 1.45954013 -0.05159147
v -0.01959175 1.43056619 -0.06157450
v -0.01850945 1.45675850 -0.05238041
v -0.02267310 1.48323286 -0.05390340
v -0.03475088 1.50296962 -0.06500465
v -0.17744297 1.48974848 0.04319713
v 0.15820342 1.39549279 -0.21711998
v -0.30384320 1.43100011 -0.06270623
v -0.29344863 1.44215322 -0.05208996
v -0.33911589 1.38877058 -0.09745504
v -0.33049566 1.40481281 -0.08667853
v -0.38843110 1.35067296 -0.18875262
v -0.39628166 1.34520936 -0.16901046
v -0.37844661 1.36022758 -0.15338370
v -0.44929364 1.31859088 -0.18039717
v -0.42736793 1.32741964 -0.16563511
v -0.38575763 1.35280728 -0.13518810
v -0.36856988 1.36386621 -0.12178870
v -0.30441922 1.42488885 -0.09226876
v -0.26966441 1.45646882 -0.06125031
v -0.27016687 1.45376050 -0.03295696
v -0.25922254 1.45696938 -0.02453969
v -0.24981561 1.46140003 -0.01631007
v -0.09193099 1.26702344 -0.09319784
v -0.08520898 1.28177500 -0.08395381
v -0.08979103 1.27473092 -0.07453567
v -0.09626928 1.26053810 -0.08400001
v -0.08688653 1.28154528 -0.11010826
v -0.08002096 1.29611897 -0.10194677
v -0.08198625 1.28899550 -0.09314580
v -0.08901161 1.27424467 -0.10161913
v -0.08006504 1.30281866 -0.11068640
v -0.08725131 1.28881896 -0.11867134
v -0.10088253 1.25419581 -0.10334921
v -0.09756154 1.26128078 -0.11167015
v -0.10508224 1.24818408 -0.09417377
v -0.09574449 1.27594841 -0.12649748
v -0.09582537 1.26859772 -0.11919832
v 0.00340706 1.42207170 0.08905989
v 0.02185893 1.42415774 0.09329981
v 0.04258880 1.46382689 0.11514774
v 0.04055879 1.46835589 0.11680859
v -0.02892685 1.41133356 0.08614516
v -0.03921610 1.40496385 0.08245265
v 0.03817981 1.44411540 0.11131978
v 0.03621465 1.43008780 0.10605618
v 0.04428273 1.48858011 0.12640163
v 0.04304129 1.48522210 0.12507671
v 0.04398373 1.47441685 0.12150598
v 0.04242730 1.47088838 0.12001222
v -0.05071309 1.39829731 0.07722497
v -0.01647502 1.41503322 0.08994475
v -0.07588962 1.38518786 0.06141937
v -0.08786690 1.38077366 0.05358595
v -0.09208643 1.37999392 0.03867668
v -0.09946507 1.37289548 0.03172824
v -0.14016244 1.24420595 -0.03200299
v -0.11917955 1.28709400 -0.00351501
v -0.12287736 1.27295482 -0.00943886
v -0.11633283 1.30224681 0.00226095
v -0.10253528 1.36214399 0.02658030
v -0.06341663 1.39163637 0.06972733
v 0.04132271 1.45843518 0.11595070
v 0.03828913 1.45259941 0.11382186
v 0.04302615 1.48154259 0.12377638
v 0.04353619 1.47807121 0.12267324
v -0.11545742 1.33051753 0.02484266
v -0.11880851 1.31349528 0.01885530
v -0.13146853 1.25813270 -0.02101505
v -0.16271269 1.22821653 -0.03621127
v -0.18140364 1.21675956 -0.05136618
v -0.11186570 1.34575534 0.03069824
v -0.19903687 1.20728636 -0.06497613
v -0.46216810 1.15143168 -0.40977508
v -0.49367222 1.14689684 -0.40800494
v -0.50405687 1.17005229 -0.39773723
v -0.48178512 1.17445087 -0.40062967
v -0.44548285 1.20064306 -0.38746780
v -0.42875811 1.21938300 -0.37705365
v -0.41120732 1.23999655 -0.36485744
v -0.52739960 1.16927731 -0.38728279
v -0.54884213 1.19415224 -0.36101720
v -0.54943609 1.16932070 -0.36997622
v -0.43750784 1.25261021 -0.35937166
v -0.45534456 1.23405635 -0.37141269
v -0.49233717 1.18824506 -0.39303762
v -0.48357236 1.19936717 -0.38930577
v -0.46299976 1.18512690 -0.39698267
v -0.52793211 1.19201791 -0.37770066
v -0.50765461 1.18921876 -0.38837400
v -0.45930344 1.30596042 -0.25792938
v -0.47764727 1.29724181 -0.27290457
v -0.49288404 1.29474568 -0.24933067
v -0.39060268 1.29475379 -0.31486318
v -0.42562884 1.29170835 -0.31961164
v -0.58654565 1.15930355 -0.28601402
v -0.50345653 1.20705521 -0.38107386
v -0.54385853 1.21625161 -0.35063207
v -0.52335203 1.21318090 -0.36885980
v -0.49933714 1.27260089 -0.31894609
v -0.48057622 1.26855028 -0.33589914
v -0.49919268 1.25158131 -0.34677014
v -0.51750982 1.25605905 -0.33011410
v -0.46098423 1.26148498 -0.34943116
v -0.44271246 1.27849889 -0.33519417
v -0.47994414 1.28692377 -0.30578524
v -0.46208730 1.28408766 -0.32214338
v -0.44457006 1.29638243 -0.30670744
v -0.47871506 1.24427235 -0.36099175
v -0.53308672 1.23695135 -0.34053886
v -0.55107486 1.23674548 -0.31761712
v -0.56370747 1.23172271 -0.29131922
v -0.57495826 1.22377300 -0.26587415
v -0.56257522 1.24459791 -0.25529149
v -0.46177423 1.29797339 -0.29142493
v -0.42825732 1.31575620 -0.25848013
v -0.44451538 1.30703819 -0.27577507
v -0.37774292 1.35274184 -0.20746021
v -0.44668713 0.86916572 -0.39905721
v -0.51922286 1.04270482 -0.27452227
v -0.50679648 1.02979231 -0.26910120
v -0.34976560 1.10457158 -0.36033115
v -0.40932399 1.13435817 -0.40392691
v -0.43847111 1.16306770 -0.40259391
v -0.47187787 1.01149595 -0.26220733
v -0.44476995 1.00711179 -0.26123139
v -0.34162652 1.07911587 -0.33425993
v -0.36703461 1.03230917 -0.29316148
v -0.49239528 1.02016103 -0.26528242
v -0.46966347 1.21619070 -0.38155228
v -0.49302155 1.22563803 -0.37198514
v -0.51384580 1.23311198 -0.35875252
v -0.56136572 1.21619213 -0.32685727
v -0.57473195 1.21177065 -0.29983094
v -0.58374435 1.20409739 -0.27336875
v -0.40493611 1.02047956 -0.22485656
v -0.40302050 1.02595901 -0.21185946
v -0.39963672 1.02754462 -0.21753286
v -0.39787328 1.03611672 -0.19877814
v -0.40660745 1.02634788 -0.20266572
v -0.41300669 1.01800358 -0.21696687
v -0.41671520 1.01888466 -0.20748001
v -0.42856470 1.01588058 -0.21332964
v -0.32542741 1.10838032 -0.23883244
v -0.31994137 1.12645745 -0.25678456
v -0.34835228 1.07897425 -0.18799266
v -0.34075475 1.08466637 -0.20396930
v -0.31605121 1.19420838 -0.30650017
v -0.33279046 1.09401500 -0.22096403
v -0.31572211 1.14702737 -0.27446380
v -0.31378841 1.17075527 -0.29218102
v -0.52744406 1.27866793 -0.23183492
v -0.50764191 1.29115057 -0.21893531
v -0.35648221 1.07593882 -0.17300071
v 0.02179897 1.42132926 0.10065997
v 0.00134692 1.41918254 0.09543380
v 0.01608992 1.59927392 0.15763956
v -0.13584620 1.48051679 0.07219571
v 0.03381163 1.54880822 0.14307719
v 0.04044801 1.46728241 0.11865059
v 0.04714027 1.49067581 0.12736136
v -0.09933388 1.37658167 0.04617861
v -0.10766745 1.36953413 0.03945559
v -0.50063294 1.03723288 -0.25881124
v -0.11005479 1.35833466 0.03495300
v -0.51095176 1.04584312 -0.26608649
v -0.35276124 1.37549579 -0.10950147
v -0.72713554 0.58910018 -0.66581875
v -0.73426229 0.60198390 -0.67064077
v -0.74237359 0.57720375 -0.68528491
v -0.73682100 0.56411231 -0.68021250
v -0.73118365 0.62791669 -0.69366384
v -0.73720050 0.62023520 -0.68346727
v -0.71999741 0.62918818 -0.70332515
v -0.70747340 0.62393743 -0.70942825
v -0.72364438 0.60238588 -0.71990359
v -0.73536611 0.60849679 -0.71554261
v -0.69730896 0.61614752 -0.71085238
v -0.70428300 0.58613986 -0.72296751
v -0.68808866 0.60634756 -0.70989513
v -0.67804039 0.59201235 -0.70349705
v -0.69508255 0.57221675 -0.71621317
v -0.67755538 0.57554954 -0.69082749
v -0.69354248 0.55575287 -0.70586884
v -0.68568546 0.56518787 -0.67896426
v -0.71742439 0.57516259 -0.66441596
v -0.72757614 0.55051386 -0.67764688
v -0.74537241 0.60655934 -0.70618153
v -0.74805701 0.59672594 -0.69679570
v -0.74557650 0.58661944 -0.69023752
v -0.73721856 0.61154646 -0.67646581
v -0.75390810 0.55283064 -0.69816816
v -0.74986243 0.53909183 -0.69010270
v -0.75959575 0.58741128 -0.71736890
v -0.75843769 0.57354879 -0.70944375
v -0.73981661 0.58397496 -0.73096830
v -0.75126117 0.59188259 -0.72734857
v -0.71754599 0.56904197 -0.73857003
v -0.72825098 0.57708341 -0.73542362
v -0.71327519 0.59496969 -0.72217190
v -0.70908755 0.55517918 -0.73309910
v -0.70518786 0.53620702 -0.72199577
v -0.73768514 0.52522933 -0.68834555
v -0.75633675 0.56297827 -0.70412809
v -0.65720588 0.38751692 -0.78567022
v -0.65618217 0.39036041 -0.78209758
v -0.65705264 0.38783979 -0.77854824
v -0.65883768 0.38319981 -0.78052366
v -0.66261292 0.36195183 -0.75423998
v -0.65738195 0.36680377 -0.74685544
v -0.66313177 0.36308134 -0.74115610
v -0.66982555 0.35594571 -0.74698216
v -0.65797251 0.37084329 -0.76867813
v -0.66180825 0.37082446 -0.77156323
v -0.66052800 0.37361431 -0.77561414
v -0.65560949 0.37480021 -0.77517182
v -0.67344248 0.41564113 -0.80058545
v -0.67742836 0.41394639 -0.80329424
v -0.67730510 0.41708493 -0.80660212
v -0.67418277 0.41948444 -0.80536097
v -0.66405374 0.39727783 -0.79172546
v -0.66830087 0.39599895 -0.79440272
v -0.66780162 0.39908433 -0.79758698
v -0.66440868 0.40134954 -0.79702389
v -0.67480803 0.38392758 -0.74668980
v -0.68163383 0.37962568 -0.73508686
v -0.67132199 0.36879992 -0.73869145
v -0.66398966 0.37506974 -0.74707872
v -0.68066823 0.36230886 -0.73898786
v -0.69343823 0.37260091 -0.73607194
v -0.69483662 0.37152898 -0.74661785
v -0.68224132 0.36397696 -0.74733132
v -0.68716812 0.37513661 -0.75686884
v -0.67657125 0.36817551 -0.75657660
v -0.67795479 0.38032603 -0.75796574
v -0.66572654 0.37376153 -0.75885224
v -0.66945839 0.38973683 -0.77291685
v -0.66748190 0.39167231 -0.76475686
v -0.65828478 0.38365293 -0.76844901
v -0.65977287 0.38267434 -0.77729106
v -0.67023778 0.38525593 -0.75630391
v -0.66048265 0.37888336 -0.76203781
v -0.67622632 0.37706280 -0.75930089
v -0.67997766 0.37844956 -0.76626569
v -0.66848958 0.37300527 -0.76901144
v -0.66489345 0.37142587 -0.76188308
v -0.67656976 0.38409805 -0.77338254
v -0.66628182 0.37794507 -0.77646023
v -0.66686577 0.40444046 -0.77836269
v -0.66897357 0.39740551 -0.77117032
v -0.66174954 0.39088386 -0.77606755
v -0.66015851 0.39527535 -0.78148276
v -0.66653275 0.38359666 -0.77664238
v -0.67437661 0.38938987 -0.77413779
v -0.67681324 0.39078349 -0.78071988
v -0.66789132 0.38538003 -0.78260767
v -0.67437184 0.39649540 -0.78743517
v -0.66575408 0.38942850 -0.78840160
v -0.66798550 0.40288246 -0.78659189
v -0.66104877 0.39402020 -0.78844529
v -0.67367768 0.41723031 -0.79804724
v -0.67131555 0.41958809 -0.79061073
v -0.66623831 0.41002381 -0.79311687
v -0.66811121 0.40855408 -0.79929864
v -0.67154050 0.41332859 -0.78515083
v -0.66643882 0.40619111 -0.78818363
v -0.66889870 0.40062720 -0.78712302
v -0.67338657 0.40693384 -0.78605700
v -0.67938751 0.40459365 -0.79265898
v -0.67349339 0.39813536 -0.79292345
v -0.67939502 0.41036242 -0.79902077
v -0.67243731 0.40296209 -0.79901260
v -0.67897004 0.43536723 -0.80196911
v -0.67464948 0.42751718 -0.80268902
v -0.67769837 0.42544848 -0.80755121
v -0.68435317 0.43221307 -0.80712265
v -0.67747009 0.42994249 -0.79627246
v -0.67383111 0.42450988 -0.79780650
v -0.67718589 0.41918099 -0.79746789
v -0.68024325 0.42353928 -0.79728478
v -0.68679273 0.41996151 -0.80245149
v -0.68244672 0.41546571 -0.80231875
v -0.68760908 0.42577112 -0.80723178
v -0.68175000 0.42017263 -0.80817670
v -0.68431103 0.39381516 -0.74920160
v -0.69197607 0.39019150 -0.73263866
v -0.67314315 0.35979450 -0.74875253
v -0.70491302 0.38296008 -0.73534435
v -0.66983676 0.36224461 -0.75398427
v -0.69554281 0.38410914 -0.75998342
v -0.70680702 0.38133347 -0.74696690
v -0.68290961 0.38325202 -0.75672197
v -0.65423661 0.37795460 -0.77050054
v -0.68916172 0.39455014 -0.77580333
v -0.67843723 0.39346635 -0.77219021
v -0.65570199 0.37513328 -0.76646382
v -0.67860126 0.40334296 -0.76423889
v -0.67939860 0.41578943 -0.77837473
v -0.66229415 0.38287234 -0.78387839
v -0.66136855 0.38470495 -0.78693837
v -0.68752867 0.40708762 -0.79023695
v -0.67471731 0.40899545 -0.78547883
v -0.66310942 0.40401119 -0.79364300
v -0.69045848 0.42078763 -0.80128306
v -0.67975569 0.42431319 -0.79741997
v -0.66293341 0.40218979 -0.79093200
v -0.68150353 0.43078858 -0.79072434
v -0.67277080 0.42266679 -0.80281496
v -0.69504350 0.43252307 -0.80875593
v -0.69099021 0.44089186 -0.80812889
v -0.67195374 0.42059261 -0.80002314
v -0.68525636 0.44226968 -0.80026186
v -0.71626258 0.54085457 -0.68035322
v -0.70656115 0.56553495 -0.66651571
v -0.69608021 0.56131804 -0.67186230
v -0.70626819 0.53762996 -0.68711722
v -0.69832075 0.54325807 -0.69457161
v -0.72420740 0.51639569 -0.69251382
v -0.71345687 0.51478630 -0.70121455
v -0.70829791 0.52186775 -0.71042204
v -0.72076243 0.54494667 -0.75037867
v -0.73044455 0.56030548 -0.75303704
v -0.74303371 0.56761479 -0.74705601
v -0.75445831 0.57553488 -0.74236858
v -0.76618272 0.58273458 -0.73695195
v -0.74399912 0.50782317 -0.70179713
v -0.72747040 0.49701881 -0.70328254
v -0.71471262 0.49595314 -0.71259397
v -0.71001542 0.50524676 -0.72477216
v -0.70482224 0.40178788 -0.72626936
v -0.69456935 0.41049147 -0.73960781
v -0.70466375 0.42633396 -0.73049808
v -0.71935648 0.41680002 -0.72601587
v -0.69127512 0.41842926 -0.75526410
v -0.69906205 0.43566978 -0.74489486
v -0.69090432 0.42929780 -0.76980472
v -0.69906753 0.44509637 -0.76050031
v -0.69184643 0.44141161 -0.78375953
v -0.70017511 0.45491850 -0.77539253
v -0.69288331 0.45131397 -0.79705352
v -0.70212394 0.46357280 -0.79080331
v -0.69730371 0.45194924 -0.80872184
v -0.70638859 0.46573555 -0.80436093
v -0.71965790 0.39310598 -0.73214793
v -0.73287868 0.41068852 -0.73325872
v -0.72358906 0.39207590 -0.74775714
v -0.73791945 0.40792024 -0.74995071
v -0.71666765 0.39870441 -0.76166224
v -0.73232830 0.41477770 -0.76313692
v -0.71568477 0.45707345 -0.80936438
v -0.70531166 0.44230878 -0.81102324
v -0.71166205 0.40974957 -0.77647215
v -0.72639686 0.42603219 -0.77672434
v -0.70936656 0.42109454 -0.79067487
v -0.72346675 0.43701899 -0.79070228
v -0.70806980 0.43206298 -0.80243367
v -0.72069347 0.44737703 -0.80233908
v -0.71752453 0.44578981 -0.72206759
v -0.70550615 0.45560700 -0.73329031
v -0.70538527 0.46490157 -0.74864596
v -0.70684266 0.47435629 -0.76512104
v -0.71166980 0.48147154 -0.78305477
v -0.71665490 0.48392737 -0.79873163
v -0.71255320 0.50152367 -0.75719768
v -0.72462118 0.50211930 -0.77911788
v -0.73117888 0.50151116 -0.79381323
v -0.74600434 0.51892221 -0.78991592
v -0.73801911 0.52195543 -0.77811486
v -0.76384228 0.55383015 -0.77657205
v -0.75120223 0.53972441 -0.77708411
v -0.75919360 0.53700089 -0.78919971
v -0.77323437 0.55112648 -0.78884739
v -0.72530901 0.52387440 -0.76145840
v -0.73701715 0.54211748 -0.76287001
v -0.74870121 0.55542302 -0.76149076
v -0.79461461 0.56378925 -0.77931160
v -0.78379786 0.57030535 -0.76939952
v -0.77385414 0.56337345 -0.77421749
v -0.78416491 0.55960262 -0.78599352
v -0.80795151 0.56209946 -0.76813275
v -0.79773927 0.57131273 -0.75860983
v -0.80320746 0.55700380 -0.74641091
v -0.81331885 0.54925156 -0.75552219
v -0.76877242 0.57260716 -0.75498164
v -0.75969577 0.56394136 -0.75868100
v -0.78105682 0.57633257 -0.74688411
v -0.78667402 0.56370443 -0.73628372
v -0.79743874 0.53943515 -0.74005693
v -0.78117204 0.54889143 -0.73033130
v -0.80874020 0.53227997 -0.74809885
v -0.73403978 0.43687671 -0.72589093
v -0.74422628 0.43367279 -0.73559403
v -0.70746005 0.48670739 -0.73660648
v -0.71127570 0.47644728 -0.72192717
v -0.72984779 0.47302109 -0.71285135
v -0.74837106 0.46040750 -0.72358143
v -0.75678468 0.45796108 -0.73830342
v -0.76353097 0.48173720 -0.72604984
v -0.76944816 0.47921503 -0.74068463
v -0.74784166 0.43283045 -0.74949396
v -0.75755811 0.45936936 -0.75052363
v -0.77073723 0.48048103 -0.75171959
v -0.77581668 0.49996787 -0.72944784
v -0.78291082 0.49612236 -0.74172330
v -0.78438616 0.51468694 -0.73337144
v -0.79305530 0.50944507 -0.74325848
v -0.80127037 0.52018726 -0.74502736
v -0.79049253 0.52643096 -0.73694909
v -0.77338642 0.52463269 -0.72218889
v -0.77740705 0.53604084 -0.72612286
v -0.76655686 0.50862449 -0.71742243
v -0.75241137 0.49161357 -0.71247137
v -0.72654033 0.47606015 -0.80529910
v -0.73903430 0.49519885 -0.79986185
v -0.75310344 0.51340568 -0.79469407
v -0.76849079 0.53010738 -0.79379535
v -0.78278875 0.54216087 -0.79197603
v -0.79251349 0.54905176 -0.78846276
v -0.80156827 0.55323923 -0.78244114
v -0.81057405 0.55121595 -0.77228731
v -0.81449592 0.54226410 -0.76316696
v -0.81124079 0.52854240 -0.75849050
v -0.80547667 0.51715720 -0.75656688
v -0.78534305 0.49607480 -0.75300628
v -0.79720318 0.50731659 -0.75461429
v -0.75887859 0.52080154 -0.70326102
v -0.76522136 0.53610373 -0.70876920
v -0.76732409 0.54687810 -0.71429247
v -0.77264410 0.57211041 -0.72667402
v -0.76876277 0.55768573 -0.72023743
v -0.74493903 0.43809927 -0.76302385
v -0.73923838 0.44829190 -0.77620208
v -0.73592633 0.45827782 -0.78966707
v -0.73248851 0.46734869 -0.80018634
v -0.74486071 0.48795801 -0.79656106
v -0.74888945 0.48052549 -0.78750074
v -0.75323296 0.47151703 -0.77548987
v -0.75614107 0.46355569 -0.76223010
v -0.75902438 0.50609720 -0.79222494
v -0.76337236 0.49885857 -0.78488880
v -0.76815736 0.49169588 -0.77418405
v -0.77040577 0.48428082 -0.76292503
v -0.78587091 0.49940658 -0.76351988
v -0.78388333 0.50680178 -0.77297974
v -0.77883887 0.51360273 -0.78234988
v -0.77477348 0.52150774 -0.78929353
v -0.78750521 0.53315556 -0.78680211
v -0.79066288 0.52532488 -0.77988869
v -0.79508364 0.51829189 -0.77152961
v -0.79707617 0.51140296 -0.76395720
v -0.79543555 0.53978968 -0.78422707
v -0.80824631 0.54382938 -0.77396935
v -0.80213487 0.54367852 -0.78027266
v -0.81151354 0.53834784 -0.76819265
v -0.80862677 0.52909613 -0.76557219
v -0.80363435 0.52025592 -0.76458985
v -0.80518001 0.53179038 -0.77069426
v -0.80093610 0.52569097 -0.77099401
v -0.79731756 0.53234637 -0.77826709
v -0.80226111 0.53706026 -0.77627134
v -0.80763900 0.53677034 -0.77088177
v -0.80616653 0.53933048 -0.77374202
v -0.71557724 0.52113795 -0.73943400
v -0.16584080 1.48732376 0.05039778
v -0.21984452 1.47521758 0.01179937
v -0.57025552 0.74716806 -0.47862005
v -0.55731213 0.74242991 -0.48690939
v -0.54435599 0.74369687 -0.49504822
v -0.34625942 1.06150508 -0.30753124
v -0.25180313 1.17506433 -0.20268607
v -0.22200009 1.19851995 -0.18690561
v -0.23748982 1.18682265 -0.19595703
v -0.35249931 1.04306662 -0.31779152
v -0.20350128 1.26766276 -0.21404800
v -0.58740115 1.18375969 -0.27980131
v -0.24208574 1.46484232 -0.00930370
v -0.07949570 1.29839694 -0.07552424
v -0.54614437 1.26311910 -0.24416271
v -0.04911706 1.54550350 0.04270035
v -0.05150890 1.54406881 0.04466921
v -0.05259985 1.54036081 0.04409182
v -0.05758575 1.53906703 0.04436934
v -0.06118503 1.53798461 0.04410845
v -0.06286371 1.53786528 0.04331312
v -0.05542636 1.54338956 0.04244694
v -0.05856845 1.54614890 0.04446146
v -0.05460569 1.54491591 0.04331738
v -0.05348247 1.54505467 0.04243690
v -0.12377715 1.29718852 0.01205009
v -0.12713021 1.28267443 0.00605169
v -0.13156211 1.26828635 -0.00189224
v -0.14083546 1.25338459 -0.01238628
v 0.04236943 1.46298921 0.11750850
v -0.31299818 1.09967947 -0.15017089
v -0.30551365 1.11018777 -0.14475800
v -0.40393418 1.33976638 -0.15006450
v -0.33805031 1.08585978 -0.16261044
v -0.29551047 1.11918688 -0.13866730
v -0.31666651 1.41949058 -0.07395300
v -0.14932734 1.24048245 -0.02380985
v -0.34615636 1.08123851 -0.16691519
v -0.28265584 1.45065284 -0.04205631
v -0.28189644 1.13087547 -0.13059737
v -0.38852298 1.04738021 -0.19409092
v -0.24139577 1.16555572 -0.10146533
v 0.00273961 1.56114078 0.18715054
v -0.00864539 1.55091536 0.19315135
v 0.00266925 1.54383743 0.18739331
v 0.01342744 1.55139804 0.18084407
v 0.01073554 1.53757429 0.18318743
v 0.01888597 1.54212236 0.17556280
v -0.01835024 1.53935826 0.19517446
v -0.00702673 1.53537583 0.19089031
v -0.01294744 1.49896383 0.18637788
v -0.01288822 1.50843585 0.18712714
v -0.02213627 1.50365222 0.19057095
v -0.02248868 1.49191999 0.18734539
v -0.01262146 1.47240448 0.17818546
v -0.02411979 1.46373010 0.17583132
v -0.01251701 1.45736170 0.17019796
v -0.00296974 1.46713150 0.17196798
v 0.02495092 1.49337435 0.15010518
v 0.02249929 1.49817550 0.15465027
v 0.02099499 1.49050760 0.15828562
v 0.02345651 1.48521686 0.15282854
v 0.03115153 1.50647604 0.14541602
v 0.03750706 1.51092625 0.14310840
v 0.03232485 1.51618147 0.14435387
v 0.02715671 1.51080096 0.14748952
v 0.02727929 1.49008942 0.14372170
v 0.02543169 1.48152816 0.14658672
v 0.03021342 1.49683785 0.14527380
v 0.02672437 1.50042951 0.14772925
v 0.04173571 1.49265146 0.14166510
v 0.04663578 1.49411702 0.13971335
v 0.04635283 1.49914825 0.14234149
v 0.03967190 1.49688303 0.14405155
v 0.03216773 1.49017262 0.14336669
v 0.03503740 1.48855269 0.13909677
v 0.03756425 1.49052632 0.14158192
v 0.03475833 1.49354923 0.14458787
v 0.03545356 1.50171852 0.14401287
v 0.04248875 1.50520790 0.14256364
v 0.04946148 1.50816727 0.14025453
v 0.05367169 1.50060308 0.13927633
v 0.01635960 1.46801686 0.15754890
v 0.02041322 1.46632838 0.15216351
v 0.02317616 1.47417569 0.14979190
v 0.02045929 1.47705650 0.15553427
v 0.03199214 1.48542535 0.13877225
v 0.03450236 1.46871126 0.13709342
v 0.03910065 1.47156489 0.13274127
v 0.03880131 1.47563910 0.13420635
v 0.03397435 1.47244930 0.13902605
v 0.00731879 1.45142293 0.15689868
v 0.00322959 1.44275498 0.15393612
v 0.01204771 1.44522798 0.14910996
v 0.01438656 1.45181990 0.15182447
v 0.01118401 1.43912506 0.14475837
v 0.00108901 1.43439615 0.14859107
v 0.00487345 1.42221594 0.13390183
v 0.01788157 1.43035185 0.13386884
v 0.01337034 1.43451703 0.13953012
v 0.00143528 1.42759418 0.14187211
v 0.02955428 1.44130611 0.12591660
v 0.02428004 1.42705822 0.12759405
v 0.03068197 1.42698216 0.12043935
v 0.03392017 1.44176304 0.12055337
v 0.03097063 1.46240091 0.13343972
v 0.03335568 1.46499419 0.13498089
v 0.02934095 1.46277761 0.13803470
v 0.02779180 1.46078801 0.13668895
v 0.02420098 1.45909214 0.14024049
v 0.02519712 1.45997715 0.14043403
v 0.02478161 1.46020496 0.14224845
v 0.02328628 1.45810628 0.14186743
v 0.02577633 1.45950139 0.13871604
v 0.02492118 1.45808113 0.13905793
v 0.02690631 1.45789540 0.13698760
v 0.03054321 1.45817959 0.13409346
v 0.04081005 1.46093810 0.12261730
v 0.03935373 1.46592414 0.12287477
v 0.03751555 1.46495330 0.12572098
v 0.03872833 1.46004236 0.12602007
v 0.02684739 1.46225500 0.14160639
v 0.03010172 1.46486664 0.13999861
v 0.02961928 1.46773911 0.14240932
v 0.02617949 1.46370816 0.14428163
v 0.02411875 1.46520925 0.14781147
v 0.02098021 1.46005774 0.14824027
v 0.02342743 1.46019554 0.14485341
v 0.02311432 1.45679665 0.14015025
v 0.02137202 1.45709312 0.14405280
v 0.02062523 1.45413601 0.14210200
v 0.02213264 1.45179212 0.13934046
v 0.02514058 1.45551777 0.13792741
v 0.02880695 1.45483899 0.13486898
v 0.02536112 1.45005286 0.13573179
v 0.02959174 1.44936442 0.13092202
v 0.03343239 1.45470071 0.13058963
v 0.02738091 1.47128284 0.14557600
v 0.01868644 1.45519137 0.14735380
v 0.01731467 1.45989931 0.15241557
v 0.01740953 1.44894147 0.14530623
v 0.01778448 1.44560647 0.14188710
v 0.02475679 1.44094193 0.13220036
v 0.02057999 1.44261682 0.13754562
v 0.01035386 1.41833174 0.12549096
v 0.01618803 1.41677403 0.11663705
v 0.01306248 1.53194702 0.17820507
v 0.01825404 1.53548574 0.17159063
v 0.01025370 1.52441859 0.17615113
v 0.01333815 1.52647042 0.17332989
v 0.01304072 1.52824748 0.17488521
v 0.00896576 1.52633393 0.17821330
v -0.00643867 1.51309586 0.18330127
v -0.00633511 1.50591207 0.18336028
v -0.00176126 1.51210845 0.17996570
v -0.00091594 1.51642907 0.18044445
v 0.00779203 1.50735116 0.17269424
v 0.00957829 1.51487911 0.17253804
v 0.00616825 1.51478064 0.17524320
v 0.00378290 1.50682533 0.17638558
v 0.01213935 1.51597941 0.16940099
v 0.01133427 1.50930345 0.16883227
v 0.01417089 1.51205218 0.16489959
v 0.01412958 1.51756597 0.16580921
v 0.01617214 1.53168488 0.16896230
v 0.01618612 1.52883720 0.16882172
v 0.01649243 1.53035283 0.16286832
v 0.01764190 1.53383458 0.16217956
v 0.01503995 1.52673757 0.15110484
v 0.01724637 1.52724898 0.14856660
v 0.01714545 1.53158867 0.15012336
v 0.01514128 1.52960157 0.15251660
v 0.01557988 1.52519953 0.15212631
v 0.01732865 1.52366424 0.15035284
v -0.00061941 1.58462954 0.18514514
v -0.01233813 1.57196403 0.19444251
v 0.01350805 1.56986439 0.17775196
v -0.02308804 1.55853009 0.19923958
v -0.03201994 1.54267204 0.20005280
v -0.02072459 1.44812489 0.16710961
v -0.00777623 1.44367027 0.16041148
v -0.00176674 1.45306325 0.16358188
v -0.02729121 1.43926632 0.16100478
v -0.01195627 1.43461227 0.15433243
v -0.01444167 1.42095244 0.13236129
v -0.01461157 1.42594230 0.14438200
v -0.04312190 1.44695294 0.16702282
v -0.05049267 1.44098008 0.15941203
v -0.03379929 1.43086231 0.15003985
v -0.06382671 1.45360374 0.16625255
v -0.07322142 1.45240939 0.16106838
v -0.06235889 1.43762052 0.14816046
v -0.06731552 1.41361189 0.11678284
v -0.08006096 1.41954422 0.12924117
v -0.09260353 1.41553164 0.12367636
v -0.08010367 1.40742755 0.11184517
v -0.03522009 1.45518661 0.17246902
v -0.03159669 1.51414871 0.19393843
v -0.03398055 1.49965405 0.19162625
v -0.01960745 1.51566708 0.19112128
v -0.05848628 1.57132006 0.20737863
v -0.06179106 1.55270123 0.20856160
v -0.04583615 1.54754329 0.20644486
v -0.03945655 1.56533074 0.20435679
v -0.04643270 1.61184084 0.19228119
v -0.05335891 1.59188366 0.20308286
v -0.03030121 1.58273232 0.19959897
v -0.02002081 1.59971142 0.19055888
v -0.07903260 1.55505955 0.20852011
v -0.07954308 1.57349420 0.20707214
v -0.10114416 1.56934571 0.20502189
v -0.09478852 1.55367851 0.20654771
v -0.07977194 1.59468830 0.20186251
v -0.10651881 1.59058022 0.19855875
v -0.08453327 1.45762396 0.16074938
v -0.08316207 1.44376254 0.15286732
v -0.08647436 1.43392909 0.14449552
v -0.06927931 1.42738628 0.13620389
v -0.10856605 1.60903430 0.18523693
v -0.07799390 1.61373591 0.19064289
v -0.13682920 1.53522944 0.18199873
v -0.12417269 1.52394724 0.18778050
v -0.11594641 1.53660059 0.19624850
v -0.13015816 1.55059099 0.19107991
v -0.15000582 1.54676020 0.17312133
v -0.14225367 1.56574821 0.18303162
v -0.13127434 1.49126410 0.15686920
v -0.14507163 1.49552667 0.14673793
v -0.13100857 1.48841524 0.13701200
v -0.12192950 1.48164904 0.14683586
v 0.00217608 1.53101969 0.18680811
v -0.00492132 1.52473903 0.18778270
v 0.00150323 1.52385962 0.18340486
v 0.00702387 1.52793121 0.18216151
v -0.02694806 1.52831435 0.19427112
v -0.01459879 1.52622497 0.19151840
v -0.05313462 1.53422117 0.20167625
v -0.06528798 1.53757238 0.20470560
v -0.09160635 1.54013300 0.20443052
v -0.07877627 1.54012907 0.20542914
v -0.11348626 1.51654959 0.18987185
v -0.10824677 1.52387905 0.19500172
v -0.09724227 1.46902394 0.16178021
v -0.11032423 1.47442174 0.15451762
v -0.10832888 1.46342051 0.14504060
v -0.09750602 1.45524204 0.15334952
v -0.12631151 1.47793603 0.12936157
v -0.11767536 1.47152901 0.13734663
v -0.10807478 1.43980610 0.13536012
v -0.11794177 1.45026660 0.12924311
v -0.12760383 1.44830382 0.12111884
v -0.11893144 1.43821681 0.12614116
v -0.13707948 1.45990455 0.11397165
v -0.12594545 1.46126223 0.11979061
v -0.13257092 1.47056460 0.11108202
v -0.14128125 1.47024393 0.10382450
v -0.06010216 1.39900970 0.09234291
v -0.06913835 1.40274811 0.10097092
v -0.08147320 1.39684486 0.09591168
v -0.07268816 1.39349937 0.08630413
v -0.13023347 1.43624473 0.11941168
v -0.13981086 1.45025539 0.11706752
v -0.11800390 1.48602653 0.16485330
v -0.10633224 1.48389947 0.17072362
v -0.14808577 1.46332049 0.10969555
v -0.11173958 1.45539451 0.13736266
v -0.11984721 1.46483815 0.12804168
v -0.13211885 1.48274982 0.11865902
v -0.13997573 1.49085271 0.12637803
v 0.02387905 1.50456214 0.15086639
v 0.01695612 1.51758814 0.15677065
v 0.01735410 1.52028167 0.15325445
v 0.01617593 1.52283812 0.15482330
v 0.01614815 1.52095187 0.15816897
v 0.02866063 1.55863237 0.15863419
v 0.02245390 1.55573034 0.17055318
v 0.02547604 1.54405189 0.16503596
v 0.03005391 1.54383647 0.15250987
v 0.00696111 1.48062277 0.17268768
v 0.01228458 1.47189653 0.16436124
v 0.01798946 1.48173416 0.16169363
v 0.01475549 1.49030018 0.16696388
v 0.00244850 1.51833153 0.17856449
v 0.00446802 1.52055120 0.17849904
v 0.00139946 1.52046704 0.18028504
v 0.01203614 1.45954955 0.15795892
v 0.00534993 1.46239090 0.16472104
v -0.03482926 1.48558044 0.18671554
v -0.01029885 1.51766300 0.18719870
v -0.03916684 1.62655377 0.17814544
v -0.01075882 1.61130142 0.17769027
v -0.07288018 1.63072181 0.17349610
v -0.10598657 1.62558579 0.16755849
v -0.14883593 1.57934916 0.16798359
v -0.15034372 1.59356093 0.14963466
v -0.15997612 1.57113290 0.13863695
v -0.15571383 1.55907166 0.15502930
v -0.15314078 1.50177431 0.13126701
v -0.13443506 1.47671163 0.10187352
v -0.14163631 1.47554314 0.09438258
v 0.00930679 1.59293664 0.17324716
v 0.02082863 1.57513094 0.16554463
v -0.04004499 1.53016663 0.19696552
v -0.00982445 1.49066460 0.18417633
v -0.00332308 1.48451424 0.17960423
v 0.00171247 1.49591112 0.17945462
v -0.00377041 1.49991000 0.18238041
v -0.02002078 1.48070025 0.18326929
v -0.03317776 1.47277880 0.18110055
v -0.04887515 1.46597636 0.17794728
v -0.05653185 1.45734847 0.17210549
v -0.11992383 1.56354547 0.19794050
v -0.10847920 1.54853809 0.20211512
v -0.13312227 1.59747970 0.17909271
v -0.12789372 1.58098364 0.19185603
v -0.10350972 1.53773928 0.20135835
v -0.13462356 1.61324203 0.16087562
v 0.03780809 1.47977972 0.13507599
v 0.03720087 1.48456275 0.13446057
v 0.03152028 1.47795200 0.14114740
v 0.03698385 1.45511127 0.12594426
v 0.03299600 1.44876075 0.12593555
v 0.03541434 1.45072341 0.12062001
v 0.03931066 1.45609236 0.12161049
v -0.00311965 1.41550577 0.11059737
v -0.00927827 1.41739523 0.12052643
v -0.04659760 1.40543711 0.09748304
v -0.05596390 1.40852404 0.10643983
v 0.04109398 1.49284315 0.13728595
v 0.03889078 1.49084032 0.13698918
v 0.03981811 1.49268973 0.13565764
v 0.04180664 1.49348009 0.13609156
v 0.02640730 1.46158957 0.13989303
v 0.04212019 1.47232056 0.12837505
v 0.04015201 1.46928632 0.12706575
v 0.04146358 1.46993136 0.12407112
v 0.04320326 1.47333884 0.12534690
v -0.03914493 1.42411304 0.13287359
v -0.05410200 1.41987193 0.12349296
v -0.10668147 1.42518103 0.12766582
v -0.09495103 1.42908931 0.13623798
v -0.10106331 1.44500315 0.14469296
v -0.12799811 1.47271180 0.12071103
v -0.13163006 1.47880960 0.11042240
v -0.13331717 1.48269081 0.09756407
v -0.13570607 1.48762465 0.10554922
v -0.02853733 1.41660178 0.11597246
v -0.04326731 1.41257000 0.11108214
v -0.03475478 1.41018867 0.10135454
v -0.02099118 1.41409218 0.10526854
v 0.04373270 1.49202561 0.13142806
v 0.04141831 1.49096560 0.13155818
v 0.04270759 1.48903871 0.12928885
v 0.04549941 1.49115217 0.12988842
v 0.03716022 1.49003148 0.13712546
v 0.03726849 1.48834705 0.13425499
v 0.03741300 1.49050283 0.13457024
v 0.03860867 1.49130332 0.13848418
v 0.04136840 1.49263847 0.13874269
v 0.04683289 1.49428380 0.13517958
v 0.05180719 1.49434900 0.13556552
v 0.04458278 1.49307537 0.13768092
v 0.04196441 1.49282014 0.13347951
v 0.03995645 1.49154830 0.13295674
v 0.03798541 1.49170995 0.13487589
v 0.03781217 1.49155009 0.13648236
v 0.04470852 1.49407232 0.13519171
v 0.04310301 1.49358332 0.13662142
v 0.04397851 1.51442122 0.14055592
v -0.04185539 1.40439427 0.08940062
v -0.03004950 1.40977836 0.09310156
v 0.02483743 1.45946026 0.13973156
v 0.02153498 1.53787577 0.16259933
v 0.00783885 1.49606359 0.17459697
v 0.01967487 1.50361443 0.15767550
v 0.01788813 1.50889909 0.15938458
v 0.01539320 1.50471306 0.16401166
v 0.01793784 1.49658048 0.16211656
v 0.02260187 1.53771842 0.15379918
v 0.02212504 1.53348553 0.14746010
v 0.02898872 1.53612018 0.14499420
v 0.02203426 1.52798271 0.14565307
v 0.02071372 1.52230072 0.14758232
v 0.02655351 1.51969099 0.14588091
v 0.03090101 1.52691078 0.14336348
v 0.00496316 1.52361321 0.17967808
v 0.00725013 1.52264547 0.17782158
v 0.02316159 1.51443958 0.14921001
v 0.01955637 1.51810193 0.15085661
v 0.01879740 1.51379609 0.15499377
v 0.02098501 1.50902367 0.15313059
v 0.01231977 1.50001955 0.16884851
v -0.00354752 1.51942480 0.18329704
v -0.00010693 1.50913906 0.17884892
v -0.09261882 1.47626495 0.17077467
v -0.09987760 1.48523831 0.17682996
v -0.07488620 1.46605897 0.17425412
v -0.07861146 1.46815765 0.17284465
v -0.07669854 1.46403527 0.16705909
v -0.07180473 1.46234512 0.17034304
v -0.09367126 1.51332211 0.19460663
v -0.08907300 1.51334596 0.19449544
v -0.08800608 1.51922560 0.19698405
v -0.09580594 1.51906705 0.19618529
v -0.08208424 1.51518404 0.19623736
v -0.08211628 1.51213765 0.19467491
v -0.07859144 1.51128650 0.19506973
v -0.07978877 1.51801503 0.19706571
v -0.07228476 1.51551592 0.19578165
v -0.06873149 1.52559316 0.19970846
v -0.07897246 1.52781081 0.20122087
v -0.04829484 1.51255035 0.19420034
v -0.05895549 1.52170324 0.19641137
v -0.06623650 1.51120102 0.19259715
v -0.06103951 1.50208533 0.19071567
v -0.06241074 1.46925020 0.17861393
v -0.06725079 1.46211934 0.17554358
v -0.08405051 1.46889186 0.16724452
v -0.15249747 1.52841449 0.16297466
v -0.13915530 1.51893973 0.17296791
v -0.12621769 1.51174414 0.17961311
v -0.11496705 1.50630653 0.18358821
v -0.16187599 1.53828597 0.15053391
v -0.16478974 1.54603004 0.13523018
v -0.04812181 1.49518943 0.19082230
v -0.05992901 1.48963237 0.18753451
v -0.13741165 1.50375819 0.16465002
v -0.15057367 1.50993013 0.15332717
v -0.12441349 1.49864173 0.17186594
v -0.11220366 1.49546862 0.17754340
v -0.15989625 1.52036667 0.14034775
v -0.16277471 1.52571106 0.12344599
v -0.15742928 1.50602341 0.11557239
v -0.07346430 1.47016311 0.18284172
v -0.07418650 1.46470058 0.18127766
v -0.07179475 1.46431828 0.17875713
v -0.06954029 1.46913564 0.18052775
v -0.06112564 1.47829449 0.18342453
v -0.04914260 1.47995460 0.18496072
v 0.03821769 1.52077699 0.14177051
v 0.03468317 1.42788637 0.11316067
v 0.03693858 1.44276583 0.11593902
v 0.04128161 1.47997069 0.13029683
v 0.04191047 1.47666800 0.12968493
v 0.04303995 1.47695684 0.12632143
v 0.04245460 1.48087466 0.12714344
v 0.01746434 1.53454542 0.15526605
v -0.14474547 1.49540973 0.11083800
v -0.13396743 1.48017538 0.09036940
v -0.13985348 1.47844517 0.08357528
v -0.15334576 1.47227240 0.09877545
v -0.15380329 1.47661781 0.08731025
v 0.04216251 1.48499107 0.12793410
v 0.04066372 1.48424315 0.13064241
v 0.04368123 1.49326921 0.13449341
v 0.03751668 1.46766651 0.13103029
v 0.03955632 1.48991799 0.13256818
v 0.04016188 1.48790133 0.13139749
v 0.04407388 1.48835123 0.12737662
v 0.04291195 1.48500443 0.12631893
v 0.01580039 1.51545858 0.16083181
v 0.01531872 1.51976466 0.16199416
v 0.04603332 1.49304748 0.13289386
v 0.04878789 1.49233556 0.13183635
v -0.09296310 1.40202916 0.10724890
v -0.10594279 1.41119301 0.11673886
v 0.04202342 1.47062802 0.12189412
v 0.04373091 1.47385836 0.12325498
v -0.06949818 1.49524069 0.18887591
v -0.07156938 1.50298059 0.19134617
v -0.07702291 1.49781346 0.19099158
v -0.07543820 1.49168897 0.18849665
v -0.05426818 1.39771771 0.08455071
v -0.11923763 1.42337584 0.11921841
v -0.15022874 1.47971845 0.07645655
v 0.00369591 1.51514125 0.17706349
v 0.00203061 1.51638484 0.17816564
v 0.01566923 1.53116155 0.15688452
v 0.03500170 1.45966375 0.13031864
v 0.03455341 1.46439457 0.12947211
v -0.01642329 1.41377449 0.09724438
v 0.04675967 1.49032378 0.12837571
v -0.08556601 1.50643051 0.19209725
v -0.08523169 1.50327051 0.19081554
v -0.08358604 1.50140107 0.19357568
v -0.08278838 1.50437737 0.19451827
v -0.07779449 1.50710249 0.19702572
v -0.07972550 1.51014948 0.19887632
v -0.08185810 1.50633669 0.19909206
v -0.08083552 1.50399089 0.19706804
v -0.07490274 1.50805235 0.19394457
v -0.07729739 1.50321245 0.19403565
v -0.08207586 1.51077998 0.20140570
v -0.08331975 1.50846648 0.20023817
v -0.08466071 1.51277804 0.19486529
v -0.08282253 1.51285315 0.19850409
v -0.08754957 1.51451266 0.19947380
v -0.08646473 1.51139212 0.20336407
v -0.09425825 1.51388276 0.20073020
v -0.09224445 1.51019883 0.20456663
v -0.09969932 1.51046038 0.19966981
v -0.09830561 1.50723815 0.20429933
v -0.06878364 1.47666693 0.18257034
v -0.07482451 1.47938073 0.18156523
v -0.10242888 1.50454378 0.19772840
v -0.10194075 1.50206757 0.20256132
v -0.10440877 1.49739099 0.19463855
v -0.10354379 1.49562883 0.19956666
v -0.10437170 1.48932302 0.19120234
v -0.10335821 1.48844838 0.19637531
v -0.10136011 1.48175395 0.18861562
v -0.10074794 1.48125076 0.19359496
v -0.09611139 1.47321296 0.18434471
v -0.09522867 1.47498477 0.19070598
v -0.09711695 1.50687170 0.19996852
v -0.09262407 1.50978327 0.20052409
v -0.09602115 1.51039827 0.19283888
v -0.08728954 1.51014519 0.20076793
v -0.09244439 1.49922872 0.18732455
v -0.09060341 1.49575341 0.18673715
v -0.08730215 1.49482906 0.18984491
v -0.08904651 1.49877691 0.18781215
v -0.07938701 1.49005115 0.18840015
v -0.07928821 1.48509419 0.18663105
v -0.07490507 1.48470604 0.18607622
v -0.07932350 1.48217523 0.18354750
v -0.08076447 1.48670089 0.18386528
v -0.08084461 1.48369527 0.18319964
v -0.08082989 1.49079764 0.18387163
v -0.08244753 1.48205137 0.18310332
v -0.08081269 1.48039198 0.18372697
v -0.08280340 1.48344457 0.18229616
v -0.08205926 1.48437274 0.18216419
v -0.08268237 1.48626828 0.18146646
v -0.08499324 1.48911357 0.18182200
v -0.06855345 1.48575425 0.18600816
v -0.09011164 1.47959471 0.17785865
v -0.09485829 1.48580098 0.18250912
v -0.08881620 1.47071934 0.18759653
v -0.08853990 1.46705139 0.18226457
v -0.07684091 1.46231055 0.18083596
v -0.08228961 1.46270871 0.18090016
v -0.09793234 1.50548995 0.19068336
v -0.09949723 1.49919176 0.18858188
v -0.08325318 1.47384036 0.17457891
v -0.09744820 1.49287879 0.18619671
v -0.09363675 1.47955465 0.19018847
v -0.08856887 1.47678423 0.18791184
v -0.09725845 1.48385429 0.19302070
v -0.07865241 1.47684121 0.18410456
v -0.08346936 1.47532988 0.18628055
v -0.08253071 1.46937883 0.18574828
v -0.07778120 1.46926606 0.18433934
v -0.08734363 1.48127186 0.18723607
v -0.09086302 1.48343444 0.19012129
v -0.08775675 1.48418534 0.18438339
v -0.09073293 1.48685265 0.18733877
v -0.08445156 1.48252916 0.18355250
v -0.08361280 1.48014462 0.18508974
v -0.08782980 1.48652363 0.18121523
v -0.09146193 1.49050272 0.18419564
v -0.08445761 1.48434913 0.18183333
v -0.09220999 1.48892212 0.19040179
v -0.09255493 1.49285901 0.18827981
v -0.09110105 1.49500895 0.19245601
v -0.09234503 1.49176419 0.19353062
v -0.09416980 1.48599625 0.19273108
v -0.09573448 1.48992515 0.19521871
v -0.09959424 1.48979092 0.19460711
v -0.09668967 1.49528754 0.19667146
v -0.10036364 1.49597371 0.19645384
v -0.09356368 1.49503875 0.19546449
v -0.09086761 1.49616814 0.19484061
v -0.09939671 1.50193667 0.19877687
v -0.09618214 1.50009084 0.19798934
v -0.09439543 1.50423694 0.19881821
v -0.09326521 1.49873900 0.19697571
v -0.09181073 1.50192750 0.19762537
v -0.09129658 1.49811053 0.19604200
v -0.08982021 1.49992323 0.19621968
v -0.08441561 1.50870824 0.19737357
v -0.08296713 1.50687253 0.19594729
v -0.08771095 1.50850344 0.19847032
v -0.08713561 1.50635707 0.19655800
v -0.08539593 1.50720966 0.19595629
v -0.08479244 1.50636172 0.19444835
v -0.08619916 1.50413311 0.19526196
v -0.08750078 1.50332379 0.19269544
v -0.09597087 1.38019943 0.07327536
v -0.09069359 1.37934363 0.06303471
v -0.07891184 1.38489592 0.07034746
v -0.08464152 1.38688970 0.08004791
v -0.08932832 1.50460970 0.19751513
v -0.08759117 1.50191283 0.19609299
v -0.09117728 1.50737977 0.19897354
v -0.09002143 1.49936152 0.19245300
v -0.08838129 1.50042248 0.19408238
v -0.08953142 1.49807703 0.19470245
v -0.09000766 1.49752831 0.19332802
v -0.08032563 1.49437094 0.18854946
v -0.08357897 1.49337757 0.18567431
v -0.08733347 1.49152219 0.18438792
v -0.13564703 1.38439596 0.08562988
v -0.12673146 1.39087224 0.09010786
v -0.13840663 1.40348911 0.10218054
v -0.14469257 1.39829111 0.10070422
v -0.13732368 1.35751712 0.08344227
v -0.14721003 1.37333691 0.10129195
v -0.14545587 1.34458566 0.09133035
v -0.14139223 1.33730984 0.07790112
v -0.14800519 1.32194602 0.08453602
v -0.14511007 1.31823134 0.07195902
v -0.15957037 1.26751101 0.06274223
v -0.15392375 1.26673043 0.05032271
v -0.15043712 1.28348064 0.05802694
v -0.15561718 1.28453541 0.07057169
v -0.21356036 1.19669569 0.03764969
v -0.22804731 1.19229007 0.02268660
v -0.21584883 1.19291186 0.01450813
v -0.20426127 1.19748294 0.02913642
v -0.16897470 1.30406547 0.11741030
v -0.15239075 1.32144654 0.12179726
v -0.15831497 1.31498480 0.12693721
v -0.17833123 1.29809070 0.12091798
v -0.16393563 1.42871797 0.12401927
v -0.15532950 1.40603805 0.11324739
v -0.15707660 1.41064513 0.11175078
v -0.16224638 1.43248677 0.12242928
v -0.24193032 1.23525572 0.08318874
v -0.24782130 1.22148335 0.07209218
v -0.23459455 1.22155952 0.07454169
v -0.22833368 1.23465919 0.08414406
v -0.31220740 1.20078027 0.00629580
v -0.32986921 1.19190085 -0.00157182
v -0.31524947 1.18096125 -0.01431185
v -0.29896221 1.19087315 -0.00585014
v -0.34086883 1.25375867 0.05191910
v -0.35533151 1.27418780 0.05559975
v -0.36929274 1.27169657 0.04293165
v -0.35578418 1.25041008 0.04006201
v -0.17356548 1.27001607 0.08387816
v -0.16639996 1.26863289 0.07449168
v -0.16165048 1.28606200 0.08127707
v -0.16794258 1.28774488 0.09069508
v -0.05012974 1.24991977 0.18451574
v -0.06104252 1.23774707 0.17923331
v -0.07776237 1.25671566 0.17149192
v -0.06729779 1.26885128 0.17726097
v -0.42340708 1.21611118 -0.01230924
v -0.43268344 1.23996723 -0.01224846
v -0.44682828 1.23107362 -0.01756877
v -0.43641108 1.20640635 -0.01832974
v -0.11478111 1.36304998 0.15505919
v -0.11954233 1.37223411 0.15094155
v -0.12467039 1.39052784 0.16644996
v -0.11807567 1.38180470 0.17111710
v -0.20279548 1.27534986 0.10649651
v -0.19273642 1.27506113 0.10306165
v -0.18198967 1.28946996 0.11027899
v -0.19283251 1.28625429 0.11357492
v -0.32980326 1.28363061 0.08491841
v -0.31573835 1.26759064 0.08226264
v -0.30131447 1.27986908 0.09553462
v -0.31463555 1.29325509 0.09846160
v -0.32994461 1.25899899 0.06746835
v -0.34387678 1.27741468 0.07003450
v -0.18656904 1.27408004 0.09873706
v -0.18094596 1.27218521 0.09221673
v -0.17221025 1.28990972 0.09918576
v -0.17486900 1.29186261 0.10602099
v -0.24358270 1.19263482 0.00966559
v -0.22805747 1.19242275 -0.00017589
v -0.42360562 1.18352914 -0.02427390
v -0.41039199 1.16376448 -0.03421322
v -0.39804840 1.17460847 -0.02715041
v -0.41150561 1.19371867 -0.01787169
v -0.27194619 1.19192481 -0.01027679
v -0.25718722 1.19503665 -0.00091749
v -0.27012444 1.19920516 0.01014090
v -0.28495494 1.19727397 0.00182366
v -0.39565501 1.14678502 -0.04666108
v -0.37961924 1.13128865 -0.06099886
v -0.36709207 1.14401197 -0.05378194
v -0.38270578 1.15828001 -0.03947543
v -0.15185714 1.30239153 0.07757121
v -0.14786744 1.30045319 0.06545815
v -0.22969681 1.20196831 0.05432913
v -0.24558055 1.19784009 0.04129469
v -0.23793706 1.19386077 0.03226256
v -0.22222160 1.19814849 0.04644021
v -0.21450111 1.29296350 0.12333828
v -0.19418988 1.29253602 0.12338549
v -0.17045727 1.30537629 0.13331777
v -0.20102203 1.29725111 0.13283196
v -0.46135497 1.22233427 -0.02290672
v -0.44940001 1.19841671 -0.02348483
v -0.40937933 1.13804281 -0.05301315
v -0.39261353 1.12198365 -0.06721073
v -0.23361862 1.30269313 0.16369748
v -0.24732921 1.30370021 0.15416434
v -0.23849827 1.29920387 0.14818776
v -0.22508785 1.29923952 0.15665174
v -0.18488234 1.20633161 0.00029236
v -0.18372391 1.20761824 0.01748714
v -0.20051247 1.19754469 0.01239227
v -0.20760834 1.19659746 -0.00457531
v -0.26335832 1.19954181 0.03005701
v -0.27913973 1.20443404 0.02208407
v -0.25523877 1.19509542 0.02002466
v -0.18775752 1.20788670 -0.01773721
v -0.21774650 1.19757330 -0.02479801
v -0.14171004 1.29874694 0.05171520
v -0.14443564 1.28281438 0.04468003
v -0.13817105 1.31498921 0.05840442
v -0.13169640 1.31297958 0.04430842
v -0.12746707 1.32893217 0.04989257
v -0.13425714 1.33178914 0.06352496
v -0.12278146 1.34442413 0.05448866
v -0.13029367 1.34857929 0.06791204
v -0.12575942 1.37471509 0.07113945
v -0.11697555 1.38174272 0.07628617
v -0.20737353 1.28459430 0.11492699
v -0.21717553 1.27572691 0.10805917
v -0.42398041 1.15572107 -0.04038790
v -0.25535429 1.43350124 0.13564441
v -0.26832998 1.42633450 0.12813723
v -0.26060399 1.41512609 0.14595947
v -0.24752428 1.42305255 0.15282130
v -0.16275412 1.42720103 0.12661445
v -0.15403026 1.40447152 0.11484230
v -0.26005876 1.34689927 0.17479521
v -0.27033237 1.35640419 0.16216624
v -0.27639866 1.34948599 0.15527540
v -0.26482952 1.34066689 0.16859055
v -0.24080996 1.31280184 0.17789805
v -0.22238098 1.30670404 0.19178194
v -0.21930027 1.31188238 0.19952714
v -0.23838033 1.31857550 0.18515605
v -0.45423755 1.25427699 -0.02349335
v -0.43880033 1.26336944 -0.01793228
v -0.36896184 1.34010422 0.04886186
v -0.36822671 1.31654656 0.05373022
v -0.35603634 1.31786692 0.07086894
v -0.35645020 1.33911264 0.06888270
v -0.25139284 1.46308255 0.01216942
v -0.26005512 1.45908260 0.00413164
v -0.26929346 1.45721531 0.02840209
v -0.26102266 1.46055579 0.03690863
v -0.25442606 1.45510817 0.09953895
v -0.24470253 1.46000504 0.10360372
v -0.24642602 1.46466446 0.07640773
v -0.25685251 1.46177757 0.07129273
v -0.26167113 1.44236434 0.11508971
v -0.27349332 1.43658507 0.10773259
v -0.32431984 1.30823731 0.10076362
v -0.33894840 1.30165446 0.08615148
v -0.30465090 1.31536257 0.12552071
v -0.29450375 1.30451190 0.12148011
v -0.28525490 1.30726826 0.12995118
v -0.29441220 1.31628621 0.13393879
v -0.15905800 1.43698072 0.12107751
v -0.16981936 1.45624816 0.12404680
v -0.17269433 1.45173299 0.12818301
v -0.20288631 1.47843230 0.08708596
v -0.20949984 1.47724104 0.08516818
v -0.20600370 1.47357917 0.10061389
v -0.19978838 1.47522974 0.09858343
v -0.31766024 1.43517756 -0.00449380
v -0.30619267 1.44022191 -0.02881503
v -0.31738168 1.42913127 -0.03974783
v -0.33067217 1.42237318 -0.01385221
v -0.28608143 1.32462621 0.14396665
v -0.27159822 1.31875741 0.15269750
v -0.27164003 1.32700527 0.15684476
v -0.28538480 1.33377969 0.14678243
v -0.29775560 1.33721697 0.13821906
v -0.31066591 1.33860826 0.12999833
v -0.30995712 1.32676923 0.12824455
v -0.29784364 1.32702911 0.13639835
v -0.34398687 1.33828366 0.08733815
v -0.34266162 1.32027578 0.08735198
v -0.33076444 1.32338548 0.10347626
v -0.33415121 1.33927655 0.10625058
v -0.35419399 1.39009082 -0.07959926
v -0.36790964 1.38740730 -0.06073977
v -0.35516179 1.39956129 -0.04569788
v -0.34259874 1.40438867 -0.06611587
v -0.18778622 1.29598117 0.15640825
v -0.17117196 1.29680848 0.14969677
v -0.15994632 1.29414082 0.15407807
v -0.17448732 1.29096615 0.16338551
v -0.19656399 1.31969380 0.22199595
v -0.18390273 1.31384170 0.22879297
v -0.17989218 1.31911266 0.23170602
v -0.19265848 1.32583547 0.22523779
v -0.17016706 1.27661490 0.17953774
v -0.16075447 1.28134990 0.16998243
v -0.14609870 1.26589966 0.17552769
v -0.15550172 1.26065528 0.18679073
v -0.17742491 1.44093025 0.13981399
v -0.16145581 1.42517841 0.12937820
v -0.17654949 1.44420755 0.13567087
v -0.20053171 1.28834844 0.18755725
v -0.18343492 1.27547836 0.19797224
v -0.18599966 1.27846062 0.20681822
v -0.20362590 1.29171920 0.19606501
v -0.04339588 1.26220989 0.19658515
v -0.06053457 1.28102314 0.18963647
v -0.14409745 1.24260283 0.20699739
v -0.14627218 1.24363470 0.21921709
v -0.16387644 1.26033974 0.20919245
v -0.16036904 1.25925303 0.19845730
v -0.38094291 1.33940041 0.02994648
v -0.38062504 1.31637204 0.03695688
v -0.45866963 1.29432559 -0.04773927
v -0.45770320 1.27520037 -0.03389594
v -0.44155350 1.28429854 -0.02789408
v -0.44153970 1.30400479 -0.04042108
v -0.46935862 1.24618280 -0.02943179
v -0.47540358 1.28437805 -0.05518796
v -0.47431460 1.26616359 -0.04039264
v -0.15869319 1.45868921 0.11638486
v -0.16734189 1.47178769 0.10865730
v -0.17567098 1.47065187 0.11003810
v -0.16547784 1.45873630 0.11998844
v -0.56146502 1.17060900 -0.05528584
v -0.57893419 1.14454794 -0.06985953
v -0.56264788 1.12390435 -0.05481550
v -0.54552394 1.15008163 -0.04406609
v -0.18559408 1.48360324 0.07787502
v -0.18268822 1.47770941 0.09553218
v -0.17331398 1.47886825 0.09470481
v -0.17574567 1.48153341 0.07978004
v -0.52857363 1.16947055 -0.03791720
v -0.54140133 1.19262528 -0.04652408
v -0.15041238 1.43934059 0.11698315
v -0.15486887 1.43891275 0.11945218
v -0.14710355 1.41992700 0.11304423
v -0.14061797 1.42096162 0.11263654
v -0.12907588 1.40678978 0.10537031
v -0.54234636 1.10392666 -0.04540119
v -0.52956778 1.12593246 -0.04147530
v -0.15887916 1.46767116 0.10874632
v -0.16411710 1.47574091 0.09626538
v -0.16504842 1.47998595 0.08306831
v -0.16164565 1.48203778 0.06978035
v -0.48507559 1.23743570 -0.03340206
v -0.47607446 1.21408057 -0.02686255
v -0.63119346 1.07927704 -0.18004529
v -0.62882406 1.09056914 -0.20911367
v -0.61907536 1.05744183 -0.21229470
v -0.62408113 1.04691505 -0.17897445
v -0.60140383 1.12194109 -0.26955488
v -0.58854973 1.09437060 -0.27226704
v -0.60626948 1.07517195 -0.24371430
v -0.61933047 1.10374618 -0.24001025
v -0.56349683 1.25758362 -0.21474300
v -0.57669389 1.25174952 -0.18740845
v -0.55753386 1.26684475 -0.17542249
v -0.54449606 1.27320302 -0.20185575
v -0.49289986 1.27577877 -0.06121562
v -0.49115306 1.25775707 -0.04543209
v -0.46350697 1.19090688 -0.02858853
v -0.54464173 0.98206395 -0.06046516
v -0.57942390 0.99256516 -0.07808970
v -0.57689703 0.96210283 -0.08797641
v -0.54517627 0.95266515 -0.06899256
v -0.60830557 0.97751534 -0.15110587
v -0.61500072 1.00887644 -0.14380577
v -0.61466789 1.01592076 -0.18179229
v -0.60502046 0.98578227 -0.18712687
v -0.37627342 1.10775495 -0.08296885
v -0.40529630 1.11658216 -0.07363191
v -0.38910747 1.10191536 -0.08999336
v -0.33732086 1.08778751 -0.13655472
v -0.34921449 1.09041810 -0.11673237
v -0.36105567 1.08508408 -0.12547317
v -0.34933093 1.08316600 -0.14371935
v -0.40191370 1.04758787 -0.16750275
v -0.39437026 1.04777455 -0.18234926
v -0.38583708 1.05832458 -0.17426638
v -0.39579996 1.05932474 -0.15779646
v -0.50998056 1.10572445 -0.04400383
v -0.48712596 1.09043217 -0.05475739
v -0.47982445 1.10632300 -0.05324320
v -0.49834013 1.12434828 -0.04035819
v -0.56817287 1.07376981 -0.27053374
v -0.59002173 1.05235243 -0.24911511
v -0.50732458 0.94699091 -0.06117417
v -0.50749201 0.97818756 -0.05523123
v -0.46689349 0.94896239 -0.06941722
v -0.43737957 0.95564610 -0.09380861
v -0.44136551 0.98353529 -0.08905929
v -0.47019723 0.97895259 -0.06559120
v -0.44659671 1.00802112 -0.20702812
v -0.42766312 1.01469421 -0.18164922
v -0.43420494 1.01503897 -0.17545554
v -0.44688016 1.01297641 -0.20260644
v -0.60711217 1.17567968 -0.25699505
v -0.60784084 1.15184033 -0.26334548
v -0.62548673 1.13500404 -0.23716719
v -0.62338543 1.16438162 -0.22949511
v -0.47366524 1.29885399 -0.07244134
v -0.49228895 1.28927779 -0.07998972
v -0.46974316 1.31009734 -0.09023395
v -0.45675418 1.30990791 -0.06365415
v -0.45157677 1.32237434 -0.08027294
v -0.36734751 1.38147235 0.00787485
v -0.37678856 1.36184156 0.01978216
v -0.36557156 1.36383533 0.03971899
v -0.35764766 1.38568926 0.02875501
v -0.27553287 1.45476437 0.05579358
v -0.26574308 1.45887339 0.06459993
v -0.59554881 1.00280058 -0.22539531
v -0.56797016 1.02340341 -0.25577509
v -0.56536388 0.97671592 -0.24602993
v -0.58761811 0.96618104 -0.22064263
v -0.60163802 0.94666368 -0.15894026
v -0.59400928 0.94000757 -0.12740609
v -0.60063672 0.97183120 -0.11866643
v -0.57227463 0.93038297 -0.09740205
v -0.54005784 0.92117029 -0.07604735
v -0.46178821 0.91859841 -0.07668644
v -0.43415508 0.92646480 -0.10051181
v -0.43064845 0.97531700 -0.19267969
v -0.42242122 0.96860278 -0.16250493
v -0.42291033 0.94493079 -0.16823988
v -0.43352526 0.95338839 -0.19809076
v -0.42422089 1.04466558 -0.12430589
v -0.44481337 1.06309605 -0.09166047
v -0.44951400 1.05223322 -0.09123315
v -0.43489259 1.03967547 -0.11900480
v -0.32566327 1.09651828 -0.12421613
v -0.33564445 1.09973931 -0.10749675
v -0.36133778 1.09667730 -0.09987411
v -0.34760737 1.10598576 -0.09156999
v -0.36314297 1.11677516 -0.07590094
v -0.28105950 1.14777279 -0.07267770
v -0.29733300 1.15136302 -0.05476645
v -0.30993381 1.14193130 -0.06627382
v -0.29360229 1.13716364 -0.08344859
v -0.26735294 1.16041589 -0.06006430
v -0.28357351 1.16381931 -0.04263867
v -0.23869562 1.19051826 -0.03871094
v -0.24104139 1.19377756 -0.01312882
v -0.25625312 1.18971860 -0.02315000
v -0.13511509 1.29720306 0.03802827
v -0.13818222 1.28208995 0.03120226
v -0.51909232 1.08504605 -0.04566990
v -0.53118914 1.01529050 -0.26201707
v -0.50160384 1.00143290 -0.25283441
v -0.50498104 0.97435963 -0.25575072
v -0.53649336 0.97888029 -0.25882930
v -0.51490986 1.14559829 -0.03583249
v -0.43700299 1.17580032 -0.03006285
v -0.45043334 1.16966069 -0.03572804
v -0.31856856 1.23219740 0.04571438
v -0.33968949 1.23075712 0.03191736
v -0.18666652 1.20893598 0.03117073
v -0.19672796 1.20066929 0.02487648
v -0.60548294 1.00319171 -0.10918462
v -0.45739573 0.88926291 -0.08471838
v -0.45318633 0.86104202 -0.09365858
v -0.42835084 0.86850607 -0.11843388
v -0.43123451 0.89671844 -0.11017535
v -0.45641920 0.93204796 -0.22545964
v -0.43738210 0.92669111 -0.20274796
v -0.44070506 0.89740139 -0.20661063
v -0.46031505 0.90220714 -0.22688513
v -0.46139449 0.87021363 -0.22813036
v -0.44075954 0.86608404 -0.20924455
v -0.44218341 0.83543974 -0.21505234
v -0.46211034 0.83994102 -0.23091851
v -0.50037646 0.91628659 -0.06728058
v -0.52355862 0.86081159 -0.08840570
v -0.48855537 0.85705215 -0.08256735
v -0.49465489 0.88673198 -0.07446173
v -0.53152812 0.89031726 -0.08225287
v -0.59884381 0.95480847 -0.19010688
v -0.45140564 0.95958781 -0.22254862
v -0.44732177 0.98150480 -0.21744733
v -0.50610602 0.90387785 -0.24978189
v -0.53264105 0.90372407 -0.24867298
v -0.53468144 0.93923652 -0.25347316
v -0.50588268 0.93888068 -0.25347239
v -0.58291221 0.88360286 -0.16198951
v -0.57202500 0.87706369 -0.13284400
v -0.58344293 0.90792584 -0.13088199
v -0.59251326 0.91483223 -0.16110656
v -0.56207985 0.89895082 -0.10241931
v -0.55190545 0.86856550 -0.10686177
v -0.50577629 0.80418998 -0.10193149
v -0.47303629 0.80391574 -0.10075097
v -0.48120096 0.82925844 -0.09149003
v -0.51473254 0.83196330 -0.09467718
v -0.53317261 0.81092894 -0.11627071
v -0.54239476 0.83922935 -0.11169913
v -0.56241918 0.84757948 -0.13457286
v -0.55382562 0.81854945 -0.13716561
v -0.56383801 0.82539588 -0.16193908
v -0.57324314 0.85418862 -0.16169934
v -0.57459027 0.86041254 -0.18819316
v -0.56601548 0.83190191 -0.18647131
v -0.56810308 0.86570412 -0.21276098
v -0.55211192 0.87004322 -0.23114163
v -0.54726237 0.83992112 -0.22572121
v -0.56069869 0.83616483 -0.20905934
v -0.50639474 0.84279144 -0.24326441
v -0.52837056 0.84245080 -0.23803622
v -0.53029478 0.87210625 -0.24324356
v -0.50588965 0.87262833 -0.24601656
v -0.51539886 0.72999799 -0.23531121
v -0.52748042 0.73085207 -0.22196853
v -0.52598751 0.75926030 -0.22723192
v -0.51124281 0.75896794 -0.23992607
v -0.53921670 0.73006219 -0.20984298
v -0.54718286 0.72790772 -0.19453730
v -0.54514986 0.75585264 -0.19846685
v -0.53507710 0.75765908 -0.21229917
v -0.54299974 0.74640423 -0.16210158
v -0.54835838 0.75170320 -0.18118793
v -0.54909766 0.72507954 -0.17754540
v -0.54155916 0.72038847 -0.15908547
v -0.52947903 0.71517032 -0.13954790
v -0.53363591 0.74024677 -0.14069697
v -0.50827050 0.71010822 -0.12832814
v -0.51283115 0.73371124 -0.12577279
v -0.48335022 0.72966170 -0.12212522
v -0.47950318 0.70684487 -0.12569967
v -0.45859572 0.74941790 -0.23473880
v -0.46481928 0.71939391 -0.23695728
v -0.48236230 0.72391772 -0.24560639
v -0.47499695 0.75245166 -0.24548718
v -0.43604633 0.74013036 -0.19240615
v -0.42458332 0.73629075 -0.16647631
v -0.42979336 0.71080035 -0.17455383
v -0.44304213 0.71049702 -0.19888800
v -0.52506560 0.78387266 -0.12159099
v -0.49700072 0.77841568 -0.11003026
v -0.55478811 0.79751587 -0.16267160
v -0.54573923 0.79118478 -0.13972746
v -0.50728816 0.81437135 -0.24200955
v -0.52666700 0.81398553 -0.23440109
v -0.44507614 0.80635697 -0.22124377
v -0.46411338 0.81054360 -0.23524560
v -0.43193519 0.75692528 -0.13083400
v -0.43703425 0.78174567 -0.12323674
v -0.46499345 0.77840883 -0.11004746
v -0.45805198 0.75345612 -0.11596815
v -0.51861078 0.75784653 -0.12441275
v -0.53849494 0.76562333 -0.14091435
v -0.54811656 0.77206296 -0.16297182
v -0.55132902 0.77733171 -0.18271425
v -0.54753089 0.78165519 -0.20063218
v -0.53840393 0.78483635 -0.21649335
v -0.52669132 0.78592283 -0.23164359
v -0.50953907 0.78663826 -0.24141160
v -0.46933138 0.78136122 -0.24092939
v -0.45193946 0.77733415 -0.22907755
v -0.43264884 0.70808184 -0.14794339
v -0.42924190 0.73192739 -0.13935359
v -0.45411769 0.72911596 -0.12294258
v -0.45191604 0.70599633 -0.12872216
v -0.43886060 0.68718386 -0.15454522
v -0.43761277 0.68905056 -0.17675588
v -0.54163969 0.70044976 -0.20388964
v -0.54858840 0.69734526 -0.18847401
v -0.54851043 0.69456333 -0.17235030
v -0.52763438 0.68853623 -0.13722678
v -0.50267696 0.68449521 -0.12807763
v -0.47393680 0.68155134 -0.12895975
v -0.45202082 0.68491721 -0.13556179
v -0.49022043 0.66481870 -0.23415910
v -0.48708019 0.69540697 -0.23872761
v -0.47073689 0.69126463 -0.23134315
v -0.47356826 0.66470528 -0.22535850
v -0.52323449 0.66819084 -0.22697517
v -0.53866744 0.66906703 -0.21672760
v -0.52969450 0.70067561 -0.21561398
v -0.51665860 0.70040071 -0.22661173
v -0.54981422 0.66781962 -0.20288858
v -0.55433786 0.66597104 -0.18557504
v -0.55364525 0.66496450 -0.16699988
v -0.52638990 0.66006124 -0.13299811
v -0.54237312 0.69138277 -0.15404297
v -0.54525322 0.66319650 -0.14795832
v -0.49546677 0.65660381 -0.12494843
v -0.46227169 0.62483370 -0.13408345
v -0.46455345 0.65427816 -0.13504790
v -0.49131718 0.62680107 -0.12168203
v -0.44863594 0.52858835 -0.16052710
v -0.45910400 0.52900499 -0.13862742
v -0.45735270 0.49328744 -0.14331149
v -0.44681275 0.49264383 -0.16330040
v -0.47509956 0.63367480 -0.22427581
v -0.49279776 0.63391864 -0.23483890
v -0.52843028 0.63326550 -0.23200661
v -0.54480499 0.63396502 -0.21982144
v -0.52383095 0.59896320 -0.12555663
v -0.52383918 0.63019449 -0.12743673
v -0.54566544 0.63314533 -0.14185829
v -0.54581821 0.60114539 -0.14012370
v -0.47067022 0.53483862 -0.22973357
v -0.48783809 0.53368616 -0.23887834
v -0.49068511 0.56736749 -0.24139526
v -0.47194311 0.56843632 -0.23064607
v -0.54585701 0.60170621 -0.22273496
v -0.52881765 0.60053831 -0.23513843
v -0.52728242 0.56670755 -0.23622859
v -0.54369825 0.56712526 -0.22391687
v -0.51498902 0.53044754 -0.13074522
v -0.52107877 0.56578988 -0.12654741
v -0.54332703 0.56706589 -0.14013883
v -0.53673339 0.53028631 -0.14321858
v -0.46094611 0.59510493 -0.13325065
v -0.49147111 0.59628439 -0.12050491
v -0.49039817 0.56444812 -0.12208959
v -0.46068323 0.56300730 -0.13421623
v -0.44958669 0.59503973 -0.15880843
v -0.44842288 0.56342763 -0.15902112
v -0.47845989 0.46114808 -0.22530556
v -0.48391360 0.49918973 -0.23127076
v -0.46837234 0.49840862 -0.22412792
v -0.46432313 0.45936936 -0.21765615
v -0.53750265 0.53195018 -0.22050339
v -0.52239639 0.53160423 -0.23388971
v -0.51369029 0.49750489 -0.22575244
v -0.52743334 0.49638397 -0.21548048
v -0.49935031 0.45345283 -0.14209616
v -0.50802541 0.49261945 -0.13619857
v -0.52742720 0.49219161 -0.14808922
v -0.51669192 0.45386475 -0.15377608
v -0.45505506 0.45475107 -0.14764816
v -0.48130083 0.49343741 -0.13170928
v -0.47642145 0.45403916 -0.13750316
v -0.45009726 0.41658896 -0.15233952
v -0.44058275 0.41611671 -0.16595082
v -0.44492027 0.45455521 -0.16520694
v -0.46032262 0.42294008 -0.21106027
v -0.47248697 0.42446953 -0.21932948
v -0.49578261 0.42449147 -0.21974850
v -0.50846851 0.42475742 -0.21207902
v -0.51797110 0.45974141 -0.21282929
v -0.50506914 0.46008056 -0.22190145
v -0.52985692 0.45499164 -0.18228863
v -0.52675730 0.45786804 -0.19856237
v -0.51637864 0.42322409 -0.19877866
v -0.51817608 0.42032158 -0.18398401
v -0.50586003 0.41886252 -0.15977968
v -0.52706152 0.45406413 -0.16742054
v -0.51488644 0.41909593 -0.17114249
v -0.49062806 0.41854954 -0.14799796
v -0.46909624 0.41699797 -0.14262754
v -0.51038080 1.03923535 -0.25542963
v -0.48477843 1.02342248 -0.24140167
v -0.49415484 1.01784170 -0.24702044
v -0.52218950 1.03762579 -0.25879622
v -0.42515528 0.88794470 -0.17911074
v -0.42440248 0.91801006 -0.17320445
v -0.42744836 0.82801521 -0.19224761
v -0.42580122 0.85705662 -0.18463388
v -0.43099707 0.79962194 -0.20021701
v -0.43830311 0.77139753 -0.20872025
v -0.44635069 0.74220973 -0.21734706
v -0.45253575 0.71392220 -0.22006735
v -0.45690840 0.68763256 -0.21632715
v -0.45875993 0.66050625 -0.21059504
v -0.45834565 0.60182494 -0.20911723
v -0.47404110 0.60185128 -0.22735757
v -0.45975277 0.63175315 -0.20750149
v -0.45446521 0.53394383 -0.21070597
v -0.45642895 0.56896728 -0.21091479
v -0.45325336 0.49616808 -0.20771126
v -0.45188016 0.45682079 -0.20370698
v -0.44886702 0.42018014 -0.19845295
v -0.42820373 1.00802708 -0.11777800
v -0.42431480 1.00634420 -0.15109536
v -0.42674103 1.01657414 -0.14712454
v -0.43200248 1.02310920 -0.11531523
v -0.46913955 1.01658690 -0.23088863
v -0.45927277 1.01172566 -0.22133520
v -0.45757154 1.01625645 -0.21790208
v -0.46833533 1.02136445 -0.22902811
v -0.48922503 0.75371593 -0.11593397
v -0.55785650 0.80432123 -0.18463305
v -0.55309248 0.80876833 -0.20441326
v -0.54195845 0.81202799 -0.22066490
v -0.42433593 0.76699460 -0.18527526
v -0.42130172 0.79256040 -0.17483678
v -0.42126328 0.78690755 -0.14804952
v -0.42227882 0.76123762 -0.15707040
v -0.44983679 0.62231761 -0.15980630
v -0.45121479 0.59793323 -0.18551688
v -0.45045763 0.62681609 -0.18559045
v -0.44927275 0.64717740 -0.15919977
v -0.55974567 0.63555932 -0.18185505
v -0.55748022 0.63498354 -0.16135454
v -0.55751693 0.60270160 -0.20361507
v -0.56276977 0.60388130 -0.18181863
v -0.55455750 0.63555050 -0.20169643
v -0.42017552 0.84724921 -0.15610537
v -0.42673883 0.84041566 -0.12739483
v -0.42458725 0.81348228 -0.13789952
v -0.42063522 0.81938183 -0.16548669
v -0.42696667 1.29393053 -0.02149430
v -0.42661726 1.31295395 -0.03234255
v -0.26864815 1.21341228 0.05419621
v -0.28923154 1.22156429 0.04953939
v -0.28568754 1.21165788 0.03477693
v -0.26800010 1.20561576 0.04147074
v -0.28543559 1.23126590 0.06435287
v -0.26488844 1.22332656 0.06688952
v -0.25871924 1.23660612 0.07921815
v -0.27781034 1.24304628 0.07758299
v -0.23016752 1.29715216 0.12508088
v -0.22086382 1.29867494 0.13397750
v -0.25234362 1.17577970 -0.04842965
v -0.23855028 1.17691374 -0.06792954
v -0.22518714 1.19082415 -0.05733079
v -0.37483186 1.09135592 -0.10770162
v -0.42413801 1.06681335 -0.11723004
v -0.41151181 1.04669476 -0.15058787
v -0.40844381 1.06198525 -0.13853952
v -0.42876989 1.01452148 -0.20313801
v -0.38060439 1.37823820 -0.04354256
v -0.36738920 1.38864148 -0.02698104
v -0.25261900 1.46459198 0.04420811
v -0.24367222 1.46644151 0.01952308
v -0.23392195 1.47030187 0.05399597
v -0.22515410 1.47437835 0.05854321
v -0.21989357 1.47588837 0.03638515
v -0.22796516 1.47229123 0.03139153
v -0.17326903 1.48557734 0.06386513
v -0.18390805 1.48606431 0.05934682
v -0.48142555 1.02793038 -0.23993912
v -0.47066122 1.02377510 -0.23009035
v -0.48797953 1.03173995 -0.24339849
v -0.42908138 0.99318445 -0.18650393
v -0.44407484 0.99723327 -0.21114688
v -0.44286498 1.00803566 -0.20558417
v -0.42937827 1.00609350 -0.18105662
v -0.54191458 1.01085389 -0.05352430
v -0.57550478 1.02381289 -0.06761268
v -0.60616541 1.02983332 -0.21759500
v -0.10321957 1.21249259 0.23855889
v -0.09967199 1.21811628 0.25047633
v -0.12177193 1.23350739 0.24231911
v -0.12458748 1.22848952 0.22955424
v -0.32522947 1.42670357 0.02327219
v -0.34262684 1.40874135 0.01610211
v -0.15271774 1.41585302 0.11251420
v -0.15527895 1.41649747 0.13817877
v -0.14116943 1.39816558 0.12730390
v -0.14760906 1.40145731 0.12153441
v -0.15946114 1.42073131 0.13325608
v -0.22532481 1.42277431 0.16975054
v -0.20981966 1.42832661 0.16677356
v -0.21646741 1.43566620 0.15694416
v -0.23333763 1.43051040 0.15708899
v -0.57894075 1.24053097 -0.22711778
v -0.59323931 1.23418844 -0.20013428
v -0.41488305 1.35054946 -0.10293676
v -0.42603111 1.34464347 -0.08587049
v -0.41015309 1.35721076 -0.07408287
v -0.39824668 1.36312926 -0.09075591
v -0.33738256 1.40180409 0.04997450
v -0.34701675 1.38169396 0.05549249
v -0.16690540 1.22200561 -0.00655684
v -0.15577275 1.23726892 0.00438133
v -0.15871626 1.23592865 0.01973936
v -0.16829708 1.22099257 0.01010627
v -0.13761601 1.27497149 0.24959397
v -0.16363358 1.28423214 0.23604989
v -0.16313073 1.27257288 0.23068714
v -0.13939592 1.25822830 0.24345058
v -0.60662884 1.04228187 -0.09869859
v -0.62038821 1.04190576 -0.13821468
v -0.40476876 1.28710210 0.01480129
v -0.40822691 1.31133568 0.00717318
v -0.41695160 1.30311441 -0.00893128
v -0.41467452 1.28023994 -0.00062791
v -0.36402890 1.29440439 0.05563176
v -0.37733036 1.29352617 0.04119998
v -0.35261729 1.29688215 0.07113314
v -0.25717181 1.31619525 0.16278809
v -0.25528544 1.30998778 0.15807259
v -0.23921129 1.30733263 0.17010117
v -0.42269537 0.98999846 -0.15623619
v -0.43033472 1.02583051 -0.14609639
v -0.42190602 1.02737582 -0.15143579
v -0.47845820 1.02232146 -0.23941039
v -0.13132617 1.42184496 0.11417639
v -0.11894324 1.40881300 0.11056611
v -0.19406530 1.28696752 0.17953199
v -0.17821985 1.27422619 0.18880525
v -0.27478015 1.30740762 0.13742650
v -0.26247030 1.30157685 0.13289395
v -0.25020111 1.30112636 0.14112484
v -0.26088405 1.30531144 0.14529270
v -0.26778814 1.31118679 0.14961112
v -0.28276750 1.31577373 0.14106679
v -0.16313976 1.30875301 0.11142600
v -0.16064990 1.30941510 0.10529342
v -0.15020254 1.32690811 0.10888779
v -0.15069816 1.32494068 0.11623174
v -0.16036686 1.30685961 0.09719950
v -0.15641528 1.30452967 0.08771756
v -0.15164343 1.32493174 0.09407890
v -0.15224072 1.32671916 0.10300666
v -0.14690197 1.38974369 0.09995168
v -0.13632488 1.37415445 0.08561131
v -0.12776169 1.36371982 0.07024598
v -0.11928228 1.35705471 0.05746984
v -0.19449222 1.48543394 0.05426830
v -0.20358598 1.48355556 0.04730484
v -0.20812193 1.48112345 0.06788146
v -0.19744769 1.48277235 0.07700482
v -0.11617798 1.39490902 0.09669662
v -0.10477096 1.38600159 0.08426690
v -0.10689247 1.37391996 0.06639254
v -0.04014120 1.27036190 0.21325696
v -0.05728471 1.28927755 0.20643151
v -0.15087149 1.45400667 0.11582065
v -0.14173374 1.43691003 0.11714017
v -0.05974150 1.29288673 0.22478580
v -0.04208577 1.27313578 0.23155215
v -0.14565498 1.37721670 0.11155003
v -0.15175873 1.40338445 0.11728209
v -0.14233622 1.37699711 0.11492753
v -0.10586399 1.39832509 0.10230297
v -0.09371072 1.39066660 0.09098518
v -0.56692147 1.05139554 -0.05756119
v -0.53436774 1.03684676 -0.04712740
v -0.40018630 1.20248604 -0.01040924
v -0.41112992 1.22501922 -0.00548352
v -0.26680082 1.14854538 -0.09201717
v -0.27944732 1.13748002 -0.10266298
v -0.06656516 1.39139211 0.07805952
v -0.32022178 1.11464858 -0.10008621
v -0.30835527 1.11184800 -0.12045032
v -0.29301959 1.12612605 -0.11146255
v -0.30669719 1.12710392 -0.09251004
v -0.32003814 1.09697497 -0.13817042
v -0.32645580 1.09177637 -0.14379022
v -0.40729451 1.03768063 -0.17590426
v -0.40173131 1.03778195 -0.18810913
v -0.10402894 1.31322360 0.15786484
v -0.11147779 1.32363760 0.15253422
v -0.10396460 1.34177089 0.16215026
v -0.09593594 1.32939088 0.16879758
v -0.33374402 1.12058139 -0.08366878
v -0.35036409 1.13063109 -0.06850898
v -0.22475514 1.28720522 0.11514711
v -0.24065125 1.29273081 0.11706513
v -0.20797321 1.20284474 -0.04487878
v -0.17139718 1.22086048 0.02560514
v -0.16326976 1.23529482 0.03413916
v -0.16958398 1.23505354 0.04705527
v -0.17665011 1.22084939 0.03888071
v -0.48682097 1.03115249 -0.24569094
v -0.15796483 1.35141957 0.23473099
v -0.17158508 1.36033678 0.23086450
v -0.17767093 1.35126102 0.23129371
v -0.16280365 1.34315825 0.23607767
v -0.46649623 1.00446546 -0.23137224
v -0.47174481 0.98966837 -0.23651740
v -0.54587400 1.05732954 -0.26550543
v -0.52933609 1.05380225 -0.26767257
v -0.42146319 0.93485469 -0.13430604
v -0.42297632 0.96212721 -0.12646182
v -0.42196539 0.90479267 -0.14129832
v -0.42054304 0.87597901 -0.14843467
v -0.44794971 0.68607515 -0.19684277
v -0.44780105 0.65733773 -0.18645322
v -0.45051828 0.56598091 -0.18532450
v -0.44929546 0.53116930 -0.18570632
v -0.44763073 0.49348575 -0.18545747
v -0.44598141 0.45430481 -0.18474594
v -0.44107860 0.41732436 -0.18251532
v -0.04806995 1.27131712 0.24728531
v -0.06807876 1.29249716 0.24250603
v -0.07633221 1.28431356 0.25386438
v -0.05582350 1.26417434 0.25917363
v -0.13800582 1.24485373 0.19525522
v -0.12913337 1.24972630 0.18338877
v -0.11247578 1.23236489 0.19124508
v -0.12041974 1.22871709 0.20387033
v -0.10185945 1.21146488 0.21252248
v -0.10434499 1.21053052 0.22555232
v -0.12506920 1.22722435 0.21614489
v -0.09416020 1.22666836 0.26028085
v -0.08640760 1.23700440 0.26661852
v -0.10893050 1.25505924 0.25922495
v -0.11558810 1.24201214 0.25322756
v -0.06502441 1.25578415 0.26630715
v -0.08507243 1.27453399 0.25992048
v -0.09662762 1.26491153 0.26201907
v -0.07602546 1.24615288 0.26892710
v -0.07349181 1.22748613 0.18125102
v -0.08542317 1.21993387 0.18898088
v -0.10268676 1.23825622 0.18008751
v -0.09027508 1.24613333 0.17284775
v -0.10348317 1.35860777 0.17935964
v -0.09423682 1.34327924 0.18578696
v -0.18770048 1.30079722 0.13945264
v -0.16563860 1.30607581 0.13771129
v -0.15892476 1.30350673 0.13989162
v -0.18050498 1.30040455 0.14368877
v -0.07560778 1.29843724 0.18222648
v -0.08720097 1.31450009 0.17519850
v -0.08409387 1.32612169 0.19214946
v -0.07188660 1.30795324 0.19915622
v -0.10521007 1.26444328 0.16480082
v -0.11733449 1.25682569 0.17247066
v -0.13372561 1.27280664 0.16547501
v -0.12065887 1.27895224 0.15718490
v -0.14344412 1.24903953 0.23261029
v -0.16499180 1.26438868 0.22013932
v -0.12505245 1.30729282 0.14695972
v -0.11644799 1.29845762 0.15140337
v -0.23380372 1.27977121 0.10747272
v -0.28031376 1.29617572 0.11616200
v -0.27129069 1.29995239 0.12510458
v -0.24975854 1.20368612 0.05089557
v -0.23522064 1.20763993 0.06118119
v -0.29868501 1.25340962 0.07976556
v -0.28591648 1.26775229 0.09268472
v -0.25079951 1.21128201 0.06097031
v -0.23936212 1.21303511 0.06611222
v -0.28479373 1.18299973 -0.01828580
v -0.11540607 1.36723387 0.06008101
v -0.09533072 1.30045199 0.16355637
v -0.10760406 1.28807497 0.15660840
v -0.18388546 1.29279208 0.22335809
v -0.20117362 1.30242348 0.21204883
v -0.20385659 1.29644525 0.20429385
v -0.18524504 1.28452885 0.21660724
v -0.31855983 1.38524818 0.10421723
v -0.32836819 1.39389706 0.07766339
v -0.33777469 1.37679148 0.08073097
v -0.32720673 1.37093997 0.10614854
v -0.14162749 1.36108196 0.23057443
v -0.12817869 1.36181056 0.22665015
v -0.14044338 1.37565172 0.22148645
v -0.15301633 1.37240183 0.22630382
v -0.12566501 1.37585998 0.21279415
v -0.11320326 1.35968125 0.21872824
v -0.10088804 1.35351276 0.20472851
v -0.11135751 1.37035716 0.19846815
v -0.59390283 1.12149644 -0.08239560
v -0.57631564 1.09770286 -0.06339726
v -0.43689504 1.15043032 -0.04623505
v -0.42233807 1.13289523 -0.05901033
v -0.44125968 1.07798743 -0.09317243
v -0.43276775 1.01509452 -0.17521584
v -0.44558185 1.01486874 -0.20223396
v -0.47592294 0.96642250 -0.24169508
v -0.55651218 1.07699442 -0.05264421
v -0.47898585 0.93578684 -0.24208750
v -0.48139477 0.90375376 -0.24086641
v -0.55720067 0.90124768 -0.23628873
v -0.57436907 0.89638507 -0.21580388
v -0.58032489 0.93026167 -0.21784611
v -0.56130123 0.93626660 -0.24040607
v -0.58298278 0.89028883 -0.18977118
v -0.59138554 0.92245400 -0.19023693
v -0.44354451 0.80739337 -0.11407775
v -0.55544353 0.56764966 -0.20489709
v -0.55264384 0.53067070 -0.18239391
v -0.56092870 0.56800342 -0.18257639
v -0.54799211 0.53127450 -0.20269874
v -0.55662835 0.56827945 -0.15989186
v -0.55916506 0.60253322 -0.15995505
v -0.48577601 0.53035337 -0.12609145
v -0.53774631 0.49491638 -0.19977270
v -0.54213732 0.49208206 -0.18222372
v -0.54951757 0.53035730 -0.16135801
v -0.53906411 0.49186927 -0.16392808
v -0.46245271 1.01305425 -0.22548598
v -0.50520933 1.00536621 -0.05099022
v -0.50230956 1.03168082 -0.04960006
v -0.44939139 1.04184830 -0.08826062
v -0.43522343 1.03314531 -0.11608151
v -0.35623920 1.15420771 -0.04645525
v -0.37168694 1.16717958 -0.03208832
v -0.34529757 1.18379092 -0.01132634
v -0.35997713 1.19899607 0.00049110
v -0.37452528 1.19114590 -0.00975129
v -0.35971689 1.17489958 -0.02205831
v -0.38673341 1.23910820 0.01571470
v -0.39776510 1.26304591 0.01776704
v -0.40893495 1.25632584 0.00400957
v -0.39900786 1.23217559 0.00341223
v -0.42003685 1.24797463 -0.00597087
v -0.42579374 1.27229989 -0.01194635
v -0.40485513 1.35637605 -0.04436383
v -0.41150606 1.34125590 -0.03050694
v -0.39983726 1.35145760 -0.01476932
v -0.39127958 1.36627150 -0.02840573
v -0.41325286 1.03342128 -0.16344178
v -0.45762593 1.01870525 -0.21842085
v -0.42536980 0.98729837 -0.12145306
v -0.44460961 1.00826788 -0.08640012
v -0.47169125 1.00532746 -0.06231819
v -0.18565384 1.28796053 0.17157429
v -0.28094465 1.36432219 0.14909673
v -0.28846157 1.35595000 0.14374822
v -0.10319394 1.34041631 0.22525561
v -0.08972239 1.33448648 0.21111923
v -0.13312772 1.28972614 0.15111452
v -0.11005980 1.35289347 0.15752855
v -0.11726290 1.33172750 0.14705968
v -0.12105960 1.34020567 0.14369750
v -0.46644762 1.07705951 -0.07136050
v -0.49404913 1.07087517 -0.05287312
v -0.47030678 1.06190681 -0.06916629
v -0.51496822 1.04606485 -0.26205978
v -0.42946801 1.02262938 -0.14495158
v -0.48208785 0.87174171 -0.24025513
v -0.48344624 0.84175718 -0.24065386
v -0.48620912 0.81269425 -0.24263428
v -0.48913357 0.78391820 -0.24499497
v -0.49398717 0.75505763 -0.24688196
v -0.49931479 0.72617257 -0.24429509
v -0.50284857 0.69652951 -0.23695898
v -0.50726932 0.66583925 -0.23445182
v -0.49224645 0.60118055 -0.23874906
v -0.51102096 0.60124999 -0.24052715
v -0.51089501 0.63471305 -0.23679821
v -0.50954610 0.56688190 -0.24254060
v -0.50500000 0.53371012 -0.23918535
v -0.49904209 0.49845016 -0.23042375
v -0.49226788 0.46138436 -0.22588612
v -0.48453289 0.42507309 -0.22227360
v -0.49294740 1.03205383 -0.24952106
v -0.50308168 1.03914940 -0.25527662
v -0.14895186 1.37537265 0.10879767
v -0.24674648 1.29889810 0.12874311
v -0.23770848 1.29909146 0.13713169
v -0.14269525 1.29745424 0.14633822
v -0.10684535 1.29126072 0.25513369
v -0.09808600 1.30323601 0.24919045
v -0.14824462 1.28623223 0.15934584
v -0.20716655 1.29952168 0.14071989
v -0.19714262 1.30001295 0.14587075
v 0.10300165 1.13915372 0.26095599
v 0.10185188 1.14175403 0.27592069
v 0.11677474 1.12550414 0.27500889
v 0.11669099 1.12222064 0.26082799
v 0.09966499 1.13259208 0.24860144
v 0.11271387 1.11562204 0.25001293
v 0.05891794 1.08399630 0.25208208
v 0.06558597 1.09263277 0.24202594
v 0.08053982 1.07921803 0.24848324
v 0.07449120 1.07166338 0.25906247
v 0.11861032 1.09143865 0.24583909
v 0.11007249 1.08283269 0.24451858
v 0.09693277 1.09781349 0.23989344
v 0.10602039 1.10741949 0.24272630
v 0.05379358 1.08229935 0.28308272
v 0.05656081 1.08934546 0.29541159
v 0.03896099 1.09902143 0.29003447
v 0.03748599 1.09220469 0.27646405
v -0.00131452 1.14553189 0.22405195
v -0.00721958 1.13350606 0.23270154
v -0.01805115 1.14625108 0.22558194
v -0.01152501 1.15752518 0.21943164
v 0.07456648 1.17356300 0.26205915
v 0.06990609 1.17329848 0.27767831
v 0.08616775 1.15770078 0.27683455
v 0.08895266 1.15636694 0.26090467
v 0.05594027 1.14706945 0.23091295
v 0.04502982 1.13582373 0.22940153
v 0.02946278 1.15365207 0.22807738
v 0.04043061 1.16571021 0.23115844
v 0.05850869 1.18887424 0.26459396
v 0.05179998 1.18622518 0.27862239
v 0.08421212 1.11373878 0.23567194
v 0.07406145 1.10312176 0.23668212
v 0.06005612 1.11908937 0.23214629
v 0.07078066 1.13025880 0.23237047
v 0.08833808 1.06297541 0.29209846
v 0.09205103 1.07049572 0.30234337
v 0.07403117 1.07987928 0.29969615
v 0.07100525 1.07236326 0.28812677
v 0.10236710 1.07430744 0.24768329
v 0.09564811 1.06644988 0.25464165
v 0.08805871 1.08824992 0.24221051
v 0.12297660 1.10607612 0.29919553
v 0.12874371 1.10959458 0.28783643
v 0.11275518 1.12502503 0.28906423
v 0.10579032 1.12009776 0.30032432
v 0.02825335 1.11273897 0.23771179
v 0.03565121 1.12390804 0.23101789
v 0.05084452 1.10755825 0.23614681
v 0.04352483 1.09757578 0.24508655
v 0.07252991 1.16775155 0.24736661
v 0.08616829 1.14993799 0.24752283
v 0.08839071 1.13430476 0.30041212
v 0.09651136 1.13980758 0.29012358
v 0.07928890 1.15430021 0.29045153
v 0.07023153 1.14636409 0.30030543
v 0.04178530 1.14499807 0.30361384
v 0.03240058 1.13171506 0.30012447
v 0.05132416 1.12217808 0.30461675
v 0.06053212 1.13489342 0.30552119
v 0.01259819 1.12944317 0.23092142
v 0.00670540 1.11895037 0.24180356
v 0.02054912 1.10303283 0.26852268
v 0.02145877 1.10886979 0.28333801
v 0.00422204 1.11893237 0.27528590
v 0.00377226 1.11461139 0.25891277
v 0.02203122 1.20196068 0.23875946
v 0.02700561 1.21032619 0.25153905
v 0.04039198 1.20028353 0.24988908
v 0.03490594 1.19301808 0.23750269
v 0.04024348 1.20232034 0.26684371
v 0.02475521 1.21155214 0.26832902
v -0.00259677 1.21706915 0.27502680
v -0.01161015 1.20921195 0.27983952
v -0.00320140 1.20195484 0.28154129
v 0.00632551 1.21126854 0.27818680
v 0.00474757 1.16148686 0.29699844
v -0.00431371 1.14886212 0.28867620
v 0.01368323 1.14039063 0.29490739
v 0.02316976 1.15393066 0.30095321
v -0.02431980 1.14458394 0.27120268
v -0.02503997 1.13639617 0.25689328
v -0.01186192 1.12800550 0.26619956
v -0.00968683 1.13717949 0.27944756
v -0.06959456 1.18197787 0.24269891
v -0.06809828 1.18069911 0.23057693
v -0.05572984 1.16747701 0.23627013
v -0.05635852 1.16973841 0.24870446
v -0.04516742 1.17609072 0.21225023
v -0.05637076 1.18740845 0.20658401
v -0.04554620 1.19506586 0.19826689
v -0.03514531 1.18382990 0.20481962
v -0.00800553 1.23315334 0.22833085
v -0.00847021 1.23788393 0.24502987
v 0.00126418 1.22962308 0.24856263
v 0.00073776 1.22403765 0.23257610
v -0.01086485 1.16800320 0.29183978
v -0.02095178 1.15706396 0.28193647
v -0.03592181 1.16654718 0.21631852
v -0.02706537 1.17471290 0.21032071
v -0.01935697 1.16660786 0.21548954
v -0.02700627 1.15636933 0.22112632
v -0.00780535 1.19556737 0.21516809
v 0.00007534 1.20719779 0.22460604
v 0.00624847 1.20046675 0.22746199
v -0.00238431 1.18864250 0.22040039
v 0.00657809 1.21632850 0.23603559
v 0.00873834 1.22378159 0.25073439
v 0.01650155 1.21711612 0.25257266
v 0.01362926 1.21084023 0.23787707
v -0.02071410 1.17324471 0.28864878
v -0.01299140 1.18251562 0.28981960
v -0.02165511 1.18631709 0.28741676
v -0.02915940 1.17759037 0.28546220
v -0.03542191 1.15120518 0.26191676
v -0.03557286 1.14517736 0.24842888
v 0.00377616 1.17956138 0.22477096
v -0.00334430 1.16916132 0.21943656
v -0.01058677 1.17725646 0.21524435
v 0.01350003 1.21743608 0.26802489
v -0.06795317 1.18530869 0.25399426
v -0.06569815 1.19060910 0.26449221
v -0.07984421 1.20246398 0.25813368
v -0.08262950 1.19673336 0.24764130
v -0.08342671 1.19385898 0.23624164
v -0.08146819 1.19332075 0.22346053
v -0.06814790 1.20145011 0.19883463
v -0.05649704 1.20909011 0.19092605
v -0.04423082 1.21892452 0.18840295
v -0.03411984 1.23093855 0.19192380
v -0.02120510 1.21513557 0.19996837
v -0.03332558 1.20376706 0.19555342
v -0.02282682 1.25051606 0.22024924
v -0.02399245 1.25382686 0.23823714
v -0.01389793 1.23737741 0.25828636
v -0.02900669 1.25159025 0.25344390
v -0.04237986 1.15903211 0.22813767
v -0.05187857 1.17020881 0.22344318
v 0.07875270 1.12377262 0.30691409
v 0.06968608 1.11217725 0.30724221
v 0.08789486 1.10108888 0.30894411
v 0.09686202 1.11154366 0.30736625
v 0.09811920 1.08009267 0.30777949
v 0.08008081 1.09026074 0.30627197
v 0.09330833 1.12385535 0.23986545
v 0.07998884 1.14044774 0.23760447
v 0.12568843 1.09966230 0.25143236
v 0.01307005 1.19105923 0.23037887
v 0.02439031 1.18072248 0.23124525
v -0.02114642 1.20069909 0.28365868
v -0.02122721 1.21667242 0.27740532
v -0.03089795 1.20823026 0.28164738
v -0.00127783 1.17994595 0.29231173
v 0.01528087 1.17518198 0.29542184
v 0.02413055 1.18674612 0.28644496
v 0.00580993 1.19324255 0.28382021
v -0.03778124 1.18258381 0.28182405
v -0.03005216 1.19168544 0.28491908
v -0.04024962 1.19917977 0.28217608
v -0.04789472 1.18967116 0.27806073
v -0.01289049 1.22511649 0.21210527
v -0.00492176 1.21455133 0.21871412
v -0.04725677 1.23789191 0.27180147
v -0.03284690 1.22636962 0.27465296
v -0.02282429 1.23241103 0.26790205
v -0.03675294 1.24467945 0.26460773
v -0.01175827 1.22361374 0.27127379
v -0.05776703 1.22979736 0.27429351
v -0.04315621 1.21810055 0.27873915
v -0.02637118 1.24245787 0.20310080
v -0.06032339 1.19957006 0.27296722
v -0.05236107 1.20923281 0.27813476
v -0.06733030 1.22093058 0.27278778
v -0.07526135 1.21137488 0.26714629
v 0.06195319 1.10024011 0.30351108
v 0.04397210 1.10987604 0.29904848
v -0.02302885 1.13681769 0.23968157
v -0.01107162 1.12596560 0.24870476
v -0.03270099 1.14796317 0.23276201
v 0.05479231 1.07968640 0.26731229
v 0.07109362 1.06898952 0.27361307
v 0.02244592 1.10445714 0.25118989
v 0.03851932 1.09133923 0.25949800
v 0.05212638 1.15786004 0.29897499
v -0.04435873 1.16640830 0.26535141
v -0.04566610 1.15951240 0.25443590
v -0.03415516 1.16005290 0.27258265
v -0.07719821 1.19608557 0.20983434
v -0.06358030 1.18248475 0.21788478
v -0.02628765 1.16629219 0.28415376
v -0.09448186 1.21519065 0.19964242
v 0.01669180 1.20455003 0.28029609
v 0.00484478 1.22332358 0.26499650
v -0.00357217 1.22899652 0.26199213
v 0.13138467 1.10951746 0.27383459
v 0.06588435 1.15851247 0.23635584
v 0.01502615 1.17028952 0.22728992
v 0.00625375 1.15764642 0.22337705
v -0.04291338 1.17339754 0.27493638
v -0.05325761 1.18058717 0.26983076
v -0.05505598 1.17455077 0.25965399
v -0.01282322 1.20398819 0.20798528
v -0.02360755 1.19336641 0.20299158
v 0.08763641 1.05912757 0.27889079
v -0.01702371 1.18526328 0.20944715
v 0.03365609 1.19794011 0.27859956
v -0.23613474 1.46920633 0.02538559
v -0.30986762 1.24261761 0.06483233
v -0.29569709 1.20634592 0.01421347
v -0.30602375 1.21705890 0.02836633
v -0.26477966 1.29024112 0.11125958
v -0.25523886 1.29575038 0.12044698
v -0.22366372 1.29759204 0.14526677
v -0.21287027 1.29866409 0.15044707
v -0.26910114 1.25802231 0.08936104
v -0.10125762 1.51583219 0.19350040
v -0.10460022 1.51031637 0.18992615
v -0.09934360 1.52781332 0.19910935
v -0.31094968 1.10564315 -0.13433871
v -0.09016162 1.50307131 0.18959922
v -0.09228721 1.49517071 0.18543088
v -0.09134161 1.49764359 0.19106328
v -0.08840233 1.50419021 0.18976858
v -0.08777750 1.50518513 0.19029060
v -0.08936983 1.52864087 0.20123437
v -0.10541654 1.50253141 0.18587559
v -0.10393342 1.49382997 0.18213284
v -0.08447286 1.51607132 0.19606906
v -0.47493574 1.31041408 -0.13854112
v -0.46352240 1.31424606 -0.15946102
v -0.48334581 1.30455637 -0.17129070
v -0.49506727 1.29956615 -0.14789912
v -0.50427431 1.29559720 -0.18181224
v -0.56372356 1.22781122 -0.08485708
v -0.55459404 1.21127868 -0.06327088
v -0.53634822 1.22668099 -0.05785552
v -0.54466677 1.24289465 -0.07697052
v -0.51192713 1.21827745 -0.04156315
v -0.52010107 1.23885334 -0.05553660
v -0.52494723 1.20702624 -0.04307440
v -0.51306760 1.18369865 -0.03533480
v -0.50072563 1.19593823 -0.03391242
v -0.50030255 1.16078115 -0.03437623
v -0.48696142 1.17269659 -0.03358418
v -0.48648399 1.14019668 -0.03869420
v -0.47027197 1.12163663 -0.05045846
v -0.45892426 1.09164238 -0.07010433
v -0.43324605 1.09179556 -0.08918214
v -0.45170867 1.10615039 -0.06860003
v -0.40170604 1.07391107 -0.12987955
v -0.41691935 1.08075738 -0.10975935
v -0.37721437 1.06859708 -0.16560020
v -0.38828856 1.07004762 -0.14883417
v -0.14777929 1.34851408 0.10028929
v -0.18698514 1.46348691 0.12355024
v -0.19070593 1.45861566 0.12905121
v -0.17491025 1.44731498 0.13159162
v -0.24149281 1.43913436 0.14142710
v -0.22502995 1.44318426 0.14414233
v -0.23729002 1.45081127 0.12570140
v -0.25034446 1.44642317 0.12113762
v -0.19859380 1.46924424 0.11382315
v -0.19469157 1.47142184 0.10878366
v -0.20432994 1.46579921 0.11888412
v -0.21842092 1.47477531 0.08422011
v -0.21404946 1.47048414 0.10327688
v -0.17159244 1.42923093 0.15145612
v -0.19135764 1.43176913 0.16073740
v -0.18476611 1.42638206 0.16837621
v -0.16547731 1.42284226 0.15881741
v -0.23841864 1.41426706 0.16848987
v -0.24996719 1.40590084 0.16364402
v -0.24189922 1.40076733 0.17580032
v -0.23108286 1.40962315 0.17915416
v -0.13879406 1.40338302 0.18065387
v -0.15873140 1.40883934 0.19127971
v -0.14844364 1.40027583 0.19962057
v -0.13043550 1.39468968 0.18749177
v -0.21888414 1.41721880 0.17842859
v -0.32396543 1.41692555 0.05172005
v -0.31705117 1.40705550 0.07769719
v -0.31001309 1.39747190 0.10275751
v -0.27417865 1.37127841 0.15403363
v -0.28513390 1.37795663 0.14183122
v -0.29340714 1.37039661 0.13693947
v -0.26412502 1.36508381 0.16685858
v -0.25537455 1.35560870 0.17887637
v -0.13643780 1.31846106 0.13914073
v -0.13994977 1.32271779 0.13586599
v -0.12435812 1.34813690 0.14032584
v -0.23220620 1.33348453 0.19931948
v -0.24607769 1.34225070 0.18766117
v -0.24961865 1.33587110 0.18293935
v -0.23428118 1.32855034 0.19576925
v -0.17515820 1.43512833 0.14515901
v -0.16539878 1.39843941 0.20842442
v -0.17619830 1.40706456 0.19922757
v -0.18961148 1.40160048 0.20582873
v -0.17705742 1.39318037 0.21396720
v -0.18971437 1.38593602 0.21726346
v -0.20280501 1.39420247 0.20920989
v -0.21406874 1.38549340 0.20907623
v -0.20093888 1.37784791 0.21761048
v -0.22650813 1.34031844 0.20391965
v -0.24310055 1.34855402 0.19161099
v -0.11160341 1.37174332 0.17557520
v -0.14098597 1.40589333 0.15219122
v -0.13051540 1.38756907 0.13923365
v -0.13683388 1.39318013 0.13260621
v -0.14874417 1.41136742 0.14486536
v -0.21206261 1.29625916 0.16861409
v -0.20226702 1.29508567 0.16181254
v -0.21922445 1.29813063 0.17553973
v -0.25624979 1.32329273 0.17032498
v -0.22215568 1.30201626 0.18384737
v -0.15189511 1.30124509 0.14241865
v -0.13246113 1.31300843 0.14287090
v -0.13044956 1.36345053 0.13140205
v -0.13423747 1.36991906 0.12568003
v -0.12314045 1.38440275 0.19382215
v -0.13927060 1.38899982 0.20711300
v -0.21428400 1.32651424 0.21137363
v -0.21595457 1.32173514 0.20840585
v -0.19889699 1.31397915 0.21959573
v -0.26880565 1.33389616 0.16248149
v -0.25250012 1.32984495 0.17874759
v -0.15923521 1.41609883 0.16490269
v -0.15383917 1.38759148 0.21639535
v -0.16558707 1.38263786 0.22119814
v -0.21445963 1.40054882 0.20002991
v -0.20126469 1.40854430 0.19717354
v -0.21057642 1.41361058 0.18823087
v -0.22361498 1.40536726 0.19000238
v -0.18538170 1.36940312 0.22513437
v -0.19280991 1.35949945 0.22503278
v -0.23413000 1.39586675 0.18743166
v -0.22540104 1.39096546 0.19866830
v -0.20879379 1.33286130 0.21576685
v -0.13860458 1.37508070 0.12048101
v -0.13933575 1.34965634 0.11801594
v -0.14137909 1.35064483 0.11095542
v -0.13800991 1.33802915 0.12778926
v -0.13816541 1.34512639 0.12270331
v -0.13982481 1.32913935 0.13247716
v -0.14539307 1.34952295 0.10760820
v -0.03381714 1.16872025 0.28032082
v -0.19923487 1.30851543 0.21691972
v -0.18430810 1.30095506 0.22646171
v -0.18370453 1.30827665 0.22791341
v -0.11929882 1.28205931 0.25542748
v 0.03742480 1.45103598 0.11726558
v 0.04080409 1.45651305 0.11880445
v 0.04366779 1.47673655 0.12440506
v 0.04301894 1.48044002 0.12533689
v -0.01301032 1.19477248 0.28529531
v -0.00722754 1.19005179 0.28697318
v 0.03351063 1.16759229 0.29793572
v 0.06145447 1.16732490 0.29000062
v 0.04285178 1.17824471 0.28894681
v 0.05766559 1.18546712 0.24889672
v 0.05029440 1.17604256 0.23662958
v 0.01998127 1.14162278 0.22706294
v 0.00702703 1.12834954 0.28677040
v 0.15831292 1.07488596 0.25871527
v 0.16092563 1.07902491 0.27024347
v 0.17593187 1.06277204 0.26765189
v 0.17166108 1.05779123 0.25719902
v 0.18490118 1.04074574 0.25643337
v 0.17685956 1.03381562 0.25287774
v 0.16488516 1.05074358 0.25185105
v 0.16864705 1.02848971 0.25483161
v 0.15683675 1.04409528 0.25212806
v 0.16177273 1.02458274 0.26082903
v 0.15714800 1.02093601 0.26838788
v 0.14442891 1.03370488 0.26296431
v 0.14971197 1.03851247 0.25617144
v 0.12603223 1.04201007 0.26552451
v 0.14075220 1.03003693 0.27147925
v 0.13847917 1.02830267 0.28131443
v 0.12249261 1.03854978 0.27594596
v 0.15829319 1.02546930 0.30435014
v 0.16363245 1.03172505 0.30845803
v 0.14629900 1.04134107 0.30746675
v 0.14091045 1.03425252 0.30174220
v 0.14271116 1.06731069 0.30755293
v 0.13487923 1.05926359 0.30875421
v 0.15332770 1.04893076 0.30866259
v 0.16115236 1.05639887 0.30709833
v 0.17858022 1.04672575 0.30770731
v 0.18576324 1.05074263 0.30042547
v 0.16827655 1.06194365 0.30189687
v 0.13026440 1.10614693 0.26102793
v 0.14427155 1.09075093 0.26035076
v 0.13877743 1.08370447 0.25184816
v 0.13681877 1.05289137 0.25197634
v 0.12370366 1.06765652 0.24817014
v 0.13148928 1.07572484 0.24760914
v 0.14441174 1.05989695 0.24953982
v 0.09029549 1.06037521 0.26532584
v 0.11077744 1.05399978 0.26011771
v 0.10649377 1.04963946 0.27065566
v 0.13091433 1.04703045 0.25763938
v 0.11681002 1.06044626 0.25275272
v 0.12121862 1.03892493 0.28747165
v 0.13813901 1.02970159 0.29218119
v 0.16027611 1.07949793 0.28321689
v 0.15661639 1.07786953 0.29497033
v 0.17372584 1.06446981 0.29191297
v 0.17619491 1.06470537 0.28029758
v 0.10470903 1.04942131 0.28313130
v 0.13989812 1.09190094 0.29735392
v 0.14442557 1.09452808 0.28583360
v 0.15033185 1.07345581 0.30353695
v 0.13271379 1.08590603 0.30497330
v 0.19134462 1.04990733 0.27754599
v 0.19040662 1.04645240 0.26548427
v 0.14619565 1.09402347 0.27263150
v 0.12298763 1.04358137 0.29855233
v 0.12813371 1.05084586 0.30580664
v 0.10984039 1.06070089 0.30405468
v 0.10570562 1.05324125 0.29525679
v 0.10613173 1.08970642 0.30906653
v 0.11639011 1.06912327 0.30829656
v 0.12437797 1.07806623 0.30836600
v 0.17024195 1.03922558 0.30989343
v 0.11508006 1.09902096 0.30613369
v 0.21863264 0.95764232 0.28458863
v 0.20950300 0.96106923 0.28256208
v 0.21218050 0.95411462 0.27440560
v 0.22122496 0.95162439 0.27678555
v 0.19239867 0.96087766 0.26468182
v 0.18999267 0.96853983 0.25497884
v 0.19780827 0.95998019 0.24978039
v 0.19991314 0.95386642 0.25767067
v 0.22505587 0.94830143 0.26929078
v 0.21582913 0.94988805 0.26720876
v 0.22756225 0.95061284 0.26319793
v 0.23874730 0.95031011 0.26456356
v 0.23383212 0.94648278 0.26972166
v 0.24643469 0.94776374 0.26595664
v 0.24320024 0.96251708 0.26390150
v 0.25191605 0.95537299 0.26843584
v 0.24765033 0.97920012 0.28577960
v 0.24583530 0.98336750 0.29617494
v 0.25385118 0.97123152 0.29869324
v 0.25476658 0.96661586 0.28794330
v 0.24419922 0.97755003 0.31703407
v 0.24997163 0.97376692 0.30822462
v 0.24221456 0.98651654 0.30460864
v 0.23716903 0.98932046 0.31263739
v 0.21556705 0.96707511 0.29673940
v 0.20695424 0.97260976 0.29556912
v 0.20806384 0.96859163 0.29013330
v 0.21671504 0.96409458 0.29162550
v 0.22671515 0.95177972 0.25387439
v 0.23032546 0.96205926 0.25700256
v 0.23219395 0.95584756 0.25982544
v 0.22577572 0.94861567 0.25631648
v 0.18361479 0.98748744 0.30330288
v 0.17671520 0.99669194 0.29869646
v 0.17793745 0.99531913 0.28973508
v 0.18424600 0.98720700 0.29517597
v 0.17978042 0.98438418 0.26499134
v 0.17794567 0.99236184 0.27001280
v 0.18159938 1.00168693 0.25782460
v 0.18589151 0.99389434 0.25466371
v 0.18350023 0.97654355 0.26008892
v 0.18980008 0.98629481 0.25154522
v 0.19546378 0.97688377 0.24870464
v 0.20211697 0.96601188 0.24497032
v 0.17765641 1.00107694 0.30839956
v 0.18189937 0.99476963 0.31389207
v 0.26448041 0.90541077 0.27828789
v 0.26312733 0.90454596 0.28393126
v 0.26099187 0.90948105 0.28241259
v 0.26217198 0.91034758 0.27662373
v 0.19454944 1.00968611 0.32036859
v 0.20296949 1.01448214 0.31693870
v 0.19687963 1.01849580 0.31569058
v 0.18855232 1.01292181 0.31722546
v 0.20171791 1.00494587 0.32468957
v 0.21053964 1.00895274 0.31892329
v 0.27581179 0.90972316 0.27765095
v 0.27179575 0.90832001 0.27471295
v 0.26993656 0.91384500 0.27375153
v 0.27393425 0.91553497 0.27713877
v 0.22917467 0.94749361 0.27750140
v 0.22638708 0.95288455 0.28531188
v 0.24177456 0.93715763 0.28177255
v 0.23425996 0.94568837 0.28563792
v 0.23602098 0.94245845 0.27636534
v 0.24266088 0.93790197 0.27509445
v 0.22929728 0.95541334 0.30346745
v 0.22229493 0.96260369 0.30187249
v 0.22529340 0.95854235 0.29552966
v 0.23224014 0.95108968 0.29707730
v 0.21766376 0.96502662 0.31344628
v 0.22478253 0.95834613 0.31535369
v 0.22206694 0.95910776 0.32159382
v 0.21580189 0.96499753 0.31933248
v 0.23872590 0.94379961 0.31291354
v 0.24510729 0.93763351 0.31436628
v 0.24425220 0.93965364 0.31919909
v 0.23730719 0.94499075 0.31806165
v 0.19135916 1.02347326 0.31435674
v 0.18294370 1.01751351 0.31448257
v 0.23139882 0.98214912 0.33327204
v 0.22227591 0.98195362 0.33858222
v 0.22678488 0.97323227 0.34347993
v 0.23579723 0.97351974 0.33741826
v 0.21089756 1.01658404 0.30984509
v 0.20512021 1.02217197 0.30889654
v 0.27801281 0.91043758 0.28329831
v 0.27603787 0.91629016 0.28269535
v 0.20451307 0.98397613 0.24940783
v 0.21011633 0.97132349 0.24548894
v 0.19952452 0.99431139 0.25243339
v 0.19579053 1.00205791 0.25402367
v 0.19172704 1.00987077 0.25431913
v 0.23742688 0.94350678 0.29071605
v 0.22284549 0.95904768 0.29134721
v 0.21395797 0.96893352 0.30068451
v 0.20475435 0.97303903 0.32906246
v 0.19925374 0.97845268 0.32754761
v 0.20182788 0.97374481 0.31878692
v 0.20732397 0.97033715 0.32215816
v 0.21411312 0.97690821 0.34012520
v 0.21127188 0.97088444 0.33652109
v 0.21681255 0.96417075 0.33903593
v 0.21925563 0.96900886 0.34356755
v 0.22674710 0.95381832 0.24988621
v 0.22620964 0.96570444 0.25279704
v 0.18666524 1.00284410 0.32020599
v 0.18160748 1.00696337 0.31507075
v 0.17714226 1.01199186 0.31069911
v 0.19506723 0.97988319 0.29597050
v 0.18438137 0.98643899 0.28996760
v 0.18390441 0.98304206 0.28452629
v 0.19581121 0.97750723 0.29210997
v 0.19763732 0.96349055 0.27959484
v 0.18683857 0.96905994 0.27217674
v 0.20166254 0.95552540 0.27145785
v 0.17780358 0.99414957 0.28157771
v 0.17303073 1.00303710 0.28591776
v 0.17379218 1.00229692 0.27683496
v 0.17261475 1.00452149 0.29560667
v 0.17397201 1.00766802 0.30436331
v 0.16645688 1.01057088 0.28245145
v 0.16752321 1.01069641 0.27330959
v 0.16635454 1.01178956 0.29244119
v 0.16786110 1.01437056 0.30094045
v 0.19181389 1.03821599 0.30794579
v 0.18327498 1.03156137 0.31188780
v 0.19945979 1.02906966 0.30835938
v 0.17730784 1.01411271 0.25697276
v 0.17618960 1.00222909 0.26687387
v 0.17115957 1.01194322 0.26471916
v 0.18634444 1.01983225 0.25395671
v 0.20501941 0.94910884 0.25335860
v 0.20921749 0.94321299 0.25013173
v 0.21386456 0.94217968 0.25561368
v 0.21103954 0.94761044 0.25864756
v 0.25239104 0.94371343 0.26824966
v 0.24666774 0.93980187 0.26956657
v 0.24066508 0.94342113 0.26922792
v 0.18951762 0.98250437 0.31084740
v 0.18776530 0.98928773 0.32012492
v 0.24278587 0.93650973 0.28710008
v 0.27119577 0.92229372 0.27616811
v 0.26704264 0.92017287 0.27263600
v 0.26103896 0.93078870 0.27069071
v 0.26587903 0.93308502 0.27424052
v 0.24958450 0.93166822 0.29116911
v 0.24688667 0.93162721 0.28580523
v 0.25093514 0.92508370 0.28608698
v 0.25478101 0.92572784 0.29096681
v 0.24011374 0.94205707 0.32491916
v 0.23467076 0.94644636 0.32421857
v 0.25815302 0.95179760 0.29142308
v 0.25977230 0.95244277 0.27971572
v 0.25497979 0.96289587 0.27652824
v 0.22699815 0.95740569 0.30967981
v 0.23291743 0.95031524 0.31143916
v 0.23127222 0.95137191 0.31690073
v 0.23922235 0.94183129 0.29321373
v 0.24320412 0.93695009 0.29164749
v 0.24186826 0.93998504 0.29740602
v 0.23702753 0.94522834 0.29783922
v 0.21620256 0.99110490 0.33366901
v 0.20592296 0.98410368 0.33602899
v 0.26767737 0.90684301 0.27502751
v 0.26566082 0.91193855 0.27351472
v 0.17563236 1.02390325 0.31134242
v 0.17075706 1.01806903 0.30712408
v 0.21994972 0.96446341 0.30733353
v 0.24734551 0.97370964 0.27417502
v 0.21174449 0.97001630 0.30515760
v 0.24635446 0.95796996 0.32955039
v 0.24080944 0.95449466 0.33335793
v 0.24468476 0.94864231 0.33267516
v 0.25030845 0.95184153 0.33100718
v 0.26202810 0.91692984 0.29186559
v 0.25829422 0.91557992 0.28708982
v 0.26227689 0.90980852 0.28845614
v 0.26603431 0.91139388 0.29281837
v 0.24605083 0.93245482 0.28036892
v 0.24744642 0.93354005 0.27460769
v 0.25187749 0.92655146 0.27471259
v 0.25015813 0.92537826 0.28044254
v 0.25132227 0.93542838 0.27040964
v 0.25594985 0.92844832 0.27094829
v 0.26797473 0.91968167 0.29343408
v 0.27226377 0.92229158 0.28923339
v 0.26671267 0.93283844 0.28874969
v 0.26151294 0.92858768 0.29223174
v 0.22917610 0.99973333 0.30819255
v 0.22421920 1.00123513 0.31582433
v 0.23155564 0.99097693 0.32097763
v 0.23817188 0.97996855 0.32591653
v 0.24180514 0.96735609 0.32923222
v 0.24949336 0.96585584 0.32047075
v 0.22555280 0.99226284 0.32765061
v 0.25612736 0.93870723 0.29567999
v 0.26073444 0.94100928 0.28974998
v 0.26034033 0.94330549 0.29661876
v 0.20872271 0.97093147 0.31221676
v 0.26265031 0.91802102 0.27230567
v 0.21228409 1.01381779 0.26644319
v 0.21551806 1.01848292 0.27758199
v 0.22197402 1.01019239 0.28028274
v 0.21731883 1.00565040 0.26704639
v 0.25755215 0.91547996 0.28135866
v 0.25873059 0.91600454 0.27559561
v 0.23350555 0.94729006 0.33017474
v 0.23895073 0.94368744 0.32991564
v 0.24017930 0.94500232 0.33337301
v 0.23567206 0.94799703 0.33448744
v 0.21852344 1.00160027 0.32238126
v 0.22954381 0.96529716 0.34621745
v 0.23851109 0.96695971 0.34103930
v 0.21714807 1.01012778 0.31201988
v 0.22216624 1.00917554 0.30399650
v 0.21657741 1.01673031 0.30077493
v 0.25492114 0.95801592 0.31145000
v 0.23345828 0.99735081 0.30078679
v 0.22572559 1.00700426 0.29673392
v 0.21939796 1.01487589 0.29195082
v 0.21422648 1.02181160 0.28923988
v 0.21140909 1.02331936 0.29895341
v 0.27336472 0.92312616 0.28227067
v 0.27516383 0.91560578 0.28941363
v 0.20521724 1.03073359 0.29798806
v 0.19788706 1.04057634 0.29861444
v 0.20085490 1.03968692 0.28756511
v 0.20836389 1.02958357 0.28759211
v 0.22822440 1.00363517 0.28846151
v 0.22949326 1.00015855 0.27985281
v 0.23647612 0.99418747 0.29297376
v 0.23855466 0.99002373 0.28352708
v 0.25907451 0.95830274 0.30116057
v 0.27782691 0.90062761 0.29462087
v 0.27386689 0.90806371 0.29382294
v 0.26913613 0.90613019 0.29408991
v 0.27376384 0.89894277 0.29533458
v 0.27114618 0.91363549 0.29347229
v 0.27747810 0.90990317 0.28985232
v 0.23774111 0.98394716 0.27185580
v 0.24774390 0.93497050 0.29723567
v 0.22536355 0.99359894 0.26616207
v 0.23646104 0.97379249 0.26140651
v 0.22731382 0.97948438 0.25689656
v 0.20945269 1.00080109 0.25693306
v 0.21379828 0.99053800 0.25430042
v 0.20071721 1.01626444 0.25792998
v 0.20507216 1.00861812 0.25799894
v 0.19465375 1.02640820 0.25710785
v 0.21831411 0.97695035 0.24987042
v 0.26736152 0.89828479 0.28055161
v 0.26653486 0.89776367 0.28645569
v 0.20710975 1.02173781 0.26576099
v 0.20068192 1.03203225 0.26498431
v 0.20701468 0.95038909 0.26391169
v 0.20070052 0.97593868 0.30816966
v 0.20347178 0.97528964 0.30287033
v 0.19373590 0.98341990 0.32494420
v 0.19610339 0.97735155 0.31546229
v 0.20246476 1.03682566 0.27596658
v 0.15488589 1.01906157 0.27736449
v 0.15424943 1.01942170 0.28739876
v 0.18969840 1.05119097 0.28936547
v 0.27059424 0.89919072 0.27702236
v 0.25133044 0.93848670 0.31622165
v 0.25136209 0.94029987 0.31793362
v 0.20315135 0.95295072 0.24631160
v 0.20892102 0.94619721 0.24422151
v 0.21813607 0.95196259 0.24095535
v 0.21248764 0.94892752 0.24106461
v 0.20725149 0.95731068 0.24204597
v 0.21403086 0.96144503 0.24251351
v 0.19398266 0.98055840 0.29975235
v 0.19251817 0.98089170 0.30478257
v 0.20908993 0.99883097 0.32902354
v 0.19942659 0.99220908 0.33149880
v 0.25671113 0.93848729 0.26974913
v 0.25745469 0.94856679 0.27175415
v 0.26123911 0.94164348 0.27358180
v 0.26811075 0.93424666 0.28108001
v 0.25328767 0.93507242 0.29549271
v 0.25617385 0.93391883 0.29225647
v 0.18448377 0.97680843 0.27875817
v 0.19635737 0.97170597 0.28679603
v 0.21836716 0.94824839 0.26169568
v 0.22093666 0.94535977 0.25829530
v 0.23460263 0.94869256 0.30465478
v 0.26080829 0.94731301 0.31122845
v 0.26339108 0.94838989 0.30302125
v 0.24005038 0.94277334 0.30531305
v 0.27870673 0.90162444 0.27925724
v 0.27462339 0.90019518 0.27651018
v 0.26364899 0.94357443 0.28103328
v 0.22846830 0.95250326 0.32327670
v 0.25524223 0.94964850 0.31685799
v 0.25667375 0.94274330 0.31485856
v 0.22286701 0.96313685 0.34482777
v 0.20975536 1.02649283 0.27646571
v 0.26464915 0.90473747 0.29031295
v 0.26854897 0.89791799 0.29257399
v 0.28034967 0.90217781 0.29087734
v 0.28082752 0.90271878 0.28476542
v 0.19298929 0.99810410 0.32608181
v 0.20546997 0.97430921 0.29906338
v 0.15533507 1.02163219 0.29691166
v 0.22088414 0.96505415 0.24676186
v 0.22376221 0.95385438 0.24472448
v 0.24505985 0.93705881 0.30597395
v 0.24111462 0.96146291 0.33520520
v 0.25319445 0.95776886 0.32336783
v 0.25637716 0.95204753 0.32551444
v 0.25802505 0.94729954 0.31951731
v 0.25589544 0.94206101 0.31846005
v 0.28298116 0.89635730 0.29200840
v 0.28349692 0.89658594 0.28606278
v 0.28166431 0.89523077 0.28070295
v 0.27735943 0.89418614 0.27816045
v 0.27313453 0.89387578 0.27883297
v 0.28064066 0.89500850 0.29538512
v 0.27658463 0.89375830 0.29600555
v 0.27156252 0.89308590 0.29341632
v 0.28260744 0.89006066 0.29630697
v 0.28550899 0.89031088 0.29310709
v 0.28529048 0.88303334 0.28274906
v 0.28459483 0.88878548 0.28247261
v 0.28635085 0.88653100 0.28526437
v 0.28734243 0.88308740 0.28550333
v 0.28864998 0.87904304 0.28653961
v 0.28622764 0.87838125 0.28438878
v 0.28667498 0.88781023 0.28825694
v 0.28833747 0.88407326 0.28933477
v 0.28767812 0.88438845 0.29317969
v 0.28930348 0.88054913 0.29410446
v 0.29004687 0.88009262 0.29042542
v 0.28657305 0.88756335 0.29164398
v 0.28552991 0.89121318 0.28736383
v 0.28776389 0.87513983 0.28705996
v 0.28963733 0.87643206 0.28775400
v 0.29095280 0.87632561 0.29109156
v 0.28932238 0.87414038 0.29149300
v 0.27958572 0.88886356 0.27997214
v 0.28168786 0.88287157 0.28196055
v 0.28336501 0.87779653 0.28434151
v 0.28509957 0.87437195 0.28746825
v 0.27861893 0.88218534 0.28318411
v 0.28103745 0.87745768 0.28602487
v 0.28271145 0.87469208 0.28882843
v 0.27667308 0.88152909 0.28631681
v 0.27966344 0.87723005 0.28855509
v 0.27280611 0.88858706 0.28380549
v 0.27551579 0.88888741 0.28056324
v 0.28149295 0.87539548 0.28996146
v 0.28655225 0.87353253 0.29201812
v 0.28640133 0.88499379 0.29572040
v 0.28792751 0.88030297 0.29644459
v 0.28430736 0.88453972 0.29737496
v 0.28583270 0.87959051 0.29761422
v 0.28939676 0.87631893 0.29560256
v 0.29070622 0.87754107 0.29421180
v 0.26986706 0.89345241 0.28230685
v 0.26950306 0.89311594 0.28814864
v 0.27216744 0.88820124 0.28934258
v 0.27577394 0.88137352 0.29133093
v 0.27419287 0.88865858 0.29427117
v 0.27875179 0.88908231 0.29672074
v 0.28130335 0.88379592 0.29741615
v 0.27780998 0.88267314 0.29575372
v 0.28314871 0.87890166 0.29739350
v 0.28080881 0.87806338 0.29574633
v 0.27955502 0.87713701 0.29229003
v 0.28425187 0.87550908 0.29588884
v 0.28691256 0.87546933 0.29616553
v 0.28407967 0.87410444 0.29243761
v 0.28242880 0.87593818 0.29498315
v 0.28199041 0.87531608 0.29248732
v 0.26874518 0.90469903 0.30930877
v 0.26719630 0.90485132 0.31471992
v 0.26460332 0.91139853 0.31244546
v 0.26583856 0.91105473 0.30712074
v 0.27896744 0.91005617 0.30588275
v 0.27469677 0.90703917 0.30391651
v 0.27250254 0.91339457 0.30196089
v 0.27666938 0.91653794 0.30434316
v 0.28026420 0.91257918 0.31192356
v 0.27804095 0.91909891 0.31068188
v 0.27357072 0.92382419 0.30220801
v 0.26920736 0.92043346 0.29993242
v 0.26134527 0.93157357 0.29779309
v 0.26624739 0.93522733 0.29880059
v 0.25157511 0.93046319 0.31361842
v 0.25545615 0.93212163 0.31674021
v 0.27114820 0.90514505 0.30547935
v 0.26855832 0.91153371 0.30354339
v 0.26341999 0.92118150 0.31880879
v 0.26052022 0.91913038 0.31551641
v 0.26483798 0.91228402 0.31736010
v 0.26752901 0.91412747 0.32071787
v 0.25300300 0.92895848 0.30127734
v 0.25121909 0.92963064 0.30749422
v 0.25691122 0.92953992 0.29864508
v 0.26802003 0.92386591 0.31976473
v 0.27262944 0.92603159 0.31649727
v 0.26638180 0.93814671 0.31311357
v 0.26137108 0.93513209 0.31684417
v 0.26473451 0.91841972 0.30139130
v 0.26021755 0.91832685 0.31032866
v 0.26151186 0.91775095 0.30489331
v 0.27489507 0.92640185 0.30885822
v 0.27555084 0.91857690 0.31818837
v 0.27904361 0.90200019 0.32407409
v 0.27461785 0.91030115 0.32259327
v 0.27061206 0.90794867 0.32293844
v 0.27537733 0.89939582 0.32492584
v 0.27141374 0.91622263 0.32123536
v 0.27829212 0.91226888 0.31905442
v 0.27296734 0.89545918 0.31238908
v 0.27167654 0.89585257 0.31787366
v 0.27515936 0.89603138 0.30841655
v 0.26897562 0.93873203 0.30541408
v 0.28235763 0.90106952 0.30836940
v 0.27832466 0.89795160 0.30690396
v 0.26762533 0.90583956 0.31974792
v 0.27215213 0.89740634 0.32264113
v 0.28227323 0.90388644 0.32052869
v 0.28377783 0.90394688 0.31386238
v 0.28518325 0.89686453 0.32209486
v 0.28663635 0.89660704 0.31603515
v 0.28547025 0.89399332 0.31077296
v 0.28119719 0.89164245 0.30932820
v 0.27797377 0.89055735 0.31085640
v 0.28222626 0.89571631 0.32537967
v 0.27875084 0.89415729 0.32617533
v 0.27530521 0.89246559 0.32409346
v 0.28515750 0.88961220 0.32714093
v 0.28841704 0.88987201 0.32435495
v 0.29162425 0.87629098 0.31703132
v 0.28990597 0.88130945 0.31475228
v 0.29160821 0.88188148 0.31756753
v 0.29389542 0.87752622 0.31871223
v 0.28873307 0.88727772 0.31367648
v 0.29060918 0.88539600 0.31700593
v 0.29083574 0.88667542 0.31995809
v 0.29282981 0.88311660 0.32137686
v 0.29154944 0.88354087 0.32522207
v 0.29383337 0.87957633 0.32673436
v 0.29546410 0.87883389 0.32279700
v 0.29017150 0.88685948 0.32334477
v 0.29559427 0.87439007 0.32039315
v 0.29363567 0.87290007 0.32051021
v 0.28940976 0.89056188 0.31838638
v 0.28412110 0.88647747 0.31147307
v 0.28654903 0.88054943 0.31396621
v 0.28871846 0.87541115 0.31731826
v 0.29072511 0.87212676 0.32141411
v 0.28346670 0.87959653 0.31567031
v 0.28622150 0.87472290 0.31901175
v 0.28841585 0.87229782 0.32246816
v 0.28109580 0.87916660 0.31909174
v 0.28462136 0.87455428 0.32173246
v 0.27775037 0.88611335 0.31626022
v 0.28039563 0.88609922 0.31279951
v 0.28685105 0.87295544 0.32341355
v 0.29553008 0.87228656 0.32506788
v 0.29245824 0.87160110 0.32566136
v 0.29770255 0.87448251 0.32399064
v 0.28974324 0.88380527 0.32705325
v 0.29192960 0.87930191 0.32852077
v 0.28789556 0.88386643 0.32893896
v 0.29035443 0.87878305 0.33013707
v 0.29454476 0.87513244 0.32862198
v 0.29596913 0.87622774 0.32735986
v 0.27563334 0.89045697 0.31441879
v 0.27444702 0.89112008 0.31949729
v 0.27634746 0.88657147 0.32123661
v 0.27989972 0.87964070 0.32395518
v 0.27755511 0.88816482 0.32548958
v 0.28152949 0.88896781 0.32754928
v 0.28480417 0.88298196 0.32928187
v 0.28150696 0.88145161 0.32776701
v 0.28768808 0.87796241 0.33004856
v 0.28491843 0.87676144 0.32871544
v 0.28376615 0.87526107 0.32552117
v 0.28940421 0.87408167 0.32917833
v 0.29226691 0.87429428 0.32946783
v 0.28938693 0.87206960 0.32595193
v 0.28710568 0.87422454 0.32834977
v 0.28689778 0.87319076 0.32599771
v 0.26106924 0.91526055 0.33062738
v 0.25796604 0.91576976 0.33502549
v 0.25597084 0.92140198 0.33316523
v 0.25902039 0.92058444 0.32878894
v 0.27092952 0.92065465 0.33076710
v 0.26896620 0.91836464 0.32902813
v 0.26658213 0.92367089 0.32641047
v 0.26883441 0.92686033 0.32791334
v 0.27085656 0.92291903 0.33534306
v 0.26831865 0.92964727 0.33297396
v 0.26622063 0.93273604 0.32538140
v 0.26355261 0.92883259 0.32385689
v 0.25807929 0.93706149 0.32080084
v 0.26152045 0.94140971 0.32201952
v 0.26542497 0.91632223 0.32915491
v 0.26300192 0.92150319 0.32682776
v 0.25190830 0.93005300 0.33783913
v 0.25106484 0.92835212 0.33526611
v 0.25479192 0.92273968 0.33736956
v 0.25575888 0.92441273 0.33978498
v 0.24890399 0.93533921 0.32324654
v 0.24542451 0.93645370 0.32727844
v 0.25354356 0.93537104 0.32140011
v 0.25601232 0.93290401 0.33881122
v 0.26138997 0.93588054 0.33661288
v 0.25538409 0.94487727 0.33349258
v 0.24964935 0.94201064 0.33503401
v 0.25981641 0.92651641 0.32455522
v 0.25214797 0.92673308 0.33093178
v 0.25558054 0.92586571 0.32659942
v 0.26526541 0.93599844 0.33080637
v 0.26449966 0.92972559 0.33846563
v 0.26763070 0.91285449 0.34566784
v 0.26249820 0.92157567 0.34270871
v 0.25829303 0.91900587 0.34233272
v 0.26373315 0.91069186 0.34558815
v 0.25938398 0.92712200 0.34073025
v 0.26754338 0.92329234 0.34042841
v 0.26476860 0.90692830 0.33427387
v 0.26190984 0.90748042 0.33852440
v 0.26873213 0.90796387 0.33269370
v 0.26043499 0.94495910 0.32773799
v 0.24483347 0.93917739 0.33445799
v 0.27441311 0.91151184 0.33422500
v 0.27235746 0.90958369 0.33253282
v 0.25666833 0.91720730 0.33959281
v 0.26118886 0.90892392 0.34304965
v 0.27196002 0.91427577 0.34336144
v 0.27467543 0.91391075 0.33838385
v 0.27495998 0.90833855 0.34553844
v 0.27748734 0.90772426 0.34064758
v 0.27746803 0.90525997 0.33643818
v 0.27470428 0.90348577 0.33485943
v 0.27093667 0.90247136 0.33516610
v 0.27089548 0.90678614 0.34762448
v 0.26738292 0.90522999 0.34723371
v 0.26430744 0.90409052 0.34471065
v 0.27296394 0.90238523 0.34923059
v 0.27720630 0.90278453 0.34719509
v 0.28320944 0.88931763 0.34173244
v 0.28147388 0.89353186 0.33979875
v 0.28201920 0.89431632 0.34192079
v 0.28419232 0.89062834 0.34331220
v 0.28006542 0.89946204 0.33874112
v 0.28106630 0.89778215 0.34115821
v 0.28067076 0.89962584 0.34370911
v 0.28260618 0.89612985 0.34513825
v 0.27987820 0.89713567 0.34822839
v 0.28179365 0.89350271 0.34965485
v 0.28449726 0.89231455 0.34657925
v 0.27936447 0.90017855 0.34661430
v 0.28547382 0.88830400 0.34477633
v 0.28454524 0.88665259 0.34431636
v 0.27947402 0.90283370 0.34246922
v 0.27667159 0.89835411 0.33661097
v 0.27867007 0.89282423 0.33849901
v 0.28063631 0.88813812 0.34113759
v 0.28168190 0.88575494 0.34420496
v 0.27502525 0.89236599 0.33911395
v 0.27723384 0.88781977 0.34164947
v 0.27840108 0.88580298 0.34439158
v 0.27169704 0.89253849 0.34095269
v 0.27451044 0.88813210 0.34326351
v 0.26922137 0.89816779 0.33873934
v 0.27269775 0.89794922 0.33694631
v 0.27630895 0.88656551 0.34483832
v 0.28431886 0.88700789 0.34820873
v 0.28127861 0.88596237 0.34840459
v 0.28576726 0.88906795 0.34774643
v 0.27776480 0.89779657 0.34976143
v 0.27961296 0.89354730 0.35098314
v 0.27490407 0.89734137 0.35046953
v 0.27730811 0.89276230 0.35156506
v 0.28197509 0.88995475 0.35096592
v 0.28348631 0.89074159 0.35012329
v 0.26728964 0.90225518 0.33684570
v 0.26465917 0.90307993 0.34045994
v 0.26679647 0.89901125 0.34201819
v 0.26954913 0.89313543 0.34436023
v 0.26645166 0.90013880 0.34589499
v 0.26946515 0.90105355 0.34839511
v 0.27204335 0.89618307 0.34997755
v 0.26954842 0.89472383 0.34799498
v 0.27483600 0.89179623 0.35103542
v 0.27276301 0.89036107 0.34945887
v 0.27282888 0.88880903 0.34625894
v 0.27703798 0.88841581 0.35062611
v 0.27953291 0.88905746 0.35124290
v 0.27821928 0.88609791 0.34794492
v 0.27508658 0.88831645 0.34953386
v 0.27568543 0.88692153 0.34721798
v 0.24413061 0.93798208 0.33150107
v 0.24388093 0.93370271 0.34973836
v 0.24073660 0.93464553 0.35210472
v 0.23914349 0.93843079 0.34974116
v 0.24209011 0.93769580 0.34752065
v 0.25295049 0.93877453 0.35195214
v 0.25141454 0.93591154 0.34940678
v 0.24964714 0.94020551 0.34664381
v 0.25136280 0.94352555 0.34919351
v 0.25077975 0.94156921 0.35612881
v 0.24912077 0.94648802 0.35361904
v 0.24888766 0.94842136 0.34581274
v 0.24700475 0.94459784 0.34339815
v 0.24239326 0.95143664 0.33832473
v 0.24452102 0.95614910 0.33998913
v 0.22558832 0.95841390 0.34541416
v 0.22509634 0.95546031 0.34201330
v 0.22909820 0.95044339 0.34535217
v 0.22879571 0.95345318 0.34849054
v 0.24781877 0.93405545 0.34892988
v 0.24592644 0.93816090 0.34632635
v 0.23400813 0.94619453 0.35309541
v 0.23432159 0.94342989 0.35010642
v 0.23718572 0.93992543 0.35261160
v 0.23687387 0.94214869 0.35552597
v 0.22656029 0.95237100 0.33835560
v 0.23002058 0.94965714 0.33555657
v 0.23437691 0.94777459 0.33965564
v 0.23114377 0.94821709 0.34218043
v 0.23809922 0.94856846 0.33878875
v 0.23629284 0.94930875 0.35483485
v 0.24122286 0.95143652 0.35396665
v 0.23561352 0.96000290 0.34939307
v 0.23107696 0.95673448 0.35002184
v 0.24328893 0.94219911 0.34355921
v 0.23639822 0.94188422 0.34706420
v 0.23970222 0.94135141 0.34471220
v 0.24658763 0.95162010 0.35033083
v 0.24408859 0.94653022 0.35680145
v 0.24365467 0.93496436 0.36290371
v 0.24106026 0.94082546 0.35969567
v 0.23823386 0.93855947 0.35816216
v 0.24086118 0.93323129 0.36160982
v 0.23927701 0.94473279 0.35730374
v 0.24583423 0.94202220 0.35908234
v 0.24651039 0.92815870 0.35310310
v 0.24295264 0.92936963 0.35548455
v 0.25020576 0.92860413 0.35232997
v 0.24255329 0.96051317 0.34488547
v 0.25523388 0.93262035 0.35523415
v 0.25353122 0.93000436 0.35297436
v 0.23864806 0.93629295 0.35514396
v 0.24084276 0.93117464 0.35876119
v 0.24832374 0.93593603 0.36224633
v 0.25303918 0.93534118 0.35912699
v 0.25060487 0.93109351 0.36485142
v 0.25542068 0.93064880 0.36177558
v 0.25723648 0.92790091 0.35766345
v 0.25531912 0.92570198 0.35522938
v 0.25188398 0.92496383 0.35467547
v 0.24600166 0.93014938 0.36543912
v 0.24347031 0.92885125 0.36384237
v 0.24322158 0.92753065 0.36090618
v 0.24836916 0.92608529 0.36691105
v 0.25320274 0.92633277 0.36658752
v 0.26092291 0.91431975 0.36299658
v 0.25995886 0.91790009 0.36102313
v 0.26013470 0.91893506 0.36295003
v 0.26148361 0.91576433 0.36429095
v 0.25878084 0.92325604 0.36003870
v 0.25912035 0.92179108 0.36218458
v 0.25770444 0.92348504 0.36429793
v 0.25940895 0.92100084 0.36550969
v 0.25608671 0.92092919 0.36809021
v 0.25770676 0.91835678 0.36954433
v 0.26104653 0.91784543 0.36713964
v 0.25599980 0.92427206 0.36647838
v 0.26263076 0.91392422 0.36580640
v 0.26177937 0.91218328 0.36549699
v 0.25694507 0.92664748 0.36332220
v 0.25676769 0.92189330 0.35749537
v 0.25837380 0.91704726 0.35972959
v 0.25947118 0.91302168 0.36245012
v 0.25951624 0.91102028 0.36539882
v 0.25551140 0.91709054 0.35929149
v 0.25696373 0.91287446 0.36228478
v 0.25714469 0.91115421 0.36515534
v 0.25212133 0.91759914 0.35994637
v 0.25417578 0.91345233 0.36278754
v 0.24979752 0.92198217 0.35752815
v 0.25362450 0.92166734 0.35686904
v 0.25539041 0.91178536 0.36486059
v 0.26049352 0.91262203 0.36889583
v 0.25818205 0.91142511 0.36830205
v 0.26202857 0.91501665 0.36872917
v 0.25372177 0.92198014 0.36883789
v 0.25538349 0.91769367 0.37046784
v 0.25053877 0.92172688 0.36855638
v 0.25300157 0.91686571 0.37007183
v 0.25775641 0.91459620 0.37064612
v 0.25921226 0.91607046 0.37039113
v 0.24822205 0.92496669 0.35542482
v 0.24492425 0.92608213 0.35778815
v 0.24652511 0.92293161 0.35959935
v 0.24898916 0.91849136 0.36185187
v 0.24501908 0.92408550 0.36260104
v 0.24559426 0.92513931 0.36530215
v 0.24832058 0.92050934 0.36732048
v 0.24751151 0.91932327 0.36477125
v 0.25132513 0.91581357 0.36867195
v 0.25077391 0.91486275 0.36666495
v 0.25188756 0.91412461 0.36433518
v 0.25424457 0.91278225 0.36855799
v 0.25579286 0.91334778 0.36995834
v 0.25613499 0.91132450 0.36722732
v 0.25322163 0.91273129 0.36726612
v 0.25433242 0.91192198 0.36608762
v 0.22797769 0.96063769 0.34733218
v 0.23150367 0.94332039 0.24713281
v 0.23144871 0.94144607 0.25144434
v 0.21731746 0.93414778 0.25244692
v 0.22322345 0.93560541 0.25490904
v 0.21424568 0.93512130 0.24691159
v 0.21778327 0.93942714 0.23865217
v 0.21500844 0.93701684 0.24181068
v 0.22897005 0.93848550 0.25436878
v 0.22862273 0.94375515 0.24196166
v 0.22300732 0.94236088 0.23837224
v 0.23414886 0.93521404 0.23902667
v 0.22830826 0.93338722 0.23502845
v 0.22230119 0.93042862 0.23552412
v 0.21866220 0.92885745 0.23937735
v 0.21759272 0.92830634 0.24486107
v 0.23699397 0.93569064 0.24480206
v 0.23584461 0.93434429 0.24973869
v 0.23167217 0.93217075 0.25269470
v 0.24167728 0.92771739 0.24239200
v 0.24082512 0.92500412 0.23579550
v 0.23353004 0.91052341 0.23096931
v 0.23062760 0.91501701 0.23212737
v 0.23404437 0.91586351 0.23039106
v 0.23594213 0.91236186 0.22860521
v 0.22837263 0.92071187 0.23264882
v 0.23310745 0.91874552 0.23117420
v 0.23722547 0.92031479 0.23149481
v 0.23894215 0.91785264 0.22989550
v 0.24112839 0.92129236 0.23271546
v 0.24367768 0.91921479 0.23203242
v 0.24083847 0.91442478 0.22774392
v 0.23856413 0.90953779 0.22759831
v 0.24259180 0.91071683 0.22733027
v 0.23765028 0.90737110 0.22959504
v 0.23450303 0.92416489 0.23280051
v 0.22316152 0.92127979 0.23706359
v 0.22788203 0.91481352 0.23542666
v 0.23242480 0.90904659 0.23420575
v 0.23754400 0.90609473 0.23349121
v 0.22718108 0.91449517 0.24047998
v 0.23311126 0.90916979 0.23870337
v 0.23778498 0.90709370 0.23742884
v 0.22980523 0.91512573 0.24513993
v 0.23524147 0.91032147 0.24195391
v 0.22334516 0.92271054 0.24847031
v 0.22139394 0.92159969 0.24262276
v 0.23814356 0.90848744 0.23997045
v 0.24343705 0.90732002 0.22956830
v 0.24309874 0.90661663 0.23401153
v 0.24543720 0.91998148 0.23563862
v 0.24547106 0.91590405 0.23047370
v 0.24744451 0.91547793 0.23412502
v 0.24565083 0.92092818 0.24019018
v 0.24742949 0.91488755 0.23818588
v 0.24744564 0.91120845 0.23186329
v 0.24608308 0.91258299 0.22899163
v 0.21977365 0.92836148 0.25016081
v 0.22527063 0.92980099 0.25278240
v 0.22932446 0.92455661 0.25136942
v 0.23451817 0.91703176 0.24767068
v 0.23579830 0.92650813 0.25119382
v 0.24056739 0.92816061 0.24785024
v 0.24426597 0.92042363 0.24481699
v 0.24038249 0.91903794 0.24785140
v 0.24585855 0.91411448 0.24166989
v 0.24273920 0.91319615 0.24384072
v 0.23877430 0.91177458 0.24364352
v 0.24501777 0.91003060 0.23919842
v 0.24686050 0.91010320 0.23583615
v 0.24202669 0.90758777 0.23768723
v 0.24314564 0.91040903 0.24118769
v 0.24073660 0.90911686 0.24058723
v 0.22114092 0.95932138 0.34077746
v 0.22265214 0.95579290 0.33587700
v 0.21784365 0.96118343 0.33387107
v 0.21139097 0.96723044 0.33148700
v 0.20615673 0.97579360 0.33441406
v 0.21354747 0.96543264 0.32519776
v 0.22004181 0.95962352 0.32804990
v 0.22675747 0.95268917 0.33072323
v 0.21047097 0.96868336 0.31776482
v 0.00972417 1.52334917 0.17465717
v 0.01241308 1.52525997 0.17239732
v 0.00973126 1.51824582 0.17231119
v 0.00724846 1.51796651 0.17457688
v 0.01357108 1.52034664 0.16588122
v 0.01197466 1.51885080 0.16949069
v 0.01457560 1.52728200 0.16844785
v 0.01541346 1.52854598 0.16337043
v 0.01409599 1.52720714 0.15440592
v 0.01426384 1.52678514 0.15260458
v 0.01454592 1.52589810 0.15322155
v 0.01439923 1.52521884 0.15539566
v 0.01484117 1.52358449 0.15895739
v 0.00397173 1.51958513 0.17744321
v 0.00528198 1.52038264 0.17699486
v 0.00730371 1.52233338 0.17619777
v 0.01458099 1.52196956 0.16252810
v 0.00524187 1.51809883 0.17617300
v 0.00400960 1.51861513 0.17712867
v 0.01464316 1.52934384 0.15855128
v 0.01360595 1.52196312 0.16686040
v 0.01183590 1.52110648 0.17049792
v 0.01392594 1.52489996 0.16806144
v 0.01494017 1.52628326 0.16366744
v 0.01474842 1.52501357 0.15727434
v 0.01494896 1.52485728 0.15989310
v 0.00961611 1.52009833 0.17305768
v 0.01470408 1.52379203 0.16335586
v 0.01190096 1.52326393 0.17159492
v 0.01507336 1.52691185 0.15968135
v 0.01491493 1.52602124 0.15701339
v 0.00486964 1.51906240 0.17684418
v 0.00488812 1.51867938 0.17668331
v -0.12202454 1.32859135 0.03666267
v -0.12528336 1.31215608 0.03103232
v 0.00963670 1.52143240 0.17383784
v 0.00591362 1.51881468 0.17595273
v 0.00752345 1.51914620 0.17473561
v 0.00744578 1.52050865 0.17534751
v 0.00581986 1.51969409 0.17630816
v -0.09316885 1.27462387 0.16398686
v -0.08253866 1.28661096 0.17012352
v -0.07623419 1.31362712 0.21789676
v -0.09123844 1.31742918 0.23596743
v -0.32183224 1.13249087 -0.07562748
v -0.41580135 1.32361114 -0.01932605
v -0.40620553 1.33349049 -0.00282732
v -0.38325462 1.37568617 -0.07653734
v -0.39547229 1.36795294 -0.05982940
v -0.38755718 1.21013510 -0.00067899
v -0.37390572 1.21760070 0.01024322
v -0.34486979 1.16192162 -0.03663749
v -0.33075017 1.17122769 -0.02487916
v -0.38696247 1.18313956 -0.01927614
v -0.43408129 1.33432853 -0.06989795
v -0.43934548 1.32064784 -0.05449544
v -0.42296717 1.33089817 -0.04397294
v -0.41840366 1.34561193 -0.05805138
v -0.36855739 1.37725246 -0.09340934
v -0.38352793 1.36464739 -0.10643469
v -0.37184381 1.24520802 0.02858841
v -0.38434917 1.26824951 0.03108114
v -0.39505804 1.31600463 0.02194975
v -0.39361024 1.33834743 0.01315725
v -0.38746530 1.35765803 0.00207131
v -0.37819830 1.37435937 -0.01107262
v -0.29962078 1.17113352 -0.02754307
v -0.26926011 1.17772198 -0.03228171
v -0.35798928 1.22412121 0.02137110
v -0.25317633 1.16131163 -0.07990195
v -0.35525432 1.39935446 -0.00801072
v -0.34277222 1.41157496 -0.02949408
v -0.39231700 1.29218221 0.02860036
v -0.14240015 1.26731753 0.02271499
v -0.14826709 1.26694560 0.03700054
v -0.15203822 1.25131679 0.02873099
v -0.14905873 1.25155067 0.01383132
v -0.15747309 1.25061667 0.04228061
v -0.16413206 1.25068927 0.05504867
v -0.17154375 1.25146878 0.06677982
v -0.19483909 1.25793469 0.09162378
v -0.18727957 1.25524354 0.08513039
v -0.21089680 1.26311791 0.10015833
v -0.20221460 1.26071870 0.09657162
v -0.22528438 1.26474535 0.10071188
v -0.24215320 1.26793277 0.09926510
v -0.25075424 1.28512073 0.10787404
v -0.26032934 1.27247226 0.09855109
v -0.25041276 1.25264752 0.09025130
v -0.23383109 1.25091910 0.09279937
v -0.22010233 1.24956322 0.09265870
v -0.18645881 1.21233988 -0.03453085
v -0.16674703 1.22517586 -0.02194551
v -0.11753088 1.34379911 0.04190287
v 0.02537888 1.11915815 0.29353434
v 0.15198243 1.06770396 0.25158802
v -0.21237782 1.47937202 0.04168308
v -0.21787304 1.47772527 0.06297386
v -0.21107921 1.46038640 0.12451613
v -0.19578414 1.45358396 0.13413930
v -0.22350678 1.46625042 0.10559613
v -0.22742945 1.47034860 0.08265257
v -0.32513055 1.21412885 0.01884621
v -0.24192616 1.46761453 0.05059350
v -0.23643538 1.46689391 0.08051080
v -0.23347265 1.46192241 0.10628229
v -0.22335231 1.45564842 0.12687647
v -0.20277905 1.44752276 0.14285541
v -0.19632702 1.43817878 0.15300667
v -0.20291112 1.42317092 0.17469656
v -0.19559133 1.41787350 0.18228573
v -0.18675780 1.41301906 0.19059679
v -0.16880915 1.41498780 0.18333215
v -0.17777175 1.42023027 0.17527604
v -0.11909586 1.34611547 0.23230863
v -0.11389336 1.33040178 0.23919404
v -0.11648232 1.31722331 0.24577251
v -0.12366328 1.30603635 0.24979842
v -0.13507620 1.29823446 0.24974859
v -0.15055633 1.29403865 0.24503902
v -0.16771153 1.29580128 0.23580539
v -0.21537778 1.31727815 0.20619148
v -0.23398519 1.32435882 0.19307142
v -0.28091437 1.34161031 0.15084761
v -0.29440597 1.34694290 0.14024436
v -0.33255887 1.35473740 0.10807812
v -0.34278020 1.35813475 0.08454436
v -0.35320526 1.36077929 0.06235868
v -0.52719480 1.27723205 -0.11350527
v -0.52766734 1.26832604 -0.09273101
v -0.51060075 1.27787483 -0.08749798
v -0.50799036 1.28771687 -0.10727505
v -0.45357025 1.32227111 -0.12758571
v -0.44164872 1.32468390 -0.14624809
v -0.49838379 1.22778416 -0.03840381
v -0.48860854 1.20542157 -0.03174534
v -0.50949377 1.26488996 -0.06838121
v -0.50538760 1.24882102 -0.05191797
v -0.47519860 1.18245888 -0.03255451
v -0.41582111 1.11117387 -0.07891990
v -0.39940566 1.09681237 -0.09590906
v -0.36974478 1.08052897 -0.13215204
v -0.35761482 1.07918239 -0.15014373
v -0.46190128 1.16301358 -0.03869264
v -0.38384965 1.08671093 -0.11388072
v -0.44813868 1.14421761 -0.04944998
v -0.43267795 1.12710273 -0.06266883
v -0.46289352 1.31822276 -0.10855622
v -0.48286551 1.30640638 -0.11820070
v -0.48881087 1.29949355 -0.09918949
v -0.30480665 1.44447410 0.00294006
v -0.31090558 1.43798947 0.02873719
v -0.30993015 1.42719877 0.05553108
v -0.29549611 1.42512560 0.08851558
v -0.30610314 1.41777682 0.08104295
v -0.29988760 1.40764070 0.10588351
v -0.28958708 1.41474783 0.11259100
v -0.27048683 1.39074564 0.15056756
v -0.27783436 1.38487458 0.14526945
v -0.26806864 1.37778592 0.15817016
v -0.26016116 1.38551533 0.16421187
v -0.25860187 1.37220061 0.17120779
v -0.24957375 1.36417699 0.18455061
v -0.23654094 1.35594451 0.19718915
v -0.22133468 1.34774363 0.20937538
v -0.20913883 1.36874831 0.21631789
v -0.22331476 1.37599874 0.20606387
v -0.26036295 1.39872503 0.15720874
v -0.27109835 1.40932703 0.13905039
v -0.27882057 1.45423520 0.01945305
v -0.27070487 1.45431459 -0.00422522
v -0.27513519 1.28094900 0.10166192
v -0.29067105 1.28973484 0.10529280
v -0.30435768 1.30035126 0.10958874
v -0.31453747 1.31197703 0.11339915
v -0.32157144 1.32488394 0.11752981
v -0.32348138 1.33889353 0.12005174
v -0.30759653 1.35026729 0.13137597
v -0.32074732 1.35234714 0.12169784
v -0.30129707 1.36100936 0.13345987
v -0.31454653 1.36522150 0.12264860
v -0.30678678 1.37695956 0.12380099
v -0.29921055 1.38787377 0.12475458
v -0.28985918 1.39631999 0.12797534
v -0.28085816 1.40328240 0.13321865
v -0.27922237 1.42097461 0.12079319
v -0.28422588 1.43137634 0.09804732
v -0.27599090 1.44649363 0.08268082
v -0.26590124 1.45101273 0.09212595
v -0.28680727 1.44153666 0.07259098
v -0.29721314 1.43556559 0.06220382
v -0.18461534 1.46969259 0.11385208
v -0.19180596 1.47694027 0.09668863
v -0.16676289 1.31364667 0.23755354
v -0.17356804 1.31046319 0.23405683
v -0.17010528 1.30490351 0.23533219
v -0.15830436 1.30563045 0.24121982
v -0.14734420 1.31017804 0.24450564
v -0.15221241 1.32674217 0.24085218
v -0.15860307 1.31887817 0.24048445
v -0.13855651 1.31763494 0.24511224
v -0.13279191 1.32740533 0.24284714
v -0.14700848 1.33547640 0.23989522
v -0.13022730 1.33819020 0.23903972
v -0.14359593 1.34421825 0.23779598
v -0.13314727 1.34960020 0.23477888
v -0.14283422 1.35109150 0.23561025
v -0.17654738 1.37704325 0.22355831
v -0.16361228 1.36801910 0.22924191
v -0.15117499 1.35844350 0.23298824
v -0.20386809 1.34015453 0.22002378
v -0.18706188 1.33356202 0.22874135
v -0.17119423 1.32681727 0.23577490
v -0.16573828 1.33515739 0.23663974
v -0.18189429 1.34212089 0.23090407
v -0.19876668 1.34912205 0.22316372
v -0.29079598 1.45050585 0.00982201
v -0.29719982 1.44601607 0.03558540
v -0.25151217 1.37921691 0.17718241
v -0.24327591 1.37325144 0.18841428
v -0.23246579 1.36577201 0.20049837
v -0.21633089 1.35768819 0.21330798
v -0.23489875 1.38197386 0.19484586
v -0.24337150 1.38737869 0.18262181
v -0.25139186 1.39297414 0.16996619
v -0.28577310 1.45004284 0.04581451
v -0.28181165 1.45186198 -0.01271498
v -0.12712204 1.35648096 0.13599724
v -0.12451512 1.37996590 0.14566398
v -0.13136643 1.39880431 0.16014123
v -0.14797309 1.41061413 0.17353517
v -0.04573631 1.15584028 0.24169588
v -0.40057963 1.35227680 -0.11887501
v -0.41903684 1.33854103 -0.13234667
v -0.43237448 1.33629012 -0.11506542
v -0.32990968 1.41698289 -0.05258700
v -0.29535091 1.44757497 -0.02075651
v -0.19249040 1.22079432 0.05957073
v -0.18459974 1.22024906 0.04992720
v -0.17738944 1.23520863 0.05861330
v -0.18510716 1.23646462 0.06864506
v -0.20871246 1.22660124 0.07602227
v -0.20026916 1.22306514 0.06853899
v -0.19357890 1.23888564 0.07722268
v -0.20161317 1.24219847 0.08439815
v -0.21763878 1.23077774 0.08149707
v -0.21021017 1.24600196 0.08958554
v -0.20937285 1.20848167 0.05832225
v -0.20105851 1.20666444 0.04976207
v -0.19286837 1.20721602 0.04053628
v -0.22525778 1.21699846 0.07160103
v -0.21730503 1.21250784 0.06563291
v 0.00086564 1.41744494 0.10259223
v 0.01954308 1.41973162 0.10807264
v 0.04176593 1.46231735 0.11983430
v 0.03999549 1.46704769 0.12062150
v -0.10992116 1.36697316 0.05014056
v -0.10170385 1.37412012 0.05617756
v -0.15470809 1.23892522 -0.01057045
v -0.13826436 1.26741183 0.00908291
v -0.13344812 1.28161061 0.01785833
v -0.12961900 1.29600811 0.02475967
v -0.11393380 1.35669017 0.04681364
v -0.14696956 1.25203574 -0.00022231
v -0.61815464 1.08079600 -0.11833664
v -0.62782776 1.07603645 -0.14748520
v -0.62445664 1.10928476 -0.13168989
v -0.63116068 1.10644531 -0.15327966
v -0.59084272 1.16597044 -0.08690469
v -0.60462570 1.14267051 -0.10100922
v -0.57341641 1.19054103 -0.07356039
v -0.63447374 1.11171794 -0.17835361
v -0.63344932 1.12076116 -0.20572297
v -0.63296282 1.15197361 -0.20102045
v -0.58173513 1.20624018 -0.09471431
v -0.59823138 1.18466556 -0.10640684
v -0.62686437 1.12813568 -0.13900474
v -0.61613709 1.12266707 -0.11542979
v -0.62199599 1.14181364 -0.13049866
v -0.63431036 1.14043510 -0.17508599
v -0.63118887 1.13150549 -0.15433004
v -0.51561415 1.29025674 -0.15672714
v -0.52462018 1.28467762 -0.19068307
v -0.53732419 1.27819514 -0.16567847
v -0.52531946 1.25530732 -0.07302280
v -0.54834777 1.25563359 -0.09894183
v -0.62703639 1.15406466 -0.14792044
v -0.62931901 1.16646147 -0.16911186
v -0.62630367 1.17913854 -0.19419688
v -0.58449054 1.24346268 -0.16198853
v -0.60116065 1.22559917 -0.17371787
v -0.60454375 1.21300638 -0.14992392
v -0.58786178 1.23260629 -0.13829537
v -0.56865883 1.24011338 -0.10691938
v -0.58700627 1.22045684 -0.11652724
v -0.56518370 1.25962019 -0.15170538
v -0.56850827 1.25097060 -0.12875569
v -0.54753965 1.26570201 -0.12028758
v -0.60325992 1.19886196 -0.12726316
v -0.60719049 1.21388042 -0.21235806
v -0.61507940 1.20474601 -0.18446833
v -0.59155822 1.22067451 -0.23868802
v -0.54380780 1.27345085 -0.14239840
v -0.52313942 1.28413594 -0.13467214
v -0.50312185 1.29447579 -0.12722555
v -0.44327921 1.33198643 -0.09752746
v -0.44829479 0.83453703 -0.10363416
v -0.47588769 1.02482152 -0.23450626
v -0.49737146 1.03553438 -0.24907227
v -0.52754879 1.06444168 -0.04533264
v -0.59082234 1.07225823 -0.07600418
v -0.60602641 1.09854186 -0.09609580
v -0.43080536 1.01307809 -0.17726426
v -0.44386730 1.01334500 -0.20283137
v -0.49816766 1.05161941 -0.04977638
v -0.44674364 1.02752972 -0.08513083
v -0.45874259 1.01793087 -0.22069201
v -0.61207402 1.16241801 -0.11932145
v -0.61777133 1.17629838 -0.13879418
v -0.61883509 1.19016147 -0.16059025
v -0.61732638 1.19033766 -0.22174075
v -0.60118961 1.19906318 -0.24836780
v -0.41605648 1.02533650 -0.18016453
v -0.41012955 1.03117383 -0.18273723
v -0.40824649 1.02931464 -0.19255501
v -0.41678414 1.02116823 -0.19570448
v -0.42540449 1.10278225 -0.08446470
v -0.40886709 1.09055161 -0.10332727
v -0.37899324 1.07683945 -0.14026432
v -0.36702478 1.07569683 -0.15756485
v -0.47342378 1.15265763 -0.03875314
v -0.39273244 1.08164346 -0.12188216
v -0.45930067 1.13420379 -0.04942569
v -0.44313413 1.11816478 -0.06520736
v -0.45361325 0.39151931 -0.20410272
v -0.44523191 0.36370134 -0.20103756
v -0.45928550 0.36358440 -0.20784470
v -0.46614555 0.39275479 -0.21267380
v -0.49913818 0.39409506 -0.21248606
v -0.48716527 0.39355487 -0.21863998
v -0.50710875 0.39288372 -0.20053220
v -0.50085789 0.36628270 -0.20279151
v -0.50007784 0.36386895 -0.18910441
v -0.50893712 0.39110851 -0.18672970
v -0.50441134 0.38961375 -0.17444170
v -0.48861930 0.36045694 -0.16578576
v -0.47419852 0.36075509 -0.15625051
v -0.48146468 0.38804799 -0.15256602
v -0.49537465 0.38846844 -0.16351354
v -0.46078885 0.38530529 -0.14692757
v -0.45450699 0.35816765 -0.15040724
v -0.44368583 0.38333046 -0.15570463
v -0.44177622 0.38757050 -0.19295117
v -0.43159837 0.36169887 -0.19038847
v -0.49336818 0.36766589 -0.21467859
v -0.47919872 0.36662805 -0.21697745
v -0.47617057 0.39338148 -0.21878973
v -0.46875739 0.36451495 -0.21241122
v -0.45023006 0.33830500 -0.20746109
v -0.43382707 0.33795583 -0.20387371
v -0.48856968 0.34325862 -0.21773069
v -0.47327042 0.34123969 -0.21403705
v -0.49241075 0.33871627 -0.19251244
v -0.49746490 0.34178996 -0.20678131
v -0.48520967 0.33326828 -0.16667876
v -0.49552628 0.36221194 -0.17729357
v -0.48946953 0.33584535 -0.17945910
v -0.47081375 0.33358943 -0.15586843
v -0.44879460 0.33049691 -0.14927164
v -0.41994151 0.33593512 -0.19073315
v -0.46197230 0.33726883 -0.21027391
v -0.34082091 0.19079745 -0.07719147
v -0.33475134 0.19132233 -0.08145091
v -0.33586508 0.19664025 -0.07972929
v -0.33974397 0.19591308 -0.07711369
v -0.30707896 0.19544911 -0.09773740
v -0.30089056 0.19516754 -0.10877150
v -0.29874307 0.20531023 -0.10253584
v -0.30303013 0.20462608 -0.09505415
v -0.31889570 0.19095516 -0.08617361
v -0.32509366 0.18956590 -0.08117950
v -0.32627708 0.18812203 -0.08561544
v -0.32240117 0.18919301 -0.08873680
v -0.37686196 0.19827700 -0.07989633
v -0.38245898 0.19868231 -0.07697985
v -0.38352197 0.19498396 -0.08127868
v -0.37923801 0.19494581 -0.08281749
v -0.35537186 0.19229734 -0.07867165
v -0.36144030 0.19168687 -0.07673869
v -0.36228213 0.18940973 -0.07994324
v -0.35864189 0.18879175 -0.08174232
v -0.32041654 0.21657729 -0.10381882
v -0.30997229 0.21041846 -0.09650126
v -0.30325842 0.21173024 -0.10846487
v -0.31162408 0.22157836 -0.11573696
v -0.30301970 0.20543504 -0.11842525
v -0.31122866 0.19951904 -0.11627194
v -0.32046723 0.20459366 -0.12596717
v -0.31274000 0.21375036 -0.12774992
v -0.31847918 0.19589901 -0.10580534
v -0.32780364 0.20060039 -0.11392504
v -0.32927394 0.20523930 -0.10310099
v -0.31902194 0.20004392 -0.09305780
v -0.33971101 0.20175409 -0.08874814
v -0.33346763 0.19403422 -0.08112773
v -0.32743049 0.20071268 -0.08217867
v -0.33465034 0.20922077 -0.08859649
v -0.32101339 0.20157421 -0.08758536
v -0.32557440 0.21123385 -0.09650522
v -0.32683825 0.20248270 -0.10365221
v -0.31805587 0.19644940 -0.09435606
v -0.32514787 0.19233084 -0.09524931
v -0.33317956 0.19775200 -0.10439283
v -0.33936220 0.19651544 -0.09764776
v -0.33215868 0.19028211 -0.08935589
v -0.35152867 0.20846379 -0.08205467
v -0.34407580 0.19958615 -0.07867026
v -0.33813587 0.20074749 -0.08333011
v -0.34270519 0.20948851 -0.08826227
v -0.33644083 0.19440448 -0.08907980
v -0.34191230 0.19090831 -0.08767787
v -0.34805024 0.19553900 -0.09505200
v -0.34209657 0.20017171 -0.09489945
v -0.35527056 0.19441617 -0.08884180
v -0.34773815 0.18946469 -0.08294481
v -0.35577708 0.20021927 -0.08148342
v -0.34875453 0.19371748 -0.07736433
v -0.37604406 0.20101309 -0.07969069
v -0.36816639 0.19509065 -0.07625547
v -0.36448812 0.20045900 -0.07596266
v -0.37197241 0.20878339 -0.07834780
v -0.35902044 0.20158529 -0.07854748
v -0.36372203 0.20875883 -0.08155921
v -0.35662445 0.19723237 -0.08333482
v -0.36105320 0.19093680 -0.08597827
v -0.36691177 0.19559896 -0.08943988
v -0.36095166 0.20224321 -0.08487085
v -0.36717209 0.19000471 -0.08256865
v -0.37488252 0.19527626 -0.08636826
v -0.39313275 0.21212459 -0.07928967
v -0.39699507 0.20633447 -0.08234105
v -0.38978431 0.20039320 -0.07947198
v -0.38682923 0.20529294 -0.07809973
v -0.38087785 0.20705569 -0.07865778
v -0.38504419 0.21197534 -0.08036846
v -0.37881511 0.20254290 -0.08376212
v -0.38240102 0.19649422 -0.08739045
v -0.38705647 0.19936025 -0.08983183
v -0.38334429 0.20554626 -0.08442366
v -0.38827431 0.19585896 -0.08410746
v -0.39413819 0.20050287 -0.08757338
v -0.32135439 0.23038661 -0.12343839
v -0.33211675 0.22205603 -0.10913596
v -0.30592769 0.19590759 -0.10920995
v -0.32340097 0.22028315 -0.13608587
v -0.31023145 0.19405305 -0.10354355
v -0.33874020 0.20451009 -0.11863023
v -0.33144745 0.21015513 -0.13437751
v -0.33250159 0.20775652 -0.10855892
v -0.32349393 0.19531679 -0.08054611
v -0.34514150 0.20476127 -0.09709617
v -0.35248974 0.20146155 -0.10564224
v -0.31961656 0.19590223 -0.08338848
v -0.34599015 0.21916723 -0.09653285
v -0.36517805 0.21617162 -0.09024009
v -0.33881259 0.18803704 -0.08344147
v -0.34213287 0.18728411 -0.08130735
v -0.36996081 0.19914770 -0.09700340
v -0.36248636 0.20476484 -0.08518907
v -0.36001864 0.19639075 -0.07476196
v -0.38319808 0.20660508 -0.08247653
v -0.38780779 0.20051324 -0.09315252
v -0.35720903 0.19668722 -0.07697228
v -0.38464439 0.21697545 -0.08564451
v -0.38199365 0.20251250 -0.07706264
v -0.40611809 0.21207476 -0.08807115
v -0.40230507 0.20415676 -0.09225613
v -0.37868655 0.20315182 -0.07750303
v -0.40043002 0.21910095 -0.08390841
v -0.43339348 0.38624096 -0.17953424
v -0.42436403 0.35927773 -0.17663498
v -0.43405771 0.38368487 -0.16582347
v -0.43654561 0.35523582 -0.15591349
v -0.42689100 0.35598755 -0.16413242
v -0.41327220 0.33291805 -0.17349903
v -0.42938846 0.32891631 -0.15374961
v -0.41774118 0.32956886 -0.16049118
v -0.48738995 0.31337607 -0.16987634
v -0.47419006 0.31011629 -0.15610060
v -0.49006385 0.31692803 -0.18445283
v -0.49861491 0.32474124 -0.21271868
v -0.49480480 0.32052672 -0.19775374
v -0.40307137 0.31023002 -0.17036410
v -0.41312000 0.31225395 -0.18932827
v -0.40727550 0.30742657 -0.15486042
v -0.42235643 0.30699790 -0.14649196
v -0.33089128 0.24102378 -0.13547443
v -0.34738085 0.24867058 -0.14913785
v -0.35267326 0.25493371 -0.13146582
v -0.34176940 0.23907804 -0.11946470
v -0.36899757 0.25212574 -0.11980650
v -0.35710895 0.23463356 -0.10881226
v -0.38675502 0.24847519 -0.11256194
v -0.37524080 0.23220217 -0.10106623
v -0.40420908 0.24485314 -0.10843454
v -0.39378250 0.23058748 -0.09617826
v -0.42034641 0.23871934 -0.10610373
v -0.40967825 0.22802913 -0.09310010
v -0.43093681 0.22867870 -0.10579689
v -0.41854179 0.21924472 -0.09412764
v -0.33382541 0.22747636 -0.14849529
v -0.35025775 0.23481333 -0.15965691
v -0.34412009 0.21524084 -0.14647889
v -0.36050612 0.22080803 -0.15867335
v -0.35617203 0.21211958 -0.13461255
v -0.37258771 0.21824419 -0.14754981
v -0.42800653 0.21618783 -0.11282417
v -0.41424936 0.20812440 -0.10146467
v -0.37162328 0.20977235 -0.12333536
v -0.38768342 0.21738982 -0.13643369
v -0.38781542 0.20733774 -0.11470395
v -0.40328273 0.21527803 -0.12780109
v -0.40246734 0.20638120 -0.10803618
v -0.41722795 0.21401429 -0.12051351
v -0.36829734 0.26966548 -0.14803512
v -0.38137975 0.27139318 -0.13212663
v -0.39957041 0.26783466 -0.12540618
v -0.41721570 0.26154745 -0.12277719
v -0.43345407 0.25113368 -0.12185939
v -0.44444466 0.23969245 -0.12085682
v -0.43686914 0.28126419 -0.13550082
v -0.45012999 0.26092052 -0.13967209
v -0.45854503 0.24729764 -0.13947985
v -0.46869290 0.26891088 -0.15618673
v -0.47328481 0.25442803 -0.15749198
v -0.49773496 0.27849412 -0.18649152
v -0.50317270 0.26367092 -0.18830764
v -0.48941129 0.26089978 -0.17356852
v -0.48521101 0.27501440 -0.17253038
v -0.46044540 0.28804970 -0.15316425
v -0.47861537 0.29301918 -0.16657068
v -0.49039736 0.29673278 -0.18033369
v -0.51183170 0.27013719 -0.21383178
v -0.51022750 0.26647270 -0.20088756
v -0.50522369 0.28154194 -0.19767901
v -0.50966996 0.28564024 -0.21001512
v -0.50627005 0.28900814 -0.22745880
v -0.50534743 0.27258372 -0.22993767
v -0.48824623 0.28746200 -0.23586434
v -0.48908255 0.27165282 -0.23965457
v -0.50174713 0.30358267 -0.20370445
v -0.49656016 0.29969716 -0.19235173
v -0.50122100 0.30708838 -0.21894932
v -0.48612022 0.30625129 -0.22658989
v -0.47079554 0.30209792 -0.21969780
v -0.47089040 0.28288376 -0.22926545
v -0.47094291 0.26822674 -0.23522797
v -0.36764783 0.25620413 -0.16313440
v -0.37259459 0.24419427 -0.16974208
v -0.41229850 0.28818405 -0.13580292
v -0.39428410 0.29027319 -0.14489076
v -0.38882136 0.28764856 -0.16655028
v -0.38861120 0.26647067 -0.17930865
v -0.39606947 0.25159717 -0.18201423
v -0.41691208 0.25696337 -0.19465363
v -0.40986955 0.27066982 -0.19506019
v -0.38110173 0.23297322 -0.16858870
v -0.40427530 0.24351561 -0.17901841
v -0.42401281 0.24965143 -0.19188666
v -0.43340093 0.26072443 -0.20818883
v -0.42913792 0.27435064 -0.20783964
v -0.44736594 0.26409400 -0.21797764
v -0.44512987 0.27821064 -0.21497440
v -0.45753533 0.28085780 -0.22123384
v -0.45825291 0.26623631 -0.22663850
v -0.44468182 0.29786444 -0.21038976
v -0.45711446 0.30026937 -0.21463081
v -0.42773139 0.29397607 -0.20377859
v -0.40790915 0.29103398 -0.19040489
v -0.44293535 0.22656727 -0.12713614
v -0.45761326 0.23586810 -0.14368409
v -0.47231707 0.24415755 -0.16133583
v -0.48766035 0.24959183 -0.17835322
v -0.49865189 0.25292444 -0.19405797
v -0.50402337 0.25566328 -0.20531946
v -0.49946719 0.26232421 -0.22865072
v -0.50547093 0.25932598 -0.21663249
v -0.48816168 0.26163495 -0.23502237
v -0.47382826 0.25793207 -0.23157105
v -0.46305037 0.25447679 -0.22506532
v -0.44000939 0.25200975 -0.20601833
v -0.45254833 0.25299215 -0.21676791
v -0.42880964 0.31491470 -0.20431629
v -0.44555429 0.31712055 -0.21066070
v -0.45813006 0.31669807 -0.21315382
v -0.48504919 0.32202089 -0.22109877
v -0.46982718 0.31913590 -0.21586266
v -0.39289075 0.22768164 -0.16082585
v -0.40704042 0.22664845 -0.15025353
v -0.42165309 0.22476029 -0.14173308
v -0.43384504 0.22373164 -0.13438261
v -0.45041475 0.23258388 -0.14994645
v -0.44017470 0.23340237 -0.15699145
v -0.42724639 0.23463702 -0.16572064
v -0.41405934 0.23832929 -0.17353171
v -0.46537420 0.23965442 -0.16740441
v -0.45603424 0.23965085 -0.17369232
v -0.44504285 0.24069977 -0.18179891
v -0.43304867 0.24358177 -0.18790373
v -0.44862005 0.24598193 -0.20273221
v -0.45969188 0.24405658 -0.19811538
v -0.46943757 0.24378574 -0.19099385
v -0.47903231 0.24502587 -0.18511119
v -0.48906651 0.24947155 -0.19899705
v -0.47935900 0.24811864 -0.20396081
v -0.46999156 0.24784029 -0.20988750
v -0.46098703 0.24831903 -0.21375138
v -0.49401039 0.25228977 -0.20832989
v -0.49394399 0.25685847 -0.22463062
v -0.49621218 0.25435734 -0.21644637
v -0.48713088 0.25574434 -0.22959107
v -0.47762135 0.25328016 -0.22642601
v -0.46943361 0.25058186 -0.22079775
v -0.47652200 0.25047886 -0.21647158
v -0.48185432 0.25265419 -0.22133324
v -0.48491794 0.25077534 -0.21126994
v -0.48838437 0.25310135 -0.21730313
v -0.48653445 0.25434709 -0.22440779
v -0.48972109 0.25447679 -0.22230566
v -0.44551638 0.30604684 -0.14832893
v -0.44602922 0.66834563 -0.15758514
v -0.44448918 0.67191625 -0.17386624
v -0.45344710 0.66908252 -0.14315705
v -0.47199619 1.04608965 -0.06435817
v -0.33929670 1.14239657 -0.06028338
v -0.31445622 1.16009116 -0.03878863
v -0.32800353 1.15105414 -0.05079317
v -0.47225982 1.02843642 -0.06181207
v -0.34363729 1.20610166 0.01071838
v -0.17919639 1.25307322 0.07669741
v -0.08046645 1.50133574 0.19451860
v -0.08103213 1.49831235 0.19201839
v -0.08303881 1.49605298 0.19014707
v -0.08523700 1.49371076 0.18896899
v -0.08825424 1.49249363 0.18731639
v -0.09140226 1.49366140 0.18480182
v -0.08582717 1.49718058 0.19162390
v -0.08805618 1.50081587 0.18900460
v -0.08680069 1.50265718 0.19009197
v -0.08437416 1.49929845 0.19270110
f 2 3 1
f 1 3 4
f 3 2 5
f 5 2 6
f 3 7 4
f 4 7 8
f 10 11 9
f 9 11 12
f 14 15 13
f 13 15 16
f 18 19 17
f 17 19 20
f 22 23 21
f 21 23 24
f 26 18 25
f 25 18 17
f 27 28 17
f 17 28 25
f 30 31 29
f 29 31 32
f 34 35 33
f 33 35 36
f 21 24 37
f 37 24 38
f 40 31 39
f 39 31 38
f 34 33 28
f 28 33 25
f 41 42 44
f 44 42 43
f 36 45 33
f 33 45 25
f 46 47 49
f 49 47 48
f 51 52 50
f 50 52 53
f 55 53 54
f 54 53 52
f 57 58 56
f 56 58 59
f 61 62 60
f 60 62 63
f 65 66 64
f 64 66 67
f 69 70 68
f 68 70 71
f 65 73 72
f 72 73 74
f 64 75 65
f 65 75 73
f 77 78 76
f 76 78 79
f 80 81 83
f 83 81 82
f 81 85 84
f 84 85 86
f 88 89 87
f 87 89 69
f 88 87 90
f 90 87 91
f 93 94 92
f 92 94 95
f 96 84 43
f 43 84 44
f 51 98 97
f 97 98 86
f 97 99 51
f 51 99 52
f 54 52 100
f 100 52 99
f 58 101 59
f 59 101 102
f 62 103 63
f 63 103 104
f 105 106 6
f 6 106 5
f 108 109 107
f 107 109 110
f 112 113 111
f 111 113 114
f 116 117 115
f 115 117 118
f 120 121 119
f 119 121 122
f 124 125 123
f 123 125 126
f 128 129 127
f 127 129 130
f 130 131 127
f 127 131 132
f 134 1 133
f 133 1 135
f 1 4 135
f 135 4 136
f 4 8 136
f 136 8 137
f 138 139 15
f 15 139 140
f 140 139 141
f 141 139 142
f 144 57 143
f 143 57 56
f 145 146 141
f 141 146 147
f 146 149 148
f 148 149 150
f 152 153 151
f 151 153 154
f 141 147 140
f 140 147 155
f 157 11 156
f 156 11 158
f 160 161 159
f 159 161 162
f 164 165 163
f 163 165 166
f 165 160 166
f 166 160 159
f 168 169 167
f 167 169 170
f 169 171 170
f 170 171 172
f 149 173 150
f 150 173 174
f 175 176 149
f 149 176 173
f 178 172 177
f 177 172 171
f 180 181 179
f 179 181 182
f 184 180 183
f 183 180 179
f 186 187 185
f 185 187 188
f 190 191 189
f 189 191 192
f 7 193 8
f 8 193 194
f 196 162 195
f 195 162 161
f 197 168 198
f 198 168 167
f 181 199 182
f 182 199 200
f 202 203 201
f 201 203 204
f 187 186 205
f 205 186 206
f 208 209 207
f 207 209 210
f 212 213 211
f 211 213 214
f 215 216 218
f 218 216 217
f 220 209 219
f 219 209 208
f 204 186 221
f 221 186 185
f 201 204 222
f 222 204 221
f 223 211 220
f 220 211 209
f 224 225 214
f 214 225 210
f 203 206 204
f 204 206 186
f 227 187 226
f 226 187 205
f 27 228 21
f 21 228 22
f 230 231 229
f 229 231 232
f 234 235 233
f 233 235 236
f 238 239 237
f 237 239 240
f 119 122 118
f 118 122 115
f 112 242 241
f 241 242 243
f 98 51 244
f 244 51 50
f 245 138 14
f 14 138 15
f 11 10 158
f 158 10 246
f 89 85 69
f 69 85 70
f 11 157 12
f 12 157 247
f 249 164 248
f 248 164 163
f 177 250 178
f 178 250 251
f 253 254 252
f 252 254 255
f 187 227 188
f 188 227 256
f 212 257 213
f 213 257 258
f 260 134 259
f 259 134 133
f 165 164 135
f 135 164 133
f 160 165 136
f 136 165 135
f 136 137 160
f 160 137 161
f 137 261 161
f 161 261 195
f 263 264 262
f 262 264 265
f 13 16 266
f 266 16 267
f 268 267 155
f 155 267 16
f 147 269 155
f 155 269 268
f 162 196 167
f 167 196 198
f 167 170 162
f 162 170 159
f 170 172 159
f 159 172 166
f 172 178 166
f 166 178 163
f 178 251 163
f 163 251 248
f 168 270 169
f 169 270 271
f 272 273 171
f 171 273 177
f 271 272 169
f 169 272 171
f 168 197 270
f 270 197 274
f 250 177 275
f 275 177 273
f 277 45 276
f 276 45 278
f 280 281 279
f 279 281 282
f 284 104 283
f 283 104 103
f 285 215 286
f 286 215 218
f 288 289 287
f 287 289 290
f 291 80 66
f 66 80 83
f 293 294 292
f 292 294 295
f 73 91 74
f 74 91 87
f 91 73 92
f 92 73 75
f 279 77 280
f 280 77 76
f 80 291 70
f 70 291 71
f 277 47 96
f 96 47 82
f 297 175 296
f 296 175 149
f 299 154 298
f 298 154 153
f 225 300 210
f 210 300 207
f 224 301 206
f 206 301 205
f 210 209 214
f 214 209 211
f 226 205 302
f 302 205 301
f 304 305 303
f 303 305 306
f 308 309 307
f 307 309 310
f 72 291 65
f 65 291 66
f 66 83 67
f 67 83 46
f 312 313 311
f 311 313 314
f 316 317 315
f 315 317 36
f 29 318 35
f 35 318 319
f 321 32 320
f 320 32 322
f 311 314 323
f 323 314 324
f 315 325 316
f 316 325 326
f 318 287 319
f 319 287 290
f 328 321 327
f 327 321 320
f 329 330 39
f 39 330 331
f 332 333 40
f 40 333 322
f 309 334 285
f 285 334 335
f 236 2 134
f 134 2 1
f 260 336 233
f 233 336 337
f 237 14 265
f 265 14 13
f 84 86 44
f 44 86 98
f 189 192 7
f 7 192 193
f 44 98 41
f 41 98 244
f 237 240 14
f 14 240 245
f 7 3 189
f 189 3 5
f 338 71 72
f 72 71 291
f 262 265 266
f 266 265 13
f 124 123 339
f 339 123 105
f 123 109 105
f 105 109 106
f 189 5 190
f 190 5 106
f 111 114 12
f 12 114 9
f 264 340 265
f 265 340 237
f 342 343 341
f 341 343 344
f 6 235 105
f 105 235 339
f 234 346 345
f 345 346 347
f 349 350 348
f 348 350 351
f 107 352 108
f 108 352 353
f 355 356 354
f 354 356 357
f 237 340 238
f 238 340 358
f 12 247 111
f 111 247 359
f 264 263 116
f 116 263 360
f 361 362 222
f 222 362 201
f 364 365 363
f 363 365 366
f 368 369 367
f 367 369 370
f 372 373 371
f 371 373 374
f 375 376 372
f 372 376 377
f 378 379 381
f 381 379 380
f 382 383 269
f 269 383 268
f 150 174 365
f 365 174 384
f 380 377 381
f 381 377 376
f 271 270 180
f 180 270 181
f 273 272 252
f 252 272 184
f 272 271 184
f 184 271 180
f 181 270 274
f 252 255 273
f 273 255 275
f 254 385 255
f 255 385 386
f 387 388 179
f 179 388 183
f 389 387 182
f 182 387 179
f 182 200 389
f 389 200 390
f 388 391 183
f 183 391 253
f 391 392 253
f 253 392 254
f 394 379 393
f 393 379 378
f 185 188 395
f 395 188 396
f 221 185 397
f 397 185 395
f 222 221 398
f 398 221 397
f 188 256 396
f 396 256 399
f 400 401 256
f 256 401 399
f 402 403 405
f 405 403 404
f 148 150 364
f 364 150 365
f 393 406 394
f 394 406 407
f 158 246 393
f 393 246 406
f 342 19 238
f 238 19 239
f 23 22 350
f 350 22 354
f 244 50 245
f 245 50 138
f 55 142 53
f 53 142 139
f 145 144 296
f 296 144 143
f 355 228 341
f 341 228 20
f 41 240 42
f 42 240 239
f 283 308 284
f 284 308 307
f 349 409 408
f 408 409 410
f 244 245 41
f 41 245 240
f 268 383 406
f 406 383 407
f 346 411 349
f 349 411 409
f 251 412 248
f 248 412 413
f 275 414 250
f 250 414 415
f 25 45 26
f 26 45 277
f 43 26 96
f 96 26 277
f 416 417 61
f 61 417 62
f 329 24 408
f 408 24 23
f 31 40 32
f 32 40 322
f 39 38 329
f 329 38 24
f 37 38 30
f 30 38 31
f 418 419 421
f 421 419 420
f 78 295 79
f 79 295 294
f 124 339 422
f 422 339 345
f 232 131 357
f 357 131 351
f 2 236 6
f 6 236 235
f 252 184 253
f 253 184 183
f 227 423 256
f 256 423 400
f 423 227 305
f 305 227 226
f 424 258 425
f 425 258 257
f 426 427 212
f 212 427 257
f 259 133 249
f 249 133 164
f 419 418 428
f 428 418 429
f 327 430 328
f 328 430 288
f 49 431 46
f 46 431 67
f 306 302 424
f 424 302 258
f 313 432 314
f 314 432 433
f 32 321 29
f 29 321 318
f 324 314 433
f 287 318 328
f 328 318 321
f 134 260 236
f 236 260 233
f 345 339 234
f 234 339 235
f 357 351 354
f 354 351 350
f 408 23 349
f 349 23 350
f 317 278 36
f 36 278 45
f 432 313 429
f 429 313 428
f 435 428 434
f 434 428 313
f 42 239 18
f 18 239 19
f 43 42 26
f 26 42 18
f 121 120 436
f 436 120 437
f 302 301 258
f 258 301 213
f 110 109 126
f 126 109 123
f 238 358 342
f 342 358 343
f 341 20 342
f 342 20 19
f 322 438 320
f 320 438 439
f 320 439 327
f 327 439 430
f 333 440 322
f 322 440 438
f 289 288 323
f 323 288 430
f 115 340 116
f 116 340 264
f 146 145 149
f 149 145 296
f 15 140 16
f 16 140 155
f 441 442 152
f 152 442 153
f 225 224 203
f 203 224 206
f 175 297 154
f 154 297 151
f 293 443 294
f 294 443 444
f 248 413 249
f 249 413 445
f 446 447 400
f 400 447 401
f 388 387 396
f 396 387 395
f 387 389 395
f 395 389 397
f 391 388 399
f 399 388 396
f 401 392 399
f 399 392 391
f 255 386 275
f 275 386 414
f 449 450 448
f 448 450 451
f 335 452 285
f 285 452 215
f 453 298 442
f 442 298 153
f 211 223 212
f 212 223 426
f 425 257 454
f 454 257 427
f 266 10 262
f 262 10 9
f 360 113 456
f 456 113 455
f 8 194 137
f 137 194 261
f 10 266 246
f 246 266 267
f 203 202 225
f 225 202 300
f 262 9 263
f 263 9 114
f 108 353 190
f 190 353 191
f 389 390 397
f 397 390 398
f 457 422 128
f 128 422 129
f 156 158 378
f 378 158 393
f 347 346 348
f 348 346 349
f 447 458 401
f 401 458 392
f 364 382 148
f 148 382 269
f 55 54 57
f 57 54 58
f 75 64 459
f 459 64 460
f 100 90 101
f 101 90 95
f 101 58 100
f 100 58 54
f 142 55 144
f 144 55 57
f 147 146 269
f 269 146 148
f 459 93 75
f 75 93 92
f 144 145 142
f 142 145 141
f 228 27 20
f 20 27 17
f 154 299 175
f 175 299 176
f 214 213 224
f 224 213 301
f 424 461 306
f 306 461 303
f 285 286 309
f 309 286 310
f 462 334 308
f 308 334 309
f 302 306 226
f 226 306 305
f 37 28 21
f 21 28 27
f 29 35 30
f 30 35 34
f 30 34 37
f 37 34 28
f 344 436 356
f 356 436 229
f 325 290 326
f 326 290 289
f 311 439 312
f 312 439 438
f 35 319 36
f 36 319 315
f 439 311 430
f 430 311 323
f 315 319 325
f 325 319 290
f 440 463 438
f 438 463 312
f 341 344 355
f 355 344 356
f 360 456 116
f 116 456 117
f 354 22 355
f 355 22 228
f 326 289 324
f 324 289 323
f 74 87 68
f 68 87 69
f 50 53 138
f 138 53 139
f 268 406 267
f 267 406 246
f 190 106 108
f 108 106 109
f 241 455 112
f 112 455 113
f 358 122 343
f 343 122 121
f 129 347 130
f 130 347 348
f 348 351 130
f 130 351 131
f 229 232 356
f 356 232 357
f 340 115 358
f 358 115 122
f 111 359 112
f 112 359 242
f 125 124 457
f 457 124 422
f 231 132 232
f 232 132 131
f 343 121 344
f 344 121 436
f 263 114 360
f 360 114 113
f 347 129 345
f 345 129 422
f 230 229 437
f 437 229 436
f 464 446 423
f 423 446 400
f 465 466 468
f 468 466 467
f 470 471 469
f 469 471 472
f 469 472 373
f 373 472 374
f 474 469 473
f 473 469 373
f 471 475 472
f 472 475 476
f 472 477 374
f 374 477 478
f 477 472 476
f 479 480 476
f 476 480 477
f 473 373 377
f 377 373 372
f 481 482 479
f 479 482 480
f 483 484 481
f 481 484 482
f 403 402 485
f 485 402 486
f 487 488 483
f 483 488 484
f 487 489 488
f 488 489 490
f 489 491 490
f 490 491 492
f 491 493 492
f 492 493 494
f 493 495 494
f 494 495 496
f 497 498 481
f 481 498 483
f 484 499 482
f 482 499 367
f 370 480 367
f 367 480 482
f 480 370 477
f 477 370 478
f 500 497 479
f 479 497 481
f 451 473 380
f 380 473 377
f 448 451 379
f 379 451 380
f 501 502 504
f 504 502 503
f 449 505 507
f 507 505 506
f 486 508 505
f 505 508 506
f 508 509 506
f 506 509 510
f 511 507 510
f 510 507 506
f 509 508 512
f 512 508 513
f 515 509 514
f 514 509 512
f 509 515 510
f 510 515 516
f 510 516 511
f 511 516 517
f 486 505 485
f 485 505 518
f 505 449 518
f 518 449 448
f 383 382 403
f 403 382 404
f 363 404 364
f 364 404 382
f 403 485 383
f 383 485 407
f 519 520 361
f 361 520 362
f 522 496 521
f 521 496 495
f 450 474 451
f 451 474 473
f 363 366 523
f 523 366 524
f 525 499 488
f 488 499 484
f 488 490 525
f 525 490 526
f 496 522 520
f 520 522 527
f 494 496 519
f 519 496 520
f 492 494 528
f 528 494 519
f 529 530 495
f 495 530 521
f 490 492 526
f 526 492 528
f 529 495 531
f 531 495 493
f 533 534 532
f 532 534 535
f 523 524 533
f 533 524 534
f 486 402 532
f 532 402 533
f 529 536 530
f 530 536 537
f 536 538 537
f 537 538 539
f 540 541 539
f 539 541 537
f 530 537 535
f 535 537 541
f 542 539 543
f 543 539 538
f 539 542 540
f 540 542 544
f 541 540 513
f 513 540 512
f 540 544 512
f 512 544 514
f 546 547 545
f 545 547 548
f 549 550 531
f 531 550 551
f 550 549 552
f 552 549 553
f 546 550 554
f 554 550 552
f 547 546 555
f 555 546 554
f 498 556 558
f 558 556 557
f 559 557 560
f 560 557 556
f 561 562 560
f 560 562 559
f 557 559 552
f 552 559 554
f 559 562 554
f 554 562 555
f 558 557 553
f 553 557 552
f 475 471 563
f 563 471 564
f 565 563 567
f 567 563 566
f 471 470 564
f 564 470 466
f 564 466 568
f 568 466 465
f 568 465 569
f 569 465 570
f 572 573 571
f 571 573 574
f 569 575 567
f 567 575 576
f 577 565 576
f 576 565 567
f 578 579 581
f 581 579 580
f 575 561 576
f 576 561 560
f 556 577 560
f 560 577 576
f 577 556 497
f 497 556 498
f 565 577 500
f 500 577 497
f 563 565 475
f 475 565 500
f 553 489 558
f 558 489 487
f 531 493 549
f 549 493 491
f 489 553 491
f 491 553 549
f 394 407 518
f 518 407 485
f 518 448 394
f 394 448 379
f 545 548 538
f 538 548 543
f 551 545 536
f 536 545 538
f 536 529 551
f 551 529 531
f 507 582 449
f 449 582 450
f 511 583 507
f 507 583 582
f 511 517 583
f 583 517 584
f 585 586 588
f 588 586 587
f 590 591 589
f 589 591 592
f 591 590 593
f 593 590 594
f 596 597 595
f 595 597 598
f 599 600 602
f 602 600 601
f 604 605 603
f 603 605 606
f 608 609 607
f 607 609 610
f 612 613 611
f 611 613 614
f 615 616 618
f 618 616 617
f 620 621 619
f 619 621 622
f 624 625 623
f 623 625 626
f 628 629 627
f 627 629 630
f 632 633 631
f 631 633 634
f 635 636 638
f 638 636 637
f 639 640 642
f 642 640 641
f 644 645 643
f 643 645 646
f 619 622 647
f 647 622 648
f 650 651 649
f 649 651 652
f 601 653 602
f 602 653 654
f 656 657 655
f 655 657 658
f 660 661 659
f 659 661 662
f 664 665 663
f 663 665 666
f 593 594 667
f 667 594 668
f 669 670 672
f 672 670 671
f 673 674 676
f 676 674 675
f 633 632 677
f 677 632 678
f 663 666 679
f 679 666 680
f 681 682 684
f 684 682 683
f 686 687 685
f 685 687 688
f 690 661 689
f 689 661 691
f 693 686 692
f 692 686 685
f 695 597 694
f 694 597 668
f 594 696 668
f 668 696 694
f 697 698 696
f 696 698 699
f 700 701 697
f 697 701 698
f 702 585 703
f 703 585 588
f 671 690 672
f 672 690 689
f 640 639 704
f 704 639 705
f 679 706 663
f 663 706 658
f 708 709 707
f 707 709 710
f 711 712 610
f 610 712 607
f 713 714 716
f 716 714 715
f 717 718 720
f 720 718 719
f 722 634 721
f 721 634 633
f 724 725 723
f 723 725 726
f 728 729 727
f 727 729 730
f 732 733 731
f 731 733 734
f 707 710 735
f 735 710 736
f 643 737 644
f 644 737 738
f 740 741 739
f 739 741 742
f 608 744 743
f 743 744 745
f 747 748 746
f 746 748 749
f 751 752 750
f 750 752 753
f 754 755 757
f 757 755 756
f 758 759 761
f 761 759 760
f 763 764 762
f 762 764 765
f 767 768 766
f 766 768 769
f 771 772 770
f 770 772 773
f 775 776 774
f 774 776 777
f 779 780 778
f 778 780 781
f 783 712 782
f 782 712 784
f 785 786 788
f 788 786 787
f 790 628 789
f 789 628 627
f 792 793 791
f 791 793 794
f 795 796 726
f 726 796 723
f 798 799 797
f 797 799 800
f 721 633 801
f 801 633 677
f 797 800 802
f 802 800 803
f 805 806 804
f 804 806 807
f 809 810 808
f 808 810 811
f 813 814 812
f 812 814 815
f 809 808 817
f 817 808 816
f 818 819 804
f 804 819 805
f 820 821 818
f 818 821 819
f 821 820 587
f 587 820 822
f 809 823 810
f 810 823 824
f 814 807 815
f 815 807 806
f 826 426 825
f 825 426 223
f 426 826 427
f 427 826 827
f 828 829 454
f 454 829 830
f 831 832 677
f 677 832 801
f 834 835 833
f 833 835 836
f 838 839 837
f 837 839 840
f 841 842 844
f 844 842 843
f 845 846 803
f 803 846 802
f 847 831 678
f 678 831 677
f 848 849 851
f 851 849 850
f 853 854 852
f 852 854 855
f 857 858 856
f 856 858 680
f 860 861 859
f 859 861 862
f 864 865 863
f 863 865 866
f 868 869 867
f 867 869 870
f 839 871 840
f 840 871 872
f 849 848 874
f 874 848 873
f 876 877 875
f 875 877 878
f 880 881 879
f 879 881 882
f 883 884 886
f 886 884 885
f 846 887 802
f 802 887 888
f 890 891 889
f 889 891 888
f 893 894 892
f 892 894 895
f 896 897 728
f 728 897 729
f 899 900 898
f 898 900 901
f 902 852 904
f 904 852 903
f 849 905 850
f 850 905 906
f 875 878 907
f 907 878 908
f 910 911 909
f 909 911 912
f 914 915 913
f 913 915 916
f 917 918 862
f 862 918 859
f 919 920 856
f 856 920 921
f 923 924 922
f 922 924 925
f 926 927 925
f 925 927 922
f 929 930 928
f 928 930 693
f 932 695 931
f 931 695 694
f 823 867 824
f 824 867 933
f 935 936 934
f 934 936 937
f 938 868 823
f 823 868 867
f 940 847 939
f 939 847 678
f 632 655 678
f 678 655 939
f 941 942 619
f 619 942 620
f 687 943 688
f 688 943 944
f 851 850 945
f 945 850 903
f 850 906 903
f 903 906 904
f 946 947 949
f 949 947 948
f 951 952 950
f 950 952 953
f 955 956 954
f 954 956 957
f 907 958 875
f 875 958 874
f 960 961 959
f 959 961 962
f 963 853 902
f 902 853 852
f 909 964 910
f 910 964 965
f 967 968 966
f 966 968 969
f 971 972 970
f 970 972 973
f 974 960 975
f 975 960 959
f 977 978 976
f 976 978 979
f 981 977 980
f 980 977 976
f 980 982 981
f 981 982 983
f 985 983 984
f 984 983 982
f 984 986 985
f 985 986 987
f 989 990 988
f 988 990 991
f 993 994 992
f 992 994 995
f 997 998 996
f 996 998 999
f 1001 1002 1000
f 1000 1002 1003
f 1005 1006 1004
f 1004 1006 1007
f 1004 1008 1005
f 1005 1008 1009
f 1008 1010 1009
f 1009 1010 1011
f 1013 1011 1012
f 1012 1011 1010
f 1014 1015 1017
f 1017 1015 1016
f 1019 1020 1018
f 1018 1020 1021
f 1022 1023 976
f 976 1023 980
f 1024 1025 982
f 982 1025 984
f 992 995 1026
f 1026 995 1027
f 956 955 1028
f 1028 955 1029
f 1030 1031 1033
f 1033 1031 1032
f 1010 1008 1034
f 1034 1008 1035
f 1008 1004 1035
f 1035 1004 1036
f 1037 1038 1002
f 1002 1038 1007
f 1002 1001 1037
f 1037 1001 1039
f 1040 1041 997
f 997 1041 998
f 1015 1014 1043
f 1043 1014 1042
f 1044 1045 1047
f 1047 1045 1046
f 1044 1020 1048
f 1048 1020 1049
f 1050 1051 1003
f 1003 1051 1000
f 1052 1050 1006
f 1006 1050 1003
f 1053 1054 1011
f 1011 1054 1009
f 1013 1045 1055
f 1055 1045 1056
f 1058 1059 1057
f 1057 1059 1060
f 1062 1063 1061
f 1061 1063 1064
f 1065 1066 1050
f 1050 1066 1051
f 1067 1065 1052
f 1052 1065 1050
f 1068 1069 1054
f 1054 1069 1070
f 1071 1068 1053
f 1053 1068 1054
f 1073 1071 1072
f 1072 1071 1074
f 1074 1071 1055
f 1055 1071 1053
f 1076 1077 1075
f 1075 1077 1078
f 1079 1080 1057
f 1057 1080 1058
f 1081 1082 1064
f 1064 1082 1061
f 1084 1085 1083
f 1083 1085 1086
f 1088 1089 1087
f 1087 1089 1090
f 1092 1093 1091
f 1091 1093 1094
f 1096 1097 1095
f 1095 1097 1098
f 1099 1100 1102
f 1102 1100 1101
f 1103 1104 1099
f 1099 1104 1100
f 1106 1107 1105
f 1105 1107 1108
f 1110 1111 1109
f 1109 1111 1112
f 1114 1115 1113
f 1113 1115 1116
f 1118 1119 1117
f 1117 1119 1077
f 1117 1120 1122
f 1122 1120 1121
f 1105 1123 1106
f 1106 1123 1124
f 1125 1126 1128
f 1128 1126 1127
f 1130 1131 1129
f 1129 1131 1132
f 1134 1135 1133
f 1133 1135 1114
f 1113 1136 1114
f 1114 1136 1133
f 1118 1137 1113
f 1113 1137 1136
f 1118 1117 1137
f 1137 1117 1122
f 1139 1140 1138
f 1138 1140 1141
f 1143 953 1142
f 1142 953 952
f 1145 957 1144
f 1144 957 956
f 1028 1146 956
f 956 1146 1144
f 1014 1147 1042
f 1042 1147 1148
f 1014 1017 1147
f 1147 1017 1149
f 1059 1058 1150
f 1150 1058 1151
f 1153 1080 1152
f 1152 1080 1154
f 1156 1088 1155
f 1155 1088 1087
f 1157 1158 1106
f 1106 1158 1107
f 1106 1124 1157
f 1157 1124 1159
f 1161 1162 1160
f 1160 1162 1163
f 1165 1166 1164
f 1164 1166 1167
f 1168 1031 1012
f 1012 1031 1046
f 1024 1023 1035
f 1035 1023 1034
f 1036 1038 1025
f 1025 1038 1169
f 1170 1171 1039
f 1039 1171 1037
f 1028 1029 1042
f 1042 1029 1043
f 1172 1173 1175
f 1175 1173 1174
f 1055 1053 1013
f 1013 1053 1011
f 1005 1009 1070
f 1070 1009 1054
f 996 999 1062
f 1062 999 1063
f 1016 1060 1017
f 1017 1060 1059
f 1017 1059 1149
f 1149 1059 1150
f 1177 1178 1176
f 1176 1178 1103
f 1176 1072 1179
f 1179 1072 1074
f 1073 1102 1086
f 1086 1102 1083
f 1180 1181 1067
f 1067 1181 1065
f 1182 1183 1184
f 1184 1183 1181
f 1186 1187 1185
f 1185 1187 1188
f 1189 1190 798
f 798 1190 799
f 1192 1193 1191
f 1191 1193 1194
f 1195 1196 1194
f 1194 1196 1191
f 1196 1195 1198
f 1198 1195 1197
f 1200 674 1199
f 1199 674 673
f 928 1201 1203
f 1203 1201 1202
f 861 1204 862
f 862 1204 921
f 1205 1206 913
f 913 1206 1207
f 882 1208 879
f 879 1208 1209
f 1210 1211 1167
f 1167 1211 1164
f 1212 769 1213
f 1213 769 768
f 727 1214 728
f 728 1214 1215
f 1217 1218 1216
f 1216 1218 1219
f 1220 813 1221
f 1221 813 812
f 827 828 427
f 427 828 454
f 1223 1224 1222
f 1222 1224 1165
f 1226 1227 1225
f 1225 1227 1228
f 851 1229 848
f 848 1229 1230
f 834 854 835
f 835 854 1231
f 1233 1234 1232
f 1232 1234 1235
f 1237 751 1236
f 1236 751 750
f 743 819 1238
f 1238 819 821
f 1240 1241 1239
f 1239 1241 1242
f 1244 1245 1243
f 1243 1245 1246
f 844 1247 841
f 841 1247 1248
f 1250 1251 1249
f 1249 1251 1252
f 1254 893 1253
f 1253 893 1237
f 1255 1256 1258
f 1258 1256 1257
f 1260 1261 1259
f 1259 1261 1262
f 945 903 855
f 855 903 852
f 855 1263 945
f 945 1263 1264
f 832 845 801
f 801 845 803
f 800 721 803
f 803 721 801
f 721 800 722
f 722 800 799
f 1266 1267 1265
f 1265 1267 1268
f 1270 795 1269
f 1269 795 726
f 725 1271 726
f 726 1271 1269
f 737 765 738
f 738 765 764
f 759 740 760
f 760 740 739
f 717 1272 1274
f 1274 1272 1273
f 1163 1226 1275
f 1275 1226 1225
f 1277 882 1276
f 1276 882 881
f 1041 1040 1027
f 1027 1040 1026
f 900 935 901
f 901 935 934
f 1164 1278 1165
f 1165 1278 1222
f 1211 1279 1164
f 1164 1279 1278
f 442 1280 453
f 453 1280 1281
f 788 1282 785
f 785 1282 1283
f 1285 1286 1284
f 1284 1286 1287
f 1284 1288 1285
f 1285 1288 1289
f 757 1289 754
f 754 1289 1288
f 605 604 675
f 675 604 676
f 1290 1291 1293
f 1293 1291 1292
f 1295 1296 1294
f 1294 1296 1297
f 696 699 694
f 694 699 931
f 1298 1299 592
f 592 1299 589
f 1299 1300 589
f 589 1300 700
f 1300 1301 700
f 700 1301 701
f 743 745 819
f 819 745 805
f 1303 1304 1302
f 1302 1304 1305
f 1306 1307 1305
f 1305 1307 1302
f 609 1298 610
f 610 1298 592
f 587 822 588
f 588 822 1308
f 703 588 1309
f 1309 588 1308
f 1310 703 571
f 571 703 1309
f 1311 1312 789
f 789 1312 790
f 825 223 1313
f 1313 223 220
f 219 1314 220
f 220 1314 1313
f 1315 1316 1311
f 1311 1316 1312
f 1317 1318 1319
f 1319 1318 1241
f 441 1320 442
f 442 1320 1280
f 1321 217 572
f 572 217 216
f 1323 1230 1322
f 1322 1230 1229
f 1324 1325 631
f 631 1325 656
f 1034 1168 1010
f 1010 1168 1012
f 1327 1328 1326
f 1326 1328 1329
f 1331 1202 1330
f 1330 1202 1201
f 571 1309 572
f 572 1309 1321
f 573 572 1332
f 1332 572 216
f 1334 1335 1333
f 1333 1335 1336
f 1337 1338 918
f 918 1338 859
f 1339 863 1340
f 1340 863 866
f 1341 1342 1344
f 1344 1342 1343
f 1345 1346 919
f 919 1346 920
f 1347 1348 673
f 673 1348 1199
f 693 1349 928
f 928 1349 1201
f 1351 1257 1350
f 1350 1257 1256
f 1350 1352 1351
f 1351 1352 1353
f 653 930 654
f 654 930 662
f 1279 1354 1278
f 1278 1354 1355
f 1357 1358 1356
f 1356 1358 1359
f 937 1360 1140
f 1140 1360 1361
f 1225 1228 909
f 909 1228 964
f 901 934 1362
f 1362 934 1139
f 1364 1365 1363
f 1363 1365 1362
f 1367 912 1366
f 1366 912 911
f 1143 1142 1368
f 1368 1142 1369
f 1144 1186 1145
f 1145 1186 1185
f 1146 1175 1144
f 1144 1175 1186
f 1175 1146 1172
f 1172 1146 1148
f 1147 1018 1148
f 1148 1018 1172
f 1018 1147 1019
f 1019 1147 1149
f 1149 1150 1019
f 1019 1150 1370
f 1150 1151 1370
f 1370 1151 1371
f 1151 1153 1371
f 1371 1153 1177
f 1152 1156 1178
f 1178 1156 1372
f 1155 1158 1373
f 1373 1158 1374
f 1157 1159 1376
f 1376 1159 1375
f 1378 1379 1377
f 1377 1379 1380
f 1382 1383 1381
f 1381 1383 1384
f 1382 1386 1385
f 1385 1386 1387
f 1386 1233 1387
f 1387 1233 1232
f 1389 1390 1388
f 1388 1390 1391
f 1393 1394 1392
f 1392 1394 1395
f 1397 1398 1396
f 1396 1398 1399
f 629 1397 630
f 630 1397 1396
f 1342 1400 1343
f 1343 1400 1401
f 1403 1404 1402
f 1402 1404 1405
f 1407 1408 1406
f 1406 1408 1409
f 1411 1412 1410
f 1410 1412 1413
f 793 1414 794
f 794 1414 1415
f 1417 1341 1416
f 1416 1341 1344
f 704 705 1347
f 1347 705 1418
f 741 1419 742
f 742 1419 1420
f 1422 669 1421
f 1421 669 672
f 645 1423 646
f 646 1423 1424
f 1196 1198 614
f 614 1198 611
f 613 1425 614
f 614 1425 1426
f 1427 616 659
f 659 616 660
f 614 1426 1196
f 1196 1426 1191
f 696 594 697
f 697 594 590
f 697 590 700
f 700 590 589
f 703 1310 702
f 702 1310 1428
f 1421 672 1192
f 1192 672 689
f 1271 648 1269
f 1269 648 622
f 621 1270 622
f 622 1270 1269
f 1429 1430 1417
f 1417 1430 1341
f 1431 1432 1434
f 1434 1432 1433
f 1436 1437 1435
f 1435 1437 1438
f 1440 1441 1439
f 1439 1441 1442
f 1443 1444 1446
f 1446 1444 1445
f 823 809 938
f 938 809 817
f 810 1447 811
f 811 1447 1448
f 1449 1450 679
f 679 1450 706
f 913 916 1205
f 1205 916 1451
f 1275 1225 912
f 912 1225 909
f 1452 1453 880
f 880 1453 881
f 1444 1401 1445
f 1445 1401 1400
f 936 1454 937
f 937 1454 1360
f 824 1455 810
f 810 1455 1447
f 631 656 632
f 632 656 655
f 966 1456 967
f 967 1456 1457
f 1459 1460 1458
f 1458 1460 1461
f 1460 1462 1461
f 1461 1462 1463
f 972 974 973
f 973 974 975
f 990 995 991
f 991 995 994
f 1464 1187 1033
f 1033 1187 1174
f 1018 1021 1172
f 1172 1021 1173
f 1000 999 1001
f 1001 999 998
f 976 979 1022
f 1022 979 1032
f 1023 1024 980
f 980 1024 982
f 989 986 1171
f 1171 986 1169
f 1171 1170 989
f 989 1170 990
f 1170 1027 990
f 990 1027 995
f 1041 1039 998
f 998 1039 1001
f 1051 1063 1000
f 1000 1063 999
f 1066 1064 1051
f 1051 1064 1063
f 1183 1081 1066
f 1066 1081 1064
f 1178 1372 1103
f 1103 1372 1104
f 1092 1091 1465
f 1465 1091 1182
f 1467 1465 1466
f 1466 1465 1468
f 1469 1470 1184
f 1184 1470 1468
f 1095 1098 1471
f 1471 1098 1101
f 1076 1374 1120
f 1120 1374 1376
f 1110 1472 1127
f 1127 1472 1132
f 1472 1473 1132
f 1132 1473 1129
f 1474 1475 1466
f 1466 1475 1473
f 1119 1118 1116
f 1116 1118 1113
f 1375 1121 1376
f 1376 1121 1120
f 1127 1132 1128
f 1128 1132 1131
f 1227 1476 1228
f 1228 1476 1361
f 1365 1477 1362
f 1362 1477 872
f 1478 1479 1323
f 1323 1479 1230
f 1480 1481 914
f 914 1481 915
f 913 1277 914
f 914 1277 1276
f 1168 1034 1022
f 1022 1034 1023
f 1035 1036 1024
f 1024 1036 1025
f 1039 1041 1170
f 1170 1041 1027
f 1042 1148 1028
f 1028 1148 1146
f 968 1459 969
f 969 1459 1458
f 1482 1483 664
f 664 1483 665
f 1485 1486 1484
f 1484 1486 1487
f 1489 1490 1488
f 1488 1490 1491
f 1492 1493 722
f 722 1493 634
f 1495 1496 1494
f 1494 1496 1497
f 1498 1207 1339
f 1339 1207 863
f 1224 1499 1165
f 1165 1499 1166
f 1160 1163 1500
f 1500 1163 1275
f 1500 877 1160
f 1160 877 1501
f 876 873 1502
f 1502 873 1479
f 945 1264 851
f 851 1264 1229
f 835 1231 839
f 839 1231 871
f 1503 1283 778
f 778 1283 1282
f 716 715 1505
f 1505 715 1504
f 1446 1445 1507
f 1507 1445 1506
f 779 792 1381
f 1381 792 791
f 1430 1409 1341
f 1341 1409 1342
f 1411 1429 1508
f 1508 1429 1417
f 635 1510 1509
f 1509 1510 1511
f 1377 1380 1315
f 1315 1380 1316
f 1445 1400 1506
f 1506 1400 1408
f 918 917 1336
f 1336 917 1333
f 1513 1514 1512
f 1512 1514 870
f 1515 1516 1363
f 1363 1516 1364
f 1453 1517 881
f 881 1517 1276
f 992 1518 993
f 993 1518 1519
f 1520 1029 1518
f 1518 1029 955
f 1520 1026 1521
f 1521 1026 1040
f 1522 1015 1521
f 1521 1015 1043
f 996 1523 997
f 997 1523 1522
f 1060 1016 1524
f 1524 1016 1523
f 1061 1525 1062
f 1062 1525 1524
f 1079 1527 1526
f 1526 1527 1528
f 1093 1529 1094
f 1094 1529 1528
f 1111 1530 1112
f 1112 1530 1531
f 1532 1533 1105
f 1105 1533 1123
f 934 937 1139
f 1139 937 1140
f 1138 1363 1139
f 1139 1363 1362
f 1534 1222 1355
f 1355 1222 1278
f 1535 1223 1534
f 1534 1223 1222
f 821 587 1238
f 1238 587 586
f 1319 711 1317
f 1317 711 1536
f 1538 1200 1537
f 1537 1200 1199
f 1508 1417 1539
f 1539 1417 1416
f 1540 1541 840
f 840 1541 837
f 1231 898 871
f 871 898 901
f 1500 1275 1367
f 1367 1275 912
f 1543 1379 1542
f 1542 1379 1395
f 1539 772 1508
f 1508 772 1544
f 1546 1403 1545
f 1545 1403 1402
f 1548 1549 1547
f 1547 1549 1550
f 1552 1548 1551
f 1551 1548 1547
f 1554 1555 1553
f 1553 1555 1556
f 1558 1559 1557
f 1557 1559 1560
f 1562 1563 1561
f 1561 1563 1564
f 1566 1567 1565
f 1565 1567 1568
f 1570 1571 1569
f 1569 1571 1572
f 1574 1575 1573
f 1573 1575 1576
f 1577 1578 1572
f 1572 1578 1569
f 1580 1581 1579
f 1579 1581 1582
f 1584 1585 1583
f 1583 1585 1586
f 1588 1555 1587
f 1587 1555 1589
f 1591 1592 1590
f 1590 1592 1593
f 1595 1596 1594
f 1594 1596 1597
f 1596 1581 1597
f 1597 1581 1576
f 1599 1570 1598
f 1598 1570 1569
f 1601 1602 1600
f 1600 1602 1603
f 1605 1606 1604
f 1604 1606 1607
f 1608 1609 1568
f 1568 1609 1565
f 1611 1612 1610
f 1610 1612 1613
f 1615 1616 1614
f 1614 1616 1617
f 1619 1617 1618
f 1618 1617 1616
f 1621 1622 1620
f 1620 1622 1623
f 1625 1626 1624
f 1624 1626 1627
f 1629 1630 1628
f 1628 1630 1631
f 1633 1634 1632
f 1632 1634 1635
f 1636 1637 1639
f 1639 1637 1638
f 1641 1642 1640
f 1640 1642 1643
f 1624 1627 1644
f 1644 1627 1645
f 1647 1648 1646
f 1646 1648 1649
f 1651 1652 1650
f 1650 1652 1653
f 1655 1656 1654
f 1654 1656 1657
f 1659 1660 1658
f 1658 1660 1661
f 1662 1663 1631
f 1631 1663 1628
f 1651 1665 1664
f 1664 1665 1666
f 1667 1656 1619
f 1619 1656 1617
f 1669 1670 1668
f 1668 1670 1671
f 1632 1635 1672
f 1672 1635 1673
f 1674 1675 1638
f 1638 1675 1639
f 1677 1678 1676
f 1676 1678 1679
f 1680 1640 1681
f 1681 1640 1643
f 1682 1683 1643
f 1643 1683 1681
f 1670 1669 1235
f 1235 1669 1232
f 1396 1399 1674
f 1674 1399 1675
f 627 630 1679
f 1679 630 1676
f 1681 1315 1680
f 1680 1315 1311
f 1683 1377 1681
f 1681 1377 1315
f 1672 1673 1387
f 1387 1673 1385
f 1636 1684 1646
f 1646 1684 1685
f 1687 1688 1686
f 1686 1688 1689
f 1585 1690 1586
f 1586 1690 1691
f 1599 1692 1551
f 1551 1692 1693
f 1552 1558 1694
f 1694 1558 1557
f 1696 1615 1695
f 1695 1615 1614
f 1698 1699 1697
f 1697 1699 1623
f 1700 1701 1703
f 1703 1701 1702
f 1705 1706 1704
f 1704 1706 1707
f 1708 1709 1640
f 1640 1709 1641
f 1710 1711 1713
f 1713 1711 1712
f 1652 1655 1653
f 1653 1655 1654
f 1714 1699 1712
f 1712 1699 1713
f 1715 1710 1716
f 1716 1710 1713
f 1717 1708 1680
f 1680 1708 1640
f 1393 1392 1715
f 1715 1392 1710
f 1719 1720 1718
f 1718 1720 1721
f 1680 1311 1717
f 1717 1311 789
f 1378 1711 1392
f 1392 1711 1710
f 1388 1391 1719
f 1719 1391 1720
f 1723 1606 1722
f 1722 1606 1689
f 1725 1568 1724
f 1724 1568 1567
f 1726 1647 1685
f 1685 1647 1646
f 1728 1554 1727
f 1727 1554 1553
f 1591 1687 1600
f 1600 1687 1686
f 1730 1595 1729
f 1729 1595 1594
f 1601 1605 1731
f 1731 1605 1604
f 1733 1663 1732
f 1732 1663 1734
f 1736 1639 1735
f 1735 1639 1675
f 1658 1644 1737
f 1737 1644 1645
f 1726 1662 1724
f 1724 1662 1631
f 1399 1738 1675
f 1675 1738 1735
f 1621 1667 1739
f 1739 1667 1619
f 1714 1740 1620
f 1620 1740 1741
f 1592 1549 1593
f 1593 1549 1742
f 1602 1571 1603
f 1603 1571 1550
f 1688 1690 1689
f 1689 1690 1722
f 1588 1559 1582
f 1582 1559 1579
f 1673 1735 1385
f 1385 1735 1738
f 1387 1232 1672
f 1672 1232 1669
f 1580 1692 1573
f 1573 1692 1743
f 1377 1683 1378
f 1378 1683 1711
f 1664 1666 1744
f 1744 1666 1745
f 1744 1696 1664
f 1664 1696 1695
f 1746 1747 1732
f 1732 1747 1748
f 1749 1750 1677
f 1677 1750 1678
f 1709 1708 1750
f 1750 1708 1678
f 1668 1632 1669
f 1669 1632 1672
f 1633 1746 1734
f 1734 1746 1732
f 1679 1678 1717
f 1717 1678 1708
f 789 627 1717
f 1717 627 1679
f 1563 1723 1564
f 1564 1723 1722
f 1728 1584 1751
f 1751 1584 1583
f 1674 1676 1396
f 1396 1676 630
f 1666 1566 1745
f 1745 1566 1565
f 1627 1629 1645
f 1645 1629 1628
f 1637 1749 1638
f 1638 1749 1677
f 1648 1665 1649
f 1649 1665 1752
f 1740 1642 1741
f 1741 1642 1657
f 1676 1674 1677
f 1677 1674 1638
f 1683 1682 1711
f 1711 1682 1712
f 1618 1753 1619
f 1619 1753 1739
f 1701 1739 1702
f 1702 1739 1753
f 1754 1214 1756
f 1756 1214 1755
f 647 1757 619
f 619 1757 941
f 1759 1193 1758
f 1758 1193 691
f 1419 1760 1420
f 1420 1760 1761
f 682 1762 683
f 683 1762 1763
f 1412 780 1413
f 1413 780 1384
f 1383 1398 1384
f 1384 1398 1413
f 1197 1424 1764
f 1764 1424 1423
f 1537 1287 1538
f 1538 1287 1286
f 1634 1684 1635
f 1635 1684 1736
f 1724 1631 1725
f 1725 1631 1630
f 1562 1730 1610
f 1610 1730 1729
f 1735 1673 1736
f 1736 1673 1635
f 1757 1195 941
f 941 1195 1194
f 1766 200 1765
f 1765 200 199
f 475 500 476
f 476 500 479
f 498 558 483
f 483 558 487
f 545 551 546
f 546 551 550
f 453 1281 219
f 219 1281 1314
f 298 453 208
f 208 453 219
f 368 1765 1767
f 1767 1765 199
f 523 405 363
f 363 405 404
f 523 533 405
f 405 533 402
f 298 208 299
f 299 208 207
f 299 207 176
f 176 207 300
f 176 300 173
f 173 300 202
f 173 202 174
f 174 202 201
f 1337 918 1768
f 1768 918 1336
f 1769 1770 1338
f 1338 1770 859
f 581 570 578
f 578 570 1771
f 555 562 580
f 580 562 561
f 504 1772 501
f 501 1772 548
f 517 542 584
f 584 542 543
f 515 514 516
f 516 514 544
f 542 517 544
f 544 517 516
f 561 575 580
f 580 575 581
f 575 569 581
f 581 569 570
f 501 548 1773
f 1773 548 547
f 1774 1775 570
f 570 1775 1771
f 369 368 1776
f 1776 368 1767
f 372 369 375
f 375 369 1776
f 822 1280 1308
f 1308 1280 1320
f 820 1281 822
f 822 1281 1280
f 818 1314 820
f 820 1314 1281
f 1314 818 1313
f 1313 818 804
f 807 814 825
f 825 814 826
f 814 813 826
f 826 813 827
f 813 1220 827
f 827 1220 828
f 580 579 555
f 555 579 547
f 1477 1540 872
f 872 1540 840
f 367 499 368
f 368 499 1765
f 1766 1765 525
f 525 1765 499
f 1777 1766 526
f 526 1766 525
f 520 527 362
f 362 527 384
f 361 1778 519
f 519 1778 528
f 371 1779 372
f 372 1779 369
f 369 1779 370
f 370 1779 478
f 1779 371 478
f 478 371 374
f 1778 1777 528
f 528 1777 526
f 1781 1782 1780
f 1780 1782 1783
f 431 460 67
f 67 460 64
f 68 338 74
f 74 338 72
f 1785 1782 1784
f 1784 1782 1786
f 1787 1788 1790
f 1790 1788 1789
f 1792 1789 1791
f 1791 1789 1793
f 1791 1794 1792
f 1792 1794 1795
f 1794 1796 1795
f 1795 1796 1797
f 1797 1798 938
f 938 1798 868
f 1798 1799 868
f 868 1799 869
f 1801 1802 1800
f 1800 1802 1451
f 1803 1804 1205
f 1205 1804 1206
f 1805 1806 864
f 864 1806 865
f 1806 1807 865
f 865 1807 1808
f 68 71 338
f 287 328 288
f 1320 1321 1308
f 1308 1321 1309
f 1320 441 1321
f 1321 441 217
f 441 152 217
f 217 152 218
f 151 286 152
f 152 286 218
f 297 310 151
f 151 310 286
f 296 307 297
f 297 307 310
f 296 143 307
f 307 143 284
f 143 56 284
f 284 56 104
f 56 59 104
f 104 59 63
f 59 102 63
f 63 102 60
f 102 94 60
f 60 94 282
f 93 459 279
f 279 459 77
f 459 460 77
f 77 460 78
f 460 431 78
f 78 431 295
f 431 49 295
f 295 49 292
f 48 421 49
f 49 421 292
f 276 278 418
f 418 278 429
f 317 432 278
f 278 432 429
f 432 317 433
f 433 317 316
f 326 324 316
f 316 324 433
f 1536 592 1809
f 1809 592 591
f 1810 744 1812
f 1812 744 1811
f 1814 1815 1813
f 1813 1815 1816
f 1817 748 1818
f 1818 748 747
f 1812 1819 1810
f 1810 1819 1817
f 1820 1821 748
f 748 1821 749
f 1823 1824 1822
f 1822 1824 1825
f 1827 1828 1826
f 1826 1828 1829
f 1831 1832 1830
f 1830 1832 1833
f 1834 1827 1243
f 1243 1827 1826
f 1313 804 825
f 825 804 807
f 1835 1253 1236
f 1236 1253 1237
f 1836 1837 1438
f 1438 1837 1435
f 1838 1505 1840
f 1840 1505 1839
f 1841 1842 716
f 716 1842 713
f 1843 1844 1510
f 1510 1844 1845
f 1847 1848 1846
f 1846 1848 1849
f 1850 1240 1822
f 1822 1240 1239
f 636 1831 637
f 637 1831 1830
f 1852 1853 1851
f 1851 1853 1854
f 1855 1856 1858
f 1858 1856 1857
f 1846 1849 1859
f 1859 1849 1860
f 1343 1401 1509
f 1509 1401 1861
f 1509 1861 635
f 635 1861 636
f 1863 1864 1862
f 1862 1864 1865
f 1283 1503 1867
f 1867 1503 1866
f 1868 1867 681
f 681 1867 682
f 1286 1285 683
f 683 1285 684
f 757 756 1274
f 1274 756 1869
f 1274 1869 717
f 717 1869 718
f 1434 1433 719
f 719 1433 720
f 1200 1538 1545
f 1545 1538 1763
f 1285 1289 684
f 684 1289 1273
f 684 1273 681
f 681 1273 1272
f 785 1283 1868
f 1868 1283 1867
f 786 785 1870
f 1870 785 1868
f 1289 757 1273
f 1273 757 1274
f 1539 1416 1871
f 1871 1416 1872
f 773 1871 1403
f 1403 1871 1404
f 675 674 1405
f 1405 674 1402
f 1864 1873 1865
f 1865 1873 1874
f 638 1843 635
f 635 1843 1510
f 1344 1343 1511
f 1511 1343 1509
f 772 1539 773
f 773 1539 1871
f 674 1200 1402
f 1402 1200 1545
f 1538 1286 1763
f 1763 1286 683
f 1444 1443 1875
f 1875 1443 1876
f 1875 1876 1831
f 1831 1876 1832
f 1416 1344 1872
f 1872 1344 1511
f 1877 1878 774
f 774 1878 1879
f 1878 1847 1879
f 1879 1847 1846
f 1880 714 1881
f 1881 714 1848
f 1401 1444 1861
f 1861 1444 1875
f 1861 1875 636
f 636 1875 1831
f 1823 1863 1882
f 1882 1863 1862
f 1441 1440 1884
f 1884 1440 1883
f 1883 1852 1884
f 1884 1852 1851
f 1886 1887 1885
f 1885 1887 1888
f 1358 1889 1359
f 1359 1889 1890
f 1891 1886 1892
f 1892 1886 1885
f 774 1879 775
f 775 1879 1893
f 1859 1893 1846
f 1846 1893 1879
f 713 1842 1849
f 1849 1842 1860
f 1318 1895 1894
f 1894 1895 1896
f 1873 1897 1874
f 1874 1897 1898
f 1898 605 1899
f 1899 605 675
f 1405 1844 675
f 675 1844 1899
f 1404 1845 1405
f 1405 1845 1844
f 593 1296 591
f 591 1296 1809
f 1295 1292 1900
f 1900 1292 1895
f 606 1897 1291
f 1291 1897 1896
f 1510 1845 1511
f 1511 1845 1872
f 1871 1872 1404
f 1404 1872 1845
f 1866 770 1762
f 1762 770 1546
f 1762 682 1866
f 1866 682 1867
f 1870 1868 1272
f 1272 1868 681
f 1272 717 1870
f 1870 717 720
f 1870 720 786
f 786 720 1433
f 786 1433 787
f 787 1433 1432
f 1261 1414 1432
f 1432 1414 787
f 1389 1234 1260
f 1260 1234 1415
f 1719 1670 1388
f 1388 1670 1235
f 1718 1671 1719
f 1719 1671 1670
f 1705 1747 1718
f 1718 1747 1671
f 1659 1901 1704
f 1704 1901 1748
f 1877 1903 1902
f 1902 1903 1904
f 1259 1905 1390
f 1390 1905 1394
f 1715 1720 1393
f 1393 1720 1391
f 1716 1721 1715
f 1715 1721 1720
f 1698 1706 1716
f 1716 1706 1721
f 277 276 47
f 47 276 48
f 84 96 81
f 81 96 82
f 80 70 81
f 81 70 85
f 99 97 88
f 88 97 89
f 90 100 88
f 88 100 99
f 101 95 102
f 102 95 94
f 1906 1907 280
f 280 1907 281
f 97 86 89
f 89 86 85
f 60 282 61
f 61 282 281
f 83 82 46
f 46 82 47
f 293 292 420
f 420 292 421
f 419 1908 420
f 420 1908 1909
f 92 95 91
f 91 95 90
f 279 282 93
f 93 282 94
f 276 418 48
f 48 418 421
f 1910 1660 1697
f 1697 1660 1707
f 1703 1624 1700
f 1700 1624 1644
f 1622 1910 1623
f 1623 1910 1697
f 1701 1700 1911
f 1911 1700 1661
f 1700 1644 1661
f 1661 1644 1658
f 1901 1737 1733
f 1733 1737 1645
f 1625 1912 1604
f 1604 1912 1731
f 1912 1913 1731
f 1731 1913 1914
f 1913 1577 1914
f 1914 1577 1572
f 1915 1578 1616
f 1616 1578 1618
f 1915 1916 1598
f 1598 1916 1743
f 1916 1574 1743
f 1743 1574 1573
f 1575 1917 1576
f 1576 1917 1597
f 1917 1609 1597
f 1597 1609 1594
f 1608 1611 1729
f 1729 1611 1610
f 1918 1612 1629
f 1629 1612 1630
f 1626 1918 1627
f 1627 1918 1629
f 1920 1921 1919
f 1919 1921 1922
f 1920 1924 1923
f 1923 1924 1925
f 1926 1927 1924
f 1924 1927 1925
f 1929 1930 1928
f 1928 1930 1931
f 1932 1933 1935
f 1935 1933 1934
f 1937 1938 1936
f 1936 1938 1939
f 1941 1942 1940
f 1940 1942 1943
f 1941 1945 1944
f 1944 1945 1946
f 1947 1948 1694
f 1694 1948 1949
f 1950 1951 1953
f 1953 1951 1952
f 1955 1956 1954
f 1954 1956 1589
f 1958 1956 1957
f 1957 1956 1932
f 1960 1934 1959
f 1959 1934 1933
f 1962 1963 1961
f 1961 1963 1964
f 1965 1955 1751
f 1751 1955 1954
f 1935 1930 1932
f 1932 1930 1957
f 1951 1950 1926
f 1926 1950 1929
f 1966 1967 1593
f 1593 1967 1590
f 1969 1967 1968
f 1968 1967 1964
f 1962 1921 1970
f 1970 1921 1971
f 1963 1945 1964
f 1964 1945 1968
f 1972 1948 1922
f 1922 1948 1919
f 1966 1972 1961
f 1961 1972 1922
f 1958 1953 1587
f 1587 1953 1560
f 1974 1975 1973
f 1973 1975 1976
f 1978 1979 1977
f 1977 1979 1691
f 1979 1975 1691
f 1691 1975 1586
f 1938 1942 1939
f 1939 1942 1980
f 1952 1947 1557
f 1557 1947 1694
f 1969 1978 1981
f 1981 1978 1977
f 1983 1984 1982
f 1982 1984 1985
f 1986 1987 1989
f 1989 1987 1988
f 1990 1991 1983
f 1983 1991 1984
f 1990 1993 1992
f 1992 1993 1994
f 1995 1996 1994
f 1994 1996 1997
f 1999 2000 1998
f 1998 2000 2001
f 2003 2004 2002
f 2002 2004 2005
f 2007 2008 2006
f 2006 2008 2009
f 2011 2012 2010
f 2010 2012 2013
f 2014 2015 2017
f 2017 2015 2016
f 2018 2019 2021
f 2021 2019 2020
f 2022 1989 2024
f 2024 1989 2023
f 1989 1988 2023
f 2023 1988 2025
f 2026 2027 2017
f 2017 2027 2014
f 2029 2030 2028
f 2028 2030 2031
f 2033 2034 2032
f 2032 2034 2035
f 2032 2035 2036
f 2036 2035 2037
f 2039 2040 2038
f 2038 2040 2041
f 1982 2042 1983
f 1983 2042 2043
f 2045 2046 2044
f 2044 2046 2047
f 2049 2050 2048
f 2048 2050 2051
f 2053 2054 2052
f 2052 2054 2055
f 2057 2058 2056
f 2056 2058 2059
f 2060 2061 2033
f 2033 2061 2034
f 2063 2064 2062
f 2062 2064 2065
f 2066 2035 2067
f 2067 2035 2034
f 2069 2039 2068
f 2068 2039 2038
f 2025 2070 2023
f 2023 2070 2071
f 2072 2024 2071
f 2071 2024 2023
f 2074 2020 2073
f 2073 2020 2019
f 2050 2049 2047
f 2047 2049 2075
f 1983 2043 1990
f 1990 2043 1993
f 2006 2050 2007
f 2007 2050 2076
f 2050 2006 2051
f 2051 2006 2077
f 2079 2080 2078
f 2078 2080 2081
f 2082 2083 2085
f 2085 2083 2084
f 2010 2013 2086
f 2086 2013 2087
f 2089 2033 2088
f 2088 2033 2032
f 2090 2060 2089
f 2089 2060 2033
f 2092 2093 2091
f 2091 2093 2094
f 2096 1986 2095
f 2095 1986 2097
f 2097 1986 2022
f 2022 1986 1989
f 2015 2094 2016
f 2016 2094 2098
f 2016 2098 2100
f 2100 2098 2099
f 2017 2016 2101
f 2101 2016 2100
f 2017 2101 2026
f 2026 2101 2102
f 2100 2099 2104
f 2104 2099 2103
f 2104 2105 2100
f 2100 2105 2101
f 2105 2106 2101
f 2101 2106 2102
f 2108 2061 2107
f 2107 2061 2109
f 2111 2112 2110
f 2110 2112 2020
f 2020 2074 2110
f 2110 2074 2113
f 2115 2116 2114
f 2114 2116 2117
f 2118 2119 1995
f 1995 2119 2120
f 2121 2122 2027
f 2027 2122 2014
f 2047 2075 2044
f 2044 2075 2123
f 2124 2125 2127
f 2127 2125 2126
f 2129 2130 2128
f 2128 2130 2131
f 2132 2133 2057
f 2057 2133 2058
f 2134 1999 2136
f 2136 1999 2135
f 2055 2138 2137
f 2137 2138 2139
f 2141 2142 2140
f 2140 2142 2143
f 2083 2082 2064
f 2064 2082 2065
f 2082 2144 2065
f 2065 2144 2145
f 2040 2146 2041
f 2041 2146 2147
f 2060 2090 2148
f 2148 2090 2149
f 2048 2051 2137
f 2137 2051 2150
f 2151 1997 2135
f 2135 1997 1996
f 2152 2150 2077
f 2077 2150 2051
f 2046 2045 2118
f 2118 2045 2119
f 2154 2155 2153
f 2153 2155 2156
f 2158 2159 2157
f 2157 2159 2160
f 2162 2163 2161
f 2161 2163 2164
f 2164 2163 2165
f 2165 2163 2166
f 2168 2169 2167
f 2167 2169 2170
f 2003 2172 2171
f 2171 2172 2173
f 2174 2175 2002
f 2002 2175 2176
f 2145 2177 2065
f 2065 2177 2062
f 2178 2179 2180
f 2180 2179 2134
f 2181 2052 2152
f 2152 2052 2150
f 2040 2127 2146
f 2146 2127 2182
f 2130 2162 2131
f 2131 2162 2161
f 2052 2055 2150
f 2150 2055 2137
f 2184 2185 2183
f 2183 2185 2186
f 2159 2030 2160
f 2160 2030 2187
f 2146 2182 2029
f 2029 2182 2188
f 2189 2190 2192
f 2192 2190 2191
f 2172 2003 2176
f 2176 2003 2002
f 1998 2151 1999
f 1999 2151 2135
f 2177 2172 2062
f 2062 2172 2176
f 2172 2177 2173
f 2173 2177 2193
f 2063 2194 2064
f 2064 2194 2195
f 2066 2197 2196
f 2196 2197 2198
f 2002 2005 2174
f 2174 2005 2199
f 2004 2003 2200
f 2200 2003 2171
f 2198 2201 2171
f 2171 2201 2200
f 2197 2202 2198
f 2198 2202 2201
f 2202 2197 2203
f 2203 2197 2204
f 2196 2198 2173
f 2173 2198 2171
f 2205 2069 2170
f 2170 2069 2206
f 2197 2066 2204
f 2204 2066 2067
f 2107 2207 2108
f 2108 2207 2208
f 2210 2208 2209
f 2209 2208 2207
f 2185 2211 2212
f 2213 2214 2211
f 2211 2214 2212
f 1998 2001 2213
f 2213 2001 2214
f 2134 2215 1999
f 1999 2215 2000
f 2216 2217 2219
f 2219 2217 2218
f 2206 2220 2170
f 2170 2220 2167
f 2069 2068 2206
f 2206 2068 2221
f 2151 1998 2222
f 2222 1998 2213
f 2124 2039 2205
f 2205 2039 2069
f 2142 2223 2143
f 2143 2223 2128
f 2203 2186 2202
f 2202 2186 2185
f 2185 2184 2211
f 2211 2184 2224
f 2224 2225 2222
f 2222 2225 2226
f 2071 2227 2072
f 2072 2227 2228
f 2229 2074 2230
f 2230 2074 2073
f 2074 2229 2113
f 2113 2229 2231
f 2232 2225 2227
f 2227 2225 2224
f 2233 2234 2031
f 2031 2234 2028
f 2236 2231 2235
f 2235 2231 2229
f 2230 2183 2229
f 2229 2183 2235
f 2237 1987 2096
f 2096 1987 1986
f 2152 2238 2181
f 2181 2238 2239
f 2080 2240 2081
f 2081 2240 2241
f 2236 2242 1971
f 1971 2242 1970
f 1925 2113 1923
f 1923 2113 2231
f 2110 1927 2111
f 2111 1927 1928
f 2103 2111 1931
f 1931 2111 1928
f 1931 2243 2103
f 2103 2243 2104
f 2105 2104 2244
f 2244 2104 2243
f 1939 1980 2148
f 2148 1980 2109
f 1980 1944 2109
f 2109 1944 2107
f 1946 2245 2207
f 2207 2245 2209
f 2245 1970 2209
f 2209 1970 2242
f 2231 2236 1923
f 1923 2236 1971
f 2113 1925 2110
f 2110 1925 1927
f 2234 2246 2028
f 2028 2246 2147
f 2247 2248 2058
f 2058 2248 2059
f 2114 2117 2249
f 2249 2117 2250
f 2252 2253 2251
f 2251 2253 2254
f 2094 2015 2091
f 2091 2015 2255
f 2256 2255 2014
f 2014 2255 2015
f 2257 2145 2258
f 2258 2145 2144
f 2131 2161 2123
f 2123 2161 2044
f 2045 2044 2164
f 2164 2044 2161
f 2045 2164 2119
f 2119 2164 2165
f 2259 2120 2165
f 2165 2120 2119
f 2260 2261 2259
f 2259 2261 2120
f 2205 2262 2124
f 2124 2262 2125
f 2180 2263 2178
f 2178 2263 2264
f 2265 2266 2092
f 2092 2266 2093
f 1992 2267 2268
f 2184 2228 2224
f 2224 2228 2227
f 2048 2269 2049
f 2049 2269 2141
f 2129 2168 2157
f 2157 2168 2167
f 2049 2141 2075
f 2075 2141 2140
f 2199 2215 2270
f 2270 2215 2271
f 2142 2141 2272
f 2272 2141 2269
f 2089 2026 2090
f 2090 2026 2102
f 2146 2029 2147
f 2147 2029 2028
f 2111 2103 2112
f 2112 2103 2099
f 2061 2060 2109
f 2109 2060 2148
f 2273 2274 2041
f 2041 2274 2038
f 2260 2275 2261
f 2261 2275 2136
f 2057 2138 2132
f 2132 2138 2276
f 2272 2269 2056
f 2056 2269 2139
f 2277 2278 2270
f 2270 2278 2199
f 2029 2188 2030
f 2030 2188 2187
f 2040 2039 2127
f 2127 2039 2124
f 2064 2195 2083
f 2083 2195 2279
f 2056 2139 2057
f 2057 2139 2138
f 2278 2277 2247
f 2247 2277 2248
f 2062 2176 2063
f 2063 2176 2175
f 2280 2210 2242
f 2242 2210 2209
f 2282 2233 2281
f 2281 2233 2031
f 2216 2219 2283
f 2283 2219 2221
f 2158 2220 2218
f 2218 2220 2219
f 2217 2282 2218
f 2218 2282 2281
f 2220 2158 2167
f 2167 2158 2157
f 2223 2264 2128
f 2128 2264 2263
f 2261 1996 2120
f 2120 1996 1995
f 2213 2211 2222
f 2222 2211 2224
f 2283 2221 2284
f 2284 2221 2068
f 2135 1996 2136
f 2136 1996 2261
f 2144 2081 2258
f 2258 2081 2241
f 2235 2280 2236
f 2236 2280 2242
f 2246 2273 2147
f 2147 2273 2041
f 2036 2285 2032
f 2032 2285 2088
f 2077 2286 2152
f 2152 2286 2238
f 1937 1960 1973
f 1973 1960 1959
f 2070 2232 2071
f 2071 2232 2227
f 2244 2287 2105
f 2105 2287 2106
f 1936 1939 2149
f 2149 1939 2148
f 1944 1946 2107
f 2107 1946 2207
f 2285 2121 2088
f 2088 2121 2027
f 2253 2249 2254
f 2254 2249 2250
f 2006 2009 2077
f 2077 2009 2286
f 2289 2086 2288
f 2288 2086 2087
f 2223 2142 2290
f 2290 2142 2272
f 2128 2131 2143
f 2143 2131 2123
f 2156 2291 2153
f 2153 2291 2175
f 2292 2293 2278
f 2278 2293 2294
f 2075 2140 2123
f 2123 2140 2143
f 2262 2169 2275
f 2275 2169 2180
f 2275 2180 2136
f 2136 2180 2134
f 2274 2284 2038
f 2038 2284 2068
f 2127 2126 2182
f 2182 2126 2166
f 2094 2093 2098
f 2098 2093 2021
f 2098 2021 2099
f 2099 2021 2112
f 2018 2021 2266
f 2266 2021 2093
f 2251 2289 2252
f 2252 2289 2288
f 1997 2151 2226
f 2226 2151 2222
f 2206 2221 2220
f 2220 2221 2219
f 2269 2048 2139
f 2139 2048 2137
f 2159 2158 2281
f 2281 2158 2218
f 2156 2155 2190
f 2190 2155 2191
f 1974 1965 1583
f 1583 1965 1751
f 2088 2027 2089
f 2089 2027 2026
f 2030 2159 2031
f 2031 2159 2281
f 2106 2149 2102
f 2102 2149 2090
f 2287 1936 2106
f 2106 1936 2149
f 2293 2154 2294
f 2294 2154 2153
f 2021 2020 2112
f 2247 2295 2278
f 2278 2295 2292
f 2284 2296 2283
f 2283 2296 2297
f 2298 2296 2274
f 2274 2296 2284
f 2273 2299 2274
f 2274 2299 2298
f 2246 2300 2273
f 2273 2300 2299
f 2283 2297 2216
f 2216 2297 2301
f 2216 2301 2217
f 2217 2301 2302
f 2302 2303 2217
f 2217 2303 2282
f 2304 2301 2305
f 2305 2301 2297
f 2307 2308 2306
f 2306 2308 2309
f 2306 2310 2307
f 2307 2310 2311
f 2307 2312 2308
f 2308 2312 2313
f 2314 2315 2312
f 2312 2315 2316
f 2316 2317 2312
f 2312 2317 2313
f 2317 2305 2313
f 2313 2305 2318
f 2314 2312 2311
f 2311 2312 2307
f 2319 2320 2322
f 2322 2320 2321
f 2322 2311 2319
f 2319 2311 2310
f 2313 2318 2308
f 2308 2318 2309
f 2296 2298 2318
f 2318 2298 2309
f 2309 2298 2323
f 2323 2298 2299
f 2306 2309 2324
f 2324 2309 2323
f 2310 2306 2325
f 2325 2306 2324
f 2296 2318 2297
f 2297 2318 2305
f 2319 2310 2326
f 2326 2310 2325
f 2328 2325 2327
f 2327 2325 2324
f 2325 2328 2326
f 2326 2328 2329
f 2331 2328 2330
f 2330 2328 2327
f 2332 2333 2327
f 2327 2333 2330
f 2328 2331 2329
f 2329 2331 2334
f 2324 2323 2327
f 2327 2323 2332
f 2300 2332 2299
f 2299 2332 2323
f 2326 2335 2319
f 2319 2335 2320
f 2305 2317 2336
f 2336 2317 2316
f 2336 2316 2337
f 2337 2316 2315
f 2338 2304 2336
f 2336 2304 2305
f 2337 2339 2336
f 2336 2339 2338
f 2337 2315 2341
f 2341 2315 2340
f 2342 2300 2234
f 2234 2300 2246
f 2303 2343 2282
f 2282 2343 2233
f 2234 2233 2342
f 2342 2233 2343
f 2342 2343 2333
f 2333 2343 2344
f 2333 2344 2330
f 2330 2344 2345
f 2346 2344 2303
f 2303 2344 2343
f 2332 2300 2333
f 2333 2300 2342
f 2347 2346 2302
f 2302 2346 2303
f 2301 2304 2302
f 2302 2304 2347
f 2304 2338 2347
f 2347 2338 2348
f 2348 2349 2347
f 2347 2349 2346
f 2350 2351 2348
f 2348 2351 2349
f 2349 2345 2346
f 2346 2345 2344
f 2345 2349 2352
f 2352 2349 2351
f 2338 2339 2348
f 2348 2339 2350
f 2350 2339 2353
f 2353 2339 2354
f 2356 2357 2355
f 2355 2357 2353
f 2351 2350 2357
f 2357 2350 2353
f 2353 2354 2355
f 2355 2354 2335
f 2320 2335 2341
f 2341 2335 2354
f 2339 2337 2354
f 2354 2337 2341
f 2352 2331 2345
f 2345 2331 2330
f 2356 2334 2352
f 2352 2334 2331
f 2356 2352 2357
f 2357 2352 2351
f 2355 2329 2356
f 2356 2329 2334
f 2335 2326 2355
f 2355 2326 2329
f 2321 2314 2322
f 2322 2314 2311
f 2321 2320 2340
f 2340 2320 2341
f 2315 2314 2340
f 2340 2314 2321
f 2125 2260 2126
f 2126 2260 2259
f 2157 2160 2129
f 2129 2160 2130
f 2188 2163 2187
f 2187 2163 2162
f 2182 2166 2188
f 2188 2166 2163
f 2180 2169 2263
f 2263 2169 2168
f 2160 2187 2130
f 2130 2187 2162
f 2275 2260 2262
f 2262 2260 2125
f 2128 2263 2129
f 2129 2263 2168
f 2262 2205 2169
f 2169 2205 2170
f 2165 2166 2259
f 2259 2166 2126
f 2359 2360 2358
f 2358 2360 2361
f 2363 2364 2362
f 2362 2364 2365
f 2367 2363 2366
f 2366 2363 2362
f 2368 2369 2371
f 2371 2369 2370
f 2372 2373 2248
f 2248 2373 2059
f 2364 2374 2365
f 2365 2374 2375
f 2377 2378 2376
f 2376 2378 2379
f 2290 2380 2223
f 2223 2380 2381
f 2223 2381 2264
f 2264 2381 2382
f 2384 2385 2383
f 2383 2385 2386
f 2364 2371 2374
f 2374 2371 2387
f 2059 2373 2290
f 2290 2373 2380
f 2378 2360 2379
f 2379 2360 2388
f 2374 2387 2359
f 2359 2387 2389
f 2390 2367 2386
f 2386 2367 2391
f 2393 2394 2392
f 2392 2394 2395
f 2386 2391 2383
f 2383 2391 2396
f 2367 2366 2391
f 2391 2366 2397
f 2363 2367 2368
f 2368 2367 2390
f 2398 2399 2361
f 2361 2399 2358
f 2399 2400 2358
f 2358 2400 2375
f 2390 2401 2368
f 2368 2401 2369
f 2372 2384 2376
f 2376 2384 2383
f 2374 2359 2375
f 2375 2359 2358
f 2402 2403 2365
f 2365 2403 2362
f 2359 2389 2360
f 2360 2389 2388
f 2364 2363 2371
f 2371 2363 2368
f 2405 2398 2404
f 2404 2398 2361
f 2392 2395 2406
f 2406 2395 2397
f 2377 2396 2394
f 2394 2396 2395
f 2394 2393 2404
f 2404 2393 2405
f 2396 2377 2383
f 2383 2377 2376
f 2406 2397 2407
f 2407 2397 2366
f 2400 2402 2375
f 2375 2402 2365
f 2385 2270 2401
f 2401 2270 2271
f 2403 2407 2362
f 2362 2407 2366
f 2371 2370 2387
f 2387 2370 2382
f 2391 2397 2396
f 2396 2397 2395
f 2378 2377 2404
f 2404 2377 2394
f 2360 2378 2361
f 2361 2378 2404
f 2407 2408 2406
f 2406 2408 2409
f 2410 2408 2403
f 2403 2408 2407
f 2411 2410 2402
f 2402 2410 2403
f 2412 2411 2400
f 2400 2411 2402
f 2406 2409 2392
f 2392 2409 2413
f 2392 2413 2393
f 2393 2413 2414
f 2415 2405 2414
f 2414 2405 2393
f 2416 2413 2417
f 2417 2413 2409
f 2419 2420 2418
f 2418 2420 2421
f 2420 2422 2421
f 2421 2422 2423
f 2420 2424 2422
f 2422 2424 2425
f 2426 2427 2424
f 2424 2427 2428
f 2428 2429 2424
f 2424 2429 2425
f 2426 2424 2419
f 2419 2424 2420
f 2419 2418 2431
f 2431 2418 2430
f 2425 2432 2422
f 2422 2432 2423
f 2408 2410 2432
f 2432 2410 2423
f 2423 2410 2433
f 2433 2410 2411
f 2421 2423 2434
f 2434 2423 2433
f 2435 2418 2434
f 2434 2418 2421
f 2429 2417 2425
f 2425 2417 2432
f 2408 2432 2409
f 2409 2432 2417
f 2418 2435 2430
f 2430 2435 2436
f 2438 2435 2437
f 2437 2435 2434
f 2435 2438 2436
f 2436 2438 2439
f 2441 2438 2440
f 2440 2438 2437
f 2442 2443 2437
f 2437 2443 2440
f 2439 2438 2444
f 2444 2438 2441
f 2433 2442 2434
f 2434 2442 2437
f 2412 2442 2411
f 2411 2442 2433
f 2436 2445 2430
f 2430 2445 2446
f 2430 2446 2431
f 2431 2446 2447
f 2417 2429 2448
f 2448 2429 2428
f 2427 2449 2428
f 2428 2449 2448
f 2450 2416 2448
f 2448 2416 2417
f 2451 2450 2449
f 2449 2450 2448
f 2427 2452 2449
f 2449 2452 2453
f 2447 2446 2452
f 2452 2446 2453
f 2454 2412 2399
f 2399 2412 2400
f 2415 2455 2405
f 2405 2455 2398
f 2399 2398 2454
f 2454 2398 2455
f 2454 2455 2443
f 2443 2455 2456
f 2443 2456 2440
f 2440 2456 2457
f 2458 2456 2415
f 2415 2456 2455
f 2443 2442 2454
f 2454 2442 2412
f 2459 2458 2414
f 2414 2458 2415
f 2413 2416 2414
f 2414 2416 2459
f 2459 2416 2460
f 2460 2416 2450
f 2460 2461 2459
f 2459 2461 2458
f 2462 2463 2460
f 2460 2463 2461
f 2461 2457 2458
f 2458 2457 2456
f 2457 2461 2464
f 2464 2461 2463
f 2451 2462 2450
f 2450 2462 2460
f 2462 2451 2465
f 2465 2451 2466
f 2468 2469 2467
f 2467 2469 2465
f 2463 2462 2469
f 2469 2462 2465
f 2465 2466 2467
f 2467 2466 2445
f 2446 2445 2453
f 2453 2445 2466
f 2451 2449 2466
f 2466 2449 2453
f 2464 2441 2457
f 2457 2441 2440
f 2468 2444 2464
f 2464 2444 2441
f 2468 2464 2469
f 2469 2464 2463
f 2467 2439 2468
f 2468 2439 2444
f 2445 2436 2467
f 2467 2436 2439
f 2447 2426 2431
f 2431 2426 2419
f 2427 2426 2452
f 2452 2426 2447
f 2369 2179 2370
f 2370 2179 2178
f 2376 2379 2372
f 2372 2379 2373
f 2389 2381 2388
f 2388 2381 2380
f 2387 2382 2389
f 2389 2382 2381
f 2270 2385 2277
f 2277 2385 2384
f 2379 2388 2373
f 2373 2388 2380
f 2401 2271 2369
f 2369 2271 2179
f 2248 2277 2372
f 2372 2277 2384
f 2401 2390 2385
f 2385 2390 2386
f 2264 2382 2178
f 2178 2382 2370
f 2215 2134 2271
f 2271 2134 2179
f 2005 2000 2199
f 2199 2000 2215
f 2004 2001 2005
f 2005 2001 2000
f 2200 2214 2004
f 2004 2214 2001
f 2470 2471 2473
f 2473 2471 2472
f 2475 2476 2474
f 2474 2476 2477
f 2479 2475 2478
f 2478 2475 2474
f 2481 2482 2480
f 2480 2482 2483
f 2476 2484 2477
f 2477 2484 2485
f 2487 2488 2486
f 2486 2488 2489
f 2133 2490 2058
f 2058 2490 2491
f 2058 2491 2247
f 2247 2491 2492
f 2494 2495 2493
f 2493 2495 2496
f 2476 2483 2484
f 2484 2483 2497
f 2472 2498 2488
f 2488 2498 2489
f 2484 2497 2471
f 2471 2497 2499
f 2500 2479 2496
f 2496 2479 2501
f 2502 2503 2505
f 2505 2503 2504
f 2496 2501 2493
f 2493 2501 2506
f 2479 2478 2501
f 2501 2478 2507
f 2475 2479 2480
f 2480 2479 2500
f 2508 2509 2473
f 2473 2509 2470
f 2509 2510 2470
f 2470 2510 2485
f 2511 2481 2500
f 2500 2481 2480
f 2512 2494 2486
f 2486 2494 2493
f 2485 2484 2470
f 2470 2484 2471
f 2513 2514 2477
f 2477 2514 2474
f 2471 2499 2472
f 2472 2499 2498
f 2476 2475 2483
f 2483 2475 2480
f 2516 2508 2515
f 2515 2508 2473
f 2502 2505 2517
f 2517 2505 2507
f 2504 2487 2505
f 2505 2487 2506
f 2503 2516 2504
f 2504 2516 2515
f 2506 2487 2493
f 2493 2487 2486
f 2517 2507 2518
f 2518 2507 2478
f 2510 2513 2485
f 2485 2513 2477
f 2511 2495 2293
f 2293 2495 2154
f 2514 2518 2474
f 2474 2518 2478
f 2483 2482 2497
f 2497 2482 2492
f 2501 2507 2506
f 2506 2507 2505
f 2488 2487 2515
f 2515 2487 2504
f 2472 2488 2473
f 2473 2488 2515
f 2518 2519 2517
f 2517 2519 2520
f 2521 2519 2514
f 2514 2519 2518
f 2522 2521 2513
f 2513 2521 2514
f 2523 2522 2510
f 2510 2522 2513
f 2517 2520 2502
f 2502 2520 2524
f 2502 2524 2503
f 2503 2524 2525
f 2525 2526 2503
f 2503 2526 2516
f 2527 2524 2528
f 2528 2524 2520
f 2530 2531 2529
f 2529 2531 2532
f 2531 2533 2532
f 2532 2533 2534
f 2531 2535 2533
f 2533 2535 2536
f 2537 2538 2535
f 2535 2538 2539
f 2539 2540 2535
f 2535 2540 2536
f 2537 2535 2530
f 2530 2535 2531
f 2529 2541 2530
f 2530 2541 2542
f 2543 2534 2536
f 2536 2534 2533
f 2519 2521 2543
f 2543 2521 2534
f 2534 2521 2544
f 2544 2521 2522
f 2532 2534 2545
f 2545 2534 2544
f 2529 2532 2546
f 2546 2532 2545
f 2536 2540 2543
f 2543 2540 2528
f 2519 2543 2520
f 2520 2543 2528
f 2541 2529 2547
f 2547 2529 2546
f 2548 2549 2545
f 2545 2549 2546
f 2549 2550 2546
f 2546 2550 2547
f 2551 2552 2548
f 2548 2552 2549
f 2548 2553 2551
f 2551 2553 2554
f 2550 2549 2555
f 2555 2549 2552
f 2545 2544 2548
f 2548 2544 2553
f 2523 2553 2522
f 2522 2553 2544
f 2547 2556 2541
f 2541 2556 2557
f 2541 2557 2542
f 2542 2557 2558
f 2528 2540 2559
f 2559 2540 2539
f 2538 2560 2539
f 2539 2560 2559
f 2561 2527 2559
f 2559 2527 2528
f 2560 2562 2559
f 2559 2562 2561
f 2560 2538 2564
f 2564 2538 2563
f 2558 2557 2563
f 2563 2557 2564
f 2565 2523 2509
f 2509 2523 2510
f 2526 2566 2516
f 2516 2566 2508
f 2509 2508 2565
f 2565 2508 2566
f 2565 2566 2554
f 2554 2566 2567
f 2554 2567 2551
f 2551 2567 2568
f 2569 2567 2526
f 2526 2567 2566
f 2553 2523 2554
f 2554 2523 2565
f 2570 2569 2525
f 2525 2569 2526
f 2524 2527 2525
f 2525 2527 2570
f 2527 2561 2570
f 2570 2561 2571
f 2571 2572 2570
f 2570 2572 2569
f 2573 2574 2571
f 2571 2574 2572
f 2572 2568 2569
f 2569 2568 2567
f 2568 2572 2575
f 2575 2572 2574
f 2562 2573 2561
f 2561 2573 2571
f 2573 2562 2576
f 2576 2562 2577
f 2579 2580 2578
f 2578 2580 2576
f 2574 2573 2580
f 2580 2573 2576
f 2576 2577 2578
f 2578 2577 2556
f 2557 2556 2564
f 2564 2556 2577
f 2562 2560 2577
f 2577 2560 2564
f 2575 2552 2568
f 2568 2552 2551
f 2579 2555 2575
f 2575 2555 2552
f 2579 2575 2580
f 2580 2575 2574
f 2550 2555 2578
f 2578 2555 2579
f 2556 2547 2578
f 2578 2547 2550
f 2558 2537 2542
f 2542 2537 2530
f 2538 2537 2563
f 2563 2537 2558
f 2292 2295 2481
f 2481 2295 2482
f 2486 2489 2512
f 2512 2489 2581
f 2499 2491 2498
f 2498 2491 2490
f 2497 2492 2499
f 2499 2492 2491
f 2155 2154 2494
f 2494 2154 2495
f 2581 2489 2490
f 2490 2489 2498
f 2293 2292 2511
f 2511 2292 2481
f 2191 2155 2512
f 2512 2155 2494
f 2500 2496 2511
f 2511 2496 2495
f 2247 2492 2295
f 2295 2492 2482
f 2583 2584 2582
f 2582 2584 2585
f 2587 2588 2586
f 2586 2588 2589
f 2591 2587 2590
f 2590 2587 2586
f 2593 2594 2592
f 2592 2594 2595
f 2596 2597 2599
f 2599 2597 2598
f 2588 2600 2589
f 2589 2600 2601
f 2602 2603 2605
f 2605 2603 2604
f 2606 2607 2609
f 2609 2607 2608
f 2609 2608 2190
f 2190 2608 2610
f 2611 2612 2614
f 2614 2612 2613
f 2600 2588 2615
f 2615 2588 2595
f 2599 2598 2606
f 2606 2598 2607
f 2584 2616 2604
f 2604 2616 2605
f 2600 2615 2583
f 2583 2615 2617
f 2591 2619 2618
f 2618 2619 2614
f 2621 2622 2620
f 2620 2622 2623
f 2619 2624 2614
f 2614 2624 2611
f 2591 2590 2619
f 2619 2590 2625
f 2587 2591 2592
f 2592 2591 2618
f 2626 2627 2585
f 2585 2627 2582
f 2627 2628 2582
f 2582 2628 2601
f 2629 2593 2618
f 2618 2593 2592
f 2602 2597 2611
f 2611 2597 2612
f 2600 2583 2601
f 2601 2583 2582
f 2630 2631 2589
f 2589 2631 2586
f 2583 2617 2584
f 2584 2617 2616
f 2588 2587 2595
f 2595 2587 2592
f 2633 2626 2632
f 2632 2626 2585
f 2620 2623 2634
f 2634 2623 2625
f 2622 2603 2623
f 2623 2603 2624
f 2621 2633 2622
f 2622 2633 2632
f 2611 2624 2602
f 2602 2624 2603
f 2634 2625 2635
f 2635 2625 2590
f 2628 2630 2601
f 2601 2630 2589
f 2613 2195 2629
f 2629 2195 2194
f 2631 2635 2586
f 2586 2635 2590
f 2595 2594 2615
f 2615 2594 2610
f 2619 2625 2624
f 2624 2625 2623
f 2632 2604 2622
f 2622 2604 2603
f 2585 2584 2632
f 2632 2584 2604
f 2635 2636 2634
f 2634 2636 2637
f 2638 2636 2631
f 2631 2636 2635
f 2639 2638 2630
f 2630 2638 2631
f 2640 2639 2628
f 2628 2639 2630
f 2634 2637 2620
f 2620 2637 2641
f 2620 2641 2621
f 2621 2641 2642
f 2642 2643 2621
f 2621 2643 2633
f 2641 2637 2644
f 2644 2637 2645
f 2646 2647 2649
f 2649 2647 2648
f 2648 2650 2649
f 2649 2650 2651
f 2648 2652 2650
f 2650 2652 2653
f 2652 2654 2656
f 2656 2654 2655
f 2656 2657 2652
f 2652 2657 2653
f 2654 2652 2647
f 2647 2652 2648
f 2647 2646 2659
f 2659 2646 2658
f 2660 2651 2653
f 2653 2651 2650
f 2636 2638 2660
f 2660 2638 2651
f 2651 2638 2661
f 2661 2638 2639
f 2651 2661 2649
f 2649 2661 2662
f 2663 2646 2662
f 2662 2646 2649
f 2653 2657 2660
f 2660 2657 2645
f 2636 2660 2637
f 2637 2660 2645
f 2646 2663 2658
f 2658 2663 2664
f 2665 2666 2662
f 2662 2666 2663
f 2666 2667 2663
f 2663 2667 2664
f 2668 2669 2665
f 2665 2669 2666
f 2665 2670 2668
f 2668 2670 2671
f 2667 2666 2672
f 2672 2666 2669
f 2662 2661 2665
f 2665 2661 2670
f 2640 2670 2639
f 2639 2670 2661
f 2673 2674 2664
f 2664 2674 2658
f 2658 2674 2659
f 2659 2674 2675
f 2645 2657 2676
f 2676 2657 2656
f 2677 2676 2655
f 2655 2676 2656
f 2676 2678 2645
f 2645 2678 2644
f 2677 2679 2676
f 2676 2679 2678
f 2655 2680 2677
f 2677 2680 2681
f 2675 2674 2680
f 2680 2674 2681
f 2682 2640 2627
f 2627 2640 2628
f 2643 2683 2633
f 2633 2683 2626
f 2682 2627 2683
f 2683 2627 2626
f 2683 2684 2682
f 2682 2684 2671
f 2684 2685 2671
f 2671 2685 2668
f 2686 2684 2643
f 2643 2684 2683
f 2670 2640 2671
f 2671 2640 2682
f 2687 2686 2642
f 2642 2686 2643
f 2642 2641 2687
f 2687 2641 2644
f 2687 2644 2688
f 2688 2644 2678
f 2688 2689 2687
f 2687 2689 2686
f 2690 2691 2688
f 2688 2691 2689
f 2689 2685 2686
f 2686 2685 2684
f 2685 2689 2692
f 2692 2689 2691
f 2679 2690 2678
f 2678 2690 2688
f 2690 2679 2693
f 2693 2679 2694
f 2696 2697 2695
f 2695 2697 2693
f 2691 2690 2697
f 2697 2690 2693
f 2693 2694 2695
f 2695 2694 2673
f 2674 2673 2681
f 2681 2673 2694
f 2679 2677 2694
f 2694 2677 2681
f 2685 2692 2668
f 2668 2692 2669
f 2696 2672 2692
f 2692 2672 2669
f 2696 2692 2697
f 2697 2692 2691
f 2695 2667 2696
f 2696 2667 2672
f 2673 2664 2695
f 2695 2664 2667
f 2675 2654 2659
f 2659 2654 2647
f 2655 2654 2680
f 2680 2654 2675
f 2291 2156 2593
f 2593 2156 2594
f 2597 2602 2598
f 2598 2602 2605
f 2616 2617 2607
f 2607 2617 2608
f 2615 2610 2617
f 2617 2610 2608
f 2597 2596 2612
f 2612 2596 2698
f 2598 2605 2607
f 2607 2605 2616
f 2194 2291 2629
f 2629 2291 2593
f 2629 2618 2613
f 2613 2618 2614
f 2190 2610 2156
f 2156 2610 2594
f 2700 2010 2699
f 2699 2010 2086
f 2267 2701 2116
f 2116 2701 2702
f 2116 2702 2117
f 2117 2702 2703
f 2704 2705 2250
f 2250 2705 2254
f 2011 2706 2267
f 2267 2706 2701
f 2699 2086 2707
f 2707 2086 2289
f 2010 2700 2011
f 2011 2700 2706
f 2708 2707 2251
f 2251 2707 2289
f 2703 2704 2117
f 2117 2704 2250
f 2705 2708 2254
f 2254 2708 2251
f 2709 2710 2708
f 2708 2710 2707
f 2711 2709 2705
f 2705 2709 2708
f 2712 2711 2704
f 2704 2711 2705
f 2713 2712 2703
f 2703 2712 2704
f 2707 2710 2699
f 2699 2710 2714
f 2699 2714 2700
f 2700 2714 2715
f 2716 2706 2715
f 2715 2706 2700
f 2714 2710 2717
f 2717 2710 2718
f 2720 2721 2719
f 2719 2721 2722
f 2721 2723 2722
f 2722 2723 2724
f 2721 2725 2723
f 2723 2725 2726
f 2727 2728 2725
f 2725 2728 2726
f 2729 2725 2720
f 2720 2725 2721
f 2731 2729 2730
f 2730 2729 2720
f 2719 2732 2720
f 2720 2732 2730
f 2726 2733 2723
f 2723 2733 2724
f 2709 2711 2733
f 2733 2711 2724
f 2724 2711 2734
f 2734 2711 2712
f 2722 2724 2735
f 2735 2724 2734
f 2719 2722 2736
f 2736 2722 2735
f 2726 2728 2733
f 2733 2728 2718
f 2709 2733 2710
f 2710 2733 2718
f 2732 2719 2737
f 2737 2719 2736
f 2738 2739 2735
f 2735 2739 2736
f 2739 2740 2736
f 2736 2740 2737
f 2741 2742 2738
f 2738 2742 2739
f 2738 2743 2741
f 2741 2743 2744
f 2740 2739 2745
f 2745 2739 2742
f 2735 2734 2738
f 2738 2734 2743
f 2713 2743 2712
f 2712 2743 2734
f 2737 2746 2732
f 2732 2746 2747
f 2732 2747 2730
f 2730 2747 2731
f 2718 2728 2748
f 2748 2728 2727
f 2749 2750 2727
f 2727 2750 2748
f 2748 2751 2718
f 2718 2751 2717
f 2750 2752 2748
f 2748 2752 2751
f 2750 2749 2754
f 2754 2749 2753
f 2731 2747 2753
f 2753 2747 2754
f 2727 2725 2749
f 2749 2725 2729
f 2749 2729 2753
f 2753 2729 2731
f 2702 2755 2703
f 2703 2755 2713
f 2706 2716 2701
f 2701 2716 2756
f 2755 2702 2756
f 2756 2702 2701
f 2756 2757 2755
f 2755 2757 2744
f 2757 2758 2744
f 2744 2758 2741
f 2759 2757 2716
f 2716 2757 2756
f 2743 2713 2744
f 2744 2713 2755
f 2760 2759 2715
f 2715 2759 2716
f 2715 2714 2760
f 2760 2714 2717
f 2760 2717 2761
f 2761 2717 2751
f 2761 2762 2760
f 2760 2762 2759
f 2763 2764 2761
f 2761 2764 2762
f 2762 2758 2759
f 2759 2758 2757
f 2758 2762 2765
f 2765 2762 2764
f 2752 2763 2751
f 2751 2763 2761
f 2763 2752 2766
f 2766 2752 2767
f 2768 2769 2766
f 2766 2769 2770
f 2764 2763 2770
f 2770 2763 2766
f 2766 2767 2768
f 2768 2767 2746
f 2747 2746 2754
f 2754 2746 2767
f 2752 2750 2767
f 2767 2750 2754
f 2758 2765 2741
f 2741 2765 2742
f 2769 2745 2765
f 2765 2745 2742
f 2769 2765 2770
f 2770 2765 2764
f 2768 2740 2769
f 2769 2740 2745
f 2746 2737 2768
f 2768 2737 2740
f 2201 2212 2200
f 2200 2212 2214
f 2201 2202 2212
f 2212 2202 2185
f 2512 2581 2191
f 2191 2581 2192
f 2059 2290 2056
f 2056 2290 2272
f 2174 2199 2294
f 2294 2199 2278
f 2063 2175 2194
f 2194 2175 2291
f 2192 2581 2133
f 2133 2581 2490
f 2133 2132 2192
f 2192 2132 2189
f 2054 2276 2055
f 2055 2276 2138
f 2083 2279 2084
f 2084 2279 2771
f 2771 2279 2599
f 2599 2279 2596
f 2606 2772 2599
f 2599 2772 2771
f 2772 2773 2771
f 2771 2773 2084
f 2773 2774 2084
f 2084 2774 2085
f 2085 2775 2082
f 2082 2775 2144
f 2774 2078 2085
f 2085 2078 2775
f 2078 2774 2079
f 2079 2774 2776
f 2774 2773 2776
f 2776 2773 2777
f 2773 2772 2777
f 2777 2772 2778
f 2190 2189 2609
f 2609 2189 2778
f 2053 2052 2779
f 2779 2052 2181
f 2144 2775 2081
f 2081 2775 2078
f 2294 2153 2174
f 2174 2153 2175
f 2132 2276 2189
f 2189 2276 2778
f 2606 2609 2772
f 2772 2609 2778
f 2195 2613 2698
f 2698 2613 2612
f 2596 2279 2698
f 2698 2279 2195
f 2054 2777 2276
f 2276 2777 2778
f 2777 2054 2776
f 2776 2054 2053
f 2053 2779 2776
f 2776 2779 2079
f 2779 2181 2079
f 2079 2181 2080
f 2181 2239 2080
f 2080 2239 2240
f 2122 2256 2014
f 2042 1982 2076
f 2076 1982 2007
f 1982 1985 2007
f 2007 1985 2008
f 2095 2097 2265
f 2265 2097 2266
f 2076 2050 2042
f 2042 2050 2047
f 2046 2043 2047
f 2047 2043 2042
f 2118 1993 2046
f 2046 1993 2043
f 1995 1994 2118
f 2118 1994 1993
f 2267 1992 2011
f 2011 1992 2012
f 1997 2012 1994
f 1994 2012 1992
f 2226 2013 1997
f 1997 2013 2012
f 2225 2087 2226
f 2226 2087 2013
f 2225 2232 2087
f 2087 2232 2288
f 2232 2070 2288
f 2288 2070 2252
f 2070 2025 2252
f 2252 2025 2253
f 1988 2249 2025
f 2025 2249 2253
f 2116 2115 2267
f 2267 2115 2268
f 2096 1984 2237
f 2237 1984 1991
f 2095 1985 2096
f 2096 1985 1984
f 2265 2008 2095
f 2095 2008 1985
f 2092 2009 2265
f 2265 2009 2008
f 2091 2286 2092
f 2092 2286 2009
f 2255 2238 2091
f 2091 2238 2286
f 2256 2239 2255
f 2255 2239 2238
f 2122 2240 2256
f 2256 2240 2239
f 2121 2241 2122
f 2122 2241 2240
f 2022 2018 2097
f 2097 2018 2266
f 2022 2024 2018
f 2018 2024 2019
f 2024 2072 2019
f 2019 2072 2073
f 2072 2228 2073
f 2073 2228 2230
f 2228 2184 2230
f 2230 2184 2183
f 2121 2285 2241
f 2241 2285 2258
f 2285 2036 2258
f 2258 2036 2257
f 2177 2145 2193
f 2193 2145 2257
f 2173 2193 2196
f 2196 2193 2037
f 2036 2037 2257
f 2257 2037 2193
f 2196 2037 2066
f 2066 2037 2035
f 2061 2108 2034
f 2034 2108 2067
f 2108 2208 2067
f 2067 2208 2204
f 2208 2210 2204
f 2204 2210 2203
f 2210 2280 2203
f 2203 2280 2186
f 2183 2186 2235
f 2235 2186 2280
f 1987 2114 1988
f 1988 2114 2249
f 2237 2115 1987
f 1987 2115 2114
f 1991 2268 2237
f 2237 2268 2115
f 1991 1990 2268
f 2268 1990 1992
f 107 110 2781
f 2781 110 2780
f 117 2782 118
f 118 2782 2783
f 119 2784 120
f 120 2784 2785
f 125 2786 126
f 126 2786 2787
f 127 2788 128
f 128 2788 2789
f 127 132 2788
f 2788 132 2790
f 231 230 2792
f 2792 230 2791
f 118 2783 119
f 119 2783 2784
f 241 243 2794
f 2794 243 2793
f 2781 2795 107
f 107 2795 352
f 120 2785 437
f 437 2785 2796
f 126 2787 110
f 110 2787 2780
f 455 2797 456
f 456 2797 2798
f 128 2789 457
f 457 2789 2799
f 456 2798 117
f 117 2798 2782
f 2794 2797 241
f 241 2797 455
f 457 2799 125
f 125 2799 2786
f 132 231 2790
f 2790 231 2792
f 230 437 2791
f 2791 437 2796
f 2792 2789 2790
f 2790 2789 2788
f 2785 2784 2801
f 2801 2784 2800
f 2786 2802 2787
f 2787 2802 2803
f 2792 2791 2805
f 2805 2791 2804
f 2784 2783 2800
f 2800 2783 2806
f 2785 2801 2796
f 2796 2801 2807
f 2787 2803 2780
f 2780 2803 2808
f 2789 2809 2799
f 2799 2809 2810
f 2799 2810 2786
f 2786 2810 2802
f 2791 2796 2804
f 2804 2796 2807
f 2789 2792 2809
f 2809 2792 2805
f 2812 2797 2811
f 2811 2797 2794
f 2809 2805 2810
f 2810 2805 2804
f 2810 2804 2802
f 2802 2804 2807
f 2802 2807 2803
f 2803 2807 2801
f 2808 2803 2800
f 2800 2803 2801
f 2814 699 2813
f 2813 699 698
f 2808 2815 2780
f 2780 2815 2781
f 2817 2782 2816
f 2816 2782 2798
f 2815 2818 2781
f 2781 2818 2795
f 2797 2812 2798
f 2798 2812 2816
f 2783 2782 2806
f 2806 2782 2817
f 2800 2806 2808
f 2808 2806 2815
f 2794 2793 2811
f 2811 2793 2819
f 174 201 384
f 384 201 362
f 200 1766 390
f 390 1766 1777
f 1777 1778 390
f 390 1778 398
f 1778 361 398
f 398 361 222
f 2820 2821 628
f 628 2821 629
f 1406 2820 790
f 790 2820 628
f 794 1415 1233
f 1233 1415 1234
f 1406 790 1407
f 1407 790 1312
f 1407 1312 2822
f 2822 1312 1316
f 2823 1380 1543
f 1543 1380 1379
f 1385 1738 1382
f 1382 1738 1383
f 1381 791 1382
f 1382 791 1386
f 791 794 1386
f 1386 794 1233
f 1259 1390 1260
f 1260 1390 1389
f 1905 1542 1394
f 1394 1542 1395
f 1410 1413 1397
f 1397 1413 1398
f 2821 1410 629
f 629 1410 1397
f 2823 2822 1380
f 1380 2822 1316
f 1392 1395 1378
f 1378 1395 1379
f 1738 1399 1383
f 1383 1399 1398
f 1388 1235 1389
f 1389 1235 1234
f 1393 1391 1394
f 1394 1391 1390
f 1381 1384 779
f 779 1384 780
f 1282 788 792
f 792 788 793
f 1431 1262 1432
f 1432 1262 1261
f 1400 1342 1408
f 1408 1342 1409
f 1508 1544 1411
f 1411 1544 1412
f 788 787 793
f 793 787 1414
f 2821 2820 1429
f 1429 2820 1430
f 2822 2823 1506
f 1506 2823 1507
f 778 1282 779
f 779 1282 792
f 2820 1406 1430
f 1430 1406 1409
f 1410 2821 1411
f 1411 2821 1429
f 1407 2822 1408
f 1408 2822 1506
f 1544 781 1412
f 1412 781 780
f 1260 1415 1261
f 1261 1415 1414
f 1334 2824 923
f 923 2824 924
f 2826 1268 2825
f 2825 1268 1267
f 769 1212 2827
f 2827 1212 2828
f 1492 1190 1266
f 1266 1190 1267
f 1488 2829 1489
f 1489 2829 2830
f 922 1329 923
f 923 1329 1328
f 1484 2831 1485
f 1485 2831 2832
f 1482 2833 1485
f 1485 2833 1486
f 1324 1493 1489
f 1489 1493 1490
f 1265 1491 1266
f 1266 1491 1490
f 2835 2836 2834
f 2834 2836 2837
f 1250 2838 2827
f 2827 2838 2839
f 1488 1491 2840
f 2840 1491 2841
f 1268 2826 2842
f 2842 2826 2843
f 2844 2845 1495
f 1495 2845 1496
f 1427 2847 2846
f 2846 2847 926
f 2829 1488 2848
f 2848 1488 2840
f 1329 922 2849
f 2849 922 927
f 2850 2851 768
f 768 2851 1213
f 1265 1268 2852
f 2852 1268 2842
f 1491 1265 2841
f 2841 1265 2852
f 2854 2855 2853
f 2853 2855 2856
f 2855 2857 2856
f 2856 2857 598
f 2857 2858 598
f 598 2858 595
f 2858 2859 595
f 595 2859 626
f 649 652 2860
f 2860 652 2861
f 639 642 2862
f 2862 642 2863
f 2864 705 2862
f 2862 705 639
f 2865 1418 2864
f 2864 1418 705
f 2866 2867 2865
f 2865 2867 1418
f 1760 1348 1761
f 1761 1348 2867
f 1764 2868 1197
f 1197 2868 1198
f 2869 611 2868
f 2868 611 1198
f 2870 612 2869
f 2869 612 611
f 1352 1350 944
f 944 1350 688
f 1350 1256 688
f 688 1256 685
f 1256 1255 685
f 685 1255 692
f 1255 2871 692
f 692 2871 2872
f 701 2873 698
f 698 2873 2813
f 2872 1349 692
f 692 1349 693
f 1696 1744 1574
f 1574 1744 1575
f 1753 1618 1577
f 1577 1618 1578
f 1729 1594 1608
f 1608 1594 1609
f 1725 1630 1611
f 1611 1630 1612
f 1604 1607 1625
f 1625 1607 1626
f 1624 1703 1625
f 1625 1703 1912
f 1703 1702 1912
f 1912 1702 1913
f 1702 1753 1913
f 1913 1753 1577
f 1598 1569 1915
f 1915 1569 1578
f 1616 1615 1915
f 1915 1615 1916
f 1615 1696 1916
f 1916 1696 1574
f 1744 1745 1575
f 1575 1745 1917
f 1745 1565 1917
f 1917 1565 1609
f 1568 1725 1608
f 1608 1725 1611
f 2874 1613 1918
f 1918 1613 1612
f 1607 2874 1626
f 1626 2874 1918
f 1610 1613 1562
f 1562 1613 1563
f 1547 1550 1570
f 1570 1550 1571
f 1573 1576 1580
f 1580 1576 1581
f 1553 1556 1595
f 1595 1556 1596
f 1556 1582 1596
f 1596 1582 1581
f 1551 1547 1599
f 1599 1547 1570
f 1731 1914 1601
f 1601 1914 1602
f 1686 1689 1605
f 1605 1689 1606
f 1598 1743 1599
f 1599 1743 1692
f 2874 1607 1723
f 1723 1607 1606
f 1727 1553 1730
f 1730 1553 1595
f 1600 1686 1601
f 1601 1686 1605
f 1914 1572 1602
f 1602 1572 1571
f 1579 1693 1580
f 1580 1693 1692
f 1613 2874 1563
f 1563 2874 1723
f 1561 1727 1562
f 1562 1727 1730
f 1949 1742 1548
f 1548 1742 1549
f 1694 1949 1552
f 1552 1949 1548
f 1954 1589 1554
f 1554 1589 1555
f 1693 1579 1558
f 1558 1579 1559
f 1561 1564 1584
f 1584 1564 1585
f 1582 1556 1588
f 1588 1556 1555
f 1600 1603 1591
f 1591 1603 1592
f 1981 1977 1687
f 1687 1977 1688
f 1564 1722 1585
f 1585 1722 1690
f 1551 1693 1552
f 1552 1693 1558
f 1751 1954 1728
f 1728 1954 1554
f 1590 1981 1591
f 1591 1981 1687
f 1603 1550 1592
f 1592 1550 1549
f 1977 1691 1688
f 1688 1691 1690
f 1587 1560 1588
f 1588 1560 1559
f 1727 1561 1728
f 1728 1561 1584
f 2875 1919 1947
f 1947 1919 1948
f 1557 1560 1952
f 1952 1560 1953
f 1933 1932 1955
f 1955 1932 1956
f 1587 1589 1958
f 1958 1589 1956
f 1959 1933 1965
f 1965 1933 1955
f 1961 1964 1966
f 1966 1964 1967
f 1981 1590 1969
f 1969 1590 1967
f 1742 1949 1972
f 1972 1949 1948
f 1593 1742 1966
f 1966 1742 1972
f 1957 1950 1958
f 1958 1950 1953
f 1583 1586 1974
f 1974 1586 1975
f 1940 1943 1978
f 1978 1943 1979
f 1943 1976 1979
f 1979 1976 1975
f 1951 2875 1952
f 1952 2875 1947
f 1968 1940 1969
f 1969 1940 1978
f 1973 1959 1974
f 1974 1959 1965
f 1923 1971 1920
f 1920 1971 1921
f 1919 2875 1920
f 1920 2875 1924
f 2875 1951 1924
f 1924 1951 1926
f 1950 1957 1929
f 1929 1957 1930
f 2244 2243 1934
f 1934 2243 1935
f 1973 1976 1937
f 1937 1976 1938
f 1944 1980 1941
f 1941 1980 1942
f 1940 1968 1941
f 1941 1968 1945
f 2287 2244 1960
f 1960 2244 1934
f 1970 2245 1962
f 1962 2245 1963
f 2243 1931 1935
f 1935 1931 1930
f 1927 1926 1928
f 1928 1926 1929
f 1961 1922 1962
f 1962 1922 1921
f 2245 1946 1963
f 1963 1946 1945
f 1976 1943 1938
f 1938 1943 1942
f 1936 2287 1937
f 1937 2287 1960
f 743 1238 608
f 608 1238 609
f 607 1811 608
f 608 1811 744
f 1304 2876 1305
f 1305 2876 2877
f 586 585 1298
f 1298 585 1299
f 585 702 1299
f 1299 702 1300
f 702 1428 1300
f 1300 1428 1301
f 1238 586 609
f 609 586 1298
f 2878 2879 1218
f 1218 2879 2877
f 2880 2881 1812
f 1812 2881 1819
f 2883 1821 2882
f 2882 1821 1820
f 2840 2841 620
f 620 2841 621
f 2842 2843 795
f 795 2843 796
f 892 895 2844
f 2844 895 2845
f 2848 2840 942
f 942 2840 620
f 2849 927 1202
f 1202 927 1203
f 2852 2842 1270
f 1270 2842 795
f 2841 2852 621
f 621 2852 1270
f 941 1759 942
f 942 1759 2884
f 659 929 1427
f 1427 929 2847
f 1237 2851 751
f 751 2851 2850
f 1216 2885 1217
f 1217 2885 1754
f 2887 734 2886
f 2886 734 733
f 2889 1816 2888
f 2888 1816 1815
f 2890 1245 2889
f 2889 1245 1816
f 1824 2891 1825
f 1825 2891 1246
f 2892 2893 2895
f 2895 2893 2894
f 1854 1833 1851
f 1851 1833 1832
f 1851 1832 1884
f 1884 1832 1876
f 1884 1876 1441
f 1441 1876 1443
f 1441 1443 1442
f 1442 1443 1446
f 1442 1446 2896
f 2896 1446 1507
f 2897 2823 2898
f 2898 2823 1543
f 1542 2899 1543
f 1543 2899 2898
f 1542 1905 2899
f 2899 1905 2900
f 1905 1259 2900
f 2900 1259 2901
f 1262 1431 2902
f 2902 1431 1904
f 1431 1434 1904
f 1904 1434 1902
f 1902 1434 2903
f 2903 1434 719
f 2903 719 2904
f 2904 719 718
f 1869 1881 718
f 718 1881 2904
f 1881 1869 1880
f 1880 1869 756
f 1880 756 2905
f 2905 756 755
f 2905 755 2906
f 2906 755 758
f 762 2907 763
f 763 2907 2908
f 724 723 2909
f 2909 723 894
f 796 895 723
f 723 895 894
f 2843 2845 796
f 796 2845 895
f 2826 1496 2843
f 2843 1496 2845
f 2825 1497 2826
f 2826 1497 1496
f 1189 2836 2825
f 2825 2836 1497
f 797 891 798
f 798 891 2837
f 802 888 797
f 797 888 891
f 2910 2911 2913
f 2913 2911 2912
f 1780 1783 2915
f 2915 1783 2914
f 2916 2917 831
f 831 2917 832
f 2918 2919 845
f 845 2919 846
f 2920 2916 847
f 847 2916 831
f 2921 2922 857
f 857 2922 858
f 2923 2924 860
f 860 2924 861
f 2919 2912 846
f 846 2912 887
f 2925 2920 940
f 940 2920 847
f 2924 2926 861
f 861 2926 1204
f 2917 2918 832
f 832 2918 845
f 2927 2928 1449
f 1449 2928 1450
f 2929 2930 889
f 889 2930 2931
f 2896 1507 2897
f 2897 1507 2823
f 2902 2901 1262
f 1262 2901 1259
f 2932 2933 750
f 750 2933 1236
f 2933 2934 1236
f 1236 2934 1835
f 2936 2937 2935
f 2935 2937 2938
f 2940 2941 2939
f 2939 2941 2942
f 2943 2944 1841
f 1841 2944 1842
f 2945 1860 2944
f 2944 1860 1842
f 2945 2946 1860
f 1860 2946 1859
f 1889 2947 1890
f 1890 2947 1856
f 1856 2947 1857
f 1857 2947 2948
f 2950 709 2949
f 2949 709 1829
f 2952 730 2951
f 2951 730 729
f 2866 2953 2867
f 2867 2953 1761
f 2953 2954 1761
f 1761 2954 1420
f 2954 2955 1420
f 1420 2955 742
f 2955 2956 742
f 742 2956 739
f 2956 2957 739
f 739 2957 760
f 2957 2958 760
f 760 2958 761
f 2958 2959 761
f 761 2959 2960
f 2959 2961 2960
f 2960 2961 2962
f 2963 2964 1839
f 1839 2964 1840
f 2964 2965 1840
f 1840 2965 2942
f 2966 2950 2939
f 2939 2950 2949
f 2935 2967 2936
f 2936 2967 2968
f 2969 2970 736
f 736 2970 735
f 734 2887 1815
f 1815 2887 2888
f 2887 2882 2888
f 2888 2882 2881
f 1819 1820 1817
f 1817 1820 748
f 1195 1757 1197
f 1197 1757 1424
f 1757 647 1424
f 1424 647 646
f 647 648 646
f 646 648 643
f 648 1271 643
f 643 1271 737
f 1271 725 737
f 737 725 765
f 725 724 765
f 765 724 762
f 762 724 2907
f 2907 724 2909
f 1254 1437 2909
f 2909 1437 2907
f 1438 1253 1836
f 1836 1253 1835
f 1836 1835 2938
f 2938 1835 2934
f 2971 2972 2935
f 2935 2972 2967
f 897 896 2969
f 2969 896 2970
f 1815 1814 734
f 734 1814 731
f 728 1215 896
f 896 1215 732
f 2885 1216 733
f 733 1216 2886
f 1216 1219 2886
f 2886 1219 2883
f 2876 1304 1821
f 1821 1304 749
f 1304 1303 749
f 749 1303 746
f 1818 2973 1817
f 1817 2973 1810
f 747 2974 1818
f 1818 2974 2973
f 747 746 2974
f 2974 746 1303
f 2976 2977 2975
f 2975 2977 2978
f 2976 2979 2901
f 2901 2979 2900
f 2980 2981 2982
f 2982 2981 2979
f 2981 2980 2983
f 2983 2980 2984
f 2985 2897 2983
f 2983 2897 2898
f 2987 2988 2986
f 2986 2988 2985
f 2896 2988 1442
f 1442 2988 1439
f 1903 2977 1904
f 1904 2977 2902
f 1856 1855 1890
f 1890 1855 2989
f 2989 2990 1890
f 1890 2990 1359
f 2990 2991 1359
f 1359 2991 1356
f 2946 2992 1859
f 1859 2992 1893
f 2992 2993 1893
f 1893 2993 775
f 2993 2994 775
f 775 2994 776
f 2986 1356 2987
f 2987 1356 2991
f 2975 2978 776
f 776 2978 777
f 2982 2994 2980
f 2980 2994 2995
f 1357 2984 2995
f 2995 2984 2980
f 2995 2996 1357
f 1357 2996 1358
f 2996 2997 1358
f 1358 2997 1889
f 2998 2999 2932
f 2932 2999 2933
f 2999 2971 2933
f 2933 2971 2934
f 1837 1836 2937
f 2937 1836 2938
f 2943 1841 2941
f 2941 1841 1838
f 3001 2944 3000
f 3000 2944 2943
f 3001 3002 2944
f 2944 3002 2945
f 3002 3003 2945
f 2945 3003 2946
f 2997 3003 1889
f 1889 3003 2947
f 2947 3003 2948
f 2948 3003 3002
f 3001 3004 3002
f 3002 3004 2948
f 3000 3005 3001
f 3001 3005 3004
f 2940 3006 3000
f 3000 3006 3005
f 2999 3007 2971
f 2971 3007 2972
f 2998 2951 2999
f 2999 2951 3007
f 3008 2952 2998
f 2998 2952 2951
f 2966 2965 2936
f 2936 2965 2937
f 2935 2938 2971
f 2971 2938 2934
f 3003 2997 2946
f 2946 2997 2992
f 2997 2996 2992
f 2992 2996 2993
f 2996 2995 2993
f 2993 2995 2994
f 1356 2986 1357
f 1357 2986 2984
f 2982 2975 2994
f 2994 2975 776
f 1844 1843 1899
f 1899 1843 3009
f 1843 638 3009
f 3009 638 3010
f 638 637 3010
f 3010 637 3011
f 637 1830 3011
f 3011 1830 3012
f 1830 1833 3012
f 3012 1833 2894
f 1833 1854 2894
f 2894 1854 2895
f 1854 1853 2895
f 2895 1853 1888
f 1858 1857 1885
f 1885 1857 1892
f 1899 3009 1898
f 1898 3009 1874
f 3009 3010 1874
f 1874 3010 1865
f 3010 3011 1865
f 1865 3011 1862
f 3011 3012 1862
f 1862 3012 1882
f 3012 2894 1882
f 1882 2894 2893
f 1850 2890 782
f 782 2890 2889
f 783 2880 1811
f 1811 2880 1812
f 744 1810 745
f 745 1810 2973
f 745 2973 805
f 805 2973 806
f 2973 2974 806
f 806 2974 815
f 1303 812 2974
f 2974 812 815
f 1303 1302 812
f 812 1302 1221
f 1307 3013 1302
f 1302 3013 1221
f 1734 3014 1633
f 1633 3014 1634
f 1646 1649 1636
f 1636 1649 1637
f 1654 1657 1641
f 1641 1657 1642
f 1639 1736 1636
f 1636 1736 1684
f 1716 1713 1698
f 1698 1713 1699
f 1718 1721 1705
f 1705 1721 1706
f 1653 1654 1709
f 1709 1654 1641
f 1620 1623 1714
f 1714 1623 1699
f 1712 1682 1714
f 1714 1682 1740
f 1668 1671 1746
f 1746 1671 1747
f 1752 1650 1749
f 1749 1650 1750
f 1750 1650 1709
f 1709 1650 1653
f 1632 1668 1633
f 1633 1668 1746
f 1649 1752 1637
f 1637 1752 1749
f 1682 1643 1740
f 1740 1643 1642
f 3014 1685 1634
f 1634 1685 1684
f 1704 1748 1705
f 1705 1748 1747
f 1697 1707 1698
f 1698 1707 1706
f 1739 1701 1621
f 1621 1701 1622
f 1567 1566 1647
f 1647 1566 1648
f 1664 1695 1651
f 1651 1695 1652
f 1614 1617 1655
f 1655 1617 1656
f 1704 1707 1659
f 1659 1707 1660
f 3014 1734 1662
f 1662 1734 1663
f 1650 1752 1651
f 1651 1752 1665
f 1741 1657 1667
f 1667 1657 1656
f 1695 1614 1652
f 1652 1614 1655
f 1724 1567 1726
f 1726 1567 1647
f 1645 1628 1733
f 1733 1628 1663
f 1685 3014 1726
f 1726 3014 1662
f 1620 1741 1621
f 1621 1741 1667
f 1566 1666 1648
f 1648 1666 1665
f 1658 1737 1659
f 1659 1737 1901
f 1911 1661 1910
f 1910 1661 1660
f 1701 1911 1622
f 1622 1911 1910
f 1732 1748 1733
f 1733 1748 1901
f 1857 2948 1892
f 1892 2948 3004
f 1892 3004 1891
f 1891 3004 3005
f 1828 3006 1829
f 1829 3006 2949
f 2967 736 2968
f 2968 736 710
f 2972 2969 2967
f 2967 2969 736
f 2969 2972 897
f 897 2972 3007
f 897 3007 729
f 729 3007 2951
f 3016 753 3015
f 3015 753 752
f 3018 767 3017
f 3017 767 766
f 3019 3020 1249
f 1249 3020 3021
f 2915 2914 3019
f 3019 2914 3020
f 3023 2914 3022
f 3022 2914 1783
f 2827 2839 769
f 769 2839 766
f 3025 2838 3024
f 3024 2838 3021
f 768 767 2850
f 2850 767 3026
f 2850 3026 751
f 751 3026 752
f 750 753 2932
f 2932 753 3027
f 3008 2998 3027
f 3027 2998 2932
f 3028 3029 3008
f 3008 3029 2952
f 3029 3030 2952
f 2952 3030 730
f 3032 3033 3031
f 3031 3033 3034
f 3036 3037 3035
f 3035 3037 3038
f 2870 3039 612
f 612 3039 3040
f 3041 3042 3031
f 3031 3042 3038
f 3034 1352 3043
f 3043 1352 944
f 612 3040 613
f 613 3040 3044
f 613 3044 1425
f 1425 3044 1422
f 3045 3042 669
f 669 3042 670
f 3041 3043 599
f 599 3043 600
f 772 771 1544
f 1544 771 781
f 1503 771 1866
f 1866 771 770
f 771 1503 781
f 781 1503 778
f 61 281 416
f 416 281 1907
f 283 103 3046
f 3046 103 3047
f 76 79 3048
f 3048 79 3049
f 280 76 1906
f 1906 76 3048
f 3051 335 3050
f 3050 335 334
f 3053 417 3052
f 3052 417 416
f 3055 435 3054
f 3054 435 434
f 428 435 419
f 419 435 1908
f 420 1909 293
f 293 1909 443
f 79 294 3049
f 3049 294 444
f 3057 444 3056
f 3056 444 443
f 3051 3058 335
f 335 3058 452
f 216 215 1332
f 1332 215 452
f 308 283 462
f 462 283 3046
f 3050 334 3059
f 3059 334 462
f 103 62 3047
f 3047 62 417
f 313 312 434
f 434 312 463
f 3061 574 3060
f 3060 574 573
f 1310 3062 1428
f 1428 3062 3063
f 1258 3064 1255
f 1255 3064 2871
f 932 3065 2853
f 2853 3065 3066
f 699 2814 931
f 931 2814 3067
f 3068 1301 3063
f 3063 1301 1428
f 571 574 1310
f 1310 574 3062
f 3060 573 3069
f 3069 573 1332
f 3070 3071 1906
f 1906 3071 1907
f 3072 3073 1908
f 1908 3073 1909
f 3075 2814 3074
f 3074 2814 2813
f 2854 3076 1258
f 1258 3076 3064
f 2871 3077 2872
f 2872 3077 3078
f 3074 2813 3079
f 3079 2813 2873
f 2872 3078 1349
f 1349 3078 3080
f 2873 701 3068
f 3068 701 1301
f 1330 1201 3080
f 3080 1201 1349
f 1264 1263 3081
f 3081 1263 3082
f 3083 3084 3082
f 3082 3084 3081
f 811 1448 3086
f 3086 1448 3085
f 808 811 3087
f 3087 811 3086
f 3088 3083 833
f 833 3083 3082
f 884 3089 885
f 885 3089 3090
f 3087 1790 808
f 808 1790 816
f 1790 3087 1787
f 1787 3087 3091
f 3092 3091 3086
f 3086 3091 3087
f 3093 3094 3084
f 3084 3094 3095
f 3089 3096 3090
f 3090 3096 3088
f 3097 3093 3083
f 3083 3093 3084
f 3099 3100 3098
f 3098 3100 1786
f 3101 1788 2913
f 2913 1788 3102
f 838 837 885
f 885 837 886
f 886 837 3103
f 3103 837 1541
f 3094 3093 3104
f 3104 3093 3097
f 3105 3106 3089
f 3089 3106 3096
f 3108 3109 3107
f 3107 3109 3110
f 3111 3112 3091
f 3091 3112 1787
f 3114 3108 3113
f 3113 3108 3107
f 3114 3115 3112
f 3112 3115 3102
f 3091 3092 3111
f 3111 3092 3116
f 839 838 835
f 835 838 836
f 885 3090 838
f 838 3090 836
f 3110 3117 1247
f 1247 3117 3118
f 1247 3118 1248
f 1248 3118 3119
f 3120 3121 3119
f 3119 3121 1248
f 1247 844 3110
f 3110 844 3107
f 844 843 3107
f 3107 843 3113
f 843 3099 3113
f 3113 3099 3122
f 1781 3123 3098
f 3098 3123 3124
f 2915 2931 1780
f 1780 2931 2930
f 3019 3125 2915
f 2915 3125 2931
f 890 3125 2834
f 2834 3125 1252
f 3125 3019 1252
f 1252 3019 1249
f 907 908 946
f 946 908 947
f 1185 1188 1369
f 1369 1188 948
f 954 957 951
f 951 957 952
f 910 965 953
f 953 965 950
f 905 958 960
f 960 958 961
f 3126 978 949
f 949 978 962
f 936 935 967
f 967 935 968
f 994 993 969
f 969 993 966
f 902 904 971
f 971 904 972
f 983 985 973
f 973 985 970
f 906 905 974
f 974 905 960
f 977 981 959
f 959 981 975
f 911 910 1143
f 1143 910 953
f 952 957 1142
f 1142 957 1145
f 911 1143 1366
f 1366 1143 1368
f 1185 1369 1145
f 1145 1369 1142
f 993 1519 966
f 966 1519 1456
f 965 1454 950
f 950 1454 1457
f 900 899 1459
f 1459 899 1460
f 988 991 1461
f 1461 991 1458
f 899 963 1460
f 1460 963 1462
f 985 987 970
f 970 987 1463
f 904 906 972
f 972 906 974
f 981 983 975
f 975 983 973
f 935 900 968
f 968 900 1459
f 991 994 1458
f 1458 994 969
f 1154 1526 1088
f 1088 1526 1089
f 1109 1112 1092
f 1092 1112 1093
f 1083 1098 1084
f 1084 1098 1097
f 1078 1471 1100
f 1100 1471 1101
f 1075 1078 1104
f 1104 1078 1100
f 1152 1154 1156
f 1156 1154 1088
f 1156 1155 1372
f 1372 1155 1373
f 1372 1373 1104
f 1104 1373 1075
f 1467 1109 1465
f 1465 1109 1092
f 1465 1182 1468
f 1468 1182 1184
f 1474 1470 1096
f 1096 1470 1097
f 1102 1101 1083
f 1083 1101 1098
f 1112 1531 1093
f 1093 1531 1529
f 1102 1073 1099
f 1099 1073 1072
f 1526 1154 1079
f 1079 1154 1080
f 1081 1091 1082
f 1082 1091 1094
f 1069 1068 1085
f 1085 1068 1086
f 1153 1151 1080
f 1080 1151 1058
f 1371 1177 1179
f 1179 1177 1176
f 1099 1072 1103
f 1103 1072 1176
f 1068 1071 1086
f 1086 1071 1073
f 1085 1084 1180
f 1180 1084 1469
f 1066 1065 1183
f 1183 1065 1181
f 1153 1152 1177
f 1177 1152 1178
f 1091 1081 1182
f 1182 1081 1183
f 1057 1525 1079
f 1079 1525 1527
f 1120 1117 1076
f 1076 1117 1077
f 1087 1090 1107
f 1107 1090 1108
f 1127 1126 1110
f 1110 1126 1111
f 1095 1116 1096
f 1096 1116 1115
f 1471 1078 1119
f 1119 1078 1077
f 1087 1107 1155
f 1155 1107 1158
f 1376 1374 1157
f 1157 1374 1158
f 1076 1075 1374
f 1374 1075 1373
f 1109 1467 1110
f 1110 1467 1472
f 1467 1466 1472
f 1472 1466 1473
f 1135 1475 1114
f 1114 1475 1115
f 1471 1119 1095
f 1095 1119 1116
f 1126 1532 1111
f 1111 1532 1530
f 914 1276 1480
f 1480 1276 1517
f 3127 3128 1223
f 1223 3128 1224
f 824 933 1455
f 1455 933 3129
f 3131 1448 3130
f 3130 1448 1447
f 3132 3133 1452
f 1452 3133 1453
f 3130 1447 1322
f 1322 1447 1455
f 933 1514 3129
f 3129 1514 3134
f 1161 3135 1480
f 1480 3135 1481
f 3128 3136 1224
f 1224 3136 1499
f 3133 1162 1453
f 1453 1162 1517
f 1515 3127 1535
f 1535 3127 1223
f 3095 3085 3131
f 3131 3085 1448
f 3137 3092 3085
f 3085 3092 3086
f 3138 3116 3137
f 3137 3116 3092
f 3110 3109 3117
f 3117 3109 3139
f 3105 3140 3117
f 3117 3140 3118
f 3140 3141 3118
f 3118 3141 3119
f 3142 3120 3141
f 3141 3120 3119
f 1498 3143 1277
f 1277 3143 882
f 3144 3145 1340
f 1340 3145 1339
f 1340 3146 3144
f 3144 3146 3147
f 3145 3144 3143
f 3143 3144 3148
f 871 901 872
f 872 901 1362
f 3149 3148 3147
f 3147 3148 3144
f 1208 3150 1209
f 3098 1786 1781
f 1781 1786 1782
f 2930 2929 3123
f 3123 2929 2911
f 1794 1791 2916
f 2916 1791 2917
f 1793 3101 2918
f 2918 3101 2919
f 1796 1794 2920
f 2920 1794 2916
f 3151 3152 2921
f 2921 3152 2922
f 3153 3154 2923
f 2923 3154 2924
f 2919 3101 2912
f 2912 3101 2913
f 3155 1796 2925
f 2925 1796 2920
f 3154 3156 2924
f 2924 3156 2926
f 1791 1793 2917
f 2917 1793 2918
f 3157 3158 2927
f 2927 3158 2928
f 1780 2930 1781
f 1781 2930 3123
f 2825 1267 1189
f 1189 1267 1190
f 2827 2828 1250
f 1250 2828 1251
f 1489 2830 1324
f 1324 2830 1325
f 923 1328 1334
f 1334 1328 1335
f 1485 2832 1482
f 1482 2832 1483
f 1266 1490 1492
f 1492 1490 1493
f 1333 1346 1334
f 1334 1346 2824
f 722 799 1492
f 1492 799 1190
f 664 657 1482
f 1482 657 2833
f 631 634 1324
f 1324 634 1493
f 2828 1494 1251
f 1251 1494 2835
f 1249 3021 1250
f 1250 3021 2838
f 798 2837 1189
f 1189 2837 2836
f 3100 842 3160
f 3160 842 3159
f 1788 3101 1789
f 1789 3101 1793
f 1792 816 1789
f 1789 816 1790
f 817 816 1795
f 1795 816 1792
f 938 817 1797
f 1797 817 1795
f 1796 3155 1797
f 1797 3155 1798
f 3155 3158 1798
f 1798 3158 1799
f 3157 3152 1801
f 1801 3152 1802
f 3151 3156 1803
f 1803 3156 1804
f 3154 3153 1805
f 1805 3153 1806
f 3153 3161 1806
f 1806 3161 1807
f 3099 843 3100
f 3100 843 842
f 1788 1787 3102
f 3102 1787 3112
f 2910 3115 3124
f 3124 3115 3122
f 3099 3098 3122
f 3122 3098 3124
f 416 1907 3052
f 3052 1907 3071
f 3046 3047 3163
f 3163 3047 3162
f 249 445 259
f 259 445 3164
f 425 3165 424
f 424 3165 461
f 408 410 329
f 329 410 330
f 39 331 40
f 40 331 332
f 305 304 423
f 423 304 464
f 385 254 458
f 458 254 392
f 250 415 251
f 251 415 412
f 233 337 234
f 234 337 3166
f 435 3055 1908
f 1908 3055 3072
f 443 1909 3056
f 3056 1909 3073
f 3167 3049 3057
f 3057 3049 444
f 452 3058 1332
f 1332 3058 3069
f 234 3166 346
f 346 3166 411
f 3046 3163 462
f 462 3163 3059
f 259 3164 260
f 260 3164 336
f 3047 417 3162
f 3162 417 3053
f 463 3168 434
f 434 3168 3054
f 454 830 425
f 425 830 3165
f 3062 3169 3063
f 3063 3169 3170
f 1355 1354 1534
f 1534 1354 3171
f 3063 3170 3068
f 3068 3170 3172
f 574 3061 3062
f 3062 3061 3169
f 1534 3171 1535
f 1535 3171 3173
f 3079 2873 3172
f 3172 2873 3068
f 2838 3025 2839
f 2839 3025 3174
f 3176 3177 3175
f 3175 3177 3178
f 3180 1125 3179
f 3179 1125 1128
f 3182 3183 3181
f 3181 3183 3184
f 1134 3185 1130
f 1130 3185 3182
f 3186 3187 3189
f 3189 3187 3188
f 3191 3189 3190
f 3190 3189 3188
f 1137 1122 3190
f 3190 1122 3192
f 3175 3178 3193
f 3193 3178 3194
f 3181 3184 3179
f 3179 3184 3195
f 3197 3198 3196
f 3196 3198 3180
f 3200 3178 3199
f 3199 3178 3177
f 3202 3196 3201
f 3201 3196 3195
f 3204 3184 3203
f 3203 3184 3183
f 3206 3207 3205
f 3205 3207 3186
f 3205 3186 3208
f 3208 3186 3189
f 3209 3208 3191
f 3191 3208 3189
f 3210 3194 3200
f 3200 3194 3178
f 3201 3195 3204
f 3204 3195 3184
f 3197 3211 3177
f 3177 3211 3199
f 3213 3214 3212
f 3212 3214 3215
f 3217 3218 3216
f 3216 3218 3219
f 3221 3222 3220
f 3220 3222 3223
f 3225 3226 3224
f 3224 3226 3227
f 3229 3230 3228
f 3228 3230 3231
f 3233 3234 3232
f 3232 3234 3235
f 3237 3238 3236
f 3236 3238 3239
f 3238 3240 3239
f 3239 3240 3241
f 3232 3235 3242
f 3242 3235 3243
f 3245 3246 3244
f 3244 3246 3247
f 3248 3249 3245
f 3245 3249 3246
f 3251 3252 3250
f 3250 3252 3253
f 3255 3252 3254
f 3254 3252 3251
f 3256 3257 3259
f 3259 3257 3258
f 3261 3262 3260
f 3260 3262 3263
f 3265 3263 3264
f 3264 3263 3262
f 3256 3259 3266
f 3266 3259 3267
f 3269 3270 3268
f 3268 3270 3271
f 3269 3272 3270
f 3270 3272 3273
f 3274 3275 3277
f 3277 3275 3276
f 3278 3279 3276
f 3276 3279 3277
f 3281 3282 3280
f 3280 3282 3283
f 3280 3284 3281
f 3281 3284 3285
f 3287 3288 3286
f 3286 3288 3289
f 3290 3291 3288
f 3288 3291 3289
f 3234 3218 3235
f 3235 3218 3217
f 3232 3292 3233
f 3233 3292 3293
f 3239 3294 3236
f 3236 3294 3219
f 3233 3293 3237
f 3237 3293 3295
f 3296 3294 3241
f 3241 3294 3239
f 3240 3238 3297
f 3297 3238 3298
f 3217 3216 3235
f 3235 3216 3243
f 3297 3299 3240
f 3240 3299 3242
f 3246 3300 3247
f 3247 3300 3223
f 3301 3302 3254
f 3254 3302 3244
f 3249 3303 3246
f 3246 3303 3300
f 3245 3304 3248
f 3248 3304 3292
f 3252 3221 3253
f 3253 3221 3220
f 3250 3248 3299
f 3299 3248 3292
f 3222 3221 3255
f 3255 3221 3252
f 3297 3301 3251
f 3251 3301 3254
f 3258 3214 3259
f 3259 3214 3213
f 3257 3256 3304
f 3304 3256 3305
f 3263 3306 3260
f 3260 3306 3215
f 3261 3257 3302
f 3302 3257 3304
f 3307 3306 3265
f 3265 3306 3263
f 3262 3301 3264
f 3264 3301 3308
f 3259 3213 3267
f 3267 3213 3212
f 3308 3309 3264
f 3264 3309 3266
f 3270 3310 3271
f 3271 3310 3231
f 3311 3312 3278
f 3278 3312 3268
f 3270 3273 3310
f 3310 3273 3313
f 3272 3269 3305
f 3305 3269 3314
f 3277 3229 3274
f 3274 3229 3228
f 3275 3272 3309
f 3309 3272 3305
f 3279 3230 3277
f 3277 3230 3229
f 3276 3308 3278
f 3278 3308 3311
f 3281 3315 3282
f 3282 3315 3227
f 3290 3316 3283
f 3283 3316 3317
f 3281 3285 3315
f 3315 3285 3318
f 3284 3280 3314
f 3314 3280 3319
f 3289 3225 3286
f 3286 3225 3224
f 3287 3284 3312
f 3284 3314 3312
f 3291 3226 3289
f 3289 3226 3225
f 3288 3311 3290
f 3290 3311 3316
f 3212 3215 3307
f 3307 3215 3306
f 3294 3296 3219
f 3219 3296 3216
f 3303 3220 3300
f 3300 3220 3223
f 3224 3227 3318
f 3318 3227 3315
f 3228 3231 3313
f 3313 3231 3310
f 3234 3233 3236
f 3236 3233 3237
f 3243 3241 3242
f 3242 3241 3240
f 3247 3255 3244
f 3244 3255 3254
f 3253 3249 3250
f 3250 3249 3248
f 3260 3258 3261
f 3261 3258 3257
f 3266 3267 3264
f 3264 3267 3265
f 3268 3271 3278
f 3278 3271 3279
f 3274 3273 3275
f 3275 3273 3272
f 3283 3282 3290
f 3290 3282 3291
f 3286 3285 3287
f 3287 3285 3284
f 3218 3234 3219
f 3219 3234 3236
f 3295 3298 3237
f 3237 3298 3238
f 3216 3296 3243
f 3243 3296 3241
f 3242 3299 3232
f 3232 3299 3292
f 3223 3222 3247
f 3247 3222 3255
f 3244 3302 3245
f 3245 3302 3304
f 3303 3249 3220
f 3220 3249 3253
f 3297 3251 3299
f 3299 3251 3250
f 3215 3214 3260
f 3260 3214 3258
f 3301 3262 3302
f 3302 3262 3261
f 3212 3307 3267
f 3267 3307 3265
f 3266 3309 3256
f 3256 3309 3305
f 3271 3231 3279
f 3279 3231 3230
f 3268 3312 3269
f 3269 3312 3314
f 3228 3313 3274
f 3274 3313 3273
f 3308 3276 3309
f 3309 3276 3275
f 3282 3227 3291
f 3291 3227 3226
f 3317 3319 3283
f 3283 3319 3280
f 3224 3318 3286
f 3286 3318 3285
f 3312 3311 3287
f 3311 3288 3287
f 3320 3321 3194
f 3194 3321 3193
f 1375 3321 1121
f 1121 3321 3322
f 3323 3324 3322
f 3322 3324 3192
f 3175 1124 3176
f 3176 1124 1123
f 3179 3195 3180
f 3180 3195 3196
f 3181 1131 3182
f 3182 1131 1130
f 3207 3185 3186
f 3186 3185 3187
f 1136 3188 1133
f 1133 3188 3187
f 3190 3188 1137
f 1137 3188 1136
f 3193 1159 3175
f 3175 1159 1124
f 3179 1128 3181
f 3181 1128 1131
f 1533 3198 1123
f 1123 3198 3176
f 3321 1375 3193
f 3193 1375 1159
f 3321 3320 3322
f 3322 3320 3323
f 1122 1121 3192
f 3192 1121 3322
f 3194 3210 3320
f 3320 3210 3325
f 3324 3323 3327
f 3327 3323 3326
f 3320 3325 3323
f 3323 3325 3326
f 3208 3328 3205
f 3205 3328 3329
f 3330 3206 3329
f 3329 3206 3205
f 3203 3331 3204
f 3204 3331 3332
f 3210 3333 3325
f 3325 3333 3334
f 3325 3334 3326
f 3326 3334 3335
f 3327 3326 3336
f 3336 3326 3335
f 3327 3209 3324
f 3324 3209 3191
f 3190 3192 3191
f 3191 3192 3324
f 3338 3339 3337
f 3337 3339 3340
f 3338 3341 3339
f 3339 3341 3342
f 3341 3343 3342
f 3342 3343 3344
f 3343 3345 3344
f 3344 3345 3346
f 3345 3347 3346
f 3346 3347 3348
f 3347 3349 3348
f 3348 3349 3350
f 3337 3340 3351
f 3351 3340 3352
f 3351 3352 3353
f 3353 3352 3354
f 3353 3354 3355
f 3355 3354 3356
f 3350 3349 3357
f 3357 3349 3358
f 3355 3356 3359
f 3359 3356 3360
f 3359 3360 3361
f 3361 3360 3362
f 3361 3362 3363
f 3363 3362 3364
f 3363 3364 3358
f 3358 3364 3357
f 3339 3342 3365
f 3365 3342 3366
f 3342 3344 3366
f 3366 3344 3367
f 3344 3346 3367
f 3367 3346 3368
f 3346 3348 3368
f 3368 3348 3369
f 3348 3350 3369
f 3369 3350 3370
f 3368 3369 3371
f 3371 3369 3372
f 3369 3370 3372
f 3372 3370 3373
f 3373 3374 3372
f 3372 3374 3375
f 3377 3378 3376
f 3376 3378 3379
f 3377 3375 3378
f 3378 3375 3374
f 3375 3380 3372
f 3372 3380 3371
f 3377 3381 3375
f 3375 3381 3380
f 3376 3382 3377
f 3377 3382 3381
f 3384 3385 3383
f 3383 3385 3386
f 3384 3383 3388
f 3388 3383 3387
f 3388 3387 3389
f 3389 3387 3390
f 3392 3385 3391
f 3391 3385 3384
f 3388 3393 3384
f 3384 3393 3391
f 3389 3394 3388
f 3388 3394 3393
f 3389 3395 3394
f 3394 3395 3396
f 3395 3389 3397
f 3397 3389 3390
f 3339 3365 3340
f 3340 3365 3398
f 3340 3398 3352
f 3352 3398 3399
f 3371 3400 3368
f 3368 3400 3367
f 3400 3401 3367
f 3367 3401 3366
f 3366 3401 3365
f 3365 3401 3402
f 3398 3365 3403
f 3403 3365 3402
f 3398 3403 3399
f 3399 3403 3404
f 3403 3405 3404
f 3404 3405 3406
f 3352 3399 3354
f 3354 3399 3407
f 3399 3404 3407
f 3407 3404 3408
f 3404 3406 3408
f 3408 3406 3409
f 3405 3410 3406
f 3406 3410 3411
f 3410 3412 3411
f 3411 3412 3413
f 3397 3414 3395
f 3395 3414 3415
f 3417 3415 3416
f 3416 3415 3412
f 3410 3418 3412
f 3412 3418 3416
f 3410 3405 3418
f 3418 3405 3419
f 3405 3403 3419
f 3419 3403 3402
f 3370 3350 3420
f 3420 3350 3357
f 3373 3370 3421
f 3421 3370 3420
f 3374 3373 3422
f 3422 3373 3421
f 3378 3374 3423
f 3423 3374 3422
f 3378 3423 3379
f 3379 3423 3424
f 3424 3425 3379
f 3379 3425 3386
f 3383 3426 3387
f 3387 3426 3427
f 3387 3427 3390
f 3390 3427 3428
f 3390 3428 3397
f 3397 3428 3429
f 3429 3430 3397
f 3397 3430 3414
f 3411 3413 3431
f 3431 3413 3432
f 3406 3411 3409
f 3409 3411 3431
f 3401 3400 3335
f 3335 3400 3336
f 3401 3335 3402
f 3402 3335 3334
f 3402 3334 3419
f 3419 3334 3333
f 3419 3333 3418
f 3418 3333 3433
f 3418 3433 3416
f 3416 3433 3434
f 3435 3417 3434
f 3434 3417 3416
f 3394 3396 3436
f 3436 3396 3437
f 3393 3394 3332
f 3332 3394 3436
f 3393 3332 3391
f 3391 3332 3331
f 3330 3392 3331
f 3331 3392 3391
f 3382 3329 3381
f 3381 3329 3328
f 3354 3407 3356
f 3356 3407 3438
f 3356 3438 3360
f 3360 3438 3439
f 3360 3439 3362
f 3362 3439 3440
f 3362 3440 3364
f 3364 3440 3441
f 3364 3441 3357
f 3357 3441 3420
f 3421 3420 3442
f 3442 3420 3441
f 3442 3441 3443
f 3443 3441 3440
f 3443 3440 3444
f 3444 3440 3439
f 3444 3439 3445
f 3445 3439 3438
f 3445 3438 3408
f 3408 3438 3407
f 3422 3421 3446
f 3446 3421 3442
f 3446 3442 3447
f 3447 3442 3443
f 3447 3443 3448
f 3448 3443 3444
f 3448 3444 3449
f 3449 3444 3445
f 3449 3445 3409
f 3409 3445 3408
f 3409 3431 3449
f 3449 3431 3450
f 3449 3450 3448
f 3448 3450 3451
f 3451 3452 3448
f 3448 3452 3447
f 3447 3452 3446
f 3446 3452 3453
f 3446 3453 3422
f 3422 3453 3423
f 3424 3423 3454
f 3454 3423 3453
f 3452 3455 3453
f 3453 3455 3454
f 3452 3451 3455
f 3455 3451 3456
f 3450 3457 3451
f 3451 3457 3456
f 3431 3432 3450
f 3450 3432 3457
f 3454 3458 3424
f 3424 3458 3425
f 3427 3426 3459
f 3459 3426 3460
f 3428 3427 3461
f 3461 3427 3459
f 3428 3461 3429
f 3429 3461 3462
f 3462 3463 3429
f 3429 3463 3430
f 3464 3465 3462
f 3462 3465 3463
f 3455 3466 3454
f 3454 3466 3458
f 3465 3464 3466
f 3466 3464 3467
f 3461 3459 3468
f 3468 3459 3469
f 3468 3469 3464
f 3464 3469 3467
f 3464 3462 3468
f 3468 3462 3461
f 3459 3460 3469
f 3469 3460 3467
f 3295 3351 3298
f 3298 3351 3353
f 3353 3355 3298
f 3298 3355 3297
f 3297 3355 3301
f 3301 3355 3359
f 3301 3359 3308
f 3308 3359 3361
f 3308 3361 3311
f 3311 3361 3363
f 3311 3363 3316
f 3316 3363 3358
f 3316 3358 3317
f 3317 3358 3349
f 3349 3347 3317
f 3317 3347 3319
f 3347 3345 3319
f 3319 3345 3314
f 3345 3343 3314
f 3314 3343 3305
f 3343 3341 3305
f 3305 3341 3304
f 3304 3341 3292
f 3292 3341 3338
f 3292 3338 3293
f 3293 3338 3337
f 3293 3337 3295
f 3295 3337 3351
f 3437 3202 3436
f 3436 3202 3201
f 3436 3201 3332
f 3332 3201 3204
f 3433 3200 3434
f 3434 3200 3199
f 3211 3435 3199
f 3199 3435 3434
f 3333 3210 3433
f 3433 3210 3200
f 3380 3470 3371
f 3400 3371 3336
f 3336 3371 3470
f 3381 3328 3380
f 3380 3328 3470
f 3470 3328 3209
f 3209 3328 3208
f 3336 3470 3327
f 3327 3470 3209
f 1545 1763 1546
f 1546 1763 1762
f 1403 1546 773
f 773 1546 770
f 1221 3013 1220
f 1220 3013 3471
f 1305 2877 1306
f 1306 2877 2879
f 1220 3471 828
f 828 3471 829
f 1217 1754 3472
f 3472 1754 1756
f 1049 3473 1048
f 1048 3473 3474
f 1371 1179 3473
f 3473 1179 3474
f 1074 3475 1179
f 1179 3475 3474
f 3474 3475 1048
f 1048 3475 1056
f 919 666 1345
f 1345 666 665
f 856 680 919
f 919 680 666
f 679 680 1449
f 1449 680 858
f 1367 878 1500
f 1500 878 877
f 1366 908 1367
f 1367 908 878
f 1512 916 1513
f 1513 916 915
f 947 1368 948
f 948 1368 1369
f 1047 1021 1044
f 1044 1021 1020
f 1370 1049 1019
f 1019 1049 1020
f 1173 1030 1174
f 1174 1030 1033
f 3126 1188 1464
f 1464 1188 1187
f 1800 1451 1512
f 1512 1451 916
f 1175 1174 1186
f 1186 1174 1187
f 1030 1173 1047
f 1047 1173 1021
f 1513 915 3476
f 3476 915 1481
f 1345 665 3477
f 3477 665 1483
f 1502 1501 876
f 876 1501 877
f 1205 1451 1803
f 1803 1451 1802
f 3479 2832 3478
f 3478 2832 2831
f 1449 858 2927
f 2927 858 2922
f 908 1366 947
f 947 1366 1368
f 949 948 3126
f 3126 948 1188
f 3480 3135 1502
f 1502 3135 1501
f 2927 2922 3157
f 3157 2922 3152
f 3477 1483 3479
f 3479 1483 2832
f 1803 1802 3151
f 3151 1802 3152
f 663 658 664
f 664 658 657
f 655 658 939
f 939 658 706
f 1512 870 1800
f 1800 870 869
f 875 874 876
f 876 874 873
f 849 874 905
f 905 874 958
f 949 962 946
f 946 962 961
f 978 3126 979
f 979 3126 1464
f 1031 1168 1032
f 1032 1168 1022
f 1045 1013 1046
f 1046 1013 1012
f 1045 1044 1056
f 1056 1044 1048
f 1047 1046 1030
f 1030 1046 1031
f 939 706 940
f 940 706 1450
f 979 1464 1032
f 1032 1464 1033
f 3480 1478 3476
f 3476 1478 3134
f 2829 1487 2830
f 2830 1487 1486
f 848 1230 873
f 873 1230 1479
f 867 870 933
f 933 870 1514
f 1800 869 1801
f 1801 869 1799
f 2830 1486 1325
f 1325 1486 2833
f 940 1450 2925
f 2925 1450 2928
f 946 961 907
f 907 961 958
f 959 962 977
f 977 962 978
f 3476 3134 1513
f 1513 3134 1514
f 2925 2928 3155
f 3155 2928 3158
f 1325 2833 656
f 656 2833 657
f 1801 1799 3157
f 3157 1799 3158
f 1074 1055 3475
f 3475 1055 1056
f 1371 3473 1370
f 1370 3473 1049
f 2884 615 3481
f 3481 615 618
f 3478 2831 2846
f 2846 2831 617
f 2831 1484 617
f 617 1484 618
f 1484 1487 618
f 618 1487 3481
f 2848 3481 2829
f 2829 3481 1487
f 1480 1517 1161
f 1161 1517 1162
f 3129 1323 1455
f 1455 1323 1322
f 3129 3134 1323
f 1323 3134 1478
f 1535 3173 1515
f 1515 3173 1516
f 3085 3095 3137
f 3137 3095 3094
f 3137 3094 3138
f 3138 3094 3104
f 3117 3139 3105
f 3105 3139 3106
f 1138 1141 3127
f 3127 1141 3128
f 3081 3131 1264
f 1264 3131 3130
f 1227 1226 3132
f 3132 1226 3133
f 1264 3130 1229
f 1229 3130 1322
f 1160 1501 1161
f 1161 1501 3135
f 1141 1476 3128
f 3128 1476 3136
f 1226 1163 3133
f 3133 1163 1162
f 1363 1138 1515
f 1515 1138 3127
f 3084 3095 3081
f 3081 3095 3131
f 3089 884 3105
f 3105 884 3140
f 884 883 3140
f 3140 883 3141
f 883 3482 3141
f 3141 3482 3142
f 3476 1481 3480
f 3480 1481 3135
f 1502 1479 3480
f 3480 1479 1478
f 3168 463 440
f 714 1880 715
f 715 1880 2905
f 896 732 2970
f 2970 732 731
f 1263 834 3082
f 3082 834 833
f 898 1231 853
f 853 1231 854
f 3125 890 2931
f 2931 890 889
f 1237 893 2851
f 2851 893 892
f 898 853 899
f 899 853 963
f 988 987 989
f 989 987 986
f 1002 1007 1003
f 1003 1007 1006
f 1038 1036 1007
f 1007 1036 1004
f 1070 1052 1005
f 1005 1052 1006
f 1069 1067 1070
f 1070 1067 1052
f 1130 1129 1134
f 1134 1129 1135
f 879 1167 880
f 880 1167 1166
f 1171 1169 1037
f 1037 1169 1038
f 1085 1180 1069
f 1069 1180 1067
f 1209 1210 879
f 879 1210 1167
f 2885 1215 1754
f 1754 1215 1214
f 1263 855 834
f 834 855 854
f 708 1244 1826
f 1826 1244 1243
f 2909 894 1254
f 1254 894 893
f 1228 1361 964
f 964 1361 1360
f 2908 2907 1436
f 1436 2907 1437
f 2990 1440 2991
f 2991 1440 1439
f 964 1360 965
f 965 1360 1454
f 950 1457 951
f 951 1457 1456
f 970 1463 971
f 971 1463 1462
f 1025 1169 984
f 984 1169 986
f 1084 1097 1469
f 1469 1097 1470
f 1096 1115 1474
f 1474 1115 1475
f 1140 1361 1141
f 1141 1361 1476
f 1212 1495 2828
f 2828 1495 1494
f 880 1166 1452
f 1452 1166 1499
f 715 2905 1504
f 1504 2905 2906
f 954 1519 955
f 955 1519 1518
f 1026 1520 992
f 992 1520 1518
f 1029 1520 1043
f 1043 1520 1521
f 997 1522 1040
f 1040 1522 1521
f 1015 1522 1016
f 1016 1522 1523
f 1523 996 1524
f 1524 996 1062
f 1057 1060 1525
f 1525 1060 1524
f 1094 1528 1082
f 1082 1528 1527
f 1526 1528 1089
f 1089 1528 1529
f 1090 1531 1108
f 1108 1531 1530
f 1125 1533 1126
f 1126 1533 1532
f 3483 1755 727
f 727 1755 1214
f 735 1814 707
f 707 1814 1813
f 2891 1834 1246
f 1246 1834 1243
f 2904 1881 1847
f 1847 1881 1848
f 1852 1855 1853
f 1853 1855 1858
f 1902 2903 1877
f 1877 2903 1878
f 2903 2904 1878
f 1878 2904 1847
f 714 713 1848
f 1848 713 1849
f 1440 2990 1883
f 1883 2990 2989
f 1883 2989 1852
f 1852 2989 1855
f 2895 1888 2892
f 2892 1888 1887
f 774 777 1877
f 1877 777 1903
f 1251 2835 1252
f 1252 2835 2834
f 1213 2844 1212
f 1212 2844 1495
f 2851 892 1213
f 1213 892 2844
f 3123 2911 3124
f 3124 2911 2910
f 887 2929 888
f 888 2929 889
f 1435 2963 1436
f 1436 2963 2961
f 1253 1438 1254
f 1254 1438 1437
f 2970 731 735
f 735 731 1814
f 733 732 2885
f 2885 732 1215
f 2901 2902 2976
f 2976 2902 2977
f 2975 2982 2976
f 2976 2982 2979
f 2899 2900 2981
f 2981 2900 2979
f 2899 2981 2898
f 2898 2981 2983
f 2986 2985 2984
f 2984 2985 2983
f 2897 2985 2896
f 2896 2985 2988
f 2991 1439 2987
f 2987 1439 2988
f 777 2978 1903
f 1903 2978 2977
f 1885 1888 1858
f 1858 1888 1853
f 3090 3088 836
f 836 3088 833
f 3083 3088 3097
f 3097 3088 3096
f 3097 3096 3104
f 3104 3096 3106
f 3111 3116 3108
f 3108 3116 3109
f 3112 3111 3114
f 3114 3111 3108
f 3113 3122 3114
f 3114 3122 3115
f 891 890 2837
f 2837 890 2834
f 951 1456 954
f 954 1456 1519
f 967 1457 936
f 936 1457 1454
f 971 1462 902
f 902 1462 963
f 1461 1463 988
f 988 1463 987
f 1466 1468 1474
f 1474 1468 1470
f 1089 1529 1090
f 1090 1529 1531
f 1184 1181 1469
f 1469 1181 1180
f 1082 1527 1061
f 1061 1527 1525
f 1129 1473 1135
f 1135 1473 1475
f 1108 1530 1105
f 1105 1530 1532
f 1452 1499 3132
f 3132 1499 3136
f 3109 3116 3139
f 3139 3116 3138
f 2912 2911 887
f 887 2911 2929
f 2836 2835 1497
f 1497 2835 1494
f 2913 3102 2910
f 2910 3102 3115
f 1133 3187 1134
f 1134 3187 3185
f 3177 3176 3197
f 3197 3176 3198
f 3203 3183 3206
f 3206 3183 3207
f 3196 3202 3197
f 3197 3202 3211
f 3183 3182 3207
f 3207 3182 3185
f 1125 3180 1533
f 1533 3180 3198
f 3331 3203 3330
f 3330 3203 3206
f 3376 3379 3385
f 3385 3379 3386
f 3382 3376 3392
f 3392 3376 3385
f 3412 3415 3413
f 3413 3415 3414
f 3417 3396 3415
f 3415 3396 3395
f 3383 3386 3426
f 3426 3386 3425
f 3413 3414 3432
f 3432 3414 3430
f 3437 3396 3435
f 3435 3396 3417
f 3329 3382 3330
f 3330 3382 3392
f 3426 3425 3460
f 3460 3425 3458
f 3432 3430 3457
f 3457 3430 3463
f 3457 3463 3456
f 3456 3463 3465
f 3460 3458 3467
f 3467 3458 3466
f 3466 3455 3465
f 3465 3455 3456
f 3202 3437 3211
f 3211 3437 3435
f 3104 3106 3138
f 3138 3106 3139
f 3132 3136 1227
f 1227 3136 1476
f 943 687 600
f 600 687 601
f 596 625 667
f 667 625 1297
f 687 686 601
f 601 686 653
f 1319 784 711
f 711 784 712
f 1811 607 783
f 783 607 712
f 862 921 917
f 917 921 920
f 3478 925 3479
f 3479 925 924
f 2846 926 3478
f 3478 926 925
f 659 662 929
f 929 662 930
f 856 921 857
f 857 921 1204
f 1206 864 1207
f 1207 864 863
f 2876 1219 2877
f 2877 1219 1218
f 667 1297 593
f 593 1297 1296
f 917 920 1333
f 1333 920 1346
f 686 693 653
f 653 693 930
f 1277 913 1498
f 1498 913 1207
f 592 1536 610
f 610 1536 711
f 864 1206 1805
f 1805 1206 1804
f 1317 1536 1900
f 1900 1536 1809
f 1900 1809 1295
f 1295 1809 1296
f 3479 924 3477
f 3477 924 2824
f 927 926 1203
f 1203 926 2847
f 3484 2859 3032
f 3032 2859 3033
f 3472 2878 1217
f 1217 2878 1218
f 2889 2888 2880
f 2880 2888 2881
f 2886 2883 2887
f 2887 2883 2882
f 929 928 2847
f 2847 928 1203
f 857 1204 2921
f 2921 1204 2926
f 1820 1819 2882
f 2882 1819 2881
f 1821 2883 2876
f 2876 2883 1219
f 782 2889 783
f 783 2889 2880
f 1352 3034 1353
f 1353 3034 3033
f 3031 3034 3041
f 3041 3034 3043
f 944 943 3043
f 3043 943 600
f 1339 3145 1498
f 1498 3145 3143
f 1208 882 3148
f 3148 882 3143
f 2921 2926 3151
f 3151 2926 3156
f 3477 2824 1345
f 1345 2824 1346
f 1805 1804 3154
f 3154 1804 3156
f 886 3103 883
f 883 3103 3482
f 841 1248 3485
f 3485 1248 3121
f 2811 2819 2812
f 2812 2819 2816
f 2818 2815 2817
f 2817 2815 2806
f 2817 2816 2818
f 2818 2816 2819
f 2793 2795 2819
f 2819 2795 2818
f 243 352 2793
f 2793 352 2795
f 242 353 243
f 243 353 352
f 359 191 242
f 242 191 353
f 247 192 359
f 359 192 191
f 157 193 247
f 247 193 192
f 156 194 157
f 157 194 193
f 378 261 156
f 156 261 194
f 378 381 261
f 261 381 195
f 195 381 196
f 196 381 376
f 196 376 198
f 198 376 375
f 375 1776 198
f 198 1776 197
f 1776 1767 197
f 197 1767 274
f 181 274 199
f 199 274 1767
f 568 566 564
f 564 566 563
f 568 569 566
f 566 569 567
f 501 1773 1771
f 1771 1773 578
f 547 579 1773
f 1773 579 578
f 3486 470 474
f 474 470 469
f 450 582 3487
f 3487 582 3488
f 582 583 3488
f 3488 583 3489
f 583 584 3489
f 3489 584 3490
f 3490 584 3491
f 3491 584 543
f 470 3486 466
f 466 3486 467
f 3489 3490 503
f 503 3490 504
f 503 3492 3489
f 3489 3492 3488
f 3492 503 3493
f 3493 503 502
f 3495 3492 3494
f 3494 3492 3493
f 3487 3488 3495
f 3495 3488 3492
f 468 1774 465
f 465 1774 570
f 3494 3493 1775
f 1775 3493 1771
f 3490 3491 504
f 504 3491 1772
f 3491 543 1772
f 1772 543 548
f 450 3487 474
f 474 3487 3486
f 3495 467 3487
f 3487 467 3486
f 3494 468 3495
f 3495 468 467
f 468 3494 1774
f 1774 3494 1775
f 501 1771 502
f 502 1771 3493
f 527 366 384
f 384 366 365
f 522 524 527
f 527 524 366
f 521 534 522
f 522 534 524
f 530 535 521
f 521 535 534
f 508 486 513
f 513 486 532
f 513 532 541
f 541 532 535
f 667 668 596
f 596 668 597
f 1294 1297 624
f 624 1297 625
f 603 641 604
f 604 641 640
f 1290 1293 650
f 650 1293 651
f 1758 691 660
f 660 691 661
f 602 671 599
f 599 671 670
f 654 662 690
f 690 662 661
f 2856 598 695
f 695 598 597
f 602 654 671
f 671 654 690
f 604 640 676
f 676 640 704
f 1826 1829 708
f 708 1829 709
f 1288 1284 740
f 740 1284 741
f 755 754 758
f 758 754 759
f 2853 2856 932
f 932 2856 695
f 689 691 1192
f 1192 691 1193
f 784 1319 1240
f 1240 1319 1241
f 1813 1816 1244
f 1244 1816 1245
f 754 1288 759
f 759 1288 740
f 1894 1242 1318
f 1318 1242 1241
f 2867 1348 1418
f 1418 1348 1347
f 676 704 673
f 673 704 1347
f 1284 1287 741
f 741 1287 1419
f 1421 1426 1422
f 1422 1426 1425
f 1758 660 615
f 615 660 616
f 1192 1191 1421
f 1421 1191 1426
f 2962 1839 1504
f 1504 1839 1505
f 941 1194 1759
f 1759 1194 1193
f 1287 1537 1419
f 1419 1537 1760
f 1882 2893 1823
f 1823 2893 1824
f 1886 1891 1827
f 1827 1891 1828
f 1887 1886 1834
f 1834 1886 1827
f 1841 716 1838
f 1838 716 1505
f 782 784 1850
f 1850 784 1240
f 1239 1242 1863
f 1863 1242 1864
f 1242 1894 1864
f 1864 1894 1873
f 1822 1239 1823
f 1823 1239 1863
f 1318 1317 1895
f 1895 1317 1900
f 1894 1896 1873
f 1873 1896 1897
f 1291 1896 1292
f 1292 1896 1895
f 605 1898 606
f 606 1898 1897
f 1258 1257 2854
f 2854 1257 2855
f 1257 1351 2855
f 2855 1351 2857
f 1351 1353 2857
f 2857 1353 2858
f 1353 3033 2858
f 2858 3033 2859
f 2860 2861 3036
f 3036 2861 3037
f 2862 2863 2870
f 2870 2863 3039
f 2870 2869 2862
f 2862 2869 2864
f 2868 2865 2869
f 2869 2865 2864
f 1764 2866 2868
f 2868 2866 2865
f 1537 1199 1760
f 1760 1199 1348
f 615 2884 1758
f 1758 2884 1759
f 1825 1246 2890
f 2890 1246 1245
f 2893 2892 1824
f 1824 2892 2891
f 761 2960 758
f 758 2960 2906
f 3000 2943 2940
f 2940 2943 2941
f 2968 710 2950
f 2950 710 709
f 1764 1423 2866
f 2866 1423 2953
f 1423 645 2953
f 2953 645 2954
f 645 644 2954
f 2954 644 2955
f 644 738 2955
f 2955 738 2956
f 738 764 2956
f 2956 764 2957
f 764 763 2957
f 2957 763 2958
f 763 2908 2958
f 2958 2908 2959
f 2908 1436 2959
f 2959 1436 2961
f 1837 2964 1435
f 1435 2964 2963
f 1837 2937 2964
f 2964 2937 2965
f 2936 2968 2966
f 2966 2968 2950
f 1840 2942 1838
f 1838 2942 2941
f 2939 2949 2940
f 2940 2949 3006
f 2939 2942 2966
f 2966 2942 2965
f 1822 1825 1850
f 1850 1825 2890
f 1891 3005 1828
f 1828 3005 3006
f 3035 3038 3045
f 3045 3038 3042
f 3045 3044 3035
f 3035 3044 3040
f 669 1422 3045
f 3045 1422 3044
f 599 670 3041
f 3041 670 3042
f 931 3067 932
f 932 3067 3065
f 2853 3066 2854
f 2854 3066 3076
f 3067 3496 3065
f 3065 3496 3497
f 3066 3498 3076
f 3076 3498 3499
f 707 1813 708
f 708 1813 1244
f 2960 2962 2906
f 2906 2962 1504
f 2892 1887 2891
f 2891 1887 1834
f 1839 2962 2963
f 2963 2962 2961
f 595 626 596
f 596 626 625
f 623 626 3484
f 3484 626 2859
f 1291 1290 606
f 606 1290 603
f 1290 650 603
f 603 650 641
f 641 650 642
f 642 650 649
f 2860 2863 649
f 649 2863 642
f 3036 3039 2860
f 2860 3039 2863
f 3035 3040 3036
f 3036 3040 3039
f 1294 1293 1295
f 1295 1293 1292
f 624 651 1294
f 1294 651 1293
f 623 652 624
f 624 652 651
f 3484 2861 623
f 623 2861 652
f 3032 3037 3484
f 3484 3037 2861
f 3031 3038 3032
f 3032 3038 3037
f 3481 2848 2884
f 2884 2848 942
f 2846 617 1427
f 1427 617 616
f 3049 3167 3048
f 3048 3167 3500
f 1906 3048 3070
f 3070 3048 3500
f 1337 1768 3501
f 3501 1768 3502
f 3020 3503 3021
f 3021 3503 3024
f 2914 3023 3020
f 3020 3023 3503
f 859 1770 860
f 860 1770 3504
f 1336 3505 1768
f 1768 3505 3502
f 3065 3497 3066
f 3066 3497 3498
f 2814 3075 3067
f 3067 3075 3496
f 2839 3174 766
f 766 3174 3017
f 1337 3501 1338
f 1338 3501 1769
f 767 3018 3026
f 3026 3018 3506
f 3076 3499 3064
f 3064 3499 3507
f 727 730 3483
f 3483 730 3030
f 3064 3507 2871
f 2871 3507 3077
f 3100 3160 1786
f 1786 3160 1784
f 3026 3506 752
f 752 3506 3015
f 860 3504 2923
f 2923 3504 3508
f 753 3016 3027
f 3027 3016 3509
f 3027 3509 3008
f 3008 3509 3028
f 1782 1785 1783
f 1783 1785 3022
f 2923 3508 3153
f 3153 3508 3161
f 3148 3149 1208
f 1208 3149 3150
f 1335 1328 3510
f 3510 1328 1327
f 1336 1335 3505
f 3505 1335 3510
f 866 3511 1340
f 1340 3511 3146
f 865 1808 866
f 866 1808 3511
f 842 841 3159
f 3159 841 3485
f 2849 3512 1329
f 1329 3512 1326
f 1202 1331 2849
f 2849 1331 3512
f 3514 3515 3513
f 3513 3515 3516
f 3518 3516 3517
f 3517 3516 3515
f 3519 3520 3514
f 3514 3520 3515
f 3522 3523 3521
f 3521 3523 3524
f 3526 3527 3525
f 3525 3527 3528
f 3530 3531 3529
f 3529 3531 3532
f 3534 3535 3533
f 3533 3535 3536
f 3529 3532 3537
f 3537 3532 3538
f 3537 3539 3529
f 3529 3539 3540
f 3542 3543 3541
f 3541 3543 3544
f 3546 3547 3545
f 3545 3547 3548
f 3550 3534 3549
f 3549 3534 3533
f 3550 3543 3551
f 3551 3543 3552
f 3537 3545 3539
f 3539 3545 3548
f 3553 3554 3556
f 3556 3554 3555
f 3537 3557 3545
f 3545 3557 3546
f 3558 3559 3561
f 3561 3559 3560
f 3563 3564 3562
f 3562 3564 3565
f 3564 3563 3566
f 3566 3563 3567
f 3569 3570 3568
f 3568 3570 3571
f 3573 3574 3572
f 3572 3574 3575
f 3577 3578 3576
f 3576 3578 3579
f 3581 3582 3580
f 3580 3582 3583
f 3585 3586 3584
f 3584 3586 3579
f 3586 3587 3579
f 3579 3587 3576
f 3589 3590 3588
f 3588 3590 3591
f 3592 3593 3595
f 3595 3593 3594
f 3597 3598 3596
f 3596 3598 3595
f 3583 3600 3599
f 3599 3600 3601
f 3603 3599 3602
f 3602 3599 3601
f 3605 3606 3604
f 3604 3606 3607
f 3608 3555 3596
f 3596 3555 3554
f 3597 3610 3609
f 3609 3610 3565
f 3564 3611 3565
f 3565 3611 3609
f 3611 3564 3612
f 3612 3564 3566
f 3613 3614 3569
f 3569 3614 3570
f 3615 3616 3573
f 3573 3616 3574
f 3517 3617 3518
f 3518 3617 3618
f 3620 3621 3619
f 3619 3621 3622
f 3624 3625 3623
f 3623 3625 3626
f 3628 3629 3627
f 3627 3629 3630
f 3632 3633 3631
f 3631 3633 3634
f 3636 3637 3635
f 3635 3637 3638
f 3640 3641 3639
f 3639 3641 3642
f 3643 3644 3639
f 3639 3644 3640
f 3646 3513 3645
f 3645 3513 3647
f 3648 3514 3646
f 3646 3514 3513
f 3649 3519 3648
f 3648 3519 3514
f 3650 3651 3527
f 3527 3651 3652
f 3654 3651 3653
f 3653 3651 3650
f 3568 3571 3655
f 3655 3571 3656
f 3657 3658 3653
f 3653 3658 3659
f 3661 3662 3660
f 3660 3662 3658
f 3664 3665 3663
f 3663 3665 3666
f 3667 3657 3650
f 3650 3657 3653
f 3669 3523 3668
f 3668 3523 3670
f 3672 3673 3671
f 3671 3673 3674
f 3676 3677 3675
f 3675 3677 3678
f 3671 3674 3676
f 3676 3674 3677
f 3680 3681 3679
f 3679 3681 3682
f 3683 3684 3680
f 3680 3684 3681
f 3685 3686 3661
f 3661 3686 3662
f 3686 3687 3662
f 3662 3687 3688
f 3684 3683 3689
f 3689 3683 3690
f 3692 3693 3691
f 3691 3693 3694
f 3691 3694 3695
f 3695 3694 3696
f 3698 3699 3697
f 3697 3699 3700
f 3702 3703 3701
f 3701 3703 3704
f 3705 3706 3519
f 3519 3706 3520
f 3673 3672 3707
f 3707 3672 3708
f 3709 3710 3682
f 3682 3710 3679
f 3711 3712 3692
f 3692 3712 3693
f 3714 3715 3713
f 3713 3715 3716
f 3718 3700 3717
f 3717 3700 3699
f 3720 3721 3719
f 3719 3721 3722
f 3724 3725 3723
f 3723 3725 3726
f 3727 3728 3730
f 3730 3728 3729
f 3722 3721 3731
f 3731 3721 3732
f 3697 3700 3733
f 3733 3700 3714
f 3733 3714 3734
f 3734 3714 3713
f 3721 3723 3732
f 3732 3723 3735
f 3720 3736 3724
f 3724 3736 3737
f 3700 3718 3714
f 3714 3718 3715
f 3717 3699 3738
f 3738 3699 3739
f 3536 3740 3533
f 3533 3740 3540
f 3742 3743 3741
f 3741 3743 3744
f 3746 3747 3745
f 3745 3747 3748
f 3750 3751 3749
f 3749 3751 3752
f 3627 3632 3628
f 3628 3632 3631
f 3754 3755 3753
f 3753 3755 3626
f 3562 3565 3756
f 3756 3565 3610
f 3527 3652 3528
f 3528 3652 3757
f 3758 3524 3669
f 3669 3524 3523
f 3582 3598 3583
f 3583 3598 3600
f 3759 3670 3522
f 3522 3670 3523
f 3675 3678 3760
f 3760 3678 3761
f 3762 3763 3690
f 3690 3763 3689
f 3765 3766 3764
f 3764 3766 3767
f 3768 3739 3698
f 3698 3739 3699
f 3726 3725 3770
f 3770 3725 3769
f 3645 3647 3771
f 3771 3647 3772
f 3645 3678 3646
f 3646 3678 3677
f 3646 3677 3648
f 3648 3677 3674
f 3673 3649 3674
f 3674 3649 3648
f 3707 3773 3673
f 3673 3773 3649
f 3775 3776 3774
f 3774 3776 3777
f 3779 3526 3778
f 3778 3526 3525
f 3526 3779 3667
f 3667 3779 3780
f 3780 3781 3667
f 3667 3781 3657
f 3672 3679 3708
f 3708 3679 3710
f 3671 3680 3672
f 3672 3680 3679
f 3676 3683 3671
f 3671 3683 3680
f 3675 3690 3676
f 3676 3690 3683
f 3760 3762 3675
f 3675 3762 3690
f 3682 3681 3783
f 3783 3681 3782
f 3689 3784 3684
f 3684 3784 3785
f 3684 3785 3681
f 3681 3785 3782
f 3786 3709 3783
f 3783 3709 3682
f 3784 3689 3787
f 3787 3689 3763
f 3789 3557 3788
f 3788 3557 3790
f 3792 3793 3791
f 3791 3793 3794
f 3616 3615 3795
f 3795 3615 3796
f 3797 3798 3727
f 3727 3798 3728
f 3800 3801 3799
f 3799 3801 3802
f 3803 3578 3592
f 3592 3578 3593
f 3805 3806 3804
f 3804 3806 3807
f 3599 3603 3585
f 3585 3603 3586
f 3587 3586 3604
f 3604 3586 3603
f 3588 3591 3794
f 3794 3591 3791
f 3581 3803 3582
f 3582 3803 3592
f 3594 3561 3608
f 3608 3561 3790
f 3662 3688 3808
f 3808 3688 3809
f 3665 3664 3810
f 3810 3664 3811
f 3719 3812 3720
f 3720 3812 3736
f 3717 3813 3718
f 3718 3813 3737
f 3723 3721 3724
f 3724 3721 3720
f 3813 3717 3814
f 3814 3717 3738
f 3815 3816 303
f 303 3816 304
f 3818 3819 3817
f 3817 3819 3820
f 3578 3803 3579
f 3579 3803 3584
f 3558 3593 3577
f 3577 3593 3578
f 3822 3823 3821
f 3821 3823 3824
f 3546 3826 3825
f 3825 3826 3827
f 3828 3829 3547
f 3547 3829 3541
f 3831 3542 3830
f 3830 3542 3832
f 3834 3822 3833
f 3833 3822 3821
f 3835 3836 3827
f 3827 3836 3825
f 3800 3799 3828
f 3828 3799 3829
f 3830 3832 3837
f 3837 3832 3838
f 331 330 3551
f 3551 330 3839
f 3831 333 3552
f 3552 333 332
f 3819 3797 3841
f 3841 3797 3840
f 3513 3516 3647
f 3647 3516 3746
f 337 336 3745
f 3745 336 3772
f 3525 3528 3775
f 3775 3528 3749
f 3610 3597 3554
f 3554 3597 3596
f 3706 3702 3520
f 3520 3702 3701
f 3756 3610 3553
f 3553 3610 3554
f 3757 3750 3528
f 3528 3750 3749
f 3517 3515 3701
f 3701 3515 3520
f 3842 3584 3581
f 3581 3584 3803
f 3525 3775 3778
f 3778 3775 3774
f 3638 3843 3635
f 3635 3843 3618
f 3617 3621 3618
f 3618 3621 3635
f 3617 3517 3704
f 3704 3517 3701
f 3521 3624 3522
f 3522 3624 3623
f 3749 3844 3775
f 3775 3844 3776
f 3846 3847 3845
f 3845 3847 3848
f 3843 3747 3618
f 3618 3747 3518
f 3850 3851 3849
f 3849 3851 3748
f 3853 3854 3852
f 3852 3854 3855
f 3856 3857 3622
f 3622 3857 3619
f 3859 3860 3858
f 3858 3860 3861
f 3862 3844 3752
f 3752 3844 3749
f 3863 3759 3623
f 3623 3759 3522
f 3864 3777 3630
f 3630 3777 3776
f 3713 3865 3734
f 3734 3865 3866
f 3868 3869 3867
f 3867 3869 3870
f 3872 3873 3871
f 3871 3873 3874
f 3876 3877 3875
f 3875 3877 3878
f 3879 3880 3878
f 3878 3880 3881
f 3882 3883 3885
f 3885 3883 3884
f 3780 3886 3781
f 3781 3886 3887
f 3888 3685 3869
f 3869 3685 3661
f 3880 3879 3883
f 3883 3879 3884
f 3693 3783 3694
f 3694 3783 3782
f 3696 3785 3764
f 3764 3785 3784
f 3694 3782 3696
f 3696 3782 3785
f 3693 3786 3783
f 3787 3765 3784
f 3784 3765 3764
f 386 385 3765
f 3765 385 3766
f 3695 3889 3691
f 3691 3889 3890
f 3691 3890 3692
f 3692 3890 3891
f 3892 3711 3891
f 3891 3711 3692
f 3767 3893 3695
f 3695 3893 3889
f 3766 3894 3767
f 3767 3894 3893
f 3882 3885 3895
f 3895 3885 3896
f 3898 3698 3897
f 3897 3698 3697
f 3897 3697 3899
f 3899 3697 3733
f 3899 3733 3900
f 3900 3733 3734
f 3901 3768 3898
f 3898 3768 3698
f 3901 3902 3768
f 3768 3902 3903
f 3904 3905 3907
f 3907 3905 3906
f 3869 3661 3870
f 3870 3661 3660
f 3908 3909 3896
f 3896 3909 3895
f 3909 3758 3895
f 3895 3758 3669
f 3751 3531 3752
f 3752 3531 3848
f 3858 3536 3854
f 3854 3536 3535
f 3652 3562 3757
f 3757 3562 3756
f 3651 3654 3563
f 3563 3654 3567
f 3655 3656 3808
f 3808 3656 3659
f 3530 3740 3845
f 3845 3740 3861
f 3751 3750 3556
f 3556 3750 3553
f 3817 3820 3796
f 3796 3820 3795
f 410 409 3910
f 3910 409 3855
f 3750 3757 3553
f 3553 3757 3756
f 3908 3886 3909
f 3909 3886 3780
f 409 411 3855
f 3855 411 3851
f 413 412 3760
f 3760 412 3762
f 415 414 3763
f 3763 414 3787
f 3790 3557 3538
f 3538 3557 3537
f 3555 3608 3538
f 3538 3608 3790
f 3574 3911 3575
f 3575 3911 3912
f 3535 3534 3910
f 3910 3534 3839
f 3831 3552 3542
f 3542 3552 3543
f 3534 3550 3839
f 3839 3550 3551
f 3543 3550 3544
f 3544 3550 3549
f 3913 3914 3916
f 3916 3914 3915
f 3806 3805 3589
f 3589 3805 3590
f 3849 3843 3917
f 3917 3843 3638
f 3853 3644 3859
f 3859 3644 3742
f 3747 3746 3518
f 3518 3746 3516
f 3695 3696 3767
f 3767 3696 3764
f 3903 3918 3768
f 3768 3918 3739
f 3738 3739 3816
f 3816 3739 3918
f 3919 3920 3769
f 3769 3920 3770
f 3921 3726 3922
f 3922 3726 3770
f 3678 3645 3761
f 3761 3645 3771
f 3924 3913 3923
f 3923 3913 3916
f 3802 3925 3838
f 3838 3925 3837
f 3577 3926 3558
f 3558 3926 3559
f 3815 3919 3814
f 3814 3919 3769
f 3927 3928 3822
f 3822 3928 3823
f 3829 3832 3541
f 3541 3832 3542
f 3834 3927 3822
f 3832 3829 3838
f 3838 3829 3799
f 3745 3772 3746
f 3746 3772 3647
f 3849 3748 3843
f 3843 3748 3747
f 3854 3853 3858
f 3858 3853 3859
f 3854 3535 3855
f 3855 3535 3910
f 3557 3789 3546
f 3546 3789 3826
f 3923 3823 3924
f 3924 3823 3928
f 3823 3923 3929
f 3929 3923 3930
f 3531 3751 3532
f 3532 3751 3556
f 3532 3556 3538
f 3538 3556 3555
f 3932 3634 3931
f 3931 3634 3633
f 3814 3769 3813
f 3813 3769 3725
f 3620 3636 3621
f 3621 3636 3635
f 3847 3862 3848
f 3848 3862 3752
f 3531 3530 3848
f 3848 3530 3845
f 3933 3934 3830
f 3830 3934 3831
f 3925 3933 3837
f 3837 3933 3830
f 3934 440 3831
f 3831 440 333
f 3925 3802 3833
f 3833 3802 3801
f 3776 3844 3630
f 3630 3844 3627
f 3808 3659 3662
f 3662 3659 3658
f 3667 3650 3526
f 3526 3650 3527
f 3935 3666 3936
f 3936 3666 3665
f 3718 3737 3715
f 3715 3737 3736
f 3663 3809 3664
f 3664 3809 3688
f 3807 3806 3938
f 3938 3806 3937
f 445 413 3761
f 3761 413 3760
f 3902 447 3903
f 3903 447 446
f 3897 3890 3898
f 3898 3890 3889
f 3899 3891 3897
f 3897 3891 3890
f 3898 3889 3901
f 3901 3889 3893
f 3893 3894 3901
f 3901 3894 3902
f 414 386 3787
f 3787 386 3765
f 3940 3941 3939
f 3939 3941 3942
f 3840 3797 3943
f 3943 3797 3727
f 3665 3810 3936
f 3936 3810 3944
f 3921 3735 3726
f 3726 3735 3723
f 3920 3945 3770
f 3770 3945 3922
f 3521 3524 3774
f 3774 3524 3778
f 3864 3946 3625
f 3625 3946 3947
f 3773 3705 3649
f 3649 3705 3519
f 3779 3778 3758
f 3758 3778 3524
f 3812 3716 3736
f 3736 3716 3715
f 3624 3521 3777
f 3777 3521 3774
f 3703 3856 3704
f 3704 3856 3622
f 3900 3892 3899
f 3899 3892 3891
f 3641 3917 3642
f 3642 3917 3948
f 3895 3669 3882
f 3882 3669 3668
f 3855 3851 3852
f 3852 3851 3850
f 3894 458 3902
f 3902 458 447
f 3781 3887 3660
f 3660 3887 3870
f 3570 3566 3571
f 3571 3566 3567
f 3950 3576 3949
f 3949 3576 3587
f 3605 3602 3614
f 3614 3602 3612
f 3614 3612 3570
f 3570 3612 3566
f 3571 3567 3656
f 3656 3567 3654
f 3660 3658 3781
f 3781 3658 3657
f 3604 3607 3587
f 3587 3607 3949
f 3653 3659 3654
f 3654 3659 3656
f 3529 3540 3530
f 3530 3540 3740
f 3687 3811 3688
f 3688 3811 3664
f 3813 3725 3737
f 3737 3725 3724
f 3919 3815 461
f 461 3815 303
f 3818 3798 3819
f 3819 3798 3797
f 3819 3841 3820
f 3820 3841 3951
f 3816 3815 3738
f 3738 3815 3814
f 3540 3539 3533
f 3533 3539 3549
f 3548 3547 3544
f 3544 3547 3541
f 3539 3548 3549
f 3549 3548 3544
f 3741 3931 3860
f 3860 3931 3846
f 3801 3800 3835
f 3835 3800 3836
f 3934 3933 3824
f 3824 3933 3821
f 3825 3828 3546
f 3546 3828 3547
f 3833 3821 3925
f 3925 3821 3933
f 3800 3828 3836
f 3836 3828 3825
f 3824 3952 3934
f 3934 3952 440
f 3860 3846 3861
f 3861 3846 3845
f 3629 3946 3630
f 3630 3946 3864
f 3740 3536 3861
f 3861 3536 3858
f 3833 3801 3834
f 3834 3801 3835
f 3583 3599 3580
f 3580 3599 3585
f 3651 3563 3652
f 3652 3563 3562
f 3758 3909 3779
f 3779 3909 3780
f 3621 3617 3622
f 3622 3617 3704
f 3625 3947 3626
f 3626 3947 3753
f 3633 3632 3847
f 3847 3632 3862
f 3852 3850 3640
f 3640 3850 3641
f 3644 3853 3640
f 3640 3853 3852
f 3859 3742 3860
f 3860 3742 3741
f 3632 3627 3862
f 3862 3627 3844
f 3755 3863 3626
f 3626 3863 3623
f 3917 3638 3948
f 3948 3638 3637
f 3644 3643 3742
f 3742 3643 3743
f 3931 3633 3846
f 3846 3633 3847
f 3625 3624 3864
f 3864 3624 3777
f 3917 3641 3849
f 3849 3641 3850
f 3744 3932 3741
f 3741 3932 3931
f 3903 446 3918
f 3918 446 464
f 3953 3954 3956
f 3956 3954 3955
f 3958 3959 3957
f 3957 3959 3960
f 3876 3958 3877
f 3877 3958 3957
f 3877 3957 3961
f 3961 3957 3962
f 3963 3964 3958
f 3958 3964 3959
f 3965 3966 3876
f 3876 3966 3958
f 3966 3963 3958
f 3966 3967 3963
f 3963 3967 3968
f 3878 3877 3879
f 3879 3877 3961
f 3967 3969 3968
f 3968 3969 3970
f 3969 3971 3970
f 3970 3971 3972
f 3974 3904 3973
f 3973 3904 3907
f 3971 3975 3972
f 3972 3975 3976
f 3976 3975 3978
f 3978 3975 3977
f 3979 3980 3977
f 3977 3980 3978
f 3981 3982 3979
f 3979 3982 3980
f 3983 3984 3981
f 3981 3984 3982
f 3972 3985 3970
f 3970 3985 3986
f 3871 3987 3969
f 3969 3987 3971
f 3872 3871 3967
f 3967 3871 3969
f 3965 3872 3966
f 3966 3872 3967
f 3970 3986 3968
f 3968 3986 3988
f 3879 3961 3884
f 3884 3961 3940
f 3884 3940 3885
f 3885 3940 3939
f 3989 3990 3992
f 3992 3990 3991
f 3942 3993 3995
f 3995 3993 3994
f 3994 3996 3995
f 3995 3996 3974
f 3997 3998 3994
f 3994 3998 3996
f 3999 3997 3993
f 3993 3997 3994
f 4001 3996 4000
f 4000 3996 3998
f 4000 3998 4002
f 4002 3998 4003
f 4004 4003 3997
f 3997 4003 3998
f 3997 3999 4004
f 4004 3999 4005
f 4006 3995 3973
f 3973 3995 3974
f 3939 3942 4006
f 4006 3942 3995
f 3906 3887 3907
f 3907 3887 3886
f 3887 3906 3870
f 3870 3906 3867
f 3908 3973 3886
f 3886 3973 3907
f 3865 4007 3866
f 3866 4007 4008
f 3984 3983 4009
f 4009 3983 4010
f 3961 3962 3940
f 3940 3962 3941
f 4012 3868 4011
f 4011 3868 3867
f 4013 3975 3987
f 3987 3975 3971
f 4014 3977 4013
f 4013 3977 3975
f 4015 4010 4007
f 4007 4010 3983
f 4007 3983 4008
f 4008 3983 3981
f 4008 3981 4016
f 4016 3981 3979
f 4017 3984 4018
f 4018 3984 4009
f 3977 4014 3979
f 3979 4014 4016
f 3982 3984 4019
f 4019 3984 4017
f 4021 4022 4020
f 4020 4022 4023
f 4022 4012 4023
f 4023 4012 4011
f 4023 3904 4020
f 4020 3904 3974
f 4024 4025 4018
f 4018 4025 4017
f 4026 4027 4024
f 4024 4027 4025
f 4028 4026 4029
f 4029 4026 4024
f 4018 4021 4024
f 4024 4021 4029
f 4030 4031 4026
f 4026 4031 4027
f 4032 4030 4028
f 4028 4030 4026
f 4029 4001 4028
f 4028 4001 4000
f 4028 4000 4032
f 4032 4000 4002
f 4034 4035 4033
f 4033 4035 4036
f 4037 4038 4019
f 4019 4038 4039
f 4041 4039 4040
f 4040 4039 4038
f 4040 4038 4042
f 4042 4038 4036
f 4042 4036 4043
f 4043 4036 4035
f 3985 4044 4046
f 4046 4044 4045
f 4047 4048 4045
f 4045 4048 4046
f 4047 4049 4048
f 4048 4049 4050
f 4042 4047 4040
f 4040 4047 4045
f 4043 4049 4042
f 4042 4049 4047
f 4040 4045 4041
f 4041 4045 4044
f 4052 3959 4051
f 4051 3959 3964
f 4053 4054 4051
f 4051 4054 4055
f 3956 3960 4052
f 4052 3960 3959
f 3953 3956 4056
f 4056 3956 4052
f 4058 3953 4057
f 4057 3953 4056
f 4060 4061 4059
f 4059 4061 4062
f 4063 4064 4054
f 4054 4064 4057
f 4054 4053 4063
f 4063 4053 4065
f 4066 4067 4069
f 4069 4067 4068
f 4048 4050 4063
f 4063 4050 4064
f 4063 4065 4048
f 4048 4065 4046
f 3985 4046 3986
f 3986 4046 4065
f 3986 4065 3988
f 3988 4065 4053
f 3988 4053 3964
f 3964 4053 4051
f 3976 3978 4044
f 4044 3978 4041
f 3980 3982 4039
f 4039 3982 4019
f 4039 4041 3980
f 3980 4041 3978
f 3973 3908 4006
f 4006 3908 3896
f 3885 3939 3896
f 3896 3939 4006
f 4031 4034 4027
f 4027 4034 4033
f 4027 4033 4025
f 4025 4033 4037
f 4019 4017 4037
f 4037 4017 4025
f 3993 3942 4070
f 4070 3942 3941
f 3999 3993 4071
f 4071 3993 4070
f 3999 4071 4005
f 4005 4071 4072
f 4073 4074 4076
f 4076 4074 4075
f 4078 4079 4077
f 4077 4079 4080
f 4082 4080 4081
f 4081 4080 4079
f 4084 4085 4083
f 4083 4085 4086
f 4087 4088 4090
f 4090 4088 4089
f 4092 4093 4091
f 4091 4093 4094
f 4096 4097 4095
f 4095 4097 4098
f 4100 4101 4099
f 4099 4101 4102
f 4103 4104 4106
f 4106 4104 4105
f 4108 4109 4107
f 4107 4109 4110
f 4112 4113 4111
f 4111 4113 4114
f 4116 4117 4115
f 4115 4117 4118
f 4120 4121 4119
f 4119 4121 4122
f 4123 4124 4126
f 4126 4124 4125
f 4127 4128 4130
f 4130 4128 4129
f 4132 4133 4131
f 4131 4133 4134
f 4136 4108 4135
f 4135 4108 4107
f 4138 4139 4137
f 4137 4139 4140
f 4141 4142 4088
f 4088 4142 4089
f 4144 4145 4143
f 4143 4145 4146
f 4148 4149 4147
f 4147 4149 4150
f 4152 4153 4151
f 4151 4153 4154
f 4156 4082 4155
f 4155 4082 4081
f 4157 4158 4160
f 4160 4158 4159
f 4161 4162 4164
f 4164 4162 4163
f 4166 4122 4165
f 4165 4122 4121
f 4168 4152 4167
f 4167 4152 4151
f 4169 4170 4172
f 4172 4170 4171
f 4174 4175 4173
f 4173 4175 4176
f 4178 4149 4177
f 4177 4149 4179
f 4173 4176 4180
f 4180 4176 4181
f 4156 4085 4182
f 4182 4085 4183
f 4182 4184 4156
f 4156 4184 4082
f 4185 4186 4184
f 4184 4186 4187
f 4186 4188 4187
f 4187 4188 4189
f 4190 4191 4073
f 4073 4191 4074
f 4177 4179 4158
f 4158 4179 4159
f 4193 4127 4192
f 4192 4127 4130
f 4144 4194 4151
f 4151 4194 4167
f 4196 4197 4195
f 4195 4197 4198
f 4095 4199 4096
f 4096 4199 4200
f 4201 4202 4204
f 4204 4202 4203
f 4205 4206 4208
f 4208 4206 4207
f 4121 4120 4209
f 4209 4120 4210
f 4212 4213 4211
f 4211 4213 4214
f 4216 4217 4215
f 4215 4217 4218
f 4220 4221 4219
f 4219 4221 4222
f 4224 4196 4223
f 4223 4196 4195
f 4225 4226 4134
f 4134 4226 4131
f 4228 4229 4227
f 4227 4229 4230
f 4232 4233 4231
f 4231 4233 4098
f 4235 4236 4234
f 4234 4236 4237
f 4239 4240 4238
f 4238 4240 4241
f 4242 4243 4245
f 4245 4243 4244
f 4246 4247 4249
f 4249 4247 4248
f 4251 4252 4250
f 4250 4252 4253
f 4255 4256 4254
f 4254 4256 4257
f 4259 4260 4258
f 4258 4260 4261
f 4263 4264 4262
f 4262 4264 4265
f 4267 4268 4266
f 4266 4268 4269
f 4271 4199 4270
f 4270 4199 4272
f 4273 4274 4276
f 4276 4274 4275
f 4115 4118 4277
f 4277 4118 4278
f 4280 4281 4279
f 4279 4281 4282
f 4211 4283 4212
f 4212 4283 4284
f 4286 4287 4285
f 4285 4287 4288
f 4165 4121 4289
f 4289 4121 4209
f 4291 4286 4290
f 4290 4286 4285
f 4293 4294 4292
f 4292 4294 4295
f 4297 4298 4296
f 4296 4298 4299
f 4301 4302 4300
f 4300 4302 4303
f 4299 4304 4296
f 4296 4304 4305
f 4306 4292 4307
f 4307 4292 4295
f 4307 4308 4306
f 4306 4308 4309
f 4310 4309 4075
f 4075 4309 4308
f 4299 4298 4312
f 4312 4298 4311
f 4302 4301 4293
f 4293 4301 4294
f 3735 3921 4313
f 4313 3921 4314
f 4315 4314 3922
f 3922 4314 3921
f 4316 3945 829
f 829 3945 830
f 4289 4317 4165
f 4165 4317 4318
f 4320 4321 4319
f 4319 4321 4322
f 4324 4325 4323
f 4323 4325 4326
f 4327 4328 4330
f 4330 4328 4329
f 4290 4331 4291
f 4291 4331 4332
f 4165 4318 4166
f 4166 4318 4333
f 4334 4335 4337
f 4337 4335 4336
f 4339 4340 4338
f 4338 4340 4341
f 4168 4343 4342
f 4342 4343 4344
f 4346 4347 4345
f 4345 4347 4348
f 4350 4351 4349
f 4349 4351 4352
f 4354 4355 4353
f 4353 4355 4356
f 4357 4358 4324
f 4324 4358 4325
f 4337 4359 4334
f 4334 4359 4360
f 4362 4363 4361
f 4361 4363 4364
f 4366 4367 4365
f 4365 4367 4368
f 4369 4370 4372
f 4372 4370 4371
f 4331 4290 4374
f 4374 4290 4373
f 4373 4376 4375
f 4375 4376 4377
f 4379 4380 4378
f 4378 4380 4381
f 4217 4382 4218
f 4218 4382 4383
f 4385 4386 4384
f 4384 4386 4387
f 4388 4389 4338
f 4338 4389 4390
f 4337 4336 4392
f 4392 4336 4391
f 4394 4362 4393
f 4393 4362 4361
f 4396 4397 4395
f 4395 4397 4398
f 4400 4401 4399
f 4399 4401 4402
f 4345 4403 4346
f 4346 4403 4404
f 4405 4406 4342
f 4342 4406 4407
f 4409 4410 4408
f 4408 4410 4411
f 4408 4412 4409
f 4409 4412 4413
f 4181 4415 4414
f 4414 4415 4416
f 4182 4183 4417
f 4417 4183 4418
f 4419 4353 4311
f 4311 4353 4312
f 4421 4422 4420
f 4420 4422 4423
f 4353 4356 4312
f 4312 4356 4424
f 4166 4333 4425
f 4425 4333 4426
f 4425 4143 4166
f 4166 4143 4122
f 4427 4107 4428
f 4428 4107 4110
f 4429 4430 4174
f 4174 4430 4175
f 4335 4431 4336
f 4336 4431 4390
f 4336 4390 4391
f 4391 4390 4389
f 4432 4433 4435
f 4435 4433 4434
f 4437 4438 4436
f 4436 4438 4439
f 4441 4442 4440
f 4440 4442 4443
f 4359 4444 4361
f 4361 4444 4393
f 4446 4447 4445
f 4445 4447 4448
f 4338 4341 4388
f 4388 4341 4449
f 4450 4451 4398
f 4398 4451 4395
f 4453 4454 4452
f 4452 4454 4455
f 4457 4458 4456
f 4456 4458 4459
f 4460 4461 4448
f 4448 4461 4445
f 4463 4464 4462
f 4462 4464 4465
f 4462 4465 4466
f 4466 4465 4467
f 4468 4469 4467
f 4467 4469 4466
f 4469 4468 4470
f 4470 4468 4471
f 4472 4473 4471
f 4471 4473 4470
f 4475 4476 4474
f 4474 4476 4477
f 4479 4480 4478
f 4478 4480 4481
f 4483 4484 4482
f 4482 4484 4485
f 4487 4488 4486
f 4486 4488 4489
f 4491 4492 4490
f 4490 4492 4493
f 4494 4495 4493
f 4493 4495 4490
f 4496 4497 4494
f 4494 4497 4495
f 4497 4496 4498
f 4498 4496 4499
f 4500 4501 4503
f 4503 4501 4502
f 4505 4506 4504
f 4504 4506 4507
f 4466 4508 4462
f 4462 4508 4509
f 4470 4510 4469
f 4469 4510 4511
f 4513 4479 4512
f 4512 4479 4478
f 4515 4443 4514
f 4514 4443 4442
f 4516 4517 4519
f 4519 4517 4518
f 4521 4495 4520
f 4520 4495 4497
f 4522 4490 4521
f 4521 4490 4495
f 4491 4523 4488
f 4488 4523 4524
f 4525 4489 4524
f 4524 4489 4488
f 4484 4526 4485
f 4485 4526 4527
f 4503 4528 4500
f 4500 4528 4529
f 4530 4531 4533
f 4533 4531 4532
f 4535 4506 4534
f 4534 4506 4530
f 4486 4536 4487
f 4487 4536 4537
f 4487 4537 4492
f 4492 4537 4538
f 4494 4539 4496
f 4496 4539 4540
f 4542 4533 4541
f 4541 4533 4499
f 4544 4545 4543
f 4543 4545 4546
f 4548 4549 4547
f 4547 4549 4550
f 4536 4551 4537
f 4537 4551 4552
f 4537 4552 4538
f 4538 4552 4553
f 4554 4539 4556
f 4556 4539 4555
f 4557 4540 4554
f 4554 4540 4539
f 4559 4557 4558
f 4558 4557 4560
f 4540 4557 4541
f 4541 4557 4559
f 4562 4563 4561
f 4561 4563 4564
f 4546 4565 4543
f 4543 4565 4566
f 4547 4567 4548
f 4548 4567 4568
f 4570 4571 4569
f 4569 4571 4572
f 4574 4575 4573
f 4573 4575 4576
f 4578 4579 4577
f 4577 4579 4580
f 4582 4583 4581
f 4581 4583 4584
f 4585 4586 4588
f 4588 4586 4587
f 4589 4585 4590
f 4590 4585 4588
f 4592 4593 4591
f 4591 4593 4594
f 4596 4597 4595
f 4595 4597 4598
f 4600 4601 4599
f 4599 4601 4602
f 4563 4604 4603
f 4603 4604 4605
f 4603 4606 4608
f 4608 4606 4607
f 4609 4610 4594
f 4594 4610 4591
f 4611 4612 4614
f 4614 4612 4613
f 4616 4617 4615
f 4615 4617 4618
f 4602 4620 4619
f 4619 4620 4621
f 4619 4622 4602
f 4602 4622 4599
f 4605 4599 4623
f 4623 4599 4622
f 4605 4623 4603
f 4603 4623 4606
f 4625 4626 4624
f 4624 4626 4627
f 4438 4437 4628
f 4628 4437 4629
f 4442 4441 4630
f 4630 4441 4631
f 4630 4632 4442
f 4442 4632 4514
f 4633 4634 4529
f 4529 4634 4500
f 4500 4634 4501
f 4501 4634 4635
f 4637 4546 4636
f 4636 4546 4545
f 4639 4565 4638
f 4638 4565 4640
f 4573 4576 4641
f 4641 4576 4642
f 4593 4643 4594
f 4594 4643 4644
f 4645 4609 4644
f 4644 4609 4594
f 4647 4648 4646
f 4646 4648 4649
f 4651 4652 4650
f 4650 4652 4653
f 4654 4498 4519
f 4519 4498 4532
f 4520 4508 4521
f 4521 4508 4511
f 4522 4510 4523
f 4523 4510 4655
f 4524 4656 4525
f 4525 4656 4657
f 4514 4529 4515
f 4515 4529 4528
f 4658 4659 4661
f 4661 4659 4660
f 4496 4540 4499
f 4499 4540 4541
f 4493 4555 4494
f 4494 4555 4539
f 4549 4483 4550
f 4550 4483 4482
f 4545 4544 4501
f 4501 4544 4502
f 4636 4545 4635
f 4635 4545 4501
f 4589 4663 4662
f 4662 4663 4664
f 4662 4665 4558
f 4558 4665 4559
f 4569 4586 4570
f 4570 4586 4560
f 4552 4666 4553
f 4553 4666 4667
f 4668 4669 4670
f 4670 4669 4666
f 4672 4673 4671
f 4671 4673 4674
f 4287 4675 4288
f 4288 4675 4676
f 4678 4679 4677
f 4677 4679 4680
f 4681 4678 4682
f 4682 4678 4677
f 4682 4683 4681
f 4681 4683 4684
f 4161 4164 4685
f 4685 4164 4686
f 4414 4687 4689
f 4689 4687 4688
f 4405 4690 4346
f 4346 4690 4347
f 4691 4399 4693
f 4693 4399 4692
f 1209 4694 4365
f 4365 4694 4366
f 4650 1211 4651
f 4651 1211 1210
f 4695 4696 4255
f 4255 4696 4256
f 4697 4698 4218
f 4218 4698 4215
f 4700 4701 4699
f 4699 4701 4702
f 4703 4704 4303
f 4303 4704 4300
f 4315 3922 4316
f 4316 3922 3945
f 4653 4706 4705
f 4705 4706 4707
f 4709 4710 4708
f 4708 4710 4711
f 4335 4334 4713
f 4713 4334 4712
f 4714 4340 4321
f 4321 4340 4322
f 4716 4717 4715
f 4715 4717 4718
f 4238 4241 4719
f 4719 4241 4720
f 4231 4721 4307
f 4307 4721 4308
f 4723 4724 4722
f 4722 4724 4725
f 4727 4728 4726
f 4726 4728 4729
f 4730 4731 4327
f 4327 4731 4328
f 4733 4734 4732
f 4732 4734 4735
f 4720 4381 4736
f 4736 4381 4737
f 4738 4739 4741
f 4741 4739 4740
f 4743 4744 4742
f 4742 4744 4745
f 4338 4390 4339
f 4339 4390 4431
f 4746 4747 4431
f 4431 4747 4339
f 4291 4332 4289
f 4289 4332 4317
f 4289 4209 4291
f 4291 4209 4286
f 4287 4286 4210
f 4210 4286 4209
f 4749 4750 4748
f 4748 4750 4751
f 4212 4284 4752
f 4752 4284 4753
f 4752 4754 4212
f 4212 4754 4213
f 4252 4251 4225
f 4225 4251 4226
f 4227 4230 4248
f 4248 4230 4249
f 4205 4755 4757
f 4757 4755 4756
f 4708 4711 4758
f 4758 4711 4647
f 4367 4366 4759
f 4759 4366 4760
f 4526 4513 4527
f 4527 4513 4512
f 4420 4423 4385
f 4385 4423 4386
f 4705 4761 4653
f 4653 4761 4650
f 4761 1279 4650
f 4650 1279 1211
f 4762 4763 3944
f 3944 4763 3936
f 4274 4273 4765
f 4765 4273 4764
f 4767 4768 4766
f 4766 4768 4769
f 4770 4771 4769
f 4769 4771 4766
f 4771 4770 4242
f 4242 4770 4243
f 4093 4163 4094
f 4094 4163 4162
f 4772 4773 4775
f 4775 4773 4774
f 4777 4778 4776
f 4776 4778 4779
f 4417 4185 4182
f 4182 4185 4184
f 4780 4078 4781
f 4781 4078 4077
f 4781 4077 4782
f 4782 4077 4189
f 4188 4783 4189
f 4189 4783 4782
f 4295 4232 4307
f 4307 4232 4231
f 4785 4786 4784
f 4784 4786 4787
f 4784 1307 4785
f 4785 1307 1306
f 4078 4780 4096
f 4096 4780 4097
f 4075 4074 4310
f 4310 4074 4788
f 4788 4074 4789
f 4789 4074 4191
f 4789 4191 4059
f 4059 4191 4790
f 4791 4277 4792
f 4792 4277 4278
f 3732 3735 4793
f 4793 3735 4313
f 4793 4794 3732
f 3732 4794 3731
f 4792 4795 4791
f 4791 4795 4796
f 4797 4798 4799
f 4799 4798 4724
f 4763 4800 3936
f 3936 4800 3935
f 4801 4062 3729
f 3729 4062 3730
f 4713 4712 4802
f 4802 4712 4803
f 4146 4804 4119
f 4119 4804 4805
f 4498 4654 4497
f 4497 4654 4520
f 4806 4807 1326
f 1326 4807 1327
f 4689 4688 1330
f 1330 4688 1331
f 4801 4789 4062
f 4062 4789 4059
f 3730 4062 4808
f 4808 4062 4061
f 4810 4811 4809
f 4809 4811 4812
f 4813 4403 4814
f 4814 4403 4345
f 4815 4816 4349
f 4349 4816 4350
f 4817 4818 4820
f 4820 4818 4819
f 4406 4821 4407
f 4407 4821 4822
f 4823 4161 4824
f 4824 4161 4685
f 4181 4414 4825
f 4825 4414 4689
f 4741 4740 4826
f 4826 4740 4827
f 4828 4829 4827
f 4827 4829 4826
f 4142 4141 4415
f 4415 4141 4148
f 4830 1354 4761
f 4761 1354 1279
f 4832 4833 4831
f 4831 4833 4834
f 4835 4836 4626
f 4626 4836 4421
f 4451 4709 4395
f 4395 4709 4708
f 4627 4420 4837
f 4837 4420 4385
f 4837 1365 4838
f 4838 1365 1364
f 4397 4396 4839
f 4839 4396 4840
f 4842 4628 4841
f 4841 4628 4629
f 4671 4674 4631
f 4631 4674 4630
f 4674 4659 4630
f 4630 4659 4632
f 4633 4632 4658
f 4658 4632 4659
f 4658 4504 4633
f 4633 4504 4634
f 4635 4634 4507
f 4507 4634 4504
f 4843 4636 4507
f 4507 4636 4635
f 4844 4637 4843
f 4843 4637 4636
f 4637 4844 4640
f 4640 4844 4664
f 4638 4663 4642
f 4642 4663 4845
f 4847 4643 4846
f 4846 4643 4641
f 4644 4848 4645
f 4645 4848 4849
f 4851 4852 4850
f 4850 4852 4853
f 4855 4856 4854
f 4854 4856 4857
f 4859 4860 4858
f 4858 4860 4857
f 4715 4718 4859
f 4859 4718 4860
f 4862 4863 4861
f 4861 4863 4864
f 4866 4867 4865
f 4865 4867 4868
f 4870 4871 4869
f 4869 4871 4872
f 4869 4872 4116
f 4116 4872 4117
f 4820 4819 4874
f 4874 4819 4873
f 4876 4877 4875
f 4875 4877 4878
f 4880 4881 4879
f 4879 4881 4882
f 4884 4885 4883
f 4883 4885 4886
f 4887 4888 4280
f 4280 4888 4281
f 4818 4817 4889
f 4889 4817 4890
f 4891 4193 4823
f 4823 4193 4192
f 4892 4893 4228
f 4228 4893 4229
f 4158 4157 4894
f 4894 4157 4895
f 4896 4897 4132
f 4132 4897 4133
f 4099 4683 4100
f 4100 4683 4682
f 4101 4100 4899
f 4899 4100 4898
f 4150 4106 4147
f 4147 4106 4900
f 4100 4682 4898
f 4898 4682 4677
f 4080 4082 4187
f 4187 4082 4184
f 4077 4080 4189
f 4189 4080 4187
f 4191 4190 4790
f 4790 4190 4901
f 4177 4158 4680
f 4680 4158 4894
f 4108 4136 4752
f 4752 4136 4754
f 4752 4753 4108
f 4108 4753 4109
f 4817 4902 4890
f 4890 4902 4903
f 4904 4905 4907
f 4907 4905 4906
f 4909 4910 4908
f 4908 4910 4911
f 4913 4914 4912
f 4912 4914 4915
f 4916 4917 4919
f 4919 4917 4918
f 4312 4424 4299
f 4299 4424 4304
f 4920 4921 4297
f 4297 4921 4298
f 4194 4922 4167
f 4167 4922 4923
f 4924 4400 4691
f 4691 4400 4399
f 4395 4708 4396
f 4396 4708 4758
f 4367 4925 4368
f 4368 4925 4926
f 4919 4918 4873
f 4873 4918 4874
f 4836 4927 4421
f 4421 4927 4422
f 4921 4928 4298
f 4298 4928 4311
f 4143 4146 4122
f 4122 4146 4119
f 4929 4930 4455
f 4455 4930 4452
f 4932 4933 4931
f 4931 4933 4934
f 4935 4936 4932
f 4932 4936 4933
f 4461 4460 4457
f 4457 4460 4458
f 4480 4479 4475
f 4475 4479 4476
f 4660 4673 4517
f 4517 4673 4937
f 4661 4505 4658
f 4658 4505 4504
f 4484 4483 4489
f 4489 4483 4486
f 4462 4509 4463
f 4463 4509 4518
f 4469 4511 4466
f 4466 4511 4508
f 4655 4473 4656
f 4656 4473 4477
f 4476 4657 4477
f 4477 4657 4656
f 4479 4513 4476
f 4476 4513 4657
f 4489 4525 4484
f 4484 4525 4526
f 4483 4549 4486
f 4486 4549 4536
f 4549 4548 4536
f 4536 4548 4551
f 4548 4568 4551
f 4551 4568 4670
f 4663 4589 4845
f 4845 4589 4590
f 4668 4577 4938
f 4938 4577 4580
f 4940 4938 4939
f 4939 4938 4941
f 4940 4942 4669
f 4669 4942 4943
f 4587 4582 4944
f 4944 4582 4581
f 4848 4847 4608
f 4608 4847 4564
f 4616 4945 4613
f 4613 4945 4598
f 4615 4946 4616
f 4616 4946 4945
f 4947 4939 4948
f 4948 4939 4946
f 4599 4605 4600
f 4600 4605 4604
f 4608 4607 4848
f 4848 4607 4849
f 4613 4612 4616
f 4616 4612 4617
f 4835 4949 4709
f 4709 4949 4710
f 4357 1477 4837
f 4837 1477 1365
f 4712 4950 4803
f 4803 4950 4951
f 4401 4952 4402
f 4402 4952 4953
f 4759 4760 4402
f 4402 4760 4399
f 4508 4520 4509
f 4509 4520 4654
f 4510 4522 4511
f 4511 4522 4521
f 4513 4526 4657
f 4657 4526 4525
f 4632 4633 4514
f 4514 4633 4529
f 4931 4934 4453
f 4453 4934 4454
f 4153 4954 4154
f 4154 4954 4955
f 4957 4958 4956
f 4956 4958 4959
f 4961 4962 4960
f 4960 4962 4963
f 4120 4964 4210
f 4210 4964 4965
f 4967 4968 4966
f 4966 4968 4969
f 4349 4692 4815
f 4815 4692 4970
f 4652 4971 4653
f 4653 4971 4706
f 4758 4647 4972
f 4972 4647 4646
f 4973 4363 4646
f 4646 4363 4972
f 4950 4360 4974
f 4974 4360 4364
f 4431 4335 4746
f 4746 4335 4713
f 4358 4714 4325
f 4325 4714 4321
f 4765 4764 4266
f 4266 4764 4975
f 4202 4976 4203
f 4203 4976 4977
f 4917 4978 4918
f 4918 4978 4979
f 4279 4282 4854
f 4854 4282 4269
f 4820 4880 4817
f 4817 4880 4902
f 4890 4903 4980
f 4980 4903 4886
f 4982 4983 4981
f 4981 4983 4123
f 4795 4851 4796
f 4796 4851 4850
f 4918 4979 4874
f 4874 4979 4881
f 4809 4404 4810
f 4810 4404 4403
f 4354 4985 4984
f 4984 4985 4986
f 1364 1516 4838
f 4838 1516 4987
f 4759 4988 4367
f 4367 4988 4925
f 4989 4990 4481
f 4481 4990 4478
f 4443 4515 4990
f 4990 4515 4991
f 4527 4512 4992
f 4992 4512 4991
f 4528 4503 4992
f 4992 4503 4993
f 4993 4994 4485
f 4485 4994 4482
f 4544 4995 4502
f 4502 4995 4994
f 4995 4996 4550
f 4550 4996 4547
f 4998 4999 4997
f 4997 4999 4566
f 4998 5000 4578
f 4578 5000 4579
f 5001 5002 4596
f 4596 5002 4597
f 5003 4591 5004
f 5004 4591 4610
f 4626 4421 4627
f 4627 4421 4420
f 4837 4838 4627
f 4627 4838 4624
f 4761 4705 4830
f 4830 4705 5005
f 4705 4707 5005
f 5005 4707 5006
f 4308 4721 4075
f 4075 4721 4076
f 5007 4200 4797
f 4797 4200 4798
f 4685 4686 5008
f 5008 4686 5009
f 4889 4890 5010
f 5010 4890 4980
f 4323 1541 4324
f 4324 1541 1540
f 4385 4384 4358
f 4358 4384 4714
f 4396 4758 4840
f 4840 4758 4972
f 4866 4852 5011
f 5011 4852 5012
f 5013 4260 4980
f 4980 4260 5010
f 4875 4878 5014
f 5014 4878 5015
f 5017 5018 5016
f 5016 5018 5019
f 5016 5019 5020
f 5020 5019 5021
f 5023 5024 5022
f 5022 5024 5025
f 5027 5028 5026
f 5026 5028 5029
f 5031 5032 5030
f 5030 5032 5033
f 5035 5036 5034
f 5034 5036 5037
f 5039 5040 5038
f 5038 5040 5041
f 5043 5044 5042
f 5042 5044 5045
f 5038 5046 5039
f 5039 5046 5047
f 5049 5050 5048
f 5048 5050 5051
f 5053 5054 5052
f 5052 5054 5055
f 5057 5024 5056
f 5056 5024 5058
f 5060 5061 5059
f 5059 5061 5062
f 5064 5065 5063
f 5063 5065 5066
f 5043 5050 5064
f 5064 5050 5065
f 5038 5041 5067
f 5067 5041 5068
f 5070 5071 5069
f 5069 5071 5072
f 5074 5075 5073
f 5073 5075 5076
f 5034 5077 5035
f 5035 5077 5078
f 5080 5081 5079
f 5079 5081 5082
f 5084 5085 5083
f 5083 5085 5086
f 5085 5084 5087
f 5087 5084 5088
f 5090 5091 5089
f 5089 5091 5092
f 5094 5095 5093
f 5093 5095 5096
f 5098 5099 5097
f 5097 5099 5100
f 5102 5103 5101
f 5101 5103 5104
f 5105 5106 5108
f 5108 5106 5107
f 5110 5111 5109
f 5109 5111 5112
f 5114 5094 5113
f 5113 5094 5093
f 5116 5117 5115
f 5115 5117 5118
f 5120 5121 5119
f 5119 5121 5122
f 5124 5125 5123
f 5123 5125 5126
f 5128 5129 5127
f 5127 5129 5130
f 5097 5131 5098
f 5098 5131 5132
f 5134 5135 5133
f 5133 5135 5122
f 5084 5125 5088
f 5088 5125 5136
f 5138 5139 5137
f 5137 5139 5140
f 5142 5102 5141
f 5141 5102 5101
f 5106 5143 5107
f 5107 5143 5144
f 5146 5147 5145
f 5145 5147 5148
f 5149 5150 5109
f 5109 5150 5110
f 5151 5110 5152
f 5152 5110 5150
f 4715 5140 4716
f 4716 5140 5139
f 5143 4870 5144
f 5144 4870 4869
f 4115 5146 4116
f 4116 5146 5145
f 4791 4796 5149
f 5149 4796 5150
f 4796 4850 5150
f 5150 4850 5152
f 4858 5142 4859
f 4859 5142 5141
f 5153 5154 5115
f 5115 5154 5105
f 5156 5157 5155
f 5155 5157 5158
f 5159 5160 5053
f 5053 5160 5054
f 5161 5162 5020
f 5020 5162 5068
f 5026 5029 5163
f 5163 5029 5021
f 5083 5086 5164
f 5164 5086 5165
f 5090 5167 5166
f 5166 5167 5168
f 5169 5170 5172
f 5172 5170 5171
f 5174 5175 5173
f 5173 5175 5176
f 5177 5109 5178
f 5178 5109 5112
f 5179 5180 5182
f 5182 5180 5181
f 5123 5126 5120
f 5120 5126 5121
f 5180 5167 5181
f 5181 5167 5183
f 5184 5185 5179
f 5179 5185 5180
f 5186 5149 5177
f 5177 5149 5109
f 4868 5184 4865
f 4865 5184 5179
f 5188 5189 5187
f 5187 5189 5190
f 4277 4791 5186
f 5186 4791 5149
f 5179 5182 4865
f 4865 5182 4853
f 5189 4862 5190
f 5190 4862 4861
f 5156 5075 5191
f 5191 5075 5192
f 5036 5035 5193
f 5193 5035 5194
f 5115 5118 5153
f 5153 5118 5195
f 5022 5025 5196
f 5196 5025 5197
f 5155 5158 5069
f 5069 5158 5062
f 5063 5066 5198
f 5198 5066 5199
f 5073 5076 5200
f 5200 5076 5072
f 5202 5131 5201
f 5201 5131 5203
f 5143 5106 5204
f 5204 5106 5205
f 5114 5113 5206
f 5206 5113 5127
f 5098 5132 5193
f 5193 5132 5195
f 5204 5207 5143
f 5143 5207 4870
f 5088 5136 5208
f 5208 5136 5092
f 5209 5210 5089
f 5089 5210 5183
f 5211 5018 5060
f 5060 5018 5061
f 5017 5040 5070
f 5070 5040 5071
f 5191 5160 5156
f 5156 5160 5157
f 5048 5028 5049
f 5049 5028 5058
f 5207 5204 4858
f 4858 5204 5142
f 4859 5141 4715
f 4715 5141 5140
f 5212 5162 5042
f 5042 5162 5051
f 5182 5152 4853
f 4853 5152 4850
f 5214 5134 5213
f 5213 5134 5133
f 5164 5165 5133
f 5133 5165 5213
f 5215 5216 5201
f 5201 5216 5217
f 5147 5218 5148
f 5148 5218 5219
f 5147 5177 5218
f 5218 5177 5178
f 5141 5101 5140
f 5140 5101 5137
f 5201 5217 5202
f 5202 5217 5104
f 5146 5186 5147
f 5147 5186 5177
f 4277 5186 4115
f 4115 5186 5146
f 5191 5192 5031
f 5031 5192 5032
f 5052 5055 5220
f 5220 5055 5197
f 4116 5145 4869
f 4869 5145 5144
f 5034 5037 5214
f 5214 5037 5134
f 5097 5100 5114
f 5114 5100 5094
f 5108 5107 5219
f 5219 5107 5148
f 5221 5135 5116
f 5116 5135 5117
f 5124 5111 5209
f 5209 5111 5210
f 5107 5144 5148
f 5148 5144 5145
f 5152 5182 5151
f 5151 5182 5181
f 5208 5222 5088
f 5088 5222 5087
f 5222 5208 5171
f 5171 5208 5172
f 5223 1756 4698
f 4698 1756 1755
f 4427 5224 4107
f 4107 5224 4135
f 4178 4679 5225
f 5225 4679 5226
f 5227 5228 4892
f 4892 5228 4893
f 5229 5230 4171
f 4171 5230 4172
f 4855 4268 4884
f 4884 4268 4885
f 4884 4871 4855
f 4855 4871 4856
f 4684 5231 4896
f 4896 5231 4897
f 4768 4767 5009
f 5009 4767 5008
f 5205 5154 5102
f 5102 5154 5103
f 5099 5098 5194
f 5194 5098 5193
f 5198 5199 5079
f 5079 5199 5033
f 5102 5142 5205
f 5205 5142 5204
f 5224 4427 4681
f 4681 4427 4678
f 3712 3711 5232
f 5232 3711 5233
f 3968 3988 3963
f 3963 3988 3964
f 3976 4044 3972
f 3972 4044 3985
f 4038 4037 4036
f 4036 4037 4033
f 4794 4762 3731
f 3731 4762 3944
f 3731 3944 3722
f 3722 3944 3810
f 3874 5234 5232
f 5232 5234 3712
f 3906 3905 3867
f 3867 3905 4011
f 3904 4023 3905
f 3905 4023 4011
f 3719 3722 3811
f 3811 3722 3810
f 3812 3719 3687
f 3687 3719 3811
f 3716 3812 3686
f 3686 3812 3687
f 3713 3716 3685
f 3685 3716 3686
f 4810 4403 5235
f 5235 4403 4813
f 4345 1770 4814
f 4814 1770 1769
f 4067 4066 4058
f 4058 4066 5236
f 4043 4068 4049
f 4049 4068 4050
f 4034 5237 3989
f 3989 5237 3990
f 4031 4030 4072
f 4072 4030 4005
f 4003 4004 4002
f 4002 4004 4032
f 4004 4005 4032
f 4032 4005 4030
f 4067 4064 4068
f 4068 4064 4050
f 4058 4057 4067
f 4067 4057 4064
f 4035 4034 5238
f 5238 4034 3989
f 5236 5239 4058
f 4058 5239 5240
f 5234 3874 5241
f 5241 3874 3873
f 5241 3873 3881
f 3881 3873 3878
f 4800 4763 4788
f 4788 4763 4310
f 4763 4762 4310
f 4310 4762 4309
f 4762 4794 4309
f 4309 4794 4306
f 4794 4793 4306
f 4306 4793 4292
f 4293 4313 4302
f 4302 4313 4314
f 4302 4314 4303
f 4303 4314 4315
f 4303 4315 4703
f 4703 4315 4316
f 4035 4069 4043
f 4043 4069 4068
f 4324 1540 4357
f 4357 1540 1477
f 5232 3987 3874
f 3874 3987 3871
f 3987 5232 4013
f 4013 5232 5233
f 4013 5233 4014
f 4014 5233 5242
f 3888 4015 3865
f 3865 4015 4007
f 3866 4008 5243
f 5243 4008 4016
f 3873 5244 3878
f 3878 5244 3875
f 3965 5244 3872
f 3872 5244 3873
f 3876 3875 3965
f 3965 3875 5244
f 5243 4016 5242
f 5242 4016 4014
f 5246 5247 5245
f 5245 5247 5248
f 3576 3950 3577
f 3577 3950 3926
f 3584 3842 3585
f 3585 3842 3580
f 5249 5247 1784
f 1784 5247 1785
f 5250 5251 5253
f 5253 5251 5252
f 5255 5252 5254
f 5254 5252 5256
f 5254 5256 5258
f 5258 5256 5257
f 5258 5257 5260
f 5260 5257 5259
f 4356 5261 4424
f 4424 5261 5259
f 4355 5262 4356
f 4356 5262 5261
f 4924 5264 5263
f 5263 5264 5265
f 4693 5266 4691
f 4691 5266 5267
f 4351 5268 4352
f 4352 5268 5269
f 1808 1807 4351
f 4351 1807 5268
f 3580 3842 3581
f 3799 3802 3838
f 4800 4788 4801
f 4801 4788 4789
f 3729 3935 4801
f 4801 3935 4800
f 3728 3666 3729
f 3729 3666 3935
f 3728 3798 3666
f 3666 3798 3663
f 3798 3818 3663
f 3663 3818 3809
f 3818 3817 3809
f 3809 3817 3808
f 3796 3655 3817
f 3817 3655 3808
f 3615 3568 3796
f 3796 3568 3655
f 3573 3569 3615
f 3615 3569 3568
f 3572 3613 3573
f 3573 3613 3569
f 3792 3606 3572
f 3572 3606 3613
f 3607 3791 3949
f 3949 3791 3591
f 3590 3950 3591
f 3591 3950 3949
f 3805 3926 3590
f 3590 3926 3950
f 3804 3559 3805
f 3805 3559 3926
f 3804 3914 3559
f 3559 3914 3560
f 3924 3789 3913
f 3913 3789 3788
f 3924 3928 3789
f 3789 3928 3826
f 3928 3927 3826
f 3826 3927 3827
f 3927 3834 3827
f 3827 3834 3835
f 4079 4078 5270
f 5270 4078 5007
f 5271 5272 4233
f 4233 5272 5273
f 5275 5276 5274
f 5274 5276 5277
f 5278 5279 4236
f 4236 5279 4237
f 5278 5280 5271
f 5271 5280 5272
f 4235 5281 4236
f 4236 5281 5282
f 5284 5285 5283
f 5283 5285 5286
f 5288 5289 5287
f 5287 5289 5290
f 5292 5293 5291
f 5291 5293 5294
f 5287 5290 4726
f 4726 5290 5295
f 4293 4292 4313
f 4313 4292 4793
f 4720 4736 4719
f 4719 4736 5296
f 5297 4909 5298
f 5298 4909 4908
f 5299 5300 4976
f 4976 5300 5301
f 5302 4202 5303
f 5303 4202 4201
f 5304 5305 4983
f 4983 5305 5306
f 5308 5309 5307
f 5307 5309 5310
f 4722 4725 5283
f 5283 4725 5311
f 5291 5294 4125
f 4125 5294 4126
f 5313 5314 5312
f 5312 5314 5315
f 5316 5317 5319
f 5319 5317 5318
f 5321 5308 5320
f 5320 5308 5307
f 4819 4981 4873
f 4873 4981 5322
f 4981 4123 5322
f 5322 4123 4126
f 5324 5325 5323
f 5323 5325 5326
f 4764 5327 4975
f 4975 5327 5328
f 4172 5327 4169
f 4169 5327 5329
f 4768 4171 4769
f 4769 4171 4170
f 4243 4755 4244
f 4244 4755 5330
f 4755 4205 5330
f 5330 4205 4208
f 4206 4906 4207
f 4207 4906 4905
f 4686 5014 5009
f 5009 5014 5229
f 4756 4770 4170
f 4170 4770 4769
f 4170 4169 4756
f 4756 4169 4757
f 4273 5329 4764
f 4764 5329 5327
f 4276 5331 4273
f 4273 5331 5329
f 4770 4756 4243
f 4243 4756 4755
f 5333 4889 5332
f 5332 4889 5010
f 4877 5332 4878
f 4878 5332 4259
f 4875 4164 4876
f 4876 4164 4163
f 5334 5335 5324
f 5324 5335 5325
f 4983 5306 4123
f 4123 5306 4124
f 4818 4982 4819
f 4819 4982 4981
f 5332 5010 4259
f 4259 5010 4260
f 5014 4686 4875
f 4875 4686 4164
f 4171 4768 5229
f 5229 4768 5009
f 5337 4916 5336
f 5336 4916 4919
f 5293 5337 5294
f 5294 5337 5336
f 4982 4818 5333
f 5333 4818 4889
f 5338 5339 4262
f 4262 5339 5340
f 5307 5310 5338
f 5338 5310 5339
f 5341 5342 4204
f 4204 5342 5309
f 5336 4919 5322
f 5322 4919 4873
f 5294 5336 4126
f 4126 5336 5322
f 5323 5326 5343
f 5343 5326 5286
f 4914 5344 4915
f 4915 5344 5345
f 5312 5315 5344
f 5344 5315 5345
f 5347 5348 5346
f 5346 5348 5349
f 5350 5351 4832
f 4832 5351 4833
f 5352 5353 5349
f 5349 5353 5346
f 5354 5338 4265
f 4265 5338 4262
f 5320 5307 5354
f 5354 5307 5338
f 4201 5308 5303
f 5303 5308 5321
f 5356 5357 5355
f 5355 5357 4799
f 5358 5359 5334
f 5334 5359 5335
f 5358 5360 4093
f 4093 5360 4163
f 5360 5305 4163
f 4163 5305 4876
f 5305 5304 4876
f 4876 5304 4877
f 5270 4778 4079
f 4079 4778 4081
f 4779 5361 4774
f 4774 5361 5357
f 5356 5359 4775
f 4775 5359 4092
f 5333 5304 4982
f 4982 5304 4983
f 5332 4877 5333
f 5333 4877 5304
f 5015 4258 5230
f 5230 4258 5328
f 5327 4172 5328
f 5328 4172 5230
f 4169 5329 4757
f 4757 5329 5331
f 4757 5331 4205
f 4205 5331 4206
f 5331 4276 4206
f 4206 4276 4906
f 4276 4275 4906
f 4906 4275 4907
f 4275 4888 4907
f 4907 4888 4744
f 4887 4717 4745
f 4745 4717 4864
f 4716 5139 4861
f 4861 5139 5190
f 5139 5138 5190
f 5190 5138 5187
f 5138 5216 5187
f 5187 5216 5176
f 5215 5362 5173
f 5173 5362 5130
f 5364 5365 5363
f 5363 5365 5340
f 4742 4863 5366
f 5366 4863 4867
f 4862 5189 4868
f 4868 5189 5184
f 5189 5188 5184
f 5184 5188 5185
f 5188 5175 5185
f 5185 5175 5168
f 3560 3788 3561
f 3561 3788 3790
f 3596 3595 3608
f 3608 3595 3594
f 3598 3582 3595
f 3595 3582 3592
f 3600 3609 3601
f 3601 3609 3611
f 3602 3601 3612
f 3612 3601 3611
f 3606 3605 3613
f 3613 3605 3614
f 3793 5367 3794
f 3794 5367 5368
f 3598 3597 3600
f 3600 3597 3609
f 3793 3792 3575
f 3575 3792 3572
f 3561 3594 3558
f 3558 3594 3593
f 3807 3915 3804
f 3804 3915 3914
f 3916 3915 5370
f 5370 3915 5369
f 3602 3605 3603
f 3603 3605 3604
f 3606 3792 3607
f 3607 3792 3791
f 3914 3913 3560
f 3560 3913 3788
f 5174 5129 5166
f 5166 5129 5371
f 5170 5169 5093
f 5093 5169 5113
f 5166 5371 5090
f 5090 5371 5091
f 5128 5169 5372
f 5372 5169 5172
f 5127 5113 5128
f 5128 5113 5169
f 5114 5206 5203
f 5203 5206 5362
f 5200 5373 5073
f 5073 5373 5096
f 5374 5375 5200
f 5200 5375 5373
f 5039 5047 5374
f 5374 5047 5375
f 5087 5046 5085
f 5085 5046 5376
f 5212 5377 5067
f 5067 5377 5376
f 5042 5045 5212
f 5212 5045 5377
f 5064 5378 5043
f 5043 5378 5044
f 5063 5077 5064
f 5064 5077 5378
f 5079 5082 5198
f 5198 5082 5078
f 5099 5081 5100
f 5100 5081 5379
f 5100 5379 5094
f 5094 5379 5095
f 5381 5382 5380
f 5380 5382 5383
f 5385 5386 5384
f 5384 5386 5383
f 5385 5387 5386
f 5386 5387 5388
f 5390 5391 5389
f 5389 5391 5392
f 5393 5394 5396
f 5396 5394 5395
f 5398 5399 5397
f 5397 5399 5400
f 5402 5403 5401
f 5401 5403 5404
f 5406 5407 5405
f 5405 5407 5404
f 5408 5409 5163
f 5163 5409 5410
f 5411 5412 5414
f 5414 5412 5413
f 5057 5416 5415
f 5415 5416 5417
f 5393 5416 5418
f 5418 5416 5419
f 5396 5395 5420
f 5420 5395 5421
f 5423 5424 5422
f 5422 5424 5425
f 5415 5417 5220
f 5220 5417 5426
f 5418 5391 5393
f 5393 5391 5394
f 5414 5388 5411
f 5411 5388 5392
f 5059 5427 5060
f 5060 5427 5428
f 5423 5427 5429
f 5429 5427 5430
f 5432 5382 5431
f 5431 5382 5425
f 5429 5407 5423
f 5423 5407 5424
f 5380 5409 5381
f 5381 5409 5433
f 5381 5433 5422
f 5422 5433 5428
f 5027 5412 5056
f 5056 5412 5419
f 5435 5436 5434
f 5434 5436 5437
f 5159 5439 5438
f 5438 5439 5440
f 5053 5436 5159
f 5159 5436 5439
f 5441 5403 5398
f 5398 5403 5399
f 5163 5410 5026
f 5026 5410 5413
f 5438 5440 5442
f 5442 5440 5430
f 5444 5445 5443
f 5443 5445 5446
f 5447 5448 5450
f 5450 5448 5449
f 5451 5446 5452
f 5452 5446 5445
f 5454 5455 5453
f 5453 5455 5451
f 5456 5454 5458
f 5458 5454 5457
f 5460 5461 5459
f 5459 5461 5462
f 5464 5465 5463
f 5463 5465 5466
f 5468 5469 5467
f 5467 5469 5470
f 5472 5473 5471
f 5471 5473 5474
f 5475 5476 5478
f 5478 5476 5477
f 5479 5480 5482
f 5482 5480 5481
f 5483 5484 5448
f 5448 5484 5485
f 5448 5485 5449
f 5449 5485 5486
f 5487 5476 5488
f 5488 5476 5475
f 5490 5491 5489
f 5489 5491 5492
f 5494 5495 5493
f 5493 5495 5496
f 5498 5494 5497
f 5497 5494 5493
f 5500 5501 5499
f 5499 5501 5502
f 5503 5504 5446
f 5446 5504 5443
f 5506 5507 5505
f 5505 5507 5508
f 5510 5511 5509
f 5509 5511 5512
f 5514 5515 5513
f 5513 5515 5516
f 5518 5519 5517
f 5517 5519 5520
f 5495 5521 5496
f 5496 5521 5522
f 5524 5525 5523
f 5523 5525 5526
f 5527 5528 5494
f 5494 5528 5495
f 5499 5502 5529
f 5529 5502 5530
f 5531 5532 5485
f 5485 5532 5486
f 5485 5484 5531
f 5531 5484 5533
f 5482 5481 5534
f 5534 5481 5535
f 5536 5512 5506
f 5506 5512 5511
f 5455 5503 5451
f 5451 5503 5446
f 5467 5470 5511
f 5511 5470 5537
f 5538 5467 5510
f 5510 5467 5511
f 5540 5541 5539
f 5539 5541 5542
f 5543 5544 5546
f 5546 5544 5545
f 5548 5472 5547
f 5547 5472 5471
f 5493 5496 5549
f 5549 5496 5550
f 5496 5522 5550
f 5550 5522 5551
f 5553 5554 5552
f 5552 5554 5555
f 5557 5447 5556
f 5556 5447 5558
f 5557 5483 5447
f 5447 5483 5448
f 5478 5477 5553
f 5553 5477 5559
f 5477 5560 5559
f 5559 5560 5561
f 5476 5562 5477
f 5477 5562 5560
f 5476 5487 5562
f 5562 5487 5563
f 5560 5564 5561
f 5561 5564 5565
f 5564 5560 5566
f 5566 5560 5562
f 5563 5567 5562
f 5562 5567 5566
f 5569 5521 5568
f 5568 5521 5570
f 5481 5572 5571
f 5571 5572 5573
f 5574 5535 5571
f 5571 5535 5481
f 5576 5577 5575
f 5575 5577 5578
f 5579 5580 5456
f 5456 5580 5581
f 5475 5582 5488
f 5488 5582 5583
f 5584 5536 5505
f 5505 5536 5506
f 5585 5586 5588
f 5588 5586 5587
f 5590 5591 5589
f 5589 5591 5592
f 5519 5593 5520
f 5520 5593 5594
f 5595 5596 5462
f 5462 5596 5597
f 5599 5600 5598
f 5598 5600 5514
f 5602 5603 5601
f 5601 5603 5604
f 5524 5543 5525
f 5525 5543 5546
f 5543 5524 5606
f 5606 5524 5605
f 5607 5608 5500
f 5500 5608 5501
f 5610 5551 5609
f 5609 5551 5522
f 5611 5510 5598
f 5598 5510 5509
f 5612 5597 5457
f 5457 5597 5458
f 5510 5611 5538
f 5538 5611 5613
f 5580 5508 5581
f 5581 5508 5507
f 5615 5616 5614
f 5614 5616 5617
f 5619 5620 5618
f 5618 5620 5621
f 5623 5624 5622
f 5622 5624 5625
f 5627 5624 5626
f 5626 5624 5623
f 5629 5630 5628
f 5628 5630 5631
f 5633 5634 5632
f 5632 5634 5466
f 5635 5636 5463
f 5463 5636 5637
f 5523 5638 5524
f 5524 5638 5605
f 5639 5640 5641
f 5641 5640 5595
f 5611 5513 5613
f 5613 5513 5642
f 5643 5586 5608
f 5608 5586 5501
f 5622 5625 5590
f 5590 5625 5591
f 5598 5514 5611
f 5611 5514 5513
f 5645 5646 5644
f 5644 5646 5647
f 5620 5619 5491
f 5491 5619 5648
f 5649 5643 5492
f 5492 5643 5608
f 5650 5651 5653
f 5653 5651 5652
f 5463 5466 5635
f 5635 5466 5634
f 5597 5612 5462
f 5462 5612 5459
f 5635 5634 5523
f 5523 5634 5638
f 5654 5638 5633
f 5633 5638 5634
f 5655 5656 5525
f 5525 5656 5526
f 5658 5659 5657
f 5657 5659 5527
f 5660 5464 5637
f 5637 5464 5463
f 5632 5466 5661
f 5661 5466 5465
f 5661 5662 5632
f 5632 5662 5658
f 5662 5663 5658
f 5658 5663 5659
f 5665 5659 5664
f 5664 5659 5663
f 5632 5658 5633
f 5633 5658 5657
f 5666 5629 5530
f 5530 5629 5667
f 5528 5527 5665
f 5665 5527 5659
f 5668 5669 5570
f 5570 5669 5568
f 5669 5668 5670
f 5670 5668 5671
f 5646 5672 5673
f 5672 5674 5673
f 5673 5674 5675
f 5674 5460 5675
f 5675 5460 5459
f 5461 5676 5462
f 5462 5676 5595
f 5677 5678 5680
f 5680 5678 5679
f 5628 5681 5629
f 5629 5681 5667
f 5682 5529 5667
f 5667 5529 5530
f 5675 5459 5683
f 5683 5459 5612
f 5585 5666 5502
f 5502 5666 5530
f 5589 5684 5602
f 5602 5684 5603
f 5646 5645 5663
f 5663 5645 5664
f 5685 5647 5673
f 5673 5647 5646
f 5686 5687 5683
f 5683 5687 5685
f 5688 5689 5533
f 5533 5689 5531
f 5690 5691 5535
f 5535 5691 5534
f 5692 5690 5574
f 5574 5690 5535
f 5685 5687 5689
f 5689 5687 5693
f 5489 5694 5490
f 5490 5694 5695
f 5690 5692 5696
f 5696 5692 5697
f 5696 5644 5690
f 5690 5644 5691
f 5447 5450 5558
f 5558 5450 5698
f 5699 5700 5642
f 5642 5700 5613
f 5701 5702 5540
f 5540 5702 5541
f 5431 5703 5432
f 5432 5703 5697
f 5385 5384 5574
f 5574 5384 5692
f 5389 5387 5573
f 5573 5387 5571
f 5565 5390 5573
f 5573 5390 5389
f 5390 5565 5704
f 5704 5565 5564
f 5566 5705 5564
f 5564 5705 5704
f 5569 5441 5609
f 5609 5441 5398
f 5568 5405 5569
f 5569 5405 5441
f 5670 5706 5669
f 5669 5706 5406
f 5703 5431 5670
f 5670 5431 5706
f 5432 5697 5384
f 5384 5697 5692
f 5574 5571 5385
f 5385 5571 5387
f 5607 5707 5489
f 5489 5707 5694
f 5518 5708 5519
f 5519 5708 5709
f 5711 5576 5710
f 5710 5576 5575
f 5713 5714 5712
f 5712 5714 5715
f 5553 5552 5478
f 5478 5552 5716
f 5717 5475 5716
f 5716 5475 5478
f 5718 5719 5605
f 5605 5719 5606
f 5505 5622 5584
f 5584 5622 5590
f 5508 5623 5505
f 5505 5623 5622
f 5626 5623 5580
f 5580 5623 5508
f 5580 5579 5626
f 5626 5579 5720
f 5579 5721 5720
f 5720 5721 5722
f 5666 5585 5723
f 5723 5585 5588
f 5724 5725 5639
f 5639 5725 5640
f 5554 5726 5555
f 5555 5726 5727
f 5453 5728 5729
f 5689 5688 5685
f 5685 5688 5647
f 5604 5730 5512
f 5512 5730 5509
f 5628 5631 5618
f 5618 5631 5592
f 5601 5604 5536
f 5536 5604 5512
f 5732 5676 5731
f 5731 5676 5660
f 5730 5604 5733
f 5733 5604 5603
f 5563 5487 5551
f 5551 5487 5550
f 5489 5492 5607
f 5607 5492 5608
f 5573 5572 5565
f 5565 5572 5561
f 5609 5522 5569
f 5569 5522 5521
f 5499 5734 5500
f 5500 5734 5735
f 5596 5736 5721
f 5721 5736 5722
f 5737 5600 5594
f 5594 5600 5520
f 5599 5730 5517
f 5517 5730 5733
f 5660 5738 5731
f 5731 5738 5739
f 5648 5649 5491
f 5491 5649 5492
f 5501 5586 5502
f 5502 5586 5585
f 5525 5546 5655
f 5655 5546 5740
f 5600 5599 5520
f 5520 5599 5517
f 5708 5739 5709
f 5709 5739 5738
f 5636 5635 5526
f 5526 5635 5523
f 5670 5671 5703
f 5703 5671 5741
f 5490 5695 5742
f 5742 5695 5743
f 5682 5678 5744
f 5744 5678 5677
f 5678 5681 5679
f 5679 5681 5621
f 5742 5743 5679
f 5679 5743 5680
f 5618 5621 5628
f 5628 5621 5681
f 5725 5724 5589
f 5589 5724 5684
f 5456 5458 5579
f 5579 5458 5721
f 5675 5683 5673
f 5673 5683 5685
f 5529 5682 5745
f 5745 5682 5744
f 5721 5458 5596
f 5596 5458 5597
f 5701 5540 5719
f 5719 5540 5606
f 5703 5741 5697
f 5697 5741 5696
f 5500 5735 5607
f 5607 5735 5707
f 5549 5746 5493
f 5493 5746 5497
f 5700 5747 5613
f 5613 5747 5538
f 5420 5421 5434
f 5434 5421 5400
f 5689 5693 5531
f 5531 5693 5532
f 5705 5566 5748
f 5748 5566 5567
f 5609 5398 5610
f 5610 5398 5397
f 5669 5406 5568
f 5568 5406 5405
f 5488 5583 5549
f 5549 5583 5746
f 5714 5713 5710
f 5710 5713 5711
f 5747 5468 5538
f 5538 5468 5467
f 5548 5547 5749
f 5749 5547 5750
f 5733 5603 5751
f 5751 5603 5684
f 5589 5602 5590
f 5590 5602 5584
f 5636 5752 5614
f 5614 5752 5615
f 5753 5754 5738
f 5738 5754 5755
f 5602 5601 5584
f 5584 5601 5536
f 5723 5736 5630
f 5630 5736 5640
f 5595 5640 5596
f 5596 5640 5736
f 5734 5499 5745
f 5745 5499 5529
f 5627 5587 5643
f 5643 5587 5586
f 5553 5559 5554
f 5554 5559 5480
f 5559 5561 5480
f 5480 5561 5572
f 5554 5480 5726
f 5726 5480 5479
f 5749 5750 5715
f 5715 5750 5712
f 5683 5612 5686
f 5686 5612 5457
f 5678 5682 5681
f 5681 5682 5667
f 5598 5509 5599
f 5599 5509 5730
f 5679 5621 5742
f 5742 5621 5620
f 5652 5616 5653
f 5653 5616 5615
f 5220 5426 5052
f 5052 5426 5437
f 5487 5488 5550
f 5550 5488 5549
f 5742 5620 5490
f 5490 5620 5491
f 5551 5610 5563
f 5563 5610 5567
f 5610 5397 5567
f 5567 5397 5748
f 5614 5617 5753
f 5753 5617 5754
f 5480 5572 5481
f 5755 5756 5738
f 5738 5756 5709
f 5745 5744 5758
f 5758 5744 5757
f 5745 5758 5734
f 5734 5758 5759
f 5735 5734 5760
f 5760 5734 5759
f 5707 5735 5761
f 5761 5735 5760
f 5744 5677 5757
f 5757 5677 5762
f 5677 5680 5762
f 5762 5680 5763
f 5763 5680 5764
f 5764 5680 5743
f 5765 5766 5762
f 5762 5766 5757
f 5768 5769 5767
f 5767 5769 5770
f 5771 5772 5770
f 5770 5772 5767
f 5770 5769 5774
f 5774 5769 5773
f 5775 5776 5774
f 5774 5776 5777
f 5773 5778 5774
f 5774 5778 5775
f 5779 5766 5773
f 5773 5766 5778
f 5777 5771 5774
f 5774 5771 5770
f 5780 5781 5783
f 5783 5781 5782
f 5781 5780 5771
f 5771 5780 5772
f 5773 5769 5779
f 5779 5769 5768
f 5768 5759 5779
f 5779 5759 5758
f 5768 5784 5759
f 5759 5784 5760
f 5767 5785 5768
f 5768 5785 5784
f 5785 5767 5786
f 5786 5767 5772
f 5766 5779 5757
f 5757 5779 5758
f 5780 5787 5772
f 5772 5787 5786
f 5785 5786 5788
f 5788 5786 5789
f 5786 5787 5789
f 5789 5787 5790
f 5788 5789 5791
f 5791 5789 5792
f 5791 5793 5788
f 5788 5793 5794
f 5795 5792 5790
f 5790 5792 5789
f 5785 5788 5784
f 5784 5788 5794
f 5784 5794 5760
f 5760 5794 5761
f 5787 5780 5796
f 5796 5780 5783
f 5775 5778 5797
f 5797 5778 5766
f 5797 5798 5775
f 5775 5798 5776
f 5766 5765 5797
f 5797 5765 5799
f 5798 5797 5800
f 5800 5797 5799
f 5798 5801 5776
f 5776 5801 5802
f 5707 5761 5694
f 5694 5761 5803
f 5695 5804 5743
f 5743 5804 5764
f 5804 5695 5803
f 5803 5695 5694
f 5803 5793 5804
f 5804 5793 5805
f 5793 5791 5805
f 5805 5791 5806
f 5804 5805 5764
f 5764 5805 5807
f 5803 5761 5793
f 5793 5761 5794
f 5808 5763 5807
f 5807 5763 5764
f 5808 5765 5763
f 5763 5765 5762
f 5809 5799 5808
f 5808 5799 5765
f 5809 5808 5810
f 5810 5808 5807
f 5811 5809 5812
f 5812 5809 5810
f 5805 5806 5807
f 5807 5806 5810
f 5806 5813 5810
f 5810 5813 5812
f 5799 5809 5800
f 5800 5809 5811
f 5815 5800 5814
f 5814 5800 5811
f 5814 5817 5816
f 5816 5817 5818
f 5814 5811 5817
f 5817 5811 5812
f 5814 5816 5815
f 5815 5816 5796
f 5815 5796 5801
f 5801 5796 5783
f 5801 5798 5815
f 5815 5798 5800
f 5791 5792 5806
f 5806 5792 5813
f 5818 5813 5795
f 5795 5813 5792
f 5818 5817 5813
f 5813 5817 5812
f 5816 5818 5790
f 5790 5818 5795
f 5790 5787 5816
f 5816 5787 5796
f 5771 5777 5781
f 5781 5777 5782
f 5782 5802 5783
f 5783 5802 5801
f 5782 5777 5802
f 5802 5777 5776
f 5588 5587 5722
f 5722 5587 5720
f 5591 5619 5592
f 5592 5619 5618
f 5625 5624 5648
f 5648 5624 5649
f 5624 5627 5649
f 5649 5627 5643
f 5631 5630 5725
f 5725 5630 5640
f 5625 5648 5591
f 5591 5648 5619
f 5588 5722 5723
f 5723 5722 5736
f 5631 5725 5592
f 5592 5725 5589
f 5723 5630 5666
f 5666 5630 5629
f 5587 5627 5720
f 5720 5627 5626
f 5820 5821 5819
f 5819 5821 5822
f 5824 5825 5823
f 5823 5825 5826
f 5823 5826 5827
f 5827 5826 5828
f 5829 5830 5832
f 5832 5830 5831
f 5518 5833 5708
f 5708 5833 5834
f 5835 5836 5824
f 5824 5836 5825
f 5838 5839 5837
f 5837 5839 5840
f 5751 5684 5842
f 5842 5684 5841
f 5843 5841 5724
f 5724 5841 5684
f 5845 5846 5844
f 5844 5846 5847
f 5848 5830 5836
f 5836 5830 5825
f 5518 5751 5833
f 5833 5751 5842
f 5839 5838 5821
f 5821 5838 5849
f 5850 5848 5822
f 5822 5848 5836
f 5851 5845 5828
f 5828 5845 5852
f 5854 5855 5853
f 5853 5855 5856
f 5845 5844 5852
f 5852 5844 5857
f 5858 5827 5852
f 5852 5827 5828
f 5851 5828 5829
f 5829 5828 5826
f 5819 5859 5820
f 5820 5859 5860
f 5835 5861 5819
f 5819 5861 5859
f 5851 5829 5862
f 5862 5829 5832
f 5844 5847 5837
f 5837 5847 5834
f 5819 5822 5835
f 5835 5822 5836
f 5823 5863 5824
f 5824 5863 5864
f 5849 5850 5821
f 5821 5850 5822
f 5825 5830 5826
f 5826 5830 5829
f 5820 5860 5865
f 5865 5860 5866
f 5858 5854 5867
f 5867 5854 5853
f 5854 5857 5855
f 5855 5857 5840
f 5855 5865 5856
f 5856 5865 5866
f 5837 5840 5844
f 5844 5840 5857
f 5827 5858 5868
f 5868 5858 5867
f 5824 5864 5835
f 5835 5864 5861
f 5732 5731 5862
f 5862 5731 5846
f 5863 5823 5868
f 5868 5823 5827
f 5843 5831 5848
f 5848 5831 5830
f 5854 5858 5857
f 5857 5858 5852
f 5855 5840 5865
f 5865 5840 5839
f 5865 5839 5820
f 5820 5839 5821
f 5868 5867 5870
f 5870 5867 5869
f 5868 5870 5863
f 5863 5870 5871
f 5863 5871 5864
f 5864 5871 5872
f 5864 5872 5861
f 5861 5872 5873
f 5867 5853 5869
f 5869 5853 5874
f 5853 5856 5874
f 5874 5856 5875
f 5856 5866 5875
f 5875 5866 5876
f 5877 5878 5874
f 5874 5878 5869
f 5880 5881 5879
f 5879 5881 5882
f 5883 5884 5880
f 5880 5884 5881
f 5881 5884 5886
f 5886 5884 5885
f 5887 5888 5886
f 5886 5888 5889
f 5885 5890 5886
f 5886 5890 5887
f 5889 5882 5886
f 5886 5882 5881
f 5882 5891 5879
f 5879 5891 5892
f 5885 5884 5893
f 5893 5884 5883
f 5883 5871 5893
f 5893 5871 5870
f 5883 5894 5871
f 5871 5894 5872
f 5880 5895 5883
f 5883 5895 5894
f 5896 5895 5879
f 5879 5895 5880
f 5893 5878 5885
f 5885 5878 5890
f 5878 5893 5869
f 5869 5893 5870
f 5897 5896 5892
f 5892 5896 5879
f 5895 5896 5898
f 5898 5896 5899
f 5896 5897 5899
f 5899 5897 5900
f 5898 5899 5901
f 5901 5899 5902
f 5901 5903 5898
f 5898 5903 5904
f 5900 5905 5899
f 5899 5905 5902
f 5898 5904 5895
f 5895 5904 5894
f 5894 5904 5872
f 5872 5904 5873
f 5897 5892 5907
f 5907 5892 5906
f 5892 5891 5906
f 5906 5891 5908
f 5887 5890 5909
f 5909 5890 5878
f 5888 5887 5910
f 5910 5887 5909
f 5878 5877 5909
f 5909 5877 5911
f 5909 5911 5910
f 5910 5911 5912
f 5913 5914 5910
f 5910 5914 5888
f 5908 5914 5906
f 5906 5914 5913
f 5861 5873 5859
f 5859 5873 5915
f 5860 5916 5866
f 5866 5916 5876
f 5916 5860 5915
f 5915 5860 5859
f 5915 5903 5916
f 5916 5903 5917
f 5903 5901 5917
f 5917 5901 5918
f 5916 5917 5876
f 5876 5917 5919
f 5903 5915 5904
f 5904 5915 5873
f 5920 5875 5919
f 5919 5875 5876
f 5920 5877 5875
f 5875 5877 5874
f 5920 5921 5877
f 5877 5921 5911
f 5921 5920 5922
f 5922 5920 5919
f 5923 5921 5924
f 5924 5921 5922
f 5917 5918 5919
f 5919 5918 5922
f 5918 5925 5922
f 5922 5925 5924
f 5921 5923 5911
f 5911 5923 5912
f 5927 5912 5926
f 5926 5912 5923
f 5926 5929 5928
f 5928 5929 5930
f 5926 5923 5929
f 5929 5923 5924
f 5926 5928 5927
f 5927 5928 5907
f 5927 5907 5913
f 5913 5907 5906
f 5913 5910 5927
f 5927 5910 5912
f 5901 5902 5918
f 5918 5902 5925
f 5930 5925 5905
f 5905 5925 5902
f 5930 5929 5925
f 5925 5929 5924
f 5928 5930 5900
f 5900 5930 5905
f 5900 5897 5928
f 5928 5897 5907
f 5882 5889 5891
f 5891 5889 5908
f 5908 5889 5914
f 5914 5889 5888
f 5832 5831 5641
f 5641 5831 5639
f 5833 5838 5834
f 5834 5838 5837
f 5842 5841 5849
f 5849 5841 5850
f 5841 5843 5850
f 5850 5843 5848
f 5847 5846 5739
f 5739 5846 5731
f 5842 5849 5833
f 5833 5849 5838
f 5862 5832 5732
f 5732 5832 5641
f 5847 5739 5834
f 5834 5739 5708
f 5862 5846 5851
f 5851 5846 5845
f 5831 5843 5639
f 5639 5843 5724
f 5676 5732 5595
f 5595 5732 5641
f 5676 5461 5660
f 5660 5461 5464
f 5461 5460 5464
f 5464 5460 5465
f 5460 5674 5465
f 5465 5674 5661
f 5931 5932 5934
f 5934 5932 5933
f 5936 5937 5935
f 5935 5937 5938
f 5935 5938 5939
f 5939 5938 5940
f 5942 5943 5941
f 5941 5943 5944
f 5945 5946 5936
f 5936 5946 5937
f 5948 5949 5947
f 5947 5949 5950
f 5951 5952 5519
f 5519 5952 5593
f 5953 5951 5709
f 5709 5951 5519
f 5955 5956 5954
f 5954 5956 5957
f 5958 5942 5946
f 5946 5942 5937
f 5948 5959 5949
f 5949 5959 5933
f 5960 5958 5934
f 5934 5958 5946
f 5961 5955 5940
f 5940 5955 5962
f 5963 5964 5966
f 5966 5964 5965
f 5955 5954 5962
f 5962 5954 5967
f 5968 5939 5962
f 5962 5939 5940
f 5961 5940 5941
f 5941 5940 5938
f 5931 5969 5932
f 5932 5969 5970
f 5945 5971 5931
f 5931 5971 5969
f 5941 5944 5961
f 5961 5944 5972
f 5954 5957 5947
f 5947 5957 5973
f 5945 5931 5946
f 5946 5931 5934
f 5935 5974 5936
f 5936 5974 5975
f 5959 5960 5933
f 5933 5960 5934
f 5937 5942 5938
f 5938 5942 5941
f 5932 5970 5976
f 5976 5970 5977
f 5968 5964 5978
f 5978 5964 5963
f 5965 5964 5950
f 5950 5964 5967
f 5976 5977 5965
f 5965 5977 5966
f 5947 5950 5954
f 5954 5950 5967
f 5939 5968 5979
f 5979 5968 5978
f 5936 5975 5945
f 5945 5975 5971
f 5972 5754 5956
f 5956 5754 5617
f 5974 5935 5979
f 5979 5935 5939
f 5953 5943 5958
f 5958 5943 5942
f 5964 5968 5967
f 5967 5968 5962
f 5965 5950 5976
f 5976 5950 5949
f 5976 5949 5932
f 5932 5949 5933
f 5979 5978 5981
f 5981 5978 5980
f 5979 5981 5974
f 5974 5981 5982
f 5974 5982 5975
f 5975 5982 5983
f 5975 5983 5971
f 5971 5983 5984
f 5978 5963 5980
f 5980 5963 5985
f 5963 5966 5985
f 5985 5966 5986
f 5986 5966 5987
f 5987 5966 5977
f 5988 5989 5985
f 5985 5989 5980
f 5991 5992 5990
f 5990 5992 5993
f 5994 5995 5991
f 5991 5995 5992
f 5992 5995 5997
f 5997 5995 5996
f 5998 5999 5997
f 5997 5999 6000
f 5996 6001 5997
f 5997 6001 5998
f 6000 5993 5997
f 5997 5993 5992
f 6002 6003 5993
f 5993 6003 5990
f 5995 5994 5996
f 5996 5994 6004
f 5994 5982 6004
f 6004 5982 5981
f 5994 6005 5982
f 5982 6005 5983
f 5991 6006 5994
f 5994 6006 6005
f 6006 5991 6007
f 6007 5991 5990
f 5996 6004 6001
f 6001 6004 5989
f 5989 6004 5980
f 5980 6004 5981
f 6003 6008 5990
f 5990 6008 6007
f 6009 6006 6010
f 6010 6006 6007
f 6008 6011 6007
f 6007 6011 6010
f 6012 6009 6013
f 6013 6009 6010
f 6009 6012 6015
f 6015 6012 6014
f 6011 6016 6010
f 6010 6016 6013
f 6006 6009 6005
f 6005 6009 6015
f 6005 6015 5983
f 5983 6015 5984
f 6008 6003 6018
f 6018 6003 6017
f 6003 6002 6017
f 6017 6002 6019
f 5998 6001 6020
f 6020 6001 5989
f 5999 5998 6021
f 6021 5998 6020
f 5989 5988 6020
f 6020 5988 6022
f 6021 6020 6023
f 6023 6020 6022
f 6021 6024 5999
f 5999 6024 6025
f 6019 6025 6017
f 6017 6025 6024
f 5971 5984 5969
f 5969 5984 6026
f 5970 6027 5977
f 5977 6027 5987
f 6027 5970 6026
f 6026 5970 5969
f 6026 6014 6027
f 6027 6014 6028
f 6014 6012 6028
f 6028 6012 6029
f 6027 6028 5987
f 5987 6028 6030
f 6026 5984 6014
f 6014 5984 6015
f 6031 5986 6030
f 6030 5986 5987
f 6031 5988 5986
f 5986 5988 5985
f 6032 6022 6031
f 6031 6022 5988
f 6032 6031 6033
f 6033 6031 6030
f 6034 6032 6035
f 6035 6032 6033
f 6028 6029 6030
f 6030 6029 6033
f 6029 6036 6033
f 6033 6036 6035
f 6032 6034 6022
f 6022 6034 6023
f 6038 6023 6037
f 6037 6023 6034
f 6037 6040 6039
f 6039 6040 6041
f 6037 6034 6040
f 6040 6034 6035
f 6037 6039 6038
f 6038 6039 6018
f 6038 6018 6024
f 6024 6018 6017
f 6024 6021 6038
f 6038 6021 6023
f 6012 6013 6029
f 6029 6013 6036
f 6041 6036 6016
f 6016 6036 6013
f 6041 6040 6036
f 6036 6040 6035
f 6041 6016 6039
f 6039 6016 6011
f 6011 6008 6039
f 6039 6008 6018
f 5993 6000 6002
f 6002 6000 6019
f 6019 6000 6025
f 6025 6000 5999
f 5943 5756 5944
f 5944 5756 5755
f 6042 5948 5973
f 5973 5948 5947
f 5952 5951 5959
f 5959 5951 5960
f 5951 5953 5960
f 5960 5953 5958
f 5616 5957 5617
f 5617 5957 5956
f 6042 5952 5948
f 5948 5952 5959
f 5944 5755 5972
f 5972 5755 5754
f 5957 5616 5973
f 5973 5616 5652
f 5956 5955 5972
f 5972 5955 5961
f 5943 5953 5756
f 5756 5953 5709
f 6044 6045 6043
f 6043 6045 6046
f 6048 6049 6047
f 6047 6049 6050
f 6047 6050 6051
f 6051 6050 6052
f 6054 6055 6053
f 6053 6055 6056
f 6057 6058 6060
f 6060 6058 6059
f 6061 6062 6048
f 6048 6062 6049
f 6063 6064 6066
f 6066 6064 6065
f 6067 6068 6070
f 6070 6068 6069
f 6071 6069 5653
f 5653 6069 6068
f 6072 6073 6075
f 6075 6073 6074
f 6062 6076 6049
f 6049 6076 6054
f 6058 6067 6059
f 6059 6067 6070
f 6064 6077 6065
f 6065 6077 6045
f 6078 6076 6046
f 6046 6076 6062
f 6073 6080 6079
f 6079 6080 6052
f 6082 6083 6081
f 6081 6083 6084
f 6072 6085 6073
f 6073 6085 6080
f 6086 6051 6080
f 6080 6051 6052
f 6079 6052 6053
f 6053 6052 6050
f 6043 6087 6044
f 6044 6087 6088
f 6061 6089 6043
f 6043 6089 6087
f 6053 6056 6079
f 6079 6056 6090
f 6063 6072 6060
f 6060 6072 6075
f 6043 6046 6061
f 6061 6046 6062
f 6047 6091 6048
f 6048 6091 6092
f 6077 6078 6045
f 6045 6078 6046
f 6049 6054 6050
f 6050 6054 6053
f 6044 6088 6093
f 6093 6088 6094
f 6086 6082 6095
f 6095 6082 6081
f 6083 6082 6066
f 6066 6082 6085
f 6093 6094 6083
f 6083 6094 6084
f 6072 6063 6085
f 6085 6063 6066
f 6051 6086 6096
f 6096 6086 6095
f 6048 6092 6061
f 6061 6092 6089
f 5656 5655 6090
f 6090 5655 6074
f 6091 6047 6096
f 6096 6047 6051
f 6071 6055 6076
f 6076 6055 6054
f 6082 6086 6085
f 6085 6086 6080
f 6093 6083 6065
f 6065 6083 6066
f 6044 6093 6045
f 6045 6093 6065
f 6096 6095 6098
f 6098 6095 6097
f 6096 6098 6091
f 6091 6098 6099
f 6091 6099 6092
f 6092 6099 6100
f 6092 6100 6089
f 6089 6100 6101
f 6095 6081 6097
f 6097 6081 6102
f 6081 6084 6102
f 6102 6084 6103
f 6103 6084 6104
f 6104 6084 6094
f 6106 6097 6105
f 6105 6097 6102
f 6107 6108 6110
f 6110 6108 6109
f 6111 6112 6108
f 6108 6112 6109
f 6109 6112 6114
f 6114 6112 6113
f 6114 6115 6117
f 6117 6115 6116
f 6113 6118 6114
f 6114 6118 6115
f 6117 6110 6114
f 6114 6110 6109
f 6110 6119 6107
f 6107 6119 6120
f 6112 6111 6113
f 6113 6111 6121
f 6111 6099 6121
f 6121 6099 6098
f 6111 6122 6099
f 6099 6122 6100
f 6123 6122 6108
f 6108 6122 6111
f 6124 6123 6107
f 6107 6123 6108
f 6113 6121 6118
f 6118 6121 6106
f 6106 6121 6097
f 6097 6121 6098
f 6125 6124 6120
f 6120 6124 6107
f 6126 6123 6127
f 6127 6123 6124
f 6125 6128 6124
f 6124 6128 6127
f 6129 6126 6130
f 6130 6126 6127
f 6126 6129 6132
f 6132 6129 6131
f 6128 6133 6127
f 6127 6133 6130
f 6123 6126 6122
f 6122 6126 6132
f 6122 6132 6100
f 6100 6132 6101
f 6120 6134 6125
f 6125 6134 6135
f 6120 6119 6134
f 6134 6119 6136
f 6115 6118 6137
f 6137 6118 6106
f 6115 6137 6116
f 6116 6137 6138
f 6137 6106 6139
f 6139 6106 6105
f 6138 6137 6140
f 6140 6137 6139
f 6141 6142 6138
f 6138 6142 6116
f 6136 6142 6134
f 6134 6142 6141
f 6089 6101 6087
f 6087 6101 6143
f 6088 6144 6094
f 6094 6144 6104
f 6143 6144 6087
f 6087 6144 6088
f 6131 6145 6143
f 6143 6145 6144
f 6129 6146 6131
f 6131 6146 6145
f 6144 6145 6104
f 6104 6145 6147
f 6143 6101 6131
f 6131 6101 6132
f 6148 6103 6147
f 6147 6103 6104
f 6103 6148 6102
f 6102 6148 6105
f 6148 6149 6105
f 6105 6149 6139
f 6149 6148 6150
f 6150 6148 6147
f 6151 6149 6152
f 6152 6149 6150
f 6145 6146 6147
f 6147 6146 6150
f 6146 6153 6150
f 6150 6153 6152
f 6149 6151 6139
f 6139 6151 6140
f 6155 6140 6154
f 6154 6140 6151
f 6154 6157 6156
f 6156 6157 6158
f 6154 6151 6157
f 6157 6151 6152
f 6154 6156 6155
f 6155 6156 6135
f 6155 6135 6141
f 6141 6135 6134
f 6141 6138 6155
f 6155 6138 6140
f 6146 6129 6153
f 6153 6129 6130
f 6158 6153 6133
f 6133 6153 6130
f 6158 6157 6153
f 6153 6157 6152
f 6156 6158 6128
f 6128 6158 6133
f 6128 6125 6156
f 6156 6125 6135
f 6110 6117 6119
f 6119 6117 6136
f 6136 6117 6142
f 6142 6117 6116
f 6055 5615 6056
f 6056 5615 5752
f 6060 6059 6063
f 6063 6059 6064
f 6077 6070 6078
f 6078 6070 6069
f 6069 6071 6078
f 6078 6071 6076
f 6159 6057 6075
f 6075 6057 6060
f 6059 6070 6064
f 6064 6070 6077
f 6056 5752 6090
f 6090 5752 5656
f 6090 6074 6079
f 6079 6074 6073
f 6055 6071 5615
f 5615 6071 5653
f 5547 5471 6160
f 6160 5471 6161
f 5729 5577 6163
f 6163 5577 6162
f 5577 5576 6162
f 6162 5576 6164
f 5713 6165 5711
f 5711 6165 6166
f 5474 5729 6167
f 6167 5729 6163
f 5750 5547 6168
f 6168 5547 6160
f 5471 5474 6161
f 6161 5474 6167
f 6169 5712 6168
f 6168 5712 5750
f 5711 6166 5576
f 5576 6166 6164
f 6165 5713 6169
f 6169 5713 5712
f 6168 6170 6169
f 6169 6170 6171
f 6169 6171 6165
f 6165 6171 6172
f 6165 6172 6166
f 6166 6172 6173
f 6166 6173 6164
f 6164 6173 6174
f 6168 6160 6170
f 6170 6160 6175
f 6160 6161 6175
f 6175 6161 6176
f 6161 6167 6176
f 6176 6167 6177
f 6179 6170 6178
f 6178 6170 6175
f 6181 6182 6180
f 6180 6182 6183
f 6184 6185 6181
f 6181 6185 6182
f 6186 6187 6185
f 6185 6187 6182
f 6186 6188 6187
f 6187 6188 6189
f 6190 6183 6187
f 6187 6183 6182
f 6183 6190 6191
f 6191 6190 6192
f 6191 6193 6183
f 6183 6193 6180
f 6186 6185 6194
f 6194 6185 6184
f 6184 6172 6194
f 6194 6172 6171
f 6184 6195 6172
f 6172 6195 6173
f 6181 6196 6184
f 6184 6196 6195
f 6196 6181 6197
f 6197 6181 6180
f 6186 6194 6188
f 6188 6194 6179
f 6179 6194 6170
f 6170 6194 6171
f 6193 6198 6180
f 6180 6198 6197
f 6199 6196 6200
f 6200 6196 6197
f 6198 6201 6197
f 6197 6201 6200
f 6202 6199 6203
f 6203 6199 6200
f 6199 6202 6205
f 6205 6202 6204
f 6201 6206 6200
f 6200 6206 6203
f 6196 6199 6195
f 6195 6199 6205
f 6195 6205 6173
f 6173 6205 6174
f 6198 6193 6208
f 6208 6193 6207
f 6193 6191 6207
f 6207 6191 6192
f 6189 6188 6209
f 6209 6188 6179
f 6210 6189 6211
f 6211 6189 6209
f 6209 6179 6212
f 6212 6179 6178
f 6211 6209 6213
f 6213 6209 6212
f 6211 6214 6210
f 6210 6214 6215
f 6192 6215 6207
f 6207 6215 6214
f 6190 6187 6210
f 6210 6187 6189
f 6192 6190 6215
f 6215 6190 6210
f 6162 6164 6216
f 6216 6164 6174
f 6167 6163 6177
f 6177 6163 6217
f 6216 6217 6162
f 6162 6217 6163
f 6204 6218 6216
f 6216 6218 6217
f 6202 6219 6204
f 6204 6219 6218
f 6217 6218 6177
f 6177 6218 6220
f 6216 6174 6204
f 6204 6174 6205
f 6221 6176 6220
f 6220 6176 6177
f 6176 6221 6175
f 6175 6221 6178
f 6221 6222 6178
f 6178 6222 6212
f 6222 6221 6223
f 6223 6221 6220
f 6224 6222 6225
f 6225 6222 6223
f 6218 6219 6220
f 6220 6219 6223
f 6219 6226 6223
f 6223 6226 6225
f 6222 6224 6212
f 6212 6224 6213
f 6228 6213 6227
f 6227 6213 6224
f 6229 6227 6231
f 6231 6227 6230
f 6227 6224 6230
f 6230 6224 6225
f 6227 6229 6228
f 6228 6229 6208
f 6228 6208 6214
f 6214 6208 6207
f 6214 6211 6228
f 6228 6211 6213
f 6219 6202 6226
f 6226 6202 6203
f 6231 6226 6206
f 6206 6226 6203
f 6231 6230 6226
f 6226 6230 6225
f 6229 6231 6201
f 6201 6231 6206
f 6201 6198 6229
f 6229 6198 6208
f 5674 5672 5661
f 5661 5672 5662
f 5662 5672 5663
f 5663 5672 5646
f 5651 6042 5652
f 5652 6042 5973
f 5518 5517 5751
f 5751 5517 5733
f 5738 5660 5753
f 5753 5660 5637
f 5752 5636 5656
f 5656 5636 5526
f 5952 6042 5593
f 5593 6042 5651
f 5593 5651 5594
f 5594 5651 5650
f 5600 5737 5514
f 5514 5737 5515
f 5546 5545 5740
f 5740 5545 6232
f 6232 6058 5740
f 5740 6058 6057
f 6067 6058 6233
f 6233 6058 6232
f 6233 6232 6234
f 6234 6232 5545
f 6234 5545 6235
f 6235 5545 5544
f 5606 6236 5543
f 5543 6236 5544
f 6235 5544 5539
f 5539 5544 6236
f 6237 6235 5542
f 5542 6235 5539
f 6235 6237 6234
f 6234 6237 6238
f 6234 6238 6233
f 6233 6238 6239
f 5653 6068 5650
f 5650 6068 6239
f 5642 5513 6240
f 6240 5513 5516
f 5539 6236 5540
f 5540 6236 5606
f 5636 5614 5637
f 5637 5614 5753
f 6239 5737 5650
f 5650 5737 5594
f 6239 6068 6233
f 6233 6068 6067
f 6075 6074 6159
f 6159 6074 5655
f 6057 6159 5740
f 5740 6159 5655
f 5515 5737 6238
f 6238 5737 6239
f 6238 6237 5515
f 5515 6237 5516
f 5542 6240 6237
f 6237 6240 5516
f 6240 5542 5642
f 5642 5542 5541
f 5702 5699 5541
f 5541 5699 5642
f 5582 5475 5717
f 5470 5443 5537
f 5537 5443 5504
f 5469 5444 5470
f 5470 5444 5443
f 5726 5557 5727
f 5727 5557 5556
f 5537 5504 5511
f 5511 5504 5506
f 5504 5503 5506
f 5506 5503 5507
f 5503 5455 5507
f 5507 5455 5581
f 5455 5454 5581
f 5581 5454 5456
f 5473 5453 5474
f 5474 5453 5729
f 5457 5454 5473
f 5473 5454 5453
f 5473 5472 5457
f 5457 5472 5686
f 5472 5548 5686
f 5686 5548 5687
f 5749 5693 5548
f 5548 5693 5687
f 5715 5532 5749
f 5749 5532 5693
f 5714 5486 5715
f 5715 5486 5532
f 5714 5710 5486
f 5486 5710 5449
f 5728 5578 5729
f 5729 5578 5577
f 5452 5445 5698
f 5698 5445 5558
f 5445 5444 5558
f 5558 5444 5556
f 5444 5469 5556
f 5556 5469 5727
f 5469 5468 5727
f 5727 5468 5555
f 5468 5747 5555
f 5555 5747 5552
f 5747 5700 5552
f 5552 5700 5716
f 5700 5699 5716
f 5716 5699 5717
f 5699 5702 5717
f 5717 5702 5582
f 5702 5701 5582
f 5582 5701 5583
f 5726 5479 5557
f 5557 5479 5483
f 5483 5479 5484
f 5484 5479 5482
f 5534 5533 5482
f 5482 5533 5484
f 5691 5688 5534
f 5534 5688 5533
f 5644 5647 5691
f 5691 5647 5688
f 5719 5746 5701
f 5701 5746 5583
f 5718 5497 5719
f 5719 5497 5746
f 5718 5605 5654
f 5654 5605 5638
f 5498 5654 5657
f 5657 5654 5633
f 5497 5718 5498
f 5498 5718 5654
f 5657 5527 5498
f 5498 5527 5494
f 5528 5570 5495
f 5495 5570 5521
f 5665 5668 5528
f 5528 5668 5570
f 5664 5671 5665
f 5665 5671 5668
f 5645 5741 5664
f 5664 5741 5671
f 5644 5696 5645
f 5645 5696 5741
f 5710 5575 5449
f 5449 5575 5450
f 5575 5578 5450
f 5450 5578 5698
f 5578 5728 5698
f 5698 5728 5452
f 5452 5728 5451
f 5451 5728 5453
f 3619 6241 3620
f 3620 6241 6242
f 6243 6244 3628
f 3628 6244 3629
f 6245 6246 3634
f 3634 6246 3631
f 6247 6248 3636
f 3636 6248 3637
f 6249 6250 3642
f 3642 6250 3639
f 3639 6250 3643
f 3643 6250 6251
f 3743 6252 3744
f 3744 6252 6253
f 6246 6243 3631
f 3631 6243 3628
f 3753 6254 3754
f 3754 6254 6255
f 3857 6256 3619
f 3619 6256 6241
f 6257 6245 3932
f 3932 6245 3634
f 6242 6247 3620
f 3620 6247 3636
f 6258 6259 3946
f 3946 6259 3947
f 6260 6249 3948
f 3948 6249 3642
f 6244 6258 3629
f 3629 6258 3946
f 3947 6259 3753
f 3753 6259 6254
f 6248 6260 3637
f 3637 6260 3948
f 3643 6251 3743
f 3743 6251 6252
f 3744 6253 3932
f 3932 6253 6257
f 6250 6249 6251
f 6251 6249 6252
f 6245 6261 6246
f 6246 6261 6262
f 6263 6264 6247
f 6247 6264 6248
f 6252 6265 6253
f 6253 6265 6266
f 6246 6262 6243
f 6243 6262 6267
f 6268 6261 6257
f 6257 6261 6245
f 6269 6263 6242
f 6242 6263 6247
f 6270 6271 6260
f 6260 6271 6249
f 6264 6270 6248
f 6248 6270 6260
f 6253 6266 6257
f 6257 6266 6268
f 6249 6271 6252
f 6252 6271 6265
f 6254 6259 6272
f 6272 6259 6273
f 6266 6265 6270
f 6270 6265 6271
f 6268 6266 6264
f 6264 6266 6270
f 6261 6268 6263
f 6263 6268 6264
f 6269 6262 6263
f 6263 6262 6261
f 4186 4185 6274
f 6274 4185 6275
f 6241 6276 6242
f 6242 6276 6269
f 6258 6244 6277
f 6277 6244 6278
f 6256 6279 6241
f 6241 6279 6276
f 6259 6258 6273
f 6273 6258 6277
f 6243 6267 6244
f 6244 6267 6278
f 6276 6267 6269
f 6269 6267 6262
f 6254 6272 6255
f 6255 6272 6280
f 3865 3713 3888
f 3888 3713 3685
f 5242 5233 3892
f 3892 5233 3711
f 3900 5243 3892
f 3892 5243 5242
f 3734 3866 3900
f 3900 3866 5243
f 4117 6281 4118
f 4118 6281 6282
f 4118 6282 4278
f 4278 6282 4879
f 4717 4887 4718
f 4718 4887 4280
f 4792 4278 4882
f 4882 4278 4879
f 4795 4792 6283
f 6283 4792 4882
f 4852 4851 5012
f 5012 4851 6284
f 4856 5207 4857
f 4857 5207 4858
f 4860 4279 4857
f 4857 4279 4854
f 4718 4280 4860
f 4860 4280 4279
f 4864 4863 4745
f 4745 4863 4742
f 5366 4867 5011
f 5011 4867 4866
f 4871 4884 4872
f 4872 4884 4883
f 4872 4883 4117
f 4117 4883 6281
f 6284 4851 6283
f 6283 4851 4795
f 4852 4866 4853
f 4853 4866 4865
f 4871 4870 4856
f 4856 4870 5207
f 4717 4716 4864
f 4864 4716 4861
f 4868 4867 4862
f 4862 4867 4863
f 4268 4855 4269
f 4269 4855 4854
f 4281 4274 4282
f 4282 4274 4765
f 4744 4743 4907
f 4907 4743 4904
f 4874 4881 4820
f 4820 4881 4880
f 4885 5013 4886
f 4886 5013 4980
f 4888 4275 4281
f 4281 4275 4274
f 4902 6282 4903
f 4903 6282 6281
f 6283 4979 6284
f 6284 4979 4978
f 4282 4765 4269
f 4269 4765 4266
f 4880 4879 4902
f 4902 4879 6282
f 4903 6281 4886
f 4886 6281 4883
f 4882 4881 6283
f 6283 4881 4979
f 5013 4885 4267
f 4267 4885 4268
f 4888 4887 4744
f 4744 4887 4745
f 4410 6285 4411
f 4411 6285 4812
f 4750 4749 6286
f 6286 4749 6287
f 6289 4695 6288
f 6288 4695 4255
f 4750 4675 4751
f 4751 4675 4965
f 6290 6291 4963
f 4963 6291 4960
f 4807 4806 4411
f 4411 4806 4408
f 6292 6293 4959
f 4959 6293 4956
f 4958 6294 4959
f 4959 6294 4955
f 4962 4964 4963
f 4963 4964 4805
f 4962 4961 4751
f 4751 4961 4748
f 6296 6297 6295
f 6295 6297 6298
f 6299 6300 6288
f 6288 6300 4735
f 6302 4961 6301
f 6301 4961 4960
f 6304 6287 6303
f 6303 6287 4749
f 4968 6305 4969
f 4969 6305 6306
f 4413 6308 6307
f 6307 6308 4900
f 6301 4960 6309
f 6309 4960 6291
f 4412 4408 6310
f 6310 4408 4806
f 4696 6311 4256
f 4256 6311 6312
f 6303 4749 6313
f 6313 4749 4748
f 6313 4748 6302
f 6302 4748 4961
f 6315 6316 6314
f 6314 6316 6317
f 4084 6318 6315
f 6315 6318 6316
f 4083 6319 4084
f 4084 6319 6318
f 4112 6320 4083
f 4083 6320 6319
f 6322 4138 6321
f 6321 4138 4137
f 6324 4128 6323
f 6323 4128 4127
f 4127 4193 6323
f 6323 4193 6325
f 4193 4891 6325
f 6325 4891 6326
f 4891 6327 6326
f 6326 6327 6328
f 6327 4824 5227
f 5227 4824 5228
f 5231 4684 6329
f 6329 4684 4683
f 4683 4099 6329
f 6329 4099 6330
f 4099 4102 6330
f 6330 4102 6331
f 4174 4826 4429
f 4429 4826 4829
f 4173 4741 4174
f 4174 4741 4826
f 4180 4738 4173
f 4173 4738 4741
f 6332 6333 4180
f 4180 6333 4738
f 6274 6334 4186
f 4186 6334 4188
f 4181 4825 4180
f 4180 4825 6332
f 5044 5213 5045
f 5045 5213 5165
f 5046 5087 5047
f 5047 5087 5222
f 5077 5063 5078
f 5078 5063 5198
f 5081 5099 5082
f 5082 5099 5194
f 5095 5074 5096
f 5096 5074 5073
f 5373 5170 5096
f 5096 5170 5093
f 5375 5171 5373
f 5373 5171 5170
f 5047 5222 5375
f 5375 5222 5171
f 5046 5038 5376
f 5376 5038 5067
f 5377 5086 5376
f 5376 5086 5085
f 5045 5165 5377
f 5377 5165 5086
f 5378 5214 5044
f 5044 5214 5213
f 5077 5034 5378
f 5378 5034 5214
f 5082 5194 5078
f 5078 5194 5035
f 5081 5080 5379
f 5379 5080 6335
f 5379 6335 5095
f 5095 6335 5074
f 5032 5080 5033
f 5033 5080 5079
f 5040 5017 5041
f 5041 5017 5016
f 5050 5043 5051
f 5051 5043 5042
f 5065 5023 5066
f 5066 5023 5022
f 5050 5049 5065
f 5065 5049 5023
f 5041 5016 5068
f 5068 5016 5020
f 5071 5374 5072
f 5072 5374 5200
f 5075 5156 5076
f 5076 5156 5155
f 5162 5212 5068
f 5068 5212 5067
f 5075 5074 5192
f 5192 5074 6335
f 5066 5022 5199
f 5199 5022 5196
f 5076 5155 5072
f 5072 5155 5069
f 5040 5039 5071
f 5071 5039 5374
f 5162 5161 5051
f 5051 5161 5048
f 5192 6335 5032
f 5032 6335 5080
f 5199 5196 5033
f 5033 5196 5030
f 5018 5211 5019
f 5019 5211 5408
f 5019 5408 5021
f 5021 5408 5163
f 5024 5057 5025
f 5025 5057 5415
f 5028 5048 5029
f 5029 5048 5161
f 5054 5031 5055
f 5055 5031 5030
f 5024 5023 5058
f 5058 5023 5049
f 5061 5070 5062
f 5062 5070 5069
f 5157 5438 5158
f 5158 5438 5442
f 5160 5191 5054
f 5054 5191 5031
f 5029 5161 5021
f 5021 5161 5020
f 5025 5415 5197
f 5197 5415 5220
f 5158 5442 5062
f 5062 5442 5059
f 5018 5017 5061
f 5061 5017 5070
f 5160 5159 5157
f 5157 5159 5438
f 5028 5027 5058
f 5058 5027 5056
f 5055 5030 5197
f 5197 5030 5196
f 5409 5380 5410
f 5410 5380 6336
f 5026 5413 5027
f 5027 5413 5412
f 5396 5417 5393
f 5393 5417 5416
f 5416 5057 5419
f 5419 5057 5056
f 5417 5396 5426
f 5426 5396 5420
f 5427 5423 5428
f 5428 5423 5422
f 5427 5059 5430
f 5430 5059 5442
f 5409 5408 5433
f 5433 5408 5211
f 5433 5211 5428
f 5428 5211 5060
f 5412 5411 5419
f 5419 5411 5418
f 5436 5053 5437
f 5437 5053 5052
f 5439 5402 5440
f 5440 5402 5401
f 5436 5435 5439
f 5439 5435 5402
f 5410 6336 5413
f 5413 6336 5414
f 5440 5401 5430
f 5430 5401 5429
f 5426 5420 5437
f 5437 5420 5434
f 5382 5432 5383
f 5383 5432 5384
f 5386 6336 5383
f 5383 6336 5380
f 6336 5386 5414
f 5414 5386 5388
f 5391 5418 5392
f 5392 5418 5411
f 5705 5395 5704
f 5704 5395 5394
f 5399 5435 5400
f 5400 5435 5434
f 5403 5441 5404
f 5404 5441 5405
f 5407 5429 5404
f 5404 5429 5401
f 5395 5705 5421
f 5421 5705 5748
f 5424 5706 5425
f 5425 5706 5431
f 5391 5390 5394
f 5394 5390 5704
f 5392 5388 5389
f 5389 5388 5387
f 5382 5381 5425
f 5425 5381 5422
f 5407 5406 5424
f 5424 5406 5706
f 5403 5402 5399
f 5399 5402 5435
f 5421 5748 5400
f 5400 5748 5397
f 4097 4721 4098
f 4098 4721 4231
f 4233 5273 4098
f 4098 5273 4095
f 6337 6338 4785
f 4785 6338 4786
f 4076 4780 4073
f 4073 4780 4781
f 4782 4190 4781
f 4781 4190 4073
f 4783 4901 4782
f 4782 4901 4190
f 4780 4076 4097
f 4097 4076 4721
f 6337 2879 4701
f 4701 2879 2878
f 5280 6339 5272
f 5272 6339 6340
f 5282 5281 6341
f 6341 5281 6342
f 4109 6302 4110
f 4110 6302 6301
f 4283 6304 4284
f 4284 6304 6303
f 6305 4379 6306
f 6306 4379 4378
f 4110 6301 4428
f 4428 6301 6309
f 6310 4688 4412
f 4412 4688 4687
f 4284 6303 4753
f 4753 6303 6313
f 4753 6313 4109
f 4109 6313 6302
f 6343 5226 4428
f 4428 5226 4427
f 4147 4900 4416
f 4416 4900 6308
f 6312 6311 4241
f 4241 6311 4720
f 5223 6344 4702
f 4702 6344 4699
f 4221 4220 6345
f 6345 4220 6346
f 5276 5275 6347
f 6347 5275 6348
f 5275 4728 6348
f 6348 4728 6349
f 4727 6350 5284
f 5284 6350 5285
f 6351 6352 6354
f 6354 6352 6353
f 5313 5312 5292
f 5292 5312 5293
f 5312 5344 5293
f 5293 5344 5337
f 5344 4914 5337
f 5337 4914 4916
f 4914 4913 4916
f 4916 4913 4917
f 4913 6355 4917
f 4917 6355 4978
f 6356 6357 6284
f 6284 6357 5012
f 6357 6358 5012
f 5012 6358 5011
f 5011 6358 5366
f 5366 6358 6359
f 6360 4742 6359
f 6359 4742 5366
f 4743 6361 4904
f 4904 6361 5364
f 5363 4905 5364
f 5364 4905 4904
f 5363 6362 4905
f 4905 6362 4207
f 6362 6363 4207
f 4207 6363 4208
f 6363 5342 4208
f 4208 5342 5330
f 5342 5341 5330
f 5330 5341 4244
f 5341 6364 4244
f 4244 6364 4245
f 6364 6365 4245
f 4245 6365 4246
f 6366 6367 4253
f 4253 6367 4250
f 4214 6368 4211
f 4211 6368 4380
f 4380 4379 4211
f 4211 4379 4283
f 4379 6305 4283
f 4283 6305 6304
f 6305 4968 6304
f 6304 4968 6287
f 4968 4967 6287
f 6287 4967 6286
f 4967 6297 6286
f 6286 6297 4676
f 6296 4376 4288
f 4288 4376 4285
f 4376 4373 4285
f 4285 4373 4290
f 6369 6370 6372
f 6372 6370 6371
f 5245 6373 5246
f 5246 6373 6374
f 4317 6375 4318
f 4318 6375 6376
f 4331 6377 4332
f 4332 6377 6378
f 6379 4333 6376
f 6376 4333 4318
f 4343 6380 4344
f 4344 6380 6381
f 4347 6382 4348
f 4348 6382 6383
f 4374 6371 4331
f 4331 6371 6377
f 4333 6379 4426
f 4426 6379 6384
f 4690 6385 4347
f 4347 6385 6382
f 4332 6378 4317
f 4317 6378 6375
f 4922 6386 4923
f 4923 6386 6387
f 6388 6389 4375
f 4375 6389 6390
f 6355 6356 4978
f 4978 6356 6284
f 4742 6360 4743
f 4743 6360 6361
f 6391 4238 6392
f 6392 4238 4719
f 6392 4719 6393
f 6393 4719 5296
f 6395 6396 6394
f 6394 6396 6397
f 6399 6400 6398
f 6398 6400 6401
f 6402 5302 6403
f 6403 5302 5303
f 5303 5321 6403
f 6403 5321 6404
f 5320 6405 5321
f 5321 6405 6404
f 5319 6406 5350
f 5350 6406 5351
f 5319 5318 6406
f 6406 5318 6407
f 5288 4197 6408
f 6408 4197 6409
f 4217 4216 6410
f 6410 4216 6411
f 5227 6412 6327
f 6327 6412 6328
f 4892 6413 5227
f 5227 6413 6412
f 4228 6414 4892
f 4892 6414 6413
f 4227 6415 4228
f 4228 6415 6414
f 4248 6416 4227
f 4227 6416 6415
f 4247 6417 4248
f 4248 6417 6416
f 6417 4247 6419
f 6419 4247 6418
f 6419 6418 6421
f 6421 6418 6420
f 6422 5301 6423
f 6423 5301 5300
f 6423 5300 6424
f 6424 5300 6399
f 6408 6409 6398
f 6398 6409 6425
f 6426 6427 6397
f 6397 6427 6394
f 6428 4224 6429
f 6429 4224 4223
f 6347 6346 5276
f 5276 6346 4220
f 6346 6347 6341
f 6341 6347 6339
f 5280 5278 5282
f 5282 5278 4236
f 4896 5224 4684
f 4684 5224 4681
f 4132 4135 4896
f 4896 4135 5224
f 4131 4136 4132
f 4132 4136 4135
f 4226 4754 4131
f 4131 4754 4136
f 4251 4213 4226
f 4226 4213 4754
f 4250 4214 4251
f 4251 4214 4213
f 4250 6367 4214
f 4214 6367 6368
f 6367 4910 6368
f 6368 4910 4737
f 4909 5297 4736
f 4736 5297 5296
f 5297 6395 5296
f 5296 6395 6393
f 6427 6430 6394
f 6394 6430 6431
f 6429 4383 6428
f 6428 4383 4382
f 4219 5277 4220
f 4220 5277 5276
f 4222 4697 4383
f 4383 4697 4218
f 6345 4699 4221
f 4221 4699 6344
f 6342 4700 6345
f 6345 4700 4699
f 4235 4786 5281
f 5281 4786 6338
f 4234 4787 4235
f 4235 4787 4786
f 5279 5278 6432
f 6432 5278 5271
f 4237 5279 6433
f 6433 5279 6432
f 4787 4234 6433
f 6433 4234 4237
f 6435 6436 6434
f 6434 6436 6437
f 6359 6438 6360
f 6360 6438 6437
f 6439 6440 6441
f 6441 6440 6438
f 6443 6439 6442
f 6442 6439 6441
f 6357 6356 6442
f 6442 6356 6444
f 6444 6446 6445
f 6445 6446 6447
f 4912 6446 4913
f 4913 6446 6355
f 6361 6436 5364
f 5364 6436 5365
f 5319 5350 5316
f 5316 5350 6448
f 4832 6449 5350
f 5350 6449 6448
f 4831 6450 4832
f 4832 6450 6449
f 5354 6451 5320
f 5320 6451 6405
f 4265 6452 5354
f 5354 6452 6451
f 4264 6453 4265
f 4265 6453 6452
f 6450 4831 6447
f 6447 4831 6445
f 4263 6435 4264
f 4264 6435 6434
f 6454 6453 6439
f 6439 6453 6440
f 6439 6443 6454
f 6454 6443 4834
f 4833 6455 4834
f 4834 6455 6454
f 5351 6456 4833
f 4833 6456 6455
f 6457 6391 6458
f 6458 6391 6392
f 6458 6392 6431
f 6431 6392 6393
f 5298 6396 5297
f 5297 6396 6395
f 6402 6400 5302
f 5302 6400 5299
f 6402 6403 6459
f 6459 6403 6460
f 6460 6403 6461
f 6461 6403 6404
f 6405 6462 6404
f 6404 6462 6461
f 6406 6462 5351
f 5351 6462 6456
f 6406 6407 6462
f 6462 6407 6461
f 6407 6463 6461
f 6461 6463 6460
f 6463 6464 6460
f 6460 6464 6459
f 6464 6465 6459
f 6459 6465 6401
f 6430 6466 6431
f 6431 6466 6458
f 6466 6410 6458
f 6458 6410 6457
f 6410 6411 6457
f 6457 6411 6467
f 6396 6424 6397
f 6397 6424 6425
f 6393 6395 6431
f 6431 6395 6394
f 6451 6456 6405
f 6405 6456 6462
f 6452 6455 6451
f 6451 6455 6456
f 6453 6454 6452
f 6452 6454 6455
f 6443 6445 4834
f 4834 6445 4831
f 6440 6453 6434
f 6434 6453 4264
f 6468 5306 5360
f 5360 5306 5305
f 6469 4124 6468
f 6468 4124 5306
f 6470 4125 6469
f 6469 4125 4124
f 6471 5291 6470
f 6470 5291 4125
f 6353 5292 6471
f 6471 5292 5291
f 5292 6353 5313
f 5313 6353 6352
f 5347 5314 6352
f 6352 5314 5313
f 5353 5318 5346
f 5346 5318 5317
f 5334 6468 5358
f 5358 6468 5360
f 5324 6469 5334
f 5334 6469 6468
f 5323 6470 5324
f 5324 6470 6469
f 5343 6471 5323
f 5323 6471 6470
f 6354 6353 5343
f 5343 6353 6471
f 6348 6349 4270
f 4270 6349 5311
f 5272 6340 5273
f 5273 6340 4272
f 6432 5271 4232
f 4232 5271 4233
f 4294 6432 4295
f 4295 6432 4232
f 6432 4294 6433
f 6433 4294 4301
f 4301 4300 6433
f 6433 4300 4787
f 4704 4784 4300
f 4300 4784 4787
f 4704 3013 4784
f 4784 3013 1307
f 5103 6472 5104
f 5104 6472 5202
f 5108 5116 5105
f 5105 5116 5115
f 5111 5124 5112
f 5112 5124 5123
f 5154 5205 5105
f 5105 5205 5106
f 5167 5180 5168
f 5168 5180 5185
f 5175 5188 5176
f 5176 5188 5187
f 5112 5123 5178
f 5178 5123 5120
f 5167 5090 5183
f 5183 5090 5089
f 5210 5151 5183
f 5183 5151 5181
f 5216 5138 5217
f 5217 5138 5137
f 5218 5119 5219
f 5219 5119 5221
f 5218 5178 5119
f 5119 5178 5120
f 5217 5137 5104
f 5104 5137 5101
f 5116 5108 5221
f 5221 5108 5219
f 5111 5110 5210
f 5210 5110 5151
f 5154 5153 5103
f 5103 5153 6472
f 5216 5215 5176
f 5176 5215 5173
f 5175 5174 5168
f 5168 5174 5166
f 5091 5172 5092
f 5092 5172 5208
f 5117 5037 5118
f 5118 5037 5036
f 5121 5164 5122
f 5122 5164 5133
f 5125 5084 5126
f 5126 5084 5083
f 5129 5174 5130
f 5130 5174 5173
f 5131 5202 5132
f 5132 5202 6472
f 5135 5221 5122
f 5122 5221 5119
f 5125 5124 5136
f 5136 5124 5209
f 5126 5083 5121
f 5121 5083 5164
f 5118 5036 5195
f 5195 5036 5193
f 5131 5097 5203
f 5203 5097 5114
f 5132 6472 5195
f 5195 6472 5153
f 5136 5209 5092
f 5092 5209 5089
f 5135 5134 5117
f 5117 5134 5037
f 5362 5206 5130
f 5130 5206 5127
f 5372 5371 5128
f 5128 5371 5129
f 5371 5372 5091
f 5091 5372 5172
f 5362 5215 5203
f 5203 5215 5201
f 6463 6407 5353
f 5353 6407 5318
f 6464 6463 5352
f 5352 6463 5353
f 6408 6465 5288
f 5288 6465 5289
f 4196 4224 6426
f 6426 4224 6427
f 6430 6427 6428
f 6428 6427 4224
f 6466 6430 4382
f 4382 6430 6428
f 6410 6466 4217
f 4217 6466 4382
f 4240 4239 3015
f 3015 4239 3016
f 4254 4257 3017
f 3017 4257 3018
f 6473 6474 4732
f 4732 6474 6475
f 6474 6374 6475
f 6475 6374 6373
f 5246 6374 3022
f 3022 6374 3023
f 4254 6299 4255
f 4255 6299 6288
f 6473 6300 3024
f 3024 6300 3025
f 6476 4257 6312
f 6312 4257 4256
f 4240 6476 4241
f 4241 6476 6312
f 6477 4239 6391
f 6391 4239 4238
f 6467 6477 6457
f 6457 6477 6391
f 6411 3029 6467
f 6467 3029 3028
f 4216 3030 6411
f 6411 3030 3029
f 6479 6480 6478
f 6478 6480 6481
f 6483 6484 6482
f 6482 6484 6485
f 6486 6487 4102
f 4102 6487 6331
f 6483 6488 6478
f 6478 6488 6489
f 4429 4829 6490
f 6490 4829 6479
f 6491 6486 4101
f 4101 6486 4102
f 4895 6491 4899
f 4899 6491 4101
f 4160 6488 4157
f 4157 6488 6492
f 6489 4087 6490
f 6490 4087 4090
f 4267 4261 5013
f 5013 4261 4260
f 4258 4261 5328
f 5328 4261 4975
f 4261 4267 4975
f 4975 4267 4266
f 5367 3793 3912
f 3912 3793 3575
f 6494 3616 6493
f 6493 3616 3795
f 6496 3589 6495
f 6495 3589 3588
f 6495 3588 5368
f 5368 3588 3794
f 3841 3840 3050
f 3050 3840 3051
f 3912 3911 3052
f 3052 3911 3053
f 3929 3930 3054
f 3054 3930 3055
f 5370 3930 3916
f 3916 3930 3923
f 3938 5369 3807
f 3807 5369 3915
f 3589 6496 3806
f 3806 6496 3937
f 3938 3937 3056
f 3056 3937 3057
f 3051 3840 3058
f 3058 3840 3943
f 3730 4808 3727
f 3727 4808 3943
f 3820 3951 3795
f 3795 3951 6493
f 3951 3841 3059
f 3059 3841 3050
f 3911 3574 6494
f 6494 3574 3616
f 3823 3929 3824
f 3824 3929 3952
f 4061 4060 3060
f 3060 4060 3061
f 6497 6498 4901
f 4901 6498 4790
f 6333 6499 4738
f 4738 6499 4739
f 6500 6501 6314
f 6314 6501 4418
f 6502 6275 4417
f 4417 6275 4185
f 6503 6497 4783
f 4783 6497 4901
f 6498 4060 4790
f 4790 4060 4059
f 4808 4061 3069
f 3069 4061 3060
f 5367 3071 5368
f 5368 3071 3070
f 5369 3073 5370
f 5370 3073 3072
f 6274 6275 3074
f 3074 6275 3075
f 6499 6504 4739
f 4739 6504 6317
f 6333 6332 3077
f 3077 6332 3078
f 6334 6274 3079
f 3079 6274 3074
f 6332 4825 3078
f 3078 4825 3080
f 6334 6503 4188
f 4188 6503 4783
f 4825 4689 3080
f 3080 4689 1330
f 6506 4747 6505
f 6505 4747 4746
f 6505 6507 6506
f 6506 6507 6508
f 4297 6509 4920
f 4920 6509 6510
f 4296 6511 4297
f 4297 6511 6509
f 6506 6508 4319
f 4319 6508 6512
f 4372 4371 6514
f 6514 4371 6513
f 6511 4296 5251
f 5251 4296 4305
f 5251 5250 6511
f 6511 5250 6515
f 6516 6509 6515
f 6515 6509 6511
f 6517 6507 6519
f 6519 6507 6518
f 6512 6520 6513
f 6513 6520 6514
f 6507 6517 6508
f 6508 6517 6521
f 5249 6523 6522
f 6522 6523 6524
f 6525 6370 5253
f 5253 6370 6526
f 4370 4323 4371
f 4371 4323 4326
f 4370 3103 4323
f 4323 3103 1541
f 6521 6517 6527
f 6527 6517 6519
f 6520 6528 6514
f 6514 6528 6529
f 6531 6532 6530
f 6530 6532 6533
f 5250 6534 6515
f 6515 6534 6535
f 6530 6533 6536
f 6536 6533 6537
f 6526 6538 6534
f 6534 6538 6537
f 6515 6535 6516
f 6516 6535 6539
f 4325 4321 4326
f 4326 4321 4320
f 4371 4326 6513
f 6513 4326 4320
f 6531 4731 6541
f 6541 4731 6540
f 4731 4730 6540
f 6540 4730 6542
f 4730 3121 6542
f 6542 3121 3120
f 6530 4328 6531
f 6531 4328 4731
f 4328 6530 4329
f 4329 6530 6536
f 4329 6536 6524
f 6524 6536 6543
f 6544 6545 6522
f 6522 6545 5248
f 6389 6388 5245
f 5245 6388 6373
f 6388 6546 6373
f 6373 6546 6475
f 4733 6546 6295
f 6295 6546 4377
f 4732 6475 4733
f 4733 6475 6546
f 4393 4432 4394
f 4394 4432 4435
f 4434 4672 4842
f 4842 4672 4671
f 4440 4439 4441
f 4441 4439 4438
f 4436 4450 4437
f 4437 4450 4398
f 4447 4444 4448
f 4448 4444 4392
f 4446 4464 4433
f 4433 4464 6547
f 4454 4423 4455
f 4455 4423 4422
f 4452 4481 4453
f 4453 4481 4480
f 4458 4389 4459
f 4459 4389 4388
f 4456 4471 4457
f 4457 4471 4468
f 4391 4460 4392
f 4392 4460 4448
f 4461 4467 4445
f 4445 4467 4465
f 4437 4398 4629
f 4629 4398 4397
f 4438 4628 4441
f 4441 4628 4631
f 4841 4629 4839
f 4839 4629 4397
f 4628 4842 4631
f 4631 4842 4671
f 4930 4989 4452
f 4452 4989 4481
f 4929 4927 4436
f 4436 4927 4450
f 4933 4387 4934
f 4934 4387 4386
f 4931 4475 4932
f 4932 4475 4474
f 4936 4449 4933
f 4933 4449 4387
f 4935 4472 4456
f 4456 4472 4471
f 4389 4458 4391
f 4391 4458 4460
f 4457 4468 4461
f 4461 4468 4467
f 4934 4386 4454
f 4454 4386 4423
f 4453 4480 4931
f 4931 4480 4475
f 4575 4997 4576
f 4576 4997 4639
f 4579 4596 4580
f 4580 4596 4595
f 4583 4582 4572
f 4572 4582 4569
f 4587 4944 4588
f 4588 4944 4562
f 4588 4562 4590
f 4590 4562 4561
f 4576 4639 4642
f 4642 4639 4638
f 4642 4845 4641
f 4641 4845 4846
f 4845 4590 4846
f 4846 4590 4561
f 4941 4938 4595
f 4595 4938 4580
f 4938 4940 4668
f 4668 4940 4669
f 4583 4942 4584
f 4584 4942 4947
f 4582 4587 4569
f 4569 4587 4586
f 5000 5001 4579
f 4579 5001 4596
f 4558 4560 4585
f 4585 4560 4586
f 4565 4639 4566
f 4566 4639 4997
f 4568 4567 4577
f 4577 4567 4578
f 4570 4554 4571
f 4571 4554 4556
f 4640 4565 4637
f 4637 4565 4546
f 4662 4664 4665
f 4665 4664 4844
f 4662 4558 4589
f 4589 4558 4585
f 4554 4570 4557
f 4557 4570 4560
f 4571 4667 4572
f 4572 4667 4943
f 4551 4670 4552
f 4552 4670 4666
f 4640 4664 4638
f 4638 4664 4663
f 4670 4568 4668
f 4668 4568 4577
f 4999 4996 4566
f 4566 4996 4543
f 4608 4564 4603
f 4603 4564 4563
f 4573 4593 4574
f 4574 4593 4592
f 4597 4614 4598
f 4598 4614 4613
f 4601 4600 4584
f 4584 4600 4581
f 4563 4562 4604
f 4604 4562 4944
f 4643 4593 4641
f 4641 4593 4573
f 4643 4847 4644
f 4644 4847 4848
f 4564 4847 4561
f 4561 4847 4846
f 4945 4941 4598
f 4598 4941 4595
f 4941 4945 4939
f 4939 4945 4946
f 4601 4948 4602
f 4602 4948 4620
f 4600 4604 4581
f 4581 4604 4944
f 5002 5003 4597
f 4597 5003 4614
f 4988 4759 4953
f 4953 4759 4402
f 4706 6548 4707
f 4707 6548 6549
f 4311 4928 4419
f 4419 4928 6550
f 4921 4920 6551
f 6551 4920 6552
f 4925 6553 4926
f 4926 6553 6554
f 4928 4921 4802
f 4802 4921 6551
f 6555 4985 6550
f 6550 4985 4419
f 4952 6556 4953
f 4953 6556 4649
f 4971 6557 4706
f 4706 6557 6548
f 4988 4648 4925
f 4925 4648 6553
f 4707 6549 5006
f 5006 6549 4987
f 4920 6510 6552
f 6552 6510 6518
f 6558 6510 6516
f 6516 6510 6509
f 6559 6558 6539
f 6539 6558 6516
f 6531 6541 6532
f 6532 6541 6560
f 6540 6561 6541
f 6541 6561 6529
f 6542 6562 6540
f 6540 6562 6561
f 6542 3120 6562
f 6562 3120 3142
f 4366 6563 4760
f 4760 6563 4970
f 4815 6564 4816
f 4816 6564 6565
f 3147 3146 6565
f 6565 3146 4816
f 6564 6563 6565
f 6565 6563 6566
f 4837 4385 4357
f 4357 4385 4358
f 6565 6566 3147
f 3147 6566 3149
f 4694 1209 3150
f 5247 5249 5248
f 5248 5249 6522
f 6372 6390 6545
f 6545 6390 6389
f 6375 5254 6376
f 6376 5254 5258
f 6377 6525 6378
f 6378 6525 5255
f 5260 6379 5258
f 5258 6379 6376
f 6380 6567 6381
f 6381 6567 6568
f 6382 6569 6383
f 6383 6569 6570
f 6377 6371 6525
f 6525 6371 6370
f 6379 5260 6384
f 6384 5260 6571
f 6385 6572 6382
f 6382 6572 6569
f 6378 5255 6375
f 6375 5255 5254
f 6386 6573 6387
f 6387 6573 6574
f 6545 6389 5248
f 5248 6389 5245
f 4675 4750 4676
f 4676 4750 6286
f 4734 6289 4735
f 4735 6289 6288
f 4804 6290 4805
f 4805 6290 4963
f 4811 4807 4812
f 4812 4807 4411
f 4954 6292 4955
f 4955 6292 4959
f 4964 4962 4965
f 4965 4962 4751
f 6285 4821 4812
f 4812 4821 4809
f 4675 4287 4965
f 4965 4287 4210
f 6294 4145 4955
f 4955 4145 4154
f 4964 4120 4805
f 4805 4120 4119
f 6298 4966 4734
f 4734 4966 6289
f 6300 6473 4735
f 4735 6473 4732
f 6297 6296 4676
f 4676 6296 4288
f 6523 3160 4330
f 4330 3160 3159
f 5253 5252 6525
f 6525 5252 5255
f 5256 5252 4305
f 4305 5252 5251
f 4304 5257 4305
f 4305 5257 5256
f 4424 5259 4304
f 4304 5259 5257
f 5261 6571 5259
f 5259 6571 5260
f 5262 6573 5261
f 5261 6573 6571
f 5264 6567 5265
f 5265 6567 6574
f 5266 6572 5267
f 5267 6572 6568
f 5268 6570 5269
f 5269 6570 6569
f 1807 3161 5268
f 5268 3161 6570
f 6524 6523 4329
f 4329 6523 4330
f 5253 6526 5250
f 5250 6526 6534
f 6543 6538 6544
f 6544 6538 6369
f 6524 6543 6522
f 6522 6543 6544
f 3071 5367 3052
f 3052 5367 3912
f 6493 3163 6494
f 6494 3163 3162
f 3164 445 3771
f 3771 445 3761
f 461 3165 3919
f 3919 3165 3920
f 330 410 3839
f 3839 410 3910
f 332 331 3552
f 3552 331 3551
f 464 304 3918
f 3918 304 3816
f 385 458 3766
f 3766 458 3894
f 412 415 3762
f 3762 415 3763
f 3166 337 3748
f 3748 337 3745
f 3072 3055 5370
f 5370 3055 3930
f 3073 5369 3056
f 3056 5369 3938
f 3167 3057 6496
f 6496 3057 3937
f 3069 3058 4808
f 4808 3058 3943
f 411 3166 3851
f 3851 3166 3748
f 3059 3163 3951
f 3951 3163 6493
f 336 3164 3772
f 3772 3164 3771
f 3053 3911 3162
f 3162 3911 6494
f 3054 3168 3929
f 3929 3168 3952
f 3165 830 3920
f 3920 830 3945
f 3170 3169 6497
f 6497 3169 6498
f 3171 1354 5005
f 5005 1354 4830
f 3172 3170 6503
f 6503 3170 6497
f 3169 3061 6498
f 6498 3061 4060
f 3173 3171 5006
f 5006 3171 5005
f 3079 3172 6334
f 6334 3172 6503
f 3174 3025 6299
f 6299 3025 6300
f 6576 6577 6575
f 6575 6577 6578
f 4612 4611 6579
f 6579 4611 6580
f 6582 6583 6581
f 6581 6583 6584
f 6584 6585 4618
f 4618 6585 4621
f 6586 6587 6589
f 6589 6587 6588
f 6588 6587 6590
f 6590 6587 6591
f 6592 4606 6590
f 6590 4606 4623
f 6594 6576 6593
f 6593 6576 6575
f 6595 6582 6579
f 6579 6582 6581
f 6580 6597 6596
f 6596 6597 6598
f 6577 6576 6599
f 6599 6576 6600
f 6595 6596 6601
f 6601 6596 6602
f 6583 6582 6603
f 6603 6582 6604
f 6586 6606 6605
f 6605 6606 6607
f 6587 6586 6608
f 6608 6586 6605
f 6587 6608 6591
f 6591 6608 6609
f 6576 6594 6600
f 6600 6594 6610
f 6582 6595 6604
f 6604 6595 6601
f 6599 6611 6577
f 6577 6611 6598
f 6613 6614 6612
f 6612 6614 6615
f 6617 6618 6616
f 6616 6618 6619
f 6621 6622 6620
f 6620 6622 6623
f 6625 6626 6624
f 6624 6626 6627
f 6629 6630 6628
f 6628 6630 6631
f 6633 6634 6632
f 6632 6634 6635
f 6637 6638 6636
f 6636 6638 6639
f 6640 6641 6637
f 6637 6641 6638
f 6643 6633 6642
f 6642 6633 6632
f 6645 6646 6644
f 6644 6646 6647
f 6646 6648 6647
f 6647 6648 6649
f 6651 6652 6650
f 6650 6652 6653
f 6653 6652 6654
f 6654 6652 6655
f 6656 6657 6659
f 6659 6657 6658
f 6661 6662 6660
f 6660 6662 6663
f 6662 6661 6664
f 6664 6661 6665
f 6667 6657 6666
f 6666 6657 6656
f 6669 6670 6668
f 6668 6670 6671
f 6672 6673 6670
f 6670 6673 6671
f 6674 6675 6677
f 6677 6675 6676
f 6675 6678 6676
f 6676 6678 6679
f 6681 6682 6680
f 6680 6682 6683
f 6684 6685 6683
f 6683 6685 6680
f 6687 6688 6686
f 6686 6688 6689
f 6687 6690 6688
f 6688 6690 6691
f 6619 6618 6633
f 6633 6618 6634
f 6632 6635 6693
f 6693 6635 6692
f 6617 6694 6636
f 6636 6694 6637
f 6695 6692 6639
f 6639 6692 6635
f 6637 6694 6640
f 6640 6694 6696
f 6698 6638 6697
f 6697 6638 6641
f 6643 6616 6633
f 6633 6616 6619
f 6642 6699 6641
f 6641 6699 6697
f 6646 6645 6700
f 6700 6645 6621
f 6644 6701 6654
f 6654 6701 6702
f 6700 6703 6646
f 6646 6703 6648
f 6693 6704 6649
f 6649 6704 6647
f 6620 6623 6651
f 6651 6623 6652
f 6693 6649 6699
f 6699 6649 6650
f 6652 6623 6655
f 6655 6623 6622
f 6654 6702 6653
f 6653 6702 6697
f 6615 6614 6657
f 6657 6614 6658
f 6705 6656 6704
f 6704 6656 6659
f 6613 6706 6660
f 6660 6706 6661
f 6704 6659 6701
f 6701 6659 6663
f 6661 6706 6665
f 6665 6706 6707
f 6708 6702 6664
f 6664 6702 6662
f 6612 6615 6667
f 6667 6615 6657
f 6666 6709 6664
f 6664 6709 6708
f 6629 6710 6669
f 6669 6710 6670
f 6668 6711 6679
f 6679 6711 6712
f 6713 6672 6710
f 6710 6672 6670
f 6714 6671 6705
f 6705 6671 6673
f 6628 6631 6674
f 6674 6631 6675
f 6705 6673 6709
f 6709 6673 6677
f 6631 6630 6675
f 6675 6630 6678
f 6712 6708 6679
f 6679 6708 6676
f 6625 6715 6682
f 6682 6715 6683
f 6716 6717 6681
f 6681 6717 6691
f 6718 6684 6715
f 6715 6684 6683
f 6719 6680 6714
f 6714 6680 6685
f 6624 6627 6686
f 6686 6627 6687
f 6689 6711 6685
f 6685 6711 6714
f 6627 6626 6687
f 6687 6626 6690
f 6717 6712 6691
f 6691 6712 6688
f 6612 6707 6613
f 6613 6707 6706
f 6616 6696 6617
f 6617 6696 6694
f 6703 6700 6620
f 6620 6700 6621
f 6715 6625 6718
f 6718 6625 6624
f 6710 6629 6713
f 6713 6629 6628
f 6639 6635 6636
f 6636 6635 6634
f 6641 6640 6642
f 6642 6640 6643
f 6654 6655 6644
f 6644 6655 6645
f 6651 6650 6648
f 6648 6650 6649
f 6659 6658 6663
f 6663 6658 6660
f 6665 6667 6664
f 6664 6667 6666
f 6678 6669 6679
f 6679 6669 6668
f 6673 6672 6677
f 6677 6672 6674
f 6690 6682 6691
f 6691 6682 6681
f 6685 6684 6689
f 6689 6684 6686
f 6636 6634 6617
f 6617 6634 6618
f 6638 6698 6639
f 6639 6698 6695
f 6640 6696 6643
f 6643 6696 6616
f 6693 6699 6632
f 6632 6699 6642
f 6655 6622 6645
f 6645 6622 6621
f 6704 6701 6647
f 6647 6701 6644
f 6651 6648 6620
f 6620 6648 6703
f 6650 6653 6699
f 6699 6653 6697
f 6613 6660 6614
f 6614 6660 6658
f 6663 6662 6701
f 6701 6662 6702
f 6665 6707 6667
f 6667 6707 6612
f 6705 6709 6656
f 6656 6709 6666
f 6630 6629 6678
f 6678 6629 6669
f 6714 6711 6671
f 6671 6711 6668
f 6672 6713 6674
f 6674 6713 6628
f 6677 6676 6709
f 6709 6676 6708
f 6626 6625 6690
f 6690 6625 6682
f 6680 6719 6681
f 6681 6719 6716
f 6684 6718 6686
f 6686 6718 6624
f 6711 6689 6712
f 6689 6688 6712
f 6593 6720 6594
f 6594 6720 6721
f 6722 6720 4607
f 4607 6720 4849
f 6592 6723 6722
f 6722 6723 6724
f 4610 4609 6578
f 6578 4609 6575
f 6596 6595 6580
f 6580 6595 6579
f 4618 4617 6584
f 6584 4617 6581
f 6589 6585 6586
f 6586 6585 6606
f 4622 4619 6588
f 6588 4619 6589
f 4622 6588 4623
f 4623 6588 6590
f 4609 4645 6575
f 6575 4645 6593
f 4617 4612 6581
f 6581 4612 6579
f 5004 4610 6597
f 6597 4610 6578
f 4645 4849 6593
f 6593 4849 6720
f 6724 6721 6722
f 6722 6721 6720
f 6722 4607 6592
f 6592 4607 4606
f 6725 6610 6721
f 6721 6610 6594
f 6723 6726 6724
f 6724 6726 6727
f 6727 6725 6724
f 6724 6725 6721
f 6728 6729 6605
f 6605 6729 6608
f 6605 6607 6728
f 6728 6607 6730
f 6731 6732 6604
f 6604 6732 6603
f 6733 6734 6725
f 6725 6734 6610
f 6735 6733 6727
f 6727 6733 6725
f 6735 6727 6736
f 6736 6727 6726
f 6591 6609 6723
f 6723 6609 6726
f 6723 6592 6591
f 6591 6592 6590
f 6738 6739 6737
f 6737 6739 6740
f 6740 6739 6742
f 6742 6739 6741
f 6743 6744 6741
f 6741 6744 6742
f 6745 6746 6743
f 6743 6746 6744
f 6747 6748 6745
f 6745 6748 6746
f 6749 6750 6747
f 6747 6750 6748
f 6752 6738 6751
f 6751 6738 6737
f 6754 6752 6753
f 6753 6752 6751
f 6756 6754 6755
f 6755 6754 6753
f 6758 6750 6757
f 6757 6750 6749
f 6760 6756 6759
f 6759 6756 6755
f 6762 6760 6761
f 6761 6760 6759
f 6764 6762 6763
f 6763 6762 6761
f 6757 6764 6758
f 6758 6764 6763
f 6766 6741 6765
f 6765 6741 6739
f 6767 6743 6766
f 6766 6743 6741
f 6768 6745 6767
f 6767 6745 6743
f 6769 6747 6768
f 6768 6747 6745
f 6770 6749 6769
f 6769 6749 6747
f 6772 6769 6771
f 6771 6769 6768
f 6773 6770 6772
f 6772 6770 6769
f 6774 6775 6772
f 6772 6775 6773
f 6777 6778 6776
f 6776 6778 6779
f 6775 6774 6778
f 6778 6774 6779
f 6771 6780 6772
f 6772 6780 6774
f 6780 6781 6774
f 6774 6781 6779
f 6781 6782 6779
f 6779 6782 6776
f 6784 6785 6783
f 6783 6785 6786
f 6786 6787 6783
f 6783 6787 6788
f 6790 6788 6789
f 6789 6788 6787
f 6786 6785 6791
f 6791 6785 6792
f 6791 6793 6786
f 6786 6793 6787
f 6793 6794 6787
f 6787 6794 6789
f 6795 6796 6794
f 6794 6796 6789
f 6790 6789 6797
f 6797 6789 6796
f 6798 6765 6738
f 6738 6765 6739
f 6799 6798 6752
f 6752 6798 6738
f 6767 6800 6768
f 6768 6800 6771
f 6766 6801 6767
f 6767 6801 6800
f 6802 6801 6765
f 6765 6801 6766
f 6798 6803 6765
f 6765 6803 6802
f 6804 6803 6799
f 6799 6803 6798
f 6805 6806 6804
f 6804 6806 6803
f 6807 6799 6754
f 6754 6799 6752
f 6808 6804 6807
f 6807 6804 6799
f 6809 6805 6808
f 6808 6805 6804
f 6810 6811 6805
f 6805 6811 6806
f 6812 6813 6810
f 6810 6813 6811
f 6814 6815 6796
f 6796 6815 6797
f 6813 6814 6816
f 6816 6814 6817
f 6816 6818 6813
f 6813 6818 6811
f 6819 6806 6818
f 6818 6806 6811
f 6802 6803 6819
f 6819 6803 6806
f 6757 6749 6820
f 6820 6749 6770
f 6820 6770 6821
f 6821 6770 6773
f 6821 6773 6822
f 6822 6773 6775
f 6822 6775 6823
f 6823 6775 6778
f 6824 6823 6777
f 6777 6823 6778
f 6784 6825 6777
f 6777 6825 6824
f 6826 6827 6788
f 6788 6827 6783
f 6828 6826 6790
f 6790 6826 6788
f 6829 6828 6797
f 6797 6828 6790
f 6815 6830 6797
f 6797 6830 6829
f 6832 6812 6831
f 6831 6812 6810
f 6831 6810 6809
f 6809 6810 6805
f 6736 6800 6735
f 6735 6800 6801
f 6733 6735 6802
f 6802 6735 6801
f 6734 6733 6819
f 6819 6733 6802
f 6833 6734 6818
f 6818 6734 6819
f 6834 6833 6816
f 6816 6833 6818
f 6816 6817 6834
f 6834 6817 6835
f 6837 6795 6836
f 6836 6795 6794
f 6836 6794 6731
f 6731 6794 6793
f 6732 6731 6791
f 6791 6731 6793
f 6791 6792 6732
f 6732 6792 6730
f 6729 6728 6781
f 6781 6728 6782
f 6838 6807 6756
f 6756 6807 6754
f 6839 6838 6760
f 6760 6838 6756
f 6840 6839 6762
f 6762 6839 6760
f 6841 6840 6764
f 6764 6840 6762
f 6820 6841 6757
f 6757 6841 6764
f 6841 6820 6842
f 6842 6820 6821
f 6840 6841 6843
f 6843 6841 6842
f 6839 6840 6844
f 6844 6840 6843
f 6838 6839 6845
f 6845 6839 6844
f 6807 6838 6808
f 6808 6838 6845
f 6842 6821 6846
f 6846 6821 6822
f 6843 6842 6847
f 6847 6842 6846
f 6844 6843 6848
f 6848 6843 6847
f 6845 6844 6849
f 6849 6844 6848
f 6808 6845 6809
f 6809 6845 6849
f 6850 6831 6849
f 6849 6831 6809
f 6851 6850 6848
f 6848 6850 6849
f 6847 6852 6848
f 6848 6852 6851
f 6853 6852 6846
f 6846 6852 6847
f 6846 6822 6853
f 6853 6822 6823
f 6853 6823 6854
f 6854 6823 6824
f 6854 6855 6853
f 6853 6855 6852
f 6856 6851 6855
f 6855 6851 6852
f 6856 6857 6851
f 6851 6857 6850
f 6857 6832 6850
f 6850 6832 6831
f 6825 6858 6824
f 6824 6858 6854
f 6860 6827 6859
f 6859 6827 6826
f 6859 6826 6861
f 6861 6826 6828
f 6862 6861 6829
f 6829 6861 6828
f 6830 6863 6829
f 6829 6863 6862
f 6863 6864 6862
f 6862 6864 6865
f 6858 6866 6854
f 6854 6866 6855
f 6867 6865 6866
f 6866 6865 6864
f 6869 6859 6868
f 6868 6859 6861
f 6867 6869 6865
f 6865 6869 6868
f 6861 6862 6868
f 6868 6862 6865
f 6867 6860 6869
f 6869 6860 6859
f 6753 6751 6698
f 6698 6751 6695
f 6697 6755 6698
f 6698 6755 6753
f 6759 6755 6702
f 6702 6755 6697
f 6761 6759 6708
f 6708 6759 6702
f 6763 6761 6712
f 6712 6761 6708
f 6758 6763 6717
f 6717 6763 6712
f 6750 6758 6716
f 6716 6758 6717
f 6719 6748 6716
f 6716 6748 6750
f 6714 6746 6719
f 6719 6746 6748
f 6705 6744 6714
f 6714 6744 6746
f 6704 6742 6705
f 6705 6742 6744
f 6740 6742 6693
f 6693 6742 6704
f 6737 6740 6692
f 6692 6740 6693
f 6751 6737 6695
f 6695 6737 6692
f 6601 6602 6836
f 6836 6602 6837
f 6604 6601 6731
f 6731 6601 6836
f 6599 6600 6834
f 6834 6600 6833
f 6834 6835 6599
f 6599 6835 6611
f 6600 6610 6833
f 6833 6610 6734
f 6780 6771 6870
f 6870 6771 6736
f 6736 6771 6800
f 6870 6729 6780
f 6780 6729 6781
f 6608 6729 6609
f 6609 6729 6870
f 6609 6870 6726
f 6726 6870 6736
f 5014 5015 5229
f 5229 5015 5230
f 4258 5015 4259
f 4259 5015 4878
f 3471 3013 4703
f 4703 3013 4704
f 2879 6337 1306
f 1306 6337 4785
f 829 3471 4316
f 4316 3471 4703
f 4702 3472 5223
f 5223 3472 1756
f 6871 6872 4534
f 4534 6872 4535
f 6871 4665 6872
f 6872 4665 4844
f 6871 6873 4665
f 4665 6873 4559
f 6871 4534 6873
f 6873 4534 4542
f 4153 4152 4822
f 4822 4152 4407
f 4152 4168 4407
f 4407 4168 4342
f 4343 4168 4923
f 4923 4168 4167
f 4363 4362 4972
f 4972 4362 4840
f 4362 4394 4840
f 4840 4394 4839
f 4401 4400 4986
f 4986 4400 4984
f 4435 4434 4841
f 4841 4434 4842
f 4506 4505 4530
f 4530 4505 4531
f 4506 4535 4507
f 4507 4535 4843
f 4661 4660 4516
f 4516 4660 4517
f 4673 4672 4937
f 4937 4672 6547
f 4400 4924 4984
f 4984 4924 5263
f 4673 4660 4674
f 4674 4660 4659
f 4505 4661 4531
f 4531 4661 4516
f 4952 4401 6874
f 6874 4401 4986
f 4954 4153 6875
f 6875 4153 4822
f 4363 4973 4364
f 4364 4973 4974
f 5264 4924 5267
f 5267 4924 4691
f 6293 6292 6876
f 6876 6292 6877
f 6380 4343 6387
f 6387 4343 4923
f 4394 4435 4839
f 4839 4435 4841
f 4672 4434 6547
f 6547 4434 4433
f 4973 6556 4974
f 4974 6556 6878
f 6567 6380 6574
f 6574 6380 6387
f 6292 4954 6877
f 6877 4954 6875
f 6567 5264 6568
f 6568 5264 5267
f 4145 4144 4154
f 4154 4144 4151
f 4194 4144 4425
f 4425 4144 4143
f 4355 4354 5263
f 5263 4354 4984
f 4360 4359 4364
f 4364 4359 4361
f 4444 4359 4392
f 4392 4359 4337
f 4447 4446 4432
f 4432 4446 4433
f 4464 4463 6547
f 6547 4463 4937
f 4519 4518 4654
f 4654 4518 4509
f 4533 4532 4499
f 4499 4532 4498
f 4533 4542 4530
f 4530 4542 4534
f 4519 4532 4516
f 4516 4532 4531
f 4922 4194 4426
f 4426 4194 4425
f 4463 4518 4937
f 4937 4518 4517
f 6555 4951 6874
f 6874 4951 6878
f 4958 4957 6290
f 6290 4957 6291
f 4334 4360 4712
f 4712 4360 4950
f 4985 4354 4419
f 4419 4354 4353
f 5262 4355 5265
f 5265 4355 5263
f 6294 4958 4804
f 4804 4958 6290
f 6386 4922 6384
f 6384 4922 4426
f 4444 4447 4393
f 4393 4447 4432
f 4464 4446 4465
f 4465 4446 4445
f 4985 6555 4986
f 4986 6555 6874
f 6573 6386 6571
f 6571 6386 6384
f 4145 6294 4146
f 4146 6294 4804
f 6573 5262 6574
f 6574 5262 5265
f 4542 4541 6873
f 6873 4541 4559
f 4535 6872 4843
f 4843 6872 4844
f 4104 4103 6879
f 6879 4103 6343
f 4105 6293 6307
f 6307 6293 6876
f 4104 4956 4105
f 4105 4956 6293
f 4956 4104 4957
f 4957 4104 6879
f 4957 6879 6291
f 6291 6879 6309
f 4648 4988 4649
f 4649 4988 4953
f 4802 4803 4928
f 4928 4803 6550
f 6550 4803 6555
f 6555 4803 4951
f 1516 3173 4987
f 4987 3173 5006
f 6519 6518 6558
f 6558 6518 6510
f 6527 6519 6559
f 6559 6519 6558
f 6528 6560 6529
f 6529 6560 6541
f 6548 4625 6549
f 6549 4625 4624
f 6551 6552 4746
f 4746 6552 6505
f 6553 4711 6554
f 6554 4711 4710
f 4802 6551 4713
f 4713 6551 4746
f 6556 4973 4649
f 4649 4973 4646
f 6557 4949 6548
f 6548 4949 4625
f 4648 4647 6553
f 6553 4647 4711
f 6549 4624 4987
f 4987 4624 4838
f 6552 6518 6505
f 6505 6518 6507
f 6561 4372 6529
f 6529 4372 6514
f 6562 4369 6561
f 6561 4369 4372
f 3142 3482 6562
f 6562 3482 4369
f 6556 4952 6878
f 6878 4952 6874
f 4951 4950 6878
f 6878 4950 4974
f 3168 440 3952
f 4204 4203 5341
f 5341 4203 6364
f 4219 4222 6429
f 6429 4222 4383
f 4319 4322 6506
f 6506 4322 4747
f 4340 4714 4341
f 4341 4714 4384
f 4375 4377 6388
f 6388 4377 6546
f 4378 4381 6311
f 6311 4381 4720
f 4449 4341 4387
f 4387 4341 4384
f 4473 4472 4477
f 4477 4472 4474
f 4492 4491 4487
f 4487 4491 4488
f 4523 4491 4522
f 4522 4491 4490
f 4492 4538 4493
f 4493 4538 4555
f 4538 4553 4555
f 4555 4553 4556
f 4620 4615 4621
f 4621 4615 4618
f 4652 4651 4368
f 4368 4651 4365
f 4523 4655 4524
f 4524 4655 4656
f 4553 4667 4556
f 4556 4667 4571
f 4651 1210 4365
f 4365 1210 1209
f 4698 4697 5223
f 5223 4697 6344
f 4340 4339 4322
f 4322 4339 4747
f 4726 4729 5287
f 5287 4729 4198
f 4381 4380 4737
f 4737 4380 6368
f 4836 4835 4451
f 4451 4835 4709
f 4910 6367 4911
f 4911 6367 6366
f 4912 4915 6450
f 6450 4915 6449
f 4927 4836 4450
f 4450 4836 4451
f 4930 4929 4439
f 4439 4929 4436
f 4936 4935 4459
f 4459 4935 4456
f 4473 4655 4470
f 4470 4655 4510
f 4942 4583 4943
f 4943 4583 4572
f 4948 4601 4947
f 4947 4601 4584
f 4949 4835 4625
f 4625 4835 4626
f 4966 4969 6289
f 6289 4969 4695
f 4971 4652 4926
f 4926 4652 4368
f 4203 4977 6364
f 6364 4977 6365
f 4990 4989 4443
f 4443 4989 4440
f 4990 4991 4478
f 4478 4991 4512
f 4992 4991 4528
f 4528 4991 4515
f 4992 4993 4527
f 4527 4993 4485
f 4994 4993 4502
f 4502 4993 4503
f 4994 4995 4482
f 4482 4995 4550
f 4543 4996 4544
f 4544 4996 4995
f 4999 4998 4567
f 4567 4998 4578
f 5000 4998 4575
f 4575 4998 4997
f 5002 5001 4592
f 4592 5001 4574
f 5003 5004 4614
f 4614 5004 4611
f 3483 4215 1755
f 1755 4215 4698
f 5274 5277 4195
f 4195 5277 4223
f 4726 5295 4727
f 4727 5295 6350
f 5309 5342 5310
f 5310 5342 6363
f 5315 5314 5316
f 5316 5314 5317
f 5339 6362 5340
f 5340 6362 5363
f 5310 6363 5339
f 5339 6363 6362
f 4204 5309 4201
f 4201 5309 5308
f 4915 5345 6449
f 6449 5345 6448
f 5345 5315 6448
f 6448 5315 5316
f 5348 5347 6351
f 6351 5347 6352
f 5365 4263 5340
f 5340 4263 4262
f 6295 6298 4733
f 4733 6298 4734
f 4969 6306 4695
f 4695 6306 4696
f 6306 4378 4696
f 4696 4378 6311
f 6369 6372 6544
f 6544 6372 6545
f 4375 6390 4373
f 4373 6390 4374
f 6421 6422 4911
f 4911 6422 4908
f 4910 4909 4737
f 4737 4909 4736
f 5277 4219 4223
f 4223 4219 6429
f 4697 4222 6344
f 6344 4222 4221
f 6436 6361 6437
f 6437 6361 6360
f 6438 6440 6437
f 6437 6440 6434
f 6438 6359 6441
f 6441 6359 6358
f 6442 6441 6357
f 6357 6441 6358
f 6442 6444 6443
f 6443 6444 6445
f 6446 6444 6355
f 6355 6444 6356
f 6446 4912 6447
f 6447 4912 6450
f 6436 6435 5365
f 5365 6435 4263
f 5314 5347 5317
f 5317 5347 5346
f 4319 6512 4320
f 4320 6512 6513
f 6520 6512 6521
f 6521 6512 6508
f 6528 6520 6527
f 6527 6520 6521
f 6532 6539 6533
f 6533 6539 6535
f 6533 6535 6537
f 6537 6535 6534
f 6538 6543 6537
f 6537 6543 6536
f 6295 4377 6296
f 6296 4377 4376
f 4989 4930 4440
f 4440 4930 4439
f 4927 4929 4422
f 4422 4929 4455
f 4449 4936 4388
f 4388 4936 4459
f 4472 4935 4474
f 4474 4935 4932
f 4942 4940 4947
f 4947 4940 4939
f 5001 5000 4574
f 4574 5000 4575
f 4669 4943 4666
f 4666 4943 4667
f 4996 4999 4547
f 4547 4999 4567
f 4948 4946 4620
f 4620 4946 4615
f 5003 5002 4591
f 4591 5002 4592
f 6557 4971 6554
f 6554 4971 4926
f 6532 6560 6539
f 6539 6560 6559
f 6390 6372 4374
f 4374 6372 6371
f 4966 6298 4967
f 4967 6298 6297
f 6538 6526 6369
f 6369 6526 6370
f 6585 6589 4621
f 4621 6589 4619
f 6597 6578 6598
f 6598 6578 6577
f 6606 6583 6607
f 6607 6583 6603
f 6611 6602 6598
f 6598 6602 6596
f 6585 6584 6606
f 6606 6584 6583
f 6597 6580 5004
f 5004 6580 4611
f 6607 6603 6730
f 6730 6603 6732
f 6776 6785 6777
f 6777 6785 6784
f 6785 6776 6792
f 6792 6776 6782
f 6815 6814 6812
f 6812 6814 6813
f 6817 6814 6795
f 6795 6814 6796
f 6825 6784 6827
f 6827 6784 6783
f 6830 6815 6832
f 6832 6815 6812
f 6817 6795 6835
f 6835 6795 6837
f 6792 6782 6730
f 6730 6782 6728
f 6858 6825 6860
f 6860 6825 6827
f 6863 6830 6857
f 6857 6830 6832
f 6864 6863 6856
f 6856 6863 6857
f 6866 6858 6867
f 6867 6858 6860
f 6866 6864 6855
f 6855 6864 6856
f 6835 6837 6611
f 6611 6837 6602
f 6560 6528 6559
f 6559 6528 6527
f 4949 6557 4710
f 4710 6557 6554
f 4430 4090 4175
f 4175 4090 4089
f 4777 4113 4155
f 4155 4113 4086
f 4175 4089 4176
f 4176 4089 4142
f 4199 4271 4200
f 4200 4271 4798
f 4199 4095 4272
f 4272 4095 5273
f 4406 4405 4404
f 4404 4405 4346
f 4410 4409 6877
f 6877 4409 6876
f 4409 4413 6876
f 6876 4413 6307
f 4415 4148 4416
f 4416 4148 4147
f 4690 4405 4344
f 4344 4405 4342
f 4693 4692 4352
f 4352 4692 4349
f 4701 4700 6337
f 6337 4700 6338
f 4778 4777 4081
f 4081 4777 4155
f 4821 4406 4809
f 4809 4406 4404
f 4176 4142 4181
f 4181 4142 4415
f 4760 4970 4399
f 4399 4970 4692
f 4200 5007 4096
f 4096 5007 4078
f 5266 4693 5269
f 5269 4693 4352
f 5270 5007 5361
f 5361 5007 4797
f 4778 5270 4779
f 4779 5270 5361
f 6285 4410 6875
f 6875 4410 6877
f 6308 4413 4687
f 4687 4413 4412
f 6480 6320 6481
f 6481 6320 6880
f 4701 2878 4702
f 4702 2878 3472
f 6339 6347 6340
f 6340 6347 6348
f 6341 6342 6346
f 6346 6342 6345
f 4416 6308 4414
f 4414 6308 4687
f 6385 4690 6381
f 6381 4690 4344
f 5282 6341 5280
f 5280 6341 6339
f 4700 6342 6338
f 6338 6342 5281
f 6340 6348 4272
f 4272 6348 4270
f 6480 6479 4828
f 4828 6479 4829
f 6490 6479 6489
f 6489 6479 6478
f 4090 4430 6490
f 6490 4430 4429
f 6563 6564 4970
f 4970 6564 4815
f 4694 6566 4366
f 4366 6566 6563
f 6572 6385 6568
f 6568 6385 6381
f 4821 6285 4822
f 4822 6285 6875
f 6572 5266 6569
f 6569 5266 5269
f 3482 3103 4369
f 4369 3103 4370
f 3121 4730 3485
f 3485 4730 4327
f 6277 6280 6273
f 6273 6280 6272
f 6267 6276 6278
f 6278 6276 6279
f 6278 6279 6277
f 6277 6279 6280
f 6279 6256 6280
f 6280 6256 6255
f 6256 3857 6255
f 6255 3857 3754
f 3857 3856 3754
f 3754 3856 3755
f 3856 3703 3755
f 3755 3703 3863
f 3703 3702 3863
f 3863 3702 3759
f 3702 3706 3759
f 3759 3706 3670
f 3706 3705 3670
f 3670 3705 3668
f 3705 3773 3668
f 3668 3773 3882
f 3882 3773 3883
f 3883 3773 3707
f 3707 3708 3883
f 3883 3708 3880
f 3708 3710 3880
f 3880 3710 3881
f 3709 5241 3710
f 3710 5241 3881
f 5241 3709 5234
f 5234 3709 3786
f 3693 3712 3786
f 3786 3712 5234
f 4051 4055 4052
f 4052 4055 4056
f 4056 4055 4057
f 4057 4055 4054
f 4066 5238 5236
f 5236 5238 3989
f 4066 4069 5238
f 5238 4069 4035
f 6881 3962 3960
f 3960 3962 3957
f 6883 4070 6882
f 6882 4070 3941
f 4070 6883 4071
f 4071 6883 6884
f 4071 6884 4072
f 4072 6884 6885
f 6885 6886 4072
f 4072 6886 4031
f 3955 6881 3956
f 3956 6881 3960
f 6884 3991 6885
f 6885 3991 3990
f 6883 6887 6884
f 6884 6887 3991
f 6887 6888 3991
f 3991 6888 3992
f 6888 6887 6889
f 6889 6887 6890
f 6887 6883 6890
f 6890 6883 6882
f 4058 5240 3953
f 3953 5240 3954
f 5236 6888 5239
f 5239 6888 6889
f 5237 6886 3990
f 3990 6886 6885
f 4034 4031 5237
f 5237 4031 6886
f 6881 6882 3962
f 3962 6882 3941
f 6881 3955 6882
f 6882 3955 6890
f 3955 3954 6890
f 6890 3954 6889
f 5239 6889 5240
f 5240 6889 3954
f 6888 5236 3992
f 3992 5236 3989
f 3869 3868 3888
f 3888 3868 4015
f 3868 4012 4015
f 4015 4012 4010
f 4012 4022 4010
f 4010 4022 4009
f 4022 4021 4009
f 4009 4021 4018
f 4020 3974 4001
f 4001 3974 3996
f 4021 4020 4029
f 4029 4020 4001
f 4085 4156 4086
f 4086 4156 4155
f 4113 4777 4114
f 4114 4777 4776
f 4130 4129 4094
f 4094 4129 4091
f 4139 4773 4140
f 4140 4773 4772
f 4149 4178 4150
f 4150 4178 5225
f 4160 4159 4087
f 4087 4159 4088
f 4149 4148 4179
f 4179 4148 4141
f 4085 4084 4183
f 4183 4084 6315
f 4179 4141 4159
f 4159 4141 4088
f 4192 4130 4162
f 4162 4130 4094
f 4197 5288 4198
f 4198 5288 5287
f 4229 4766 4230
f 4230 4766 4771
f 4245 4246 4242
f 4242 4246 4249
f 4183 6315 4418
f 4418 6315 6314
f 4679 4178 4680
f 4680 4178 4177
f 4724 4798 4725
f 4725 4798 4271
f 4728 5275 4729
f 4729 5275 5274
f 4230 4771 4249
f 4249 4771 4242
f 4724 4723 4799
f 4799 4723 5355
f 4823 4824 4891
f 4891 4824 6327
f 4823 4192 4161
f 4161 4192 4162
f 4893 4767 4229
f 4229 4767 4766
f 4894 4895 4898
f 4898 4895 4899
f 4106 4150 4103
f 4103 4150 5225
f 4680 4894 4677
f 4677 4894 4898
f 6420 4977 5301
f 5301 4977 4976
f 4679 4678 5226
f 5226 4678 4427
f 5228 5008 4893
f 4893 5008 4767
f 5285 6354 5286
f 5286 6354 5343
f 5289 5352 5290
f 5290 5352 5349
f 5290 5349 5295
f 5295 5349 5348
f 5302 5299 4202
f 4202 5299 4976
f 4725 4271 5311
f 5311 4271 4270
f 5325 4723 5326
f 5326 4723 4722
f 5335 5355 5325
f 5325 5355 4723
f 5326 4722 5286
f 5286 4722 5283
f 4799 5357 4797
f 4797 5357 5361
f 5359 5356 5335
f 5335 5356 5355
f 4775 4774 5356
f 5356 4774 5357
f 5359 5358 4092
f 4092 5358 4093
f 6316 4740 6317
f 6317 4740 4739
f 6318 4827 6316
f 6316 4827 4740
f 6319 4828 6318
f 6318 4828 4827
f 6320 6480 6319
f 6319 6480 4828
f 6484 6322 6485
f 6485 6322 6321
f 6487 6324 6331
f 6331 6324 6323
f 6331 6323 6330
f 6330 6323 6325
f 6325 6326 6330
f 6330 6326 6329
f 6326 6328 6329
f 6329 6328 5231
f 4824 4685 5228
f 5228 4685 5008
f 5226 6343 5225
f 5225 6343 4103
f 4728 4727 6349
f 6349 4727 5284
f 6350 6351 5285
f 5285 6351 6354
f 4247 4246 6418
f 6418 4246 6365
f 6400 6402 6401
f 6401 6402 6459
f 4197 4196 6409
f 6409 4196 6426
f 6412 4897 6328
f 6328 4897 5231
f 6413 4133 6412
f 6412 4133 4897
f 6414 4134 6413
f 6413 4134 4133
f 6415 4225 6414
f 6414 4225 4134
f 6416 4252 6415
f 6415 4252 4225
f 6417 4253 6416
f 6416 4253 4252
f 4253 6417 6366
f 6366 6417 6419
f 6366 6419 4911
f 4911 6419 6421
f 6422 6423 4908
f 4908 6423 5298
f 5298 6423 6396
f 6396 6423 6424
f 6409 6426 6425
f 6425 6426 6397
f 5300 5299 6399
f 6399 5299 6400
f 6465 6408 6401
f 6401 6408 6398
f 6424 6399 6425
f 6425 6399 6398
f 6349 5284 5311
f 5311 5284 5283
f 6465 6464 5289
f 5289 6464 5352
f 6488 6483 6492
f 6492 6483 6482
f 6486 6491 6482
f 6482 6491 6492
f 6491 4895 6492
f 6492 4895 4157
f 6488 4160 6489
f 6489 4160 4087
f 6501 6502 4418
f 4418 6502 4417
f 6504 6500 6317
f 6317 6500 6314
f 3497 3496 6501
f 6501 3496 6502
f 3499 3498 6504
f 6504 3498 6500
f 4729 5274 4198
f 4198 5274 4195
f 6418 6365 6420
f 6420 6365 4977
f 5295 5348 6350
f 6350 5348 6351
f 5301 6422 6420
f 6420 6422 6421
f 4113 4112 4086
f 4086 4112 4083
f 6320 4112 6880
f 6880 4112 4111
f 4091 4772 4092
f 4092 4772 4775
f 4129 4140 4091
f 4091 4140 4772
f 4137 4140 4128
f 4128 4140 4129
f 4128 6324 4137
f 4137 6324 6321
f 6324 6487 6321
f 6321 6487 6485
f 6487 6486 6485
f 6485 6486 6482
f 4774 4773 4779
f 4779 4773 4776
f 4773 4139 4776
f 4776 4139 4114
f 4139 4138 4114
f 4114 4138 4111
f 4138 6322 4111
f 4111 6322 6880
f 6322 6484 6880
f 6880 6484 6481
f 6484 6483 6481
f 6481 6483 6478
f 6879 6343 6309
f 6309 6343 4428
f 4106 4105 4900
f 4900 4105 6307
f 3500 3167 6495
f 6495 3167 6496
f 3500 6495 3070
f 3070 6495 5368
f 3502 5235 3501
f 3501 5235 4813
f 3024 3503 6473
f 6473 3503 6474
f 3503 3023 6474
f 6474 3023 6374
f 3504 1770 4348
f 4348 1770 4345
f 3502 3505 5235
f 5235 3505 4810
f 3498 3497 6500
f 6500 3497 6501
f 3496 3075 6502
f 6502 3075 6275
f 6299 4254 3174
f 3174 4254 3017
f 1769 3501 4814
f 4814 3501 4813
f 3506 3018 6476
f 6476 3018 4257
f 3507 3499 6499
f 6499 3499 6504
f 3030 4216 3483
f 3483 4216 4215
f 3077 3507 6333
f 6333 3507 6499
f 1784 3160 5249
f 5249 3160 6523
f 3015 3506 4240
f 4240 3506 6476
f 3508 3504 6383
f 6383 3504 4348
f 3509 3016 6477
f 6477 3016 4239
f 3028 3509 6467
f 6467 3509 6477
f 3022 1785 5246
f 5246 1785 5247
f 3161 3508 6570
f 6570 3508 6383
f 3150 3149 4694
f 4694 3149 6566
f 1327 4807 3510
f 3510 4807 4811
f 3510 4811 3505
f 3505 4811 4810
f 3146 3511 4816
f 4816 3511 4350
f 3511 1808 4350
f 4350 1808 4351
f 3485 4327 3159
f 3159 4327 4330
f 1326 3512 4806
f 4806 3512 6310
f 3512 1331 6310
f 6310 1331 4688
