v -0.35139588 1.94703126 -0.16117492
v -0.34464502 1.93584728 -0.15126200
v -0.34591389 1.92963934 -0.16414684
v -0.35390231 1.93670559 -0.17482269
v -0.34040821 1.92304468 -0.15687369
v -0.33983600 1.92651439 -0.14539467
v -0.34964710 1.92078435 -0.17378858
v -0.35855135 1.92461264 -0.18368590
v -0.34809399 1.88396060 -0.17767090
v -0.35343108 1.87684023 -0.18473811
v -0.35566631 1.88867235 -0.18562919
v -0.35044056 1.89247823 -0.17769437
v -0.34492663 1.85747576 -0.17536318
v -0.33835322 1.85111105 -0.16500565
v -0.34360799 1.83954859 -0.16969547
v -0.35127416 1.84516764 -0.17901585
v -0.33624864 1.87221742 -0.12839204
v -0.33339643 1.86532092 -0.13269179
v -0.33421877 1.87136471 -0.13736330
v -0.33747706 1.87740266 -0.13236845
v -0.33718365 1.88370872 -0.11915589
v -0.34099036 1.88800991 -0.12227970
v -0.33970219 1.89326549 -0.11646691
v -0.33431211 1.88865411 -0.11361780
v -0.33706933 1.86724055 -0.12273076
v -0.33412313 1.85995793 -0.12760152
v -0.33831406 1.87825668 -0.12440865
v -0.33594555 1.87481415 -0.12124457
v -0.32677475 1.87222266 -0.11315192
v -0.32842666 1.87624717 -0.11594018
v -0.32405508 1.87935472 -0.11014589
v -0.32397473 1.87391162 -0.10848290
v -0.33315530 1.86852050 -0.11952478
v -0.33126894 1.87227273 -0.11928999
v -0.32939705 1.86945403 -0.11548467
v -0.33238828 1.86637712 -0.11518757
v -0.33376265 1.88058543 -0.11682767
v -0.32940754 1.88451493 -0.11157577
v -0.32541889 1.88805997 -0.10526458
v -0.31982547 1.88117790 -0.10334325
v -0.33108306 1.85000873 -0.14286700
v -0.33106312 1.85805082 -0.13783249
v -0.33168185 1.85341144 -0.13247931
v -0.33089715 1.84716487 -0.13696206
v -0.33387476 1.86216688 -0.11724802
v -0.32831976 1.84661043 -0.11806614
v -0.32894737 1.85047734 -0.11878152
v -0.32824451 1.85257566 -0.11187831
v -0.32753611 1.84894586 -0.11183975
v -0.33358645 1.83355117 -0.14879304
v -0.33195651 1.83397007 -0.14177498
v -0.33252335 1.82647133 -0.14235589
v -0.33506465 1.82446373 -0.14906114
v -0.33278185 1.82059717 -0.14002441
v -0.33659029 1.81602347 -0.14823261
v -0.33710101 1.80241358 -0.13863963
v -0.33680588 1.80836523 -0.14351535
v -0.33257055 1.81520617 -0.13577811
v -0.33077243 1.81113708 -0.12903015
v -0.32876873 1.81812942 -0.11526480
v -0.32866073 1.81780183 -0.10864676
v -0.32597136 1.80526721 -0.11211582
v -0.32778731 1.80751789 -0.12004244
v -0.33075103 1.83947265 -0.11873019
v -0.33166751 1.83872151 -0.12337257
v -0.32981309 1.84076619 -0.12290402
v -0.32883811 1.84291244 -0.11805101
v -0.33205682 1.83797073 -0.12717590
v -0.33219400 1.83752108 -0.12884328
v -0.33129728 1.83905470 -0.12837066
v -0.33150870 1.83884823 -0.12692524
v -0.33163396 1.83872390 -0.12490827
v -0.33129078 1.83696306 -0.12363601
v -0.33174700 1.83736765 -0.12612776
v -0.33006996 1.83697784 -0.11922437
v -0.32776174 1.83721972 -0.10447574
v -0.32758853 1.83712852 -0.10860637
v -0.32989964 1.84123099 -0.10825847
v -0.33021480 1.84167194 -0.10476598
v -0.33050197 1.84137511 -0.12647736
v -0.33055744 1.84267628 -0.12916425
v -0.32964045 1.84638858 -0.12486957
v -0.32990155 1.84360623 -0.12365066
v -0.33018270 1.84440112 -0.13200432
v -0.33146718 1.84009778 -0.13082612
v -0.33114266 1.84059381 -0.13399470
v -0.33205840 1.83584213 -0.12817465
v -0.33223534 1.83382916 -0.13090762
v -0.33149505 1.83663619 -0.13134795
v -0.33175749 1.83069372 -0.12858213
v -0.33155394 1.83423984 -0.12536187
v -0.33000669 1.83318615 -0.12089044
v -0.32819650 1.83259702 -0.11515314
v -0.32905251 1.82698166 -0.11797085
v -0.33042884 1.82835734 -0.12399852
v -0.33047229 1.84986639 -0.12767255
v -0.33182204 1.83541417 -0.13588279
v -0.33168107 1.84146738 -0.13990490
v -0.33184424 1.83042836 -0.13553639
v -0.33173367 1.82592642 -0.13326429
v -0.33130047 1.82234597 -0.12878086
v -0.32979944 1.81989360 -0.12213352
v -0.33349422 1.79397178 -0.11784843
v -0.33484229 1.79767036 -0.12756512
v -0.34160745 1.91882396 -0.14363898
v -0.33974108 1.91683888 -0.15223429
v -0.34177849 1.90825129 -0.15351480
v -0.34194085 1.91021192 -0.15542516
v -0.34147716 1.91287017 -0.14969605
v -0.34167778 1.91001213 -0.14904103
v -0.34804171 1.89613938 -0.17057882
v -0.34616163 1.89945412 -0.16467997
v -0.34671181 1.89529204 -0.16494653
v -0.34643230 1.88960397 -0.17114882
v -0.34175140 1.89004791 -0.15433525
v -0.34341592 1.89025605 -0.15966479
v -0.34372339 1.89775860 -0.15616913
v -0.34252408 1.89758897 -0.15225969
v -0.34225345 1.89791346 -0.14801076
v -0.34314832 1.89839578 -0.14377636
v -0.34208003 1.89301229 -0.14338931
v -0.34133056 1.89136827 -0.14859419
v -0.34355935 1.91430557 -0.14359762
v -0.34640151 1.91370010 -0.13712841
v -0.34580481 1.91066587 -0.13802776
v -0.34287325 1.91116214 -0.14336860
v -0.35260969 1.90309358 -0.12998658
v -0.35182810 1.90571332 -0.13097988
v -0.35231194 1.90745676 -0.12749533
v -0.35250613 1.90294600 -0.12653789
v -0.35066059 1.90014446 -0.12799104
v -0.35122266 1.90168452 -0.13061926
v -0.36248684 1.96757579 -0.15713966
v -0.35121590 1.95434046 -0.14660349
v -0.36376408 1.95742202 -0.17488284
v -0.36604488 1.94417930 -0.18722780
v -0.36951488 1.92859507 -0.19539693
v -0.33762199 1.83556128 -0.15870032
v -0.34071350 1.82532680 -0.16094218
v -0.34933570 1.82878888 -0.17383459
v -0.35233545 1.81759870 -0.17257452
v -0.34267616 1.81437254 -0.15951285
v -0.34730324 1.79646814 -0.14667553
v -0.34464961 1.80421948 -0.15476365
v -0.35738301 1.80675268 -0.16912022
v -0.37026739 1.81489122 -0.18334104
v -0.36307302 1.82359886 -0.18374705
v -0.38239738 1.82626498 -0.19444445
v -0.38115281 1.80458224 -0.18380691
v -0.39055908 1.82308292 -0.19584742
v -0.37660021 1.76965117 -0.16637215
v -0.37604740 1.75688410 -0.16885224
v -0.38441196 1.76080835 -0.18480772
v -0.38386807 1.77311051 -0.18301649
v -0.35717654 1.83340609 -0.18258999
v -0.36231846 1.89618587 -0.19239968
v -0.35491759 1.89935064 -0.18381909
v -0.36223271 1.88314342 -0.19381492
v -0.39289945 1.94816113 -0.21271440
v -0.37981212 1.94864547 -0.19872716
v -0.37862021 1.93161154 -0.20628078
v -0.39188981 1.93385243 -0.21748731
v -0.40609553 1.98462129 -0.18862718
v -0.38254708 1.97856152 -0.17385100
v -0.38163593 1.96609521 -0.18599781
v -0.39890656 1.97016931 -0.20084193
v -0.40260431 1.93144584 -0.22461528
v -0.41872767 1.92706704 -0.23329484
v -0.43137553 1.94068027 -0.23305255
v -0.41239142 1.94785643 -0.22291496
v -0.44706494 1.95889878 -0.22883528
v -0.42418784 1.96704113 -0.21602088
v -0.39771646 1.80750167 -0.19709948
v -0.40141234 1.82390690 -0.20264678
v -0.38258809 1.78822839 -0.18047531
v -0.39451396 1.79134893 -0.19431083
v -0.46178186 1.97280860 -0.21808574
v -0.43495527 1.98337507 -0.20319234
v -0.46116802 1.89372516 -0.24105135
v -0.45749593 1.91275859 -0.24224107
v -0.43735602 1.90408802 -0.23858140
v -0.44342539 1.88782096 -0.23809212
v -0.48189244 1.89889848 -0.23869975
v -0.47822621 1.92161691 -0.23896807
v -0.45378932 1.84105229 -0.22161233
v -0.44660988 1.82718468 -0.21040358
v -0.46138728 1.82601905 -0.20906314
v -0.47020367 1.83948922 -0.22019288
v -0.34263170 1.91732967 -0.16603944
v -0.33984697 1.91292024 -0.15952712
v -0.34255254 1.90825629 -0.16511880
v -0.34617379 1.91007543 -0.17187582
v -0.35256994 1.91056263 -0.17984787
v -0.36148563 1.91112208 -0.18958184
v -0.38002753 1.91611362 -0.20869294
v -0.39197364 1.92006803 -0.21941051
v -0.41286260 1.91465569 -0.23133117
v -0.40049487 1.91836429 -0.22501202
v -0.42622688 1.89374769 -0.23591512
v -0.43028167 1.88340211 -0.23535299
v -0.41560745 1.83033454 -0.21065013
v -0.41208622 1.80955124 -0.20381658
v -0.42844731 1.81136811 -0.20374417
v -0.43397278 1.82931173 -0.21115181
v -0.45526886 1.80952048 -0.19945887
v -0.44167513 1.81052148 -0.20216529
v -0.40924177 1.77726293 -0.19908080
v -0.40951592 1.76314592 -0.20107959
v -0.42525104 1.76486492 -0.20333123
v -0.42461035 1.77740467 -0.19968346
v -0.43911910 1.76332974 -0.20175608
v -0.45137340 1.76273084 -0.19607267
v -0.45038712 1.77618527 -0.19483206
v -0.43894327 1.77757037 -0.19815876
v -0.37053099 1.75188208 -0.14001688
v -0.37203521 1.74118006 -0.14230803
v -0.37296492 1.74324477 -0.15647407
v -0.37256974 1.75401819 -0.15305464
v -0.41114452 1.75217557 -0.20567895
v -0.42679107 1.75565517 -0.20885567
v -0.43738684 1.84424233 -0.22108857
v -0.42531124 1.84603310 -0.21925069
v -0.44119352 1.75364888 -0.20720071
v -0.43862292 1.79260480 -0.19797070
v -0.42526639 1.79211247 -0.20014772
v -0.46693832 1.80956745 -0.19491042
v -0.47502995 1.82552981 -0.20243475
v -0.34015846 1.88270092 -0.12764391
v -0.34641394 1.89644957 -0.13451076
v -0.34695947 1.90013146 -0.13568765
v -0.34936133 1.90093184 -0.13262077
v -0.34882587 1.89808273 -0.13090575
v -0.34780002 1.93963516 -0.12487064
v -0.34494513 1.92330849 -0.12079521
v -0.34107894 1.92706180 -0.13381271
v -0.34470579 1.93923283 -0.13766083
v -0.33439124 1.86550319 -0.15831122
v -0.33416599 1.87283909 -0.14797050
v -0.33185065 1.86443591 -0.14330713
v -0.33175442 1.85590458 -0.14977154
v -0.34536302 1.90150857 -0.16108511
v -0.34485510 1.90346098 -0.16282509
v -0.34393853 1.90380728 -0.15945922
v -0.33204365 1.84245872 -0.14602827
v -0.33431250 1.84577250 -0.15487681
v -0.36113128 1.86901116 -0.19138949
v -0.34944087 1.90185666 -0.17559266
v -0.41453034 1.99705780 -0.16894923
v -0.38637230 1.98878086 -0.15410708
v -0.47467589 1.98381186 -0.20248449
v -0.44583088 1.99519920 -0.18644804
v -0.49824560 1.92854452 -0.23419324
v -0.50492030 1.90339494 -0.23171265
v -0.51801693 1.90546083 -0.21944773
v -0.51400203 1.93580842 -0.21785869
v -0.48465329 1.83821046 -0.21281289
v -0.46032974 1.76103544 -0.18907437
v -0.46169373 1.77640212 -0.18873462
v -0.36553162 1.97297788 -0.14226907
v -0.35296750 1.95682096 -0.13171767
v -0.37194064 1.91310430 -0.19978319
v -0.34381881 1.87540150 -0.17486753
v -0.34279072 1.88374913 -0.16953415
v -0.33944139 1.88062739 -0.16527745
v -0.33993101 1.86962557 -0.17022631
v -0.34875047 1.86505222 -0.18052901
v -0.35800663 1.85490191 -0.18593378
v -0.36873555 1.84464478 -0.19319497
v -0.37545475 1.83264089 -0.19372453
v -0.43216640 1.91868329 -0.23828854
v -0.44998819 1.92928994 -0.24013804
v -0.46707022 1.94199908 -0.23640957
v -0.48399100 1.95283818 -0.22769138
v -0.42448077 1.90919101 -0.23577115
v -0.49793011 1.96204948 -0.21193177
v -0.33028895 1.85705280 -0.11219069
v -0.33150691 1.85570765 -0.12056722
v -0.33194697 1.86135149 -0.11115620
v -0.32737160 1.83216929 -0.10963906
v -0.32769179 1.83206117 -0.10506269
v -0.32945710 1.82587504 -0.10665076
v -0.32875741 1.82623589 -0.11193998
v -0.34712800 1.78781021 -0.12488228
v -0.34760162 1.79120064 -0.13576278
v -0.36830187 1.76217985 -0.13790187
v -0.37146553 1.76514912 -0.15040317
v -0.32940900 1.87077665 -0.11001370
v -0.32980207 1.87117767 -0.10837051
v -0.33187884 1.86968958 -0.10902422
v -0.33128011 1.86958623 -0.11107247
v -0.33084530 1.83981335 -0.12508529
v -0.32762855 1.84946334 -0.10646206
v -0.32838857 1.84944522 -0.10336068
v -0.32899898 1.84558809 -0.10387235
v -0.32832375 1.84553862 -0.10711712
v -0.36469981 1.79440832 -0.16139303
v -0.37400210 1.78289270 -0.16354635
v -0.39389089 1.76081038 -0.19408295
v -0.39420617 1.77512014 -0.19354768
v -0.41044623 1.79260087 -0.19914949
v -0.45234039 1.79282534 -0.19655924
v -0.46318835 1.79058647 -0.19250771
v -0.47946823 1.79389274 -0.17325369
v -0.48603493 1.81026268 -0.17611353
v -0.47795212 1.80840230 -0.18675859
v -0.47332549 1.79203820 -0.18281507
v -0.36012042 1.78447151 -0.14398202
v -0.35811791 1.78107691 -0.13185003
v -0.36454543 1.77303600 -0.13589258
v -0.36806887 1.77656806 -0.14795327
v -0.33005702 1.86797547 -0.10440978
v -0.32914853 1.86739397 -0.10233945
v -0.33127058 1.86479878 -0.10379703
v -0.33134094 1.86661255 -0.10601179
v -0.33240736 1.86736393 -0.11251893
v -0.33296588 1.86634994 -0.11022460
v -0.33278209 1.86443114 -0.11047769
v -0.32814327 1.87068880 -0.11102650
v -0.33042294 1.86896753 -0.11259574
v -0.32586706 1.87221932 -0.10467315
v -0.32623905 1.87169480 -0.10803115
v -0.32143980 1.87305439 -0.10267617
v -0.33093640 1.86869419 -0.10660356
v -0.33201879 1.86725748 -0.10778592
v -0.33255810 1.86838818 -0.11134651
v -0.33287936 1.86799860 -0.10972258
v -0.32772923 1.87194347 -0.10593633
v -0.32810259 1.87160039 -0.10820910
v -0.33162791 1.89327252 -0.10773221
v -0.33218908 1.89487922 -0.10131413
v -0.32614645 1.88930523 -0.09832478
v -0.32076022 1.88203192 -0.09552931
v -0.32149410 1.87346125 -0.09574045
v -0.36486223 1.77059984 -0.12672070
v -0.36832494 1.76056325 -0.12842622
v -0.36028576 1.95657897 -0.11680847
v -0.35283792 1.93866932 -0.11282083
v -0.33197224 1.83841431 -0.12637979
v -0.34457567 1.91803288 -0.13557824
v -0.33704776 1.87994969 -0.15722612
v -0.33979797 1.88306022 -0.13529789
v -0.33680147 1.87841260 -0.14089587
v -0.33968383 1.88588679 -0.14249125
v -0.34210068 1.88900304 -0.13715315
v -0.34780112 1.91548622 -0.12682609
v -0.34669018 1.91283023 -0.11637758
v -0.35028398 1.90980601 -0.12237501
v -0.35002574 1.90326571 -0.12107880
v -0.34410408 1.90409994 -0.11491079
v -0.34477150 1.89651930 -0.11981341
v -0.34919506 1.89804256 -0.12377588
v -0.34262744 1.90617192 -0.15671873
v -0.34286225 1.90717447 -0.15961012
v -0.34453413 1.89145792 -0.12514919
v -0.34279200 1.88717675 -0.13022709
v -0.34503761 1.89170301 -0.13246708
v -0.34757161 1.89444971 -0.12796992
v -0.33798918 1.88236046 -0.14912222
v -0.34598571 1.90272522 -0.16842943
v -0.34521332 1.89215195 -0.16325064
v -0.41675478 1.85293353 -0.21878341
v -0.41088653 1.84226966 -0.21262348
v -0.38923031 1.83387470 -0.20749280
v -0.38750064 1.83137429 -0.20396814
v -0.39437136 1.83441377 -0.20154917
v -0.39457190 1.83574474 -0.20787205
v -0.40664124 1.88486409 -0.22776288
v -0.41182980 1.89177847 -0.23032427
v -0.40516749 1.89374924 -0.22751735
v -0.40476295 1.88609409 -0.22647779
v -0.40007484 1.88978028 -0.22397493
v -0.39768830 1.89314699 -0.22352012
v -0.39627275 1.88529706 -0.22102089
v -0.39922526 1.88489926 -0.22292572
v -0.39823037 1.90524399 -0.22467682
v -0.38995114 1.90444887 -0.21838735
v -0.39167985 1.89171100 -0.21838982
v -0.37406802 1.89305997 -0.20219074
v -0.38216609 1.88036478 -0.20746058
v -0.38638967 1.88755107 -0.21272141
v -0.38284576 1.90048552 -0.20991933
v -0.38528332 1.83798218 -0.20196101
v -0.38288048 1.84666491 -0.20061548
v -0.40212014 1.83663821 -0.20564328
v -0.52986604 1.91392469 -0.20150626
v -0.52277702 1.94075739 -0.19612214
v -0.46150693 1.87394071 -0.23767123
v -0.48041102 1.87733555 -0.23426822
v -0.44447157 1.87246871 -0.23544061
v -0.43085968 1.87138438 -0.23279452
v -0.49912226 1.88063395 -0.22759604
v -0.51574481 1.88066328 -0.21352746
v -0.37135637 1.87633610 -0.20071693
v -0.38146836 1.86994934 -0.20422745
v -0.45889017 1.85650575 -0.23164691
v -0.47670808 1.85649681 -0.22897954
v -0.44279206 1.85733795 -0.22994709
v -0.42946321 1.85925078 -0.22721787
v -0.49442685 1.85877609 -0.22113770
v -0.49767843 1.83921278 -0.20071180
v -0.50809407 1.85795605 -0.20884150
v -0.39200416 1.84578681 -0.20923494
v -0.38844582 1.84603572 -0.20544600
v -0.38887888 1.83901405 -0.20531994
v -0.38925132 1.83997583 -0.20958853
v -0.37103575 1.86187410 -0.19761559
v -0.38201654 1.85808587 -0.20273069
v -0.33714634 1.89850354 -0.11090575
v -0.34349072 1.90677786 -0.10691489
v -0.33779445 1.90068960 -0.10407099
v -0.34769544 1.91399133 -0.10932818
v -0.45337886 1.99814868 -0.16480066
v -0.42317307 2.00009108 -0.14905432
v -0.50634891 1.96790552 -0.19035962
v -0.48244947 1.98800492 -0.17990233
v -0.32931006 1.81796706 -0.10346571
v -0.32667288 1.80450726 -0.10468689
v -0.33007181 1.85753036 -0.10665913
v -0.33058766 1.85698080 -0.10361594
v -0.32916063 1.85310864 -0.10342707
v -0.32852009 1.85348415 -0.10654246
v -0.34978041 1.91129673 -0.13131797
v -0.48611829 1.82666624 -0.19208491
v -0.46974999 1.77655780 -0.17976174
v -0.46849021 1.76138806 -0.17924488
v -0.45379984 1.75164652 -0.20198484
v -0.46405923 1.74961662 -0.19294539
v -0.33165365 1.86089611 -0.10374691
v -0.33142263 1.86133671 -0.10660206
v -0.32934228 1.87101877 -0.10581833
v -0.32814422 1.84477878 -0.11212876
v -0.33205736 1.86419284 -0.10683966
v -0.33218265 1.86614227 -0.10786146
v -0.33158645 1.86428034 -0.10169564
v -0.33208010 1.86053014 -0.10219409
v -0.34398031 1.89473534 -0.13869348
v -0.34479812 1.89931130 -0.13949631
v -0.32568729 1.86968958 -0.10161297
v -0.32787424 1.87025690 -0.10347806
v -0.32668844 1.86910522 -0.09827637
v -0.37653199 1.74515486 -0.17232095
v -0.38501593 1.74803519 -0.18722619
v -0.32916355 1.84934962 -0.10139066
v -0.32962945 1.84534025 -0.10173637
v -0.39428625 1.99116850 -0.13353179
v -0.50766188 1.83597040 -0.18314570
v -0.51886511 1.85424232 -0.19138730
v -0.38768843 1.87204814 -0.21096830
v -0.39093086 1.86671448 -0.21393497
v -0.39325514 1.87338626 -0.21691680
v -0.38977408 1.87829292 -0.21451052
v -0.37075162 1.75034416 -0.12992683
v -0.39669985 1.74955678 -0.19856051
v -0.47268188 1.74836147 -0.18251002
v -0.34558678 1.89969766 -0.16083816
v -0.34502602 1.89846504 -0.15906952
v -0.34913418 1.90854764 -0.13380714
v -0.53013480 1.87831438 -0.19971226
v -0.32826805 1.83692646 -0.11374908
v -0.32990897 1.84074819 -0.11293878
v -0.47588995 1.77844536 -0.17013085
v -0.35885093 1.77839744 -0.12303669
v -0.32906058 1.86699116 -0.10063301
v -0.49416378 1.82481825 -0.17999876
v -0.40052551 1.87783694 -0.22284943
v -0.39683327 1.87670910 -0.22279097
v -0.39673039 1.87344134 -0.22189428
v -0.39828426 1.87380278 -0.22131673
v -0.39264187 1.88058829 -0.22233212
v -0.39368317 1.87683558 -0.22346616
v -0.39429900 1.87951934 -0.22563763
v -0.39394274 1.88340807 -0.22482425
v -0.39249581 1.88288939 -0.21809816
v -0.39208561 1.87717474 -0.21963371
v -0.39552662 1.88119233 -0.22756737
v -0.39445651 1.88422346 -0.22761469
v -0.39696401 1.88574743 -0.22619347
v -0.40199432 1.88563907 -0.22506422
v -0.39615542 1.88483179 -0.23122028
v -0.39999002 1.88663948 -0.22934893
v -0.39924940 1.88343322 -0.23529780
v -0.40383038 1.88564658 -0.23260950
v -0.40308526 1.87958479 -0.23837532
v -0.40822083 1.88130772 -0.23473200
v -0.38775912 1.85383213 -0.20718192
v -0.39315745 1.85191023 -0.21088299
v -0.40522885 1.87399685 -0.23976201
v -0.40968844 1.87484813 -0.23460267
v -0.40673456 1.86723161 -0.23935677
v -0.40986511 1.86822343 -0.23412195
v -0.40665296 1.86091065 -0.23686154
v -0.40962514 1.86172605 -0.23360476
v -0.40506935 1.85382295 -0.23423705
v -0.40777487 1.85299754 -0.23083086
v -0.40281713 1.84734416 -0.22971360
v -0.40565223 1.84409809 -0.22626141
v -0.40190724 1.88105893 -0.23256351
v -0.40410727 1.87741125 -0.23481013
v -0.40890718 1.88105798 -0.22582155
v -0.39858124 1.88264775 -0.22969338
v -0.40191546 1.86758447 -0.22311042
v -0.40472889 1.87089562 -0.22207093
v -0.40439895 1.86956632 -0.22169948
v -0.40609533 1.86759996 -0.22238992
v -0.39130396 1.85952318 -0.21221054
v -0.39399391 1.85851061 -0.21424331
v -0.39368689 1.86394727 -0.21538255
v -0.39497963 1.85427392 -0.21300817
v -0.39642298 1.85555792 -0.21276453
v -0.39649111 1.85930204 -0.21265464
v -0.39704487 1.86389542 -0.21333298
v -0.39805689 1.85358548 -0.21410365
v -0.39690664 1.85176075 -0.21484771
v -0.39888424 1.85509837 -0.21347673
v -0.39807415 1.85613990 -0.21267432
v -0.39949903 1.85853362 -0.21253364
v -0.40127051 1.86156654 -0.21507742
v -0.38695315 1.86328363 -0.20915018
v -0.40970856 1.85661626 -0.21976221
v -0.40632001 1.84817266 -0.21529196
v -0.39924997 1.84267449 -0.22422713
v -0.40040797 1.83610260 -0.22174877
v -0.38921785 1.83499682 -0.21381633
v -0.39315957 1.83120060 -0.21813332
v -0.41116416 1.87596309 -0.22450419
v -0.41226187 1.86975181 -0.22472619
v -0.40011388 1.84153414 -0.21107614
v -0.41195020 1.86331069 -0.22412749
v -0.40313524 1.85103106 -0.22806598
v -0.40095806 1.84840059 -0.22337775
v -0.40499914 1.85548890 -0.23194641
v -0.39508739 1.84855151 -0.21496758
v -0.39312902 1.84226334 -0.21452676
v -0.39530632 1.84121919 -0.21973249
v -0.39820987 1.84762168 -0.21895206
v -0.40220472 1.85399175 -0.22635771
v -0.40146366 1.85209274 -0.22205392
v -0.40333784 1.85684729 -0.22404629
v -0.40253770 1.85555995 -0.22007780
v -0.40052825 1.85391235 -0.21648133
v -0.39950100 1.85137963 -0.21790226
v -0.40456301 1.85850132 -0.21733066
v -0.40439281 1.86092818 -0.22149852
v -0.40132684 1.85620558 -0.21462122
v -0.40309867 1.85957849 -0.22688982
v -0.40319330 1.86331677 -0.22942206
v -0.40129033 1.86611259 -0.22649711
v -0.40330619 1.86333466 -0.22433409
v -0.40669754 1.86125207 -0.23415178
v -0.40422904 1.86172223 -0.23244058
v -0.40335435 1.85743356 -0.22972459
v -0.40493837 1.86701560 -0.23413141
v -0.40725553 1.86741543 -0.23543154
v -0.40385768 1.86732078 -0.23139091
v -0.40254202 1.86860371 -0.22923927
v -0.40311736 1.87588334 -0.23322067
v -0.40444520 1.87194717 -0.23424925
v -0.40603140 1.87315464 -0.23604770
v -0.40299091 1.87103820 -0.23201273
v -0.40250567 1.87414694 -0.23102812
v -0.40254265 1.87265539 -0.22930072
v -0.40304598 1.87087286 -0.23035140
v -0.39775595 1.88057160 -0.22653827
v -0.39683163 1.87936711 -0.22452384
v -0.39961645 1.88029826 -0.22861704
v -0.40079686 1.88161159 -0.22680071
v -0.40056619 1.87833381 -0.22727203
v -0.40114942 1.88085401 -0.22516292
v -0.40055993 1.87656701 -0.22581634
v -0.40018007 1.87365222 -0.22339022
v -0.37296006 1.71866131 -0.14746463
v -0.37293869 1.72991729 -0.14522614
v -0.37465784 1.72731078 -0.13321650
v -0.37605131 1.71622097 -0.13495839
v -0.40132284 1.87452197 -0.22769901
v -0.40171936 1.87646079 -0.22932498
v -0.40199801 1.87889993 -0.23108247
v -0.40091360 1.86987472 -0.22475146
v -0.40096134 1.86897957 -0.22637840
v -0.40158510 1.87066841 -0.22775629
v -0.40089819 1.87210155 -0.22579388
v -0.39461380 1.86806703 -0.21665396
v -0.39802530 1.86588550 -0.21677871
v -0.40168414 1.86339414 -0.21870044
v -0.37076467 1.70594108 -0.18814467
v -0.37546480 1.71321857 -0.20822379
v -0.38145936 1.72066402 -0.20303659
v -0.37646005 1.71472287 -0.18449584
v -0.34795111 1.68693125 -0.18716581
v -0.33620989 1.67052078 -0.18200977
v -0.33469361 1.67460072 -0.20385668
v -0.35220933 1.69272351 -0.21788128
v -0.32289383 1.65639782 -0.19483054
v -0.32595664 1.65226328 -0.17661980
v -0.29191023 1.60390735 -0.17623666
v -0.30258879 1.62051845 -0.18171129
v -0.30622214 1.61859226 -0.16546185
v -0.29573190 1.60212529 -0.15995170
v -0.25114530 1.52318394 -0.18767583
v -0.25206286 1.52470529 -0.17473643
v -0.25653100 1.50763464 -0.16863549
v -0.25645390 1.50334597 -0.18321231
v -0.29589689 1.62842190 -0.24711119
v -0.29364303 1.61836684 -0.25475615
v -0.29596227 1.63342404 -0.26065919
v -0.30033165 1.64363992 -0.25350213
v -0.38815549 1.71898150 -0.25835827
v -0.39551076 1.72353959 -0.24982962
v -0.37926373 1.71262240 -0.23388392
v -0.37001061 1.70796573 -0.24174756
v -0.27734601 1.54011929 -0.24458474
v -0.27139473 1.55043626 -0.23495816
v -0.26611233 1.53726304 -0.23009147
v -0.27127847 1.52658534 -0.23817582
v -0.28576708 1.43808126 -0.21837671
v -0.27929309 1.43684268 -0.19781022
v -0.27852452 1.41389298 -0.19440643
v -0.28548563 1.41527462 -0.21568117
v -0.32882479 1.46302748 -0.28117210
v -0.33002192 1.44340229 -0.27703434
v -0.35384846 1.44464660 -0.28791857
v -0.35308039 1.46255171 -0.29202461
v -0.28772911 1.60529208 -0.20440453
v -0.29736054 1.62183082 -0.21077529
v -0.29965383 1.62143600 -0.19699544
v -0.28924763 1.60490799 -0.19128814
v -0.20636642 1.54869008 -0.34187651
v -0.22301672 1.56592977 -0.33228108
v -0.22772101 1.55274463 -0.32241964
v -0.21125346 1.53574383 -0.33272403
v -0.31891677 1.35070443 -0.26219141
v -0.31516540 1.33483696 -0.26247489
v -0.33827728 1.33979702 -0.27671385
v -0.34113178 1.35576141 -0.27459365
v -0.28625786 1.65514672 -0.30939966
v -0.29403651 1.66439664 -0.32920578
v -0.30337599 1.67615831 -0.32402939
v -0.29247537 1.66604948 -0.30457443
v -0.28939801 1.59377730 -0.24585743
v -0.29237872 1.60561478 -0.24975473
v -0.29188129 1.61495650 -0.24129236
v -0.28793412 1.60110533 -0.23679528
v -0.35391173 1.49629736 -0.30178553
v -0.35477042 1.51456082 -0.30541360
v -0.33719262 1.51603913 -0.29656753
v -0.33354133 1.49757159 -0.29297343
v -0.33072329 1.47997677 -0.28736341
v -0.35349259 1.47914577 -0.29627863
v -0.28695524 1.60308731 -0.22718412
v -0.29386508 1.62050295 -0.23267139
v -0.29558504 1.62125945 -0.22257462
v -0.28723824 1.60437977 -0.21645720
v -0.26539469 1.49218953 -0.16255827
v -0.26567143 1.48727071 -0.18035026
v -0.29599258 1.32843661 -0.24271154
v -0.29990911 1.34458256 -0.24372391
v -0.28719130 1.33855391 -0.22150396
v -0.28426629 1.32171047 -0.21916369
v -0.27809060 1.45813203 -0.18017840
v -0.28001493 1.45814133 -0.19934890
v -0.27469617 1.47338057 -0.19750693
v -0.27391246 1.47402024 -0.17965885
v -0.27822256 1.31695318 -0.19416887
v -0.28050357 1.33323312 -0.19761226
v -0.27726132 1.32978642 -0.17389968
v -0.27499169 1.31184447 -0.17027293
v -0.31284186 1.63799632 -0.18788412
v -0.31621131 1.63502240 -0.17110078
v -0.25586605 1.52427828 -0.21098875
v -0.25243312 1.52318668 -0.20026839
v -0.25740117 1.50286376 -0.19735935
v -0.25981551 1.50486457 -0.20998578
v -0.30763358 1.58975518 -0.27018714
v -0.30944285 1.59863842 -0.27503347
v -0.29650646 1.61687517 -0.26940477
v -0.29652870 1.60480630 -0.26292571
v -0.33537230 1.32396352 -0.27858454
v -0.31219757 1.31910336 -0.26289874
v -0.27800870 1.30024028 -0.19302714
v -0.27441153 1.29473901 -0.16919899
v -0.34574664 1.57412040 -0.31187683
v -0.33737552 1.57989597 -0.30563122
v -0.34103101 1.57666957 -0.30426243
v -0.34833571 1.57201529 -0.31149715
v -0.26605809 1.52640271 -0.13681315
v -0.26514596 1.50479412 -0.14614551
v -0.25719926 1.51853585 -0.15642187
v -0.26004207 1.53604114 -0.15021917
v -0.26906142 1.48819542 -0.21071389
v -0.26698723 1.48668671 -0.19638456
v -0.27703792 1.47492325 -0.21369100
v -0.27596176 1.51533175 -0.12418313
v -0.27763247 1.48863208 -0.13622808
v -0.31960538 1.63236499 -0.15288047
v -0.31054321 1.61590183 -0.14821599
v -0.32837218 1.64881063 -0.15779856
v -0.33804125 1.66602468 -0.16108589
v -0.34073377 1.66151333 -0.14295390
v -0.33186820 1.64499259 -0.13926154
v -0.34828529 1.68161500 -0.16447729
v -0.35025275 1.67720306 -0.14529289
v -0.36832583 1.70154607 -0.16724904
v -0.37302071 1.71109104 -0.16577172
v -0.29613787 1.59352148 -0.25833023
v -0.29346949 1.58241272 -0.25534576
v -0.28361616 1.30586743 -0.21798888
v -0.45657641 1.64442241 -0.30718744
v -0.43817398 1.64655864 -0.31763190
v -0.44476363 1.63026607 -0.31570759
v -0.46295887 1.62706816 -0.30584636
v -0.35987991 1.70651793 -0.25243253
v -0.38051707 1.71707344 -0.26733753
v -0.38921255 1.57522464 -0.33201748
v -0.38666224 1.56939924 -0.32966921
v -0.39606124 1.56894922 -0.32745826
v -0.39939559 1.57545459 -0.32936805
v -0.35907346 1.56658185 -0.32482892
v -0.36311346 1.56590104 -0.33015874
v -0.35482973 1.55883825 -0.33395559
v -0.35116914 1.55874050 -0.32919335
v -0.36260241 1.34421360 -0.28274146
v -0.36588752 1.36016369 -0.27987385
v -0.42078137 1.47665107 -0.29662228
v -0.41577756 1.49484408 -0.30386251
v -0.39632976 1.48673713 -0.30478761
v -0.39947572 1.46893871 -0.29895669
v -0.50822628 1.62016261 -0.20744026
v -0.50398248 1.62411702 -0.22870010
v -0.50531965 1.60902655 -0.22847635
v -0.50904560 1.60614359 -0.20789763
v -0.48493230 1.65109706 -0.27626184
v -0.49647185 1.64517760 -0.25261986
v -0.49327740 1.65924323 -0.25255027
v -0.47989851 1.66632652 -0.27562439
v -0.47459161 1.64016509 -0.29361692
v -0.47957075 1.62266338 -0.29145247
v -0.37370569 1.49920177 -0.30694503
v -0.37231350 1.51607764 -0.31169900
v -0.37001207 1.53924155 -0.31761456
v -0.36811066 1.54915106 -0.31796759
v -0.35616007 1.54969847 -0.31093132
v -0.35666525 1.54006243 -0.31038174
v -0.40244797 1.72941411 -0.24022639
v -0.41564366 1.72959185 -0.26083887
v -0.42387411 1.73443174 -0.24912201
v -0.47641006 1.70553255 -0.23315412
v -0.46795371 1.71062064 -0.24149257
v -0.46967655 1.70473075 -0.24901071
v -0.48011246 1.69899786 -0.23635001
v -0.50194132 1.54036093 -0.23485035
v -0.49680817 1.51811600 -0.23539297
v -0.50471187 1.51888490 -0.21352825
v -0.50887400 1.54030132 -0.21394539
v -0.37475905 1.55698729 -0.32203761
v -0.38330433 1.55941319 -0.32432306
v -0.37727135 1.56286776 -0.32412261
v -0.36973408 1.56110656 -0.32108045
v -0.38934898 1.55317664 -0.32406574
v -0.37899840 1.55029440 -0.32207173
v -0.38228968 1.54115129 -0.32149553
v -0.39381185 1.54488778 -0.32335269
v -0.41011992 1.51070082 -0.31009555
v -0.40432724 1.52412379 -0.31714222
v -0.38867807 1.51951778 -0.31510499
v -0.39221770 1.50422907 -0.31005293
v -0.48883325 1.45129824 -0.20428151
v -0.49477154 1.47280860 -0.20751283
v -0.48764899 1.47119856 -0.22777194
v -0.48316294 1.44875872 -0.22431579
v -0.31764072 1.58813846 -0.29907051
v -0.30964085 1.57826030 -0.30174673
v -0.29978591 1.58764613 -0.29368004
v -0.30632851 1.59540784 -0.29166669
v -0.35299614 1.56419110 -0.35085171
v -0.35291582 1.56918752 -0.35465744
v -0.34402204 1.56471598 -0.36010066
v -0.34495357 1.55995655 -0.35662407
v -0.30514643 1.55222142 -0.31193694
v -0.29166651 1.53400993 -0.31659219
v -0.28404847 1.54612565 -0.30896199
v -0.29821089 1.56346142 -0.30444142
v -0.39541680 1.71612513 -0.29102334
v -0.40214795 1.72133577 -0.28229183
v -0.37247980 1.71564114 -0.27618027
v -0.33070299 1.55300975 -0.32031974
v -0.33735108 1.54901481 -0.32701293
v -0.32737908 1.53395259 -0.33304656
v -0.32023919 1.53658295 -0.32527047
v -0.20613791 1.55893278 -0.35628778
v -0.22299498 1.57556689 -0.34750038
v -0.28490433 1.50862789 -0.33156532
v -0.29974294 1.52442455 -0.32369435
v -0.30770034 1.51887071 -0.33205724
v -0.29178017 1.50406885 -0.34228370
v -0.40180603 1.45168722 -0.29335943
v -0.42363775 1.45867848 -0.28928316
v -0.40942502 1.35004115 -0.27621323
v -0.41257674 1.36823714 -0.27288270
v -0.39036584 1.36444831 -0.27855334
v -0.38691330 1.34747791 -0.28234431
v -0.36041948 1.32730246 -0.28551674
v -0.40735772 1.33092606 -0.27927935
v -0.38481650 1.32974827 -0.28543246
v -0.42877164 1.74271393 -0.22667465
v -0.42752296 1.73861241 -0.23751715
v -0.44775108 1.73444343 -0.23459096
v -0.44679561 1.74072623 -0.22460413
v -0.35104316 1.21379292 -0.30508417
v -0.32353860 1.21186757 -0.29428673
v -0.32240921 1.18080950 -0.29515994
v -0.35270059 1.18207622 -0.30622435
v -0.47787911 1.72161746 -0.21115446
v -0.47376829 1.73146510 -0.20471710
v -0.46155253 1.73625624 -0.21554708
v -0.46365342 1.72741914 -0.22430611
v -0.35065752 1.24204957 -0.30312306
v -0.32422504 1.23763800 -0.29209381
v -0.41040266 1.73832273 -0.22080575
v -0.40715224 1.73450422 -0.23016463
v -0.39578983 1.73250842 -0.21110220
v -0.39232543 1.72676146 -0.21878298
v -0.38492221 1.72836161 -0.19724494
v -0.29940337 1.20451915 -0.27863121
v -0.29691911 1.17574453 -0.28159112
v -0.44425458 1.74677968 -0.21520358
v -0.45803708 1.74310279 -0.20819357
v -0.46901554 1.73980474 -0.19868629
v -0.47787914 1.73812735 -0.18642105
v -0.48556495 1.73741972 -0.17278984
v -0.47941828 1.74763191 -0.17069444
v -0.33215091 1.30796099 -0.27976799
v -0.35816741 1.31058776 -0.28860706
v -0.42938340 1.07187498 -0.29155487
v -0.41509739 1.05131829 -0.28638500
v -0.43934256 1.05052793 -0.26594219
v -0.45203534 1.07013726 -0.27430794
v -0.49002936 1.08124101 -0.21974008
v -0.47117782 1.07263577 -0.24995089
v -0.45846859 1.05657661 -0.23892570
v -0.47508037 1.06576014 -0.20678504
v -0.51376891 1.21251130 -0.23879141
v -0.50739968 1.23415935 -0.23541161
v -0.49206692 1.23435318 -0.25919762
v -0.49837893 1.21246481 -0.26319891
v -0.38354415 1.31210554 -0.28930178
v -0.40671584 1.31272876 -0.28427166
v -0.30965462 1.30336714 -0.26303551
v -0.27166855 1.04657745 -0.26906121
v -0.27340144 1.01397729 -0.26808181
v -0.30601421 1.01109004 -0.28992420
v -0.30458373 1.04449773 -0.29401708
v -0.37441742 1.00610864 -0.29299450
v -0.40415019 1.00507879 -0.27474675
v -0.40827414 1.02948976 -0.28088892
v -0.37771139 1.03397560 -0.29842079
v -0.27183533 1.28986502 -0.14574009
v -0.27145839 1.27137232 -0.14603971
v -0.27395397 1.27778673 -0.16908926
v -0.28210422 1.28008282 -0.08558562
v -0.28265128 1.25993097 -0.08501549
v -0.27530524 1.26285458 -0.10367949
v -0.27448344 1.28224313 -0.10489747
v -0.29950923 1.15051746 -0.10178750
v -0.29330361 1.17396033 -0.10428095
v -0.30113214 1.17222786 -0.09026082
v -0.30604243 1.15056300 -0.09066824
v -0.28099841 1.19610488 -0.25805092
v -0.28502476 1.22194707 -0.25403184
v -0.27542308 1.21146619 -0.22766376
v -0.27121735 1.18801999 -0.22963971
v -0.44901472 1.04381895 -0.22629011
v -0.45888555 1.05463004 -0.19493209
v -0.25042874 1.05347991 -0.23672718
v -0.24936521 1.01821935 -0.23656666
v -0.24202718 1.02176857 -0.20128416
v -0.24465513 1.05626559 -0.20284103
v -0.25330150 1.05702925 -0.17137593
v -0.25173831 1.02448487 -0.16877656
v -0.33604056 1.07051444 -0.10784048
v -0.34014392 1.06918514 -0.11476138
v -0.31417787 1.08816338 -0.11719467
v -0.31305757 1.09544706 -0.10810500
v -0.51179981 1.12321019 -0.23512664
v -0.49655107 1.11788452 -0.26221475
v -0.48618621 1.09360063 -0.25779796
v -0.50377911 1.10247386 -0.22980458
v -0.42774796 1.31240106 -0.27443275
v -0.42727330 1.33170700 -0.26866272
v -0.44366831 1.33265340 -0.25516146
v -0.44494626 1.35435629 -0.25252566
v -0.42854616 1.35190761 -0.26629633
v -0.46259290 1.47786868 -0.26793468
v -0.46111202 1.49665594 -0.27746931
v -0.44157803 1.48449969 -0.28925371
v -0.44372070 1.46775794 -0.28082693
v -0.49890581 1.62918484 -0.25240096
v -0.50070870 1.61304879 -0.25158268
v -0.42756999 1.01031637 -0.24815434
v -0.42035779 0.98180097 -0.24805477
v -0.43192711 0.98832786 -0.21601391
v -0.44003204 1.02406991 -0.20823199
v -0.37204683 0.97728157 -0.28788954
v -0.34095436 1.01003802 -0.29940021
v -0.34136519 0.97867131 -0.29331434
v -0.27220115 0.98185211 -0.26343986
v -0.30631435 0.97993094 -0.28484988
v -0.24046266 0.98763216 -0.19761847
v -0.25151664 0.99064696 -0.16612729
v -0.33152947 1.01924741 -0.12263995
v -0.33585852 0.99246466 -0.12505919
v -0.30581331 0.99272251 -0.13105531
v -0.30288300 1.02147841 -0.13030477
v -0.28377369 1.14485574 -0.13772342
v -0.28117988 1.13194287 -0.14779823
v -0.27257299 1.14833760 -0.17424162
v -0.27440786 1.16570115 -0.17133392
v -0.27369186 1.30161798 -0.10562278
v -0.28023630 1.29891801 -0.08966776
v -0.27164888 1.30809546 -0.14666070
v -0.27050814 1.30483508 -0.12456237
v -0.27119845 1.28531814 -0.12402406
v -0.26956221 1.38983750 -0.11904377
v -0.27165651 1.36653543 -0.11367650
v -0.27002192 1.36733067 -0.13638198
v -0.26899222 1.39010620 -0.14289527
v -0.27030119 1.41510248 -0.15009204
v -0.27120882 1.41529679 -0.12582013
v -0.28234380 1.46442330 -0.13661927
v -0.27878276 1.46103084 -0.15910883
v -0.27492109 1.47793889 -0.15900517
v -0.32305288 1.62861907 -0.13480788
v -0.31513804 1.61213100 -0.13120072
v -0.27605712 1.16890836 -0.25877166
v -0.42992449 1.02221811 -0.17219707
v -0.42846882 0.99192554 -0.18097395
v -0.41202167 0.99280143 -0.15513091
v -0.40860477 1.01978683 -0.15036888
v -0.30234170 1.22989559 -0.27533975
v -0.29429808 1.31265831 -0.24199210
v -0.29314667 1.29703951 -0.24170268
v -0.30395794 1.46913683 -0.26046526
v -0.30890211 1.44446957 -0.25929916
v -0.25437307 1.52894509 -0.16440029
v -0.25633052 1.54183745 -0.16337116
v -0.34119913 1.04188263 -0.30440104
v -0.24088080 0.95485318 -0.19447595
v -0.25288349 0.95733631 -0.16417377
v -0.25603798 0.92550391 -0.16188784
v -0.24298286 0.92406023 -0.19113515
v -0.36603409 0.96242309 -0.13301334
v -0.36627957 0.93165499 -0.13987169
v -0.34074077 0.93318439 -0.13368730
v -0.33921155 0.96295863 -0.12916212
v -0.36484694 0.90014517 -0.14456677
v -0.36457089 0.86981452 -0.14915609
v -0.34184816 0.86912560 -0.13955888
v -0.34042466 0.90102571 -0.13634169
v -0.24770232 0.98348224 -0.23315975
v -0.26861733 0.91976517 -0.25117981
v -0.27003857 0.94992268 -0.25767940
v -0.24760807 0.95157576 -0.22831959
v -0.24785054 0.92100251 -0.22387558
v -0.39977607 0.97743738 -0.27190202
v -0.35837102 1.01759028 -0.12367755
v -0.36256075 0.99227571 -0.12796570
v -0.40476856 0.92780507 -0.17012353
v -0.40995991 0.96020758 -0.16261347
v -0.42358249 0.95741987 -0.18884552
v -0.41641510 0.92529666 -0.19554535
v -0.36134416 0.92099410 -0.27967927
v -0.36721864 0.94882727 -0.28340831
v -0.33602220 0.94985986 -0.28621483
v -0.33089817 0.92159206 -0.28065270
v -0.30217940 0.95045209 -0.27690479
v -0.29864573 0.92083043 -0.27020395
v -0.26575330 0.86180788 -0.23920459
v -0.26693591 0.89053762 -0.24515648
v -0.24871516 0.89158738 -0.21821260
v -0.25029781 0.86170226 -0.21207429
v -0.29257709 0.86375552 -0.25857073
v -0.29520583 0.89176494 -0.26423389
v -0.32072043 0.86665112 -0.27009463
v -0.32552853 0.89415270 -0.27490550
v -0.34680712 0.86827838 -0.27035940
v -0.35395986 0.89429611 -0.27531660
v -0.36955172 0.86886024 -0.26290530
v -0.37864572 0.89408773 -0.26606220
v -0.39682704 0.89439875 -0.24820484
v -0.38701203 0.86887902 -0.24733397
v -0.39715523 0.86926240 -0.22678728
v -0.40716752 0.89549106 -0.22513694
v -0.39494139 0.86925334 -0.18200393
v -0.39944756 0.89739686 -0.17636210
v -0.40909714 0.89618891 -0.19983539
v -0.40077767 0.86913973 -0.20381071
v -0.38032705 0.76670378 -0.20667960
v -0.38565928 0.79144698 -0.19864202
v -0.38046339 0.79411256 -0.21713333
v -0.37393779 0.77031285 -0.22306108
v -0.36719441 0.77323467 -0.23886988
v -0.37213796 0.79598480 -0.23278913
v -0.36205977 0.79613203 -0.24793947
v -0.35644358 0.77469206 -0.25233424
v -0.32685035 0.79353243 -0.26040891
v -0.32147458 0.77040416 -0.26345462
v -0.34111887 0.77337629 -0.26145637
v -0.34671223 0.79572052 -0.25750691
v -0.30384195 0.79076570 -0.26046211
v -0.29918009 0.76647437 -0.26125777
v -0.28155151 0.78543848 -0.24731068
v -0.27955809 0.76063812 -0.24435422
v -0.26630160 0.78079301 -0.22225335
v -0.26575255 0.75481921 -0.22006451
v -0.35456732 0.78248465 -0.15186617
v -0.37219718 0.78517920 -0.16318849
v -0.37386554 0.76007283 -0.17257746
v -0.35868424 0.75623780 -0.15975581
v -0.30739722 0.77780730 -0.15136126
v -0.31408009 0.74997520 -0.15777375
v -0.28705242 0.75065899 -0.15878697
v -0.27923602 0.77848661 -0.15322927
v -0.26598680 0.83470452 -0.23289953
v -0.28972310 0.83727998 -0.25327626
v -0.31543919 0.84026623 -0.26523748
v -0.33996347 0.84271389 -0.26486140
v -0.39185962 0.84232956 -0.18727073
v -0.39416659 0.84315753 -0.20874156
v -0.34559509 0.83873433 -0.14222968
v -0.36573264 0.84068054 -0.15242752
v -0.25400200 0.80644292 -0.17172609
v -0.25166488 0.80544335 -0.20020369
v -0.25173116 0.83322257 -0.20530996
v -0.25287494 0.83460820 -0.17660503
v -0.28564313 0.81070751 -0.25010514
v -0.30991077 0.81513208 -0.26160881
v -0.33281332 0.81825668 -0.26065871
v -0.36917934 0.82007837 -0.24571508
v -0.35338911 0.81993490 -0.25668520
v -0.37968224 0.81942582 -0.23058830
v -0.38888392 0.81664449 -0.19266608
v -0.38769200 0.81807840 -0.21321836
v -0.35036534 0.80959630 -0.14682412
v -0.36867130 0.81234342 -0.15649459
v -0.26441622 0.75051832 -0.17286631
v -0.25670481 0.75143129 -0.19751111
v -0.25283533 0.77844399 -0.19748193
v -0.25614482 0.77659398 -0.17005914
v -0.27314186 0.72637409 -0.17895836
v -0.29293835 0.72614092 -0.16763347
v -0.35272899 0.74953389 -0.25983113
v -0.36460125 0.74930012 -0.24792275
v -0.33638409 0.74816895 -0.26747465
v -0.27722725 0.73331034 -0.24334158
v -0.29543814 0.74027318 -0.26289257
v -0.26628047 0.72688425 -0.21856120
v -0.26281843 0.72756499 -0.19739631
v -0.36969575 0.70672089 -0.19549774
v -0.35635063 0.70224249 -0.18277112
v -0.35787240 0.73093379 -0.17132930
v -0.37018669 0.73488361 -0.18495035
v -0.37867370 0.71466690 -0.22709419
v -0.37399006 0.74189079 -0.21575694
v -0.37064189 0.74577242 -0.23194307
v -0.37644395 0.71912384 -0.24484944
v -0.35307372 0.72219157 -0.27240103
v -0.36736238 0.72156572 -0.26109535
v -0.33539987 0.72125691 -0.27995259
v -0.29199773 0.71171427 -0.26631579
v -0.31297529 0.71830231 -0.27933276
v -0.31717551 0.74513102 -0.26998377
v -0.27325988 0.70396411 -0.24346159
v -0.27324834 0.66456407 -0.21933597
v -0.27169991 0.67259550 -0.24721135
v -0.27137655 0.69596249 -0.21438143
v -0.30390644 0.56459367 -0.21827599
v -0.30913371 0.53007960 -0.22419842
v -0.29472333 0.53346378 -0.23934609
v -0.28670949 0.56769693 -0.23492019
v -0.37468630 0.67622197 -0.20255430
v -0.35891604 0.67276824 -0.19030137
v -0.38244340 0.68932021 -0.25628161
v -0.38610718 0.68440229 -0.23662464
v -0.28996748 0.65015894 -0.27980465
v -0.31182727 0.65704137 -0.29586136
v -0.31034657 0.68854386 -0.28793859
v -0.28867871 0.68162137 -0.27267775
v -0.37320992 0.57520235 -0.20653622
v -0.37034982 0.60788482 -0.19991237
v -0.38655797 0.61185193 -0.21416524
v -0.38801876 0.57844114 -0.21980816
v -0.38906559 0.65710729 -0.26365727
v -0.39273688 0.62365538 -0.26933923
v -0.39716125 0.61950725 -0.24950978
v -0.39270920 0.65209597 -0.24295473
v -0.29874334 0.58067733 -0.28555009
v -0.31861639 0.58569819 -0.30126840
v -0.31501400 0.62274301 -0.30071360
v -0.29328501 0.61650133 -0.28391421
v -0.27584404 0.63375711 -0.22487786
v -0.28006375 0.60136741 -0.23106363
v -0.27876961 0.60910529 -0.25890261
v -0.27411634 0.64150631 -0.25371420
v -0.29335651 0.63074756 -0.20627031
v -0.29746905 0.59854627 -0.21263337
v -0.38076568 0.50639790 -0.23445186
v -0.36853912 0.50064975 -0.22339807
v -0.37108016 0.53869838 -0.21495244
v -0.38425881 0.54356271 -0.22743362
v -0.39184240 0.58855897 -0.27325749
v -0.38767555 0.55154622 -0.27474284
v -0.39235637 0.54916030 -0.25790927
v -0.39755103 0.58516067 -0.25433177
v -0.31230372 0.50430226 -0.28613985
v -0.32936484 0.50837797 -0.29738808
v -0.32362500 0.54713076 -0.29983288
v -0.30561450 0.54316717 -0.28629392
v -0.30237901 0.49631357 -0.24461170
v -0.30024147 0.50010943 -0.26715967
v -0.29165047 0.53822845 -0.26393765
v -0.31453210 0.49343389 -0.23006299
v -0.31853086 0.45708501 -0.23639658
v -0.30861604 0.45940608 -0.24775290
v -0.37769735 0.47046864 -0.23981120
v -0.36547509 0.46576041 -0.23109151
v -0.38662067 0.47645742 -0.26127452
v -0.38813391 0.51237291 -0.26008832
v -0.38489413 0.51456475 -0.27574500
v -0.38431072 0.47932589 -0.27532834
v -0.36147919 0.51248020 -0.29836270
v -0.36202514 0.47712475 -0.29594800
v -0.37556186 0.47950369 -0.28771877
v -0.37513956 0.51480085 -0.28897542
v -0.33433390 0.47280616 -0.29446259
v -0.34918955 0.47536582 -0.29753888
v -0.34624195 0.51116765 -0.30141243
v -0.31773898 0.46906424 -0.28523260
v -0.30641773 0.46415150 -0.26751477
v -0.41878822 1.04947197 -0.15162927
v -0.42456588 1.04315317 -0.16245282
v -0.40197283 1.03793967 -0.14450954
v -0.39533171 1.04742837 -0.13672122
v -0.30931845 0.93051249 -0.13352546
v -0.30754745 0.96238661 -0.13266355
v -0.31519434 0.86713988 -0.13629587
v -0.31078219 0.89842302 -0.13464230
v -0.32008129 0.83643609 -0.13929619
v -0.33360243 0.77836323 -0.14920938
v -0.32619673 0.80684793 -0.14410646
v -0.33776939 0.75116515 -0.15621310
v -0.33798575 0.72456521 -0.16617243
v -0.33661735 0.69672209 -0.17658387
v -0.34126201 0.63777512 -0.19058782
v -0.33712888 0.66819084 -0.18545212
v -0.36455759 0.64059758 -0.19522588
v -0.34922415 0.57066369 -0.20109716
v -0.34611377 0.60514534 -0.19537659
v -0.35052872 0.49581265 -0.21929958
v -0.35020173 0.53345829 -0.20968302
v -0.34891659 0.46133041 -0.22835597
v -0.27490973 1.08069050 -0.14977340
v -0.27554503 1.10244453 -0.15172377
v -0.29398552 1.08797789 -0.13334168
v -0.29692960 1.07072425 -0.13270822
v -0.36814705 1.05866218 -0.11730291
v -0.37316802 1.05905521 -0.12150154
v -0.35814899 1.06196296 -0.11722291
v -0.35445082 1.06182647 -0.11247932
v -0.26561871 0.80781364 -0.22686161
v -0.36129928 0.84394938 -0.25963816
v -0.38820109 0.84399843 -0.22889970
v -0.37743613 0.84414184 -0.24635017
v -0.29900578 0.80467707 -0.14318423
v -0.27260947 0.80533993 -0.15167420
v -0.26799506 0.83492810 -0.15308885
v -0.29238999 0.83479148 -0.14160186
v -0.29016495 0.65887433 -0.20014888
v -0.31331697 0.66264117 -0.18904825
v -0.31711599 0.63316673 -0.19654910
v -0.28576845 0.68479276 -0.19411765
v -0.33452827 0.69287151 -0.29177567
v -0.35497564 0.69390059 -0.28605384
v -0.37724286 0.66114825 -0.28277206
v -0.37113062 0.69239396 -0.27360731
v -0.35912454 0.66267365 -0.29633176
v -0.28274411 0.89513767 -0.14097388
v -0.28756112 0.86590677 -0.14095668
v -0.26435691 0.86446077 -0.15662399
v -0.26002452 0.89463854 -0.15887676
v -0.41572493 1.38623726 -0.27009460
v -0.39462733 1.38155639 -0.27556282
v -0.27566588 1.50097597 -0.23679361
v -0.27161348 1.49284494 -0.22422364
v -0.28193471 1.47925246 -0.22992846
v -0.28825146 1.48717165 -0.24578869
v -0.29294568 1.49880099 -0.25710893
v -0.28001744 1.51224601 -0.24670117
v -0.29821447 1.51338053 -0.26525235
v -0.28577554 1.52636838 -0.25393903
v -0.32169807 1.58002245 -0.27793911
v -0.32194749 1.58775330 -0.28187749
v -0.28806454 1.46278799 -0.11396255
v -0.28221139 1.43937767 -0.10890140
v -0.27559847 1.44046676 -0.13217984
v -0.27150619 1.26649868 -0.12360261
v -0.28036299 1.17896295 -0.14378442
v -0.28607082 1.17584646 -0.12173562
v -0.29292804 1.14913750 -0.11733901
v -0.32709837 1.09123838 -0.09760940
v -0.34272310 1.07817173 -0.09655902
v -0.35832950 1.06383133 -0.10593478
v -0.37024075 1.05789292 -0.11297284
v -0.47273168 1.44392264 -0.24193250
v -0.47632593 1.46616113 -0.24570104
v -0.50677717 1.63455296 -0.20748818
v -0.50245512 1.63884771 -0.22909832
v -0.49801308 1.66503167 -0.22793964
v -0.50371730 1.65992153 -0.20634067
v -0.50095314 1.67165530 -0.20483175
v -0.49532086 1.67626262 -0.22527677
v -0.48389784 1.72801793 -0.19065115
v -0.48953378 1.71774328 -0.19542715
v -0.38991874 1.05859208 -0.12892967
v -0.39855367 1.05687928 -0.13461135
v -0.37946862 1.05799150 -0.12579043
v -0.32723987 1.04220700 -0.12194574
v -0.32220054 1.06015170 -0.12241822
v -0.34787408 1.05227470 -0.12069781
v -0.35294679 1.03773606 -0.12164029
v -0.30107382 1.07779241 -0.29378134
v -0.27018896 1.07966340 -0.26781315
v -0.43291244 1.03178620 -0.25597510
v -0.25309381 1.47690141 -0.36610141
v -0.27363104 1.49018550 -0.35407996
v -0.27714342 1.49111354 -0.36810169
v -0.25532186 1.47866642 -0.37979430
v -0.49198550 1.54090440 -0.25609550
v -0.48180383 1.51487637 -0.26071659
v -0.38660958 1.72056794 -0.22655463
v -0.35137376 1.71137393 -0.29341647
v -0.36287761 1.71432269 -0.28443536
v -0.34196112 1.70407462 -0.27089074
v -0.33271334 1.70257735 -0.27817574
v -0.41469395 1.66275275 -0.32579246
v -0.43003309 1.66322672 -0.31849414
v -0.41923493 1.68067741 -0.31687096
v -0.40499210 1.67920554 -0.32329297
v -0.50334209 1.18917406 -0.26491344
v -0.51807547 1.19025755 -0.24048792
v -0.47153467 1.38160443 -0.21790460
v -0.47509405 1.40450132 -0.21899036
v -0.46485376 1.39996028 -0.23593183
v -0.46106166 1.37792766 -0.23557654
v -0.47001982 1.52742338 -0.28065580
v -0.45318741 1.51263154 -0.28971630
v -0.27976960 1.54119992 -0.12139204
v -0.27193493 1.54813290 -0.13483338
v -0.28045735 1.56631780 -0.13648754
v -0.28781453 1.56105304 -0.12229496
v -0.30315864 1.52715516 -0.37762928
v -0.29947951 1.51110041 -0.36900908
v -0.31787539 1.52308786 -0.35466361
v -0.32236034 1.53267193 -0.36136174
v -0.38445237 1.06110764 -0.30226564
v -0.34357008 1.07743239 -0.30789781
v -0.37753564 1.41146708 -0.28438759
v -0.37521452 1.39389503 -0.27854469
v -0.39916456 1.39906418 -0.27785814
v -0.40220386 1.41652095 -0.28389236
v -0.37681985 1.46444929 -0.29729164
v -0.37810501 1.44743574 -0.29315749
v -0.37504598 1.48141134 -0.30241865
v -0.35396826 1.56902575 -0.31902444
v -0.35712841 1.56870139 -0.31739944
v -0.36480892 1.56732452 -0.32209098
v -0.29946440 1.04791903 -0.13141964
v -0.29401127 1.11125708 -0.12821482
v -0.29581496 1.11974096 -0.11965930
v -0.38128302 1.05797219 -0.12321854
v -0.38016391 1.05661225 -0.11978798
v -0.38598564 1.73723435 -0.19187251
v -0.39739081 1.73986542 -0.20416248
v -0.31246814 1.54261947 -0.31877327
v -0.32385230 1.55968463 -0.31475583
v -0.35463360 1.55851412 -0.31116736
v -0.35206130 1.56511378 -0.31108940
v -0.34245110 1.57076693 -0.30265805
v -0.34378785 1.56309044 -0.30120745
v -0.36511472 1.55663633 -0.31791925
v -0.36135218 1.56189322 -0.31719548
v -0.29931995 1.63499975 -0.23886864
v -0.30419165 1.64986384 -0.24605377
v -0.30969819 1.65330791 -0.23692061
v -0.30289903 1.63863254 -0.22960323
v -0.30649906 1.63949752 -0.21784195
v -0.31495887 1.65696740 -0.22591762
v -0.31905431 1.65796924 -0.21184964
v -0.30956772 1.63948965 -0.20376034
v -0.36589712 1.70503676 -0.21258751
v -0.35956222 1.69900000 -0.18892629
v -0.35851151 1.69379020 -0.16636334
v -0.35910535 1.68924904 -0.14769582
v -0.49299386 1.70579779 -0.19900689
v -0.48118263 1.70925546 -0.21988353
v -0.48842382 1.69647062 -0.21972847
v -0.49604654 1.69371510 -0.20072964
v -0.50332028 1.69049001 -0.18242598
v -0.50083923 1.70265532 -0.18111765
v -0.37847003 1.72452188 -0.18046263
v -0.37395212 1.72161043 -0.16320935
v -0.37130055 1.70837021 -0.14865839
v -0.20972976 1.56192410 -0.37362915
v -0.22664076 1.57783306 -0.36552835
v -0.42810881 1.74769020 -0.21684906
v -0.41151193 1.74432635 -0.21277568
v -0.21755320 1.55851519 -0.38999474
v -0.23522002 1.57464015 -0.38167876
v -0.33600941 1.68825865 -0.24949701
v -0.32783091 1.68739772 -0.25806385
v -0.35100150 1.70511734 -0.26231813
v -0.37788224 1.73437130 -0.17677641
v -0.37334844 1.73210824 -0.16042820
v -0.29641324 1.11143231 -0.28929764
v -0.26961148 1.11055112 -0.26357463
v -0.32362795 1.36679828 -0.26131308
v -0.30422288 1.36171436 -0.24534000
v -0.28815883 1.38908625 -0.07688671
v -0.28846341 1.36680126 -0.07346653
v -0.27880371 1.36582530 -0.09256981
v -0.27700403 1.38962936 -0.09735410
v -0.29689217 1.45974934 -0.09162169
v -0.29352301 1.43731725 -0.08724450
v -0.37281314 1.73936820 -0.13146058
v -0.27391988 1.32224572 -0.10630589
v -0.27332345 1.34427047 -0.10930132
v -0.28098139 1.34286880 -0.08876663
v -0.28297070 1.31823409 -0.08591070
v -0.28782719 1.29567087 -0.07827631
v -0.28753462 1.28625786 -0.07652864
v -0.30541363 1.13250947 -0.09977697
v -0.31077057 1.13229382 -0.09129703
v -0.26484197 1.61030638 -0.30978656
v -0.26397181 1.62141204 -0.32602176
v -0.27334338 1.63408673 -0.31928644
v -0.27310970 1.62146592 -0.30478036
v -0.27311894 1.32754719 -0.15011556
v -0.27100357 1.32541084 -0.12715223
v -0.30573612 1.57966053 -0.26680553
v -0.31936401 1.56920075 -0.27659115
v -0.28820378 1.48506761 -0.11483344
v -0.26569173 1.55428696 -0.14980930
v -0.27449447 1.57044291 -0.15202932
v -0.26224336 1.55781102 -0.16451055
v -0.27064252 1.57317376 -0.16743505
v -0.39112288 1.05709970 -0.12719141
v -0.39365554 1.06105447 -0.13080077
v -0.33331558 1.59688401 -0.37485886
v -0.33598471 1.58753765 -0.37240905
v -0.34756464 1.59305465 -0.36783791
v -0.34415972 1.60298789 -0.37088582
v -0.38411751 1.01789749 -0.13359281
v -0.37814581 1.03594315 -0.13025841
v -0.44031730 1.04963338 -0.17905144
v -0.43360949 1.05240762 -0.16086484
v -0.44504887 1.06213844 -0.16474225
v -0.45312509 1.06313586 -0.16850320
v -0.27508408 0.99168599 -0.14384651
v -0.27283695 1.02502966 -0.14517915
v -0.27667186 0.95927668 -0.14278015
v -0.27946541 0.92724347 -0.14149620
v -0.31526345 0.72265768 -0.16703050
v -0.30893439 0.69324839 -0.17879239
v -0.32162356 0.60102475 -0.20274594
v -0.32557660 0.56668496 -0.20832965
v -0.32902241 0.53028202 -0.21541423
v -0.33179688 0.45720649 -0.23049390
v -0.33160982 0.49276710 -0.22280583
v -0.22577514 1.54909837 -0.40173295
v -0.23338830 1.53601134 -0.40974528
v -0.25475749 1.55127788 -0.40055069
v -0.24599685 1.56581485 -0.39320579
v -0.27666569 1.51727915 -0.32347453
v -0.26061380 1.50294614 -0.33269608
v -0.25201982 1.51373541 -0.32527336
v -0.26823029 1.52928722 -0.31656367
v -0.24317364 1.48771048 -0.34342146
v -0.26809922 1.49454820 -0.34221545
v -0.24915597 1.48036385 -0.35394132
v -0.25533640 1.48617709 -0.39291620
v -0.27794892 1.49793720 -0.38169873
v -0.27667850 1.51042879 -0.39213544
v -0.25234282 1.49728107 -0.40352565
v -0.24084802 1.52202988 -0.41276354
v -0.24744059 1.50868905 -0.41059130
v -0.26942086 1.52291954 -0.40028289
v -0.26161718 1.53661489 -0.40299845
v -0.21866864 1.52279091 -0.32895774
v -0.23529069 1.53912807 -0.31864145
v -0.24341747 1.52614236 -0.32002205
v -0.22697230 1.51013100 -0.32988718
v -0.26832318 1.62671638 -0.34463826
v -0.27734268 1.64103949 -0.33823583
v -0.30934530 1.60099196 -0.28154215
v -0.31137073 1.60103154 -0.28711903
v -0.29617071 1.61055052 -0.28359136
v -0.29682165 1.61340129 -0.27884439
v -0.23958449 1.59216440 -0.33860379
v -0.24302214 1.59453881 -0.35777083
v -0.25718611 1.61154985 -0.35023293
v -0.25323397 1.60781682 -0.33146411
v -0.25146610 1.55533576 -0.30943838
v -0.26627219 1.57092738 -0.29964492
v -0.27505159 1.55845451 -0.30273885
v -0.25975472 1.54215872 -0.31125847
v -0.31395513 1.51863456 -0.34298477
v -0.29714033 1.50449800 -0.35542870
v -0.27847567 1.60834455 -0.29308778
v -0.26935893 1.59711266 -0.29763806
v -0.30254769 1.56829834 -0.26471049
v -0.34354305 1.55378354 -0.30028337
v -0.34252056 1.54366243 -0.29951993
v -0.26315397 1.50878382 -0.22069710
v -0.25975329 1.52551627 -0.21986009
v -0.31939101 1.52117765 -0.28398329
v -0.31421453 1.50338507 -0.27975816
v -0.26339906 1.52693415 -0.22642371
v -0.26683289 1.51556385 -0.23014212
v -0.27522799 1.43719518 -0.17728344
v -0.36722693 1.69857717 -0.14848900
v -0.25940323 1.58458936 -0.30370086
v -0.25444561 1.59747791 -0.31531352
v -0.33561063 1.54055071 -0.34979242
v -0.33212680 1.53529298 -0.34225816
v -0.34288490 1.54786932 -0.33387092
v -0.34624740 1.54949725 -0.34025884
v -0.44540572 1.55061460 -0.30874676
v -0.43317807 1.53973532 -0.31281239
v -0.44375303 1.52615356 -0.30190891
v -0.45831248 1.53861451 -0.29644769
v -0.32126918 1.61084175 -0.37710077
v -0.33180812 1.62071836 -0.37332001
v -0.31964952 1.62882507 -0.37227619
v -0.30905932 1.61659956 -0.37651980
v -0.30523512 1.63655496 -0.36687291
v -0.28964534 1.64211369 -0.35613230
v -0.27925676 1.62716293 -0.36076337
v -0.29473954 1.62249327 -0.37129062
v -0.32376924 1.14806163 -0.29836813
v -0.35568950 1.15202367 -0.30732495
v -0.27807528 1.28350830 -0.19282943
v -0.28351450 1.28994203 -0.21768844
v -0.27525908 1.18891406 -0.17137265
v -0.34242401 1.06682253 -0.11758135
v -0.31471136 1.08140063 -0.12002122
v -0.38820326 0.99226201 -0.13808545
v -0.29542536 1.14327097 -0.28406176
v -0.38732606 0.93002832 -0.15219638
v -0.38928533 0.96162784 -0.14468347
v -0.41620296 0.92344338 -0.22378945
v -0.42465711 0.95371962 -0.22042805
v -0.41307727 0.95023561 -0.24794224
v -0.40570438 0.92171073 -0.24867916
v -0.39382428 0.94854927 -0.27041268
v -0.38711640 0.92078221 -0.26843065
v -0.25012109 0.86282754 -0.18197758
v -0.38022116 0.62681961 -0.28782192
v -0.36275256 0.59043658 -0.30178356
v -0.37977633 0.59018284 -0.28999221
v -0.36192170 0.62809253 -0.30105418
v -0.33658493 0.66138500 -0.30092037
v -0.33901408 0.62675923 -0.30574101
v -0.28421074 0.57452291 -0.26077142
v -0.37690127 0.55256629 -0.28989103
v -0.36159420 0.55120456 -0.30042279
v -0.34083527 0.58924502 -0.30627629
v -0.34308904 0.55014753 -0.30448812
v -0.37255371 1.04818749 -0.12665835
v -0.46600592 1.06548142 -0.17587693
v -0.25623789 1.11415660 -0.23402074
v -0.25245351 1.08506107 -0.23587215
v -0.27847689 1.11900258 -0.15253860
v -0.26806799 1.13134789 -0.17529708
v -0.28358132 1.35062027 -0.20169315
v -0.27957973 1.34823918 -0.17818561
v -0.28586939 1.39234459 -0.21094111
v -0.28511843 1.37047446 -0.20640638
v -0.29374519 1.37504280 -0.22823021
v -0.29514518 1.39617038 -0.23260972
v -0.32950348 1.40322602 -0.26717126
v -0.32746974 1.38444555 -0.26314652
v -0.35053539 1.38847065 -0.27368456
v -0.35272828 1.40718532 -0.27876303
v -0.37091681 1.37631547 -0.27674273
v -0.34638533 1.37151241 -0.27248117
v -0.45467925 1.41606760 -0.25219515
v -0.45900756 1.43747067 -0.25684434
v -0.44297767 1.43044305 -0.26926741
v -0.43840754 1.41028023 -0.26334471
v -0.29996988 1.12755895 -0.10951287
v -0.36317074 1.06107986 -0.12063286
v -0.27383590 1.05446815 -0.14766425
v -0.25582108 1.08874083 -0.17328954
v -0.24889575 1.08814454 -0.20399457
v -0.31683877 1.56855440 -0.30899233
v -0.40462622 1.56493616 -0.32534173
v -0.40995213 1.57343280 -0.32561865
v -0.26718271 1.61032224 -0.36698025
v -0.28293997 1.60567844 -0.37743229
v -0.27803630 1.58510303 -0.29251572
v -0.28018841 1.64467168 -0.31372511
v -0.28512090 1.64120901 -0.29414442
v -0.28013146 1.63156581 -0.29963049
v -0.27077314 1.17839289 -0.20096089
v -0.26709569 1.15797329 -0.20187511
v -0.26644704 1.16320431 -0.23095684
v -0.42407864 1.05478024 -0.15132351
v -0.43027884 1.05901039 -0.15610045
v -0.29217386 1.10121000 -0.13296583
v -0.38277116 0.86941004 -0.16298598
v -0.38446045 0.89883047 -0.15769014
v -0.38222203 0.84181690 -0.16770172
v -0.38310474 0.81437242 -0.17316140
v -0.38293940 0.78860444 -0.17964678
v -0.38103271 0.76354879 -0.18872024
v -0.37565351 0.73871511 -0.19976741
v -0.37704903 0.71089423 -0.21026909
v -0.38139871 0.64424688 -0.20857963
v -0.38341486 0.67990255 -0.21832648
v -0.39003807 0.64820564 -0.22504331
v -0.39474824 0.61567748 -0.23092787
v -0.39074335 0.54659975 -0.24197355
v -0.39553669 0.58189821 -0.23616634
v -0.38641864 0.51038939 -0.24681167
v -0.38290924 0.47382236 -0.25022286
v -0.40091941 1.05791247 -0.13519956
v -0.41282508 1.05699515 -0.14361994
v -0.34386680 1.69009995 -0.23770107
v -0.33343697 1.57100153 -0.28919941
v -0.33295378 1.57823622 -0.29208881
v -0.28662851 1.59661686 -0.28844619
v -0.48060411 1.07530117 -0.18367355
v -0.49514121 1.09106469 -0.19212131
v -0.28230435 1.54889107 -0.39260671
v -0.27647102 1.56464136 -0.39244321
v -0.28922677 1.57441103 -0.29696208
v -0.32472116 1.59212172 -0.28687477
v -0.32483679 1.59338331 -0.29216829
v -0.09375641 1.55401087 -0.36161238
v -0.07931125 1.55961704 -0.35008535
v -0.07280013 1.55818951 -0.35971296
v -0.08732748 1.55176520 -0.37197334
v -0.09898230 1.55095673 -0.35064131
v -0.08415839 1.55544925 -0.34001994
v -0.09223768 1.49565434 -0.32695499
v -0.07387263 1.50306273 -0.32060084
v -0.08080259 1.51438510 -0.31889409
v -0.09904346 1.50774217 -0.32565644
v -0.07207277 1.55245972 -0.32145619
v -0.08721510 1.54793978 -0.33125830
v -0.08768907 1.53745914 -0.32473809
v -0.07163849 1.54260933 -0.31582007
v -0.07519597 1.48137546 -0.34560221
v -0.09357813 1.47221422 -0.35121721
v -0.08721039 1.47273076 -0.36457723
v -0.06959102 1.48324788 -0.35815871
v -0.16278686 1.47754252 -0.35415053
v -0.17250401 1.47794592 -0.35734582
v -0.17077136 1.46457863 -0.35769320
v -0.15899871 1.46477985 -0.35506856
v -0.12387559 1.54357624 -0.38482165
v -0.10878104 1.54851508 -0.37319463
v -0.10264450 1.54486430 -0.38404840
v -0.11824122 1.53769636 -0.39595014
v -0.13748810 1.52376914 -0.35064691
v -0.15314814 1.51914251 -0.36031675
v -0.15370019 1.50532484 -0.35373050
v -0.13774869 1.50958598 -0.34439191
v -0.13375425 1.52955055 -0.40735334
v -0.13886020 1.53853679 -0.39685187
v -0.10467109 1.53283370 -0.33326012
v -0.12131286 1.52831697 -0.34139574
v -0.12088451 1.51493049 -0.33601290
v -0.10319123 1.52027071 -0.32834709
v -0.04157761 1.50173271 -0.33218455
v -0.05780968 1.49131131 -0.33926949
v -0.05315784 1.49386787 -0.35098618
v -0.03747457 1.50482440 -0.34301859
v -0.06855023 1.53197312 -0.31262141
v -0.08555886 1.52594876 -0.32069165
v -0.06315646 1.52106583 -0.31192431
v -0.04461557 1.54867721 -0.35984236
v -0.05881432 1.53957427 -0.37260762
v -0.06585994 1.55096507 -0.36752957
v -0.05175528 1.55866110 -0.35505638
v -0.13038459 1.48342776 -0.34045431
v -0.11161867 1.48920548 -0.33345389
v -0.11749533 1.50182545 -0.33311081
v -0.13538817 1.49606133 -0.34074840
v -0.13021502 1.54254007 -0.37214753
v -0.11461958 1.54642427 -0.36140656
v -0.07354423 1.52956414 -0.38522154
v -0.08925113 1.51954556 -0.39728352
v -0.09586719 1.53418338 -0.39210185
v -0.08082494 1.54284811 -0.37997019
v -0.10213843 1.49228358 -0.40558773
v -0.08503249 1.50389910 -0.39587095
v -0.08378968 1.49000394 -0.38832760
v -0.10158554 1.47819006 -0.39645931
v -0.14237353 1.46710861 -0.35061973
v -0.14760950 1.47940469 -0.34797129
v -0.11356178 1.46385598 -0.35643452
v -0.13393745 1.45667541 -0.36039433
v -0.12700817 1.45349109 -0.37499034
v -0.10662189 1.46277189 -0.37033617
v -0.16979560 1.52805710 -0.38707945
v -0.16248329 1.52934396 -0.37993228
v -0.15759818 1.53548861 -0.39417952
v -0.16658722 1.53252769 -0.40221551
v -0.15207741 1.53237700 -0.40809751
v -0.16344735 1.52714860 -0.41610548
v -0.18135616 1.50867081 -0.42917085
v -0.17303689 1.50950956 -0.42832541
v -0.17650759 1.49358416 -0.43082076
v -0.18557623 1.49362290 -0.43078995
v -0.13908973 1.46609616 -0.42170477
v -0.12007031 1.47898293 -0.41447863
v -0.12053689 1.46523154 -0.40358377
v -0.14119056 1.45228875 -0.40922090
v -0.16272794 1.43800008 -0.39513251
v -0.14417461 1.44589663 -0.39422691
v -0.14774334 1.44606602 -0.37788624
v -0.16425540 1.44178641 -0.37814099
v -0.21492904 1.45606005 -0.37532699
v -0.20105372 1.44822943 -0.38087976
v -0.19909978 1.45313311 -0.36792994
v -0.21131656 1.46093369 -0.36325824
v -0.19132520 1.47580266 -0.35233766
v -0.18642583 1.48893976 -0.35240716
v -0.19327015 1.49606907 -0.34680969
v -0.20028497 1.48302245 -0.34730035
v -0.18232797 1.53551745 -0.39096498
v -0.17910650 1.53134167 -0.39364958
v -0.18119681 1.53153217 -0.41022164
v -0.18801859 1.53410912 -0.40742999
v -0.15637746 1.45608354 -0.42629877
v -0.16179912 1.44022167 -0.41236055
v -0.18532012 1.47090852 -0.35574463
v -0.17914954 1.46674740 -0.35776705
v -0.17870016 1.48028374 -0.35744601
v -0.18234929 1.48436046 -0.35548103
v -0.17725593 1.50908852 -0.36845738
v -0.17568494 1.50537777 -0.36900365
v -0.17495795 1.51748526 -0.37880012
v -0.17699832 1.51951241 -0.37959275
v -0.17644264 1.52875984 -0.39395177
v -0.17372131 1.52784908 -0.39191228
v -0.17223151 1.53104889 -0.40740269
v -0.17664331 1.53052044 -0.40993351
v -0.16819154 1.45264971 -0.42775005
v -0.17927992 1.45180106 -0.42536902
v -0.17952497 1.46514964 -0.43086541
v -0.16918835 1.46780801 -0.43319786
v -0.17728166 1.44214046 -0.37588561
v -0.17692515 1.43831384 -0.39113301
v -0.17194718 1.50267303 -0.36739498
v -0.17693466 1.49347651 -0.36155838
v -0.17315616 1.49070573 -0.36073661
v -0.17148526 1.52414334 -0.42059860
v -0.21670289 1.45507300 -0.38730061
v -0.23260149 1.46426249 -0.37861651
v -0.23398906 1.46691644 -0.39105335
v -0.21793567 1.45769441 -0.39915621
v -0.22952655 1.46609890 -0.36596641
v -0.22526599 1.47244489 -0.35472772
v -0.20386548 1.50750101 -0.33892724
v -0.21117228 1.49477720 -0.33965918
v -0.19696148 1.52060544 -0.34303027
v -0.18668680 1.50895190 -0.35140628
v -0.18196826 1.52046919 -0.35955071
v -0.19225405 1.53272355 -0.35130778
v -0.19468156 1.54639173 -0.38282955
v -0.20116293 1.54373074 -0.39915001
v -0.19390105 1.52508748 -0.41843843
v -0.20797001 1.53418911 -0.41079259
v -0.19536905 1.46324849 -0.35792410
v -0.18684213 1.45765281 -0.36148673
v -0.06842077 1.51459205 -0.38541764
v -0.05331343 1.52575684 -0.37345254
v -0.05134806 1.51232672 -0.36903021
v -0.06702375 1.50100112 -0.37929285
v -0.05124632 1.50135934 -0.36143595
v -0.03620639 1.51270998 -0.35200617
v -0.11861339 1.53948116 -0.35040525
v -0.10289934 1.54363751 -0.34072798
v -0.07017648 1.56046724 -0.32932296
v -0.17133297 1.51594973 -0.37510443
v -0.16457245 1.51619983 -0.36903077
v -0.18830714 1.47973323 -0.43010911
v -0.19807947 1.48233414 -0.42794928
v -0.19466372 1.49587536 -0.42933500
v -0.15711868 1.47479200 -0.43254769
v -0.16497459 1.49362648 -0.43013990
v -0.14658955 1.50443327 -0.42364705
v -0.14176396 1.48566091 -0.42778772
v -0.19064957 1.45332944 -0.42076740
v -0.20294017 1.45780277 -0.41594917
v -0.20139375 1.46929014 -0.42387083
v -0.18991652 1.46584952 -0.42774624
v -0.18034600 1.52959979 -0.37318522
v -0.17820224 1.52347648 -0.37769321
v -0.22117536 1.50879991 -0.42160803
v -0.21382488 1.52103484 -0.41870883
v -0.19956201 1.51306415 -0.42455170
v -0.20555143 1.50079942 -0.42641169
v -0.18967082 1.50967813 -0.42786902
v -0.22729966 1.49624825 -0.41906622
v -0.21073888 1.48789322 -0.42492503
v -0.19103016 1.54230940 -0.36497533
v -0.21743220 1.46486080 -0.41034484
v -0.23413944 1.47418559 -0.40293390
v -0.23157123 1.48467469 -0.41271281
v -0.21492967 1.47560954 -0.41918007
v -0.06735417 1.49032152 -0.36993057
v -0.08468208 1.47953773 -0.37745973
v -0.16705351 1.45106602 -0.36452246
v -0.15281972 1.45205939 -0.36306036
v -0.17773613 1.45306265 -0.36405104
v -0.08355996 1.48574710 -0.33401045
v -0.06531617 1.49439883 -0.32799262
v -0.12240165 1.47134471 -0.34517825
v -0.10280901 1.47819626 -0.33964843
v -0.10594594 1.50877523 -0.40850708
v -0.18901423 1.44183624 -0.39860916
v -0.17771606 1.43808675 -0.40481460
v -0.18872413 1.44185960 -0.38597658
v -0.21913515 1.48314917 -0.34504318
v -0.20624831 1.47075105 -0.35327321
v -0.17126739 1.44305420 -0.42014697
v -0.23559168 1.49854481 -0.33469218
v -0.16292803 1.51266372 -0.42519268
v -0.18473022 1.52273321 -0.42162675
v -0.17800692 1.52263200 -0.42224038
v -0.05907264 1.56477451 -0.34775373
v -0.13472623 1.53546774 -0.36001483
v -0.16492891 1.50188291 -0.36268798
v -0.16474940 1.48999608 -0.35697728
v -0.20155540 1.44749546 -0.39340308
v -0.20254189 1.44981408 -0.40491745
v -0.18976676 1.44491613 -0.40996870
v -0.18161322 1.50207698 -0.35686824
v -0.17804615 1.51351058 -0.36501452
v -0.04825059 1.50374961 -0.32190228
v -0.17924240 1.49722207 -0.36029014
v -0.14881948 1.52015829 -0.41742423
v -0.50554353 1.64778531 -0.20679718
v -0.51267409 1.63305449 -0.18807070
v -0.51132977 1.64573562 -0.18742923
v -0.30946365 1.48653066 -0.27208725
v -0.28393260 1.45977104 -0.21803850
v -0.29083049 1.46217358 -0.23778427
v -0.33196050 1.56133163 -0.28767747
v -0.32876596 1.54995143 -0.28706434
v -0.33156711 1.58514297 -0.29914707
v -0.33303159 1.58317173 -0.29559025
v -0.30395630 1.52888703 -0.27067176
v -0.41720381 1.88694251 -0.23080394
v -0.41971585 1.87968183 -0.23051530
v -0.41816288 1.90041351 -0.23404345
v -0.28870738 1.30628943 -0.07717377
v -0.29572871 1.28465676 -0.06682483
v -0.29362205 1.27456474 -0.06610303
v -0.40028384 1.87061310 -0.22253796
v -0.40585655 1.86504984 -0.22276059
v -0.40148011 1.86781049 -0.22452272
v -0.39867336 1.87257040 -0.22178321
v -0.39897543 1.87162066 -0.22151721
v -0.40789750 1.90403438 -0.23020071
v -0.42046940 1.87183893 -0.22776973
v -0.41968149 1.86309099 -0.22393444
v -0.40200529 1.89029169 -0.22538230
v -0.47085065 1.31122017 -0.22802527
v -0.47362596 1.29116678 -0.23577207
v -0.48733017 1.29093242 -0.21411589
v -0.48254311 1.31103063 -0.20674348
v -0.50759202 1.27483130 -0.19501495
v -0.50119632 1.29318070 -0.18957900
v -0.49317169 1.27194428 -0.22276011
v -0.40932345 1.23930335 -0.30678701
v -0.40751097 1.26099551 -0.30079371
v -0.38021430 1.26266861 -0.30262643
v -0.37979311 1.24123394 -0.30810004
v -0.35415831 1.27938128 -0.29227227
v -0.35169736 1.26285005 -0.29832149
v -0.38104102 1.28059793 -0.29592514
v -0.32812509 1.27608466 -0.28181565
v -0.32639903 1.25870836 -0.28679526
v -0.30626991 1.27079844 -0.26580131
v -0.30464023 1.25216568 -0.27042738
v -0.28834194 1.24370313 -0.24997818
v -0.27834824 1.23444951 -0.22545549
v -0.27367216 1.20014286 -0.20030704
v -0.27458414 1.22413325 -0.19814900
v -0.27383810 1.21418476 -0.17169623
v -0.27667624 1.20576644 -0.14590664
v -0.28069496 1.20093262 -0.12336850
v -0.28700119 1.19820559 -0.10448739
v -0.29454321 1.19588149 -0.08860935
v -0.30359370 1.19382775 -0.07549240
v -0.30906379 1.17042732 -0.07917336
v -0.33076882 1.67439282 -0.22283369
v -0.43872455 1.72394001 -0.26237193
v -0.40866491 1.72559214 -0.27163559
v -0.43233874 1.71921468 -0.27450418
v -0.44905952 1.66154885 -0.30816278
v -0.46906811 1.65741551 -0.29411951
v -0.46157765 1.67367363 -0.29363799
v -0.43774039 1.68016362 -0.30748340
v -0.45606706 1.71346998 -0.25830477
v -0.45812464 1.71643853 -0.24928434
v -0.45405942 1.70825040 -0.26940441
v -0.47131041 1.69819832 -0.25763196
v -0.48350513 1.69166934 -0.24165234
v -0.37274757 1.70831978 -0.30772585
v -0.35957393 1.70356750 -0.31721732
v -0.37908792 1.69189072 -0.32492590
v -0.39165276 1.69563568 -0.31813240
v -0.42189699 1.64681971 -0.32577860
v -0.40857294 1.64579690 -0.33301324
v -0.41367984 1.63123822 -0.33202875
v -0.42742839 1.63123441 -0.32398337
v -0.32042181 1.67779958 -0.34060436
v -0.30810487 1.66592634 -0.34661764
v -0.32730684 1.66115093 -0.35637045
v -0.33960336 1.67250824 -0.34971032
v -0.40211219 1.66135502 -0.33197260
v -0.48230445 1.54612017 -0.27532858
v -0.46972406 1.55333030 -0.29148334
v -0.45626265 1.56160951 -0.30446163
v -0.41413105 1.58221877 -0.32637498
v -0.42055058 1.56711602 -0.32166713
v -0.42572284 1.57809162 -0.32110602
v -0.40249601 1.58437026 -0.33124459
v -0.39283711 1.58362162 -0.33459574
v -0.28881416 1.65050268 -0.28925887
v -0.28839284 1.63157725 -0.27984321
v -0.28843838 1.62514544 -0.28481454
v -0.37065873 1.57458067 -0.33973593
v -0.36872676 1.57036662 -0.33712023
v -0.37721056 1.57315159 -0.33323297
v -0.37923592 1.57720912 -0.33554316
v -0.38550967 1.71253431 -0.29839462
v -0.34268725 1.65128112 -0.36181188
v -0.35315469 1.63862753 -0.36300945
v -0.36514482 1.64692283 -0.35546485
v -0.35491937 1.66121697 -0.35365590
v -0.36209545 1.62813079 -0.36259040
v -0.36812147 1.61788905 -0.36045408
v -0.37859389 1.62324488 -0.35357153
v -0.37356043 1.63495851 -0.35527778
v -0.37049216 1.57976663 -0.34372324
v -0.38175958 1.58362579 -0.33792102
v -0.28650045 1.65346110 -0.33313116
v -0.32575649 1.69938612 -0.31045556
v -0.33843178 1.70674038 -0.30230975
v -0.32182151 1.69769740 -0.28450608
v -0.31289810 1.68974769 -0.29081279
v -0.32653293 1.58060205 -0.30495268
v -0.33368912 1.57361948 -0.31103879
v -0.34060714 1.56624591 -0.31731230
v -0.37153208 1.56773984 -0.32639286
v -0.34664354 1.56069851 -0.32332665
v -0.29344717 1.60460675 -0.28620988
v -0.28364754 1.61668968 -0.29043636
v -0.31182188 1.67983937 -0.26974028
v -0.30325776 1.67175031 -0.27569896
v -0.29852575 1.65435362 -0.35184538
v -0.31596464 1.64898610 -0.36248520
v -0.35172749 1.55932891 -0.34748197
v -0.35927299 1.56443560 -0.34129971
v -0.36103866 1.56871808 -0.34467116
v -0.38283080 1.56566119 -0.32704166
v -0.37505400 1.56903219 -0.32957375
v -0.34629735 1.69764996 -0.32615453
v -0.34240115 1.62902069 -0.36888182
v -0.33104056 1.63983023 -0.36758366
v -0.38441288 1.64020705 -0.34742430
v -0.39645219 1.64370573 -0.33986819
v -0.38945401 1.65853083 -0.33898422
v -0.37772599 1.65350354 -0.34671661
v -0.35922170 1.59875917 -0.36318073
v -0.35672221 1.60987437 -0.36628389
v -0.40158227 1.62938404 -0.33910441
v -0.38987511 1.62673163 -0.34651521
v -0.36202425 1.57356751 -0.34858727
v -0.31993312 1.68571579 -0.26472574
v -0.31757486 1.66994035 -0.24622242
v -0.31094480 1.66788733 -0.25416416
v -0.30412763 1.66141844 -0.25995421
v -0.29824775 1.65264571 -0.26573640
v -0.29261810 1.64133000 -0.27214780
v -0.32439613 1.67256820 -0.23645630
v -0.18033163 1.44224238 -0.41587955
v -0.34891415 1.55388582 -0.34452587
v -0.34279135 1.55416226 -0.35453945
v -0.33937284 1.54761136 -0.35304943
v -0.29129380 1.53681397 -0.38835567
v -0.32875022 1.83214307 -0.10188380
v -0.33045402 1.82605410 -0.10281119
v -0.33120596 1.85656178 -0.10203205
v -0.33006257 1.85293889 -0.10163727
v -0.17933299 1.47935188 -0.43209571
v -0.17074932 1.47973573 -0.43302789
v -0.12317315 1.49739218 -0.41897005
v -0.12870258 1.51509643 -0.41458541
v -0.11193225 1.52481031 -0.40372583
v -0.14462331 1.53873527 -0.38355005
v -0.14993927 1.53163290 -0.37038478
v -0.15121272 1.49173701 -0.34927154
v -0.12251455 1.45667076 -0.39004856
v -0.03951183 1.57747698 -0.31501901
v -0.02667397 1.58392835 -0.30303681
v -0.02091223 1.58617806 -0.31196404
v -0.03325516 1.57855368 -0.32397377
v -0.01483983 1.59009647 -0.29169130
v -0.02885023 1.57742369 -0.29549932
v -0.01629257 1.58281016 -0.28481713
v -0.02816176 1.56902540 -0.29050356
v -0.01476032 1.57458627 -0.28061885
v -0.01088324 1.56593180 -0.27897215
v -0.02499077 1.55971622 -0.28783369
v -0.02010080 1.55157590 -0.28791505
v -0.00544786 1.55856228 -0.27983975
v -0.03011563 1.53618789 -0.29780856
v -0.02360290 1.52882087 -0.30152389
v -0.00801238 1.53886628 -0.29424199
v -0.01415774 1.54460692 -0.29005533
v 0.01690626 1.54614604 -0.30033785
v 0.00350425 1.53490901 -0.30852193
v 0.00582781 1.53963947 -0.31651095
v 0.01888081 1.55003059 -0.30732429
v -0.00904605 1.54621887 -0.33673474
v 0.00452089 1.55685401 -0.32685900
v 0.00587705 1.54739833 -0.32272184
v -0.00775596 1.53605640 -0.33236602
v 0.01764411 1.56656837 -0.31871471
v 0.00039425 1.56642830 -0.32725850
v 0.01259637 1.57600451 -0.31892064
v -0.05653468 1.56608784 -0.31793165
v -0.05248335 1.57126629 -0.32701597
v -0.06545541 1.56484771 -0.33860445
v -0.04055700 1.55365026 -0.29710039
v -0.04313996 1.56323183 -0.30061620
v -0.05758813 1.55777776 -0.31098318
v -0.05616742 1.54792511 -0.30642134
v -0.05605671 1.51066673 -0.31456485
v -0.03936958 1.51943946 -0.30826831
v -0.04643908 1.52827060 -0.30509430
v -0.03603825 1.54453337 -0.29622778
v -0.05210835 1.53799868 -0.30458477
v -0.01676306 1.52402496 -0.30809748
v -0.00160483 1.53506386 -0.30064493
v -0.02565476 1.57403469 -0.33082378
v -0.01333851 1.58225417 -0.31928563
v -0.00585046 1.57516837 -0.32411468
v -0.01861313 1.56673324 -0.33534825
v -0.03213498 1.51369667 -0.31526259
v -0.03854260 1.56646609 -0.34269309
v -0.03139153 1.55796564 -0.34722733
v -0.01267585 1.55688369 -0.33790565
v -0.02570823 1.54698694 -0.34944654
v -0.00216374 1.59044349 -0.30958116
v -0.00952715 1.59351444 -0.30129027
v -0.04601303 1.57165706 -0.33595183
v -0.01118231 1.52349913 -0.31688231
v -0.02619547 1.51250291 -0.32463175
v -0.02276924 1.51636207 -0.33443719
v -0.00815395 1.52787995 -0.32555470
v -0.03670475 1.52379882 -0.35836446
v -0.02268171 1.53499401 -0.34727317
v -0.02192399 1.52443790 -0.34203070
v 0.01906776 1.55719161 -0.31377009
v -0.03919205 1.53628600 -0.36137229
v 0.05446276 1.60691929 -0.24440666
v 0.05191523 1.61400831 -0.23660713
v 0.04329252 1.60775006 -0.23717690
v 0.04626748 1.60037398 -0.24564724
v 0.02367306 1.59430110 -0.23532957
v 0.02244994 1.60572946 -0.22826430
v 0.01240137 1.60758483 -0.23038536
v 0.01210502 1.59565115 -0.23722716
v 0.04810122 1.62218928 -0.23213823
v 0.03995159 1.61551476 -0.23156376
v 0.04224294 1.62860596 -0.23292974
v 0.05564231 1.62844622 -0.23273414
v 0.05238816 1.63415408 -0.23637110
v 0.06123620 1.63915920 -0.23696899
v 0.06144008 1.64135385 -0.24591236
v 0.04831478 1.63567495 -0.24733090
v 0.05796805 1.62611318 -0.26952958
v 0.06991881 1.63335657 -0.26310837
v 0.07413158 1.62671161 -0.26991898
v 0.06217068 1.61975574 -0.27620503
v 0.07841000 1.60989916 -0.27976155
v 0.06718749 1.60459816 -0.28535479
v 0.06475773 1.61236799 -0.28049231
v 0.07689032 1.61900508 -0.27430516
v 0.05984151 1.59740591 -0.25619316
v 0.05692115 1.60124004 -0.25211185
v 0.04965958 1.59464896 -0.25429380
v 0.05256519 1.59054077 -0.25913420
v 0.03052542 1.63620460 -0.23241790
v 0.03331825 1.63360572 -0.22980429
v 0.03970456 1.63286638 -0.23809868
v 0.03376660 1.63267446 -0.24250174
v 0.04264912 1.56550419 -0.26896238
v 0.03725913 1.56914794 -0.26528269
v 0.02732351 1.56559753 -0.26895946
v 0.03259999 1.56098413 -0.27352411
v 0.01201448 1.57941377 -0.25181893
v 0.00278687 1.58818030 -0.25798303
v 0.00169706 1.58264649 -0.26385161
v 0.01335374 1.57452393 -0.25978428
v 0.01186174 1.58602500 -0.24445251
v 0.00548014 1.60321879 -0.24409115
v 0.00384355 1.59446108 -0.25122851
v 0.00747237 1.61393929 -0.23617662
v 0.03781196 1.55729103 -0.28116202
v 0.04654294 1.55887449 -0.27914125
v 0.10700932 1.66510713 -0.22129931
v 0.10225907 1.66146457 -0.22241786
v 0.10602376 1.65850091 -0.22439253
v 0.11080024 1.66252565 -0.22350433
v 0.04792112 1.56606245 -0.29770088
v 0.04195431 1.56300473 -0.29744267
v 0.04099500 1.57055473 -0.30292374
v 0.04597107 1.57452035 -0.30186099
v 0.05656815 1.56936753 -0.29706308
v 0.05323270 1.57944691 -0.29982817
v 0.10386285 1.67511034 -0.22984397
v 0.09918949 1.67130637 -0.23197268
v 0.09874132 1.66908848 -0.22739080
v 0.10339907 1.67263496 -0.22540417
v 0.06165379 1.61322284 -0.24105170
v 0.05911741 1.62027907 -0.23438400
v 0.07805109 1.63053381 -0.23071270
v 0.07276735 1.63377047 -0.22933418
v 0.06593761 1.62696028 -0.23147467
v 0.07063586 1.62038612 -0.23651308
v 0.07750416 1.60684896 -0.25109145
v 0.07672855 1.61277747 -0.24528584
v 0.06740901 1.60675800 -0.24961856
v 0.06930020 1.60091209 -0.25533798
v 0.07440305 1.59179199 -0.26146135
v 0.07831880 1.58747423 -0.26363173
v 0.08533719 1.59243703 -0.26148134
v 0.08210123 1.59755874 -0.25822192
v 0.09524485 1.61386192 -0.25025398
v 0.09698310 1.61021066 -0.25396776
v 0.10427263 1.61745858 -0.25405338
v 0.10321376 1.62094569 -0.25057989
v 0.03658304 1.55997789 -0.29828525
v 0.03591666 1.56706452 -0.30469644
v 0.08318654 1.59181952 -0.28827262
v 0.09153700 1.59482634 -0.28665227
v 0.09345043 1.58461547 -0.28595543
v 0.08503452 1.58148372 -0.28788239
v 0.04323438 1.58411813 -0.30221641
v 0.03827825 1.58026230 -0.30489320
v 0.10650900 1.67508698 -0.23449448
v 0.10187754 1.67130780 -0.23675834
v 0.00873625 1.62141168 -0.24348846
v 0.00710577 1.61057544 -0.25281844
v 0.00547883 1.60176158 -0.26075020
v 0.00338182 1.59585726 -0.26671737
v -0.00049344 1.59220040 -0.27120951
v 0.07911089 1.62120581 -0.23762773
v 0.06181750 1.60677946 -0.24831219
v 0.06164870 1.59416819 -0.25906658
v 0.07667938 1.57243502 -0.27191409
v 0.07425514 1.57816911 -0.26735032
v 0.06713048 1.57465255 -0.26766109
v 0.07057407 1.56765711 -0.27457935
v 0.08593532 1.57489550 -0.28267813
v 0.09393391 1.57872367 -0.28059244
v 0.09291571 1.57884920 -0.27379817
v 0.08580211 1.57446504 -0.27553773
v 0.02563837 1.63955235 -0.23448768
v 0.02560285 1.63301563 -0.24408013
v 0.04910854 1.55962574 -0.28939989
v 0.04183525 1.55767345 -0.28959599
v 0.03453264 1.55655801 -0.29084241
v 0.04530099 1.57911038 -0.26232284
v 0.04342335 1.58201492 -0.25942039
v 0.03077260 1.57381177 -0.25802204
v 0.03394625 1.57128990 -0.26261604
v 0.03788152 1.59164977 -0.24424565
v 0.03492692 1.60019588 -0.23579367
v 0.02608332 1.58431244 -0.24344310
v 0.02167532 1.56900907 -0.26494119
v 0.01337385 1.56790888 -0.26902539
v 0.01981744 1.56368184 -0.27308416
v 0.02581921 1.55907094 -0.27781135
v 0.03116125 1.55609179 -0.28396815
v 0.00572166 1.56441903 -0.27342039
v 0.01208541 1.55956078 -0.27686569
v 0.01857439 1.55530679 -0.28186244
v 0.02402613 1.55304480 -0.28787285
v 0.02658668 1.57269597 -0.31284893
v 0.03283364 1.57645893 -0.30818188
v 0.02958354 1.56316328 -0.30817282
v -0.00496253 1.57952201 -0.27159840
v 0.00014499 1.57118165 -0.27140060
v 0.00694853 1.57426739 -0.26610088
v -0.00605604 1.58830976 -0.27632308
v 0.02073941 1.61539066 -0.22394374
v 0.02906516 1.61776781 -0.22623977
v 0.02758154 1.62439597 -0.22206724
v 0.02057388 1.62331426 -0.21978837
v 0.06255731 1.63387477 -0.23235226
v 0.07021853 1.63921905 -0.23103924
v 0.06942222 1.64419651 -0.23581557
v 0.05554733 1.56112003 -0.27809012
v 0.05216634 1.56753767 -0.26942092
v 0.08441418 1.62966335 -0.23348929
v 0.09381589 1.66648722 -0.23428631
v 0.08467585 1.65826547 -0.23743284
v 0.08380488 1.65535080 -0.23218066
v 0.09325776 1.66438282 -0.22933650
v 0.09374329 1.63698864 -0.23673886
v 0.09808257 1.64444351 -0.23628835
v 0.09464410 1.64272642 -0.23145038
v 0.08904800 1.63629699 -0.23252322
v 0.09903583 1.60490990 -0.25771236
v 0.10488299 1.61084247 -0.25774044
v 0.08180493 1.63923204 -0.25589451
v 0.06458968 1.63900030 -0.25618875
v 0.07436341 1.64533603 -0.25163591
v 0.07964221 1.60206032 -0.25530338
v 0.08969399 1.60365939 -0.25558150
v 0.08756396 1.60757732 -0.25223872
v 0.08405414 1.62272608 -0.23857751
v 0.08356813 1.61787081 -0.24262148
v 0.08955953 1.62424231 -0.24066737
v 0.08857259 1.62874508 -0.23661080
v 0.07633346 1.56886673 -0.28426361
v 0.07514378 1.57762456 -0.29162511
v 0.09977475 1.66532755 -0.22384122
v 0.10448173 1.66894495 -0.22238681
v 0.02956530 1.55654311 -0.30101201
v 0.02776781 1.55318856 -0.29422969
v 0.07139742 1.59637284 -0.25888151
v 0.05340919 1.63132346 -0.26051116
v 0.06348425 1.59021151 -0.26167554
v 0.09803668 1.60977769 -0.27521437
v 0.10426578 1.61406624 -0.27399424
v 0.10624787 1.60936022 -0.27026659
v 0.10087606 1.60386860 -0.27284554
v 0.10579327 1.65405548 -0.23502150
v 0.11071667 1.65995133 -0.23425436
v 0.10942200 1.65815389 -0.22897385
v 0.10369977 1.65236902 -0.22967109
v 0.08400059 1.63696659 -0.22988087
v 0.09031323 1.64346623 -0.22818799
v 0.08638388 1.64644098 -0.22695030
v 0.07923117 1.63950729 -0.22845358
v 0.07715708 1.64425898 -0.23022093
v 0.08442822 1.65097284 -0.22876292
v 0.10502103 1.65831232 -0.24017978
v 0.09779307 1.64926517 -0.24175324
v 0.09286016 1.65421271 -0.24480383
v 0.10098287 1.66327178 -0.24176931
v 0.05614981 1.59963334 -0.29116708
v 0.07047543 1.59612155 -0.28949147
v 0.05959144 1.59176898 -0.29446048
v 0.08902466 1.61513877 -0.27641195
v 0.09087130 1.60398924 -0.27926987
v 0.08090118 1.60070205 -0.28447610
v 0.07303700 1.58802533 -0.29215708
v 0.09361917 1.63799715 -0.24730958
v 0.09199828 1.63965702 -0.25281817
v 0.08782744 1.64493811 -0.24797899
v 0.06696889 1.58397400 -0.26407024
v 0.09397641 1.66044235 -0.22562873
v 0.01261872 1.60611594 -0.28352892
v 0.01827183 1.60974908 -0.27869523
v 0.02809665 1.60802794 -0.28946546
v 0.02040222 1.60452425 -0.29317731
v 0.09984919 1.65315521 -0.22555454
v 0.09640095 1.65618396 -0.22369358
v 0.10235056 1.60130978 -0.26244450
v 0.10550973 1.60100794 -0.26772982
v 0.10830221 1.60627615 -0.26631135
v 0.10646686 1.60734618 -0.26198459
v 0.06253472 1.58396447 -0.29654491
v 0.09724513 1.59602499 -0.28604320
v 0.10033253 1.58684516 -0.28456032
v 0.05012822 1.58781421 -0.29908970
v 0.03873983 1.59299278 -0.30000985
v 0.04623178 1.59569144 -0.29623827
v 0.08949536 1.62555194 -0.26814574
v 0.05350664 1.60663068 -0.28720587
v 0.04309762 1.60234392 -0.29265308
v 0.03402930 1.60020101 -0.29668361
v 0.02739146 1.59791386 -0.30000019
v 0.03310415 1.59015691 -0.30317086
v 0.09652168 1.66636014 -0.23908326
v 0.10610613 1.66845894 -0.23973195
v 0.02056703 1.58221793 -0.31246999
v 0.02698538 1.58642161 -0.30713898
v 0.01361772 1.58985925 -0.30894268
v 0.02085081 1.59446430 -0.30397999
v 0.03527996 1.61388576 -0.28185615
v 0.03958562 1.60875964 -0.28801748
v 0.04656911 1.61958909 -0.27597460
v 0.05056962 1.61327469 -0.28268975
v 0.08476686 1.63364232 -0.26511154
v 0.11941168 1.67511594 -0.23440811
v 0.12098750 1.67149317 -0.23180681
v 0.11525157 1.66498494 -0.23328649
v 0.11386374 1.66913915 -0.23654689
v 0.10956869 1.66399980 -0.23843262
v 0.11043975 1.67291236 -0.23762943
v 0.04132777 1.62436295 -0.26593155
v 0.09533286 1.63129747 -0.24044488
v 0.02699903 1.61665535 -0.26921454
v 0.02625197 1.62610424 -0.25511768
v 0.03705800 1.63061845 -0.25393683
v 0.01330420 1.61598670 -0.26128083
v 0.00965759 1.60811031 -0.26965117
v 0.00175834 1.59918010 -0.27860388
v 0.00617182 1.60247564 -0.27489159
v -0.00494346 1.59554350 -0.28326526
v 0.01517770 1.62517548 -0.25094792
v 0.11702672 1.66739941 -0.22273190
v 0.11349919 1.66970348 -0.21978743
v 0.00688028 1.60289860 -0.28743935
v -0.00037283 1.59881997 -0.29300749
v 0.03213641 1.60966420 -0.22987171
v 0.05557635 1.58408368 -0.26338404
v 0.05753148 1.57899642 -0.26508486
v 0.06000593 1.57120967 -0.26851875
v 0.06351396 1.56401229 -0.27618825
v 0.00635824 1.59674203 -0.30284587
v 0.00055513 1.55295932 -0.28258446
v 0.00703678 1.54830289 -0.28745940
v 0.00539353 1.58389997 -0.31544361
v 0.11084011 1.67350924 -0.22037020
v 0.10508421 1.62385499 -0.25778618
v 0.10560009 1.62561429 -0.25565416
v 0.01283827 1.61647487 -0.22528778
v 0.01445636 1.62494767 -0.22070251
v 0.01344264 1.63748264 -0.22858258
v 0.01028436 1.63004959 -0.23557594
v 0.00873125 1.62266517 -0.22972268
v 0.01197028 1.63061345 -0.22397044
v 0.04702535 1.57672107 -0.26393777
v 0.04957381 1.57324016 -0.26608545
v 0.06516606 1.57384992 -0.29494581
v 0.06648502 1.56521916 -0.28758076
v 0.07642701 1.64889657 -0.23426270
v 0.07752731 1.65150523 -0.24019435
v 0.07054135 1.64706707 -0.24331564
v 0.08761737 1.65760601 -0.24314041
v 0.09383860 1.64194584 -0.24244738
v 0.09556028 1.63684154 -0.24288900
v 0.04074869 1.58612061 -0.25344089
v 0.02819180 1.57807887 -0.25163716
v 0.03322473 1.62822652 -0.22646257
v 0.03575188 1.62184751 -0.22898571
v 0.08495721 1.61230004 -0.24773254
v 0.09785363 1.63360810 -0.26323679
v 0.09297386 1.63879156 -0.26095602
v 0.09173402 1.61824644 -0.24568918
v 0.10992077 1.67741370 -0.22295621
v 0.11025587 1.68012393 -0.22731081
v 0.08084211 1.65065098 -0.24698655
v 0.09242791 1.59836900 -0.25921124
v 0.10274354 1.62975776 -0.26018709
v 0.09824803 1.62514329 -0.26547867
v 0.09958026 1.58222926 -0.27925536
v 0.01378426 1.60116577 -0.29731467
v 0.11408111 1.66220379 -0.22820374
v 0.12000528 1.66760600 -0.22723421
v 0.11623237 1.67789376 -0.23489837
v 0.11247280 1.67981541 -0.23230481
v 0.05720517 1.56232786 -0.28925824
v 0.05438834 1.58728671 -0.26151466
v 0.01260468 1.54576099 -0.29354602
v 0.01624709 1.63378668 -0.24197225
v 0.01862192 1.64113450 -0.23334982
v 0.09840927 1.62438142 -0.24519584
v 0.09721628 1.60157108 -0.27964938
v 0.10209522 1.62638092 -0.26751482
v 0.10178587 1.62181389 -0.27361286
v 0.09628913 1.61867833 -0.27447122
v 0.10519949 1.62628865 -0.26226401
v 0.11775681 1.68451118 -0.23053356
v 0.12125102 1.68247235 -0.23309290
v 0.11566022 1.68499339 -0.22543715
v 0.11509189 1.68153274 -0.22144860
v 0.11559871 1.67739892 -0.21936637
v 0.12414405 1.67960095 -0.23266655
v 0.12530717 1.67609608 -0.23042561
v 0.12410250 1.67190552 -0.22625284
v 0.12848857 1.68309093 -0.23130676
v 0.12650564 1.68683052 -0.23127986
v 0.12603697 1.69281340 -0.22089866
v 0.12740794 1.69428110 -0.22348091
v 0.12461576 1.69204283 -0.22482964
v 0.12151876 1.69003737 -0.22375637
v 0.13051435 1.69512284 -0.21976107
v 0.13142321 1.69695485 -0.22254954
v 0.12908700 1.69380426 -0.22698587
v 0.12539688 1.69104218 -0.22775188
v 0.13334486 1.69677460 -0.22622997
v 0.13540694 1.69410014 -0.22827142
v 0.13126883 1.69128537 -0.22879231
v 0.12766221 1.68959570 -0.22931170
v 0.12245074 1.68864155 -0.22882527
v 0.13487777 1.69691157 -0.22014225
v 0.13879856 1.69687510 -0.22321169
v 0.13703284 1.69862700 -0.22522070
v 0.13444445 1.69851089 -0.22224799
v 0.12000653 1.68564522 -0.22016589
v 0.12567672 1.68941700 -0.21870159
v 0.13083223 1.69204152 -0.21793827
v 0.13549408 1.69375181 -0.21865973
v 0.12706187 1.68597615 -0.21713704
v 0.13223347 1.68911028 -0.21723902
v 0.13598594 1.69061434 -0.21827975
v 0.12936571 1.68300056 -0.21736698
v 0.13406327 1.68690026 -0.21794955
v 0.12032869 1.68122947 -0.21826586
v 0.12224498 1.67752028 -0.21821865
v 0.13621089 1.68865645 -0.21874923
v 0.13920251 1.69380176 -0.22187759
v 0.13239464 1.68870938 -0.23000799
v 0.13686040 1.69135082 -0.22868264
v 0.13351181 1.68610454 -0.22961932
v 0.13772443 1.68906224 -0.22793885
v 0.13821438 1.69626343 -0.22767046
v 0.13974193 1.69427288 -0.22698699
v 0.11761805 1.67353141 -0.21914491
v 0.12105867 1.67129111 -0.22228891
v 0.12525514 1.67530811 -0.22126928
v 0.13212553 1.68070555 -0.22026633
v 0.12795135 1.67613864 -0.22544001
v 0.12949631 1.67988276 -0.22924873
v 0.13418630 1.68378878 -0.22786999
v 0.13384542 1.68114519 -0.22455701
v 0.13795558 1.68677974 -0.22610778
v 0.13747892 1.68521464 -0.22353619
v 0.13619491 1.68533003 -0.22035711
v 0.13961193 1.68915462 -0.22405332
v 0.14007512 1.69153905 -0.22567527
v 0.13868371 1.69064116 -0.22105464
v 0.13785347 1.68812120 -0.22063102
v 0.13874397 1.68755341 -0.22271293
v 0.13114569 1.65333748 -0.24247241
v 0.12433520 1.64931703 -0.24280056
v 0.12692437 1.64615655 -0.24509272
v 0.13392028 1.65046775 -0.24522263
v 0.12531504 1.66252780 -0.25007501
v 0.11917773 1.65908790 -0.25131804
v 0.12017509 1.65632188 -0.24635068
v 0.12659553 1.65971649 -0.24513106
v 0.12691268 1.66143477 -0.25592890
v 0.12085423 1.65790963 -0.25724435
v 0.11200932 1.65456605 -0.25219050
v 0.10099581 1.64560115 -0.25265148
v 0.10218266 1.64260960 -0.24739920
v 0.11318460 1.65169764 -0.24717221
v 0.11200359 1.63125229 -0.25461364
v 0.10973951 1.62964809 -0.24973175
v 0.12206736 1.65278769 -0.24361050
v 0.12875280 1.65645993 -0.24257204
v 0.12307027 1.64039767 -0.25442278
v 0.13043657 1.64603019 -0.25463447
v 0.12935242 1.64498580 -0.24953592
v 0.12181643 1.63924146 -0.24917257
v 0.10632256 1.63156641 -0.24516433
v 0.10394153 1.63562536 -0.24195296
v 0.10295913 1.63962054 -0.24337095
v 0.12214753 1.64393687 -0.25916621
v 0.11110261 1.63573277 -0.25970376
v 0.10704181 1.64080548 -0.26202008
v 0.11858067 1.64888728 -0.26086777
v 0.11465332 1.64806485 -0.24369030
v 0.11884257 1.64079070 -0.24470007
v 0.11650935 1.64423931 -0.24235818
v 0.11392024 1.65319455 -0.25814027
v 0.12548122 1.65356326 -0.25986373
v 0.14256123 1.66005540 -0.25654030
v 0.14469847 1.65713871 -0.25388151
v 0.13685456 1.65068424 -0.25452784
v 0.13520631 1.65387940 -0.25775874
v 0.12920430 1.64922953 -0.25835338
v 0.13126120 1.65768969 -0.25859436
v 0.14342728 1.65663648 -0.24512267
v 0.14038441 1.65897107 -0.24189943
v 0.13799188 1.66190732 -0.24157569
v 0.10233352 1.64545846 -0.25965095
v 0.13571766 1.66471171 -0.24392357
v 0.13392773 1.66747618 -0.24859734
v 0.13620070 1.64947391 -0.24968326
v 0.14495364 1.65554035 -0.24935645
v 0.13900962 1.66312969 -0.25713864
v 0.13492605 1.66642308 -0.25458598
v 0.14228395 1.67066383 -0.25341281
v 0.14568409 1.66754639 -0.25595921
v 0.14112881 1.67204618 -0.24783275
v 0.14206544 1.66895115 -0.24342114
v 0.14362451 1.66578197 -0.24147174
v 0.14850876 1.66497362 -0.25565994
v 0.15015110 1.66211581 -0.25340056
v 0.15001294 1.65986693 -0.24917595
v 0.15446278 1.66926765 -0.25501493
v 0.15296087 1.67248118 -0.25524485
v 0.15950283 1.68232870 -0.24551940
v 0.15975723 1.68370831 -0.24856678
v 0.15526602 1.68069875 -0.24873298
v 0.15407184 1.67986822 -0.24591711
v 0.15213659 1.67865062 -0.24961597
v 0.14864668 1.67700994 -0.24772380
v 0.15720543 1.67924297 -0.25201368
v 0.15287587 1.67718697 -0.25234455
v 0.16141000 1.68359935 -0.25270021
v 0.16303656 1.68076706 -0.25449255
v 0.15789136 1.67729425 -0.25397646
v 0.15461937 1.67534959 -0.25392872
v 0.16447374 1.68465972 -0.24661654
v 0.16335151 1.68593144 -0.24868855
v 0.14891270 1.67483854 -0.25289845
v 0.14762548 1.67288959 -0.24356264
v 0.15412608 1.67693627 -0.24307722
v 0.16038987 1.68011820 -0.24332371
v 0.16530040 1.68211520 -0.24486069
v 0.15537241 1.67344308 -0.24108291
v 0.16137359 1.67730677 -0.24206561
v 0.16539714 1.67901301 -0.24419323
v 0.15744939 1.67011070 -0.24162610
v 0.16294876 1.67450809 -0.24294476
v 0.14864549 1.66894722 -0.24137045
v 0.15030435 1.66556048 -0.24179980
v 0.16534778 1.67680871 -0.24443147
v 0.16826537 1.68216681 -0.24849126
v 0.16786042 1.68506992 -0.25028300
v 0.16575900 1.68685246 -0.25248361
v 0.15893731 1.67510676 -0.25426084
v 0.16432378 1.67865813 -0.25377885
v 0.16039470 1.67318463 -0.25435561
v 0.16541693 1.67689896 -0.25337467
v 0.16653129 1.68354011 -0.25452769
v 0.16786745 1.68211412 -0.25329706
v 0.14583096 1.66270757 -0.24199694
v 0.14828357 1.66041374 -0.24489067
v 0.15262410 1.66323519 -0.24465671
v 0.15964529 1.66788459 -0.24493754
v 0.15442982 1.66317236 -0.24916351
v 0.15523109 1.66617811 -0.25323495
v 0.16088381 1.67063046 -0.25280648
v 0.16067275 1.66820335 -0.24949542
v 0.16544512 1.67476153 -0.25187805
v 0.16518101 1.67281818 -0.24943210
v 0.16449794 1.67257845 -0.24583232
v 0.16786858 1.67753029 -0.25040692
v 0.16841671 1.67993724 -0.25186014
v 0.16780564 1.67902911 -0.24741028
v 0.16665009 1.67609751 -0.24658781
v 0.16695932 1.67548442 -0.24902405
v 0.13385031 1.63302600 -0.25987244
v 0.12811968 1.63038349 -0.25966093
v 0.12975714 1.62595010 -0.26083070
v 0.13569883 1.62862062 -0.26109558
v 0.13056538 1.63996506 -0.26902676
v 0.12383935 1.63740849 -0.26907814
v 0.12505385 1.63688564 -0.26475823
v 0.13112018 1.63945651 -0.26507762
v 0.13174662 1.63768578 -0.27311647
v 0.12487170 1.63451147 -0.27352875
v 0.11732104 1.63436341 -0.26870561
v 0.10863188 1.62952995 -0.26811293
v 0.11065349 1.62847209 -0.26284295
v 0.11903438 1.63382840 -0.26386997
v 0.12662026 1.63435817 -0.26147777
v 0.13233480 1.63710427 -0.26182991
v 0.12525478 1.61833215 -0.26754382
v 0.13189873 1.62253606 -0.26861760
v 0.13120219 1.62309718 -0.26431659
v 0.12424156 1.61919177 -0.26327029
v 0.11206052 1.61589825 -0.25871852
v 0.11152205 1.62082362 -0.25697029
v 0.11153492 1.62509978 -0.25879446
v 0.12464234 1.62045908 -0.27248719
v 0.11422637 1.61446178 -0.27088606
v 0.11201569 1.61945152 -0.27458221
v 0.12141934 1.62540329 -0.27511558
v 0.12079427 1.63104856 -0.26031440
v 0.12321976 1.62206030 -0.25954470
v 0.12196878 1.62685335 -0.25835097
v 0.11809424 1.63089681 -0.27336743
v 0.12796268 1.62923300 -0.27514240
v 0.14573064 1.63465738 -0.27382132
v 0.14710280 1.63185334 -0.27067015
v 0.13815054 1.62579525 -0.26944795
v 0.13701144 1.62859416 -0.27338994
v 0.13103279 1.62444258 -0.27301824
v 0.13450894 1.63316703 -0.27498889
v 0.14441213 1.63321209 -0.26201636
v 0.14230666 1.63702738 -0.26014844
v 0.14073357 1.64081216 -0.26196504
v 0.10912374 1.62607455 -0.27341473
v 0.11453781 1.61190486 -0.26608187
v 0.13988742 1.64307380 -0.26472682
v 0.13957289 1.64411902 -0.26845101
v 0.13729849 1.62594378 -0.26499546
v 0.14617768 1.63098311 -0.26619801
v 0.14315280 1.63855183 -0.27485162
v 0.14039049 1.64231944 -0.27286673
v 0.14680472 1.64580297 -0.27276269
v 0.14931253 1.64213991 -0.27515584
v 0.14606199 1.64776504 -0.26836190
v 0.14623496 1.64610767 -0.26462805
v 0.14658830 1.64349246 -0.26209316
v 0.15163913 1.63842916 -0.27398410
v 0.15270063 1.63600254 -0.27119267
v 0.15132514 1.63444877 -0.26683056
v 0.15639415 1.64089096 -0.27419430
v 0.15514657 1.64517975 -0.27482510
v 0.16234604 1.65578544 -0.26718655
v 0.16282585 1.65616226 -0.26961282
v 0.15857098 1.65343285 -0.26924786
v 0.15769634 1.65359902 -0.26702797
v 0.15535876 1.65180504 -0.26982439
v 0.15224561 1.65092826 -0.26850194
v 0.15938291 1.65251756 -0.27296767
v 0.15544745 1.65032864 -0.27257627
v 0.16387925 1.65503812 -0.27350038
v 0.16500279 1.65124047 -0.27490216
v 0.16046897 1.64884698 -0.27415362
v 0.15685776 1.64796054 -0.27415282
v 0.16672084 1.65727472 -0.26849425
v 0.16604230 1.65774179 -0.27037701
v 0.15203372 1.64838505 -0.27252346
v 0.15118012 1.64874148 -0.26488045
v 0.15724811 1.65169382 -0.26447004
v 0.16242674 1.65399826 -0.26477033
v 0.16683123 1.65483975 -0.26618737
v 0.15753213 1.64882493 -0.26256108
v 0.16281143 1.65126991 -0.26338100
v 0.16644755 1.65198064 -0.26483893
v 0.15833339 1.64555621 -0.26178712
v 0.16355625 1.64849746 -0.26311916
v 0.15142414 1.64574659 -0.26245338
v 0.15195832 1.64209390 -0.26147574
v 0.16603819 1.64983261 -0.26457065
v 0.16992494 1.65315843 -0.26946893
v 0.16969445 1.65597117 -0.27190846
v 0.16783497 1.65714324 -0.27382410
v 0.16104761 1.64611661 -0.27477390
v 0.16586092 1.64863896 -0.27469483
v 0.16157278 1.64335346 -0.27371836
v 0.16634640 1.64651489 -0.27337208
v 0.16790113 1.65362656 -0.27510664
v 0.16907755 1.65204930 -0.27435079
v 0.14743200 1.63994241 -0.26101089
v 0.14916393 1.63632536 -0.26279923
v 0.15339550 1.63879025 -0.26314083
v 0.16001329 1.64245772 -0.26380646
v 0.15525106 1.63697982 -0.26726452
v 0.15650842 1.63839424 -0.27134490
v 0.16167656 1.64138758 -0.27127412
v 0.16097316 1.64064538 -0.26766944
v 0.16632852 1.64483094 -0.27101839
v 0.16575411 1.64423573 -0.26807663
v 0.16483226 1.64575136 -0.26492402
v 0.16866651 1.64775026 -0.27011499
v 0.16919997 1.64973509 -0.27249572
v 0.16869411 1.65052438 -0.26744011
v 0.16725877 1.64833903 -0.26618332
v 0.16777375 1.64660943 -0.26813477
v 0.11293212 1.61294460 -0.26225924
v 0.12790158 1.60148072 -0.27865124
v 0.12294862 1.60080802 -0.27725637
v 0.12366179 1.59690273 -0.27816260
v 0.12860551 1.59748697 -0.27951056
v 0.12605259 1.60648298 -0.28847200
v 0.12043634 1.60582376 -0.28714171
v 0.12097463 1.60639739 -0.28261560
v 0.12656561 1.60713410 -0.28405172
v 0.12659487 1.60268331 -0.29185861
v 0.12095043 1.60175705 -0.29074544
v 0.11424866 1.60445714 -0.28490078
v 0.10436574 1.60251915 -0.28161228
v 0.10654673 1.60265684 -0.27667212
v 0.11486575 1.60491872 -0.28030992
v 0.10389778 1.58517015 -0.27876472
v 0.10995445 1.58746135 -0.27944359
v 0.11013064 1.58954167 -0.27567840
v 0.10351375 1.58661938 -0.27408421
v 0.12193426 1.60435903 -0.27898729
v 0.12726566 1.60500813 -0.28052843
v 0.11860272 1.59039807 -0.28225982
v 0.12425020 1.59175181 -0.28443986
v 0.12421873 1.59370804 -0.28071678
v 0.11885312 1.59238183 -0.27853969
v 0.10337374 1.59033144 -0.27058595
v 0.11000571 1.59283948 -0.27295768
v 0.10918579 1.59667420 -0.27176797
v 0.10376695 1.59518647 -0.26803479
v 0.10859105 1.59999681 -0.27286324
v 0.11756232 1.59096467 -0.28635967
v 0.10881230 1.58782268 -0.28344038
v 0.10661671 1.59085381 -0.28699857
v 0.11616424 1.59453583 -0.28944361
v 0.11639985 1.60288262 -0.27675769
v 0.11834422 1.59548557 -0.27620390
v 0.11755952 1.59944606 -0.27512759
v 0.11444810 1.60056925 -0.28864241
v 0.12233075 1.59627163 -0.29121563
v 0.13583800 1.59470057 -0.29167080
v 0.13615838 1.59392095 -0.28818068
v 0.12951997 1.59254694 -0.28610778
v 0.12897375 1.59328306 -0.29029644
v 0.12359282 1.59245324 -0.28862959
v 0.12790278 1.59716320 -0.29270488
v 0.13500479 1.59855819 -0.28135589
v 0.13466749 1.60248768 -0.28046817
v 0.13398913 1.60583472 -0.28209388
v 0.10412982 1.59815288 -0.28661942
v 0.13371614 1.60782456 -0.28529924
v 0.13342014 1.60744023 -0.28936952
v 0.12928811 1.59430087 -0.28215060
v 0.13574448 1.59555078 -0.28425181
v 0.13494691 1.59835017 -0.29383433
v 0.13358513 1.60377526 -0.29286456
v 0.13927290 1.60493946 -0.29403841
v 0.14063355 1.59971726 -0.29499975
v 0.13895115 1.60826445 -0.29024428
v 0.13891944 1.60832596 -0.28629315
v 0.13878182 1.60617757 -0.28337806
v 0.14107361 1.59585559 -0.29246718
v 0.14091668 1.59534144 -0.28932714
v 0.14017251 1.59682643 -0.28590429
v 0.14605841 1.59748662 -0.29362756
v 0.14628193 1.60144615 -0.29589379
v 0.15292504 1.61145365 -0.29021537
v 0.15278867 1.61112714 -0.29246846
v 0.14981362 1.60998797 -0.29193151
v 0.14877358 1.61064410 -0.28981167
v 0.14659664 1.60890079 -0.29238486
v 0.14418510 1.60915089 -0.29078573
v 0.14986387 1.60792565 -0.29512051
v 0.14656308 1.60667551 -0.29455405
v 0.15383264 1.60915995 -0.29587349
v 0.15501764 1.60490346 -0.29651773
v 0.15123132 1.60384083 -0.29634404
v 0.14797327 1.60384440 -0.29601067
v 0.15677485 1.61150861 -0.29152161
v 0.15579787 1.61173403 -0.29325232
v 0.14368722 1.60589361 -0.29434586
v 0.14326039 1.60916901 -0.28723824
v 0.14837781 1.61025476 -0.28743744
v 0.15373930 1.61107254 -0.28795940
v 0.15768513 1.61006904 -0.28957942
v 0.14813116 1.60832393 -0.28544855
v 0.15338179 1.60882461 -0.28645787
v 0.15695015 1.60807645 -0.28803021
v 0.14759770 1.60553491 -0.28431207
v 0.15273359 1.60651028 -0.28568333
v 0.14267585 1.60716414 -0.28455916
v 0.14213088 1.60424590 -0.28326330
v 0.15554503 1.60673094 -0.28707319
v 0.15906474 1.60758781 -0.29177716
v 0.15903369 1.60895944 -0.29409328
v 0.15735969 1.60994399 -0.29621688
v 0.15155253 1.60124421 -0.29606119
v 0.15586916 1.60269678 -0.29582003
v 0.15107384 1.59900236 -0.29401469
v 0.15606055 1.60149717 -0.29373437
v 0.15756825 1.60652828 -0.29678628
v 0.15848443 1.60541439 -0.29539597
v 0.13899782 1.60312355 -0.28206676
v 0.13935938 1.59988630 -0.28279755
v 0.14267525 1.60064650 -0.28382632
v 0.14788941 1.60222244 -0.28479195
v 0.14380017 1.59772038 -0.28671944
v 0.14506021 1.59650850 -0.29024935
v 0.15031716 1.59835327 -0.29096729
v 0.14910141 1.59933138 -0.28750724
v 0.15518901 1.60106575 -0.29106450
v 0.15410236 1.60184789 -0.28836855
v 0.15307394 1.60397995 -0.28622949
v 0.15764639 1.60396528 -0.29074419
v 0.15857396 1.60442793 -0.29307047
v 0.15798983 1.60631526 -0.28968227
v 0.15622118 1.60531497 -0.28800628
v 0.15642086 1.60378397 -0.28906193
v 0.10401133 1.58574843 -0.28221625
v 0.02706093 1.64699197 -0.22611813
v 0.03137535 1.64346480 -0.22501984
v 0.03272757 1.63453448 -0.21913821
v 0.02797160 1.63165903 -0.21542698
v 0.02144903 1.63179576 -0.21342354
v 0.01708588 1.63513041 -0.21439995
v 0.01530501 1.64028168 -0.21697028
v 0.03384504 1.63944507 -0.22279529
v 0.02095050 1.64885795 -0.22548917
v 0.01580513 1.64611530 -0.22131266
v 0.01751640 1.65381777 -0.21462031
v 0.02235684 1.65608490 -0.21921329
v 0.01622316 1.64808881 -0.21023384
v 0.01833066 1.64204168 -0.20811190
v 0.02240628 1.63748348 -0.20830701
v 0.02842620 1.65362263 -0.22089419
v 0.03283110 1.64921331 -0.22061183
v 0.03458235 1.64379859 -0.21826199
v 0.02919218 1.66015685 -0.21577083
v 0.02408955 1.66494727 -0.21205904
v 0.02089581 1.66271210 -0.19611222
v 0.01920000 1.66680026 -0.19811924
v 0.01809743 1.66335917 -0.20055112
v 0.01897869 1.65892017 -0.19862977
v 0.01782528 1.66183448 -0.20293680
v 0.01759601 1.65658879 -0.20343632
v 0.01895386 1.66854215 -0.20413449
v 0.01894343 1.66579235 -0.20582338
v 0.02283901 1.67118645 -0.20759247
v 0.02147827 1.66835117 -0.20857647
v 0.01961330 1.67204297 -0.20161043
v 0.02059460 1.66986001 -0.19645362
v 0.02170828 1.67383122 -0.19893140
v 0.02286515 1.66770077 -0.19478528
v 0.01902628 1.66174018 -0.20844324
v 0.01976088 1.64838231 -0.20241190
v 0.02153125 1.65400767 -0.19767414
v 0.02381042 1.65935147 -0.19501974
v 0.02656236 1.66484630 -0.19445778
v 0.02621788 1.65005207 -0.19813660
v 0.02825135 1.65701556 -0.19599243
v 0.02980772 1.66236234 -0.19592957
v 0.03104481 1.64912748 -0.20129173
v 0.03180441 1.65653753 -0.19848566
v 0.02382714 1.64252412 -0.20325284
v 0.02913347 1.64074969 -0.20696248
v 0.03184775 1.66106725 -0.19760093
v 0.02897212 1.66973710 -0.19706956
v 0.02545324 1.67300951 -0.19682212
v 0.02682608 1.66978645 -0.20956586
v 0.02327451 1.67417336 -0.20504148
v 0.02762774 1.67300820 -0.20614147
v 0.03077739 1.66604114 -0.21089204
v 0.03141776 1.66999173 -0.20623979
v 0.02382091 1.67570853 -0.20212990
v 0.02729994 1.67466950 -0.20184395
v 0.02835706 1.63617015 -0.21106264
v 0.03321245 1.63845634 -0.21458390
v 0.03368214 1.64321280 -0.21101689
v 0.03503063 1.65136063 -0.20566493
v 0.03557974 1.64884305 -0.21455558
v 0.03355184 1.65518260 -0.21651615
v 0.03407744 1.66171002 -0.21065454
v 0.03607324 1.65620399 -0.20909524
v 0.03377029 1.66609788 -0.20553109
v 0.03478408 1.66215301 -0.20419316
v 0.03430495 1.65865743 -0.20139715
v 0.03257224 1.66756642 -0.20157790
v 0.03063902 1.67145312 -0.20150001
v 0.03120402 1.66622281 -0.19815287
v 0.03282231 1.66311169 -0.19948371
v 0.03353760 1.66465259 -0.20164874
v 0.09840611 1.58268487 -0.27300355
v 0.09732351 1.58701861 -0.26849520
v 0.09116906 1.58264911 -0.26905739
v 0.08405626 1.57735348 -0.27012566
v 0.07964334 1.57041252 -0.27669871
v 0.08153066 1.58256745 -0.26623154
v 0.08888751 1.58760297 -0.26505423
v 0.09706125 1.59357274 -0.26409233
v 0.07311854 1.58339608 -0.26487803
v -0.34295002 1.90814257 -0.14907859
v -0.34270054 1.90690148 -0.15277661
v -0.34388095 1.90052581 -0.15466653
v -0.34321958 1.90049028 -0.15157583
v -0.34346670 1.90072429 -0.14790387
v -0.34432757 1.90113294 -0.14403296
v -0.34617737 1.90882587 -0.13901469
v -0.34374791 1.90923154 -0.14403170
v -0.35228583 1.90295160 -0.13155128
v -0.35164881 1.90427995 -0.13326758
v -0.35155764 1.90210319 -0.13199249
v -0.34809867 1.90181053 -0.13681358
v -0.35054463 1.90208209 -0.13400593
v -0.34419838 1.90374780 -0.15769818
v -0.34481171 1.90243852 -0.15888436
v -0.34342310 1.90529108 -0.15552205
v -0.34581715 1.90159678 -0.14010534
v -0.34501794 1.90134978 -0.15870340
v -0.34467301 1.90074944 -0.15720129
v -0.34936225 1.90697789 -0.13558289
v -0.34350151 1.90303516 -0.14839970
v -0.34435257 1.90351057 -0.14437862
v -0.34585077 1.90655684 -0.13972372
v -0.34396482 1.90647936 -0.14438127
v -0.34774366 1.90380573 -0.13702062
v -0.34946510 1.90346861 -0.13517338
v -0.34343165 1.90250719 -0.15181305
v -0.34583679 1.90392995 -0.14025018
v -0.34310615 1.90571749 -0.14893967
v -0.34993294 1.90434897 -0.13483378
v -0.34810624 1.90564430 -0.13638026
v -0.34493530 1.90230441 -0.15799262
v -0.34495115 1.90188015 -0.15790179
v -0.34520373 1.65785599 -0.12698892
v -0.33591166 1.64119780 -0.12239131
v -0.34341988 1.90465999 -0.15247396
v -0.34466481 1.90181637 -0.15657777
v -0.34418803 1.90207398 -0.15450197
v -0.34391174 1.90366161 -0.15495187
v -0.34449929 1.90287125 -0.15687418
v -0.24050698 1.58234775 -0.32280827
v -0.24476029 1.56927323 -0.31317985
v -0.25267631 1.59224975 -0.37425113
v -0.27036309 1.58433628 -0.38590670
v -0.27102768 1.34636414 -0.13113347
v -0.42017764 1.40458977 -0.27216730
v -0.42460290 1.42290425 -0.27862495
v -0.47931325 1.42689192 -0.22164726
v -0.46873972 1.42203081 -0.23841394
v -0.30992803 1.40015221 -0.25151515
v -0.30793741 1.37999523 -0.24753907
v -0.27928069 1.39077497 -0.18934575
v -0.28060168 1.36811638 -0.18332879
v -0.29083961 1.35593224 -0.22476587
v -0.44701633 1.37448871 -0.25106594
v -0.45090157 1.39548993 -0.25025362
v -0.43428057 1.39093602 -0.26169616
v -0.43148208 1.37152421 -0.26348114
v -0.48033470 1.40816426 -0.19886597
v -0.48399994 1.42994690 -0.20151518
v -0.33004549 1.42328513 -0.27279806
v -0.35376772 1.42606831 -0.28470391
v -0.40347797 1.43426347 -0.29003727
v -0.42562526 1.44099402 -0.28437570
v -0.46121383 1.45807624 -0.26098108
v -0.44445881 1.44952548 -0.27425984
v -0.27315080 1.41425347 -0.17329372
v -0.27370134 1.43885446 -0.15558517
v -0.30973825 1.42135835 -0.25617272
v -0.27843574 1.41437209 -0.10314269
v -0.49259686 1.49468327 -0.23170817
v -0.47990179 1.48918343 -0.25159213
v -0.37859878 1.42978573 -0.29043829
v -0.30616647 1.59658182 -0.12727237
v -0.29722202 1.57989931 -0.12392599
v -0.29026654 1.58412683 -0.13926183
v -0.30091622 1.59971142 -0.14371277
v -0.28473580 1.58651841 -0.15555741
v -0.28086200 1.58831179 -0.17144781
v -0.27868736 1.58952403 -0.18601654
v -0.27895492 1.58702636 -0.22252464
v -0.27790231 1.58888459 -0.21131983
v -0.28464514 1.58072245 -0.24206334
v -0.28108689 1.58469772 -0.23237681
v -0.28987151 1.56983960 -0.25202245
v -0.29823893 1.55608320 -0.26246315
v -0.30931002 1.54219806 -0.27374005
v -0.31515422 1.55652070 -0.27571267
v -0.29249972 1.54143310 -0.25887489
v -0.28384107 1.55533433 -0.24884260
v -0.27757227 1.56451058 -0.23888676
v -0.29030597 1.53381014 -0.10920682
v -0.28751022 1.50934088 -0.11028945
v -0.35502511 1.67288136 -0.13041522
v -0.10329723 1.46828949 -0.38428137
v -0.04299504 1.57213104 -0.30629718
v -0.49237448 1.68666399 -0.22265807
v -0.49865183 1.68213701 -0.20239158
v -0.50863093 1.66928589 -0.18629533
v -0.50652993 1.68000889 -0.18500613
v -0.42702672 1.71227980 -0.28611571
v -0.45222014 1.70033431 -0.28018045
v -0.47263274 1.68999910 -0.26626295
v -0.48664942 1.68225372 -0.24674459
v -0.29422653 1.44114828 -0.23922001
v -0.50023073 1.65240014 -0.22850509
v -0.49003518 1.67162752 -0.25079030
v -0.47536498 1.67949378 -0.27250898
v -0.45297307 1.68939853 -0.28976488
v -0.42241618 1.70127583 -0.30063942
v -0.40473801 1.69870019 -0.31030852
v -0.39270896 1.67692459 -0.32947737
v -0.37955135 1.67299175 -0.33642584
v -0.36557910 1.68695593 -0.33344960
v -0.35309058 1.68095088 -0.34204957
v -0.36739653 1.66762567 -0.34504610
v -0.30047470 1.60293460 -0.38065436
v -0.29432255 1.58784628 -0.38481969
v -0.29565692 1.57291663 -0.38628146
v -0.30038291 1.55903792 -0.38514715
v -0.30775356 1.54917300 -0.38031709
v -0.31733578 1.54275775 -0.37245241
v -0.32893929 1.54298234 -0.36268187
v -0.35707232 1.56046581 -0.33789396
v -0.36641151 1.56703734 -0.33315492
v -0.39040089 1.56344986 -0.32600784
v -0.39728689 1.55805993 -0.32527286
v -0.42706066 1.51741290 -0.30667689
v -0.41929382 1.53040254 -0.31604841
v -0.43508342 1.50162208 -0.29779798
v -0.44861794 1.27597332 -0.27522239
v -0.44557300 1.29366958 -0.26740813
v -0.42684048 1.29478598 -0.28048652
v -0.42901784 1.27783704 -0.28641403
v -0.47756118 1.33338201 -0.20080334
v -0.46836597 1.33296978 -0.22204506
v -0.32913870 1.29176223 -0.28016344
v -0.35604805 1.29452682 -0.29063988
v -0.38209710 1.29568672 -0.29327586
v -0.40571859 1.29610169 -0.28911662
v -0.30756858 1.28723907 -0.26326627
v -0.27273500 1.25222528 -0.14642398
v -0.27416125 1.25901413 -0.16979779
v -0.28507453 1.24039364 -0.08543743
v -0.27845818 1.24275339 -0.10357110
v -0.29184520 1.28113544 -0.24268284
v -0.27391982 1.24675286 -0.12381411
v -0.27721518 1.26586270 -0.19377647
v -0.28172061 1.27333593 -0.21914196
v -0.44527489 1.31217194 -0.26130608
v -0.45924258 1.31162250 -0.24612245
v -0.45705950 1.33269405 -0.23979965
v -0.50696766 1.56028891 -0.23247439
v -0.49894309 1.56235409 -0.25162157
v -0.48992997 1.56464481 -0.27105922
v -0.48195893 1.58623588 -0.28801575
v -0.46611619 1.59224701 -0.30317488
v -0.46257192 1.57563305 -0.30228445
v -0.47865322 1.56925297 -0.28776070
v -0.43178180 1.60203457 -0.32093430
v -0.41786546 1.60428858 -0.32841235
v -0.41669959 1.59265268 -0.32697460
v -0.43004817 1.58914483 -0.32052153
v -0.40529370 1.59432435 -0.33301640
v -0.39390120 1.59306967 -0.33838496
v -0.38213336 1.59051609 -0.34129643
v -0.37069276 1.58634138 -0.34822088
v -0.37012941 1.60588527 -0.35763273
v -0.38140142 1.61168754 -0.35036212
v -0.43110830 1.61657751 -0.32229072
v -0.44864896 1.61402011 -0.31392431
v -0.50617301 1.59301627 -0.22877233
v -0.50984412 1.59030128 -0.20853627
v -0.32372779 1.53546941 -0.28615358
v -0.34032318 1.53051662 -0.29858682
v -0.35675275 1.52841365 -0.30789399
v -0.37175870 1.52822077 -0.31474161
v -0.38555655 1.53055429 -0.31949729
v -0.39886886 1.53442574 -0.32174587
v -0.41169986 1.54073763 -0.32105219
v -0.40444672 1.55008280 -0.32341874
v -0.42291144 1.54872012 -0.31887621
v -0.41378242 1.55761158 -0.32265851
v -0.43348154 1.55858564 -0.31603348
v -0.44149780 1.57008970 -0.31393814
v -0.44701305 1.58313990 -0.31318176
v -0.44928175 1.59773719 -0.31328177
v -0.48213077 1.60429215 -0.28957719
v -0.46611196 1.60957885 -0.30372024
v -0.49237815 1.61790836 -0.27238283
v -0.48951426 1.63486528 -0.27456456
v -0.49364907 1.58193874 -0.26997641
v -0.49390626 1.59988022 -0.27191567
v -0.44828701 1.72686732 -0.24762018
v -0.46570364 1.71846271 -0.23363206
v -0.33505604 1.55957103 -0.36547107
v -0.32690176 1.55279207 -0.36915398
v -0.33453727 1.55136728 -0.36214581
v -0.33868480 1.55685687 -0.36122948
v -0.32022184 1.55803788 -0.37506732
v -0.32738590 1.57316756 -0.37399089
v -0.31483826 1.56677020 -0.37931904
v -0.33088124 1.56503379 -0.37013388
v -0.31115407 1.57778800 -0.38136977
v -0.32390201 1.58246875 -0.37708199
v -0.31065762 1.58952904 -0.38147384
v -0.32221502 1.59180617 -0.37827867
v -0.32130411 1.59905672 -0.37890577
v -0.31314856 1.60040450 -0.38018900
v -0.35141838 1.62006140 -0.36847025
v -0.33974487 1.61263442 -0.37306219
v -0.32913446 1.60501301 -0.37665838
v -0.36138469 1.58050787 -0.35342485
v -0.35135925 1.57551718 -0.35975853
v -0.34127784 1.57038784 -0.36496931
v -0.33830541 1.57853460 -0.36951309
v -0.34943002 1.58343840 -0.36418796
v -0.36064449 1.58887577 -0.35880271
v -0.50759727 1.57705379 -0.22974582
v -0.50195724 1.57959247 -0.24988061
v -0.40557295 1.60471117 -0.33518004
v -0.39466092 1.60415077 -0.34095147
v -0.38326630 1.60142064 -0.34602523
v -0.37139112 1.59522295 -0.35289106
v -0.39317423 1.61505520 -0.34411299
v -0.40448338 1.61696959 -0.33750331
v -0.41685194 1.61721599 -0.33016732
v -0.50168306 1.59646630 -0.25000271
v -0.51194721 1.57452452 -0.20997187
v -0.29688671 1.66159654 -0.28184009
v -0.30297488 1.67845166 -0.29769492
v -0.31491256 1.68831408 -0.31771338
v -0.33290035 1.68880284 -0.33391824
v -0.49698985 1.71479392 -0.17833440
v -0.18841524 1.44676089 -0.37220746
v -0.51251769 1.52039063 -0.19345970
v -0.51598847 1.54007983 -0.19455191
v -0.49191880 1.45394802 -0.18513618
v -0.50110006 1.47477043 -0.18899995
v -0.46807951 1.35804319 -0.21832103
v -0.47547662 1.36075747 -0.19793004
v -0.47744328 1.38557494 -0.19738832
v -0.49401316 1.31247425 -0.18387374
v -0.48500478 1.33550084 -0.17753516
v -0.48012817 1.38830650 -0.17672233
v -0.48240471 1.41052794 -0.17916490
v -0.50086582 1.49684370 -0.21084386
v -0.51287228 1.55874431 -0.21272634
v -0.51739264 1.57475853 -0.19208652
v -0.51580250 1.58959937 -0.19008556
v -0.51505142 1.60507345 -0.18934703
v -0.25948268 1.55870914 -0.19205949
v -0.26799005 1.57436860 -0.19519404
v -0.26853034 1.57435858 -0.18190199
v -0.25995219 1.55878925 -0.17884223
v -0.26335043 1.55770123 -0.21504253
v -0.27082330 1.57225931 -0.21851429
v -0.26903099 1.57356465 -0.20742390
v -0.26072687 1.55840719 -0.20441003
v -0.27377304 1.56942534 -0.22868620
v -0.26703051 1.55535531 -0.22532907
v -0.25311679 1.54188967 -0.18965377
v -0.25449663 1.54207349 -0.20194241
v -0.25381351 1.54218292 -0.17659770
v -0.26159245 1.54073846 -0.22192304
v -0.25766665 1.54184377 -0.21245161
v -0.34796619 1.78558743 -0.11674151
v -0.33487681 1.79254198 -0.10974176
v -0.32843381 1.83715487 -0.10159057
v -0.33070922 1.84136581 -0.10234371
v -0.36715463 1.76985717 -0.11974104
v -0.37026635 1.76063454 -0.12074006
v -0.33095300 1.81824780 -0.09932979
v -0.32931411 1.80409837 -0.09867022
v -0.33186018 1.86412323 -0.10067303
v -0.33259356 1.86039710 -0.10099339
v -0.32985720 1.84928524 -0.09983874
v -0.33036372 1.84519804 -0.10016842
v -0.37342855 1.74970067 -0.12208712
v -0.36173019 1.77727258 -0.11678389
v -0.37788916 1.72554255 -0.12435243
v -0.37978321 1.71464825 -0.12542108
v -0.37560743 1.70528269 -0.13611054
v -0.37123245 1.69487762 -0.13525049
v -0.29685223 1.55463231 -0.10973817
v -0.31968117 1.60823631 -0.11464018
v -0.31139761 1.59302187 -0.11239537
v -0.32755029 1.62428212 -0.11802775
v -0.36360490 1.68483663 -0.13290530
v -0.37583616 1.73763800 -0.12331393
v -0.32964128 1.83222294 -0.09947818
v -0.33163327 1.82615554 -0.09990376
v -0.33197510 1.85643888 -0.10073916
v -0.33091015 1.85291278 -0.10026831
v -0.35057151 1.65553117 -0.11308177
v -0.34107524 1.63874388 -0.10835661
v -0.30455199 1.57444346 -0.11075634
v -0.29902709 1.52958846 -0.09569786
v -0.29704836 1.50575864 -0.09449423
v -0.36005142 1.67099845 -0.11755769
v -0.29787505 1.48185515 -0.09387785
v -0.37947589 1.09964824 -0.30931187
v -0.40374938 1.08225393 -0.30313140
v -0.42229107 1.10140526 -0.30414182
v -0.40463537 1.11416149 -0.30917037
v -0.38754007 1.15702152 -0.31033134
v -0.38380507 1.18426704 -0.31072628
v -0.38151050 1.21357131 -0.31001848
v -0.44332960 1.09438586 -0.29468828
v -0.47649682 1.11521387 -0.28383523
v -0.46472210 1.09175408 -0.27996463
v -0.41039276 1.21309829 -0.30940902
v -0.41289523 1.18637633 -0.31006205
v -0.41981909 1.12364137 -0.30804080
v -0.41782978 1.13831878 -0.30937862
v -0.39362949 1.13286805 -0.31117606
v -0.45411998 1.11615634 -0.29670009
v -0.43421373 1.11900747 -0.30441839
v -0.47842389 1.27235830 -0.24474564
v -0.48522317 1.25407290 -0.25319093
v -0.49983582 1.25340772 -0.23013410
v -0.40579015 1.27940464 -0.29379797
v -0.43217438 1.25958228 -0.29394329
v -0.51004851 1.10937274 -0.20069599
v -0.43924379 1.13841915 -0.30580968
v -0.48379111 1.13982058 -0.28455740
v -0.46110675 1.13918161 -0.29831249
v -0.48006001 1.21284330 -0.28140140
v -0.45936492 1.21314394 -0.29453886
v -0.46322381 1.18834090 -0.29607618
v -0.48425874 1.18910348 -0.28332013
v -0.43698052 1.21255755 -0.30385739
v -0.43463960 1.23764646 -0.30019885
v -0.47464606 1.23582745 -0.27706954
v -0.45565027 1.23709071 -0.29014182
v -0.45220685 1.25850296 -0.28322428
v -0.43974036 1.18732262 -0.30498105
v -0.48611915 1.16405535 -0.28401446
v -0.50531602 1.16527855 -0.26445639
v -0.51988125 1.16716444 -0.24004079
v -0.53198582 1.16681898 -0.21312653
v -0.53270996 1.19076705 -0.21210429
v -0.46937150 1.25615609 -0.26975000
v -0.46030900 1.29243422 -0.25258979
v -0.46372640 1.27443433 -0.26151162
v -0.45786983 1.35627925 -0.23640694
v -0.24679464 0.89458740 -0.18657956
v -0.40854105 1.05362189 -0.14209694
v -0.38698581 1.05414748 -0.13043833
v -0.27357954 1.14146590 -0.26174918
v -0.32991460 1.11494970 -0.30368224
v -0.36346692 1.12417948 -0.30946276
v -0.34478566 1.06177092 -0.11913750
v -0.31813931 1.07297790 -0.12206441
v -0.26004136 1.13918734 -0.23132245
v -0.26218617 1.11255825 -0.17540976
v -0.36765200 1.05656755 -0.12324920
v -0.41531342 1.16092205 -0.30990559
v -0.44050896 1.16138637 -0.30560684
v -0.46414235 1.16291094 -0.29805118
v -0.50291604 1.14169204 -0.26389924
v -0.51753694 1.14499235 -0.23762180
v -0.52880573 1.14590275 -0.21173728
v -0.30919516 1.11264956 -0.10244835
v -0.31417501 1.11858034 -0.09234750
v -0.30979520 1.12123287 -0.09799878
v -0.31695914 1.13071859 -0.08352792
v -0.32063818 1.11664009 -0.08503445
v -0.31799436 1.10549521 -0.09479452
v -0.32571477 1.10332370 -0.08780246
v -0.33439642 1.09169161 -0.09252486
v -0.27436942 1.23112726 -0.14682639
v -0.27435333 1.23839188 -0.17068028
v -0.28864753 1.21924961 -0.08659581
v -0.28168085 1.22145522 -0.10411413
v -0.29031473 1.26353729 -0.24539730
v -0.27681649 1.22518086 -0.12412555
v -0.27593082 1.24609792 -0.19541305
v -0.28070962 1.25510335 -0.22170249
v -0.52464104 1.23444641 -0.20518209
v -0.51666796 1.25541294 -0.20063041
v -0.29779691 1.21724844 -0.07179274
v -0.33768636 1.79231894 -0.10300164
v -0.35102183 1.78459001 -0.11034754
v -0.37297294 1.97505748 -0.12255397
v -0.47530338 1.76213896 -0.16894299
v -0.34914449 1.92428064 -0.11047329
v -0.33164728 1.84118247 -0.10071775
v -0.32957816 1.86689699 -0.09971250
v -0.38030291 1.70338142 -0.12588122
v -0.37669674 1.69242990 -0.12454851
v -0.40478250 1.05865896 -0.13714623
v -0.36858633 1.68292141 -0.12116122
v -0.41660267 1.05882096 -0.14642942
v -0.48622411 1.43325377 -0.18195628
v -0.36133763 0.43450320 -0.23534754
v -0.37434196 0.43861520 -0.24297172
v -0.36978441 0.40965569 -0.24365111
v -0.35738599 0.40566301 -0.23571220
v -0.38479280 0.44732565 -0.27436149
v -0.38593367 0.44418877 -0.26056972
v -0.37648708 0.44812876 -0.28650457
v -0.36376005 0.44648331 -0.29335690
v -0.36717057 0.41780186 -0.28967202
v -0.37956905 0.41941893 -0.28467774
v -0.35145956 0.44419467 -0.29407319
v -0.34256962 0.41316140 -0.29070944
v -0.33890918 0.44141638 -0.29177794
v -0.32268941 0.43785739 -0.28266847
v -0.32733428 0.41028929 -0.28115088
v -0.31225795 0.43197548 -0.26610366
v -0.31570122 0.40423536 -0.26686603
v -0.31210864 0.42712712 -0.24918266
v -0.34489551 0.42951810 -0.23216760
v -0.34145617 0.40133512 -0.23086333
v -0.38673246 0.41861463 -0.27315924
v -0.38475156 0.41532791 -0.26033503
v -0.37747118 0.41229141 -0.25133705
v -0.38173276 0.44139147 -0.25123376
v -0.36672163 0.38091993 -0.24265635
v -0.35546660 0.37770414 -0.23091018
v -0.39064240 0.39162385 -0.27182794
v -0.38217533 0.38692415 -0.25971293
v -0.37230322 0.39096451 -0.28742132
v -0.38533643 0.39310789 -0.28438109
v -0.34561205 0.38690352 -0.29391837
v -0.35928342 0.38903439 -0.29187822
v -0.35532448 0.41577029 -0.29177564
v -0.33093232 0.38369811 -0.28456587
v -0.31569362 0.37806582 -0.26897538
v -0.33755851 0.37411463 -0.22630511
v -0.37426710 0.38347590 -0.25141412
v -0.19623625 0.24622846 -0.23839344
v -0.19614063 0.25086784 -0.23690921
v -0.19703728 0.25066483 -0.23248926
v -0.19795914 0.24528706 -0.23168012
v -0.20084423 0.24147344 -0.19691166
v -0.19697191 0.25105441 -0.19314635
v -0.20277143 0.24994290 -0.18642053
v -0.20748132 0.23906970 -0.18742405
v -0.19531804 0.24213088 -0.21382245
v -0.19877879 0.23956132 -0.21661162
v -0.19762519 0.23961508 -0.22159228
v -0.19313917 0.24220037 -0.22173721
v -0.21580237 0.25699425 -0.26877707
v -0.21921974 0.25313008 -0.27013355
v -0.21908791 0.25384319 -0.27476442
v -0.21646988 0.25719678 -0.27509397
v -0.20538554 0.24906468 -0.24969262
v -0.20916905 0.24528611 -0.25134587
v -0.20882276 0.24643469 -0.25570935
v -0.20578781 0.24939919 -0.25645113
v -0.21692193 0.26107609 -0.20326921
v -0.22403447 0.26296306 -0.19088846
v -0.21186364 0.25437570 -0.18767390
v -0.20489085 0.25591171 -0.19827622
v -0.21953826 0.24697459 -0.18397814
v -0.23332968 0.25427616 -0.18730614
v -0.23405203 0.24688780 -0.19521001
v -0.22079161 0.24298108 -0.19181794
v -0.22645581 0.24579644 -0.20632863
v -0.21528833 0.24256134 -0.20210193
v -0.21836272 0.25122297 -0.21066621
v -0.20525879 0.24782705 -0.20748679
v -0.20968542 0.25253928 -0.22853521
v -0.20875429 0.25977528 -0.22301468
v -0.19787043 0.25276959 -0.22094950
v -0.19840775 0.24665678 -0.22796784
v -0.21115771 0.25838411 -0.21201161
v -0.19981638 0.25197542 -0.21273987
v -0.21560949 0.24855471 -0.20967561
v -0.21835552 0.24475098 -0.21653548
v -0.20588079 0.24147069 -0.21572466
v -0.20307256 0.24495006 -0.20846269
v -0.21553555 0.24586272 -0.22589569
v -0.20394886 0.24160147 -0.22489071
v -0.20973322 0.26179862 -0.24244550
v -0.21122491 0.25968885 -0.23203808
v -0.20248957 0.25349891 -0.23213503
v -0.20052974 0.25445199 -0.23933098
v -0.20585072 0.24590564 -0.22862610
v -0.21488611 0.25013149 -0.22989154
v -0.21677527 0.24683547 -0.23622808
v -0.20676351 0.24354899 -0.23471341
v -0.21464908 0.24833119 -0.24513674
v -0.20480090 0.24378419 -0.24196331
v -0.20993173 0.25556839 -0.24781297
v -0.20052142 0.24904013 -0.24437764
v -0.21802121 0.25943112 -0.26610678
v -0.21673918 0.26590836 -0.26182351
v -0.20857882 0.25855803 -0.25835830
v -0.21069381 0.25291920 -0.26219934
v -0.21602768 0.26407599 -0.25357193
v -0.20867103 0.25815547 -0.25201842
v -0.21111304 0.25345016 -0.24769302
v -0.21667144 0.25794363 -0.25053564
v -0.22141522 0.25073934 -0.25479060
v -0.21468174 0.24663532 -0.25131693
v -0.22158235 0.25180244 -0.26354614
v -0.21376206 0.24716198 -0.25929260
v -0.22687623 0.27064764 -0.28061810
v -0.21904282 0.26531613 -0.27729848
v -0.22139600 0.26018119 -0.28014365
v -0.23055279 0.26476109 -0.28320929
v -0.22438243 0.26976907 -0.27288678
v -0.21914296 0.26537824 -0.27103138
v -0.22154155 0.26048458 -0.26773286
v -0.22488296 0.26370180 -0.27032858
v -0.23014186 0.25624156 -0.27248108
v -0.22477344 0.25362039 -0.27000332
v -0.23180684 0.25825739 -0.27957538
v -0.22433706 0.25442123 -0.27760473
v -0.22766256 0.26620781 -0.21141377
v -0.23561317 0.27130485 -0.19549498
v -0.21115978 0.24048102 -0.19074972
v -0.24536285 0.26086247 -0.19257420
v -0.20808239 0.24013591 -0.19666678
v -0.23541535 0.24943006 -0.21405599
v -0.24611557 0.25225711 -0.20102559
v -0.22352627 0.25336409 -0.21121457
v -0.19283001 0.24797237 -0.21927737
v -0.22986478 0.25034475 -0.23381704
v -0.21956822 0.25375247 -0.23047355
v -0.19417256 0.24768233 -0.21427163
v -0.22240716 0.26652992 -0.22983569
v -0.22487670 0.26820672 -0.24968919
v -0.20042518 0.24217236 -0.23455310
v -0.19922353 0.24237013 -0.23853427
v -0.22983068 0.25267220 -0.25370151
v -0.21807274 0.25955892 -0.25115675
v -0.20430696 0.25404859 -0.25531197
v -0.23485012 0.25656569 -0.27120522
v -0.22538501 0.26406884 -0.27037793
v -0.20497364 0.25410652 -0.25155866
v -0.22953907 0.27302814 -0.26896247
v -0.21707864 0.26128018 -0.27423131
v -0.24220780 0.26094496 -0.28398064
v -0.24149731 0.26997125 -0.28890920
v -0.21623717 0.26132858 -0.27073023
v -0.23612204 0.27653790 -0.28387442
v -0.32624114 0.39786839 -0.23218231
v -0.33000439 0.42592525 -0.23260398
v -0.31829983 0.42428839 -0.23856571
v -0.31567532 0.39626467 -0.23943058
v -0.31279722 0.39926052 -0.25048715
v -0.32072532 0.37168121 -0.22980174
v -0.31063497 0.37096238 -0.23972546
v -0.31005806 0.37303352 -0.25237089
v -0.33423173 0.36218405 -0.29208329
v -0.35115790 0.36684632 -0.29980862
v -0.36556137 0.36889827 -0.29382724
v -0.37974185 0.37144578 -0.29005089
v -0.39334464 0.37383127 -0.28577155
v -0.33533463 0.35172415 -0.22682491
v -0.31511834 0.35092771 -0.22851053
v -0.30303138 0.35116577 -0.23934686
v -0.30326569 0.35315084 -0.25484741
v -0.24999315 0.28142238 -0.19748828
v -0.24212435 0.28289294 -0.21384597
v -0.25812173 0.29721630 -0.21617573
v -0.26846144 0.28817689 -0.20503151
v -0.23972216 0.28091526 -0.23158669
v -0.25508410 0.29793167 -0.23459175
v -0.24147943 0.28115392 -0.25069135
v -0.25752234 0.29649639 -0.25295764
v -0.24530852 0.28313863 -0.26959285
v -0.26152223 0.29572630 -0.27057070
v -0.24930015 0.28394473 -0.28636450
v -0.26621750 0.29324996 -0.28761852
v -0.25364649 0.27674675 -0.29545453
v -0.27058917 0.28533304 -0.29917243
v -0.26100299 0.26719522 -0.19561155
v -0.27860773 0.27509141 -0.20511661
v -0.26337197 0.25660157 -0.20677675
v -0.28116220 0.26281357 -0.21591431
v -0.25850317 0.25631201 -0.22249195
v -0.27737132 0.26278913 -0.23128518
v -0.27423131 0.27243972 -0.29562077
v -0.25662053 0.26480412 -0.29006922
v -0.25564024 0.25770676 -0.24177293
v -0.27487114 0.26520085 -0.24964797
v -0.25529030 0.25883865 -0.26051819
v -0.27482784 0.26629066 -0.26759812
v -0.25621685 0.26082861 -0.27679431
v -0.27519220 0.26793814 -0.28328627
v -0.27934730 0.31097925 -0.21983044
v -0.27198893 0.31672096 -0.23687673
v -0.27512538 0.31510735 -0.25420076
v -0.27986437 0.31211591 -0.27197552
v -0.28643948 0.30493748 -0.28933728
v -0.29131120 0.29509485 -0.30195960
v -0.30084848 0.33204591 -0.27849624
v -0.31020224 0.31398129 -0.29321098
v -0.31470495 0.30186605 -0.30323616
v -0.33725113 0.30865145 -0.30477870
v -0.33290172 0.32153165 -0.29901290
v -0.37318060 0.33153868 -0.30603296
v -0.35470077 0.32773387 -0.30302310
v -0.35870001 0.31504512 -0.30921143
v -0.37843570 0.31797767 -0.31210843
v -0.32438308 0.33838487 -0.29018730
v -0.34554207 0.34449780 -0.29631150
v -0.36282533 0.34888482 -0.29832470
v -0.40429699 0.32203329 -0.30493784
v -0.39982492 0.33761084 -0.30299640
v -0.38703862 0.33448088 -0.30589050
v -0.39243901 0.32015610 -0.31088424
v -0.41554719 0.32125235 -0.29148293
v -0.41274828 0.33791268 -0.29094243
v -0.41043386 0.33265352 -0.27212498
v -0.41411909 0.31708777 -0.27312130
v -0.38930750 0.35500562 -0.29586211
v -0.37629905 0.35140610 -0.29744822
v -0.40226194 0.35633624 -0.28767219
v -0.40029028 0.35167038 -0.27136350
v -0.39624190 0.32690048 -0.25963771
v -0.38836855 0.34672797 -0.26004770
v -0.40120703 0.31201303 -0.25969532
v -0.29053611 0.29630053 -0.21422474
v -0.29778120 0.28483558 -0.21765745
v -0.28980988 0.33565450 -0.25571489
v -0.28889158 0.33499098 -0.23817042
v -0.30441570 0.32911825 -0.22401610
v -0.31468707 0.30707037 -0.22055274
v -0.32004005 0.29361308 -0.22893661
v -0.33805463 0.31249368 -0.22894907
v -0.34121045 0.29996002 -0.23746005
v -0.29996234 0.27542853 -0.22759721
v -0.32074064 0.28749490 -0.23912162
v -0.34214064 0.29365420 -0.24650331
v -0.35790366 0.31674922 -0.23673573
v -0.36089835 0.30382085 -0.24286403
v -0.37174517 0.32060468 -0.24564105
v -0.37608340 0.30686033 -0.24831566
v -0.38849276 0.30917037 -0.25304079
v -0.38291523 0.32347798 -0.25283760
v -0.36786219 0.33940935 -0.24431652
v -0.37739536 0.34287214 -0.25208047
v -0.35341889 0.33440995 -0.23507930
v -0.33384508 0.33128738 -0.22658552
v -0.29516497 0.28203857 -0.30067414
v -0.31765309 0.29086399 -0.30322421
v -0.34016156 0.29861999 -0.30440712
v -0.36244786 0.30325127 -0.30734241
v -0.38137591 0.30578148 -0.30785680
v -0.39365527 0.30797791 -0.30591187
v -0.40410942 0.31007385 -0.30063012
v -0.41136128 0.31045508 -0.28900468
v -0.41059935 0.30779827 -0.27565688
v -0.40071306 0.30278563 -0.26552939
v -0.38977975 0.29880190 -0.25983772
v -0.36217040 0.29584229 -0.25133419
v -0.37781510 0.29669261 -0.25534010
v -0.35349321 0.35417509 -0.23084918
v -0.36718544 0.35871899 -0.24111679
v -0.37491253 0.36197841 -0.24992386
v -0.39307767 0.36991632 -0.27066588
v -0.38226539 0.36509955 -0.25938791
v -0.29853243 0.27292562 -0.24186562
v -0.29665178 0.27471232 -0.25916138
v -0.29661524 0.27570736 -0.27591160
v -0.29659450 0.27713239 -0.29013640
v -0.31930825 0.28585672 -0.29492304
v -0.32002604 0.28450966 -0.28239590
v -0.32063079 0.28343403 -0.26666570
v -0.32050195 0.28439152 -0.25112826
v -0.34180725 0.29262769 -0.29664284
v -0.34244835 0.29045928 -0.28563815
v -0.34381935 0.28945577 -0.27141798
v -0.34285003 0.28993130 -0.25768808
v -0.36355376 0.29192162 -0.26146948
v -0.36499843 0.29267526 -0.27373084
v -0.36356735 0.29439163 -0.28668332
v -0.36369178 0.29726171 -0.29744667
v -0.38082427 0.30064106 -0.29777762
v -0.37984526 0.29814446 -0.28730059
v -0.38052475 0.29607654 -0.27548903
v -0.37921232 0.29464066 -0.26506370
v -0.39122456 0.30299437 -0.29684401
v -0.40510523 0.30544198 -0.28692648
v -0.39931318 0.30477917 -0.29369900
v -0.40546623 0.30348861 -0.27839023
v -0.39811593 0.30023932 -0.27220568
v -0.38927406 0.29715586 -0.26827568
v -0.39612743 0.30090249 -0.27884579
v -0.38929769 0.29866993 -0.27722359
v -0.38920316 0.30066836 -0.28762519
v -0.39602250 0.30258048 -0.28696242
v -0.40093255 0.30283678 -0.28085774
v -0.40079945 0.30366170 -0.28494847
v -0.31553334 0.35439920 -0.27379948
v -0.49096525 1.72689223 -0.17495042
v -0.50994730 1.65777564 -0.18665144
v -0.29391420 0.70824194 -0.17842177
v -0.28043520 0.70617920 -0.18742952
v -0.27067196 0.70918989 -0.19885230
v -0.25918883 1.13724208 -0.20118430
v -0.27443069 1.34750390 -0.15468203
v -0.27363279 1.39043546 -0.16688736
v -0.27450472 1.36778951 -0.16022599
v -0.25361618 1.11480260 -0.20265055
v -0.29530278 1.41824031 -0.23666140
v -0.52209324 1.12790763 -0.20723845
v -0.51400083 1.61941814 -0.18899082
v -0.27792102 1.58973908 -0.19932637
v -0.52969646 1.21272492 -0.20949230
v -0.39442489 1.87448883 -0.22098587
v -0.39690876 1.87317157 -0.21947189
v -0.39729300 1.86928463 -0.21900353
v -0.40181074 1.86756325 -0.21987888
v -0.40488383 1.86566675 -0.22075909
v -0.40621817 1.86435127 -0.22207549
v -0.39916149 1.86955547 -0.22111304
v -0.40257654 1.87197983 -0.22149445
v -0.39840892 1.87163067 -0.22088659
v -0.39748892 1.87136173 -0.22118986
v -0.33344844 1.62084055 -0.10439348
v -0.32555056 1.60419583 -0.10133893
v -0.31705683 1.58916104 -0.09947295
v -0.31099424 1.57032025 -0.09826578
v -0.32933989 1.83713567 -0.09949709
v -0.29645997 1.29525793 -0.06695542
v -0.29651600 1.30689406 -0.06785533
v -0.47982967 1.36395597 -0.17578845
v -0.29254478 1.25796139 -0.06722310
v -0.29333299 1.32169771 -0.06828431
v -0.50826162 1.49803400 -0.19191220
v -0.30487591 1.55138183 -0.09708931
v -0.29443777 1.23860097 -0.06929302
v -0.51952994 1.55906034 -0.19427025
v -0.28939110 1.34324741 -0.06974906
v -0.31245947 1.14876986 -0.08161677
v -0.29011691 1.41287088 -0.08178560
v -0.39438194 1.94689965 -0.08365776
v -0.40670779 1.93662941 -0.07742853
v -0.39400098 1.93030977 -0.07805307
v -0.38197854 1.93643892 -0.08439008
v -0.38421327 1.92332780 -0.07694591
v -0.37444329 1.92643094 -0.08355866
v -0.41633508 1.92415595 -0.07514167
v -0.40360820 1.92063427 -0.07511618
v -0.40556145 1.88432312 -0.06736176
v -0.40649667 1.89335084 -0.07042666
v -0.41604891 1.88891733 -0.06915043
v -0.41448727 1.87669778 -0.06701451
v -0.40046278 1.85792637 -0.06536982
v -0.40940866 1.84672391 -0.06767830
v -0.39612973 1.84139788 -0.06676458
v -0.38904431 1.85263968 -0.06654351
v -0.35760537 1.87304294 -0.08696735
v -0.36194360 1.87837505 -0.08550504
v -0.36411381 1.87266779 -0.08013442
v -0.35955763 1.86640739 -0.08222975
v -0.35082105 1.88465893 -0.09392480
v -0.34430084 1.88947213 -0.09586354
v -0.34979165 1.89363122 -0.09791570
v -0.35549897 1.88850629 -0.09490149
v -0.35320717 1.86792588 -0.09043800
v -0.35541376 1.86108017 -0.08575864
v -0.35120660 1.87541068 -0.09104303
v -0.35539281 1.87898183 -0.09097473
v -0.33913144 1.87268329 -0.08914582
v -0.33391911 1.87436163 -0.08996591
v -0.33542398 1.87995577 -0.08992913
v -0.34213975 1.87712848 -0.08925760
v -0.34850648 1.86917710 -0.08974823
v -0.34434429 1.86672354 -0.09182490
v -0.34300074 1.86997437 -0.08982012
v -0.34675738 1.87312818 -0.08902760
v -0.34618336 1.88072157 -0.09224723
v -0.33931053 1.88501155 -0.09301949
v -0.33211026 1.88796759 -0.09403563
v -0.32755694 1.88123667 -0.09115075
v -0.36577216 1.85212874 -0.07371178
v -0.36046642 1.84909284 -0.07695501
v -0.35758138 1.85513306 -0.08072494
v -0.36207575 1.85948038 -0.07745142
v -0.34675550 1.86283088 -0.09157977
v -0.34299800 1.84742022 -0.08695186
v -0.33750480 1.84934223 -0.09045177
v -0.33869323 1.85347676 -0.09087399
v -0.34447208 1.85154057 -0.08681909
v -0.37298980 1.83558822 -0.07070033
v -0.37482595 1.82632136 -0.07158531
v -0.36564547 1.82843113 -0.07451335
v -0.36526647 1.83564949 -0.07400769
v -0.36409995 1.82173884 -0.07652919
v -0.37339711 1.81718683 -0.07380928
v -0.36287254 1.80281556 -0.08029525
v -0.35339123 1.81182551 -0.08127378
v -0.35981694 1.81648743 -0.07906605
v -0.36950290 1.80948973 -0.07686664
v -0.34194946 1.81921232 -0.08839992
v -0.34558165 1.80816531 -0.08381600
v -0.33790961 1.80553615 -0.08768022
v -0.33684307 1.81835032 -0.09222298
v -0.34477967 1.84051502 -0.08889756
v -0.34330523 1.84374666 -0.08774351
v -0.34780958 1.84210968 -0.08546655
v -0.34866619 1.83967423 -0.08645538
v -0.35296255 1.83872616 -0.08363342
v -0.35236749 1.83967268 -0.08343789
v -0.35331216 1.84043527 -0.08197516
v -0.35436714 1.83846819 -0.08220287
v -0.35129380 1.83911693 -0.08494921
v -0.35206908 1.83781338 -0.08442105
v -0.34957281 1.83729100 -0.08569504
v -0.34535781 1.83719063 -0.08736595
v -0.33246699 1.83718038 -0.09539030
v -0.33401865 1.84132552 -0.09714635
v -0.33645651 1.84109378 -0.09493443
v -0.33540288 1.83727968 -0.09263287
v -0.35126382 1.84234941 -0.08279778
v -0.34798557 1.84481502 -0.08434344
v -0.34943992 1.84814036 -0.08344910
v -0.35274661 1.84449506 -0.08102182
v -0.35591033 1.84682393 -0.07910253
v -0.35845718 1.84172082 -0.07753488
v -0.35508242 1.84101534 -0.07988276
v -0.35374591 1.83649194 -0.08319966
v -0.35654330 1.83776498 -0.08005791
v -0.35644957 1.83440971 -0.08116039
v -0.35385704 1.83170712 -0.08231230
v -0.35108671 1.83502328 -0.08428813
v -0.34675664 1.83403361 -0.08588995
v -0.34950966 1.82958651 -0.08393484
v -0.34410995 1.82800627 -0.08678448
v -0.34121263 1.83317983 -0.08827864
v -0.35246259 1.85162127 -0.08235367
v -0.35998178 1.83672082 -0.07731113
v -0.36308163 1.84263301 -0.07496162
v -0.36034268 1.83149397 -0.07815470
v -0.35799298 1.82709241 -0.07970772
v -0.34803316 1.82092571 -0.08469234
v -0.35360473 1.82360125 -0.08157848
v -0.35472381 1.79726303 -0.08403389
v -0.34693295 1.79385209 -0.08969514
v -0.37981418 1.91705155 -0.07877901
v -0.37275204 1.91856146 -0.08499269
v -0.38168669 1.90876436 -0.07903175
v -0.37791109 1.91015363 -0.08157137
v -0.37861195 1.91297948 -0.08102278
v -0.38344574 1.91080141 -0.07817711
v -0.39927286 1.89706230 -0.07336134
v -0.39885288 1.89059258 -0.07065921
v -0.39369130 1.89602315 -0.07485922
v -0.39330173 1.90015054 -0.07583188
v -0.38197082 1.89043605 -0.07683733
v -0.38067934 1.89756680 -0.07922975
v -0.38461649 1.89777577 -0.07783611
v -0.38726789 1.89080000 -0.07471414
v -0.37705994 1.89762270 -0.08159392
v -0.37732396 1.89109576 -0.07997483
v -0.37360024 1.89265788 -0.08369163
v -0.37405014 1.89823151 -0.08473958
v -0.37399340 1.91416788 -0.08661424
v -0.37407967 1.91097069 -0.08581434
v -0.37155440 1.91045487 -0.09150435
v -0.37042600 1.91395545 -0.09307903
v -0.36866406 1.90290964 -0.10077951
v -0.36585858 1.90313756 -0.10276890
v -0.36659658 1.90744066 -0.10283767
v -0.36905864 1.90551674 -0.10017894
v -0.36840773 1.90132368 -0.09888988
v -0.36622417 1.90007997 -0.09982385
v -0.39866951 1.96838617 -0.09423126
v -0.41005287 1.95818281 -0.08395144
v -0.38232303 1.95399666 -0.09388052
v -0.42199370 1.94375932 -0.07934640
v -0.42990810 1.92823243 -0.07603687
v -0.40136889 1.83028126 -0.06779467
v -0.38688621 1.82690942 -0.06874947
v -0.38362199 1.83752596 -0.06823122
v -0.40341553 1.81854129 -0.07100070
v -0.38684168 1.81586790 -0.07126573
v -0.37844566 1.79628813 -0.08329240
v -0.38425982 1.80471277 -0.07596605
v -0.42177188 1.82396531 -0.07350904
v -0.42443961 1.81413341 -0.07905781
v -0.40383688 1.80651140 -0.07757843
v -0.44068068 1.82485604 -0.08275583
v -0.44646183 1.82014871 -0.08847472
v -0.42915753 1.80345297 -0.08765431
v -0.40870002 1.76936412 -0.09613159
v -0.42596972 1.77275193 -0.09060910
v -0.42736161 1.75979877 -0.09019976
v -0.41022858 1.75705099 -0.09489316
v -0.41786093 1.83525884 -0.07003909
v -0.42717788 1.89808488 -0.07361677
v -0.42747381 1.88320088 -0.07021488
v -0.41500366 1.90089321 -0.07214803
v -0.46008050 1.95348167 -0.08884235
v -0.46216661 1.93416500 -0.08376706
v -0.44579428 1.93183482 -0.07907768
v -0.44001743 1.94975650 -0.08448817
v -0.44523662 1.98754525 -0.11362351
v -0.45435345 1.97176147 -0.09886187
v -0.43043241 1.96709919 -0.09082244
v -0.41926178 1.98104095 -0.10306448
v -0.47835436 1.93368602 -0.08897442
v -0.48034021 1.95082641 -0.09624615
v -0.49969134 1.94167960 -0.10418479
v -0.49201065 1.92780185 -0.09549888
v -0.47970149 1.96818352 -0.10913555
v -0.50315756 1.95790386 -0.11953455
v -0.45676783 1.82217312 -0.09549095
v -0.44934085 1.80406523 -0.09231875
v -0.44449386 1.78857505 -0.09144558
v -0.42576891 1.78679085 -0.09071247
v -0.50289756 1.97032249 -0.13773866
v -0.47504252 1.98306990 -0.12671719
v -0.52009094 1.89239049 -0.12319293
v -0.50887972 1.88796747 -0.11017032
v -0.50700963 1.90378344 -0.10477962
v -0.52016658 1.91181254 -0.11823265
v -0.53229952 1.89681864 -0.13875888
v -0.53081656 1.91906381 -0.13483995
v -0.50061810 1.83989692 -0.12707932
v -0.50838214 1.83977795 -0.14105332
v -0.49637100 1.82340479 -0.13913974
v -0.49224034 1.82274413 -0.12472181
v -0.39305788 1.91748762 -0.07357047
v -0.39996731 1.91015339 -0.07332518
v -0.39224273 1.90893364 -0.07472424
v -0.38664767 1.91381800 -0.07563463
v -0.42320961 1.91138363 -0.07529654
v -0.41045010 1.91103590 -0.07465327
v -0.45038444 1.91573977 -0.07891007
v -0.46274823 1.91805363 -0.08171932
v -0.48763812 1.91496027 -0.09064246
v -0.47599301 1.91816378 -0.08555971
v -0.49939173 1.88345957 -0.10167554
v -0.49760744 1.89365435 -0.09900433
v -0.47162193 1.82816243 -0.10185926
v -0.48177505 1.82495761 -0.11194718
v -0.47276765 1.80805469 -0.11187901
v -0.46438259 1.80771041 -0.10120377
v -0.48780435 1.80668163 -0.13596305
v -0.48078337 1.80714440 -0.12412722
v -0.45821124 1.77538466 -0.09873697
v -0.46696264 1.77643764 -0.11086538
v -0.46962446 1.76335287 -0.10962389
v -0.45854053 1.76226878 -0.09896044
v -0.47784400 1.76320791 -0.12093438
v -0.47405469 1.77713370 -0.12316372
v -0.47934517 1.77699935 -0.13471225
v -0.48169613 1.76132274 -0.13248533
v -0.38591230 1.75245190 -0.10881746
v -0.39641121 1.75467205 -0.10245188
v -0.39862439 1.74314582 -0.10124433
v -0.38790971 1.74135554 -0.10893181
v -0.46173280 1.75056648 -0.09882842
v -0.47416303 1.75262403 -0.10733756
v -0.49209359 1.84261632 -0.11469336
v -0.48584086 1.84464908 -0.10246202
v -0.48332891 1.75228667 -0.11908621
v -0.46846974 1.79215014 -0.11192661
v -0.47485813 1.79217613 -0.12417444
v -0.48971355 1.80769253 -0.14980420
v -0.49992910 1.82470536 -0.15300417
v -0.35956621 1.88341689 -0.09064655
v -0.36868727 1.89634204 -0.09214224
v -0.36722237 1.89800560 -0.09622207
v -0.36885568 1.90069580 -0.09603882
v -0.36993423 1.89983678 -0.09234297
v -0.35955626 1.93896127 -0.10210822
v -0.37069046 1.93925178 -0.09272861
v -0.36404291 1.92649734 -0.09124021
v -0.35589078 1.92325592 -0.10201511
v -0.38094577 1.86703992 -0.06816459
v -0.37264216 1.85751963 -0.07058810
v -0.36731112 1.86588275 -0.07475629
v -0.37263191 1.87415051 -0.07433891
v -0.38955978 1.90199780 -0.07709243
v -0.38750997 1.90440655 -0.07725362
v -0.39075238 1.90405762 -0.07646067
v -0.36975259 1.84420729 -0.07165276
v -0.37838209 1.84753621 -0.06866008
v -0.42532724 1.86848736 -0.06982157
v -0.40475085 1.90234029 -0.07270168
v -0.43481037 1.99686193 -0.13072647
v -0.40724027 1.98851800 -0.11735287
v -0.46585757 1.99285424 -0.14648136
v -0.49432516 1.97995365 -0.15988432
v -0.53397632 1.92531645 -0.15481630
v -0.53210318 1.93310142 -0.17547688
v -0.53977603 1.90596116 -0.18018317
v -0.53831899 1.89949226 -0.15654418
v -0.51543409 1.83866572 -0.15678361
v -0.48131076 1.77711308 -0.14563197
v -0.48203117 1.76146245 -0.14442500
v -0.38506019 1.97359896 -0.10884482
v -0.37093112 1.95612812 -0.10479078
v -0.43610674 1.91198754 -0.07681308
v -0.40128219 1.87650084 -0.06531802
v -0.39296696 1.87038827 -0.06520315
v -0.38925201 1.88195467 -0.06845767
v -0.39552841 1.88545191 -0.06853618
v -0.40989900 1.86594117 -0.06602612
v -0.42055607 1.85532260 -0.06963812
v -0.43308637 1.84480298 -0.07387797
v -0.43693796 1.83252561 -0.07727945
v -0.51390058 1.92876863 -0.11375594
v -0.50303364 1.91890121 -0.10194201
v -0.52272737 1.94931841 -0.14790678
v -0.51986718 1.93979287 -0.12890618
v -0.49723426 1.90941072 -0.09707941
v -0.51844156 1.96003032 -0.16898908
v -0.34019002 1.85771108 -0.09183442
v -0.34068581 1.86186290 -0.09392229
v -0.34775114 1.85685897 -0.08757113
v -0.33651391 1.83254826 -0.09130846
v -0.33926916 1.82678080 -0.09042238
v -0.33561882 1.82627201 -0.09422962
v -0.33317575 1.83234298 -0.09464754
v -0.35980704 1.78683257 -0.09717260
v -0.36864746 1.79034376 -0.09052755
v -0.38250661 1.76315558 -0.10798804
v -0.39370173 1.76560307 -0.10261604
v -0.33837536 1.87092102 -0.09335162
v -0.34026796 1.86989045 -0.09383801
v -0.33910912 1.87034535 -0.09541932
v -0.33744228 1.87134647 -0.09457915
v -0.35077983 1.84083104 -0.08413883
v -0.33381313 1.84987712 -0.09391350
v -0.33446974 1.84564042 -0.09418635
v -0.33241153 1.84544444 -0.09660582
v -0.33172846 1.84944022 -0.09647221
v -0.40042773 1.79280663 -0.08837247
v -0.40648603 1.78167927 -0.09546412
v -0.44497150 1.76111746 -0.09294129
v -0.44338471 1.77465117 -0.09184080
v -0.45941287 1.79043162 -0.09913105
v -0.48170298 1.79197919 -0.13462794
v -0.48441339 1.79248381 -0.14722417
v -0.48362923 1.79263234 -0.15969025
v -0.49000186 1.80924487 -0.16243325
v -0.38272971 1.78376698 -0.09610426
v -0.39024138 1.77562809 -0.10093914
v -0.37856725 1.77269626 -0.10649552
v -0.37158349 1.77999997 -0.10310215
v -0.33391729 1.86857224 -0.09742105
v -0.33608237 1.86710691 -0.09746267
v -0.33415502 1.86484647 -0.09854274
v -0.33173245 1.86751199 -0.09785062
v -0.34185082 1.86778796 -0.09361334
v -0.34062633 1.86488032 -0.09509262
v -0.34082332 1.86690092 -0.09571196
v -0.34090140 1.86925077 -0.09223815
v -0.33846837 1.87107384 -0.09170285
v -0.33224112 1.87239528 -0.09395576
v -0.32765490 1.87353241 -0.09219776
v -0.33509663 1.87214756 -0.09209414
v -0.33637536 1.86983895 -0.09665959
v -0.33795595 1.86823893 -0.09714754
v -0.34051865 1.86864924 -0.09603415
v -0.34124357 1.86887276 -0.09444550
v -0.33430722 1.87194347 -0.09461160
v -0.33627537 1.87166739 -0.09360139
v -0.33755270 1.89310765 -0.09748007
v -0.37503505 1.76136446 -0.11436748
v -0.37189218 1.77063847 -0.11301045
v -0.35230204 1.83907247 -0.08413307
v -0.36777353 1.91883969 -0.09321803
v -0.38157061 1.88112831 -0.07111819
v -0.36581907 1.88377941 -0.08560707
v -0.36861429 1.88911235 -0.08660605
v -0.37185046 1.88609219 -0.08159217
v -0.36866963 1.87935710 -0.08028693
v -0.36328530 1.91551387 -0.10071058
v -0.36128199 1.90979421 -0.10474098
v -0.35392654 1.91223252 -0.10533898
v -0.36016452 1.90333247 -0.10406122
v -0.36198005 1.89816785 -0.10093204
v -0.35592347 1.89661801 -0.09979604
v -0.35126477 1.90370858 -0.10313369
v -0.38751304 1.90778923 -0.07709071
v -0.38500556 1.90679002 -0.07784674
v -0.36004338 1.89178562 -0.09580453
v -0.36410797 1.89468575 -0.09657039
v -0.36619559 1.89189625 -0.09182626
v -0.36324301 1.88761675 -0.09106050
v -0.37590501 1.88317204 -0.07630606
v -0.39667451 1.90340555 -0.07464896
v -0.39135084 1.89266980 -0.07414073
v -0.47114658 1.84255838 -0.09699515
v -0.48079664 1.85252476 -0.09742382
v -0.45395249 1.83865762 -0.08589417
v -0.45742312 1.84000182 -0.08843264
v -0.45280960 1.83338189 -0.09169905
v -0.44978544 1.83415246 -0.08706447
v -0.48374319 1.88683963 -0.09106160
v -0.47953659 1.88735223 -0.09001625
v -0.48003006 1.89386165 -0.08950108
v -0.48633817 1.89208114 -0.09294291
v -0.47389635 1.89116454 -0.08745408
v -0.47324362 1.88781846 -0.08767884
v -0.47000295 1.88800335 -0.08622414
v -0.47240901 1.89448953 -0.08691815
v -0.46464610 1.89360797 -0.08524906
v -0.46341959 1.90460587 -0.08287582
v -0.47381362 1.90528464 -0.08593416
v -0.44194856 1.89379358 -0.07659472
v -0.45337868 1.90175319 -0.08169342
v -0.45792523 1.88969874 -0.08429565
v -0.45186254 1.88142467 -0.08208624
v -0.44564092 1.84592175 -0.07920976
v -0.44748473 1.83699453 -0.08029769
v -0.46033472 1.83613169 -0.09594534
v -0.52823174 1.87629867 -0.14084509
v -0.51658219 1.87474668 -0.12562726
v -0.50656968 1.87229025 -0.11251131
v -0.49716717 1.87106931 -0.10360196
v -0.53598100 1.87895274 -0.15758865
v -0.54001534 1.87605762 -0.17428873
v -0.43938047 1.87606966 -0.07425652
v -0.44916767 1.86831748 -0.07881913
v -0.50938827 1.85692787 -0.12662962
v -0.51980388 1.85733211 -0.14211173
v -0.50008380 1.85661066 -0.11441766
v -0.49258357 1.85863125 -0.10453069
v -0.52620655 1.86070943 -0.15999377
v -0.52718353 1.85708392 -0.17601113
v -0.51534325 1.83738995 -0.17110154
v -0.45738980 1.84640527 -0.07965517
v -0.45618361 1.84057224 -0.07854262
v -0.45324069 1.83897209 -0.08039880
v -0.45243400 1.84520233 -0.07953818
v -0.44717541 1.85684693 -0.07892239
v -0.43729517 1.86051357 -0.07422650
v -0.34362018 1.89834559 -0.09999453
v -0.33257902 1.80466032 -0.09283758
v -0.33327073 1.81838608 -0.09561082
v -0.33568200 1.85774648 -0.09541459
v -0.33456692 1.85383379 -0.09444502
v -0.33247945 1.85316122 -0.09705636
v -0.33348072 1.85700965 -0.09790765
v -0.36814404 1.91138971 -0.09914167
v -0.50108987 1.82456160 -0.16705739
v -0.47990912 1.77832055 -0.15856142
v -0.47996289 1.76181293 -0.15666871
v -0.48736274 1.74981463 -0.13168328
v -0.48737183 1.74872017 -0.14439635
v -0.33420032 1.86098146 -0.09869696
v -0.33656198 1.86150730 -0.09652980
v -0.33509922 1.87123871 -0.09557530
v -0.33819139 1.84509087 -0.09100217
v -0.33813772 1.86668575 -0.09694411
v -0.33711579 1.86449385 -0.09705120
v -0.33242843 1.86425924 -0.09988633
v -0.33310387 1.86058474 -0.09991261
v -0.37064132 1.89459276 -0.08776212
v -0.37157604 1.89900184 -0.08838025
v -0.33226243 1.87060416 -0.09591608
v -0.32923707 1.87000322 -0.09582540
v -0.41308534 1.74486303 -0.09399112
v -0.43092370 1.74714243 -0.09064283
v -0.33124888 1.84535348 -0.09851754
v -0.33056140 1.84918261 -0.09823059
v -0.45851579 1.87285328 -0.08373082
v -0.46199274 1.88026142 -0.08437210
v -0.46663174 1.87440252 -0.08445866
v -0.46383607 1.86850524 -0.08420923
v -0.37845403 1.75082970 -0.11521750
v -0.44782424 1.74849343 -0.09301001
v -0.48423374 1.74858069 -0.15704167
v -0.38795432 1.89860332 -0.07700909
v -0.38973197 1.90003324 -0.07694300
v -0.37027338 1.90861571 -0.09683171
v -0.33979094 1.83725655 -0.08979694
v -0.34003276 1.84091711 -0.09197243
v -0.36527553 1.77831042 -0.10960314
v -0.33010912 1.86696339 -0.09885656
v -0.47570169 1.88120067 -0.08881370
v -0.47478324 1.87781262 -0.08856763
v -0.47394091 1.87709975 -0.08462055
v -0.47374621 1.88039851 -0.08482643
v -0.47005156 1.88447630 -0.08232872
v -0.47249267 1.88738012 -0.08245350
v -0.47427794 1.88398385 -0.08132248
v -0.47274506 1.88130856 -0.08182620
v -0.46591255 1.88563633 -0.08472139
v -0.46828693 1.88048005 -0.08344620
v -0.47545666 1.88834107 -0.08116236
v -0.47625673 1.88555288 -0.08144219
v -0.47559899 1.88787198 -0.08843908
v -0.47521520 1.88927579 -0.08471966
v -0.47990626 1.89044285 -0.08572680
v -0.47982118 1.88911796 -0.08057302
v -0.48644221 1.88955116 -0.08609351
v -0.48557699 1.88756883 -0.08029790
v -0.49088788 1.88469267 -0.08723892
v -0.49058861 1.88339305 -0.08109656
v -0.45405266 1.85396230 -0.08070391
v -0.46019343 1.85405862 -0.08445165
v -0.49203989 1.87813902 -0.08730973
v -0.49269572 1.87744212 -0.08169741
v -0.49110541 1.87034738 -0.08761296
v -0.49233645 1.87022269 -0.08206059
v -0.48914647 1.86307740 -0.08723950
v -0.49003711 1.86302590 -0.08225740
v -0.48570862 1.85440016 -0.08588943
v -0.48661190 1.85586727 -0.08114135
v -0.47910053 1.84578013 -0.08452062
v -0.48023978 1.84997880 -0.07973850
v -0.48776180 1.88152826 -0.08406956
v -0.48430192 1.88515747 -0.08358273
v -0.48453009 1.88298941 -0.09224117
v -0.47986409 1.88647425 -0.08243779
v -0.48031586 1.87103164 -0.09190808
v -0.47769371 1.86811376 -0.09083857
v -0.47609493 1.86912096 -0.08652389
v -0.47727123 1.87135601 -0.09030686
v -0.46774763 1.86597300 -0.08446121
v -0.46700194 1.86055028 -0.08341258
v -0.46224695 1.86112165 -0.08285099
v -0.46556628 1.85659981 -0.08481702
v -0.46754014 1.86067617 -0.08682173
v -0.46715856 1.85766733 -0.08615182
v -0.46759981 1.86433458 -0.08865362
v -0.46791902 1.85588562 -0.08604734
v -0.46639767 1.85467410 -0.08437062
v -0.46835947 1.85660720 -0.08744249
v -0.46785653 1.85764825 -0.08769836
v -0.46827465 1.85903072 -0.08921468
v -0.47043866 1.86123502 -0.09084594
v -0.45606849 1.86332870 -0.08178762
v -0.47091207 1.85004997 -0.09201483
v -0.47752756 1.85704184 -0.09138453
v -0.47276604 1.84620690 -0.07917780
v -0.47002158 1.84122920 -0.08234555
v -0.45800170 1.83859563 -0.07894856
v -0.46311411 1.83815503 -0.07992029
v -0.48438767 1.87762594 -0.09264049
v -0.48429433 1.87098193 -0.09218849
v -0.46264839 1.84573007 -0.09091903
v -0.48175022 1.86436892 -0.09184146
v -0.47925791 1.85412860 -0.08137571
v -0.47361249 1.85121298 -0.08116658
v -0.48391542 1.85845017 -0.08139205
v -0.46366337 1.85186601 -0.08231068
v -0.46825793 1.85050821 -0.08114262
v -0.46617070 1.84556317 -0.07843211
v -0.46120977 1.84583199 -0.07878578
v -0.47321966 1.85523057 -0.08358997
v -0.47742343 1.85772455 -0.08223181
v -0.47352770 1.85669076 -0.08753453
v -0.47761703 1.85923767 -0.08634090
v -0.47001752 1.85569692 -0.08654831
v -0.46923879 1.85404277 -0.08427899
v -0.47280174 1.85773873 -0.09131047
v -0.47739464 1.86184835 -0.09116545
v -0.46969935 1.85670030 -0.08883829
v -0.47985142 1.86261654 -0.08437841
v -0.48000222 1.86535978 -0.08836953
v -0.48005879 1.86914802 -0.08465810
v -0.48092046 1.86645269 -0.08241599
v -0.48139137 1.86069286 -0.08146141
v -0.48419222 1.86471307 -0.08095983
v -0.48683089 1.86399722 -0.08292545
v -0.48567823 1.86995757 -0.08227022
v -0.48858291 1.87030661 -0.08379713
v -0.48276111 1.86997807 -0.08239858
v -0.48037651 1.87140131 -0.08279988
v -0.48914340 1.87660182 -0.08402115
v -0.48599711 1.87504482 -0.08300113
v -0.48506209 1.87945771 -0.08338256
v -0.48324805 1.87396312 -0.08253498
v -0.48232523 1.87745404 -0.08302277
v -0.48115355 1.87346101 -0.08260800
v -0.48005420 1.87546277 -0.08294444
v -0.47623384 1.88476884 -0.08440177
v -0.47434735 1.88309979 -0.08458768
v -0.47939730 1.88438416 -0.08417794
v -0.47834718 1.88181007 -0.08478839
v -0.47663990 1.88276041 -0.08535730
v -0.47571820 1.88175464 -0.08633463
v -0.47713757 1.87957406 -0.08500023
v -0.47774473 1.87772834 -0.08747486
v -0.39087099 1.71811938 -0.10714050
v -0.38370895 1.71647847 -0.11614183
v -0.38250378 1.72755909 -0.11644842
v -0.38973165 1.72967029 -0.10816410
v -0.48027968 1.88000500 -0.08387330
v -0.47823602 1.87748373 -0.08359553
v -0.48253077 1.88271809 -0.08400344
v -0.47984412 1.87348342 -0.08657373
v -0.47847748 1.87528980 -0.08512427
v -0.47918808 1.87344623 -0.08367112
v -0.47965044 1.87205660 -0.08484666
v -0.46894789 1.86969197 -0.08621988
v -0.47088218 1.86735868 -0.08914664
v -0.47359905 1.86397815 -0.09046292
v -0.42028213 1.70516968 -0.08548183
v -0.42134321 1.71408093 -0.08974963
v -0.43949711 1.71876073 -0.08293800
v -0.43993646 1.71190405 -0.07740571
v -0.40321341 1.68681216 -0.07032751
v -0.42863724 1.69546127 -0.05681653
v -0.40549573 1.67549157 -0.05184121
v -0.39140272 1.66860151 -0.06412607
v -0.39054564 1.65561891 -0.04645538
v -0.38033500 1.65015912 -0.05829753
v -0.35585350 1.60266149 -0.03295019
v -0.34749904 1.60079920 -0.04451068
v -0.35836434 1.61647964 -0.04887290
v -0.36680254 1.61920607 -0.03745053
v -0.33535898 1.52508605 -0.00214845
v -0.33576611 1.50674164 -0.00816993
v -0.32605827 1.51025307 -0.01805905
v -0.32751402 1.52691054 -0.01137297
v -0.40671992 1.64283442 0.00533801
v -0.41030607 1.66830659 0.00500207
v -0.41207016 1.66240776 0.01470819
v -0.40993994 1.63421023 0.01228893
v -0.48513848 1.71958888 -0.06168512
v -0.46018636 1.71111572 -0.05983321
v -0.46160954 1.71244037 -0.06833124
v -0.48343450 1.72268748 -0.06940289
v -0.39421380 1.54076815 0.02041988
v -0.38481736 1.52793908 0.01980580
v -0.37676841 1.53700876 0.01834311
v -0.38453028 1.54970729 0.01812348
v -0.38757956 1.44513893 -0.00436774
v -0.39164022 1.42486441 -0.00387418
v -0.37180075 1.42203903 -0.01139696
v -0.36891863 1.44330513 -0.01223180
v -0.45599976 1.47341895 0.00417028
v -0.48011562 1.47300684 -0.00411309
v -0.48165673 1.45748949 -0.00806557
v -0.45836383 1.45556116 0.00120385
v -0.37390396 1.60475659 -0.01264139
v -0.36486626 1.60426664 -0.02205278
v -0.37557623 1.62114048 -0.02631918
v -0.38424349 1.62234366 -0.01649438
v -0.38593617 1.72266674 0.14219481
v -0.37742320 1.70733190 0.14154878
v -0.38885888 1.70308936 0.11886972
v -0.39691582 1.71811724 0.11966568
v -0.46952969 1.36010706 0.00189938
v -0.48916364 1.36642385 -0.01083408
v -0.49130210 1.34681964 -0.00767493
v -0.47116384 1.34008181 0.00518891
v -0.44758019 1.72803378 0.02871756
v -0.45064113 1.72791839 0.01688439
v -0.47631806 1.73324943 0.01642773
v -0.47217363 1.73460317 0.02941480
v -0.40274915 1.59609950 0.01128499
v -0.39546874 1.60259831 0.00701211
v -0.40109083 1.62175632 0.00564231
v -0.40663049 1.61294448 0.01097199
v -0.48333415 1.50294960 0.00422990
v -0.46293491 1.50454533 0.01074342
v -0.46669126 1.52291214 0.01128536
v -0.48536706 1.52133071 0.00690475
v -0.45928723 1.48792315 0.00821914
v -0.48150140 1.48669994 0.00025457
v -0.38948196 1.60472214 0.00209777
v -0.38220173 1.60485327 -0.00434521
v -0.39162323 1.62435222 -0.00768603
v -0.39695036 1.62654316 -0.00051358
v -0.34067386 1.49057651 -0.01514231
v -0.32806194 1.49483967 -0.02701057
v -0.44896519 1.33301878 0.01153637
v -0.42611054 1.32559907 0.01273800
v -0.42503339 1.34655452 0.01030950
v -0.44757792 1.35343611 0.00883296
v -0.35051244 1.46079111 -0.02250196
v -0.34606230 1.47728550 -0.02049698
v -0.36036187 1.47684348 -0.01059377
v -0.36600816 1.46112585 -0.01290509
v -0.40323335 1.31891310 0.00853710
v -0.37974030 1.31295443 0.00112364
v -0.37913769 1.33486843 -0.00205976
v -0.40180144 1.34044576 0.00612071
v -0.37818435 1.63668931 -0.04179864
v -0.36910507 1.63295627 -0.05337872
v -0.35451633 1.52539086 0.01112171
v -0.35687482 1.50780678 0.00761457
v -0.34626687 1.50622571 0.00060259
v -0.34481567 1.52478158 0.00540833
v -0.42904472 1.60344028 0.01556025
v -0.41675597 1.62041652 0.01650266
v -0.41798925 1.65077913 0.02370648
v -0.43008149 1.62235105 0.02171476
v -0.49405256 1.32743788 -0.00374821
v -0.47293746 1.32063878 0.00841963
v -0.40364081 1.29785800 0.01011348
v -0.37993836 1.29220092 0.00212598
v -0.46967432 1.60815847 0.03946526
v -0.47243750 1.59780574 0.03097075
v -0.46218926 1.60271609 0.02879566
v -0.46035850 1.61343706 0.03640918
v -0.31098920 1.52697062 -0.04464089
v -0.31701285 1.53679466 -0.03102463
v -0.31902191 1.51991880 -0.02604358
v -0.31681448 1.50635219 -0.03810716
v -0.36444384 1.49146402 0.00232483
v -0.37379390 1.47881043 -0.00214960
v -0.35291752 1.48990929 -0.00532219
v -0.30756432 1.51616812 -0.06024610
v -0.31619275 1.48980331 -0.05173299
v -0.35923353 1.62987077 -0.06583349
v -0.34925869 1.61387074 -0.06162369
v -0.36864671 1.64629638 -0.07044699
v -0.35799709 1.64284837 -0.08274012
v -0.36648652 1.65952611 -0.08823985
v -0.37780240 1.66333389 -0.07625550
v -0.37427109 1.67537665 -0.09400394
v -0.38624844 1.67986929 -0.08230770
v -0.40264118 1.69955719 -0.09565148
v -0.40498820 1.70943570 -0.09899924
v -0.41489887 1.60095859 0.01376766
v -0.41226286 1.58578110 0.01433468
v -0.42691138 1.30489326 0.01508440
v -0.55867779 1.64801109 -0.06159673
v -0.56024891 1.63210309 -0.06377616
v -0.55459207 1.63535869 -0.04394715
v -0.55428874 1.65114284 -0.04217191
v -0.48690462 1.71966434 -0.05536900
v -0.46179721 1.71093273 -0.05264761
v -0.51849598 1.60179532 0.01963589
v -0.52596897 1.59759867 0.00656340
v -0.52134496 1.59019554 0.00822262
v -0.51382029 1.59559190 0.01996891
v -0.48543090 1.60383177 0.04316367
v -0.47990444 1.61049318 0.05821811
v -0.48514462 1.61240256 0.06069969
v -0.49082881 1.60553801 0.04473327
v -0.50759298 1.35140705 -0.02401513
v -0.50509840 1.37122250 -0.02777369
v -0.52915680 1.48765910 -0.04948969
v -0.51558214 1.48012769 -0.03147072
v -0.51617223 1.49570155 -0.02328523
v -0.52975428 1.50451946 -0.03798991
v -0.52468073 1.62182307 -0.16985738
v -0.52575183 1.60755324 -0.17140290
v -0.53777564 1.61210692 -0.15130994
v -0.53725028 1.62647521 -0.14921030
v -0.55476642 1.65337229 -0.10408446
v -0.55282688 1.66749394 -0.10338295
v -0.54405320 1.65966225 -0.12674958
v -0.54673851 1.64623117 -0.12673494
v -0.56088030 1.64358616 -0.08285201
v -0.56214154 1.62798572 -0.08537786
v -0.50162739 1.52282476 -0.00048691
v -0.50142384 1.50547493 -0.00494087
v -0.50155014 1.54853547 0.01058181
v -0.48706907 1.54903281 0.01283561
v -0.48598906 1.56054175 0.01614791
v -0.49866363 1.56006110 0.01450953
v -0.48175713 1.72746539 -0.07673827
v -0.50137484 1.73163378 -0.08423445
v -0.50419700 1.72746503 -0.07480845
v -0.52284980 1.70633364 -0.12853256
v -0.52663332 1.70003557 -0.12922892
v -0.52835977 1.70618582 -0.11427581
v -0.52282691 1.71094811 -0.11695026
v -0.53959978 1.54364598 -0.15404227
v -0.52833927 1.54159391 -0.17485367
v -0.52451891 1.52081513 -0.17447913
v -0.53611517 1.52237785 -0.15195467
v -0.50342578 1.57299197 0.01607907
v -0.49453399 1.58326721 0.02321480
v -0.50189900 1.58655596 0.02211483
v -0.51077110 1.57723749 0.01301698
v -0.51704389 1.56739068 0.00675783
v -0.52196342 1.55675709 0.00054383
v -0.51292497 1.55137575 0.00624833
v -0.50914329 1.56269741 0.01125841
v -0.52866936 1.51976228 -0.02719688
v -0.51619989 1.51164722 -0.01545052
v -0.51549435 1.52784526 -0.00820282
v -0.52807754 1.53416276 -0.01616240
v -0.50684768 1.45430613 -0.17079791
v -0.51967865 1.45408070 -0.15373026
v -0.52496171 1.47572708 -0.15407255
v -0.51379389 1.47541368 -0.17301053
v -0.44448140 1.63914192 0.04441777
v -0.43408203 1.65250981 0.04379185
v -0.43032700 1.65741754 0.05279352
v -0.43907160 1.64417768 0.05730423
v -0.49356851 1.62857413 0.07718608
v -0.48900676 1.63321519 0.08929241
v -0.49250925 1.63876081 0.08922759
v -0.49765882 1.63439786 0.07674621
v -0.43460664 1.63525653 0.08000779
v -0.42952523 1.64700925 0.07293634
v -0.41629800 1.64885247 0.09181178
v -0.42156655 1.63616526 0.10022074
v -0.51413238 1.71792912 -0.05224811
v -0.48891422 1.72018754 -0.04943401
v -0.51079738 1.72042215 -0.05882609
v -0.45784950 1.61823356 0.07122353
v -0.44731870 1.62010598 0.09088841
v -0.45430756 1.61694491 0.09464520
v -0.46476966 1.61516500 0.07461415
v -0.40001810 1.73297679 0.14686492
v -0.41071284 1.72833145 0.12417778
v -0.41535020 1.63037932 0.12990656
v -0.42419374 1.62652910 0.13760737
v -0.43472406 1.62185478 0.11340430
v -0.42757848 1.62759852 0.10753131
v -0.52843624 1.47103655 -0.05900481
v -0.51616019 1.46479797 -0.03962632
v -0.52638692 1.35787570 -0.06464779
v -0.51929963 1.35524547 -0.04372336
v -0.51665384 1.37531054 -0.04817384
v -0.52403355 1.37889040 -0.06851754
v -0.51048005 1.33189583 -0.02063079
v -0.52870095 1.33628857 -0.06170724
v -0.52237773 1.33476317 -0.04025430
v -0.48925048 1.73873854 -0.09962234
v -0.49814323 1.73750401 -0.11317047
v -0.50537831 1.73126864 -0.10835611
v -0.49616966 1.73483336 -0.09286692
v -0.53126770 1.21070027 -0.00373596
v -0.53397304 1.17792380 -0.00721022
v -0.51119119 1.17237878 0.01444182
v -0.50883508 1.20629382 0.01540604
v -0.50836724 1.71932220 -0.14273280
v -0.50830984 1.72503054 -0.12460804
v -0.50097686 1.73287702 -0.12838258
v -0.50042713 1.72827101 -0.14330752
v -0.50607216 1.23285699 0.01393214
v -0.52870774 1.23966062 -0.00326884
v -0.47295791 1.73474431 -0.08985220
v -0.47778586 1.73120344 -0.08313147
v -0.45815495 1.72385311 -0.08086965
v -0.45496061 1.72982562 -0.08648275
v -0.43740109 1.72632647 -0.08714937
v -0.48905855 1.16308141 0.02796230
v -0.48601004 1.19418585 0.02720615
v -0.49026823 1.74408126 -0.11614242
v -0.49387994 1.74065137 -0.13031973
v -0.49373570 1.73791468 -0.14423816
v -0.49072441 1.73720872 -0.15835336
v -0.51470864 1.31304407 -0.01651999
v -0.49745661 1.30832028 0.00119540
v -0.56355447 1.07142079 -0.09354582
v -0.55729455 1.07110822 -0.12160838
v -0.54317099 1.04912603 -0.11659712
v -0.55393827 1.04899812 -0.08606154
v -0.51865768 1.08407784 -0.17677411
v -0.50204229 1.06661856 -0.17031538
v -0.52601027 1.05644929 -0.14617389
v -0.54143560 1.07439828 -0.14979747
v -0.54664218 1.21315753 -0.18033779
v -0.56161469 1.21291935 -0.15397146
v -0.55473787 1.23407364 -0.14943865
v -0.54113126 1.23412037 -0.17528114
v -0.53349406 1.31671190 -0.05928849
v -0.52720594 1.31565630 -0.03715334
v -0.47545075 1.30173957 0.01321234
v -0.48325774 1.03188443 0.03173427
v -0.51730525 1.03433692 0.01452447
v -0.51673239 1.00163388 0.00740397
v -0.48536414 0.99885708 0.02592808
v -0.54472756 1.00165057 -0.05382422
v -0.54947096 1.02923393 -0.05167664
v -0.54527891 1.02590728 -0.08663137
v -0.53931105 1.00201273 -0.08762200
v -0.35758540 1.28746104 -0.00681819
v -0.38078332 1.27160394 0.00197327
v -0.35833156 1.26682901 -0.00779687
v -0.30669308 1.27877760 -0.04642062
v -0.32153499 1.28059721 -0.02938193
v -0.32071102 1.26038039 -0.03272471
v -0.30568084 1.25859046 -0.04881771
v -0.33053952 1.14675593 -0.05812153
v -0.32064652 1.14875090 -0.07093281
v -0.31817782 1.17027187 -0.06672306
v -0.32963204 1.16965473 -0.05216537
v -0.46018055 1.18150949 0.03194793
v -0.43344238 1.17216635 0.02765591
v -0.43354744 1.19766128 0.02498862
v -0.45939589 1.20923150 0.02810635
v -0.48450404 1.05435395 -0.16414349
v -0.50871861 1.04205811 -0.14498588
v -0.44778308 0.99718708 0.03475052
v -0.44585609 1.03203225 0.03740820
v -0.41004419 0.99856341 0.02846684
v -0.38316351 1.00308895 0.00588350
v -0.38453868 1.03541207 0.00846724
v -0.41106007 1.03244770 0.02971530
v -0.35663760 1.07066131 -0.08935571
v -0.34821746 1.09039187 -0.06880204
v -0.35756162 1.08394313 -0.06579272
v -0.36565021 1.06985283 -0.09071798
v -0.54240739 1.12477982 -0.18565528
v -0.53342044 1.10586977 -0.18226767
v -0.55291438 1.09644914 -0.15529166
v -0.56139606 1.12001240 -0.15966074
v -0.53004926 1.33659267 -0.08324361
v -0.53499949 1.31513107 -0.08166791
v -0.52794838 1.33637547 -0.10325859
v -0.52935433 1.35909641 -0.08541523
v -0.52688551 1.35940647 -0.10569514
v -0.53916597 1.48862147 -0.10413304
v -0.53638816 1.47909617 -0.08083748
v -0.53877330 1.49677086 -0.07145201
v -0.54383200 1.50709474 -0.09475324
v -0.54811794 1.61782277 -0.12899172
v -0.54754198 1.63257217 -0.12781113
v -0.52254194 1.01046181 -0.11898101
v -0.49042097 1.02543688 -0.14505360
v -0.49595156 0.99148077 -0.13809589
v -0.52048957 0.98402476 -0.11443109
v -0.54086816 0.97632325 -0.05666082
v -0.53363764 0.97367418 -0.02741197
v -0.53801084 1.00336730 -0.02109930
v -0.51352835 0.96907187 0.00083594
v -0.48240381 0.96549350 0.02179626
v -0.40837252 0.96446490 0.02508153
v -0.38229343 0.96933407 0.00151864
v -0.36958170 1.01213169 -0.08719222
v -0.36569089 1.00864017 -0.05839887
v -0.36896586 0.98156434 -0.06359072
v -0.37523010 0.98599410 -0.09275723
v -0.36141208 1.13483191 -0.02459894
v -0.38623357 1.15086591 -0.00022064
v -0.38898858 1.13094842 0.00181679
v -0.37098998 1.11947000 -0.02076718
v -0.30956337 1.29844666 -0.04180406
v -0.32158127 1.30149376 -0.02839373
v -0.33734101 1.28376460 -0.01721476
v -0.33688894 1.30479789 -0.01697491
v -0.35686108 1.30836773 -0.00721063
v -0.31363678 1.39310336 -0.04066290
v -0.33246133 1.39463031 -0.02801803
v -0.33214766 1.37178147 -0.02521688
v -0.31357229 1.36966133 -0.03783984
v -0.31516352 1.41794407 -0.04392211
v -0.33309880 1.41927934 -0.03048421
v -0.31964421 1.46534312 -0.05171629
v -0.33118248 1.48034835 -0.03371173
v -0.33478737 1.46277630 -0.03526317
v -0.35012904 1.62626636 -0.07833310
v -0.34098491 1.61087918 -0.07444800
v -0.46257842 1.15238082 0.03545460
v -0.45573401 1.02598047 -0.15213494
v -0.42738727 1.02229071 -0.14552480
v -0.43613258 0.99455577 -0.14744371
v -0.46518674 0.99464703 -0.14989690
v -0.48295811 1.22158659 0.02363017
v -0.45003292 1.31305254 0.01477899
v -0.45132041 1.29354489 0.01773706
v -0.42536765 1.47683132 0.00760004
v -0.43248737 1.45334435 0.00424398
v -0.32397553 1.54255760 -0.02013619
v -0.32288665 1.52999794 -0.01835681
v -0.54159588 1.03439069 -0.01468520
v -0.40774900 0.93240047 0.01970571
v -0.40675071 0.90141910 0.01213326
v -0.38309065 0.90510190 -0.01173255
v -0.38203451 0.93669671 -0.00502181
v -0.39811617 0.95878386 -0.11831123
v -0.38220823 0.95571339 -0.09645450
v -0.39004171 0.92503184 -0.09896510
v -0.40681434 0.92756021 -0.11840741
v -0.41260704 0.89595389 -0.11767930
v -0.39460057 0.89232796 -0.09964181
v -0.39870164 0.86126524 -0.10378258
v -0.41725761 0.86556566 -0.11894568
v -0.44465744 0.96313882 0.03188343
v -0.47307745 0.90350699 0.01278235
v -0.43988508 0.89990371 0.02173798
v -0.44198638 0.93118685 0.02708045
v -0.47758764 0.93442690 0.01692955
v -0.53659219 0.97883892 -0.08622342
v -0.38935801 0.98895860 -0.11601231
v -0.38156775 1.01395583 -0.11139686
v -0.44996732 0.92826724 -0.14063475
v -0.47607961 0.92776918 -0.14021650
v -0.47164595 0.96068549 -0.14500111
v -0.44342566 0.96147335 -0.14476416
v -0.53164601 0.91758835 -0.05739590
v -0.52159309 0.91412312 -0.03149283
v -0.52724975 0.94332480 -0.02949649
v -0.53633469 0.94628274 -0.05728255
v -0.50693768 0.93881226 -0.00319618
v -0.50148827 0.90896392 -0.00666040
v -0.46407756 0.84365797 0.00428633
v -0.43277109 0.84094048 0.00767718
v -0.43671066 0.86972982 0.01533189
v -0.46852171 0.87331426 0.00842835
v -0.49148467 0.85023636 -0.01218548
v -0.49603426 0.87975770 -0.00965564
v -0.51675940 0.88509637 -0.03268853
v -0.51183063 0.85670435 -0.03266148
v -0.52045774 0.86210352 -0.05608932
v -0.52654284 0.89022857 -0.05660017
v -0.52624720 0.89288241 -0.08195736
v -0.52112395 0.86579031 -0.07926321
v -0.51715040 0.89491493 -0.10490689
v -0.49989080 0.89704937 -0.12308372
v -0.49857599 0.86931223 -0.11653709
v -0.51332909 0.86750281 -0.10026030
v -0.45851904 0.86920661 -0.13291773
v -0.47987255 0.86967653 -0.12903254
v -0.47820628 0.89787245 -0.13508590
v -0.45462000 0.89788169 -0.13629393
v -0.47550869 0.76688373 -0.12286638
v -0.48885316 0.76897216 -0.11174285
v -0.48494458 0.79243094 -0.11537194
v -0.46999067 0.79084194 -0.12655851
v -0.50264466 0.77105963 -0.10116644
v -0.51255757 0.77130735 -0.08635935
v -0.50762844 0.79280031 -0.08860403
v -0.49798626 0.79273915 -0.10380214
v -0.50862068 0.78579122 -0.05211501
v -0.51162767 0.79049975 -0.07101326
v -0.51621902 0.76848352 -0.06895570
v -0.51276106 0.76269126 -0.05086768
v -0.50547755 0.75551105 -0.03156666
v -0.50331169 0.77917963 -0.03048518
v -0.48672718 0.74627918 -0.01931681
v -0.48587552 0.77026218 -0.01542820
v -0.45864576 0.76234561 -0.01075447
v -0.45976806 0.73710877 -0.01403688
v -0.41740221 0.77704281 -0.11744164
v -0.42577815 0.75216955 -0.11987099
v -0.44146657 0.75941557 -0.12913884
v -0.43214875 0.78350019 -0.12838700
v -0.40185526 0.76524228 -0.07551914
v -0.39407331 0.76071113 -0.05027252
v -0.40292156 0.73404866 -0.05730846
v -0.40916502 0.73775172 -0.08184341
v -0.48780987 0.82285202 -0.01452312
v -0.46029237 0.81626588 -0.00096412
v -0.51423371 0.83540237 -0.05519275
v -0.50717217 0.82980210 -0.03263099
v -0.46193469 0.84242600 -0.12998444
v -0.48112556 0.84330744 -0.12343634
v -0.40422389 0.83184171 -0.10781851
v -0.42166951 0.83660042 -0.12138274
v -0.40041116 0.78495544 -0.01607247
v -0.40125364 0.81343627 -0.01099397
v -0.42947775 0.81241047 0.00088488
v -0.42768782 0.78408933 -0.00325853
v -0.48593724 0.79593927 -0.01443949
v -0.50409216 0.80400181 -0.03198442
v -0.51011705 0.80994511 -0.05337165
v -0.51224852 0.81422114 -0.07410344
v -0.50722075 0.81624430 -0.09200149
v -0.49634293 0.81711423 -0.10620494
v -0.48243716 0.81757975 -0.11878516
v -0.46537638 0.81609559 -0.12780157
v -0.42659396 0.80905896 -0.12524244
v -0.41053185 0.80299044 -0.11269970
v -0.41058928 0.73100621 -0.03196329
v -0.40298325 0.75650287 -0.02298187
v -0.42898235 0.75692338 -0.00799163
v -0.43249694 0.73180872 -0.01359741
v -0.42234865 0.70963293 -0.04069987
v -0.41750968 0.71300822 -0.06214434
v -0.51094568 0.74957234 -0.10094463
v -0.51892179 0.74885148 -0.08608408
v -0.52259588 0.74578029 -0.06948672
v -0.51046979 0.73146605 -0.03359453
v -0.48930615 0.72041929 -0.02312630
v -0.46204919 0.71075112 -0.02051073
v -0.43851709 0.70912880 -0.02373302
v -0.46354723 0.70943403 -0.12765001
v -0.45183244 0.73565304 -0.12659045
v -0.43776560 0.72820896 -0.11834016
v -0.45073670 0.70267344 -0.11824810
v -0.49532783 0.71966827 -0.12591136
v -0.51113456 0.72399247 -0.11836898
v -0.49727812 0.74686706 -0.11153111
v -0.48270994 0.74395585 -0.11965202
v -0.52522713 0.72563982 -0.10533438
v -0.53286469 0.72422546 -0.08894517
v -0.53592980 0.72127819 -0.07126131
v -0.51802993 0.70428365 -0.03594182
v -0.52124572 0.73973799 -0.05065988
v -0.53203088 0.71463197 -0.05192833
v -0.49210697 0.69125259 -0.02539207
v -0.47075567 0.65140349 -0.03657465
v -0.46129656 0.68094534 -0.03128445
v -0.49930856 0.66099620 -0.02761921
v -0.48455077 0.56089365 -0.08335081
v -0.49975419 0.56127548 -0.06196888
v -0.50981164 0.52968264 -0.07527363
v -0.49692088 0.52896714 -0.09366359
v -0.46156844 0.67505866 -0.12345621
v -0.47618970 0.68245298 -0.13544382
v -0.50903875 0.69368291 -0.13640738
v -0.52583534 0.69824427 -0.12677342
v -0.53812617 0.64641744 -0.04240488
v -0.52690196 0.67531806 -0.03656128
v -0.54302180 0.68670833 -0.05373521
v -0.55458832 0.65798450 -0.05960014
v -0.48937067 0.58376080 -0.14974451
v -0.50382662 0.59007561 -0.16090913
v -0.49457219 0.62254661 -0.15520224
v -0.47909686 0.61558247 -0.14317539
v -0.53754836 0.66964370 -0.13757104
v -0.51998955 0.66477901 -0.14692369
v -0.52957976 0.63393438 -0.15540133
v -0.54706264 0.63811266 -0.14596319
v -0.55217111 0.58138841 -0.06315963
v -0.54634947 0.61502028 -0.05150508
v -0.56361192 0.62619358 -0.06750970
v -0.56906533 0.59093255 -0.07760767
v -0.48063219 0.62278914 -0.04243104
v -0.51025343 0.63264471 -0.03396577
v -0.51938885 0.60275328 -0.04323842
v -0.49066463 0.59262234 -0.05104900
v -0.46401250 0.62263447 -0.06591625
v -0.47435290 0.59272683 -0.07375809
v -0.52414608 0.51849896 -0.16491462
v -0.51374543 0.55533135 -0.16268101
v -0.50109524 0.54825097 -0.15306510
v -0.51354963 0.51124758 -0.15623103
v -0.55402225 0.60369682 -0.15077056
v -0.53724658 0.60004115 -0.16040464
v -0.54346085 0.56408930 -0.16233498
v -0.55883896 0.56668997 -0.15419081
v -0.56269670 0.50819904 -0.08930264
v -0.55766344 0.54559600 -0.07584710
v -0.57302833 0.55376160 -0.08976489
v -0.57637674 0.51602286 -0.10290685
v -0.52115542 0.49454480 -0.08941488
v -0.53391749 0.53609180 -0.06779413
v -0.54278398 0.49990654 -0.08228369
v -0.52892357 0.45940095 -0.10129503
v -0.51824486 0.45851773 -0.11391398
v -0.50902438 0.49389410 -0.10534506
v -0.52476841 0.47589910 -0.15874887
v -0.53361470 0.48223680 -0.16771431
v -0.55492514 0.49034613 -0.17059298
v -0.56758153 0.49386555 -0.16448452
v -0.56323910 0.52963305 -0.15852672
v -0.54982126 0.52665359 -0.16578814
v -0.58255881 0.52548224 -0.13197950
v -0.57504189 0.52911502 -0.14650528
v -0.57821655 0.49337667 -0.15359561
v -0.58460552 0.48973024 -0.14035505
v -0.57774675 0.48115176 -0.11517867
v -0.58306229 0.52160805 -0.11712560
v -0.58402193 0.48635381 -0.12732576
v -0.56607944 0.47412729 -0.10192999
v -0.54806530 0.46497774 -0.09373131
v -0.42933986 1.05392802 -0.14632860
v -0.40666708 1.05062103 -0.13251099
v -0.41791013 1.04072595 -0.13918827
v -0.44334784 1.04732609 -0.14901677
v -0.37718481 0.91817468 -0.07164232
v -0.37286887 0.95088196 -0.06747091
v -0.38441312 0.85544437 -0.08104995
v -0.38031080 0.88535082 -0.07504135
v -0.39065313 0.82549804 -0.08677708
v -0.39830899 0.79633015 -0.09310818
v -0.40619913 0.76915544 -0.09993483
v -0.41536212 0.74319959 -0.10323594
v -0.42782262 0.71959311 -0.10306045
v -0.43970895 0.69320744 -0.10284969
v -0.46025971 0.63833708 -0.11325203
v -0.47091210 0.64619309 -0.13294756
v -0.45101562 0.66609704 -0.10542376
v -0.47868952 0.57512915 -0.13006388
v -0.46834403 0.60798925 -0.12204593
v -0.49194217 0.53968823 -0.13616078
v -0.50565982 0.50315064 -0.14133102
v -0.51742250 0.46888763 -0.14464673
v -0.37065709 1.06337023 -0.01911451
v -0.36288908 1.05796206 -0.04806767
v -0.36299708 1.07603061 -0.04347274
v -0.37172949 1.08599079 -0.01717077
v -0.37593144 1.05936420 -0.11163667
v -0.36683446 1.06252694 -0.10234764
v -0.37423095 1.06328154 -0.10475834
v -0.38327053 1.06084895 -0.11546792
v -0.45889142 0.78838420 -0.00565624
v -0.51565886 0.83962995 -0.07633120
v -0.50908947 0.84167480 -0.09534076
v -0.49685243 0.84283972 -0.11053521
v -0.38964275 0.79157573 -0.06887847
v -0.38227716 0.82053983 -0.06103683
v -0.38397434 0.81638020 -0.03492510
v -0.38796419 0.78822839 -0.04205507
v -0.45422518 0.64851540 -0.06076266
v -0.45932332 0.62950468 -0.09010396
v -0.44837564 0.65626782 -0.08380799
v -0.44398057 0.67217767 -0.05395621
v -0.54744875 0.69866687 -0.09327504
v -0.54974049 0.69500327 -0.07379590
v -0.55164659 0.67201489 -0.12097254
v -0.56083429 0.67128551 -0.10114549
v -0.53860724 0.69972682 -0.11121737
v -0.37594563 0.87852037 -0.04710126
v -0.38432628 0.87438083 -0.01932515
v -0.38418248 0.84527683 -0.02720480
v -0.37826976 0.84910333 -0.05461915
v -0.51437831 1.39500403 -0.05291713
v -0.52248275 1.39882672 -0.07245054
v -0.38614616 1.50477958 0.01535076
v -0.40262380 1.49161613 0.01273090
v -0.38790339 1.48346257 0.00532262
v -0.37529838 1.49637675 0.00958683
v -0.41304109 1.50364447 0.01721099
v -0.39552447 1.51570022 0.01921679
v -0.40533084 1.52924657 0.02043879
v -0.42163759 1.51751328 0.01899810
v -0.44282490 1.59433997 0.01342517
v -0.44330466 1.60822093 0.01854861
v -0.31655762 1.44272387 -0.04741701
v -0.30307853 1.44083369 -0.06609865
v -0.30692485 1.46339405 -0.07055175
v -0.33802074 1.26306605 -0.01899916
v -0.36246729 1.16885102 -0.01897821
v -0.34338787 1.14157009 -0.04449235
v -0.34421471 1.16800797 -0.03601497
v -0.33934215 1.08980083 -0.08494494
v -0.52726376 1.45135725 -0.13377640
v -0.53180373 1.47367442 -0.13219728
v -0.53551096 1.64043665 -0.14842469
v -0.52353698 1.63547957 -0.16919599
v -0.52995610 1.66474199 -0.14803666
v -0.52680361 1.67617750 -0.14773436
v -0.51744741 1.67142248 -0.16720286
v -0.51963955 1.65979350 -0.16756517
v -0.49704316 1.72651052 -0.15988222
v -0.50332838 1.71564341 -0.16065308
v -0.39432067 1.05987334 -0.12571535
v -0.38918722 1.05938268 -0.11974920
v -0.40355980 1.05927157 -0.13170324
v -0.36589512 1.03469324 -0.08107776
v -0.37625158 1.03406656 -0.10490397
v -0.37328753 1.04917407 -0.09897082
v -0.36407101 1.05243218 -0.07535070
v -0.47817191 1.06418705 0.03619136
v -0.51293999 1.06844938 0.02139594
v -0.53104210 1.03016329 -0.11828779
v -0.40169948 1.64432847 0.18717697
v -0.41177320 1.64766479 0.19454575
v -0.42416999 1.63698554 0.17044690
v -0.41338488 1.63442278 0.16250116
v -0.54834270 1.54722953 -0.12891793
v -0.54477894 1.52304304 -0.12103423
v -0.46101373 1.71814024 -0.07498796
v -0.48786700 1.72170436 -0.03465718
v -0.46200952 1.71917570 -0.03138728
v -0.46400914 1.71566951 -0.03974897
v -0.48901066 1.72034204 -0.04250222
v -0.54756701 1.67035365 -0.02655083
v -0.54192722 1.68638945 -0.02943829
v -0.54566610 1.68486750 -0.04240847
v -0.55222136 1.66780138 -0.04149485
v -0.54997766 1.19187999 -0.18455718
v -0.56656122 1.19102204 -0.15831204
v -0.50947022 1.38474298 -0.14796393
v -0.51987290 1.38401103 -0.12976968
v -0.52119684 1.40636361 -0.13341784
v -0.51151568 1.40767157 -0.15144601
v -0.55164301 1.53846169 -0.09427024
v -0.54668570 1.52396679 -0.07597987
v -0.30838609 1.54139614 -0.06335833
v -0.31496984 1.56082654 -0.06505196
v -0.32087851 1.56589246 -0.05083448
v -0.31396398 1.54821634 -0.04798882
v -0.46168050 1.64445639 0.14389494
v -0.46737915 1.63008273 0.11868140
v -0.45613059 1.62478673 0.12214988
v -0.44709933 1.63453352 0.14949673
v -0.54279298 1.07274687 -0.01089761
v -0.55453807 1.05537701 -0.05172313
v -0.50355291 1.42685282 -0.03106266
v -0.51738924 1.43195164 -0.05113041
v -0.51514006 1.41334009 -0.05407636
v -0.50293428 1.40833557 -0.03394276
v -0.49929211 1.47493291 -0.01664753
v -0.50050378 1.46019733 -0.02252989
v -0.50036269 1.48934615 -0.01021843
v -0.48857224 1.59438026 0.03116594
v -0.48170125 1.59385324 0.03071083
v -0.47785714 1.60411978 0.04076037
v -0.36341777 1.03552711 -0.05298310
v -0.35974753 1.10236382 -0.04161283
v -0.35198623 1.11216629 -0.04653461
v -0.38497955 1.05847156 -0.12003569
v -0.45119387 1.73751187 -0.09075309
v -0.43462577 1.73550940 -0.08933330
v -0.45127937 1.62464869 0.06715877
v -0.44053349 1.62624514 0.08620095
v -0.48284942 1.57225347 0.01971754
v -0.46970510 1.57680345 0.01844367
v -0.46541238 1.59036517 0.02332906
v -0.47644866 1.58539355 0.02461915
v -0.48611516 1.58331776 0.02462836
v -0.49445462 1.57094491 0.01876338
v -0.40388763 1.64777792 -0.00275443
v -0.40013722 1.64749062 -0.01101618
v -0.40821600 1.66827834 -0.01493548
v -0.41011873 1.66965902 -0.00524458
v -0.39466178 1.64300513 -0.02034470
v -0.38719538 1.63927352 -0.03093506
v -0.39973819 1.65936804 -0.03566341
v -0.40581143 1.66416204 -0.02440362
v -0.43624809 1.70579290 -0.06956100
v -0.41341317 1.69918454 -0.07792791
v -0.39514041 1.69193983 -0.08904591
v -0.38109910 1.68743646 -0.09926162
v -0.50945812 1.70503151 -0.16208436
v -0.51259804 1.69269335 -0.16454080
v -0.52149367 1.69641876 -0.14594765
v -0.51715416 1.70881951 -0.14053501
v -0.41982076 1.72351110 -0.09177248
v -0.40380469 1.72041929 -0.09997383
v -0.39029869 1.70717585 -0.10578588
v -0.41587704 1.73545313 0.15628350
v -0.42643303 1.73107600 0.13384086
v -0.48072231 1.74437380 -0.10410243
v -0.46655595 1.74120927 -0.09518604
v -0.44094297 1.72627532 0.14505273
v -0.42998475 1.73048806 0.16858357
v -0.44017211 1.70094156 -0.03763920
v -0.46354035 1.71287751 -0.04643580
v -0.44183850 1.70418108 -0.03167614
v -0.41732633 1.73345685 -0.09307584
v -0.40151903 1.73139358 -0.09984112
v -0.50348455 1.09903169 0.02471142
v -0.47156256 1.09258151 0.03633100
v -0.44548708 1.37357831 0.00537157
v -0.46731421 1.37951660 -0.00161940
v -0.29859522 1.39117467 -0.05727034
v -0.29878643 1.36750329 -0.05462748
v -0.38064557 1.73963082 -0.11583152
v -0.31776887 1.32378113 -0.03096005
v -0.30421460 1.31912804 -0.04799777
v -0.30119789 1.34364414 -0.05145904
v -0.31558147 1.34662724 -0.03490224
v -0.30270559 1.29527771 -0.05403631
v -0.30196595 1.28566968 -0.05537626
v -0.33302566 1.12801850 -0.06473654
v -0.32445809 1.13014030 -0.07448138
v -0.42263407 1.71063185 0.06504622
v -0.42717347 1.71061325 0.05095573
v -0.44138879 1.72549784 0.05105971
v -0.43696639 1.72457242 0.06701431
v -0.33506036 1.32757115 -0.01912025
v -0.35649821 1.33067465 -0.01026843
v -0.42762381 1.58837020 0.01362394
v -0.44251454 1.58021486 0.01176751
v -0.30583343 1.48562348 -0.07241894
v -0.32092503 1.55411196 -0.03460388
v -0.32834548 1.56978309 -0.03778001
v -0.33627975 1.57229340 -0.02541769
v -0.32882047 1.55759025 -0.02264720
v -0.39466286 1.06096292 -0.12779637
v -0.50966501 1.67494285 0.08107679
v -0.51684314 1.67107725 0.06826688
v -0.51285148 1.66088080 0.07138909
v -0.50565368 1.66588259 0.08480118
v -0.39472124 1.03547025 -0.12409204
v -0.40287232 1.01731884 -0.13030881
v -0.46349061 1.04997087 -0.15795363
v -0.44295502 1.05393696 -0.15694572
v -0.37034956 0.97451162 -0.03056945
v -0.36929119 1.00691533 -0.02538136
v -0.37078378 0.94146210 -0.03571838
v -0.37343720 0.90919042 -0.04107070
v -0.42252719 0.71368241 -0.08273023
v -0.43443233 0.68443680 -0.07800636
v -0.46978909 0.59968716 -0.09801323
v -0.48100802 0.56797528 -0.10675050
v -0.49320656 0.53322321 -0.11499188
v -0.50642794 0.49719876 -0.12337306
v -0.51527339 0.46238786 -0.12903908
v -0.43998125 1.72108269 0.18031895
v -0.45401317 1.71515250 0.15555197
v -0.45716131 1.70165801 0.16630039
v -0.44367552 1.70835769 0.19097012
v -0.40880612 1.63923669 0.12179652
v -0.40379372 1.65207589 0.11307743
v -0.39161345 1.65663469 0.13540959
v -0.39749646 1.64491010 0.14426687
v -0.38579985 1.65156054 0.16770682
v -0.39291841 1.64563167 0.17750633
v -0.40467781 1.63713515 0.15297791
v -0.42271596 1.65595770 0.19914570
v -0.43216968 1.66760898 0.20103082
v -0.44591886 1.65744686 0.17499053
v -0.43488729 1.64503837 0.17577839
v -0.44285786 1.69506359 0.19841346
v -0.45550048 1.68803513 0.17389542
v -0.45191118 1.67320728 0.17654783
v -0.43870538 1.68073618 0.20176774
v -0.37466997 1.69064069 0.14440227
v -0.37569508 1.67482281 0.15006271
v -0.38803852 1.67078626 0.12745282
v -0.38658229 1.68670487 0.12188154
v -0.46258354 1.73334384 0.05525650
v -0.45578808 1.73144639 0.07282111
v -0.43129802 1.64120078 0.02935542
v -0.42163318 1.66020858 0.02993488
v -0.42380667 1.66648185 0.03566316
v -0.43385080 1.64847171 0.03500196
v -0.42073312 1.72493529 0.10286877
v -0.42949617 1.72407532 0.08389917
v -0.44709468 1.72891355 0.09130684
v -0.43665811 1.72855222 0.11200219
v -0.39777172 1.68279648 0.09931654
v -0.39974654 1.66737330 0.10507664
v -0.41183573 1.66378105 0.08437045
v -0.40727165 1.67888761 0.07951234
v -0.43511805 1.62788379 0.14477760
v -0.44443184 1.62078989 0.11850092
v -0.41856006 1.69197416 0.05274865
v -0.41356117 1.69309163 0.06551102
v -0.42518696 1.57449698 0.01469103
v -0.47058022 1.55302727 0.01244041
v -0.47077203 1.56516719 0.01528692
v -0.36670804 1.51168799 0.01315592
v -0.36383018 1.52689874 0.01511246
v -0.44170848 1.50938320 0.01522376
v -0.44735867 1.52666414 0.01507396
v -0.37592939 1.51806414 0.01720244
v -0.37151963 1.52785635 0.01722769
v -0.35096675 1.44208229 -0.02153113
v -0.38733271 1.69700861 -0.10404265
v -0.41587955 1.71100783 0.08074485
v -0.40848348 1.69440615 0.07883647
v -0.47243929 1.62199020 0.09788597
v -0.47797188 1.61671090 0.07887039
v -0.47152492 1.61461401 0.07705031
v -0.46347022 1.61807072 0.09789926
v -0.55079913 1.56281567 -0.04862595
v -0.55350554 1.55083251 -0.07104785
v -0.54779530 1.53848040 -0.05699445
v -0.54532403 1.55158484 -0.03750747
v -0.50948262 1.69384408 0.07947174
v -0.50391370 1.70504594 0.08106308
v -0.51296532 1.70513844 0.06455225
v -0.51717955 1.69220996 0.06540897
v -0.50367486 1.71903813 0.06318232
v -0.49320900 1.71774673 0.08132252
v -0.47691709 1.72780275 0.07872379
v -0.48614281 1.73026896 0.06067204
v -0.53952718 1.14838088 -0.01282224
v -0.51796043 1.13936472 0.00996980
v -0.42780343 1.28491831 0.01692714
v -0.40434563 1.27702606 0.01082323
v -0.38473141 1.17603803 0.00049073
v -0.36057615 1.07567143 -0.06726806
v -0.36876911 1.06473672 -0.09279150
v -0.41074470 0.99155027 -0.13421820
v -0.49521086 1.13021183 0.02886970
v -0.41866019 0.96077263 -0.13425525
v -0.42660323 0.92877251 -0.13235018
v -0.50067353 0.92589283 -0.12844938
v -0.51943952 0.92330796 -0.10856643
v -0.52086937 0.95367241 -0.11149102
v -0.49949616 0.95767039 -0.13308136
v -0.53044391 0.92034554 -0.08381701
v -0.53413308 0.94946355 -0.08498991
v -0.40410665 0.84246224 -0.00424893
v -0.56164956 0.63994843 -0.13007614
v -0.57627529 0.60246307 -0.11721349
v -0.57108128 0.63931590 -0.10987548
v -0.56772983 0.60414231 -0.13591829
v -0.57168669 0.63457322 -0.08798460
v -0.56223333 0.66659099 -0.07999910
v -0.52621382 0.57051533 -0.05445831
v -0.57192540 0.56701863 -0.14075305
v -0.58006841 0.56415570 -0.12398324
v -0.57722652 0.59845674 -0.09670974
v -0.58047754 0.56012154 -0.10621873
v -0.38802674 1.04807115 -0.11717863
v -0.44318566 1.06351388 0.03884411
v -0.44062376 1.09295285 0.03799714
v -0.38913989 1.11279047 0.00533849
v -0.37251326 1.10411203 -0.01731421
v -0.37803280 1.35556579 -0.00524162
v -0.40043378 1.36073625 0.00333011
v -0.39505413 1.40350509 -0.00262962
v -0.41685721 1.40819824 0.00226778
v -0.42012858 1.38748658 0.00431678
v -0.39789447 1.38200128 -0.00025707
v -0.46354485 1.41725588 -0.00401875
v -0.48553342 1.42213118 -0.01495165
v -0.48607865 1.40353715 -0.01683605
v -0.46548328 1.39870369 -0.00435679
v -0.48730713 1.38487184 -0.01481977
v -0.50292856 1.38977265 -0.03243342
v -0.52741230 1.42584562 -0.11380157
v -0.52684438 1.42276514 -0.09367382
v -0.53062743 1.44268894 -0.09209980
v -0.53066409 1.44745743 -0.11272489
v -0.34132358 1.12240028 -0.05492977
v -0.37869811 1.06043315 -0.10854485
v -0.36962083 1.03673828 -0.02141540
v -0.38647237 1.06537831 0.00879228
v -0.41150194 1.06421208 0.02898799
v -0.44545966 1.63343942 0.06249294
v -0.53161973 1.59218609 -0.00499400
v -0.52787757 1.58260238 -0.00187756
v -0.48197490 1.71427298 0.10176939
v -0.46569669 1.72494793 0.09906664
v -0.41487938 1.67558968 0.06362182
v -0.44404784 1.72675705 0.03889108
v -0.42733777 1.71121395 0.04058664
v -0.42833930 1.71240938 0.03114742
v -0.40976340 1.16023517 0.01647416
v -0.43423912 1.14281678 0.03348885
v -0.41046542 1.13711715 0.02063589
v -0.42745155 1.05682671 -0.14904086
v -0.36216405 1.09009874 -0.04065493
v -0.43240723 0.89749074 -0.12996700
v -0.43694746 0.86797339 -0.12916714
v -0.44135615 0.84017742 -0.12920648
v -0.44550413 0.81352925 -0.13036242
v -0.45064440 0.78796190 -0.13108060
v -0.45818019 0.76364374 -0.12925750
v -0.46617454 0.74068874 -0.12636328
v -0.47907060 0.71544778 -0.12981951
v -0.48552206 0.65323317 -0.14548515
v -0.50257033 0.65970951 -0.14965367
v -0.49219942 0.68872768 -0.13921583
v -0.51206106 0.62842143 -0.15846658
v -0.51989269 0.59567177 -0.16391908
v -0.52834922 0.56032795 -0.16500400
v -0.53642887 0.52356994 -0.16729136
v -0.54330993 0.48729903 -0.17090562
v -0.40181908 1.05830407 -0.13228878
v -0.41429043 1.05827463 -0.14038353
v -0.43707463 1.69723487 -0.04460664
v -0.45626190 1.58514678 0.01532800
v -0.45507315 1.59717309 0.01990126
v -0.41976827 1.67357469 0.05214579
v -0.46801513 1.67917681 0.15050077
v -0.47080529 1.69327748 0.14254239
v -0.42278975 1.66078806 0.06629989
v -0.44022420 1.62582660 0.02823696
v -0.44135335 1.63541698 0.03394206
v -0.34338471 1.83179021 0.26071626
v -0.34923851 1.83021438 0.27438009
v -0.33582371 1.84616637 0.27588493
v -0.32931244 1.84619057 0.26330873
v -0.33351052 1.82918167 0.25016975
v -0.31980139 1.84310699 0.25440675
v -0.28253859 1.79409385 0.26584587
v -0.28919065 1.79980612 0.25375473
v -0.27955270 1.81652784 0.26213628
v -0.27386707 1.81156421 0.27435586
v -0.29596680 1.85135424 0.25493830
v -0.28605789 1.84486175 0.25594604
v -0.29771766 1.82974291 0.24959743
v -0.30896509 1.83727980 0.24973914
v -0.28840214 1.78923798 0.29600585
v -0.29896915 1.79096723 0.30632028
v -0.30556065 1.77164865 0.29989547
v -0.29534444 1.77111995 0.28845236
v -0.32593456 1.72992921 0.22942367
v -0.31985730 1.72294056 0.24119374
v -0.32839769 1.71229434 0.23179492
v -0.33422601 1.72207272 0.22246820
v -0.37093490 1.80232763 0.25530350
v -0.37502906 1.79749179 0.26982510
v -0.36263782 1.81375229 0.27212042
v -0.35723788 1.81698215 0.25762266
v -0.33441246 1.78636074 0.23171455
v -0.32252878 1.77588725 0.23287106
v -0.33520985 1.76162589 0.22778624
v -0.34774610 1.77254307 0.22706357
v -0.38359115 1.78787827 0.25404549
v -0.38588181 1.78125691 0.26801348
v -0.31011206 1.81537819 0.24277419
v -0.29889873 1.80678725 0.24620068
v -0.31044918 1.79132032 0.23880941
v -0.32247210 1.80084014 0.23653638
v -0.27488720 1.82765794 0.30685905
v -0.28507882 1.83004308 0.31462604
v -0.29205370 1.81057429 0.31142062
v -0.28151891 1.80854774 0.30209738
v -0.27738717 1.83893287 0.26096261
v -0.27048087 1.83376479 0.26967502
v -0.28801769 1.82256162 0.25416708
v -0.32324278 1.85462689 0.30187508
v -0.32511097 1.85940313 0.29035494
v -0.33788428 1.84235215 0.28907573
v -0.33512586 1.83638597 0.30117446
v -0.30298802 1.75993013 0.24759823
v -0.31146401 1.76687396 0.23778832
v -0.29973781 1.78325939 0.24558222
v -0.29221234 1.77687883 0.25693554
v -0.36090383 1.80230200 0.24220914
v -0.34721637 1.81549835 0.24616933
v -0.34660679 1.81710303 0.29986858
v -0.35012090 1.82504535 0.28789091
v -0.36200237 1.80698609 0.28538939
v -0.35707936 1.79900932 0.29741156
v -0.35461849 1.77016330 0.30275044
v -0.34055245 1.76139379 0.30314279
v -0.33339655 1.78205919 0.30804855
v -0.34677792 1.79023051 0.30560946
v -0.31475601 1.74353123 0.23885694
v -0.30907252 1.73769689 0.25208020
v -0.30259848 1.75279701 0.27959347
v -0.31218544 1.75259614 0.29225567
v -0.31976587 1.73376369 0.28331256
v -0.31053209 1.73424995 0.26881585
v -0.38210142 1.76291645 0.22230673
v -0.39520508 1.76366603 0.23301169
v -0.38700932 1.77348804 0.23591429
v -0.37435886 1.76935375 0.22534466
v -0.39448416 1.77255106 0.25197870
v -0.40203077 1.75989830 0.24894398
v -0.41345885 1.73176241 0.24902219
v -0.40982249 1.72022867 0.25693339
v -0.40439701 1.72710466 0.26418471
v -0.40823591 1.73928809 0.25601742
v -0.36814296 1.72933793 0.29555237
v -0.35387847 1.71994078 0.29152524
v -0.34684914 1.74085760 0.29783273
v -0.36136213 1.74947667 0.29972345
v -0.34550712 1.69906640 0.27499557
v -0.33351287 1.70112383 0.26287353
v -0.32716960 1.71578503 0.27318823
v -0.33963498 1.71590924 0.28389010
v -0.37241733 1.66265130 0.21977979
v -0.36506370 1.66564703 0.20996872
v -0.35539278 1.67382884 0.22560441
v -0.36289722 1.67190206 0.23653615
v -0.34902924 1.68935585 0.20266438
v -0.35643527 1.68321228 0.18974990
v -0.35586083 1.69730759 0.18343061
v -0.34995729 1.70256031 0.19554716
v -0.39911658 1.74293053 0.19856241
v -0.41364008 1.73965502 0.21090895
v -0.41011202 1.74394822 0.21866965
v -0.39613789 1.74576557 0.20682687
v -0.37475628 1.71173882 0.29003128
v -0.36075896 1.69909179 0.28495908
v -0.34225601 1.69673610 0.21264017
v -0.34486645 1.70910764 0.20519686
v -0.33971599 1.71591020 0.21452349
v -0.33541587 1.70503163 0.22321633
v -0.36271176 1.73355079 0.20156872
v -0.37713715 1.74377370 0.20546380
v -0.37278751 1.75000978 0.21108288
v -0.35868037 1.73978531 0.20923871
v -0.39240927 1.75003767 0.21237749
v -0.40562180 1.74917674 0.22391558
v -0.40028241 1.75774372 0.22989595
v -0.38749981 1.75752664 0.21772003
v -0.38068354 1.70085955 0.28407207
v -0.38905141 1.71177387 0.27977276
v -0.39278135 1.70342636 0.27452293
v -0.38401240 1.69345999 0.27720535
v -0.34994450 1.68840265 0.26347381
v -0.33929169 1.69023561 0.25171700
v -0.35436192 1.74393582 0.21689957
v -0.34223774 1.73317456 0.21736076
v -0.34674266 1.72837698 0.20938426
v -0.40728509 1.75139570 0.24452996
v -0.38095725 1.66303062 0.22878358
v -0.39069420 1.66566360 0.23618093
v -0.40002066 1.65766823 0.21775064
v -0.39009121 1.65440643 0.21101382
v -0.38149643 1.65478277 0.20220304
v -0.37407649 1.65905130 0.19227052
v -0.36439270 1.67938411 0.17228103
v -0.36390090 1.69441223 0.16611588
v -0.36713132 1.71062279 0.16330370
v -0.37543300 1.72552466 0.16386950
v -0.36821246 1.72857535 0.18267336
v -0.35936815 1.71315789 0.18119833
v -0.40539604 1.73919189 0.17909253
v -0.41995293 1.73506868 0.19139174
v -0.42129013 1.73155773 0.22175664
v -0.42875472 1.72628200 0.20408666
v -0.34256250 1.68699932 0.22496125
v -0.35067254 1.67945743 0.21357217
v -0.33800733 1.80957031 0.30836189
v -0.32565221 1.80157351 0.31182602
v -0.31701383 1.82130384 0.31424063
v -0.32790938 1.82950044 0.31000161
v -0.29640681 1.83443260 0.31752366
v -0.30468270 1.81488800 0.31492501
v -0.32198101 1.82339585 0.24407762
v -0.33469900 1.80958188 0.23887765
v -0.30631492 1.85692191 0.25810444
v -0.36725882 1.75426400 0.21723464
v -0.35984692 1.76094103 0.22221512
v -0.40393075 1.70813966 0.26308861
v -0.41518542 1.71379030 0.24846813
v -0.40941089 1.70169842 0.25383472
v -0.38528058 1.72406805 0.28415719
v -0.38050768 1.74170470 0.28849390
v -0.38943151 1.75370336 0.27630931
v -0.39619628 1.73407388 0.27236095
v -0.38693690 1.68767440 0.26868740
v -0.39650336 1.69696581 0.26760679
v -0.40228146 1.69055247 0.25607121
v -0.39294097 1.68096697 0.25602007
v -0.38227889 1.73899686 0.18851736
v -0.37992519 1.74013984 0.19841933
v -0.43098888 1.70111203 0.22109234
v -0.42241129 1.70760894 0.23619366
v -0.42364031 1.72005236 0.23048526
v -0.43109325 1.71459174 0.21537027
v -0.41805571 1.72562957 0.24128973
v -0.42696303 1.68827379 0.22367629
v -0.41777685 1.69500148 0.24029636
v -0.38874018 1.73656142 0.16894761
v -0.40164384 1.67319953 0.23990524
v -0.41054431 1.68370187 0.24117267
v -0.42013693 1.67595267 0.22365093
v -0.41074494 1.66519642 0.22176111
v -0.31229544 1.79517770 0.31122336
v -0.31945592 1.77560854 0.30585787
v -0.32712072 1.70494819 0.24721402
v -0.31932467 1.71748400 0.25768411
v -0.33479014 1.69531775 0.23632145
v -0.28177613 1.79038537 0.28166160
v -0.27451062 1.80864120 0.28901449
v -0.29895046 1.75465679 0.26281065
v -0.28993034 1.77263403 0.27265018
v -0.36649370 1.77955508 0.29464781
v -0.36524090 1.68004858 0.26013756
v -0.35536009 1.68042564 0.25054997
v -0.36169648 1.68710005 0.27273095
v -0.36845052 1.66720581 0.18125030
v -0.35959399 1.67251694 0.19933236
v -0.37191746 1.69351161 0.28376663
v -0.37923655 1.66172934 0.15776309
v -0.40273169 1.74958229 0.26243877
v -0.41243380 1.74238265 0.23741019
v -0.41671258 1.73651791 0.23095366
v -0.32253736 1.86135173 0.27710313
v -0.34794378 1.79560590 0.23394465
v -0.34695330 1.75007641 0.22247976
v -0.33513772 1.73975980 0.22403872
v -0.37592989 1.68159533 0.26678166
v -0.38219899 1.67404640 0.25292519
v -0.37197250 1.67215133 0.24557936
v -0.36506638 1.73035884 0.19399691
v -0.35458878 1.71729970 0.19252732
v -0.26775235 1.82730794 0.29527456
v -0.35091633 1.72166848 0.20051098
v -0.39568973 1.76294017 0.26518667
v -0.52166665 1.64795041 -0.16831300
v -0.43512666 1.49369180 0.01316150
v -0.38277793 1.46405077 -0.00458738
v -0.40182984 1.46839535 0.00224179
v -0.45500007 1.55952179 0.01228286
v -0.45603430 1.57290936 0.01301563
v -0.45223466 1.61204970 0.02723004
v -0.45113555 1.62212133 0.03351468
v -0.42964739 1.53290689 0.01874647
v -0.48952180 1.88744819 -0.09544112
v -0.49062183 1.87998009 -0.09688842
v -0.49163535 1.90020657 -0.09447595
v -0.30115479 1.30670536 -0.05644328
v -0.47948048 1.87576640 -0.09070977
v -0.47886521 1.86656225 -0.09205817
v -0.48047709 1.87094355 -0.08740159
v -0.47781569 1.87722945 -0.09073482
v -0.47741073 1.87849069 -0.09051044
v -0.48335001 1.90359032 -0.08958399
v -0.48921034 1.87144899 -0.09775066
v -0.48634484 1.86246967 -0.09753355
v -0.47613531 1.89122772 -0.08839360
v -0.51985359 1.31103122 -0.14169332
v -0.50763929 1.31076396 -0.16258924
v -0.51549041 1.29111338 -0.16500618
v -0.52651215 1.29116809 -0.14165948
v -0.52366841 1.27113056 -0.16795421
v -0.55959332 1.23857880 -0.05337551
v -0.54766285 1.23979867 -0.02686062
v -0.54146159 1.26126039 -0.02959806
v -0.55331254 1.26019228 -0.05420983
v -0.52130342 1.27692318 -0.01110463
v -0.53544563 1.27956557 -0.03243402
v -0.52403969 1.26034737 -0.00759178
v -0.50302935 1.25436962 0.00981024
v -0.50148922 1.27217388 0.00637944
v -0.47997731 1.24462306 0.02035157
v -0.47807813 1.26406801 0.01719050
v -0.45747668 1.23295951 0.02402064
v -0.43308842 1.22164023 0.02209346
v -0.40895081 1.18711412 0.01523593
v -0.38360617 1.20355642 0.00157757
v -0.40771589 1.21173096 0.01477087
v -0.34181547 1.19535565 -0.02937274
v -0.36128283 1.19761920 -0.01352955
v -0.31359884 1.19426107 -0.06096126
v -0.32607350 1.19434130 -0.04536968
v -0.41382408 1.68020856 -0.03911859
v -0.51824415 1.72193289 -0.08734936
v -0.52234769 1.71752477 -0.07770465
v -0.50725168 1.72363353 -0.06630626
v -0.55577785 1.66419816 -0.05984842
v -0.54902893 1.68146479 -0.05845273
v -0.55373639 1.67450047 -0.08010720
v -0.55808944 1.65868258 -0.08198322
v -0.52531070 1.71345901 -0.09960371
v -0.52083510 1.71632206 -0.10584361
v -0.53107816 1.70824552 -0.09284721
v -0.53119916 1.69152212 -0.12822068
v -0.53382170 1.69947171 -0.11019544
v -0.51239693 1.71638513 -0.03414838
v -0.53085697 1.70296156 -0.03224777
v -0.52805847 1.70516992 -0.02150367
v -0.51005143 1.71822190 -0.02284397
v -0.54909796 1.65423703 -0.02461267
v -0.54815936 1.63943434 -0.02422976
v -0.54419816 1.64395595 -0.01195984
v -0.54518813 1.65816009 -0.01293465
v -0.50063896 1.72898591 0.01640368
v -0.51921993 1.71599388 0.01617402
v -0.51569074 1.71833348 0.03107072
v -0.49740738 1.73039329 0.03020772
v -0.54361367 1.67352307 -0.01598080
v -0.55486608 1.55571723 -0.10487543
v -0.55577123 1.56528664 -0.08086000
v -0.55505151 1.57370853 -0.05740207
v -0.53477359 1.60112488 -0.00792487
v -0.54009998 1.59466934 -0.01885241
v -0.53777355 1.58386457 -0.01599211
v -0.53012091 1.60584271 0.00377803
v -0.52370656 1.60911131 0.01819839
v -0.41942403 1.69042873 0.03530042
v -0.41741484 1.68821955 0.02830096
v -0.42992422 1.71204019 0.02107450
v -0.50506085 1.61515713 0.04529865
v -0.51278180 1.60862231 0.03198919
v -0.50764352 1.60345018 0.03237037
v -0.50067288 1.61131442 0.04597592
v -0.51372266 1.71616137 -0.04343419
v -0.52554768 1.70302188 0.03375179
v -0.52959478 1.70057750 0.01821357
v -0.53403014 1.68486226 0.02242495
v -0.52935570 1.68817425 0.03706810
v -0.53024769 1.67479372 0.03961077
v -0.53539395 1.67082167 0.02525571
v -0.53429258 1.65746844 0.02664538
v -0.52916479 1.66250181 0.04077035
v -0.50915807 1.62177253 0.04579714
v -0.51755983 1.61478543 0.03066558
v -0.46877012 1.73418581 0.04114938
v -0.48290083 1.72747958 -0.01217967
v -0.45746434 1.72386086 -0.00978659
v -0.46024832 1.72110426 -0.02167809
v -0.48528737 1.72446954 -0.02439252
v -0.46007624 1.62007427 0.04899099
v -0.45274252 1.62788928 0.04600976
v -0.46676779 1.61385226 0.05250823
v -0.49632835 1.59659827 0.03168319
v -0.47373256 1.61094713 0.05573899
v -0.42374536 1.67046452 0.04310121
v -0.42134371 1.69053352 0.04232341
v -0.43625167 1.71009040 -0.00335813
v -0.43908140 1.70870614 -0.01454282
v -0.49426821 1.73005700 0.04412413
v -0.51162249 1.71783054 0.04616177
v -0.49891460 1.62205255 0.06114559
v -0.49464190 1.61813128 0.06151371
v -0.48932374 1.62362039 0.07733084
v -0.50841671 1.59037781 0.02075559
v -0.50264406 1.59984970 0.03253250
v -0.50743163 1.72066736 -0.01175104
v -0.52058810 1.70327020 0.04917428
v -0.52399081 1.68915784 0.05142559
v -0.53914952 1.66606188 0.01155852
v -0.53790992 1.68071270 0.00843626
v -0.54093373 1.67674077 -0.00401641
v -0.54219007 1.66193116 -0.00088394
v -0.52220404 1.66668129 0.05589487
v -0.51903081 1.65552175 0.05809672
v -0.54071867 1.64846122 0.00081393
v -0.53768176 1.65264916 0.01339346
v -0.50277162 1.62854898 0.06215397
v -0.44172299 1.70700181 -0.02416363
v -0.42268279 1.69251692 -0.01395908
v -0.42119229 1.68953991 -0.02244778
v -0.41830504 1.69101846 0.00758180
v -0.42044610 1.69248557 -0.00380778
v -0.41698992 1.68803251 0.01927412
v -0.41930705 1.68483794 -0.02935764
v -0.37350029 1.68750632 0.27691036
v -0.48412991 1.62027740 0.07879961
v -0.47980982 1.62618494 0.09494501
v -0.48495388 1.62980723 0.09199947
v -0.46476421 1.66358924 0.15180111
v -0.33323354 1.82616413 -0.09745741
v -0.33112934 1.83223796 -0.09726073
v -0.33155054 1.85291505 -0.09876715
v -0.33264443 1.85658646 -0.09946762
v -0.39902887 1.71457481 0.26949617
v -0.39483929 1.71962273 0.27419376
v -0.37418702 1.76080394 0.29201639
v -0.37262464 1.78937542 0.28279650
v -0.38183996 1.77117908 0.27994633
v -0.37475622 1.78840554 0.23947757
v -0.36200830 1.78241730 0.22980857
v -0.32383639 1.75121880 0.23100954
v -0.33241317 1.73550975 0.29198509
v -0.28817600 1.89040649 0.26771986
v -0.29581544 1.89220560 0.27732262
v -0.28186789 1.90742922 0.27664202
v -0.27303416 1.90500093 0.26813698
v -0.25899029 1.91917670 0.26865527
v -0.24946459 1.91622579 0.26824650
v -0.26324636 1.90168440 0.26557952
v -0.24312827 1.91236901 0.27281898
v -0.25575775 1.89704609 0.26766777
v -0.23933199 1.90822887 0.27982384
v -0.23667358 1.90656209 0.28863141
v -0.24607889 1.88958573 0.28143412
v -0.25028837 1.89234698 0.27317899
v -0.25318497 1.86964607 0.28354019
v -0.24394974 1.88798440 0.29091966
v -0.24435538 1.88679528 0.30096114
v -0.25165343 1.86736548 0.29444754
v -0.24964592 1.90657830 0.32092276
v -0.25708157 1.90814066 0.32330644
v -0.26309156 1.88950729 0.32210332
v -0.25467068 1.88696015 0.31853318
v -0.28856230 1.87921071 0.31664705
v -0.27976468 1.87403846 0.32015088
v -0.27187341 1.89336610 0.32077205
v -0.28062010 1.89788175 0.31706154
v -0.27532399 1.91404390 0.31756604
v -0.28049129 1.91792428 0.30890775
v -0.28685036 1.90213537 0.31067285
v -0.31601894 1.86029744 0.26573193
v -0.30254582 1.87565637 0.26697117
v -0.29252452 1.87157047 0.26060846
v -0.26195699 1.87626278 0.26702201
v -0.27412730 1.86040914 0.26132548
v -0.28281868 1.86610198 0.25918999
v -0.26905227 1.88141191 0.26318896
v -0.26640821 1.82951748 0.28167644
v -0.26210028 1.85141444 0.27677453
v -0.25934684 1.84832346 0.28807563
v -0.25662127 1.87246847 0.27410483
v -0.26711655 1.85542154 0.26747686
v -0.25442183 1.86633146 0.30567724
v -0.24842985 1.88630342 0.31072605
v -0.29927990 1.89268303 0.28954738
v -0.29962772 1.89006042 0.30137971
v -0.28853595 1.90582621 0.29982418
v -0.28661618 1.90785336 0.28817809
v -0.26123321 1.84681821 0.30044049
v -0.31125504 1.87272036 0.30201268
v -0.31224817 1.87635612 0.29032871
v -0.29583824 1.88554585 0.31107631
v -0.30590856 1.86714864 0.31079304
v -0.27551109 1.92174315 0.28620034
v -0.26891729 1.92162395 0.27529150
v -0.30922544 1.87768912 0.27769953
v -0.26100880 1.86673665 0.31508550
v -0.26997161 1.86969602 0.32001856
v -0.27733609 1.84951830 0.31749499
v -0.26782563 1.84701383 0.31083292
v -0.30723441 1.84107578 0.31544110
v -0.28768981 1.85483217 0.31873485
v -0.29744455 1.86049318 0.31624150
v -0.26612705 1.91070962 0.32187316
v -0.31695771 1.84785485 0.31025028
v -0.23353785 1.99646831 0.29290146
v -0.22872102 1.98717785 0.29298967
v -0.22277835 1.99291921 0.28460032
v -0.22793785 2.00177145 0.28505805
v -0.20886984 1.97395897 0.28204083
v -0.20649883 1.96506286 0.27361590
v -0.20425570 1.97538960 0.26523048
v -0.20623332 1.98284233 0.27242091
v -0.22487593 2.00533199 0.27658623
v -0.21916264 1.99737048 0.27671087
v -0.22492650 2.00355577 0.26892543
v -0.23308653 2.01015377 0.26974753
v -0.23001599 2.01225042 0.27584600
v -0.23763120 2.01675487 0.26985371
v -0.24150777 2.00168324 0.26769897
v -0.24607551 2.01258516 0.26989684
v -0.26306328 1.99310184 0.28289226
v -0.26922861 1.99018478 0.29128599
v -0.27065885 2.00417948 0.29121828
v -0.26384482 2.00666904 0.28266072
v -0.27732730 1.99629247 0.30907109
v -0.27462101 2.00122666 0.29973185
v -0.27279624 1.98691785 0.29896790
v -0.27547750 1.98299479 0.30726260
v -0.24260801 1.98883319 0.30478555
v -0.23952454 1.97825789 0.30567741
v -0.23550165 1.98144984 0.30027372
v -0.23915917 1.99122906 0.29979408
v -0.22149485 1.99907112 0.25737017
v -0.23054814 1.99373543 0.26157272
v -0.22964099 2.00043011 0.26436615
v -0.22013780 2.00169182 0.26059410
v -0.23513359 1.95280659 0.32055569
v -0.23405823 1.93998587 0.31746483
v -0.22992617 1.94073200 0.30924299
v -0.23159131 1.95211589 0.31298906
v -0.21395682 1.94785833 0.28653646
v -0.22010492 1.94090426 0.29105094
v -0.22432502 1.93543029 0.27744785
v -0.21948707 1.94282269 0.27365825
v -0.20971021 1.95570326 0.28086546
v -0.21534151 1.95029986 0.26974982
v -0.21191961 1.96039677 0.26468417
v -0.20886683 1.97202587 0.25810391
v -0.24011540 1.93815708 0.32597792
v -0.24220338 1.94718790 0.33031651
v -0.24795243 2.06200647 0.26436692
v -0.25125751 2.06355619 0.26892629
v -0.24930874 2.05853462 0.27078786
v -0.24607691 2.05689144 0.26615232
v -0.26194936 1.94421530 0.32936108
v -0.26876533 1.94528329 0.32209116
v -0.26588628 1.93871152 0.32326382
v -0.25760886 1.93747449 0.32853800
v -0.26684403 1.95298052 0.33085793
v -0.27238259 1.95408094 0.32119259
v -0.25549850 2.05772066 0.25499102
v -0.25054851 2.05867076 0.25627542
v -0.24966919 2.05314732 0.25819692
v -0.25490820 2.05216026 0.25733909
v -0.23130548 2.01045465 0.28454572
v -0.23622558 2.00568128 0.29207516
v -0.23871845 2.02834153 0.28642339
v -0.23869196 2.01681137 0.29105473
v -0.23328802 2.01882410 0.28280443
v -0.23547632 2.02654028 0.28051811
v -0.24984634 2.00880861 0.30785125
v -0.24737379 1.99789119 0.30807960
v -0.24384871 2.00220537 0.30162042
v -0.24642882 2.01329899 0.30165297
v -0.25168839 1.99473977 0.32010779
v -0.25516328 2.00518107 0.31968838
v -0.25760916 2.00365281 0.32639617
v -0.25380743 1.99485087 0.32645732
v -0.26087680 2.02546716 0.31105953
v -0.26641777 2.03359222 0.30745912
v -0.27024600 2.03168488 0.31156570
v -0.26411304 2.02399564 0.31577289
v -0.26410612 1.93213952 0.32395136
v -0.25501400 1.93051422 0.32736534
v -0.28082260 1.98858750 0.32811230
v -0.27718940 1.98546410 0.33752409
v -0.28139052 1.99527526 0.34030241
v -0.28499168 1.99755311 0.33033341
v -0.27214220 1.94749796 0.31224093
v -0.27091756 1.94052958 0.31369475
v -0.26111159 2.05777884 0.25676018
v -0.26055115 2.05205822 0.25900099
v -0.22269881 1.96013021 0.26181388
v -0.21751666 1.97218382 0.25528425
v -0.22714096 1.95014620 0.26646516
v -0.23065013 1.94319582 0.26913753
v -0.23408136 1.93605840 0.26986921
v -0.24360624 2.02184272 0.29487213
v -0.24010521 1.99939585 0.29817310
v -0.24453154 1.98687649 0.30893934
v -0.25487897 1.98328567 0.33883327
v -0.25251421 1.97488773 0.33860254
v -0.24771515 1.97879362 0.33009398
v -0.25189412 1.98578644 0.33183473
v -0.27036667 1.98631024 0.34393841
v -0.26362154 1.98987150 0.34327942
v -0.26799569 1.99893272 0.34365809
v -0.27458921 1.99610555 0.34526205
v -0.22135964 1.99641573 0.25226134
v -0.22801331 1.98754048 0.25753391
v -0.25256452 1.94476247 0.33310002
v -0.24869835 1.93712997 0.32999524
v -0.24678981 1.93004990 0.32668158
v -0.23522261 1.96486092 0.31015658
v -0.22875066 1.95197344 0.30819571
v -0.22430688 1.95369911 0.30322105
v -0.23286003 1.96677303 0.30610794
v -0.22105426 1.97719836 0.29384893
v -0.21357033 1.96516728 0.29082942
v -0.21564144 1.98428631 0.28479990
v -0.22539259 1.94052172 0.30197138
v -0.23051572 1.93134403 0.30621302
v -0.22689936 1.93134415 0.29753536
v -0.23498259 1.93093109 0.31477657
v -0.24021320 1.93050349 0.32216901
v -0.23245302 1.92105258 0.30292097
v -0.23066458 1.92100728 0.29400167
v -0.23641676 1.92077065 0.31179139
v -0.24157116 1.92107868 0.31879276
v -0.27340859 1.92547178 0.31690377
v -0.26429763 1.92292941 0.32311594
v -0.27120107 1.93357778 0.31526193
v -0.23233080 1.92527068 0.27600557
v -0.22506374 1.93233764 0.28754786
v -0.23063239 1.92236543 0.28497246
v -0.23981526 1.92757463 0.26971349
v -0.20522583 1.98876071 0.26567450
v -0.20393851 1.99480879 0.26024926
v -0.20873249 1.99956131 0.26383573
v -0.21093217 1.99447167 0.26873207
v -0.24078807 2.02320838 0.27001524
v -0.23586914 2.02542973 0.27412081
v -0.23327285 2.01863694 0.27490482
v -0.23974395 1.96190214 0.32606229
v -0.24611160 1.95684135 0.33460972
v -0.24369267 2.03038383 0.28996524
v -0.25366178 2.04569435 0.26015586
v -0.24818739 2.04698277 0.26098806
v -0.24505660 2.03653812 0.26594079
v -0.25104901 2.03489971 0.26443771
v -0.25174123 2.03733826 0.28759995
v -0.24554926 2.03618765 0.28622967
v -0.24787238 2.04311895 0.28275943
v -0.25429931 2.04342723 0.28261825
v -0.27192721 2.02853918 0.31872424
v -0.26688346 2.02197456 0.32217488
v -0.26335400 2.01972198 0.28253815
v -0.25708815 2.01863503 0.27322879
v -0.25604409 2.00880814 0.27438778
v -0.25282469 2.00657177 0.31388053
v -0.25647256 2.01645041 0.31319004
v -0.25940511 2.01507568 0.31836629
v -0.24712074 2.02473879 0.29597536
v -0.24823451 2.03076625 0.29262576
v -0.25168204 2.02830172 0.29766706
v -0.24913743 2.02126741 0.30073851
v -0.27427846 1.97397995 0.33462179
v -0.26482928 1.97513723 0.34271127
v -0.24786487 2.06014848 0.25970131
v -0.24644738 2.05493402 0.26139566
v -0.25451773 1.92154026 0.32504112
v -0.24696784 1.92127848 0.32321125
v -0.24955976 1.99574089 0.31372619
v -0.25427467 1.99618149 0.27484921
v -0.24597085 1.98527646 0.31388453
v -0.28379047 2.01381540 0.31772637
v -0.28302509 2.01547170 0.32446930
v -0.28361982 2.02302742 0.32082742
v -0.28707087 2.02081060 0.31577855
v -0.25836620 2.05224252 0.27642950
v -0.25201789 2.05304384 0.27668181
v -0.25490078 2.05887794 0.27319548
v -0.26080409 2.05785251 0.27277526
v -0.24099439 2.03440046 0.28327075
v -0.23812902 2.03293753 0.27845311
v -0.24090430 2.04034615 0.27513811
v -0.24331358 2.04192424 0.27987576
v -0.23909876 2.03126812 0.27311453
v -0.24162078 2.03840303 0.26981172
v -0.26356521 2.05003619 0.27283034
v -0.26388118 2.04696441 0.26686278
v -0.26153198 2.03719568 0.27251890
v -0.26014847 2.04124451 0.27841732
v -0.27383837 1.97008193 0.30515158
v -0.27534512 1.96735334 0.31357390
v -0.27739978 1.97997618 0.31636032
v -0.27963701 1.99242997 0.31898284
v -0.28177759 2.00408411 0.32059413
v -0.28135806 2.00761032 0.30912423
v -0.27800438 1.97699451 0.32460392
v -0.26107842 2.03185463 0.28662425
v -0.26008102 2.02977538 0.27905473
v -0.26560459 2.02850342 0.28503260
v -0.24789199 1.98395276 0.32157177
v -0.24477223 2.04896355 0.26422650
v -0.25276452 1.94608951 0.27287382
v -0.26244015 1.94593477 0.28126401
v -0.26259363 1.95490313 0.28208637
v -0.25099260 1.95402944 0.27247101
v -0.24702802 2.05250263 0.27408853
v -0.24401361 2.05121756 0.26937744
v -0.27171990 2.02085948 0.32724735
v -0.27550951 2.02675056 0.32304603
v -0.28042859 2.02576661 0.32446313
v -0.27910319 2.02102566 0.32889262
v -0.27564576 1.96487689 0.32183295
v -0.28552538 2.00350428 0.34155816
v -0.28899610 2.00321126 0.33191580
v -0.27394134 1.95603192 0.31206509
v -0.27262172 1.95848203 0.30304891
v -0.27168643 1.94968402 0.30172426
v -0.27646869 2.01553726 0.29909286
v -0.27163625 1.97318470 0.29752707
v -0.27056411 1.96102476 0.29569703
v -0.26897973 1.95142365 0.29286516
v -0.26875338 1.94423068 0.29197147
v -0.27133924 1.94259787 0.30192861
v -0.25960162 2.04565072 0.26203316
v -0.26487321 2.05328894 0.26351899
v -0.27249694 1.93556750 0.30318385
v -0.27659166 1.92849493 0.30586654
v -0.27359861 1.92985368 0.29448673
v -0.26995859 1.93722415 0.29234198
v -0.26629910 1.96382999 0.28771797
v -0.26090491 1.96617651 0.28036720
v -0.26795587 1.97621346 0.29014596
v -0.26213488 1.97954512 0.28235072
v -0.27259764 2.01610184 0.28944141
v -0.26735091 2.06893778 0.26225540
v -0.26560599 2.06131458 0.26611421
v -0.26276618 2.06323719 0.27007946
v -0.26531702 2.07064128 0.26601273
v -0.26473871 2.05575204 0.26915577
v -0.26545736 2.05899668 0.26098874
v -0.25283363 1.98237753 0.27363110
v -0.25529590 2.03478146 0.29362926
v -0.24815521 1.96729946 0.27105075
v -0.24213833 1.98813820 0.26522285
v -0.23745668 1.97781897 0.26264429
v -0.23916239 1.95175481 0.26645082
v -0.23455015 1.96115959 0.26337889
v -0.24480771 1.93767107 0.26908088
v -0.24187499 1.94456410 0.26847860
v -0.24963698 1.92953110 0.26863682
v -0.22774422 1.97332633 0.25765634
v -0.25036365 2.06949425 0.26238224
v -0.25428879 2.07071972 0.26666483
v -0.25498134 1.93896937 0.27318859
v -0.25986412 1.93154573 0.27381998
v -0.21253756 1.99031460 0.27592915
v -0.24286681 1.97403955 0.32001987
v -0.24199465 1.97517061 0.31398815
v -0.24970067 1.96642339 0.33740798
v -0.24397224 1.97135472 0.32843453
v -0.26830655 1.93152809 0.28341845
v -0.23630933 1.90607262 0.29792041
v -0.23889336 1.90570152 0.30712968
v -0.27953941 1.92025256 0.29761752
v -0.24993837 2.06812000 0.25746012
v -0.27300689 2.03411603 0.30407834
v -0.27513412 2.03208065 0.30535710
v -0.20296732 1.98326325 0.25912300
v -0.20248610 1.99117279 0.25447512
v -0.21041924 1.99077964 0.24637172
v -0.20512360 1.99017859 0.24943286
v -0.20628586 1.98120713 0.25279188
v -0.21352869 1.98157203 0.24986476
v -0.23670885 1.96437109 0.31415623
v -0.23835942 1.96414959 0.31942314
v -0.27097741 1.96288776 0.33236563
v -0.26171958 1.96368194 0.33960444
v -0.24303088 2.02904224 0.26913249
v -0.24805537 2.02018023 0.26974410
v -0.24934721 2.02677917 0.26834187
v -0.25758061 2.03494358 0.26702160
v -0.25841716 2.03519535 0.28823361
v -0.25764257 2.03614712 0.28346407
v -0.21899751 1.95839572 0.29769045
v -0.22799245 1.97088146 0.30067426
v -0.21726954 1.99921393 0.26982582
v -0.21611989 2.00199866 0.26424825
v -0.25259694 2.01803374 0.30705702
v -0.27731377 2.02639341 0.29453593
v -0.27378470 2.02514815 0.28734183
v -0.25591293 2.02600241 0.30477321
v -0.25717640 2.06598949 0.25234374
v -0.25224075 2.06706667 0.25381267
v -0.25671470 2.02647781 0.27107286
v -0.26226029 2.01328039 0.32503569
v -0.27877089 2.02312326 0.30225104
v -0.27667150 2.03031683 0.29930174
v -0.27862459 2.00346088 0.34491587
v -0.26404798 1.93879628 0.28180405
v -0.25712535 2.06411600 0.27144739
v -0.26013982 2.07129478 0.26868081
v -0.26667047 2.06685638 0.25813743
v -0.26264444 2.06562567 0.25422797
v -0.25754878 1.95371795 0.33666822
v -0.24109828 1.97641385 0.30955225
v -0.24405345 1.90595901 0.31516320
v -0.22177985 1.98347151 0.25165585
v -0.21691665 1.99310422 0.24711323
v -0.25951293 2.03359103 0.30197740
v -0.28605232 2.00843406 0.32593694
v -0.28448799 2.01524067 0.30841807
v -0.28755504 2.02095795 0.30745026
v -0.28307238 2.02537394 0.30208448
v -0.27980754 2.03045297 0.30261174
v -0.26819995 2.07288599 0.25567567
v -0.26431507 2.07191849 0.25167438
v -0.25899246 2.07264256 0.24968475
v -0.25420639 2.07336831 0.25163874
v -0.25204793 2.07372761 0.25566652
v -0.26883212 2.07471538 0.25958863
v -0.26662344 2.07605314 0.26333317
v -0.26171649 2.07639790 0.26602724
v -0.27010846 2.07987642 0.25787267
v -0.26973152 2.07922697 0.25334394
v -0.26076114 2.08545971 0.24563223
v -0.26098615 2.07950115 0.24703428
v -0.26393101 2.08217478 0.24685788
v -0.26428825 2.08575583 0.24561974
v -0.26538670 2.09003878 0.24479151
v -0.26198420 2.09045100 0.24543846
v -0.26657400 2.08114433 0.24879074
v -0.26798823 2.08516932 0.24753246
v -0.27049702 2.08529949 0.25078970
v -0.27187499 2.08939028 0.24959397
v -0.26949760 2.08943415 0.24630103
v -0.26901570 2.08182693 0.25107223
v -0.26563218 2.07750893 0.24985233
v -0.26474130 2.09415197 0.24560255
v -0.26673749 2.09290648 0.24447143
v -0.27027881 2.09343123 0.24553582
v -0.26917183 2.09572315 0.24720395
v -0.25587609 2.07895136 0.24990928
v -0.25777528 2.08545899 0.24844649
v -0.26004997 2.09099150 0.24804750
v -0.26321158 2.09489918 0.24830568
v -0.25682551 2.08626413 0.25203943
v -0.25992009 2.09147835 0.25132596
v -0.26283282 2.09464216 0.25147685
v -0.25803536 2.08737898 0.25582150
v -0.26107952 2.09202123 0.25420782
v -0.25462523 2.07983828 0.25839585
v -0.25390261 2.07899857 0.25397664
v -0.26309732 2.09406281 0.25335762
v -0.26761413 2.09628916 0.25005659
v -0.27155638 2.08496857 0.25374046
v -0.27264193 2.08987164 0.25247699
v -0.27134553 2.08561206 0.25662032
v -0.27214193 2.09069133 0.25510627
v -0.27263516 2.09392166 0.25020796
v -0.27267557 2.09255314 0.24810654
v -0.25252384 2.07460880 0.26064178
v -0.25661641 2.07572174 0.26455650
v -0.25836143 2.08096647 0.26243210
v -0.26124638 2.08813190 0.25982070
v -0.26327065 2.08107424 0.26379600
v -0.26791006 2.08090925 0.26140970
v -0.26949984 2.08634210 0.25917116
v -0.26594338 2.08726406 0.26093581
v -0.27017695 2.09129333 0.25721845
v -0.26733294 2.09196854 0.25807008
v -0.26381892 2.09252310 0.25680593
v -0.26934668 2.09460878 0.25497895
v -0.27126855 2.09474897 0.25280246
v -0.26642287 2.09564781 0.25265038
v -0.26755655 2.09402704 0.25597075
v -0.26526746 2.09441495 0.25465590
v -0.27678865 2.06785011 0.28278479
v -0.27983317 2.06833887 0.28735495
v -0.27641609 2.06171060 0.28922808
v -0.27357614 2.06132483 0.28459951
v -0.28225312 2.06195974 0.27273703
v -0.27734077 2.06481266 0.27472368
v -0.27494702 2.05837083 0.27617714
v -0.27999279 2.05561185 0.27459922
v -0.28789982 2.06015444 0.27550039
v -0.28595296 2.05384398 0.27762792
v -0.27670950 2.04862905 0.27704942
v -0.27167603 2.05141020 0.27873296
v -0.26568013 2.03993559 0.28434882
v -0.27034599 2.03717518 0.28196138
v -0.26968002 2.04212189 0.30172336
v -0.27542812 2.04110813 0.30057478
v -0.27584183 2.06693697 0.27843645
v -0.27300480 2.06043696 0.28013748
v -0.28163189 2.05255222 0.29472962
v -0.27641448 2.05429077 0.29530236
v -0.28074515 2.06125307 0.29181394
v -0.28559768 2.05970860 0.29154798
v -0.26189727 2.04214215 0.29239953
v -0.26460594 2.04221535 0.29819095
v -0.26304695 2.04148912 0.28777549
v -0.28602874 2.05004263 0.29161766
v -0.28712127 2.04760909 0.28621745
v -0.28138763 2.03559542 0.29044181
v -0.28023908 2.03852630 0.29616773
v -0.26940629 2.05328560 0.28278670
v -0.27174565 2.05459547 0.29256308
v -0.26932254 2.05432630 0.28756532
v -0.28284821 2.04684591 0.28035694
v -0.28985399 2.05491781 0.28377062
v -0.29497671 2.07204866 0.28252500
v -0.29163909 2.06361151 0.28604415
v -0.28885153 2.06605077 0.28938085
v -0.29299191 2.07475328 0.28586274
v -0.28898656 2.05752301 0.28862825
v -0.29183176 2.06116772 0.28118140
v -0.28130776 2.07745028 0.28022721
v -0.28471574 2.07767391 0.28446218
v -0.28001130 2.07634306 0.27610749
v -0.27753893 2.03469253 0.28409812
v -0.28560057 2.07114887 0.27047643
v -0.28126824 2.07421231 0.27274191
v -0.28422609 2.06786633 0.28990519
v -0.28886169 2.07663751 0.28689754
v -0.29488632 2.06973362 0.27786478
v -0.29100862 2.06886339 0.27272686
v -0.29735932 2.07700253 0.27566835
v -0.29386163 2.07649732 0.27093628
v -0.28881511 2.07855725 0.26857752
v -0.28451192 2.08080506 0.27107531
v -0.28332606 2.08210397 0.27454972
v -0.29761165 2.07861447 0.27991721
v -0.29572874 2.08028460 0.28307918
v -0.29175910 2.08177280 0.28462395
v -0.30063543 2.08499813 0.27797738
v -0.30093721 2.08431721 0.27357179
v -0.29643595 2.09724808 0.26478577
v -0.29380581 2.09189773 0.26538992
v -0.29737860 2.09158230 0.26562887
v -0.29959714 2.09611535 0.26396596
v -0.29266778 2.08574915 0.26660067
v -0.29646558 2.08799696 0.26666820
v -0.29906362 2.08702946 0.26849058
v -0.30139199 2.09074283 0.26717621
v -0.30347785 2.09079456 0.27078313
v -0.30611095 2.09485960 0.26943570
v -0.30413464 2.09515548 0.26534212
v -0.30131075 2.08722305 0.27106798
v -0.30193412 2.09946799 0.26336002
v -0.30049279 2.10097980 0.26500693
v -0.29706195 2.08289766 0.26931864
v -0.28759736 2.08636785 0.26917374
v -0.29066414 2.09265804 0.26781902
v -0.29446834 2.09818983 0.26750082
v -0.29903063 2.10183239 0.26811090
v -0.28973523 2.09385204 0.27150211
v -0.29401451 2.09902954 0.27075192
v -0.29822397 2.10174012 0.27082205
v -0.29075226 2.09465599 0.27562845
v -0.29503646 2.09947968 0.27381015
v -0.28677782 2.08735299 0.27740923
v -0.28592739 2.08692122 0.27310580
v -0.29786319 2.10120392 0.27282155
v -0.30553466 2.10200834 0.26627487
v -0.30371374 2.10274601 0.26930606
v -0.30636850 2.09970808 0.26386940
v -0.30359125 2.09079552 0.27357742
v -0.30613616 2.09539580 0.27226076
v -0.30364639 2.09097576 0.27637193
v -0.30620614 2.09613776 0.27466694
v -0.30785719 2.09954262 0.26971510
v -0.30793208 2.09825945 0.26767716
v -0.28432217 2.08270574 0.27858168
v -0.28750610 2.08262539 0.28255910
v -0.28983754 2.08743811 0.28153417
v -0.29392642 2.09464121 0.27956918
v -0.29403219 2.08625722 0.28319761
v -0.29836100 2.08569837 0.28123659
v -0.30161467 2.09187531 0.27910680
v -0.29806086 2.09323645 0.28082165
v -0.30402809 2.09696078 0.27679858
v -0.30088079 2.09799886 0.27816367
v -0.29748440 2.09912896 0.27693278
v -0.30438057 2.10071015 0.27446613
v -0.30679744 2.10051966 0.27219644
v -0.30167279 2.10232806 0.27217782
v -0.30201188 2.10049343 0.27589259
v -0.29994589 2.10123253 0.27443448
v -0.29236978 2.05728245 0.30491284
v -0.29332203 2.05738211 0.31051841
v -0.29018316 2.05173063 0.31134036
v -0.28922725 2.05209923 0.30571964
v -0.29991600 2.05186272 0.29777411
v -0.29684627 2.05401134 0.29799807
v -0.29340240 2.04861331 0.29838720
v -0.29657283 2.04556203 0.29790810
v -0.30372217 2.05006266 0.30091745
v -0.30060291 2.04326153 0.30175424
v -0.29300144 2.03968501 0.29871511
v -0.28943980 2.04340553 0.29929760
v -0.28337669 2.03513718 0.30197230
v -0.28731954 2.03105354 0.30072147
v -0.29425353 2.05601168 0.30055463
v -0.29080689 2.05083156 0.30118591
v -0.29202068 2.04275990 0.31762218
v -0.28810409 2.04447937 0.31712124
v -0.29304686 2.05045390 0.31497383
v -0.29658356 2.04883623 0.31548417
v -0.27730796 2.03692269 0.31079602
v -0.27789247 2.03547144 0.31625021
v -0.27970088 2.03708649 0.30589238
v -0.29662326 2.04031897 0.31528610
v -0.29918218 2.03734040 0.30992454
v -0.29255947 2.02814150 0.31306961
v -0.28884941 2.03067589 0.31818935
v -0.28659716 2.04596090 0.30261388
v -0.28535426 2.04617333 0.31330281
v -0.28467250 2.04683685 0.30749494
v -0.29703471 2.03691053 0.30316246
v -0.30254802 2.04356480 0.30823621
v -0.30927554 2.06112552 0.30950719
v -0.30389795 2.05211592 0.31203756
v -0.30033010 2.05457067 0.31467405
v -0.30630377 2.06324077 0.31230038
v -0.30052742 2.04632640 0.31347200
v -0.30577636 2.05010939 0.30668908
v -0.29741856 2.06587410 0.30410057
v -0.29869801 2.06578302 0.30919152
v -0.29886928 2.06460571 0.29996803
v -0.29165453 2.02797437 0.30546641
v -0.28438193 2.03277040 0.32122925
v -0.30450463 2.06118703 0.29684511
v -0.30147946 2.06297922 0.29724640
v -0.29649967 2.05618525 0.31437123
v -0.30221078 2.06474447 0.31261340
v -0.31049854 2.05940795 0.30470249
v -0.30828688 2.05920196 0.29935595
v -0.31406724 2.06559515 0.30353051
v -0.31172690 2.06558371 0.29836002
v -0.30807772 2.06758118 0.29563048
v -0.30461624 2.06922340 0.29663920
v -0.30201849 2.07028985 0.29958859
v -0.31296209 2.06737423 0.30806676
v -0.31004941 2.06885576 0.31045738
v -0.30559477 2.06969833 0.31104973
v -0.31568989 2.07189131 0.30730045
v -0.31693670 2.07121849 0.30254903
v -0.31580898 2.08404255 0.29330558
v -0.31313258 2.07958388 0.29376948
v -0.31535211 2.07902789 0.29475087
v -0.31793010 2.08290100 0.29367101
v -0.31153610 2.07356358 0.29471186
v -0.31417313 2.07548976 0.29533359
v -0.31625465 2.07390642 0.29734829
v -0.31867912 2.07756996 0.29648811
v -0.31941566 2.07692361 0.30080774
v -0.32184353 2.08074164 0.29999092
v -0.32103428 2.08159137 0.29570717
v -0.31776688 2.07371497 0.30032209
v -0.31995296 2.08541536 0.29349044
v -0.31882092 2.08703756 0.29380026
v -0.31449959 2.07059360 0.29766425
v -0.30720556 2.07445574 0.29588243
v -0.30991104 2.08012366 0.29508418
v -0.31331554 2.08513546 0.29486102
v -0.31655973 2.08788657 0.29593134
v -0.30777845 2.08058548 0.29828495
v -0.31124446 2.08540297 0.29791489
v -0.31432351 2.08774281 0.29867879
v -0.30695629 2.08059716 0.30211473
v -0.31069848 2.08522415 0.30118257
v -0.30361962 2.07486963 0.30294213
v -0.30451831 2.07489753 0.29905796
v -0.31324938 2.08699226 0.30071536
v -0.32202867 2.08716726 0.29659015
v -0.31989771 2.08815932 0.29912788
v -0.32274386 2.08499002 0.29523483
v -0.31931928 2.07648683 0.30358082
v -0.32143584 2.08085728 0.30268383
v -0.31792721 2.07703495 0.30634847
v -0.32021531 2.08171606 0.30490339
v -0.32290864 2.08447361 0.30053169
v -0.32324216 2.08357525 0.29875210
v -0.30094779 2.07065892 0.30351570
v -0.30212155 2.07025194 0.30796489
v -0.30476958 2.07440352 0.30705521
v -0.30844936 2.08038020 0.30607390
v -0.30799571 2.07370877 0.30993143
v -0.31237075 2.07310438 0.30936065
v -0.31530470 2.07810569 0.30818546
v -0.31169847 2.07927465 0.30866024
v -0.31789440 2.08258104 0.30647528
v -0.31495497 2.08373308 0.30686077
v -0.31214279 2.08488202 0.30455348
v -0.31887957 2.08589935 0.30421728
v -0.32127842 2.08538723 0.30266628
v -0.31725213 2.08787394 0.30127156
v -0.31652564 2.08583283 0.30502793
v -0.31486899 2.08690548 0.30284125
v -0.28050748 2.03368831 0.32005310
v -0.30136874 2.03426051 0.33606565
v -0.30117795 2.03349018 0.33992940
v -0.29750386 2.02993250 0.33922082
v -0.29773256 2.03059053 0.33558136
v -0.30965936 2.02979422 0.33070868
v -0.30633628 2.03235936 0.33028969
v -0.30237859 2.02856469 0.32927936
v -0.30586585 2.02552438 0.32961667
v -0.31175599 2.02723598 0.33527684
v -0.30794707 2.02272820 0.33454216
v -0.30038658 2.02131295 0.32905427
v -0.29711571 2.02480364 0.32854608
v -0.28916207 2.01849771 0.32781854
v -0.29215661 2.01406765 0.32759130
v -0.28226629 2.00917912 0.34413719
v -0.27839544 2.01122952 0.34222716
v -0.28494832 2.01755404 0.34265578
v -0.28748032 2.01483583 0.34496003
v -0.30340385 2.03393698 0.33263296
v -0.29955715 2.03029680 0.33183253
v -0.29578444 2.02236772 0.34505683
v -0.29341075 2.02497435 0.34280294
v -0.29857746 2.02852726 0.34273112
v -0.30086786 2.02642369 0.34499258
v -0.27695218 2.01416922 0.33852547
v -0.27632305 2.01725888 0.33398515
v -0.28350550 2.02076721 0.33473158
v -0.28395665 2.01981592 0.33897448
v -0.28583628 2.02079606 0.33118498
v -0.29887611 2.01955700 0.34459788
v -0.30201420 2.01786447 0.34036201
v -0.29344696 2.00955296 0.34047174
v -0.29067898 2.01217842 0.34411305
v -0.29440981 2.02685428 0.33144495
v -0.29256776 2.02649593 0.33905596
v -0.29236427 2.02737093 0.33501548
v -0.30250627 2.01804972 0.33394808
v -0.30710927 2.02254391 0.34054160
v -0.31302530 2.03345942 0.34584880
v -0.30817905 2.02781487 0.34511870
v -0.30489740 2.02987766 0.34607583
v -0.30992517 2.03502989 0.34687072
v -0.30402824 2.02404904 0.34451509
v -0.31100237 2.02677321 0.34111589
v -0.30609906 2.03963280 0.33677009
v -0.30551776 2.03860188 0.34085202
v -0.30808184 2.03915882 0.33367851
v -0.29469022 2.00963116 0.33258247
v -0.31396577 2.03556490 0.33190230
v -0.31086856 2.03796577 0.33174363
v -0.30231073 2.03199291 0.34360534
v -0.30710539 2.03694797 0.34472269
v -0.31558341 2.03262210 0.34188753
v -0.31602675 2.03311110 0.33607498
v -0.31961510 2.03723454 0.34261209
v -0.31992850 2.03763199 0.33677793
v -0.31746009 2.04002547 0.33268556
v -0.31405175 2.04195452 0.33230704
v -0.31139460 2.04263258 0.33433446
v -0.31697398 2.03810596 0.34636623
v -0.31370986 2.03930020 0.34689742
v -0.31076556 2.04049444 0.34479797
v -0.31986460 2.04196548 0.34604800
v -0.32296792 2.04168725 0.34230328
v -0.32425401 2.05299330 0.33399647
v -0.32206249 2.04945588 0.33342910
v -0.32393637 2.04859018 0.33471888
v -0.32586673 2.05163312 0.33448011
v -0.32066560 2.04441571 0.33357656
v -0.32280377 2.04569578 0.33480081
v -0.32404646 2.04417396 0.33726203
v -0.32595596 2.04667592 0.33695376
v -0.32647374 2.04682016 0.34115237
v -0.32840249 2.04947376 0.34105605
v -0.32837981 2.04978299 0.33682400
v -0.32474759 2.04358459 0.34019035
v -0.32786250 2.05348611 0.33460766
v -0.32686672 2.05514193 0.33489978
v -0.32245880 2.04133582 0.33709592
v -0.31701389 2.04550743 0.33305755
v -0.31985286 2.05016470 0.33353758
v -0.32268772 2.05418468 0.33453354
v -0.32511035 2.05627894 0.33634317
v -0.31750950 2.05011964 0.33515969
v -0.32081786 2.05435586 0.33614376
v -0.32330891 2.05620027 0.33795813
v -0.31578445 2.04970598 0.33794054
v -0.31937960 2.05384254 0.33846766
v -0.31250831 2.04549170 0.33786318
v -0.31454471 2.04578686 0.33478260
v -0.32195613 2.05563354 0.33904397
v -0.32911751 2.05498695 0.33825311
v -0.32685041 2.05608797 0.33940512
v -0.33025670 2.05263376 0.33710632
v -0.32525125 2.04591560 0.34363854
v -0.32758808 2.05017924 0.34349602
v -0.32274479 2.04620481 0.34579778
v -0.32547233 2.05104971 0.34499449
v -0.32907671 2.05322361 0.34173405
v -0.32998660 2.05177259 0.34045726
v -0.30948028 2.04267168 0.33734894
v -0.30907211 2.04177308 0.34129339
v -0.31192273 2.04473734 0.34155780
v -0.31532857 2.04898691 0.34148836
v -0.31351855 2.04378057 0.34490192
v -0.31640020 2.04280734 0.34662378
v -0.31991652 2.04732847 0.34626389
v -0.31700641 2.04832792 0.34472489
v -0.32285550 2.05186462 0.34490234
v -0.32061371 2.05270362 0.34373170
v -0.31920570 2.05328012 0.34115773
v -0.32449052 2.05478048 0.34251255
v -0.32689324 2.05436325 0.34249985
v -0.32444540 2.05607843 0.34006321
v -0.32263470 2.05473518 0.34225827
v -0.32226458 2.05542159 0.34055310
v -0.28543362 2.00779557 0.34388632
v -0.21720606 2.00583959 0.24708766
v -0.21836504 2.00835061 0.25200868
v -0.20562291 2.00671554 0.25895515
v -0.21149662 2.00951886 0.25934255
v -0.20162961 2.00300264 0.25483528
v -0.20243698 1.99951148 0.24505365
v -0.20066127 2.00073624 0.24953794
v -0.21652198 2.01002955 0.25608051
v -0.21349260 2.00262308 0.24258626
v -0.20725307 1.99978483 0.24170348
v -0.21098307 2.01118994 0.23744267
v -0.20434442 2.00850654 0.23609257
v -0.19889253 2.00777721 0.23975858
v -0.19770026 2.00816894 0.24561056
v -0.19935536 2.00948906 0.25128391
v -0.21556088 2.01381588 0.24234077
v -0.21718606 2.01557708 0.24797836
v -0.21447295 2.01569462 0.25299054
v -0.21362212 2.02145886 0.23756605
v -0.20840147 2.02144194 0.23145694
v -0.19300950 2.02722907 0.23044080
v -0.19408223 2.02256799 0.23290694
v -0.19613880 2.02313113 0.22914967
v -0.19483948 2.02639151 0.22683591
v -0.19639847 2.01727200 0.23456573
v -0.19777855 2.02063084 0.23055607
v -0.20157868 2.02163100 0.22880298
v -0.20067728 2.02390099 0.22621387
v -0.20528507 2.02334976 0.22825888
v -0.20560127 2.02603006 0.22634998
v -0.19924623 2.02705622 0.22366270
v -0.19467199 2.02966595 0.22480443
v -0.19807279 2.03073502 0.22250479
v -0.19369417 2.03147626 0.22747856
v -0.20239708 2.01798892 0.23135245
v -0.19527608 2.01558042 0.24152306
v -0.19368032 2.02243805 0.23779541
v -0.19327068 2.02862549 0.23457038
v -0.19471031 2.03342891 0.23170593
v -0.19552946 2.02383757 0.24326849
v -0.19586292 2.03028727 0.23902690
v -0.19731092 2.03378844 0.23563075
v -0.19998801 2.02595139 0.24675152
v -0.19950509 2.03148127 0.24143022
v -0.20167515 2.01746869 0.25217801
v -0.19686168 2.01593208 0.24782205
v -0.19948548 2.03369665 0.23814297
v -0.19772947 2.03445816 0.22479656
v -0.19911700 2.03610897 0.22959948
v -0.20874551 2.02740049 0.22935379
v -0.20442075 2.02900028 0.22411948
v -0.20712605 2.03139782 0.22710177
v -0.21160161 2.02806044 0.23386788
v -0.20857823 2.03295755 0.23137972
v -0.20378509 2.03409529 0.22503185
v -0.20244533 2.03139448 0.22229087
v -0.20324963 2.01185322 0.25555620
v -0.20885250 2.01435375 0.25587755
v -0.20797476 2.01998258 0.25266463
v -0.20574251 2.02753878 0.24724099
v -0.21334457 2.02156925 0.24938020
v -0.21564975 2.02188206 0.24381405
v -0.21248457 2.02889824 0.23922962
v -0.21049577 2.02887678 0.24438620
v -0.20868742 2.03377724 0.23579404
v -0.20682177 2.03327823 0.23956448
v -0.20345193 2.03250504 0.24144143
v -0.20469305 2.03571963 0.23390231
v -0.20461816 2.03582478 0.22949088
v -0.20059454 2.03572774 0.23394471
v -0.20449662 2.03495598 0.23689044
v -0.20186147 2.03458643 0.23745379
v -0.27266970 2.00569010 0.34326786
v -0.27001318 2.00908756 0.33849052
v -0.26450574 2.00152063 0.33895773
v -0.25919136 1.99243939 0.33925253
v -0.26007068 1.98236036 0.34265006
v -0.25640991 1.99433839 0.33292767
v -0.26183462 2.00348520 0.33305389
v -0.26786384 2.01305747 0.33206332
v -0.25107440 1.98829150 0.32662678
v -0.38161522 1.90696537 -0.08028331
v -0.37839255 1.90822077 -0.08221515
v -0.38052231 1.90068603 -0.08036891
v -0.38347352 1.90073872 -0.07904542
v -0.37478608 1.90098774 -0.08555460
v -0.37751931 1.90059626 -0.08234669
v -0.37505811 1.90892315 -0.08579155
v -0.37259093 1.90853262 -0.09058434
v -0.37093920 1.90399766 -0.09831944
v -0.36971304 1.90259600 -0.09956612
v -0.36956120 1.90172493 -0.09853430
v -0.37047324 1.90171719 -0.09644844
v -0.37129763 1.90145302 -0.09264787
v -0.38767266 1.90270805 -0.07806945
v -0.38658869 1.90422678 -0.07850280
v -0.38428745 1.90573192 -0.07921410
v -0.37258491 1.90119386 -0.08898126
v -0.38597274 1.90106106 -0.07832835
v -0.38750422 1.90164649 -0.07808585
v -0.37152034 1.90685582 -0.09509270
v -0.37501681 1.90337873 -0.08547954
v -0.37792507 1.90303755 -0.08252819
v -0.37520474 1.90612721 -0.08547609
v -0.37279227 1.90608811 -0.08955042
v -0.37108058 1.90300822 -0.09489100
v -0.37150583 1.90324402 -0.09233692
v -0.38086343 1.90264583 -0.08059073
v -0.37287202 1.90342069 -0.08895041
v -0.37839296 1.90558434 -0.08245946
v -0.37145486 1.90526962 -0.09321113
v -0.37121043 1.90415502 -0.09560806
v -0.38678077 1.90275729 -0.07849915
v -0.38665330 1.90230370 -0.07846300
v -0.35763571 1.65660918 -0.10035834
v -0.34892794 1.63990211 -0.09525934
v -0.38127393 1.90477109 -0.08058588
v -0.38544488 1.90239024 -0.07881445
v -0.38352668 1.90249479 -0.07957282
v -0.38388032 1.90410423 -0.07959031
v -0.38572732 1.90339184 -0.07891428
v -0.39991623 1.69805694 0.09686086
v -0.40741792 1.71331728 0.09806380
v -0.45307690 1.72335982 0.12164617
v -0.47002980 1.70902896 0.12776741
v -0.33370221 1.34969974 -0.02263938
v -0.52289355 1.41776049 -0.07416836
v -0.52666324 1.43716002 -0.07163522
v -0.51514184 1.43088675 -0.15301701
v -0.52357227 1.42827678 -0.13415398
v -0.44297689 1.39350677 0.00296324
v -0.44006711 1.41270435 0.00201347
v -0.37644801 1.37650454 -0.00803865
v -0.37452906 1.39888263 -0.01019043
v -0.42306861 1.36675715 0.00739133
v -0.52681792 1.38302219 -0.10942237
v -0.52771050 1.38108194 -0.08923243
v -0.52549672 1.40246189 -0.09249079
v -0.52582866 1.40456808 -0.11280204
v -0.50185168 1.43197632 -0.16872621
v -0.49774969 1.40925372 -0.16636246
v -0.46110711 1.43668985 -0.00093329
v -0.48431966 1.44059408 -0.01115108
v -0.51836288 1.44875062 -0.04596627
v -0.52867508 1.45453966 -0.06640555
v -0.53353161 1.46157217 -0.08745332
v -0.53395164 1.46825194 -0.10968036
v -0.35223353 1.41991699 -0.01998076
v -0.33324909 1.44239795 -0.03300190
v -0.43647188 1.43275416 0.00318663
v -0.30065423 1.41591513 -0.06135001
v -0.53787553 1.49692690 -0.12872815
v -0.53058714 1.49899113 -0.15334527
v -0.50339043 1.44439626 -0.02690698
v -0.33166793 1.59520602 -0.07145876
v -0.33950645 1.59824789 -0.05756072
v -0.32966679 1.58244157 -0.05417296
v -0.32326332 1.57800853 -0.06802483
v -0.33735561 1.58525050 -0.04105195
v -0.34582543 1.58694482 -0.02890988
v -0.35475773 1.58822465 -0.01812993
v -0.38145271 1.58713591 0.00490113
v -0.37286818 1.58810437 -0.00115632
v -0.39767030 1.58125484 0.01311305
v -0.38944370 1.58532059 0.00943239
v -0.40773004 1.57172084 0.01604816
v -0.42051089 1.56020796 0.01650305
v -0.44027120 1.56527174 0.01293708
v -0.43490177 1.54828286 0.01569444
v -0.41402274 1.54445338 0.01968563
v -0.40181920 1.55646908 0.01839750
v -0.39190862 1.56546783 0.01559559
v -0.30389872 1.50970805 -0.07696491
v -0.30553126 1.53407443 -0.07975702
v -0.36649680 1.67212379 -0.10569216
v -0.32615995 1.75574005 0.29912895
v -0.27831709 1.88629222 0.26283360
v -0.51475847 1.68194330 -0.16578084
v -0.52391446 1.68629193 -0.14663023
v -0.53612852 1.70135546 -0.08581107
v -0.52797425 1.71133757 -0.06921501
v -0.54093385 1.69089293 -0.10594441
v -0.53575027 1.68252325 -0.12705413
v -0.40880188 1.44937265 0.00208375
v -0.53319281 1.65326178 -0.14706926
v -0.54020745 1.67161071 -0.12651415
v -0.54773301 1.68000114 -0.10370126
v -0.54542375 1.68949771 -0.08067690
v -0.53609681 1.70198417 -0.05821279
v -0.53299904 1.70239329 -0.04307274
v -0.53867644 1.68903422 -0.01862560
v -0.53533530 1.69161367 -0.00769114
v -0.53262788 1.69552445 0.00467841
v -0.52257180 1.71187317 0.00254330
v -0.52510321 1.70768332 -0.01028913
v -0.49425665 1.70276308 0.09813225
v -0.48587745 1.69626832 0.11366433
v -0.48145884 1.68551898 0.12475163
v -0.47786441 1.67257118 0.13118294
v -0.47555053 1.65852916 0.13117683
v -0.47462863 1.64434838 0.12351215
v -0.47629821 1.63426328 0.11052361
v -0.48977193 1.61524606 0.06226090
v -0.49590790 1.60841656 0.04618388
v -0.51586717 1.58374977 0.01093715
v -0.52306861 1.57398736 0.00218071
v -0.53770590 1.54244268 -0.02571030
v -0.53914028 1.52833140 -0.04180460
v -0.53971565 1.51304853 -0.05660092
v -0.54752409 1.27596307 -0.10157952
v -0.54792559 1.27853453 -0.07974285
v -0.54055607 1.29606318 -0.08036432
v -0.53876925 1.29342592 -0.10229061
v -0.51303691 1.33436906 -0.14149058
v -0.49933881 1.33381212 -0.15991554
v -0.51860774 1.29421401 -0.01293908
v -0.50006145 1.28941655 0.00438416
v -0.53845632 1.29767334 -0.05731268
v -0.53101027 1.29674125 -0.03424054
v -0.47671717 1.28284562 0.01551060
v -0.38160449 1.25052488 0.00139916
v -0.35923314 1.24548066 -0.00962926
v -0.32088226 1.23982942 -0.03656164
v -0.30623746 1.23865211 -0.05238286
v -0.45265871 1.27403319 0.01937044
v -0.33852035 1.24209595 -0.02215253
v -0.42911282 1.26469553 0.01771304
v -0.40520769 1.25626266 0.01146132
v -0.52234608 1.33525121 -0.12255023
v -0.52745557 1.31291687 -0.12204315
v -0.53249925 1.31403732 -0.10274937
v -0.54140949 1.56274998 -0.15601470
v -0.54972720 1.56637836 -0.13292661
v -0.55523628 1.57296002 -0.10943063
v -0.56000757 1.59534943 -0.08743414
v -0.55805570 1.57954144 -0.08614948
v -0.55692834 1.58769917 -0.06289032
v -0.55887061 1.60249972 -0.06424381
v -0.54536462 1.61371708 -0.02483135
v -0.54276717 1.60398781 -0.02284071
v -0.53767276 1.60994148 -0.01082082
v -0.54064977 1.61957765 -0.01148772
v -0.53377777 1.61435664 0.00191456
v -0.52869320 1.61805069 0.01645765
v -0.52103508 1.62315226 0.03025106
v -0.51404357 1.62945342 0.04582565
v -0.52589238 1.65067005 0.04211101
v -0.53096920 1.64502883 0.02746962
v -0.54714882 1.62585163 -0.02475184
v -0.55452889 1.62132764 -0.04474767
v -0.53849709 1.59688139 -0.15344159
v -0.52681977 1.59206617 -0.17318703
v -0.45178536 1.54327953 0.01295656
v -0.46942964 1.53821874 0.01112708
v -0.48666751 1.53598428 0.00841710
v -0.50144494 1.53603148 0.00475602
v -0.51479775 1.53935289 -0.00001541
v -0.52577758 1.54539859 -0.00682163
v -0.52904683 1.56393480 -0.00590183
v -0.53399265 1.55358768 -0.01437891
v -0.53448510 1.57325268 -0.01147455
v -0.53993130 1.56351733 -0.02216786
v -0.54472202 1.57436371 -0.02924053
v -0.54877079 1.58494508 -0.03622479
v -0.55104506 1.59661007 -0.04055999
v -0.55361879 1.60858929 -0.04348335
v -0.56041551 1.61741316 -0.06516825
v -0.56124270 1.61189091 -0.08629487
v -0.55696213 1.62356853 -0.10675713
v -0.55735123 1.63863909 -0.10509515
v -0.55658066 1.60718668 -0.10768401
v -0.55577433 1.59042132 -0.11050905
v -0.51380974 1.72423387 -0.10109164
v -0.51648760 1.71711600 -0.12058547
v -0.48768255 1.64292514 0.10038802
v -0.48607895 1.63697517 0.09780848
v -0.48224020 1.63625693 0.10315272
v -0.48207462 1.64483285 0.11116257
v -0.48345372 1.65569592 0.11600220
v -0.49343219 1.66165948 0.10170692
v -0.48997867 1.65181255 0.10273188
v -0.48630127 1.66722226 0.11574072
v -0.49004060 1.67807484 0.11103395
v -0.49776942 1.67135251 0.09825692
v -0.49496347 1.68694735 0.10307360
v -0.50210381 1.67972660 0.09308350
v -0.50187123 1.69227564 0.09237680
v -0.50565600 1.68524408 0.08789660
v -0.52412248 1.67796147 0.05315077
v -0.51808286 1.68118596 0.06627642
v -0.51111269 1.68397677 0.07884762
v -0.50773811 1.63565230 0.06153011
v -0.50218767 1.64185023 0.07595664
v -0.49640256 1.64732826 0.09012613
v -0.50050962 1.65667820 0.08850572
v -0.50744176 1.65098369 0.07456085
v -0.51331270 1.64495575 0.06014428
v -0.54059947 1.58033395 -0.15567112
v -0.54922998 1.58524787 -0.13411385
v -0.53679681 1.62426627 0.00147696
v -0.53268772 1.62843847 0.01381926
v -0.52675682 1.63329113 0.02853087
v -0.52023292 1.63958955 0.04455476
v -0.53571850 1.63991451 0.01436524
v -0.53906310 1.63563335 0.00138856
v -0.54275233 1.63100684 -0.01177877
v -0.54878575 1.60210264 -0.13091592
v -0.52884281 1.57640481 -0.17457643
v -0.43210417 1.71127188 0.00970137
v -0.45414215 1.72601497 0.00368483
v -0.47931483 1.73096347 0.00293615
v -0.50415653 1.72549260 0.00269157
v -0.34689081 1.68156910 0.23879522
v -0.49540263 1.38608992 -0.16286007
v -0.49438310 1.36087036 -0.16015628
v -0.50782907 1.35985398 -0.14322603
v -0.51959789 1.49818146 -0.17427108
v -0.53093660 1.55921936 -0.17619069
v -0.34549472 1.55803621 -0.00267042
v -0.33691180 1.55820441 -0.01188402
v -0.34500593 1.57317019 -0.01450898
v -0.35411206 1.57325554 -0.00542557
v -0.36461890 1.55700254 0.01071608
v -0.35490811 1.55794978 0.00478770
v -0.36360660 1.57267380 0.00215146
v -0.37310782 1.57182562 0.00819919
v -0.37462819 1.55485654 0.01480417
v -0.38237149 1.56986427 0.01255484
v -0.34775588 1.54222143 0.00645778
v -0.33857948 1.54253757 -0.00083460
v -0.33074212 1.54322076 -0.01004624
v -0.36716074 1.54084623 0.01572010
v -0.35719466 1.54234588 0.01209265
v -0.35413003 1.78538752 -0.10350420
v -0.34147155 1.79276955 -0.09633701
v -0.33058763 1.83706748 -0.09756441
v -0.33248809 1.84117091 -0.09886841
v -0.37979591 1.69508183 -0.11388648
v -0.38318098 1.70577025 -0.11541557
v -0.31044614 1.55482900 -0.08166015
v -0.32427901 1.59081388 -0.08537769
v -0.33319798 1.60618055 -0.08762912
v -0.34112766 1.62269759 -0.09098758
v -0.37383914 1.68504202 -0.10971516
v -0.31698406 1.57322741 -0.08315235
v -0.55596733 1.09503222 -0.03887027
v -0.56256068 1.07846928 -0.06528150
v -0.56517947 1.11067986 -0.05776110
v -0.56979275 1.09833157 -0.07695258
v -0.55184853 1.18266463 -0.03186531
v -0.55584830 1.15436709 -0.03763682
v -0.55020285 1.21234536 -0.02771804
v -0.57140744 1.09306026 -0.10114583
v -0.56579840 1.09243441 -0.12729472
v -0.57286572 1.11682785 -0.13196436
v -0.56272733 1.21262896 -0.05385350
v -0.56508565 1.18539476 -0.05700040
v -0.57097512 1.12127781 -0.06977360
v -0.56035590 1.13020110 -0.04568832
v -0.56984723 1.13671732 -0.06573950
v -0.57591408 1.11612880 -0.10639086
v -0.57470441 1.11752462 -0.08476825
v -0.53547692 1.27225399 -0.14331266
v -0.53438890 1.25315249 -0.17044345
v -0.54641926 1.25332379 -0.14538994
v -0.54404128 1.27940440 -0.05610788
v -0.55891907 1.25892687 -0.07844920
v -0.57579553 1.13807499 -0.08607219
v -0.57988626 1.13896441 -0.10872492
v -0.57710314 1.14105570 -0.13498850
v -0.57081854 1.21296299 -0.12832287
v -0.57571125 1.19019175 -0.13229319
v -0.57818365 1.18832064 -0.10694818
v -0.57336724 1.21271038 -0.10372430
v -0.56652206 1.23699188 -0.07833572
v -0.57111442 1.21265829 -0.07956330
v -0.56336212 1.23549259 -0.12555754
v -0.56708276 1.23652005 -0.10195161
v -0.55841666 1.25720429 -0.10170320
v -0.57437515 1.18666363 -0.08178322
v -0.56848013 1.16733146 -0.16194421
v -0.57785022 1.16631258 -0.13509217
v -0.55016136 1.16888499 -0.18732904
v -0.55359799 1.25561535 -0.12338355
v -0.54290539 1.27417696 -0.12226000
v -0.53391129 1.29213583 -0.12185076
v -0.51902068 1.35956883 -0.12493736
v -0.40574047 0.87150705 0.00354019
v -0.39628619 1.05642653 -0.12569144
v -0.41493887 1.05727935 -0.13939372
v -0.46672028 1.12347484 0.03587198
v -0.52854592 1.10722780 0.00250253
v -0.54709828 1.11966097 -0.02326667
v -0.36262006 1.06595540 -0.07057381
v -0.37074199 1.05870354 -0.09522019
v -0.43746573 1.11796606 0.03715195
v -0.38766921 1.09226704 0.00751063
v -0.38233012 1.05634165 -0.11243892
v -0.56743294 1.15996659 -0.06110917
v -0.57631534 1.16150570 -0.08429666
v -0.58017451 1.16299963 -0.10912874
v -0.56619883 1.14346099 -0.16236463
v -0.54886991 1.14565825 -0.18800776
v -0.33811390 1.10846448 -0.06732495
v -0.33257979 1.11757684 -0.06928192
v -0.32686490 1.11676645 -0.07686176
v -0.33229309 1.10386598 -0.07924348
v -0.38236710 1.22801566 0.00110933
v -0.36010453 1.22324216 -0.01155794
v -0.32271734 1.21828008 -0.04055201
v -0.30874181 1.21730793 -0.05616885
v -0.45446366 1.25404513 0.02139302
v -0.33968163 1.22062123 -0.02582613
v -0.43111065 1.24387240 0.01997454
v -0.40661281 1.23446620 0.01271583
v -0.53188384 0.44454014 -0.15862142
v -0.53486049 0.41689217 -0.15949458
v -0.54669988 0.42191517 -0.16752064
v -0.54139590 0.45046228 -0.16797839
v -0.57147974 0.46182334 -0.17116626
v -0.55918026 0.45829695 -0.17571662
v -0.58148092 0.46201235 -0.16134423
v -0.58633840 0.43309748 -0.16859700
v -0.58875519 0.42963600 -0.15580264
v -0.58656526 0.45863873 -0.14823464
v -0.58494222 0.45470834 -0.13590851
v -0.58293438 0.42148697 -0.13190654
v -0.57021558 0.41675365 -0.11994806
v -0.56795466 0.44346118 -0.11232046
v -0.57932925 0.45037186 -0.12452608
v -0.55085361 0.43396068 -0.10436567
v -0.55368990 0.40819347 -0.11135402
v -0.53393209 0.42924500 -0.10973871
v -0.52403796 0.43767750 -0.14465579
v -0.52478004 0.41055095 -0.14643513
v -0.57605439 0.43345869 -0.17783068
v -0.56248534 0.42948627 -0.17850016
v -0.54849470 0.45415455 -0.17386582
v -0.55437851 0.42579281 -0.17291829
v -0.54616547 0.39499307 -0.17124325
v -0.53221565 0.39078665 -0.16432589
v -0.57995069 0.40673375 -0.18547088
v -0.56648576 0.40211141 -0.18066931
v -0.59075797 0.40299654 -0.16369358
v -0.59148097 0.40703785 -0.17712596
v -0.58933705 0.39456809 -0.13720432
v -0.58681250 0.42576170 -0.14386986
v -0.59073931 0.39866507 -0.15046814
v -0.57696640 0.39059031 -0.12366384
v -0.55708683 0.38315880 -0.11400078
v -0.52269483 0.38479745 -0.14913875
v -0.55695438 0.39817989 -0.17519605
v -0.46960226 0.25359237 -0.02725416
v -0.46448603 0.25056124 -0.03172588
v -0.46416709 0.25609767 -0.03246343
v -0.46736315 0.25755310 -0.02942395
v -0.44034547 0.24009752 -0.05301219
v -0.43624422 0.23359680 -0.06223309
v -0.43078947 0.24478674 -0.06287509
v -0.43358865 0.24885702 -0.05560988
v -0.45066348 0.24459517 -0.03816712
v -0.45591739 0.24717665 -0.03196013
v -0.45829552 0.24368572 -0.03507078
v -0.45501018 0.24222803 -0.03883517
v -0.50355005 0.26748919 -0.02870178
v -0.50849289 0.26952004 -0.02645916
v -0.51066887 0.26557350 -0.02741027
v -0.50698811 0.26385260 -0.02992010
v -0.48328075 0.25775313 -0.02637601
v -0.48867711 0.25956190 -0.02356672
v -0.49069545 0.25631535 -0.02528775
v -0.48781842 0.25431228 -0.02713072
v -0.45090711 0.25880218 -0.06616226
v -0.43987295 0.25479925 -0.05876857
v -0.43559361 0.24857235 -0.06991631
v -0.44419104 0.25596392 -0.07865250
v -0.43847382 0.23868692 -0.07508633
v -0.44736868 0.23677635 -0.06951618
v -0.45731699 0.23951030 -0.07828003
v -0.44876918 0.24472821 -0.08410263
v -0.45301336 0.23966646 -0.05840451
v -0.46294758 0.24244952 -0.06610310
v -0.46135089 0.25135267 -0.05939811
v -0.45011660 0.24932551 -0.04948878
v -0.46975195 0.25724602 -0.04327154
v -0.46330455 0.25294209 -0.03329027
v -0.45657358 0.25686467 -0.03879505
v -0.46324462 0.26212645 -0.04802161
v -0.45123288 0.25342834 -0.04473013
v -0.45600033 0.25836301 -0.05613384
v -0.45982888 0.24808145 -0.05834609
v -0.45036235 0.24521196 -0.04797173
v -0.45811850 0.24263692 -0.04578853
v -0.46680200 0.24509990 -0.05560347
v -0.47166309 0.24846172 -0.04826605
v -0.46423388 0.24536347 -0.03870630
v -0.47849298 0.26809740 -0.03885558
v -0.47154090 0.26097572 -0.03243893
v -0.46707052 0.25841129 -0.03767723
v -0.47134966 0.26439416 -0.04563445
v -0.46715721 0.24991083 -0.03966588
v -0.47262803 0.24861073 -0.03623533
v -0.47924009 0.25103092 -0.04392844
v -0.47301963 0.25353813 -0.04699790
v -0.48501143 0.25472867 -0.03723794
v -0.47750962 0.25074100 -0.03066438
v -0.48316997 0.26316524 -0.03328693
v -0.47673467 0.25735915 -0.02768844
v -0.50231898 0.26939487 -0.03032005
v -0.49525163 0.26341379 -0.02545929
v -0.49036124 0.26726365 -0.02823299
v -0.49713951 0.27464902 -0.03397015
v -0.48547214 0.26599789 -0.03153318
v -0.48956674 0.27135003 -0.03746754
v -0.48467791 0.26015198 -0.03302395
v -0.49069262 0.25467825 -0.03176588
v -0.49618936 0.25812018 -0.03702450
v -0.48868892 0.26418471 -0.03740603
v -0.49596977 0.25685537 -0.02752084
v -0.50321162 0.26130342 -0.03331158
v -0.51781142 0.28106546 -0.03507674
v -0.52304262 0.27520955 -0.03594747
v -0.51554650 0.27212870 -0.02866855
v -0.51175708 0.27645361 -0.02964881
v -0.50612342 0.27526462 -0.03228164
v -0.51014251 0.27923810 -0.03640050
v -0.50555003 0.26958871 -0.03427804
v -0.51046014 0.26395726 -0.03416419
v -0.51495510 0.26598752 -0.03778344
v -0.50962883 0.27246153 -0.03625110
v -0.51548159 0.26621604 -0.03038496
v -0.52132827 0.26917326 -0.03641734
v -0.45417577 0.26267958 -0.08569890
v -0.46308416 0.26353753 -0.07061943
v -0.44128656 0.23522162 -0.06282097
v -0.45922357 0.25068498 -0.09099028
v -0.44479260 0.23702490 -0.05673438
v -0.47383404 0.24620116 -0.07045171
v -0.46814531 0.24427092 -0.08536297
v -0.46530765 0.25172436 -0.06437701
v -0.45312622 0.25222051 -0.03483462
v -0.47591290 0.25687575 -0.05103928
v -0.48495752 0.25206816 -0.05601382
v -0.44999921 0.25041187 -0.03853905
v -0.47483644 0.26897752 -0.05729190
v -0.49230838 0.27419257 -0.04799157
v -0.46918607 0.24786425 -0.03101277
v -0.47203428 0.24906516 -0.02807581
v -0.50014162 0.25846756 -0.04533178
v -0.48990729 0.26586735 -0.03869668
v -0.48651853 0.26357698 -0.02547282
v -0.50941944 0.27328444 -0.03593212
v -0.51632947 0.26513946 -0.04173532
v -0.48395967 0.26278555 -0.02708769
v -0.51027232 0.28101504 -0.04265973
v -0.50748485 0.27251673 -0.02859074
v -0.53359294 0.27741945 -0.04431371
v -0.53002501 0.27031600 -0.04399860
v -0.50439358 0.27218771 -0.02946615
v -0.52591223 0.28523672 -0.04250926
v -0.51983815 0.43121481 -0.13193065
v -0.52139741 0.40491521 -0.13263471
v -0.52377123 0.42755270 -0.11950673
v -0.53702325 0.40295541 -0.11383167
v -0.52679896 0.40137279 -0.12122507
v -0.51941460 0.37957489 -0.13193241
v -0.53894800 0.37806344 -0.11593805
v -0.52714717 0.37652612 -0.12063833
v -0.59654689 0.37510014 -0.14447895
v -0.58554327 0.36946940 -0.12841496
v -0.59565544 0.37929070 -0.15893811
v -0.59623891 0.38771844 -0.18609014
v -0.59718370 0.38397288 -0.17252100
v -0.51590073 0.35664725 -0.12953871
v -0.52224272 0.36163568 -0.14914876
v -0.52350593 0.35373080 -0.11637321
v -0.53879148 0.35612679 -0.10976940
v -0.46301931 0.27145994 -0.09615432
v -0.47700265 0.28228271 -0.10623093
v -0.48145473 0.29045057 -0.09551819
v -0.47222781 0.27593422 -0.08354530
v -0.49680108 0.29413164 -0.08417898
v -0.48621309 0.27915096 -0.07245064
v -0.51400113 0.29654312 -0.07649208
v -0.50282347 0.28409052 -0.06340173
v -0.53173697 0.29683268 -0.07211989
v -0.52066565 0.28786182 -0.05757472
v -0.54864681 0.29301775 -0.07111537
v -0.53706044 0.28836703 -0.05453836
v -0.55964935 0.28391218 -0.07244191
v -0.54767561 0.27937496 -0.05508357
v -0.46838644 0.25716543 -0.10253654
v -0.48120004 0.26901650 -0.11342941
v -0.48023176 0.24888253 -0.09669849
v -0.49378580 0.25695074 -0.10934863
v -0.49194807 0.25077653 -0.08492029
v -0.50619155 0.25851154 -0.09899698
v -0.55710983 0.27314520 -0.07521057
v -0.54368043 0.26980627 -0.05668236
v -0.50526202 0.25659633 -0.07361984
v -0.51983726 0.26353824 -0.08923493
v -0.51957363 0.26134574 -0.06480926
v -0.53412932 0.26686943 -0.08227574
v -0.53276885 0.26558280 -0.05939354
v -0.54702210 0.26933861 -0.07814290
v -0.49309084 0.30909288 -0.10796240
v -0.50628930 0.31418991 -0.09543601
v -0.52478123 0.31483936 -0.08927976
v -0.54299986 0.31175399 -0.08787990
v -0.55945545 0.30368257 -0.09003660
v -0.57080793 0.29425812 -0.09115252
v -0.55811596 0.33293235 -0.10345048
v -0.57177246 0.31514668 -0.11037618
v -0.58076161 0.30347145 -0.11217585
v -0.58558142 0.32602990 -0.13027659
v -0.59064305 0.31259632 -0.13291210
v -0.60673678 0.34041917 -0.16568315
v -0.61320853 0.32605493 -0.16871369
v -0.60290450 0.32135749 -0.15186203
v -0.59773242 0.33502018 -0.14959535
v -0.57649857 0.34279037 -0.12219486
v -0.59135967 0.35265112 -0.14111048
v -0.59936488 0.35839164 -0.15710559
v -0.61691481 0.33419120 -0.19503435
v -0.61761510 0.33004010 -0.18221894
v -0.61189461 0.34469259 -0.17801762
v -0.61371183 0.34952664 -0.19047436
v -0.60733402 0.35288000 -0.20604959
v -0.60774243 0.33591735 -0.20867953
v -0.58884233 0.34922266 -0.21033823
v -0.59014946 0.33344471 -0.21408451
v -0.60483968 0.36701214 -0.18154845
v -0.60272551 0.36235321 -0.16991758
v -0.60160774 0.37079263 -0.19580227
v -0.58562827 0.36807859 -0.19981378
v -0.57231760 0.36183429 -0.19037345
v -0.57371986 0.34223294 -0.20042214
v -0.57325411 0.32785273 -0.20733455
v -0.49343061 0.29550874 -0.11951174
v -0.49817538 0.28492999 -0.12437253
v -0.53384763 0.33594477 -0.09977186
v -0.51534456 0.33457541 -0.10696681
v -0.50778079 0.33168995 -0.12498929
v -0.50899649 0.31092644 -0.13634716
v -0.51649660 0.29887533 -0.13931249
v -0.53199190 0.30880928 -0.15552917
v -0.52460748 0.32067347 -0.15471905
v -0.50836074 0.27558374 -0.12317533
v -0.52513021 0.29270446 -0.13734555
v -0.53894234 0.30288041 -0.15458131
v -0.54348665 0.31543219 -0.17285445
v -0.53876436 0.32724154 -0.17059669
v -0.55397958 0.32056010 -0.18570998
v -0.55175531 0.33376539 -0.18136305
v -0.56231523 0.33844113 -0.19000256
v -0.56264806 0.32422936 -0.19659472
v -0.54990691 0.35345817 -0.17582405
v -0.56036592 0.35810804 -0.18263739
v -0.53619355 0.34635532 -0.16566974
v -0.52098590 0.33962190 -0.15010095
v -0.56960547 0.28223228 -0.09560546
v -0.57999325 0.29299128 -0.11600509
v -0.58990252 0.30327284 -0.13651726
v -0.60152495 0.31034613 -0.15625733
v -0.60906368 0.31504607 -0.17346659
v -0.61222351 0.31852627 -0.18528655
v -0.60306358 0.32484400 -0.20665962
v -0.61139733 0.32236707 -0.19648999
v -0.59073645 0.32329011 -0.21039817
v -0.57759172 0.31782877 -0.20444116
v -0.56831020 0.31333578 -0.19613093
v -0.55004364 0.30774868 -0.17249978
v -0.55937696 0.30998087 -0.18590501
v -0.53268540 0.36766493 -0.16629285
v -0.54730237 0.37355530 -0.17555737
v -0.55847776 0.37759733 -0.17983803
v -0.58233845 0.38680291 -0.19134265
v -0.56855440 0.38176394 -0.18512404
v -0.52059060 0.27314305 -0.11618233
v -0.53441530 0.27555919 -0.10846108
v -0.54848361 0.27700269 -0.10311573
v -0.56038558 0.27831686 -0.09957454
v -0.57268447 0.28865767 -0.12010953
v -0.56199580 0.28831363 -0.12423122
v -0.54858255 0.28798652 -0.12940738
v -0.53515029 0.28934574 -0.13402706
v -0.58272910 0.29811144 -0.14070344
v -0.57305765 0.29697418 -0.14443418
v -0.56084871 0.29708350 -0.14982519
v -0.54835427 0.29839253 -0.15285459
v -0.55933410 0.30303049 -0.17127275
v -0.57079911 0.30272031 -0.16888362
v -0.58201998 0.30321741 -0.16392404
v -0.59215236 0.30517602 -0.16066277
v -0.59924400 0.31040537 -0.17628494
v -0.58871508 0.30861032 -0.17857635
v -0.57815599 0.30768299 -0.18238252
v -0.56854469 0.30734360 -0.18432736
v -0.60214722 0.31410313 -0.18616977
v -0.59859943 0.31893945 -0.20187256
v -0.60204673 0.31710207 -0.19427428
v -0.59054446 0.31802523 -0.20457622
v -0.58210796 0.31435466 -0.19975635
v -0.57522362 0.31071806 -0.19273025
v -0.58313042 0.31114435 -0.18994832
v -0.58732522 0.31399047 -0.19570899
v -0.59248245 0.31208682 -0.18673179
v -0.59452844 0.31494761 -0.19326895
v -0.59102178 0.31640995 -0.19945443
v -0.59459925 0.31677043 -0.19813064
v -0.56069636 0.35922718 -0.11553746
v -0.43383980 0.69154739 -0.04734060
v -0.42864919 0.69655496 -0.06219277
v -0.44340163 0.69307590 -0.03379904
v -0.41029915 1.11550212 0.02479495
v -0.35554492 1.35245335 -0.01338446
v -0.35374179 1.39633918 -0.01866685
v -0.35440415 1.37376821 -0.01607923
v -0.41091937 1.09223855 0.02749471
v -0.41309884 1.42869079 0.00155026
v -0.36384171 1.58868694 -0.00899930
v -0.47127202 1.87799740 -0.08279529
v -0.47078186 1.87426102 -0.08434394
v -0.47199428 1.87120855 -0.08610705
v -0.47339845 1.86796558 -0.08667099
v -0.47543120 1.86575496 -0.08857536
v -0.47755638 1.86513555 -0.09201863
v -0.47516257 1.87202215 -0.08568439
v -0.47682479 1.87389779 -0.08983646
v -0.47608039 1.87626028 -0.08939869
v -0.47422668 1.87453842 -0.08504185
f 2 3 1
f 1 3 4
f 3 2 5
f 5 2 6
f 3 7 4
f 4 7 8
f 10 11 9
f 9 11 12
f 14 15 13
f 13 15 16
f 18 19 17
f 17 19 20
f 22 23 21
f 21 23 24
f 26 18 25
f 25 18 17
f 27 28 17
f 17 28 25
f 30 31 29
f 29 31 32
f 34 35 33
f 33 35 36
f 21 24 37
f 37 24 38
f 40 31 39
f 39 31 38
f 34 33 28
f 28 33 25
f 41 42 44
f 44 42 43
f 36 45 33
f 33 45 25
f 46 47 49
f 49 47 48
f 51 52 50
f 50 52 53
f 55 53 54
f 54 53 52
f 57 58 56
f 56 58 59
f 61 62 60
f 60 62 63
f 65 66 64
f 64 66 67
f 69 70 68
f 68 70 71
f 65 73 72
f 72 73 74
f 64 75 65
f 65 75 73
f 77 78 76
f 76 78 79
f 80 81 83
f 83 81 82
f 81 85 84
f 84 85 86
f 88 89 87
f 87 89 69
f 88 87 90
f 90 87 91
f 93 94 92
f 92 94 95
f 96 84 43
f 43 84 44
f 51 98 97
f 97 98 86
f 97 99 51
f 51 99 52
f 54 52 100
f 100 52 99
f 58 101 59
f 59 101 102
f 62 103 63
f 63 103 104
f 105 106 6
f 6 106 5
f 108 109 107
f 107 109 110
f 112 113 111
f 111 113 114
f 116 117 115
f 115 117 118
f 120 121 119
f 119 121 122
f 124 125 123
f 123 125 126
f 128 129 127
f 127 129 130
f 130 131 127
f 127 131 132
f 134 1 133
f 133 1 135
f 1 4 135
f 135 4 136
f 4 8 136
f 136 8 137
f 138 139 15
f 15 139 140
f 140 139 141
f 141 139 142
f 144 57 143
f 143 57 56
f 145 146 141
f 141 146 147
f 146 149 148
f 148 149 150
f 152 153 151
f 151 153 154
f 141 147 140
f 140 147 155
f 157 11 156
f 156 11 158
f 160 161 159
f 159 161 162
f 164 165 163
f 163 165 166
f 165 160 166
f 166 160 159
f 168 169 167
f 167 169 170
f 169 171 170
f 170 171 172
f 149 173 150
f 150 173 174
f 175 176 149
f 149 176 173
f 178 172 177
f 177 172 171
f 180 181 179
f 179 181 182
f 184 180 183
f 183 180 179
f 186 187 185
f 185 187 188
f 190 191 189
f 189 191 192
f 7 193 8
f 8 193 194
f 196 162 195
f 195 162 161
f 197 168 198
f 198 168 167
f 181 199 182
f 182 199 200
f 202 203 201
f 201 203 204
f 187 186 205
f 205 186 206
f 208 209 207
f 207 209 210
f 212 213 211
f 211 213 214
f 215 216 218
f 218 216 217
f 220 209 219
f 219 209 208
f 204 186 221
f 221 186 185
f 201 204 222
f 222 204 221
f 223 211 220
f 220 211 209
f 224 225 214
f 214 225 210
f 203 206 204
f 204 206 186
f 227 187 226
f 226 187 205
f 27 228 21
f 21 228 22
f 230 231 229
f 229 231 232
f 234 235 233
f 233 235 236
f 238 239 237
f 237 239 240
f 119 122 118
f 118 122 115
f 112 242 241
f 241 242 243
f 98 51 244
f 244 51 50
f 245 138 14
f 14 138 15
f 11 10 158
f 158 10 246
f 89 85 69
f 69 85 70
f 11 157 12
f 12 157 247
f 249 164 248
f 248 164 163
f 177 250 178
f 178 250 251
f 253 254 252
f 252 254 255
f 187 227 188
f 188 227 256
f 212 257 213
f 213 257 258
f 260 134 259
f 259 134 133
f 165 164 135
f 135 164 133
f 160 165 136
f 136 165 135
f 136 137 160
f 160 137 161
f 137 261 161
f 161 261 195
f 263 264 262
f 262 264 265
f 13 16 266
f 266 16 267
f 268 267 155
f 155 267 16
f 147 269 155
f 155 269 268
f 162 196 167
f 167 196 198
f 167 170 162
f 162 170 159
f 170 172 159
f 159 172 166
f 172 178 166
f 166 178 163
f 178 251 163
f 163 251 248
f 168 270 169
f 169 270 271
f 272 273 171
f 171 273 177
f 271 272 169
f 169 272 171
f 168 197 270
f 270 197 274
f 250 177 275
f 275 177 273
f 277 45 276
f 276 45 278
f 280 281 279
f 279 281 282
f 284 104 283
f 283 104 103
f 285 215 286
f 286 215 218
f 288 289 287
f 287 289 290
f 291 80 66
f 66 80 83
f 293 294 292
f 292 294 295
f 73 91 74
f 74 91 87
f 91 73 92
f 92 73 75
f 279 77 280
f 280 77 76
f 80 291 70
f 70 291 71
f 277 47 96
f 96 47 82
f 297 175 296
f 296 175 149
f 299 154 298
f 298 154 153
f 225 300 210
f 210 300 207
f 224 301 206
f 206 301 205
f 210 209 214
f 214 209 211
f 226 205 302
f 302 205 301
f 304 305 303
f 303 305 306
f 308 309 307
f 307 309 310
f 72 291 65
f 65 291 66
f 66 83 67
f 67 83 46
f 312 313 311
f 311 313 314
f 316 317 315
f 315 317 36
f 29 318 35
f 35 318 319
f 321 32 320
f 320 32 322
f 311 314 323
f 323 314 324
f 315 325 316
f 316 325 326
f 318 287 319
f 319 287 290
f 328 321 327
f 327 321 320
f 329 330 39
f 39 330 331
f 332 333 40
f 40 333 322
f 309 334 285
f 285 334 335
f 236 2 134
f 134 2 1
f 260 336 233
f 233 336 337
f 237 14 265
f 265 14 13
f 84 86 44
f 44 86 98
f 189 192 7
f 7 192 193
f 44 98 41
f 41 98 244
f 237 240 14
f 14 240 245
f 7 3 189
f 189 3 5
f 338 71 72
f 72 71 291
f 262 265 266
f 266 265 13
f 124 123 339
f 339 123 105
f 123 109 105
f 105 109 106
f 189 5 190
f 190 5 106
f 111 114 12
f 12 114 9
f 264 340 265
f 265 340 237
f 342 343 341
f 341 343 344
f 6 235 105
f 105 235 339
f 234 346 345
f 345 346 347
f 349 350 348
f 348 350 351
f 107 352 108
f 108 352 353
f 355 356 354
f 354 356 357
f 237 340 238
f 238 340 358
f 12 247 111
f 111 247 359
f 264 263 116
f 116 263 360
f 361 362 222
f 222 362 201
f 364 365 363
f 363 365 366
f 368 369 367
f 367 369 370
f 372 373 371
f 371 373 374
f 375 376 372
f 372 376 377
f 378 379 381
f 381 379 380
f 382 383 269
f 269 383 268
f 150 174 365
f 365 174 384
f 380 377 381
f 381 377 376
f 271 270 180
f 180 270 181
f 273 272 252
f 252 272 184
f 272 271 184
f 184 271 180
f 181 270 274
f 252 255 273
f 273 255 275
f 254 385 255
f 255 385 386
f 387 388 179
f 179 388 183
f 389 387 182
f 182 387 179
f 182 200 389
f 389 200 390
f 388 391 183
f 183 391 253
f 391 392 253
f 253 392 254
f 394 379 393
f 393 379 378
f 185 188 395
f 395 188 396
f 221 185 397
f 397 185 395
f 222 221 398
f 398 221 397
f 188 256 396
f 396 256 399
f 400 401 256
f 256 401 399
f 402 403 405
f 405 403 404
f 148 150 364
f 364 150 365
f 393 406 394
f 394 406 407
f 158 246 393
f 393 246 406
f 342 19 238
f 238 19 239
f 23 22 350
f 350 22 354
f 244 50 245
f 245 50 138
f 55 142 53
f 53 142 139
f 145 144 296
f 296 144 143
f 355 228 341
f 341 228 20
f 41 240 42
f 42 240 239
f 283 308 284
f 284 308 307
f 349 409 408
f 408 409 410
f 244 245 41
f 41 245 240
f 268 383 406
f 406 383 407
f 346 411 349
f 349 411 409
f 251 412 248
f 248 412 413
f 275 414 250
f 250 414 415
f 25 45 26
f 26 45 277
f 43 26 96
f 96 26 277
f 416 417 61
f 61 417 62
f 329 24 408
f 408 24 23
f 31 40 32
f 32 40 322
f 39 38 329
f 329 38 24
f 37 38 30
f 30 38 31
f 418 419 421
f 421 419 420
f 78 295 79
f 79 295 294
f 124 339 422
f 422 339 345
f 232 131 357
f 357 131 351
f 2 236 6
f 6 236 235
f 252 184 253
f 253 184 183
f 227 423 256
f 256 423 400
f 423 227 305
f 305 227 226
f 424 258 425
f 425 258 257
f 426 427 212
f 212 427 257
f 259 133 249
f 249 133 164
f 419 418 428
f 428 418 429
f 327 430 328
f 328 430 288
f 49 431 46
f 46 431 67
f 306 302 424
f 424 302 258
f 313 432 314
f 314 432 433
f 32 321 29
f 29 321 318
f 324 314 433
f 287 318 328
f 328 318 321
f 134 260 236
f 236 260 233
f 345 339 234
f 234 339 235
f 357 351 354
f 354 351 350
f 408 23 349
f 349 23 350
f 317 278 36
f 36 278 45
f 432 313 429
f 429 313 428
f 435 428 434
f 434 428 313
f 42 239 18
f 18 239 19
f 43 42 26
f 26 42 18
f 121 120 436
f 436 120 437
f 302 301 258
f 258 301 213
f 110 109 126
f 126 109 123
f 238 358 342
f 342 358 343
f 341 20 342
f 342 20 19
f 322 438 320
f 320 438 439
f 320 439 327
f 327 439 430
f 333 440 322
f 322 440 438
f 289 288 323
f 323 288 430
f 115 340 116
f 116 340 264
f 146 145 149
f 149 145 296
f 15 140 16
f 16 140 155
f 441 442 152
f 152 442 153
f 225 224 203
f 203 224 206
f 175 297 154
f 154 297 151
f 293 443 294
f 294 443 444
f 248 413 249
f 249 413 445
f 446 447 400
f 400 447 401
f 388 387 396
f 396 387 395
f 387 389 395
f 395 389 397
f 391 388 399
f 399 388 396
f 401 392 399
f 399 392 391
f 255 386 275
f 275 386 414
f 449 450 448
f 448 450 451
f 335 452 285
f 285 452 215
f 453 298 442
f 442 298 153
f 211 223 212
f 212 223 426
f 425 257 454
f 454 257 427
f 266 10 262
f 262 10 9
f 360 113 456
f 456 113 455
f 8 194 137
f 137 194 261
f 10 266 246
f 246 266 267
f 203 202 225
f 225 202 300
f 262 9 263
f 263 9 114
f 108 353 190
f 190 353 191
f 389 390 397
f 397 390 398
f 457 422 128
f 128 422 129
f 156 158 378
f 378 158 393
f 347 346 348
f 348 346 349
f 447 458 401
f 401 458 392
f 364 382 148
f 148 382 269
f 55 54 57
f 57 54 58
f 75 64 459
f 459 64 460
f 100 90 101
f 101 90 95
f 101 58 100
f 100 58 54
f 142 55 144
f 144 55 57
f 147 146 269
f 269 146 148
f 459 93 75
f 75 93 92
f 144 145 142
f 142 145 141
f 228 27 20
f 20 27 17
f 154 299 175
f 175 299 176
f 214 213 224
f 224 213 301
f 424 461 306
f 306 461 303
f 285 286 309
f 309 286 310
f 462 334 308
f 308 334 309
f 302 306 226
f 226 306 305
f 37 28 21
f 21 28 27
f 29 35 30
f 30 35 34
f 30 34 37
f 37 34 28
f 344 436 356
f 356 436 229
f 325 290 326
f 326 290 289
f 311 439 312
f 312 439 438
f 35 319 36
f 36 319 315
f 439 311 430
f 430 311 323
f 315 319 325
f 325 319 290
f 440 463 438
f 438 463 312
f 341 344 355
f 355 344 356
f 360 456 116
f 116 456 117
f 354 22 355
f 355 22 228
f 326 289 324
f 324 289 323
f 74 87 68
f 68 87 69
f 50 53 138
f 138 53 139
f 268 406 267
f 267 406 246
f 190 106 108
f 108 106 109
f 241 455 112
f 112 455 113
f 358 122 343
f 343 122 121
f 129 347 130
f 130 347 348
f 348 351 130
f 130 351 131
f 229 232 356
f 356 232 357
f 340 115 358
f 358 115 122
f 111 359 112
f 112 359 242
f 125 124 457
f 457 124 422
f 231 132 232
f 232 132 131
f 343 121 344
f 344 121 436
f 263 114 360
f 360 114 113
f 347 129 345
f 345 129 422
f 230 229 437
f 437 229 436
f 464 446 423
f 423 446 400
f 465 466 468
f 468 466 467
f 470 471 469
f 469 471 472
f 469 472 373
f 373 472 374
f 474 469 473
f 473 469 373
f 471 475 472
f 472 475 476
f 472 477 374
f 374 477 478
f 477 472 476
f 479 480 476
f 476 480 477
f 473 373 377
f 377 373 372
f 481 482 479
f 479 482 480
f 483 484 481
f 481 484 482
f 403 402 485
f 485 402 486
f 487 488 483
f 483 488 484
f 487 489 488
f 488 489 490
f 489 491 490
f 490 491 492
f 491 493 492
f 492 493 494
f 493 495 494
f 494 495 496
f 497 498 481
f 481 498 483
f 484 499 482
f 482 499 367
f 370 480 367
f 367 480 482
f 480 370 477
f 477 370 478
f 500 497 479
f 479 497 481
f 451 473 380
f 380 473 377
f 448 451 379
f 379 451 380
f 501 502 504
f 504 502 503
f 449 505 507
f 507 505 506
f 486 508 505
f 505 508 506
f 508 509 506
f 506 509 510
f 511 507 510
f 510 507 506
f 509 508 512
f 512 508 513
f 515 509 514
f 514 509 512
f 509 515 510
f 510 515 516
f 510 516 511
f 511 516 517
f 486 505 485
f 485 505 518
f 505 449 518
f 518 449 448
f 383 382 403
f 403 382 404
f 363 404 364
f 364 404 382
f 403 485 383
f 383 485 407
f 519 520 361
f 361 520 362
f 522 496 521
f 521 496 495
f 450 474 451
f 451 474 473
f 363 366 523
f 523 366 524
f 525 499 488
f 488 499 484
f 488 490 525
f 525 490 526
f 496 522 520
f 520 522 527
f 494 496 519
f 519 496 520
f 492 494 528
f 528 494 519
f 529 530 495
f 495 530 521
f 490 492 526
f 526 492 528
f 529 495 531
f 531 495 493
f 533 534 532
f 532 534 535
f 523 524 533
f 533 524 534
f 486 402 532
f 532 402 533
f 529 536 530
f 530 536 537
f 536 538 537
f 537 538 539
f 540 541 539
f 539 541 537
f 530 537 535
f 535 537 541
f 542 539 543
f 543 539 538
f 539 542 540
f 540 542 544
f 541 540 513
f 513 540 512
f 540 544 512
f 512 544 514
f 546 547 545
f 545 547 548
f 549 550 531
f 531 550 551
f 550 549 552
f 552 549 553
f 546 550 554
f 554 550 552
f 547 546 555
f 555 546 554
f 498 556 558
f 558 556 557
f 559 557 560
f 560 557 556
f 561 562 560
f 560 562 559
f 557 559 552
f 552 559 554
f 559 562 554
f 554 562 555
f 558 557 553
f 553 557 552
f 475 471 563
f 563 471 564
f 565 563 567
f 567 563 566
f 471 470 564
f 564 470 466
f 564 466 568
f 568 466 465
f 568 465 569
f 569 465 570
f 572 573 571
f 571 573 574
f 569 575 567
f 567 575 576
f 577 565 576
f 576 565 567
f 578 579 581
f 581 579 580
f 575 561 576
f 576 561 560
f 556 577 560
f 560 577 576
f 577 556 497
f 497 556 498
f 565 577 500
f 500 577 497
f 563 565 475
f 475 565 500
f 553 489 558
f 558 489 487
f 531 493 549
f 549 493 491
f 489 553 491
f 491 553 549
f 394 407 518
f 518 407 485
f 518 448 394
f 394 448 379
f 545 548 538
f 538 548 543
f 551 545 536
f 536 545 538
f 536 529 551
f 551 529 531
f 507 582 449
f 449 582 450
f 511 583 507
f 507 583 582
f 511 517 583
f 583 517 584
f 585 586 588
f 588 586 587
f 590 591 589
f 589 591 592
f 591 590 593
f 593 590 594
f 596 597 595
f 595 597 598
f 599 600 602
f 602 600 601
f 604 605 603
f 603 605 606
f 608 609 607
f 607 609 610
f 612 613 611
f 611 613 614
f 615 616 618
f 618 616 617
f 620 621 619
f 619 621 622
f 624 625 623
f 623 625 626
f 628 629 627
f 627 629 630
f 632 633 631
f 631 633 634
f 635 636 638
f 638 636 637
f 639 640 642
f 642 640 641
f 644 645 643
f 643 645 646
f 619 622 647
f 647 622 648
f 650 651 649
f 649 651 652
f 601 653 602
f 602 653 654
f 656 657 655
f 655 657 658
f 660 661 659
f 659 661 662
f 664 665 663
f 663 665 666
f 593 594 667
f 667 594 668
f 669 670 672
f 672 670 671
f 673 674 676
f 676 674 675
f 633 632 677
f 677 632 678
f 663 666 679
f 679 666 680
f 681 682 684
f 684 682 683
f 686 687 685
f 685 687 688
f 690 661 689
f 689 661 691
f 693 686 692
f 692 686 685
f 695 597 694
f 694 597 668
f 594 696 668
f 668 696 694
f 697 698 696
f 696 698 699
f 700 701 697
f 697 701 698
f 702 585 703
f 703 585 588
f 671 690 672
f 672 690 689
f 640 639 704
f 704 639 705
f 679 706 663
f 663 706 658
f 708 709 707
f 707 709 710
f 711 712 610
f 610 712 607
f 713 714 716
f 716 714 715
f 717 718 720
f 720 718 719
f 722 634 721
f 721 634 633
f 724 725 723
f 723 725 726
f 728 729 727
f 727 729 730
f 732 733 731
f 731 733 734
f 707 710 735
f 735 710 736
f 643 737 644
f 644 737 738
f 740 741 739
f 739 741 742
f 608 744 743
f 743 744 745
f 747 748 746
f 746 748 749
f 751 752 750
f 750 752 753
f 754 755 757
f 757 755 756
f 758 759 761
f 761 759 760
f 763 764 762
f 762 764 765
f 767 768 766
f 766 768 769
f 771 772 770
f 770 772 773
f 775 776 774
f 774 776 777
f 779 780 778
f 778 780 781
f 783 712 782
f 782 712 784
f 785 786 788
f 788 786 787
f 790 628 789
f 789 628 627
f 792 793 791
f 791 793 794
f 795 796 726
f 726 796 723
f 798 799 797
f 797 799 800
f 721 633 801
f 801 633 677
f 797 800 802
f 802 800 803
f 805 806 804
f 804 806 807
f 809 810 808
f 808 810 811
f 813 814 812
f 812 814 815
f 809 808 817
f 817 808 816
f 818 819 804
f 804 819 805
f 820 821 818
f 818 821 819
f 821 820 587
f 587 820 822
f 809 823 810
f 810 823 824
f 814 807 815
f 815 807 806
f 826 426 825
f 825 426 223
f 426 826 427
f 427 826 827
f 828 829 454
f 454 829 830
f 831 832 677
f 677 832 801
f 834 835 833
f 833 835 836
f 838 839 837
f 837 839 840
f 841 842 844
f 844 842 843
f 845 846 803
f 803 846 802
f 847 831 678
f 678 831 677
f 848 849 851
f 851 849 850
f 853 854 852
f 852 854 855
f 857 858 856
f 856 858 680
f 860 861 859
f 859 861 862
f 864 865 863
f 863 865 866
f 868 869 867
f 867 869 870
f 839 871 840
f 840 871 872
f 849 848 874
f 874 848 873
f 876 877 875
f 875 877 878
f 880 881 879
f 879 881 882
f 883 884 886
f 886 884 885
f 846 887 802
f 802 887 888
f 890 891 889
f 889 891 888
f 893 894 892
f 892 894 895
f 896 897 728
f 728 897 729
f 899 900 898
f 898 900 901
f 902 852 904
f 904 852 903
f 849 905 850
f 850 905 906
f 875 878 907
f 907 878 908
f 910 911 909
f 909 911 912
f 914 915 913
f 913 915 916
f 917 918 862
f 862 918 859
f 919 920 856
f 856 920 921
f 923 924 922
f 922 924 925
f 926 927 925
f 925 927 922
f 929 930 928
f 928 930 693
f 932 695 931
f 931 695 694
f 823 867 824
f 824 867 933
f 935 936 934
f 934 936 937
f 938 868 823
f 823 868 867
f 940 847 939
f 939 847 678
f 632 655 678
f 678 655 939
f 941 942 619
f 619 942 620
f 687 943 688
f 688 943 944
f 851 850 945
f 945 850 903
f 850 906 903
f 903 906 904
f 946 947 949
f 949 947 948
f 951 952 950
f 950 952 953
f 955 956 954
f 954 956 957
f 907 958 875
f 875 958 874
f 960 961 959
f 959 961 962
f 963 853 902
f 902 853 852
f 909 964 910
f 910 964 965
f 967 968 966
f 966 968 969
f 971 972 970
f 970 972 973
f 974 960 975
f 975 960 959
f 977 978 976
f 976 978 979
f 981 977 980
f 980 977 976
f 980 982 981
f 981 982 983
f 985 983 984
f 984 983 982
f 984 986 985
f 985 986 987
f 989 990 988
f 988 990 991
f 993 994 992
f 992 994 995
f 997 998 996
f 996 998 999
f 1001 1002 1000
f 1000 1002 1003
f 1005 1006 1004
f 1004 1006 1007
f 1004 1008 1005
f 1005 1008 1009
f 1008 1010 1009
f 1009 1010 1011
f 1013 1011 1012
f 1012 1011 1010
f 1014 1015 1017
f 1017 1015 1016
f 1019 1020 1018
f 1018 1020 1021
f 1022 1023 976
f 976 1023 980
f 1024 1025 982
f 982 1025 984
f 992 995 1026
f 1026 995 1027
f 956 955 1028
f 1028 955 1029
f 1030 1031 1033
f 1033 1031 1032
f 1010 1008 1034
f 1034 1008 1035
f 1008 1004 1035
f 1035 1004 1036
f 1037 1038 1002
f 1002 1038 1007
f 1002 1001 1037
f 1037 1001 1039
f 1040 1041 997
f 997 1041 998
f 1015 1014 1043
f 1043 1014 1042
f 1044 1045 1047
f 1047 1045 1046
f 1044 1020 1048
f 1048 1020 1049
f 1050 1051 1003
f 1003 1051 1000
f 1052 1050 1006
f 1006 1050 1003
f 1053 1054 1011
f 1011 1054 1009
f 1013 1045 1055
f 1055 1045 1056
f 1058 1059 1057
f 1057 1059 1060
f 1062 1063 1061
f 1061 1063 1064
f 1065 1066 1050
f 1050 1066 1051
f 1067 1065 1052
f 1052 1065 1050
f 1068 1069 1054
f 1054 1069 1070
f 1071 1068 1053
f 1053 1068 1054
f 1073 1071 1072
f 1072 1071 1074
f 1074 1071 1055
f 1055 1071 1053
f 1076 1077 1075
f 1075 1077 1078
f 1079 1080 1057
f 1057 1080 1058
f 1081 1082 1064
f 1064 1082 1061
f 1084 1085 1083
f 1083 1085 1086
f 1088 1089 1087
f 1087 1089 1090
f 1092 1093 1091
f 1091 1093 1094
f 1096 1097 1095
f 1095 1097 1098
f 1099 1100 1102
f 1102 1100 1101
f 1103 1104 1099
f 1099 1104 1100
f 1106 1107 1105
f 1105 1107 1108
f 1110 1111 1109
f 1109 1111 1112
f 1114 1115 1113
f 1113 1115 1116
f 1118 1119 1117
f 1117 1119 1077
f 1117 1120 1122
f 1122 1120 1121
f 1105 1123 1106
f 1106 1123 1124
f 1125 1126 1128
f 1128 1126 1127
f 1130 1131 1129
f 1129 1131 1132
f 1134 1135 1133
f 1133 1135 1114
f 1113 1136 1114
f 1114 1136 1133
f 1118 1137 1113
f 1113 1137 1136
f 1118 1117 1137
f 1137 1117 1122
f 1139 1140 1138
f 1138 1140 1141
f 1143 953 1142
f 1142 953 952
f 1145 957 1144
f 1144 957 956
f 1028 1146 956
f 956 1146 1144
f 1014 1147 1042
f 1042 1147 1148
f 1014 1017 1147
f 1147 1017 1149
f 1059 1058 1150
f 1150 1058 1151
f 1153 1080 1152
f 1152 1080 1154
f 1156 1088 1155
f 1155 1088 1087
f 1157 1158 1106
f 1106 1158 1107
f 1106 1124 1157
f 1157 1124 1159
f 1161 1162 1160
f 1160 1162 1163
f 1165 1166 1164
f 1164 1166 1167
f 1168 1031 1012
f 1012 1031 1046
f 1024 1023 1035
f 1035 1023 1034
f 1036 1038 1025
f 1025 1038 1169
f 1170 1171 1039
f 1039 1171 1037
f 1028 1029 1042
f 1042 1029 1043
f 1172 1173 1175
f 1175 1173 1174
f 1055 1053 1013
f 1013 1053 1011
f 1005 1009 1070
f 1070 1009 1054
f 996 999 1062
f 1062 999 1063
f 1016 1060 1017
f 1017 1060 1059
f 1017 1059 1149
f 1149 1059 1150
f 1177 1178 1176
f 1176 1178 1103
f 1176 1072 1179
f 1179 1072 1074
f 1073 1102 1086
f 1086 1102 1083
f 1180 1181 1067
f 1067 1181 1065
f 1182 1183 1184
f 1184 1183 1181
f 1186 1187 1185
f 1185 1187 1188
f 1189 1190 798
f 798 1190 799
f 1192 1193 1191
f 1191 1193 1194
f 1195 1196 1194
f 1194 1196 1191
f 1196 1195 1198
f 1198 1195 1197
f 1200 674 1199
f 1199 674 673
f 928 1201 1203
f 1203 1201 1202
f 861 1204 862
f 862 1204 921
f 1205 1206 913
f 913 1206 1207
f 882 1208 879
f 879 1208 1209
f 1210 1211 1167
f 1167 1211 1164
f 1212 769 1213
f 1213 769 768
f 727 1214 728
f 728 1214 1215
f 1217 1218 1216
f 1216 1218 1219
f 1220 813 1221
f 1221 813 812
f 827 828 427
f 427 828 454
f 1223 1224 1222
f 1222 1224 1165
f 1226 1227 1225
f 1225 1227 1228
f 851 1229 848
f 848 1229 1230
f 834 854 835
f 835 854 1231
f 1233 1234 1232
f 1232 1234 1235
f 1237 751 1236
f 1236 751 750
f 743 819 1238
f 1238 819 821
f 1240 1241 1239
f 1239 1241 1242
f 1244 1245 1243
f 1243 1245 1246
f 844 1247 841
f 841 1247 1248
f 1250 1251 1249
f 1249 1251 1252
f 1254 893 1253
f 1253 893 1237
f 1255 1256 1258
f 1258 1256 1257
f 1260 1261 1259
f 1259 1261 1262
f 945 903 855
f 855 903 852
f 855 1263 945
f 945 1263 1264
f 832 845 801
f 801 845 803
f 800 721 803
f 803 721 801
f 721 800 722
f 722 800 799
f 1266 1267 1265
f 1265 1267 1268
f 1270 795 1269
f 1269 795 726
f 725 1271 726
f 726 1271 1269
f 737 765 738
f 738 765 764
f 759 740 760
f 760 740 739
f 717 1272 1274
f 1274 1272 1273
f 1163 1226 1275
f 1275 1226 1225
f 1277 882 1276
f 1276 882 881
f 1041 1040 1027
f 1027 1040 1026
f 900 935 901
f 901 935 934
f 1164 1278 1165
f 1165 1278 1222
f 1211 1279 1164
f 1164 1279 1278
f 442 1280 453
f 453 1280 1281
f 788 1282 785
f 785 1282 1283
f 1285 1286 1284
f 1284 1286 1287
f 1284 1288 1285
f 1285 1288 1289
f 757 1289 754
f 754 1289 1288
f 605 604 675
f 675 604 676
f 1290 1291 1293
f 1293 1291 1292
f 1295 1296 1294
f 1294 1296 1297
f 696 699 694
f 694 699 931
f 1298 1299 592
f 592 1299 589
f 1299 1300 589
f 589 1300 700
f 1300 1301 700
f 700 1301 701
f 743 745 819
f 819 745 805
f 1303 1304 1302
f 1302 1304 1305
f 1306 1307 1305
f 1305 1307 1302
f 609 1298 610
f 610 1298 592
f 587 822 588
f 588 822 1308
f 703 588 1309
f 1309 588 1308
f 1310 703 571
f 571 703 1309
f 1311 1312 789
f 789 1312 790
f 825 223 1313
f 1313 223 220
f 219 1314 220
f 220 1314 1313
f 1315 1316 1311
f 1311 1316 1312
f 1317 1318 1319
f 1319 1318 1241
f 441 1320 442
f 442 1320 1280
f 1321 217 572
f 572 217 216
f 1323 1230 1322
f 1322 1230 1229
f 1324 1325 631
f 631 1325 656
f 1034 1168 1010
f 1010 1168 1012
f 1327 1328 1326
f 1326 1328 1329
f 1331 1202 1330
f 1330 1202 1201
f 571 1309 572
f 572 1309 1321
f 573 572 1332
f 1332 572 216
f 1334 1335 1333
f 1333 1335 1336
f 1337 1338 918
f 918 1338 859
f 1339 863 1340
f 1340 863 866
f 1341 1342 1344
f 1344 1342 1343
f 1345 1346 919
f 919 1346 920
f 1347 1348 673
f 673 1348 1199
f 693 1349 928
f 928 1349 1201
f 1351 1257 1350
f 1350 1257 1256
f 1350 1352 1351
f 1351 1352 1353
f 653 930 654
f 654 930 662
f 1279 1354 1278
f 1278 1354 1355
f 1357 1358 1356
f 1356 1358 1359
f 937 1360 1140
f 1140 1360 1361
f 1225 1228 909
f 909 1228 964
f 901 934 1362
f 1362 934 1139
f 1364 1365 1363
f 1363 1365 1362
f 1367 912 1366
f 1366 912 911
f 1143 1142 1368
f 1368 1142 1369
f 1144 1186 1145
f 1145 1186 1185
f 1146 1175 1144
f 1144 1175 1186
f 1175 1146 1172
f 1172 1146 1148
f 1147 1018 1148
f 1148 1018 1172
f 1018 1147 1019
f 1019 1147 1149
f 1149 1150 1019
f 1019 1150 1370
f 1150 1151 1370
f 1370 1151 1371
f 1151 1153 1371
f 1371 1153 1177
f 1152 1156 1178
f 1178 1156 1372
f 1155 1158 1373
f 1373 1158 1374
f 1157 1159 1376
f 1376 1159 1375
f 1378 1379 1377
f 1377 1379 1380
f 1382 1383 1381
f 1381 1383 1384
f 1382 1386 1385
f 1385 1386 1387
f 1386 1233 1387
f 1387 1233 1232
f 1389 1390 1388
f 1388 1390 1391
f 1393 1394 1392
f 1392 1394 1395
f 1397 1398 1396
f 1396 1398 1399
f 629 1397 630
f 630 1397 1396
f 1342 1400 1343
f 1343 1400 1401
f 1403 1404 1402
f 1402 1404 1405
f 1407 1408 1406
f 1406 1408 1409
f 1411 1412 1410
f 1410 1412 1413
f 793 1414 794
f 794 1414 1415
f 1417 1341 1416
f 1416 1341 1344
f 704 705 1347
f 1347 705 1418
f 741 1419 742
f 742 1419 1420
f 1422 669 1421
f 1421 669 672
f 645 1423 646
f 646 1423 1424
f 1196 1198 614
f 614 1198 611
f 613 1425 614
f 614 1425 1426
f 1427 616 659
f 659 616 660
f 614 1426 1196
f 1196 1426 1191
f 696 594 697
f 697 594 590
f 697 590 700
f 700 590 589
f 703 1310 702
f 702 1310 1428
f 1421 672 1192
f 1192 672 689
f 1271 648 1269
f 1269 648 622
f 621 1270 622
f 622 1270 1269
f 1429 1430 1417
f 1417 1430 1341
f 1431 1432 1434
f 1434 1432 1433
f 1436 1437 1435
f 1435 1437 1438
f 1440 1441 1439
f 1439 1441 1442
f 1443 1444 1446
f 1446 1444 1445
f 823 809 938
f 938 809 817
f 810 1447 811
f 811 1447 1448
f 1449 1450 679
f 679 1450 706
f 913 916 1205
f 1205 916 1451
f 1275 1225 912
f 912 1225 909
f 1452 1453 880
f 880 1453 881
f 1444 1401 1445
f 1445 1401 1400
f 936 1454 937
f 937 1454 1360
f 824 1455 810
f 810 1455 1447
f 631 656 632
f 632 656 655
f 966 1456 967
f 967 1456 1457
f 1459 1460 1458
f 1458 1460 1461
f 1460 1462 1461
f 1461 1462 1463
f 972 974 973
f 973 974 975
f 990 995 991
f 991 995 994
f 1464 1187 1033
f 1033 1187 1174
f 1018 1021 1172
f 1172 1021 1173
f 1000 999 1001
f 1001 999 998
f 976 979 1022
f 1022 979 1032
f 1023 1024 980
f 980 1024 982
f 989 986 1171
f 1171 986 1169
f 1171 1170 989
f 989 1170 990
f 1170 1027 990
f 990 1027 995
f 1041 1039 998
f 998 1039 1001
f 1051 1063 1000
f 1000 1063 999
f 1066 1064 1051
f 1051 1064 1063
f 1183 1081 1066
f 1066 1081 1064
f 1178 1372 1103
f 1103 1372 1104
f 1092 1091 1465
f 1465 1091 1182
f 1467 1465 1466
f 1466 1465 1468
f 1469 1470 1184
f 1184 1470 1468
f 1095 1098 1471
f 1471 1098 1101
f 1076 1374 1120
f 1120 1374 1376
f 1110 1472 1127
f 1127 1472 1132
f 1472 1473 1132
f 1132 1473 1129
f 1474 1475 1466
f 1466 1475 1473
f 1119 1118 1116
f 1116 1118 1113
f 1375 1121 1376
f 1376 1121 1120
f 1127 1132 1128
f 1128 1132 1131
f 1227 1476 1228
f 1228 1476 1361
f 1365 1477 1362
f 1362 1477 872
f 1478 1479 1323
f 1323 1479 1230
f 1480 1481 914
f 914 1481 915
f 913 1277 914
f 914 1277 1276
f 1168 1034 1022
f 1022 1034 1023
f 1035 1036 1024
f 1024 1036 1025
f 1039 1041 1170
f 1170 1041 1027
f 1042 1148 1028
f 1028 1148 1146
f 968 1459 969
f 969 1459 1458
f 1482 1483 664
f 664 1483 665
f 1485 1486 1484
f 1484 1486 1487
f 1489 1490 1488
f 1488 1490 1491
f 1492 1493 722
f 722 1493 634
f 1495 1496 1494
f 1494 1496 1497
f 1498 1207 1339
f 1339 1207 863
f 1224 1499 1165
f 1165 1499 1166
f 1160 1163 1500
f 1500 1163 1275
f 1500 877 1160
f 1160 877 1501
f 876 873 1502
f 1502 873 1479
f 945 1264 851
f 851 1264 1229
f 835 1231 839
f 839 1231 871
f 1503 1283 778
f 778 1283 1282
f 716 715 1505
f 1505 715 1504
f 1446 1445 1507
f 1507 1445 1506
f 779 792 1381
f 1381 792 791
f 1430 1409 1341
f 1341 1409 1342
f 1411 1429 1508
f 1508 1429 1417
f 635 1510 1509
f 1509 1510 1511
f 1377 1380 1315
f 1315 1380 1316
f 1445 1400 1506
f 1506 1400 1408
f 918 917 1336
f 1336 917 1333
f 1513 1514 1512
f 1512 1514 870
f 1515 1516 1363
f 1363 1516 1364
f 1453 1517 881
f 881 1517 1276
f 992 1518 993
f 993 1518 1519
f 1520 1029 1518
f 1518 1029 955
f 1520 1026 1521
f 1521 1026 1040
f 1522 1015 1521
f 1521 1015 1043
f 996 1523 997
f 997 1523 1522
f 1060 1016 1524
f 1524 1016 1523
f 1061 1525 1062
f 1062 1525 1524
f 1079 1527 1526
f 1526 1527 1528
f 1093 1529 1094
f 1094 1529 1528
f 1111 1530 1112
f 1112 1530 1531
f 1532 1533 1105
f 1105 1533 1123
f 934 937 1139
f 1139 937 1140
f 1138 1363 1139
f 1139 1363 1362
f 1534 1222 1355
f 1355 1222 1278
f 1535 1223 1534
f 1534 1223 1222
f 821 587 1238
f 1238 587 586
f 1319 711 1317
f 1317 711 1536
f 1538 1200 1537
f 1537 1200 1199
f 1508 1417 1539
f 1539 1417 1416
f 1540 1541 840
f 840 1541 837
f 1231 898 871
f 871 898 901
f 1500 1275 1367
f 1367 1275 912
f 1543 1379 1542
f 1542 1379 1395
f 1539 772 1508
f 1508 772 1544
f 1546 1403 1545
f 1545 1403 1402
f 1548 1549 1547
f 1547 1549 1550
f 1552 1548 1551
f 1551 1548 1547
f 1554 1555 1553
f 1553 1555 1556
f 1558 1559 1557
f 1557 1559 1560
f 1562 1563 1561
f 1561 1563 1564
f 1566 1567 1565
f 1565 1567 1568
f 1570 1571 1569
f 1569 1571 1572
f 1574 1575 1573
f 1573 1575 1576
f 1577 1578 1572
f 1572 1578 1569
f 1580 1581 1579
f 1579 1581 1582
f 1584 1585 1583
f 1583 1585 1586
f 1588 1555 1587
f 1587 1555 1589
f 1591 1592 1590
f 1590 1592 1593
f 1595 1596 1594
f 1594 1596 1597
f 1596 1581 1597
f 1597 1581 1576
f 1599 1570 1598
f 1598 1570 1569
f 1601 1602 1600
f 1600 1602 1603
f 1605 1606 1604
f 1604 1606 1607
f 1608 1609 1568
f 1568 1609 1565
f 1611 1612 1610
f 1610 1612 1613
f 1615 1616 1614
f 1614 1616 1617
f 1619 1617 1618
f 1618 1617 1616
f 1621 1622 1620
f 1620 1622 1623
f 1625 1626 1624
f 1624 1626 1627
f 1629 1630 1628
f 1628 1630 1631
f 1633 1634 1632
f 1632 1634 1635
f 1636 1637 1639
f 1639 1637 1638
f 1641 1642 1640
f 1640 1642 1643
f 1624 1627 1644
f 1644 1627 1645
f 1647 1648 1646
f 1646 1648 1649
f 1651 1652 1650
f 1650 1652 1653
f 1655 1656 1654
f 1654 1656 1657
f 1659 1660 1658
f 1658 1660 1661
f 1662 1663 1631
f 1631 1663 1628
f 1651 1665 1664
f 1664 1665 1666
f 1667 1656 1619
f 1619 1656 1617
f 1669 1670 1668
f 1668 1670 1671
f 1632 1635 1672
f 1672 1635 1673
f 1674 1675 1638
f 1638 1675 1639
f 1677 1678 1676
f 1676 1678 1679
f 1680 1640 1681
f 1681 1640 1643
f 1682 1683 1643
f 1643 1683 1681
f 1670 1669 1235
f 1235 1669 1232
f 1396 1399 1674
f 1674 1399 1675
f 627 630 1679
f 1679 630 1676
f 1681 1315 1680
f 1680 1315 1311
f 1683 1377 1681
f 1681 1377 1315
f 1672 1673 1387
f 1387 1673 1385
f 1636 1684 1646
f 1646 1684 1685
f 1687 1688 1686
f 1686 1688 1689
f 1585 1690 1586
f 1586 1690 1691
f 1599 1692 1551
f 1551 1692 1693
f 1552 1558 1694
f 1694 1558 1557
f 1696 1615 1695
f 1695 1615 1614
f 1698 1699 1697
f 1697 1699 1623
f 1700 1701 1703
f 1703 1701 1702
f 1705 1706 1704
f 1704 1706 1707
f 1708 1709 1640
f 1640 1709 1641
f 1710 1711 1713
f 1713 1711 1712
f 1652 1655 1653
f 1653 1655 1654
f 1714 1699 1712
f 1712 1699 1713
f 1715 1710 1716
f 1716 1710 1713
f 1717 1708 1680
f 1680 1708 1640
f 1393 1392 1715
f 1715 1392 1710
f 1719 1720 1718
f 1718 1720 1721
f 1680 1311 1717
f 1717 1311 789
f 1378 1711 1392
f 1392 1711 1710
f 1388 1391 1719
f 1719 1391 1720
f 1723 1606 1722
f 1722 1606 1689
f 1725 1568 1724
f 1724 1568 1567
f 1726 1647 1685
f 1685 1647 1646
f 1728 1554 1727
f 1727 1554 1553
f 1591 1687 1600
f 1600 1687 1686
f 1730 1595 1729
f 1729 1595 1594
f 1601 1605 1731
f 1731 1605 1604
f 1733 1663 1732
f 1732 1663 1734
f 1736 1639 1735
f 1735 1639 1675
f 1658 1644 1737
f 1737 1644 1645
f 1726 1662 1724
f 1724 1662 1631
f 1399 1738 1675
f 1675 1738 1735
f 1621 1667 1739
f 1739 1667 1619
f 1714 1740 1620
f 1620 1740 1741
f 1592 1549 1593
f 1593 1549 1742
f 1602 1571 1603
f 1603 1571 1550
f 1688 1690 1689
f 1689 1690 1722
f 1588 1559 1582
f 1582 1559 1579
f 1673 1735 1385
f 1385 1735 1738
f 1387 1232 1672
f 1672 1232 1669
f 1580 1692 1573
f 1573 1692 1743
f 1377 1683 1378
f 1378 1683 1711
f 1664 1666 1744
f 1744 1666 1745
f 1744 1696 1664
f 1664 1696 1695
f 1746 1747 1732
f 1732 1747 1748
f 1749 1750 1677
f 1677 1750 1678
f 1709 1708 1750
f 1750 1708 1678
f 1668 1632 1669
f 1669 1632 1672
f 1633 1746 1734
f 1734 1746 1732
f 1679 1678 1717
f 1717 1678 1708
f 789 627 1717
f 1717 627 1679
f 1563 1723 1564
f 1564 1723 1722
f 1728 1584 1751
f 1751 1584 1583
f 1674 1676 1396
f 1396 1676 630
f 1666 1566 1745
f 1745 1566 1565
f 1627 1629 1645
f 1645 1629 1628
f 1637 1749 1638
f 1638 1749 1677
f 1648 1665 1649
f 1649 1665 1752
f 1740 1642 1741
f 1741 1642 1657
f 1676 1674 1677
f 1677 1674 1638
f 1683 1682 1711
f 1711 1682 1712
f 1618 1753 1619
f 1619 1753 1739
f 1701 1739 1702
f 1702 1739 1753
f 1754 1214 1756
f 1756 1214 1755
f 647 1757 619
f 619 1757 941
f 1759 1193 1758
f 1758 1193 691
f 1419 1760 1420
f 1420 1760 1761
f 682 1762 683
f 683 1762 1763
f 1412 780 1413
f 1413 780 1384
f 1383 1398 1384
f 1384 1398 1413
f 1197 1424 1764
f 1764 1424 1423
f 1537 1287 1538
f 1538 1287 1286
f 1634 1684 1635
f 1635 1684 1736
f 1724 1631 1725
f 1725 1631 1630
f 1562 1730 1610
f 1610 1730 1729
f 1735 1673 1736
f 1736 1673 1635
f 1757 1195 941
f 941 1195 1194
f 1766 200 1765
f 1765 200 199
f 475 500 476
f 476 500 479
f 498 558 483
f 483 558 487
f 545 551 546
f 546 551 550
f 453 1281 219
f 219 1281 1314
f 298 453 208
f 208 453 219
f 368 1765 1767
f 1767 1765 199
f 523 405 363
f 363 405 404
f 523 533 405
f 405 533 402
f 298 208 299
f 299 208 207
f 299 207 176
f 176 207 300
f 176 300 173
f 173 300 202
f 173 202 174
f 174 202 201
f 1337 918 1768
f 1768 918 1336
f 1769 1770 1338
f 1338 1770 859
f 581 570 578
f 578 570 1771
f 555 562 580
f 580 562 561
f 504 1772 501
f 501 1772 548
f 517 542 584
f 584 542 543
f 515 514 516
f 516 514 544
f 542 517 544
f 544 517 516
f 561 575 580
f 580 575 581
f 575 569 581
f 581 569 570
f 501 548 1773
f 1773 548 547
f 1774 1775 570
f 570 1775 1771
f 369 368 1776
f 1776 368 1767
f 372 369 375
f 375 369 1776
f 822 1280 1308
f 1308 1280 1320
f 820 1281 822
f 822 1281 1280
f 818 1314 820
f 820 1314 1281
f 1314 818 1313
f 1313 818 804
f 807 814 825
f 825 814 826
f 814 813 826
f 826 813 827
f 813 1220 827
f 827 1220 828
f 580 579 555
f 555 579 547
f 1477 1540 872
f 872 1540 840
f 367 499 368
f 368 499 1765
f 1766 1765 525
f 525 1765 499
f 1777 1766 526
f 526 1766 525
f 520 527 362
f 362 527 384
f 361 1778 519
f 519 1778 528
f 371 1779 372
f 372 1779 369
f 369 1779 370
f 370 1779 478
f 1779 371 478
f 478 371 374
f 1778 1777 528
f 528 1777 526
f 1781 1782 1780
f 1780 1782 1783
f 431 460 67
f 67 460 64
f 68 338 74
f 74 338 72
f 1785 1782 1784
f 1784 1782 1786
f 1787 1788 1790
f 1790 1788 1789
f 1792 1789 1791
f 1791 1789 1793
f 1791 1794 1792
f 1792 1794 1795
f 1794 1796 1795
f 1795 1796 1797
f 1797 1798 938
f 938 1798 868
f 1798 1799 868
f 868 1799 869
f 1801 1802 1800
f 1800 1802 1451
f 1803 1804 1205
f 1205 1804 1206
f 1805 1806 864
f 864 1806 865
f 1806 1807 865
f 865 1807 1808
f 68 71 338
f 287 328 288
f 1320 1321 1308
f 1308 1321 1309
f 1320 441 1321
f 1321 441 217
f 441 152 217
f 217 152 218
f 151 286 152
f 152 286 218
f 297 310 151
f 151 310 286
f 296 307 297
f 297 307 310
f 296 143 307
f 307 143 284
f 143 56 284
f 284 56 104
f 56 59 104
f 104 59 63
f 59 102 63
f 63 102 60
f 102 94 60
f 60 94 282
f 93 459 279
f 279 459 77
f 459 460 77
f 77 460 78
f 460 431 78
f 78 431 295
f 431 49 295
f 295 49 292
f 48 421 49
f 49 421 292
f 276 278 418
f 418 278 429
f 317 432 278
f 278 432 429
f 432 317 433
f 433 317 316
f 326 324 316
f 316 324 433
f 1536 592 1809
f 1809 592 591
f 1810 744 1812
f 1812 744 1811
f 1814 1815 1813
f 1813 1815 1816
f 1817 748 1818
f 1818 748 747
f 1812 1819 1810
f 1810 1819 1817
f 1820 1821 748
f 748 1821 749
f 1823 1824 1822
f 1822 1824 1825
f 1827 1828 1826
f 1826 1828 1829
f 1831 1832 1830
f 1830 1832 1833
f 1834 1827 1243
f 1243 1827 1826
f 1313 804 825
f 825 804 807
f 1835 1253 1236
f 1236 1253 1237
f 1836 1837 1438
f 1438 1837 1435
f 1838 1505 1840
f 1840 1505 1839
f 1841 1842 716
f 716 1842 713
f 1843 1844 1510
f 1510 1844 1845
f 1847 1848 1846
f 1846 1848 1849
f 1850 1240 1822
f 1822 1240 1239
f 636 1831 637
f 637 1831 1830
f 1852 1853 1851
f 1851 1853 1854
f 1855 1856 1858
f 1858 1856 1857
f 1846 1849 1859
f 1859 1849 1860
f 1343 1401 1509
f 1509 1401 1861
f 1509 1861 635
f 635 1861 636
f 1863 1864 1862
f 1862 1864 1865
f 1283 1503 1867
f 1867 1503 1866
f 1868 1867 681
f 681 1867 682
f 1286 1285 683
f 683 1285 684
f 757 756 1274
f 1274 756 1869
f 1274 1869 717
f 717 1869 718
f 1434 1433 719
f 719 1433 720
f 1200 1538 1545
f 1545 1538 1763
f 1285 1289 684
f 684 1289 1273
f 684 1273 681
f 681 1273 1272
f 785 1283 1868
f 1868 1283 1867
f 786 785 1870
f 1870 785 1868
f 1289 757 1273
f 1273 757 1274
f 1539 1416 1871
f 1871 1416 1872
f 773 1871 1403
f 1403 1871 1404
f 675 674 1405
f 1405 674 1402
f 1864 1873 1865
f 1865 1873 1874
f 638 1843 635
f 635 1843 1510
f 1344 1343 1511
f 1511 1343 1509
f 772 1539 773
f 773 1539 1871
f 674 1200 1402
f 1402 1200 1545
f 1538 1286 1763
f 1763 1286 683
f 1444 1443 1875
f 1875 1443 1876
f 1875 1876 1831
f 1831 1876 1832
f 1416 1344 1872
f 1872 1344 1511
f 1877 1878 774
f 774 1878 1879
f 1878 1847 1879
f 1879 1847 1846
f 1880 714 1881
f 1881 714 1848
f 1401 1444 1861
f 1861 1444 1875
f 1861 1875 636
f 636 1875 1831
f 1823 1863 1882
f 1882 1863 1862
f 1441 1440 1884
f 1884 1440 1883
f 1883 1852 1884
f 1884 1852 1851
f 1886 1887 1885
f 1885 1887 1888
f 1358 1889 1359
f 1359 1889 1890
f 1891 1886 1892
f 1892 1886 1885
f 774 1879 775
f 775 1879 1893
f 1859 1893 1846
f 1846 1893 1879
f 713 1842 1849
f 1849 1842 1860
f 1318 1895 1894
f 1894 1895 1896
f 1873 1897 1874
f 1874 1897 1898
f 1898 605 1899
f 1899 605 675
f 1405 1844 675
f 675 1844 1899
f 1404 1845 1405
f 1405 1845 1844
f 593 1296 591
f 591 1296 1809
f 1295 1292 1900
f 1900 1292 1895
f 606 1897 1291
f 1291 1897 1896
f 1510 1845 1511
f 1511 1845 1872
f 1871 1872 1404
f 1404 1872 1845
f 1866 770 1762
f 1762 770 1546
f 1762 682 1866
f 1866 682 1867
f 1870 1868 1272
f 1272 1868 681
f 1272 717 1870
f 1870 717 720
f 1870 720 786
f 786 720 1433
f 786 1433 787
f 787 1433 1432
f 1261 1414 1432
f 1432 1414 787
f 1389 1234 1260
f 1260 1234 1415
f 1719 1670 1388
f 1388 1670 1235
f 1718 1671 1719
f 1719 1671 1670
f 1705 1747 1718
f 1718 1747 1671
f 1659 1901 1704
f 1704 1901 1748
f 1877 1903 1902
f 1902 1903 1904
f 1259 1905 1390
f 1390 1905 1394
f 1715 1720 1393
f 1393 1720 1391
f 1716 1721 1715
f 1715 1721 1720
f 1698 1706 1716
f 1716 1706 1721
f 277 276 47
f 47 276 48
f 84 96 81
f 81 96 82
f 80 70 81
f 81 70 85
f 99 97 88
f 88 97 89
f 90 100 88
f 88 100 99
f 101 95 102
f 102 95 94
f 1906 1907 280
f 280 1907 281
f 97 86 89
f 89 86 85
f 60 282 61
f 61 282 281
f 83 82 46
f 46 82 47
f 293 292 420
f 420 292 421
f 419 1908 420
f 420 1908 1909
f 92 95 91
f 91 95 90
f 279 282 93
f 93 282 94
f 276 418 48
f 48 418 421
f 1910 1660 1697
f 1697 1660 1707
f 1703 1624 1700
f 1700 1624 1644
f 1622 1910 1623
f 1623 1910 1697
f 1701 1700 1911
f 1911 1700 1661
f 1700 1644 1661
f 1661 1644 1658
f 1901 1737 1733
f 1733 1737 1645
f 1625 1912 1604
f 1604 1912 1731
f 1912 1913 1731
f 1731 1913 1914
f 1913 1577 1914
f 1914 1577 1572
f 1915 1578 1616
f 1616 1578 1618
f 1915 1916 1598
f 1598 1916 1743
f 1916 1574 1743
f 1743 1574 1573
f 1575 1917 1576
f 1576 1917 1597
f 1917 1609 1597
f 1597 1609 1594
f 1608 1611 1729
f 1729 1611 1610
f 1918 1612 1629
f 1629 1612 1630
f 1626 1918 1627
f 1627 1918 1629
f 1920 1921 1919
f 1919 1921 1922
f 1920 1924 1923
f 1923 1924 1925
f 1926 1927 1924
f 1924 1927 1925
f 1929 1930 1928
f 1928 1930 1931
f 1932 1933 1935
f 1935 1933 1934
f 1937 1938 1936
f 1936 1938 1939
f 1941 1942 1940
f 1940 1942 1943
f 1941 1945 1944
f 1944 1945 1946
f 1947 1948 1694
f 1694 1948 1949
f 1950 1951 1953
f 1953 1951 1952
f 1955 1956 1954
f 1954 1956 1589
f 1958 1956 1957
f 1957 1956 1932
f 1960 1934 1959
f 1959 1934 1933
f 1962 1963 1961
f 1961 1963 1964
f 1965 1955 1751
f 1751 1955 1954
f 1935 1930 1932
f 1932 1930 1957
f 1951 1950 1926
f 1926 1950 1929
f 1966 1967 1593
f 1593 1967 1590
f 1969 1967 1968
f 1968 1967 1964
f 1962 1921 1970
f 1970 1921 1971
f 1963 1945 1964
f 1964 1945 1968
f 1972 1948 1922
f 1922 1948 1919
f 1966 1972 1961
f 1961 1972 1922
f 1958 1953 1587
f 1587 1953 1560
f 1974 1975 1973
f 1973 1975 1976
f 1978 1979 1977
f 1977 1979 1691
f 1979 1975 1691
f 1691 1975 1586
f 1938 1942 1939
f 1939 1942 1980
f 1952 1947 1557
f 1557 1947 1694
f 1969 1978 1981
f 1981 1978 1977
f 1983 1984 1982
f 1982 1984 1985
f 1986 1987 1989
f 1989 1987 1988
f 1990 1991 1983
f 1983 1991 1984
f 1990 1993 1992
f 1992 1993 1994
f 1995 1996 1994
f 1994 1996 1997
f 1999 2000 1998
f 1998 2000 2001
f 2003 2004 2002
f 2002 2004 2005
f 2007 2008 2006
f 2006 2008 2009
f 2011 2012 2010
f 2010 2012 2013
f 2014 2015 2017
f 2017 2015 2016
f 2018 2019 2021
f 2021 2019 2020
f 2022 1989 2024
f 2024 1989 2023
f 1989 1988 2023
f 2023 1988 2025
f 2026 2027 2017
f 2017 2027 2014
f 2029 2030 2028
f 2028 2030 2031
f 2033 2034 2032
f 2032 2034 2035
f 2032 2035 2036
f 2036 2035 2037
f 2039 2040 2038
f 2038 2040 2041
f 1982 2042 1983
f 1983 2042 2043
f 2045 2046 2044
f 2044 2046 2047
f 2049 2050 2048
f 2048 2050 2051
f 2053 2054 2052
f 2052 2054 2055
f 2057 2058 2056
f 2056 2058 2059
f 2060 2061 2033
f 2033 2061 2034
f 2063 2064 2062
f 2062 2064 2065
f 2066 2035 2067
f 2067 2035 2034
f 2069 2039 2068
f 2068 2039 2038
f 2025 2070 2023
f 2023 2070 2071
f 2072 2024 2071
f 2071 2024 2023
f 2074 2020 2073
f 2073 2020 2019
f 2050 2049 2047
f 2047 2049 2075
f 1983 2043 1990
f 1990 2043 1993
f 2006 2050 2007
f 2007 2050 2076
f 2050 2006 2051
f 2051 2006 2077
f 2079 2080 2078
f 2078 2080 2081
f 2082 2083 2085
f 2085 2083 2084
f 2010 2013 2086
f 2086 2013 2087
f 2089 2033 2088
f 2088 2033 2032
f 2090 2060 2089
f 2089 2060 2033
f 2092 2093 2091
f 2091 2093 2094
f 2096 1986 2095
f 2095 1986 2097
f 2097 1986 2022
f 2022 1986 1989
f 2015 2094 2016
f 2016 2094 2098
f 2016 2098 2100
f 2100 2098 2099
f 2017 2016 2101
f 2101 2016 2100
f 2017 2101 2026
f 2026 2101 2102
f 2100 2099 2104
f 2104 2099 2103
f 2104 2105 2100
f 2100 2105 2101
f 2105 2106 2101
f 2101 2106 2102
f 2108 2061 2107
f 2107 2061 2109
f 2111 2112 2110
f 2110 2112 2020
f 2020 2074 2110
f 2110 2074 2113
f 2115 2116 2114
f 2114 2116 2117
f 2118 2119 1995
f 1995 2119 2120
f 2121 2122 2027
f 2027 2122 2014
f 2047 2075 2044
f 2044 2075 2123
f 2124 2125 2127
f 2127 2125 2126
f 2129 2130 2128
f 2128 2130 2131
f 2132 2133 2057
f 2057 2133 2058
f 2134 1999 2136
f 2136 1999 2135
f 2055 2138 2137
f 2137 2138 2139
f 2141 2142 2140
f 2140 2142 2143
f 2083 2082 2064
f 2064 2082 2065
f 2082 2144 2065
f 2065 2144 2145
f 2040 2146 2041
f 2041 2146 2147
f 2060 2090 2148
f 2148 2090 2149
f 2048 2051 2137
f 2137 2051 2150
f 2151 1997 2135
f 2135 1997 1996
f 2152 2150 2077
f 2077 2150 2051
f 2046 2045 2118
f 2118 2045 2119
f 2154 2155 2153
f 2153 2155 2156
f 2158 2159 2157
f 2157 2159 2160
f 2162 2163 2161
f 2161 2163 2164
f 2164 2163 2165
f 2165 2163 2166
f 2168 2169 2167
f 2167 2169 2170
f 2003 2172 2171
f 2171 2172 2173
f 2174 2175 2002
f 2002 2175 2176
f 2145 2177 2065
f 2065 2177 2062
f 2178 2179 2180
f 2180 2179 2134
f 2181 2052 2152
f 2152 2052 2150
f 2040 2127 2146
f 2146 2127 2182
f 2130 2162 2131
f 2131 2162 2161
f 2052 2055 2150
f 2150 2055 2137
f 2184 2185 2183
f 2183 2185 2186
f 2159 2030 2160
f 2160 2030 2187
f 2146 2182 2029
f 2029 2182 2188
f 2189 2190 2192
f 2192 2190 2191
f 2172 2003 2176
f 2176 2003 2002
f 1998 2151 1999
f 1999 2151 2135
f 2177 2172 2062
f 2062 2172 2176
f 2172 2177 2173
f 2173 2177 2193
f 2063 2194 2064
f 2064 2194 2195
f 2066 2197 2196
f 2196 2197 2198
f 2002 2005 2174
f 2174 2005 2199
f 2004 2003 2200
f 2200 2003 2171
f 2198 2201 2171
f 2171 2201 2200
f 2197 2202 2198
f 2198 2202 2201
f 2202 2197 2203
f 2203 2197 2204
f 2196 2198 2173
f 2173 2198 2171
f 2205 2069 2170
f 2170 2069 2206
f 2197 2066 2204
f 2204 2066 2067
f 2107 2207 2108
f 2108 2207 2208
f 2210 2208 2209
f 2209 2208 2207
f 2185 2211 2212
f 2213 2214 2211
f 2211 2214 2212
f 1998 2001 2213
f 2213 2001 2214
f 2134 2215 1999
f 1999 2215 2000
f 2216 2217 2219
f 2219 2217 2218
f 2206 2220 2170
f 2170 2220 2167
f 2069 2068 2206
f 2206 2068 2221
f 2151 1998 2222
f 2222 1998 2213
f 2124 2039 2205
f 2205 2039 2069
f 2142 2223 2143
f 2143 2223 2128
f 2203 2186 2202
f 2202 2186 2185
f 2185 2184 2211
f 2211 2184 2224
f 2224 2225 2222
f 2222 2225 2226
f 2071 2227 2072
f 2072 2227 2228
f 2229 2074 2230
f 2230 2074 2073
f 2074 2229 2113
f 2113 2229 2231
f 2232 2225 2227
f 2227 2225 2224
f 2233 2234 2031
f 2031 2234 2028
f 2236 2231 2235
f 2235 2231 2229
f 2230 2183 2229
f 2229 2183 2235
f 2237 1987 2096
f 2096 1987 1986
f 2152 2238 2181
f 2181 2238 2239
f 2080 2240 2081
f 2081 2240 2241
f 2236 2242 1971
f 1971 2242 1970
f 1925 2113 1923
f 1923 2113 2231
f 2110 1927 2111
f 2111 1927 1928
f 2103 2111 1931
f 1931 2111 1928
f 1931 2243 2103
f 2103 2243 2104
f 2105 2104 2244
f 2244 2104 2243
f 1939 1980 2148
f 2148 1980 2109
f 1980 1944 2109
f 2109 1944 2107
f 1946 2245 2207
f 2207 2245 2209
f 2245 1970 2209
f 2209 1970 2242
f 2231 2236 1923
f 1923 2236 1971
f 2113 1925 2110
f 2110 1925 1927
f 2234 2246 2028
f 2028 2246 2147
f 2247 2248 2058
f 2058 2248 2059
f 2114 2117 2249
f 2249 2117 2250
f 2252 2253 2251
f 2251 2253 2254
f 2094 2015 2091
f 2091 2015 2255
f 2256 2255 2014
f 2014 2255 2015
f 2257 2145 2258
f 2258 2145 2144
f 2131 2161 2123
f 2123 2161 2044
f 2045 2044 2164
f 2164 2044 2161
f 2045 2164 2119
f 2119 2164 2165
f 2259 2120 2165
f 2165 2120 2119
f 2260 2261 2259
f 2259 2261 2120
f 2205 2262 2124
f 2124 2262 2125
f 2180 2263 2178
f 2178 2263 2264
f 2265 2266 2092
f 2092 2266 2093
f 1992 2267 2268
f 2184 2228 2224
f 2224 2228 2227
f 2048 2269 2049
f 2049 2269 2141
f 2129 2168 2157
f 2157 2168 2167
f 2049 2141 2075
f 2075 2141 2140
f 2199 2215 2270
f 2270 2215 2271
f 2142 2141 2272
f 2272 2141 2269
f 2089 2026 2090
f 2090 2026 2102
f 2146 2029 2147
f 2147 2029 2028
f 2111 2103 2112
f 2112 2103 2099
f 2061 2060 2109
f 2109 2060 2148
f 2273 2274 2041
f 2041 2274 2038
f 2260 2275 2261
f 2261 2275 2136
f 2057 2138 2132
f 2132 2138 2276
f 2272 2269 2056
f 2056 2269 2139
f 2277 2278 2270
f 2270 2278 2199
f 2029 2188 2030
f 2030 2188 2187
f 2040 2039 2127
f 2127 2039 2124
f 2064 2195 2083
f 2083 2195 2279
f 2056 2139 2057
f 2057 2139 2138
f 2278 2277 2247
f 2247 2277 2248
f 2062 2176 2063
f 2063 2176 2175
f 2280 2210 2242
f 2242 2210 2209
f 2282 2233 2281
f 2281 2233 2031
f 2216 2219 2283
f 2283 2219 2221
f 2158 2220 2218
f 2218 2220 2219
f 2217 2282 2218
f 2218 2282 2281
f 2220 2158 2167
f 2167 2158 2157
f 2223 2264 2128
f 2128 2264 2263
f 2261 1996 2120
f 2120 1996 1995
f 2213 2211 2222
f 2222 2211 2224
f 2283 2221 2284
f 2284 2221 2068
f 2135 1996 2136
f 2136 1996 2261
f 2144 2081 2258
f 2258 2081 2241
f 2235 2280 2236
f 2236 2280 2242
f 2246 2273 2147
f 2147 2273 2041
f 2036 2285 2032
f 2032 2285 2088
f 2077 2286 2152
f 2152 2286 2238
f 1937 1960 1973
f 1973 1960 1959
f 2070 2232 2071
f 2071 2232 2227
f 2244 2287 2105
f 2105 2287 2106
f 1936 1939 2149
f 2149 1939 2148
f 1944 1946 2107
f 2107 1946 2207
f 2285 2121 2088
f 2088 2121 2027
f 2253 2249 2254
f 2254 2249 2250
f 2006 2009 2077
f 2077 2009 2286
f 2289 2086 2288
f 2288 2086 2087
f 2223 2142 2290
f 2290 2142 2272
f 2128 2131 2143
f 2143 2131 2123
f 2156 2291 2153
f 2153 2291 2175
f 2292 2293 2278
f 2278 2293 2294
f 2075 2140 2123
f 2123 2140 2143
f 2262 2169 2275
f 2275 2169 2180
f 2275 2180 2136
f 2136 2180 2134
f 2274 2284 2038
f 2038 2284 2068
f 2127 2126 2182
f 2182 2126 2166
f 2094 2093 2098
f 2098 2093 2021
f 2098 2021 2099
f 2099 2021 2112
f 2018 2021 2266
f 2266 2021 2093
f 2251 2289 2252
f 2252 2289 2288
f 1997 2151 2226
f 2226 2151 2222
f 2206 2221 2220
f 2220 2221 2219
f 2269 2048 2139
f 2139 2048 2137
f 2159 2158 2281
f 2281 2158 2218
f 2156 2155 2190
f 2190 2155 2191
f 1974 1965 1583
f 1583 1965 1751
f 2088 2027 2089
f 2089 2027 2026
f 2030 2159 2031
f 2031 2159 2281
f 2106 2149 2102
f 2102 2149 2090
f 2287 1936 2106
f 2106 1936 2149
f 2293 2154 2294
f 2294 2154 2153
f 2021 2020 2112
f 2247 2295 2278
f 2278 2295 2292
f 2284 2296 2283
f 2283 2296 2297
f 2298 2296 2274
f 2274 2296 2284
f 2273 2299 2274
f 2274 2299 2298
f 2246 2300 2273
f 2273 2300 2299
f 2283 2297 2216
f 2216 2297 2301
f 2216 2301 2217
f 2217 2301 2302
f 2302 2303 2217
f 2217 2303 2282
f 2304 2301 2305
f 2305 2301 2297
f 2307 2308 2306
f 2306 2308 2309
f 2306 2310 2307
f 2307 2310 2311
f 2307 2312 2308
f 2308 2312 2313
f 2314 2315 2312
f 2312 2315 2316
f 2316 2317 2312
f 2312 2317 2313
f 2317 2305 2313
f 2313 2305 2318
f 2314 2312 2311
f 2311 2312 2307
f 2319 2320 2322
f 2322 2320 2321
f 2322 2311 2319
f 2319 2311 2310
f 2313 2318 2308
f 2308 2318 2309
f 2296 2298 2318
f 2318 2298 2309
f 2309 2298 2323
f 2323 2298 2299
f 2306 2309 2324
f 2324 2309 2323
f 2310 2306 2325
f 2325 2306 2324
f 2296 2318 2297
f 2297 2318 2305
f 2319 2310 2326
f 2326 2310 2325
f 2328 2325 2327
f 2327 2325 2324
f 2325 2328 2326
f 2326 2328 2329
f 2331 2328 2330
f 2330 2328 2327
f 2332 2333 2327
f 2327 2333 2330
f 2328 2331 2329
f 2329 2331 2334
f 2324 2323 2327
f 2327 2323 2332
f 2300 2332 2299
f 2299 2332 2323
f 2326 2335 2319
f 2319 2335 2320
f 2305 2317 2336
f 2336 2317 2316
f 2336 2316 2337
f 2337 2316 2315
f 2338 2304 2336
f 2336 2304 2305
f 2337 2339 2336
f 2336 2339 2338
f 2337 2315 2341
f 2341 2315 2340
f 2342 2300 2234
f 2234 2300 2246
f 2303 2343 2282
f 2282 2343 2233
f 2234 2233 2342
f 2342 2233 2343
f 2342 2343 2333
f 2333 2343 2344
f 2333 2344 2330
f 2330 2344 2345
f 2346 2344 2303
f 2303 2344 2343
f 2332 2300 2333
f 2333 2300 2342
f 2347 2346 2302
f 2302 2346 2303
f 2301 2304 2302
f 2302 2304 2347
f 2304 2338 2347
f 2347 2338 2348
f 2348 2349 2347
f 2347 2349 2346
f 2350 2351 2348
f 2348 2351 2349
f 2349 2345 2346
f 2346 2345 2344
f 2345 2349 2352
f 2352 2349 2351
f 2338 2339 2348
f 2348 2339 2350
f 2350 2339 2353
f 2353 2339 2354
f 2356 2357 2355
f 2355 2357 2353
f 2351 2350 2357
f 2357 2350 2353
f 2353 2354 2355
f 2355 2354 2335
f 2320 2335 2341
f 2341 2335 2354
f 2339 2337 2354
f 2354 2337 2341
f 2352 2331 2345
f 2345 2331 2330
f 2356 2334 2352
f 2352 2334 2331
f 2356 2352 2357
f 2357 2352 2351
f 2355 2329 2356
f 2356 2329 2334
f 2335 2326 2355
f 2355 2326 2329
f 2321 2314 2322
f 2322 2314 2311
f 2321 2320 2340
f 2340 2320 2341
f 2315 2314 2340
f 2340 2314 2321
f 2125 2260 2126
f 2126 2260 2259
f 2157 2160 2129
f 2129 2160 2130
f 2188 2163 2187
f 2187 2163 2162
f 2182 2166 2188
f 2188 2166 2163
f 2180 2169 2263
f 2263 2169 2168
f 2160 2187 2130
f 2130 2187 2162
f 2275 2260 2262
f 2262 2260 2125
f 2128 2263 2129
f 2129 2263 2168
f 2262 2205 2169
f 2169 2205 2170
f 2165 2166 2259
f 2259 2166 2126
f 2359 2360 2358
f 2358 2360 2361
f 2363 2364 2362
f 2362 2364 2365
f 2367 2363 2366
f 2366 2363 2362
f 2368 2369 2371
f 2371 2369 2370
f 2372 2373 2248
f 2248 2373 2059
f 2364 2374 2365
f 2365 2374 2375
f 2377 2378 2376
f 2376 2378 2379
f 2290 2380 2223
f 2223 2380 2381
f 2223 2381 2264
f 2264 2381 2382
f 2384 2385 2383
f 2383 2385 2386
f 2364 2371 2374
f 2374 2371 2387
f 2059 2373 2290
f 2290 2373 2380
f 2378 2360 2379
f 2379 2360 2388
f 2374 2387 2359
f 2359 2387 2389
f 2390 2367 2386
f 2386 2367 2391
f 2393 2394 2392
f 2392 2394 2395
f 2386 2391 2383
f 2383 2391 2396
f 2367 2366 2391
f 2391 2366 2397
f 2363 2367 2368
f 2368 2367 2390
f 2398 2399 2361
f 2361 2399 2358
f 2399 2400 2358
f 2358 2400 2375
f 2390 2401 2368
f 2368 2401 2369
f 2372 2384 2376
f 2376 2384 2383
f 2374 2359 2375
f 2375 2359 2358
f 2402 2403 2365
f 2365 2403 2362
f 2359 2389 2360
f 2360 2389 2388
f 2364 2363 2371
f 2371 2363 2368
f 2405 2398 2404
f 2404 2398 2361
f 2392 2395 2406
f 2406 2395 2397
f 2377 2396 2394
f 2394 2396 2395
f 2394 2393 2404
f 2404 2393 2405
f 2396 2377 2383
f 2383 2377 2376
f 2406 2397 2407
f 2407 2397 2366
f 2400 2402 2375
f 2375 2402 2365
f 2385 2270 2401
f 2401 2270 2271
f 2403 2407 2362
f 2362 2407 2366
f 2371 2370 2387
f 2387 2370 2382
f 2391 2397 2396
f 2396 2397 2395
f 2378 2377 2404
f 2404 2377 2394
f 2360 2378 2361
f 2361 2378 2404
f 2407 2408 2406
f 2406 2408 2409
f 2410 2408 2403
f 2403 2408 2407
f 2411 2410 2402
f 2402 2410 2403
f 2412 2411 2400
f 2400 2411 2402
f 2406 2409 2392
f 2392 2409 2413
f 2392 2413 2393
f 2393 2413 2414
f 2415 2405 2414
f 2414 2405 2393
f 2416 2413 2417
f 2417 2413 2409
f 2419 2420 2418
f 2418 2420 2421
f 2420 2422 2421
f 2421 2422 2423
f 2420 2424 2422
f 2422 2424 2425
f 2426 2427 2424
f 2424 2427 2428
f 2428 2429 2424
f 2424 2429 2425
f 2426 2424 2419
f 2419 2424 2420
f 2419 2418 2431
f 2431 2418 2430
f 2425 2432 2422
f 2422 2432 2423
f 2408 2410 2432
f 2432 2410 2423
f 2423 2410 2433
f 2433 2410 2411
f 2421 2423 2434
f 2434 2423 2433
f 2435 2418 2434
f 2434 2418 2421
f 2429 2417 2425
f 2425 2417 2432
f 2408 2432 2409
f 2409 2432 2417
f 2418 2435 2430
f 2430 2435 2436
f 2438 2435 2437
f 2437 2435 2434
f 2435 2438 2436
f 2436 2438 2439
f 2441 2438 2440
f 2440 2438 2437
f 2442 2443 2437
f 2437 2443 2440
f 2439 2438 2444
f 2444 2438 2441
f 2433 2442 2434
f 2434 2442 2437
f 2412 2442 2411
f 2411 2442 2433
f 2436 2445 2430
f 2430 2445 2446
f 2430 2446 2431
f 2431 2446 2447
f 2417 2429 2448
f 2448 2429 2428
f 2427 2449 2428
f 2428 2449 2448
f 2450 2416 2448
f 2448 2416 2417
f 2451 2450 2449
f 2449 2450 2448
f 2427 2452 2449
f 2449 2452 2453
f 2447 2446 2452
f 2452 2446 2453
f 2454 2412 2399
f 2399 2412 2400
f 2415 2455 2405
f 2405 2455 2398
f 2399 2398 2454
f 2454 2398 2455
f 2454 2455 2443
f 2443 2455 2456
f 2443 2456 2440
f 2440 2456 2457
f 2458 2456 2415
f 2415 2456 2455
f 2443 2442 2454
f 2454 2442 2412
f 2459 2458 2414
f 2414 2458 2415
f 2413 2416 2414
f 2414 2416 2459
f 2459 2416 2460
f 2460 2416 2450
f 2460 2461 2459
f 2459 2461 2458
f 2462 2463 2460
f 2460 2463 2461
f 2461 2457 2458
f 2458 2457 2456
f 2457 2461 2464
f 2464 2461 2463
f 2451 2462 2450
f 2450 2462 2460
f 2462 2451 2465
f 2465 2451 2466
f 2468 2469 2467
f 2467 2469 2465
f 2463 2462 2469
f 2469 2462 2465
f 2465 2466 2467
f 2467 2466 2445
f 2446 2445 2453
f 2453 2445 2466
f 2451 2449 2466
f 2466 2449 2453
f 2464 2441 2457
f 2457 2441 2440
f 2468 2444 2464
f 2464 2444 2441
f 2468 2464 2469
f 2469 2464 2463
f 2467 2439 2468
f 2468 2439 2444
f 2445 2436 2467
f 2467 2436 2439
f 2447 2426 2431
f 2431 2426 2419
f 2427 2426 2452
f 2452 2426 2447
f 2369 2179 2370
f 2370 2179 2178
f 2376 2379 2372
f 2372 2379 2373
f 2389 2381 2388
f 2388 2381 2380
f 2387 2382 2389
f 2389 2382 2381
f 2270 2385 2277
f 2277 2385 2384
f 2379 2388 2373
f 2373 2388 2380
f 2401 2271 2369
f 2369 2271 2179
f 2248 2277 2372
f 2372 2277 2384
f 2401 2390 2385
f 2385 2390 2386
f 2264 2382 2178
f 2178 2382 2370
f 2215 2134 2271
f 2271 2134 2179
f 2005 2000 2199
f 2199 2000 2215
f 2004 2001 2005
f 2005 2001 2000
f 2200 2214 2004
f 2004 2214 2001
f 2470 2471 2473
f 2473 2471 2472
f 2475 2476 2474
f 2474 2476 2477
f 2479 2475 2478
f 2478 2475 2474
f 2481 2482 2480
f 2480 2482 2483
f 2476 2484 2477
f 2477 2484 2485
f 2487 2488 2486
f 2486 2488 2489
f 2133 2490 2058
f 2058 2490 2491
f 2058 2491 2247
f 2247 2491 2492
f 2494 2495 2493
f 2493 2495 2496
f 2476 2483 2484
f 2484 2483 2497
f 2472 2498 2488
f 2488 2498 2489
f 2484 2497 2471
f 2471 2497 2499
f 2500 2479 2496
f 2496 2479 2501
f 2502 2503 2505
f 2505 2503 2504
f 2496 2501 2493
f 2493 2501 2506
f 2479 2478 2501
f 2501 2478 2507
f 2475 2479 2480
f 2480 2479 2500
f 2508 2509 2473
f 2473 2509 2470
f 2509 2510 2470
f 2470 2510 2485
f 2511 2481 2500
f 2500 2481 2480
f 2512 2494 2486
f 2486 2494 2493
f 2485 2484 2470
f 2470 2484 2471
f 2513 2514 2477
f 2477 2514 2474
f 2471 2499 2472
f 2472 2499 2498
f 2476 2475 2483
f 2483 2475 2480
f 2516 2508 2515
f 2515 2508 2473
f 2502 2505 2517
f 2517 2505 2507
f 2504 2487 2505
f 2505 2487 2506
f 2503 2516 2504
f 2504 2516 2515
f 2506 2487 2493
f 2493 2487 2486
f 2517 2507 2518
f 2518 2507 2478
f 2510 2513 2485
f 2485 2513 2477
f 2511 2495 2293
f 2293 2495 2154
f 2514 2518 2474
f 2474 2518 2478
f 2483 2482 2497
f 2497 2482 2492
f 2501 2507 2506
f 2506 2507 2505
f 2488 2487 2515
f 2515 2487 2504
f 2472 2488 2473
f 2473 2488 2515
f 2518 2519 2517
f 2517 2519 2520
f 2521 2519 2514
f 2514 2519 2518
f 2522 2521 2513
f 2513 2521 2514
f 2523 2522 2510
f 2510 2522 2513
f 2517 2520 2502
f 2502 2520 2524
f 2502 2524 2503
f 2503 2524 2525
f 2525 2526 2503
f 2503 2526 2516
f 2527 2524 2528
f 2528 2524 2520
f 2530 2531 2529
f 2529 2531 2532
f 2531 2533 2532
f 2532 2533 2534
f 2531 2535 2533
f 2533 2535 2536
f 2537 2538 2535
f 2535 2538 2539
f 2539 2540 2535
f 2535 2540 2536
f 2537 2535 2530
f 2530 2535 2531
f 2529 2541 2530
f 2530 2541 2542
f 2543 2534 2536
f 2536 2534 2533
f 2519 2521 2543
f 2543 2521 2534
f 2534 2521 2544
f 2544 2521 2522
f 2532 2534 2545
f 2545 2534 2544
f 2529 2532 2546
f 2546 2532 2545
f 2536 2540 2543
f 2543 2540 2528
f 2519 2543 2520
f 2520 2543 2528
f 2541 2529 2547
f 2547 2529 2546
f 2548 2549 2545
f 2545 2549 2546
f 2549 2550 2546
f 2546 2550 2547
f 2551 2552 2548
f 2548 2552 2549
f 2548 2553 2551
f 2551 2553 2554
f 2550 2549 2555
f 2555 2549 2552
f 2545 2544 2548
f 2548 2544 2553
f 2523 2553 2522
f 2522 2553 2544
f 2547 2556 2541
f 2541 2556 2557
f 2541 2557 2542
f 2542 2557 2558
f 2528 2540 2559
f 2559 2540 2539
f 2538 2560 2539
f 2539 2560 2559
f 2561 2527 2559
f 2559 2527 2528
f 2560 2562 2559
f 2559 2562 2561
f 2560 2538 2564
f 2564 2538 2563
f 2558 2557 2563
f 2563 2557 2564
f 2565 2523 2509
f 2509 2523 2510
f 2526 2566 2516
f 2516 2566 2508
f 2509 2508 2565
f 2565 2508 2566
f 2565 2566 2554
f 2554 2566 2567
f 2554 2567 2551
f 2551 2567 2568
f 2569 2567 2526
f 2526 2567 2566
f 2553 2523 2554
f 2554 2523 2565
f 2570 2569 2525
f 2525 2569 2526
f 2524 2527 2525
f 2525 2527 2570
f 2527 2561 2570
f 2570 2561 2571
f 2571 2572 2570
f 2570 2572 2569
f 2573 2574 2571
f 2571 2574 2572
f 2572 2568 2569
f 2569 2568 2567
f 2568 2572 2575
f 2575 2572 2574
f 2562 2573 2561
f 2561 2573 2571
f 2573 2562 2576
f 2576 2562 2577
f 2579 2580 2578
f 2578 2580 2576
f 2574 2573 2580
f 2580 2573 2576
f 2576 2577 2578
f 2578 2577 2556
f 2557 2556 2564
f 2564 2556 2577
f 2562 2560 2577
f 2577 2560 2564
f 2575 2552 2568
f 2568 2552 2551
f 2579 2555 2575
f 2575 2555 2552
f 2579 2575 2580
f 2580 2575 2574
f 2550 2555 2578
f 2578 2555 2579
f 2556 2547 2578
f 2578 2547 2550
f 2558 2537 2542
f 2542 2537 2530
f 2538 2537 2563
f 2563 2537 2558
f 2292 2295 2481
f 2481 2295 2482
f 2486 2489 2512
f 2512 2489 2581
f 2499 2491 2498
f 2498 2491 2490
f 2497 2492 2499
f 2499 2492 2491
f 2155 2154 2494
f 2494 2154 2495
f 2581 2489 2490
f 2490 2489 2498
f 2293 2292 2511
f 2511 2292 2481
f 2191 2155 2512
f 2512 2155 2494
f 2500 2496 2511
f 2511 2496 2495
f 2247 2492 2295
f 2295 2492 2482
f 2583 2584 2582
f 2582 2584 2585
f 2587 2588 2586
f 2586 2588 2589
f 2591 2587 2590
f 2590 2587 2586
f 2593 2594 2592
f 2592 2594 2595
f 2596 2597 2599
f 2599 2597 2598
f 2588 2600 2589
f 2589 2600 2601
f 2602 2603 2605
f 2605 2603 2604
f 2606 2607 2609
f 2609 2607 2608
f 2609 2608 2190
f 2190 2608 2610
f 2611 2612 2614
f 2614 2612 2613
f 2600 2588 2615
f 2615 2588 2595
f 2599 2598 2606
f 2606 2598 2607
f 2584 2616 2604
f 2604 2616 2605
f 2600 2615 2583
f 2583 2615 2617
f 2591 2619 2618
f 2618 2619 2614
f 2621 2622 2620
f 2620 2622 2623
f 2619 2624 2614
f 2614 2624 2611
f 2591 2590 2619
f 2619 2590 2625
f 2587 2591 2592
f 2592 2591 2618
f 2626 2627 2585
f 2585 2627 2582
f 2627 2628 2582
f 2582 2628 2601
f 2629 2593 2618
f 2618 2593 2592
f 2602 2597 2611
f 2611 2597 2612
f 2600 2583 2601
f 2601 2583 2582
f 2630 2631 2589
f 2589 2631 2586
f 2583 2617 2584
f 2584 2617 2616
f 2588 2587 2595
f 2595 2587 2592
f 2633 2626 2632
f 2632 2626 2585
f 2620 2623 2634
f 2634 2623 2625
f 2622 2603 2623
f 2623 2603 2624
f 2621 2633 2622
f 2622 2633 2632
f 2611 2624 2602
f 2602 2624 2603
f 2634 2625 2635
f 2635 2625 2590
f 2628 2630 2601
f 2601 2630 2589
f 2613 2195 2629
f 2629 2195 2194
f 2631 2635 2586
f 2586 2635 2590
f 2595 2594 2615
f 2615 2594 2610
f 2619 2625 2624
f 2624 2625 2623
f 2632 2604 2622
f 2622 2604 2603
f 2585 2584 2632
f 2632 2584 2604
f 2635 2636 2634
f 2634 2636 2637
f 2638 2636 2631
f 2631 2636 2635
f 2639 2638 2630
f 2630 2638 2631
f 2640 2639 2628
f 2628 2639 2630
f 2634 2637 2620
f 2620 2637 2641
f 2620 2641 2621
f 2621 2641 2642
f 2642 2643 2621
f 2621 2643 2633
f 2641 2637 2644
f 2644 2637 2645
f 2646 2647 2649
f 2649 2647 2648
f 2648 2650 2649
f 2649 2650 2651
f 2648 2652 2650
f 2650 2652 2653
f 2652 2654 2656
f 2656 2654 2655
f 2656 2657 2652
f 2652 2657 2653
f 2654 2652 2647
f 2647 2652 2648
f 2647 2646 2659
f 2659 2646 2658
f 2660 2651 2653
f 2653 2651 2650
f 2636 2638 2660
f 2660 2638 2651
f 2651 2638 2661
f 2661 2638 2639
f 2651 2661 2649
f 2649 2661 2662
f 2663 2646 2662
f 2662 2646 2649
f 2653 2657 2660
f 2660 2657 2645
f 2636 2660 2637
f 2637 2660 2645
f 2646 2663 2658
f 2658 2663 2664
f 2665 2666 2662
f 2662 2666 2663
f 2666 2667 2663
f 2663 2667 2664
f 2668 2669 2665
f 2665 2669 2666
f 2665 2670 2668
f 2668 2670 2671
f 2667 2666 2672
f 2672 2666 2669
f 2662 2661 2665
f 2665 2661 2670
f 2640 2670 2639
f 2639 2670 2661
f 2673 2674 2664
f 2664 2674 2658
f 2658 2674 2659
f 2659 2674 2675
f 2645 2657 2676
f 2676 2657 2656
f 2677 2676 2655
f 2655 2676 2656
f 2676 2678 2645
f 2645 2678 2644
f 2677 2679 2676
f 2676 2679 2678
f 2655 2680 2677
f 2677 2680 2681
f 2675 2674 2680
f 2680 2674 2681
f 2682 2640 2627
f 2627 2640 2628
f 2643 2683 2633
f 2633 2683 2626
f 2682 2627 2683
f 2683 2627 2626
f 2683 2684 2682
f 2682 2684 2671
f 2684 2685 2671
f 2671 2685 2668
f 2686 2684 2643
f 2643 2684 2683
f 2670 2640 2671
f 2671 2640 2682
f 2687 2686 2642
f 2642 2686 2643
f 2642 2641 2687
f 2687 2641 2644
f 2687 2644 2688
f 2688 2644 2678
f 2688 2689 2687
f 2687 2689 2686
f 2690 2691 2688
f 2688 2691 2689
f 2689 2685 2686
f 2686 2685 2684
f 2685 2689 2692
f 2692 2689 2691
f 2679 2690 2678
f 2678 2690 2688
f 2690 2679 2693
f 2693 2679 2694
f 2696 2697 2695
f 2695 2697 2693
f 2691 2690 2697
f 2697 2690 2693
f 2693 2694 2695
f 2695 2694 2673
f 2674 2673 2681
f 2681 2673 2694
f 2679 2677 2694
f 2694 2677 2681
f 2685 2692 2668
f 2668 2692 2669
f 2696 2672 2692
f 2692 2672 2669
f 2696 2692 2697
f 2697 2692 2691
f 2695 2667 2696
f 2696 2667 2672
f 2673 2664 2695
f 2695 2664 2667
f 2675 2654 2659
f 2659 2654 2647
f 2655 2654 2680
f 2680 2654 2675
f 2291 2156 2593
f 2593 2156 2594
f 2597 2602 2598
f 2598 2602 2605
f 2616 2617 2607
f 2607 2617 2608
f 2615 2610 2617
f 2617 2610 2608
f 2597 2596 2612
f 2612 2596 2698
f 2598 2605 2607
f 2607 2605 2616
f 2194 2291 2629
f 2629 2291 2593
f 2629 2618 2613
f 2613 2618 2614
f 2190 2610 2156
f 2156 2610 2594
f 2700 2010 2699
f 2699 2010 2086
f 2267 2701 2116
f 2116 2701 2702
f 2116 2702 2117
f 2117 2702 2703
f 2704 2705 2250
f 2250 2705 2254
f 2011 2706 2267
f 2267 2706 2701
f 2699 2086 2707
f 2707 2086 2289
f 2010 2700 2011
f 2011 2700 2706
f 2708 2707 2251
f 2251 2707 2289
f 2703 2704 2117
f 2117 2704 2250
f 2705 2708 2254
f 2254 2708 2251
f 2709 2710 2708
f 2708 2710 2707
f 2711 2709 2705
f 2705 2709 2708
f 2712 2711 2704
f 2704 2711 2705
f 2713 2712 2703
f 2703 2712 2704
f 2707 2710 2699
f 2699 2710 2714
f 2699 2714 2700
f 2700 2714 2715
f 2716 2706 2715
f 2715 2706 2700
f 2714 2710 2717
f 2717 2710 2718
f 2720 2721 2719
f 2719 2721 2722
f 2721 2723 2722
f 2722 2723 2724
f 2721 2725 2723
f 2723 2725 2726
f 2727 2728 2725
f 2725 2728 2726
f 2729 2725 2720
f 2720 2725 2721
f 2731 2729 2730
f 2730 2729 2720
f 2719 2732 2720
f 2720 2732 2730
f 2726 2733 2723
f 2723 2733 2724
f 2709 2711 2733
f 2733 2711 2724
f 2724 2711 2734
f 2734 2711 2712
f 2722 2724 2735
f 2735 2724 2734
f 2719 2722 2736
f 2736 2722 2735
f 2726 2728 2733
f 2733 2728 2718
f 2709 2733 2710
f 2710 2733 2718
f 2732 2719 2737
f 2737 2719 2736
f 2738 2739 2735
f 2735 2739 2736
f 2739 2740 2736
f 2736 2740 2737
f 2741 2742 2738
f 2738 2742 2739
f 2738 2743 2741
f 2741 2743 2744
f 2740 2739 2745
f 2745 2739 2742
f 2735 2734 2738
f 2738 2734 2743
f 2713 2743 2712
f 2712 2743 2734
f 2737 2746 2732
f 2732 2746 2747
f 2732 2747 2730
f 2730 2747 2731
f 2718 2728 2748
f 2748 2728 2727
f 2749 2750 2727
f 2727 2750 2748
f 2748 2751 2718
f 2718 2751 2717
f 2750 2752 2748
f 2748 2752 2751
f 2750 2749 2754
f 2754 2749 2753
f 2731 2747 2753
f 2753 2747 2754
f 2727 2725 2749
f 2749 2725 2729
f 2749 2729 2753
f 2753 2729 2731
f 2702 2755 2703
f 2703 2755 2713
f 2706 2716 2701
f 2701 2716 2756
f 2755 2702 2756
f 2756 2702 2701
f 2756 2757 2755
f 2755 2757 2744
f 2757 2758 2744
f 2744 2758 2741
f 2759 2757 2716
f 2716 2757 2756
f 2743 2713 2744
f 2744 2713 2755
f 2760 2759 2715
f 2715 2759 2716
f 2715 2714 2760
f 2760 2714 2717
f 2760 2717 2761
f 2761 2717 2751
f 2761 2762 2760
f 2760 2762 2759
f 2763 2764 2761
f 2761 2764 2762
f 2762 2758 2759
f 2759 2758 2757
f 2758 2762 2765
f 2765 2762 2764
f 2752 2763 2751
f 2751 2763 2761
f 2763 2752 2766
f 2766 2752 2767
f 2768 2769 2766
f 2766 2769 2770
f 2764 2763 2770
f 2770 2763 2766
f 2766 2767 2768
f 2768 2767 2746
f 2747 2746 2754
f 2754 2746 2767
f 2752 2750 2767
f 2767 2750 2754
f 2758 2765 2741
f 2741 2765 2742
f 2769 2745 2765
f 2765 2745 2742
f 2769 2765 2770
f 2770 2765 2764
f 2768 2740 2769
f 2769 2740 2745
f 2746 2737 2768
f 2768 2737 2740
f 2201 2212 2200
f 2200 2212 2214
f 2201 2202 2212
f 2212 2202 2185
f 2512 2581 2191
f 2191 2581 2192
f 2059 2290 2056
f 2056 2290 2272
f 2174 2199 2294
f 2294 2199 2278
f 2063 2175 2194
f 2194 2175 2291
f 2192 2581 2133
f 2133 2581 2490
f 2133 2132 2192
f 2192 2132 2189
f 2054 2276 2055
f 2055 2276 2138
f 2083 2279 2084
f 2084 2279 2771
f 2771 2279 2599
f 2599 2279 2596
f 2606 2772 2599
f 2599 2772 2771
f 2772 2773 2771
f 2771 2773 2084
f 2773 2774 2084
f 2084 2774 2085
f 2085 2775 2082
f 2082 2775 2144
f 2774 2078 2085
f 2085 2078 2775
f 2078 2774 2079
f 2079 2774 2776
f 2774 2773 2776
f 2776 2773 2777
f 2773 2772 2777
f 2777 2772 2778
f 2190 2189 2609
f 2609 2189 2778
f 2053 2052 2779
f 2779 2052 2181
f 2144 2775 2081
f 2081 2775 2078
f 2294 2153 2174
f 2174 2153 2175
f 2132 2276 2189
f 2189 2276 2778
f 2606 2609 2772
f 2772 2609 2778
f 2195 2613 2698
f 2698 2613 2612
f 2596 2279 2698
f 2698 2279 2195
f 2054 2777 2276
f 2276 2777 2778
f 2777 2054 2776
f 2776 2054 2053
f 2053 2779 2776
f 2776 2779 2079
f 2779 2181 2079
f 2079 2181 2080
f 2181 2239 2080
f 2080 2239 2240
f 2122 2256 2014
f 2042 1982 2076
f 2076 1982 2007
f 1982 1985 2007
f 2007 1985 2008
f 2095 2097 2265
f 2265 2097 2266
f 2076 2050 2042
f 2042 2050 2047
f 2046 2043 2047
f 2047 2043 2042
f 2118 1993 2046
f 2046 1993 2043
f 1995 1994 2118
f 2118 1994 1993
f 2267 1992 2011
f 2011 1992 2012
f 1997 2012 1994
f 1994 2012 1992
f 2226 2013 1997
f 1997 2013 2012
f 2225 2087 2226
f 2226 2087 2013
f 2225 2232 2087
f 2087 2232 2288
f 2232 2070 2288
f 2288 2070 2252
f 2070 2025 2252
f 2252 2025 2253
f 1988 2249 2025
f 2025 2249 2253
f 2116 2115 2267
f 2267 2115 2268
f 2096 1984 2237
f 2237 1984 1991
f 2095 1985 2096
f 2096 1985 1984
f 2265 2008 2095
f 2095 2008 1985
f 2092 2009 2265
f 2265 2009 2008
f 2091 2286 2092
f 2092 2286 2009
f 2255 2238 2091
f 2091 2238 2286
f 2256 2239 2255
f 2255 2239 2238
f 2122 2240 2256
f 2256 2240 2239
f 2121 2241 2122
f 2122 2241 2240
f 2022 2018 2097
f 2097 2018 2266
f 2022 2024 2018
f 2018 2024 2019
f 2024 2072 2019
f 2019 2072 2073
f 2072 2228 2073
f 2073 2228 2230
f 2228 2184 2230
f 2230 2184 2183
f 2121 2285 2241
f 2241 2285 2258
f 2285 2036 2258
f 2258 2036 2257
f 2177 2145 2193
f 2193 2145 2257
f 2173 2193 2196
f 2196 2193 2037
f 2036 2037 2257
f 2257 2037 2193
f 2196 2037 2066
f 2066 2037 2035
f 2061 2108 2034
f 2034 2108 2067
f 2108 2208 2067
f 2067 2208 2204
f 2208 2210 2204
f 2204 2210 2203
f 2210 2280 2203
f 2203 2280 2186
f 2183 2186 2235
f 2235 2186 2280
f 1987 2114 1988
f 1988 2114 2249
f 2237 2115 1987
f 1987 2115 2114
f 1991 2268 2237
f 2237 2268 2115
f 1991 1990 2268
f 2268 1990 1992
f 107 110 2781
f 2781 110 2780
f 117 2782 118
f 118 2782 2783
f 119 2784 120
f 120 2784 2785
f 125 2786 126
f 126 2786 2787
f 127 2788 128
f 128 2788 2789
f 127 132 2788
f 2788 132 2790
f 231 230 2792
f 2792 230 2791
f 118 2783 119
f 119 2783 2784
f 241 243 2794
f 2794 243 2793
f 2781 2795 107
f 107 2795 352
f 120 2785 437
f 437 2785 2796
f 126 2787 110
f 110 2787 2780
f 455 2797 456
f 456 2797 2798
f 128 2789 457
f 457 2789 2799
f 456 2798 117
f 117 2798 2782
f 2794 2797 241
f 241 2797 455
f 457 2799 125
f 125 2799 2786
f 132 231 2790
f 2790 231 2792
f 230 437 2791
f 2791 437 2796
f 2792 2789 2790
f 2790 2789 2788
f 2785 2784 2801
f 2801 2784 2800
f 2786 2802 2787
f 2787 2802 2803
f 2792 2791 2805
f 2805 2791 2804
f 2784 2783 2800
f 2800 2783 2806
f 2785 2801 2796
f 2796 2801 2807
f 2787 2803 2780
f 2780 2803 2808
f 2789 2809 2799
f 2799 2809 2810
f 2799 2810 2786
f 2786 2810 2802
f 2791 2796 2804
f 2804 2796 2807
f 2789 2792 2809
f 2809 2792 2805
f 2812 2797 2811
f 2811 2797 2794
f 2809 2805 2810
f 2810 2805 2804
f 2810 2804 2802
f 2802 2804 2807
f 2802 2807 2803
f 2803 2807 2801
f 2808 2803 2800
f 2800 2803 2801
f 2814 699 2813
f 2813 699 698
f 2808 2815 2780
f 2780 2815 2781
f 2817 2782 2816
f 2816 2782 2798
f 2815 2818 2781
f 2781 2818 2795
f 2797 2812 2798
f 2798 2812 2816
f 2783 2782 2806
f 2806 2782 2817
f 2800 2806 2808
f 2808 2806 2815
f 2794 2793 2811
f 2811 2793 2819
f 174 201 384
f 384 201 362
f 200 1766 390
f 390 1766 1777
f 1777 1778 390
f 390 1778 398
f 1778 361 398
f 398 361 222
f 2820 2821 628
f 628 2821 629
f 1406 2820 790
f 790 2820 628
f 794 1415 1233
f 1233 1415 1234
f 1406 790 1407
f 1407 790 1312
f 1407 1312 2822
f 2822 1312 1316
f 2823 1380 1543
f 1543 1380 1379
f 1385 1738 1382
f 1382 1738 1383
f 1381 791 1382
f 1382 791 1386
f 791 794 1386
f 1386 794 1233
f 1259 1390 1260
f 1260 1390 1389
f 1905 1542 1394
f 1394 1542 1395
f 1410 1413 1397
f 1397 1413 1398
f 2821 1410 629
f 629 1410 1397
f 2823 2822 1380
f 1380 2822 1316
f 1392 1395 1378
f 1378 1395 1379
f 1738 1399 1383
f 1383 1399 1398
f 1388 1235 1389
f 1389 1235 1234
f 1393 1391 1394
f 1394 1391 1390
f 1381 1384 779
f 779 1384 780
f 1282 788 792
f 792 788 793
f 1431 1262 1432
f 1432 1262 1261
f 1400 1342 1408
f 1408 1342 1409
f 1508 1544 1411
f 1411 1544 1412
f 788 787 793
f 793 787 1414
f 2821 2820 1429
f 1429 2820 1430
f 2822 2823 1506
f 1506 2823 1507
f 778 1282 779
f 779 1282 792
f 2820 1406 1430
f 1430 1406 1409
f 1410 2821 1411
f 1411 2821 1429
f 1407 2822 1408
f 1408 2822 1506
f 1544 781 1412
f 1412 781 780
f 1260 1415 1261
f 1261 1415 1414
f 1334 2824 923
f 923 2824 924
f 2826 1268 2825
f 2825 1268 1267
f 769 1212 2827
f 2827 1212 2828
f 1492 1190 1266
f 1266 1190 1267
f 1488 2829 1489
f 1489 2829 2830
f 922 1329 923
f 923 1329 1328
f 1484 2831 1485
f 1485 2831 2832
f 1482 2833 1485
f 1485 2833 1486
f 1324 1493 1489
f 1489 1493 1490
f 1265 1491 1266
f 1266 1491 1490
f 2835 2836 2834
f 2834 2836 2837
f 1250 2838 2827
f 2827 2838 2839
f 1488 1491 2840
f 2840 1491 2841
f 1268 2826 2842
f 2842 2826 2843
f 2844 2845 1495
f 1495 2845 1496
f 1427 2847 2846
f 2846 2847 926
f 2829 1488 2848
f 2848 1488 2840
f 1329 922 2849
f 2849 922 927
f 2850 2851 768
f 768 2851 1213
f 1265 1268 2852
f 2852 1268 2842
f 1491 1265 2841
f 2841 1265 2852
f 2854 2855 2853
f 2853 2855 2856
f 2855 2857 2856
f 2856 2857 598
f 2857 2858 598
f 598 2858 595
f 2858 2859 595
f 595 2859 626
f 649 652 2860
f 2860 652 2861
f 639 642 2862
f 2862 642 2863
f 2864 705 2862
f 2862 705 639
f 2865 1418 2864
f 2864 1418 705
f 2866 2867 2865
f 2865 2867 1418
f 1760 1348 1761
f 1761 1348 2867
f 1764 2868 1197
f 1197 2868 1198
f 2869 611 2868
f 2868 611 1198
f 2870 612 2869
f 2869 612 611
f 1352 1350 944
f 944 1350 688
f 1350 1256 688
f 688 1256 685
f 1256 1255 685
f 685 1255 692
f 1255 2871 692
f 692 2871 2872
f 701 2873 698
f 698 2873 2813
f 2872 1349 692
f 692 1349 693
f 1696 1744 1574
f 1574 1744 1575
f 1753 1618 1577
f 1577 1618 1578
f 1729 1594 1608
f 1608 1594 1609
f 1725 1630 1611
f 1611 1630 1612
f 1604 1607 1625
f 1625 1607 1626
f 1624 1703 1625
f 1625 1703 1912
f 1703 1702 1912
f 1912 1702 1913
f 1702 1753 1913
f 1913 1753 1577
f 1598 1569 1915
f 1915 1569 1578
f 1616 1615 1915
f 1915 1615 1916
f 1615 1696 1916
f 1916 1696 1574
f 1744 1745 1575
f 1575 1745 1917
f 1745 1565 1917
f 1917 1565 1609
f 1568 1725 1608
f 1608 1725 1611
f 2874 1613 1918
f 1918 1613 1612
f 1607 2874 1626
f 1626 2874 1918
f 1610 1613 1562
f 1562 1613 1563
f 1547 1550 1570
f 1570 1550 1571
f 1573 1576 1580
f 1580 1576 1581
f 1553 1556 1595
f 1595 1556 1596
f 1556 1582 1596
f 1596 1582 1581
f 1551 1547 1599
f 1599 1547 1570
f 1731 1914 1601
f 1601 1914 1602
f 1686 1689 1605
f 1605 1689 1606
f 1598 1743 1599
f 1599 1743 1692
f 2874 1607 1723
f 1723 1607 1606
f 1727 1553 1730
f 1730 1553 1595
f 1600 1686 1601
f 1601 1686 1605
f 1914 1572 1602
f 1602 1572 1571
f 1579 1693 1580
f 1580 1693 1692
f 1613 2874 1563
f 1563 2874 1723
f 1561 1727 1562
f 1562 1727 1730
f 1949 1742 1548
f 1548 1742 1549
f 1694 1949 1552
f 1552 1949 1548
f 1954 1589 1554
f 1554 1589 1555
f 1693 1579 1558
f 1558 1579 1559
f 1561 1564 1584
f 1584 1564 1585
f 1582 1556 1588
f 1588 1556 1555
f 1600 1603 1591
f 1591 1603 1592
f 1981 1977 1687
f 1687 1977 1688
f 1564 1722 1585
f 1585 1722 1690
f 1551 1693 1552
f 1552 1693 1558
f 1751 1954 1728
f 1728 1954 1554
f 1590 1981 1591
f 1591 1981 1687
f 1603 1550 1592
f 1592 1550 1549
f 1977 1691 1688
f 1688 1691 1690
f 1587 1560 1588
f 1588 1560 1559
f 1727 1561 1728
f 1728 1561 1584
f 2875 1919 1947
f 1947 1919 1948
f 1557 1560 1952
f 1952 1560 1953
f 1933 1932 1955
f 1955 1932 1956
f 1587 1589 1958
f 1958 1589 1956
f 1959 1933 1965
f 1965 1933 1955
f 1961 1964 1966
f 1966 1964 1967
f 1981 1590 1969
f 1969 1590 1967
f 1742 1949 1972
f 1972 1949 1948
f 1593 1742 1966
f 1966 1742 1972
f 1957 1950 1958
f 1958 1950 1953
f 1583 1586 1974
f 1974 1586 1975
f 1940 1943 1978
f 1978 1943 1979
f 1943 1976 1979
f 1979 1976 1975
f 1951 2875 1952
f 1952 2875 1947
f 1968 1940 1969
f 1969 1940 1978
f 1973 1959 1974
f 1974 1959 1965
f 1923 1971 1920
f 1920 1971 1921
f 1919 2875 1920
f 1920 2875 1924
f 2875 1951 1924
f 1924 1951 1926
f 1950 1957 1929
f 1929 1957 1930
f 2244 2243 1934
f 1934 2243 1935
f 1973 1976 1937
f 1937 1976 1938
f 1944 1980 1941
f 1941 1980 1942
f 1940 1968 1941
f 1941 1968 1945
f 2287 2244 1960
f 1960 2244 1934
f 1970 2245 1962
f 1962 2245 1963
f 2243 1931 1935
f 1935 1931 1930
f 1927 1926 1928
f 1928 1926 1929
f 1961 1922 1962
f 1962 1922 1921
f 2245 1946 1963
f 1963 1946 1945
f 1976 1943 1938
f 1938 1943 1942
f 1936 2287 1937
f 1937 2287 1960
f 743 1238 608
f 608 1238 609
f 607 1811 608
f 608 1811 744
f 1304 2876 1305
f 1305 2876 2877
f 586 585 1298
f 1298 585 1299
f 585 702 1299
f 1299 702 1300
f 702 1428 1300
f 1300 1428 1301
f 1238 586 609
f 609 586 1298
f 2878 2879 1218
f 1218 2879 2877
f 2880 2881 1812
f 1812 2881 1819
f 2883 1821 2882
f 2882 1821 1820
f 2840 2841 620
f 620 2841 621
f 2842 2843 795
f 795 2843 796
f 892 895 2844
f 2844 895 2845
f 2848 2840 942
f 942 2840 620
f 2849 927 1202
f 1202 927 1203
f 2852 2842 1270
f 1270 2842 795
f 2841 2852 621
f 621 2852 1270
f 941 1759 942
f 942 1759 2884
f 659 929 1427
f 1427 929 2847
f 1237 2851 751
f 751 2851 2850
f 1216 2885 1217
f 1217 2885 1754
f 2887 734 2886
f 2886 734 733
f 2889 1816 2888
f 2888 1816 1815
f 2890 1245 2889
f 2889 1245 1816
f 1824 2891 1825
f 1825 2891 1246
f 2892 2893 2895
f 2895 2893 2894
f 1854 1833 1851
f 1851 1833 1832
f 1851 1832 1884
f 1884 1832 1876
f 1884 1876 1441
f 1441 1876 1443
f 1441 1443 1442
f 1442 1443 1446
f 1442 1446 2896
f 2896 1446 1507
f 2897 2823 2898
f 2898 2823 1543
f 1542 2899 1543
f 1543 2899 2898
f 1542 1905 2899
f 2899 1905 2900
f 1905 1259 2900
f 2900 1259 2901
f 1262 1431 2902
f 2902 1431 1904
f 1431 1434 1904
f 1904 1434 1902
f 1902 1434 2903
f 2903 1434 719
f 2903 719 2904
f 2904 719 718
f 1869 1881 718
f 718 1881 2904
f 1881 1869 1880
f 1880 1869 756
f 1880 756 2905
f 2905 756 755
f 2905 755 2906
f 2906 755 758
f 762 2907 763
f 763 2907 2908
f 724 723 2909
f 2909 723 894
f 796 895 723
f 723 895 894
f 2843 2845 796
f 796 2845 895
f 2826 1496 2843
f 2843 1496 2845
f 2825 1497 2826
f 2826 1497 1496
f 1189 2836 2825
f 2825 2836 1497
f 797 891 798
f 798 891 2837
f 802 888 797
f 797 888 891
f 2910 2911 2913
f 2913 2911 2912
f 1780 1783 2915
f 2915 1783 2914
f 2916 2917 831
f 831 2917 832
f 2918 2919 845
f 845 2919 846
f 2920 2916 847
f 847 2916 831
f 2921 2922 857
f 857 2922 858
f 2923 2924 860
f 860 2924 861
f 2919 2912 846
f 846 2912 887
f 2925 2920 940
f 940 2920 847
f 2924 2926 861
f 861 2926 1204
f 2917 2918 832
f 832 2918 845
f 2927 2928 1449
f 1449 2928 1450
f 2929 2930 889
f 889 2930 2931
f 2896 1507 2897
f 2897 1507 2823
f 2902 2901 1262
f 1262 2901 1259
f 2932 2933 750
f 750 2933 1236
f 2933 2934 1236
f 1236 2934 1835
f 2936 2937 2935
f 2935 2937 2938
f 2940 2941 2939
f 2939 2941 2942
f 2943 2944 1841
f 1841 2944 1842
f 2945 1860 2944
f 2944 1860 1842
f 2945 2946 1860
f 1860 2946 1859
f 1889 2947 1890
f 1890 2947 1856
f 1856 2947 1857
f 1857 2947 2948
f 2950 709 2949
f 2949 709 1829
f 2952 730 2951
f 2951 730 729
f 2866 2953 2867
f 2867 2953 1761
f 2953 2954 1761
f 1761 2954 1420
f 2954 2955 1420
f 1420 2955 742
f 2955 2956 742
f 742 2956 739
f 2956 2957 739
f 739 2957 760
f 2957 2958 760
f 760 2958 761
f 2958 2959 761
f 761 2959 2960
f 2959 2961 2960
f 2960 2961 2962
f 2963 2964 1839
f 1839 2964 1840
f 2964 2965 1840
f 1840 2965 2942
f 2966 2950 2939
f 2939 2950 2949
f 2935 2967 2936
f 2936 2967 2968
f 2969 2970 736
f 736 2970 735
f 734 2887 1815
f 1815 2887 2888
f 2887 2882 2888
f 2888 2882 2881
f 1819 1820 1817
f 1817 1820 748
f 1195 1757 1197
f 1197 1757 1424
f 1757 647 1424
f 1424 647 646
f 647 648 646
f 646 648 643
f 648 1271 643
f 643 1271 737
f 1271 725 737
f 737 725 765
f 725 724 765
f 765 724 762
f 762 724 2907
f 2907 724 2909
f 1254 1437 2909
f 2909 1437 2907
f 1438 1253 1836
f 1836 1253 1835
f 1836 1835 2938
f 2938 1835 2934
f 2971 2972 2935
f 2935 2972 2967
f 897 896 2969
f 2969 896 2970
f 1815 1814 734
f 734 1814 731
f 728 1215 896
f 896 1215 732
f 2885 1216 733
f 733 1216 2886
f 1216 1219 2886
f 2886 1219 2883
f 2876 1304 1821
f 1821 1304 749
f 1304 1303 749
f 749 1303 746
f 1818 2973 1817
f 1817 2973 1810
f 747 2974 1818
f 1818 2974 2973
f 747 746 2974
f 2974 746 1303
f 2976 2977 2975
f 2975 2977 2978
f 2976 2979 2901
f 2901 2979 2900
f 2980 2981 2982
f 2982 2981 2979
f 2981 2980 2983
f 2983 2980 2984
f 2985 2897 2983
f 2983 2897 2898
f 2987 2988 2986
f 2986 2988 2985
f 2896 2988 1442
f 1442 2988 1439
f 1903 2977 1904
f 1904 2977 2902
f 1856 1855 1890
f 1890 1855 2989
f 2989 2990 1890
f 1890 2990 1359
f 2990 2991 1359
f 1359 2991 1356
f 2946 2992 1859
f 1859 2992 1893
f 2992 2993 1893
f 1893 2993 775
f 2993 2994 775
f 775 2994 776
f 2986 1356 2987
f 2987 1356 2991
f 2975 2978 776
f 776 2978 777
f 2982 2994 2980
f 2980 2994 2995
f 1357 2984 2995
f 2995 2984 2980
f 2995 2996 1357
f 1357 2996 1358
f 2996 2997 1358
f 1358 2997 1889
f 2998 2999 2932
f 2932 2999 2933
f 2999 2971 2933
f 2933 2971 2934
f 1837 1836 2937
f 2937 1836 2938
f 2943 1841 2941
f 2941 1841 1838
f 3001 2944 3000
f 3000 2944 2943
f 3001 3002 2944
f 2944 3002 2945
f 3002 3003 2945
f 2945 3003 2946
f 2997 3003 1889
f 1889 3003 2947
f 2947 3003 2948
f 2948 3003 3002
f 3001 3004 3002
f 3002 3004 2948
f 3000 3005 3001
f 3001 3005 3004
f 2940 3006 3000
f 3000 3006 3005
f 2999 3007 2971
f 2971 3007 2972
f 2998 2951 2999
f 2999 2951 3007
f 3008 2952 2998
f 2998 2952 2951
f 2966 2965 2936
f 2936 2965 2937
f 2935 2938 2971
f 2971 2938 2934
f 3003 2997 2946
f 2946 2997 2992
f 2997 2996 2992
f 2992 2996 2993
f 2996 2995 2993
f 2993 2995 2994
f 1356 2986 1357
f 1357 2986 2984
f 2982 2975 2994
f 2994 2975 776
f 1844 1843 1899
f 1899 1843 3009
f 1843 638 3009
f 3009 638 3010
f 638 637 3010
f 3010 637 3011
f 637 1830 3011
f 3011 1830 3012
f 1830 1833 3012
f 3012 1833 2894
f 1833 1854 2894
f 2894 1854 2895
f 1854 1853 2895
f 2895 1853 1888
f 1858 1857 1885
f 1885 1857 1892
f 1899 3009 1898
f 1898 3009 1874
f 3009 3010 1874
f 1874 3010 1865
f 3010 3011 1865
f 1865 3011 1862
f 3011 3012 1862
f 1862 3012 1882
f 3012 2894 1882
f 1882 2894 2893
f 1850 2890 782
f 782 2890 2889
f 783 2880 1811
f 1811 2880 1812
f 744 1810 745
f 745 1810 2973
f 745 2973 805
f 805 2973 806
f 2973 2974 806
f 806 2974 815
f 1303 812 2974
f 2974 812 815
f 1303 1302 812
f 812 1302 1221
f 1307 3013 1302
f 1302 3013 1221
f 1734 3014 1633
f 1633 3014 1634
f 1646 1649 1636
f 1636 1649 1637
f 1654 1657 1641
f 1641 1657 1642
f 1639 1736 1636
f 1636 1736 1684
f 1716 1713 1698
f 1698 1713 1699
f 1718 1721 1705
f 1705 1721 1706
f 1653 1654 1709
f 1709 1654 1641
f 1620 1623 1714
f 1714 1623 1699
f 1712 1682 1714
f 1714 1682 1740
f 1668 1671 1746
f 1746 1671 1747
f 1752 1650 1749
f 1749 1650 1750
f 1750 1650 1709
f 1709 1650 1653
f 1632 1668 1633
f 1633 1668 1746
f 1649 1752 1637
f 1637 1752 1749
f 1682 1643 1740
f 1740 1643 1642
f 3014 1685 1634
f 1634 1685 1684
f 1704 1748 1705
f 1705 1748 1747
f 1697 1707 1698
f 1698 1707 1706
f 1739 1701 1621
f 1621 1701 1622
f 1567 1566 1647
f 1647 1566 1648
f 1664 1695 1651
f 1651 1695 1652
f 1614 1617 1655
f 1655 1617 1656
f 1704 1707 1659
f 1659 1707 1660
f 3014 1734 1662
f 1662 1734 1663
f 1650 1752 1651
f 1651 1752 1665
f 1741 1657 1667
f 1667 1657 1656
f 1695 1614 1652
f 1652 1614 1655
f 1724 1567 1726
f 1726 1567 1647
f 1645 1628 1733
f 1733 1628 1663
f 1685 3014 1726
f 1726 3014 1662
f 1620 1741 1621
f 1621 1741 1667
f 1566 1666 1648
f 1648 1666 1665
f 1658 1737 1659
f 1659 1737 1901
f 1911 1661 1910
f 1910 1661 1660
f 1701 1911 1622
f 1622 1911 1910
f 1732 1748 1733
f 1733 1748 1901
f 1857 2948 1892
f 1892 2948 3004
f 1892 3004 1891
f 1891 3004 3005
f 1828 3006 1829
f 1829 3006 2949
f 2967 736 2968
f 2968 736 710
f 2972 2969 2967
f 2967 2969 736
f 2969 2972 897
f 897 2972 3007
f 897 3007 729
f 729 3007 2951
f 3016 753 3015
f 3015 753 752
f 3018 767 3017
f 3017 767 766
f 3019 3020 1249
f 1249 3020 3021
f 2915 2914 3019
f 3019 2914 3020
f 3023 2914 3022
f 3022 2914 1783
f 2827 2839 769
f 769 2839 766
f 3025 2838 3024
f 3024 2838 3021
f 768 767 2850
f 2850 767 3026
f 2850 3026 751
f 751 3026 752
f 750 753 2932
f 2932 753 3027
f 3008 2998 3027
f 3027 2998 2932
f 3028 3029 3008
f 3008 3029 2952
f 3029 3030 2952
f 2952 3030 730
f 3032 3033 3031
f 3031 3033 3034
f 3036 3037 3035
f 3035 3037 3038
f 2870 3039 612
f 612 3039 3040
f 3041 3042 3031
f 3031 3042 3038
f 3034 1352 3043
f 3043 1352 944
f 612 3040 613
f 613 3040 3044
f 613 3044 1425
f 1425 3044 1422
f 3045 3042 669
f 669 3042 670
f 3041 3043 599
f 599 3043 600
f 772 771 1544
f 1544 771 781
f 1503 771 1866
f 1866 771 770
f 771 1503 781
f 781 1503 778
f 61 281 416
f 416 281 1907
f 283 103 3046
f 3046 103 3047
f 76 79 3048
f 3048 79 3049
f 280 76 1906
f 1906 76 3048
f 3051 335 3050
f 3050 335 334
f 3053 417 3052
f 3052 417 416
f 3055 435 3054
f 3054 435 434
f 428 435 419
f 419 435 1908
f 420 1909 293
f 293 1909 443
f 79 294 3049
f 3049 294 444
f 3057 444 3056
f 3056 444 443
f 3051 3058 335
f 335 3058 452
f 216 215 1332
f 1332 215 452
f 308 283 462
f 462 283 3046
f 3050 334 3059
f 3059 334 462
f 103 62 3047
f 3047 62 417
f 313 312 434
f 434 312 463
f 3061 574 3060
f 3060 574 573
f 1310 3062 1428
f 1428 3062 3063
f 1258 3064 1255
f 1255 3064 2871
f 932 3065 2853
f 2853 3065 3066
f 699 2814 931
f 931 2814 3067
f 3068 1301 3063
f 3063 1301 1428
f 571 574 1310
f 1310 574 3062
f 3060 573 3069
f 3069 573 1332
f 3070 3071 1906
f 1906 3071 1907
f 3072 3073 1908
f 1908 3073 1909
f 3075 2814 3074
f 3074 2814 2813
f 2854 3076 1258
f 1258 3076 3064
f 2871 3077 2872
f 2872 3077 3078
f 3074 2813 3079
f 3079 2813 2873
f 2872 3078 1349
f 1349 3078 3080
f 2873 701 3068
f 3068 701 1301
f 1330 1201 3080
f 3080 1201 1349
f 1264 1263 3081
f 3081 1263 3082
f 3083 3084 3082
f 3082 3084 3081
f 811 1448 3086
f 3086 1448 3085
f 808 811 3087
f 3087 811 3086
f 3088 3083 833
f 833 3083 3082
f 884 3089 885
f 885 3089 3090
f 3087 1790 808
f 808 1790 816
f 1790 3087 1787
f 1787 3087 3091
f 3092 3091 3086
f 3086 3091 3087
f 3093 3094 3084
f 3084 3094 3095
f 3089 3096 3090
f 3090 3096 3088
f 3097 3093 3083
f 3083 3093 3084
f 3099 3100 3098
f 3098 3100 1786
f 3101 1788 2913
f 2913 1788 3102
f 838 837 885
f 885 837 886
f 886 837 3103
f 3103 837 1541
f 3094 3093 3104
f 3104 3093 3097
f 3105 3106 3089
f 3089 3106 3096
f 3108 3109 3107
f 3107 3109 3110
f 3111 3112 3091
f 3091 3112 1787
f 3114 3108 3113
f 3113 3108 3107
f 3114 3115 3112
f 3112 3115 3102
f 3091 3092 3111
f 3111 3092 3116
f 839 838 835
f 835 838 836
f 885 3090 838
f 838 3090 836
f 3110 3117 1247
f 1247 3117 3118
f 1247 3118 1248
f 1248 3118 3119
f 3120 3121 3119
f 3119 3121 1248
f 1247 844 3110
f 3110 844 3107
f 844 843 3107
f 3107 843 3113
f 843 3099 3113
f 3113 3099 3122
f 1781 3123 3098
f 3098 3123 3124
f 2915 2931 1780
f 1780 2931 2930
f 3019 3125 2915
f 2915 3125 2931
f 890 3125 2834
f 2834 3125 1252
f 3125 3019 1252
f 1252 3019 1249
f 907 908 946
f 946 908 947
f 1185 1188 1369
f 1369 1188 948
f 954 957 951
f 951 957 952
f 910 965 953
f 953 965 950
f 905 958 960
f 960 958 961
f 3126 978 949
f 949 978 962
f 936 935 967
f 967 935 968
f 994 993 969
f 969 993 966
f 902 904 971
f 971 904 972
f 983 985 973
f 973 985 970
f 906 905 974
f 974 905 960
f 977 981 959
f 959 981 975
f 911 910 1143
f 1143 910 953
f 952 957 1142
f 1142 957 1145
f 911 1143 1366
f 1366 1143 1368
f 1185 1369 1145
f 1145 1369 1142
f 993 1519 966
f 966 1519 1456
f 965 1454 950
f 950 1454 1457
f 900 899 1459
f 1459 899 1460
f 988 991 1461
f 1461 991 1458
f 899 963 1460
f 1460 963 1462
f 985 987 970
f 970 987 1463
f 904 906 972
f 972 906 974
f 981 983 975
f 975 983 973
f 935 900 968
f 968 900 1459
f 991 994 1458
f 1458 994 969
f 1154 1526 1088
f 1088 1526 1089
f 1109 1112 1092
f 1092 1112 1093
f 1083 1098 1084
f 1084 1098 1097
f 1078 1471 1100
f 1100 1471 1101
f 1075 1078 1104
f 1104 1078 1100
f 1152 1154 1156
f 1156 1154 1088
f 1156 1155 1372
f 1372 1155 1373
f 1372 1373 1104
f 1104 1373 1075
f 1467 1109 1465
f 1465 1109 1092
f 1465 1182 1468
f 1468 1182 1184
f 1474 1470 1096
f 1096 1470 1097
f 1102 1101 1083
f 1083 1101 1098
f 1112 1531 1093
f 1093 1531 1529
f 1102 1073 1099
f 1099 1073 1072
f 1526 1154 1079
f 1079 1154 1080
f 1081 1091 1082
f 1082 1091 1094
f 1069 1068 1085
f 1085 1068 1086
f 1153 1151 1080
f 1080 1151 1058
f 1371 1177 1179
f 1179 1177 1176
f 1099 1072 1103
f 1103 1072 1176
f 1068 1071 1086
f 1086 1071 1073
f 1085 1084 1180
f 1180 1084 1469
f 1066 1065 1183
f 1183 1065 1181
f 1153 1152 1177
f 1177 1152 1178
f 1091 1081 1182
f 1182 1081 1183
f 1057 1525 1079
f 1079 1525 1527
f 1120 1117 1076
f 1076 1117 1077
f 1087 1090 1107
f 1107 1090 1108
f 1127 1126 1110
f 1110 1126 1111
f 1095 1116 1096
f 1096 1116 1115
f 1471 1078 1119
f 1119 1078 1077
f 1087 1107 1155
f 1155 1107 1158
f 1376 1374 1157
f 1157 1374 1158
f 1076 1075 1374
f 1374 1075 1373
f 1109 1467 1110
f 1110 1467 1472
f 1467 1466 1472
f 1472 1466 1473
f 1135 1475 1114
f 1114 1475 1115
f 1471 1119 1095
f 1095 1119 1116
f 1126 1532 1111
f 1111 1532 1530
f 914 1276 1480
f 1480 1276 1517
f 3127 3128 1223
f 1223 3128 1224
f 824 933 1455
f 1455 933 3129
f 3131 1448 3130
f 3130 1448 1447
f 3132 3133 1452
f 1452 3133 1453
f 3130 1447 1322
f 1322 1447 1455
f 933 1514 3129
f 3129 1514 3134
f 1161 3135 1480
f 1480 3135 1481
f 3128 3136 1224
f 1224 3136 1499
f 3133 1162 1453
f 1453 1162 1517
f 1515 3127 1535
f 1535 3127 1223
f 3095 3085 3131
f 3131 3085 1448
f 3137 3092 3085
f 3085 3092 3086
f 3138 3116 3137
f 3137 3116 3092
f 3110 3109 3117
f 3117 3109 3139
f 3105 3140 3117
f 3117 3140 3118
f 3140 3141 3118
f 3118 3141 3119
f 3142 3120 3141
f 3141 3120 3119
f 1498 3143 1277
f 1277 3143 882
f 3144 3145 1340
f 1340 3145 1339
f 1340 3146 3144
f 3144 3146 3147
f 3145 3144 3143
f 3143 3144 3148
f 871 901 872
f 872 901 1362
f 3149 3148 3147
f 3147 3148 3144
f 1208 3150 1209
f 3098 1786 1781
f 1781 1786 1782
f 2930 2929 3123
f 3123 2929 2911
f 1794 1791 2916
f 2916 1791 2917
f 1793 3101 2918
f 2918 3101 2919
f 1796 1794 2920
f 2920 1794 2916
f 3151 3152 2921
f 2921 3152 2922
f 3153 3154 2923
f 2923 3154 2924
f 2919 3101 2912
f 2912 3101 2913
f 3155 1796 2925
f 2925 1796 2920
f 3154 3156 2924
f 2924 3156 2926
f 1791 1793 2917
f 2917 1793 2918
f 3157 3158 2927
f 2927 3158 2928
f 1780 2930 1781
f 1781 2930 3123
f 2825 1267 1189
f 1189 1267 1190
f 2827 2828 1250
f 1250 2828 1251
f 1489 2830 1324
f 1324 2830 1325
f 923 1328 1334
f 1334 1328 1335
f 1485 2832 1482
f 1482 2832 1483
f 1266 1490 1492
f 1492 1490 1493
f 1333 1346 1334
f 1334 1346 2824
f 722 799 1492
f 1492 799 1190
f 664 657 1482
f 1482 657 2833
f 631 634 1324
f 1324 634 1493
f 2828 1494 1251
f 1251 1494 2835
f 1249 3021 1250
f 1250 3021 2838
f 798 2837 1189
f 1189 2837 2836
f 3100 842 3160
f 3160 842 3159
f 1788 3101 1789
f 1789 3101 1793
f 1792 816 1789
f 1789 816 1790
f 817 816 1795
f 1795 816 1792
f 938 817 1797
f 1797 817 1795
f 1796 3155 1797
f 1797 3155 1798
f 3155 3158 1798
f 1798 3158 1799
f 3157 3152 1801
f 1801 3152 1802
f 3151 3156 1803
f 1803 3156 1804
f 3154 3153 1805
f 1805 3153 1806
f 3153 3161 1806
f 1806 3161 1807
f 3099 843 3100
f 3100 843 842
f 1788 1787 3102
f 3102 1787 3112
f 2910 3115 3124
f 3124 3115 3122
f 3099 3098 3122
f 3122 3098 3124
f 416 1907 3052
f 3052 1907 3071
f 3046 3047 3163
f 3163 3047 3162
f 249 445 259
f 259 445 3164
f 425 3165 424
f 424 3165 461
f 408 410 329
f 329 410 330
f 39 331 40
f 40 331 332
f 305 304 423
f 423 304 464
f 385 254 458
f 458 254 392
f 250 415 251
f 251 415 412
f 233 337 234
f 234 337 3166
f 435 3055 1908
f 1908 3055 3072
f 443 1909 3056
f 3056 1909 3073
f 3167 3049 3057
f 3057 3049 444
f 452 3058 1332
f 1332 3058 3069
f 234 3166 346
f 346 3166 411
f 3046 3163 462
f 462 3163 3059
f 259 3164 260
f 260 3164 336
f 3047 417 3162
f 3162 417 3053
f 463 3168 434
f 434 3168 3054
f 454 830 425
f 425 830 3165
f 3062 3169 3063
f 3063 3169 3170
f 1355 1354 1534
f 1534 1354 3171
f 3063 3170 3068
f 3068 3170 3172
f 574 3061 3062
f 3062 3061 3169
f 1534 3171 1535
f 1535 3171 3173
f 3079 2873 3172
f 3172 2873 3068
f 2838 3025 2839
f 2839 3025 3174
f 3176 3177 3175
f 3175 3177 3178
f 3180 1125 3179
f 3179 1125 1128
f 3182 3183 3181
f 3181 3183 3184
f 1134 3185 1130
f 1130 3185 3182
f 3186 3187 3189
f 3189 3187 3188
f 3191 3189 3190
f 3190 3189 3188
f 1137 1122 3190
f 3190 1122 3192
f 3175 3178 3193
f 3193 3178 3194
f 3181 3184 3179
f 3179 3184 3195
f 3197 3198 3196
f 3196 3198 3180
f 3200 3178 3199
f 3199 3178 3177
f 3202 3196 3201
f 3201 3196 3195
f 3204 3184 3203
f 3203 3184 3183
f 3206 3207 3205
f 3205 3207 3186
f 3205 3186 3208
f 3208 3186 3189
f 3209 3208 3191
f 3191 3208 3189
f 3210 3194 3200
f 3200 3194 3178
f 3201 3195 3204
f 3204 3195 3184
f 3197 3211 3177
f 3177 3211 3199
f 3213 3214 3212
f 3212 3214 3215
f 3217 3218 3216
f 3216 3218 3219
f 3221 3222 3220
f 3220 3222 3223
f 3225 3226 3224
f 3224 3226 3227
f 3229 3230 3228
f 3228 3230 3231
f 3233 3234 3232
f 3232 3234 3235
f 3237 3238 3236
f 3236 3238 3239
f 3238 3240 3239
f 3239 3240 3241
f 3232 3235 3242
f 3242 3235 3243
f 3245 3246 3244
f 3244 3246 3247
f 3248 3249 3245
f 3245 3249 3246
f 3251 3252 3250
f 3250 3252 3253
f 3255 3252 3254
f 3254 3252 3251
f 3256 3257 3259
f 3259 3257 3258
f 3261 3262 3260
f 3260 3262 3263
f 3265 3263 3264
f 3264 3263 3262
f 3256 3259 3266
f 3266 3259 3267
f 3269 3270 3268
f 3268 3270 3271
f 3269 3272 3270
f 3270 3272 3273
f 3274 3275 3277
f 3277 3275 3276
f 3278 3279 3276
f 3276 3279 3277
f 3281 3282 3280
f 3280 3282 3283
f 3280 3284 3281
f 3281 3284 3285
f 3287 3288 3286
f 3286 3288 3289
f 3290 3291 3288
f 3288 3291 3289
f 3234 3218 3235
f 3235 3218 3217
f 3232 3292 3233
f 3233 3292 3293
f 3239 3294 3236
f 3236 3294 3219
f 3233 3293 3237
f 3237 3293 3295
f 3296 3294 3241
f 3241 3294 3239
f 3240 3238 3297
f 3297 3238 3298
f 3217 3216 3235
f 3235 3216 3243
f 3297 3299 3240
f 3240 3299 3242
f 3246 3300 3247
f 3247 3300 3223
f 3301 3302 3254
f 3254 3302 3244
f 3249 3303 3246
f 3246 3303 3300
f 3245 3304 3248
f 3248 3304 3292
f 3252 3221 3253
f 3253 3221 3220
f 3250 3248 3299
f 3299 3248 3292
f 3222 3221 3255
f 3255 3221 3252
f 3297 3301 3251
f 3251 3301 3254
f 3258 3214 3259
f 3259 3214 3213
f 3257 3256 3304
f 3304 3256 3305
f 3263 3306 3260
f 3260 3306 3215
f 3261 3257 3302
f 3302 3257 3304
f 3307 3306 3265
f 3265 3306 3263
f 3262 3301 3264
f 3264 3301 3308
f 3259 3213 3267
f 3267 3213 3212
f 3308 3309 3264
f 3264 3309 3266
f 3270 3310 3271
f 3271 3310 3231
f 3311 3312 3278
f 3278 3312 3268
f 3270 3273 3310
f 3310 3273 3313
f 3272 3269 3305
f 3305 3269 3314
f 3277 3229 3274
f 3274 3229 3228
f 3275 3272 3309
f 3309 3272 3305
f 3279 3230 3277
f 3277 3230 3229
f 3276 3308 3278
f 3278 3308 3311
f 3281 3315 3282
f 3282 3315 3227
f 3290 3316 3283
f 3283 3316 3317
f 3281 3285 3315
f 3315 3285 3318
f 3284 3280 3314
f 3314 3280 3319
f 3289 3225 3286
f 3286 3225 3224
f 3287 3284 3312
f 3284 3314 3312
f 3291 3226 3289
f 3289 3226 3225
f 3288 3311 3290
f 3290 3311 3316
f 3212 3215 3307
f 3307 3215 3306
f 3294 3296 3219
f 3219 3296 3216
f 3303 3220 3300
f 3300 3220 3223
f 3224 3227 3318
f 3318 3227 3315
f 3228 3231 3313
f 3313 3231 3310
f 3234 3233 3236
f 3236 3233 3237
f 3243 3241 3242
f 3242 3241 3240
f 3247 3255 3244
f 3244 3255 3254
f 3253 3249 3250
f 3250 3249 3248
f 3260 3258 3261
f 3261 3258 3257
f 3266 3267 3264
f 3264 3267 3265
f 3268 3271 3278
f 3278 3271 3279
f 3274 3273 3275
f 3275 3273 3272
f 3283 3282 3290
f 3290 3282 3291
f 3286 3285 3287
f 3287 3285 3284
f 3218 3234 3219
f 3219 3234 3236
f 3295 3298 3237
f 3237 3298 3238
f 3216 3296 3243
f 3243 3296 3241
f 3242 3299 3232
f 3232 3299 3292
f 3223 3222 3247
f 3247 3222 3255
f 3244 3302 3245
f 3245 3302 3304
f 3303 3249 3220
f 3220 3249 3253
f 3297 3251 3299
f 3299 3251 3250
f 3215 3214 3260
f 3260 3214 3258
f 3301 3262 3302
f 3302 3262 3261
f 3212 3307 3267
f 3267 3307 3265
f 3266 3309 3256
f 3256 3309 3305
f 3271 3231 3279
f 3279 3231 3230
f 3268 3312 3269
f 3269 3312 3314
f 3228 3313 3274
f 3274 3313 3273
f 3308 3276 3309
f 3309 3276 3275
f 3282 3227 3291
f 3291 3227 3226
f 3317 3319 3283
f 3283 3319 3280
f 3224 3318 3286
f 3286 3318 3285
f 3312 3311 3287
f 3311 3288 3287
f 3320 3321 3194
f 3194 3321 3193
f 1375 3321 1121
f 1121 3321 3322
f 3323 3324 3322
f 3322 3324 3192
f 3175 1124 3176
f 3176 1124 1123
f 3179 3195 3180
f 3180 3195 3196
f 3181 1131 3182
f 3182 1131 1130
f 3207 3185 3186
f 3186 3185 3187
f 1136 3188 1133
f 1133 3188 3187
f 3190 3188 1137
f 1137 3188 1136
f 3193 1159 3175
f 3175 1159 1124
f 3179 1128 3181
f 3181 1128 1131
f 1533 3198 1123
f 1123 3198 3176
f 3321 1375 3193
f 3193 1375 1159
f 3321 3320 3322
f 3322 3320 3323
f 1122 1121 3192
f 3192 1121 3322
f 3194 3210 3320
f 3320 3210 3325
f 3324 3323 3327
f 3327 3323 3326
f 3320 3325 3323
f 3323 3325 3326
f 3208 3328 3205
f 3205 3328 3329
f 3330 3206 3329
f 3329 3206 3205
f 3203 3331 3204
f 3204 3331 3332
f 3210 3333 3325
f 3325 3333 3334
f 3325 3334 3326
f 3326 3334 3335
f 3327 3326 3336
f 3336 3326 3335
f 3327 3209 3324
f 3324 3209 3191
f 3190 3192 3191
f 3191 3192 3324
f 3338 3339 3337
f 3337 3339 3340
f 3338 3341 3339
f 3339 3341 3342
f 3341 3343 3342
f 3342 3343 3344
f 3343 3345 3344
f 3344 3345 3346
f 3345 3347 3346
f 3346 3347 3348
f 3347 3349 3348
f 3348 3349 3350
f 3337 3340 3351
f 3351 3340 3352
f 3351 3352 3353
f 3353 3352 3354
f 3353 3354 3355
f 3355 3354 3356
f 3350 3349 3357
f 3357 3349 3358
f 3355 3356 3359
f 3359 3356 3360
f 3359 3360 3361
f 3361 3360 3362
f 3361 3362 3363
f 3363 3362 3364
f 3363 3364 3358
f 3358 3364 3357
f 3339 3342 3365
f 3365 3342 3366
f 3342 3344 3366
f 3366 3344 3367
f 3344 3346 3367
f 3367 3346 3368
f 3346 3348 3368
f 3368 3348 3369
f 3348 3350 3369
f 3369 3350 3370
f 3368 3369 3371
f 3371 3369 3372
f 3369 3370 3372
f 3372 3370 3373
f 3373 3374 3372
f 3372 3374 3375
f 3377 3378 3376
f 3376 3378 3379
f 3377 3375 3378
f 3378 3375 3374
f 3375 3380 3372
f 3372 3380 3371
f 3377 3381 3375
f 3375 3381 3380
f 3376 3382 3377
f 3377 3382 3381
f 3384 3385 3383
f 3383 3385 3386
f 3384 3383 3388
f 3388 3383 3387
f 3388 3387 3389
f 3389 3387 3390
f 3392 3385 3391
f 3391 3385 3384
f 3388 3393 3384
f 3384 3393 3391
f 3389 3394 3388
f 3388 3394 3393
f 3389 3395 3394
f 3394 3395 3396
f 3395 3389 3397
f 3397 3389 3390
f 3339 3365 3340
f 3340 3365 3398
f 3340 3398 3352
f 3352 3398 3399
f 3371 3400 3368
f 3368 3400 3367
f 3400 3401 3367
f 3367 3401 3366
f 3366 3401 3365
f 3365 3401 3402
f 3398 3365 3403
f 3403 3365 3402
f 3398 3403 3399
f 3399 3403 3404
f 3403 3405 3404
f 3404 3405 3406
f 3352 3399 3354
f 3354 3399 3407
f 3399 3404 3407
f 3407 3404 3408
f 3404 3406 3408
f 3408 3406 3409
f 3405 3410 3406
f 3406 3410 3411
f 3410 3412 3411
f 3411 3412 3413
f 3397 3414 3395
f 3395 3414 3415
f 3417 3415 3416
f 3416 3415 3412
f 3410 3418 3412
f 3412 3418 3416
f 3410 3405 3418
f 3418 3405 3419
f 3405 3403 3419
f 3419 3403 3402
f 3370 3350 3420
f 3420 3350 3357
f 3373 3370 3421
f 3421 3370 3420
f 3374 3373 3422
f 3422 3373 3421
f 3378 3374 3423
f 3423 3374 3422
f 3378 3423 3379
f 3379 3423 3424
f 3424 3425 3379
f 3379 3425 3386
f 3383 3426 3387
f 3387 3426 3427
f 3387 3427 3390
f 3390 3427 3428
f 3390 3428 3397
f 3397 3428 3429
f 3429 3430 3397
f 3397 3430 3414
f 3411 3413 3431
f 3431 3413 3432
f 3406 3411 3409
f 3409 3411 3431
f 3401 3400 3335
f 3335 3400 3336
f 3401 3335 3402
f 3402 3335 3334
f 3402 3334 3419
f 3419 3334 3333
f 3419 3333 3418
f 3418 3333 3433
f 3418 3433 3416
f 3416 3433 3434
f 3435 3417 3434
f 3434 3417 3416
f 3394 3396 3436
f 3436 3396 3437
f 3393 3394 3332
f 3332 3394 3436
f 3393 3332 3391
f 3391 3332 3331
f 3330 3392 3331
f 3331 3392 3391
f 3382 3329 3381
f 3381 3329 3328
f 3354 3407 3356
f 3356 3407 3438
f 3356 3438 3360
f 3360 3438 3439
f 3360 3439 3362
f 3362 3439 3440
f 3362 3440 3364
f 3364 3440 3441
f 3364 3441 3357
f 3357 3441 3420
f 3421 3420 3442
f 3442 3420 3441
f 3442 3441 3443
f 3443 3441 3440
f 3443 3440 3444
f 3444 3440 3439
f 3444 3439 3445
f 3445 3439 3438
f 3445 3438 3408
f 3408 3438 3407
f 3422 3421 3446
f 3446 3421 3442
f 3446 3442 3447
f 3447 3442 3443
f 3447 3443 3448
f 3448 3443 3444
f 3448 3444 3449
f 3449 3444 3445
f 3449 3445 3409
f 3409 3445 3408
f 3409 3431 3449
f 3449 3431 3450
f 3449 3450 3448
f 3448 3450 3451
f 3451 3452 3448
f 3448 3452 3447
f 3447 3452 3446
f 3446 3452 3453
f 3446 3453 3422
f 3422 3453 3423
f 3424 3423 3454
f 3454 3423 3453
f 3452 3455 3453
f 3453 3455 3454
f 3452 3451 3455
f 3455 3451 3456
f 3450 3457 3451
f 3451 3457 3456
f 3431 3432 3450
f 3450 3432 3457
f 3454 3458 3424
f 3424 3458 3425
f 3427 3426 3459
f 3459 3426 3460
f 3428 3427 3461
f 3461 3427 3459
f 3428 3461 3429
f 3429 3461 3462
f 3462 3463 3429
f 3429 3463 3430
f 3464 3465 3462
f 3462 3465 3463
f 3455 3466 3454
f 3454 3466 3458
f 3465 3464 3466
f 3466 3464 3467
f 3461 3459 3468
f 3468 3459 3469
f 3468 3469 3464
f 3464 3469 3467
f 3464 3462 3468
f 3468 3462 3461
f 3459 3460 3469
f 3469 3460 3467
f 3295 3351 3298
f 3298 3351 3353
f 3353 3355 3298
f 3298 3355 3297
f 3297 3355 3301
f 3301 3355 3359
f 3301 3359 3308
f 3308 3359 3361
f 3308 3361 3311
f 3311 3361 3363
f 3311 3363 3316
f 3316 3363 3358
f 3316 3358 3317
f 3317 3358 3349
f 3349 3347 3317
f 3317 3347 3319
f 3347 3345 3319
f 3319 3345 3314
f 3345 3343 3314
f 3314 3343 3305
f 3343 3341 3305
f 3305 3341 3304
f 3304 3341 3292
f 3292 3341 3338
f 3292 3338 3293
f 3293 3338 3337
f 3293 3337 3295
f 3295 3337 3351
f 3437 3202 3436
f 3436 3202 3201
f 3436 3201 3332
f 3332 3201 3204
f 3433 3200 3434
f 3434 3200 3199
f 3211 3435 3199
f 3199 3435 3434
f 3333 3210 3433
f 3433 3210 3200
f 3380 3470 3371
f 3400 3371 3336
f 3336 3371 3470
f 3381 3328 3380
f 3380 3328 3470
f 3470 3328 3209
f 3209 3328 3208
f 3336 3470 3327
f 3327 3470 3209
f 1545 1763 1546
f 1546 1763 1762
f 1403 1546 773
f 773 1546 770
f 1221 3013 1220
f 1220 3013 3471
f 1305 2877 1306
f 1306 2877 2879
f 1220 3471 828
f 828 3471 829
f 1217 1754 3472
f 3472 1754 1756
f 1049 3473 1048
f 1048 3473 3474
f 1371 1179 3473
f 3473 1179 3474
f 1074 3475 1179
f 1179 3475 3474
f 3474 3475 1048
f 1048 3475 1056
f 919 666 1345
f 1345 666 665
f 856 680 919
f 919 680 666
f 679 680 1449
f 1449 680 858
f 1367 878 1500
f 1500 878 877
f 1366 908 1367
f 1367 908 878
f 1512 916 1513
f 1513 916 915
f 947 1368 948
f 948 1368 1369
f 1047 1021 1044
f 1044 1021 1020
f 1370 1049 1019
f 1019 1049 1020
f 1173 1030 1174
f 1174 1030 1033
f 3126 1188 1464
f 1464 1188 1187
f 1800 1451 1512
f 1512 1451 916
f 1175 1174 1186
f 1186 1174 1187
f 1030 1173 1047
f 1047 1173 1021
f 1513 915 3476
f 3476 915 1481
f 1345 665 3477
f 3477 665 1483
f 1502 1501 876
f 876 1501 877
f 1205 1451 1803
f 1803 1451 1802
f 3479 2832 3478
f 3478 2832 2831
f 1449 858 2927
f 2927 858 2922
f 908 1366 947
f 947 1366 1368
f 949 948 3126
f 3126 948 1188
f 3480 3135 1502
f 1502 3135 1501
f 2927 2922 3157
f 3157 2922 3152
f 3477 1483 3479
f 3479 1483 2832
f 1803 1802 3151
f 3151 1802 3152
f 663 658 664
f 664 658 657
f 655 658 939
f 939 658 706
f 1512 870 1800
f 1800 870 869
f 875 874 876
f 876 874 873
f 849 874 905
f 905 874 958
f 949 962 946
f 946 962 961
f 978 3126 979
f 979 3126 1464
f 1031 1168 1032
f 1032 1168 1022
f 1045 1013 1046
f 1046 1013 1012
f 1045 1044 1056
f 1056 1044 1048
f 1047 1046 1030
f 1030 1046 1031
f 939 706 940
f 940 706 1450
f 979 1464 1032
f 1032 1464 1033
f 3480 1478 3476
f 3476 1478 3134
f 2829 1487 2830
f 2830 1487 1486
f 848 1230 873
f 873 1230 1479
f 867 870 933
f 933 870 1514
f 1800 869 1801
f 1801 869 1799
f 2830 1486 1325
f 1325 1486 2833
f 940 1450 2925
f 2925 1450 2928
f 946 961 907
f 907 961 958
f 959 962 977
f 977 962 978
f 3476 3134 1513
f 1513 3134 1514
f 2925 2928 3155
f 3155 2928 3158
f 1325 2833 656
f 656 2833 657
f 1801 1799 3157
f 3157 1799 3158
f 1074 1055 3475
f 3475 1055 1056
f 1371 3473 1370
f 1370 3473 1049
f 2884 615 3481
f 3481 615 618
f 3478 2831 2846
f 2846 2831 617
f 2831 1484 617
f 617 1484 618
f 1484 1487 618
f 618 1487 3481
f 2848 3481 2829
f 2829 3481 1487
f 1480 1517 1161
f 1161 1517 1162
f 3129 1323 1455
f 1455 1323 1322
f 3129 3134 1323
f 1323 3134 1478
f 1535 3173 1515
f 1515 3173 1516
f 3085 3095 3137
f 3137 3095 3094
f 3137 3094 3138
f 3138 3094 3104
f 3117 3139 3105
f 3105 3139 3106
f 1138 1141 3127
f 3127 1141 3128
f 3081 3131 1264
f 1264 3131 3130
f 1227 1226 3132
f 3132 1226 3133
f 1264 3130 1229
f 1229 3130 1322
f 1160 1501 1161
f 1161 1501 3135
f 1141 1476 3128
f 3128 1476 3136
f 1226 1163 3133
f 3133 1163 1162
f 1363 1138 1515
f 1515 1138 3127
f 3084 3095 3081
f 3081 3095 3131
f 3089 884 3105
f 3105 884 3140
f 884 883 3140
f 3140 883 3141
f 883 3482 3141
f 3141 3482 3142
f 3476 1481 3480
f 3480 1481 3135
f 1502 1479 3480
f 3480 1479 1478
f 3168 463 440
f 714 1880 715
f 715 1880 2905
f 896 732 2970
f 2970 732 731
f 1263 834 3082
f 3082 834 833
f 898 1231 853
f 853 1231 854
f 3125 890 2931
f 2931 890 889
f 1237 893 2851
f 2851 893 892
f 898 853 899
f 899 853 963
f 988 987 989
f 989 987 986
f 1002 1007 1003
f 1003 1007 1006
f 1038 1036 1007
f 1007 1036 1004
f 1070 1052 1005
f 1005 1052 1006
f 1069 1067 1070
f 1070 1067 1052
f 1130 1129 1134
f 1134 1129 1135
f 879 1167 880
f 880 1167 1166
f 1171 1169 1037
f 1037 1169 1038
f 1085 1180 1069
f 1069 1180 1067
f 1209 1210 879
f 879 1210 1167
f 2885 1215 1754
f 1754 1215 1214
f 1263 855 834
f 834 855 854
f 708 1244 1826
f 1826 1244 1243
f 2909 894 1254
f 1254 894 893
f 1228 1361 964
f 964 1361 1360
f 2908 2907 1436
f 1436 2907 1437
f 2990 1440 2991
f 2991 1440 1439
f 964 1360 965
f 965 1360 1454
f 950 1457 951
f 951 1457 1456
f 970 1463 971
f 971 1463 1462
f 1025 1169 984
f 984 1169 986
f 1084 1097 1469
f 1469 1097 1470
f 1096 1115 1474
f 1474 1115 1475
f 1140 1361 1141
f 1141 1361 1476
f 1212 1495 2828
f 2828 1495 1494
f 880 1166 1452
f 1452 1166 1499
f 715 2905 1504
f 1504 2905 2906
f 954 1519 955
f 955 1519 1518
f 1026 1520 992
f 992 1520 1518
f 1029 1520 1043
f 1043 1520 1521
f 997 1522 1040
f 1040 1522 1521
f 1015 1522 1016
f 1016 1522 1523
f 1523 996 1524
f 1524 996 1062
f 1057 1060 1525
f 1525 1060 1524
f 1094 1528 1082
f 1082 1528 1527
f 1526 1528 1089
f 1089 1528 1529
f 1090 1531 1108
f 1108 1531 1530
f 1125 1533 1126
f 1126 1533 1532
f 3483 1755 727
f 727 1755 1214
f 735 1814 707
f 707 1814 1813
f 2891 1834 1246
f 1246 1834 1243
f 2904 1881 1847
f 1847 1881 1848
f 1852 1855 1853
f 1853 1855 1858
f 1902 2903 1877
f 1877 2903 1878
f 2903 2904 1878
f 1878 2904 1847
f 714 713 1848
f 1848 713 1849
f 1440 2990 1883
f 1883 2990 2989
f 1883 2989 1852
f 1852 2989 1855
f 2895 1888 2892
f 2892 1888 1887
f 774 777 1877
f 1877 777 1903
f 1251 2835 1252
f 1252 2835 2834
f 1213 2844 1212
f 1212 2844 1495
f 2851 892 1213
f 1213 892 2844
f 3123 2911 3124
f 3124 2911 2910
f 887 2929 888
f 888 2929 889
f 1435 2963 1436
f 1436 2963 2961
f 1253 1438 1254
f 1254 1438 1437
f 2970 731 735
f 735 731 1814
f 733 732 2885
f 2885 732 1215
f 2901 2902 2976
f 2976 2902 2977
f 2975 2982 2976
f 2976 2982 2979
f 2899 2900 2981
f 2981 2900 2979
f 2899 2981 2898
f 2898 2981 2983
f 2986 2985 2984
f 2984 2985 2983
f 2897 2985 2896
f 2896 2985 2988
f 2991 1439 2987
f 2987 1439 2988
f 777 2978 1903
f 1903 2978 2977
f 1885 1888 1858
f 1858 1888 1853
f 3090 3088 836
f 836 3088 833
f 3083 3088 3097
f 3097 3088 3096
f 3097 3096 3104
f 3104 3096 3106
f 3111 3116 3108
f 3108 3116 3109
f 3112 3111 3114
f 3114 3111 3108
f 3113 3122 3114
f 3114 3122 3115
f 891 890 2837
f 2837 890 2834
f 951 1456 954
f 954 1456 1519
f 967 1457 936
f 936 1457 1454
f 971 1462 902
f 902 1462 963
f 1461 1463 988
f 988 1463 987
f 1466 1468 1474
f 1474 1468 1470
f 1089 1529 1090
f 1090 1529 1531
f 1184 1181 1469
f 1469 1181 1180
f 1082 1527 1061
f 1061 1527 1525
f 1129 1473 1135
f 1135 1473 1475
f 1108 1530 1105
f 1105 1530 1532
f 1452 1499 3132
f 3132 1499 3136
f 3109 3116 3139
f 3139 3116 3138
f 2912 2911 887
f 887 2911 2929
f 2836 2835 1497
f 1497 2835 1494
f 2913 3102 2910
f 2910 3102 3115
f 1133 3187 1134
f 1134 3187 3185
f 3177 3176 3197
f 3197 3176 3198
f 3203 3183 3206
f 3206 3183 3207
f 3196 3202 3197
f 3197 3202 3211
f 3183 3182 3207
f 3207 3182 3185
f 1125 3180 1533
f 1533 3180 3198
f 3331 3203 3330
f 3330 3203 3206
f 3376 3379 3385
f 3385 3379 3386
f 3382 3376 3392
f 3392 3376 3385
f 3412 3415 3413
f 3413 3415 3414
f 3417 3396 3415
f 3415 3396 3395
f 3383 3386 3426
f 3426 3386 3425
f 3413 3414 3432
f 3432 3414 3430
f 3437 3396 3435
f 3435 3396 3417
f 3329 3382 3330
f 3330 3382 3392
f 3426 3425 3460
f 3460 3425 3458
f 3432 3430 3457
f 3457 3430 3463
f 3457 3463 3456
f 3456 3463 3465
f 3460 3458 3467
f 3467 3458 3466
f 3466 3455 3465
f 3465 3455 3456
f 3202 3437 3211
f 3211 3437 3435
f 3104 3106 3138
f 3138 3106 3139
f 3132 3136 1227
f 1227 3136 1476
f 943 687 600
f 600 687 601
f 596 625 667
f 667 625 1297
f 687 686 601
f 601 686 653
f 1319 784 711
f 711 784 712
f 1811 607 783
f 783 607 712
f 862 921 917
f 917 921 920
f 3478 925 3479
f 3479 925 924
f 2846 926 3478
f 3478 926 925
f 659 662 929
f 929 662 930
f 856 921 857
f 857 921 1204
f 1206 864 1207
f 1207 864 863
f 2876 1219 2877
f 2877 1219 1218
f 667 1297 593
f 593 1297 1296
f 917 920 1333
f 1333 920 1346
f 686 693 653
f 653 693 930
f 1277 913 1498
f 1498 913 1207
f 592 1536 610
f 610 1536 711
f 864 1206 1805
f 1805 1206 1804
f 1317 1536 1900
f 1900 1536 1809
f 1900 1809 1295
f 1295 1809 1296
f 3479 924 3477
f 3477 924 2824
f 927 926 1203
f 1203 926 2847
f 3484 2859 3032
f 3032 2859 3033
f 3472 2878 1217
f 1217 2878 1218
f 2889 2888 2880
f 2880 2888 2881
f 2886 2883 2887
f 2887 2883 2882
f 929 928 2847
f 2847 928 1203
f 857 1204 2921
f 2921 1204 2926
f 1820 1819 2882
f 2882 1819 2881
f 1821 2883 2876
f 2876 2883 1219
f 782 2889 783
f 783 2889 2880
f 1352 3034 1353
f 1353 3034 3033
f 3031 3034 3041
f 3041 3034 3043
f 944 943 3043
f 3043 943 600
f 1339 3145 1498
f 1498 3145 3143
f 1208 882 3148
f 3148 882 3143
f 2921 2926 3151
f 3151 2926 3156
f 3477 2824 1345
f 1345 2824 1346
f 1805 1804 3154
f 3154 1804 3156
f 886 3103 883
f 883 3103 3482
f 841 1248 3485
f 3485 1248 3121
f 2811 2819 2812
f 2812 2819 2816
f 2818 2815 2817
f 2817 2815 2806
f 2817 2816 2818
f 2818 2816 2819
f 2793 2795 2819
f 2819 2795 2818
f 243 352 2793
f 2793 352 2795
f 242 353 243
f 243 353 352
f 359 191 242
f 242 191 353
f 247 192 359
f 359 192 191
f 157 193 247
f 247 193 192
f 156 194 157
f 157 194 193
f 378 261 156
f 156 261 194
f 378 381 261
f 261 381 195
f 195 381 196
f 196 381 376
f 196 376 198
f 198 376 375
f 375 1776 198
f 198 1776 197
f 1776 1767 197
f 197 1767 274
f 181 274 199
f 199 274 1767
f 568 566 564
f 564 566 563
f 568 569 566
f 566 569 567
f 501 1773 1771
f 1771 1773 578
f 547 579 1773
f 1773 579 578
f 3486 470 474
f 474 470 469
f 450 582 3487
f 3487 582 3488
f 582 583 3488
f 3488 583 3489
f 583 584 3489
f 3489 584 3490
f 3490 584 3491
f 3491 584 543
f 470 3486 466
f 466 3486 467
f 3489 3490 503
f 503 3490 504
f 503 3492 3489
f 3489 3492 3488
f 3492 503 3493
f 3493 503 502
f 3495 3492 3494
f 3494 3492 3493
f 3487 3488 3495
f 3495 3488 3492
f 468 1774 465
f 465 1774 570
f 3494 3493 1775
f 1775 3493 1771
f 3490 3491 504
f 504 3491 1772
f 3491 543 1772
f 1772 543 548
f 450 3487 474
f 474 3487 3486
f 3495 467 3487
f 3487 467 3486
f 3494 468 3495
f 3495 468 467
f 468 3494 1774
f 1774 3494 1775
f 501 1771 502
f 502 1771 3493
f 527 366 384
f 384 366 365
f 522 524 527
f 527 524 366
f 521 534 522
f 522 534 524
f 530 535 521
f 521 535 534
f 508 486 513
f 513 486 532
f 513 532 541
f 541 532 535
f 667 668 596
f 596 668 597
f 1294 1297 624
f 624 1297 625
f 603 641 604
f 604 641 640
f 1290 1293 650
f 650 1293 651
f 1758 691 660
f 660 691 661
f 602 671 599
f 599 671 670
f 654 662 690
f 690 662 661
f 2856 598 695
f 695 598 597
f 602 654 671
f 671 654 690
f 604 640 676
f 676 640 704
f 1826 1829 708
f 708 1829 709
f 1288 1284 740
f 740 1284 741
f 755 754 758
f 758 754 759
f 2853 2856 932
f 932 2856 695
f 689 691 1192
f 1192 691 1193
f 784 1319 1240
f 1240 1319 1241
f 1813 1816 1244
f 1244 1816 1245
f 754 1288 759
f 759 1288 740
f 1894 1242 1318
f 1318 1242 1241
f 2867 1348 1418
f 1418 1348 1347
f 676 704 673
f 673 704 1347
f 1284 1287 741
f 741 1287 1419
f 1421 1426 1422
f 1422 1426 1425
f 1758 660 615
f 615 660 616
f 1192 1191 1421
f 1421 1191 1426
f 2962 1839 1504
f 1504 1839 1505
f 941 1194 1759
f 1759 1194 1193
f 1287 1537 1419
f 1419 1537 1760
f 1882 2893 1823
f 1823 2893 1824
f 1886 1891 1827
f 1827 1891 1828
f 1887 1886 1834
f 1834 1886 1827
f 1841 716 1838
f 1838 716 1505
f 782 784 1850
f 1850 784 1240
f 1239 1242 1863
f 1863 1242 1864
f 1242 1894 1864
f 1864 1894 1873
f 1822 1239 1823
f 1823 1239 1863
f 1318 1317 1895
f 1895 1317 1900
f 1894 1896 1873
f 1873 1896 1897
f 1291 1896 1292
f 1292 1896 1895
f 605 1898 606
f 606 1898 1897
f 1258 1257 2854
f 2854 1257 2855
f 1257 1351 2855
f 2855 1351 2857
f 1351 1353 2857
f 2857 1353 2858
f 1353 3033 2858
f 2858 3033 2859
f 2860 2861 3036
f 3036 2861 3037
f 2862 2863 2870
f 2870 2863 3039
f 2870 2869 2862
f 2862 2869 2864
f 2868 2865 2869
f 2869 2865 2864
f 1764 2866 2868
f 2868 2866 2865
f 1537 1199 1760
f 1760 1199 1348
f 615 2884 1758
f 1758 2884 1759
f 1825 1246 2890
f 2890 1246 1245
f 2893 2892 1824
f 1824 2892 2891
f 761 2960 758
f 758 2960 2906
f 3000 2943 2940
f 2940 2943 2941
f 2968 710 2950
f 2950 710 709
f 1764 1423 2866
f 2866 1423 2953
f 1423 645 2953
f 2953 645 2954
f 645 644 2954
f 2954 644 2955
f 644 738 2955
f 2955 738 2956
f 738 764 2956
f 2956 764 2957
f 764 763 2957
f 2957 763 2958
f 763 2908 2958
f 2958 2908 2959
f 2908 1436 2959
f 2959 1436 2961
f 1837 2964 1435
f 1435 2964 2963
f 1837 2937 2964
f 2964 2937 2965
f 2936 2968 2966
f 2966 2968 2950
f 1840 2942 1838
f 1838 2942 2941
f 2939 2949 2940
f 2940 2949 3006
f 2939 2942 2966
f 2966 2942 2965
f 1822 1825 1850
f 1850 1825 2890
f 1891 3005 1828
f 1828 3005 3006
f 3035 3038 3045
f 3045 3038 3042
f 3045 3044 3035
f 3035 3044 3040
f 669 1422 3045
f 3045 1422 3044
f 599 670 3041
f 3041 670 3042
f 931 3067 932
f 932 3067 3065
f 2853 3066 2854
f 2854 3066 3076
f 3067 3496 3065
f 3065 3496 3497
f 3066 3498 3076
f 3076 3498 3499
f 707 1813 708
f 708 1813 1244
f 2960 2962 2906
f 2906 2962 1504
f 2892 1887 2891
f 2891 1887 1834
f 1839 2962 2963
f 2963 2962 2961
f 595 626 596
f 596 626 625
f 623 626 3484
f 3484 626 2859
f 1291 1290 606
f 606 1290 603
f 1290 650 603
f 603 650 641
f 641 650 642
f 642 650 649
f 2860 2863 649
f 649 2863 642
f 3036 3039 2860
f 2860 3039 2863
f 3035 3040 3036
f 3036 3040 3039
f 1294 1293 1295
f 1295 1293 1292
f 624 651 1294
f 1294 651 1293
f 623 652 624
f 624 652 651
f 3484 2861 623
f 623 2861 652
f 3032 3037 3484
f 3484 3037 2861
f 3031 3038 3032
f 3032 3038 3037
f 3481 2848 2884
f 2884 2848 942
f 2846 617 1427
f 1427 617 616
f 3049 3167 3048
f 3048 3167 3500
f 1906 3048 3070
f 3070 3048 3500
f 1337 1768 3501
f 3501 1768 3502
f 3020 3503 3021
f 3021 3503 3024
f 2914 3023 3020
f 3020 3023 3503
f 859 1770 860
f 860 1770 3504
f 1336 3505 1768
f 1768 3505 3502
f 3065 3497 3066
f 3066 3497 3498
f 2814 3075 3067
f 3067 3075 3496
f 2839 3174 766
f 766 3174 3017
f 1337 3501 1338
f 1338 3501 1769
f 767 3018 3026
f 3026 3018 3506
f 3076 3499 3064
f 3064 3499 3507
f 727 730 3483
f 3483 730 3030
f 3064 3507 2871
f 2871 3507 3077
f 3100 3160 1786
f 1786 3160 1784
f 3026 3506 752
f 752 3506 3015
f 860 3504 2923
f 2923 3504 3508
f 753 3016 3027
f 3027 3016 3509
f 3027 3509 3008
f 3008 3509 3028
f 1782 1785 1783
f 1783 1785 3022
f 2923 3508 3153
f 3153 3508 3161
f 3148 3149 1208
f 1208 3149 3150
f 1335 1328 3510
f 3510 1328 1327
f 1336 1335 3505
f 3505 1335 3510
f 866 3511 1340
f 1340 3511 3146
f 865 1808 866
f 866 1808 3511
f 842 841 3159
f 3159 841 3485
f 2849 3512 1329
f 1329 3512 1326
f 1202 1331 2849
f 2849 1331 3512
f 3514 3515 3513
f 3513 3515 3516
f 3518 3516 3517
f 3517 3516 3515
f 3519 3520 3514
f 3514 3520 3515
f 3522 3523 3521
f 3521 3523 3524
f 3526 3527 3525
f 3525 3527 3528
f 3530 3531 3529
f 3529 3531 3532
f 3534 3535 3533
f 3533 3535 3536
f 3529 3532 3537
f 3537 3532 3538
f 3537 3539 3529
f 3529 3539 3540
f 3542 3543 3541
f 3541 3543 3544
f 3546 3547 3545
f 3545 3547 3548
f 3550 3534 3549
f 3549 3534 3533
f 3550 3543 3551
f 3551 3543 3552
f 3537 3545 3539
f 3539 3545 3548
f 3553 3554 3556
f 3556 3554 3555
f 3537 3557 3545
f 3545 3557 3546
f 3558 3559 3561
f 3561 3559 3560
f 3563 3564 3562
f 3562 3564 3565
f 3564 3563 3566
f 3566 3563 3567
f 3569 3570 3568
f 3568 3570 3571
f 3573 3574 3572
f 3572 3574 3575
f 3577 3578 3576
f 3576 3578 3579
f 3581 3582 3580
f 3580 3582 3583
f 3585 3586 3584
f 3584 3586 3579
f 3586 3587 3579
f 3579 3587 3576
f 3589 3590 3588
f 3588 3590 3591
f 3592 3593 3595
f 3595 3593 3594
f 3597 3598 3596
f 3596 3598 3595
f 3583 3600 3599
f 3599 3600 3601
f 3603 3599 3602
f 3602 3599 3601
f 3605 3606 3604
f 3604 3606 3607
f 3608 3555 3596
f 3596 3555 3554
f 3597 3610 3609
f 3609 3610 3565
f 3564 3611 3565
f 3565 3611 3609
f 3611 3564 3612
f 3612 3564 3566
f 3613 3614 3569
f 3569 3614 3570
f 3615 3616 3573
f 3573 3616 3574
f 3517 3617 3518
f 3518 3617 3618
f 3620 3621 3619
f 3619 3621 3622
f 3624 3625 3623
f 3623 3625 3626
f 3628 3629 3627
f 3627 3629 3630
f 3632 3633 3631
f 3631 3633 3634
f 3636 3637 3635
f 3635 3637 3638
f 3640 3641 3639
f 3639 3641 3642
f 3643 3644 3639
f 3639 3644 3640
f 3646 3513 3645
f 3645 3513 3647
f 3648 3514 3646
f 3646 3514 3513
f 3649 3519 3648
f 3648 3519 3514
f 3650 3651 3527
f 3527 3651 3652
f 3654 3651 3653
f 3653 3651 3650
f 3568 3571 3655
f 3655 3571 3656
f 3657 3658 3653
f 3653 3658 3659
f 3661 3662 3660
f 3660 3662 3658
f 3664 3665 3663
f 3663 3665 3666
f 3667 3657 3650
f 3650 3657 3653
f 3669 3523 3668
f 3668 3523 3670
f 3672 3673 3671
f 3671 3673 3674
f 3676 3677 3675
f 3675 3677 3678
f 3671 3674 3676
f 3676 3674 3677
f 3680 3681 3679
f 3679 3681 3682
f 3683 3684 3680
f 3680 3684 3681
f 3685 3686 3661
f 3661 3686 3662
f 3686 3687 3662
f 3662 3687 3688
f 3684 3683 3689
f 3689 3683 3690
f 3692 3693 3691
f 3691 3693 3694
f 3691 3694 3695
f 3695 3694 3696
f 3698 3699 3697
f 3697 3699 3700
f 3702 3703 3701
f 3701 3703 3704
f 3705 3706 3519
f 3519 3706 3520
f 3673 3672 3707
f 3707 3672 3708
f 3709 3710 3682
f 3682 3710 3679
f 3711 3712 3692
f 3692 3712 3693
f 3714 3715 3713
f 3713 3715 3716
f 3718 3700 3717
f 3717 3700 3699
f 3720 3721 3719
f 3719 3721 3722
f 3724 3725 3723
f 3723 3725 3726
f 3727 3728 3730
f 3730 3728 3729
f 3722 3721 3731
f 3731 3721 3732
f 3697 3700 3733
f 3733 3700 3714
f 3733 3714 3734
f 3734 3714 3713
f 3721 3723 3732
f 3732 3723 3735
f 3720 3736 3724
f 3724 3736 3737
f 3700 3718 3714
f 3714 3718 3715
f 3717 3699 3738
f 3738 3699 3739
f 3536 3740 3533
f 3533 3740 3540
f 3742 3743 3741
f 3741 3743 3744
f 3746 3747 3745
f 3745 3747 3748
f 3750 3751 3749
f 3749 3751 3752
f 3627 3632 3628
f 3628 3632 3631
f 3754 3755 3753
f 3753 3755 3626
f 3562 3565 3756
f 3756 3565 3610
f 3527 3652 3528
f 3528 3652 3757
f 3758 3524 3669
f 3669 3524 3523
f 3582 3598 3583
f 3583 3598 3600
f 3759 3670 3522
f 3522 3670 3523
f 3675 3678 3760
f 3760 3678 3761
f 3762 3763 3690
f 3690 3763 3689
f 3765 3766 3764
f 3764 3766 3767
f 3768 3739 3698
f 3698 3739 3699
f 3726 3725 3770
f 3770 3725 3769
f 3645 3647 3771
f 3771 3647 3772
f 3645 3678 3646
f 3646 3678 3677
f 3646 3677 3648
f 3648 3677 3674
f 3673 3649 3674
f 3674 3649 3648
f 3707 3773 3673
f 3673 3773 3649
f 3775 3776 3774
f 3774 3776 3777
f 3779 3526 3778
f 3778 3526 3525
f 3526 3779 3667
f 3667 3779 3780
f 3780 3781 3667
f 3667 3781 3657
f 3672 3679 3708
f 3708 3679 3710
f 3671 3680 3672
f 3672 3680 3679
f 3676 3683 3671
f 3671 3683 3680
f 3675 3690 3676
f 3676 3690 3683
f 3760 3762 3675
f 3675 3762 3690
f 3682 3681 3783
f 3783 3681 3782
f 3689 3784 3684
f 3684 3784 3785
f 3684 3785 3681
f 3681 3785 3782
f 3786 3709 3783
f 3783 3709 3682
f 3784 3689 3787
f 3787 3689 3763
f 3789 3557 3788
f 3788 3557 3790
f 3792 3793 3791
f 3791 3793 3794
f 3616 3615 3795
f 3795 3615 3796
f 3797 3798 3727
f 3727 3798 3728
f 3800 3801 3799
f 3799 3801 3802
f 3803 3578 3592
f 3592 3578 3593
f 3805 3806 3804
f 3804 3806 3807
f 3599 3603 3585
f 3585 3603 3586
f 3587 3586 3604
f 3604 3586 3603
f 3588 3591 3794
f 3794 3591 3791
f 3581 3803 3582
f 3582 3803 3592
f 3594 3561 3608
f 3608 3561 3790
f 3662 3688 3808
f 3808 3688 3809
f 3665 3664 3810
f 3810 3664 3811
f 3719 3812 3720
f 3720 3812 3736
f 3717 3813 3718
f 3718 3813 3737
f 3723 3721 3724
f 3724 3721 3720
f 3813 3717 3814
f 3814 3717 3738
f 3815 3816 303
f 303 3816 304
f 3818 3819 3817
f 3817 3819 3820
f 3578 3803 3579
f 3579 3803 3584
f 3558 3593 3577
f 3577 3593 3578
f 3822 3823 3821
f 3821 3823 3824
f 3546 3826 3825
f 3825 3826 3827
f 3828 3829 3547
f 3547 3829 3541
f 3831 3542 3830
f 3830 3542 3832
f 3834 3822 3833
f 3833 3822 3821
f 3835 3836 3827
f 3827 3836 3825
f 3800 3799 3828
f 3828 3799 3829
f 3830 3832 3837
f 3837 3832 3838
f 331 330 3551
f 3551 330 3839
f 3831 333 3552
f 3552 333 332
f 3819 3797 3841
f 3841 3797 3840
f 3513 3516 3647
f 3647 3516 3746
f 337 336 3745
f 3745 336 3772
f 3525 3528 3775
f 3775 3528 3749
f 3610 3597 3554
f 3554 3597 3596
f 3706 3702 3520
f 3520 3702 3701
f 3756 3610 3553
f 3553 3610 3554
f 3757 3750 3528
f 3528 3750 3749
f 3517 3515 3701
f 3701 3515 3520
f 3842 3584 3581
f 3581 3584 3803
f 3525 3775 3778
f 3778 3775 3774
f 3638 3843 3635
f 3635 3843 3618
f 3617 3621 3618
f 3618 3621 3635
f 3617 3517 3704
f 3704 3517 3701
f 3521 3624 3522
f 3522 3624 3623
f 3749 3844 3775
f 3775 3844 3776
f 3846 3847 3845
f 3845 3847 3848
f 3843 3747 3618
f 3618 3747 3518
f 3850 3851 3849
f 3849 3851 3748
f 3853 3854 3852
f 3852 3854 3855
f 3856 3857 3622
f 3622 3857 3619
f 3859 3860 3858
f 3858 3860 3861
f 3862 3844 3752
f 3752 3844 3749
f 3863 3759 3623
f 3623 3759 3522
f 3864 3777 3630
f 3630 3777 3776
f 3713 3865 3734
f 3734 3865 3866
f 3868 3869 3867
f 3867 3869 3870
f 3872 3873 3871
f 3871 3873 3874
f 3876 3877 3875
f 3875 3877 3878
f 3879 3880 3878
f 3878 3880 3881
f 3882 3883 3885
f 3885 3883 3884
f 3780 3886 3781
f 3781 3886 3887
f 3888 3685 3869
f 3869 3685 3661
f 3880 3879 3883
f 3883 3879 3884
f 3693 3783 3694
f 3694 3783 3782
f 3696 3785 3764
f 3764 3785 3784
f 3694 3782 3696
f 3696 3782 3785
f 3693 3786 3783
f 3787 3765 3784
f 3784 3765 3764
f 386 385 3765
f 3765 385 3766
f 3695 3889 3691
f 3691 3889 3890
f 3691 3890 3692
f 3692 3890 3891
f 3892 3711 3891
f 3891 3711 3692
f 3767 3893 3695
f 3695 3893 3889
f 3766 3894 3767
f 3767 3894 3893
f 3882 3885 3895
f 3895 3885 3896
f 3898 3698 3897
f 3897 3698 3697
f 3897 3697 3899
f 3899 3697 3733
f 3899 3733 3900
f 3900 3733 3734
f 3901 3768 3898
f 3898 3768 3698
f 3901 3902 3768
f 3768 3902 3903
f 3904 3905 3907
f 3907 3905 3906
f 3869 3661 3870
f 3870 3661 3660
f 3908 3909 3896
f 3896 3909 3895
f 3909 3758 3895
f 3895 3758 3669
f 3751 3531 3752
f 3752 3531 3848
f 3858 3536 3854
f 3854 3536 3535
f 3652 3562 3757
f 3757 3562 3756
f 3651 3654 3563
f 3563 3654 3567
f 3655 3656 3808
f 3808 3656 3659
f 3530 3740 3845
f 3845 3740 3861
f 3751 3750 3556
f 3556 3750 3553
f 3817 3820 3796
f 3796 3820 3795
f 410 409 3910
f 3910 409 3855
f 3750 3757 3553
f 3553 3757 3756
f 3908 3886 3909
f 3909 3886 3780
f 409 411 3855
f 3855 411 3851
f 413 412 3760
f 3760 412 3762
f 415 414 3763
f 3763 414 3787
f 3790 3557 3538
f 3538 3557 3537
f 3555 3608 3538
f 3538 3608 3790
f 3574 3911 3575
f 3575 3911 3912
f 3535 3534 3910
f 3910 3534 3839
f 3831 3552 3542
f 3542 3552 3543
f 3534 3550 3839
f 3839 3550 3551
f 3543 3550 3544
f 3544 3550 3549
f 3913 3914 3916
f 3916 3914 3915
f 3806 3805 3589
f 3589 3805 3590
f 3849 3843 3917
f 3917 3843 3638
f 3853 3644 3859
f 3859 3644 3742
f 3747 3746 3518
f 3518 3746 3516
f 3695 3696 3767
f 3767 3696 3764
f 3903 3918 3768
f 3768 3918 3739
f 3738 3739 3816
f 3816 3739 3918
f 3919 3920 3769
f 3769 3920 3770
f 3921 3726 3922
f 3922 3726 3770
f 3678 3645 3761
f 3761 3645 3771
f 3924 3913 3923
f 3923 3913 3916
f 3802 3925 3838
f 3838 3925 3837
f 3577 3926 3558
f 3558 3926 3559
f 3815 3919 3814
f 3814 3919 3769
f 3927 3928 3822
f 3822 3928 3823
f 3829 3832 3541
f 3541 3832 3542
f 3834 3927 3822
f 3832 3829 3838
f 3838 3829 3799
f 3745 3772 3746
f 3746 3772 3647
f 3849 3748 3843
f 3843 3748 3747
f 3854 3853 3858
f 3858 3853 3859
f 3854 3535 3855
f 3855 3535 3910
f 3557 3789 3546
f 3546 3789 3826
f 3923 3823 3924
f 3924 3823 3928
f 3823 3923 3929
f 3929 3923 3930
f 3531 3751 3532
f 3532 3751 3556
f 3532 3556 3538
f 3538 3556 3555
f 3932 3634 3931
f 3931 3634 3633
f 3814 3769 3813
f 3813 3769 3725
f 3620 3636 3621
f 3621 3636 3635
f 3847 3862 3848
f 3848 3862 3752
f 3531 3530 3848
f 3848 3530 3845
f 3933 3934 3830
f 3830 3934 3831
f 3925 3933 3837
f 3837 3933 3830
f 3934 440 3831
f 3831 440 333
f 3925 3802 3833
f 3833 3802 3801
f 3776 3844 3630
f 3630 3844 3627
f 3808 3659 3662
f 3662 3659 3658
f 3667 3650 3526
f 3526 3650 3527
f 3935 3666 3936
f 3936 3666 3665
f 3718 3737 3715
f 3715 3737 3736
f 3663 3809 3664
f 3664 3809 3688
f 3807 3806 3938
f 3938 3806 3937
f 445 413 3761
f 3761 413 3760
f 3902 447 3903
f 3903 447 446
f 3897 3890 3898
f 3898 3890 3889
f 3899 3891 3897
f 3897 3891 3890
f 3898 3889 3901
f 3901 3889 3893
f 3893 3894 3901
f 3901 3894 3902
f 414 386 3787
f 3787 386 3765
f 3940 3941 3939
f 3939 3941 3942
f 3840 3797 3943
f 3943 3797 3727
f 3665 3810 3936
f 3936 3810 3944
f 3921 3735 3726
f 3726 3735 3723
f 3920 3945 3770
f 3770 3945 3922
f 3521 3524 3774
f 3774 3524 3778
f 3864 3946 3625
f 3625 3946 3947
f 3773 3705 3649
f 3649 3705 3519
f 3779 3778 3758
f 3758 3778 3524
f 3812 3716 3736
f 3736 3716 3715
f 3624 3521 3777
f 3777 3521 3774
f 3703 3856 3704
f 3704 3856 3622
f 3900 3892 3899
f 3899 3892 3891
f 3641 3917 3642
f 3642 3917 3948
f 3895 3669 3882
f 3882 3669 3668
f 3855 3851 3852
f 3852 3851 3850
f 3894 458 3902
f 3902 458 447
f 3781 3887 3660
f 3660 3887 3870
f 3570 3566 3571
f 3571 3566 3567
f 3950 3576 3949
f 3949 3576 3587
f 3605 3602 3614
f 3614 3602 3612
f 3614 3612 3570
f 3570 3612 3566
f 3571 3567 3656
f 3656 3567 3654
f 3660 3658 3781
f 3781 3658 3657
f 3604 3607 3587
f 3587 3607 3949
f 3653 3659 3654
f 3654 3659 3656
f 3529 3540 3530
f 3530 3540 3740
f 3687 3811 3688
f 3688 3811 3664
f 3813 3725 3737
f 3737 3725 3724
f 3919 3815 461
f 461 3815 303
f 3818 3798 3819
f 3819 3798 3797
f 3819 3841 3820
f 3820 3841 3951
f 3816 3815 3738
f 3738 3815 3814
f 3540 3539 3533
f 3533 3539 3549
f 3548 3547 3544
f 3544 3547 3541
f 3539 3548 3549
f 3549 3548 3544
f 3741 3931 3860
f 3860 3931 3846
f 3801 3800 3835
f 3835 3800 3836
f 3934 3933 3824
f 3824 3933 3821
f 3825 3828 3546
f 3546 3828 3547
f 3833 3821 3925
f 3925 3821 3933
f 3800 3828 3836
f 3836 3828 3825
f 3824 3952 3934
f 3934 3952 440
f 3860 3846 3861
f 3861 3846 3845
f 3629 3946 3630
f 3630 3946 3864
f 3740 3536 3861
f 3861 3536 3858
f 3833 3801 3834
f 3834 3801 3835
f 3583 3599 3580
f 3580 3599 3585
f 3651 3563 3652
f 3652 3563 3562
f 3758 3909 3779
f 3779 3909 3780
f 3621 3617 3622
f 3622 3617 3704
f 3625 3947 3626
f 3626 3947 3753
f 3633 3632 3847
f 3847 3632 3862
f 3852 3850 3640
f 3640 3850 3641
f 3644 3853 3640
f 3640 3853 3852
f 3859 3742 3860
f 3860 3742 3741
f 3632 3627 3862
f 3862 3627 3844
f 3755 3863 3626
f 3626 3863 3623
f 3917 3638 3948
f 3948 3638 3637
f 3644 3643 3742
f 3742 3643 3743
f 3931 3633 3846
f 3846 3633 3847
f 3625 3624 3864
f 3864 3624 3777
f 3917 3641 3849
f 3849 3641 3850
f 3744 3932 3741
f 3741 3932 3931
f 3903 446 3918
f 3918 446 464
f 3953 3954 3956
f 3956 3954 3955
f 3958 3959 3957
f 3957 3959 3960
f 3876 3958 3877
f 3877 3958 3957
f 3877 3957 3961
f 3961 3957 3962
f 3963 3964 3958
f 3958 3964 3959
f 3965 3966 3876
f 3876 3966 3958
f 3966 3963 3958
f 3966 3967 3963
f 3963 3967 3968
f 3878 3877 3879
f 3879 3877 3961
f 3967 3969 3968
f 3968 3969 3970
f 3969 3971 3970
f 3970 3971 3972
f 3974 3904 3973
f 3973 3904 3907
f 3971 3975 3972
f 3972 3975 3976
f 3976 3975 3978
f 3978 3975 3977
f 3979 3980 3977
f 3977 3980 3978
f 3981 3982 3979
f 3979 3982 3980
f 3983 3984 3981
f 3981 3984 3982
f 3972 3985 3970
f 3970 3985 3986
f 3871 3987 3969
f 3969 3987 3971
f 3872 3871 3967
f 3967 3871 3969
f 3965 3872 3966
f 3966 3872 3967
f 3970 3986 3968
f 3968 3986 3988
f 3879 3961 3884
f 3884 3961 3940
f 3884 3940 3885
f 3885 3940 3939
f 3989 3990 3992
f 3992 3990 3991
f 3942 3993 3995
f 3995 3993 3994
f 3994 3996 3995
f 3995 3996 3974
f 3997 3998 3994
f 3994 3998 3996
f 3999 3997 3993
f 3993 3997 3994
f 4001 3996 4000
f 4000 3996 3998
f 4000 3998 4002
f 4002 3998 4003
f 4004 4003 3997
f 3997 4003 3998
f 3997 3999 4004
f 4004 3999 4005
f 4006 3995 3973
f 3973 3995 3974
f 3939 3942 4006
f 4006 3942 3995
f 3906 3887 3907
f 3907 3887 3886
f 3887 3906 3870
f 3870 3906 3867
f 3908 3973 3886
f 3886 3973 3907
f 3865 4007 3866
f 3866 4007 4008
f 3984 3983 4009
f 4009 3983 4010
f 3961 3962 3940
f 3940 3962 3941
f 4012 3868 4011
f 4011 3868 3867
f 4013 3975 3987
f 3987 3975 3971
f 4014 3977 4013
f 4013 3977 3975
f 4015 4010 4007
f 4007 4010 3983
f 4007 3983 4008
f 4008 3983 3981
f 4008 3981 4016
f 4016 3981 3979
f 4017 3984 4018
f 4018 3984 4009
f 3977 4014 3979
f 3979 4014 4016
f 3982 3984 4019
f 4019 3984 4017
f 4021 4022 4020
f 4020 4022 4023
f 4022 4012 4023
f 4023 4012 4011
f 4023 3904 4020
f 4020 3904 3974
f 4024 4025 4018
f 4018 4025 4017
f 4026 4027 4024
f 4024 4027 4025
f 4028 4026 4029
f 4029 4026 4024
f 4018 4021 4024
f 4024 4021 4029
f 4030 4031 4026
f 4026 4031 4027
f 4032 4030 4028
f 4028 4030 4026
f 4029 4001 4028
f 4028 4001 4000
f 4028 4000 4032
f 4032 4000 4002
f 4034 4035 4033
f 4033 4035 4036
f 4037 4038 4019
f 4019 4038 4039
f 4041 4039 4040
f 4040 4039 4038
f 4040 4038 4042
f 4042 4038 4036
f 4042 4036 4043
f 4043 4036 4035
f 3985 4044 4046
f 4046 4044 4045
f 4047 4048 4045
f 4045 4048 4046
f 4047 4049 4048
f 4048 4049 4050
f 4042 4047 4040
f 4040 4047 4045
f 4043 4049 4042
f 4042 4049 4047
f 4040 4045 4041
f 4041 4045 4044
f 4052 3959 4051
f 4051 3959 3964
f 4053 4054 4051
f 4051 4054 4055
f 3956 3960 4052
f 4052 3960 3959
f 3953 3956 4056
f 4056 3956 4052
f 4058 3953 4057
f 4057 3953 4056
f 4060 4061 4059
f 4059 4061 4062
f 4063 4064 4054
f 4054 4064 4057
f 4054 4053 4063
f 4063 4053 4065
f 4066 4067 4069
f 4069 4067 4068
f 4048 4050 4063
f 4063 4050 4064
f 4063 4065 4048
f 4048 4065 4046
f 3985 4046 3986
f 3986 4046 4065
f 3986 4065 3988
f 3988 4065 4053
f 3988 4053 3964
f 3964 4053 4051
f 3976 3978 4044
f 4044 3978 4041
f 3980 3982 4039
f 4039 3982 4019
f 4039 4041 3980
f 3980 4041 3978
f 3973 3908 4006
f 4006 3908 3896
f 3885 3939 3896
f 3896 3939 4006
f 4031 4034 4027
f 4027 4034 4033
f 4027 4033 4025
f 4025 4033 4037
f 4019 4017 4037
f 4037 4017 4025
f 3993 3942 4070
f 4070 3942 3941
f 3999 3993 4071
f 4071 3993 4070
f 3999 4071 4005
f 4005 4071 4072
f 4073 4074 4076
f 4076 4074 4075
f 4078 4079 4077
f 4077 4079 4080
f 4082 4080 4081
f 4081 4080 4079
f 4084 4085 4083
f 4083 4085 4086
f 4087 4088 4090
f 4090 4088 4089
f 4092 4093 4091
f 4091 4093 4094
f 4096 4097 4095
f 4095 4097 4098
f 4100 4101 4099
f 4099 4101 4102
f 4103 4104 4106
f 4106 4104 4105
f 4108 4109 4107
f 4107 4109 4110
f 4112 4113 4111
f 4111 4113 4114
f 4116 4117 4115
f 4115 4117 4118
f 4120 4121 4119
f 4119 4121 4122
f 4123 4124 4126
f 4126 4124 4125
f 4127 4128 4130
f 4130 4128 4129
f 4132 4133 4131
f 4131 4133 4134
f 4136 4108 4135
f 4135 4108 4107
f 4138 4139 4137
f 4137 4139 4140
f 4141 4142 4088
f 4088 4142 4089
f 4144 4145 4143
f 4143 4145 4146
f 4148 4149 4147
f 4147 4149 4150
f 4152 4153 4151
f 4151 4153 4154
f 4156 4082 4155
f 4155 4082 4081
f 4157 4158 4160
f 4160 4158 4159
f 4161 4162 4164
f 4164 4162 4163
f 4166 4122 4165
f 4165 4122 4121
f 4168 4152 4167
f 4167 4152 4151
f 4169 4170 4172
f 4172 4170 4171
f 4174 4175 4173
f 4173 4175 4176
f 4178 4149 4177
f 4177 4149 4179
f 4173 4176 4180
f 4180 4176 4181
f 4156 4085 4182
f 4182 4085 4183
f 4182 4184 4156
f 4156 4184 4082
f 4185 4186 4184
f 4184 4186 4187
f 4186 4188 4187
f 4187 4188 4189
f 4190 4191 4073
f 4073 4191 4074
f 4177 4179 4158
f 4158 4179 4159
f 4193 4127 4192
f 4192 4127 4130
f 4144 4194 4151
f 4151 4194 4167
f 4196 4197 4195
f 4195 4197 4198
f 4095 4199 4096
f 4096 4199 4200
f 4201 4202 4204
f 4204 4202 4203
f 4205 4206 4208
f 4208 4206 4207
f 4121 4120 4209
f 4209 4120 4210
f 4212 4213 4211
f 4211 4213 4214
f 4216 4217 4215
f 4215 4217 4218
f 4220 4221 4219
f 4219 4221 4222
f 4224 4196 4223
f 4223 4196 4195
f 4225 4226 4134
f 4134 4226 4131
f 4228 4229 4227
f 4227 4229 4230
f 4232 4233 4231
f 4231 4233 4098
f 4235 4236 4234
f 4234 4236 4237
f 4239 4240 4238
f 4238 4240 4241
f 4242 4243 4245
f 4245 4243 4244
f 4246 4247 4249
f 4249 4247 4248
f 4251 4252 4250
f 4250 4252 4253
f 4255 4256 4254
f 4254 4256 4257
f 4259 4260 4258
f 4258 4260 4261
f 4263 4264 4262
f 4262 4264 4265
f 4267 4268 4266
f 4266 4268 4269
f 4271 4199 4270
f 4270 4199 4272
f 4273 4274 4276
f 4276 4274 4275
f 4115 4118 4277
f 4277 4118 4278
f 4280 4281 4279
f 4279 4281 4282
f 4211 4283 4212
f 4212 4283 4284
f 4286 4287 4285
f 4285 4287 4288
f 4165 4121 4289
f 4289 4121 4209
f 4291 4286 4290
f 4290 4286 4285
f 4293 4294 4292
f 4292 4294 4295
f 4297 4298 4296
f 4296 4298 4299
f 4301 4302 4300
f 4300 4302 4303
f 4299 4304 4296
f 4296 4304 4305
f 4306 4292 4307
f 4307 4292 4295
f 4307 4308 4306
f 4306 4308 4309
f 4310 4309 4075
f 4075 4309 4308
f 4299 4298 4312
f 4312 4298 4311
f 4302 4301 4293
f 4293 4301 4294
f 3735 3921 4313
f 4313 3921 4314
f 4315 4314 3922
f 3922 4314 3921
f 4316 3945 829
f 829 3945 830
f 4289 4317 4165
f 4165 4317 4318
f 4320 4321 4319
f 4319 4321 4322
f 4324 4325 4323
f 4323 4325 4326
f 4327 4328 4330
f 4330 4328 4329
f 4290 4331 4291
f 4291 4331 4332
f 4165 4318 4166
f 4166 4318 4333
f 4334 4335 4337
f 4337 4335 4336
f 4339 4340 4338
f 4338 4340 4341
f 4168 4343 4342
f 4342 4343 4344
f 4346 4347 4345
f 4345 4347 4348
f 4350 4351 4349
f 4349 4351 4352
f 4354 4355 4353
f 4353 4355 4356
f 4357 4358 4324
f 4324 4358 4325
f 4337 4359 4334
f 4334 4359 4360
f 4362 4363 4361
f 4361 4363 4364
f 4366 4367 4365
f 4365 4367 4368
f 4369 4370 4372
f 4372 4370 4371
f 4331 4290 4374
f 4374 4290 4373
f 4373 4376 4375
f 4375 4376 4377
f 4379 4380 4378
f 4378 4380 4381
f 4217 4382 4218
f 4218 4382 4383
f 4385 4386 4384
f 4384 4386 4387
f 4388 4389 4338
f 4338 4389 4390
f 4337 4336 4392
f 4392 4336 4391
f 4394 4362 4393
f 4393 4362 4361
f 4396 4397 4395
f 4395 4397 4398
f 4400 4401 4399
f 4399 4401 4402
f 4345 4403 4346
f 4346 4403 4404
f 4405 4406 4342
f 4342 4406 4407
f 4409 4410 4408
f 4408 4410 4411
f 4408 4412 4409
f 4409 4412 4413
f 4181 4415 4414
f 4414 4415 4416
f 4182 4183 4417
f 4417 4183 4418
f 4419 4353 4311
f 4311 4353 4312
f 4421 4422 4420
f 4420 4422 4423
f 4353 4356 4312
f 4312 4356 4424
f 4166 4333 4425
f 4425 4333 4426
f 4425 4143 4166
f 4166 4143 4122
f 4427 4107 4428
f 4428 4107 4110
f 4429 4430 4174
f 4174 4430 4175
f 4335 4431 4336
f 4336 4431 4390
f 4336 4390 4391
f 4391 4390 4389
f 4432 4433 4435
f 4435 4433 4434
f 4437 4438 4436
f 4436 4438 4439
f 4441 4442 4440
f 4440 4442 4443
f 4359 4444 4361
f 4361 4444 4393
f 4446 4447 4445
f 4445 4447 4448
f 4338 4341 4388
f 4388 4341 4449
f 4450 4451 4398
f 4398 4451 4395
f 4453 4454 4452
f 4452 4454 4455
f 4457 4458 4456
f 4456 4458 4459
f 4460 4461 4448
f 4448 4461 4445
f 4463 4464 4462
f 4462 4464 4465
f 4462 4465 4466
f 4466 4465 4467
f 4468 4469 4467
f 4467 4469 4466
f 4469 4468 4470
f 4470 4468 4471
f 4472 4473 4471
f 4471 4473 4470
f 4475 4476 4474
f 4474 4476 4477
f 4479 4480 4478
f 4478 4480 4481
f 4483 4484 4482
f 4482 4484 4485
f 4487 4488 4486
f 4486 4488 4489
f 4491 4492 4490
f 4490 4492 4493
f 4494 4495 4493
f 4493 4495 4490
f 4496 4497 4494
f 4494 4497 4495
f 4497 4496 4498
f 4498 4496 4499
f 4500 4501 4503
f 4503 4501 4502
f 4505 4506 4504
f 4504 4506 4507
f 4466 4508 4462
f 4462 4508 4509
f 4470 4510 4469
f 4469 4510 4511
f 4513 4479 4512
f 4512 4479 4478
f 4515 4443 4514
f 4514 4443 4442
f 4516 4517 4519
f 4519 4517 4518
f 4521 4495 4520
f 4520 4495 4497
f 4522 4490 4521
f 4521 4490 4495
f 4491 4523 4488
f 4488 4523 4524
f 4525 4489 4524
f 4524 4489 4488
f 4484 4526 4485
f 4485 4526 4527
f 4503 4528 4500
f 4500 4528 4529
f 4530 4531 4533
f 4533 4531 4532
f 4535 4506 4534
f 4534 4506 4530
f 4486 4536 4487
f 4487 4536 4537
f 4487 4537 4492
f 4492 4537 4538
f 4494 4539 4496
f 4496 4539 4540
f 4542 4533 4541
f 4541 4533 4499
f 4544 4545 4543
f 4543 4545 4546
f 4548 4549 4547
f 4547 4549 4550
f 4536 4551 4537
f 4537 4551 4552
f 4537 4552 4538
f 4538 4552 4553
f 4554 4539 4556
f 4556 4539 4555
f 4557 4540 4554
f 4554 4540 4539
f 4559 4557 4558
f 4558 4557 4560
f 4540 4557 4541
f 4541 4557 4559
f 4562 4563 4561
f 4561 4563 4564
f 4546 4565 4543
f 4543 4565 4566
f 4547 4567 4548
f 4548 4567 4568
f 4570 4571 4569
f 4569 4571 4572
f 4574 4575 4573
f 4573 4575 4576
f 4578 4579 4577
f 4577 4579 4580
f 4582 4583 4581
f 4581 4583 4584
f 4585 4586 4588
f 4588 4586 4587
f 4589 4585 4590
f 4590 4585 4588
f 4592 4593 4591
f 4591 4593 4594
f 4596 4597 4595
f 4595 4597 4598
f 4600 4601 4599
f 4599 4601 4602
f 4563 4604 4603
f 4603 4604 4605
f 4603 4606 4608
f 4608 4606 4607
f 4609 4610 4594
f 4594 4610 4591
f 4611 4612 4614
f 4614 4612 4613
f 4616 4617 4615
f 4615 4617 4618
f 4602 4620 4619
f 4619 4620 4621
f 4619 4622 4602
f 4602 4622 4599
f 4605 4599 4623
f 4623 4599 4622
f 4605 4623 4603
f 4603 4623 4606
f 4625 4626 4624
f 4624 4626 4627
f 4438 4437 4628
f 4628 4437 4629
f 4442 4441 4630
f 4630 4441 4631
f 4630 4632 4442
f 4442 4632 4514
f 4633 4634 4529
f 4529 4634 4500
f 4500 4634 4501
f 4501 4634 4635
f 4637 4546 4636
f 4636 4546 4545
f 4639 4565 4638
f 4638 4565 4640
f 4573 4576 4641
f 4641 4576 4642
f 4593 4643 4594
f 4594 4643 4644
f 4645 4609 4644
f 4644 4609 4594
f 4647 4648 4646
f 4646 4648 4649
f 4651 4652 4650
f 4650 4652 4653
f 4654 4498 4519
f 4519 4498 4532
f 4520 4508 4521
f 4521 4508 4511
f 4522 4510 4523
f 4523 4510 4655
f 4524 4656 4525
f 4525 4656 4657
f 4514 4529 4515
f 4515 4529 4528
f 4658 4659 4661
f 4661 4659 4660
f 4496 4540 4499
f 4499 4540 4541
f 4493 4555 4494
f 4494 4555 4539
f 4549 4483 4550
f 4550 4483 4482
f 4545 4544 4501
f 4501 4544 4502
f 4636 4545 4635
f 4635 4545 4501
f 4589 4663 4662
f 4662 4663 4664
f 4662 4665 4558
f 4558 4665 4559
f 4569 4586 4570
f 4570 4586 4560
f 4552 4666 4553
f 4553 4666 4667
f 4668 4669 4670
f 4670 4669 4666
f 4672 4673 4671
f 4671 4673 4674
f 4287 4675 4288
f 4288 4675 4676
f 4678 4679 4677
f 4677 4679 4680
f 4681 4678 4682
f 4682 4678 4677
f 4682 4683 4681
f 4681 4683 4684
f 4161 4164 4685
f 4685 4164 4686
f 4414 4687 4689
f 4689 4687 4688
f 4405 4690 4346
f 4346 4690 4347
f 4691 4399 4693
f 4693 4399 4692
f 1209 4694 4365
f 4365 4694 4366
f 4650 1211 4651
f 4651 1211 1210
f 4695 4696 4255
f 4255 4696 4256
f 4697 4698 4218
f 4218 4698 4215
f 4700 4701 4699
f 4699 4701 4702
f 4703 4704 4303
f 4303 4704 4300
f 4315 3922 4316
f 4316 3922 3945
f 4653 4706 4705
f 4705 4706 4707
f 4709 4710 4708
f 4708 4710 4711
f 4335 4334 4713
f 4713 4334 4712
f 4714 4340 4321
f 4321 4340 4322
f 4716 4717 4715
f 4715 4717 4718
f 4238 4241 4719
f 4719 4241 4720
f 4231 4721 4307
f 4307 4721 4308
f 4723 4724 4722
f 4722 4724 4725
f 4727 4728 4726
f 4726 4728 4729
f 4730 4731 4327
f 4327 4731 4328
f 4733 4734 4732
f 4732 4734 4735
f 4720 4381 4736
f 4736 4381 4737
f 4738 4739 4741
f 4741 4739 4740
f 4743 4744 4742
f 4742 4744 4745
f 4338 4390 4339
f 4339 4390 4431
f 4746 4747 4431
f 4431 4747 4339
f 4291 4332 4289
f 4289 4332 4317
f 4289 4209 4291
f 4291 4209 4286
f 4287 4286 4210
f 4210 4286 4209
f 4749 4750 4748
f 4748 4750 4751
f 4212 4284 4752
f 4752 4284 4753
f 4752 4754 4212
f 4212 4754 4213
f 4252 4251 4225
f 4225 4251 4226
f 4227 4230 4248
f 4248 4230 4249
f 4205 4755 4757
f 4757 4755 4756
f 4708 4711 4758
f 4758 4711 4647
f 4367 4366 4759
f 4759 4366 4760
f 4526 4513 4527
f 4527 4513 4512
f 4420 4423 4385
f 4385 4423 4386
f 4705 4761 4653
f 4653 4761 4650
f 4761 1279 4650
f 4650 1279 1211
f 4762 4763 3944
f 3944 4763 3936
f 4274 4273 4765
f 4765 4273 4764
f 4767 4768 4766
f 4766 4768 4769
f 4770 4771 4769
f 4769 4771 4766
f 4771 4770 4242
f 4242 4770 4243
f 4093 4163 4094
f 4094 4163 4162
f 4772 4773 4775
f 4775 4773 4774
f 4777 4778 4776
f 4776 4778 4779
f 4417 4185 4182
f 4182 4185 4184
f 4780 4078 4781
f 4781 4078 4077
f 4781 4077 4782
f 4782 4077 4189
f 4188 4783 4189
f 4189 4783 4782
f 4295 4232 4307
f 4307 4232 4231
f 4785 4786 4784
f 4784 4786 4787
f 4784 1307 4785
f 4785 1307 1306
f 4078 4780 4096
f 4096 4780 4097
f 4075 4074 4310
f 4310 4074 4788
f 4788 4074 4789
f 4789 4074 4191
f 4789 4191 4059
f 4059 4191 4790
f 4791 4277 4792
f 4792 4277 4278
f 3732 3735 4793
f 4793 3735 4313
f 4793 4794 3732
f 3732 4794 3731
f 4792 4795 4791
f 4791 4795 4796
f 4797 4798 4799
f 4799 4798 4724
f 4763 4800 3936
f 3936 4800 3935
f 4801 4062 3729
f 3729 4062 3730
f 4713 4712 4802
f 4802 4712 4803
f 4146 4804 4119
f 4119 4804 4805
f 4498 4654 4497
f 4497 4654 4520
f 4806 4807 1326
f 1326 4807 1327
f 4689 4688 1330
f 1330 4688 1331
f 4801 4789 4062
f 4062 4789 4059
f 3730 4062 4808
f 4808 4062 4061
f 4810 4811 4809
f 4809 4811 4812
f 4813 4403 4814
f 4814 4403 4345
f 4815 4816 4349
f 4349 4816 4350
f 4817 4818 4820
f 4820 4818 4819
f 4406 4821 4407
f 4407 4821 4822
f 4823 4161 4824
f 4824 4161 4685
f 4181 4414 4825
f 4825 4414 4689
f 4741 4740 4826
f 4826 4740 4827
f 4828 4829 4827
f 4827 4829 4826
f 4142 4141 4415
f 4415 4141 4148
f 4830 1354 4761
f 4761 1354 1279
f 4832 4833 4831
f 4831 4833 4834
f 4835 4836 4626
f 4626 4836 4421
f 4451 4709 4395
f 4395 4709 4708
f 4627 4420 4837
f 4837 4420 4385
f 4837 1365 4838
f 4838 1365 1364
f 4397 4396 4839
f 4839 4396 4840
f 4842 4628 4841
f 4841 4628 4629
f 4671 4674 4631
f 4631 4674 4630
f 4674 4659 4630
f 4630 4659 4632
f 4633 4632 4658
f 4658 4632 4659
f 4658 4504 4633
f 4633 4504 4634
f 4635 4634 4507
f 4507 4634 4504
f 4843 4636 4507
f 4507 4636 4635
f 4844 4637 4843
f 4843 4637 4636
f 4637 4844 4640
f 4640 4844 4664
f 4638 4663 4642
f 4642 4663 4845
f 4847 4643 4846
f 4846 4643 4641
f 4644 4848 4645
f 4645 4848 4849
f 4851 4852 4850
f 4850 4852 4853
f 4855 4856 4854
f 4854 4856 4857
f 4859 4860 4858
f 4858 4860 4857
f 4715 4718 4859
f 4859 4718 4860
f 4862 4863 4861
f 4861 4863 4864
f 4866 4867 4865
f 4865 4867 4868
f 4870 4871 4869
f 4869 4871 4872
f 4869 4872 4116
f 4116 4872 4117
f 4820 4819 4874
f 4874 4819 4873
f 4876 4877 4875
f 4875 4877 4878
f 4880 4881 4879
f 4879 4881 4882
f 4884 4885 4883
f 4883 4885 4886
f 4887 4888 4280
f 4280 4888 4281
f 4818 4817 4889
f 4889 4817 4890
f 4891 4193 4823
f 4823 4193 4192
f 4892 4893 4228
f 4228 4893 4229
f 4158 4157 4894
f 4894 4157 4895
f 4896 4897 4132
f 4132 4897 4133
f 4099 4683 4100
f 4100 4683 4682
f 4101 4100 4899
f 4899 4100 4898
f 4150 4106 4147
f 4147 4106 4900
f 4100 4682 4898
f 4898 4682 4677
f 4080 4082 4187
f 4187 4082 4184
f 4077 4080 4189
f 4189 4080 4187
f 4191 4190 4790
f 4790 4190 4901
f 4177 4158 4680
f 4680 4158 4894
f 4108 4136 4752
f 4752 4136 4754
f 4752 4753 4108
f 4108 4753 4109
f 4817 4902 4890
f 4890 4902 4903
f 4904 4905 4907
f 4907 4905 4906
f 4909 4910 4908
f 4908 4910 4911
f 4913 4914 4912
f 4912 4914 4915
f 4916 4917 4919
f 4919 4917 4918
f 4312 4424 4299
f 4299 4424 4304
f 4920 4921 4297
f 4297 4921 4298
f 4194 4922 4167
f 4167 4922 4923
f 4924 4400 4691
f 4691 4400 4399
f 4395 4708 4396
f 4396 4708 4758
f 4367 4925 4368
f 4368 4925 4926
f 4919 4918 4873
f 4873 4918 4874
f 4836 4927 4421
f 4421 4927 4422
f 4921 4928 4298
f 4298 4928 4311
f 4143 4146 4122
f 4122 4146 4119
f 4929 4930 4455
f 4455 4930 4452
f 4932 4933 4931
f 4931 4933 4934
f 4935 4936 4932
f 4932 4936 4933
f 4461 4460 4457
f 4457 4460 4458
f 4480 4479 4475
f 4475 4479 4476
f 4660 4673 4517
f 4517 4673 4937
f 4661 4505 4658
f 4658 4505 4504
f 4484 4483 4489
f 4489 4483 4486
f 4462 4509 4463
f 4463 4509 4518
f 4469 4511 4466
f 4466 4511 4508
f 4655 4473 4656
f 4656 4473 4477
f 4476 4657 4477
f 4477 4657 4656
f 4479 4513 4476
f 4476 4513 4657
f 4489 4525 4484
f 4484 4525 4526
f 4483 4549 4486
f 4486 4549 4536
f 4549 4548 4536
f 4536 4548 4551
f 4548 4568 4551
f 4551 4568 4670
f 4663 4589 4845
f 4845 4589 4590
f 4668 4577 4938
f 4938 4577 4580
f 4940 4938 4939
f 4939 4938 4941
f 4940 4942 4669
f 4669 4942 4943
f 4587 4582 4944
f 4944 4582 4581
f 4848 4847 4608
f 4608 4847 4564
f 4616 4945 4613
f 4613 4945 4598
f 4615 4946 4616
f 4616 4946 4945
f 4947 4939 4948
f 4948 4939 4946
f 4599 4605 4600
f 4600 4605 4604
f 4608 4607 4848
f 4848 4607 4849
f 4613 4612 4616
f 4616 4612 4617
f 4835 4949 4709
f 4709 4949 4710
f 4357 1477 4837
f 4837 1477 1365
f 4712 4950 4803
f 4803 4950 4951
f 4401 4952 4402
f 4402 4952 4953
f 4759 4760 4402
f 4402 4760 4399
f 4508 4520 4509
f 4509 4520 4654
f 4510 4522 4511
f 4511 4522 4521
f 4513 4526 4657
f 4657 4526 4525
f 4632 4633 4514
f 4514 4633 4529
f 4931 4934 4453
f 4453 4934 4454
f 4153 4954 4154
f 4154 4954 4955
f 4957 4958 4956
f 4956 4958 4959
f 4961 4962 4960
f 4960 4962 4963
f 4120 4964 4210
f 4210 4964 4965
f 4967 4968 4966
f 4966 4968 4969
f 4349 4692 4815
f 4815 4692 4970
f 4652 4971 4653
f 4653 4971 4706
f 4758 4647 4972
f 4972 4647 4646
f 4973 4363 4646
f 4646 4363 4972
f 4950 4360 4974
f 4974 4360 4364
f 4431 4335 4746
f 4746 4335 4713
f 4358 4714 4325
f 4325 4714 4321
f 4765 4764 4266
f 4266 4764 4975
f 4202 4976 4203
f 4203 4976 4977
f 4917 4978 4918
f 4918 4978 4979
f 4279 4282 4854
f 4854 4282 4269
f 4820 4880 4817
f 4817 4880 4902
f 4890 4903 4980
f 4980 4903 4886
f 4982 4983 4981
f 4981 4983 4123
f 4795 4851 4796
f 4796 4851 4850
f 4918 4979 4874
f 4874 4979 4881
f 4809 4404 4810
f 4810 4404 4403
f 4354 4985 4984
f 4984 4985 4986
f 1364 1516 4838
f 4838 1516 4987
f 4759 4988 4367
f 4367 4988 4925
f 4989 4990 4481
f 4481 4990 4478
f 4443 4515 4990
f 4990 4515 4991
f 4527 4512 4992
f 4992 4512 4991
f 4528 4503 4992
f 4992 4503 4993
f 4993 4994 4485
f 4485 4994 4482
f 4544 4995 4502
f 4502 4995 4994
f 4995 4996 4550
f 4550 4996 4547
f 4998 4999 4997
f 4997 4999 4566
f 4998 5000 4578
f 4578 5000 4579
f 5001 5002 4596
f 4596 5002 4597
f 5003 4591 5004
f 5004 4591 4610
f 4626 4421 4627
f 4627 4421 4420
f 4837 4838 4627
f 4627 4838 4624
f 4761 4705 4830
f 4830 4705 5005
f 4705 4707 5005
f 5005 4707 5006
f 4308 4721 4075
f 4075 4721 4076
f 5007 4200 4797
f 4797 4200 4798
f 4685 4686 5008
f 5008 4686 5009
f 4889 4890 5010
f 5010 4890 4980
f 4323 1541 4324
f 4324 1541 1540
f 4385 4384 4358
f 4358 4384 4714
f 4396 4758 4840
f 4840 4758 4972
f 4866 4852 5011
f 5011 4852 5012
f 5013 4260 4980
f 4980 4260 5010
f 4875 4878 5014
f 5014 4878 5015
f 5017 5018 5016
f 5016 5018 5019
f 5016 5019 5020
f 5020 5019 5021
f 5023 5024 5022
f 5022 5024 5025
f 5027 5028 5026
f 5026 5028 5029
f 5031 5032 5030
f 5030 5032 5033
f 5035 5036 5034
f 5034 5036 5037
f 5039 5040 5038
f 5038 5040 5041
f 5043 5044 5042
f 5042 5044 5045
f 5038 5046 5039
f 5039 5046 5047
f 5049 5050 5048
f 5048 5050 5051
f 5053 5054 5052
f 5052 5054 5055
f 5057 5024 5056
f 5056 5024 5058
f 5060 5061 5059
f 5059 5061 5062
f 5064 5065 5063
f 5063 5065 5066
f 5043 5050 5064
f 5064 5050 5065
f 5038 5041 5067
f 5067 5041 5068
f 5070 5071 5069
f 5069 5071 5072
f 5074 5075 5073
f 5073 5075 5076
f 5034 5077 5035
f 5035 5077 5078
f 5080 5081 5079
f 5079 5081 5082
f 5084 5085 5083
f 5083 5085 5086
f 5085 5084 5087
f 5087 5084 5088
f 5090 5091 5089
f 5089 5091 5092
f 5094 5095 5093
f 5093 5095 5096
f 5098 5099 5097
f 5097 5099 5100
f 5102 5103 5101
f 5101 5103 5104
f 5105 5106 5108
f 5108 5106 5107
f 5110 5111 5109
f 5109 5111 5112
f 5114 5094 5113
f 5113 5094 5093
f 5116 5117 5115
f 5115 5117 5118
f 5120 5121 5119
f 5119 5121 5122
f 5124 5125 5123
f 5123 5125 5126
f 5128 5129 5127
f 5127 5129 5130
f 5097 5131 5098
f 5098 5131 5132
f 5134 5135 5133
f 5133 5135 5122
f 5084 5125 5088
f 5088 5125 5136
f 5138 5139 5137
f 5137 5139 5140
f 5142 5102 5141
f 5141 5102 5101
f 5106 5143 5107
f 5107 5143 5144
f 5146 5147 5145
f 5145 5147 5148
f 5149 5150 5109
f 5109 5150 5110
f 5151 5110 5152
f 5152 5110 5150
f 4715 5140 4716
f 4716 5140 5139
f 5143 4870 5144
f 5144 4870 4869
f 4115 5146 4116
f 4116 5146 5145
f 4791 4796 5149
f 5149 4796 5150
f 4796 4850 5150
f 5150 4850 5152
f 4858 5142 4859
f 4859 5142 5141
f 5153 5154 5115
f 5115 5154 5105
f 5156 5157 5155
f 5155 5157 5158
f 5159 5160 5053
f 5053 5160 5054
f 5161 5162 5020
f 5020 5162 5068
f 5026 5029 5163
f 5163 5029 5021
f 5083 5086 5164
f 5164 5086 5165
f 5090 5167 5166
f 5166 5167 5168
f 5169 5170 5172
f 5172 5170 5171
f 5174 5175 5173
f 5173 5175 5176
f 5177 5109 5178
f 5178 5109 5112
f 5179 5180 5182
f 5182 5180 5181
f 5123 5126 5120
f 5120 5126 5121
f 5180 5167 5181
f 5181 5167 5183
f 5184 5185 5179
f 5179 5185 5180
f 5186 5149 5177
f 5177 5149 5109
f 4868 5184 4865
f 4865 5184 5179
f 5188 5189 5187
f 5187 5189 5190
f 4277 4791 5186
f 5186 4791 5149
f 5179 5182 4865
f 4865 5182 4853
f 5189 4862 5190
f 5190 4862 4861
f 5156 5075 5191
f 5191 5075 5192
f 5036 5035 5193
f 5193 5035 5194
f 5115 5118 5153
f 5153 5118 5195
f 5022 5025 5196
f 5196 5025 5197
f 5155 5158 5069
f 5069 5158 5062
f 5063 5066 5198
f 5198 5066 5199
f 5073 5076 5200
f 5200 5076 5072
f 5202 5131 5201
f 5201 5131 5203
f 5143 5106 5204
f 5204 5106 5205
f 5114 5113 5206
f 5206 5113 5127
f 5098 5132 5193
f 5193 5132 5195
f 5204 5207 5143
f 5143 5207 4870
f 5088 5136 5208
f 5208 5136 5092
f 5209 5210 5089
f 5089 5210 5183
f 5211 5018 5060
f 5060 5018 5061
f 5017 5040 5070
f 5070 5040 5071
f 5191 5160 5156
f 5156 5160 5157
f 5048 5028 5049
f 5049 5028 5058
f 5207 5204 4858
f 4858 5204 5142
f 4859 5141 4715
f 4715 5141 5140
f 5212 5162 5042
f 5042 5162 5051
f 5182 5152 4853
f 4853 5152 4850
f 5214 5134 5213
f 5213 5134 5133
f 5164 5165 5133
f 5133 5165 5213
f 5215 5216 5201
f 5201 5216 5217
f 5147 5218 5148
f 5148 5218 5219
f 5147 5177 5218
f 5218 5177 5178
f 5141 5101 5140
f 5140 5101 5137
f 5201 5217 5202
f 5202 5217 5104
f 5146 5186 5147
f 5147 5186 5177
f 4277 5186 4115
f 4115 5186 5146
f 5191 5192 5031
f 5031 5192 5032
f 5052 5055 5220
f 5220 5055 5197
f 4116 5145 4869
f 4869 5145 5144
f 5034 5037 5214
f 5214 5037 5134
f 5097 5100 5114
f 5114 5100 5094
f 5108 5107 5219
f 5219 5107 5148
f 5221 5135 5116
f 5116 5135 5117
f 5124 5111 5209
f 5209 5111 5210
f 5107 5144 5148
f 5148 5144 5145
f 5152 5182 5151
f 5151 5182 5181
f 5208 5222 5088
f 5088 5222 5087
f 5222 5208 5171
f 5171 5208 5172
f 5223 1756 4698
f 4698 1756 1755
f 4427 5224 4107
f 4107 5224 4135
f 4178 4679 5225
f 5225 4679 5226
f 5227 5228 4892
f 4892 5228 4893
f 5229 5230 4171
f 4171 5230 4172
f 4855 4268 4884
f 4884 4268 4885
f 4884 4871 4855
f 4855 4871 4856
f 4684 5231 4896
f 4896 5231 4897
f 4768 4767 5009
f 5009 4767 5008
f 5205 5154 5102
f 5102 5154 5103
f 5099 5098 5194
f 5194 5098 5193
f 5198 5199 5079
f 5079 5199 5033
f 5102 5142 5205
f 5205 5142 5204
f 5224 4427 4681
f 4681 4427 4678
f 3712 3711 5232
f 5232 3711 5233
f 3968 3988 3963
f 3963 3988 3964
f 3976 4044 3972
f 3972 4044 3985
f 4038 4037 4036
f 4036 4037 4033
f 4794 4762 3731
f 3731 4762 3944
f 3731 3944 3722
f 3722 3944 3810
f 3874 5234 5232
f 5232 5234 3712
f 3906 3905 3867
f 3867 3905 4011
f 3904 4023 3905
f 3905 4023 4011
f 3719 3722 3811
f 3811 3722 3810
f 3812 3719 3687
f 3687 3719 3811
f 3716 3812 3686
f 3686 3812 3687
f 3713 3716 3685
f 3685 3716 3686
f 4810 4403 5235
f 5235 4403 4813
f 4345 1770 4814
f 4814 1770 1769
f 4067 4066 4058
f 4058 4066 5236
f 4043 4068 4049
f 4049 4068 4050
f 4034 5237 3989
f 3989 5237 3990
f 4031 4030 4072
f 4072 4030 4005
f 4003 4004 4002
f 4002 4004 4032
f 4004 4005 4032
f 4032 4005 4030
f 4067 4064 4068
f 4068 4064 4050
f 4058 4057 4067
f 4067 4057 4064
f 4035 4034 5238
f 5238 4034 3989
f 5236 5239 4058
f 4058 5239 5240
f 5234 3874 5241
f 5241 3874 3873
f 5241 3873 3881
f 3881 3873 3878
f 4800 4763 4788
f 4788 4763 4310
f 4763 4762 4310
f 4310 4762 4309
f 4762 4794 4309
f 4309 4794 4306
f 4794 4793 4306
f 4306 4793 4292
f 4293 4313 4302
f 4302 4313 4314
f 4302 4314 4303
f 4303 4314 4315
f 4303 4315 4703
f 4703 4315 4316
f 4035 4069 4043
f 4043 4069 4068
f 4324 1540 4357
f 4357 1540 1477
f 5232 3987 3874
f 3874 3987 3871
f 3987 5232 4013
f 4013 5232 5233
f 4013 5233 4014
f 4014 5233 5242
f 3888 4015 3865
f 3865 4015 4007
f 3866 4008 5243
f 5243 4008 4016
f 3873 5244 3878
f 3878 5244 3875
f 3965 5244 3872
f 3872 5244 3873
f 3876 3875 3965
f 3965 3875 5244
f 5243 4016 5242
f 5242 4016 4014
f 5246 5247 5245
f 5245 5247 5248
f 3576 3950 3577
f 3577 3950 3926
f 3584 3842 3585
f 3585 3842 3580
f 5249 5247 1784
f 1784 5247 1785
f 5250 5251 5253
f 5253 5251 5252
f 5255 5252 5254
f 5254 5252 5256
f 5254 5256 5258
f 5258 5256 5257
f 5258 5257 5260
f 5260 5257 5259
f 4356 5261 4424
f 4424 5261 5259
f 4355 5262 4356
f 4356 5262 5261
f 4924 5264 5263
f 5263 5264 5265
f 4693 5266 4691
f 4691 5266 5267
f 4351 5268 4352
f 4352 5268 5269
f 1808 1807 4351
f 4351 1807 5268
f 3580 3842 3581
f 3799 3802 3838
f 4800 4788 4801
f 4801 4788 4789
f 3729 3935 4801
f 4801 3935 4800
f 3728 3666 3729
f 3729 3666 3935
f 3728 3798 3666
f 3666 3798 3663
f 3798 3818 3663
f 3663 3818 3809
f 3818 3817 3809
f 3809 3817 3808
f 3796 3655 3817
f 3817 3655 3808
f 3615 3568 3796
f 3796 3568 3655
f 3573 3569 3615
f 3615 3569 3568
f 3572 3613 3573
f 3573 3613 3569
f 3792 3606 3572
f 3572 3606 3613
f 3607 3791 3949
f 3949 3791 3591
f 3590 3950 3591
f 3591 3950 3949
f 3805 3926 3590
f 3590 3926 3950
f 3804 3559 3805
f 3805 3559 3926
f 3804 3914 3559
f 3559 3914 3560
f 3924 3789 3913
f 3913 3789 3788
f 3924 3928 3789
f 3789 3928 3826
f 3928 3927 3826
f 3826 3927 3827
f 3927 3834 3827
f 3827 3834 3835
f 4079 4078 5270
f 5270 4078 5007
f 5271 5272 4233
f 4233 5272 5273
f 5275 5276 5274
f 5274 5276 5277
f 5278 5279 4236
f 4236 5279 4237
f 5278 5280 5271
f 5271 5280 5272
f 4235 5281 4236
f 4236 5281 5282
f 5284 5285 5283
f 5283 5285 5286
f 5288 5289 5287
f 5287 5289 5290
f 5292 5293 5291
f 5291 5293 5294
f 5287 5290 4726
f 4726 5290 5295
f 4293 4292 4313
f 4313 4292 4793
f 4720 4736 4719
f 4719 4736 5296
f 5297 4909 5298
f 5298 4909 4908
f 5299 5300 4976
f 4976 5300 5301
f 5302 4202 5303
f 5303 4202 4201
f 5304 5305 4983
f 4983 5305 5306
f 5308 5309 5307
f 5307 5309 5310
f 4722 4725 5283
f 5283 4725 5311
f 5291 5294 4125
f 4125 5294 4126
f 5313 5314 5312
f 5312 5314 5315
f 5316 5317 5319
f 5319 5317 5318
f 5321 5308 5320
f 5320 5308 5307
f 4819 4981 4873
f 4873 4981 5322
f 4981 4123 5322
f 5322 4123 4126
f 5324 5325 5323
f 5323 5325 5326
f 4764 5327 4975
f 4975 5327 5328
f 4172 5327 4169
f 4169 5327 5329
f 4768 4171 4769
f 4769 4171 4170
f 4243 4755 4244
f 4244 4755 5330
f 4755 4205 5330
f 5330 4205 4208
f 4206 4906 4207
f 4207 4906 4905
f 4686 5014 5009
f 5009 5014 5229
f 4756 4770 4170
f 4170 4770 4769
f 4170 4169 4756
f 4756 4169 4757
f 4273 5329 4764
f 4764 5329 5327
f 4276 5331 4273
f 4273 5331 5329
f 4770 4756 4243
f 4243 4756 4755
f 5333 4889 5332
f 5332 4889 5010
f 4877 5332 4878
f 4878 5332 4259
f 4875 4164 4876
f 4876 4164 4163
f 5334 5335 5324
f 5324 5335 5325
f 4983 5306 4123
f 4123 5306 4124
f 4818 4982 4819
f 4819 4982 4981
f 5332 5010 4259
f 4259 5010 4260
f 5014 4686 4875
f 4875 4686 4164
f 4171 4768 5229
f 5229 4768 5009
f 5337 4916 5336
f 5336 4916 4919
f 5293 5337 5294
f 5294 5337 5336
f 4982 4818 5333
f 5333 4818 4889
f 5338 5339 4262
f 4262 5339 5340
f 5307 5310 5338
f 5338 5310 5339
f 5341 5342 4204
f 4204 5342 5309
f 5336 4919 5322
f 5322 4919 4873
f 5294 5336 4126
f 4126 5336 5322
f 5323 5326 5343
f 5343 5326 5286
f 4914 5344 4915
f 4915 5344 5345
f 5312 5315 5344
f 5344 5315 5345
f 5347 5348 5346
f 5346 5348 5349
f 5350 5351 4832
f 4832 5351 4833
f 5352 5353 5349
f 5349 5353 5346
f 5354 5338 4265
f 4265 5338 4262
f 5320 5307 5354
f 5354 5307 5338
f 4201 5308 5303
f 5303 5308 5321
f 5356 5357 5355
f 5355 5357 4799
f 5358 5359 5334
f 5334 5359 5335
f 5358 5360 4093
f 4093 5360 4163
f 5360 5305 4163
f 4163 5305 4876
f 5305 5304 4876
f 4876 5304 4877
f 5270 4778 4079
f 4079 4778 4081
f 4779 5361 4774
f 4774 5361 5357
f 5356 5359 4775
f 4775 5359 4092
f 5333 5304 4982
f 4982 5304 4983
f 5332 4877 5333
f 5333 4877 5304
f 5015 4258 5230
f 5230 4258 5328
f 5327 4172 5328
f 5328 4172 5230
f 4169 5329 4757
f 4757 5329 5331
f 4757 5331 4205
f 4205 5331 4206
f 5331 4276 4206
f 4206 4276 4906
f 4276 4275 4906
f 4906 4275 4907
f 4275 4888 4907
f 4907 4888 4744
f 4887 4717 4745
f 4745 4717 4864
f 4716 5139 4861
f 4861 5139 5190
f 5139 5138 5190
f 5190 5138 5187
f 5138 5216 5187
f 5187 5216 5176
f 5215 5362 5173
f 5173 5362 5130
f 5364 5365 5363
f 5363 5365 5340
f 4742 4863 5366
f 5366 4863 4867
f 4862 5189 4868
f 4868 5189 5184
f 5189 5188 5184
f 5184 5188 5185
f 5188 5175 5185
f 5185 5175 5168
f 3560 3788 3561
f 3561 3788 3790
f 3596 3595 3608
f 3608 3595 3594
f 3598 3582 3595
f 3595 3582 3592
f 3600 3609 3601
f 3601 3609 3611
f 3602 3601 3612
f 3612 3601 3611
f 3606 3605 3613
f 3613 3605 3614
f 3793 5367 3794
f 3794 5367 5368
f 3598 3597 3600
f 3600 3597 3609
f 3793 3792 3575
f 3575 3792 3572
f 3561 3594 3558
f 3558 3594 3593
f 3807 3915 3804
f 3804 3915 3914
f 3916 3915 5370
f 5370 3915 5369
f 3602 3605 3603
f 3603 3605 3604
f 3606 3792 3607
f 3607 3792 3791
f 3914 3913 3560
f 3560 3913 3788
f 5174 5129 5166
f 5166 5129 5371
f 5170 5169 5093
f 5093 5169 5113
f 5166 5371 5090
f 5090 5371 5091
f 5128 5169 5372
f 5372 5169 5172
f 5127 5113 5128
f 5128 5113 5169
f 5114 5206 5203
f 5203 5206 5362
f 5200 5373 5073
f 5073 5373 5096
f 5374 5375 5200
f 5200 5375 5373
f 5039 5047 5374
f 5374 5047 5375
f 5087 5046 5085
f 5085 5046 5376
f 5212 5377 5067
f 5067 5377 5376
f 5042 5045 5212
f 5212 5045 5377
f 5064 5378 5043
f 5043 5378 5044
f 5063 5077 5064
f 5064 5077 5378
f 5079 5082 5198
f 5198 5082 5078
f 5099 5081 5100
f 5100 5081 5379
f 5100 5379 5094
f 5094 5379 5095
f 5381 5382 5380
f 5380 5382 5383
f 5385 5386 5384
f 5384 5386 5383
f 5385 5387 5386
f 5386 5387 5388
f 5390 5391 5389
f 5389 5391 5392
f 5393 5394 5396
f 5396 5394 5395
f 5398 5399 5397
f 5397 5399 5400
f 5402 5403 5401
f 5401 5403 5404
f 5406 5407 5405
f 5405 5407 5404
f 5408 5409 5163
f 5163 5409 5410
f 5411 5412 5414
f 5414 5412 5413
f 5057 5416 5415
f 5415 5416 5417
f 5393 5416 5418
f 5418 5416 5419
f 5396 5395 5420
f 5420 5395 5421
f 5423 5424 5422
f 5422 5424 5425
f 5415 5417 5220
f 5220 5417 5426
f 5418 5391 5393
f 5393 5391 5394
f 5414 5388 5411
f 5411 5388 5392
f 5059 5427 5060
f 5060 5427 5428
f 5423 5427 5429
f 5429 5427 5430
f 5432 5382 5431
f 5431 5382 5425
f 5429 5407 5423
f 5423 5407 5424
f 5380 5409 5381
f 5381 5409 5433
f 5381 5433 5422
f 5422 5433 5428
f 5027 5412 5056
f 5056 5412 5419
f 5435 5436 5434
f 5434 5436 5437
f 5159 5439 5438
f 5438 5439 5440
f 5053 5436 5159
f 5159 5436 5439
f 5441 5403 5398
f 5398 5403 5399
f 5163 5410 5026
f 5026 5410 5413
f 5438 5440 5442
f 5442 5440 5430
f 5444 5445 5443
f 5443 5445 5446
f 5447 5448 5450
f 5450 5448 5449
f 5451 5446 5452
f 5452 5446 5445
f 5454 5455 5453
f 5453 5455 5451
f 5456 5454 5458
f 5458 5454 5457
f 5460 5461 5459
f 5459 5461 5462
f 5464 5465 5463
f 5463 5465 5466
f 5468 5469 5467
f 5467 5469 5470
f 5472 5473 5471
f 5471 5473 5474
f 5475 5476 5478
f 5478 5476 5477
f 5479 5480 5482
f 5482 5480 5481
f 5483 5484 5448
f 5448 5484 5485
f 5448 5485 5449
f 5449 5485 5486
f 5487 5476 5488
f 5488 5476 5475
f 5490 5491 5489
f 5489 5491 5492
f 5494 5495 5493
f 5493 5495 5496
f 5498 5494 5497
f 5497 5494 5493
f 5500 5501 5499
f 5499 5501 5502
f 5503 5504 5446
f 5446 5504 5443
f 5506 5507 5505
f 5505 5507 5508
f 5510 5511 5509
f 5509 5511 5512
f 5514 5515 5513
f 5513 5515 5516
f 5518 5519 5517
f 5517 5519 5520
f 5495 5521 5496
f 5496 5521 5522
f 5524 5525 5523
f 5523 5525 5526
f 5527 5528 5494
f 5494 5528 5495
f 5499 5502 5529
f 5529 5502 5530
f 5531 5532 5485
f 5485 5532 5486
f 5485 5484 5531
f 5531 5484 5533
f 5482 5481 5534
f 5534 5481 5535
f 5536 5512 5506
f 5506 5512 5511
f 5455 5503 5451
f 5451 5503 5446
f 5467 5470 5511
f 5511 5470 5537
f 5538 5467 5510
f 5510 5467 5511
f 5540 5541 5539
f 5539 5541 5542
f 5543 5544 5546
f 5546 5544 5545
f 5548 5472 5547
f 5547 5472 5471
f 5493 5496 5549
f 5549 5496 5550
f 5496 5522 5550
f 5550 5522 5551
f 5553 5554 5552
f 5552 5554 5555
f 5557 5447 5556
f 5556 5447 5558
f 5557 5483 5447
f 5447 5483 5448
f 5478 5477 5553
f 5553 5477 5559
f 5477 5560 5559
f 5559 5560 5561
f 5476 5562 5477
f 5477 5562 5560
f 5476 5487 5562
f 5562 5487 5563
f 5560 5564 5561
f 5561 5564 5565
f 5564 5560 5566
f 5566 5560 5562
f 5563 5567 5562
f 5562 5567 5566
f 5569 5521 5568
f 5568 5521 5570
f 5481 5572 5571
f 5571 5572 5573
f 5574 5535 5571
f 5571 5535 5481
f 5576 5577 5575
f 5575 5577 5578
f 5579 5580 5456
f 5456 5580 5581
f 5475 5582 5488
f 5488 5582 5583
f 5584 5536 5505
f 5505 5536 5506
f 5585 5586 5588
f 5588 5586 5587
f 5590 5591 5589
f 5589 5591 5592
f 5519 5593 5520
f 5520 5593 5594
f 5595 5596 5462
f 5462 5596 5597
f 5599 5600 5598
f 5598 5600 5514
f 5602 5603 5601
f 5601 5603 5604
f 5524 5543 5525
f 5525 5543 5546
f 5543 5524 5606
f 5606 5524 5605
f 5607 5608 5500
f 5500 5608 5501
f 5610 5551 5609
f 5609 5551 5522
f 5611 5510 5598
f 5598 5510 5509
f 5612 5597 5457
f 5457 5597 5458
f 5510 5611 5538
f 5538 5611 5613
f 5580 5508 5581
f 5581 5508 5507
f 5615 5616 5614
f 5614 5616 5617
f 5619 5620 5618
f 5618 5620 5621
f 5623 5624 5622
f 5622 5624 5625
f 5627 5624 5626
f 5626 5624 5623
f 5629 5630 5628
f 5628 5630 5631
f 5633 5634 5632
f 5632 5634 5466
f 5635 5636 5463
f 5463 5636 5637
f 5523 5638 5524
f 5524 5638 5605
f 5639 5640 5641
f 5641 5640 5595
f 5611 5513 5613
f 5613 5513 5642
f 5643 5586 5608
f 5608 5586 5501
f 5622 5625 5590
f 5590 5625 5591
f 5598 5514 5611
f 5611 5514 5513
f 5645 5646 5644
f 5644 5646 5647
f 5620 5619 5491
f 5491 5619 5648
f 5649 5643 5492
f 5492 5643 5608
f 5650 5651 5653
f 5653 5651 5652
f 5463 5466 5635
f 5635 5466 5634
f 5597 5612 5462
f 5462 5612 5459
f 5635 5634 5523
f 5523 5634 5638
f 5654 5638 5633
f 5633 5638 5634
f 5655 5656 5525
f 5525 5656 5526
f 5658 5659 5657
f 5657 5659 5527
f 5660 5464 5637
f 5637 5464 5463
f 5632 5466 5661
f 5661 5466 5465
f 5661 5662 5632
f 5632 5662 5658
f 5662 5663 5658
f 5658 5663 5659
f 5665 5659 5664
f 5664 5659 5663
f 5632 5658 5633
f 5633 5658 5657
f 5666 5629 5530
f 5530 5629 5667
f 5528 5527 5665
f 5665 5527 5659
f 5668 5669 5570
f 5570 5669 5568
f 5669 5668 5670
f 5670 5668 5671
f 5646 5672 5673
f 5672 5674 5673
f 5673 5674 5675
f 5674 5460 5675
f 5675 5460 5459
f 5461 5676 5462
f 5462 5676 5595
f 5677 5678 5680
f 5680 5678 5679
f 5628 5681 5629
f 5629 5681 5667
f 5682 5529 5667
f 5667 5529 5530
f 5675 5459 5683
f 5683 5459 5612
f 5585 5666 5502
f 5502 5666 5530
f 5589 5684 5602
f 5602 5684 5603
f 5646 5645 5663
f 5663 5645 5664
f 5685 5647 5673
f 5673 5647 5646
f 5686 5687 5683
f 5683 5687 5685
f 5688 5689 5533
f 5533 5689 5531
f 5690 5691 5535
f 5535 5691 5534
f 5692 5690 5574
f 5574 5690 5535
f 5685 5687 5689
f 5689 5687 5693
f 5489 5694 5490
f 5490 5694 5695
f 5690 5692 5696
f 5696 5692 5697
f 5696 5644 5690
f 5690 5644 5691
f 5447 5450 5558
f 5558 5450 5698
f 5699 5700 5642
f 5642 5700 5613
f 5701 5702 5540
f 5540 5702 5541
f 5431 5703 5432
f 5432 5703 5697
f 5385 5384 5574
f 5574 5384 5692
f 5389 5387 5573
f 5573 5387 5571
f 5565 5390 5573
f 5573 5390 5389
f 5390 5565 5704
f 5704 5565 5564
f 5566 5705 5564
f 5564 5705 5704
f 5569 5441 5609
f 5609 5441 5398
f 5568 5405 5569
f 5569 5405 5441
f 5670 5706 5669
f 5669 5706 5406
f 5703 5431 5670
f 5670 5431 5706
f 5432 5697 5384
f 5384 5697 5692
f 5574 5571 5385
f 5385 5571 5387
f 5607 5707 5489
f 5489 5707 5694
f 5518 5708 5519
f 5519 5708 5709
f 5711 5576 5710
f 5710 5576 5575
f 5713 5714 5712
f 5712 5714 5715
f 5553 5552 5478
f 5478 5552 5716
f 5717 5475 5716
f 5716 5475 5478
f 5718 5719 5605
f 5605 5719 5606
f 5505 5622 5584
f 5584 5622 5590
f 5508 5623 5505
f 5505 5623 5622
f 5626 5623 5580
f 5580 5623 5508
f 5580 5579 5626
f 5626 5579 5720
f 5579 5721 5720
f 5720 5721 5722
f 5666 5585 5723
f 5723 5585 5588
f 5724 5725 5639
f 5639 5725 5640
f 5554 5726 5555
f 5555 5726 5727
f 5453 5728 5729
f 5689 5688 5685
f 5685 5688 5647
f 5604 5730 5512
f 5512 5730 5509
f 5628 5631 5618
f 5618 5631 5592
f 5601 5604 5536
f 5536 5604 5512
f 5732 5676 5731
f 5731 5676 5660
f 5730 5604 5733
f 5733 5604 5603
f 5563 5487 5551
f 5551 5487 5550
f 5489 5492 5607
f 5607 5492 5608
f 5573 5572 5565
f 5565 5572 5561
f 5609 5522 5569
f 5569 5522 5521
f 5499 5734 5500
f 5500 5734 5735
f 5596 5736 5721
f 5721 5736 5722
f 5737 5600 5594
f 5594 5600 5520
f 5599 5730 5517
f 5517 5730 5733
f 5660 5738 5731
f 5731 5738 5739
f 5648 5649 5491
f 5491 5649 5492
f 5501 5586 5502
f 5502 5586 5585
f 5525 5546 5655
f 5655 5546 5740
f 5600 5599 5520
f 5520 5599 5517
f 5708 5739 5709
f 5709 5739 5738
f 5636 5635 5526
f 5526 5635 5523
f 5670 5671 5703
f 5703 5671 5741
f 5490 5695 5742
f 5742 5695 5743
f 5682 5678 5744
f 5744 5678 5677
f 5678 5681 5679
f 5679 5681 5621
f 5742 5743 5679
f 5679 5743 5680
f 5618 5621 5628
f 5628 5621 5681
f 5725 5724 5589
f 5589 5724 5684
f 5456 5458 5579
f 5579 5458 5721
f 5675 5683 5673
f 5673 5683 5685
f 5529 5682 5745
f 5745 5682 5744
f 5721 5458 5596
f 5596 5458 5597
f 5701 5540 5719
f 5719 5540 5606
f 5703 5741 5697
f 5697 5741 5696
f 5500 5735 5607
f 5607 5735 5707
f 5549 5746 5493
f 5493 5746 5497
f 5700 5747 5613
f 5613 5747 5538
f 5420 5421 5434
f 5434 5421 5400
f 5689 5693 5531
f 5531 5693 5532
f 5705 5566 5748
f 5748 5566 5567
f 5609 5398 5610
f 5610 5398 5397
f 5669 5406 5568
f 5568 5406 5405
f 5488 5583 5549
f 5549 5583 5746
f 5714 5713 5710
f 5710 5713 5711
f 5747 5468 5538
f 5538 5468 5467
f 5548 5547 5749
f 5749 5547 5750
f 5733 5603 5751
f 5751 5603 5684
f 5589 5602 5590
f 5590 5602 5584
f 5636 5752 5614
f 5614 5752 5615
f 5753 5754 5738
f 5738 5754 5755
f 5602 5601 5584
f 5584 5601 5536
f 5723 5736 5630
f 5630 5736 5640
f 5595 5640 5596
f 5596 5640 5736
f 5734 5499 5745
f 5745 5499 5529
f 5627 5587 5643
f 5643 5587 5586
f 5553 5559 5554
f 5554 5559 5480
f 5559 5561 5480
f 5480 5561 5572
f 5554 5480 5726
f 5726 5480 5479
f 5749 5750 5715
f 5715 5750 5712
f 5683 5612 5686
f 5686 5612 5457
f 5678 5682 5681
f 5681 5682 5667
f 5598 5509 5599
f 5599 5509 5730
f 5679 5621 5742
f 5742 5621 5620
f 5652 5616 5653
f 5653 5616 5615
f 5220 5426 5052
f 5052 5426 5437
f 5487 5488 5550
f 5550 5488 5549
f 5742 5620 5490
f 5490 5620 5491
f 5551 5610 5563
f 5563 5610 5567
f 5610 5397 5567
f 5567 5397 5748
f 5614 5617 5753
f 5753 5617 5754
f 5480 5572 5481
f 5755 5756 5738
f 5738 5756 5709
f 5745 5744 5758
f 5758 5744 5757
f 5745 5758 5734
f 5734 5758 5759
f 5735 5734 5760
f 5760 5734 5759
f 5707 5735 5761
f 5761 5735 5760
f 5744 5677 5757
f 5757 5677 5762
f 5677 5680 5762
f 5762 5680 5763
f 5763 5680 5764
f 5764 5680 5743
f 5765 5766 5762
f 5762 5766 5757
f 5768 5769 5767
f 5767 5769 5770
f 5771 5772 5770
f 5770 5772 5767
f 5770 5769 5774
f 5774 5769 5773
f 5775 5776 5774
f 5774 5776 5777
f 5773 5778 5774
f 5774 5778 5775
f 5779 5766 5773
f 5773 5766 5778
f 5777 5771 5774
f 5774 5771 5770
f 5780 5781 5783
f 5783 5781 5782
f 5781 5780 5771
f 5771 5780 5772
f 5773 5769 5779
f 5779 5769 5768
f 5768 5759 5779
f 5779 5759 5758
f 5768 5784 5759
f 5759 5784 5760
f 5767 5785 5768
f 5768 5785 5784
f 5785 5767 5786
f 5786 5767 5772
f 5766 5779 5757
f 5757 5779 5758
f 5780 5787 5772
f 5772 5787 5786
f 5785 5786 5788
f 5788 5786 5789
f 5786 5787 5789
f 5789 5787 5790
f 5788 5789 5791
f 5791 5789 5792
f 5791 5793 5788
f 5788 5793 5794
f 5795 5792 5790
f 5790 5792 5789
f 5785 5788 5784
f 5784 5788 5794
f 5784 5794 5760
f 5760 5794 5761
f 5787 5780 5796
f 5796 5780 5783
f 5775 5778 5797
f 5797 5778 5766
f 5797 5798 5775
f 5775 5798 5776
f 5766 5765 5797
f 5797 5765 5799
f 5798 5797 5800
f 5800 5797 5799
f 5798 5801 5776
f 5776 5801 5802
f 5707 5761 5694
f 5694 5761 5803
f 5695 5804 5743
f 5743 5804 5764
f 5804 5695 5803
f 5803 5695 5694
f 5803 5793 5804
f 5804 5793 5805
f 5793 5791 5805
f 5805 5791 5806
f 5804 5805 5764
f 5764 5805 5807
f 5803 5761 5793
f 5793 5761 5794
f 5808 5763 5807
f 5807 5763 5764
f 5808 5765 5763
f 5763 5765 5762
f 5809 5799 5808
f 5808 5799 5765
f 5809 5808 5810
f 5810 5808 5807
f 5811 5809 5812
f 5812 5809 5810
f 5805 5806 5807
f 5807 5806 5810
f 5806 5813 5810
f 5810 5813 5812
f 5799 5809 5800
f 5800 5809 5811
f 5815 5800 5814
f 5814 5800 5811
f 5814 5817 5816
f 5816 5817 5818
f 5814 5811 5817
f 5817 5811 5812
f 5814 5816 5815
f 5815 5816 5796
f 5815 5796 5801
f 5801 5796 5783
f 5801 5798 5815
f 5815 5798 5800
f 5791 5792 5806
f 5806 5792 5813
f 5818 5813 5795
f 5795 5813 5792
f 5818 5817 5813
f 5813 5817 5812
f 5816 5818 5790
f 5790 5818 5795
f 5790 5787 5816
f 5816 5787 5796
f 5771 5777 5781
f 5781 5777 5782
f 5782 5802 5783
f 5783 5802 5801
f 5782 5777 5802
f 5802 5777 5776
f 5588 5587 5722
f 5722 5587 5720
f 5591 5619 5592
f 5592 5619 5618
f 5625 5624 5648
f 5648 5624 5649
f 5624 5627 5649
f 5649 5627 5643
f 5631 5630 5725
f 5725 5630 5640
f 5625 5648 5591
f 5591 5648 5619
f 5588 5722 5723
f 5723 5722 5736
f 5631 5725 5592
f 5592 5725 5589
f 5723 5630 5666
f 5666 5630 5629
f 5587 5627 5720
f 5720 5627 5626
f 5820 5821 5819
f 5819 5821 5822
f 5824 5825 5823
f 5823 5825 5826
f 5823 5826 5827
f 5827 5826 5828
f 5829 5830 5832
f 5832 5830 5831
f 5518 5833 5708
f 5708 5833 5834
f 5835 5836 5824
f 5824 5836 5825
f 5838 5839 5837
f 5837 5839 5840
f 5751 5684 5842
f 5842 5684 5841
f 5843 5841 5724
f 5724 5841 5684
f 5845 5846 5844
f 5844 5846 5847
f 5848 5830 5836
f 5836 5830 5825
f 5518 5751 5833
f 5833 5751 5842
f 5839 5838 5821
f 5821 5838 5849
f 5850 5848 5822
f 5822 5848 5836
f 5851 5845 5828
f 5828 5845 5852
f 5854 5855 5853
f 5853 5855 5856
f 5845 5844 5852
f 5852 5844 5857
f 5858 5827 5852
f 5852 5827 5828
f 5851 5828 5829
f 5829 5828 5826
f 5819 5859 5820
f 5820 5859 5860
f 5835 5861 5819
f 5819 5861 5859
f 5851 5829 5862
f 5862 5829 5832
f 5844 5847 5837
f 5837 5847 5834
f 5819 5822 5835
f 5835 5822 5836
f 5823 5863 5824
f 5824 5863 5864
f 5849 5850 5821
f 5821 5850 5822
f 5825 5830 5826
f 5826 5830 5829
f 5820 5860 5865
f 5865 5860 5866
f 5858 5854 5867
f 5867 5854 5853
f 5854 5857 5855
f 5855 5857 5840
f 5855 5865 5856
f 5856 5865 5866
f 5837 5840 5844
f 5844 5840 5857
f 5827 5858 5868
f 5868 5858 5867
f 5824 5864 5835
f 5835 5864 5861
f 5732 5731 5862
f 5862 5731 5846
f 5863 5823 5868
f 5868 5823 5827
f 5843 5831 5848
f 5848 5831 5830
f 5854 5858 5857
f 5857 5858 5852
f 5855 5840 5865
f 5865 5840 5839
f 5865 5839 5820
f 5820 5839 5821
f 5868 5867 5870
f 5870 5867 5869
f 5868 5870 5863
f 5863 5870 5871
f 5863 5871 5864
f 5864 5871 5872
f 5864 5872 5861
f 5861 5872 5873
f 5867 5853 5869
f 5869 5853 5874
f 5853 5856 5874
f 5874 5856 5875
f 5856 5866 5875
f 5875 5866 5876
f 5877 5878 5874
f 5874 5878 5869
f 5880 5881 5879
f 5879 5881 5882
f 5883 5884 5880
f 5880 5884 5881
f 5881 5884 5886
f 5886 5884 5885
f 5887 5888 5886
f 5886 5888 5889
f 5885 5890 5886
f 5886 5890 5887
f 5889 5882 5886
f 5886 5882 5881
f 5882 5891 5879
f 5879 5891 5892
f 5885 5884 5893
f 5893 5884 5883
f 5883 5871 5893
f 5893 5871 5870
f 5883 5894 5871
f 5871 5894 5872
f 5880 5895 5883
f 5883 5895 5894
f 5896 5895 5879
f 5879 5895 5880
f 5893 5878 5885
f 5885 5878 5890
f 5878 5893 5869
f 5869 5893 5870
f 5897 5896 5892
f 5892 5896 5879
f 5895 5896 5898
f 5898 5896 5899
f 5896 5897 5899
f 5899 5897 5900
f 5898 5899 5901
f 5901 5899 5902
f 5901 5903 5898
f 5898 5903 5904
f 5900 5905 5899
f 5899 5905 5902
f 5898 5904 5895
f 5895 5904 5894
f 5894 5904 5872
f 5872 5904 5873
f 5897 5892 5907
f 5907 5892 5906
f 5892 5891 5906
f 5906 5891 5908
f 5887 5890 5909
f 5909 5890 5878
f 5888 5887 5910
f 5910 5887 5909
f 5878 5877 5909
f 5909 5877 5911
f 5909 5911 5910
f 5910 5911 5912
f 5913 5914 5910
f 5910 5914 5888
f 5908 5914 5906
f 5906 5914 5913
f 5861 5873 5859
f 5859 5873 5915
f 5860 5916 5866
f 5866 5916 5876
f 5916 5860 5915
f 5915 5860 5859
f 5915 5903 5916
f 5916 5903 5917
f 5903 5901 5917
f 5917 5901 5918
f 5916 5917 5876
f 5876 5917 5919
f 5903 5915 5904
f 5904 5915 5873
f 5920 5875 5919
f 5919 5875 5876
f 5920 5877 5875
f 5875 5877 5874
f 5920 5921 5877
f 5877 5921 5911
f 5921 5920 5922
f 5922 5920 5919
f 5923 5921 5924
f 5924 5921 5922
f 5917 5918 5919
f 5919 5918 5922
f 5918 5925 5922
f 5922 5925 5924
f 5921 5923 5911
f 5911 5923 5912
f 5927 5912 5926
f 5926 5912 5923
f 5926 5929 5928
f 5928 5929 5930
f 5926 5923 5929
f 5929 5923 5924
f 5926 5928 5927
f 5927 5928 5907
f 5927 5907 5913
f 5913 5907 5906
f 5913 5910 5927
f 5927 5910 5912
f 5901 5902 5918
f 5918 5902 5925
f 5930 5925 5905
f 5905 5925 5902
f 5930 5929 5925
f 5925 5929 5924
f 5928 5930 5900
f 5900 5930 5905
f 5900 5897 5928
f 5928 5897 5907
f 5882 5889 5891
f 5891 5889 5908
f 5908 5889 5914
f 5914 5889 5888
f 5832 5831 5641
f 5641 5831 5639
f 5833 5838 5834
f 5834 5838 5837
f 5842 5841 5849
f 5849 5841 5850
f 5841 5843 5850
f 5850 5843 5848
f 5847 5846 5739
f 5739 5846 5731
f 5842 5849 5833
f 5833 5849 5838
f 5862 5832 5732
f 5732 5832 5641
f 5847 5739 5834
f 5834 5739 5708
f 5862 5846 5851
f 5851 5846 5845
f 5831 5843 5639
f 5639 5843 5724
f 5676 5732 5595
f 5595 5732 5641
f 5676 5461 5660
f 5660 5461 5464
f 5461 5460 5464
f 5464 5460 5465
f 5460 5674 5465
f 5465 5674 5661
f 5931 5932 5934
f 5934 5932 5933
f 5936 5937 5935
f 5935 5937 5938
f 5935 5938 5939
f 5939 5938 5940
f 5942 5943 5941
f 5941 5943 5944
f 5945 5946 5936
f 5936 5946 5937
f 5948 5949 5947
f 5947 5949 5950
f 5951 5952 5519
f 5519 5952 5593
f 5953 5951 5709
f 5709 5951 5519
f 5955 5956 5954
f 5954 5956 5957
f 5958 5942 5946
f 5946 5942 5937
f 5948 5959 5949
f 5949 5959 5933
f 5960 5958 5934
f 5934 5958 5946
f 5961 5955 5940
f 5940 5955 5962
f 5963 5964 5966
f 5966 5964 5965
f 5955 5954 5962
f 5962 5954 5967
f 5968 5939 5962
f 5962 5939 5940
f 5961 5940 5941
f 5941 5940 5938
f 5931 5969 5932
f 5932 5969 5970
f 5945 5971 5931
f 5931 5971 5969
f 5941 5944 5961
f 5961 5944 5972
f 5954 5957 5947
f 5947 5957 5973
f 5945 5931 5946
f 5946 5931 5934
f 5935 5974 5936
f 5936 5974 5975
f 5959 5960 5933
f 5933 5960 5934
f 5937 5942 5938
f 5938 5942 5941
f 5932 5970 5976
f 5976 5970 5977
f 5968 5964 5978
f 5978 5964 5963
f 5965 5964 5950
f 5950 5964 5967
f 5976 5977 5965
f 5965 5977 5966
f 5947 5950 5954
f 5954 5950 5967
f 5939 5968 5979
f 5979 5968 5978
f 5936 5975 5945
f 5945 5975 5971
f 5972 5754 5956
f 5956 5754 5617
f 5974 5935 5979
f 5979 5935 5939
f 5953 5943 5958
f 5958 5943 5942
f 5964 5968 5967
f 5967 5968 5962
f 5965 5950 5976
f 5976 5950 5949
f 5976 5949 5932
f 5932 5949 5933
f 5979 5978 5981
f 5981 5978 5980
f 5979 5981 5974
f 5974 5981 5982
f 5974 5982 5975
f 5975 5982 5983
f 5975 5983 5971
f 5971 5983 5984
f 5978 5963 5980
f 5980 5963 5985
f 5963 5966 5985
f 5985 5966 5986
f 5986 5966 5987
f 5987 5966 5977
f 5988 5989 5985
f 5985 5989 5980
f 5991 5992 5990
f 5990 5992 5993
f 5994 5995 5991
f 5991 5995 5992
f 5992 5995 5997
f 5997 5995 5996
f 5998 5999 5997
f 5997 5999 6000
f 5996 6001 5997
f 5997 6001 5998
f 6000 5993 5997
f 5997 5993 5992
f 6002 6003 5993
f 5993 6003 5990
f 5995 5994 5996
f 5996 5994 6004
f 5994 5982 6004
f 6004 5982 5981
f 5994 6005 5982
f 5982 6005 5983
f 5991 6006 5994
f 5994 6006 6005
f 6006 5991 6007
f 6007 5991 5990
f 5996 6004 6001
f 6001 6004 5989
f 5989 6004 5980
f 5980 6004 5981
f 6003 6008 5990
f 5990 6008 6007
f 6009 6006 6010
f 6010 6006 6007
f 6008 6011 6007
f 6007 6011 6010
f 6012 6009 6013
f 6013 6009 6010
f 6009 6012 6015
f 6015 6012 6014
f 6011 6016 6010
f 6010 6016 6013
f 6006 6009 6005
f 6005 6009 6015
f 6005 6015 5983
f 5983 6015 5984
f 6008 6003 6018
f 6018 6003 6017
f 6003 6002 6017
f 6017 6002 6019
f 5998 6001 6020
f 6020 6001 5989
f 5999 5998 6021
f 6021 5998 6020
f 5989 5988 6020
f 6020 5988 6022
f 6021 6020 6023
f 6023 6020 6022
f 6021 6024 5999
f 5999 6024 6025
f 6019 6025 6017
f 6017 6025 6024
f 5971 5984 5969
f 5969 5984 6026
f 5970 6027 5977
f 5977 6027 5987
f 6027 5970 6026
f 6026 5970 5969
f 6026 6014 6027
f 6027 6014 6028
f 6014 6012 6028
f 6028 6012 6029
f 6027 6028 5987
f 5987 6028 6030
f 6026 5984 6014
f 6014 5984 6015
f 6031 5986 6030
f 6030 5986 5987
f 6031 5988 5986
f 5986 5988 5985
f 6032 6022 6031
f 6031 6022 5988
f 6032 6031 6033
f 6033 6031 6030
f 6034 6032 6035
f 6035 6032 6033
f 6028 6029 6030
f 6030 6029 6033
f 6029 6036 6033
f 6033 6036 6035
f 6032 6034 6022
f 6022 6034 6023
f 6038 6023 6037
f 6037 6023 6034
f 6037 6040 6039
f 6039 6040 6041
f 6037 6034 6040
f 6040 6034 6035
f 6037 6039 6038
f 6038 6039 6018
f 6038 6018 6024
f 6024 6018 6017
f 6024 6021 6038
f 6038 6021 6023
f 6012 6013 6029
f 6029 6013 6036
f 6041 6036 6016
f 6016 6036 6013
f 6041 6040 6036
f 6036 6040 6035
f 6041 6016 6039
f 6039 6016 6011
f 6011 6008 6039
f 6039 6008 6018
f 5993 6000 6002
f 6002 6000 6019
f 6019 6000 6025
f 6025 6000 5999
f 5943 5756 5944
f 5944 5756 5755
f 6042 5948 5973
f 5973 5948 5947
f 5952 5951 5959
f 5959 5951 5960
f 5951 5953 5960
f 5960 5953 5958
f 5616 5957 5617
f 5617 5957 5956
f 6042 5952 5948
f 5948 5952 5959
f 5944 5755 5972
f 5972 5755 5754
f 5957 5616 5973
f 5973 5616 5652
f 5956 5955 5972
f 5972 5955 5961
f 5943 5953 5756
f 5756 5953 5709
f 6044 6045 6043
f 6043 6045 6046
f 6048 6049 6047
f 6047 6049 6050
f 6047 6050 6051
f 6051 6050 6052
f 6054 6055 6053
f 6053 6055 6056
f 6057 6058 6060
f 6060 6058 6059
f 6061 6062 6048
f 6048 6062 6049
f 6063 6064 6066
f 6066 6064 6065
f 6067 6068 6070
f 6070 6068 6069
f 6071 6069 5653
f 5653 6069 6068
f 6072 6073 6075
f 6075 6073 6074
f 6062 6076 6049
f 6049 6076 6054
f 6058 6067 6059
f 6059 6067 6070
f 6064 6077 6065
f 6065 6077 6045
f 6078 6076 6046
f 6046 6076 6062
f 6073 6080 6079
f 6079 6080 6052
f 6082 6083 6081
f 6081 6083 6084
f 6072 6085 6073
f 6073 6085 6080
f 6086 6051 6080
f 6080 6051 6052
f 6079 6052 6053
f 6053 6052 6050
f 6043 6087 6044
f 6044 6087 6088
f 6061 6089 6043
f 6043 6089 6087
f 6053 6056 6079
f 6079 6056 6090
f 6063 6072 6060
f 6060 6072 6075
f 6043 6046 6061
f 6061 6046 6062
f 6047 6091 6048
f 6048 6091 6092
f 6077 6078 6045
f 6045 6078 6046
f 6049 6054 6050
f 6050 6054 6053
f 6044 6088 6093
f 6093 6088 6094
f 6086 6082 6095
f 6095 6082 6081
f 6083 6082 6066
f 6066 6082 6085
f 6093 6094 6083
f 6083 6094 6084
f 6072 6063 6085
f 6085 6063 6066
f 6051 6086 6096
f 6096 6086 6095
f 6048 6092 6061
f 6061 6092 6089
f 5656 5655 6090
f 6090 5655 6074
f 6091 6047 6096
f 6096 6047 6051
f 6071 6055 6076
f 6076 6055 6054
f 6082 6086 6085
f 6085 6086 6080
f 6093 6083 6065
f 6065 6083 6066
f 6044 6093 6045
f 6045 6093 6065
f 6096 6095 6098
f 6098 6095 6097
f 6096 6098 6091
f 6091 6098 6099
f 6091 6099 6092
f 6092 6099 6100
f 6092 6100 6089
f 6089 6100 6101
f 6095 6081 6097
f 6097 6081 6102
f 6081 6084 6102
f 6102 6084 6103
f 6103 6084 6104
f 6104 6084 6094
f 6106 6097 6105
f 6105 6097 6102
f 6107 6108 6110
f 6110 6108 6109
f 6111 6112 6108
f 6108 6112 6109
f 6109 6112 6114
f 6114 6112 6113
f 6114 6115 6117
f 6117 6115 6116
f 6113 6118 6114
f 6114 6118 6115
f 6117 6110 6114
f 6114 6110 6109
f 6110 6119 6107
f 6107 6119 6120
f 6112 6111 6113
f 6113 6111 6121
f 6111 6099 6121
f 6121 6099 6098
f 6111 6122 6099
f 6099 6122 6100
f 6123 6122 6108
f 6108 6122 6111
f 6124 6123 6107
f 6107 6123 6108
f 6113 6121 6118
f 6118 6121 6106
f 6106 6121 6097
f 6097 6121 6098
f 6125 6124 6120
f 6120 6124 6107
f 6126 6123 6127
f 6127 6123 6124
f 6125 6128 6124
f 6124 6128 6127
f 6129 6126 6130
f 6130 6126 6127
f 6126 6129 6132
f 6132 6129 6131
f 6128 6133 6127
f 6127 6133 6130
f 6123 6126 6122
f 6122 6126 6132
f 6122 6132 6100
f 6100 6132 6101
f 6120 6134 6125
f 6125 6134 6135
f 6120 6119 6134
f 6134 6119 6136
f 6115 6118 6137
f 6137 6118 6106
f 6115 6137 6116
f 6116 6137 6138
f 6137 6106 6139
f 6139 6106 6105
f 6138 6137 6140
f 6140 6137 6139
f 6141 6142 6138
f 6138 6142 6116
f 6136 6142 6134
f 6134 6142 6141
f 6089 6101 6087
f 6087 6101 6143
f 6088 6144 6094
f 6094 6144 6104
f 6143 6144 6087
f 6087 6144 6088
f 6131 6145 6143
f 6143 6145 6144
f 6129 6146 6131
f 6131 6146 6145
f 6144 6145 6104
f 6104 6145 6147
f 6143 6101 6131
f 6131 6101 6132
f 6148 6103 6147
f 6147 6103 6104
f 6103 6148 6102
f 6102 6148 6105
f 6148 6149 6105
f 6105 6149 6139
f 6149 6148 6150
f 6150 6148 6147
f 6151 6149 6152
f 6152 6149 6150
f 6145 6146 6147
f 6147 6146 6150
f 6146 6153 6150
f 6150 6153 6152
f 6149 6151 6139
f 6139 6151 6140
f 6155 6140 6154
f 6154 6140 6151
f 6154 6157 6156
f 6156 6157 6158
f 6154 6151 6157
f 6157 6151 6152
f 6154 6156 6155
f 6155 6156 6135
f 6155 6135 6141
f 6141 6135 6134
f 6141 6138 6155
f 6155 6138 6140
f 6146 6129 6153
f 6153 6129 6130
f 6158 6153 6133
f 6133 6153 6130
f 6158 6157 6153
f 6153 6157 6152
f 6156 6158 6128
f 6128 6158 6133
f 6128 6125 6156
f 6156 6125 6135
f 6110 6117 6119
f 6119 6117 6136
f 6136 6117 6142
f 6142 6117 6116
f 6055 5615 6056
f 6056 5615 5752
f 6060 6059 6063
f 6063 6059 6064
f 6077 6070 6078
f 6078 6070 6069
f 6069 6071 6078
f 6078 6071 6076
f 6159 6057 6075
f 6075 6057 6060
f 6059 6070 6064
f 6064 6070 6077
f 6056 5752 6090
f 6090 5752 5656
f 6090 6074 6079
f 6079 6074 6073
f 6055 6071 5615
f 5615 6071 5653
f 5547 5471 6160
f 6160 5471 6161
f 5729 5577 6163
f 6163 5577 6162
f 5577 5576 6162
f 6162 5576 6164
f 5713 6165 5711
f 5711 6165 6166
f 5474 5729 6167
f 6167 5729 6163
f 5750 5547 6168
f 6168 5547 6160
f 5471 5474 6161
f 6161 5474 6167
f 6169 5712 6168
f 6168 5712 5750
f 5711 6166 5576
f 5576 6166 6164
f 6165 5713 6169
f 6169 5713 5712
f 6168 6170 6169
f 6169 6170 6171
f 6169 6171 6165
f 6165 6171 6172
f 6165 6172 6166
f 6166 6172 6173
f 6166 6173 6164
f 6164 6173 6174
f 6168 6160 6170
f 6170 6160 6175
f 6160 6161 6175
f 6175 6161 6176
f 6161 6167 6176
f 6176 6167 6177
f 6179 6170 6178
f 6178 6170 6175
f 6181 6182 6180
f 6180 6182 6183
f 6184 6185 6181
f 6181 6185 6182
f 6186 6187 6185
f 6185 6187 6182
f 6186 6188 6187
f 6187 6188 6189
f 6190 6183 6187
f 6187 6183 6182
f 6183 6190 6191
f 6191 6190 6192
f 6191 6193 6183
f 6183 6193 6180
f 6186 6185 6194
f 6194 6185 6184
f 6184 6172 6194
f 6194 6172 6171
f 6184 6195 6172
f 6172 6195 6173
f 6181 6196 6184
f 6184 6196 6195
f 6196 6181 6197
f 6197 6181 6180
f 6186 6194 6188
f 6188 6194 6179
f 6179 6194 6170
f 6170 6194 6171
f 6193 6198 6180
f 6180 6198 6197
f 6199 6196 6200
f 6200 6196 6197
f 6198 6201 6197
f 6197 6201 6200
f 6202 6199 6203
f 6203 6199 6200
f 6199 6202 6205
f 6205 6202 6204
f 6201 6206 6200
f 6200 6206 6203
f 6196 6199 6195
f 6195 6199 6205
f 6195 6205 6173
f 6173 6205 6174
f 6198 6193 6208
f 6208 6193 6207
f 6193 6191 6207
f 6207 6191 6192
f 6189 6188 6209
f 6209 6188 6179
f 6210 6189 6211
f 6211 6189 6209
f 6209 6179 6212
f 6212 6179 6178
f 6211 6209 6213
f 6213 6209 6212
f 6211 6214 6210
f 6210 6214 6215
f 6192 6215 6207
f 6207 6215 6214
f 6190 6187 6210
f 6210 6187 6189
f 6192 6190 6215
f 6215 6190 6210
f 6162 6164 6216
f 6216 6164 6174
f 6167 6163 6177
f 6177 6163 6217
f 6216 6217 6162
f 6162 6217 6163
f 6204 6218 6216
f 6216 6218 6217
f 6202 6219 6204
f 6204 6219 6218
f 6217 6218 6177
f 6177 6218 6220
f 6216 6174 6204
f 6204 6174 6205
f 6221 6176 6220
f 6220 6176 6177
f 6176 6221 6175
f 6175 6221 6178
f 6221 6222 6178
f 6178 6222 6212
f 6222 6221 6223
f 6223 6221 6220
f 6224 6222 6225
f 6225 6222 6223
f 6218 6219 6220
f 6220 6219 6223
f 6219 6226 6223
f 6223 6226 6225
f 6222 6224 6212
f 6212 6224 6213
f 6228 6213 6227
f 6227 6213 6224
f 6229 6227 6231
f 6231 6227 6230
f 6227 6224 6230
f 6230 6224 6225
f 6227 6229 6228
f 6228 6229 6208
f 6228 6208 6214
f 6214 6208 6207
f 6214 6211 6228
f 6228 6211 6213
f 6219 6202 6226
f 6226 6202 6203
f 6231 6226 6206
f 6206 6226 6203
f 6231 6230 6226
f 6226 6230 6225
f 6229 6231 6201
f 6201 6231 6206
f 6201 6198 6229
f 6229 6198 6208
f 5674 5672 5661
f 5661 5672 5662
f 5662 5672 5663
f 5663 5672 5646
f 5651 6042 5652
f 5652 6042 5973
f 5518 5517 5751
f 5751 5517 5733
f 5738 5660 5753
f 5753 5660 5637
f 5752 5636 5656
f 5656 5636 5526
f 5952 6042 5593
f 5593 6042 5651
f 5593 5651 5594
f 5594 5651 5650
f 5600 5737 5514
f 5514 5737 5515
f 5546 5545 5740
f 5740 5545 6232
f 6232 6058 5740
f 5740 6058 6057
f 6067 6058 6233
f 6233 6058 6232
f 6233 6232 6234
f 6234 6232 5545
f 6234 5545 6235
f 6235 5545 5544
f 5606 6236 5543
f 5543 6236 5544
f 6235 5544 5539
f 5539 5544 6236
f 6237 6235 5542
f 5542 6235 5539
f 6235 6237 6234
f 6234 6237 6238
f 6234 6238 6233
f 6233 6238 6239
f 5653 6068 5650
f 5650 6068 6239
f 5642 5513 6240
f 6240 5513 5516
f 5539 6236 5540
f 5540 6236 5606
f 5636 5614 5637
f 5637 5614 5753
f 6239 5737 5650
f 5650 5737 5594
f 6239 6068 6233
f 6233 6068 6067
f 6075 6074 6159
f 6159 6074 5655
f 6057 6159 5740
f 5740 6159 5655
f 5515 5737 6238
f 6238 5737 6239
f 6238 6237 5515
f 5515 6237 5516
f 5542 6240 6237
f 6237 6240 5516
f 6240 5542 5642
f 5642 5542 5541
f 5702 5699 5541
f 5541 5699 5642
f 5582 5475 5717
f 5470 5443 5537
f 5537 5443 5504
f 5469 5444 5470
f 5470 5444 5443
f 5726 5557 5727
f 5727 5557 5556
f 5537 5504 5511
f 5511 5504 5506
f 5504 5503 5506
f 5506 5503 5507
f 5503 5455 5507
f 5507 5455 5581
f 5455 5454 5581
f 5581 5454 5456
f 5473 5453 5474
f 5474 5453 5729
f 5457 5454 5473
f 5473 5454 5453
f 5473 5472 5457
f 5457 5472 5686
f 5472 5548 5686
f 5686 5548 5687
f 5749 5693 5548
f 5548 5693 5687
f 5715 5532 5749
f 5749 5532 5693
f 5714 5486 5715
f 5715 5486 5532
f 5714 5710 5486
f 5486 5710 5449
f 5728 5578 5729
f 5729 5578 5577
f 5452 5445 5698
f 5698 5445 5558
f 5445 5444 5558
f 5558 5444 5556
f 5444 5469 5556
f 5556 5469 5727
f 5469 5468 5727
f 5727 5468 5555
f 5468 5747 5555
f 5555 5747 5552
f 5747 5700 5552
f 5552 5700 5716
f 5700 5699 5716
f 5716 5699 5717
f 5699 5702 5717
f 5717 5702 5582
f 5702 5701 5582
f 5582 5701 5583
f 5726 5479 5557
f 5557 5479 5483
f 5483 5479 5484
f 5484 5479 5482
f 5534 5533 5482
f 5482 5533 5484
f 5691 5688 5534
f 5534 5688 5533
f 5644 5647 5691
f 5691 5647 5688
f 5719 5746 5701
f 5701 5746 5583
f 5718 5497 5719
f 5719 5497 5746
f 5718 5605 5654
f 5654 5605 5638
f 5498 5654 5657
f 5657 5654 5633
f 5497 5718 5498
f 5498 5718 5654
f 5657 5527 5498
f 5498 5527 5494
f 5528 5570 5495
f 5495 5570 5521
f 5665 5668 5528
f 5528 5668 5570
f 5664 5671 5665
f 5665 5671 5668
f 5645 5741 5664
f 5664 5741 5671
f 5644 5696 5645
f 5645 5696 5741
f 5710 5575 5449
f 5449 5575 5450
f 5575 5578 5450
f 5450 5578 5698
f 5578 5728 5698
f 5698 5728 5452
f 5452 5728 5451
f 5451 5728 5453
f 3619 6241 3620
f 3620 6241 6242
f 6243 6244 3628
f 3628 6244 3629
f 6245 6246 3634
f 3634 6246 3631
f 6247 6248 3636
f 3636 6248 3637
f 6249 6250 3642
f 3642 6250 3639
f 3639 6250 3643
f 3643 6250 6251
f 3743 6252 3744
f 3744 6252 6253
f 6246 6243 3631
f 3631 6243 3628
f 3753 6254 3754
f 3754 6254 6255
f 3857 6256 3619
f 3619 6256 6241
f 6257 6245 3932
f 3932 6245 3634
f 6242 6247 3620
f 3620 6247 3636
f 6258 6259 3946
f 3946 6259 3947
f 6260 6249 3948
f 3948 6249 3642
f 6244 6258 3629
f 3629 6258 3946
f 3947 6259 3753
f 3753 6259 6254
f 6248 6260 3637
f 3637 6260 3948
f 3643 6251 3743
f 3743 6251 6252
f 3744 6253 3932
f 3932 6253 6257
f 6250 6249 6251
f 6251 6249 6252
f 6245 6261 6246
f 6246 6261 6262
f 6263 6264 6247
f 6247 6264 6248
f 6252 6265 6253
f 6253 6265 6266
f 6246 6262 6243
f 6243 6262 6267
f 6268 6261 6257
f 6257 6261 6245
f 6269 6263 6242
f 6242 6263 6247
f 6270 6271 6260
f 6260 6271 6249
f 6264 6270 6248
f 6248 6270 6260
f 6253 6266 6257
f 6257 6266 6268
f 6249 6271 6252
f 6252 6271 6265
f 6254 6259 6272
f 6272 6259 6273
f 6266 6265 6270
f 6270 6265 6271
f 6268 6266 6264
f 6264 6266 6270
f 6261 6268 6263
f 6263 6268 6264
f 6269 6262 6263
f 6263 6262 6261
f 4186 4185 6274
f 6274 4185 6275
f 6241 6276 6242
f 6242 6276 6269
f 6258 6244 6277
f 6277 6244 6278
f 6256 6279 6241
f 6241 6279 6276
f 6259 6258 6273
f 6273 6258 6277
f 6243 6267 6244
f 6244 6267 6278
f 6276 6267 6269
f 6269 6267 6262
f 6254 6272 6255
f 6255 6272 6280
f 3865 3713 3888
f 3888 3713 3685
f 5242 5233 3892
f 3892 5233 3711
f 3900 5243 3892
f 3892 5243 5242
f 3734 3866 3900
f 3900 3866 5243
f 4117 6281 4118
f 4118 6281 6282
f 4118 6282 4278
f 4278 6282 4879
f 4717 4887 4718
f 4718 4887 4280
f 4792 4278 4882
f 4882 4278 4879
f 4795 4792 6283
f 6283 4792 4882
f 4852 4851 5012
f 5012 4851 6284
f 4856 5207 4857
f 4857 5207 4858
f 4860 4279 4857
f 4857 4279 4854
f 4718 4280 4860
f 4860 4280 4279
f 4864 4863 4745
f 4745 4863 4742
f 5366 4867 5011
f 5011 4867 4866
f 4871 4884 4872
f 4872 4884 4883
f 4872 4883 4117
f 4117 4883 6281
f 6284 4851 6283
f 6283 4851 4795
f 4852 4866 4853
f 4853 4866 4865
f 4871 4870 4856
f 4856 4870 5207
f 4717 4716 4864
f 4864 4716 4861
f 4868 4867 4862
f 4862 4867 4863
f 4268 4855 4269
f 4269 4855 4854
f 4281 4274 4282
f 4282 4274 4765
f 4744 4743 4907
f 4907 4743 4904
f 4874 4881 4820
f 4820 4881 4880
f 4885 5013 4886
f 4886 5013 4980
f 4888 4275 4281
f 4281 4275 4274
f 4902 6282 4903
f 4903 6282 6281
f 6283 4979 6284
f 6284 4979 4978
f 4282 4765 4269
f 4269 4765 4266
f 4880 4879 4902
f 4902 4879 6282
f 4903 6281 4886
f 4886 6281 4883
f 4882 4881 6283
f 6283 4881 4979
f 5013 4885 4267
f 4267 4885 4268
f 4888 4887 4744
f 4744 4887 4745
f 4410 6285 4411
f 4411 6285 4812
f 4750 4749 6286
f 6286 4749 6287
f 6289 4695 6288
f 6288 4695 4255
f 4750 4675 4751
f 4751 4675 4965
f 6290 6291 4963
f 4963 6291 4960
f 4807 4806 4411
f 4411 4806 4408
f 6292 6293 4959
f 4959 6293 4956
f 4958 6294 4959
f 4959 6294 4955
f 4962 4964 4963
f 4963 4964 4805
f 4962 4961 4751
f 4751 4961 4748
f 6296 6297 6295
f 6295 6297 6298
f 6299 6300 6288
f 6288 6300 4735
f 6302 4961 6301
f 6301 4961 4960
f 6304 6287 6303
f 6303 6287 4749
f 4968 6305 4969
f 4969 6305 6306
f 4413 6308 6307
f 6307 6308 4900
f 6301 4960 6309
f 6309 4960 6291
f 4412 4408 6310
f 6310 4408 4806
f 4696 6311 4256
f 4256 6311 6312
f 6303 4749 6313
f 6313 4749 4748
f 6313 4748 6302
f 6302 4748 4961
f 6315 6316 6314
f 6314 6316 6317
f 4084 6318 6315
f 6315 6318 6316
f 4083 6319 4084
f 4084 6319 6318
f 4112 6320 4083
f 4083 6320 6319
f 6322 4138 6321
f 6321 4138 4137
f 6324 4128 6323
f 6323 4128 4127
f 4127 4193 6323
f 6323 4193 6325
f 4193 4891 6325
f 6325 4891 6326
f 4891 6327 6326
f 6326 6327 6328
f 6327 4824 5227
f 5227 4824 5228
f 5231 4684 6329
f 6329 4684 4683
f 4683 4099 6329
f 6329 4099 6330
f 4099 4102 6330
f 6330 4102 6331
f 4174 4826 4429
f 4429 4826 4829
f 4173 4741 4174
f 4174 4741 4826
f 4180 4738 4173
f 4173 4738 4741
f 6332 6333 4180
f 4180 6333 4738
f 6274 6334 4186
f 4186 6334 4188
f 4181 4825 4180
f 4180 4825 6332
f 5044 5213 5045
f 5045 5213 5165
f 5046 5087 5047
f 5047 5087 5222
f 5077 5063 5078
f 5078 5063 5198
f 5081 5099 5082
f 5082 5099 5194
f 5095 5074 5096
f 5096 5074 5073
f 5373 5170 5096
f 5096 5170 5093
f 5375 5171 5373
f 5373 5171 5170
f 5047 5222 5375
f 5375 5222 5171
f 5046 5038 5376
f 5376 5038 5067
f 5377 5086 5376
f 5376 5086 5085
f 5045 5165 5377
f 5377 5165 5086
f 5378 5214 5044
f 5044 5214 5213
f 5077 5034 5378
f 5378 5034 5214
f 5082 5194 5078
f 5078 5194 5035
f 5081 5080 5379
f 5379 5080 6335
f 5379 6335 5095
f 5095 6335 5074
f 5032 5080 5033
f 5033 5080 5079
f 5040 5017 5041
f 5041 5017 5016
f 5050 5043 5051
f 5051 5043 5042
f 5065 5023 5066
f 5066 5023 5022
f 5050 5049 5065
f 5065 5049 5023
f 5041 5016 5068
f 5068 5016 5020
f 5071 5374 5072
f 5072 5374 5200
f 5075 5156 5076
f 5076 5156 5155
f 5162 5212 5068
f 5068 5212 5067
f 5075 5074 5192
f 5192 5074 6335
f 5066 5022 5199
f 5199 5022 5196
f 5076 5155 5072
f 5072 5155 5069
f 5040 5039 5071
f 5071 5039 5374
f 5162 5161 5051
f 5051 5161 5048
f 5192 6335 5032
f 5032 6335 5080
f 5199 5196 5033
f 5033 5196 5030
f 5018 5211 5019
f 5019 5211 5408
f 5019 5408 5021
f 5021 5408 5163
f 5024 5057 5025
f 5025 5057 5415
f 5028 5048 5029
f 5029 5048 5161
f 5054 5031 5055
f 5055 5031 5030
f 5024 5023 5058
f 5058 5023 5049
f 5061 5070 5062
f 5062 5070 5069
f 5157 5438 5158
f 5158 5438 5442
f 5160 5191 5054
f 5054 5191 5031
f 5029 5161 5021
f 5021 5161 5020
f 5025 5415 5197
f 5197 5415 5220
f 5158 5442 5062
f 5062 5442 5059
f 5018 5017 5061
f 5061 5017 5070
f 5160 5159 5157
f 5157 5159 5438
f 5028 5027 5058
f 5058 5027 5056
f 5055 5030 5197
f 5197 5030 5196
f 5409 5380 5410
f 5410 5380 6336
f 5026 5413 5027
f 5027 5413 5412
f 5396 5417 5393
f 5393 5417 5416
f 5416 5057 5419
f 5419 5057 5056
f 5417 5396 5426
f 5426 5396 5420
f 5427 5423 5428
f 5428 5423 5422
f 5427 5059 5430
f 5430 5059 5442
f 5409 5408 5433
f 5433 5408 5211
f 5433 5211 5428
f 5428 5211 5060
f 5412 5411 5419
f 5419 5411 5418
f 5436 5053 5437
f 5437 5053 5052
f 5439 5402 5440
f 5440 5402 5401
f 5436 5435 5439
f 5439 5435 5402
f 5410 6336 5413
f 5413 6336 5414
f 5440 5401 5430
f 5430 5401 5429
f 5426 5420 5437
f 5437 5420 5434
f 5382 5432 5383
f 5383 5432 5384
f 5386 6336 5383
f 5383 6336 5380
f 6336 5386 5414
f 5414 5386 5388
f 5391 5418 5392
f 5392 5418 5411
f 5705 5395 5704
f 5704 5395 5394
f 5399 5435 5400
f 5400 5435 5434
f 5403 5441 5404
f 5404 5441 5405
f 5407 5429 5404
f 5404 5429 5401
f 5395 5705 5421
f 5421 5705 5748
f 5424 5706 5425
f 5425 5706 5431
f 5391 5390 5394
f 5394 5390 5704
f 5392 5388 5389
f 5389 5388 5387
f 5382 5381 5425
f 5425 5381 5422
f 5407 5406 5424
f 5424 5406 5706
f 5403 5402 5399
f 5399 5402 5435
f 5421 5748 5400
f 5400 5748 5397
f 4097 4721 4098
f 4098 4721 4231
f 4233 5273 4098
f 4098 5273 4095
f 6337 6338 4785
f 4785 6338 4786
f 4076 4780 4073
f 4073 4780 4781
f 4782 4190 4781
f 4781 4190 4073
f 4783 4901 4782
f 4782 4901 4190
f 4780 4076 4097
f 4097 4076 4721
f 6337 2879 4701
f 4701 2879 2878
f 5280 6339 5272
f 5272 6339 6340
f 5282 5281 6341
f 6341 5281 6342
f 4109 6302 4110
f 4110 6302 6301
f 4283 6304 4284
f 4284 6304 6303
f 6305 4379 6306
f 6306 4379 4378
f 4110 6301 4428
f 4428 6301 6309
f 6310 4688 4412
f 4412 4688 4687
f 4284 6303 4753
f 4753 6303 6313
f 4753 6313 4109
f 4109 6313 6302
f 6343 5226 4428
f 4428 5226 4427
f 4147 4900 4416
f 4416 4900 6308
f 6312 6311 4241
f 4241 6311 4720
f 5223 6344 4702
f 4702 6344 4699
f 4221 4220 6345
f 6345 4220 6346
f 5276 5275 6347
f 6347 5275 6348
f 5275 4728 6348
f 6348 4728 6349
f 4727 6350 5284
f 5284 6350 5285
f 6351 6352 6354
f 6354 6352 6353
f 5313 5312 5292
f 5292 5312 5293
f 5312 5344 5293
f 5293 5344 5337
f 5344 4914 5337
f 5337 4914 4916
f 4914 4913 4916
f 4916 4913 4917
f 4913 6355 4917
f 4917 6355 4978
f 6356 6357 6284
f 6284 6357 5012
f 6357 6358 5012
f 5012 6358 5011
f 5011 6358 5366
f 5366 6358 6359
f 6360 4742 6359
f 6359 4742 5366
f 4743 6361 4904
f 4904 6361 5364
f 5363 4905 5364
f 5364 4905 4904
f 5363 6362 4905
f 4905 6362 4207
f 6362 6363 4207
f 4207 6363 4208
f 6363 5342 4208
f 4208 5342 5330
f 5342 5341 5330
f 5330 5341 4244
f 5341 6364 4244
f 4244 6364 4245
f 6364 6365 4245
f 4245 6365 4246
f 6366 6367 4253
f 4253 6367 4250
f 4214 6368 4211
f 4211 6368 4380
f 4380 4379 4211
f 4211 4379 4283
f 4379 6305 4283
f 4283 6305 6304
f 6305 4968 6304
f 6304 4968 6287
f 4968 4967 6287
f 6287 4967 6286
f 4967 6297 6286
f 6286 6297 4676
f 6296 4376 4288
f 4288 4376 4285
f 4376 4373 4285
f 4285 4373 4290
f 6369 6370 6372
f 6372 6370 6371
f 5245 6373 5246
f 5246 6373 6374
f 4317 6375 4318
f 4318 6375 6376
f 4331 6377 4332
f 4332 6377 6378
f 6379 4333 6376
f 6376 4333 4318
f 4343 6380 4344
f 4344 6380 6381
f 4347 6382 4348
f 4348 6382 6383
f 4374 6371 4331
f 4331 6371 6377
f 4333 6379 4426
f 4426 6379 6384
f 4690 6385 4347
f 4347 6385 6382
f 4332 6378 4317
f 4317 6378 6375
f 4922 6386 4923
f 4923 6386 6387
f 6388 6389 4375
f 4375 6389 6390
f 6355 6356 4978
f 4978 6356 6284
f 4742 6360 4743
f 4743 6360 6361
f 6391 4238 6392
f 6392 4238 4719
f 6392 4719 6393
f 6393 4719 5296
f 6395 6396 6394
f 6394 6396 6397
f 6399 6400 6398
f 6398 6400 6401
f 6402 5302 6403
f 6403 5302 5303
f 5303 5321 6403
f 6403 5321 6404
f 5320 6405 5321
f 5321 6405 6404
f 5319 6406 5350
f 5350 6406 5351
f 5319 5318 6406
f 6406 5318 6407
f 5288 4197 6408
f 6408 4197 6409
f 4217 4216 6410
f 6410 4216 6411
f 5227 6412 6327
f 6327 6412 6328
f 4892 6413 5227
f 5227 6413 6412
f 4228 6414 4892
f 4892 6414 6413
f 4227 6415 4228
f 4228 6415 6414
f 4248 6416 4227
f 4227 6416 6415
f 4247 6417 4248
f 4248 6417 6416
f 6417 4247 6419
f 6419 4247 6418
f 6419 6418 6421
f 6421 6418 6420
f 6422 5301 6423
f 6423 5301 5300
f 6423 5300 6424
f 6424 5300 6399
f 6408 6409 6398
f 6398 6409 6425
f 6426 6427 6397
f 6397 6427 6394
f 6428 4224 6429
f 6429 4224 4223
f 6347 6346 5276
f 5276 6346 4220
f 6346 6347 6341
f 6341 6347 6339
f 5280 5278 5282
f 5282 5278 4236
f 4896 5224 4684
f 4684 5224 4681
f 4132 4135 4896
f 4896 4135 5224
f 4131 4136 4132
f 4132 4136 4135
f 4226 4754 4131
f 4131 4754 4136
f 4251 4213 4226
f 4226 4213 4754
f 4250 4214 4251
f 4251 4214 4213
f 4250 6367 4214
f 4214 6367 6368
f 6367 4910 6368
f 6368 4910 4737
f 4909 5297 4736
f 4736 5297 5296
f 5297 6395 5296
f 5296 6395 6393
f 6427 6430 6394
f 6394 6430 6431
f 6429 4383 6428
f 6428 4383 4382
f 4219 5277 4220
f 4220 5277 5276
f 4222 4697 4383
f 4383 4697 4218
f 6345 4699 4221
f 4221 4699 6344
f 6342 4700 6345
f 6345 4700 4699
f 4235 4786 5281
f 5281 4786 6338
f 4234 4787 4235
f 4235 4787 4786
f 5279 5278 6432
f 6432 5278 5271
f 4237 5279 6433
f 6433 5279 6432
f 4787 4234 6433
f 6433 4234 4237
f 6435 6436 6434
f 6434 6436 6437
f 6359 6438 6360
f 6360 6438 6437
f 6439 6440 6441
f 6441 6440 6438
f 6443 6439 6442
f 6442 6439 6441
f 6357 6356 6442
f 6442 6356 6444
f 6444 6446 6445
f 6445 6446 6447
f 4912 6446 4913
f 4913 6446 6355
f 6361 6436 5364
f 5364 6436 5365
f 5319 5350 5316
f 5316 5350 6448
f 4832 6449 5350
f 5350 6449 6448
f 4831 6450 4832
f 4832 6450 6449
f 5354 6451 5320
f 5320 6451 6405
f 4265 6452 5354
f 5354 6452 6451
f 4264 6453 4265
f 4265 6453 6452
f 6450 4831 6447
f 6447 4831 6445
f 4263 6435 4264
f 4264 6435 6434
f 6454 6453 6439
f 6439 6453 6440
f 6439 6443 6454
f 6454 6443 4834
f 4833 6455 4834
f 4834 6455 6454
f 5351 6456 4833
f 4833 6456 6455
f 6457 6391 6458
f 6458 6391 6392
f 6458 6392 6431
f 6431 6392 6393
f 5298 6396 5297
f 5297 6396 6395
f 6402 6400 5302
f 5302 6400 5299
f 6402 6403 6459
f 6459 6403 6460
f 6460 6403 6461
f 6461 6403 6404
f 6405 6462 6404
f 6404 6462 6461
f 6406 6462 5351
f 5351 6462 6456
f 6406 6407 6462
f 6462 6407 6461
f 6407 6463 6461
f 6461 6463 6460
f 6463 6464 6460
f 6460 6464 6459
f 6464 6465 6459
f 6459 6465 6401
f 6430 6466 6431
f 6431 6466 6458
f 6466 6410 6458
f 6458 6410 6457
f 6410 6411 6457
f 6457 6411 6467
f 6396 6424 6397
f 6397 6424 6425
f 6393 6395 6431
f 6431 6395 6394
f 6451 6456 6405
f 6405 6456 6462
f 6452 6455 6451
f 6451 6455 6456
f 6453 6454 6452
f 6452 6454 6455
f 6443 6445 4834
f 4834 6445 4831
f 6440 6453 6434
f 6434 6453 4264
f 6468 5306 5360
f 5360 5306 5305
f 6469 4124 6468
f 6468 4124 5306
f 6470 4125 6469
f 6469 4125 4124
f 6471 5291 6470
f 6470 5291 4125
f 6353 5292 6471
f 6471 5292 5291
f 5292 6353 5313
f 5313 6353 6352
f 5347 5314 6352
f 6352 5314 5313
f 5353 5318 5346
f 5346 5318 5317
f 5334 6468 5358
f 5358 6468 5360
f 5324 6469 5334
f 5334 6469 6468
f 5323 6470 5324
f 5324 6470 6469
f 5343 6471 5323
f 5323 6471 6470
f 6354 6353 5343
f 5343 6353 6471
f 6348 6349 4270
f 4270 6349 5311
f 5272 6340 5273
f 5273 6340 4272
f 6432 5271 4232
f 4232 5271 4233
f 4294 6432 4295
f 4295 6432 4232
f 6432 4294 6433
f 6433 4294 4301
f 4301 4300 6433
f 6433 4300 4787
f 4704 4784 4300
f 4300 4784 4787
f 4704 3013 4784
f 4784 3013 1307
f 5103 6472 5104
f 5104 6472 5202
f 5108 5116 5105
f 5105 5116 5115
f 5111 5124 5112
f 5112 5124 5123
f 5154 5205 5105
f 5105 5205 5106
f 5167 5180 5168
f 5168 5180 5185
f 5175 5188 5176
f 5176 5188 5187
f 5112 5123 5178
f 5178 5123 5120
f 5167 5090 5183
f 5183 5090 5089
f 5210 5151 5183
f 5183 5151 5181
f 5216 5138 5217
f 5217 5138 5137
f 5218 5119 5219
f 5219 5119 5221
f 5218 5178 5119
f 5119 5178 5120
f 5217 5137 5104
f 5104 5137 5101
f 5116 5108 5221
f 5221 5108 5219
f 5111 5110 5210
f 5210 5110 5151
f 5154 5153 5103
f 5103 5153 6472
f 5216 5215 5176
f 5176 5215 5173
f 5175 5174 5168
f 5168 5174 5166
f 5091 5172 5092
f 5092 5172 5208
f 5117 5037 5118
f 5118 5037 5036
f 5121 5164 5122
f 5122 5164 5133
f 5125 5084 5126
f 5126 5084 5083
f 5129 5174 5130
f 5130 5174 5173
f 5131 5202 5132
f 5132 5202 6472
f 5135 5221 5122
f 5122 5221 5119
f 5125 5124 5136
f 5136 5124 5209
f 5126 5083 5121
f 5121 5083 5164
f 5118 5036 5195
f 5195 5036 5193
f 5131 5097 5203
f 5203 5097 5114
f 5132 6472 5195
f 5195 6472 5153
f 5136 5209 5092
f 5092 5209 5089
f 5135 5134 5117
f 5117 5134 5037
f 5362 5206 5130
f 5130 5206 5127
f 5372 5371 5128
f 5128 5371 5129
f 5371 5372 5091
f 5091 5372 5172
f 5362 5215 5203
f 5203 5215 5201
f 6463 6407 5353
f 5353 6407 5318
f 6464 6463 5352
f 5352 6463 5353
f 6408 6465 5288
f 5288 6465 5289
f 4196 4224 6426
f 6426 4224 6427
f 6430 6427 6428
f 6428 6427 4224
f 6466 6430 4382
f 4382 6430 6428
f 6410 6466 4217
f 4217 6466 4382
f 4240 4239 3015
f 3015 4239 3016
f 4254 4257 3017
f 3017 4257 3018
f 6473 6474 4732
f 4732 6474 6475
f 6474 6374 6475
f 6475 6374 6373
f 5246 6374 3022
f 3022 6374 3023
f 4254 6299 4255
f 4255 6299 6288
f 6473 6300 3024
f 3024 6300 3025
f 6476 4257 6312
f 6312 4257 4256
f 4240 6476 4241
f 4241 6476 6312
f 6477 4239 6391
f 6391 4239 4238
f 6467 6477 6457
f 6457 6477 6391
f 6411 3029 6467
f 6467 3029 3028
f 4216 3030 6411
f 6411 3030 3029
f 6479 6480 6478
f 6478 6480 6481
f 6483 6484 6482
f 6482 6484 6485
f 6486 6487 4102
f 4102 6487 6331
f 6483 6488 6478
f 6478 6488 6489
f 4429 4829 6490
f 6490 4829 6479
f 6491 6486 4101
f 4101 6486 4102
f 4895 6491 4899
f 4899 6491 4101
f 4160 6488 4157
f 4157 6488 6492
f 6489 4087 6490
f 6490 4087 4090
f 4267 4261 5013
f 5013 4261 4260
f 4258 4261 5328
f 5328 4261 4975
f 4261 4267 4975
f 4975 4267 4266
f 5367 3793 3912
f 3912 3793 3575
f 6494 3616 6493
f 6493 3616 3795
f 6496 3589 6495
f 6495 3589 3588
f 6495 3588 5368
f 5368 3588 3794
f 3841 3840 3050
f 3050 3840 3051
f 3912 3911 3052
f 3052 3911 3053
f 3929 3930 3054
f 3054 3930 3055
f 5370 3930 3916
f 3916 3930 3923
f 3938 5369 3807
f 3807 5369 3915
f 3589 6496 3806
f 3806 6496 3937
f 3938 3937 3056
f 3056 3937 3057
f 3051 3840 3058
f 3058 3840 3943
f 3730 4808 3727
f 3727 4808 3943
f 3820 3951 3795
f 3795 3951 6493
f 3951 3841 3059
f 3059 3841 3050
f 3911 3574 6494
f 6494 3574 3616
f 3823 3929 3824
f 3824 3929 3952
f 4061 4060 3060
f 3060 4060 3061
f 6497 6498 4901
f 4901 6498 4790
f 6333 6499 4738
f 4738 6499 4739
f 6500 6501 6314
f 6314 6501 4418
f 6502 6275 4417
f 4417 6275 4185
f 6503 6497 4783
f 4783 6497 4901
f 6498 4060 4790
f 4790 4060 4059
f 4808 4061 3069
f 3069 4061 3060
f 5367 3071 5368
f 5368 3071 3070
f 5369 3073 5370
f 5370 3073 3072
f 6274 6275 3074
f 3074 6275 3075
f 6499 6504 4739
f 4739 6504 6317
f 6333 6332 3077
f 3077 6332 3078
f 6334 6274 3079
f 3079 6274 3074
f 6332 4825 3078
f 3078 4825 3080
f 6334 6503 4188
f 4188 6503 4783
f 4825 4689 3080
f 3080 4689 1330
f 6506 4747 6505
f 6505 4747 4746
f 6505 6507 6506
f 6506 6507 6508
f 4297 6509 4920
f 4920 6509 6510
f 4296 6511 4297
f 4297 6511 6509
f 6506 6508 4319
f 4319 6508 6512
f 4372 4371 6514
f 6514 4371 6513
f 6511 4296 5251
f 5251 4296 4305
f 5251 5250 6511
f 6511 5250 6515
f 6516 6509 6515
f 6515 6509 6511
f 6517 6507 6519
f 6519 6507 6518
f 6512 6520 6513
f 6513 6520 6514
f 6507 6517 6508
f 6508 6517 6521
f 5249 6523 6522
f 6522 6523 6524
f 6525 6370 5253
f 5253 6370 6526
f 4370 4323 4371
f 4371 4323 4326
f 4370 3103 4323
f 4323 3103 1541
f 6521 6517 6527
f 6527 6517 6519
f 6520 6528 6514
f 6514 6528 6529
f 6531 6532 6530
f 6530 6532 6533
f 5250 6534 6515
f 6515 6534 6535
f 6530 6533 6536
f 6536 6533 6537
f 6526 6538 6534
f 6534 6538 6537
f 6515 6535 6516
f 6516 6535 6539
f 4325 4321 4326
f 4326 4321 4320
f 4371 4326 6513
f 6513 4326 4320
f 6531 4731 6541
f 6541 4731 6540
f 4731 4730 6540
f 6540 4730 6542
f 4730 3121 6542
f 6542 3121 3120
f 6530 4328 6531
f 6531 4328 4731
f 4328 6530 4329
f 4329 6530 6536
f 4329 6536 6524
f 6524 6536 6543
f 6544 6545 6522
f 6522 6545 5248
f 6389 6388 5245
f 5245 6388 6373
f 6388 6546 6373
f 6373 6546 6475
f 4733 6546 6295
f 6295 6546 4377
f 4732 6475 4733
f 4733 6475 6546
f 4393 4432 4394
f 4394 4432 4435
f 4434 4672 4842
f 4842 4672 4671
f 4440 4439 4441
f 4441 4439 4438
f 4436 4450 4437
f 4437 4450 4398
f 4447 4444 4448
f 4448 4444 4392
f 4446 4464 4433
f 4433 4464 6547
f 4454 4423 4455
f 4455 4423 4422
f 4452 4481 4453
f 4453 4481 4480
f 4458 4389 4459
f 4459 4389 4388
f 4456 4471 4457
f 4457 4471 4468
f 4391 4460 4392
f 4392 4460 4448
f 4461 4467 4445
f 4445 4467 4465
f 4437 4398 4629
f 4629 4398 4397
f 4438 4628 4441
f 4441 4628 4631
f 4841 4629 4839
f 4839 4629 4397
f 4628 4842 4631
f 4631 4842 4671
f 4930 4989 4452
f 4452 4989 4481
f 4929 4927 4436
f 4436 4927 4450
f 4933 4387 4934
f 4934 4387 4386
f 4931 4475 4932
f 4932 4475 4474
f 4936 4449 4933
f 4933 4449 4387
f 4935 4472 4456
f 4456 4472 4471
f 4389 4458 4391
f 4391 4458 4460
f 4457 4468 4461
f 4461 4468 4467
f 4934 4386 4454
f 4454 4386 4423
f 4453 4480 4931
f 4931 4480 4475
f 4575 4997 4576
f 4576 4997 4639
f 4579 4596 4580
f 4580 4596 4595
f 4583 4582 4572
f 4572 4582 4569
f 4587 4944 4588
f 4588 4944 4562
f 4588 4562 4590
f 4590 4562 4561
f 4576 4639 4642
f 4642 4639 4638
f 4642 4845 4641
f 4641 4845 4846
f 4845 4590 4846
f 4846 4590 4561
f 4941 4938 4595
f 4595 4938 4580
f 4938 4940 4668
f 4668 4940 4669
f 4583 4942 4584
f 4584 4942 4947
f 4582 4587 4569
f 4569 4587 4586
f 5000 5001 4579
f 4579 5001 4596
f 4558 4560 4585
f 4585 4560 4586
f 4565 4639 4566
f 4566 4639 4997
f 4568 4567 4577
f 4577 4567 4578
f 4570 4554 4571
f 4571 4554 4556
f 4640 4565 4637
f 4637 4565 4546
f 4662 4664 4665
f 4665 4664 4844
f 4662 4558 4589
f 4589 4558 4585
f 4554 4570 4557
f 4557 4570 4560
f 4571 4667 4572
f 4572 4667 4943
f 4551 4670 4552
f 4552 4670 4666
f 4640 4664 4638
f 4638 4664 4663
f 4670 4568 4668
f 4668 4568 4577
f 4999 4996 4566
f 4566 4996 4543
f 4608 4564 4603
f 4603 4564 4563
f 4573 4593 4574
f 4574 4593 4592
f 4597 4614 4598
f 4598 4614 4613
f 4601 4600 4584
f 4584 4600 4581
f 4563 4562 4604
f 4604 4562 4944
f 4643 4593 4641
f 4641 4593 4573
f 4643 4847 4644
f 4644 4847 4848
f 4564 4847 4561
f 4561 4847 4846
f 4945 4941 4598
f 4598 4941 4595
f 4941 4945 4939
f 4939 4945 4946
f 4601 4948 4602
f 4602 4948 4620
f 4600 4604 4581
f 4581 4604 4944
f 5002 5003 4597
f 4597 5003 4614
f 4988 4759 4953
f 4953 4759 4402
f 4706 6548 4707
f 4707 6548 6549
f 4311 4928 4419
f 4419 4928 6550
f 4921 4920 6551
f 6551 4920 6552
f 4925 6553 4926
f 4926 6553 6554
f 4928 4921 4802
f 4802 4921 6551
f 6555 4985 6550
f 6550 4985 4419
f 4952 6556 4953
f 4953 6556 4649
f 4971 6557 4706
f 4706 6557 6548
f 4988 4648 4925
f 4925 4648 6553
f 4707 6549 5006
f 5006 6549 4987
f 4920 6510 6552
f 6552 6510 6518
f 6558 6510 6516
f 6516 6510 6509
f 6559 6558 6539
f 6539 6558 6516
f 6531 6541 6532
f 6532 6541 6560
f 6540 6561 6541
f 6541 6561 6529
f 6542 6562 6540
f 6540 6562 6561
f 6542 3120 6562
f 6562 3120 3142
f 4366 6563 4760
f 4760 6563 4970
f 4815 6564 4816
f 4816 6564 6565
f 3147 3146 6565
f 6565 3146 4816
f 6564 6563 6565
f 6565 6563 6566
f 4837 4385 4357
f 4357 4385 4358
f 6565 6566 3147
f 3147 6566 3149
f 4694 1209 3150
f 5247 5249 5248
f 5248 5249 6522
f 6372 6390 6545
f 6545 6390 6389
f 6375 5254 6376
f 6376 5254 5258
f 6377 6525 6378
f 6378 6525 5255
f 5260 6379 5258
f 5258 6379 6376
f 6380 6567 6381
f 6381 6567 6568
f 6382 6569 6383
f 6383 6569 6570
f 6377 6371 6525
f 6525 6371 6370
f 6379 5260 6384
f 6384 5260 6571
f 6385 6572 6382
f 6382 6572 6569
f 6378 5255 6375
f 6375 5255 5254
f 6386 6573 6387
f 6387 6573 6574
f 6545 6389 5248
f 5248 6389 5245
f 4675 4750 4676
f 4676 4750 6286
f 4734 6289 4735
f 4735 6289 6288
f 4804 6290 4805
f 4805 6290 4963
f 4811 4807 4812
f 4812 4807 4411
f 4954 6292 4955
f 4955 6292 4959
f 4964 4962 4965
f 4965 4962 4751
f 6285 4821 4812
f 4812 4821 4809
f 4675 4287 4965
f 4965 4287 4210
f 6294 4145 4955
f 4955 4145 4154
f 4964 4120 4805
f 4805 4120 4119
f 6298 4966 4734
f 4734 4966 6289
f 6300 6473 4735
f 4735 6473 4732
f 6297 6296 4676
f 4676 6296 4288
f 6523 3160 4330
f 4330 3160 3159
f 5253 5252 6525
f 6525 5252 5255
f 5256 5252 4305
f 4305 5252 5251
f 4304 5257 4305
f 4305 5257 5256
f 4424 5259 4304
f 4304 5259 5257
f 5261 6571 5259
f 5259 6571 5260
f 5262 6573 5261
f 5261 6573 6571
f 5264 6567 5265
f 5265 6567 6574
f 5266 6572 5267
f 5267 6572 6568
f 5268 6570 5269
f 5269 6570 6569
f 1807 3161 5268
f 5268 3161 6570
f 6524 6523 4329
f 4329 6523 4330
f 5253 6526 5250
f 5250 6526 6534
f 6543 6538 6544
f 6544 6538 6369
f 6524 6543 6522
f 6522 6543 6544
f 3071 5367 3052
f 3052 5367 3912
f 6493 3163 6494
f 6494 3163 3162
f 3164 445 3771
f 3771 445 3761
f 461 3165 3919
f 3919 3165 3920
f 330 410 3839
f 3839 410 3910
f 332 331 3552
f 3552 331 3551
f 464 304 3918
f 3918 304 3816
f 385 458 3766
f 3766 458 3894
f 412 415 3762
f 3762 415 3763
f 3166 337 3748
f 3748 337 3745
f 3072 3055 5370
f 5370 3055 3930
f 3073 5369 3056
f 3056 5369 3938
f 3167 3057 6496
f 6496 3057 3937
f 3069 3058 4808
f 4808 3058 3943
f 411 3166 3851
f 3851 3166 3748
f 3059 3163 3951
f 3951 3163 6493
f 336 3164 3772
f 3772 3164 3771
f 3053 3911 3162
f 3162 3911 6494
f 3054 3168 3929
f 3929 3168 3952
f 3165 830 3920
f 3920 830 3945
f 3170 3169 6497
f 6497 3169 6498
f 3171 1354 5005
f 5005 1354 4830
f 3172 3170 6503
f 6503 3170 6497
f 3169 3061 6498
f 6498 3061 4060
f 3173 3171 5006
f 5006 3171 5005
f 3079 3172 6334
f 6334 3172 6503
f 3174 3025 6299
f 6299 3025 6300
f 6576 6577 6575
f 6575 6577 6578
f 4612 4611 6579
f 6579 4611 6580
f 6582 6583 6581
f 6581 6583 6584
f 6584 6585 4618
f 4618 6585 4621
f 6586 6587 6589
f 6589 6587 6588
f 6588 6587 6590
f 6590 6587 6591
f 6592 4606 6590
f 6590 4606 4623
f 6594 6576 6593
f 6593 6576 6575
f 6595 6582 6579
f 6579 6582 6581
f 6580 6597 6596
f 6596 6597 6598
f 6577 6576 6599
f 6599 6576 6600
f 6595 6596 6601
f 6601 6596 6602
f 6583 6582 6603
f 6603 6582 6604
f 6586 6606 6605
f 6605 6606 6607
f 6587 6586 6608
f 6608 6586 6605
f 6587 6608 6591
f 6591 6608 6609
f 6576 6594 6600
f 6600 6594 6610
f 6582 6595 6604
f 6604 6595 6601
f 6599 6611 6577
f 6577 6611 6598
f 6613 6614 6612
f 6612 6614 6615
f 6617 6618 6616
f 6616 6618 6619
f 6621 6622 6620
f 6620 6622 6623
f 6625 6626 6624
f 6624 6626 6627
f 6629 6630 6628
f 6628 6630 6631
f 6633 6634 6632
f 6632 6634 6635
f 6637 6638 6636
f 6636 6638 6639
f 6640 6641 6637
f 6637 6641 6638
f 6643 6633 6642
f 6642 6633 6632
f 6645 6646 6644
f 6644 6646 6647
f 6646 6648 6647
f 6647 6648 6649
f 6651 6652 6650
f 6650 6652 6653
f 6653 6652 6654
f 6654 6652 6655
f 6656 6657 6659
f 6659 6657 6658
f 6661 6662 6660
f 6660 6662 6663
f 6662 6661 6664
f 6664 6661 6665
f 6667 6657 6666
f 6666 6657 6656
f 6669 6670 6668
f 6668 6670 6671
f 6672 6673 6670
f 6670 6673 6671
f 6674 6675 6677
f 6677 6675 6676
f 6675 6678 6676
f 6676 6678 6679
f 6681 6682 6680
f 6680 6682 6683
f 6684 6685 6683
f 6683 6685 6680
f 6687 6688 6686
f 6686 6688 6689
f 6687 6690 6688
f 6688 6690 6691
f 6619 6618 6633
f 6633 6618 6634
f 6632 6635 6693
f 6693 6635 6692
f 6617 6694 6636
f 6636 6694 6637
f 6695 6692 6639
f 6639 6692 6635
f 6637 6694 6640
f 6640 6694 6696
f 6698 6638 6697
f 6697 6638 6641
f 6643 6616 6633
f 6633 6616 6619
f 6642 6699 6641
f 6641 6699 6697
f 6646 6645 6700
f 6700 6645 6621
f 6644 6701 6654
f 6654 6701 6702
f 6700 6703 6646
f 6646 6703 6648
f 6693 6704 6649
f 6649 6704 6647
f 6620 6623 6651
f 6651 6623 6652
f 6693 6649 6699
f 6699 6649 6650
f 6652 6623 6655
f 6655 6623 6622
f 6654 6702 6653
f 6653 6702 6697
f 6615 6614 6657
f 6657 6614 6658
f 6705 6656 6704
f 6704 6656 6659
f 6613 6706 6660
f 6660 6706 6661
f 6704 6659 6701
f 6701 6659 6663
f 6661 6706 6665
f 6665 6706 6707
f 6708 6702 6664
f 6664 6702 6662
f 6612 6615 6667
f 6667 6615 6657
f 6666 6709 6664
f 6664 6709 6708
f 6629 6710 6669
f 6669 6710 6670
f 6668 6711 6679
f 6679 6711 6712
f 6713 6672 6710
f 6710 6672 6670
f 6714 6671 6705
f 6705 6671 6673
f 6628 6631 6674
f 6674 6631 6675
f 6705 6673 6709
f 6709 6673 6677
f 6631 6630 6675
f 6675 6630 6678
f 6712 6708 6679
f 6679 6708 6676
f 6625 6715 6682
f 6682 6715 6683
f 6716 6717 6681
f 6681 6717 6691
f 6718 6684 6715
f 6715 6684 6683
f 6719 6680 6714
f 6714 6680 6685
f 6624 6627 6686
f 6686 6627 6687
f 6689 6711 6685
f 6685 6711 6714
f 6627 6626 6687
f 6687 6626 6690
f 6717 6712 6691
f 6691 6712 6688
f 6612 6707 6613
f 6613 6707 6706
f 6616 6696 6617
f 6617 6696 6694
f 6703 6700 6620
f 6620 6700 6621
f 6715 6625 6718
f 6718 6625 6624
f 6710 6629 6713
f 6713 6629 6628
f 6639 6635 6636
f 6636 6635 6634
f 6641 6640 6642
f 6642 6640 6643
f 6654 6655 6644
f 6644 6655 6645
f 6651 6650 6648
f 6648 6650 6649
f 6659 6658 6663
f 6663 6658 6660
f 6665 6667 6664
f 6664 6667 6666
f 6678 6669 6679
f 6679 6669 6668
f 6673 6672 6677
f 6677 6672 6674
f 6690 6682 6691
f 6691 6682 6681
f 6685 6684 6689
f 6689 6684 6686
f 6636 6634 6617
f 6617 6634 6618
f 6638 6698 6639
f 6639 6698 6695
f 6640 6696 6643
f 6643 6696 6616
f 6693 6699 6632
f 6632 6699 6642
f 6655 6622 6645
f 6645 6622 6621
f 6704 6701 6647
f 6647 6701 6644
f 6651 6648 6620
f 6620 6648 6703
f 6650 6653 6699
f 6699 6653 6697
f 6613 6660 6614
f 6614 6660 6658
f 6663 6662 6701
f 6701 6662 6702
f 6665 6707 6667
f 6667 6707 6612
f 6705 6709 6656
f 6656 6709 6666
f 6630 6629 6678
f 6678 6629 6669
f 6714 6711 6671
f 6671 6711 6668
f 6672 6713 6674
f 6674 6713 6628
f 6677 6676 6709
f 6709 6676 6708
f 6626 6625 6690
f 6690 6625 6682
f 6680 6719 6681
f 6681 6719 6716
f 6684 6718 6686
f 6686 6718 6624
f 6711 6689 6712
f 6689 6688 6712
f 6593 6720 6594
f 6594 6720 6721
f 6722 6720 4607
f 4607 6720 4849
f 6592 6723 6722
f 6722 6723 6724
f 4610 4609 6578
f 6578 4609 6575
f 6596 6595 6580
f 6580 6595 6579
f 4618 4617 6584
f 6584 4617 6581
f 6589 6585 6586
f 6586 6585 6606
f 4622 4619 6588
f 6588 4619 6589
f 4622 6588 4623
f 4623 6588 6590
f 4609 4645 6575
f 6575 4645 6593
f 4617 4612 6581
f 6581 4612 6579
f 5004 4610 6597
f 6597 4610 6578
f 4645 4849 6593
f 6593 4849 6720
f 6724 6721 6722
f 6722 6721 6720
f 6722 4607 6592
f 6592 4607 4606
f 6725 6610 6721
f 6721 6610 6594
f 6723 6726 6724
f 6724 6726 6727
f 6727 6725 6724
f 6724 6725 6721
f 6728 6729 6605
f 6605 6729 6608
f 6605 6607 6728
f 6728 6607 6730
f 6731 6732 6604
f 6604 6732 6603
f 6733 6734 6725
f 6725 6734 6610
f 6735 6733 6727
f 6727 6733 6725
f 6735 6727 6736
f 6736 6727 6726
f 6591 6609 6723
f 6723 6609 6726
f 6723 6592 6591
f 6591 6592 6590
f 6738 6739 6737
f 6737 6739 6740
f 6740 6739 6742
f 6742 6739 6741
f 6743 6744 6741
f 6741 6744 6742
f 6745 6746 6743
f 6743 6746 6744
f 6747 6748 6745
f 6745 6748 6746
f 6749 6750 6747
f 6747 6750 6748
f 6752 6738 6751
f 6751 6738 6737
f 6754 6752 6753
f 6753 6752 6751
f 6756 6754 6755
f 6755 6754 6753
f 6758 6750 6757
f 6757 6750 6749
f 6760 6756 6759
f 6759 6756 6755
f 6762 6760 6761
f 6761 6760 6759
f 6764 6762 6763
f 6763 6762 6761
f 6757 6764 6758
f 6758 6764 6763
f 6766 6741 6765
f 6765 6741 6739
f 6767 6743 6766
f 6766 6743 6741
f 6768 6745 6767
f 6767 6745 6743
f 6769 6747 6768
f 6768 6747 6745
f 6770 6749 6769
f 6769 6749 6747
f 6772 6769 6771
f 6771 6769 6768
f 6773 6770 6772
f 6772 6770 6769
f 6774 6775 6772
f 6772 6775 6773
f 6777 6778 6776
f 6776 6778 6779
f 6775 6774 6778
f 6778 6774 6779
f 6771 6780 6772
f 6772 6780 6774
f 6780 6781 6774
f 6774 6781 6779
f 6781 6782 6779
f 6779 6782 6776
f 6784 6785 6783
f 6783 6785 6786
f 6786 6787 6783
f 6783 6787 6788
f 6790 6788 6789
f 6789 6788 6787
f 6786 6785 6791
f 6791 6785 6792
f 6791 6793 6786
f 6786 6793 6787
f 6793 6794 6787
f 6787 6794 6789
f 6795 6796 6794
f 6794 6796 6789
f 6790 6789 6797
f 6797 6789 6796
f 6798 6765 6738
f 6738 6765 6739
f 6799 6798 6752
f 6752 6798 6738
f 6767 6800 6768
f 6768 6800 6771
f 6766 6801 6767
f 6767 6801 6800
f 6802 6801 6765
f 6765 6801 6766
f 6798 6803 6765
f 6765 6803 6802
f 6804 6803 6799
f 6799 6803 6798
f 6805 6806 6804
f 6804 6806 6803
f 6807 6799 6754
f 6754 6799 6752
f 6808 6804 6807
f 6807 6804 6799
f 6809 6805 6808
f 6808 6805 6804
f 6810 6811 6805
f 6805 6811 6806
f 6812 6813 6810
f 6810 6813 6811
f 6814 6815 6796
f 6796 6815 6797
f 6813 6814 6816
f 6816 6814 6817
f 6816 6818 6813
f 6813 6818 6811
f 6819 6806 6818
f 6818 6806 6811
f 6802 6803 6819
f 6819 6803 6806
f 6757 6749 6820
f 6820 6749 6770
f 6820 6770 6821
f 6821 6770 6773
f 6821 6773 6822
f 6822 6773 6775
f 6822 6775 6823
f 6823 6775 6778
f 6824 6823 6777
f 6777 6823 6778
f 6784 6825 6777
f 6777 6825 6824
f 6826 6827 6788
f 6788 6827 6783
f 6828 6826 6790
f 6790 6826 6788
f 6829 6828 6797
f 6797 6828 6790
f 6815 6830 6797
f 6797 6830 6829
f 6832 6812 6831
f 6831 6812 6810
f 6831 6810 6809
f 6809 6810 6805
f 6736 6800 6735
f 6735 6800 6801
f 6733 6735 6802
f 6802 6735 6801
f 6734 6733 6819
f 6819 6733 6802
f 6833 6734 6818
f 6818 6734 6819
f 6834 6833 6816
f 6816 6833 6818
f 6816 6817 6834
f 6834 6817 6835
f 6837 6795 6836
f 6836 6795 6794
f 6836 6794 6731
f 6731 6794 6793
f 6732 6731 6791
f 6791 6731 6793
f 6791 6792 6732
f 6732 6792 6730
f 6729 6728 6781
f 6781 6728 6782
f 6838 6807 6756
f 6756 6807 6754
f 6839 6838 6760
f 6760 6838 6756
f 6840 6839 6762
f 6762 6839 6760
f 6841 6840 6764
f 6764 6840 6762
f 6820 6841 6757
f 6757 6841 6764
f 6841 6820 6842
f 6842 6820 6821
f 6840 6841 6843
f 6843 6841 6842
f 6839 6840 6844
f 6844 6840 6843
f 6838 6839 6845
f 6845 6839 6844
f 6807 6838 6808
f 6808 6838 6845
f 6842 6821 6846
f 6846 6821 6822
f 6843 6842 6847
f 6847 6842 6846
f 6844 6843 6848
f 6848 6843 6847
f 6845 6844 6849
f 6849 6844 6848
f 6808 6845 6809
f 6809 6845 6849
f 6850 6831 6849
f 6849 6831 6809
f 6851 6850 6848
f 6848 6850 6849
f 6847 6852 6848
f 6848 6852 6851
f 6853 6852 6846
f 6846 6852 6847
f 6846 6822 6853
f 6853 6822 6823
f 6853 6823 6854
f 6854 6823 6824
f 6854 6855 6853
f 6853 6855 6852
f 6856 6851 6855
f 6855 6851 6852
f 6856 6857 6851
f 6851 6857 6850
f 6857 6832 6850
f 6850 6832 6831
f 6825 6858 6824
f 6824 6858 6854
f 6860 6827 6859
f 6859 6827 6826
f 6859 6826 6861
f 6861 6826 6828
f 6862 6861 6829
f 6829 6861 6828
f 6830 6863 6829
f 6829 6863 6862
f 6863 6864 6862
f 6862 6864 6865
f 6858 6866 6854
f 6854 6866 6855
f 6867 6865 6866
f 6866 6865 6864
f 6869 6859 6868
f 6868 6859 6861
f 6867 6869 6865
f 6865 6869 6868
f 6861 6862 6868
f 6868 6862 6865
f 6867 6860 6869
f 6869 6860 6859
f 6753 6751 6698
f 6698 6751 6695
f 6697 6755 6698
f 6698 6755 6753
f 6759 6755 6702
f 6702 6755 6697
f 6761 6759 6708
f 6708 6759 6702
f 6763 6761 6712
f 6712 6761 6708
f 6758 6763 6717
f 6717 6763 6712
f 6750 6758 6716
f 6716 6758 6717
f 6719 6748 6716
f 6716 6748 6750
f 6714 6746 6719
f 6719 6746 6748
f 6705 6744 6714
f 6714 6744 6746
f 6704 6742 6705
f 6705 6742 6744
f 6740 6742 6693
f 6693 6742 6704
f 6737 6740 6692
f 6692 6740 6693
f 6751 6737 6695
f 6695 6737 6692
f 6601 6602 6836
f 6836 6602 6837
f 6604 6601 6731
f 6731 6601 6836
f 6599 6600 6834
f 6834 6600 6833
f 6834 6835 6599
f 6599 6835 6611
f 6600 6610 6833
f 6833 6610 6734
f 6780 6771 6870
f 6870 6771 6736
f 6736 6771 6800
f 6870 6729 6780
f 6780 6729 6781
f 6608 6729 6609
f 6609 6729 6870
f 6609 6870 6726
f 6726 6870 6736
f 5014 5015 5229
f 5229 5015 5230
f 4258 5015 4259
f 4259 5015 4878
f 3471 3013 4703
f 4703 3013 4704
f 2879 6337 1306
f 1306 6337 4785
f 829 3471 4316
f 4316 3471 4703
f 4702 3472 5223
f 5223 3472 1756
f 6871 6872 4534
f 4534 6872 4535
f 6871 4665 6872
f 6872 4665 4844
f 6871 6873 4665
f 4665 6873 4559
f 6871 4534 6873
f 6873 4534 4542
f 4153 4152 4822
f 4822 4152 4407
f 4152 4168 4407
f 4407 4168 4342
f 4343 4168 4923
f 4923 4168 4167
f 4363 4362 4972
f 4972 4362 4840
f 4362 4394 4840
f 4840 4394 4839
f 4401 4400 4986
f 4986 4400 4984
f 4435 4434 4841
f 4841 4434 4842
f 4506 4505 4530
f 4530 4505 4531
f 4506 4535 4507
f 4507 4535 4843
f 4661 4660 4516
f 4516 4660 4517
f 4673 4672 4937
f 4937 4672 6547
f 4400 4924 4984
f 4984 4924 5263
f 4673 4660 4674
f 4674 4660 4659
f 4505 4661 4531
f 4531 4661 4516
f 4952 4401 6874
f 6874 4401 4986
f 4954 4153 6875
f 6875 4153 4822
f 4363 4973 4364
f 4364 4973 4974
f 5264 4924 5267
f 5267 4924 4691
f 6293 6292 6876
f 6876 6292 6877
f 6380 4343 6387
f 6387 4343 4923
f 4394 4435 4839
f 4839 4435 4841
f 4672 4434 6547
f 6547 4434 4433
f 4973 6556 4974
f 4974 6556 6878
f 6567 6380 6574
f 6574 6380 6387
f 6292 4954 6877
f 6877 4954 6875
f 6567 5264 6568
f 6568 5264 5267
f 4145 4144 4154
f 4154 4144 4151
f 4194 4144 4425
f 4425 4144 4143
f 4355 4354 5263
f 5263 4354 4984
f 4360 4359 4364
f 4364 4359 4361
f 4444 4359 4392
f 4392 4359 4337
f 4447 4446 4432
f 4432 4446 4433
f 4464 4463 6547
f 6547 4463 4937
f 4519 4518 4654
f 4654 4518 4509
f 4533 4532 4499
f 4499 4532 4498
f 4533 4542 4530
f 4530 4542 4534
f 4519 4532 4516
f 4516 4532 4531
f 4922 4194 4426
f 4426 4194 4425
f 4463 4518 4937
f 4937 4518 4517
f 6555 4951 6874
f 6874 4951 6878
f 4958 4957 6290
f 6290 4957 6291
f 4334 4360 4712
f 4712 4360 4950
f 4985 4354 4419
f 4419 4354 4353
f 5262 4355 5265
f 5265 4355 5263
f 6294 4958 4804
f 4804 4958 6290
f 6386 4922 6384
f 6384 4922 4426
f 4444 4447 4393
f 4393 4447 4432
f 4464 4446 4465
f 4465 4446 4445
f 4985 6555 4986
f 4986 6555 6874
f 6573 6386 6571
f 6571 6386 6384
f 4145 6294 4146
f 4146 6294 4804
f 6573 5262 6574
f 6574 5262 5265
f 4542 4541 6873
f 6873 4541 4559
f 4535 6872 4843
f 4843 6872 4844
f 4104 4103 6879
f 6879 4103 6343
f 4105 6293 6307
f 6307 6293 6876
f 4104 4956 4105
f 4105 4956 6293
f 4956 4104 4957
f 4957 4104 6879
f 4957 6879 6291
f 6291 6879 6309
f 4648 4988 4649
f 4649 4988 4953
f 4802 4803 4928
f 4928 4803 6550
f 6550 4803 6555
f 6555 4803 4951
f 1516 3173 4987
f 4987 3173 5006
f 6519 6518 6558
f 6558 6518 6510
f 6527 6519 6559
f 6559 6519 6558
f 6528 6560 6529
f 6529 6560 6541
f 6548 4625 6549
f 6549 4625 4624
f 6551 6552 4746
f 4746 6552 6505
f 6553 4711 6554
f 6554 4711 4710
f 4802 6551 4713
f 4713 6551 4746
f 6556 4973 4649
f 4649 4973 4646
f 6557 4949 6548
f 6548 4949 4625
f 4648 4647 6553
f 6553 4647 4711
f 6549 4624 4987
f 4987 4624 4838
f 6552 6518 6505
f 6505 6518 6507
f 6561 4372 6529
f 6529 4372 6514
f 6562 4369 6561
f 6561 4369 4372
f 3142 3482 6562
f 6562 3482 4369
f 6556 4952 6878
f 6878 4952 6874
f 4951 4950 6878
f 6878 4950 4974
f 3168 440 3952
f 4204 4203 5341
f 5341 4203 6364
f 4219 4222 6429
f 6429 4222 4383
f 4319 4322 6506
f 6506 4322 4747
f 4340 4714 4341
f 4341 4714 4384
f 4375 4377 6388
f 6388 4377 6546
f 4378 4381 6311
f 6311 4381 4720
f 4449 4341 4387
f 4387 4341 4384
f 4473 4472 4477
f 4477 4472 4474
f 4492 4491 4487
f 4487 4491 4488
f 4523 4491 4522
f 4522 4491 4490
f 4492 4538 4493
f 4493 4538 4555
f 4538 4553 4555
f 4555 4553 4556
f 4620 4615 4621
f 4621 4615 4618
f 4652 4651 4368
f 4368 4651 4365
f 4523 4655 4524
f 4524 4655 4656
f 4553 4667 4556
f 4556 4667 4571
f 4651 1210 4365
f 4365 1210 1209
f 4698 4697 5223
f 5223 4697 6344
f 4340 4339 4322
f 4322 4339 4747
f 4726 4729 5287
f 5287 4729 4198
f 4381 4380 4737
f 4737 4380 6368
f 4836 4835 4451
f 4451 4835 4709
f 4910 6367 4911
f 4911 6367 6366
f 4912 4915 6450
f 6450 4915 6449
f 4927 4836 4450
f 4450 4836 4451
f 4930 4929 4439
f 4439 4929 4436
f 4936 4935 4459
f 4459 4935 4456
f 4473 4655 4470
f 4470 4655 4510
f 4942 4583 4943
f 4943 4583 4572
f 4948 4601 4947
f 4947 4601 4584
f 4949 4835 4625
f 4625 4835 4626
f 4966 4969 6289
f 6289 4969 4695
f 4971 4652 4926
f 4926 4652 4368
f 4203 4977 6364
f 6364 4977 6365
f 4990 4989 4443
f 4443 4989 4440
f 4990 4991 4478
f 4478 4991 4512
f 4992 4991 4528
f 4528 4991 4515
f 4992 4993 4527
f 4527 4993 4485
f 4994 4993 4502
f 4502 4993 4503
f 4994 4995 4482
f 4482 4995 4550
f 4543 4996 4544
f 4544 4996 4995
f 4999 4998 4567
f 4567 4998 4578
f 5000 4998 4575
f 4575 4998 4997
f 5002 5001 4592
f 4592 5001 4574
f 5003 5004 4614
f 4614 5004 4611
f 3483 4215 1755
f 1755 4215 4698
f 5274 5277 4195
f 4195 5277 4223
f 4726 5295 4727
f 4727 5295 6350
f 5309 5342 5310
f 5310 5342 6363
f 5315 5314 5316
f 5316 5314 5317
f 5339 6362 5340
f 5340 6362 5363
f 5310 6363 5339
f 5339 6363 6362
f 4204 5309 4201
f 4201 5309 5308
f 4915 5345 6449
f 6449 5345 6448
f 5345 5315 6448
f 6448 5315 5316
f 5348 5347 6351
f 6351 5347 6352
f 5365 4263 5340
f 5340 4263 4262
f 6295 6298 4733
f 4733 6298 4734
f 4969 6306 4695
f 4695 6306 4696
f 6306 4378 4696
f 4696 4378 6311
f 6369 6372 6544
f 6544 6372 6545
f 4375 6390 4373
f 4373 6390 4374
f 6421 6422 4911
f 4911 6422 4908
f 4910 4909 4737
f 4737 4909 4736
f 5277 4219 4223
f 4223 4219 6429
f 4697 4222 6344
f 6344 4222 4221
f 6436 6361 6437
f 6437 6361 6360
f 6438 6440 6437
f 6437 6440 6434
f 6438 6359 6441
f 6441 6359 6358
f 6442 6441 6357
f 6357 6441 6358
f 6442 6444 6443
f 6443 6444 6445
f 6446 6444 6355
f 6355 6444 6356
f 6446 4912 6447
f 6447 4912 6450
f 6436 6435 5365
f 5365 6435 4263
f 5314 5347 5317
f 5317 5347 5346
f 4319 6512 4320
f 4320 6512 6513
f 6520 6512 6521
f 6521 6512 6508
f 6528 6520 6527
f 6527 6520 6521
f 6532 6539 6533
f 6533 6539 6535
f 6533 6535 6537
f 6537 6535 6534
f 6538 6543 6537
f 6537 6543 6536
f 6295 4377 6296
f 6296 4377 4376
f 4989 4930 4440
f 4440 4930 4439
f 4927 4929 4422
f 4422 4929 4455
f 4449 4936 4388
f 4388 4936 4459
f 4472 4935 4474
f 4474 4935 4932
f 4942 4940 4947
f 4947 4940 4939
f 5001 5000 4574
f 4574 5000 4575
f 4669 4943 4666
f 4666 4943 4667
f 4996 4999 4547
f 4547 4999 4567
f 4948 4946 4620
f 4620 4946 4615
f 5003 5002 4591
f 4591 5002 4592
f 6557 4971 6554
f 6554 4971 4926
f 6532 6560 6539
f 6539 6560 6559
f 6390 6372 4374
f 4374 6372 6371
f 4966 6298 4967
f 4967 6298 6297
f 6538 6526 6369
f 6369 6526 6370
f 6585 6589 4621
f 4621 6589 4619
f 6597 6578 6598
f 6598 6578 6577
f 6606 6583 6607
f 6607 6583 6603
f 6611 6602 6598
f 6598 6602 6596
f 6585 6584 6606
f 6606 6584 6583
f 6597 6580 5004
f 5004 6580 4611
f 6607 6603 6730
f 6730 6603 6732
f 6776 6785 6777
f 6777 6785 6784
f 6785 6776 6792
f 6792 6776 6782
f 6815 6814 6812
f 6812 6814 6813
f 6817 6814 6795
f 6795 6814 6796
f 6825 6784 6827
f 6827 6784 6783
f 6830 6815 6832
f 6832 6815 6812
f 6817 6795 6835
f 6835 6795 6837
f 6792 6782 6730
f 6730 6782 6728
f 6858 6825 6860
f 6860 6825 6827
f 6863 6830 6857
f 6857 6830 6832
f 6864 6863 6856
f 6856 6863 6857
f 6866 6858 6867
f 6867 6858 6860
f 6866 6864 6855
f 6855 6864 6856
f 6835 6837 6611
f 6611 6837 6602
f 6560 6528 6559
f 6559 6528 6527
f 4949 6557 4710
f 4710 6557 6554
f 4430 4090 4175
f 4175 4090 4089
f 4777 4113 4155
f 4155 4113 4086
f 4175 4089 4176
f 4176 4089 4142
f 4199 4271 4200
f 4200 4271 4798
f 4199 4095 4272
f 4272 4095 5273
f 4406 4405 4404
f 4404 4405 4346
f 4410 4409 6877
f 6877 4409 6876
f 4409 4413 6876
f 6876 4413 6307
f 4415 4148 4416
f 4416 4148 4147
f 4690 4405 4344
f 4344 4405 4342
f 4693 4692 4352
f 4352 4692 4349
f 4701 4700 6337
f 6337 4700 6338
f 4778 4777 4081
f 4081 4777 4155
f 4821 4406 4809
f 4809 4406 4404
f 4176 4142 4181
f 4181 4142 4415
f 4760 4970 4399
f 4399 4970 4692
f 4200 5007 4096
f 4096 5007 4078
f 5266 4693 5269
f 5269 4693 4352
f 5270 5007 5361
f 5361 5007 4797
f 4778 5270 4779
f 4779 5270 5361
f 6285 4410 6875
f 6875 4410 6877
f 6308 4413 4687
f 4687 4413 4412
f 6480 6320 6481
f 6481 6320 6880
f 4701 2878 4702
f 4702 2878 3472
f 6339 6347 6340
f 6340 6347 6348
f 6341 6342 6346
f 6346 6342 6345
f 4416 6308 4414
f 4414 6308 4687
f 6385 4690 6381
f 6381 4690 4344
f 5282 6341 5280
f 5280 6341 6339
f 4700 6342 6338
f 6338 6342 5281
f 6340 6348 4272
f 4272 6348 4270
f 6480 6479 4828
f 4828 6479 4829
f 6490 6479 6489
f 6489 6479 6478
f 4090 4430 6490
f 6490 4430 4429
f 6563 6564 4970
f 4970 6564 4815
f 4694 6566 4366
f 4366 6566 6563
f 6572 6385 6568
f 6568 6385 6381
f 4821 6285 4822
f 4822 6285 6875
f 6572 5266 6569
f 6569 5266 5269
f 3482 3103 4369
f 4369 3103 4370
f 3121 4730 3485
f 3485 4730 4327
f 6277 6280 6273
f 6273 6280 6272
f 6267 6276 6278
f 6278 6276 6279
f 6278 6279 6277
f 6277 6279 6280
f 6279 6256 6280
f 6280 6256 6255
f 6256 3857 6255
f 6255 3857 3754
f 3857 3856 3754
f 3754 3856 3755
f 3856 3703 3755
f 3755 3703 3863
f 3703 3702 3863
f 3863 3702 3759
f 3702 3706 3759
f 3759 3706 3670
f 3706 3705 3670
f 3670 3705 3668
f 3705 3773 3668
f 3668 3773 3882
f 3882 3773 3883
f 3883 3773 3707
f 3707 3708 3883
f 3883 3708 3880
f 3708 3710 3880
f 3880 3710 3881
f 3709 5241 3710
f 3710 5241 3881
f 5241 3709 5234
f 5234 3709 3786
f 3693 3712 3786
f 3786 3712 5234
f 4051 4055 4052
f 4052 4055 4056
f 4056 4055 4057
f 4057 4055 4054
f 4066 5238 5236
f 5236 5238 3989
f 4066 4069 5238
f 5238 4069 4035
f 6881 3962 3960
f 3960 3962 3957
f 6883 4070 6882
f 6882 4070 3941
f 4070 6883 4071
f 4071 6883 6884
f 4071 6884 4072
f 4072 6884 6885
f 6885 6886 4072
f 4072 6886 4031
f 3955 6881 3956
f 3956 6881 3960
f 6884 3991 6885
f 6885 3991 3990
f 6883 6887 6884
f 6884 6887 3991
f 6887 6888 3991
f 3991 6888 3992
f 6888 6887 6889
f 6889 6887 6890
f 6887 6883 6890
f 6890 6883 6882
f 4058 5240 3953
f 3953 5240 3954
f 5236 6888 5239
f 5239 6888 6889
f 5237 6886 3990
f 3990 6886 6885
f 4034 4031 5237
f 5237 4031 6886
f 6881 6882 3962
f 3962 6882 3941
f 6881 3955 6882
f 6882 3955 6890
f 3955 3954 6890
f 6890 3954 6889
f 5239 6889 5240
f 5240 6889 3954
f 6888 5236 3992
f 3992 5236 3989
f 3869 3868 3888
f 3888 3868 4015
f 3868 4012 4015
f 4015 4012 4010
f 4012 4022 4010
f 4010 4022 4009
f 4022 4021 4009
f 4009 4021 4018
f 4020 3974 4001
f 4001 3974 3996
f 4021 4020 4029
f 4029 4020 4001
f 4085 4156 4086
f 4086 4156 4155
f 4113 4777 4114
f 4114 4777 4776
f 4130 4129 4094
f 4094 4129 4091
f 4139 4773 4140
f 4140 4773 4772
f 4149 4178 4150
f 4150 4178 5225
f 4160 4159 4087
f 4087 4159 4088
f 4149 4148 4179
f 4179 4148 4141
f 4085 4084 4183
f 4183 4084 6315
f 4179 4141 4159
f 4159 4141 4088
f 4192 4130 4162
f 4162 4130 4094
f 4197 5288 4198
f 4198 5288 5287
f 4229 4766 4230
f 4230 4766 4771
f 4245 4246 4242
f 4242 4246 4249
f 4183 6315 4418
f 4418 6315 6314
f 4679 4178 4680
f 4680 4178 4177
f 4724 4798 4725
f 4725 4798 4271
f 4728 5275 4729
f 4729 5275 5274
f 4230 4771 4249
f 4249 4771 4242
f 4724 4723 4799
f 4799 4723 5355
f 4823 4824 4891
f 4891 4824 6327
f 4823 4192 4161
f 4161 4192 4162
f 4893 4767 4229
f 4229 4767 4766
f 4894 4895 4898
f 4898 4895 4899
f 4106 4150 4103
f 4103 4150 5225
f 4680 4894 4677
f 4677 4894 4898
f 6420 4977 5301
f 5301 4977 4976
f 4679 4678 5226
f 5226 4678 4427
f 5228 5008 4893
f 4893 5008 4767
f 5285 6354 5286
f 5286 6354 5343
f 5289 5352 5290
f 5290 5352 5349
f 5290 5349 5295
f 5295 5349 5348
f 5302 5299 4202
f 4202 5299 4976
f 4725 4271 5311
f 5311 4271 4270
f 5325 4723 5326
f 5326 4723 4722
f 5335 5355 5325
f 5325 5355 4723
f 5326 4722 5286
f 5286 4722 5283
f 4799 5357 4797
f 4797 5357 5361
f 5359 5356 5335
f 5335 5356 5355
f 4775 4774 5356
f 5356 4774 5357
f 5359 5358 4092
f 4092 5358 4093
f 6316 4740 6317
f 6317 4740 4739
f 6318 4827 6316
f 6316 4827 4740
f 6319 4828 6318
f 6318 4828 4827
f 6320 6480 6319
f 6319 6480 4828
f 6484 6322 6485
f 6485 6322 6321
f 6487 6324 6331
f 6331 6324 6323
f 6331 6323 6330
f 6330 6323 6325
f 6325 6326 6330
f 6330 6326 6329
f 6326 6328 6329
f 6329 6328 5231
f 4824 4685 5228
f 5228 4685 5008
f 5226 6343 5225
f 5225 6343 4103
f 4728 4727 6349
f 6349 4727 5284
f 6350 6351 5285
f 5285 6351 6354
f 4247 4246 6418
f 6418 4246 6365
f 6400 6402 6401
f 6401 6402 6459
f 4197 4196 6409
f 6409 4196 6426
f 6412 4897 6328
f 6328 4897 5231
f 6413 4133 6412
f 6412 4133 4897
f 6414 4134 6413
f 6413 4134 4133
f 6415 4225 6414
f 6414 4225 4134
f 6416 4252 6415
f 6415 4252 4225
f 6417 4253 6416
f 6416 4253 4252
f 4253 6417 6366
f 6366 6417 6419
f 6366 6419 4911
f 4911 6419 6421
f 6422 6423 4908
f 4908 6423 5298
f 5298 6423 6396
f 6396 6423 6424
f 6409 6426 6425
f 6425 6426 6397
f 5300 5299 6399
f 6399 5299 6400
f 6465 6408 6401
f 6401 6408 6398
f 6424 6399 6425
f 6425 6399 6398
f 6349 5284 5311
f 5311 5284 5283
f 6465 6464 5289
f 5289 6464 5352
f 6488 6483 6492
f 6492 6483 6482
f 6486 6491 6482
f 6482 6491 6492
f 6491 4895 6492
f 6492 4895 4157
f 6488 4160 6489
f 6489 4160 4087
f 6501 6502 4418
f 4418 6502 4417
f 6504 6500 6317
f 6317 6500 6314
f 3497 3496 6501
f 6501 3496 6502
f 3499 3498 6504
f 6504 3498 6500
f 4729 5274 4198
f 4198 5274 4195
f 6418 6365 6420
f 6420 6365 4977
f 5295 5348 6350
f 6350 5348 6351
f 5301 6422 6420
f 6420 6422 6421
f 4113 4112 4086
f 4086 4112 4083
f 6320 4112 6880
f 6880 4112 4111
f 4091 4772 4092
f 4092 4772 4775
f 4129 4140 4091
f 4091 4140 4772
f 4137 4140 4128
f 4128 4140 4129
f 4128 6324 4137
f 4137 6324 6321
f 6324 6487 6321
f 6321 6487 6485
f 6487 6486 6485
f 6485 6486 6482
f 4774 4773 4779
f 4779 4773 4776
f 4773 4139 4776
f 4776 4139 4114
f 4139 4138 4114
f 4114 4138 4111
f 4138 6322 4111
f 4111 6322 6880
f 6322 6484 6880
f 6880 6484 6481
f 6484 6483 6481
f 6481 6483 6478
f 6879 6343 6309
f 6309 6343 4428
f 4106 4105 4900
f 4900 4105 6307
f 3500 3167 6495
f 6495 3167 6496
f 3500 6495 3070
f 3070 6495 5368
f 3502 5235 3501
f 3501 5235 4813
f 3024 3503 6473
f 6473 3503 6474
f 3503 3023 6474
f 6474 3023 6374
f 3504 1770 4348
f 4348 1770 4345
f 3502 3505 5235
f 5235 3505 4810
f 3498 3497 6500
f 6500 3497 6501
f 3496 3075 6502
f 6502 3075 6275
f 6299 4254 3174
f 3174 4254 3017
f 1769 3501 4814
f 4814 3501 4813
f 3506 3018 6476
f 6476 3018 4257
f 3507 3499 6499
f 6499 3499 6504
f 3030 4216 3483
f 3483 4216 4215
f 3077 3507 6333
f 6333 3507 6499
f 1784 3160 5249
f 5249 3160 6523
f 3015 3506 4240
f 4240 3506 6476
f 3508 3504 6383
f 6383 3504 4348
f 3509 3016 6477
f 6477 3016 4239
f 3028 3509 6467
f 6467 3509 6477
f 3022 1785 5246
f 5246 1785 5247
f 3161 3508 6570
f 6570 3508 6383
f 3150 3149 4694
f 4694 3149 6566
f 1327 4807 3510
f 3510 4807 4811
f 3510 4811 3505
f 3505 4811 4810
f 3146 3511 4816
f 4816 3511 4350
f 3511 1808 4350
f 4350 1808 4351
f 3485 4327 3159
f 3159 4327 4330
f 1326 3512 4806
f 4806 3512 6310
f 3512 1331 6310
f 6310 1331 4688
