v -0.14128988981246948 0.44799545407295227 0.01080159842967987
v -0.1346578747034073 0.4342583417892456 0.0026372671127319336
v -0.14465415477752686 0.42960798740386963 0.012569785118103027
v -0.15133026242256165 0.4387621581554413 0.022022292017936707
v -0.14019332826137543 0.4206666350364685 0.0060691237449646
v -0.13055318593978882 0.42323100566864014 -0.0006609708070755005
v -0.15062299370765686 0.4223021864891052 0.022534072399139404
v -0.15515673160552979 0.4288218021392822 0.033677756786346436
v -0.14962446689605713 0.38634106516838074 0.033656418323516846
v -0.15252935886383057 0.3817926347255707 0.04351480305194855
v -0.15287107229232788 0.3942726254463196 0.042856365442276
v -0.1493971049785614 0.39544397592544556 0.03327840566635132
v -0.1465924084186554 0.35954153537750244 0.03636300563812256
v -0.14026638865470886 0.35102182626724243 0.02752402424812317
v -0.14077094197273254 0.3416364789009094 0.037366271018981934
v -0.14577242732048035 0.34978264570236206 0.04707507789134979
v -0.1112823560833931 0.3690076172351837 0.0022248923778533936
v -0.11561723798513412 0.36175915598869324 0.0038779377937316895
v -0.12029720842838287 0.36808711290359497 0.00505925714969635
v -0.11506032943725586 0.3746451437473297 0.003855183720588684
v -0.10391334444284439 0.3801751136779785 -0.0041002631187438965
v -0.10531788319349289 0.3855382800102234 -0.0005152523517608643
v -0.10138209909200668 0.3898840546607971 -0.005757361650466919
v -0.10095475614070892 0.38383054733276367 -0.010396450757980347
v -0.10509009659290314 0.3642626404762268 0.0018301308155059814
v -0.10992095619440079 0.35673990845680237 0.003682062029838562
v -0.10744714736938477 0.3752499520778656 0.0006017982959747314
v -0.10518721491098404 0.3714417517185211 -0.0016992390155792236
v -0.10242016613483429 0.3656797707080841 -0.0127030611038208
v -0.10437524318695068 0.3702387511730194 -0.010905921459197998
v -0.10172668844461441 0.37191200256347656 -0.01795254647731781
v -0.09996844828128815 0.3664608299732208 -0.017632484436035156
v -0.10428791493177414 0.36468029022216797 -0.0030845701694488525
v -0.10536222159862518 0.3676483631134033 -0.005633831024169922
v -0.1027299165725708 0.36419677734375 -0.008369743824005127
v -0.10074994713068008 0.3622335195541382 -0.005341470241546631
v -0.10296094417572021 0.37619084119796753 -0.00692296028137207
v -0.1009538322687149 0.37844496965408325 -0.014178603887557983
v -0.09788499772548676 0.3803936541080475 -0.021618694067001343
v -0.09792408347129822 0.37201985716819763 -0.025289386510849
v -0.123905710875988 0.34695228934288025 0.01122257113456726
v -0.12039850652217865 0.35456210374832153 0.006825089454650879
v -0.11458905786275864 0.3501710891723633 0.006026819348335266
v -0.11816118657588959 0.344096302986145 0.009273320436477661
v -0.10128738731145859 0.3588010370731354 -0.0020442306995391846
v -0.10258878022432327 0.34235572814941406 -0.0016287267208099365
v -0.10345162451267242 0.3461965024471283 -0.0019106864929199219
v -0.09799817949533463 0.3477954566478729 -0.0065666139125823975
v -0.09774421155452728 0.3440971076488495 -0.006056532263755798
v -0.12636055052280426 0.3318869173526764 0.02068239450454712
v -0.12082275003194809 0.3314610719680786 0.0157163143157959
v -0.12018927186727524 0.32434940338134766 0.018470674753189087
v -0.12498990446329117 0.32333165407180786 0.024340450763702393
v -0.1172058954834938 0.31814539432525635 0.019137203693389893
v -0.12224121391773224 0.31507164239883423 0.027462393045425415
v -0.11111962050199509 0.30159369111061096 0.027080267667770386
v -0.11669396609067917 0.3072226345539093 0.027473196387290955
v -0.1126931831240654 0.31247246265411377 0.018275901675224304
v -0.10705583542585373 0.3077288269996643 0.014533072710037231
v -0.09682468324899673 0.3142175078392029 0.004348650574684143
v -0.09088855981826782 0.3135223388671875 0.0008164942264556885
v -0.09356509149074554 0.3003361225128174 0.0041854530572891235
v -0.10028847306966782 0.30294206738471985 0.008480504155158997
v -0.10105206072330475 0.33591634035110474 0.0025518834590911865
v -0.10465012490749359 0.3355725407600403 0.005827486515045166
v -0.10529876500368118 0.3371020555496216 0.0036184191703796387
v -0.10171591490507126 0.33876273036003113 -7.4729323387146e-05
v -0.10789377987384796 0.3351365327835083 0.008123725652694702
v -0.10935765504837036 0.33479246497154236 0.008988291025161743
v -0.1094476729631424 0.3360697031021118 0.007806837558746338
v -0.10793139785528183 0.33603960275650024 0.007646888494491577
v -0.10607591271400452 0.335810124874115 0.006779104471206665
v -0.1049787625670433 0.3339084982872009 0.006201297044754028
v -0.10700201988220215 0.3344092071056366 0.0074204206466674805
v -0.10171432793140411 0.33339089155197144 0.002911880612373352
v -0.08984571695327759 0.3326820731163025 -0.006600245833396912
v -0.09357617795467377 0.3324374854564667 -0.005068108439445496
v -0.09236565977334976 0.33714771270751953 -0.003810107707977295
v -0.08930803090333939 0.33770129084587097 -0.00531594455242157
v -0.1082548201084137 0.3385182321071625 0.006042420864105225
v -0.11086451262235641 0.33936259150505066 0.006552249193191528
v -0.1079535037279129 0.34248086810112 0.002724006772041321
v -0.10628558695316315 0.33986973762512207 0.0032006651163101196
v -0.11384206265211105 0.34110987186431885 0.00713975727558136
v -0.11174318939447403 0.3371273875236511 0.008634448051452637
v -0.11488116532564163 0.3377113938331604 0.00969076156616211
v -0.10863521695137024 0.33302420377731323 0.00894618034362793
v -0.11096727102994919 0.3311065435409546 0.010738924145698547
v -0.1119651347398758 0.33373862504959106 0.009754106402397156
v -0.1087067723274231 0.3278607726097107 0.010072976350784302
v -0.10623914003372192 0.33116281032562256 0.007629901170730591
v -0.10286189615726471 0.32958686351776123 0.004458397626876831
v -0.0985141396522522 0.3283754587173462 0.0003733336925506592
v -0.09995843470096588 0.3232204020023346 0.0038930773735046387
v -0.10489761829376221 0.3250943124294281 0.007512971758842468
v -0.11050106585025787 0.3464699685573578 0.0037965327501296997
v -0.11574675142765045 0.33269163966178894 0.012362450361251831
v -0.11985299736261368 0.3386811316013336 0.012778937816619873
v -0.11496573686599731 0.32779252529144287 0.013537958264350891
v -0.11243858188390732 0.3231801688671112 0.013609156012535095
v -0.10798180848360062 0.31910908222198486 0.011873513460159302
v -0.10250750184059143 0.316428005695343 0.008380651473999023
v -0.09335067868232727 0.29153937101364136 0.017445355653762817
v -0.10193203389644623 0.2954840660095215 0.021435856819152832
v -0.12715721130371094 0.41572895646095276 0.0016611963510513306
v -0.13551920652389526 0.4142628610134125 0.005012914538383484
v -0.1345381736755371 0.4062442481517792 0.009613364934921265
v -0.13647203147411346 0.4079440236091614 0.01002347469329834
v -0.13172844052314758 0.41050612926483154 0.006506204605102539
v -0.13080625236034393 0.4078977704048157 0.006988555192947388
v -0.14503741264343262 0.3977106511592865 0.026667296886444092
v -0.1412384808063507 0.3999226987361908 0.021421104669570923
v -0.1406063586473465 0.39613184332847595 0.022944211959838867
v -0.14543616771697998 0.39094388484954834 0.027387157082557678
v -0.1332297921180725 0.38930851221084595 0.015446946024894714
v -0.13714268803596497 0.39012855291366577 0.019083023071289062
v -0.13465912640094757 0.3973754346370697 0.01597784459590912
v -0.1319049894809723 0.3967725336551666 0.013159751892089844
v -0.12839412689208984 0.39685094356536865 0.010872244834899902
v -0.12435590475797653 0.39720651507377625 0.009070396423339844
v -0.12406741827726364 0.3919239640235901 0.009735435247421265
v -0.12877431511878967 0.3903527855873108 0.012077480554580688
v -0.12552762031555176 0.41241583228111267 0.005334436893463135
v -0.11835886538028717 0.41233688592910767 0.004513084888458252
v -0.11926372349262238 0.40951666235923767 0.005849793553352356
v -0.12531457841396332 0.40931951999664307 0.005655348300933838
v -0.10813190042972565 0.40397390723228455 0.008998900651931763
v -0.1096438467502594 0.4062444865703583 0.008271321654319763
v -0.10651082545518875 0.4079066514968872 0.006566151976585388
v -0.10508695989847183 0.40369516611099243 0.007232293486595154
v -0.10706770420074463 0.4006260931491852 0.006973713636398315
v -0.10920940339565277 0.40240323543548584 0.008433327078819275
v -0.13457004725933075 0.4687885046005249 0.013094484806060791
v -0.1295710951089859 0.45348820090293884 0.0030857622623443604
v -0.14763030409812927 0.46057480573654175 0.0250299870967865
v -0.1558525413274765 0.4483046531677246 0.03586950898170471
v -0.16043871641159058 0.43494054675102234 0.04692041873931885
v -0.1335938572883606 0.33548951148986816 0.028108954429626465
v -0.13297173380851746 0.32639509439468384 0.03473064303398132
v -0.14052893221378326 0.3329334855079651 0.04724569618701935
v -0.13655361533164978 0.32294055819511414 0.05226030945777893
v -0.12918001413345337 0.3159897029399872 0.03866270184516907
v -0.11250253021717072 0.2989179193973541 0.04125683009624481
v -0.12228323519229889 0.30614331364631653 0.04072657227516174
v -0.12975917756557465 0.31361865997314453 0.05769002437591553
v -0.13726584613323212 0.32601869106292725 0.07321074604988098
v -0.1421447992324829 0.3325498402118683 0.0652100145816803
v -0.14164119958877563 0.34195899963378906 0.08567214012145996
v -0.13049274682998657 0.3196486830711365 0.08470693230628967
v -0.1375381201505661 0.3416675627231598 0.0939159095287323
v -0.11146523803472519 0.2878093123435974 0.08443056046962738
v -0.1117248609662056 0.27772289514541626 0.09014725685119629
v -0.12442557513713837 0.2866319417953491 0.10105392336845398
v -0.12399713695049286 0.29548025131225586 0.09631602466106415
v -0.14511674642562866 0.34041789174079895 0.05735516548156738
v -0.15651635825634003 0.40369704365730286 0.05019618570804596
v -0.15292799472808838 0.40420985221862793 0.03843209147453308
v -0.1559104323387146 0.3912513554096222 0.05391959846019745
v -0.1648789644241333 0.46174293756484985 0.07044044137001038
v -0.16010192036628723 0.4572300910949707 0.052462995052337646
v -0.1647055447101593 0.4417019188404083 0.0598946213722229
v -0.16850727796554565 0.44801974296569824 0.07551813125610352
v -0.14244738221168518 0.49909722805023193 0.059697866439819336
v -0.14024175703525543 0.48579439520835876 0.034614115953445435
v -0.15029972791671753 0.47411447763442993 0.043439120054244995
v -0.15474297106266022 0.4836142361164093 0.06393751502037048
v -0.16891303658485413 0.4488779902458191 0.08912859857082367
v -0.16828276216983795 0.45037710666656494 0.10827487707138062
v -0.16492383182048798 0.46686556935310364 0.11428327113389969
v -0.16552883386611938 0.46748995780944824 0.09098812937736511
v -0.15545286238193512 0.48726239800453186 0.12002360820770264
v -0.15539875626564026 0.48920419812202454 0.09287941455841064
v -0.13358744978904724 0.3298511207103729 0.10432168841362
v -0.13709601759910583 0.34736573696136475 0.10595835745334625
v -0.12401681393384933 0.3065657317638397 0.08897888660430908
v -0.13169372081756592 0.31507211923599243 0.1048630028963089
v -0.14023548364639282 0.5044503211975098 0.12349962443113327
v -0.14074477553367615 0.5071303844451904 0.09141944348812103
v -0.15124405920505524 0.43104737997055054 0.1556650996208191
v -0.15675681829452515 0.44815996289253235 0.14774003624916077
v -0.16197964549064636 0.43451374769210815 0.13247153162956238
v -0.1573207974433899 0.4210215210914612 0.14166979491710663
v -0.14069175720214844 0.4423791170120239 0.17010760307312012
v -0.1455652266740799 0.461881548166275 0.16037511825561523
v -0.13215824961662292 0.3808901309967041 0.15492497384548187
v -0.1255715787410736 0.3645069897174835 0.14847016334533691
v -0.11682545393705368 0.36806580424308777 0.16080230474472046
v -0.12234126031398773 0.3833039700984955 0.1688178926706314
v -0.14622536301612854 0.41648125648498535 0.014207631349563599
v -0.14122411608695984 0.4110533595085144 0.010237127542495728
v -0.14405177533626556 0.40774303674697876 0.016537904739379883
v -0.1487860381603241 0.4107782244682312 0.022039994597434998
v -0.1525489240884781 0.41372567415237427 0.031507983803749084
v -0.156239315867424 0.41696056723594666 0.04288816452026367
v -0.16486072540283203 0.4281569719314575 0.06709855794906616
v -0.1691587120294571 0.435391902923584 0.08072933554649353
v -0.1682043969631195 0.43673574924468994 0.10578590631484985
v -0.16958612203598022 0.4361453056335449 0.09117424488067627
v -0.16341310739517212 0.42132413387298584 0.12490111589431763
v -0.15914638340473175 0.41314470767974854 0.13060420751571655
v -0.13754448294639587 0.3589189350605011 0.12081180512905121
v -0.13247647881507874 0.3387243151664734 0.12037935853004456
v -0.12745672464370728 0.34464576840400696 0.13552741706371307
v -0.13131821155548096 0.36372241377830505 0.13704058527946472
v -0.11178681254386902 0.3523496985435486 0.15580950677394867
v -0.12008672952651978 0.3488706648349762 0.14592112600803375
v -0.12840691208839417 0.3113524913787842 0.12406325340270996
v -0.1282707154750824 0.30231010913848877 0.129134863615036
v -0.12429886311292648 0.3107876479625702 0.14358720183372498
v -0.12300785630941391 0.3178660571575165 0.13791698217391968
v -0.11763285100460052 0.3149482011795044 0.15628501772880554
v -0.10804945230484009 0.31830358505249023 0.1657455861568451
v -0.1085820272564888 0.3266828954219818 0.1600099802017212
v -0.11627880483865738 0.3242579698562622 0.15034416317939758
v -0.08763096481561661 0.26660802960395813 0.07658286392688751
v -0.08769267797470093 0.25855839252471924 0.0832129716873169
v -0.10025796294212341 0.2634158730506897 0.08827066421508789
v -0.09879247844219208 0.2713206708431244 0.0821685642004013
v -0.13051536679267883 0.29667821526527405 0.13562209904193878
v -0.12695558369159698 0.3065880537033081 0.14977234601974487
v -0.1396358609199524 0.37767162919044495 0.14025932550430298
v -0.14301703870296478 0.376751571893692 0.12846827507019043
v -0.12054247409105301 0.31031253933906555 0.16355285048484802
v -0.11768908053636551 0.33392396569252014 0.14634864032268524
v -0.12447988986968994 0.32906344532966614 0.13567140698432922
v -0.1023358479142189 0.35677242279052734 0.16347232460975647
v -0.10488689690828323 0.3721564710140228 0.16999027132987976
v -0.10999464988708496 0.38062310218811035 0.0026215016841888428
v -0.11445841193199158 0.3960132598876953 0.007419884204864502
v -0.11551821231842041 0.3998849093914032 0.007798135280609131
v -0.11182418465614319 0.40113285183906555 0.007873594760894775
v -0.11031652987003326 0.39811137318611145 0.007169485092163086
v -0.10987883806228638 0.4364422559738159 -0.008519738912582397
v -0.10563409328460693 0.4201218783855438 -0.007686495780944824
v -0.11939021944999695 0.42257463932037354 -0.005922183394432068
v -0.12292610108852386 0.4359891414642334 -0.0037964582443237305
v -0.13780483603477478 0.3633560240268707 0.01741620898246765
v -0.1298302710056305 0.3699457049369812 0.01000182330608368
v -0.12584392726421356 0.360703706741333 0.007960230112075806
v -0.13060882687568665 0.35300445556640625 0.013530492782592773
v -0.1388266682624817 0.4013381898403168 0.01793891191482544
v -0.14074555039405823 0.4028850197792053 0.017888396978378296
v -0.13827300071716309 0.4030967354774475 0.015394538640975952
v -0.12543927133083344 0.33996832370758057 0.01554010808467865
v -0.1326923668384552 0.3442303538322449 0.02064286172389984
v -0.15356338024139404 0.3767603635787964 0.05573318898677826
v -0.14908471703529358 0.4040408134460449 0.028946787118911743
v -0.12275563925504684 0.5122090578079224 0.05415123701095581
v -0.12222880125045776 0.49574020504951477 0.025899142026901245
v -0.1220821961760521 0.5186340808868408 0.12349420040845871
v -0.12278184294700623 0.5203368663787842 0.08872048556804657
v -0.13154006004333496 0.4741857647895813 0.17173226177692413
v -0.12417812645435333 0.45320019125938416 0.18330618739128113
v -0.10723505169153214 0.46071499586105347 0.18893834948539734
v -0.11341283470392227 0.4876815378665924 0.1761481761932373
v -0.11040256917476654 0.3862248361110687 0.17948167026042938
v -0.09898167848587036 0.31897735595703125 0.17230089008808136
v -0.0985124483704567 0.3300301432609558 0.16738814115524292
v -0.1202814057469368 0.4745469093322754 0.006482288241386414
v -0.11487627774477005 0.4548899531364441 -0.0036978870630264282
v -0.16124507784843445 0.42146822810173035 0.05637010931968689
v -0.14854520559310913 0.376941055059433 0.030696168541908264
v -0.14520861208438873 0.3843473494052887 0.02502197027206421
v -0.14285704493522644 0.38004910945892334 0.021198809146881104
v -0.14571791887283325 0.3696519434452057 0.026498377323150635
v -0.14990824460983276 0.36854806542396545 0.040568381547927856
v -0.14948579668998718 0.361687034368515 0.053648605942726135
v -0.14918240904808044 0.3553815484046936 0.06921176612377167
v -0.14511887729167938 0.34580934047698975 0.0779370665550232
v -0.16580155491828918 0.4464555084705353 0.12373141944408417
v -0.1605277955532074 0.46185925602912903 0.135579451918602
v -0.15090498328208923 0.4787040948867798 0.1444435715675354
v -0.13636022806167603 0.4937666356563568 0.15210585296154022
v -0.1661899834871292 0.43507108092308044 0.1189597100019455
v -0.11865822225809097 0.5074142813682556 0.154586061835289
v -0.09792599827051163 0.3525720536708832 -0.006169706583023071
v -0.10451263934373856 0.35193341970443726 -0.0005478411912918091
v -0.09692319482564926 0.35714471340179443 -0.006526350975036621
v -0.09398392587900162 0.3275810480117798 -0.0029014945030212402
v -0.08972938358783722 0.3274914622306824 -0.004776760935783386
v -0.08951868116855621 0.32198986411094666 -0.0009235292673110962
v -0.0945570170879364 0.32216566801071167 0.0009434819221496582
v -0.09200539439916611 0.2895795404911041 0.03467865288257599
v -0.10189732909202576 0.2934737503528595 0.03850117325782776
v -0.08844307065010071 0.2745305597782135 0.06928379833698273
v -0.0988813117146492 0.27948811650276184 0.07516838610172272
v -0.09816427528858185 0.36541497707366943 -0.011514618992805481
v -0.09654293209314346 0.36585092544555664 -0.01202690601348877
v -0.0959446132183075 0.36523351073265076 -0.009608805179595947
v -0.09809133410453796 0.3649658262729645 -0.00913432240486145
v -0.10672235488891602 0.33649319410324097 0.005733564496040344
v -0.09296302497386932 0.3443536162376404 -0.008625894784927368
v -0.08987647294998169 0.344449907541275 -0.009507551789283752
v -0.0895175039768219 0.34099721908569336 -0.007631510496139526
v -0.09268248826265335 0.3408355116844177 -0.006621554493904114
v -0.11765608936548233 0.30280017852783203 0.06313297152519226
v -0.11268973350524902 0.29672202467918396 0.07552629709243774
v -0.1293427050113678 0.2919512987136841 0.11332988739013672
v -0.13017192482948303 0.30235812067985535 0.10868865251541138
v -0.1299424171447754 0.3231898546218872 0.12153525650501251
v -0.10950318723917007 0.3392876982688904 0.15669602155685425
v -0.1003909483551979 0.3418470323085785 0.16502100229263306
v -0.07659675180912018 0.34769296646118164 0.17244720458984375
v -0.07596297562122345 0.36283886432647705 0.17191503942012787
v -0.08950459212064743 0.3594806492328644 0.1706477254629135
v -0.08812983334064484 0.3456723988056183 0.17091605067253113
v -0.10212186723947525 0.29177963733673096 0.054931968450546265
v -0.09147074073553085 0.28763580322265625 0.05021947622299194
v -0.09038553386926651 0.28312066197395325 0.06120529770851135
v -0.10046645253896713 0.2878011465072632 0.06648162007331848
v -0.09268766641616821 0.3627321422100067 -0.012847542762756348
v -0.09125033020973206 0.3617447316646576 -0.01446804404258728
v -0.09113651514053345 0.35994815826416016 -0.01138979196548462
v -0.09329346567392349 0.3619268238544464 -0.010691851377487183
v -0.09854085743427277 0.3632543087005615 -0.006910741329193115
v -0.0962335616350174 0.36241886019706726 -0.007335573434829712
v -0.09639536589384079 0.36037617921829224 -0.006992504000663757
v -0.09968139231204987 0.3649555444717407 -0.01201610267162323
v -0.09976734966039658 0.36393776535987854 -0.00905609130859375
v -0.09553162753582001 0.3653351962566376 -0.017235547304153442
v -0.09805065393447876 0.36516913771629333 -0.015331044793128967
v -0.09586937725543976 0.36478179693222046 -0.02220037579536438
v -0.0940815657377243 0.3637518286705017 -0.011356666684150696
v -0.09443973749876022 0.36274781823158264 -0.009549260139465332
v -0.09752541780471802 0.3642098009586334 -0.007625579833984375
v -0.09583412110805511 0.363836407661438 -0.00806570053100586
v -0.09551744163036346 0.36567264795303345 -0.015112414956092834
v -0.09715293347835541 0.365455687046051 -0.01363372802734375
v -0.09772375226020813 0.3871708810329437 -0.01666170358657837
v -0.0919596254825592 0.38862094283103943 -0.019776850938796997
v -0.09139195084571838 0.3812255859375 -0.024727970361709595
v -0.09093385934829712 0.3728354871273041 -0.02874317765235901
v -0.08986550569534302 0.3651772141456604 -0.025367379188537598
v -0.0815996527671814 0.2799207270145416 0.05832915008068085
v -0.07957077771425247 0.27192139625549316 0.06671921908855438
v -0.0979730486869812 0.4563924968242645 -0.0058775246143341064
v -0.09625649452209473 0.4368480443954468 -0.009162545204162598
v -0.10720638185739517 0.3354984521865845 0.007625952363014221
v -0.11832752823829651 0.41574719548225403 0.0007508993148803711
v -0.13706658780574799 0.37820497155189514 0.015435382723808289
v -0.11705446988344193 0.38132473826408386 0.006259411573410034
v -0.12293332815170288 0.37589332461357117 0.007519200444221497
v -0.12372592091560364 0.38431429862976074 0.008992239832878113
v -0.11811792850494385 0.3878176510334015 0.007705956697463989
v -0.10872354358434677 0.4141981601715088 0.0003135204315185547
v -0.09983733296394348 0.41068488359451294 -0.005321919918060303
v -0.10298662632703781 0.40932026505470276 0.0017482340335845947
v -0.10132607072591782 0.4029313027858734 0.0025860071182250977
v -0.09931541979312897 0.40167880058288574 -0.005638748407363892
v -0.10203157365322113 0.3946666121482849 -0.0007484853267669678
v -0.10368110984563828 0.39770522713661194 0.004540160298347473
v -0.13673719763755798 0.40490132570266724 0.012863487005233765
v -0.13936027884483337 0.4058430790901184 0.013988792896270752
v -0.10647046566009521 0.39007723331451416 0.003065556287765503
v -0.11147339642047882 0.3857767581939697 0.00508001446723938
v -0.11281993985176086 0.3910243511199951 0.006863147020339966
v -0.10798826813697815 0.39409831166267395 0.005962580442428589
v -0.12998080253601074 0.38051655888557434 0.011376693844795227
v -0.1449194848537445 0.4034479260444641 0.022447943687438965
v -0.1395755410194397 0.39269933104515076 0.021809697151184082
v -0.1472955197095871 0.3799883723258972 0.11966606229543686
v -0.14341679215431213 0.3677632808685303 0.11403202265501022
v -0.14916089177131653 0.35373786091804504 0.09707823395729065
v -0.1470494419336319 0.3497665822505951 0.09394523501396179
v -0.1415843367576599 0.3544895648956299 0.09802159667015076
v -0.14695604145526886 0.35704734921455383 0.1014217734336853
v -0.16386522352695465 0.4072161316871643 0.10824447870254517
v -0.16433367133140564 0.41531363129615784 0.11142811179161072
v -0.1660795956850052 0.4149790108203888 0.10397300124168396
v -0.1638725996017456 0.40745577216148376 0.10560882091522217
v -0.16469913721084595 0.40941494703292847 0.0989510715007782
v -0.1657724678516388 0.4120706021785736 0.09581068158149719
v -0.16324090957641602 0.4045015573501587 0.09567946195602417
v -0.16348853707313538 0.4047810435295105 0.09917719662189484
v -0.16887080669403076 0.42308560013771057 0.0938211977481842
v -0.16693967580795288 0.4198928475379944 0.08392709493637085
v -0.16439633071422577 0.40873146057128906 0.08850517868995667
v -0.15975096821784973 0.4035112261772156 0.06497068703174591
v -0.15856203436851501 0.39425572752952576 0.07923397421836853
v -0.16186940670013428 0.4029904007911682 0.0829341858625412
v -0.16325494647026062 0.41407936811447144 0.0749845802783966
v -0.14881469309329987 0.3544435203075409 0.0895662009716034
v -0.14879979193210602 0.362562358379364 0.08467057347297668
v -0.14078786969184875 0.35941198468208313 0.10576799511909485
v -0.08720220625400543 0.468614786863327 0.1864803433418274
v -0.08927541971206665 0.4952399730682373 0.17145319283008575
v -0.1455821692943573 0.41301754117012024 0.15898515284061432
v -0.13623857498168945 0.42114779353141785 0.17352423071861267
v -0.15231382846832275 0.40676453709602356 0.1461140513420105
v -0.1547207534313202 0.40211021900177 0.13353997468948364
v -0.12116099148988724 0.4293026328086853 0.18411937355995178
v -0.10323581099510193 0.43543294072151184 0.1915282905101776
v -0.1570180207490921 0.3875134289264679 0.06745295226573944
v -0.15456512570381165 0.3843252956867218 0.07916973531246185
v -0.13975396752357483 0.3959450125694275 0.15964262187480927
v -0.1302083432674408 0.4012797474861145 0.17343667149543762
v -0.1458549201488495 0.392343670129776 0.14583051204681396
v -0.14847919344902039 0.39044851064682007 0.13271962106227875
v -0.1159941777586937 0.40849050879478455 0.1846807897090912
v -0.09375884383916855 0.3903665840625763 0.1850191354751587
v -0.097666896879673 0.4101231098175049 0.19084009528160095
v -0.15166592597961426 0.3659128248691559 0.09667360782623291
v -0.1502988040447235 0.36425530910491943 0.09211830794811249
v -0.14881399273872375 0.35811612010002136 0.09375867247581482
v -0.1523294448852539 0.3598598837852478 0.0957375168800354
v -0.15321508049964905 0.3734804391860962 0.06895990669727325
v -0.1515747308731079 0.3732960820198059 0.08222126960754395
v -0.09849284589290619 0.39411699771881104 -0.01184876263141632
v -0.09267225861549377 0.40343910455703735 -0.010742485523223877
v -0.09248529374599457 0.396015465259552 -0.015137434005737305
v -0.09334579855203629 0.4120372533798218 -0.007907867431640625
v -0.10035155713558197 0.5253186225891113 0.082724928855896
v -0.10085480660200119 0.5173854231834412 0.0500999391078949
v -0.09476558119058609 0.5138648748397827 0.14810630679130554
v -0.09924377501010895 0.5250365138053894 0.11705312877893448
v -0.08592599630355835 0.3136831223964691 -0.0014384835958480835
v -0.08649685978889465 0.29972338676452637 0.001551896333694458
v -0.09322551637887955 0.3527282476425171 -0.009096205234527588
v -0.09013298153877258 0.35227757692337036 -0.009892970323562622
v -0.09006623923778534 0.34820401668548584 -0.00994311273097992
v -0.093177929520607 0.3483625650405884 -0.00913490355014801
v -0.11159134656190872 0.4107479155063629 0.005280032753944397
v -0.09069831669330597 0.3765678107738495 0.17505444586277008
v -0.08736470341682434 0.3318052291870117 0.17205435037612915
v -0.08751040697097778 0.32047709822654724 0.17617003619670868
v -0.11119864135980606 0.31206730008125305 0.1741011142730713
v -0.10060639679431915 0.31253522634506226 0.18132123351097107
v -0.09029562026262283 0.35615694522857666 -0.010118454694747925
v -0.09302335977554321 0.35659921169281006 -0.009035348892211914
v -0.09445975720882416 0.3653010427951813 -0.013644009828567505
v -0.09703446924686432 0.3401765823364258 -0.004263371229171753
v -0.09333373606204987 0.3596614897251129 -0.009203433990478516
v -0.09437867999076843 0.36167672276496887 -0.00912824273109436
v -0.08892591297626495 0.3594183027744293 -0.01206117868423462
v -0.08859410881996155 0.3560466170310974 -0.01044994592666626
v -0.11915076524019241 0.39376893639564514 0.008270740509033203
v -0.11981659382581711 0.3981681764125824 0.008173882961273193
v -0.0925213098526001 0.3626778721809387 -0.01828010380268097
v -0.09321364760398865 0.36392050981521606 -0.015748679637908936
v -0.08896901458501816 0.36237481236457825 -0.018984496593475342
v -0.11378135532140732 0.2694799304008484 0.09551960229873657
v -0.1252378523349762 0.277724951505661 0.10662296414375305
v -0.08773055672645569 0.3445322513580322 -0.00972999632358551
v -0.08728711307048798 0.34092286229133606 -0.00802353024482727
v -0.10046021640300751 0.5007444620132446 0.02101677656173706
v -0.0757119357585907 0.3901899755001068 0.1857466697692871
v -0.07826945185661316 0.410281240940094 0.19216345250606537
v -0.15661999583244324 0.38950446248054504 0.0875220000743866
v -0.15733593702316284 0.38589799404144287 0.09348353743553162
v -0.15985411405563354 0.3929530680179596 0.0948549211025238
v -0.15949800610542297 0.3964153826236725 0.08893679082393646
v -0.07825148850679398 0.2640053629875183 0.07416108250617981
v -0.13059833645820618 0.2865704596042633 0.12055684626102448
v -0.08849529176950455 0.3123162090778351 0.18565259873867035
v -0.1381988227367401 0.3997616171836853 0.018595218658447266
v -0.13676297664642334 0.3984464108943939 0.017727315425872803
v -0.1137000173330307 0.4081396758556366 0.006680965423583984
v -0.08088847994804382 0.43884027004241943 0.19576942920684814
v -0.0977245420217514 0.3324478268623352 -0.001439422369003296
v -0.09655043482780457 0.33671289682388306 -0.0011260956525802612
v -0.07561585307121277 0.3342779576778412 0.17358987033367157
v -0.0829973816871643 0.2845958173274994 0.04760080575942993
v -0.08958947658538818 0.36118772625923157 -0.015357568860054016
v -0.07694822549819946 0.37802281975746155 0.1761414259672165
v -0.16202805936336517 0.3994320034980774 0.10295620560646057
v -0.1634657084941864 0.39763256907463074 0.09965415298938751
v -0.16245505213737488 0.3944145739078522 0.10038682818412781
v -0.1609344184398651 0.3952997326850891 0.10173824429512024
v -0.16580647230148315 0.3996262550354004 0.09463955461978912
v -0.16575655341148376 0.39671850204467773 0.09733060002326965
v -0.16759037971496582 0.39911991357803345 0.09828542172908783
v -0.16758280992507935 0.40256163477897644 0.0962982177734375
v -0.16157415509223938 0.4018148183822632 0.09189794957637787
v -0.16309493780136108 0.3963346481323242 0.09407265484333038
v -0.16904523968696594 0.40107423067092896 0.09982503950595856
v -0.16985422372817993 0.40333694219589233 0.09814049303531647
v -0.16745363175868988 0.4053555727005005 0.09911559522151947
v -0.16400271654129028 0.40658652782440186 0.10255187749862671
v -0.17216114699840546 0.40430641174316406 0.10141614079475403
v -0.1688077300786972 0.4068303108215332 0.10308140516281128
v -0.1741619110107422 0.40427350997924805 0.10648288577795029
v -0.16973134875297546 0.40722936391830444 0.10810832679271698
v -0.1740681529045105 0.4022623300552368 0.11221879720687866
v -0.1689094603061676 0.4049513638019562 0.11395660042762756
v -0.15287387371063232 0.371106892824173 0.09046950936317444
v -0.15204985439777374 0.372019499540329 0.09791779518127441
v -0.17344874143600464 0.3974245488643646 0.11583931744098663
v -0.16725103557109833 0.3995521664619446 0.11719271540641785
v -0.1719183623790741 0.3910099267959595 0.11854518204927444
v -0.16568663716316223 0.39288783073425293 0.1194051057100296
v -0.16938932240009308 0.3844396770000458 0.11892972141504288
v -0.1644538938999176 0.38594624400138855 0.11965781450271606
v -0.16681182384490967 0.3776170313358307 0.11859586834907532
v -0.16198524832725525 0.3770233690738678 0.11999465525150299
v -0.16346541047096252 0.3705002963542938 0.11617517471313477
v -0.1583879590034485 0.36772820353507996 0.11774356663227081
v -0.1701732575893402 0.4032273590564728 0.10782147198915482
v -0.17056597769260406 0.40049368143081665 0.11170053482055664
v -0.16067162156105042 0.4044445753097534 0.11022359132766724
v -0.169485941529274 0.40327590703964233 0.10325875878334045
v -0.1595344841480255 0.39030739665031433 0.10779379308223724
v -0.15771141648292542 0.39370936155319214 0.10815006494522095
v -0.1577097475528717 0.39218848943710327 0.10782335698604584
v -0.1569788157939911 0.3910088837146759 0.11023388803005219
v -0.15431857109069824 0.37864384055137634 0.09497086703777313
v -0.15469446778297424 0.37884682416915894 0.09879328310489655
v -0.15677230060100555 0.38400059938430786 0.09754166007041931
v -0.15288397669792175 0.375027060508728 0.09998401999473572
v -0.15206311643123627 0.37659135460853577 0.10062757134437561
v -0.15234380960464478 0.3802095353603363 0.09979848563671112
v -0.1530333161354065 0.38516145944595337 0.09918074309825897
v -0.15265622735023499 0.3755645453929901 0.10350778698921204
v -0.1535722315311432 0.37362027168273926 0.10290557146072388
v -0.15146057307720184 0.37730056047439575 0.1029701977968216
v -0.1512906551361084 0.37801212072372437 0.101631760597229
v -0.1507338583469391 0.38068586587905884 0.10219135880470276
v -0.1521085500717163 0.3842168152332306 0.10409359633922577
v -0.15418201684951782 0.380450963973999 0.08850181102752686
v -0.15210890769958496 0.38150253891944885 0.11387363076210022
v -0.14873573184013367 0.37218865752220154 0.11068476736545563
v -0.16014915704727173 0.3651081919670105 0.11150793731212616
v -0.15607309341430664 0.35919424891471863 0.11250944435596466
v -0.15504968166351318 0.35577642917633057 0.09950277209281921
v -0.1557711362838745 0.3541123867034912 0.10597944259643555
v -0.15804904699325562 0.4003528952598572 0.11253902316093445
v -0.15682749450206757 0.39490190148353577 0.11526000499725342
v -0.14703580737113953 0.3643344044685364 0.10579535365104675
v -0.15512272715568542 0.38856029510498047 0.11611805856227875
v -0.16271407902240753 0.37444058060646057 0.1143466979265213
v -0.15936395525932312 0.37105581164360046 0.11121702194213867
v -0.16559717059135437 0.3795725405216217 0.11683378368616104
v -0.15446916222572327 0.36984142661094666 0.10214562714099884
v -0.15535759925842285 0.36364179849624634 0.10107479989528656
v -0.15813687443733215 0.3630743622779846 0.10612344741821289
v -0.15601849555969238 0.36976492404937744 0.1071402058005333
v -0.16182973980903625 0.3772362470626831 0.11208155751228333
v -0.15762513875961304 0.3751990795135498 0.11027452349662781
v -0.15925978124141693 0.38035228848457336 0.11138993501663208
v -0.15553860366344452 0.3787762522697449 0.10942733287811279
v -0.15325964987277985 0.376867413520813 0.10609404742717743
v -0.1546834260225296 0.37398481369018555 0.10682515799999237
v -0.15205585956573486 0.38189584016799927 0.10887442529201508
v -0.15646591782569885 0.3848666250705719 0.1102859377861023
v -0.1512506753206253 0.37903839349746704 0.10532714426517487
v -0.1623636782169342 0.38292425870895386 0.11162112653255463
v -0.1649726927280426 0.38651078939437866 0.11220461130142212
v -0.16343972086906433 0.38900452852249146 0.10907021164894104
v -0.1599620133638382 0.3868660628795624 0.11021645367145538
v -0.16747373342514038 0.38527607917785645 0.11764384806156158
v -0.16748547554016113 0.38508835434913635 0.11464495956897736
v -0.16484810411930084 0.3807404339313507 0.11397998780012131
v -0.1689963936805725 0.39044544100761414 0.1144278347492218
v -0.16894283890724182 0.3912200927734375 0.1167030781507492
v -0.1668899953365326 0.39060041308403015 0.11230669915676117
v -0.1656254529953003 0.3916720449924469 0.11018415540456772
v -0.16945645213127136 0.398584246635437 0.11042328178882599
v -0.1696431040763855 0.39507147669792175 0.11270406097173691
v -0.17021721601486206 0.39665552973747253 0.11449556797742844
v -0.16823461651802063 0.39394131302833557 0.11083407700061798
v -0.1678788661956787 0.39689943194389343 0.10933150351047516
v -0.1659311205148697 0.39528200030326843 0.10906429588794708
v -0.16665366291999817 0.3938036859035492 0.11035098135471344
v -0.16653543710708618 0.401488333940506 0.10145115852355957
v -0.164984330534935 0.40001043677330017 0.0998808890581131
v -0.16752737760543823 0.40193718671798706 0.10420557856559753
v -0.16522055864334106 0.4033617675304413 0.1038401871919632
v -0.16538193821907043 0.40049850940704346 0.10511887073516846
v -0.1635996401309967 0.40251559019088745 0.10357089340686798
v -0.16390901803970337 0.39844411611557007 0.10481902956962585
v -0.16176235675811768 0.3955870568752289 0.10452896356582642
v -0.09078825265169144 0.2395373284816742 0.0953921377658844
v -0.08915882557630539 0.24947519600391388 0.08985245227813721
v -0.07770346105098724 0.24580101668834686 0.08877922594547272
v -0.0788731724023819 0.2361031323671341 0.09573671221733093
v -0.165041983127594 0.3968314528465271 0.10689961910247803
v -0.16662345826625824 0.39898815751075745 0.10737738013267517
v -0.16847288608551025 0.4008951187133789 0.10771892964839935
v -0.1623012125492096 0.39244768023490906 0.10715106129646301
v -0.1635817587375641 0.3915405869483948 0.10802234709262848
v -0.16465666890144348 0.3932011127471924 0.10830380022525787
v -0.1632852703332901 0.3943808376789093 0.10671165585517883
v -0.15797990560531616 0.38795220851898193 0.09778448939323425
v -0.15556466579437256 0.3870340585708618 0.10128329694271088
v -0.15541818737983704 0.3860487937927246 0.10585176944732666
v -0.12386684119701385 0.23963043093681335 0.11038725823163986
v -0.13652659952640533 0.2553035020828247 0.11753056198358536
v -0.13379022479057312 0.2614249885082245 0.11743845045566559
v -0.12088412046432495 0.24806970357894897 0.1097068041563034
v -0.12713056802749634 0.21625782549381256 0.09625938534736633
v -0.12912535667419434 0.19705474376678467 0.0903993546962738
v -0.14356735348701477 0.20960505306720734 0.09063863754272461
v -0.14543549716472626 0.23618614673614502 0.10394327342510223
v -0.1430555284023285 0.18745310604572296 0.08315274119377136
v -0.12964387238025665 0.17695119976997375 0.08552658557891846
v -0.14175701141357422 0.12902802228927612 0.0699489414691925
v -0.14225563406944275 0.14713558554649353 0.07388454675674438
v -0.12923939526081085 0.14007507264614105 0.07734939455986023
v -0.12802356481552124 0.12266518175601959 0.0728311538696289
v -0.17260625958442688 0.05435967072844505 0.06725016236305237
v -0.16043776273727417 0.05249718949198723 0.06629790365695953
v -0.1587168127298355 0.03789900988340378 0.07571151852607727
v -0.1727902889251709 0.03870941698551178 0.0786382406949997
v -0.19112513959407806 0.1864977329969406 0.06981420516967773
v -0.2010912150144577 0.18120159208774567 0.07076635956764221
v -0.19648250937461853 0.20339322090148926 0.06780943274497986
v -0.18697819113731384 0.20798446238040924 0.0685739666223526
v -0.15828701853752136 0.28529804944992065 0.1415124237537384
v -0.1545230597257614 0.2876036763191223 0.14329729974269867
v -0.14983680844306946 0.2667366564273834 0.12809062004089355
v -0.15246902406215668 0.26398903131484985 0.12358324974775314
v -0.2185973972082138 0.09098122268915176 0.0892549455165863
v -0.2091800570487976 0.09458370506763458 0.07905712723731995
v -0.20831359922885895 0.08083852380514145 0.07843951880931854
v -0.21651655435562134 0.0767153799533844 0.08813223242759705
v -0.21772624552249908 0.0031764600425958633 0.13287460803985596
v -0.20140495896339417 -0.0051895491778850555 0.12285532802343369
v -0.20588520169258118 -0.025089364498853683 0.12671439349651337
v -0.2230243980884552 -0.016439851373434067 0.13795167207717896
v -0.2600177824497223 0.05054578185081482 0.17216496169567108
v -0.26184239983558655 0.0341910719871521 0.1804310828447342
v -0.2680276334285736 0.043733108788728714 0.20334680378437042
v -0.2668681740760803 0.05996279790997505 0.1950957477092743
v -0.16630244255065918 0.1392240822315216 0.06840425729751587
v -0.16613450646400452 0.15936864912509918 0.07099983096122742
v -0.1547946333885193 0.1535617560148239 0.07216131687164307
v -0.154510498046875 0.1346266120672226 0.06845331192016602
v -0.24460333585739136 0.22974444925785065 -0.05927634239196777
v -0.23546120524406433 0.23324254155158997 -0.034707874059677124
v -0.24116083979606628 0.21680393815040588 -0.031338900327682495
v -0.25050267577171326 0.2135557234287262 -0.05653160810470581
v -0.27713078260421753 -0.0583641454577446 0.19459812343120575
v -0.28105902671813965 -0.07530826330184937 0.194652259349823
v -0.2880377173423767 -0.06502793729305267 0.21904811263084412
v -0.2821536660194397 -0.04838540405035019 0.2176743894815445
v -0.19492004811763763 0.2710149884223938 0.05266602337360382
v -0.2026120126247406 0.2934020161628723 0.05849631130695343
v -0.19738009572029114 0.29597312211990356 0.06957125663757324
v -0.18936103582382202 0.2730462849140167 0.05996263027191162
v -0.20563951134681702 0.1464323252439499 0.07672291994094849
v -0.2040329873561859 0.16270357370376587 0.07400393486022949
v -0.1939559280872345 0.16778452694416046 0.0703231543302536
v -0.19548501074314117 0.14873246848583221 0.07203218340873718
v -0.26907801628112793 0.09386195987462997 0.17994101345539093
v -0.2679999768733978 0.11213617771863937 0.17135128378868103
v -0.26153814792633057 0.10558490455150604 0.15525370836257935
v -0.2634665071964264 0.08600617200136185 0.1608453094959259
v -0.26341795921325684 0.06773445755243301 0.16586914658546448
v -0.2688484489917755 0.07660306990146637 0.187491774559021
v -0.18674111366271973 0.14619804918766022 0.07057556509971619
v -0.18486344814300537 0.1689089685678482 0.06988395750522614
v -0.17600050568580627 0.16407790780067444 0.07083599269390106
v -0.1770687848329544 0.14288149774074554 0.06936416029930115
v -0.1558971107006073 0.025713734328746796 0.08808472752571106
v -0.17350663244724274 0.02671150490641594 0.09205453097820282
v -0.2681450843811035 -0.08713749051094055 0.17303729057312012
v -0.265212744474411 -0.07006092369556427 0.17324763536453247
v -0.24858330190181732 -0.0821598470211029 0.15712179243564606
v -0.250448614358902 -0.09957737475633621 0.15715891122817993
v -0.17984096705913544 0.006015297025442123 0.11281202733516693
v -0.1961173415184021 0.012378763407468796 0.11837361007928848
v -0.19083714485168457 0.02286515384912491 0.10751914978027344
v -0.17540481686592102 0.018060214817523956 0.10434472560882568
v -0.2303735464811325 -0.11009195446968079 0.14465579390525818
v -0.22927846014499664 -0.09306749701499939 0.14559218287467957
v -0.2090320587158203 -0.10208973288536072 0.13544850051403046
v -0.21003805100917816 -0.12041337788105011 0.13402944803237915
v -0.14300116896629333 0.16652552783489227 0.07842406630516052
v -0.1299843192100525 0.15813185274600983 0.08175291121006012
v -0.19387611746788025 0.06305057555437088 0.0720248818397522
v -0.18454834818840027 0.05802357569336891 0.06874917447566986
v -0.18581464886665344 0.04205863177776337 0.08043941855430603
v -0.1964772343635559 0.04827947914600372 0.08292105793952942
v -0.225056454539299 0.1646202802658081 0.09184753894805908
v -0.22465398907661438 0.1830655038356781 0.0884983092546463
v -0.21056613326072693 0.19550184905529022 0.07206080853939056
v -0.2136216014623642 0.17338290810585022 0.07709406316280365
v -0.2940847873687744 -0.08208993077278137 0.21932831406593323
v -0.2859641909599304 -0.09204309433698654 0.19406911730766296
v -0.23231250047683716 -0.12717556953430176 0.14534997940063477
v -0.21220329403877258 -0.13795745372772217 0.13452644646167755
v -0.2680974006652832 0.1987641155719757 0.11188717931509018
v -0.25934019684791565 0.19812339544296265 0.1053246259689331
v -0.2577681243419647 0.18800926208496094 0.11573830246925354
v -0.26621073484420776 0.18961189687252045 0.12067538499832153
v -0.1257108747959137 0.04647732898592949 0.07364898920059204
v -0.13889437913894653 0.03150368854403496 0.08140389621257782
v -0.1457938551902771 0.04310876131057739 0.07100629806518555
v -0.13600389659404755 0.056066762655973434 0.06652599573135376
v -0.20041286945343018 0.0372522734105587 0.09770888090133667
v -0.18813002109527588 0.030724793672561646 0.09455794095993042
v -0.2050158679485321 0.029310360550880432 0.11129225790500641
v -0.11471804976463318 0.03730926290154457 0.08482827246189117
v -0.13125547766685486 0.01824011653661728 0.09656083583831787
v -0.11453086137771606 0.1510010063648224 0.08362163603305817
v -0.1141306459903717 0.13354520499706268 0.08005380630493164
v -0.1152145266532898 0.16856545209884644 0.08682456612586975
v -0.11357496678829193 0.186336949467659 0.09031571447849274
v -0.09894966334104538 0.17869944870471954 0.09149350225925446
v -0.09951160848140717 0.16125880181789398 0.08961176872253418
v -0.11163337528705597 0.20357856154441833 0.09426876902580261
v -0.09665293991565704 0.19490833580493927 0.09432700276374817
v -0.1088043600320816 0.2278812676668167 0.10469360649585724
v -0.10696685314178467 0.23729833960533142 0.1036606878042221
v -0.21504026651382446 0.15598587691783905 0.08234494924545288
v -0.2161523401737213 0.14103320240974426 0.08597171306610107
v -0.25305113196372986 -0.11613839864730835 0.15752536058425903
v -0.22332072257995605 0.2631010413169861 0.21751940250396729
v -0.23234301805496216 0.26887834072113037 0.1994653046131134
v -0.23723459243774414 0.2550990581512451 0.2065175175666809
v -0.22863221168518066 0.2503489553928375 0.22521930932998657
v -0.15608681738376617 0.26643627882003784 0.11944222450256348
v -0.16249606013298035 0.28655996918678284 0.13909980654716492
v -0.280492901802063 0.2202167510986328 0.1516309380531311
v -0.28021299839019775 0.21130773425102234 0.15186753869056702
v -0.2757457494735718 0.2043437361717224 0.16657432913780212
v -0.27535688877105713 0.2155839055776596 0.16581502556800842
v -0.28231367468833923 0.2079712599515915 0.12029726803302765
v -0.2864374816417694 0.2153131067752838 0.12097759544849396
v -0.2928287386894226 0.22116594016551971 0.10334600508213043
v -0.2892723083496094 0.2151731550693512 0.10309629142284393
v -0.2874406576156616 -0.0573824942111969 0.24287545680999756
v -0.2815035581588745 -0.03964610397815704 0.24169012904167175
v -0.2586006224155426 0.09368275105953217 0.2526688873767853
v -0.2625000476837158 0.11147594451904297 0.239028662443161
v -0.2679872512817383 0.09865649044513702 0.223982572555542
v -0.26588043570518494 0.08156522363424301 0.235381081700325
v -0.12692968547344208 0.22105772793293 0.27123260498046875
v -0.14793984591960907 0.22832152247428894 0.26722127199172974
v -0.15108893811702728 0.21692955493927002 0.27378132939338684
v -0.12926310300827026 0.2092580646276474 0.27709341049194336
v -0.18919529020786285 0.2601701617240906 0.24286192655563354
v -0.16730323433876038 0.24969924986362457 0.2548794150352478
v -0.16273319721221924 0.2589113414287567 0.24828799068927765
v -0.18304654955863953 0.26968419551849365 0.23525270819664001
v -0.21037174761295319 0.256242036819458 0.2345486730337143
v -0.21458867192268372 0.24301177263259888 0.2414223551750183
v -0.27013394236564636 0.1044362485408783 0.19678227603435516
v -0.2712624669075012 0.12101437151432037 0.18635746836662292
v -0.27382534742355347 0.1475931853055954 0.16833138465881348
v -0.2735227644443512 0.15910138189792633 0.15967075526714325
v -0.26730790734291077 0.15350578725337982 0.14961449801921844
v -0.2674200236797333 0.14148207008838654 0.15663093328475952
v -0.14892499148845673 0.29129618406295776 0.14478498697280884
v -0.1579887717962265 0.30342763662338257 0.16184958815574646
v -0.1505725085735321 0.3058149814605713 0.16439881920814514
v -0.13632163405418396 0.28851383924484253 0.21573901176452637
v -0.14333775639533997 0.2928422689437866 0.20719188451766968
v -0.15024767816066742 0.29011133313179016 0.2118360549211502
v -0.1397685706615448 0.284640908241272 0.22147637605667114
v -0.16751675307750702 0.15657652914524078 0.30108898878097534
v -0.1740569770336151 0.1340596079826355 0.30670061707496643
v -0.14747872948646545 0.13029223680496216 0.31260913610458374
v -0.14302125573158264 0.15218186378479004 0.3070838451385498
v -0.275982528924942 0.17681145668029785 0.15707829594612122
v -0.2764883041381836 0.18476779758930206 0.16197717189788818
v -0.27751216292381287 0.19442318379878998 0.14882662892341614
v -0.27542421221733093 0.1869450807571411 0.14450715482234955
v -0.2767907977104187 0.17500215768814087 0.17463456094264984
v -0.27638232707977295 0.16613459587097168 0.16766569018363953
v -0.2769218981266022 0.15499261021614075 0.17787396907806396
v -0.2771005630493164 0.16386069357395172 0.18555136024951935
v -0.2670081853866577 0.12620794773101807 0.2251410186290741
v -0.2728019952774048 0.14152418076992035 0.2100517451763153
v -0.27277472615242004 0.13091525435447693 0.19869424402713776
v -0.2698999047279358 0.11533220112323761 0.21150876581668854
v -0.1606665402650833 0.05563138797879219 0.3251786231994629
v -0.15621671080589294 0.08085477352142334 0.32382452487945557
v -0.1795162409543991 0.08317719399929047 0.3188304901123047
v -0.1827917993068695 0.05750364810228348 0.32248860597610474
v -0.2484540343284607 0.20798179507255554 0.08448553085327148
v -0.2526153326034546 0.20942163467407227 0.06961266696453094
v -0.23891863226890564 0.20995181798934937 0.06342737376689911
v -0.23582355678081512 0.20911771059036255 0.07516920566558838
v -0.2973363399505615 0.24291488528251648 0.09181636571884155
v -0.2955309748649597 0.24958264827728271 0.09141001105308533
v -0.29861027002334595 0.25277718901634216 0.07743045687675476
v -0.30061039328575134 0.24648427963256836 0.07837194204330444
v -0.27170950174331665 0.206132173538208 0.0524422824382782
v -0.2799738645553589 0.20057016611099243 0.02925172448158264
v -0.26474249362945557 0.2012205719947815 0.027882307767868042
v -0.2580617666244507 0.20635248720645905 0.050467267632484436
v -0.1764456033706665 0.30312174558639526 0.15645354986190796
v -0.17072229087352753 0.3025001585483551 0.15879051387310028
v -0.16603276133537292 0.2896457314491272 0.13578957319259644
v -0.2839469015598297 0.208602175116539 0.0798034518957138
v -0.2918476164340973 0.21223577857017517 0.08219347894191742
v -0.3018770217895508 0.21258500218391418 0.060455501079559326
v -0.2937719225883484 0.20757487416267395 0.05774681270122528
v -0.2453424036502838 0.24879442155361176 -0.06100982427597046
v -0.23655524849891663 0.25220805406570435 -0.03703141212463379
v -0.30236589908599854 0.19945120811462402 0.005805909633636475
v -0.2932218909263611 0.20204274356365204 0.030661553144454956
v -0.3044155240058899 0.20566026866436005 0.03319424390792847
v -0.31436118483543396 0.2058173418045044 0.006960973143577576
v -0.26360559463500977 0.06419089436531067 0.24540333449840546
v -0.25456199049949646 0.07506141066551208 0.2634027898311615
v -0.27020129561424255 -0.047631725668907166 0.28526926040649414
v -0.2635854482650757 -0.027328141033649445 0.2839058041572571
v -0.27444833517074585 -0.032593145966529846 0.2642771601676941
v -0.2810647487640381 -0.05117277055978775 0.2653878927230835
v -0.294350802898407 -0.07440533488988876 0.24440538883209229
v -0.27809542417526245 -0.06714785844087601 0.28763657808303833
v -0.28867360949516296 -0.06956304609775543 0.2674781382083893
v -0.13727739453315735 0.30596643686294556 0.1609938144683838
v -0.14330515265464783 0.3066055178642273 0.16370856761932373
v -0.13755230605602264 0.30698272585868835 0.18227934837341309
v -0.13111083209514618 0.3087444305419922 0.17748603224754333
v -0.33264055848121643 -0.1875825673341751 0.25380951166152954
v -0.3296147882938385 -0.19226382672786713 0.2232983261346817
v -0.33518117666244507 -0.22129017114639282 0.22626589238643646
v -0.33745744824409485 -0.21730323135852814 0.25870585441589355
v -0.11436308920383453 0.29800933599472046 0.20872116088867188
v -0.1088670939207077 0.30396103858947754 0.20070511102676392
v -0.12066219747066498 0.30677181482315063 0.19053418934345245
v -0.12745119631290436 0.3021007478237152 0.1964210718870163
v -0.3284900486469269 -0.16066040098667145 0.24949656426906586
v -0.32387644052505493 -0.16719283163547516 0.22033290565013885
v -0.1389927715063095 0.2931695878505707 0.14302721619606018
v -0.14362134039402008 0.2932661473751068 0.14470654726028442
v -0.1373291164636612 0.2788539230823517 0.12841510772705078
v -0.14145004749298096 0.27648669481277466 0.12972331047058105
v -0.13079020380973816 0.2667141556739807 0.1154433935880661
v -0.3214533030986786 -0.20240244269371033 0.19657692313194275
v -0.3293114900588989 -0.22901307046413422 0.19787068665027618
v -0.12560951709747314 0.3089132308959961 0.17102520167827606
v -0.11557227373123169 0.3082857131958008 0.18280276656150818
v -0.10407346487045288 0.3081083297729492 0.19104903936386108
v -0.09107641875743866 0.30702847242355347 0.19610953330993652
v -0.07645206153392792 0.30651912093162537 0.19879895448684692
v -0.07534424215555191 0.31265494227409363 0.18840822577476501
v -0.2992137670516968 -0.09898211061954498 0.21872040629386902
v -0.30161601305007935 -0.09212055057287216 0.24530965089797974
v -0.3204105496406555 -0.32472217082977295 0.33850279450416565
v -0.3228724002838135 -0.34445294737815857 0.3258601129055023
v -0.294512003660202 -0.34895917773246765 0.34181028604507446
v -0.29688724875450134 -0.3293584883213043 0.3551536500453949
v -0.23226013779640198 -0.32954835891723633 0.3747633099555969
v -0.2669016718864441 -0.3321118652820587 0.3669714033603668
v -0.26276126503944397 -0.3493528664112091 0.3528723120689392
v -0.22682130336761475 -0.3473356366157532 0.35895559191703796
v -0.22978919744491577 -0.19447845220565796 0.3917352259159088
v -0.2258535921573639 -0.17316658794879913 0.38329267501831055
v -0.2526233196258545 -0.17060503363609314 0.37429654598236084
v -0.25737738609313965 -0.19124415516853333 0.38309764862060547
v -0.2963700294494629 -0.08769530802965164 0.2695804834365845
v -0.28633612394332886 -0.08610190451145172 0.29034945368766785
v -0.2891087532043457 -0.1081731840968132 0.19391828775405884
v -0.34841519594192505 -0.36031633615493774 0.1853349208831787
v -0.3533208668231964 -0.3922158181667328 0.19061324000358582
v -0.3651827275753021 -0.3865932822227478 0.22690120339393616
v -0.36313149333000183 -0.35407188534736633 0.222578763961792
v -0.3482530117034912 -0.3861956000328064 0.2944656312465668
v -0.3221149146556854 -0.3905216157436371 0.3168450891971588
v -0.3228302299976349 -0.3666745126247406 0.31931519508361816
v -0.3481457829475403 -0.3589266538619995 0.29519450664520264
v -0.19202931225299835 -0.14808747172355652 0.12555381655693054
v -0.19407112896442413 -0.16595444083213806 0.1294213831424713
v -0.21415841579437256 -0.15494251251220703 0.13722524046897888
v -0.13191398978233337 -0.16889843344688416 0.12363668531179428
v -0.13345132768154144 -0.18689627945423126 0.12800589203834534
v -0.15311658382415771 -0.1817687451839447 0.12507808208465576
v -0.1523948609828949 -0.16372859477996826 0.11975310742855072
v -0.1569485068321228 -0.2834969162940979 0.1510949730873108
v -0.15759436786174774 -0.26137638092041016 0.14561790227890015
v -0.1424083113670349 -0.2645752429962158 0.1491035521030426
v -0.14435066282749176 -0.28519436717033386 0.15480947494506836
v -0.3069424331188202 -0.21431398391723633 0.17408838868141174
v -0.2982053756713867 -0.1908309906721115 0.1752377301454544
v -0.2764880061149597 -0.2047741860151291 0.16034801304340363
v -0.283183217048645 -0.22670909762382507 0.157515749335289
v -0.25488579273223877 -0.36372140049934387 0.33973634243011475
v -0.21975088119506836 -0.3612118661403656 0.34248772263526917
v -0.32201340794563293 -0.36358529329299927 0.15572606027126312
v -0.3292806148529053 -0.3972502648830414 0.1604202389717102
v -0.2970926761627197 -0.4023330509662628 0.14402952790260315
v -0.2907811999320984 -0.36848771572113037 0.14187654852867126
v -0.2585430145263672 -0.37441936135292053 0.1421862244606018
v -0.2631053328514099 -0.4064481258392334 0.1441493183374405
v -0.1679404377937317 -0.3630527853965759 0.19701337814331055
v -0.17336684465408325 -0.36544400453567505 0.20334690809249878
v -0.1801147758960724 -0.34875017404556274 0.177727609872818
v -0.16933536529541016 -0.3419836759567261 0.17003947496414185
v -0.23617354035377502 -0.2868193984031677 0.39577823877334595
v -0.2665797472000122 -0.2866002023220062 0.3882809281349182
v -0.2676389217376709 -0.3104143738746643 0.38129886984825134
v -0.23460079729557037 -0.3079616129398346 0.38804224133491516
v -0.272335946559906 -0.08698619157075882 0.3084191083908081
v -0.2636526823043823 -0.06664422154426575 0.3045007884502411
v -0.2474958896636963 -0.06671680510044098 0.3174605965614319
v -0.24044568836688995 -0.043772079050540924 0.3143458366394043
v -0.2566792964935303 -0.044857725501060486 0.30206748843193054
v -0.22328689694404602 0.09720355272293091 0.2918115258216858
v -0.22955754399299622 0.11871911585330963 0.2812293767929077
v -0.2467847466468811 0.10527651011943817 0.26846185326576233
v -0.2413552701473236 0.08632950484752655 0.2787502408027649
v -0.17148584127426147 0.23838204145431519 0.26106104254722595
v -0.17457470297813416 0.2263585329055786 0.267002671957016
v -0.28770267963409424 -0.39039674401283264 0.3318266272544861
v -0.29576367139816284 -0.41780364513397217 0.32812872529029846
v -0.2600286602973938 -0.41793960332870483 0.33027562499046326
v -0.242822527885437 -0.38612329959869385 0.33182528614997864
v -0.3496212065219879 -0.41493499279022217 0.29512545466423035
v -0.3638923168182373 -0.3833160102367401 0.26360926032066345
v -0.36417943239212036 -0.4151709973812103 0.26723217964172363
v -0.35591334104537964 -0.42413002252578735 0.19349424540996552
v -0.3667895197868347 -0.4183313846588135 0.23139208555221558
v -0.300595223903656 -0.4360569417476654 0.14674849808216095
v -0.26709458231925964 -0.43899866938591003 0.14844609797000885
v -0.19461196660995483 -0.4168146848678589 0.206281378865242
v -0.20137883722782135 -0.44152575731277466 0.2149253785610199
v -0.21573880314826965 -0.4420008659362793 0.18812596797943115
v -0.20989945530891418 -0.4146743714809418 0.18062609434127808
v -0.19798438251018524 -0.28575822710990906 0.14651241898536682
v -0.2124914824962616 -0.3014419376850128 0.14887136220932007
v -0.23751579225063324 -0.28044962882995605 0.14635667204856873
v -0.23080600798130035 -0.26016417145729065 0.14698728919029236
v -0.15065845847129822 -0.14442771673202515 0.11645935475826263
v -0.13365034759044647 -0.15018782019615173 0.11930090934038162
v -0.1897130012512207 -0.1294422149658203 0.12399495393037796
v -0.1692771315574646 -0.13739219307899475 0.11757580190896988
v -0.1718684732913971 -0.15724113583564758 0.12017906457185745
v -0.14370019733905792 -0.06553955376148224 0.10841449350118637
v -0.14411643147468567 -0.08563455194234848 0.11110477894544601
v -0.16658151149749756 -0.07979753613471985 0.11396587640047073
v -0.16717059910297394 -0.06011579930782318 0.1113511472940445
v -0.1667160540819168 -0.039087001234292984 0.1093704104423523
v -0.14303095638751984 -0.043791625648736954 0.10674165934324265
v -0.13766197860240936 -0.0003711134195327759 0.10865242779254913
v -0.16031113266944885 0.002085776999592781 0.10929447412490845
v -0.1556771695613861 0.015007305890321732 0.10056076943874359
v -0.09925298392772675 0.14387674629688263 0.08663921058177948
v -0.09917965531349182 0.1270572692155838 0.08334031701087952
v -0.31447288393974304 -0.24005967378616333 0.1713007241487503
v -0.21068409085273743 -0.3960767686367035 0.313863068819046
v -0.22738951444625854 -0.42323532700538635 0.31822800636291504
v -0.2076045423746109 -0.42911866307258606 0.29601144790649414
v -0.19712741672992706 -0.4051531255245209 0.2883037030696869
v -0.3139171004295349 -0.17886394262313843 0.19622796773910522
v -0.271439790725708 -0.10388810187578201 0.17307057976722717
v -0.27411752939224243 -0.11980541050434113 0.17365697026252747
v -0.24490892887115479 0.04311594367027283 0.14541128277778625
v -0.24846762418746948 0.024772247299551964 0.15996935963630676
v -0.15112870931625366 0.052776724100112915 0.06545454263687134
v -0.14702191948890686 0.06333145499229431 0.06272426247596741
v -0.3631836175918579 -0.3521525263786316 0.2616978585720062
v -0.3037780523300171 -0.4673154652118683 0.15147995948791504
v -0.2713334858417511 -0.4710155129432678 0.15468887984752655
v -0.2745421528816223 -0.5014144778251648 0.16166473925113678
v -0.3059788644313812 -0.49690717458724976 0.15755879878997803
v -0.20659853518009186 -0.4659094512462616 0.2498272955417633
v -0.21853411197662354 -0.4940202832221985 0.25569331645965576
v -0.21940889954566956 -0.4959929585456848 0.22997969388961792
v -0.2098400741815567 -0.4681030809879303 0.22313787043094635
v -0.2297443151473999 -0.5229496359825134 0.2599351108074188
v -0.23981742560863495 -0.5511248707771301 0.2646566331386566
v -0.23893135786056519 -0.5547677874565125 0.24112685024738312
v -0.22950884699821472 -0.525571346282959 0.23440656065940857
v -0.33325594663619995 -0.4307854473590851 0.16340385377407074
v -0.35731741786003113 -0.48512154817581177 0.1974039375782013
v -0.3570847511291504 -0.4549190402030945 0.19574853777885437
v -0.3350670635700226 -0.4619893729686737 0.16704684495925903
v -0.3363707363605499 -0.49184852838516235 0.17072078585624695
v -0.32606014609336853 -0.4168769419193268 0.3156787157058716
v -0.18817031383514404 -0.41623303294181824 0.23232191801071167
v -0.19626754522323608 -0.439095139503479 0.24144895374774933
v -0.23738297820091248 -0.4888877272605896 0.30075278878211975
v -0.2225227952003479 -0.458869606256485 0.2991313338279724
v -0.24386391043663025 -0.45448288321495056 0.3191675841808319
v -0.2581609785556793 -0.4846764802932739 0.318595826625824
v -0.3564094007015228 -0.47243595123291016 0.2910167872905731
v -0.3525438904762268 -0.4437773525714874 0.29286816716194153
v -0.3649682104587555 -0.44415271282196045 0.26447585225105286
v -0.3667515218257904 -0.47320201992988586 0.26284927129745483
v -0.3661049008369446 -0.44788509607315063 0.22964906692504883
v -0.3664749562740326 -0.4778124690055847 0.23008015751838684
v -0.35757243633270264 -0.5441533327102661 0.2006675750017166
v -0.3574546277523041 -0.5149542689323425 0.19910351932048798
v -0.33634650707244873 -0.521458625793457 0.1745392382144928
v -0.3361898958683014 -0.5505807399749756 0.17907804250717163
v -0.36812132596969604 -0.536620020866394 0.2305411398410797
v -0.367351770401001 -0.5073920488357544 0.23053143918514252
v -0.3705681562423706 -0.5299897789955139 0.2588839530944824
v -0.368511438369751 -0.5014039874076843 0.26045793294906616
v -0.36234673857688904 -0.5271522402763367 0.28316009044647217
v -0.3598540723323822 -0.4996098279953003 0.287143349647522
v -0.3475993871688843 -0.5274063944816589 0.3023552894592285
v -0.34293967485427856 -0.5009206533432007 0.3071351945400238
v -0.32018372416496277 -0.5038775205612183 0.31959646940231323
v -0.32751351594924927 -0.5299308896064758 0.3141273558139801
v -0.30460864305496216 -0.5336170792579651 0.31725621223449707
v -0.29498541355133057 -0.507061779499054 0.3221038579940796
v -0.261920690536499 -0.5429543852806091 0.3024233877658844
v -0.2500848174095154 -0.516207754611969 0.30165159702301025
v -0.270242840051651 -0.5118333697319031 0.3169054090976715
v -0.28155869245529175 -0.5384185910224915 0.3138495087623596
v -0.3058874309062958 -0.6414806842803955 0.3052372634410858
v -0.293337345123291 -0.6170312166213989 0.3058738112449646
v -0.3122010827064514 -0.6110854744911194 0.306643545627594
v -0.3229868412017822 -0.6351467370986938 0.30432143807411194
v -0.3394950032234192 -0.6301946640014648 0.30384743213653564
v -0.3296120762825012 -0.6066248416900635 0.3040774464607239
v -0.34631019830703735 -0.6033449769020081 0.29961296916007996
v -0.35594040155410767 -0.626874566078186 0.2995505928993225
v -0.37044480443000793 -0.604250431060791 0.2719544470310211
v -0.37876883149147034 -0.6287341713905334 0.2716144323348999
v -0.36948156356811523 -0.6260988116264343 0.28858524560928345
v -0.3605283796787262 -0.602199912071228 0.28931406140327454
v -0.38001662492752075 -0.6080858111381531 0.25205111503601074
v -0.38580450415611267 -0.6329619288444519 0.2508395314216614
v -0.37581583857536316 -0.615406334400177 0.22792859375476837
v -0.37813493609428406 -0.6411639451980591 0.22808851301670074
v -0.35790982842445374 -0.6244213581085205 0.20649297535419464
v -0.3609178066253662 -0.6495847105979919 0.20648422837257385
v -0.26149606704711914 -0.6354079246520996 0.2639043629169464
v -0.26456519961357117 -0.6299079060554504 0.2824708819389343
v -0.27677491307258606 -0.6539687514305115 0.28783249855041504
v -0.2708771824836731 -0.6599633097648621 0.26962658762931824
v -0.2787693738937378 -0.6393082737922668 0.22023937106132507
v -0.2876332402229309 -0.6643398404121399 0.22784289717674255
v -0.2978063225746155 -0.6633150577545166 0.20437847077846527
v -0.2913438677787781 -0.637970507144928 0.19692572951316833
v -0.35710594058036804 -0.5717190504074097 0.20197930932044983
v -0.3685961961746216 -0.5641964077949524 0.23008635640144348
v -0.37209558486938477 -0.5573784112930298 0.2571268081665039
v -0.36356407403945923 -0.5539995431900024 0.2791294455528259
v -0.27261751890182495 -0.5686329007148743 0.30410370230674744
v -0.2921951413154602 -0.5633708834648132 0.31235355138778687
v -0.2463732659816742 -0.5830880403518677 0.24821917712688446
v -0.24800251424312592 -0.5787139534950256 0.26997360587120056
v -0.3100261688232422 -0.6095556616783142 0.17835447192192078
v -0.3365615904331207 -0.6048725843429565 0.18489117920398712
v -0.3356003165245056 -0.5782179236412048 0.18213406205177307
v -0.30813726782798767 -0.5830707550048828 0.17533184587955475
v -0.37240028381347656 -0.5899901986122131 0.22959816455841064
v -0.374963641166687 -0.5833301544189453 0.2549401819705963
v -0.3658207356929779 -0.5796528458595276 0.2753136456012726
v -0.33945685625076294 -0.5798124670982361 0.3037620782852173
v -0.3550512194633484 -0.578250527381897 0.29302698373794556
v -0.32158327102661133 -0.5832276940345764 0.3084411025047302
v -0.2830616235733032 -0.5930976271629333 0.30591022968292236
v -0.302327424287796 -0.5878518223762512 0.31081604957580566
v -0.25445592403411865 -0.6098778247833252 0.2562687397003174
v -0.2563853859901428 -0.605002760887146 0.27663201093673706
v -0.3188874125480652 -0.6599200367927551 0.18916349112987518
v -0.343552827835083 -0.6554662585258484 0.1903609037399292
v -0.34001415967941284 -0.6304324865341187 0.1880904883146286
v -0.3141152560710907 -0.6361224055290222 0.1823587268590927
v -0.32532066106796265 -0.6818305253982544 0.19851680099964142
v -0.3076596260070801 -0.685035765171051 0.21215276420116425
v -0.3670514225959778 -0.6539565324783325 0.2996439039707184
v -0.3514059782028198 -0.6566759347915649 0.30550694465637207
v -0.3798730671405792 -0.6541719436645508 0.28928452730178833
v -0.3817571699619293 -0.6678504347801208 0.22537821531295776
v -0.39217475056648254 -0.6596850156784058 0.25010642409324646
v -0.3637433350086212 -0.675960898399353 0.2064623236656189
v -0.34560859203338623 -0.6778904795646667 0.19573785364627838
v -0.3048332631587982 -0.7067415118217468 0.28937673568725586
v -0.2986348867416382 -0.7114694714546204 0.2724388539791107
v -0.28517264127731323 -0.6835698485374451 0.27144184708595276
v -0.2922069728374481 -0.6789441704750061 0.28815630078315735
v -0.3294411897659302 -0.6969761252403259 0.3093102276325226
v -0.3191520869731903 -0.6677751541137695 0.30210480093955994
v -0.33485299348831177 -0.6619080305099487 0.30442941188812256
v -0.3463740348815918 -0.6907925009727478 0.3141337037086487
v -0.3804270029067993 -0.6826041340827942 0.30456507205963135
v -0.3640614151954651 -0.6854926943778992 0.31236183643341064
v -0.3941189646720886 -0.6809654831886292 0.29177138209342957
v -0.3988415002822876 -0.688418447971344 0.24782896041870117
v -0.4023614227771759 -0.6823395490646362 0.2721519470214844
v -0.3900842070579529 -0.6547276973724365 0.2715797424316406
v -0.38695377111434937 -0.6965799927711487 0.2208331674337387
v -0.3703303635120392 -0.7363353371620178 0.20766517519950867
v -0.3949439823627472 -0.7263749837875366 0.21806210279464722
v -0.36238208413124084 -0.7070146203041077 0.2067980170249939
v -0.3671027719974518 -0.8381515741348267 0.22237873077392578
v -0.3741251230239868 -0.8724850416183472 0.22551731765270233
v -0.3930535614490509 -0.8664765357971191 0.21912997961044312
v -0.388733834028244 -0.8320031762123108 0.2146814614534378
v -0.3120172917842865 -0.7379017472267151 0.29335707426071167
v -0.3079042434692383 -0.7407051920890808 0.2741504907608032
v -0.35659259557724 -0.7216522097587585 0.32195931673049927
v -0.3374102711677551 -0.728412389755249 0.3173530399799347
v -0.41874295473098755 -0.7482959628105164 0.2448749542236328
v -0.4236389100551605 -0.7431889176368713 0.2715702950954437
v -0.41374659538269043 -0.7115840315818787 0.27084922790527344
v -0.409417986869812 -0.7176445126533508 0.24418234825134277
v -0.3269905745983124 -0.8379097580909729 0.280974805355072
v -0.3182334303855896 -0.8057329058647156 0.27973031997680664
v -0.32429856061935425 -0.8031336665153503 0.30065035820007324
v -0.3323270082473755 -0.8362036347389221 0.30016186833381653
v -0.36326736211776733 -0.7549520134925842 0.32806187868118286
v -0.3702808618545532 -0.7889404296875 0.33033034205436707
v -0.3510527014732361 -0.7949432134628296 0.32577091455459595
v -0.3439382314682007 -0.7616062164306641 0.32259127497673035
v -0.4276224970817566 -0.8176714777946472 0.24747812747955322
v -0.43331703543663025 -0.814517080783844 0.2718742787837982
v -0.4304320812225342 -0.7772789001464844 0.2724672555923462
v -0.42465120553970337 -0.7815927863121033 0.24622179567813873
v -0.3772180676460266 -0.7665196061134338 0.20856183767318726
v -0.3839133381843567 -0.7984270453453064 0.21092619001865387
v -0.40865471959114075 -0.7889271974563599 0.22207768261432648
v -0.40282076597213745 -0.756713330745697 0.21947528421878815
v -0.3536475598812103 -0.7729007601737976 0.21667689085006714
v -0.3610033094882965 -0.804339587688446 0.219127357006073
v -0.3562886714935303 -0.9061618447303772 0.29120832681655884
v -0.3518976867198944 -0.9102548956871033 0.275245726108551
v -0.33973509073257446 -0.8733320236206055 0.2781524360179901
v -0.344565212726593 -0.8702101111412048 0.2957310378551483
v -0.37786614894866943 -0.8237373232841492 0.3269772529602051
v -0.3849879205226898 -0.8600521683692932 0.319497674703598
v -0.3679555058479309 -0.8640751242637634 0.31621789932250977
v -0.35868310928344727 -0.828982412815094 0.32372188568115234
v -0.43052300810813904 -0.8952195048332214 0.2510983645915985
v -0.4342913031578064 -0.8930420875549316 0.2715623080730438
v -0.4343607425689697 -0.8535683155059814 0.27134472131729126
v -0.4292483627796173 -0.8557045459747314 0.2497674822807312
v -0.39857375621795654 -0.9041000604629517 0.22407597303390503
v -0.41875699162483215 -0.8987257480621338 0.23215597867965698
v -0.4155912697315216 -0.8599036335945129 0.22747614979743958
v -0.38113629817962646 -0.90920090675354 0.22921864688396454
v -0.3878940939903259 -0.9455181956291199 0.23147088289260864
v -0.4025222063064575 -0.9412010908126831 0.2271116077899933
v -0.3656078577041626 -0.94144207239151 0.2870323657989502
v -0.3633382320404053 -0.9442077279090881 0.27206507325172424
v -0.3809352517127991 -0.9360370635986328 0.3050101697444916
v -0.3757052421569824 -0.9002865552902222 0.3094162046909332
v -0.39062708616256714 -0.896542489528656 0.313202828168869
v -0.3945029675960541 -0.9319432377815247 0.30875739455223083
v -0.4218261241912842 -0.8939738869667053 0.30194956064224243
v -0.4229470491409302 -0.9294655919075012 0.2979252338409424
v -0.40966978669166565 -0.9296430945396423 0.3066420257091522
v -0.40691375732421875 -0.8943222165107727 0.31058457493782043
v -0.4332978427410126 -0.9292727112770081 0.27140864729881287
v -0.4298953413963318 -0.9289159774780273 0.28653258085250854
v -0.43107062578201294 -0.892790675163269 0.2893507480621338
v -0.4315279722213745 -0.9310965538024902 0.25192853808403015
v -0.4203464984893799 -0.9356421232223511 0.23418381810188293
v -0.18959316611289978 -0.3753383159637451 0.291555792093277
v -0.19953244924545288 -0.3794883191585541 0.30263885855674744
v -0.1894298791885376 -0.38964179158210754 0.276950865983963
v -0.1825927495956421 -0.38213813304901123 0.2658314108848572
v -0.22995084524154663 -0.4997279644012451 0.20197945833206177
v -0.22246795892715454 -0.4699976444244385 0.19468864798545837
v -0.24438637495040894 -0.5586610436439514 0.21663588285446167
v -0.23771093785762787 -0.5298840999603271 0.20799806714057922
v -0.2529517114162445 -0.5865038633346558 0.22495794296264648
v -0.2679988741874695 -0.6391862034797668 0.24263536930084229
v -0.2612263262271881 -0.6134315133094788 0.23397696018218994
v -0.2768676280975342 -0.6637880802154541 0.24868835508823395
v -0.2887588441371918 -0.6887224912643433 0.2515720725059509
v -0.30111148953437805 -0.7155981063842773 0.25148048996925354
v -0.3184843957424164 -0.7731215953826904 0.25392764806747437
v -0.31228208541870117 -0.7429945468902588 0.25210562348365784
v -0.3130224049091339 -0.7727092504501343 0.27702513337135315
v -0.3326971232891083 -0.8392408490180969 0.25641149282455444
v -0.32396960258483887 -0.8056143522262573 0.2555398643016815
v -0.3559424877166748 -0.9125456213951111 0.2573312222957611
v -0.34393787384033203 -0.8758280873298645 0.2570560574531555
v -0.36776119470596313 -0.9463393688201904 0.2555997967720032
v -0.22622931003570557 -0.3554230034351349 0.1527816504240036
v -0.22382131218910217 -0.33379247784614563 0.15129129588603973
v -0.20197781920433044 -0.3504800796508789 0.16408084332942963
v -0.203994482755661 -0.36735785007476807 0.1690075695514679
v -0.17052307724952698 -0.37209388613700867 0.2321908324956894
v -0.1732577085494995 -0.37221837043762207 0.23776249587535858
v -0.1726263016462326 -0.3708748519420624 0.22208966314792633
v -0.16896459460258484 -0.3701377809047699 0.21734417974948883
v -0.35788053274154663 -0.5979375839233398 0.20439690351486206
v -0.3510946035385132 -0.5533294677734375 0.29773950576782227
v -0.31323230266571045 -0.5586612224578857 0.31249043345451355
v -0.33332136273384094 -0.5553014874458313 0.30843067169189453
v -0.26926010847091675 -0.6158042550086975 0.20990313589572906
v -0.28558075428009033 -0.6132608652114868 0.189671128988266
v -0.28250354528427124 -0.5868514180183411 0.18248221278190613
v -0.26450878381729126 -0.5882879495620728 0.20123879611492157
v -0.34599629044532776 -0.745399534702301 0.21471482515335083
v -0.32585468888282776 -0.7454605102539062 0.23133035004138947
v -0.33428284525871277 -0.7742482423782349 0.23419848084449768
v -0.3395879864692688 -0.7202683687210083 0.21216590702533722
v -0.4079585075378418 -0.709686815738678 0.2937799096107483
v -0.39454004168510437 -0.71162348985672 0.3095942735671997
v -0.385212779045105 -0.7481547594070435 0.32519280910491943
v -0.37666434049606323 -0.715856671333313 0.3188568651676178
v -0.4049158990383148 -0.7434898614883423 0.3143947720527649
v -0.2536389231681824 -0.5329015851020813 0.18505433201789856
v -0.258828341960907 -0.5601712465286255 0.1933249831199646
v -0.2799604535102844 -0.5592780709266663 0.1765308678150177
v -0.27672669291496277 -0.5308446884155273 0.16908928751945496
v -0.2568179666996002 -0.007096253335475922 0.28176769614219666
v -0.26785141229629517 -0.013590577989816666 0.26336783170700073
v -0.2198057472705841 0.05741438269615173 0.10194821655750275
v -0.21107305586338043 0.04574595019221306 0.10016965866088867
v -0.21763978898525238 0.03848721459507942 0.11627443879842758
v -0.2297677993774414 0.05127733573317528 0.11992067098617554
v -0.23662512004375458 0.06537250429391861 0.1204567700624466
v -0.2252752184867859 0.07089325785636902 0.10219831764698029
v -0.23954267799854279 0.08123950660228729 0.12014580518007278
v -0.22809335589408875 0.0859132707118988 0.10274253785610199
v -0.23316338658332825 0.16352900862693787 0.10738679021596909
v -0.23316362500190735 0.1778917759656906 0.10316590964794159
v -0.11549191176891327 -0.007062973454594612 0.11111488938331604
v -0.11828328669071198 -0.027534112334251404 0.11074507981538773
v -0.14179223775863647 -0.022350285202264786 0.10764706879854202
v -0.17297710478305817 -0.17469367384910583 0.125019371509552
v -0.19878357648849487 -0.2504127323627472 0.1434735655784607
v -0.17577525973320007 -0.2569005489349365 0.1430061161518097
v -0.17374348640441895 -0.28353261947631836 0.1494840383529663
v -0.15606549382209778 -0.3461676836013794 0.18060757219791412
v -0.1527496725320816 -0.35836726427078247 0.19657646119594574
v -0.15965363383293152 -0.3700191080570221 0.21718861162662506
v -0.1647271066904068 -0.3736382722854614 0.23182696104049683
v -0.2032507061958313 0.05568976700305939 0.3153364658355713
v -0.2012389600276947 0.0812576487660408 0.3103897273540497
v -0.1236548125743866 0.2319396734237671 0.2657795250415802
v -0.14505250751972198 0.2394096553325653 0.26166826486587524
v -0.13747146725654602 0.2586391568183899 0.2507064938545227
v -0.11750316619873047 0.2519969344139099 0.25540074706077576
v -0.11340686678886414 0.2601669132709503 0.24900880455970764
v -0.1323358118534088 0.2658971846103668 0.2445240467786789
v -0.0944623053073883 0.3008674681186676 0.206741601228714
v -0.09933673590421677 0.29304787516593933 0.2165687382221222
v -0.17545762658119202 -0.37047794461250305 0.25518500804901123
v -0.17869973182678223 -0.37122204899787903 0.2650129497051239
v -0.17513790726661682 -0.3735520541667938 0.24472291767597198
v -0.19007277488708496 -0.39516741037368774 0.1984107941389084
v -0.18797355890274048 -0.3777047097682953 0.19057109951972961
v -0.17991212010383606 -0.38404664397239685 0.21579349040985107
v -0.18294233083724976 -0.39775341749191284 0.22347472608089447
v -0.3581029772758484 -0.32182660698890686 0.21538950502872467
v -0.3418142795562744 -0.3285925090312958 0.17904441058635712
v -0.29081159830093384 -0.3674902617931366 0.3348705768585205
v -0.3300914764404297 0.20885682106018066 -0.04979822039604187
v -0.3227384388446808 0.20746982097625732 -0.020608574151992798
v -0.3312738835811615 0.219419464468956 -0.021848678588867188
v -0.337379515171051 0.2206520438194275 -0.05183720588684082
v -0.19322559237480164 0.16152699291706085 0.29005515575408936
v -0.2045445442199707 0.13540038466453552 0.29296183586120605
v -0.14566034078598022 0.27241069078445435 0.12954112887382507
v -0.1752290427684784 0.2946232557296753 0.12156912684440613
v -0.17014048993587494 0.29153451323509216 0.1301823854446411
v -0.16428348422050476 0.27493393421173096 0.1104031354188919
v -0.1686582863330841 0.27769243717193604 0.10338026285171509
v -0.2316059172153473 0.2875869870185852 0.17826968431472778
v -0.22519034147262573 0.28302451968193054 0.19241002202033997
v -0.21421688795089722 0.29404380917549133 0.18172599375247955
v -0.21960431337356567 0.29692357778549194 0.16937056183815002
v -0.2604296803474426 -0.21460063755512238 0.39080601930618286
v -0.2324594259262085 -0.21757963299751282 0.3983624279499054
v -0.1962839812040329 -0.01751527562737465 0.3301614820957184
v -0.19107848405838013 0.0071737319231033325 0.32813888788223267
v -0.2105378806591034 0.005654158070683479 0.32160958647727966
v -0.21685154736042023 -0.018434882164001465 0.32357293367385864
v -0.22708287835121155 0.1504422277212143 0.2744365930557251
v -0.24122969806194305 0.13475841283798218 0.2656043469905853
v -0.10631231963634491 0.059014108031988144 0.07802627980709076
v -0.1181490570306778 0.06554655730724335 0.07033425569534302
v -0.11513061076402664 0.08307146281003952 0.07110704481601715
v -0.10237610340118408 0.07739074528217316 0.0768079161643982
v -0.3216446042060852 0.2478828877210617 0.014498323202133179
v -0.3266911506652832 0.2313881516456604 0.007729977369308472
v -0.31705936789512634 0.2262955605983734 0.03595833480358124
v -0.3153700530529022 0.2367905080318451 0.042701780796051025
v -0.3465700149536133 -0.33225375413894653 0.3005329966545105
v -0.3604685068130493 -0.31595104932785034 0.2608295679092407
v -0.2718258798122406 0.01696992851793766 0.2382868230342865
v -0.2718488872051239 -0.002798929810523987 0.24081233143806458
v -0.264201819896698 0.00611595343798399 0.2625589370727539
v -0.26466554403305054 0.026576802134513855 0.2604854702949524
v -0.26880985498428345 0.0707060694694519 0.21592018008232117
v -0.2685856819152832 0.05398561805486679 0.22486361861228943
v -0.2704007625579834 0.08744290471076965 0.20645010471343994
v -0.2766716182231903 0.202209010720253 0.11801256239414215
v -0.2732011675834656 0.19264604151248932 0.127410888671875
v -0.2777876853942871 0.1984277367591858 0.13252802193164825
v -0.20655086636543274 -0.3888966739177704 0.17492693662643433
v -0.1933664083480835 -0.3255939483642578 0.1583181619644165
v -0.18181653320789337 -0.3165763318538666 0.1550830602645874
v -0.1725086271762848 -0.3714126944541931 0.2462443709373474
v -0.1690337210893631 -0.37299978733062744 0.24399127066135406
v -0.12814483046531677 0.27140554785728455 0.11213384568691254
v -0.13382625579833984 0.2815193831920624 0.12596134841442108
v -0.28368598222732544 0.20593754947185516 0.05463111400604248
v -0.2750871181488037 0.2079721987247467 0.07682909071445465
v -0.26694631576538086 0.1649806797504425 0.14183907210826874
v -0.2661498785018921 0.17780417203903198 0.13196633756160736
v -0.25691697001457214 0.1759786605834961 0.12401173263788223
v -0.25673070549964905 0.1625167280435562 0.1320178359746933
v -0.27303582429885864 0.16998989880084991 0.15026786923408508
v -0.27211564779281616 0.1817263811826706 0.13885292410850525
v -0.18267588317394257 0.18895675241947174 0.0706934779882431
v -0.17946071922779083 0.2084878385066986 0.07081836462020874
v -0.17135247588157654 0.20771369338035583 0.07493188977241516
v -0.1744309663772583 0.18744423985481262 0.07250083982944489
v -0.16555222868919373 0.1810307502746582 0.07438740134239197
v -0.16383330523967743 0.20363357663154602 0.07816898822784424
v -0.1542677879333496 0.1966707408428192 0.08071170747280121
v -0.154816672205925 0.17426636815071106 0.07615813612937927
v -0.13952182233333588 0.24770741164684296 0.11369027197360992
v -0.12516890466213226 0.23120462894439697 0.10467381775379181
v -0.10989885777235031 0.218300461769104 0.09976683557033539
v -0.09596338868141174 0.20879419147968292 0.0972139835357666
v -0.10337836295366287 0.28536614775657654 0.22624637186527252
v -0.12309324741363525 0.28989115357398987 0.21749743819236755
v -0.12419731914997101 0.28105342388153076 0.22893692553043365
v -0.10677626729011536 0.277733713388443 0.23523341119289398
v -0.09052830934524536 0.27584946155548096 0.239233136177063
v -0.08707642555236816 0.2835630476474762 0.23055599629878998
v -0.11841671168804169 0.2558344006538391 0.10623079538345337
v -0.10469548404216766 0.24631795287132263 0.09832453727722168
v -0.09327338635921478 0.2298392653465271 0.09921608865261078
v -0.2542765140533447 0.2656300663948059 -0.06292298436164856
v -0.24599099159240723 0.26976513862609863 -0.03901857137680054
v -0.13223394751548767 0.30422934889793396 0.1561671495437622
v -0.13541601598262787 0.2938430905342102 0.14026382565498352
v -0.2694227695465088 0.2780962288379669 -0.06274127960205078
v -0.26129788160324097 0.2820306122303009 -0.03754711151123047
v -0.1613951474428177 0.2484375387430191 0.09823927283287048
v -0.1649453043937683 0.25392431020736694 0.09379574656486511
v -0.16030253469944 0.27048447728157043 0.11600612103939056
v -0.1168287992477417 0.26200994849205017 0.10167255997657776
v -0.1030779629945755 0.2547875642776489 0.09354199469089508
v -0.3489808142185211 -0.2890945374965668 0.2053637057542801
v -0.33264222741127014 -0.2984451949596405 0.1731429398059845
v -0.2723235785961151 -0.04175541549921036 0.19505023956298828
v -0.26242899894714355 -0.05297667533159256 0.173929363489151
v -0.09850504994392395 -0.0735248327255249 0.1160474419593811
v -0.10080108046531677 -0.09265290200710297 0.11841242015361786
v -0.12203259766101837 -0.09000574052333832 0.11342184245586395
v -0.12081467360258102 -0.07006791979074478 0.11081475764513016
v -0.09303425252437592 -0.011935370042920113 0.11700589209794998
v -0.0949743241071701 -0.03139587119221687 0.11715535074472427
v -0.07734031975269318 0.25554656982421875 0.08155800402164459
v -0.14704643189907074 -0.12418699264526367 0.11613688617944717
v -0.14484839141368866 -0.10496857762336731 0.11478881537914276
v -0.12366434931755066 -0.10998030751943588 0.11791802197694778
v -0.12633831799030304 -0.1308085322380066 0.11994326114654541
v -0.12149322032928467 -0.15460002422332764 0.12418417632579803
v -0.1215246170759201 -0.16438455879688263 0.12535230815410614
v -0.1561027467250824 -0.3027864992618561 0.15579143166542053
v -0.14660482108592987 -0.3034646213054657 0.15868282318115234
v -0.21350550651550293 0.24347537755966187 0.024408847093582153
v -0.2125823199748993 0.2641981840133667 0.02064347267150879
v -0.20521265268325806 0.26624518632888794 0.034201234579086304
v -0.20781636238098145 0.24521735310554504 0.036275848746299744
v -0.1883608102798462 -0.11013476550579071 0.12507584691047668
v -0.16714656352996826 -0.11738033592700958 0.11764958500862122
v -0.22574281692504883 0.14953851699829102 0.09648264944553375
v -0.23539888858795166 0.14846518635749817 0.11217399686574936
v -0.11039640009403229 0.012415256351232529 0.10527300834655762
v -0.13054560124874115 0.07277432084083557 0.06517288088798523
v -0.12847170233726501 0.08895273506641388 0.06630277633666992
v -0.14360354840755463 0.07874450087547302 0.062241747975349426
v -0.14191362261772156 0.09476780891418457 0.06363663077354431
v -0.17313890159130096 -0.37076178193092346 0.2568824589252472
v -0.17498350143432617 -0.36754289269447327 0.25847378373146057
v -0.2823600172996521 0.28692424297332764 0.06884856522083282
v -0.2874232232570648 0.2786323130130768 0.06998512148857117
v -0.2855411767959595 0.2772045135498047 0.08579458296298981
v -0.28045880794525146 0.28673115372657776 0.08428266644477844
v -0.18907912075519562 -0.41181984543800354 0.25907763838768005
v -0.18356439471244812 -0.39598602056503296 0.24988411366939545
v -0.210624560713768 -0.3695834279060364 0.32106834650039673
v -0.1946609616279602 -0.36953380703926086 0.3073933720588684
v -0.19274918735027313 -0.3610016703605652 0.31755906343460083
v -0.19410336017608643 -0.3583637773990631 0.32758837938308716
v -0.23858924210071564 -0.44163084030151367 0.16408272087574005
v -0.23448127508163452 -0.4098145663738251 0.1586117148399353
v -0.24378007650375366 -0.4725339412689209 0.17063820362091064
v -0.24848654866218567 -0.5030482411384583 0.17739489674568176
v -0.2992187440395355 -0.6891799569129944 0.23184266686439514
v -0.3150978088378906 -0.7160164713859558 0.2275230586528778
v -0.3417089283466339 -0.8060509562492371 0.23625677824020386
v -0.349483847618103 -0.8397171497344971 0.23819774389266968
v -0.3581198453903198 -0.8754653930664062 0.24037308990955353
v -0.37654510140419006 -0.9473302364349365 0.2424161285161972
v -0.3674720823764801 -0.9125517010688782 0.24181872606277466
v -0.2859097123146057 0.2825130522251129 -0.0633181631565094
v -0.30346810817718506 0.28180932998657227 -0.06430742144584656
v -0.2968432307243347 0.2836848795413971 -0.03427153825759888
v -0.2786863446235657 0.28658527135849 -0.03467258810997009
v -0.2884044051170349 0.19709187746047974 0.004484698176383972
v -0.2967031002044678 0.19581693410873413 -0.02010086178779602
v -0.28172874450683594 0.1954723298549652 -0.02172103524208069
v -0.2729438841342926 0.1978970766067505 0.002970397472381592
v -0.3059415817260742 0.19484522938728333 -0.04602357745170593
v -0.3108406066894531 0.19944728910923004 -0.019464462995529175
v -0.31937339901924133 0.20053285360336304 -0.047414809465408325
v -0.33914488554000854 0.235983207821846 -0.053788065910339355
v -0.3339393734931946 0.23393438756465912 -0.022893905639648438
v -0.3301848769187927 0.2502492070198059 -0.023664385080337524
v -0.3354816138744354 0.2510439455509186 -0.05659669637680054
v -0.3177444338798523 0.2749673128128052 -0.06311893463134766
v -0.3286225199699402 0.26388585567474365 -0.06026214361190796
v -0.3229820132255554 0.2646508514881134 -0.029471129179000854
v -0.3110593855381012 0.27625465393066406 -0.033771246671676636
v -0.26121461391448975 0.20217162370681763 -0.052726417779922485
v -0.2519237995147705 0.20453913509845734 -0.027330011129379272
v -0.2658989429473877 0.19808125495910645 -0.02439206838607788
v -0.27504876255989075 0.19587023556232452 -0.049511730670928955
v -0.2196984887123108 0.28325966000556946 0.019789040088653564
v -0.21213693916797638 0.28630298376083374 0.034781113266944885
v -0.22654739022254944 0.19390255212783813 0.08567482233047485
v -0.23073945939540863 0.20417198538780212 0.08390538394451141
v -0.21840737760066986 0.20883359014987946 0.06797550618648529
v -0.2158931940793991 0.20245251059532166 0.07117082178592682
v -0.22849303483963013 0.2554810047149658 -0.0130995512008667
v -0.23786447942256927 0.2741144001483917 -0.01603741943836212
v -0.22837162017822266 0.27846476435661316 0.004333749413490295
v -0.2200762778520584 0.2597883641719818 0.005956470966339111
v -0.24402451515197754 0.20737943053245544 -0.002856150269508362
v -0.2362804263830185 0.20997941493988037 0.019799068570137024
v -0.24978777766227722 0.20382893085479736 0.024084776639938354
v -0.25768983364105225 0.20106084644794464 0.00020372867584228516
v -0.3127950429916382 0.21395106613636017 0.03539116680622101
v -0.3231472671031952 0.2164829671382904 0.007821440696716309
v -0.21600639820098877 0.22644317150115967 0.0451183021068573
v -0.22026480734348297 0.22448988258838654 0.030838117003440857
v -0.22689467668533325 0.1349201500415802 0.1002783477306366
v -0.25715845823287964 0.14991384744644165 0.13787344098091125
v -0.25796377658843994 0.13652577996253967 0.14348313212394714
v -0.20536357164382935 0.055408917367458344 0.08524906635284424
v -0.20144426822662354 0.06755391508340836 0.07557256519794464
v -0.25231224298477173 0.1007712334394455 0.13717389106750488
v -0.2536235451698303 0.08144278079271317 0.13991475105285645
v -0.20708206295967102 0.0710991770029068 0.07921846210956573
v -0.21205908060073853 0.06457945704460144 0.08709996938705444
v -0.18436628580093384 -0.011895008385181427 0.11492788046598434
v -0.09438364207744598 0.21957747638225555 0.10032077133655548
v -0.2255072444677353 0.22246555984020233 0.014872625470161438
v -0.21983793377876282 0.24013622105121613 0.00945889949798584
v -0.30828675627708435 0.23049135506153107 0.06399419903755188
v -0.3073105216026306 0.22114324569702148 0.06173229217529297
v -0.2976408004760742 0.21794940531253815 0.08392965793609619
v -0.3005942106246948 0.2255242019891739 0.08393684029579163
v -0.25693607330322266 0.17798420786857605 0.23302999138832092
v -0.2647337317466736 0.16485758125782013 0.22734707593917847
v -0.2538122534751892 0.148952454328537 0.24846842885017395
v -0.2444572150707245 0.16316480934619904 0.25626420974731445
v -0.27064085006713867 0.29934024810791016 0.060472190380096436
v -0.26680439710617065 0.30183300375938416 0.07585863769054413
v -0.25574102997779846 0.3061877489089966 0.06510007381439209
v -0.261093407869339 0.30235010385513306 0.049306631088256836
v -0.24169588088989258 0.3069058656692505 0.05387312173843384
v -0.22571593523025513 0.3021458089351654 0.04269886016845703
v -0.23349225521087646 0.29739439487457275 0.027226150035858154
v -0.2489452064037323 0.30265378952026367 0.038607269525527954
v -0.34327858686447144 -0.25097107887268066 0.23034465312957764
v -0.34238964319229126 -0.244439959526062 0.2646767497062683
v -0.23434537649154663 -0.14409030973911285 0.1474180817604065
v -0.2554279565811157 -0.13271605968475342 0.1588324010372162
v -0.2259124368429184 -0.23571714758872986 0.14475828409194946
v -0.17620256543159485 -0.369088739156723 0.2066849172115326
v -0.18387693166732788 -0.35657086968421936 0.1802186220884323
v -0.19831427931785583 -0.4352802634239197 0.2689489424228668
v -0.33792823553085327 -0.2600456774234772 0.1999131590127945
v -0.22460594773292542 -0.4916343688964844 0.27915504574775696
v -0.21099622547626495 -0.4631362855434418 0.27501705288887024
v -0.2852135896682739 -0.4799993932247162 0.32634928822517395
v -0.27351051568984985 -0.44995543360710144 0.32884329557418823
v -0.30388253927230835 -0.44780629873275757 0.32593587040901184
v -0.3122793138027191 -0.47656023502349854 0.3234468698501587
v -0.3316812813282013 -0.4454633295536041 0.3137093782424927
v -0.3373609781265259 -0.4739152491092682 0.31135720014572144
v -0.3074747920036316 -0.5556507706642151 0.17158588767051697
v -0.3921995460987091 -0.7830575704574585 0.3270025849342346
v -0.4160316586494446 -0.8161618709564209 0.3127872347831726
v -0.3981209099292755 -0.8195472955703735 0.32348254323005676
v -0.4119986593723297 -0.7783904671669006 0.31550171971321106
v -0.41847169399261475 -0.7414230108261108 0.2961727976799011
v -0.4253690242767334 -0.776146650314331 0.29664406180381775
v -0.4121282696723938 -0.8232372999191284 0.22426554560661316
v -0.403093159198761 -0.8568158745765686 0.31654590368270874
v -0.4192788898944855 -0.8552512526512146 0.30705007910728455
v -0.4290730059146881 -0.813916027545929 0.29443132877349854
v -0.4309220016002655 -0.8533478379249573 0.29157671332359314
v -0.1797148585319519 -0.3848767578601837 0.2403622567653656
v -0.1967957317829132 -0.35330909490585327 0.3419778347015381
v -0.30591145157814026 -0.3035696744918823 0.15158295631408691
v -0.3143014907836914 -0.3327491283416748 0.15282854437828064
v -0.2197389006614685 -0.31620168685913086 0.1507681906223297
v -0.24330590665340424 -0.29950788617134094 0.14515633881092072
v -0.2292563021183014 -0.07616358995437622 0.14575380086898804
v -0.20923250913619995 -0.08421239256858826 0.1356385350227356
v -0.2262207269668579 -0.03694172203540802 0.1419445276260376
v -0.22867557406425476 -0.05778629332780838 0.14464139938354492
v -0.24547535181045532 -0.04644350707530975 0.1568867266178131
v -0.24330975115299225 -0.026411190629005432 0.1542978435754776
v -0.267281174659729 -0.004394061863422394 0.19100156426429749
v -0.2691468596458435 -0.023803725838661194 0.19381271302700043
v -0.27326685190200806 -0.013289127498865128 0.21722181141376495
v -0.272727906703949 0.006896426901221275 0.21423761546611786
v -0.2756768465042114 -0.021781370043754578 0.2417016178369522
v -0.27739226818084717 -0.03142698109149933 0.21806375682353973
v -0.22399374842643738 0.02545057237148285 0.30841320753097534
v -0.222367063164711 0.05070297420024872 0.3054371476173401
v -0.2388942390680313 0.044173434376716614 0.29368579387664795
v -0.23940007388591766 0.02069173753261566 0.2956756353378296
v -0.16812700033187866 -0.3076607286930084 0.15358714759349823
v -0.17456886172294617 -0.37270569801330566 0.227456733584404
v -0.2298741489648819 -0.38107991218566895 0.1547633409500122
v -0.2542117238044739 -0.34400689601898193 0.1423332840204239
v -0.28428858518600464 -0.3381626009941101 0.1407713145017624
v -0.2647748589515686 0.20889899134635925 0.07350461184978485
v -0.2730085253715515 0.19563868641853333 0.18032482266426086
v -0.2702144384384155 0.2077755331993103 0.18057340383529663
v -0.24238568544387817 0.29152125120162964 0.008349910378456116
v -0.25779277086257935 0.2968909740447998 0.01907852292060852
v -0.2300010323524475 0.21203260123729706 0.038967907428741455
v -0.1997152864933014 0.26818209886550903 0.04449233412742615
v -0.19726520776748657 0.24749521911144257 0.05314508080482483
v -0.20259185135364532 0.24644587934017181 0.04645231366157532
v -0.25730112195014954 -0.2417295277118683 0.15041804313659668
v -0.26384180784225464 -0.26477378606796265 0.14764899015426636
v -0.2899911403656006 -0.2525585889816284 0.15438249707221985
v -0.18793372809886932 -0.36902621388435364 0.29432108998298645
v -0.18918509781360626 -0.3646981716156006 0.30107802152633667
v -0.1998290717601776 -0.33675357699394226 0.16013279557228088
v -0.2474023997783661 -0.5474998950958252 0.285577654838562
v -0.23639485239982605 -0.5201069712638855 0.2819349765777588
v -0.2570945918560028 -0.5736132860183716 0.2897146940231323
v -0.2663363218307495 -0.598755955696106 0.29352521896362305
v -0.27648961544036865 -0.6231597661972046 0.29744911193847656
v -0.2894951403141022 -0.6476117968559265 0.2999686002731323
v -0.3040938973426819 -0.6725016236305237 0.2980194687843323
v -0.31567829847335815 -0.7016700506210327 0.3013296127319336
v -0.3179648220539093 -0.7705077528953552 0.2977146506309509
v -0.3224261999130249 -0.7337775230407715 0.3073374927043915
v -0.32876837253570557 -0.7663788795471191 0.3125832676887512
v -0.33566921949386597 -0.7996115684509277 0.3155207633972168
v -0.3546394407749176 -0.8674178719520569 0.30781498551368713
v -0.34349632263183594 -0.8329887986183167 0.31420430541038513
v -0.3645518720149994 -0.9029385447502136 0.3021721839904785
v -0.3726024031639099 -0.9388864040374756 0.2983997166156769
v -0.17806844413280487 -0.3692995309829712 0.26745903491973877
v -0.18281182646751404 -0.3687535524368286 0.2809102237224579
v -0.15654818713665009 0.24256715178489685 0.10148000717163086
v -0.2438647449016571 0.16268013417720795 0.1211535632610321
v -0.24479740858078003 0.1761997491121292 0.11545053869485855
v -0.22529783844947815 0.21325762569904327 0.053485751152038574
v -0.19982513785362244 -0.34196335077285767 0.3568805456161499
v -0.20134058594703674 -0.32529738545417786 0.3712986707687378
v -0.3054468631744385 0.27423498034477234 -0.004984647035598755
v -0.2916679084300995 0.2839386463165283 -0.005098119378089905
v -0.2437645047903061 0.20784078538417816 0.04617157578468323
v -0.23640108108520508 0.19138330221176147 0.10181084275245667
v -0.24139007925987244 0.2024151086807251 0.09718513488769531
v -0.18903696537017822 0.22505277395248413 -0.12112981081008911
v -0.1727842092514038 0.21420681476593018 -0.11792108416557312
v -0.1709476113319397 0.21598003804683685 -0.12934228777885437
v -0.18815511465072632 0.2262047827243805 -0.1337776780128479
v -0.19306987524032593 0.21865840256214142 -0.11038452386856079
v -0.17742037773132324 0.20796577632427216 -0.108469158411026
v -0.22346824407577515 0.16159892082214355 -0.11194545030593872
v -0.2039579153060913 0.15418794751167297 -0.11372163891792297
v -0.20056045055389404 0.16459885239601135 -0.10502028465270996
v -0.21925431489944458 0.17309141159057617 -0.10376682877540588
v -0.16775977611541748 0.18928790092468262 -0.10049530863761902
v -0.18334388732910156 0.19915220141410828 -0.1017032265663147
v -0.189969003200531 0.18834646046161652 -0.09929093718528748
v -0.17340683937072754 0.17885766923427582 -0.09880009293556213
v -0.22485965490341187 0.15395790338516235 -0.1406833827495575
v -0.24576836824417114 0.15985941886901855 -0.13949203491210938
v -0.2435036301612854 0.1651880145072937 -0.15337267518043518
v -0.22224819660186768 0.15986324846744537 -0.1532144546508789
v -0.28885695338249207 0.19958148896694183 -0.1067933440208435
v -0.29524165391921997 0.20562119781970978 -0.10688826441764832
v -0.30406418442726135 0.1958315521478653 -0.1125861406326294
v -0.2960885465145111 0.18939641118049622 -0.11407527327537537
v -0.22243428230285645 0.24624288082122803 -0.12687590718269348
v -0.20550256967544556 0.23575156927108765 -0.12399452924728394
v -0.20617610216140747 0.23637980222702026 -0.13774052262306213
v -0.22607582807540894 0.2451338768005371 -0.14143916964530945
v -0.23866242170333862 0.2180982083082199 -0.09729170799255371
v -0.2544492483139038 0.2278774529695511 -0.0979156494140625
v -0.26290956139564514 0.21461862325668335 -0.09756159782409668
v -0.2475903034210205 0.20428615808486938 -0.09740138053894043
v -0.2467324137687683 0.25199025869369507 -0.1436208188533783
v -0.2412225604057312 0.25543129444122314 -0.13041123747825623
v -0.2065700888633728 0.19802242517471313 -0.09896066784858704
v -0.22271990776062012 0.20814019441604614 -0.09769821166992188
v -0.230959951877594 0.1949620097875595 -0.09811335802078247
v -0.21360188722610474 0.18563400208950043 -0.09973657131195068
v -0.18449318408966064 0.1439603567123413 -0.13830247521400452
v -0.20435839891433716 0.14891952276229858 -0.14020571112632751
v -0.20168644189834595 0.1552456021308899 -0.15131282806396484
v -0.18148714303970337 0.1503739058971405 -0.14812645316123962
v -0.17824524641036987 0.1677824854850769 -0.10088032484054565
v -0.19598203897476196 0.17665353417396545 -0.10039842128753662
v -0.18218976259231567 0.15648208558559418 -0.10584515333175659
v -0.15886622667312622 0.1937258541584015 -0.14549031853675842
v -0.1780216097831726 0.20231948792934418 -0.15168580412864685
v -0.1730823516845703 0.2117508500814438 -0.1411270797252655
v -0.15517491102218628 0.20237301290035248 -0.13582077622413635
v -0.2607877850532532 0.17977701127529144 -0.10799312591552734
v -0.24269062280654907 0.17061340808868408 -0.11010032892227173
v -0.23763221502304077 0.18217970430850983 -0.10229384899139404
v -0.25497567653656006 0.19141100347042084 -0.10089355707168579
v -0.22492694854736328 0.24068787693977356 -0.11267656087875366
v -0.20885807275772095 0.2300119400024414 -0.11145463585853577
v -0.19792628288269043 0.21038775146007538 -0.1580159068107605
v -0.21918070316314697 0.21788044273853302 -0.16330015659332275
v -0.2114914059638977 0.22940893471240997 -0.15091639757156372
v -0.19201624393463135 0.22074255347251892 -0.1462658941745758
v -0.2504754662513733 0.2096657007932663 -0.1719449758529663
v -0.2274000644683838 0.20376136898994446 -0.1687563955783844
v -0.23462802171707153 0.18896931409835815 -0.1684110462665558
v -0.2577090859413147 0.194472998380661 -0.17027360200881958
v -0.2826838195323944 0.1799481064081192 -0.11656272411346436
v -0.2766072452068329 0.1899997591972351 -0.10670128464698792
v -0.26678162813186646 0.16681741178035736 -0.13632836937904358
v -0.2867898643016815 0.17399580776691437 -0.13211539387702942
v -0.28799423575401306 0.17693492770195007 -0.1485961377620697
v -0.26579415798187256 0.17102308571338654 -0.15194684267044067
v -0.26705846190452576 0.25754475593566895 -0.11019590497016907
v -0.25879529118537903 0.2508388161659241 -0.10636124014854431
v -0.255827397108078 0.2601340115070343 -0.11850783228874207
v -0.2674003541469574 0.2667808532714844 -0.1211724579334259
v -0.25866761803627014 0.2625216841697693 -0.13240733742713928
v -0.273369699716568 0.2687550187110901 -0.13324055075645447
v -0.30403637886047363 0.27232614159584045 -0.13481801748275757
v -0.2966413199901581 0.26888221502304077 -0.14032712578773499
v -0.3108198940753937 0.2626844346523285 -0.1459348499774933
v -0.3176989257335663 0.26507169008255005 -0.13726073503494263
v -0.30038177967071533 0.22002027928829193 -0.1743510663509369
v -0.27530938386917114 0.21465300023555756 -0.17419344186782837
v -0.2826973497867584 0.19885608553886414 -0.17033687233924866
v -0.30861151218414307 0.204252690076828 -0.16860148310661316
v -0.3285072445869446 0.19627244770526886 -0.14891499280929565
v -0.3106137812137604 0.19185535609722137 -0.15677034854888916
v -0.30816274881362915 0.18372538685798645 -0.14269623160362244
v -0.32205408811569214 0.1889871209859848 -0.1359257996082306
v -0.33401888608932495 0.20324373245239258 -0.09607920050621033
v -0.33692118525505066 0.20195618271827698 -0.1132802665233612
v -0.3263377845287323 0.19553142786026 -0.10825225710868835
v -0.32298800349235535 0.1960935890674591 -0.0932106077671051
v -0.2987538278102875 0.1958993673324585 -0.10192438960075378
v -0.2866411507129669 0.20333310961723328 -0.10214582085609436
v -0.27978548407554626 0.2004614919424057 -0.09198066592216492
v -0.2933305501937866 0.19428330659866333 -0.08999457955360413
v -0.2698732316493988 0.2621596157550812 -0.10642218589782715
v -0.2727401554584503 0.26317650079727173 -0.11308345198631287
v -0.28180992603302 0.27484163641929626 -0.11761808395385742
v -0.28196167945861816 0.2745131254196167 -0.1076892614364624
v -0.32220327854156494 0.22430124878883362 -0.17187392711639404
v -0.3322606682777405 0.20796754956245422 -0.1623075306415558
v -0.30346930027008057 0.19899499416351318 -0.10835987329483032
v -0.30654430389404297 0.19915929436683655 -0.11147090792655945
v -0.2968062162399292 0.20814813673496246 -0.10777398943901062
v -0.2921733260154724 0.20712099969387054 -0.10668829083442688
v -0.27530601620674133 0.2311994433403015 -0.10949006676673889
v -0.27915507555007935 0.23215672373771667 -0.10735467076301575
v -0.2735021412372589 0.2471694052219391 -0.10903880000114441
v -0.2726849317550659 0.2472744733095169 -0.11163458228111267
v -0.27346768975257874 0.2632702589035034 -0.11632400751113892
v -0.27156803011894226 0.26207393407821655 -0.11440005898475647
v -0.2745911777019501 0.27234721183776855 -0.12317809462547302
v -0.2793270945549011 0.27478012442588806 -0.12300631403923035
v -0.33347088098526 0.22950206696987152 -0.16495272517204285
v -0.3410685658454895 0.23158705234527588 -0.1536727249622345
v -0.3337711691856384 0.2456222027540207 -0.15377923846244812
v -0.324593186378479 0.24422290921211243 -0.1635708510875702
v -0.3288887143135071 0.1924331784248352 -0.12867894768714905
v -0.33649787306785583 0.19912610948085785 -0.13844043016433716
v -0.27960386872291565 0.22866113483905792 -0.10374504327774048
v -0.2875608801841736 0.21935737133026123 -0.10687670111656189
v -0.2876342833042145 0.21700331568717957 -0.10460790991783142
v -0.28330305218696594 0.2745102047920227 -0.1324951946735382
v -0.34197336435317993 0.2118152678012848 -0.09970089793205261
v -0.33773499727249146 0.21104121208190918 -0.07808986306190491
v -0.34334373474121094 0.22280815243721008 -0.08074003458023071
v -0.34725677967071533 0.22279389202594757 -0.10236555337905884
v -0.32800525426864624 0.2017139494419098 -0.07541009783744812
v -0.3157010078430176 0.19568008184432983 -0.07260975241661072
v -0.2707640528678894 0.20003753900527954 -0.07557517290115356
v -0.2844662368297577 0.19393159449100494 -0.07314935326576233
v -0.2600792348384857 0.2115241140127182 -0.07905173301696777
v -0.2689741849899292 0.21177001297473907 -0.09560084342956543
v -0.2622356414794922 0.22613254189491272 -0.09913051128387451
v -0.25373053550720215 0.22653159499168396 -0.08201423287391663
v -0.2636595368385315 0.2626706063747406 -0.08633244037628174
v -0.2774074077606201 0.2752598524093628 -0.0878465473651886
v -0.2962735891342163 0.2777685523033142 -0.11010363698005676
v -0.29329782724380493 0.27996140718460083 -0.08967453241348267
v -0.3125273883342743 0.19373854994773865 -0.1044054925441742
v -0.3162885308265686 0.1944812834262848 -0.11307117342948914
v -0.20549678802490234 0.19680964946746826 -0.16504201292991638
v -0.18441694974899292 0.18999263644218445 -0.15896183252334595
v -0.19129878282546997 0.1771048605442047 -0.16084283590316772
v -0.21254050731658936 0.18319615721702576 -0.16558867692947388
v -0.1973046064376831 0.16530242562294006 -0.15817609429359436
v -0.1770077347755432 0.16004270315170288 -0.15398943424224854
v -0.2148483395576477 0.22017689049243927 -0.10282635688781738
v -0.19925695657730103 0.2094162106513977 -0.10258647799491882
v -0.16219264268875122 0.1979871243238449 -0.10574871301651001
v -0.2719218134880066 0.2427174150943756 -0.10431328415870667
v -0.26579707860946655 0.23658162355422974 -0.10032138228416443
v -0.33017635345458984 0.2573976516723633 -0.14030319452285767
v -0.3335324227809906 0.25873467326164246 -0.12703827023506165
v -0.32178592681884766 0.2670944929122925 -0.12610465288162231
v -0.309924453496933 0.2422194480895996 -0.17004022002220154
v -0.30186232924461365 0.25713592767715454 -0.1552426815032959
v -0.2788364887237549 0.2498561441898346 -0.1566804051399231
v -0.2895604372024536 0.23785245418548584 -0.17044445872306824
v -0.34583932161331177 0.2329385131597519 -0.13948556780815125
v -0.3482920527458191 0.23416420817375183 -0.12386161088943481
v -0.3431304693222046 0.24762189388275146 -0.12566688656806946
v -0.3397945761680603 0.24654529988765717 -0.14078795909881592
v -0.2628093957901001 0.24399006366729736 -0.10308289527893066
v -0.2686563730239868 0.24560996890068054 -0.10981416702270508
v -0.3229278326034546 0.2725028097629547 -0.09075561165809631
v -0.3092937767505646 0.2777121961116791 -0.09239664673805237
v -0.31008854508399963 0.2752167582511902 -0.11214807629585266
v -0.322709321975708 0.2693870961666107 -0.11181282997131348
v -0.30843037366867065 0.2739691436290741 -0.12519779801368713
v -0.33313101530075073 0.2625895142555237 -0.08807384967803955
v -0.3342331349849701 0.2605094313621521 -0.11061200499534607
v -0.25475916266441345 0.24460682272911072 -0.08435595035552979
v -0.34705179929733276 0.23572948575019836 -0.10568878054618835
v -0.34394973516464233 0.23657135665416718 -0.0827144980430603
v -0.3401902914047241 0.25059258937835693 -0.08534955978393555
v -0.3425200581550598 0.248989075422287 -0.10793033242225647
v -0.21834689378738403 0.17063826322555542 -0.16126492619514465
v -0.24005472660064697 0.1759001761674881 -0.1629425585269928
v -0.31373366713523865 0.18834172189235687 -0.122804194688797
v -0.30349043011665344 0.18174108862876892 -0.12693741917610168
v -0.3174978494644165 0.19285933673381805 -0.11897876858711243
v -0.22573959827423096 0.15441611409187317 -0.1255171298980713
v -0.20542669296264648 0.14813706278800964 -0.1263393759727478
v -0.26513445377349854 0.16967111825942993 -0.1203567385673523
v -0.2457636594772339 0.16177219152450562 -0.12321332097053528
v -0.24196654558181763 0.22475051879882812 -0.16678372025489807
v -0.343982994556427 0.2090977430343628 -0.13308146595954895
v -0.34149229526519775 0.2083103209733963 -0.14586105942726135
v -0.3386170268058777 0.20028378069400787 -0.12706699967384338
v -0.30001357197761536 0.19260171055793762 -0.0712314248085022
v -0.30863451957702637 0.193353533744812 -0.09074276685714722
v -0.339644193649292 0.21863597631454468 -0.15966537594795227
v -0.2900654673576355 0.19353434443473816 -0.04667067527770996
v -0.28583666682243347 0.26344171166419983 -0.14365461468696594
v -0.2945002615451813 0.27758660912513733 -0.12219563126564026
v -0.2901952266693115 0.2770894765853882 -0.13005322217941284
v -0.15426898002624512 0.20634935796260834 -0.12477675080299377
v -0.23048138618469238 0.2306487262248993 -0.10280093550682068
v -0.2750505805015564 0.22228088974952698 -0.10224688053131104
v -0.2817322015762329 0.21068523824214935 -0.1031704843044281
v -0.3437882363796234 0.21034295856952667 -0.1188884973526001
v -0.34827911853790283 0.22046373784542084 -0.12236958742141724
v -0.3468964099884033 0.21918132901191711 -0.13764524459838867
v -0.27616921067237854 0.2147301733493805 -0.10437077283859253
v -0.2687990963459015 0.22782336175441742 -0.10711389780044556
v -0.1858668327331543 0.14281848073005676 -0.12628817558288574
v -0.2828163504600525 0.2182118147611618 -0.10732367634773254
v -0.2676224410533905 0.2574903964996338 -0.1448725163936615
v -0.12067406624555588 0.2423049360513687 0.2609342932701111
v -0.10405348986387253 0.22880521416664124 0.26675349473953247
v -0.10147898644208908 0.2383764535188675 0.2609737515449524
v -0.25148075819015503 0.06357572972774506 0.14252156019210815
v -0.211147278547287 0.020039502531290054 0.12494932115077972
v -0.22670385241508484 0.02923215553164482 0.1335425078868866
v -0.24564437568187714 0.14915494620800018 0.1250332146883011
v -0.24663230776786804 0.13412851095199585 0.1303015947341919
v -0.2509377896785736 0.1981727033853531 0.1016017496585846
v -0.24747437238693237 0.1882186383008957 0.10960811376571655
v -0.23985116183757782 0.0991087481379509 0.1192559078335762
v -0.16206374764442444 0.4121438264846802 0.11721406131982803
v -0.15860635042190552 0.40619775652885437 0.12105683982372284
v -0.1660158932209015 0.4251871407032013 0.11522404849529266
v -0.11835478246212006 -0.1436891108751297 0.12467168271541595
v -0.11032193899154663 -0.16678564250469208 0.13039067387580872
v -0.1113230288028717 -0.17694297432899475 0.13063554465770721
v -0.16031408309936523 0.3931887149810791 0.10542884469032288
v -0.15725767612457275 0.38907355070114136 0.11092167347669601
v -0.16159605979919434 0.3904355466365814 0.10812999308109283
v -0.1608247607946396 0.3945343792438507 0.1029733419418335
v -0.16022244095802307 0.39370253682136536 0.10337936878204346
v -0.16802680492401123 0.42534080147743225 0.10452583432197571
v -0.15501752495765686 0.3993881642818451 0.12222209572792053
v -0.15134036540985107 0.3907151222229004 0.12221823632717133
v -0.16481050848960876 0.41043221950531006 0.10144686698913574
v -0.21940544247627258 -0.09331588447093964 0.3409632742404938
v -0.22838151454925537 -0.11305549740791321 0.34699681401252747
v -0.2046005129814148 -0.11569130420684814 0.3554410934448242
v -0.1966862976551056 -0.09611834585666656 0.3482320308685303
v -0.18350613117218018 -0.13465499877929688 0.3720952868461609
v -0.17759846150875092 -0.11712457239627838 0.36311233043670654
v -0.2129790484905243 -0.13500753045082092 0.3645946681499481
v -0.318773478269577 -0.1607145518064499 0.30744466185569763
v -0.3112381100654602 -0.13928867876529694 0.3024004399776459
v -0.31889715790748596 -0.13846845924854279 0.27558398246765137
v -0.3262815475463867 -0.15929581224918365 0.2790365219116211
v -0.3132146894931793 -0.12432414293289185 0.24593773484230042
v -0.3209106922149658 -0.14080087840557098 0.24704374372959137
v -0.31043773889541626 -0.12058009207248688 0.2729032635688782
v -0.3092826008796692 -0.13091439008712769 0.21824043989181519
v -0.31590789556503296 -0.148098886013031 0.21932493150234222
v -0.2985406219959259 -0.14065143465995789 0.19467058777809143
v -0.30586040019989014 -0.15863755345344543 0.19518384337425232
v -0.29105186462402344 -0.17087475955486298 0.17522455751895905
v -0.27107536792755127 -0.18452581763267517 0.16026979684829712
v -0.25244659185409546 -0.2203240841627121 0.1509166657924652
v -0.24686594307422638 -0.1987723857164383 0.14990480244159698
v -0.22264431416988373 -0.21236032247543335 0.1427949219942093
v -0.19830815494060516 -0.22397728264331818 0.13867536187171936
v -0.17573203146457672 -0.23142576217651367 0.13729366660118103
v -0.15636079013347626 -0.23761728405952454 0.13957738876342773
v -0.1394672989845276 -0.24188736081123352 0.14288286864757538
v -0.12509159743785858 -0.24522241950035095 0.14816807210445404
v -0.1300739347934723 -0.2673037052154541 0.15382114052772522
v -0.15425211191177368 0.21965345740318298 0.08863022923469543
v -0.1578194946050644 0.3049471974372864 0.1832251250743866
v -0.16421499848365784 0.30228862166404724 0.16000519692897797
v -0.16724570095539093 0.3034241497516632 0.18193116784095764
v -0.21715544164180756 0.2771088480949402 0.20963898301124573
v -0.20555435121059418 0.26923897862434387 0.2276199758052826
v -0.19835728406906128 0.27974605560302734 0.2185613512992859
v -0.20727866888046265 0.28913572430610657 0.1972205638885498
v -0.1562434881925583 0.29797592759132385 0.1992781162261963
v -0.14924700558185577 0.29825472831726074 0.1982550323009491
v -0.16586686670780182 0.29663869738578796 0.20148196816444397
v -0.15826073288917542 0.2875131368637085 0.2169516235589981
v -0.1449032723903656 0.2802695631980896 0.22868213057518005
v -0.18846961855888367 0.30407410860061646 0.14055779576301575
v -0.19557404518127441 0.3054374158382416 0.1287446767091751
v -0.21042943000793457 0.3057260513305664 0.1459301859140396
v -0.20488852262496948 0.30432167649269104 0.15728189051151276
v -0.2401425689458847 0.27492424845695496 0.1844937652349472
v -0.24630551040172577 0.27965494990348816 0.17129863798618317
v -0.25230687856674194 0.2663114666938782 0.17501911520957947
v -0.24558739364147186 0.2604461908340454 0.18954168260097504
v -0.2112981677055359 0.30874010920524597 0.08425585925579071
v -0.2161281704902649 0.307332843542099 0.06952264904975891
v -0.23141935467720032 0.3123611509799957 0.08596773445606232
v -0.2256801426410675 0.3123928904533386 0.10146838426589966
v -0.2360425889492035 0.2908037006855011 0.16516512632369995
v -0.2161908596754074 0.1696603000164032 0.27697789669036865
v -0.2348821759223938 0.17921856045722961 0.2583572566509247
v -0.24818696081638336 0.19016505777835846 0.23740333318710327
v -0.2677649259567261 0.21880976855754852 0.1806243360042572
v -0.26732468605041504 0.1976781040430069 0.19612464308738708
v -0.2634847164154053 0.21056436002254486 0.1962530016899109
v -0.27309250831604004 0.2254960685968399 0.16573037207126617
v -0.27831751108169556 0.2296328991651535 0.15334449708461761
v -0.19132068753242493 0.2479301244020462 0.055779069662094116
v -0.20133230090141296 0.2219064086675644 0.057282015681266785
v -0.20643079280853271 0.2249540537595749 0.05888645350933075
v -0.2877892255783081 0.23357796669006348 0.12297511100769043
v -0.28869399428367615 0.22723400592803955 0.12224385142326355
v -0.2849240303039551 0.22195415198802948 0.13587358593940735
v -0.2843630313873291 0.22842353582382202 0.13666772842407227
v -0.1815459132194519 0.30327972769737244 0.1504204124212265
v -0.2463107407093048 0.30988746881484985 0.09891515970230103
v -0.2576128840446472 0.3034161329269409 0.10615904629230499
v -0.252494752407074 0.30184632539749146 0.12254835665225983
v -0.24000927805900574 0.3090628385543823 0.11479337513446808
v -0.26695966720581055 0.29501932859420776 0.11385969072580338
v -0.27362099289894104 0.2851034998893738 0.11858862638473511
v -0.2689021825790405 0.2816872000694275 0.132989302277565
v -0.26192301511764526 0.2929404377937317 0.1297454535961151
v -0.28715214133262634 0.2416531890630722 0.12105825543403625
v -0.28255975246429443 0.23606184124946594 0.13821293413639069
v -0.20683443546295166 0.2903398275375366 0.0485837459564209
v -0.185341477394104 0.29901760816574097 0.09581243991851807
v -0.1804368644952774 0.29711851477622986 0.10932876914739609
v -0.17211198806762695 0.2786896824836731 0.09283366799354553
v -0.17726843059062958 0.27801835536956787 0.08297866582870483
v -0.258700430393219 0.20612108707427979 0.09163208305835724
v -0.26767295598983765 0.20629359781742096 0.09554553031921387
v -0.2765309810638428 0.20673975348472595 0.10013526678085327
v -0.28130295872688293 0.20640753209590912 0.1357060670852661
v -0.28396186232566833 0.210133895277977 0.10159099102020264
v -0.22209231555461884 0.21200525760650635 0.06349262595176697
v -0.21197625994682312 0.2254476398229599 0.05235043168067932
v -0.17214350402355194 0.2542276382446289 0.0799456536769867
v -0.1774851381778717 0.2521968483924866 0.07119980454444885
v -0.22063776850700378 0.30540674924850464 0.05588902533054352
v -0.23669669032096863 0.3099527657032013 0.0698443204164505
v -0.2986183166503906 0.23731672763824463 0.09004329144954681
v -0.293709933757782 0.2320733666419983 0.10531619191169739
v -0.29305076599121094 0.23774167895317078 0.10691039264202118
v -0.2789943516254425 0.20250564813613892 0.15108296275138855
v -0.28361719846725464 0.21408185362815857 0.13655707240104675
v -0.20132791996002197 0.3080793023109436 0.11511261761188507
v -0.2628539502620697 0.30221813917160034 0.08988068997859955
v -0.2515069544315338 0.30833184719085693 0.08180227875709534
v -0.2571924030780792 0.2888792157173157 0.14404688775539398
v -0.2521306574344635 0.28451240062713623 0.15835849940776825
v -0.2419465184211731 0.2956511676311493 0.1533985733985901
v -0.24734899401664734 0.29926830530166626 0.13943889737129211
v -0.28397440910339355 0.27487054467201233 0.1026792824268341
v -0.27878332138061523 0.2864864766597748 0.10290344059467316
v -0.2582763135433197 0.27088576555252075 0.16135190427303314
v -0.26429805159568787 0.2764667868614197 0.14741849899291992
v -0.2914620637893677 0.2446170151233673 0.10645397007465363
v -0.16826584935188293 0.2562714219093323 0.08750391006469727
v -0.16657552123069763 0.2308073341846466 0.08069160580635071
v -0.17177414894104004 0.23309004306793213 0.07506836950778961
v -0.17761805653572083 0.23065830767154694 0.06968468427658081
v -0.18490709364414215 0.22778303921222687 0.06510858237743378
v -0.1938762366771698 0.22311751544475555 0.06165802478790283
v -0.16203677654266357 0.22566285729408264 0.08551472425460815
v -0.345004141330719 0.2188825011253357 -0.14910492300987244
v -0.30037760734558105 0.2322303056716919 0.08602389693260193
v -0.30293163657188416 0.2419765591621399 0.07463943958282471
v -0.3056632876396179 0.2370445728302002 0.06928788125514984
v -0.3156123459339142 0.26321232318878174 0.0016544759273529053
v -0.08634234964847565 0.3276437222957611 -0.005588501691818237
v -0.08569252490997314 0.3221668004989624 -0.0022994279861450195
v -0.08831009268760681 0.351921021938324 -0.009981229901313782
v -0.08800715208053589 0.34814366698265076 -0.010045915842056274
v -0.32408756017684937 0.25661614537239075 -0.15088596940040588
v -0.31671762466430664 0.2537022829055786 -0.1594504415988922
v -0.2650301456451416 0.23129256069660187 -0.1701444387435913
v -0.25524091720581055 0.24348732829093933 -0.15731140971183777
v -0.23270809650421143 0.23698139190673828 -0.15571478009223938
v -0.24072140455245972 0.25131797790527344 -0.11535313725471497
v -0.24596840143203735 0.24127882719039917 -0.1036631166934967
v -0.2701926827430725 0.20131981372833252 -0.10144370794296265
v -0.2862790822982788 0.18621878325939178 -0.16219228506088257
v -0.12590008974075317 0.18620017170906067 -0.10614639520645142
v -0.10979461669921875 0.1779726892709732 -0.10351276397705078
v -0.10571539402008057 0.18032096326351166 -0.11183628439903259
v -0.12218141555786133 0.18837064504623413 -0.11547031998634338
v -0.094260573387146 0.17152494192123413 -0.10323527455329895
v -0.11442303657531738 0.1721578985452652 -0.09840139746665955
v -0.09919232130050659 0.16659635305404663 -0.09780538082122803
v -0.11904668807983398 0.164065420627594 -0.09524744749069214
v -0.10330486297607422 0.15870943665504456 -0.09446021914482117
v -0.1072644591331482 0.1486431062221527 -0.09374815225601196
v -0.12330901622772217 0.1539320945739746 -0.09507754445075989
v -0.12608200311660767 0.14505767822265625 -0.09775257110595703
v -0.10877299308776855 0.1409081518650055 -0.09650126099586487
v -0.14622652530670166 0.14246228337287903 -0.10427862405776978
v -0.14763635396957397 0.13574254512786865 -0.1119638979434967
v -0.1284312605857849 0.13123390078544617 -0.10940423607826233
v -0.12768959999084473 0.13727408647537231 -0.10259628295898438
v -0.10769897699356079 0.12472746521234512 -0.12180033326148987
v -0.1261734962463379 0.12903393805027008 -0.1270928978919983
v -0.1230238676071167 0.13430428504943848 -0.13368770480155945
v -0.10508865118026733 0.12833204865455627 -0.1277327835559845
v -0.13251972198486328 0.15809300541877747 -0.1433890461921692
v -0.11407685279846191 0.1507434844970703 -0.13799241185188293
v -0.11836296319961548 0.14192326366901398 -0.13693299889564514
v -0.13786423206329346 0.14842253923416138 -0.14291003346443176
v -0.09720230102539062 0.14315694570541382 -0.13490206003189087
v -0.10947442054748535 0.15990620851516724 -0.13435694575309753
v -0.09374040365219116 0.15192610025405884 -0.1319936215877533
v -0.1464552879333496 0.18870145082473755 -0.10229462385177612
v -0.1414610743522644 0.19522368907928467 -0.11000943183898926
v -0.15718096494674683 0.20429527759552002 -0.11410635709762573
v -0.13992047309875488 0.16150695085525513 -0.09647241234779358
v -0.13557195663452148 0.1713522970676422 -0.09638607501983643
v -0.15170687437057495 0.18001094460487366 -0.0982617735862732
v -0.1566261649131775 0.16978633403778076 -0.09782665967941284
v -0.18504971265792847 0.14722692966461182 -0.11438962817192078
v -0.16617298126220703 0.14120697975158691 -0.1138412356376648
v -0.16422688961029053 0.1490401029586792 -0.10552424192428589
v -0.14356619119644165 0.15156880021095276 -0.09906527400016785
v -0.16069847345352173 0.15940120816230774 -0.10026264190673828
v -0.14722371101379395 0.13280227780342102 -0.1215868890285492
v -0.12778198719024658 0.1280808448791504 -0.11807751655578613
v -0.12129688262939453 0.1846543550491333 -0.12530139088630676
v -0.10467755794525146 0.1766725778579712 -0.12109032273292542
v -0.10622739791870117 0.168718621134758 -0.12860062718391418
v -0.12318205833435059 0.17714400589466095 -0.13317403197288513
v -0.1665329933166504 0.1377941071987152 -0.12464851140975952
v -0.13795781135559082 0.19341595470905304 -0.13007643818855286
v -0.1406969428062439 0.1853662133216858 -0.1389632523059845
v -0.12698423862457275 0.16801966726779938 -0.1394347846508026
v -0.1453719139099121 0.17548289895057678 -0.14570331573486328
v -0.0890243649482727 0.1693292260169983 -0.1201680600643158
v -0.0901409387588501 0.17333458364009857 -0.11109182238578796
v -0.13804930448532104 0.1974826604127884 -0.11999306082725525
v -0.1451435685157776 0.1343579739332199 -0.1313476860523224
v -0.16465747356414795 0.13933289051055908 -0.13511335849761963
v -0.1614956259727478 0.1455649435520172 -0.1436297595500946
v -0.14213848114013672 0.1401597261428833 -0.13890457153320312
v -0.17097902297973633 0.17117132246494293 -0.15451496839523315
v -0.15144723653793335 0.16473951935768127 -0.14944443106651306
v -0.15721440315246582 0.15455567836761475 -0.14863651990890503
v -0.10084861516952515 0.1348729133605957 -0.13204988837242126
v -0.16450446844100952 0.1829274594783783 -0.15258365869522095
v -0.019188106060028076 0.1418280303478241 -0.09926429390907288
v -0.012495040893554688 0.1500135213136673 -0.09612643718719482
v -0.022186636924743652 0.1534551978111267 -0.09269788861274719
v -0.029115617275238037 0.14452680945396423 -0.09624078869819641
v -0.04185861349105835 0.16226768493652344 -0.08255872130393982
v -0.03174638748168945 0.17142543196678162 -0.08218798041343689
v -0.03751730918884277 0.18022066354751587 -0.08426910638809204
v -0.04890257120132446 0.1717555820941925 -0.0844167172908783
v -0.007306158542633057 0.15846911072731018 -0.09619387984275818
v -0.0162813663482666 0.1613703966140747 -0.0912807285785675
v -0.007476806640625 0.16611620783805847 -0.10016387701034546
v 0.0007951855659484863 0.15631569921970367 -0.10135826468467712
v 0.0004152655601501465 0.16102805733680725 -0.10759806632995605
v 0.008473694324493408 0.15753844380378723 -0.11242154240608215
v 0.005444347858428955 0.15581746399402618 -0.12089139223098755
v -0.005978226661682129 0.1619715839624405 -0.11691275238990784
v -0.01726168394088745 0.14239592850208282 -0.13058823347091675
v -0.0031785964965820312 0.1387121081352234 -0.13045716285705566
v -0.007867872714996338 0.1292233169078827 -0.13224339485168457
v -0.021653831005096436 0.13353237509727478 -0.13239458203315735
v -0.019907355308532715 0.11280743777751923 -0.1299714744091034
v -0.032093048095703125 0.11844994872808456 -0.13117766380310059
v -0.026544511318206787 0.12604141235351562 -0.1315993368625641
v -0.012800037860870361 0.1210491731762886 -0.1306873857975006
v -0.027446985244750977 0.12879535555839539 -0.10389634966850281
v -0.02471756935119629 0.1343350112438202 -0.10240009427070618
v -0.03465306758880615 0.13594704866409302 -0.10046562552452087
v -0.0378190279006958 0.12984389066696167 -0.10217487812042236
v -0.008553862571716309 0.17902103066444397 -0.10214552283287048
v -0.007553279399871826 0.17623749375343323 -0.09868142008781433
v -0.008162498474121094 0.16925224661827087 -0.10634481906890869
v -0.013948500156402588 0.1727420538663864 -0.10955297946929932
v -0.06542825698852539 0.12099186331033707 -0.09575977921485901
v -0.064860999584198 0.12766283750534058 -0.09468260407447815
v -0.07590019702911377 0.13133463263511658 -0.09560990333557129
v -0.07732141017913818 0.12435930222272873 -0.09788075089454651
v -0.06675136089324951 0.1569763720035553 -0.08835834264755249
v -0.07023674249649048 0.16657114028930664 -0.0956973135471344
v -0.07846158742904663 0.1599789261817932 -0.09515455365180969
v -0.07393568754196167 0.1491759717464447 -0.09127429127693176
v -0.058703839778900146 0.16402599215507507 -0.08600741624832153
v -0.050935983657836914 0.1791304349899292 -0.09378752112388611
v -0.061296164989471436 0.17309165000915527 -0.09489229321479797
v -0.038878023624420166 0.1862155795097351 -0.0924476683139801
v -0.08028995990753174 0.11667740345001221 -0.10416737198829651
v -0.07194358110427856 0.11232531070709229 -0.10191434621810913
v 0.056934237480163574 0.14284288883209229 -0.12447020411491394
v 0.051568955183029175 0.14393237233161926 -0.12209627032279968
v 0.05158120393753052 0.1386774480342865 -0.12127992510795593
v 0.05703669786453247 0.13767778873443604 -0.12417259812355042
v -0.07409024238586426 0.11110102385282516 -0.12097048759460449
v -0.07936751842498779 0.11499323695898056 -0.12014609575271606
v -0.07685106992721558 0.1190023124217987 -0.12736603617668152
v -0.0713353157043457 0.11629403382539749 -0.12807521224021912
v -0.06605827808380127 0.10638660937547684 -0.12179458141326904
v -0.06303608417510986 0.11321859806776047 -0.12885954976081848
v 0.05527454614639282 0.14650005102157593 -0.13738110661506653
v 0.049331456422805786 0.14694088697433472 -0.13552245497703552
v 0.050141602754592896 0.14822757244110107 -0.1310170590877533
v 0.05613511800765991 0.14768224954605103 -0.13259553909301758
v -0.009051382541656494 0.14057981967926025 -0.10070627927780151
v -0.002994716167449951 0.14841032028198242 -0.09851410984992981
v 0.01639246940612793 0.14141646027565002 -0.10366111993789673
v 0.01603931188583374 0.14776137471199036 -0.10403880476951599
v 0.0066220760345458984 0.1480661928653717 -0.1009044349193573
v 0.0029392242431640625 0.1390819251537323 -0.1019185483455658
v -0.008373081684112549 0.12157119810581207 -0.105963796377182
v -0.002413511276245117 0.1274378001689911 -0.10504424571990967
v -0.013798236846923828 0.12995243072509766 -0.10443136096000671
v -0.01905345916748047 0.1234750747680664 -0.10546049475669861
v -0.024660348892211914 0.11262055486440659 -0.10464313626289368
v -0.02619755268096924 0.10661625862121582 -0.10398980975151062
v -0.017662465572357178 0.10395899415016174 -0.10528931021690369
v -0.01472407579421997 0.11029676347970963 -0.10589772462844849
v 0.006938517093658447 0.11126861721277237 -0.11049562692642212
v 0.004489898681640625 0.1061706617474556 -0.11045607924461365
v 0.0131453275680542 0.10463529825210571 -0.11529940366744995
v 0.015859365463256836 0.10911506414413452 -0.11545905470848083
v -0.08414232730865479 0.1184883639216423 -0.12062188982963562
v -0.08224916458129883 0.12249939143657684 -0.12772172689437866
v -0.0316624641418457 0.09769619256258011 -0.12567296624183655
v -0.0239790678024292 0.0915939211845398 -0.1255132555961609
v -0.02851426601409912 0.08528365194797516 -0.1185707151889801
v -0.03713864088058472 0.09132301062345505 -0.1197282075881958
v -0.06658172607421875 0.12387532740831375 -0.13247555494308472
v -0.07254225015640259 0.12640751898288727 -0.13197198510169983
v 0.05489009618759155 0.14255326986312866 -0.14050769805908203
v 0.048858970403671265 0.14308646321296692 -0.13891172409057617
v -0.03671896457672119 0.18694868683815002 -0.10263970494270325
v -0.049414217472076416 0.179906964302063 -0.10484543442726135
v -0.06019425392150879 0.17355331778526306 -0.10579109191894531
v -0.06847882270812988 0.16896286606788635 -0.10485756397247314
v -0.07611805200576782 0.1663791537284851 -0.10226082801818848
v 0.007813990116119385 0.13302677869796753 -0.10428658127784729
v -0.016458332538604736 0.13460230827331543 -0.1027991771697998
v -0.029814481735229492 0.12466403096914291 -0.10429373383522034
v -0.04040420055389404 0.09782063215970993 -0.10148340463638306
v -0.03617376089096069 0.10401888936758041 -0.10107702016830444
v -0.04282546043395996 0.10790294408798218 -0.09925219416618347
v -0.04823845624923706 0.10069174319505692 -0.10224944353103638
v -0.037940919399261475 0.08832598477602005 -0.11173209547996521
v -0.02931886911392212 0.08311913162469864 -0.11089453101158142
v -0.026487112045288086 0.08651930093765259 -0.1057649552822113
v -0.034738123416900635 0.09063315391540527 -0.10579466819763184
v -0.010559439659118652 0.18435436487197876 -0.10510501265525818
v -0.019253790378570557 0.17915058135986328 -0.11024138331413269
v -0.07368403673171997 0.1093960851430893 -0.11128166317939758
v -0.07955646514892578 0.11410165578126907 -0.1115979254245758
v -0.0862661600112915 0.1176602691411972 -0.11355850100517273
v -0.051792144775390625 0.1278477907180786 -0.09801337122917175
v -0.04978591203689575 0.13189181685447693 -0.09766605496406555
v -0.06278204917907715 0.13700640201568604 -0.09171870350837708
v -0.06469100713729858 0.13170936703681946 -0.09374281764030457
v -0.0394245982170105 0.14697247743606567 -0.08993589878082275
v -0.031581103801727295 0.15651659667491913 -0.0869077742099762
v -0.05115175247192383 0.1522325575351715 -0.08481934666633606
v -0.07549899816513062 0.13818871974945068 -0.09357038140296936
v -0.08441460132598877 0.1406247615814209 -0.09476488828659058
v -0.08498293161392212 0.133264422416687 -0.09755393862724304
v -0.08568882942199707 0.12599614262580872 -0.10124370455741882
v -0.08665633201599121 0.11986105144023895 -0.10720866918563843
v -0.0948171615600586 0.13984531164169312 -0.09587761759757996
v -0.0949549674987793 0.13329488039016724 -0.09953919053077698
v -0.09501737356185913 0.12680494785308838 -0.10469421744346619
v -0.09481287002563477 0.12209787964820862 -0.11099499464035034
v -0.08590137958526611 0.1357777714729309 -0.1332968771457672
v -0.07876777648925781 0.129930317401886 -0.1323477327823639
v -0.0894436240196228 0.12768077850341797 -0.12957242131233215
v -0.08911740779876709 0.1579550802707672 -0.09499755501747131
v -0.0933370590209961 0.14735578000545502 -0.09306898713111877
v -0.08304053544998169 0.14883849024772644 -0.09294876456260681
v -0.0854220986366272 0.1643846035003662 -0.09857445955276489
v -0.02425020933151245 0.17851753532886505 -0.08303001523017883
v -0.01875293254852295 0.1722763478755951 -0.0866679847240448
v -0.013226985931396484 0.17775259912014008 -0.08605533838272095
v -0.016955316066741943 0.183744877576828 -0.08307436108589172
v 0.008431732654571533 0.1545284241437912 -0.10532358288764954
v 0.016604125499725342 0.15244174003601074 -0.10894259810447693
v 0.016403019428253174 0.15449777245521545 -0.1159774661064148
v -0.06373757123947144 0.1072215661406517 -0.10152885317802429
v -0.057595670223236084 0.1151626780629158 -0.09670361876487732
v 0.018030226230621338 0.1355959177017212 -0.10641792416572571
v 0.042582422494888306 0.14763276278972626 -0.13301312923431396
v 0.03091493248939514 0.1492098569869995 -0.12900429964065552
v 0.03178781270980835 0.15075340867042542 -0.12307193875312805
v 0.04363700747489929 0.14921697974205017 -0.12828955054283142
v 0.025866985321044922 0.13147735595703125 -0.11472967267036438
v 0.03294205665588379 0.13229098916053772 -0.11945995688438416
v 0.032535552978515625 0.13584226369857788 -0.1143220067024231
v 0.025059103965759277 0.13629384338855743 -0.11030325293540955
v 0.0010463595390319824 0.10020451247692108 -0.10957235097885132
v 0.00828021764755249 0.09889592975378036 -0.1133398711681366
v 0.010182380676269531 0.1345614790916443 -0.12986505031585693
v 0.0009551644325256348 0.14836451411247253 -0.12759605050086975
v 0.011688947677612305 0.14545857906341553 -0.12907099723815918
v -0.012072741985321045 0.11570598185062408 -0.10628896951675415
v -0.0049454569816589355 0.10803428292274475 -0.1075165867805481
v -0.0024220943450927734 0.11324386298656464 -0.10762205719947815
v 0.011060893535614014 0.13003164529800415 -0.10645788908004761
v 0.006007015705108643 0.1259492039680481 -0.1063683032989502
v 0.014199614524841309 0.125726580619812 -0.1093587875366211
v 0.017977118492126465 0.13095299899578094 -0.10914522409439087
v -0.048815369606018066 0.092803955078125 -0.110197514295578
v -0.04711729288101196 0.0968809425830841 -0.12118789553642273
v 0.05092412233352661 0.14727845788002014 -0.12589916586875916
v 0.05661901831626892 0.14633288979530334 -0.1279245913028717
v -0.09186983108520508 0.1227169781923294 -0.12364387512207031
v -0.09369909763336182 0.12064486742019653 -0.11747094988822937
v -0.022318542003631592 0.11820093542337418 -0.10541504621505737
v -0.012170791625976562 0.15210698544979095 -0.12605604529380798
v -0.03244143724441528 0.12030775099992752 -0.1037311851978302
v -0.0057822465896606445 0.09704285115003586 -0.12522336840629578
v 0.0013616681098937988 0.0948503240942955 -0.12703505158424377
v 0.0019399523735046387 0.09214421361684799 -0.1212487518787384
v -0.005919992923736572 0.09218809008598328 -0.11947661638259888
v 0.0436272919178009 0.13205048441886902 -0.1255130171775818
v 0.05023092031478882 0.13184314966201782 -0.1294707953929901
v 0.05120164155960083 0.1340845823287964 -0.12451174855232239
v 0.04432195425033569 0.1348644196987152 -0.12020143866539001
v 0.02396106719970703 0.14137141406536102 -0.1079569160938263
v 0.03211599588394165 0.14075925946235657 -0.11181214451789856
v 0.03188931941986084 0.1459309160709381 -0.11269742250442505
v 0.02347087860107422 0.1468580812215805 -0.10795918107032776
v 0.02357029914855957 0.1506592035293579 -0.11276289820671082
v 0.0318947434425354 0.14934414625167847 -0.11737731099128723
v 0.04264247417449951 0.13279907405376434 -0.13189667463302612
v 0.03230604529380798 0.13290181756019592 -0.12670713663101196
v 0.030230671167373657 0.13788604736328125 -0.1318097710609436
v 0.04159477353096008 0.13765183091163635 -0.13638153672218323
v -0.04404217004776001 0.12393874675035477 -0.13291332125663757
v -0.03714948892593384 0.1104675903916359 -0.12967506051063538
v -0.04846489429473877 0.11611923575401306 -0.13145169615745544
v -0.009118616580963135 0.1072782650589943 -0.13000229001045227
v -0.015701651573181152 0.09863191097974777 -0.12525281310081482
v -0.025948822498321533 0.10473857074975967 -0.12788504362106323
v -0.04183453321456909 0.10376032441854477 -0.12712362408638
v 0.02052009105682373 0.12797066569328308 -0.12380936741828918
v 0.01766037940979004 0.12809714674949646 -0.1288948357105255
v 0.020765185356140137 0.1359107792377472 -0.1275859773159027
v -0.03557246923446655 0.11389867961406708 -0.10203856229782104
v 0.04381144046783447 0.14796969294548035 -0.12279018759727478
v -0.06292247772216797 0.16348743438720703 -0.1229584813117981
v -0.05509376525878906 0.1628095954656601 -0.1246824562549591
v -0.054910242557525635 0.15137887001037598 -0.13300591707229614
v -0.0630694031715393 0.1550150215625763 -0.1307302713394165
v 0.04411494731903076 0.13946327567100525 -0.11723718047142029
v 0.044293761253356934 0.14456216990947723 -0.11827048659324646
v -0.0015570521354675293 0.09372039884328842 -0.11058121919631958
v -0.001790463924407959 0.08908100426197052 -0.1138002872467041
v 0.0037325620651245117 0.09050869941711426 -0.11654776334762573
v 0.005227982997894287 0.09408273547887802 -0.11410591006278992
v -0.052644312381744385 0.10913042724132538 -0.12874701619148254
v -0.019343137741088867 0.08635713160037994 -0.12468591332435608
v -0.02177131175994873 0.07964606583118439 -0.11733055114746094
v -0.05848371982574463 0.12083443999290466 -0.13245287537574768
v -0.06193673610687256 0.13307788968086243 -0.13438186049461365
v -0.05446356534957886 0.12894660234451294 -0.13415363430976868
v 0.0010352134704589844 0.11593174189329147 -0.1301511526107788
v -0.039415180683135986 0.13081452250480652 -0.13310667872428894
v -0.05111348628997803 0.13562747836112976 -0.13465622067451477
v -0.059434592723846436 0.1411067545413971 -0.1350831389427185
v -0.06564265489578247 0.14518481492996216 -0.13358232378959656
v -0.06843596696853638 0.136051744222641 -0.13375023007392883
v 0.041604459285736084 0.14343595504760742 -0.13636115193367004
v 0.04853242635726929 0.13728201389312744 -0.13911649584770203
v -0.08263999223709106 0.1452857255935669 -0.13197565078735352
v -0.07508349418640137 0.1398981511592865 -0.13268408179283142
v -0.0795748233795166 0.15474475920200348 -0.1286521852016449
v -0.07236975431442261 0.14913323521614075 -0.13136696815490723
v -0.04307037591934204 0.1510947346687317 -0.13209274411201477
v -0.046424150466918945 0.14323082566261292 -0.13417181372642517
v -0.03042978048324585 0.14644454419612885 -0.131443053483963
v -0.034992754459381104 0.13789105415344238 -0.13343235850334167
v 0.004298388957977295 0.12570209801197052 -0.13334637880325317
v 0.06357473134994507 0.1328417956829071 -0.14067018032073975
v 0.06411835551261902 0.13077233731746674 -0.1363871991634369
v 0.056211233139038086 0.1312628835439682 -0.13259413838386536
v 0.055674076080322266 0.13310915231704712 -0.137706458568573
v 0.04932984709739685 0.13294032216072083 -0.1351216733455658
v 0.05481722950935364 0.13724346458911896 -0.14095214009284973
v -0.025877833366394043 0.15613189339637756 -0.12589314579963684
v 0.021679162979125977 0.12541252374649048 -0.11438402533531189
v -0.04072672128677368 0.16235512495040894 -0.12281394004821777
v -0.028600215911865234 0.17183494567871094 -0.11619070172309875
v -0.01881992816925049 0.16606342792510986 -0.11864212155342102
v -0.04591864347457886 0.17506897449493408 -0.11478981375694275
v -0.05719572305679321 0.17128796875476837 -0.11603450775146484
v -0.07248067855834961 0.16771134734153748 -0.11046972870826721
v -0.06560647487640381 0.16854193806648254 -0.11400818824768066
v -0.08121174573898315 0.16852939128875732 -0.10642188787460327
v -0.03380364179611206 0.1813068687915802 -0.11124122142791748
v 0.06400474905967712 0.13577477633953094 -0.1273781657218933
v 0.06409212946891785 0.14090752601623535 -0.12706252932548523
v -0.06960779428482056 0.16513322293758392 -0.11921411752700806
v -0.07839912176132202 0.16817688941955566 -0.11455059051513672
v -0.024120330810546875 0.16507083177566528 -0.08618137240409851
v -0.04196232557296753 0.12270879000425339 -0.10127058625221252
v -0.04472559690475464 0.1182006374001503 -0.09938910603523254
v -0.04977774620056152 0.11142449080944061 -0.097696453332901
v -0.05613291263580322 0.10296199470758438 -0.10115939378738403
v -0.07789731025695801 0.16322144865989685 -0.1230974793434143
v -0.10941958427429199 0.13412097096443176 -0.10088896751403809
v -0.10936093330383301 0.1285979151725769 -0.10705193877220154
v -0.09058177471160889 0.16112864017486572 -0.12678006291389465
v 0.06414371728897095 0.1447211056947708 -0.13012048602104187
v 0.01506417989730835 0.10641798377037048 -0.12244987487792969
v 0.01735132932662964 0.10789834707975388 -0.122203528881073
v -0.028875231742858887 0.18564167618751526 -0.0842677652835846
v -0.020024240016937256 0.18967050313949585 -0.08434370160102844
v -0.016099989414215088 0.19496700167655945 -0.09759822487831116
v -0.026250898838043213 0.19211655855178833 -0.10009118914604187
v -0.02939474582672119 0.19150370359420776 -0.09115234017372131
v -0.01928919553756714 0.1939014047384262 -0.09007331728935242
v -0.052345454692840576 0.12515991926193237 -0.09754964709281921
v -0.053929150104522705 0.12099530547857285 -0.09705772995948792
v -0.057091712951660156 0.10186102241277695 -0.12226372957229614
v -0.05879807472229004 0.09803043305873871 -0.11153551936149597
v 0.02332472801208496 0.1523427665233612 -0.11905580759048462
v 0.021859467029571533 0.1503572165966034 -0.12558212876319885
v 0.014399349689483643 0.15251679718494415 -0.12385636568069458
v 0.0296458899974823 0.1442132294178009 -0.1324625313282013
v 0.025475800037384033 0.1317615807056427 -0.12229135632514954
v 0.023381948471069336 0.12744787335395813 -0.12004208564758301
v -0.04549729824066162 0.13854679465293884 -0.0949195921421051
v -0.05784827470779419 0.14380575716495514 -0.08841419219970703
v -0.009879469871520996 0.17421379685401917 -0.09274187684059143
v -0.013682961463928223 0.16853678226470947 -0.09217822551727295
v 0.0009943842887878418 0.11975611001253128 -0.10703545808792114
v 0.012894213199615479 0.1154901459813118 -0.13235899806022644
v 0.013825297355651855 0.12348069250583649 -0.13429594039916992
v 0.00964576005935669 0.11849593371152878 -0.10963296890258789
v 0.06414934992790222 0.146314799785614 -0.13468164205551147
v 0.06351760029792786 0.1454773098230362 -0.13955172896385193
v 0.020165681838989258 0.14468933641910553 -0.13014987111091614
v -0.008133292198181152 0.10162558406591415 -0.10679146647453308
v 0.015361130237579346 0.11068885773420334 -0.1280384361743927
v 0.007415473461151123 0.10938579589128494 -0.12833204865455627
v -0.022471725940704346 0.07973134517669678 -0.11077770590782166
v -0.06955116987228394 0.1585279107093811 -0.12699273228645325
v 0.05638512969017029 0.13274668157100677 -0.12720367312431335
v 0.06383967399597168 0.13154275715351105 -0.13056054711341858
v 0.06264206767082214 0.1365204006433487 -0.1428508460521698
v 0.06239381432533264 0.14140528440475464 -0.1425916850566864
v -0.06744641065597534 0.10356391221284866 -0.1118374764919281
v -0.04002261161804199 0.1259373426437378 -0.10217580199241638
v -0.10905885696411133 0.12497144937515259 -0.11458012461662292
v -0.023122847080230713 0.18751001358032227 -0.108152836561203
v -0.01280677318572998 0.19118648767471313 -0.10400649905204773
v 0.017499446868896484 0.11706972122192383 -0.11361175775527954
v -0.013033926486968994 0.09116729348897934 -0.12308534979820251
v 0.00966787338256836 0.10614775121212006 -0.1309276521205902
v 0.003998398780822754 0.10113069415092468 -0.1320081651210785
v -0.0017078518867492676 0.10362360626459122 -0.1305881142616272
v 0.014318495988845825 0.1060393750667572 -0.12731218338012695
v 0.06919091939926147 0.1405767798423767 -0.14497461915016174
v 0.06921613216400146 0.13571642339229584 -0.14516142010688782
v 0.070534348487854 0.14466659724712372 -0.14198502898216248
v 0.0704614520072937 0.14512713253498077 -0.1368149220943451
v 0.06978502869606018 0.1435052752494812 -0.13235241174697876
v 0.06975236535072327 0.13205493986606598 -0.1428641974925995
v 0.06990468502044678 0.1302170306444168 -0.13882318139076233
v 0.06889575719833374 0.13079610466957092 -0.13308456540107727
v 0.07535672187805176 0.13117870688438416 -0.14448100328445435
v 0.0759287178516388 0.13467605412006378 -0.14716461300849915
v 0.08361566066741943 0.1426863968372345 -0.14464589953422546
v 0.08419141173362732 0.14131738245487213 -0.1475113332271576
v 0.08046576380729675 0.14166408777236938 -0.14677253365516663
v 0.07770046591758728 0.14342516660690308 -0.14455610513687134
v 0.08844536542892456 0.14100155234336853 -0.14554694294929504
v 0.08876055479049683 0.14005568623542786 -0.1487918496131897
v 0.08331149816513062 0.1382482945919037 -0.14959195256233215
v 0.07898867130279541 0.13924027979373932 -0.14797282218933105
v 0.08814197778701782 0.13690656423568726 -0.1512121856212616
v 0.08720588684082031 0.1331234872341156 -0.1506185233592987
v 0.08264768123626709 0.1344933807849884 -0.14890947937965393
v 0.0790444016456604 0.13610084354877472 -0.14799779653549194
v 0.07525902986526489 0.13981665670871735 -0.14696046710014343
v 0.09236058592796326 0.13850867748260498 -0.1471656858921051
v 0.09353694319725037 0.13423869013786316 -0.14928531646728516
v 0.09215953946113586 0.1355796605348587 -0.15189027786254883
v 0.09179222583770752 0.13870596885681152 -0.14968684315681458
v 0.07646754384040833 0.14394830167293549 -0.1389671266078949
v 0.08297601342201233 0.14221805334091187 -0.1407288908958435
v 0.08824896812438965 0.14003941416740417 -0.14213010668754578
v 0.09195703268051147 0.13707727193832397 -0.14389678835868835
v 0.08285722136497498 0.1400684118270874 -0.13721242547035217
v 0.0880013108253479 0.1377214640378952 -0.1396406590938568
v 0.0908481776714325 0.13520547747612 -0.14144283533096313
v 0.08281326293945312 0.13669702410697937 -0.13523700833320618
v 0.08776792883872986 0.1348997801542282 -0.13856598734855652
v 0.07543188333511353 0.1422346532344818 -0.134504497051239
v 0.0748327374458313 0.13892050087451935 -0.1317790448665619
v 0.08980274200439453 0.1338372379541397 -0.14036023616790771
v 0.09295704960823059 0.13289764523506165 -0.14617082476615906
v 0.0815092921257019 0.13173112273216248 -0.14782091975212097
v 0.08664438128471375 0.13041695952415466 -0.14892610907554626
v 0.08114168047904968 0.12957492470741272 -0.14568522572517395
v 0.08647143840789795 0.12870390713214874 -0.14672955870628357
v 0.09057095646858215 0.13248373568058014 -0.1518593728542328
v 0.0909668505191803 0.13054127991199493 -0.14992231130599976
v 0.06925985217094421 0.1399703025817871 -0.12943726778030396
v 0.06890976428985596 0.13479721546173096 -0.12987396121025085
v 0.07435190677642822 0.134060800075531 -0.13213303685188293
v 0.0822063684463501 0.13208594918251038 -0.13554880023002625
v 0.07445546984672546 0.13051941990852356 -0.1355731189250946
v 0.0754595398902893 0.12955820560455322 -0.14076349139213562
v 0.0813627541065216 0.12855315208435059 -0.1427450180053711
v 0.08146089315414429 0.12896814942359924 -0.1386772096157074
v 0.08636841177940369 0.12811049818992615 -0.14388710260391235
v 0.08657777309417725 0.12880268692970276 -0.14096319675445557
v 0.08730831742286682 0.1313749998807907 -0.13897019624710083
v 0.08982199430465698 0.12902480363845825 -0.14417949318885803
v 0.09049847722053528 0.12934300303459167 -0.14707842469215393
v 0.09138256311416626 0.13194800913333893 -0.14329472184181213
v 0.08974763751029968 0.13144488632678986 -0.141171395778656
v 0.08905670046806335 0.12948182225227356 -0.14213335514068604
v 0.05543437600135803 0.11005915701389313 -0.13386711478233337
v 0.048676103353500366 0.11277174204587936 -0.13081172108650208
v 0.04759100079536438 0.1079612746834755 -0.13019311428070068
v 0.05435779690742493 0.10509060323238373 -0.133793443441391
v 0.052595049142837524 0.11660502851009369 -0.14536052942276
v 0.04611927270889282 0.11858467012643814 -0.14323487877845764
v 0.04776871204376221 0.11867310106754303 -0.13819220662117004
v 0.05447709560394287 0.11638153344392776 -0.14017030596733093
v 0.050208479166030884 0.11190780252218246 -0.14823254942893982
v 0.043706804513931274 0.11380915343761444 -0.1462537944316864
v 0.03873303532600403 0.12099406123161316 -0.1399785578250885
v 0.0265062153339386 0.12449195981025696 -0.13361814618110657
v 0.02836078405380249 0.12394413352012634 -0.12796148657798767
v 0.04046550393104553 0.12082237005233765 -0.13485774397850037
v 0.02504292130470276 0.10655374079942703 -0.1255839765071869
v 0.025217771530151367 0.10933258384466171 -0.12092292308807373
v 0.04856202006340027 0.1161615327000618 -0.13391828536987305
v 0.05543714761734009 0.11375834792852402 -0.13622575998306274
v 0.037361085414886475 0.10339517891407013 -0.13215771317481995
v 0.04511025547981262 0.10099126398563385 -0.13651546835899353
v 0.04638618230819702 0.10350322723388672 -0.1324724555015564
v 0.03855958580970764 0.10597731173038483 -0.12777546048164368
v 0.0264129638671875 0.11494721472263336 -0.11883267760276794
v 0.02851778268814087 0.12058670073747635 -0.11939200758934021
v 0.02915462851524353 0.12301415205001831 -0.12327328324317932
v 0.03625044226646423 0.10417192429304123 -0.1377144455909729
v 0.02426818013191223 0.10776542872190475 -0.13213244080543518
v 0.023152947425842285 0.11276289075613022 -0.13696634769439697
v 0.035640060901641846 0.1089392900466919 -0.14218053221702576
v 0.04116421937942505 0.11883644759654999 -0.13007506728172302
v 0.03964352607727051 0.11092375963926315 -0.1256226897239685
v 0.041008055210113525 0.11571381986141205 -0.1265030801296234
v 0.036324381828308105 0.11591719090938568 -0.14294031262397766
v 0.04320088028907776 0.10691383481025696 -0.14506903290748596
v 0.05964773893356323 0.09865357726812363 -0.1479792594909668
v 0.0608217716217041 0.09631536155939102 -0.14421877264976501
v 0.05185183882713318 0.09866794943809509 -0.13993361592292786
v 0.05087244510650635 0.10060945153236389 -0.14423957467079163
v 0.044124066829681396 0.1023276299238205 -0.1411856710910797
v 0.049803078174591064 0.10541575402021408 -0.14748719334602356
v 0.06397673487663269 0.1012243926525116 -0.13837996125221252
v 0.06477990746498108 0.10636218637228012 -0.13788917660713196
v 0.06495338678359985 0.11007294803857803 -0.1397043764591217
v 0.023850977420806885 0.11999718099832535 -0.13813480734825134
v 0.06377580761909485 0.11258912831544876 -0.14325615763664246
v 0.06170818209648132 0.11344937235116959 -0.1482730209827423
v 0.05317971110343933 0.10069935023784637 -0.13598957657814026
v 0.06234881281852722 0.09735827893018723 -0.14028391242027283
v 0.05862891674041748 0.10307471454143524 -0.15055015683174133
v 0.058893412351608276 0.10920456051826477 -0.1512264609336853
v 0.06661230325698853 0.10634307563304901 -0.1536688506603241
v 0.06600716710090637 0.10075777769088745 -0.15296754240989685
v 0.06925329566001892 0.11062835156917572 -0.1511612832546234
v 0.07043647766113281 0.11010798066854477 -0.14612680673599243
v 0.07074162364006042 0.1078566387295723 -0.1425512135028839
v 0.06665197014808655 0.0970669537782669 -0.15084388852119446
v 0.06726756691932678 0.0949682965874672 -0.1474682092666626
v 0.06807735562324524 0.09572965651750565 -0.14315661787986755
v 0.0731697678565979 0.09492041170597076 -0.15351822972297668
v 0.07374629378318787 0.09802298247814178 -0.15609222650527954
v 0.08800789713859558 0.10278637707233429 -0.15698158740997314
v 0.08737152814865112 0.10195808112621307 -0.16000697016716003
v 0.08267751336097717 0.10368715226650238 -0.15796402096748352
v 0.08286553621292114 0.10556814074516296 -0.15557673573493958
v 0.07906252145767212 0.10462575405836105 -0.15713122487068176
v 0.07685768604278564 0.10743578523397446 -0.1547410488128662
v 0.08140549063682556 0.09979414939880371 -0.15918660163879395
v 0.0774850845336914 0.10199682414531708 -0.15783116221427917
v 0.08633396029472351 0.09866736829280853 -0.16269472241401672
v 0.08508303761482239 0.09498164057731628 -0.16177842020988464
v 0.08014637231826782 0.09729037433862686 -0.1589128077030182
v 0.07696783542633057 0.09886342287063599 -0.15740972757339478
v 0.09200668334960938 0.09961351752281189 -0.15937095880508423
v 0.09085574746131897 0.10023847222328186 -0.16169175505638123
v 0.07341429591178894 0.10360563546419144 -0.15632423758506775
v 0.07607650756835938 0.10775645077228546 -0.14909076690673828
v 0.08274832367897034 0.10509445518255234 -0.1516219675540924
v 0.08850765228271484 0.10177440941333771 -0.15394213795661926
v 0.0921003520488739 0.0982528105378151 -0.15631043910980225
v 0.08265852928161621 0.10291142761707306 -0.14793357253074646
v 0.08831137418746948 0.09985770285129547 -0.1511155664920807
v 0.09093466401100159 0.09668101370334625 -0.15364328026771545
v 0.08214828372001648 0.09915793687105179 -0.14580866694450378
v 0.08751732110977173 0.09663470089435577 -0.14959225058555603
v 0.07561776041984558 0.10573092103004456 -0.14487192034721375
v 0.07486754655838013 0.10224805027246475 -0.1426859200000763
v 0.08970686793327332 0.09534353017807007 -0.1521974503993988
v 0.09235307574272156 0.0943351686000824 -0.15876832604408264
v 0.09265315532684326 0.09552288055419922 -0.16207072138786316
v 0.09101995825767517 0.09712591022253036 -0.16483339667320251
v 0.07957667112350464 0.09507247805595398 -0.15751755237579346
v 0.08518946170806885 0.09302057325839996 -0.15979328751564026
v 0.07948696613311768 0.092646025121212 -0.15603438019752502
v 0.08524143695831299 0.09120820462703705 -0.15816500782966614
v 0.08885213732719421 0.09379380196332932 -0.16383033990859985
v 0.08961030840873718 0.09247931838035583 -0.1619906723499298
v 0.07029378414154053 0.10415191203355789 -0.1407524049282074
v 0.06930088996887207 0.09955839812755585 -0.14092203974723816
v 0.07384440302848816 0.09771572053432465 -0.14276772737503052
v 0.08097276091575623 0.09458760917186737 -0.14617809653282166
v 0.07280972599983215 0.09408561140298843 -0.14550432562828064
v 0.07290306687355042 0.09321030974388123 -0.15023234486579895
v 0.07928553223609924 0.09130364656448364 -0.15316268801689148
v 0.0795777440071106 0.09161670506000519 -0.1492263376712799
v 0.08497774600982666 0.09058339893817902 -0.15561112761497498
v 0.08508893847465515 0.09073713421821594 -0.15248295664787292
v 0.08630681037902832 0.09295880794525146 -0.1500067412853241
v 0.0888293981552124 0.09100068360567093 -0.1566040813922882
v 0.08964881300926208 0.0913691446185112 -0.15936461091041565
v 0.091024249792099 0.09343265742063522 -0.1557309925556183
v 0.089226633310318 0.09290556609630585 -0.15300464630126953
v 0.08790546655654907 0.09112486988306046 -0.15414592623710632
v 0.0380919873714447 0.0891498476266861 -0.131784588098526
v 0.03314664959907532 0.09204143285751343 -0.1294039785861969
v 0.03137946128845215 0.08775123208761215 -0.12691792845726013
v 0.03662410378456116 0.0847260132431984 -0.12922024726867676
v 0.035385340452194214 0.09150293469429016 -0.14217707514762878
v 0.029419690370559692 0.09522166103124619 -0.14038383960723877
v 0.03208228945732117 0.09600868821144104 -0.13727951049804688
v 0.03737881779670715 0.09261682629585266 -0.1393868327140808
v 0.033016324043273926 0.08730742335319519 -0.14290276169776917
v 0.02640947699546814 0.09056595712900162 -0.14099648594856262
v 0.023565709590911865 0.09855582565069199 -0.13781288266181946
v 0.015431910753250122 0.10266926139593124 -0.1337468922138214
v 0.01882597804069519 0.10298046469688416 -0.12959489226341248
v 0.026838958263397217 0.09923045337200165 -0.13436269760131836
v 0.03335055708885193 0.09473609924316406 -0.13341331481933594
v 0.038465648889541626 0.09173614531755447 -0.13570305705070496
v 0.021061450242996216 0.08391139656305313 -0.12576889991760254
v 0.02725273370742798 0.08088743686676025 -0.12954065203666687
v 0.029167264699935913 0.08356355875730515 -0.12717202305793762
v 0.02291584014892578 0.08679187297821045 -0.1234593391418457
v 0.015257000923156738 0.09591463953256607 -0.11770465970039368
v 0.018269717693328857 0.09995488822460175 -0.120053231716156
v 0.019587069749832153 0.10185258835554123 -0.12444111704826355
v 0.01933315396308899 0.08340717107057571 -0.1304505467414856
v 0.00983196496963501 0.08866607397794724 -0.12516924738883972
v 0.009159505367279053 0.09143027663230896 -0.13097327947616577
v 0.018492668867111206 0.08733624219894409 -0.13544538617134094
v 0.028283774852752686 0.09769171476364136 -0.13005873560905457
v 0.02561834454536438 0.09084028750658035 -0.12297102808952332
v 0.02782440185546875 0.09507277607917786 -0.12568336725234985
v 0.020017147064208984 0.093712717294693 -0.13812467455863953
v 0.02494436502456665 0.08453816175460815 -0.13810381293296814
v 0.040419429540634155 0.07431899756193161 -0.14136844873428345
v 0.041443198919296265 0.07331113517284393 -0.13751709461212158
v 0.032751381397247314 0.07746529579162598 -0.13239333033561707
v 0.03148370981216431 0.0778968334197998 -0.13678553700447083
v 0.025448918342590332 0.08046845346689224 -0.13363346457481384
v 0.03156283497810364 0.08181773871183395 -0.14074721932411194
v 0.04453307390213013 0.0801602303981781 -0.13313201069831848
v 0.04593297839164734 0.08465534448623657 -0.1347607970237732
v 0.04602539539337158 0.08715704828500748 -0.13851499557495117
v 0.011312335729598999 0.0978325679898262 -0.13465911149978638
v 0.011075913906097412 0.08890922367572784 -0.12022605538368225
v 0.04542788863182068 0.08794192224740982 -0.14174440503120422
v 0.044041961431503296 0.08706433326005936 -0.14467808604240417
v 0.03446206450462341 0.0802622139453888 -0.1296805441379547
v 0.04261842370033264 0.07570579648017883 -0.13406363129615784
v 0.0403628945350647 0.07812168449163437 -0.14451172947883606
v 0.0415382981300354 0.08337903767824173 -0.14603319764137268
v 0.04780307412147522 0.08039822429418564 -0.14832434058189392
v 0.04632568359375 0.07522250711917877 -0.14729195833206177
v 0.05043262243270874 0.08408921211957932 -0.14705738425254822
v 0.05136755108833313 0.08471019566059113 -0.14380940794944763
v 0.05135264992713928 0.08404231071472168 -0.1404818892478943
v 0.04641014337539673 0.07182283699512482 -0.14417532086372375
v 0.04723605513572693 0.07107945531606674 -0.14080706238746643
v 0.04764896631240845 0.0734005942940712 -0.13699200749397278
v 0.05087152123451233 0.06949112564325333 -0.1461295187473297
v 0.05206117033958435 0.07259602099657059 -0.1493152379989624
v 0.06656551361083984 0.07673715800046921 -0.1517728865146637
v 0.06581872701644897 0.0753789097070694 -0.1534910798072815
v 0.06168296933174133 0.07725054025650024 -0.15137657523155212
v 0.06225275993347168 0.07913641631603241 -0.15017607808113098
v 0.058299362659454346 0.07857628166675568 -0.15070554614067078
v 0.056343525648117065 0.08114644885063171 -0.14934861660003662
v 0.059833019971847534 0.0743575394153595 -0.15314796566963196
v 0.05619329214096069 0.07633408904075623 -0.15137583017349243
v 0.06393823027610779 0.0721198245882988 -0.15525448322296143
v 0.06195589900016785 0.06849605590105057 -0.15367338061332703
v 0.057962566614151 0.07088972628116608 -0.15154677629470825
v 0.0550706684589386 0.0731552466750145 -0.1508263647556305
v 0.06965488195419312 0.07358124107122421 -0.15359804034233093
v 0.06842541694641113 0.07346080243587494 -0.15509915351867676
v 0.05285343527793884 0.07792752236127853 -0.14999547600746155
v 0.05618751049041748 0.08238314837217331 -0.1456426978111267
v 0.06216654181480408 0.07964164018630981 -0.14728006720542908
v 0.0668509304523468 0.0767805352807045 -0.14900389313697815
v 0.0696166455745697 0.0732378289103508 -0.15046551823616028
v 0.06169608235359192 0.0786101445555687 -0.1441170871257782
v 0.06628084182739258 0.07557142525911331 -0.14624646306037903
v 0.06847497820854187 0.0725436806678772 -0.14764264225959778
v 0.06083083152770996 0.0765165165066719 -0.14144983887672424
v 0.0654032826423645 0.07361937314271927 -0.14421632885932922
v 0.055831581354141235 0.08153548836708069 -0.14213407039642334
v 0.05468219518661499 0.07950665801763535 -0.13906201720237732
v 0.06717783212661743 0.07182791829109192 -0.14601173996925354
v 0.06917178630828857 0.0684499591588974 -0.15145200490951538
v 0.06922471523284912 0.06905628740787506 -0.15492179989814758
v 0.0675666332244873 0.07022905349731445 -0.15696164965629578
v 0.056575268507003784 0.0686430037021637 -0.1501377522945404
v 0.06127318739891052 0.06653716415166855 -0.15178856253623962
v 0.05601215362548828 0.06721752882003784 -0.14758792519569397
v 0.061184972524642944 0.065571129322052 -0.1495364010334015
v 0.06514057517051697 0.0676160454750061 -0.15539506077766418
v 0.06548619270324707 0.06624902039766312 -0.1538531482219696
v 0.05059492588043213 0.08192700147628784 -0.1373005211353302
v 0.0490783154964447 0.0778951570391655 -0.13581740856170654
v 0.053158581256866455 0.07592257857322693 -0.1377880871295929
v 0.05939209461212158 0.0726717859506607 -0.1406308114528656
v 0.05152022838592529 0.07166935503482819 -0.13908997178077698
v 0.051091015338897705 0.06947413086891174 -0.1426369547843933
v 0.05630671977996826 0.06724639236927032 -0.1446647346019745
v 0.05725279450416565 0.06915349513292313 -0.1418350636959076
v 0.06147831678390503 0.0657748430967331 -0.1468830406665802
v 0.0622735321521759 0.06729602813720703 -0.14451700448989868
v 0.06398451328277588 0.07033609598875046 -0.14353063702583313
v 0.06513512134552002 0.06606520712375641 -0.14825960993766785
v 0.06534099578857422 0.06565234810113907 -0.15111389756202698
v 0.06797090172767639 0.06883345544338226 -0.14838454127311707
v 0.06645128130912781 0.06932784616947174 -0.1460467278957367
v 0.06488478183746338 0.06706883758306503 -0.1462080180644989
v 0.012453854084014893 0.0920802503824234 -0.11820411682128906
v 0.009533733129501343 0.06843575835227966 -0.12160143256187439
v 0.006216943264007568 0.0721328929066658 -0.12026596069335938
v 0.004267275333404541 0.06915480643510818 -0.11824044585227966
v 0.007517307996749878 0.06548430025577545 -0.11956354975700378
v 0.006097465753555298 0.06794849038124084 -0.1312962770462036
v 0.0022965669631958008 0.07221449911594391 -0.13030359148979187
v 0.005234271287918091 0.07420579344034195 -0.12761950492858887
v 0.008958637714385986 0.07000090181827545 -0.12888458371162415
v 0.002738058567047119 0.06391756981611252 -0.13093847036361694
v -0.0013779401779174805 0.0679505467414856 -0.12981584668159485
v -0.001889050006866455 0.07698540389537811 -0.12810489535331726
v -0.008420169353485107 0.08498147875070572 -0.12476962804794312
v -0.004232823848724365 0.08549021929502487 -0.121177077293396
v 0.0012129247188568115 0.07890033721923828 -0.1252332627773285
v -0.016873598098754883 0.07764767110347748 -0.11131319403648376
v -0.011492550373077393 0.07374168187379837 -0.11301708221435547
v -0.008365511894226074 0.07612030953168869 -0.11160558462142944
v -0.014180660247802734 0.08054409176111221 -0.10881426930427551
v 0.00659334659576416 0.07403642684221268 -0.12378519773483276
v 0.010054558515548706 0.06994258612394333 -0.12514764070510864
v -0.0049672722816467285 0.06746125966310501 -0.116697758436203
v -0.0010869204998016357 0.06326967477798462 -0.11892297863960266
v 0.0017451643943786621 0.06598819047212601 -0.11781898140907288
v -0.0018557906150817871 0.06991133093833923 -0.11543318629264832
v -0.010381937026977539 0.08369976282119751 -0.10866808891296387
v -0.005335211753845215 0.07900569587945938 -0.11192497611045837
v -0.0033359527587890625 0.08224111795425415 -0.11380144953727722
v -0.006445348262786865 0.08710557222366333 -0.1103614866733551
v -0.002483069896697998 0.08404833823442459 -0.11672133207321167
v -0.0074729323387146 0.06674543023109436 -0.11993789672851562
v -0.01408296823501587 0.07315348088741302 -0.11610418558120728
v -0.015834331512451172 0.07502838224172592 -0.12074989080429077
v -0.008070588111877441 0.06835459172725677 -0.1243334710597992
v 0.002813875675201416 0.07810565829277039 -0.12138858437538147
v 0.0006438493728637695 0.07288843393325806 -0.11588385701179504
v 0.0024501681327819824 0.07600101828575134 -0.11803433299064636
v -0.00581735372543335 0.07305397838354111 -0.12799355387687683
v -0.0034889578819274902 0.06388343125581741 -0.1263774335384369
v 0.005257934331893921 0.053340114653110504 -0.12544208765029907
v 0.006856203079223633 0.0543055459856987 -0.12246939539909363
v 0.0023986101150512695 0.05928315222263336 -0.12034383416175842
v 0.0003159642219543457 0.05817198008298874 -0.1236429512500763
v -0.003325164318084717 0.06217522919178009 -0.12217053771018982
v 0.00032255053520202637 0.0597800612449646 -0.127775639295578
v 0.011885076761245728 0.06072764843702316 -0.1212092936038971
v 0.014097392559051514 0.06342855840921402 -0.12337905168533325
v 0.014516055583953857 0.06483995914459229 -0.12672701478004456
v -0.01356440782546997 0.08095822483301163 -0.12569326162338257
v 0.013859033584594727 0.06474284082651138 -0.1301538646221161
v 0.011430203914642334 0.0628628209233284 -0.13252326846122742
v 0.005083680152893066 0.06218072772026062 -0.11904126405715942
v 0.009430468082427979 0.05726993829011917 -0.12092778086662292
v 0.005451500415802002 0.054894961416721344 -0.12935549020767212
v 0.007877111434936523 0.059132762253284454 -0.13220414519309998
v 0.011973917484283447 0.055226340889930725 -0.13383439183235168
v 0.009634017944335938 0.05103427916765213 -0.1310187578201294
v 0.015408873558044434 0.05903714895248413 -0.1336885392665863
v 0.01722538471221924 0.060887351632118225 -0.13112369179725647
v 0.017577528953552246 0.061174891889095306 -0.12777003645896912
v 0.009239733219146729 0.04982121288776398 -0.12669584155082703
v 0.010509014129638672 0.051274918019771576 -0.12421265244483948
v 0.012388408184051514 0.054312773048877716 -0.12292808294296265
v 0.013124138116836548 0.04669981449842453 -0.12846049666404724
v 0.014122039079666138 0.047596171498298645 -0.13272175192832947
v 0.027221709489822388 0.05085434764623642 -0.13558277487754822
v 0.025731563568115234 0.04970146715641022 -0.13684245944023132
v 0.023122817277908325 0.051482342183589935 -0.1358250379562378
v 0.024024784564971924 0.053530022501945496 -0.13474825024604797
v 0.02017936110496521 0.052936866879463196 -0.13529500365257263
v 0.019335389137268066 0.05555727332830429 -0.13451281189918518
v 0.02061283588409424 0.0488562285900116 -0.1363966166973114
v 0.017861604690551758 0.05077498406171799 -0.13523036241531372
v 0.023636668920516968 0.04634759575128555 -0.13777080178260803
v 0.02195635437965393 0.04297714680433273 -0.13528972864151
v 0.018815219402313232 0.04520167410373688 -0.13445892930030823
v 0.01665961742401123 0.04762251675128937 -0.1342540979385376
v 0.02920284867286682 0.04749979078769684 -0.13655978441238403
v 0.02772986888885498 0.047501467168331146 -0.13779795169830322
v 0.015432626008987427 0.05250824987888336 -0.13469985127449036
v 0.020602643489837646 0.057925112545490265 -0.1321651041507721
v 0.024732619524002075 0.05476895719766617 -0.13301679491996765
v 0.02870011329650879 0.05115004628896713 -0.13393065333366394
v 0.03007608652114868 0.04709441959857941 -0.13437291979789734
v 0.024549126625061035 0.05484338104724884 -0.13036593794822693
v 0.02807384729385376 0.051008425652980804 -0.13140693306922913
v 0.02931031584739685 0.04750940203666687 -0.13194093108177185
v 0.02325078845024109 0.05425722151994705 -0.12773793935775757
v 0.026738494634628296 0.05042064189910889 -0.12929067015647888
v 0.020284026861190796 0.05846744030714035 -0.129100501537323
v 0.019107133150100708 0.05785705894231796 -0.12626948952674866
v 0.02818813920021057 0.04790133982896805 -0.13032758235931396
v 0.028704971075057983 0.04363435506820679 -0.13398391008377075
v 0.0280836820602417 0.043401241302490234 -0.13647529482841492
v 0.02633565664291382 0.04411683231592178 -0.13847896456718445
v 0.017818331718444824 0.04374358057975769 -0.1325039267539978
v 0.02178892493247986 0.04153088480234146 -0.13331285119056702
v 0.01733914017677307 0.04383867233991623 -0.12964597344398499
v 0.02236124873161316 0.04174041748046875 -0.13109305500984192
v 0.02444884181022644 0.04189969599246979 -0.13658133149147034
v 0.02528563141822815 0.04125998914241791 -0.13486164808273315
v 0.016822725534439087 0.06004292517900467 -0.12477204203605652
v 0.014999061822891235 0.05769781768321991 -0.12295880913734436
v 0.017300844192504883 0.05526859313249588 -0.12415304780006409
v 0.021413058042526245 0.0519985556602478 -0.12581896781921387
v 0.015163928270339966 0.05164165794849396 -0.1240643560886383
v 0.01356583833694458 0.048521436750888824 -0.12563326954841614
v 0.018053323030471802 0.045470938086509705 -0.12725487351417542
v 0.01942804455757141 0.048399172723293304 -0.12562814354896545
v 0.022918283939361572 0.043352894484996796 -0.12904468178749084
v 0.02391001582145691 0.04577247053384781 -0.12787023186683655
v 0.025364786386489868 0.048586420714855194 -0.12791725993156433
v 0.026368767023086548 0.04324986785650253 -0.13080468773841858
v 0.026075661182403564 0.041751645505428314 -0.1326482594013214
v 0.028395652770996094 0.04472663998603821 -0.13171657919883728
v 0.027486741542816162 0.04624485224485397 -0.129935622215271
v 0.026254773139953613 0.044797204434871674 -0.1295796036720276
v -0.0183449387550354 0.07659395784139633 -0.1142892837524414
v -0.0002689957618713379 0.18855547904968262 -0.10135078430175781
v 0.00046813488006591797 0.18352332711219788 -0.09898236393928528
v -0.0021213293075561523 0.17945656180381775 -0.0889165997505188
v -0.005062401294708252 0.18272548913955688 -0.0834587812423706
v -0.007826745510101318 0.18876181542873383 -0.08130034804344177
v -0.008691906929016113 0.19406889379024506 -0.08373525738716125
v -0.007544219493865967 0.1976514756679535 -0.0887586772441864
v 0.0001480579376220703 0.18013682961463928 -0.09496986865997314
v -0.0023546218872070312 0.19465944170951843 -0.10090816020965576
v -0.005260050296783447 0.19846364855766296 -0.09549888968467712
v 0.0042192935943603516 0.20230990648269653 -0.0936000645160675
v 0.006611049175262451 0.19823333621025085 -0.09896177053451538
v 0.001625657081604004 0.20195072889328003 -0.08688238263130188
v -0.00015920400619506836 0.19784751534461975 -0.08182847499847412
v -0.0009342432022094727 0.19199860095977783 -0.07987087965011597
v 0.007713973522186279 0.19182223081588745 -0.09972912073135376
v 0.007368266582489014 0.18619169294834137 -0.09769546985626221
v 0.005906343460083008 0.18257734179496765 -0.09296366572380066
v 0.015411972999572754 0.19535593688488007 -0.09901607036590576
v 0.017351865768432617 0.2027554214000702 -0.0977405309677124
v 0.021457672119140625 0.20832884311676025 -0.08240553736686707
v 0.022367656230926514 0.21090736985206604 -0.08613693714141846
v 0.018334567546844482 0.20903994143009186 -0.08646509051322937
v 0.016458868980407715 0.20697563886642456 -0.08275821805000305
v 0.01590597629547119 0.2076869010925293 -0.08771154284477234
v 0.011750936508178711 0.20574209094047546 -0.08544036746025085
v 0.0206642746925354 0.2102794051170349 -0.09216216206550598
v 0.01791059970855713 0.20802877843379974 -0.0921144187450409
v 0.02316051721572876 0.20781706273555756 -0.09678724408149719
v 0.01991105079650879 0.20710423588752747 -0.09610560536384583
v 0.024539530277252197 0.21264851093292236 -0.09184384346008301
v 0.02600860595703125 0.21223968267440796 -0.08636060357093811
v 0.028136491775512695 0.21279728412628174 -0.09065470099449158
v 0.02654796838760376 0.20989836752414703 -0.08398422598838806
v 0.013769984245300293 0.20610034465789795 -0.09218841791152954
v 0.00782245397567749 0.2011311948299408 -0.08061107993125916
v 0.014980435371398926 0.2035515308380127 -0.07956025004386902
v 0.021380245685577393 0.20493431389331818 -0.079892098903656
v 0.026909351348876953 0.20566067099571228 -0.0824928879737854
v 0.014678239822387695 0.19780921936035156 -0.07828274369239807
v 0.02184152603149414 0.20008251070976257 -0.07990258932113647
v 0.026447594165802002 0.2015085220336914 -0.08272349834442139
v 0.015609562397003174 0.1925869882106781 -0.0804431140422821
v 0.022419333457946777 0.19640660285949707 -0.0820402204990387
v 0.0057790279388427734 0.1946413815021515 -0.07836291193962097
v 0.006050825119018555 0.18841755390167236 -0.08044752478599548
v 0.02601689100265503 0.1987183541059494 -0.08354315161705017
v 0.03047633171081543 0.20556992292404175 -0.0874338150024414
v 0.030733883380889893 0.21012859046459198 -0.08862859010696411
v 0.023664891719818115 0.2034677267074585 -0.09827646613121033
v 0.02659916877746582 0.20983698964118958 -0.09608152508735657
v 0.02787548303604126 0.20552706718444824 -0.09686562418937683
v 0.02279108762741089 0.1981157511472702 -0.09810104966163635
v 0.028013527393341064 0.20099203288555145 -0.09579876065254211
v 0.02924215793609619 0.21125325560569763 -0.09445977210998535
v 0.03081566095352173 0.20799243450164795 -0.09397199749946594
v 0.00039082765579223633 0.18573430180549622 -0.08165624737739563
v 0.0031371712684631348 0.1822594404220581 -0.08660170435905457
v 0.008468389511108398 0.18509235978126526 -0.08603695034980774
v 0.017161548137664795 0.18962132930755615 -0.08588993549346924
v 0.011838674545288086 0.18532037734985352 -0.09240105748176575
v 0.014086484909057617 0.18927693367004395 -0.09740453958511353
v 0.021828114986419678 0.19327788054943085 -0.09607616066932678
v 0.019814729690551758 0.18992631137371063 -0.09156379103660583
v 0.027108311653137207 0.19730043411254883 -0.0934828519821167
v 0.02573239803314209 0.19486933946609497 -0.09020435810089111
v 0.0238531231880188 0.1947346180677414 -0.08593416213989258
v 0.029205143451690674 0.2001524269580841 -0.09051480889320374
v 0.03070652484893799 0.20373938977718353 -0.09227284789085388
v 0.028957903385162354 0.20161515474319458 -0.0866784155368805
v 0.02714693546295166 0.19844019412994385 -0.08633989095687866
v 0.027745366096496582 0.1979450285434723 -0.08915454149246216
v -0.01985722780227661 0.0834634080529213 -0.10633999109268188
v -0.01580500602722168 0.08791626989841461 -0.10568466782569885
v -0.02322077751159668 0.09120303392410278 -0.10434368252754211
v -0.03179043531417847 0.09455468505620956 -0.10263261198997498
v -0.04217863082885742 0.09305371344089508 -0.10444232821464539
v -0.028483986854553223 0.100403793156147 -0.10289624333381653
v -0.019963204860687256 0.09688850492238998 -0.10470867156982422
v -0.010335803031921387 0.09334009140729904 -0.10714000463485718
v -0.03250753879547119 0.10828868299722672 -0.10231974720954895
v -0.1299939751625061 0.40577030181884766 0.008492231369018555
v -0.13309505581855774 0.4050879180431366 0.010946184396743774
v -0.13367080688476562 0.39996227622032166 0.01461118459701538
v -0.13123294711112976 0.39970192313194275 0.01268857717514038
v -0.12800925970077515 0.3995473384857178 0.010936886072158813
v -0.12422090768814087 0.4000323414802551 0.009716466069221497
v -0.1197291687130928 0.40758687257766724 0.007096394896507263
v -0.12527954578399658 0.4073241651058197 0.0072209835052490234
v -0.10964236408472061 0.40381699800491333 0.009487256407737732
v -0.11162961274385452 0.40488073229789734 0.00951242446899414
v -0.11031530052423477 0.40286391973495483 0.009272485971450806
v -0.11620856076478958 0.40165507793426514 0.008874282240867615
v -0.11259700357913971 0.40255647897720337 0.009353101253509521
v -0.1365227997303009 0.4031340777873993 0.015337973833084106
v -0.13717053830623627 0.40211379528045654 0.016722410917282104
v -0.13506673276424408 0.40391457080841064 0.013247773051261902
v -0.12009408324956894 0.40075868368148804 0.009032264351844788
v -0.13675057888031006 0.4011579155921936 0.01710832118988037
v -0.13546475768089294 0.40049833059310913 0.01640540361404419
v -0.1150527074933052 0.4067595601081848 0.008198142051696777
v -0.12854249775409698 0.40170228481292725 0.01072220504283905
v -0.12466283142566681 0.40234866738319397 0.009444266557693481
v -0.12022729218006134 0.40535247325897217 0.007644876837730408
v -0.12511441111564636 0.4050648808479309 0.008499562740325928
v -0.116715207695961 0.4035854935646057 0.008685946464538574
v -0.11425060033798218 0.40373098850250244 0.0091744065284729
v -0.13151690363883972 0.4015587866306305 0.012402772903442383
v -0.12040859460830688 0.4029136598110199 0.008629277348518372
v -0.1294524073600769 0.40445268154144287 0.009952232241630554
v -0.11386360973119736 0.404472678899765 0.00886005163192749
v -0.11618419736623764 0.40541017055511475 0.008273333311080933
v -0.13624709844589233 0.40157219767570496 0.01605987548828125
v -0.13609743118286133 0.40152880549430847 0.016198813915252686
v -0.08466455340385437 0.1732604205608368 0.09455758333206177
v -0.08453083038330078 0.15523478388786316 0.09263479709625244
v -0.13235390186309814 0.40345603227615356 0.011718004941940308
v -0.13509079813957214 0.4013676047325134 0.015368551015853882
v -0.1335449069738388 0.40137121081352234 0.013954117894172668
v -0.13412883877754211 0.40279385447502136 0.013572946190834045
v -0.13552677631378174 0.40228185057640076 0.01510186493396759
v -0.2272453010082245 0.23642951250076294 -0.010091513395309448
v -0.23296883702278137 0.21953672170639038 -0.006686300039291382
v -0.2524782419204712 0.28635287284851074 -0.013153314590454102
v -0.2716737985610962 0.2909288704395294 -0.002526402473449707
v -0.16632775962352753 -0.09827403724193573 0.11665444821119308
v -0.25297170877456665 0.014080729335546494 0.2807304263114929
v -0.2530958950519562 0.03568800538778305 0.27947115898132324
v -0.18644177913665771 0.03193605691194534 0.32600754499435425
v -0.20628295838832855 0.029407834634184837 0.31895264983177185
v -0.2572178244590759 -0.015266463160514832 0.17062266170978546
v -0.2596166729927063 -0.03502225875854492 0.17316687107086182
v -0.2083178162574768 -0.045956626534461975 0.13114774227142334
v -0.20930612087249756 -0.06607021391391754 0.1344907581806183
v -0.2474071979522705 -0.06490038335323334 0.15775880217552185
v -0.23497307300567627 -0.019943207502365112 0.31370818614959717
v -0.2282676100730896 0.0025558974593877792 0.31082212924957275
v -0.24352681636810303 -0.0015058480203151703 0.2975086569786072
v -0.25022998452186584 -0.023021068423986435 0.30035674571990967
v -0.17003220319747925 0.006648162379860878 0.3284158706665039
v -0.16515962779521942 0.03022133558988571 0.3280068039894104
v -0.26578661799430847 0.01531766727566719 0.18695282936096191
v -0.2710844874382019 0.02604728192090988 0.20993730425834656
v -0.26376664638519287 0.04596585035324097 0.25492408871650696
v -0.2533690631389618 0.056292854249477386 0.2737118899822235
v -0.22130730748176575 0.07454613596200943 0.2999219298362732
v -0.23908689618110657 0.0661589577794075 0.2879086136817932
v -0.18772193789482117 -0.03244950622320175 0.11705072224140167
v -0.16439780592918396 -0.01738649606704712 0.10959084331989288
v -0.25384703278541565 0.005084468051791191 0.16636303067207336
v -0.11996789276599884 -0.04895775020122528 0.11013602465391159
v -0.17657427489757538 0.10934249311685562 0.3140603303909302
v -0.2010211944580078 0.10719217360019684 0.3035539388656616
v -0.2702334225177765 0.036193639039993286 0.2330913245677948
v -0.09882639348506927 0.11096084117889404 0.08056636154651642
v -0.1002233698964119 0.09429749846458435 0.07834228873252869
v -0.11333270370960236 0.10015147924423218 0.07269686460494995
v -0.11363441497087479 0.11696046590805054 0.07651042938232422
v -0.12739026546478271 0.10578567534685135 0.06887978315353394
v -0.14131085574626923 0.11133982241153717 0.06647223234176636
v -0.15440034866333008 0.11653024703264236 0.06556305289268494
v -0.18822044134140015 0.12635108828544617 0.06987899541854858
v -0.17772358655929565 0.12386250495910645 0.0674886405467987
v -0.20633864402770996 0.1296873390674591 0.07840286195278168
v -0.1973923146724701 0.12856124341487885 0.072934091091156
v -0.21653810143470764 0.12532755732536316 0.08866146206855774
v -0.22734437882900238 0.11965829133987427 0.10281054675579071
v -0.23829051852226257 0.1146448478102684 0.119116872549057
v -0.23706385493278503 0.13284972310066223 0.11672385036945343
v -0.22805289924144745 0.1028837263584137 0.10284379124641418
v -0.2180778682231903 0.10801053047180176 0.08923923969268799
v -0.20833724737167358 0.11083805561065674 0.0786270797252655
v -0.09462109208106995 0.05287240445613861 0.08742710947990417
v -0.10158418864011765 0.031559642404317856 0.09536822140216827
v -0.08373848348855972 0.18992049992084503 0.09701746702194214
v -0.26302242279052734 0.18130823969841003 -0.1630849838256836
v -0.13029778003692627 0.18028686940670013 -0.09929856657981873
v -0.1283092498779297 0.27463459968566895 0.23754113912582397
v -0.10962235927581787 0.26897507905960083 0.24303430318832397
v -0.09563549607992172 0.25803014636039734 0.24965299665927887
v -0.09282180666923523 0.267367959022522 0.24467560648918152
v -0.17720074951648712 0.3013894557952881 0.18146562576293945
v -0.17730620503425598 0.29291361570358276 0.2039773315191269
v -0.16742649674415588 0.2827419936656952 0.22250187397003174
v -0.15131409466266632 0.2736831605434418 0.23570279777050018
v -0.23370909690856934 0.013397058472037315 0.14408543705940247
v -0.14153338968753815 0.24890439212322235 0.25658583641052246
v -0.15737950801849365 0.2668797969818115 0.2418850213289261
v -0.17585615813732147 0.2772980332374573 0.22828024625778198
v -0.1884377896785736 0.28807470202445984 0.2081966996192932
v -0.19159360229969025 0.299861878156662 0.1813553273677826
v -0.19881372153759003 0.3023929297924042 0.16795217990875244
v -0.22454959154129028 0.3004072904586792 0.15818893909454346
v -0.22934359312057495 0.3035767078399658 0.1450592279434204
v -0.21599340438842773 0.3084225058555603 0.1324264109134674
v -0.22105100750923157 0.3110637068748474 0.11739538609981537
v -0.23474690318107605 0.3066354990005493 0.13019341230392456
v -0.26915764808654785 0.2979772090911865 0.035447388887405396
v -0.2786223292350769 0.29120147228240967 0.023155033588409424
v -0.29027259349823 0.2831987738609314 0.019446194171905518
v -0.3010672628879547 0.27333658933639526 0.01987794041633606
v -0.3084176182746887 0.2632264792919159 0.025797009468078613
v -0.3120347261428833 0.25186002254486084 0.03702518343925476
v -0.3105109632015228 0.24326008558273315 0.052756428718566895
v -0.2940743565559387 0.22769196331501007 0.10260243713855743
v -0.2882687449455261 0.22202566266059875 0.12114615738391876
v -0.27640455961227417 0.19403837621212006 0.16514228284358978
v -0.2754198908805847 0.18454846739768982 0.17788711190223694
v -0.26116546988487244 0.13680732250213623 0.23707464337348938
v -0.27094176411628723 0.15243016183376312 0.21944549679756165
v -0.25379422307014465 0.12253216654062271 0.2531670928001404
v -0.27455830574035645 -0.12566415965557098 0.33324968814849854
v -0.2645178437232971 -0.10804539918899536 0.3265630304813385
v -0.2811281681060791 -0.10485610365867615 0.31218427419662476
v -0.2892448902130127 -0.12300765514373779 0.3175174593925476
v -0.18889765441417694 -0.07292038202285767 0.33997130393981934
v -0.21099244058132172 -0.07017262279987335 0.3356378674507141
v -0.3037959337234497 -0.11470790207386017 0.2177661806344986
v -0.30700409412384033 -0.10858149081468582 0.24539180099964142
v -0.30348044633865356 -0.10486321896314621 0.2710776925086975
v -0.2938157916069031 -0.10346704721450806 0.29309752583503723
v -0.2930755019187927 -0.12381958961486816 0.19413700699806213
v -0.19548173248767853 -0.18341606855392456 0.133333221077919
v -0.216608464717865 -0.17244577407836914 0.1401458978652954
v -0.13467538356781006 -0.2031424194574356 0.1321893334388733
v -0.15375860035419464 -0.19876214861869812 0.12999363243579865
v -0.2776324152946472 -0.13549071550369263 0.1744929850101471
v -0.17398464679718018 -0.1921640783548355 0.1298777163028717
v -0.23740187287330627 -0.16107504069805145 0.14927533268928528
v -0.25888165831565857 -0.14865177869796753 0.16007594764232635
v -0.25603386759757996 -0.0883871465921402 0.32225555181503296
v -0.23879843950271606 -0.0904080718755722 0.3324807584285736
v -0.23032298684120178 -0.06757965683937073 0.32805579900741577
v -0.1616101711988449 0.17568236589431763 0.29561132192611694
v -0.18450017273426056 0.18166011571884155 0.2865411043167114
v -0.20647159218788147 0.1872934103012085 0.27351462841033936
v -0.2220003306865692 0.21232870221138 0.25158706307411194
v -0.2371143102645874 0.22071415185928345 0.23461613059043884
v -0.2421199530363083 0.20498310029506683 0.23692429065704346
v -0.2263266146183014 0.19558075070381165 0.2564581632614136
v -0.25463229417800903 0.23382022976875305 0.1958112120628357
v -0.26072853803634644 0.2402675747871399 0.18003249168395996
v -0.2643638849258423 0.22906270623207092 0.18081383407115936
v -0.25919100642204285 0.22239919006824493 0.19665923714637756
v -0.269915372133255 0.2356349676847458 0.1667010635137558
v -0.2759072780609131 0.2407553642988205 0.15244200825691223
v -0.28080257773399353 0.2454652041196823 0.13713426887989044
v -0.2855817675590515 0.25084254145622253 0.11978992819786072
v -0.2791730761528015 0.27382466197013855 0.11906038969755173
v -0.27395105361938477 0.2697604298591614 0.13504642248153687
v -0.2500779628753662 0.2468365728855133 0.19391031563282013
v -0.24274857342243195 0.24161261320114136 0.21220985054969788
v -0.1535254716873169 0.20357687771320343 0.2809635400772095
v -0.13196033239364624 0.19680270552635193 0.2837143838405609
v -0.24957403540611267 0.11730623990297318 0.13449305295944214
v -0.2597215473651886 0.12132574617862701 0.15013004839420319
v -0.2668969929218292 0.12721404433250427 0.16445030272006989
v -0.27209150791168213 0.13467121124267578 0.17746156454086304
v -0.2758861184120178 0.14330396056175232 0.18816083669662476
v -0.2769806385040283 0.15278998017311096 0.19761613011360168
v -0.2742668092250824 0.16352424025535583 0.20507337152957916
v -0.27513349056243896 0.17447790503501892 0.19100922346115112
v -0.2693524956703186 0.17472533881664276 0.21056808531284332
v -0.2715199887752533 0.18555599451065063 0.19494476914405823
v -0.2630613446235657 0.18724849820137024 0.2148074507713318
v -0.25714099407196045 0.20075403153896332 0.21670225262641907
v -0.2517227232456207 0.21439829468727112 0.21633484959602356
v -0.24672722816467285 0.22824613749980927 0.2149459719657898
v -0.21847882866859436 0.22815625369548798 0.24693626165390015
v -0.23277074098587036 0.23557722568511963 0.23064956068992615
v -0.19597749412059784 0.23516099154949188 0.2554505467414856
v -0.19341854751110077 0.2485022246837616 0.2493569701910019
v -0.20123878121376038 0.20357581973075867 0.26775214076042175
v -0.19989413022994995 0.2208678424358368 0.2610875070095062
v -0.14636485278606415 0.3046489357948303 0.18763485550880432
v -0.13544714450836182 0.2974250912666321 0.20251145958900452
v -0.3019918203353882 0.25477710366249084 0.06408609449863434
v -0.3061903119087219 0.2545284628868103 0.051893994212150574
v -0.3059021234512329 0.2471799999475479 0.06199267506599426
v -0.3030465543270111 0.24929802119731903 0.06859830021858215
v -0.30347034335136414 0.2630459666252136 0.04413957893848419
v -0.295101523399353 0.2716054916381836 0.05660749971866608
v -0.29762113094329834 0.27242112159729004 0.03958198428153992
v -0.29931655526161194 0.2625654935836792 0.05942842364311218
v -0.28984564542770386 0.2814422845840454 0.038501232862472534
v -0.28941312432289124 0.28037527203559875 0.05438736081123352
v -0.2823372185230255 0.28943511843681335 0.041455596685409546
v -0.2833278775215149 0.28758516907691956 0.05446629226207733
v -0.2787511348724365 0.29260364174842834 0.0558241605758667
v -0.2751939594745636 0.2951471209526062 0.04747873544692993
v -0.2716538906097412 0.29525116086006165 0.0983656644821167
v -0.27459436655044556 0.2956882119178772 0.08229902386665344
v -0.2775619626045227 0.29431629180908203 0.06721411645412445
v -0.28980764746665955 0.25386548042297363 0.10514378547668457
v -0.2935534417629242 0.2583126425743103 0.08936259150505066
v -0.2965686321258545 0.2608569264411926 0.07433387637138367
v -0.2929914593696594 0.26999929547309875 0.07177382707595825
v -0.2905903458595276 0.26742789149284363 0.0875874012708664
v -0.28746354579925537 0.2642562985420227 0.10390357673168182
v -0.156401127576828 0.19097045063972473 0.2890048623085022
v -0.1786629557609558 0.197299063205719 0.2815827429294586
v -0.2666732370853424 0.24673064053058624 0.16557861864566803
v -0.2717319130897522 0.25181689858436584 0.15226885676383972
v -0.27739930152893066 0.25650885701179504 0.13744071125984192
v -0.28280073404312134 0.26116943359375 0.12039683014154434
v -0.26879870891571045 0.2642670273780823 0.15033477544784546
v -0.2626614570617676 0.2586768865585327 0.1639891266822815
v -0.2566888630390167 0.2528257369995117 0.1782282292842865
v -0.17651744186878204 0.21194550395011902 0.2742382884025574
v -0.13573165237903595 0.1843940019607544 0.2924007177352905
v -0.18456754088401794 0.25054001808166504 0.06477192044258118
v -0.1834813505411148 0.2762145400047302 0.0716540515422821
v -0.1918526142835617 0.29835957288742065 0.08287453651428223
v -0.20614725351333618 0.3091406226158142 0.099458709359169
v -0.08310161530971527 0.2913925349712372 0.22074243426322937
v -0.32943063974380493 0.19450876116752625 -0.11934816837310791
v -0.12421584129333496 0.12878921627998352 0.31714192032814026
v -0.12036313861608505 0.14924116432666779 0.3111906051635742
v -0.138885498046875 0.053276676684617996 0.32543236017227173
v -0.1337309628725052 0.07907972484827042 0.3264601230621338
v -0.20293012261390686 -0.04382133483886719 0.3320726156234741
v -0.18148590624332428 -0.04475656896829605 0.3346881568431854
v -0.17500023543834686 -0.01932641863822937 0.3314613699913025
v -0.17131295800209045 -0.09827408194541931 0.35364988446235657
v -0.16497288644313812 -0.0757901519536972 0.34228023886680603
v -0.1539737433195114 -0.02173011004924774 0.33052438497543335
v -0.14841295778751373 0.003601185977458954 0.32681748270988464
v -0.15192033350467682 0.10770393162965775 0.31896889209747314
v -0.13916853070259094 0.17061540484428406 0.3010638356208801
v -0.1143970638513565 0.18068411946296692 0.2954113483428955
v -0.11209848523139954 0.1934971660375595 0.2867751717567444
v -0.11018186807632446 0.20646421611309052 0.27966174483299255
v -0.1684277355670929 0.08677758276462555 0.06181854009628296
v -0.16727426648139954 0.10301189124584198 0.06366007030010223
v -0.15511253476142883 0.09928648918867111 0.0630311369895935
v -0.15648794174194336 0.08314727246761322 0.06133027374744415
v -0.1902901977300644 0.0934925228357315 0.06675992906093597
v -0.18938663601875305 0.1090678870677948 0.06838181614875793
v -0.17853698134422302 0.10627631843090057 0.0658331960439682
v -0.17992287874221802 0.09028717130422592 0.06399804353713989
v -0.19894099235534668 0.11071093380451202 0.07255378365516663
v -0.19992560148239136 0.09532210975885391 0.07176508009433746
v -0.1704176962375641 0.07045337557792664 0.0619870126247406
v -0.18211886286735535 0.07448294758796692 0.06369274854660034
v -0.1586100459098816 0.06719955801963806 0.06167902052402496
v -0.2003629505634308 0.08067671954631805 0.07180634140968323
v -0.19161075353622437 0.07820126414299011 0.06707337498664856
v -0.0840868130326271 0.2878428101539612 0.03228464722633362
v -0.08525025844573975 0.29059481620788574 0.015430361032485962
v -0.08680816739797592 0.3327144384384155 -0.007010370492935181
v -0.08689515292644501 0.33753979206085205 -0.005743727087974548
v -0.07429220527410507 0.2788975238800049 0.05801600217819214
v -0.07216376066207886 0.2716599106788635 0.06603565812110901
v -0.08118628710508347 0.31431591510772705 -0.0016814470291137695
v -0.0795610249042511 0.2999855875968933 0.001142457127571106
v -0.08781920373439789 0.3593347370624542 -0.01216888427734375
v -0.08722084760665894 0.3559897840023041 -0.010369569063186646
v -0.08602306246757507 0.34462547302246094 -0.009871631860733032
v -0.08555793762207031 0.3409421741962433 -0.008096247911453247
v -0.07004433870315552 0.2630273699760437 0.07402025163173676
v -0.07592286169528961 0.284285306930542 0.04813221096992493
v -0.06880774348974228 0.24430781602859497 0.08935706317424774
v -0.06957956403493881 0.2347453236579895 0.096541628241539
v -0.08093918859958649 0.2259543538093567 0.10117484629154205
v -0.0825270265340805 0.21505476534366608 0.10257701575756073
v -0.09061482548713684 0.0715099647641182 0.08450090885162354
v -0.08403066545724869 0.12121230363845825 0.08691024780273438
v -0.08480950444936752 0.10665945708751678 0.08401966094970703
v -0.08435817062854767 0.13749073445796967 0.09068262577056885
v -0.08292641490697861 0.2031230926513672 0.1003667414188385
v -0.0688975527882576 0.2541126608848572 0.08180728554725647
v -0.08373390138149261 0.32824277877807617 -0.005777925252914429
v -0.08245831727981567 0.3225097954273224 -0.0025724470615386963
v -0.0868014544248581 0.35205787420272827 -0.009899288415908813
v -0.08641912043094635 0.34838053584098816 -0.009914427995681763
v -0.07089897990226746 0.17046937346458435 0.09750653803348541
v -0.07076215744018555 0.15220068395137787 0.09537681937217712
v -0.08776398003101349 0.08845751732587814 0.08427679538726807
v -0.08092594891786575 0.04924217239022255 0.09476335346698761
v -0.08560234308242798 0.027375902980566025 0.10325637459754944
v -0.07110065966844559 0.1873210370540619 0.09963944554328918
v -0.0896001085639 0.007546510547399521 0.11166927218437195
v -0.3488440215587616 -0.29561346769332886 0.2928597033023834
v -0.3391256332397461 -0.31309205293655396 0.3169197142124176
v -0.3313671946525574 -0.2951371669769287 0.3328753411769867
v -0.3392844796180725 -0.2819940745830536 0.31584399938583374
v -0.33692359924316406 -0.23986545205116272 0.2951081097126007
v -0.33436042070388794 -0.21348993480205536 0.2893367409706116
v -0.3304179906845093 -0.18659605085849762 0.28364989161491394
v -0.3167250156402588 -0.3033791780471802 0.3509092628955841
v -0.29353421926498413 -0.28513216972351074 0.3771936893463135
v -0.2960808277130127 -0.30828022956848145 0.36697918176651
v -0.3234780728816986 -0.18638591468334198 0.31175509095191956
v -0.3270149230957031 -0.2121393084526062 0.31721097230911255
v -0.3325100243091583 -0.2731879949569702 0.32896146178245544
v -0.3319915533065796 -0.2589465081691742 0.3256266713142395
v -0.3406384587287903 -0.2631925344467163 0.3040560185909271
v -0.31263408064842224 -0.28196829557418823 0.3591591715812683
v -0.32571759819984436 -0.27815115451812744 0.3422585129737854
v -0.23800009489059448 -0.1319315880537033 0.35507285594940186
v -0.24637621641159058 -0.15057416260242462 0.3645467758178711
v -0.22089068591594696 -0.15398544073104858 0.3737986087799072
v -0.302097350358963 -0.12059511244297028 0.29701560735702515
v -0.2987295985221863 -0.1412031203508377 0.3239371180534363
v -0.20284250378608704 -0.3060709536075592 0.38555076718330383
v -0.3226655423641205 -0.2594732940196991 0.34495967626571655
v -0.28910475969314575 -0.2612594962120056 0.37985095381736755
v -0.3095583915710449 -0.2598536014556885 0.36379045248031616
v -0.27992722392082214 -0.18896269798278809 0.3705235421657562
v -0.2981826663017273 -0.18801866471767426 0.3546542525291443
v -0.30124181509017944 -0.21227280795574188 0.360352098941803
v -0.28344637155532837 -0.21264690160751343 0.37701183557510376
v -0.31235942244529724 -0.1871044784784317 0.3357784152030945
v -0.3065486550331116 -0.16266562044620514 0.3298146426677704
v -0.27440544962882996 -0.16694922745227814 0.3625275492668152
v -0.29191792011260986 -0.16459526121616364 0.3478055000305176
v -0.2840538024902344 -0.14386796951293945 0.34081563353538513
v -0.3157661557197571 -0.21306073665618896 0.34062129259109497
v -0.28648608922958374 -0.23724669218063354 0.38091111183166504
v -0.26187843084335327 -0.23887091875076294 0.3947138786315918
v -0.23345372080802917 -0.24067863821983337 0.40202030539512634
v -0.20496945083141327 -0.24576181173324585 0.4060671925544739
v -0.20132598280906677 -0.22186416387557983 0.40611976385116577
v -0.26661571860313416 -0.14696548879146576 0.3538520336151123
v -0.24740800261497498 -0.11006279289722443 0.3377748429775238
v -0.25793856382369995 -0.12834471464157104 0.3455515503883362
v -0.22267398238182068 -0.04330819845199585 0.3240218162536621
v -0.3070145845413208 -0.5259893536567688 0.16451464593410492
v -0.18318307399749756 -0.37335845828056335 0.2773616909980774
v -0.1780913770198822 -0.37675562500953674 0.2539839446544647
v -0.3229359984397888 -0.26755085587501526 0.1717701554298401
v -0.35303571820259094 -0.2814624011516571 0.24153031408786774
v -0.3480590581893921 -0.2708800137042999 0.2753441333770752
v -0.17826390266418457 -0.3743797838687897 0.20994716882705688
v -0.18624019622802734 -0.3652989864349365 0.18467727303504944
v -0.29817208647727966 -0.27816954255104065 0.1508195698261261
v -0.24916303157806396 -0.31957608461380005 0.14325383305549622
v -0.1765243113040924 -0.3774648606777191 0.23328223824501038
v -0.32955077290534973 -0.237140953540802 0.3211228847503662
v -0.31948238611221313 -0.237074613571167 0.3439555764198303
v -0.3054356276988983 -0.2372521162033081 0.36349886655807495
v -0.2646184265613556 -0.26283419132232666 0.39372795820236206
v -0.23456409573554993 -0.2637758255004883 0.40125560760498047
v -0.20590989291667938 -0.2669444680213928 0.4031904637813568
v -0.1615849733352661 -0.32416582107543945 0.16175276041030884
v -0.14897595345973969 -0.31795990467071533 0.16241559386253357
v -0.15488635003566742 -0.31498855352401733 0.15948045253753662
v -0.13819530606269836 -0.30608806014060974 0.1628318727016449
v -0.1416092962026596 -0.3206702470779419 0.16708627343177795
v -0.15328848361968994 -0.3314037621021271 0.16828760504722595
v -0.14537709951400757 -0.3342776298522949 0.17437829077243805
v -0.14909778535366058 -0.34587177634239197 0.18511225283145905
v -0.19685420393943787 -0.20166975259780884 0.13633015751838684
v -0.21930131316184998 -0.19106918573379517 0.141697496175766
v -0.13659165799617767 -0.22132879495620728 0.137154221534729
v -0.15502393245697021 -0.21722008287906647 0.13446128368377686
v -0.2832256555557251 -0.15275824069976807 0.17537346482276917
v -0.1751057207584381 -0.21061545610427856 0.13389602303504944
v -0.24173778295516968 -0.17955240607261658 0.1499340832233429
v -0.26395153999328613 -0.16613805294036865 0.16072309017181396
v -0.19349227845668793 -0.176323801279068 0.39264678955078125
v -0.18863484263420105 -0.15488363802433014 0.3827044367790222
v -0.12014365941286087 -0.2247486114501953 0.14264483749866486
v -0.07788938283920288 0.29131728410720825 0.014248505234718323
v -0.07665213942527771 0.2884494662284851 0.032325342297554016
v -0.09881111234426498 0.4780908226966858 0.0036250650882720947
v -0.07486733794212341 0.32203903794288635 0.17797519266605377
v -0.09449175000190735 0.42221733927726746 -0.009261786937713623
v -0.08496014773845673 0.3375893235206604 -0.0058844685554504395
v -0.08856381475925446 0.36123186349868774 -0.015390470623970032
v -0.07080671936273575 0.2245260775089264 0.10353536903858185
v -0.07173769176006317 0.21316765248775482 0.10585032403469086
v -0.178307443857193 -0.36794158816337585 0.2717803418636322
v -0.07140425592660904 0.20073749125003815 0.10348206758499146
v -0.18365004658699036 -0.36654725670814514 0.28532058000564575
v -0.1439414918422699 0.027954502031207085 0.32653746008872986
v -0.37196850776672363 -0.9746997356414795 0.26664215326309204
v -0.3733018636703491 -0.9724476337432861 0.28210848569869995
v -0.3793269395828247 -1.0008721351623535 0.2751538157463074
v -0.376932829618454 -1.0029418468475342 0.2609271705150604
v -0.39701247215270996 -0.964051365852356 0.30564314126968384
v -0.3843764066696167 -0.9681119322776794 0.3007161319255829
v -0.4113205075263977 -0.9612376093864441 0.30383723974227905
v -0.4229617416858673 -0.9603933691978455 0.2951120138168335
v -0.42153623700141907 -0.9898683428764343 0.29327160120010376
v -0.41216546297073364 -0.9907705187797546 0.3027687966823578
v -0.4290850758552551 -0.9604640007019043 0.28380459547042847
v -0.43360936641693115 -0.989941418170929 0.27064836025238037
v -0.432563453912735 -0.9610618948936462 0.2707167863845825
v -0.4310730993747711 -0.9628621339797974 0.251997172832489
v -0.43100908398628235 -0.9910431504249573 0.25250300765037537
v -0.42057886719703674 -0.968054473400116 0.23479388654232025
v -0.4221879243850708 -0.9956408143043518 0.23616550862789154
v -0.40525951981544495 -0.973321259021759 0.22800537943840027
v -0.3758102059364319 -0.9770651459693909 0.2508606016635895
v -0.3789146840572357 -1.004826307296753 0.24486227333545685
v -0.39900854229927063 -0.9933841824531555 0.3039720058441162
v -0.38861316442489624 -0.9972302317619324 0.2963855266571045
v -0.383344829082489 -0.9992212653160095 0.2854868173599243
v -0.3776024878025055 -0.9707354307174683 0.2925623655319214
v -0.3828484117984772 -1.0293364524841309 0.2702706754207611
v -0.3759593069553375 -1.0312607288360596 0.25516456365585327
v -0.4006621837615967 -1.0218884944915771 0.3033500909805298
v -0.39321368932724 -1.0254113674163818 0.29126814007759094
v -0.42085710167884827 -1.0182738304138184 0.2931539714336395
v -0.41340509057044983 -1.018547773361206 0.30470746755599976
v -0.43823277950286865 -1.0170326232910156 0.27117806673049927
v -0.4298451244831085 -1.0174970626831055 0.282475084066391
v -0.42826393246650696 -0.9895375370979309 0.28261157870292664
v -0.4354320168495178 -1.017963171005249 0.2539116144180298
v -0.4269542694091797 -1.0215332508087158 0.2338954657316208
v -0.37901726365089417 -1.0319664478302002 0.23681944608688354
v -0.38821887969970703 -1.0277085304260254 0.28064456582069397
v -0.4581470489501953 -1.1226720809936523 0.08781792223453522
v -0.4562529921531677 -1.118370771408081 0.08810834586620331
v -0.45194458961486816 -1.1189641952514648 0.08701476454734802
v -0.4515798091888428 -1.1243178844451904 0.08630023896694183
v -0.41985440254211426 -1.1294381618499756 0.07276608049869537
v -0.4169279634952545 -1.1199760437011719 0.07014824450016022
v -0.40908676385879517 -1.1229465007781982 0.0723329484462738
v -0.4091354012489319 -1.1340985298156738 0.07464003562927246
v -0.4371470510959625 -1.1269805431365967 0.07581540942192078
v -0.43851950764656067 -1.130009412765503 0.07948018610477448
v -0.44337621331214905 -1.1291911602020264 0.08055277168750763
v -0.44494718313217163 -1.1258134841918945 0.07702973484992981
v -0.47649574279785156 -1.1146330833435059 0.12094014883041382
v -0.4769780933856964 -1.1189720630645752 0.12371779978275299
v -0.4810607433319092 -1.1179683208465576 0.1257999986410141
v -0.48186346888542175 -1.1140894889831543 0.1243189200758934
v -0.464520663022995 -1.121358871459961 0.10074284672737122
v -0.4650465250015259 -1.125500202178955 0.103913813829422
v -0.4689805805683136 -1.1241676807403564 0.10571438074111938
v -0.4704008996486664 -1.1207165718078613 0.10396358370780945
v -0.4171990752220154 -1.114511251449585 0.09435515105724335
v -0.40344396233558655 -1.115307092666626 0.09613361954689026
v -0.40641242265701294 -1.1208915710449219 0.08206894993782043
v -0.41779786348342896 -1.1168947219848633 0.08033701777458191
v -0.4008750915527344 -1.129925012588501 0.08603084087371826
v -0.3978528380393982 -1.1261110305786133 0.10158166289329529
v -0.4056732952594757 -1.1327447891235352 0.1037694662809372
v -0.40784987807273865 -1.1332554817199707 0.08946064114570618
v -0.4182959496974945 -1.131019115447998 0.10105329751968384
v -0.4191410541534424 -1.1316547393798828 0.08835962414741516
v -0.4243503510951996 -1.1236975193023682 0.09651786088943481
v -0.426811546087265 -1.1239469051361084 0.08263149857521057
v -0.443634957075119 -1.1194615364074707 0.09685704112052917
v -0.43795689940452576 -1.1128785610198975 0.09523987770080566
v -0.4413132071495056 -1.1170191764831543 0.08320438861846924
v -0.4480985999107361 -1.1224360466003418 0.0852736234664917
v -0.4275416135787964 -1.115342378616333 0.09262169897556305
v -0.4334045648574829 -1.1187095642089844 0.08149257302284241
v -0.42516130208969116 -1.1258134841918945 0.09360907971858978
v -0.4306257963180542 -1.1295926570892334 0.0981099009513855
v -0.4349788427352905 -1.1299800872802734 0.0858343094587326
v -0.42924487590789795 -1.1263632774353027 0.08116860687732697
v -0.4399065673351288 -1.127281665802002 0.09960716962814331
v -0.44376271963119507 -1.128629446029663 0.08790180087089539
v -0.4545495808124542 -1.1100823879241943 0.10437038540840149
v -0.4448029398918152 -1.1130902767181396 0.10103173553943634
v -0.4491223394870758 -1.1172351837158203 0.09213851392269135
v -0.4562212824821472 -1.11545729637146 0.09430134296417236
v -0.44580766558647156 -1.1254653930664062 0.09222282469272614
v -0.4429366886615753 -1.1231732368469238 0.10152177512645721
v -0.4485667645931244 -1.1262989044189453 0.10513029992580414
v -0.4514128565788269 -1.1275441646575928 0.09499035775661469
v -0.45729854702949524 -1.1241066455841064 0.10720930993556976
v -0.45862898230552673 -1.1264002323150635 0.09627251327037811
v -0.4604857563972473 -1.1158981323242188 0.10547058284282684
v -0.4617118239402771 -1.120194911956787 0.09519368410110474
v -0.4738420844078064 -1.112968921661377 0.12055909633636475
v -0.4693789482116699 -1.1065666675567627 0.11899976432323456
v -0.4700213372707367 -1.1122920513153076 0.11002938449382782
v -0.4736054837703705 -1.1179494857788086 0.11122547090053558
v -0.46222618222236633 -1.108964443206787 0.11480028927326202
v -0.4642481207847595 -1.113187313079834 0.10746205598115921
v -0.46005699038505554 -1.1185195446014404 0.10593953728675842
v -0.4599539041519165 -1.1152222156524658 0.11289341747760773
v -0.46302393078804016 -1.1227307319641113 0.11740723252296448
v -0.4629269242286682 -1.1253128051757812 0.10913057625293732
v -0.47092488408088684 -1.1210370063781738 0.12180811166763306
v -0.47032347321510315 -1.1239304542541504 0.11190768331289291
v -0.48237934708595276 -1.103121280670166 0.13642394542694092
v -0.4822390079498291 -1.1067614555358887 0.1288115233182907
v -0.48474228382110596 -1.1119842529296875 0.13083060085773468
v -0.4845435619354248 -1.1093683242797852 0.14039811491966248
v -0.47589945793151855 -1.1040465831756592 0.1310546100139618
v -0.47662901878356934 -1.1073431968688965 0.12503960728645325
v -0.47334033250808716 -1.1128575801849365 0.12486865371465683
v -0.47395822405815125 -1.1100924015045166 0.13025158643722534
v -0.47509539127349854 -1.118215799331665 0.13441908359527588
v -0.4749435484409332 -1.119704246520996 0.12843193113803864
v -0.48116809129714966 -1.1161699295043945 0.1390567272901535
v -0.4819461405277252 -1.1184005737304688 0.13124489784240723
v -0.41958901286125183 -1.1121349334716797 0.108491450548172
v -0.4020373821258545 -1.1102919578552246 0.11054357141256332
v -0.4105726480484009 -1.1331357955932617 0.07968273758888245
v -0.39704176783561707 -1.1227469444274902 0.11638729274272919
v -0.41709503531455994 -1.1323423385620117 0.07908770442008972
v -0.421409547328949 -1.129242181777954 0.11327701807022095
v -0.40540042519569397 -1.1305177211761475 0.11851470917463303
v -0.4227038025856018 -1.1230266094207764 0.10219183564186096
v -0.44224750995635986 -1.1204137802124023 0.07697351276874542
v -0.4412240982055664 -1.1260440349578857 0.11647363007068634
v -0.44132131338119507 -1.1206145286560059 0.10667313635349274
v -0.437274694442749 -1.1212694644927979 0.0760372132062912
v -0.437991201877594 -1.1095657348632812 0.11162642389535904
v -0.45478880405426025 -1.1073744297027588 0.12196023017168045
v -0.45361921191215515 -1.1274278163909912 0.08952032029628754
v -0.45767441391944885 -1.1267082691192627 0.09023392200469971
v -0.4589084982872009 -1.122746467590332 0.12482267618179321
v -0.4598594009876251 -1.1137688159942627 0.11475400626659393
v -0.4693104922771454 -1.1158688068389893 0.10429114103317261
v -0.47255176305770874 -1.1190838813781738 0.13696591556072235
v -0.4740123748779297 -1.10988187789917 0.1297162026166916
v -0.4658931493759155 -1.1165211200714111 0.10227714478969574
v -0.47013694047927856 -1.1022512912750244 0.13454683125019073
v -0.4806487262248993 -1.110628604888916 0.12377668917179108
v -0.48164689540863037 -1.1158270835876465 0.14914017915725708
v -0.48540496826171875 -1.1070575714111328 0.1519642174243927
v -0.47773846983909607 -1.1106195449829102 0.12165427207946777
v -0.4812604486942291 -1.0996744632720947 0.14666035771369934
v -0.3865002989768982 -1.0054373741149902 0.23197510838508606
v -0.38257402181625366 -0.9781911373138428 0.23793885111808777
v -0.3929269015789032 -0.9774653911590576 0.22979402542114258
v -0.3973062038421631 -1.0045688152313232 0.22521451115608215
v -0.40881696343421936 -1.0006380081176758 0.22623895108699799
v -0.3888627588748932 -1.0309367179870605 0.2228713035583496
v -0.40158575773239136 -1.0291986465454102 0.21732409298419952
v -0.4136056900024414 -1.026503324508667 0.22163240611553192
v -0.44441840052604675 -1.0395207405090332 0.25712448358535767
v -0.4436996281147003 -1.0376999378204346 0.2756635844707489
v -0.4325888156890869 -1.0386629104614258 0.2866896986961365
v -0.42405521869659424 -1.0392944812774658 0.29817676544189453
v -0.41544514894485474 -1.0396137237548828 0.3094508945941925
v -0.38247525691986084 -1.0540764331817627 0.22991807758808136
v -0.39183109998703003 -1.0509452819824219 0.2119424045085907
v -0.4060329794883728 -1.0476291179656982 0.20505291223526
v -0.42036688327789307 -1.0452642440795898 0.2118806540966034
v -0.39602410793304443 -1.1041293144226074 0.1267537772655487
v -0.41379642486572266 -1.0994462966918945 0.1259383261203766
v -0.407818078994751 -1.0897698402404785 0.14451438188552856
v -0.39490416646003723 -1.101757287979126 0.14808399975299835
v -0.43129491806030273 -1.0994439125061035 0.13031619787216187
v -0.4258076548576355 -1.0869166851043701 0.14888091385364532
v -0.4481828510761261 -1.0984716415405273 0.13946238160133362
v -0.4422703981399536 -1.0877645015716553 0.1577494740486145
v -0.46412187814712524 -1.0961639881134033 0.15049323439598083
v -0.45758506655693054 -1.0888557434082031 0.16800431907176971
v -0.478542685508728 -1.0955817699432373 0.16063064336776733
v -0.47258684039115906 -1.0914132595062256 0.1783306747674942
v -0.48673275113105774 -1.1036124229431152 0.16661109030246735
v -0.48308441042900085 -1.0997483730316162 0.18513527512550354
v -0.3925307095050812 -1.1208081245422363 0.13332554697990417
v -0.3934338688850403 -1.1167430877685547 0.15466731786727905
v -0.4034394919872284 -1.13043212890625 0.1376529335975647
v -0.4043099582195282 -1.1280786991119385 0.15863069891929626
v -0.41987261176109314 -1.1277883052825928 0.13887259364128113
v -0.4196603298187256 -1.126016616821289 0.16099190711975098
v -0.47991740703582764 -1.1127853393554688 0.18452411890029907
v -0.4821563959121704 -1.1156880855560303 0.16497109830379486
v -0.438300222158432 -1.1246047019958496 0.14406344294548035
v -0.4373082220554352 -1.1222026348114014 0.16624358296394348
v -0.4554460346698761 -1.122338056564331 0.15133050084114075
v -0.4540190100669861 -1.1199800968170166 0.17322689294815063
v -0.47000473737716675 -1.119776725769043 0.15887059271335602
v -0.4684765934944153 -1.1177551746368408 0.17988523840904236
v -0.4008455276489258 -1.0816495418548584 0.1680666208267212
v -0.4189741015434265 -1.0730926990509033 0.16868062317371368
v -0.43457797169685364 -1.0747203826904297 0.17798638343811035
v -0.4502287209033966 -1.0779533386230469 0.18878361582756042
v -0.4651530086994171 -1.0855135917663574 0.19997632503509521
v -0.47690504789352417 -1.0950627326965332 0.20698101818561554
v -0.4462805688381195 -1.0637106895446777 0.21474549174308777
v -0.45910099148750305 -1.0818979740142822 0.22509030997753143
v -0.4685751795768738 -1.0936229228973389 0.23007316887378693
v -0.4618603587150574 -1.0916101932525635 0.25285428762435913
v -0.45647934079170227 -1.0785853862762451 0.24993735551834106
v -0.44845980405807495 -1.0766410827636719 0.29105621576309204
v -0.452374130487442 -1.0767583847045898 0.2723453640937805
v -0.4588325619697571 -1.0896494388580322 0.27570128440856934
v -0.454838365316391 -1.090686321258545 0.29539817571640015
v -0.44822314381599426 -1.061295747756958 0.24205535650253296
v -0.44686159491539 -1.0591027736663818 0.26471078395843506
v -0.44175881147384644 -1.0579023361206055 0.2820878326892853
v -0.4389597177505493 -1.0923056602478027 0.3177092373371124
v -0.43607693910598755 -1.0761260986328125 0.31562069058418274
v -0.44358810782432556 -1.0765416622161865 0.3043188452720642
v -0.4490266740322113 -1.0914082527160645 0.3084394037723541
v -0.4222683906555176 -1.0965251922607422 0.3226655125617981
v -0.4202580749988556 -1.0792768001556396 0.32277390360832214
v -0.4035394489765167 -1.085437297821045 0.31276121735572815
v -0.4055713713169098 -1.1015989780426025 0.3136513829231262
v -0.42953798174858093 -1.057356834411621 0.3063103258609772
v -0.43590810894966125 -1.0579557418823242 0.29519930481910706
v -0.41765204071998596 -1.0591015815734863 0.31472304463386536
v -0.4031844735145569 -1.06406831741333 0.3070656359195709
v -0.39664649963378906 -1.0888588428497314 0.2939615249633789
v -0.3967265784740448 -1.0673587322235107 0.2902680039405823
v -0.39743179082870483 -1.1048483848571777 0.296164870262146
v -0.3937782645225525 -1.098696231842041 0.17337986826896667
v -0.39608854055404663 -1.1113128662109375 0.17914527654647827
v -0.42802199721336365 -1.058971643447876 0.19630597531795502
v -0.41167327761650085 -1.0601222515106201 0.1884302794933319
v -0.39368724822998047 -1.0700290203094482 0.19636784493923187
v -0.389909029006958 -1.0939693450927734 0.20034000277519226
v -0.3971555233001709 -1.1078364849090576 0.20584797859191895
v -0.3884258270263672 -1.0935320854187012 0.2262660413980484
v -0.3971274495124817 -1.1060163974761963 0.2299726903438568
v -0.4059019088745117 -1.1200218200683594 0.18303698301315308
v -0.4075382947921753 -1.1131126880645752 0.20906522870063782
v -0.40632182359695435 -1.1113991737365723 0.23292268812656403
v -0.3889581263065338 -1.0927600860595703 0.2482273280620575
v -0.39548957347869873 -1.1057016849517822 0.2508987784385681
v -0.39218488335609436 -1.0908753871917725 0.26593178510665894
v -0.395263135433197 -1.1053073406219482 0.267525851726532
v -0.39535418152809143 -1.105309247970581 0.2812550663948059
v -0.39484989643096924 -1.0897858142852783 0.27941691875457764
v -0.38983777165412903 -1.0714292526245117 0.26618847250938416
v -0.39329424500465393 -1.0693635940551758 0.27813097834587097
v -0.38615939021110535 -1.074009895324707 0.24871255457401276
v -0.385148286819458 -1.0738682746887207 0.2249354124069214
v -0.4759388566017151 -1.1086175441741943 0.20742863416671753
v -0.4692877531051636 -1.1048650741577148 0.2305983006954193
v -0.4617544114589691 -1.1020190715789795 0.2531742453575134
v -0.45719635486602783 -1.102132797241211 0.27591919898986816
v -0.45121586322784424 -1.103386402130127 0.2939554750919342
v -0.445255309343338 -1.1041483879089355 0.3052109479904175
v -0.4363165497779846 -1.104466438293457 0.3132473826408386
v -0.422457218170166 -1.1065213680267334 0.3157496750354767
v -0.41025441884994507 -1.110011100769043 0.3100111186504364
v -0.4044380187988281 -1.1134533882141113 0.2960411608219147
v -0.40265315771102905 -1.1155080795288086 0.2830393314361572
v -0.4039804935455322 -1.1131632328033447 0.2537108063697815
v -0.4022217392921448 -1.1153607368469238 0.2697765827178955
v -0.37996137142181396 -1.0546305179595947 0.2508211135864258
v -0.3839479088783264 -1.0520846843719482 0.26793456077575684
v -0.38929611444473267 -1.0497467517852783 0.2785547971725464
v -0.40210503339767456 -1.0441398620605469 0.30352160334587097
v -0.39541375637054443 -1.0473806858062744 0.28875839710235596
v -0.41999298334121704 -1.1215643882751465 0.18667051196098328
v -0.43667876720428467 -1.1183955669403076 0.19181093573570251
v -0.4525514543056488 -1.1161587238311768 0.19814641773700714
v -0.4658839702606201 -1.1140005588531494 0.20374009013175964
v -0.4614265263080597 -1.1104989051818848 0.2279966026544571
v -0.44934168457984924 -1.1124706268310547 0.2236924022436142
v -0.43428197503089905 -1.115194320678711 0.21827653050422668
v -0.4193873405456543 -1.1153545379638672 0.21269696950912476
v -0.45469823479652405 -1.1085638999938965 0.25068598985671997
v -0.4441637694835663 -1.111440658569336 0.24676600098609924
v -0.4302631914615631 -1.1138546466827393 0.24266915023326874
v -0.41724681854248047 -1.1144392490386963 0.23691391944885254
v -0.413858562707901 -1.1165482997894287 0.25789275765419006
v -0.4252150356769562 -1.1149382591247559 0.26375681161880493
v -0.4377719759941101 -1.1121344566345215 0.26745662093162537
v -0.4478757977485657 -1.1087229251861572 0.2721295654773712
v -0.4422491490840912 -1.109020471572876 0.28877583146095276
v -0.43262675404548645 -1.111830234527588 0.2835007905960083
v -0.4213882386684418 -1.1147828102111816 0.27945441007614136
v -0.41190993785858154 -1.1168460845947266 0.2742130756378174
v -0.4376985728740692 -1.1090285778045654 0.2985464930534363
v -0.42339417338371277 -1.1103315353393555 0.30836373567581177
v -0.4319007992744446 -1.1093056201934814 0.3053015172481537
v -0.4152955710887909 -1.1129863262176514 0.3052976131439209
v -0.4122064709663391 -1.114900827407837 0.295575886964798
v -0.41155189275741577 -1.1162188053131104 0.2853016257286072
v -0.41912731528282166 -1.1133389472961426 0.2962076663970947
v -0.41994214057922363 -1.1140751838684082 0.2887938916683197
v -0.429691880941391 -1.1113786697387695 0.2928431034088135
v -0.4267013669013977 -1.1110711097717285 0.2993457317352295
v -0.4192599654197693 -1.112380027770996 0.30177876353263855
v -0.4231434166431427 -1.1112315654754639 0.3032541275024414
v -0.43398815393447876 -1.045222282409668 0.23167483508586884
v -0.07862777262926102 0.29934611916542053 0.20906579494476318
v -0.0983162373304367 0.2482081800699234 0.2552969455718994
v -0.3194471597671509 -0.7001749873161316 0.21579323709011078
v -0.33303290605545044 -0.6998993158340454 0.20726709067821503
v -0.3469030559062958 -0.695531964302063 0.20235000550746918
v -0.2703871428966522 -0.287598192691803 0.142390638589859
v -0.1883978247642517 -0.0912904292345047 0.12458346784114838
v -0.18897327780723572 -0.053572878241539 0.12020470201969147
v -0.18900737166404724 -0.07323398441076279 0.12267976254224777
v -0.2775745987892151 -0.31098729372024536 0.14102569222450256
v -0.2394210249185562 -0.006130455061793327 0.1504981517791748
v -0.20519161224365234 -0.28637197613716125 0.39620012044906616
v -0.10695429146289825 0.21799887716770172 0.2726791501045227
v -0.16651257872581482 0.12078195810317993 0.06621265411376953
v -0.19803829491138458 -0.19920644164085388 0.40062710642814636
v -0.1629488170146942 0.3940667510032654 0.09752470254898071
v -0.1602737158536911 0.393228679895401 0.09936746954917908
v -0.15899118781089783 0.3898097276687622 0.10056822001934052
v -0.1570461541414261 0.38936808705329895 0.1051495373249054
v -0.1561031937599182 0.38833382725715637 0.10876777768135071
v -0.15630370378494263 0.38800087571144104 0.11135387420654297
v -0.15987920761108398 0.39129361510276794 0.10309384763240814
v -0.1586640328168869 0.39476945996284485 0.10576975345611572
v -0.16006943583488464 0.39338573813438416 0.10237494111061096
v -0.16123291850090027 0.3925279974937439 0.10132838785648346
v -0.07064972817897797 0.1343289315700531 0.09327368438243866
v -0.07068288326263428 0.11859478056430817 0.08930899202823639
v -0.07268698513507843 0.1037871390581131 0.08676491677761078
v -0.07548148930072784 0.08550615608692169 0.0889185220003128
v -0.08444011211395264 0.3328937590122223 -0.007235094904899597
v -0.10854869335889816 -0.15674883127212524 0.12928372621536255
v -0.10734259337186813 -0.14422917366027832 0.12912620604038239
v -0.1593547910451889 -0.04767394810914993 0.3340877890586853
v -0.11371748894453049 -0.19052687287330627 0.13378167152404785
v -0.10540051013231277 -0.13068938255310059 0.12618575990200043
v -0.12923656404018402 0.10546673089265823 0.32225218415260315
v -0.07794354856014252 0.06845495849847794 0.09104748070240021
v -0.11646702885627747 -0.2065756767988205 0.1376212239265442
v -0.11720386147499084 0.16785602271556854 0.30473068356513977
v -0.10320577025413513 -0.11300969123840332 0.12190161645412445
v -0.13475167751312256 -0.2877952456474304 0.15875011682510376
v -0.0964941456913948 -0.05332762002944946 0.11649269610643387
v -0.05300772190093994 0.4562273621559143 0.010989516973495483
v -0.04122532159090042 0.4501717686653137 0.02058228850364685
v -0.04597438871860504 0.4392131567001343 0.011031866073608398
v -0.05809853971004486 0.4427253007888794 0.0028510689735412598
v -0.048941515386104584 0.4303841292858124 0.003996178507804871
v -0.059577614068984985 0.4307362139225006 -0.0021404027938842773
v -0.03308102488517761 0.44114989042282104 0.028923168778419495
v -0.0380307137966156 0.43372276425361633 0.019625097513198853
v -0.025905892252922058 0.3994549512863159 0.027887776494026184
v -0.029309652745723724 0.4085984230041504 0.027667999267578125
v -0.023141473531723022 0.40706104040145874 0.036169812083244324
v -0.020224228501319885 0.39489859342575073 0.037314772605895996
v -0.02292373776435852 0.37241339683532715 0.030262112617492676
v -0.019345879554748535 0.36440491676330566 0.042252033948898315
v -0.024120956659317017 0.3550703227519989 0.032057419419288635
v -0.028529994189739227 0.36382222175598145 0.02240586280822754
v -0.064240463078022 0.3747730553150177 -6.452202796936035e-05
v -0.061631910502910614 0.38114383816719055 0.0013781338930130005
v -0.0551280751824379 0.3761289715766907 0.0019264966249465942
v -0.05833384394645691 0.36883386969566345 0.0007071644067764282
v -0.07524716854095459 0.3842734098434448 -0.00520150363445282
v -0.08059456944465637 0.3868294060230255 -0.011048391461372375
v -0.080333411693573 0.39259785413742065 -0.006273612380027771
v -0.07427206635475159 0.38937023282051086 -0.001731276512145996
v -0.06905007362365723 0.368813693523407 -0.0008434057235717773
v -0.06287871301174164 0.36269819736480713 0.0008745491504669189
v -0.07138592004776001 0.3753899335861206 -0.004076451063156128
v -0.06966403126716614 0.38005197048187256 -0.0014723539352416992
v -0.07562285661697388 0.36883410811424255 -0.014291942119598389
v -0.07903661578893661 0.368860125541687 -0.018467366695404053
v -0.07884887605905533 0.3746492564678192 -0.018884629011154175
v -0.07480630278587341 0.3740599751472473 -0.012830466032028198
v -0.07100650668144226 0.3684597909450531 -0.005242541432380676
v -0.07454685866832733 0.3649168908596039 -0.00699228048324585
v -0.0740051418542862 0.3675004243850708 -0.009958714246749878
v -0.07194884121417999 0.37167736887931824 -0.008064746856689453
v -0.07565681636333466 0.37896496057510376 -0.00899551808834076
v -0.08018919825553894 0.3808826506137848 -0.0153951495885849
v -0.08487804234027863 0.3816821873188019 -0.021535277366638184
v -0.08362172544002533 0.3738599419593811 -0.025150656700134277
v -0.04596857726573944 0.3565792441368103 0.006660372018814087
v -0.05098944157361984 0.35223978757858276 0.004598677158355713
v -0.056557491421699524 0.35750532150268555 0.0022298842668533325
v -0.051987506449222565 0.36282339692115784 0.0031385421752929688
v -0.07262195646762848 0.36215609312057495 -0.003869980573654175
v -0.06804752349853516 0.34619250893592834 -0.00460563600063324
v -0.07411877810955048 0.34663912653923035 -0.007884547114372253
v -0.0745263397693634 0.35083168745040894 -0.008062317967414856
v -0.06782040745019913 0.35042616724967957 -0.004793077707290649
v -0.03786768764257431 0.342458039522171 0.016165807843208313
v -0.036361970007419586 0.3340768814086914 0.020757600665092468
v -0.043432824313640594 0.333381712436676 0.013835102319717407
v -0.04426093399524689 0.3402149975299835 0.011153429746627808
v -0.04483569413423538 0.3264976143836975 0.015403419733047485
v -0.03744722157716751 0.3248293101787567 0.023511379957199097
v -0.046251215040683746 0.30796581506729126 0.022502988576889038
v -0.052906572818756104 0.31387001276016235 0.01172502338886261
v -0.04831692576408386 0.3201344907283783 0.014619484543800354
v -0.040835581719875336 0.3162773847579956 0.02418522536754608
v -0.06585954129695892 0.31822556257247925 0.003011181950569153
v -0.05861695855855942 0.3080633282661438 0.007048413157463074
v -0.06543754041194916 0.30373579263687134 0.002902209758758545
v -0.07168049365282059 0.3160366415977478 0.0003079622983932495
v -0.06780605763196945 0.3396841883659363 -0.0002012401819229126
v -0.0679989904165268 0.3424372375011444 -0.003005087375640869
v -0.0634978637099266 0.3419995903968811 4.5925378799438477e-05
v -0.06358461081981659 0.3399139642715454 0.001991182565689087
v -0.0589161291718483 0.340136855840683 0.004408225417137146
v -0.05932437628507614 0.3409231901168823 0.0033668428659439087
v -0.057752303779125214 0.34189221262931824 0.0032844096422195435
v -0.05706040561199188 0.3402245044708252 0.004822835326194763
v -0.060974255204200745 0.34006744623184204 0.0033245235681533813
v -0.059897951781749725 0.3390556573867798 0.004066526889801025
v -0.06221567839384079 0.3378879129886627 0.0028855204582214355
v -0.06580066680908203 0.33663398027420044 0.0002904832363128662
v -0.07917791604995728 0.33358949422836304 -0.006784200668334961
v -0.08064505457878113 0.33815017342567444 -0.005681157112121582
v -0.07740513980388641 0.3385179936885834 -0.004681944847106934
v -0.0752623975276947 0.33413270115852356 -0.005415678024291992
v -0.05958946794271469 0.3432046175003052 0.0015256553888320923
v -0.06292081624269485 0.34471720457077026 -0.0010731220245361328
v -0.06186623126268387 0.34823599457740784 -0.0013597458600997925
v -0.05767832696437836 0.3456698954105377 0.0014377683401107788
v -0.05485014617443085 0.34872597455978394 0.0025686323642730713
v -0.05170612037181854 0.3446558713912964 0.005606397986412048
v -0.05517958849668503 0.342987060546875 0.0038796067237854004
v -0.05781562626361847 0.3381860852241516 0.005551069974899292
v -0.05408284813165665 0.3400656580924988 0.006095379590988159
v -0.05452164262533188 0.33682781457901 0.007503077387809753
v -0.05646771937608719 0.33353951573371887 0.0069932639598846436
v -0.05991886556148529 0.33602821826934814 0.0044427961111068726
v -0.06339580565690994 0.3338967263698578 0.001984924077987671
v -0.05975286662578583 0.3302992880344391 0.00478091835975647
v -0.06463062018156052 0.32736021280288696 0.0018659234046936035
v -0.06807366013526917 0.33162161707878113 -0.0013850480318069458
v -0.060017116367816925 0.3527086675167084 -0.0003159046173095703
v -0.049859508872032166 0.34005215764045715 0.008061021566390991
v -0.047073207795619965 0.34668514132499695 0.007818952202796936
v -0.04959597438573837 0.3347387909889221 0.00992758572101593
v -0.05143779516220093 0.33013057708740234 0.010300606489181519
v -0.059857770800590515 0.32152003049850464 0.005999282002449036
v -0.054770149290561676 0.32552289962768555 0.008650243282318115
v -0.05329731106758118 0.3003915250301361 0.018929049372673035
v -0.06180894374847412 0.29490402340888977 0.01570826768875122
v -0.05158919095993042 0.42309796810150146 0.002586573362350464
v -0.06080407649278641 0.4227434992790222 -0.0008758753538131714
v -0.05014355480670929 0.41593217849731445 0.0067611634731292725
v -0.054138705134391785 0.416189581155777 0.004498094320297241
v -0.05374888330698013 0.4187644124031067 0.0038949400186538696
v -0.04864096641540527 0.4184572994709015 0.006992042064666748
v -0.03557392209768295 0.4102124869823456 0.022041887044906616
v -0.03265546262264252 0.40359774231910706 0.022130459547042847
v -0.03915753960609436 0.407436341047287 0.01819416880607605
v -0.040776774287223816 0.4115578830242157 0.01723650097846985
v -0.04581683874130249 0.39845940470695496 0.011012047529220581
v -0.04935615509748459 0.405442476272583 0.009102359414100647
v -0.046215981245040894 0.4066910147666931 0.011445403099060059
v -0.041580699384212494 0.4002729058265686 0.014251500368118286
v -0.05319049209356308 0.4046113193035126 0.007084056735038757
v -0.0510047972202301 0.3981676995754242 0.008517414331436157
v -0.05614060163497925 0.39877185225486755 0.006504714488983154
v -0.057499922811985016 0.4043804109096527 0.006050407886505127
v -0.060929521918296814 0.41875725984573364 0.0027166008949279785
v -0.05974047631025314 0.4162942171096802 0.00316774845123291
v -0.0658472403883934 0.41499799489974976 0.0038609206676483154
v -0.06802909076213837 0.4177681803703308 0.0027965903282165527
v -0.07449829578399658 0.4071788489818573 0.008324801921844482
v -0.0775001049041748 0.40648216009140015 0.006916224956512451
v -0.07758217304944992 0.4107218086719513 0.006130695343017578
v -0.0741339772939682 0.4097634255886078 0.007684797048568726
v -0.0729231983423233 0.4056365489959717 0.007731080055236816
v -0.07457669079303741 0.4037063717842102 0.006503373384475708
v -0.06331171840429306 0.47816500067710876 0.013337045907974243
v -0.048596836626529694 0.4712168276309967 0.021810144186019897
v -0.06841762363910675 0.4594794809818268 0.0030522197484970093
v -0.035443730652332306 0.46161454916000366 0.030539244413375854
v -0.02679593861103058 0.44844257831573486 0.03958845138549805
v -0.021402820944786072 0.34623703360557556 0.04053635895252228
v -0.028343915939331055 0.3382154703140259 0.029659241437911987
v -0.03075423091650009 0.3475154638290405 0.02341628074645996
v -0.021867573261260986 0.3358372449874878 0.04779106378555298
v -0.02925802767276764 0.3278098702430725 0.034457385540008545
v -0.041055336594581604 0.306965708732605 0.03989593684673309
v -0.033050477504730225 0.316646546125412 0.03815215826034546
v -0.01648370921611786 0.34711891412734985 0.06273633241653442
v -0.018827438354492188 0.3389664888381958 0.07137864828109741
v -0.025612562894821167 0.3246489465236664 0.05551888048648834
v -0.015257611870765686 0.3547860383987427 0.0832415521144867
v -0.016237586736679077 0.3518921434879303 0.0932789295911789
v -0.022052228450775146 0.33090847730636597 0.08428260684013367
v -0.03433702886104584 0.2928551137447357 0.08678147196769714
v -0.02311435341835022 0.3024806082248688 0.09825658798217773
v -0.02155916392803192 0.2925471365451813 0.10742726922035217
v -0.031557753682136536 0.2826679050922394 0.09467671811580658
v -0.016559883952140808 0.3563386797904968 0.05381417274475098
v -0.02130250632762909 0.41869908571243286 0.04392915964126587
v -0.017542511224746704 0.40529876947402954 0.047337502241134644
v -0.027815066277980804 0.4179607927799225 0.03317481279373169
v -0.02541220188140869 0.4816420078277588 0.06410621106624603
v -0.017614513635635376 0.4647291302680969 0.06839549541473389
v -0.022101253271102905 0.4571753442287445 0.052852511405944824
v -0.031056590378284454 0.4727378189563751 0.045731961727142334
v -0.05872470140457153 0.5101215839385986 0.055936843156814575
v -0.03896310180425644 0.4976457357406616 0.05939339101314545
v -0.042931705713272095 0.48568087816238403 0.03713187575340271
v -0.06047231703996658 0.4964708089828491 0.030067801475524902
v -0.014751151204109192 0.4686862528324127 0.08481480181217194
v -0.02242666482925415 0.4850197434425354 0.08569914102554321
v -0.018756777048110962 0.4829457998275757 0.10787002742290497
v -0.012037590146064758 0.46827390789985657 0.10113011300563812
v -0.03581313043832779 0.5020878911018372 0.08601212501525879
v -0.031991392374038696 0.5003350377082825 0.11349845677614212
v -0.016608893871307373 0.35766199231147766 0.10476012527942657
v -0.016953617334365845 0.33894261717796326 0.103971466422081
v -0.017521932721138 0.3238368034362793 0.10661520063877106
v -0.024578064680099487 0.314944326877594 0.09044541418552399
v -0.05125804245471954 0.5123765468597412 0.11820682883262634
v -0.05558861792087555 0.5149300694465637 0.08694463968276978
v -0.020035043358802795 0.44480016827583313 0.1486021727323532
v -0.012800633907318115 0.4363994002342224 0.1347762942314148
v -0.01064203679561615 0.4502916932106018 0.12480637431144714
v -0.018529430031776428 0.4617961347103119 0.13941410183906555
v -0.030137091875076294 0.4533364772796631 0.16339942812919617
v -0.028629451990127563 0.4734676778316498 0.15445439517498016
v -0.02550770342350006 0.39130038022994995 0.1502823829650879
v -0.03469504415988922 0.39435702562332153 0.1649169921875
v -0.038416266441345215 0.37685808539390564 0.15884780883789062
v -0.028929397463798523 0.37370413541793823 0.1473611444234848
v -0.041442036628723145 0.4270516335964203 0.011460930109024048
v -0.037013813853263855 0.4229638874530792 0.018877387046813965
v -0.0415303111076355 0.4192211925983429 0.013311177492141724
v -0.045305803418159485 0.42219701409339905 0.007626369595527649
v -0.026867151260375977 0.43070968985557556 0.03753596544265747
v -0.03256046772003174 0.42679861187934875 0.02756062150001526
v -0.016785383224487305 0.4431828558444977 0.06109687685966492
v -0.014529198408126831 0.44937199354171753 0.0730372965335846
v -0.009157419204711914 0.4545186161994934 0.09887538850307465
v -0.011241644620895386 0.4536680579185486 0.08576653897762299
v -0.009644627571105957 0.42854419350624084 0.12439671903848648
v -0.008792698383331299 0.4378091096878052 0.11786879599094391
v -0.01676076650619507 0.36972513794898987 0.11876242607831955
v -0.020542576909065247 0.3708153963088989 0.13326725363731384
v -0.02342952787876129 0.3532561659812927 0.13333739340305328
v -0.018828660249710083 0.3492041528224945 0.12060803174972534
v -0.04014226049184799 0.3599923849105835 0.15576237440109253
v -0.03240489214658737 0.3573560118675232 0.14500738680362701
v -0.01864159107208252 0.31937122344970703 0.129364013671875
v -0.02483031153678894 0.32458534836769104 0.1430533230304718
v -0.02447456121444702 0.31456509232521057 0.15086796879768372
v -0.01944635808467865 0.30851584672927856 0.1375415027141571
v -0.03145588934421539 0.31940051913261414 0.1637311726808548
v -0.033675357699394226 0.3295269310474396 0.1546747088432312
v -0.04222513735294342 0.3325903117656708 0.1647731363773346
v -0.04110974073410034 0.3212570250034332 0.17227721214294434
v -0.05355535447597504 0.2696652412414551 0.07931788265705109
v -0.04319456219673157 0.27554821968078613 0.08591954410076141
v -0.04045210778713226 0.26628950238227844 0.09380269050598145
v -0.051506511867046356 0.2612300515174866 0.08744899928569794
v -0.018751606345176697 0.2991541028022766 0.14772793650627136
v -0.021992623805999756 0.307731032371521 0.16159239411354065
v -0.01792965829372406 0.3892761766910553 0.1366269886493683
v -0.01245833933353424 0.38865017890930176 0.12442415952682495
v -0.029182657599449158 0.3127633333206177 0.1742820143699646
v -0.024826884269714355 0.33787786960601807 0.13745589554309845
v -0.03463154286146164 0.3424461781978607 0.14849373698234558
v -0.05099062621593475 0.3620605170726776 0.16502244770526886
v -0.04827253520488739 0.379192590713501 0.16893517971038818
v -0.06797727942466736 0.38537371158599854 0.0008569657802581787
v -0.06637750566005707 0.40077048540115356 0.005591630935668945
v -0.0708092451095581 0.4019164741039276 0.006033569574356079
v -0.07012374699115753 0.4050413966178894 0.006627589464187622
v -0.06628328561782837 0.40459227561950684 0.00588187575340271
v -0.08356325328350067 0.4386250674724579 -0.008973896503448486
v -0.07056033611297607 0.4414750635623932 -0.005228981375694275
v -0.0712202936410904 0.427631676197052 -0.006765469908714294
v -0.08336195349693298 0.4226028323173523 -0.007680833339691162
v -0.03572109341621399 0.3752620220184326 0.012185066938400269
v -0.04056195169687271 0.36351701617240906 0.009088099002838135
v -0.04788350313901901 0.37015289068222046 0.004190385341644287
v -0.046036817133426666 0.3799932897090912 0.006174057722091675
v -0.043859854340553284 0.4121197760105133 0.014163047075271606
v -0.04536225646734238 0.4137822389602661 0.011844515800476074
v -0.04313984513282776 0.41455355286598206 0.014465689659118652
v -0.04126002639532089 0.3497799038887024 0.011208832263946533
v -0.03508540242910385 0.355731725692749 0.016184881329536438
v -0.01531270146369934 0.390095978975296 0.0501304566860199
v -0.03326151520013809 0.41679874062538147 0.024777084589004517
v -0.07932168245315552 0.5173408389091492 0.052274152636528015
v -0.07973127067089081 0.5013248920440674 0.023663312196731567
v -0.07810553163290024 0.5231095552444458 0.08664111793041229
v -0.07504405081272125 0.5198847651481628 0.1197618916630745
v -0.045353807508945465 0.4818861186504364 0.16511860489845276
v -0.06680859625339508 0.48788249492645264 0.17175567150115967
v -0.06341369450092316 0.46549299359321594 0.1849910020828247
v -0.04283183813095093 0.45932114124298096 0.17634454369544983
v -0.046524763107299805 0.39556029438972473 0.17755846679210663
v -0.05185993015766144 0.3342868685722351 0.17092891037464142
v -0.05142395943403244 0.3224468529224396 0.17729546129703522
v -0.08095042407512665 0.4801176190376282 0.005872368812561035
v -0.08257365226745605 0.45815348625183105 -0.003559201955795288
v -0.022123396396636963 0.43619126081466675 0.049353018403053284
v -0.0251300185918808 0.3904534578323364 0.02563491463661194
v -0.02793198823928833 0.3821554481983185 0.020488396286964417
v -0.03401636332273483 0.3920086920261383 0.015483766794204712
v -0.031808041036129 0.39736342430114746 0.01998162269592285
v -0.020306378602981567 0.3828800916671753 0.03617092967033386
v -0.016766443848609924 0.37604713439941406 0.0498565137386322
v -0.01320803165435791 0.3702079951763153 0.06547150015830994
v -0.013591676950454712 0.3601263463497162 0.07521697878837585
v -0.019010797142982483 0.476263165473938 0.12776833772659302
v -0.011583566665649414 0.46319371461868286 0.11554571241140366
v -0.047149404883384705 0.5000511407852173 0.14478063583374023
v -0.03151163458824158 0.48977741599082947 0.13668285310268402
v -0.008969038724899292 0.4522852301597595 0.11144353449344635
v -0.07062245160341263 0.5082650780677795 0.14898419380187988
v -0.07525553554296494 0.3552306592464447 -0.007595241069793701
v -0.07742630690336227 0.3593883514404297 -0.0075593143701553345
v -0.06762970238924026 0.3564794361591339 -0.0031062662601470947
v -0.07298626005649567 0.32977473735809326 -0.003677159547805786
v -0.07014790177345276 0.3249620497226715 -0.00035688281059265137
v -0.07523820549249649 0.3234995901584625 -0.0015735626220703125
v -0.07751372456550598 0.328649640083313 -0.005076408386230469
v -0.061128608882427216 0.29250389337539673 0.0336313396692276
v -0.05124764144420624 0.29861363768577576 0.03709927201271057
v -0.0570259690284729 0.27862292528152466 0.07129484415054321
v -0.0462895929813385 0.2845781445503235 0.07754524052143097
v -0.07929068803787231 0.3672698140144348 -0.012454286217689514
v -0.07846450805664062 0.36660417914390564 -0.010195314884185791
v -0.08054716140031815 0.3669613003730774 -0.010774374008178711
v -0.08077345788478851 0.3674180507659912 -0.012834727764129639
v -0.0607554093003273 0.3417142927646637 0.0023400485515594482
v -0.0789799764752388 0.34578943252563477 -0.009489357471466064
v -0.07831595838069916 0.3422841429710388 -0.00755646824836731
v -0.08147858083248138 0.3416250944137573 -0.008037269115447998
v -0.08219949156045914 0.3451613783836365 -0.009879931807518005
v -0.03465324640274048 0.31126561760902405 0.06291592121124268
v -0.03587496280670166 0.30310365557670593 0.07697536051273346
v -0.018187612295150757 0.3010333180427551 0.12249951809644699
v -0.01786009967327118 0.31193649768829346 0.11351176351308823
v -0.01799274981021881 0.33250415325164795 0.12373271584510803
v -0.04069343954324722 0.34487178921699524 0.1589682698249817
v -0.051054373383522034 0.3474116623401642 0.1669333279132843
v -0.06296548247337341 0.34777355194091797 0.1716475784778595
v -0.06257344037294388 0.3633052110671997 0.17112058401107788
v -0.04903430491685867 0.29694175720214844 0.05482861399650574
v -0.047345735132694244 0.2912110984325409 0.06763237714767456
v -0.058434680104255676 0.28564345836639404 0.061455756425857544
v -0.06010178476572037 0.29013946652412415 0.04978209733963013
v -0.08466622233390808 0.3640075922012329 -0.013373881578445435
v -0.08345441520214081 0.3632429540157318 -0.011215269565582275
v -0.08505239337682724 0.3606450855731964 -0.011697173118591309
v -0.08600462228059769 0.36244744062423706 -0.01466226577758789
v -0.07748857140541077 0.3653254508972168 -0.008471548557281494
v -0.07902377098798752 0.36236682534217834 -0.007987380027770996
v -0.07981335371732712 0.3644047975540161 -0.008091866970062256
v -0.07700714468955994 0.3665294647216797 -0.010306239128112793
v -0.07791129499673843 0.3674044609069824 -0.013113319873809814
v -0.08290262520313263 0.36695021390914917 -0.0174892395734787
v -0.08382397145032883 0.36677226424217224 -0.022197961807250977
v -0.07987231016159058 0.36722975969314575 -0.015992730855941772
v -0.0827699825167656 0.36570024490356445 -0.012266218662261963
v -0.08233795315027237 0.364701509475708 -0.010129570960998535
v -0.08044290542602539 0.36603274941444397 -0.00862555205821991
v -0.07875107228755951 0.3663038909435272 -0.008944705128669739
v -0.08242586255073547 0.3671661615371704 -0.01549297571182251
v -0.08054789155721664 0.3674244284629822 -0.014305084943771362
v -0.0858064815402031 0.38834697008132935 -0.016734808683395386
v -0.06496287137269974 0.27365830540657043 0.06718310713768005
v -0.06740818917751312 0.2808751165866852 0.05818536877632141
v -0.05971131473779678 0.3402743935585022 0.003963559865951538
v -0.07001659274101257 0.4215391278266907 -0.0011678338050842285
v -0.03993812948465347 0.38917678594589233 0.010583072900772095
v -0.06060975790023804 0.38759133219718933 0.0033750832080841064
v -0.06074902415275574 0.3935559093952179 0.004810765385627747
v -0.05447623133659363 0.3916268050670624 0.005992323160171509
v -0.053960613906383514 0.38383060693740845 0.0042536258697509766
v -0.07808001339435577 0.41740304231643677 -0.00036506354808807373
v -0.08188646286725998 0.4113041162490845 0.0018310248851776123
v -0.08656783401966095 0.41188934445381165 -0.004523366689682007
v -0.08140502870082855 0.40515926480293274 0.0024644434452056885
v -0.07751290500164032 0.4006892740726471 0.004068464040756226
v -0.07928626239299774 0.3972811996936798 -0.0012674927711486816
v -0.08513238281011581 0.4026409089565277 -0.005388423800468445
v -0.04544550180435181 0.41687384247779846 0.010836228728294373
v -0.04734113812446594 0.4151211380958557 0.00922664999961853
v -0.07335352897644043 0.3938192129135132 0.0016584694385528564
v -0.07233832776546478 0.3980536162853241 0.004670083522796631
v -0.06691016256809235 0.3959113359451294 0.004684120416641235
v -0.0671275183558464 0.3905976414680481 0.003043338656425476
v -0.04751747101545334 0.3896998465061188 0.007905334234237671
v -0.038769617676734924 0.41549840569496155 0.018661677837371826
v -0.03950177878141403 0.40343034267425537 0.017170503735542297
v -0.013321131467819214 0.3813142776489258 0.1112213134765625
v -0.009881645441055298 0.39277157187461853 0.11583883315324783
v -0.010820552706718445 0.37071335315704346 0.0922953188419342
v -0.01108744740486145 0.3737674951553345 0.09655103087425232
v -0.015318885445594788 0.3664214611053467 0.09646949172019958
v -0.013449162244796753 0.3652110993862152 0.09077489376068115
v -0.007537096738815308 0.42597711086273193 0.10371662676334381
v -0.00848659873008728 0.42530274391174316 0.09953172504901886
v -0.00886186957359314 0.4318501055240631 0.09783397614955902
v -0.008482769131660461 0.4323493242263794 0.1055012047290802
v -0.008584067225456238 0.4270510673522949 0.0922664999961853
v -0.008879140019416809 0.423595666885376 0.09272193908691406
v -0.008905872702598572 0.4226456880569458 0.08920159935951233
v -0.00966520607471466 0.42989668250083923 0.08982142806053162
v -0.01162545382976532 0.426736056804657 0.08273950219154358
v -0.01312766969203949 0.43687742948532104 0.0776323676109314
v -0.01061980426311493 0.44083458185195923 0.08767387270927429
v -0.016360968351364136 0.41921374201774597 0.05934116244316101
v -0.015384793281555176 0.4304395914077759 0.0685918927192688
v -0.0130845308303833 0.42031773924827576 0.07745686173439026
v -0.012081459164619446 0.4103831648826599 0.07417559623718262
v -0.01119588315486908 0.37484240531921387 0.07901859283447266
v -0.010642766952514648 0.36712557077407837 0.08375677466392517
v -0.015777841210365295 0.3720173239707947 0.10370628535747528
v -0.03113728016614914 0.432867169380188 0.1674320548772812
v -0.021345078945159912 0.4268520772457123 0.1520330309867859
v -0.01447083055973053 0.4209112823009491 0.13882584869861603
v -0.011160612106323242 0.4160981774330139 0.12728995084762573
v -0.04320930689573288 0.43916863203048706 0.18018241226673126
v -0.05637258291244507 0.4384148120880127 0.19152967631816864
v -0.013187885284423828 0.40237605571746826 0.0611516535282135
v -0.01127806305885315 0.39719709753990173 0.07384376227855682
v -0.022425830364227295 0.40872669219970703 0.15322333574295044
v -0.032655902206897736 0.41317158937454224 0.16778896749019623
v -0.017148271203041077 0.4050644636154175 0.13888204097747803
v -0.011412635445594788 0.40314143896102905 0.12734025716781616
v -0.04563622176647186 0.4181593358516693 0.1807236522436142
v -0.06064306199550629 0.4154539108276367 0.18953894078731537
v -0.05962754040956497 0.39227166771888733 0.18419049680233002
v -0.005547672510147095 0.37879782915115356 0.08868449926376343
v -0.004468649625778198 0.37291741371154785 0.0893266350030899
v -0.007570058107376099 0.37111297249794006 0.08819450438022614
v -0.00823831558227539 0.37653154134750366 0.0851036012172699
v -0.009935140609741211 0.3850845694541931 0.07590776681900024
v -0.01239784061908722 0.38610780239105225 0.06399640440940857
v -0.08573591709136963 0.39526405930519104 -0.011740624904632568
v -0.07268171012401581 0.30119436979293823 0.001049831509590149
v -0.07666061818599701 0.31501129269599915 -0.0012540072202682495
v -0.08037304878234863 0.35381150245666504 -0.009768754243850708
v -0.079669289290905 0.34996259212493896 -0.009913012385368347
v -0.08284864574670792 0.34886083006858826 -0.010108724236488342
v -0.08365172147750854 0.3528197407722473 -0.010190650820732117
v -0.07429103553295135 0.41527223587036133 0.004525542259216309
v -0.06193077564239502 0.37947922945022583 0.17515091598033905
v -0.0633654072880745 0.3348359167575836 0.173879936337471
v -0.06268949061632156 0.32247135043144226 0.17890745401382446
v -0.03955325484275818 0.3139435648918152 0.18322592973709106
v -0.05073757469654083 0.3133702874183655 0.18703217804431915
v -0.08450325578451157 0.356831431388855 -0.01043577492237091
v -0.08158022165298462 0.35768142342567444 -0.009777262806892395
v -0.08268381655216217 0.36659541726112366 -0.014210522174835205
v -0.07355345040559769 0.3426423966884613 -0.005974337458610535
v -0.08196711540222168 0.3632553815841675 -0.009574025869369507
v -0.08225348591804504 0.3609101176261902 -0.009747609496116638
v -0.08687923848628998 0.35947632789611816 -0.01225300133228302
v -0.08607175201177597 0.35621407628059387 -0.010638803243637085
v -0.061439357697963715 0.3998298943042755 0.005823895335197449
v -0.06200806796550751 0.4044782519340515 0.005825802683830261
v -0.08443683385848999 0.36534982919692993 -0.016032889485359192
v -0.08565926551818848 0.36396029591560364 -0.018340378999710083
v -0.02889501303434372 0.27322643995285034 0.10360836982727051
v -0.020325422286987305 0.28241029381752014 0.11704374104738235
v -0.08368176966905594 0.3413441777229309 -0.00808282196521759
v -0.0842704027891159 0.344718873500824 -0.009967327117919922
v -0.010129719972610474 0.40480536222457886 0.08303797245025635
v -0.010232135653495789 0.4127762019634247 0.08406898379325867
v -0.0076446533203125 0.40868180990219116 0.08982731401920319
v -0.007860466837882996 0.40220800042152405 0.08912263810634613
v -0.06232781708240509 0.26546353101730347 0.07516229152679443
v -0.01787571609020233 0.29086628556251526 0.1328200399875641
v -0.06245245784521103 0.31343790888786316 0.18834270536899567
v -0.044039659202098846 0.40817394852638245 0.013559341430664062
v -0.04328594356775284 0.41009947657585144 0.014690965414047241
v -0.0710567831993103 0.41285496950149536 0.006008833646774292
v -0.07063354551792145 0.3354189991950989 -0.0029051899909973145
v -0.07292447984218597 0.33916887640953064 -0.002647802233695984
v -0.06882594525814056 0.2864346206188202 0.04723776876926422
v -0.08747947961091995 0.36138641834259033 -0.015414625406265259
v -0.008052200078964233 0.41715359687805176 0.09735934436321259
v -0.007880523800849915 0.41363516449928284 0.09738776087760925
v -0.004816845059394836 0.4127471446990967 0.09517139196395874
v -0.0055781155824661255 0.4158955216407776 0.0940960943698883
v -0.005546435713768005 0.4189143776893616 0.08864739537239075
v -0.0050566792488098145 0.4225775897502899 0.09022682905197144
v -0.0028370320796966553 0.4193578362464905 0.09188173711299896
v -0.003537103533744812 0.4165125787258148 0.09156540036201477
v -0.009452924132347107 0.419217973947525 0.08575016260147095
v -0.006531029939651489 0.4145611822605133 0.08861412107944489
v -0.0026907622814178467 0.4244360625743866 0.0914011001586914
v -0.002483382821083069 0.4219103753566742 0.09288299083709717
v -0.0084848552942276 0.42450350522994995 0.09518414735794067
v -0.005864247679710388 0.4254940450191498 0.09266819059848785
v -0.004845231771469116 0.4279034435749054 0.09691080451011658
v -0.00017073750495910645 0.4262213706970215 0.09491875767707825
v -0.0017688721418380737 0.428861528635025 0.10289059579372406
v 0.0034667551517486572 0.42649441957473755 0.0999307632446289
v 4.118680953979492e-05 0.42548668384552 0.10884459316730499
v 0.005681037902832031 0.4240742623806 0.10634852200746536
v -0.0087595134973526 0.3843224346637726 0.08381827175617218
v -0.00963728129863739 0.3868078291416168 0.09107959270477295
v 0.001253664493560791 0.41979581117630005 0.11227843165397644
v 0.006999969482421875 0.4192045032978058 0.11037145555019379
v 0.0013759583234786987 0.41213926672935486 0.11477189511060715
v 0.006987974047660828 0.41227325797080994 0.11284483969211578
v 0.001840740442276001 0.4039233922958374 0.11533596366643906
v 0.006534069776535034 0.4045371115207672 0.11372622847557068
v 0.0015730857849121094 0.395416796207428 0.1141519695520401
v 0.0068080127239227295 0.3967387080192566 0.11240343749523163
v 0.00027154386043548584 0.385463148355484 0.11017850041389465
v 0.004954174160957336 0.3892989754676819 0.10817447304725647
v 0.0016093403100967407 0.4217454791069031 0.1061156690120697
v -0.0002196580171585083 0.42406368255615234 0.10161244869232178
v -0.0072540342807769775 0.4223180413246155 0.1067962646484375
v -0.0018584877252578735 0.4241551458835602 0.09684917330741882
v -0.00787992775440216 0.408986359834671 0.10553538799285889
v -0.0077050477266311646 0.40576812624931335 0.10404157638549805
v -0.004818946123123169 0.40648898482322693 0.099824920296669
v -0.008062347769737244 0.40867772698402405 0.1023138165473938
v -0.006219416856765747 0.40074267983436584 0.093048095703125
v -0.005768045783042908 0.3948758840560913 0.0934668779373169
v -0.007732123136520386 0.39418888092041016 0.08929675817489624
v -0.0074351876974105835 0.3908870816230774 0.09443043172359467
v -0.008557945489883423 0.3955373167991638 0.09567463397979736
v -0.008026331663131714 0.3924371600151062 0.0959450900554657
v -0.009948581457138062 0.3993957042694092 0.09560739994049072
v -0.0073855966329574585 0.39099761843681335 0.09723341464996338
v -0.00648084282875061 0.38942521810531616 0.09612692892551422
v -0.008377835154533386 0.3919592797756195 0.09803634881973267
v -0.008977815508842468 0.39278143644332886 0.09726707637310028
v -0.010049566626548767 0.3943919837474823 0.09800328314304352
v -0.010303527116775513 0.3973560333251953 0.0997641384601593
v -0.009217426180839539 0.3947329521179199 0.08290600776672363
v -0.010071560740470886 0.38776150345802307 0.10595393180847168
v -0.0072300732135772705 0.3959658145904541 0.10887168347835541
v 0.002376064658164978 0.38344159722328186 0.1026584804058075
v -0.0008096098899841309 0.37790751457214355 0.10375064611434937
v -0.002659916877746582 0.37129491567611694 0.09206414222717285
v -0.0010687261819839478 0.37269625067710876 0.09774845838546753
v -0.007154539227485657 0.4171980321407318 0.10876700282096863
v -0.00635741651058197 0.41075971722602844 0.11079621315002441
v -0.011584639549255371 0.38048288226127625 0.09998229146003723
v -0.006456285715103149 0.40396571159362793 0.1106729805469513
v 0.002070903778076172 0.3929998576641083 0.10669456422328949
v 0.0002324432134628296 0.38879743218421936 0.10275417566299438
v 0.003984585404396057 0.398471474647522 0.10920125991106033
v -0.005458742380142212 0.3859078884124756 0.0941774845123291
v -0.0021004676818847656 0.3863150179386139 0.09797576069831848
v 5.513429641723633e-05 0.3806273937225342 0.09724308550357819
v -0.002564728260040283 0.3792225420475006 0.09260609745979309
v -0.0024940520524978638 0.39203622937202454 0.10201998054981232
v 0.0003281831741333008 0.3955489993095398 0.10458847880363464
v -0.0057215094566345215 0.39375782012939453 0.10276332497596741
v -0.0032972246408462524 0.39736321568489075 0.10487580299377441
v -0.006623953580856323 0.3915442228317261 0.09967896342277527
v -0.00479733943939209 0.38979020714759827 0.09891228377819061
v -0.009355604648590088 0.3948264718055725 0.10340103507041931
v -0.007408171892166138 0.3998872935771942 0.10569006204605103
v -0.008726924657821655 0.3927356004714966 0.0998600572347641
v -0.0008820295333862305 0.4009098708629608 0.10517843067646027
v -0.00432586669921875 0.4036872684955597 0.10555118322372437
v -0.001705452799797058 0.4069886803627014 0.10292939841747284
v 0.0009147971868515015 0.4048551917076111 0.10428111255168915
v 0.0022509992122650146 0.3997245132923126 0.10654886066913605
v 0.003548040986061096 0.4044067859649658 0.1071702092885971
v 0.0038142800331115723 0.40456631779670715 0.1106448546051979
v 0.0030441582202911377 0.4099160134792328 0.10746054351329803
v 0.003467738628387451 0.4112604260444641 0.11042375862598419
v 0.0015477687120437622 0.409026563167572 0.1041945368051529
v -0.00010052323341369629 0.4094150960445404 0.10156626999378204
v 0.0029004812240600586 0.41752445697784424 0.10872957110404968
v 0.0021623075008392334 0.4150086045265198 0.10602881014347076
v 0.0009253025054931641 0.4190079867839813 0.10391256213188171
v 0.0011494755744934082 0.4130307734012604 0.1036042869091034
v -1.8984079360961914e-05 0.41609877347946167 0.10192209482192993
v 0.0002266019582748413 0.4118432104587555 0.10178402066230774
v -0.0008545219898223877 0.413371741771698 0.10030995309352875
v -0.0047546327114105225 0.4210098087787628 0.09509570896625519
v -0.00539378821849823 0.41861262917518616 0.09391450881958008
v -0.003137648105621338 0.4218290150165558 0.09798088669776917
v -0.0037484169006347656 0.4189373254776001 0.09804899990558624
v -0.005046933889389038 0.4193594753742218 0.09634685516357422
v -0.0060411542654037476 0.41791868209838867 0.09615042805671692
v -0.0041359663009643555 0.41628697514533997 0.09752628207206726
v -0.005731016397476196 0.4144652783870697 0.09946581721305847
v -0.04821968823671341 0.239685520529747 0.09977622330188751
v -0.05969215929508209 0.23662401735782623 0.09726651012897491
v -0.05980347841978073 0.24686680734157562 0.09061479568481445
v -0.04937586188316345 0.25097399950027466 0.09400150179862976
v -0.0018302351236343384 0.41798830032348633 0.10016974806785583
v -0.0023514628410339355 0.414674311876297 0.09879621863365173
v -0.0013454407453536987 0.42128774523735046 0.10132521390914917
v -0.0038831979036331177 0.41088181734085083 0.10185027122497559
v -0.0032022297382354736 0.41249239444732666 0.09997843205928802
v -0.001416623592376709 0.4108678102493286 0.10053995251655579
v -0.002226710319519043 0.40958407521247864 0.10155370831489563
v -0.007630392909049988 0.40481287240982056 0.09371012449264526
v -0.009149104356765747 0.40354254841804504 0.09716695547103882
v -0.00872589647769928 0.4011220633983612 0.10120142996311188
v -0.0208502858877182 0.23432990908622742 0.12992379069328308
v -0.023904666304588318 0.24573424458503723 0.1267434060573578
v -0.012435048818588257 0.2569971978664398 0.14096350967884064
v -0.0075812190771102905 0.24843943119049072 0.14277778565883636
v -0.010563164949417114 0.20787307620048523 0.12008341401815414
v 0.009354189038276672 0.2224229872226715 0.13651490211486816
v 0.007988154888153076 0.19517187774181366 0.12313507497310638
v -0.009804591536521912 0.1873871237039566 0.11536669731140137
v 0.005971252918243408 0.17305326461791992 0.11691616475582123
v -0.010054290294647217 0.1680295467376709 0.11168300360441208
v 0.0006799250841140747 0.11609957367181778 0.1072036623954773
v -0.013526320457458496 0.11378772556781769 0.10157357156276703
v -0.01215924322605133 0.13178595900535583 0.1047409176826477
v 0.002105802297592163 0.13451352715492249 0.11017061769962311
v 0.013460233807563782 0.03330131992697716 0.11832863837480545
v 0.004612386226654053 0.01754457876086235 0.12656567990779877
v -0.006104707717895508 0.02002779394388199 0.11730370670557022
v 0.0034426897764205933 0.03444007411599159 0.11114062368869781
v 0.05824880301952362 0.15526032447814941 0.14096561074256897
v 0.06330898404121399 0.17453229427337646 0.13876771926879883
v 0.07280337810516357 0.16852299869060516 0.14520639181137085
v 0.06509082019329071 0.14862462878227234 0.14826947450637817
v 0.015244200825691223 0.2726753056049347 0.1754896640777588
v 0.013595208525657654 0.25021201372146606 0.15697570145130157
v 0.0054655373096466064 0.25577378273010254 0.15977303683757782
v 0.00795641541481018 0.27715036273002625 0.17511239647865295
v 0.049427181482315063 0.062363460659980774 0.16264495253562927
v 0.04454928636550903 0.0466257780790329 0.16047154366970062
v 0.04330369830131531 0.053192947059869766 0.14876076579093933
v 0.04698687791824341 0.06824444234371185 0.1500127613544464
v 0.006282776594161987 -0.027536898851394653 0.19351112842559814
v 0.0054849982261657715 -0.046040236949920654 0.20022448897361755
v -0.006327301263809204 -0.0499219074845314 0.18213185667991638
v -0.004933223128318787 -0.032302893698215485 0.1769886016845703
v 0.03722703456878662 0.016091827303171158 0.2493644654750824
v 0.03594391047954559 0.02494211122393608 0.27340200543403625
v 0.028459668159484863 0.007919246330857277 0.2811906933784485
v 0.03088390827178955 -0.0022023245692253113 0.2577240467071533
v 0.024778366088867188 0.11950132250785828 0.12096419930458069
v 0.013668626546859741 0.11821891367435455 0.11368034780025482
v 0.015631064772605896 0.13653549551963806 0.11685246229171753
v 0.027354836463928223 0.13791672885417938 0.1234235167503357
v 0.2393723726272583 0.19591404497623444 0.1612466722726822
v 0.23747819662094116 0.17833931744098663 0.16554194688796997
v 0.2123824656009674 0.18092843890190125 0.1638149917125702
v 0.21431580185890198 0.1984628587961197 0.1601962447166443
v 0.010016143321990967 -0.09332383424043655 0.281735897064209
v 0.003403380513191223 -0.08251392096281052 0.3033319115638733
v 0.0036698877811431885 -0.1003933995962143 0.30689314007759094
v 0.010007485747337341 -0.11136816442012787 0.2842203378677368
v 0.10954713821411133 0.23686039447784424 0.1479189246892929
v 0.09605097770690918 0.2404530793428421 0.14543819427490234
v 0.09555786848068237 0.2617587447166443 0.1607608199119568
v 0.10897299647331238 0.25899869203567505 0.16095568239688873
v 0.05367721617221832 0.11745156347751617 0.1513400673866272
v 0.048775866627693176 0.12048938870429993 0.14166206121444702
v 0.05352908372879028 0.13796542584896088 0.14115142822265625
v 0.05840659141540527 0.13253849744796753 0.15060313045978546
v 0.05212289094924927 0.05990208312869072 0.2620539963245392
v 0.05276826024055481 0.052788760513067245 0.24147064983844757
v 0.0580761581659317 0.0745554268360138 0.23858144879341125
v 0.058432772755622864 0.08099687844514847 0.2569522261619568
v 0.04552869498729706 0.03352458029985428 0.2455178201198578
v 0.04429098963737488 0.04133261740207672 0.2679070830345154
v 0.04259359836578369 0.12130682170391083 0.13481788337230682
v 0.0344330370426178 0.1203472912311554 0.12795232236385345
v 0.03768108785152435 0.1395793855190277 0.12920662760734558
v 0.04637366533279419 0.14133328199386597 0.13417752087116241
v -0.004326775670051575 0.005708280950784683 0.13764649629592896
v -0.017190739512443542 0.008969344198703766 0.12596634030342102
v 0.009735405445098877 -0.12203793227672577 0.2608926296234131
v 0.00396004319190979 -0.13169005513191223 0.2386845052242279
v 0.005664005875587463 -0.11309772729873657 0.23719167709350586
v 0.010617896914482117 -0.10380297899246216 0.25926777720451355
v -0.015775054693222046 -0.016875091940164566 0.1573019176721573
v -0.011716023087501526 -0.003439009189605713 0.14838437736034393
v 0.0009514391422271729 -0.0025936421006917953 0.16107138991355896
v -0.0033380836248397827 -0.014835715293884277 0.17087790369987488
v -0.005938664078712463 -0.13976620137691498 0.21724975109100342
v -0.019773811101913452 -0.14552868902683258 0.19654755294322968
v -0.01904812455177307 -0.126265749335289 0.19590473175048828
v -0.004817888140678406 -0.12075823545455933 0.21580827236175537
v 0.004035934805870056 0.1532970368862152 0.11331981420516968
v -0.010724484920501709 0.1498670130968094 0.10783037543296814
v 0.029931098222732544 0.03633667901158333 0.1348462700843811
v 0.02364218235015869 0.02103843167424202 0.14444324374198914
v 0.014806210994720459 0.01836526393890381 0.13562141358852386
v 0.02266255021095276 0.03418036177754402 0.12652713060379028
v 0.06686124205589294 0.13370394706726074 0.17836149036884308
v 0.06886279582977295 0.14047640562057495 0.1606263518333435
v 0.0829625278711319 0.15962082147598267 0.15711668133735657
v 0.07689860463142395 0.1462876796722412 0.17777781188488007
v 0.004794329404830933 -0.11824223399162292 0.3100777864456177
v 0.0106564462184906 -0.12870633602142334 0.28647977113723755
v -0.007049426436424255 -0.15849000215530396 0.2191726267337799
v -0.02130897343158722 -0.16449786722660065 0.19829954206943512
v 0.10275319218635559 0.15377061069011688 0.23808196187019348
v 0.09357906877994537 0.14699873328208923 0.23903968930244446
v 0.09075844287872314 0.14515312016010284 0.22570884227752686
v 0.10069727897644043 0.15250146389007568 0.22528772056102753
v -0.031906917691230774 0.03718416765332222 0.10020628571510315
v -0.016334444284439087 0.04464775696396828 0.0997181385755539
v -0.013424649834632874 0.02877950295805931 0.10770434141159058
v -0.027644284069538116 0.018622446805238724 0.11252479255199432
v 0.017611369490623474 0.008841603994369507 0.1580074429512024
v 0.012700721621513367 0.0003470275551080704 0.17166560888290405
v 0.007514238357543945 0.005943942815065384 0.1483750343322754
v -0.04890017211437225 0.030777525156736374 0.10404428839683533
v -0.04480206221342087 0.007040668278932571 0.12106950581073761
v -0.02599644660949707 0.1455477476119995 0.10334625840187073
v -0.027140729129314423 0.12856446206569672 0.09966900944709778
v -0.02570924162864685 0.16287732124328613 0.10650666058063507
v -0.041262149810791016 0.1580774486064911 0.1019500195980072
v -0.042103663086891174 0.17542922496795654 0.10397273302078247
v -0.026744693517684937 0.1803390383720398 0.10895077139139175
v -0.044070951640605927 0.19210296869277954 0.10502162575721741
v -0.02855682373046875 0.19795472919940948 0.11094202101230621
v -0.0356079638004303 0.22423042356967926 0.11807932704687119
v -0.037278562784194946 0.23578184843063354 0.11508041620254517
v 0.061122044920921326 0.1264781653881073 0.16360342502593994
v 0.05672599375247955 0.11231186240911484 0.16485917568206787
v 0.0036755502223968506 -0.15000739693641663 0.24043482542037964
v 0.013054132461547852 0.24569208920001984 0.27870580554008484
v 0.010485038161277771 0.23177093267440796 0.28763753175735474
v 0.027139663696289062 0.2316524088382721 0.28066468238830566
v 0.0301913321018219 0.2456401288509369 0.27239876985549927
v 0.022456973791122437 0.2714090049266815 0.17533154785633087
v 0.02194879949092865 0.24922017753124237 0.15631243586540222
v 0.07875758409500122 0.17848525941371918 0.27593207359313965
v 0.0669996440410614 0.17784149944782257 0.2796512842178345
v 0.06897488236427307 0.16884353756904602 0.2788029611110687
v 0.07899355888366699 0.17002540826797485 0.27504217624664307
v 0.10382011532783508 0.16051031649112701 0.2569422423839569
v 0.11894980072975159 0.16530080139636993 0.25445061922073364
v 0.12016627192497253 0.1720244586467743 0.25874456763267517
v 0.10395139455795288 0.16699238121509552 0.26118263602256775
v -0.007853657007217407 -0.09063993394374847 0.32602658867836
v -0.008336469531059265 -0.07228890061378479 0.32230716943740845
v 0.009727329015731812 0.06801512092351913 0.32234692573547363
v 0.02170330286026001 0.05049048364162445 0.30949291586875916
v 0.033662497997283936 0.06824897229671478 0.3016842007637024
v 0.024795696139335632 0.08626874536275864 0.31304675340652466
v -0.08772779256105423 0.22153979539871216 0.2782950699329376
v -0.0911875069141388 0.20928692817687988 0.28486165404319763
v -0.07041138410568237 0.21504516899585724 0.2907058000564575
v -0.06754980236291885 0.22765862941741943 0.2841472327709198
v -0.022242024540901184 0.2530553936958313 0.2774994969367981
v -0.019421100616455078 0.26398080587387085 0.26847583055496216
v -0.04311232268810272 0.2566916048526764 0.27025124430656433
v -0.04544636607170105 0.2462102621793747 0.2797999382019043
v -0.004857093095779419 0.24339254200458527 0.28390565514564514
v -0.007533147931098938 0.2298901081085205 0.2924630641937256
v 0.05664841830730438 0.09087853878736496 0.27259016036987305
v 0.049020156264305115 0.0711265280842781 0.27941757440567017
v 0.06906992197036743 0.11888867616653442 0.2655133605003357
v 0.06777821481227875 0.11239166557788849 0.25113487243652344
v 0.07258273661136627 0.12297038733959198 0.24835005402565002
v 0.07351036369800568 0.1290416717529297 0.26185715198516846
v 0.0011257529258728027 0.28268536925315857 0.1739928424358368
v -0.0017686337232589722 0.2977806031703949 0.19296079874038696
v 0.006060302257537842 0.2926051914691925 0.19397975504398346
v -0.03885180503129959 0.2909814417362213 0.2356955111026764
v -0.0402035117149353 0.28661680221557617 0.24170836806297302
v -0.026257365942001343 0.2911660373210907 0.2373371422290802
v -0.02805536985397339 0.29428499937057495 0.2313256412744522
v -0.07607953250408173 0.15047504007816315 0.32352420687675476
v -0.09874024242162704 0.1496693640947342 0.31804177165031433
v -0.10261465609073639 0.12796588242053986 0.3246130645275116
v -0.0779707208275795 0.12653744220733643 0.3310973048210144
v 0.07708249986171722 0.14366976916790009 0.2667710483074188
v 0.08459669351577759 0.14839275181293488 0.2612621486186981
v 0.08268754184246063 0.1555536836385727 0.26822200417518616
v 0.07455354928970337 0.1517108827829361 0.27298298478126526
v 0.06935194134712219 0.14568644762039185 0.27768996357917786
v 0.06435061991214752 0.1376134753227234 0.283629447221756
v 0.06788177788257599 0.12730050086975098 0.2762339413166046
v 0.07254654169082642 0.13674263656139374 0.2710171639919281
v 0.03774695098400116 0.1010497435927391 0.303188294172287
v 0.044527605175971985 0.08529277890920639 0.29321640729904175
v 0.0535755455493927 0.1030522808432579 0.28549665212631226
v 0.050021618604660034 0.1159832626581192 0.2966597080230713
v -0.12124896049499512 0.05135880410671234 0.3363799452781677
v -0.10240685194730759 0.04908561334013939 0.3447067141532898
v -0.09479224681854248 0.07432031631469727 0.3419976830482483
v -0.11501284688711166 0.07749923318624496 0.33508098125457764
v 0.11261922121047974 0.163798525929451 0.2018456608057022
v 0.11459717154502869 0.16635790467262268 0.18688268959522247
v 0.1274271011352539 0.1684446781873703 0.18635427951812744
v 0.1285851001739502 0.1662345826625824 0.20233340561389923
v 0.13469991087913513 0.19629010558128357 0.2628137171268463
v 0.14669013023376465 0.20029668509960175 0.26168835163116455
v 0.14698576927185059 0.20731887221336365 0.2605419456958771
v 0.13451430201530457 0.20385828614234924 0.26186782121658325
v 0.15162479877471924 0.16339382529258728 0.21616852283477783
v 0.147108256816864 0.16476085782051086 0.2023705691099167
v 0.16886448860168457 0.16055719554424286 0.20216615498065948
v 0.17358988523483276 0.15909375250339508 0.21751046180725098
v 0.027731329202651978 0.2836752235889435 0.19971045851707458
v 0.029047131538391113 0.270993173122406 0.17493630945682526
v 0.02128787338733673 0.28620022535324097 0.19749873876571655
v 0.13643920421600342 0.161766916513443 0.238125741481781
v 0.1563701033592224 0.16135062277317047 0.2398190200328827
v 0.1573925018310547 0.16491104662418365 0.24901741743087769
v 0.13716015219688416 0.16394349932670593 0.24779079854488373
v 0.24215030670166016 0.21476244926452637 0.1643582582473755
v 0.21702677011489868 0.21695269644260406 0.16344285011291504
v 0.20095229148864746 0.15699006617069244 0.2312624156475067
v 0.20502787828445435 0.16208967566490173 0.2427653968334198
v 0.17881131172180176 0.1612798273563385 0.24071355164051056
v 0.17662793397903442 0.15900886058807373 0.22990140318870544
v -0.00448194146156311 0.048374906182289124 0.3299660384654999
v 0.010031133890151978 0.03315044194459915 0.31742969155311584
v -0.042416371405124664 -0.07488935440778732 0.3531065285205841
v -0.02407345175743103 -0.08245672285556793 0.3412528932094574
v -0.024785831570625305 -0.06287851184606552 0.3370126783847809
v -0.04255361109972 -0.054014794528484344 0.3480377197265625
v -0.007582753896713257 -0.10899855196475983 0.32966673374176025
v -0.042758144438266754 -0.09544612467288971 0.356201171875
v -0.02411852777004242 -0.10172967612743378 0.34488436579704285
v -0.014920741319656372 0.3025030493736267 0.18261633813381195
v -0.02370724081993103 0.30758774280548096 0.1963665932416916
v -0.019573181867599487 0.3045198321342468 0.20499497652053833
v -0.008689939975738525 0.30066609382629395 0.18971559405326843
v 0.00150357186794281 -0.22989563643932343 0.3523538112640381
v -0.0034538358449935913 -0.2600882053375244 0.3567882776260376
v 0.010847419500350952 -0.2671947777271271 0.3295256197452545
v 0.013138890266418457 -0.23557060956954956 0.3255419433116913
v -0.04981575906276703 0.297858327627182 0.22076041996479034
v -0.03369207680225372 0.30222538113594055 0.21468152105808258
v -0.036736153066158295 0.3063933849334717 0.20525653660297394
v -0.04911722242832184 0.3022094964981079 0.2098359763622284
v 0.012958675622940063 -0.20955000817775726 0.32277408242225647
v 0.002047494053840637 -0.2005569040775299 0.34770792722702026
v -0.010190218687057495 0.28899696469306946 0.16581974923610687
v -0.0045327842235565186 0.28623732924461365 0.17150181531906128
v -0.005482375621795654 0.27125468850135803 0.15599976480007172
v -0.010366082191467285 0.27599531412124634 0.15062814950942993
v -0.01624484360218048 0.2651410698890686 0.13524988293647766
v 0.017406538128852844 -0.27654168009757996 0.302448034286499
v 0.017176270484924316 -0.24876731634140015 0.2999708652496338
v -0.026101723313331604 0.30958810448646545 0.18567843735218048
v -0.03774338960647583 0.3095185458660126 0.19469627737998962
v -0.04993649572134018 0.30775266885757446 0.1988857388496399
v -0.0627850890159607 0.306232750415802 0.1994478851556778
v -0.00474625825881958 -0.12647511065006256 0.3345314860343933
v 0.006865337491035461 -0.13559238612651825 0.313446581363678
v -0.08771860599517822 -0.3577251136302948 0.40780484676361084
v -0.11704787611961365 -0.3555048406124115 0.41001296043395996
v -0.1162925511598587 -0.377754271030426 0.3965601623058319
v -0.08349799364805222 -0.38014209270477295 0.3968501389026642
v -0.18050691485404968 -0.3361720144748688 0.3900860548019409
v -0.1813032478094101 -0.3539310395717621 0.373451292514801
v -0.1499539613723755 -0.36790719628334045 0.3888520300388336
v -0.14951752126216888 -0.3485439419746399 0.403689444065094
v -0.1662844717502594 -0.20312075316905975 0.40951773524284363
v -0.13760456442832947 -0.20650073885917664 0.4171122908592224
v -0.13307876884937286 -0.1840151995420456 0.4082559645175934
v -0.1611807942390442 -0.1806797981262207 0.4016224145889282
v -0.04154622554779053 -0.11375242471694946 0.3624721169471741
v -0.021802648901939392 -0.11961527168750763 0.3510637879371643
v 0.011343076825141907 -0.14618733525276184 0.28937724232673645
v 0.013034164905548096 -0.40561649203300476 0.2907778024673462
v 0.005974248051643372 -0.40133973956108093 0.32947465777397156
v -0.0013200491666793823 -0.43327614665031433 0.33081942796707153
v 0.007248610258102417 -0.43816474080085754 0.2944771647453308
v -0.053142160177230835 -0.427024245262146 0.3765878677368164
v -0.04863099753856659 -0.4001922309398651 0.38087284564971924
v -0.08448299765586853 -0.40169626474380493 0.38847285509109497
v -0.08765028417110443 -0.42463919520378113 0.3827999532222748
v -0.03689602017402649 -0.16934296488761902 0.17869551479816437
v -0.023533910512924194 -0.18203352391719818 0.20091943442821503
v -0.03938807547092438 -0.18763242661952972 0.18151354789733887
v -0.08836577087640762 -0.17586804926395416 0.1373267024755478
v -0.06849636137485504 -0.1754480004310608 0.14841565489768982
v -0.07377095520496368 -0.1931292861700058 0.15100474655628204
v -0.09295064210891724 -0.1928170770406723 0.14073145389556885
v -0.10956596583127975 -0.2916354835033417 0.17047668993473053
v -0.12250935286283493 -0.2891662120819092 0.16423457860946655
v -0.11669497191905975 -0.26915600895881653 0.15962177515029907
v -0.1012360155582428 -0.2717815935611725 0.16765275597572327
v 0.014174431562423706 -0.26079776883125305 0.27301204204559326
v 0.0022170841693878174 -0.27018871903419495 0.24641960859298706
v 0.0018687397241592407 -0.24682050943374634 0.24848753213882446
v 0.013405412435531616 -0.23562854528427124 0.2737482190132141
v -0.18066558241844177 -0.36720481514930725 0.3550862967967987
v -0.15316429734230042 -0.38306403160095215 0.3717885911464691
v 0.002871096134185791 -0.4409547448158264 0.25583964586257935
v 0.006557255983352661 -0.4070495665073395 0.25319549441337585
v -0.01655641198158264 -0.43980491161346436 0.221046581864357
v -0.0471428707242012 -0.4350626766681671 0.20139075815677643
v -0.042776964604854584 -0.4033961594104767 0.2012626975774765
v -0.012752458453178406 -0.406747043132782 0.22130149602890015
v -0.14342549443244934 -0.36512765288352966 0.20760557055473328
v -0.12380138039588928 -0.3470821976661682 0.19080160558223724
v -0.11932739615440369 -0.35542935132980347 0.19845741987228394
v -0.14228232204914093 -0.36709362268447876 0.21518142521381378
v -0.18004469573497772 -0.29314061999320984 0.4114946126937866
v -0.18062739074230194 -0.3139417767524719 0.40395304560661316
v -0.15026088058948517 -0.3266426622867584 0.41645538806915283
v -0.15042218565940857 -0.30168455839157104 0.423311710357666
v -0.06323026865720749 -0.0902383029460907 0.3626598119735718
v -0.063086599111557 -0.11028453707695007 0.36970269680023193
v -0.08322366327047348 -0.08610163629055023 0.3652981221675873
v -0.06193764507770538 -0.06865216791629791 0.3600093126296997
v -0.08195319771766663 -0.06284474581480026 0.3616103529930115
v -0.039957866072654724 0.07998236268758774 0.34087133407592773
v -0.020964086055755615 0.06418931484222412 0.33814793825149536
v -0.007000073790550232 0.08382759988307953 0.33180999755859375
v -0.02493584156036377 0.10119418799877167 0.3359743356704712
v -0.04996553808450699 0.2216481864452362 0.2950171232223511
v -0.04736834764480591 0.23432518541812897 0.2879992127418518
v -0.1250193566083908 -0.4162130653858185 0.37782537937164307
v -0.16068708896636963 -0.40020057559013367 0.3552137613296509
v -0.15121011435985565 -0.43576526641845703 0.35733985900878906
v -0.12057653814554214 -0.4442662000656128 0.37422850728034973
v -0.05869641155004501 -0.45484232902526855 0.37385475635528564
v -0.03175012022256851 -0.45874759554862976 0.3581962287425995
v -0.02342100441455841 -0.4286271929740906 0.36000245809555054
v -0.009699508547782898 -0.46496933698654175 0.3302282989025116
v 0.0008598268032073975 -0.47081518173217773 0.29374825954437256
v -0.022545546293258667 -0.47237297892570496 0.22087299823760986
v -0.05304676294326782 -0.4671570658683777 0.20287692546844482
v -0.1406005471944809 -0.42194443941116333 0.218378484249115
v -0.11395340412855148 -0.4266185760498047 0.20441442728042603
v -0.11923857033252716 -0.45270469784736633 0.20947259664535522
v -0.14501459896564484 -0.4467735290527344 0.22594648599624634
v -0.07238126546144485 -0.30316755175590515 0.18909341096878052
v -0.039693817496299744 -0.2896021902561188 0.20535628497600555
v -0.04002499580383301 -0.3090013563632965 0.20771817862987518
v -0.06848125159740448 -0.32087790966033936 0.19729696214199066
v -0.08072543889284134 -0.15763917565345764 0.13588707149028778
v -0.0644189789891243 -0.15601572394371033 0.14530152082443237
v -0.05279015004634857 -0.17289511859416962 0.1611413210630417
v -0.04925687611103058 -0.15367189049720764 0.1582002490758896
v -0.03454165905714035 -0.15009859204292297 0.17625164985656738
v -0.055780962109565735 -0.07773935794830322 0.13324111700057983
v -0.037530310451984406 -0.07755695283412933 0.14874613285064697
v -0.04220925271511078 -0.09661334753036499 0.15127122402191162
v -0.059748753905296326 -0.09686508774757385 0.13576437532901764
v -0.052369698882102966 -0.05578600615262985 0.13305595517158508
v -0.03483058512210846 -0.05478692799806595 0.14750036597251892
v -0.0495675653219223 -0.01318196952342987 0.13179317116737366
v -0.02661195397377014 -0.0016290266066789627 0.13513320684432983
v -0.030745886266231537 -0.01580192521214485 0.1436140537261963
v -0.040897488594055176 0.1409386396408081 0.09928569197654724
v -0.04177781194448471 0.12466501444578171 0.0959722250699997
v 0.015868008136749268 -0.2878049314022064 0.27326256036758423
v -0.17677117884159088 -0.4013253450393677 0.3233400285243988
v -0.17823611199855804 -0.40747150778770447 0.29456284642219543
v -0.17873120307922363 -0.43454769253730774 0.3033461570739746
v -0.1717955619096756 -0.4330148696899414 0.33199235796928406
v 0.016996368765830994 -0.22253939509391785 0.29794126749038696
v 0.009975552558898926 -0.13982771337032318 0.26284945011138916
v 0.009497910737991333 -0.1571669578552246 0.26538875699043274
v 0.03434005379676819 0.0101612638682127 0.21882882714271545
v 0.027201786637306213 -0.010767869651317596 0.23287934064865112
v -0.0036650747060775757 0.04980745166540146 0.10190017521381378
v -0.003931090235710144 0.037425849586725235 0.10592840611934662
v -0.01619774103164673 -0.3984721899032593 0.3617538809776306
v -0.0298333540558815 -0.5036306977272034 0.22214370965957642
v -0.038567572832107544 -0.5331365466117859 0.22376853227615356
v -0.06829775124788284 -0.5286489129066467 0.20784948766231537
v -0.06090401113033295 -0.49886077642440796 0.20466989278793335
v -0.1643073707818985 -0.47214487195014954 0.25669756531715393
v -0.14823608100414276 -0.4761245548725128 0.2340233027935028
v -0.14986386895179749 -0.5056999921798706 0.24197418987751007
v -0.1635589748620987 -0.5026077032089233 0.26524949073791504
v -0.16263243556022644 -0.5337104201316833 0.27054309844970703
v -0.15049217641353607 -0.5374455451965332 0.2469443678855896
v -0.15414540469646454 -0.5677410960197449 0.2530703842639923
v -0.1630207598209381 -0.5633532404899597 0.27581629157066345
v -0.0026195496320724487 -0.47461533546447754 0.2546447515487671
v -0.013169854879379272 -0.5318177938461304 0.2884020209312439
v -0.017778873443603516 -0.5350101590156555 0.25348928570747375
v -0.01005786657333374 -0.5058298707008362 0.2539612352848053
v -0.006176218390464783 -0.5019781589508057 0.2911047339439392
v -0.08853278309106827 -0.4510153532028198 0.37982177734375
v -0.16342127323150635 -0.44310760498046875 0.24728640913963318
v -0.16014379262924194 -0.41890180110931396 0.23833149671554565
v -0.1704949140548706 -0.5001703500747681 0.313911497592926
v -0.16139504313468933 -0.5006237626075745 0.3388727903366089
v -0.16642311215400696 -0.4674999713897705 0.3365594446659088
v -0.17523373663425446 -0.467222660779953 0.3092663288116455
v -0.0629383772611618 -0.512987494468689 0.3650744557380676
v -0.03997286409139633 -0.5178263783454895 0.3474808633327484
v -0.03562012314796448 -0.4891679286956787 0.3527352809906006
v -0.06095819175243378 -0.4846338629722595 0.3696601092815399
v -0.01588250696659088 -0.4954237937927246 0.32545530796051025
v -0.022047042846679688 -0.5248519778251648 0.3207302391529083
v -0.027910694479942322 -0.589389443397522 0.2816801369190216
v -0.03539285063743591 -0.5918427109718323 0.2502184510231018
v -0.026188433170318604 -0.5638085007667542 0.25225329399108887
v -0.020420178771018982 -0.5610265731811523 0.28516560792922974
v -0.03381796181201935 -0.5825366973876953 0.3130711019039154
v -0.02810029685497284 -0.5539326667785645 0.31663158535957336
v -0.04354877024888992 -0.5467907190322876 0.34279459714889526
v -0.04713442176580429 -0.5753207802772522 0.3381422162055969
v -0.06755028665065765 -0.5690048336982727 0.3539338707923889
v -0.06480047851800919 -0.54100501537323 0.3596500754356384
v -0.089620441198349 -0.5369284749031067 0.3680269122123718
v -0.0900145173072815 -0.5641070008277893 0.36222827434539795
v -0.1151009052991867 -0.5338090062141418 0.3669259548187256
v -0.13813596963882446 -0.5313258171081543 0.35598480701446533
v -0.1334492713212967 -0.5596070885658264 0.352739155292511
v -0.11279988288879395 -0.5614522695541382 0.36183249950408936
v -0.16263946890830994 -0.5592406988143921 0.3197356164455414
v -0.1513044536113739 -0.5584735870361328 0.3385700583457947
v -0.15645375847816467 -0.5304461717605591 0.3391379415988922
v -0.16625139117240906 -0.5308027863502502 0.3172798156738281
v -0.15028388798236847 -0.6650078892707825 0.33215728402137756
v -0.13465023040771484 -0.6635618209838867 0.3409014344215393
v -0.13988402485847473 -0.6372347474098206 0.3388879895210266
v -0.1556941717863083 -0.6384327411651611 0.32823771238327026
v -0.12009712308645248 -0.6629343032836914 0.3504033088684082
v -0.10310158133506775 -0.6634730696678162 0.35558852553367615
v -0.10684957355260849 -0.6383795142173767 0.3517986238002777
v -0.12358967214822769 -0.6370906233787537 0.34617963433265686
v -0.0712217167019844 -0.6463598608970642 0.34134379029273987
v -0.08870209008455276 -0.6412394046783447 0.3506735563278198
v -0.08548949658870697 -0.6661895513534546 0.3536835312843323
v -0.06909488886594772 -0.6712769865989685 0.3432340621948242
v -0.05300220847129822 -0.6776552200317383 0.3280198574066162
v -0.052485570311546326 -0.6530978083610535 0.3281696140766144
v -0.0469399094581604 -0.6847525835037231 0.3056172728538513
v -0.04352635145187378 -0.6606764793395996 0.3058624565601349
v -0.04885413497686386 -0.6664511561393738 0.2772900462150574
v -0.05091521888971329 -0.690809965133667 0.27678751945495605
v -0.16375264525413513 -0.6509227752685547 0.27662596106529236
v -0.16300570964813232 -0.6780307292938232 0.28489556908607483
v -0.167658269405365 -0.6719702482223511 0.3031662106513977
v -0.1701163947582245 -0.6456217169761658 0.2948901951313019
v -0.12817266583442688 -0.6614920496940613 0.2462664544582367
v -0.10581773519515991 -0.6650111079216003 0.22960251569747925
v -0.11027157306671143 -0.691321074962616 0.23839087784290314
v -0.13048964738845825 -0.6891789436340332 0.25598961114883423
v -0.038802266120910645 -0.6094027161598206 0.31004172563552856
v -0.03646671026945114 -0.6159385442733765 0.27910885214805603
v -0.06994987279176712 -0.5957900881767273 0.3482975959777832
v -0.050178758800029755 -0.6021913886070251 0.333779513835907
v -0.16024376451969147 -0.586105465888977 0.32234078645706177
v -0.1472073793411255 -0.585379958152771 0.33843642473220825
v -0.15715551376342773 -0.5963199138641357 0.2595367729663849
v -0.16502006351947784 -0.5916926860809326 0.28072991967201233
v -0.07202618569135666 -0.6430891156196594 0.2264232635498047
v -0.06563004851341248 -0.6169099807739258 0.2259984314441681
v -0.04375223070383072 -0.6188268065452576 0.24820302426815033
v -0.050280481576919556 -0.6448556184768677 0.24650725722312927
v -0.04142722487449646 -0.6355610489845276 0.3077259063720703
v -0.052170395851135254 -0.6277493834495544 0.3302600383758545
v -0.07112345099449158 -0.6213160157203674 0.34346720576286316
v -0.0900285392999649 -0.6163736581802368 0.35246527194976807
v -0.10893990844488144 -0.61338871717453 0.3528083562850952
v -0.12655596435070038 -0.6116649508476257 0.3469390273094177
v -0.1436399221420288 -0.6115078926086426 0.3389052748680115
v -0.15803782641887665 -0.6123002171516418 0.3251161575317383
v -0.1678989827632904 -0.6191057562828064 0.2879280745983124
v -0.1611003577709198 -0.6243939995765686 0.268449991941452
v -0.08376094698905945 -0.6937316060066223 0.23601289093494415
v -0.07808779925107956 -0.6693864464759827 0.22825294733047485
v -0.05635850131511688 -0.6701335310935974 0.2482680231332779
v -0.06023295968770981 -0.6943360567092896 0.25139182806015015
v -0.08700951933860779 -0.7155740857124329 0.24670082330703735
v -0.10909411311149597 -0.7136691808700562 0.24940519034862518
v -0.11556592583656311 -0.6891053915023804 0.35551542043685913
v -0.09886915981769562 -0.69016033411026 0.35970836877822876
v -0.08219219744205475 -0.6930140852928162 0.357324481010437
v -0.052464522421360016 -0.7031261920928955 0.3302585482597351
v -0.048866234719753265 -0.7105043530464172 0.3045397400856018
v -0.05485329031944275 -0.7160816192626953 0.27646714448928833
v -0.06587442755699158 -0.7158321142196655 0.25612613558769226
v -0.15647418797016144 -0.7270644307136536 0.31422778964042664
v -0.16053161025047302 -0.6988189816474915 0.30871349573135376
v -0.1564360409975052 -0.70430988073349 0.2920144200325012
v -0.15096473693847656 -0.7315652966499329 0.29670512676239014
v -0.14356271922588348 -0.7208257913589478 0.3449641168117523
v -0.13095496594905853 -0.7180797457695007 0.358039528131485
v -0.1300554722547531 -0.690218985080719 0.34563446044921875
v -0.14306694269180298 -0.6922392845153809 0.33460235595703125
v -0.11407526582479477 -0.716906726360321 0.36656105518341064
v -0.09591497480869293 -0.7178735136985779 0.36863619089126587
v -0.07773560285568237 -0.719843864440918 0.36526498198509216
v -0.04986236244440079 -0.7305006980895996 0.3329070806503296
v -0.06509190797805786 -0.6965208053588867 0.34770870208740234
v -0.06069175899028778 -0.7238759398460388 0.35388100147247314
v -0.047576382756233215 -0.738978922367096 0.3023446500301361
v -0.0627574473619461 -0.7754001021385193 0.27730661630630493
v -0.0631789118051529 -0.7452868223190308 0.2736477553844452
v -0.04557125270366669 -0.7692158818244934 0.3035203516483307
v -0.09447318315505981 -0.871216893196106 0.283231645822525
v -0.06915880739688873 -0.8706847429275513 0.29098963737487793
v -0.07569971680641174 -0.9047974348068237 0.29715290665626526
v -0.0974043756723404 -0.9058634042739868 0.29008886218070984
v -0.1503967046737671 -0.7609055042266846 0.3020782768726349
v -0.15724165737628937 -0.7570204734802246 0.32104068994522095
v -0.14758363366127014 -0.7511691451072693 0.35508257150650024
v -0.13260816037654877 -0.7484942078590393 0.3687986135482788
v -0.04475376754999161 -0.7915748953819275 0.3407779037952423
v -0.0456838458776474 -0.7604236602783203 0.33522161841392517
v -0.056099697947502136 -0.7537969350814819 0.35878172516822815
v -0.055537670850753784 -0.7852212190628052 0.36473003029823303
v -0.15869948267936707 -0.8580284714698792 0.31442904472351074
v -0.1649630218744278 -0.8555580973625183 0.3329395651817322
v -0.16551634669303894 -0.8215517401695251 0.33021074533462524
v -0.15844637155532837 -0.824610710144043 0.31011763215065
v -0.13698406517505646 -0.7807022333145142 0.3754299581050873
v -0.15208111703395844 -0.7832345366477966 0.361120343208313
v -0.15453797578811646 -0.8166382908821106 0.3654237389564514
v -0.1396193504333496 -0.8144397735595703 0.3796144723892212
v -0.05332262068986893 -0.8604044318199158 0.34493178129196167
v -0.047315143048763275 -0.8249148726463318 0.34419339895248413
v -0.05710960924625397 -0.8192430734634399 0.36792227625846863
v -0.062084704637527466 -0.855921745300293 0.3677547574043274
v -0.06274084001779556 -0.8050645589828491 0.2813418209552765
v -0.04537683725357056 -0.7994191646575928 0.3086497485637665
v -0.04818084090948105 -0.8311192989349365 0.3133696913719177
v -0.06442989408969879 -0.8371618390083313 0.2864590287208557
v -0.09026496112346649 -0.8053208589553833 0.2739746570587158
v -0.09164580702781677 -0.8370251059532166 0.2782883644104004
v -0.15518146753311157 -0.9302141666412354 0.33535072207450867
v -0.15964652597904205 -0.8921800255775452 0.3342289924621582
v -0.15463294088840485 -0.8958744406700134 0.3183034658432007
v -0.14978568255901337 -0.9342610239982605 0.3210179805755615
v -0.13889671862125397 -0.8502056002616882 0.37944507598876953
v -0.15399500727653503 -0.8516931533813477 0.36629340052604675
v -0.14977110922336578 -0.8889282941818237 0.36347484588623047
v -0.1372205913066864 -0.8880679607391357 0.37565407156944275
v -0.06904718279838562 -0.9375048875808716 0.34471943974494934
v -0.06071282923221588 -0.8982796669006348 0.3453814387321472
v -0.06976264715194702 -0.8948254585266113 0.365894079208374
v -0.07819999009370804 -0.9340459704399109 0.36335694789886475
v -0.0821785107254982 -0.942703902721405 0.3027348518371582
v -0.06073899567127228 -0.9018911719322205 0.31808000802993774
v -0.06821969151496887 -0.9407491683959961 0.32176673412323
v -0.08870234340429306 -0.9806705117225647 0.3051166534423828
v -0.10447019338607788 -0.9814803600311279 0.29909801483154297
v -0.10131437331438065 -0.9434881806373596 0.29606813192367554
v -0.14539669454097748 -0.9706134796142578 0.3230425715446472
v -0.15174756944179535 -0.9672077894210815 0.3356570303440094
v -0.14832618832588196 -0.9640322923660278 0.35842955112457275
v -0.1387709528207779 -0.9622719287872314 0.36916136741638184
v -0.13686756789684296 -0.9257737398147583 0.37217700481414795
v -0.14816518127918243 -0.9272339940071106 0.3610435128211975
v -0.10505522787570953 -0.9298540949821472 0.38022708892822266
v -0.12153603136539459 -0.9268432855606079 0.378867506980896
v -0.12470118701457977 -0.9631707668304443 0.3752538859844208
v -0.10969051718711853 -0.9663417339324951 0.3757050633430481
v -0.08684037625789642 -0.9699826240539551 0.35997840762138367
v -0.09034590423107147 -0.9316209554672241 0.37523889541625977
v -0.09715238213539124 -0.9679779410362244 0.3706124424934387
v -0.07727357745170593 -0.9731624722480774 0.3434288501739502
v -0.07541613280773163 -0.9779524803161621 0.32214468717575073
v -0.1792755424976349 -0.37478214502334595 0.29634958505630493
v -0.17141707241535187 -0.38060295581817627 0.2699132263660431
v -0.17466327548027039 -0.38958191871643066 0.28271305561065674
v -0.17806759476661682 -0.38077226281166077 0.31073981523513794
v -0.12758995592594147 -0.5134391784667969 0.22122545540332794
v -0.12344519793987274 -0.4819057881832123 0.2149040251970291
v -0.1359378695487976 -0.5737028121948242 0.23274007439613342
v -0.1307705193758011 -0.5449272990226746 0.22656434774398804
v -0.14057472348213196 -0.6023271679878235 0.24107497930526733
v -0.14496073126792908 -0.6303990483283997 0.2512606084346771
v -0.1498548984527588 -0.6577758193016052 0.26142555475234985
v -0.14949001371860504 -0.6847416758537292 0.26977425813674927
v -0.14420802891254425 -0.7104345560073853 0.2762024998664856
v -0.13887132704257965 -0.7378891706466675 0.2801817059516907
v -0.13855503499507904 -0.796072244644165 0.2886910140514374
v -0.15411219000816345 -0.7922565340995789 0.3066396713256836
v -0.1362978219985962 -0.7663615345954895 0.28488993644714355
v -0.1426064372062683 -0.8621329665184021 0.2963360846042633
v -0.1415010243654251 -0.8276726603507996 0.2922383248806
v -0.14065566658973694 -0.9000667333602905 0.301919162273407
v -0.13775157928466797 -0.9389099478721619 0.30713504552841187
v -0.13438847661018372 -0.9752785563468933 0.3106420934200287
v -0.07176622748374939 -0.37603238224983215 0.19546756148338318
v -0.10221337527036667 -0.38010361790657043 0.19837498664855957
v -0.09688036888837814 -0.3632131516933441 0.19681015610694885
v -0.06818321347236633 -0.35433968901634216 0.19583818316459656
v -0.16111263632774353 -0.3722851574420929 0.23625853657722473
v -0.1541939079761505 -0.37136128544807434 0.22344082593917847
v -0.1535308063030243 -0.37115389108657837 0.22967420518398285
v -0.161393940448761 -0.3715505599975586 0.24274276196956635
v -0.04218968749046326 -0.6413482427597046 0.2777644991874695
v -0.09007017314434052 -0.5905501842498779 0.35650962591171265
v -0.11067823320627213 -0.587472677230835 0.35598108172416687
v -0.1296350210905075 -0.5860639214515686 0.3491519093513489
v -0.12483034282922745 -0.6353927254676819 0.23348186910152435
v -0.11914314329624176 -0.6081749200820923 0.2255243957042694
v -0.09394494444131851 -0.6126538515090942 0.21850289404392242
v -0.10044094920158386 -0.6386691927909851 0.22411778569221497
v -0.0908542051911354 -0.7785157561302185 0.2696168124675751
v -0.11611565947532654 -0.801324725151062 0.2788025736808777
v -0.11584857106208801 -0.7730792164802551 0.2737598419189453
v -0.0898078978061676 -0.7540457844734192 0.2641848921775818
v -0.09288258105516434 -0.7474884390830994 0.37811172008514404
v -0.07334423810243607 -0.7493175864219666 0.3733249306678772
v -0.11606179922819138 -0.7787604331970215 0.38427770137786865
v -0.09384702146053314 -0.7788748145103455 0.3865088224411011
v -0.11341627687215805 -0.7468582391738892 0.3754861652851105
v -0.10520511865615845 -0.552981972694397 0.2132444679737091
v -0.07630538940429688 -0.5577583909034729 0.2123132199048996
v -0.08532044291496277 -0.5859499573707581 0.21571260690689087
v -0.11264798045158386 -0.5810641050338745 0.218849316239357
v -0.02438381314277649 -0.043356142938137054 0.3341129720211029
v -0.04098782688379288 -0.03229304403066635 0.344721257686615
v 0.03628453612327576 0.0250241681933403 0.1719726175069809
v 0.035238608717918396 0.017818983644247055 0.19185517728328705
v 0.02394026517868042 0.006490224972367287 0.1824047863483429
v 0.027093499898910522 0.015174426138401031 0.1658344864845276
v 0.04379749298095703 0.03247110918164253 0.19595098495483398
v 0.04383641481399536 0.03817295283079147 0.17575415968894958
v 0.04990825057029724 0.05481483414769173 0.17837762832641602
v 0.050083696842193604 0.049842312932014465 0.19715335965156555
v 0.06610414385795593 0.1324036717414856 0.1959126889705658
v 0.07384607195854187 0.14289607107639313 0.19613197445869446
v -0.050378069281578064 -0.034304484724998474 0.1317143589258194
v -0.07182817161083221 -0.033463720232248306 0.12207188457250595
v -0.0698050856590271 -0.01335335336625576 0.12199115753173828
v -0.05623047053813934 -0.19154109060764313 0.16458576917648315
v -0.062448203563690186 -0.2730671167373657 0.19122421741485596
v -0.09493446350097656 -0.2966223955154419 0.17910775542259216
v -0.08308875560760498 -0.27303048968315125 0.17812463641166687
v -0.1412208080291748 -0.347676157951355 0.18797428905963898
v -0.08243162930011749 0.04233298823237419 0.3492557108402252
v -0.07296115159988403 0.06790893524885178 0.3452000021934509
v -0.06596248596906662 0.2388402372598648 0.27797505259513855
v -0.08617451786994934 0.23224951326847076 0.2723674476146698
v -0.06236438453197479 0.2585819959640503 0.26193368434906006
v -0.06025587022304535 0.2674279510974884 0.2547397315502167
v -0.07844841480255127 0.2608920633792877 0.25194472074508667
v -0.08113161474466324 0.25171715021133423 0.2592163681983948
v -0.0643480122089386 0.2997925877571106 0.21155475080013275
v -0.06579761952161789 0.2931818962097168 0.22218024730682373
v -0.1687023937702179 -0.3706090450286865 0.25725534558296204
v -0.16362032294273376 -0.37258318066596985 0.24952612817287445
v -0.1717030107975006 -0.37085142731666565 0.2675834894180298
v -0.13457326591014862 -0.40053465962409973 0.21242479979991913
v -0.15437889099121094 -0.39959970116615295 0.2302550971508026
v -0.14890369772911072 -0.38523998856544495 0.22525334358215332
v -0.1287238597869873 -0.38362306356430054 0.20830541849136353
v 0.01650676131248474 -0.3741447627544403 0.28581637144088745
v 0.012097761034965515 -0.36807742714881897 0.3242374658584595
v -0.11957094818353653 -0.3952142000198364 0.3846801221370697
v 0.2609077990055084 0.16628700494766235 0.2407018393278122
v 0.2665620446205139 0.17686881124973297 0.24769577383995056
v 0.23741620779037476 0.17485658824443817 0.2512950003147125
v 0.2321060299873352 0.16454464197158813 0.24284294247627258
v -0.05016110837459564 0.1519823670387268 0.3260267376899719
v -0.046812668442726135 0.1234259083867073 0.3336081802845001
v -0.00038680434226989746 0.26445096731185913 0.1585606336593628
v 0.04522913694381714 0.26904967427253723 0.17117546498775482
v 0.046461597084999084 0.2520313262939453 0.15053889155387878
v 0.03731836378574371 0.2513383626937866 0.15405996143817902
v 0.03668263554573059 0.2694704234600067 0.17368943989276886
v 0.045852065086364746 0.2593280076980591 0.25615194439888
v 0.045402467250823975 0.2688977122306824 0.2403835505247116
v 0.03368593752384186 0.27012038230895996 0.24513110518455505
v 0.0324348509311676 0.2592266798019409 0.260946124792099
v -0.171211376786232 -0.22395798563957214 0.41448524594306946
v -0.14276370406150818 -0.2287285029888153 0.42417001724243164
v -0.11970779299736023 -0.02798200398683548 0.35155609250068665
v -0.09997086226940155 -0.032808080315589905 0.3569331765174866
v -0.0967579111456871 -0.008738897740840912 0.35479873418807983
v -0.11586492508649826 -0.0033104773610830307 0.34879863262176514
v -0.01801292598247528 0.13715580105781555 0.32851600646972656
v -0.003931313753128052 0.11770728975534439 0.32709234952926636
v -0.048489049077034 0.05365240201354027 0.0947367250919342
v -0.04679243266582489 0.07274272292852402 0.09304724633693695
v -0.031116753816604614 0.07617947459220886 0.09383882582187653
v -0.03193303942680359 0.05785883963108063 0.09461960196495056
v 0.20495745539665222 0.2025352269411087 0.25862762331962585
v 0.17754966020584106 0.19056516885757446 0.260810524225235
v 0.18228840827941895 0.17985673248767853 0.2580990195274353
v 0.2112586498260498 0.18582242727279663 0.25818267464637756
v -0.011120915412902832 -0.3619496524333954 0.3633006811141968
v -0.0471574142575264 -0.3742035925388336 0.38613927364349365
v 0.004067644476890564 -0.01575307548046112 0.31438320875167847
v -0.010900095105171204 -0.0027030445635318756 0.3304823637008667
v -0.01915109157562256 -0.022521603852510452 0.3329482674598694
v -0.004021972417831421 -0.035192571580410004 0.317563533782959
v 0.030608758330345154 0.036499328911304474 0.29264676570892334
v 0.020920217037200928 0.01971310004591942 0.3007257878780365
v 0.04044346511363983 0.052880365401506424 0.28618544340133667
v 0.09163539111614227 0.15479446947574615 0.25837963819503784
v 0.09269252419471741 0.14982005953788757 0.25096550583839417
v 0.10293194651603699 0.15545660257339478 0.24902905523777008
v -0.10781960189342499 -0.4012412428855896 0.20091821253299713
v -0.09378985315561295 -0.33762747049331665 0.1925666332244873
v -0.09871082007884979 -0.32692402601242065 0.18548303842544556
v -0.16694629192352295 -0.37154141068458557 0.2480199635028839
v -0.014927536249160767 0.2821022570133209 0.1428827941417694
v -0.01842173933982849 0.27321624755859375 0.1273663341999054
v 0.13472980260849 0.1626061052083969 0.22693881392478943
v 0.15484899282455444 0.16121600568294525 0.22865591943264008
v 0.07775211334228516 0.13181263208389282 0.24504387378692627
v 0.07399484515190125 0.1296963095664978 0.22980225086212158
v 0.08174243569374084 0.13840675354003906 0.22689610719680786
v 0.08513963222503662 0.139806866645813 0.24060942232608795
v 0.08613428473472595 0.14327336847782135 0.2522193491458893
v 0.07875363528728485 0.13675867021083832 0.2575424313545227
v 0.050292372703552246 0.15918919444084167 0.13503633439540863
v 0.04141627252101898 0.15979941189289093 0.12945574522018433
v 0.04375334084033966 0.17765465378761292 0.13109387457370758
v 0.05372357368469238 0.1773025095462799 0.13497664034366608
v 0.030351191759109497 0.1575486660003662 0.12514641880989075
v 0.018048763275146484 0.15558652579784393 0.11972402036190033
v 0.020422235131263733 0.17612934112548828 0.12330357730388641
v 0.033003658056259155 0.1780640035867691 0.12769559025764465
v -0.0014870166778564453 0.23761340975761414 0.14109499752521515
v -0.015420109033584595 0.22366566956043243 0.1256183385848999
v -0.032005660235881805 0.21287775039672852 0.11494176834821701
v -0.04656170308589935 0.20553408563137054 0.10717769712209702
v -0.0688471645116806 0.28702017664909363 0.23234239220619202
v -0.07370197772979736 0.2801420986652374 0.2413857877254486
v -0.05611882358789444 0.28420114517211914 0.24236628413200378
v -0.04938758909702301 0.2926236689090729 0.23227310180664062
v -0.025317728519439697 0.2557199001312256 0.12071317434310913
v -0.03728332370519638 0.2465490698814392 0.10836812853813171
v -0.048153355717659 0.22837147116661072 0.10487529635429382
v 0.24718216061592102 0.23023775219917297 0.17542347311973572
v 0.2216567099094391 0.23322325944900513 0.17392635345458984
v -0.01851215958595276 0.30341288447380066 0.17269247770309448
v -0.015278667211532593 0.29243674874305725 0.15800736844539642
v 0.22691258788108826 0.2435213178396225 0.18974776566028595
v 0.25337448716163635 0.2405475527048111 0.19130939245224
v 0.032511934638023376 0.22536224126815796 0.14241206645965576
v 0.029252439737319946 0.2503517270088196 0.1558416783809662
v 0.04057154059410095 0.22705329954624176 0.1422480046749115
v -0.0265963077545166 0.26471710205078125 0.11314167082309723
v -0.037546440958976746 0.2563936114311218 0.10114553570747375
v 0.015705540776252747 -0.3372693657875061 0.3156607747077942
v 0.017423033714294434 -0.34470340609550476 0.2797304391860962
v 0.011659249663352966 -0.08605589717626572 0.25688400864601135
v 0.010487541556358337 -0.07594999670982361 0.27923864126205444
v -0.07623991370201111 -0.07638855278491974 0.12221888452768326
v -0.07988278567790985 -0.09548651427030563 0.12461193650960922
v -0.06052210181951523 0.2569516897201538 0.0831698328256607
v -0.06379404664039612 -0.13540320098400116 0.14220377802848816
v -0.0840931087732315 -0.13725662231445312 0.13105644285678864
v -0.08245529234409332 -0.11546087265014648 0.12825146317481995
v -0.062860868871212 -0.1155199408531189 0.13967880606651306
v -0.09463941305875778 -0.15872104465961456 0.1314915269613266
v -0.09741957485675812 -0.16788391768932343 0.13240179419517517
v -0.11740073561668396 -0.309488445520401 0.17352065443992615
v -0.1277855932712555 -0.30688557028770447 0.16774630546569824
v 0.1516936719417572 0.20673149824142456 0.15741777420043945
v 0.135743647813797 0.20892482995986938 0.15508371591567993
v 0.136125385761261 0.22997626662254333 0.15366502106189728
v 0.153122216463089 0.22775159776210785 0.15774397552013397
v -0.048026733100414276 -0.1330340951681137 0.15687961876392365
v -0.03352978825569153 -0.12991094589233398 0.17603285610675812
v 0.060947537422180176 0.12133916467428207 0.18045413494110107
v 0.06151966750621796 0.12044233083724976 0.19816628098487854
v -0.06688401848077774 0.006978742778301239 0.11610373854637146
v -0.016792595386505127 0.06220530718564987 0.09654057025909424
v -0.015942484140396118 0.0791626051068306 0.09703207015991211
v -0.0018714964389801025 0.08158743381500244 0.10165801644325256
v -0.0028475821018218994 0.06534402072429657 0.10073897242546082
v -0.17124612629413605 -0.3683229386806488 0.2585386633872986
v 0.14285919070243835 0.24452205002307892 0.24547049403190613
v 0.13007882237434387 0.24387237429618835 0.24912676215171814
v 0.13178464770317078 0.23390330374240875 0.2540801763534546
v 0.14517998695373535 0.23598381876945496 0.2503584921360016
v -0.16704386472702026 -0.39677950739860535 0.25513243675231934
v -0.17146405577659607 -0.4141818881034851 0.2648911774158478
v -0.18045485019683838 -0.37344563007354736 0.3327825963497162
v -0.1857895851135254 -0.37023118138313293 0.31354814767837524
v -0.08728539943695068 -0.46062561869621277 0.20050925016403198
v -0.08125047385692596 -0.4304855763912201 0.1967487931251526
v -0.0937591940164566 -0.4926978349685669 0.20444321632385254
v -0.09915217012166977 -0.5236265063285828 0.20854873955249786
v -0.12666678428649902 -0.7142335176467896 0.2635853886604309
v -0.11657656729221344 -0.7436267137527466 0.2658436894416809
v -0.11732154339551926 -0.832843005657196 0.283875435590744
v -0.11843162029981613 -0.8669977784156799 0.2892511188983917
v -0.11930277943611145 -0.9040756225585938 0.29446104168891907
v -0.12036825716495514 -0.9427494406700134 0.3000335693359375
v -0.12002437561750412 -0.9796127080917358 0.30194708704948425
v 0.2603069543838501 0.24421760439872742 0.20822358131408691
v 0.23195809125900269 0.24797211587429047 0.20974889397621155
v 0.23888516426086426 0.24345266819000244 0.22631970047950745
v 0.2681858539581299 0.24144676327705383 0.22367113828659058
v 0.19657737016677856 0.15635739266872406 0.21781285107135773
v 0.1922471523284912 0.15765760838985443 0.20243848860263824
v 0.2173895537853241 0.1551620066165924 0.20322531461715698
v 0.22161415219306946 0.15529438853263855 0.21833324432373047
v 0.24799025058746338 0.1549229621887207 0.21873299777507782
v 0.2545117735862732 0.15918219089508057 0.23098349571228027
v 0.22643828392028809 0.1578889936208725 0.23178544640541077
v 0.2706376016139984 0.19092470407485962 0.25111275911331177
v 0.27291417121887207 0.20631223917007446 0.24947983026504517
v 0.24137389659881592 0.2056836038827896 0.2546507716178894
v 0.24169528484344482 0.18908937275409698 0.2551838159561157
v 0.27341777086257935 0.23291516304016113 0.23636175692081451
v 0.24406376481056213 0.23432926833629608 0.23904192447662354
v 0.24462267756462097 0.22181765735149384 0.24885061383247375
v 0.27485746145248413 0.2205197662115097 0.24505293369293213
v 0.23704031109809875 0.16431181132793427 0.17498788237571716
v 0.23878902196884155 0.15601305663585663 0.18907946348190308
v 0.21411952376365662 0.15824711322784424 0.18733608722686768
v 0.21237525343894958 0.16675707697868347 0.1734427958726883
v 0.13741838932037354 0.25144505500793457 0.16359667479991913
v 0.15554335713386536 0.24748043715953827 0.1671576052904129
v 0.09009170532226562 0.15733186900615692 0.17912305891513824
v 0.0952741950750351 0.16680724918842316 0.1630638837814331
v 0.10646677017211914 0.1704874336719513 0.16733956336975098
v 0.10171425342559814 0.16288165748119354 0.18393386900424957
v 0.1927412748336792 0.21948926150798798 0.16247597336769104
v 0.17178592085838318 0.22354383766651154 0.16065554320812225
v 0.17550653219223022 0.24196891486644745 0.1703784316778183
v 0.19751614332199097 0.23659314215183258 0.17250701785087585
v 0.18694987893104553 0.16989637911319733 0.1723761260509491
v 0.1887284517288208 0.16140171885490417 0.18571977317333221
v 0.165185809135437 0.16427405178546906 0.18608298897743225
v 0.16445308923721313 0.1723777949810028 0.1723317801952362
v 0.20851150155067444 0.17208924889564514 0.25212985277175903
v 0.180929034948349 0.1682407706975937 0.2505316138267517
v 0.1343812346458435 0.18883153796195984 0.16128697991371155
v 0.1498139500617981 0.1874728798866272 0.1624256819486618
v 0.05742098391056061 0.10741560906171799 0.18199200928211212
v 0.0645875483751297 0.10830166190862656 0.23399069905281067
v 0.06871171295642853 0.12022297829389572 0.23188237845897675
v 0.031392425298690796 0.0266265869140625 0.1515548825263977
v 0.03571334481239319 0.03975043073296547 0.1424788385629654
v 0.05153284966945648 0.048966050148010254 0.21899808943271637
v 0.0565299391746521 0.07073979079723358 0.21858447790145874
v 0.038282692432403564 0.03458300605416298 0.15703648328781128
v 0.03951232135295868 0.042654938995838165 0.14861616492271423
v -0.01801346242427826 -0.03448941558599472 0.16098418831825256
v -0.048675090074539185 0.21701295673847198 0.10851174592971802
v 0.16949182748794556 0.2035452425479889 0.15963095426559448
v 0.16642704606056213 0.18573205173015594 0.1639520823955536
v 0.15669885277748108 0.18283621966838837 0.2605352997779846
v 0.13785338401794434 0.1771794706583023 0.2592542767524719
v 0.13758936524391174 0.16945886611938477 0.254603773355484
v 0.15809249877929688 0.17323829233646393 0.256691575050354
v 0.024868160486221313 0.15849994122982025 0.3112545609474182
v 0.004656299948692322 0.14826951920986176 0.3212561011314392
v 0.015846312046051025 0.1312922090291977 0.31931373476982117
v 0.03478938341140747 0.14388376474380493 0.30978915095329285
v 0.14375951886177063 0.2575477063655853 0.23187871277332306
v 0.148176372051239 0.2625489830970764 0.2206064760684967
v 0.1314302682876587 0.26644471287727356 0.2211572825908661
v 0.12977948784828186 0.2599288821220398 0.23380285501480103
v 0.13392668962478638 0.2698347270488739 0.2044641673564911
v 0.15282005071640015 0.2646031081676483 0.20483188331127167
v 0.15626615285873413 0.26038822531700134 0.18574608862400055
v 0.13685348629951477 0.26563379168510437 0.18370690941810608
v -0.008812755346298218 -0.28778478503227234 0.36360615491867065
v 0.007504969835281372 -0.29709914326667786 0.33574217557907104
v 0.002651408314704895 -0.16742701828479767 0.24317632615566254
v -0.008756831288337708 -0.1759452521800995 0.22180113196372986
v -0.038231246173381805 -0.265487939119339 0.20705091953277588
v -0.12093991786241531 -0.36248210072517395 0.20237557590007782
v -0.14359666407108307 -0.3710794448852539 0.21911627054214478
v -0.17389199137687683 -0.4389183521270752 0.27420711517333984
v 0.016825363039970398 -0.3084542453289032 0.30793124437332153
v -0.1731429100036621 -0.46942633390426636 0.2818211019039154
v -0.17001371085643768 -0.5007283091545105 0.28865551948547363
v -0.14192579686641693 -0.5027183890342712 0.35838091373443604
v -0.11692173779010773 -0.5054112076759338 0.3701494336128235
v -0.11830056458711624 -0.47532927989959717 0.372717022895813
v -0.14603912830352783 -0.47072264552116394 0.35897529125213623
v -0.08940102905035019 -0.5092524886131287 0.37269681692123413
v -0.08873890340328217 -0.4804116189479828 0.37669453024864197
v -0.057083860039711 -0.5895566344261169 0.22661203145980835
v -0.11913016438484192 -0.813251256942749 0.3886632025241852
v -0.09895481169223785 -0.8514108061790466 0.38953542709350586
v -0.0963076800107956 -0.8130351305007935 0.3910107910633087
v -0.11990058422088623 -0.8502581715583801 0.38773229718208313
v -0.07483243942260742 -0.8153974413871765 0.38344404101371765
v -0.07297907024621964 -0.7807438373565674 0.3802531361579895
v -0.05359131097793579 -0.8655358552932739 0.31562328338623047
v -0.12002831697463989 -0.8884434103965759 0.38356298208236694
v -0.10132476687431335 -0.8901445865631104 0.3854266405105591
v -0.07832540571689606 -0.852501392364502 0.38301217555999756
v -0.08369740843772888 -0.8919011354446411 0.37945306301116943
v -0.16193807125091553 -0.38486987352371216 0.24638959765434265
v 0.00808805227279663 -0.3758615553379059 0.24953508377075195
v 0.007733538746833801 -0.3464006781578064 0.24701371788978577
v -0.03896861523389816 -0.3272317945957184 0.2055869847536087
v -0.06703402101993561 -0.33621200919151306 0.19678804278373718
v -0.017160698771476746 -0.10831917822360992 0.19429077208042145
v -0.002573668956756592 -0.10312508046627045 0.21370680630207062
v 0.002632930874824524 -0.06548624485731125 0.2058810293674469
v 0.012464463710784912 -0.05874086171388626 0.22638356685638428
v 0.00961187481880188 -0.07757197320461273 0.23160648345947266
v -0.0003529787063598633 -0.08464004099369049 0.2105151116847992
v 0.019019991159439087 -0.03984306380152702 0.27188965678215027
v 0.014351531863212585 -0.028301380574703217 0.2949579060077667
v 0.0074044764041900635 -0.04711998999118805 0.29801037907600403
v 0.013056918978691101 -0.0583600178360939 0.2759883403778076
v 0.0034808963537216187 -0.06535540521144867 0.3002009987831116
v -0.008484870195388794 -0.0541774183511734 0.3192650079727173
v -0.07132399827241898 0.00833447091281414 0.3532647490501404
v -0.05264744907617569 -0.000465981662273407 0.3503870964050293
v -0.04465057700872421 0.022746864706277847 0.3479877710342407
v -0.06297646462917328 0.03342891484498978 0.35040283203125
v -0.10779330134391785 -0.31582358479499817 0.17912238836288452
v -0.15572798252105713 -0.3732015788555145 0.23464664816856384
v -0.07575304806232452 -0.40165191888809204 0.19548684358596802
v -0.03976081311702728 -0.37366387248039246 0.20210570096969604
v -0.01152031123638153 -0.3755139708518982 0.2209649682044983
v 0.13188159465789795 0.16494691371917725 0.2153967022895813
v 0.05799151957035065 0.17672660946846008 0.28388550877571106
v 0.06113351881504059 0.16581135988235474 0.2834118604660034
v 0.17448487877845764 0.25752395391464233 0.20728692412376404
v 0.17759016156196594 0.2538524866104126 0.1880303919315338
v 0.14587730169296265 0.1737162470817566 0.17179839313030243
v 0.12213939428329468 0.23226839303970337 0.1500486582517624
v 0.12250268459320068 0.20885273814201355 0.15113742649555206
v 0.11028590798377991 0.21129879355430603 0.14677691459655762
v -0.016428232192993164 -0.2804727554321289 0.2247725874185562
v 0.004541531205177307 -0.2966492176055908 0.24510778486728668
v -0.015367239713668823 -0.30258387327194214 0.2237171232700348
v -0.1826258897781372 -0.36936697363853455 0.29629185795783997
v -0.09390750527381897 -0.3497578799724579 0.19475685060024261
v -0.1679757684469223 -0.5316217541694641 0.2936471402645111
v -0.1665840893983841 -0.5607370734214783 0.2978858947753906
v -0.16662698984146118 -0.5883883237838745 0.3026829957962036
v -0.16710147261619568 -0.6150220632553101 0.30749812722206116
v -0.16668102145195007 -0.6414489150047302 0.3135068714618683
v -0.1624891459941864 -0.6679054498672485 0.31963178515434265
v -0.1554051637649536 -0.694863498210907 0.32365381717681885
v -0.1531791388988495 -0.7232028841972351 0.33089178800582886
v -0.16187627613544464 -0.7887061238288879 0.32595497369766235
v -0.1604415476322174 -0.7855879068374634 0.34473711252212524
v -0.15584591031074524 -0.753587007522583 0.33865535259246826
v -0.16355614364147186 -0.8189036250114441 0.3489459156990051
v -0.1628441959619522 -0.853744387626648 0.34999552369117737
v -0.15710115432739258 -0.8901937007904053 0.3495405912399292
v -0.1539214849472046 -0.9277961850166321 0.3487028479576111
v -0.15224532783031464 -0.9649146795272827 0.3474178612232208
v -0.17426848411560059 -0.36973199248313904 0.26729029417037964
v -0.17815232276916504 -0.36892080307006836 0.28114354610443115
v 0.023843854665756226 0.2234874963760376 0.14117392897605896
v 0.06927858293056488 0.13077756762504578 0.21314677596092224
v 0.076703280210495 0.1394082009792328 0.21274957060813904
v 0.13043257594108582 0.1744745671749115 0.1709134578704834
v 0.2171858847141266 0.2335548996925354 0.24166223406791687
v 0.2115069329738617 0.24343600869178772 0.2305227816104889
v 0.144079327583313 0.1673462986946106 0.18628105521202087
v 0.08714750409126282 0.15224754810333252 0.19480720162391663
v 0.09788115322589874 0.15866714715957642 0.19680801033973694
v 0.2724374532699585 0.2339548021554947 0.1009988784790039
v 0.28635403513908386 0.23357675969600677 0.0952024757862091
v 0.2734176218509674 0.2306247055530548 0.07908454537391663
v 0.26089274883270264 0.23015882074832916 0.08509469032287598
v 0.2603045701980591 0.22807087004184723 0.10690611600875854
v 0.2507075071334839 0.2239179015159607 0.09103482961654663
v 0.26266878843307495 0.16176892817020416 0.11136496067047119
v 0.25523829460144043 0.17420177161693573 0.11564242839813232
v 0.24770963191986084 0.1734638512134552 0.09793275594711304
v 0.2552413046360016 0.16192671656608582 0.09327146410942078
v 0.23529702425003052 0.21000058948993683 0.08029374480247498
v 0.23371797800064087 0.19771282374858856 0.08314165472984314
v 0.2418622076511383 0.19996851682662964 0.09941628575325012
v 0.24414074420928955 0.21331515908241272 0.09567967057228088
v 0.2896210551261902 0.15444552898406982 0.09770554304122925
v 0.3018760681152344 0.1601085513830185 0.09184569120407104
v 0.31108999252319336 0.15740841627120972 0.11047732830047607
v 0.29715457558631897 0.15212751924991608 0.1156669557094574
v 0.29078128933906555 0.16964241862297058 0.18055608868598938
v 0.30039510130882263 0.15836580097675323 0.17941445112228394
v 0.3046185076236725 0.16053682565689087 0.19083702564239502
v 0.29590022563934326 0.1715129166841507 0.18960663676261902
v 0.2944541573524475 0.24044974148273468 0.13303151726722717
v 0.3108426034450531 0.23706524074077606 0.129279226064682
v 0.2991379201412201 0.23591738939285278 0.11179900169372559
v 0.2835683226585388 0.23751160502433777 0.1169789731502533
v 0.2647285461425781 0.20959743857383728 0.148380309343338
v 0.26488494873046875 0.19304713606834412 0.150812566280365
v 0.27331823110580444 0.19623078405857086 0.16684317588806152
v 0.27227142453193665 0.21314094960689545 0.16457214951515198
v 0.3056105673313141 0.24113729596138 0.14993229508399963
v 0.3214585781097412 0.23653261363506317 0.14796513319015503
v 0.24931710958480835 0.20358410477638245 0.11581116914749146
v 0.2508305311203003 0.1882607787847519 0.11747685074806213
v 0.2571948170661926 0.19046099483966827 0.13473641872406006
v 0.2563968896865845 0.2066916972398758 0.13229209184646606
v 0.2700219452381134 0.15958215296268463 0.06308013200759888
v 0.2797342836856842 0.16539648175239563 0.05807182192802429
v 0.2911277115345001 0.1631733775138855 0.07479128241539001
v 0.28015708923339844 0.15705767273902893 0.07969561219215393
v 0.23538163304328918 0.1852119117975235 0.08314070105552673
v 0.23951852321624756 0.17302419245243073 0.08064424991607666
v 0.24342352151870728 0.18614435195922852 0.09995287656784058
v 0.2808322608470917 0.21228571236133575 0.05473768711090088
v 0.2716678977012634 0.22218213975429535 0.05819866061210632
v 0.2859576940536499 0.2245539277791977 0.07475906610488892
v 0.2958044707775116 0.21369215846061707 0.07126742601394653
v 0.2759842276573181 0.16362985968589783 0.14851856231689453
v 0.26867038011550903 0.1769639402627945 0.1511852741241455
v 0.2618377208709717 0.17548494040966034 0.13360419869422913
v 0.26936256885528564 0.1623818576335907 0.12991225719451904
v 0.2791861891746521 0.23662810027599335 0.13941287994384766
v 0.2694479823112488 0.23274266719818115 0.12332069873809814
v 0.30984586477279663 0.21431055665016174 0.0875883400440216
v 0.2997751235961914 0.22624604403972626 0.0911136269569397
v 0.31288576126098633 0.22704832255840302 0.1082882285118103
v 0.3234657049179077 0.2144472599029541 0.10583168268203735
v 0.3420122265815735 0.19673728942871094 0.12292894721031189
v 0.3394111692905426 0.17998096346855164 0.12366950511932373
v 0.32816195487976074 0.18293903768062592 0.10485333204269409
v 0.32933878898620605 0.19870570302009583 0.10399988293647766
v 0.28425344824790955 0.1666852831840515 0.16649013757705688
v 0.29476696252822876 0.15560397505760193 0.16255158185958862
v 0.30457571148872375 0.15068556368350983 0.13515910506248474
v 0.319644033908844 0.15493376553058624 0.12998199462890625
v 0.32631775736808777 0.15301953256130219 0.1513584852218628
v 0.30975592136383057 0.15000227093696594 0.15678375959396362
v 0.2947537899017334 0.23454540967941284 0.18129372596740723
v 0.30811288952827454 0.2420719414949417 0.17832037806510925
v 0.29972296953201294 0.24095237255096436 0.16773366928100586
v 0.28675752878189087 0.23191291093826294 0.17158442735671997
v 0.3154866099357605 0.24096542596817017 0.1665906012058258
v 0.3226548433303833 0.24116766452789307 0.18058419227600098
v 0.3348560333251953 0.2353549748659134 0.20219136774539948
v 0.3424130082130432 0.22771790623664856 0.20899997651576996
v 0.3485867381095886 0.22792565822601318 0.19877764582633972
v 0.33807340264320374 0.23549172282218933 0.19326595962047577
v 0.36418062448501587 0.19061270356178284 0.16404736042022705
v 0.35900259017944336 0.1734277755022049 0.16842922568321228
v 0.3496204614639282 0.17638400197029114 0.14501836895942688
v 0.3537830114364624 0.19388523697853088 0.14222794771194458
v 0.3482508063316345 0.15761160850524902 0.19217637181282043
v 0.3329198658466339 0.15195579826831818 0.1913660168647766
v 0.3312802016735077 0.15237481892108917 0.17282837629318237
v 0.346655935049057 0.15993422269821167 0.1709730327129364
v 0.30280041694641113 0.159307062625885 0.22784659266471863
v 0.29563188552856445 0.15406709909439087 0.21876069903373718
v 0.31227514147758484 0.15360543131828308 0.21539027988910675
v 0.32160627841949463 0.15854065120220184 0.2227981835603714
v 0.2954568862915039 0.1551780253648758 0.19543665647506714
v 0.28236836194992065 0.15377509593963623 0.19401958584785461
v 0.2791278064250946 0.16090309619903564 0.18163342773914337
v 0.29132914543151855 0.16305655241012573 0.18492315709590912
v 0.2919846177101135 0.22826440632343292 0.1788843870162964
v 0.2995595335960388 0.23873665928840637 0.19251415133476257
v 0.3092840909957886 0.23922006785869598 0.19048909842967987
v 0.3009292185306549 0.2297089397907257 0.18119283020496368
v 0.3706755042076111 0.18853984773159027 0.18508094549179077
v 0.3645777702331543 0.1693556308746338 0.192278653383255
v 0.3038506805896759 0.15791822969913483 0.19717247784137726
v 0.2980685830116272 0.1668061465024948 0.18984153866767883
v 0.29930955171585083 0.17069442570209503 0.19246290624141693
v 0.30679893493652344 0.16106438636779785 0.1970653235912323
v 0.29573896527290344 0.1961057335138321 0.17892353236675262
v 0.2982240915298462 0.21571242809295654 0.18108674883842468
v 0.29476192593574524 0.21857763826847076 0.18425334990024567
v 0.2939103841781616 0.19979645311832428 0.1850833147764206
v 0.30474653840065 0.23220132291316986 0.18346689641475677
v 0.3149875998497009 0.2413608431816101 0.1882641613483429
v 0.3134872019290924 0.24286213517189026 0.18666528165340424
v 0.3014112412929535 0.2349061220884323 0.18488140404224396
v 0.36887502670288086 0.18980596959590912 0.20123252272605896
v 0.3669201731681824 0.2060738056898117 0.19697624444961548
v 0.3607380986213684 0.20525023341178894 0.21038863062858582
v 0.3609827160835266 0.1899741291999817 0.2138766497373581
v 0.34381258487701416 0.15681499242782593 0.20777828991413116
v 0.33127307891845703 0.15225765109062195 0.20459844172000885
v 0.2875201106071472 0.19988183677196503 0.18515267968177795
v 0.2903543710708618 0.18467937409877777 0.18722957372665405
v 0.2950360178947449 0.18371914327144623 0.1882181465625763
v 0.3264571726322174 0.24197879433631897 0.19028177857398987
v 0.31074002385139465 0.1671505868434906 0.2344292849302292
v 0.3170074224472046 0.17683996260166168 0.24014556407928467
v 0.29516127705574036 0.1775233894586563 0.24391809105873108
v 0.28943488001823425 0.16745778918266296 0.23804441094398499
v 0.2825516164302826 0.15997207164764404 0.23028309643268585
v 0.27558326721191406 0.1545429825782776 0.21944992244243622
v 0.263791024684906 0.15481288731098175 0.191527858376503
v 0.2611384987831116 0.162641704082489 0.17796780169010162
v 0.2607451379299164 0.17588704824447632 0.16788022220134735
v 0.26196032762527466 0.19230642914772034 0.16344520449638367
v 0.2806623578071594 0.19101299345493317 0.16619935631752014
v 0.27914896607398987 0.17419002950191498 0.1721491515636444
v 0.27153050899505615 0.22769062221050262 0.17686191201210022
v 0.2787576913833618 0.2387857437133789 0.19207319617271423
v 0.30805858969688416 0.24016933143138885 0.2046981155872345
v 0.2876797914505005 0.2421983778476715 0.2073005586862564
v 0.31286370754241943 0.1533430814743042 0.20486511290073395
v 0.3029909133911133 0.15230800211429596 0.2060832530260086
v 0.31624114513397217 0.20019423961639404 0.08629587292671204
v 0.31624549627304077 0.18509888648986816 0.08666497468948364
v 0.3030064105987549 0.18647168576717377 0.06946262717247009
v 0.3018435537815094 0.20072241127490997 0.06956908106803894
v 0.28639766573905945 0.17502687871456146 0.05472517013549805
v 0.2988762855529785 0.17341911792755127 0.07122263312339783
v 0.2524701952934265 0.21750502288341522 0.11216115951538086
v 0.26049894094467163 0.22109325230121613 0.128537118434906
v 0.24046719074249268 0.22040963172912598 0.07551509141921997
v 0.28755998611450195 0.21779535710811615 0.18322676420211792
v 0.2801269590854645 0.2156440019607544 0.17672818899154663
v 0.3493437170982361 0.21789994835853577 0.21635369956493378
v 0.3335607945919037 0.22742977738380432 0.217586487531662
v 0.3387185335159302 0.2175454944372177 0.2258043885231018
v 0.3667299747467041 0.20827719569206238 0.18181201815605164
v 0.3594279885292053 0.21125410497188568 0.16370871663093567
v 0.34540945291519165 0.22658216953277588 0.16624772548675537
v 0.35412222146987915 0.2249889075756073 0.18490183353424072
v 0.35165220499038696 0.19022734463214874 0.22367238998413086
v 0.35215920209884644 0.204741969704628 0.2213885635137558
v 0.3400776982307434 0.20493939518928528 0.2309955507516861
v 0.3392082154750824 0.19047518074512482 0.233585923910141
v 0.28592899441719055 0.21008150279521942 0.16890648007392883
v 0.29526108503341675 0.21187902987003326 0.17435026168823242
v 0.30084699392318726 0.2305164933204651 0.23193854093551636
v 0.3193858861923218 0.22867122292518616 0.2256491631269455
v 0.31525111198425293 0.23619648814201355 0.21543273329734802
v 0.2967826724052429 0.2383435070514679 0.22043710947036743
v 0.32707345485687256 0.2350231260061264 0.20948992669582367
v 0.3018132150173187 0.21916800737380981 0.24037712812423706
v 0.3222973942756653 0.2183489352464676 0.23378083109855652
v 0.26575160026550293 0.21086524426937103 0.16590118408203125
v 0.32054537534713745 0.19110316038131714 0.2417956441640854
v 0.3225746750831604 0.20577198266983032 0.2390204817056656
v 0.30059221386909485 0.20568333566188812 0.2449052333831787
v 0.2980668544769287 0.19109946489334106 0.24729681015014648
v 0.31075647473335266 0.17136357724666595 0.08891028165817261
v 0.32125991582870483 0.16872639954090118 0.10698625445365906
v 0.31727179884910583 0.15229128301143646 0.19120222330093384
v 0.3143109977245331 0.15099826455116272 0.17640334367752075
v 0.31736308336257935 0.15354080498218536 0.2007613629102707
v 0.27508342266082764 0.15416474640369415 0.10416892170906067
v 0.26711729168891907 0.155965194106102 0.08622720837593079
v 0.2881799638271332 0.15341098606586456 0.14287340641021729
v 0.2818852961063385 0.15326380729675293 0.12345889210700989
v 0.3356947898864746 0.2135748565196991 0.12377598881721497
v 0.343564510345459 0.16506600379943848 0.22108347713947296
v 0.3346189260482788 0.15761645138263702 0.2169186919927597
v 0.3543046712875366 0.16539287567138672 0.2100500464439392
v 0.26854756474494934 0.15221142768859863 0.20580396056175232
v 0.2885982394218445 0.1517609804868698 0.20699894428253174
v 0.36632347106933594 0.17705374956130981 0.20363032817840576
v 0.24222439527511597 0.15335245430469513 0.20429301261901855
v 0.33673912286758423 0.2351863831281662 0.18298885226249695
v 0.3258601129055023 0.2413235306739807 0.19509615004062653
v 0.3189931809902191 0.24012814462184906 0.20026075839996338
v 0.260494589805603 0.22755205631256104 0.06289342045783997
v 0.268545538187027 0.2246711552143097 0.14466223120689392
v 0.28045961260795593 0.19886291027069092 0.179035484790802
v 0.28470611572265625 0.18322192132472992 0.1802351474761963
v 0.34941166639328003 0.17638669908046722 0.22338536381721497
v 0.33605799078941345 0.17622226476669312 0.23282593488693237
v 0.32989442348480225 0.1660487800836563 0.2284214049577713
v 0.29105228185653687 0.1923987865447998 0.17099902033805847
v 0.2902393937110901 0.1759493201971054 0.17627984285354614
v 0.2584392726421356 0.15828248858451843 0.06944262981414795
v 0.2956047058105469 0.17966271936893463 0.1820731908082962
v 0.3306353688240051 0.2351398915052414 0.16573399305343628
v -0.08331523835659027 0.24212077260017395 0.26584237813949585
v 0.04436638951301575 0.029943786561489105 0.21976254880428314
v 0.00893932580947876 -0.009604297578334808 0.1847543865442276
v 0.020468205213546753 -0.0025030896067619324 0.20016922056674957
v 0.06104442477226257 0.10667106509208679 0.21655219793319702
v 0.06433382630348206 0.12026431411504745 0.21453127264976501
v 0.0884348601102829 0.14775897562503815 0.21029753983020782
v 0.09823903441429138 0.15402813255786896 0.2110859751701355
v 0.05476754903793335 0.0687723308801651 0.19923454523086548
v -0.008032053709030151 0.42849838733673096 0.11146275699138641
v -0.008842945098876953 0.421923965215683 0.11567115783691406
v -0.008120089769363403 0.44205617904663086 0.10861089080572128
v -0.09510912001132965 -0.1471749097108841 0.1297859251499176
v -0.007660984992980957 0.4130335748195648 0.10293444991111755
v -0.008139759302139282 0.4048139452934265 0.10616838932037354
v -0.004144057631492615 0.4086949825286865 0.1035415530204773
v -0.008369415998458862 0.4139616787433624 0.10116307437419891
v -0.008407503366470337 0.4149780869483948 0.10042104125022888
v -0.008846595883369446 0.4425981640815735 0.098084956407547
v -0.008673638105392456 0.41314083337783813 0.11789552867412567
v -0.008856698870658875 0.40374091267585754 0.11768856644630432
v -0.008738726377487183 0.4278111755847931 0.09485793113708496
v -0.12592899799346924 -0.10512956976890564 0.3676305413246155
v -0.14830324053764343 -0.10242955386638641 0.36174193024635315
v -0.15162207186222076 -0.12251722812652588 0.37096914649009705
v -0.1269761621952057 -0.12586848437786102 0.3755536377429962
v -0.15498489141464233 -0.1419895440340042 0.38151419162750244
v -0.0385076105594635 -0.1938718557357788 0.38986673951148987
v -0.01618438959121704 -0.19628477096557617 0.3709472417831421
v -0.017785146832466125 -0.17396241426467896 0.3646840453147888
v -0.03937147557735443 -0.17081058025360107 0.38184854388237
v -0.0017941445112228394 -0.1614459604024887 0.3414297103881836
v -0.018976718187332153 -0.15442337095737457 0.3609033226966858
v 1.1518597602844238e-05 -0.17907196283340454 0.3431931138038635
v 0.010985523462295532 -0.18836519122123718 0.3193942606449127
v 0.00978134572505951 -0.17001822590827942 0.3175960183143616
v 0.014884904026985168 -0.19985726475715637 0.2952183485031128
v 0.013611018657684326 -0.18102911114692688 0.2929835319519043
v 0.011940747499465942 -0.2124830186367035 0.2727152407169342
v 0.0026367753744125366 -0.22465874254703522 0.24949589371681213
v -0.014654546976089478 -0.25594568252563477 0.22625163197517395
v -0.033202163875103 -0.24134564399719238 0.2060893028974533
v -0.013263970613479614 -0.2331981658935547 0.2266964167356491
v -0.07440473884344101 -0.2502289414405823 0.17570292949676514
v -0.05425886809825897 -0.246705561876297 0.18905803561210632
v -0.1097380518913269 -0.24753692746162415 0.15464919805526733
v -0.09305781126022339 -0.24991697072982788 0.16366951167583466
v 0.02311711013317108 0.19863465428352356 0.12922132015228271
v -0.0026532411575317383 0.2976706624031067 0.21338240802288055
v 0.005501016974449158 0.2930944859981537 0.21553710103034973
v 0.014016479253768921 0.28900957107543945 0.19517886638641357
v 0.01710420846939087 0.25903087854385376 0.26758530735969543
v 0.02004125714302063 0.27076321840286255 0.2518666982650757
v 0.001273617148399353 0.2676883935928345 0.26062101125717163
v -0.0019412040710449219 0.25558531284332275 0.27270764112472534
v -0.012782484292984009 0.29526475071907043 0.22741937637329102
v -0.018284693360328674 0.2970240116119385 0.2247299998998642
v -0.006842881441116333 0.29142260551452637 0.23182564973831177
v -0.03995952010154724 0.28117233514785767 0.24834895133972168
v -0.02242809534072876 0.28680241107940674 0.2424851655960083
v 0.04459705948829651 0.27663928270339966 0.19625261425971985
v 0.04471758008003235 0.27580496668815613 0.22034859657287598
v 0.054596930742263794 0.2740838825702667 0.21636173129081726
v 0.055544883012771606 0.2746424674987793 0.19282524287700653
v 0.0456567257642746 0.24638772010803223 0.2677876949310303
v 0.043602392077445984 0.2323106974363327 0.2757563591003418
v 0.05513051152229309 0.2340366244316101 0.27130836248397827
v 0.05610278248786926 0.24774785339832306 0.2636028528213501
v 0.09281744062900543 0.27351197600364685 0.1826888918876648
v 0.08909901976585388 0.27477288246154785 0.20602983236312866
v 0.10333776473999023 0.27447494864463806 0.20489850640296936
v 0.10644373297691345 0.27187812328338623 0.18272972106933594
v 0.05563041567802429 0.25946706533432007 0.2512560188770294
v -0.02655009925365448 0.158790722489357 0.3245267868041992
v -0.0031520724296569824 0.16614767909049988 0.3179062604904175
v 0.01641741394996643 0.1725691556930542 0.3099120855331421
v 0.05518200993537903 0.1866689920425415 0.28365400433540344
v 0.04694512486457825 0.18430516123771667 0.28898873925209045
v 0.050015002489089966 0.1725340187549591 0.2902110517024994
v 0.0643690824508667 0.18800270557403564 0.2800431251525879
v 0.07674747705459595 0.18825790286064148 0.27672016620635986
v 0.11016693711280823 0.18783549964427948 0.15418142080307007
v 0.0989837646484375 0.18664228916168213 0.1484471559524536
v 0.0973883718252182 0.2136639654636383 0.14294745028018951
v 0.10413429141044617 0.18560443818569183 0.26703429222106934
v 0.08925703167915344 0.18356221914291382 0.2725330591201782
v 0.08976626396179199 0.17598992586135864 0.2711530923843384
v 0.10453405976295471 0.1794947385787964 0.26652881503105164
v 0.035354286432266235 0.2797253429889679 0.19877105951309204
v 0.10278859734535217 0.2694525420665741 0.22405675053596497
v 0.08835750818252563 0.26982367038726807 0.22565239667892456
v 0.08926470577716827 0.2615457773208618 0.2405952364206314
v 0.10283446311950684 0.2620718777179718 0.2375081181526184
v 0.10380873084068298 0.2521780729293823 0.24853459000587463
v 0.09034568071365356 0.25133949518203735 0.252503901720047
v 0.09034654498100281 0.23943284153938293 0.26031023263931274
v 0.10369762778282166 0.2409283071756363 0.25632745027542114
v 0.10423395037651062 0.19390827417373657 0.2671644687652588
v 0.08903393149375916 0.19185830652713776 0.27206680178642273
v 0.12235677242279053 0.25498905777931213 0.16193976998329163
v 0.06716716289520264 0.2662583887577057 0.1636507213115692
v 0.06846374273300171 0.2472526729106903 0.1449548453092575
v 0.05666661262512207 0.24961858987808228 0.14770641922950745
v 0.05543231964111328 0.2677905857563019 0.16720831394195557
v 0.11458760499954224 0.16001595556735992 0.22649666666984558
v 0.11289644241333008 0.16133709251880646 0.2149583101272583
v 0.1169411838054657 0.15898308157920837 0.2376502901315689
v 0.09114548563957214 0.16199347376823425 0.26491811871528625
v 0.1183825433254242 0.16074344515800476 0.2475225180387497
v 0.11734294891357422 0.1735178828239441 0.17066118121147156
v 0.12124812602996826 0.18866045773029327 0.15920737385749817
v 0.0709441602230072 0.22097328305244446 0.1381016969680786
v 0.05940195918083191 0.22460371255874634 0.13793790340423584
v 0.1203618049621582 0.26934170722961426 0.1829444020986557
v 0.11782079935073853 0.27271807193756104 0.20455113053321838
v 0.12024813890457153 0.1904127448797226 0.2640141546726227
v 0.12066599726676941 0.18439026176929474 0.26330745220184326
v 0.1358141303062439 0.19020779430866241 0.2620900869369507
v 0.08073529601097107 0.16256096959114075 0.2724900543689728
v 0.09080533683300018 0.16932912170886993 0.26901310682296753
v 0.06644019484519958 0.2735479772090912 0.18884605169296265
v 0.11662989854812622 0.2683930993080139 0.22338812053203583
v 0.11578691005706787 0.2609511613845825 0.23640282452106476
v 0.077919602394104 0.25046390295028687 0.2563680112361908
v 0.07690858840942383 0.2610155940055847 0.24458223581314087
v 0.06590679287910461 0.26068955659866333 0.24839043617248535
v 0.06695675849914551 0.2493419647216797 0.2602894902229309
v 0.11700955033302307 0.24202753603458405 0.25283223390579224
v 0.11868569254875183 0.23091661930084229 0.2581537365913391
v 0.0666743665933609 0.23582486808300018 0.26762616634368896
v 0.07826665043830872 0.23766998946666718 0.264059841632843
v 0.120351642370224 0.19837503135204315 0.26441776752471924
v 0.0495314747095108 0.22739636898040771 0.14004547894001007
v 0.05301758646965027 0.20243704319000244 0.13480418920516968
v 0.04314933717250824 0.2016577124595642 0.133942648768425
v 0.07397982478141785 0.19432827830314636 0.13811764121055603
v 0.0627034604549408 0.19916227459907532 0.13588549196720123
v 0.08646678924560547 0.18842680752277374 0.1428653597831726
v 0.03429099917411804 0.20010985434055328 0.1324635148048401
v 0.35819512605667114 0.17646008729934692 0.21445874869823456
v 0.13716697692871094 0.18447428941726685 0.26132795214653015
v 0.15310832858085632 0.19012822210788727 0.2616041898727417
v 0.14907056093215942 0.19557799398899078 0.2621195316314697
v 0.21539074182510376 0.22015541791915894 0.25156891345977783
v -0.07937938719987869 0.32298552989959717 -0.002745017409324646
v -0.08096630126237869 0.32836437225341797 -0.005959808826446533
v -0.08479788154363632 0.34841078519821167 -0.010368302464485168
v -0.08537605404853821 0.3522118031978607 -0.010293841361999512
v 0.35665231943130493 0.21841351687908173 0.2052268087863922
v 0.36105817556381226 0.21701519191265106 0.1954462230205536
v 0.3480963110923767 0.2128051221370697 0.14382591843605042
v 0.32446110248565674 0.22712981700897217 0.12706899642944336
v 0.3352498412132263 0.226981520652771 0.14656764268875122
v 0.28913772106170654 0.23941321671009064 0.1551344394683838
v 0.27761703729629517 0.22873340547084808 0.16047713160514832
v 0.2775212526321411 0.18006326258182526 0.16734501719474792
v 0.340015172958374 0.16233402490615845 0.14805880188941956
v 0.2252904772758484 0.2224002629518509 0.03891819715499878
v 0.23437827825546265 0.22347988188266754 0.0313468873500824
v 0.22219201922416687 0.22263166308403015 0.014537841081619263
v 0.2145434021949768 0.22088126838207245 0.022537797689437866
v 0.2053428590297699 0.2210729420185089 0.006023049354553223
v 0.20149782299995422 0.21407268941402435 0.013073086738586426
v 0.21000158786773682 0.21333284676074982 0.028667360544204712
v 0.1999777853488922 0.2042349874973297 0.017448991537094116
v 0.20792868733406067 0.2034018337726593 0.03283035755157471
v 0.20042574405670166 0.19363506138324738 0.019663572311401367
v 0.2032882273197174 0.18545329570770264 0.019241511821746826
v 0.2106754183769226 0.18409903347492218 0.03400203585624695
v 0.20820841193199158 0.19336897134780884 0.03459098935127258
v 0.2229968011379242 0.17451445758342743 0.047155678272247314
v 0.2148611843585968 0.17556232213974 0.031114786863327026
v 0.2208724319934845 0.16845595836639404 0.02647686004638672
v 0.22977182269096375 0.16604208946228027 0.042295098304748535
v 0.22368204593658447 0.1667095422744751 0.0006925761699676514
v 0.22813132405281067 0.17033524811267853 -0.00433582067489624
v 0.2419542372226715 0.16948342323303223 0.009841740131378174
v 0.23643124103546143 0.16445660591125488 0.014973461627960205
v 0.2600660026073456 0.18720276653766632 0.019328415393829346
v 0.2591680884361267 0.17689701914787292 0.021663516759872437
v 0.24523481726646423 0.1773017942905426 0.005668461322784424
v 0.24636253714561462 0.1869768500328064 0.0026791393756866455
v 0.2338973879814148 0.18638193607330322 -0.013080894947052002
v 0.23069128394126892 0.1966264247894287 -0.013799041509628296
v 0.24373996257781982 0.19730502367019653 0.0022433698177337646
v 0.24919277429580688 0.2269214540719986 0.06911107897758484
v 0.23682186007499695 0.2247094064950943 0.054405152797698975
v 0.22941163182258606 0.21755068004131317 0.0604131817817688
v 0.21645289659500122 0.19424887001514435 0.050693124532699585
v 0.2251778542995453 0.19586406648159027 0.06660446524620056
v 0.2257443070411682 0.20705237984657288 0.06448307633399963
v 0.21667706966400146 0.20493349432945251 0.0487484335899353
v 0.24730077385902405 0.16309002041816711 0.07583597302436829
v 0.23131227493286133 0.17343775928020477 0.06347253918647766
v 0.2386595904827118 0.16463923454284668 0.05881276726722717
v 0.2186780571937561 0.1841181069612503 0.04990103840827942
v 0.22722384333610535 0.18437223136425018 0.06606990098953247
v 0.2390020787715912 0.16218549013137817 0.03637415170669556
v 0.2287406325340271 0.16436126828193665 0.020869433879852295
v 0.24350345134735107 0.21800802648067474 0.025927245616912842
v 0.25147417187690735 0.20893405377864838 0.021953701972961426
v 0.23761719465255737 0.20759224891662598 0.004188984632492065
v 0.23035290837287903 0.21688678860664368 0.008124321699142456
v 0.248432457447052 0.16044703125953674 0.052908241748809814
v 0.26587963104248047 0.21046127378940582 0.038326650857925415
v 0.2573523223400116 0.21968182921409607 0.04230055212974548
v 0.2574571967124939 0.19841641187667847 0.01988723874092102
v 0.27168890833854675 0.19922757148742676 0.03631627559661865
v 0.21865269541740417 0.2158665806055069 -0.008635520935058594
v 0.2110711634159088 0.22185489535331726 -0.0022016167640686035
v 0.24702873826026917 0.22534821927547455 0.04816359281539917
v 0.24799737334251404 0.16276788711547852 0.03075447678565979
v 0.25494569540023804 0.16817253828048706 0.02559521794319153
v 0.2674999237060547 0.16693620383739471 0.04168090224266052
v 0.2589131295681 0.16131626069545746 0.04686489701271057
v 0.28866609930992126 0.18694494664669037 0.052785784006118774
v 0.27282190322875977 0.17620761692523956 0.03832477331161499
v 0.2741483747959137 0.187123641371727 0.0363277792930603
v 0.2316206395626068 0.17720569670200348 -0.008940547704696655
v 0.28680941462516785 0.19982312619686127 0.052266985177993774
v 0.1424868106842041 0.2034817487001419 -0.02970331907272339
v 0.14923381805419922 0.20478175580501556 -0.02207830548286438
v 0.14240336418151855 0.21403628587722778 -0.020334511995315552
v 0.1362798810005188 0.2124377340078354 -0.028199434280395508
v 0.1539204716682434 0.21896107494831085 -0.0010727941989898682
v 0.1614677906036377 0.2277454137802124 0.002803504467010498
v 0.15228193998336792 0.23703044652938843 -0.00038546323776245117
v 0.14583897590637207 0.22944477200508118 -0.003521651029586792
v 0.1327241063117981 0.22125715017318726 -0.028484225273132324
v 0.1377468705177307 0.2223072499036789 -0.02019977569580078
v 0.13431352376937866 0.22871041297912598 -0.02912011742591858
v 0.1314958930015564 0.22577893733978271 -0.0388910174369812
v 0.1282157301902771 0.2207949161529541 -0.035595715045928955
v 0.12715333700180054 0.22474215924739838 -0.04552385210990906
v 0.14184844493865967 0.22596392035484314 -0.044066399335861206
v 0.13385504484176636 0.2224220633506775 -0.05197778344154358
v 0.15589052438735962 0.20695708692073822 -0.05762144923210144
v 0.16006582975387573 0.1972838044166565 -0.06049829721450806
v 0.1474023461341858 0.19637708365917206 -0.06669431924819946
v 0.1435830295085907 0.2060951143503189 -0.06288179755210876
v 0.1550150215625763 0.1766405999660492 -0.06609457731246948
v 0.15033668279647827 0.18675296008586884 -0.06701260805130005
v 0.16339147090911865 0.18884162604808807 -0.06090548634529114
v 0.16716518998146057 0.17988243699073792 -0.060115277767181396
v 0.1510656476020813 0.18967735767364502 -0.0325646698474884
v 0.1594456434249878 0.18921004235744476 -0.026134401559829712
v 0.15605223178863525 0.19592110812664032 -0.0247439444065094
v 0.14837312698364258 0.1955888420343399 -0.03142473101615906
v 0.13732236623764038 0.24068498611450195 -0.02620592713356018
v 0.1451389193534851 0.23472800850868225 -0.0317501425743103
v 0.13879269361495972 0.23191416263580322 -0.03284180164337158
v 0.13436996936798096 0.23780038952827454 -0.025191813707351685
v 0.17833146452903748 0.17348375916481018 -0.01018911600112915
v 0.18917018175125122 0.17505843937397003 -0.0054156482219696045
v 0.18687275052070618 0.18286560475826263 -0.0036172866821289062
v 0.17810043692588806 0.1808958649635315 -0.008716374635696411
v 0.17708486318588257 0.21061432361602783 0.003939837217330933
v 0.18327215313911438 0.20207558572292328 0.0022887587547302246
v 0.1881730854511261 0.21372810006141663 0.0024677813053131104
v 0.1830112636089325 0.22133639454841614 0.0006577074527740479
v 0.16989874839782715 0.21874839067459106 0.004385083913803101
v 0.1771146059036255 0.22834143042564392 -0.0005119442939758301
v 0.16826999187469482 0.23560428619384766 -0.002323627471923828
v 0.15771269798278809 0.24364826083183289 -0.004686146974563599
v 0.19370779395103455 0.16699767112731934 -0.010896623134613037
v 0.1859683394432068 0.1635482758283615 -0.013738751411437988
v 0.08800244331359863 0.22742441296577454 -0.06885087490081787
v 0.08651202917098999 0.22197750210762024 -0.07056182622909546
v 0.09070771932601929 0.22065846621990204 -0.06706598401069641
v 0.09226733446121216 0.22628895938396454 -0.06532007455825806
v 0.19737911224365234 0.16359667479991913 -0.029809176921844482
v 0.19942602515220642 0.17041704058647156 -0.03695574402809143
v 0.20568379759788513 0.17156708240509033 -0.03165656328201294
v 0.2025860846042633 0.1660853922367096 -0.02453780174255371
v 0.1900690197944641 0.16042257845401764 -0.03611227869987488
v 0.1917632520198822 0.1691758632659912 -0.04317784309387207
v 0.09504032135009766 0.23348352313041687 -0.07794895768165588
v 0.09288284182548523 0.23400191962718964 -0.07319769263267517
v 0.09777182340621948 0.23243537545204163 -0.07038283348083496
v 0.09999868273735046 0.2313288003206253 -0.07525181770324707
v 0.12974804639816284 0.21211493015289307 -0.03447383642196655
v 0.1348963975906372 0.20364537835121155 -0.035484910011291504
v 0.11531531810760498 0.20836156606674194 -0.046158164739608765
v 0.1252659559249878 0.20381656289100647 -0.04133182764053345
v 0.12262171506881714 0.21319012343883514 -0.039170682430267334
v 0.11647647619247437 0.21477548778057098 -0.04438483715057373
v 0.13461649417877197 0.1848628669977188 -0.04476505517959595
v 0.14387303590774536 0.18526402115821838 -0.03905165195465088
v 0.13960033655166626 0.19255176186561584 -0.03895103931427002
v 0.1300746202468872 0.1917080581188202 -0.044758737087249756
v 0.14617854356765747 0.17217454314231873 -0.03829300403594971
v 0.1379455327987671 0.17172609269618988 -0.0450628399848938
v 0.1390324831008911 0.16455078125 -0.04468715190887451
v 0.14608830213546753 0.16539575159549713 -0.03846210241317749
v 0.12123167514801025 0.17855118215084076 -0.05774873495101929
v 0.11497744917869568 0.18045586347579956 -0.06525912880897522
v 0.11666637659072876 0.1754237562417984 -0.06645557284355164
v 0.12249341607093811 0.1730913370847702 -0.05858603119850159
v 0.2118062973022461 0.17287608981132507 -0.027014851570129395
v 0.20872697234153748 0.1678456962108612 -0.019981831312179565
v 0.1605338454246521 0.15695461630821228 -0.06061384081840515
v 0.1613512635231018 0.1480264663696289 -0.05426183342933655
v 0.15218928456306458 0.14430153369903564 -0.05952414870262146
v 0.1521938443183899 0.15316268801689148 -0.06614908576011658
v 0.19909223914146423 0.17983418703079224 -0.042183518409729004
v 0.20594415068626404 0.18080680072307587 -0.03730511665344238
v 0.09606066346168518 0.23009426891803741 -0.08260464668273926
v 0.10113635659217834 0.22793124616146088 -0.07989659905433655
v 0.17260050773620605 0.2370131015777588 -0.012259304523468018
v 0.16086411476135254 0.2448563277721405 -0.013480693101882935
v 0.18152400851249695 0.23055008053779602 -0.010642439126968384
v 0.18691250681877136 0.22553032636642456 -0.008633404970169067
v 0.19103294610977173 0.22168472409248352 -0.004909813404083252
v 0.12176793813705444 0.19885247945785522 -0.04628223180770874
v 0.14146775007247925 0.1968974471092224 -0.035499513149261475
v 0.15280836820602417 0.18491536378860474 -0.032611697912216187
v 0.1560291051864624 0.15293855965137482 -0.03245672583580017
v 0.16320401430130005 0.15386176109313965 -0.02786731719970703
v 0.1585390567779541 0.16309136152267456 -0.026774823665618896
v 0.15324759483337402 0.1605168730020523 -0.032249659299850464
v 0.15764504671096802 0.14354288578033447 -0.04613253474235535
v 0.1521276831626892 0.14615198969841003 -0.0411873459815979
v 0.14451032876968384 0.1448611319065094 -0.047448933124542236
v 0.14876827597618103 0.14093641936779022 -0.05205950140953064
v 0.1400495171546936 0.2459387481212616 -0.026158452033996582
v 0.15014231204986572 0.23936274647712708 -0.027956247329711914
v 0.19260439276695251 0.16072127223014832 -0.021555036306381226
v 0.19859933853149414 0.16429978609085083 -0.017171531915664673
v 0.2048591673374176 0.16648291051387787 -0.013630390167236328
v 0.16907364130020142 0.18445709347724915 -0.01738572120666504
v 0.17749282717704773 0.18595102429389954 -0.0076139867305755615
v 0.17493635416030884 0.19205912947654724 -0.005383700132369995
v 0.1672869324684143 0.18956723809242249 -0.016723543405532837
v 0.15521830320358276 0.2053210288286209 -0.011411935091018677
v 0.16232752799987793 0.2084004282951355 -0.000962376594543457
v 0.14745008945465088 0.21534007787704468 -0.01059025526046753
v 0.18533003330230713 0.19038201868534088 -0.0009385049343109131
v 0.1938941776752472 0.1831524670124054 0.00022739171981811523
v 0.19152337312698364 0.19142232835292816 0.003263145685195923
v 0.19705048203468323 0.17508597671985626 -0.003278374671936035
v 0.2008259892463684 0.1687631458044052 -0.008363068103790283
v 0.1999516487121582 0.18149888515472412 0.005803316831588745
v 0.19701239466667175 0.1888694167137146 0.008595377206802368
v 0.20426338911056519 0.17434054613113403 0.0011907219886779785
v 0.2086309790611267 0.16945622861385345 -0.0041603147983551025
v 0.2231959104537964 0.1849481165409088 -0.024812966585159302
v 0.2209787666797638 0.17572817206382751 -0.01978442072868347
v 0.2137414515018463 0.18210908770561218 -0.03226381540298462
v 0.1936156153678894 0.2091245949268341 0.006940215826034546
v 0.1890946328639984 0.20095442235469818 0.0041814446449279785
v 0.19343295693397522 0.19652059674263 0.009143173694610596
v 0.19503295421600342 0.21830767393112183 0.0013563930988311768
v 0.1405608057975769 0.23632311820983887 -0.005672037601470947
v 0.13459151983261108 0.24177810549736023 -0.007242321968078613
v 0.1318454146385193 0.23674984276294708 -0.012822866439819336
v 0.13738369941711426 0.23179751634597778 -0.012729376554489136
v 0.12257352471351624 0.22355352342128754 -0.050918012857437134
v 0.11858922243118286 0.22082331776618958 -0.0461554229259491
v 0.1234292984008789 0.22079387307167053 -0.04111909866333008
v 0.1713961958885193 0.16800475120544434 -0.01592925190925598
v 0.17828369140625 0.15911933779716492 -0.01862230896949768
v 0.11448478698730469 0.20367646217346191 -0.0499434769153595
v 0.10562285780906677 0.22888988256454468 -0.0716240406036377
v 0.10305619239807129 0.23013508319854736 -0.06662783026695251
v 0.11188825964927673 0.22629092633724213 -0.059639930725097656
v 0.11498281359672546 0.22560937702655792 -0.06513848900794983
v 0.1103927493095398 0.20382046699523926 -0.05900532007217407
v 0.11001592874526978 0.20684535801410675 -0.05388689041137695
v 0.10421696305274963 0.20952509343624115 -0.058458566665649414
v 0.10539314150810242 0.20763865113258362 -0.06422033905982971
v 0.11898711323738098 0.16790802776813507 -0.06501904129981995
v 0.12409767508506775 0.1660689115524292 -0.0585346519947052
v 0.13072839379310608 0.20529118180274963 -0.06659230589866638
v 0.1313212811946869 0.21618928015232086 -0.06350836157798767
v 0.14026620984077454 0.21627192199230194 -0.05901467800140381
v 0.1367400884628296 0.1781277060508728 -0.04500472545623779
v 0.1285945177078247 0.17777201533317566 -0.05115485191345215
v 0.12985920906066895 0.17189058661460876 -0.05174833536148071
v 0.11996340751647949 0.19689059257507324 -0.049645304679870605
v 0.11518961191177368 0.20000171661376953 -0.05307275056838989
v 0.11777836084365845 0.19407698512077332 -0.054171085357666016
v 0.1237228512763977 0.19173038005828857 -0.04962453246116638
v 0.1719023585319519 0.1532600224018097 -0.04834848642349243
v 0.16710782051086426 0.14685344696044922 -0.038088828325271606
v 0.09041988849639893 0.23184125125408173 -0.06991112232208252
v 0.0949169397354126 0.23064292967319489 -0.0668158233165741
v 0.21678942441940308 0.17012590169906616 -0.013960272073745728
v 0.21268603205680847 0.1677909940481186 -0.009138256311416626
v 0.1456526517868042 0.17902204394340515 -0.038660407066345215
v 0.1508830189704895 0.21687394380569458 -0.05258333683013916
v 0.1538739800453186 0.1795002818107605 -0.031907469034194946
v 0.1366501748561859 0.1651185005903244 -0.07286351919174194
v 0.13315606117248535 0.15896323323249817 -0.06973332166671753
v 0.12656763195991516 0.16223281621932983 -0.07324302196502686
v 0.13037243485450745 0.1661091446876526 -0.0776587724685669
v 0.09831514954566956 0.2121259570121765 -0.07199689745903015
v 0.09585115313529968 0.2139350175857544 -0.06626847386360168
v 0.09124642610549927 0.216486394405365 -0.07132530212402344
v 0.09375545382499695 0.2152073234319687 -0.07664233446121216
v 0.11075100302696228 0.21086189150810242 -0.050421565771102905
v 0.11179184913635254 0.216244637966156 -0.04902929067611694
v 0.10602077841758728 0.21888960897922516 -0.05403408408164978
v 0.10458621382713318 0.2136111557483673 -0.05513811111450195
v 0.11442691087722778 0.2212364822626114 -0.050851970911026
v 0.10877501964569092 0.2238265872001648 -0.05576947331428528
v 0.10210102796554565 0.21403998136520386 -0.0774487853050232
v 0.10584548115730286 0.21935883164405823 -0.07901942729949951
v 0.11447757482528687 0.21463873982429504 -0.07290613651275635
v 0.10941597819328308 0.2097730040550232 -0.07045173645019531
v 0.17877596616744995 0.18341153860092163 -0.054247140884399414
v 0.18093308806419373 0.17470569908618927 -0.052451103925704956
v 0.16935423016548157 0.17036277055740356 -0.058111995458602905
v 0.15776702761650085 0.16632699966430664 -0.06369748711585999
v 0.14591023325920105 0.16308832168579102 -0.0681053102016449
v 0.1443241536617279 0.17482389509677887 -0.07228916883468628
v 0.1713041067123413 0.1620582640171051 -0.055124104022979736
v 0.11807730793952942 0.20197057723999023 -0.06633949279785156
v 0.12077376246452332 0.20923347771167755 -0.06761515140533447
v 0.12271788716316223 0.2025109827518463 -0.0702759325504303
v 0.1545391082763672 0.1714819073677063 -0.03089505434036255
v 0.09995880722999573 0.2283521294593811 -0.06298112869262695
v 0.19341328740119934 0.22028595209121704 -0.028807520866394043
v 0.19773495197296143 0.21202799677848816 -0.03637528419494629
v 0.18996787071228027 0.21029329299926758 -0.04184991121292114
v 0.18659058213233948 0.22077330946922302 -0.03224635124206543
v 0.0956743061542511 0.21813975274562836 -0.06271019577980042
v 0.09692957997322083 0.2236892580986023 -0.061246663331985474
v 0.1254902184009552 0.15985944867134094 -0.06080210208892822
v 0.12090617418289185 0.16262951493263245 -0.06638234853744507
v 0.12250852584838867 0.15979303419589996 -0.06971034407615662
v 0.12626034021377563 0.15605825185775757 -0.06596234440803528
v 0.18235889077186584 0.16652503609657288 -0.04956001043319702
v 0.14376869797706604 0.14148908853530884 -0.06415429711341858
v 0.14640358090400696 0.14992761611938477 -0.07030552625656128
v 0.19132587313652039 0.1778944432735443 -0.047224968671798706
v 0.18933483958244324 0.18696251511573792 -0.04909864068031311
v 0.19754302501678467 0.1900312304496765 -0.04461666941642761
v 0.1364816129207611 0.18578824400901794 -0.07266661524772644
v 0.17580309510231018 0.19144165515899658 -0.05512845516204834
v 0.18662607669830322 0.19481182098388672 -0.049452781677246094
v 0.19517028331756592 0.19885633885860443 -0.044436365365982056
v 0.20186132192611694 0.20153701305389404 -0.039520978927612305
v 0.20446249842643738 0.1920132040977478 -0.039851367473602295
v 0.10688704252243042 0.22524333000183105 -0.07658270001411438
v 0.10028502345085144 0.2223370522260666 -0.08258470892906189
v 0.21248647570610046 0.19341833889484406 -0.03345191478729248
v 0.22098034620285034 0.19519668817520142 -0.025276750326156616
v 0.2162485122680664 0.20467665791511536 -0.024315446615219116
v 0.20879095792770386 0.2032485008239746 -0.03305244445800781
v 0.18302777409553528 0.202901691198349 -0.048475056886672974
v 0.17945730686187744 0.2111157327890396 -0.045833587646484375
v 0.17221885919570923 0.1994624137878418 -0.054273903369903564
v 0.167947918176651 0.2084503173828125 -0.05187484622001648
v 0.1364946961402893 0.1965833306312561 -0.07220906019210815
v 0.0859813392162323 0.22332414984703064 -0.08914288878440857
v 0.09241482615470886 0.22004398703575134 -0.0842919647693634
v 0.0893784761428833 0.21738775074481964 -0.08068814873695374
v 0.08335909247398376 0.22053596377372742 -0.08628931641578674
v 0.09719094634056091 0.2172992080450058 -0.08106359839439392
v 0.09526532888412476 0.22476647794246674 -0.08538103103637695
v 0.16251784563064575 0.21876555681228638 -0.04626902937889099
v 0.11309888958930969 0.1969587206840515 -0.059850871562957764
v 0.1742372214794159 0.2226690649986267 -0.036362677812576294
v 0.15412354469299316 0.228470578789711 -0.03983789682388306
v 0.1616995930671692 0.232519268989563 -0.03211262822151184
v 0.1845688819885254 0.2287444770336151 -0.021767348051071167
v 0.17566052079200745 0.23335424065589905 -0.023000210523605347
v 0.1950947642326355 0.22314631938934326 -0.01464700698852539
v 0.19026124477386475 0.22538945078849792 -0.018909692764282227
v 0.19962739944458008 0.22239066660404205 -0.006958276033401489
v 0.1632125973701477 0.24034321308135986 -0.022714436054229736
v 0.0815919041633606 0.22866865992546082 -0.07350245118141174
v 0.08066394925117493 0.22332307696342468 -0.07588684558868408
v 0.19903245568275452 0.22003379464149475 -0.02346310019493103
v 0.20394980907440186 0.22061964869499207 -0.014923810958862305
v 0.14149564504623413 0.22452016174793243 -0.011615246534347534
v 0.16207915544509888 0.1736983358860016 -0.02363443374633789
v 0.16159003973007202 0.1798975169658661 -0.025117427110671997
v 0.1702699065208435 0.1557973027229309 -0.02351781725883484
v 0.16410672664642334 0.16529768705368042 -0.021588236093521118
v 0.21044686436653137 0.21437828242778778 -0.0213700532913208
v 0.2069075107574463 0.17836301028728485 0.016230255365371704
v 0.21216681599617004 0.17158064246177673 0.011946439743041992
v 0.22515267133712769 0.2057066410779953 -0.012205243110656738
v 0.08351919054985046 0.2334243506193161 -0.07448121905326843
v 0.11614489555358887 0.18162575364112854 -0.0719919502735138
v 0.11813342571258545 0.17992669343948364 -0.07266974449157715
v 0.14519941806793213 0.24350287020206451 -0.002740532159805298
v 0.13779306411743164 0.24793477356433868 -0.005807608366012573
v 0.14180618524551392 0.25445762276649475 -0.015437930822372437
v 0.1401105523109436 0.2523764967918396 -0.009321600198745728
v 0.14880162477493286 0.24939806759357452 -0.006571143865585327
v 0.15133702754974365 0.25095272064208984 -0.014374136924743652
v 0.1694619059562683 0.18005824089050293 -0.017045676708221436
v 0.1694135069847107 0.17466960847377777 -0.016588836908340454
v 0.181657612323761 0.157192200422287 -0.04240444302558899
v 0.17717254161834717 0.1514861285686493 -0.032654792070388794
v 0.11811259388923645 0.22391045093536377 -0.05497395992279053
v 0.12762540578842163 0.22163105010986328 -0.05664798617362976
v 0.12206542491912842 0.22259938716888428 -0.06038576364517212
v 0.11659690737724304 0.22106830775737762 -0.07053062319755554
v 0.11403432488441467 0.20124536752700806 -0.06415313482284546
v 0.11343461275100708 0.2058846652507782 -0.06529927253723145
v 0.16947633028030396 0.19931325316429138 -0.0030037760734558105
v 0.162619948387146 0.19656865298748016 -0.014530956745147705
v 0.135520339012146 0.22935688495635986 -0.02028939127922058
v 0.13237720727920532 0.23487775027751923 -0.02080133557319641
v 0.12690401077270508 0.18486136198043823 -0.050095945596694946
v 0.12631553411483765 0.18952223658561707 -0.0775856077671051
v 0.12778878211975098 0.19778847694396973 -0.07630738615989685
v 0.12023293972015381 0.18604250252246857 -0.05558246374130249
v 0.0878480076789856 0.23557426035404205 -0.08243891596794128
v 0.08552730083465576 0.23590347170829773 -0.07762590050697327
v 0.12403863668441772 0.21777962148189545 -0.06638690829277039
v 0.13132482767105103 0.1646072119474411 -0.05178984999656677
v 0.1284637153148651 0.1817646324634552 -0.07516700029373169
v 0.12128639221191406 0.1851043999195099 -0.07589888572692871
v 0.14182981848716736 0.14013463258743286 -0.05698519945144653
v 0.20412331819534302 0.2128799855709076 -0.030128121376037598
v 0.08693647384643555 0.21761587262153625 -0.07517772912979126
v 0.08112481236457825 0.2195257544517517 -0.08068981766700745
v 0.08834543824195862 0.22726958990097046 -0.08940249681472778
v 0.08926311135292053 0.23224355280399323 -0.08688566088676453
v 0.18549638986587524 0.1558661162853241 -0.027107596397399902
v 0.16085976362228394 0.18463705480098724 -0.02606526017189026
v 0.21822261810302734 0.16743707656860352 0.006116032600402832
v 0.15248799324035645 0.24731889367103577 -0.022407472133636475
v 0.1421295404434204 0.2524584233760834 -0.022384554147720337
v 0.11422675848007202 0.18767806887626648 -0.06106629967689514
v 0.14074748754501343 0.15670567750930786 -0.0706930160522461
v 0.13693848252296448 0.17406266927719116 -0.07689550518989563
v 0.1314949095249176 0.17404991388320923 -0.08079919219017029
v 0.12669900059700012 0.18066897988319397 -0.07926198840141296
v 0.12090066075325012 0.18113821744918823 -0.077220618724823
v 0.08329403400421143 0.2291455864906311 -0.09338662028312683
v 0.08392030000686646 0.2342071682214737 -0.09091144800186157
v 0.08224272727966309 0.2377377450466156 -0.08672156929969788
v 0.08024093508720398 0.23755457997322083 -0.081753671169281
v 0.07888486981391907 0.2345331758260727 -0.0784558653831482
v 0.08115345239639282 0.22530683875083923 -0.09307786822319031
v 0.07886746525764465 0.22264137864112854 -0.08996295928955078
v 0.07703962922096252 0.2216428816318512 -0.08446398377418518
v 0.07675102353096008 0.22657246887683868 -0.09623223543167114
v 0.07786032557487488 0.23088178038597107 -0.09727057814598083
v 0.07093465328216553 0.24115675687789917 -0.09302443265914917
v 0.07647189497947693 0.23962631821632385 -0.09124302864074707
v 0.07459405064582825 0.23888731002807617 -0.09472110867500305
v 0.07139360904693604 0.24006038904190063 -0.0963602364063263
v 0.06780484318733215 0.24084004759788513 -0.09870314598083496
v 0.06664565205574036 0.24138998985290527 -0.09543618559837341
v 0.07618176937103271 0.23646152019500732 -0.09629344940185547
v 0.07273632287979126 0.23724842071533203 -0.09901142120361328
v 0.07271009683609009 0.2333425134420395 -0.10032379627227783
v 0.06914275884628296 0.23410028219223022 -0.10295957326889038
v 0.06902828812599182 0.23800721764564514 -0.10186946392059326
v 0.07572224736213684 0.23349010944366455 -0.0979868471622467
v 0.07936030626296997 0.23577000200748444 -0.09414705634117126
v 0.06355074048042297 0.2404528558254242 -0.09880495071411133
v 0.06531912088394165 0.2408204823732376 -0.10074248909950256
v 0.06541699171066284 0.2385743409395218 -0.10373756289482117
v 0.0627078115940094 0.23747003078460693 -0.10272055864334106
v 0.07580608129501343 0.238885760307312 -0.0853414237499237
v 0.07018762826919556 0.23977240920066833 -0.08930200338363647
v 0.06540045142173767 0.23958128690719604 -0.09287574887275696
v 0.062198907136917114 0.23845677077770233 -0.09663498401641846
v 0.06868460774421692 0.23682180047035217 -0.08734768629074097
v 0.06443890929222107 0.2366175651550293 -0.09174901247024536
v 0.0619281530380249 0.23560577630996704 -0.09510648250579834
v 0.0672224760055542 0.2328062355518341 -0.08751073479652405
v 0.06361672282218933 0.23346096277236938 -0.09198150038719177
v 0.07333257794380188 0.23130418360233307 -0.08154064416885376
v 0.0747213363647461 0.23575720191001892 -0.08211749792098999
v 0.0621722936630249 0.23364606499671936 -0.09459087252616882
v 0.061527639627456665 0.23539701104164124 -0.10045439004898071
v 0.07286858558654785 0.23021359741687775 -0.10027113556861877
v 0.06849938631057739 0.23116545379161835 -0.10285815596580505
v 0.07178038358688354 0.22756975889205933 -0.09921303391456604
v 0.06722009181976318 0.229002445936203 -0.10155060887336731
v 0.0646677315235138 0.23327785730361938 -0.10451722145080566
v 0.06627282500267029 0.23518294095993042 -0.1049509048461914
v 0.07745778560638428 0.22973033785820007 -0.0773591697216034
v 0.07676330208778381 0.22468672692775726 -0.08005467057228088
v 0.07254281640052795 0.22629539668560028 -0.08384495973587036
v 0.06662535667419434 0.22804111242294312 -0.08921349048614502
v 0.07331377267837524 0.22342565655708313 -0.08798998594284058
v 0.0747968852519989 0.22415196895599365 -0.09314996004104614
v 0.07019627094268799 0.22581571340560913 -0.09675106406211853
v 0.0683077871799469 0.22540080547332764 -0.09300383925437927
v 0.06595718860626221 0.22775770723819733 -0.09912872314453125
v 0.06459781527519226 0.22792699933052063 -0.09637480974197388
v 0.06348916888237 0.23028333485126495 -0.09369373321533203
v 0.06291484832763672 0.2302248775959015 -0.09992942214012146
v 0.0634443461894989 0.23154780268669128 -0.10249701142311096
v 0.061554670333862305 0.23336903750896454 -0.09827613830566406
v 0.06291019916534424 0.22985655069351196 -0.09778031706809998
v 0.0622614324092865 0.23184682428836823 -0.09623807668685913
v 0.08653149008750916 0.20192751288414001 -0.08965510129928589
v 0.08619806170463562 0.1964019387960434 -0.09114834666252136
v 0.09167355298995972 0.19549249112606049 -0.08599397540092468
v 0.09200543165206909 0.2010190486907959 -0.08470094203948975
v 0.0947239100933075 0.20972426235675812 -0.0966152548789978
v 0.09074762463569641 0.20954936742782593 -0.09218856692314148
v 0.09640425443649292 0.2087630033493042 -0.08809232711791992
v 0.100262850522995 0.2084067165851593 -0.09254670143127441
v 0.09721767902374268 0.20495837926864624 -0.10042238235473633
v 0.10275256633758545 0.20337621867656708 -0.09649062156677246
v 0.10626107454299927 0.20688873529434204 -0.08736586570739746
v 0.10230505466461182 0.20712505280971527 -0.08288219571113586
v 0.11158320307731628 0.20327244699001312 -0.07301905751228333
v 0.11574521660804749 0.20431628823280334 -0.07752859592437744
v 0.10802578926086426 0.18479222059249878 -0.0718069076538086
v 0.11024650931358337 0.18420973420143127 -0.07690638303756714
v 0.0878010094165802 0.20654165744781494 -0.08994588255882263
v 0.0934368371963501 0.20558229088783264 -0.08545663952827454
v 0.10103696584701538 0.18817661702632904 -0.08693435788154602
v 0.09820297360420227 0.1892099827528 -0.08252865076065063
v 0.09275797009468079 0.1915585696697235 -0.08899164199829102
v 0.09525373578071594 0.1901593953371048 -0.09306266903877258
v 0.10756334662437439 0.19633792340755463 -0.06767761707305908
v 0.10742920637130737 0.18988922238349915 -0.06861338019371033
v 0.10896933078765869 0.20058965682983398 -0.06985324621200562
v 0.1047191321849823 0.18976110219955444 -0.09120845794677734
v 0.10800164937973022 0.19454991817474365 -0.0933791995048523
v 0.11833351850509644 0.192155659198761 -0.0844084620475769
v 0.11430907249450684 0.187022402882576 -0.08199530839920044
v 0.09942552447319031 0.20385028421878815 -0.07993856072425842
v 0.09728097915649414 0.19337914884090424 -0.07939159870147705
v 0.09759950637817383 0.19921374320983887 -0.07848134636878967
v 0.10887327790260315 0.20162446796894073 -0.09155803918838501
v 0.10165467858314514 0.1961631178855896 -0.09820008277893066
v 0.08662444353103638 0.19591736793518066 -0.10768911242485046
v 0.09335491061210632 0.1936291754245758 -0.1012086570262909
v 0.09005305171012878 0.19134685397148132 -0.09816861152648926
v 0.08326944708824158 0.1933058202266693 -0.10534346103668213
v 0.09850314259529114 0.19173471629619598 -0.09657859802246094
v 0.09632009267807007 0.19813834130764008 -0.10234019160270691
v 0.07853543758392334 0.20315943658351898 -0.09683427214622498
v 0.07852935791015625 0.19777199625968933 -0.09867364168167114
v 0.07982772588729858 0.20771607756614685 -0.0967244803905487
v 0.11946290731430054 0.19966408610343933 -0.0829487144947052
v 0.08684337139129639 0.21116358041763306 -0.10262405872344971
v 0.0826607346534729 0.21061503887176514 -0.09855577349662781
v 0.08727872371673584 0.19239076972007751 -0.09418728947639465
v 0.08010891079902649 0.1938074827194214 -0.10143649578094482
v 0.0892508327960968 0.2005215883255005 -0.10847088694572449
v 0.08984100818634033 0.2068476676940918 -0.10627937316894531
v 0.08322227001190186 0.20192685723304749 -0.11339092254638672
v 0.08348491787910461 0.20784899592399597 -0.11151781678199768
v 0.0806959867477417 0.21208517253398895 -0.10802850127220154
v 0.07719799876213074 0.21123483777046204 -0.10362303256988525
v 0.07521569728851318 0.2081914097070694 -0.10164561867713928
v 0.08115780353546143 0.19764456152915955 -0.11255773901939392
v 0.0786350667476654 0.19521191716194153 -0.11004063487052917
v 0.07611602544784546 0.1951289027929306 -0.10609093308448792
v 0.07590413093566895 0.198686420917511 -0.117460697889328
v 0.0771574079990387 0.20287048816680908 -0.11902099847793579
v 0.06481921672821045 0.21334430575370789 -0.12057456374168396
v 0.06937721371650696 0.2136498987674713 -0.11682304739952087
v 0.07035502791404724 0.21205228567123413 -0.11988207697868347
v 0.06661432981491089 0.21296393871307373 -0.12343820929527283
v 0.07491573691368103 0.21280990540981293 -0.1139833927154541
v 0.07350099086761475 0.2113124281167984 -0.11790710687637329
v 0.07473829388618469 0.20856812596321106 -0.11946380138397217
v 0.07176592946052551 0.209037184715271 -0.12281271815299988
v 0.07171764969825745 0.20480285584926605 -0.12354007363319397
v 0.06842467188835144 0.20531593263149261 -0.12731054425239563
v 0.06823930144309998 0.20993317663669586 -0.12686800956726074
v 0.07466620206832886 0.20520316064357758 -0.12069359421730042
v 0.06390494108200073 0.2127620279788971 -0.12646090984344482
v 0.06198495626449585 0.21172302961349487 -0.12494996190071106
v 0.07823383808135986 0.2084376960992813 -0.11652871966362
v 0.0729045569896698 0.21205928921699524 -0.10854160785675049
v 0.0677226185798645 0.2123788446187973 -0.11334091424942017
v 0.0632135272026062 0.21135546267032623 -0.11813795566558838
v 0.06050741672515869 0.20926162600517273 -0.12280884385108948
v 0.0659627914428711 0.2090620994567871 -0.11153611540794373
v 0.06188419461250305 0.20840652287006378 -0.11680358648300171
v 0.06001704931259155 0.20694929361343384 -0.12111839652061462
v 0.06485632061958313 0.204689621925354 -0.11122894287109375
v 0.06122496724128723 0.20509622991085052 -0.11676165461540222
v 0.0707121193408966 0.20418402552604675 -0.10522079467773438
v 0.07148188352584839 0.20877166092395782 -0.10579606890678406
v 0.06021478772163391 0.2051243633031845 -0.12002593278884888
v 0.06176555156707764 0.20877821743488312 -0.129277765750885
v 0.060337185859680176 0.20656248927116394 -0.12679705023765564
v 0.06444904208183289 0.21070142090320587 -0.13033920526504517
v 0.07143911719322205 0.20213939249515533 -0.12282302975654602
v 0.06755474209785461 0.20267578959465027 -0.1265043020248413
v 0.07091113924980164 0.1994560956954956 -0.12201756238937378
v 0.06654670834541321 0.2004295140504837 -0.12589991092681885
v 0.06418037414550781 0.20463719964027405 -0.1297539472579956
v 0.06568515300750732 0.20644237101078033 -0.13022711873054504
v 0.07440042495727539 0.20381096005439758 -0.10142859816551208
v 0.074689120054245 0.19876854121685028 -0.10308048129081726
v 0.0707348883152008 0.19905903935432434 -0.10667231678962708
v 0.06488439440727234 0.19972726702690125 -0.1126764714717865
v 0.07245129346847534 0.19580569863319397 -0.10971155762672424
v 0.07426214218139648 0.19637024402618408 -0.11436253786087036
v 0.06923675537109375 0.19766628742218018 -0.11935657262802124
v 0.06693917512893677 0.19707830250263214 -0.11581075191497803
v 0.06507894396781921 0.19918541610240936 -0.12342983484268188
v 0.06327512860298157 0.1989101767539978 -0.12036329507827759
v 0.06165200471878052 0.20124094188213348 -0.11789527535438538
v 0.06180891394615173 0.20138022303581238 -0.12529268860816956
v 0.06273576617240906 0.20270130038261414 -0.12815335392951965
v 0.059962183237075806 0.20448029041290283 -0.1239338219165802
v 0.06135490536689758 0.20076146721839905 -0.12265521287918091
v 0.06034862995147705 0.2028527706861496 -0.12138333916664124
v 0.09619340300559998 0.17559605836868286 -0.09321179986000061
v 0.09575176239013672 0.16982591152191162 -0.09239917993545532
v 0.10038933157920837 0.16979944705963135 -0.08794283866882324
v 0.10055989027023315 0.17561614513397217 -0.08898219466209412
v 0.10385921597480774 0.17985057830810547 -0.10117164254188538
v 0.10117518901824951 0.18070808053016663 -0.09888193011283875
v 0.10569733381271362 0.1813461035490036 -0.09434834122657776
v 0.10929989814758301 0.1806393563747406 -0.09658414125442505
v 0.10591548681259155 0.1755428910255432 -0.10310536623001099
v 0.11174178123474121 0.17563140392303467 -0.09827247262001038
v 0.1143922209739685 0.1808830052614212 -0.09189867973327637
v 0.10995897650718689 0.1815844625234604 -0.0893314778804779
v 0.11667376756668091 0.18077291548252106 -0.08138009905815125
v 0.12174594402313232 0.18077436089515686 -0.0845453143119812
v 0.09832310676574707 0.1791650652885437 -0.09614309668540955
v 0.10260969400405884 0.1795307695865631 -0.09164470434188843
v 0.10863840579986572 0.16262973845005035 -0.08555981516838074
v 0.10639455914497375 0.16445541381835938 -0.08285853266716003
v 0.10173648595809937 0.1652769148349762 -0.08909687399864197
v 0.10388976335525513 0.1636294424533844 -0.09157460927963257
v 0.112640380859375 0.17418751120567322 -0.07353183627128601
v 0.11350572109222412 0.1685415506362915 -0.07219868898391724
v 0.1136501133441925 0.1782267689704895 -0.07727748155593872
v 0.11232084035873413 0.16384166479110718 -0.08972647786140442
v 0.11629599332809448 0.16829326748847961 -0.09293749928474426
v 0.12403661012649536 0.16721120476722717 -0.08445334434509277
v 0.12023141980171204 0.1631486564874649 -0.08017531037330627
v 0.10650596022605896 0.17933796346187592 -0.08632868528366089
v 0.10457903146743774 0.16921299695968628 -0.08178296685218811
v 0.1046244204044342 0.17518803477287292 -0.08321160078048706
v 0.11719116568565369 0.17531166970729828 -0.09326398372650146
v 0.11094591021537781 0.16883258521556854 -0.0978190004825592
v 0.09539377689361572 0.1656647026538849 -0.10805529356002808
v 0.10268029570579529 0.1648857146501541 -0.10013529658317566
v 0.09921342134475708 0.16331686079502106 -0.09650871157646179
v 0.09229236841201782 0.16395597159862518 -0.10480090975761414
v 0.10735633969306946 0.164415642619133 -0.09510612487792969
v 0.10551974177360535 0.16928912699222565 -0.1030028760433197
v 0.08932283520698547 0.17493584752082825 -0.10009458661079407
v 0.08876487612724304 0.1695614606142044 -0.0995759665966034
v 0.09109172224998474 0.17834925651550293 -0.10256239771842957
v 0.12503930926322937 0.1747320294380188 -0.08610156178474426
v 0.11673083901405334 0.161526158452034 -0.07560020685195923
v 0.09588152170181274 0.17952929437160492 -0.10787788033485413
v 0.0935131311416626 0.18014854192733765 -0.10542523860931396
v 0.09694153070449829 0.16497674584388733 -0.09357163310050964
v 0.0899466872215271 0.1650366634130478 -0.10127079486846924
v 0.09783995151519775 0.16986143589019775 -0.11028534173965454
v 0.09824791550636292 0.1757630854845047 -0.11000329256057739
v 0.0928487479686737 0.1699429750442505 -0.11553880572319031
v 0.0929088294506073 0.1757148951292038 -0.11497551202774048
v 0.09056788682937622 0.1797216236591339 -0.11303701996803284
v 0.08821141719818115 0.17987260222434998 -0.10997593402862549
v 0.08634170889854431 0.17781835794448853 -0.10693433880805969
v 0.09031307697296143 0.16599762439727783 -0.11340007185935974
v 0.08787351846694946 0.16481322050094604 -0.11017477512359619
v 0.08604007959365845 0.16568118333816528 -0.10604876279830933
v 0.08647924661636353 0.16614028811454773 -0.11709082126617432
v 0.08800172805786133 0.17017389833927155 -0.11975032091140747
v 0.07645410299301147 0.1797882318496704 -0.12460783123970032
v 0.08021479845046997 0.18016377091407776 -0.1210915744304657
v 0.08103883266448975 0.17844164371490479 -0.12267041206359863
v 0.07793930172920227 0.17878153920173645 -0.126234769821167
v 0.08559280633926392 0.17963317036628723 -0.11796295642852783
v 0.08419260382652283 0.1782362461090088 -0.12068894505500793
v 0.08589106798171997 0.17553463578224182 -0.1215330958366394
v 0.08286929130554199 0.1756269335746765 -0.12474650144577026
v 0.08306834101676941 0.1712733507156372 -0.12379544973373413
v 0.07996881008148193 0.17133361101150513 -0.12716305255889893
v 0.07958239316940308 0.17576125264167786 -0.1280975341796875
v 0.08598846197128296 0.17215844988822937 -0.12182009220123291
v 0.07592859864234924 0.17838852107524872 -0.12873542308807373
v 0.07404986023902893 0.17849312722682953 -0.1278895139694214
v 0.0886981189250946 0.17563419044017792 -0.1189795434474945
v 0.08376440405845642 0.17989403009414673 -0.11382552981376648
v 0.07886353135108948 0.17995226383209229 -0.11784204840660095
v 0.07474538683891296 0.1791256070137024 -0.12205404043197632
v 0.0724857747554779 0.17718027532100677 -0.12527287006378174
v 0.0775858461856842 0.17760270833969116 -0.11491656303405762
v 0.07367506623268127 0.17694097757339478 -0.11927714943885803
v 0.07186147570610046 0.17525649070739746 -0.12231293320655823
v 0.07698097825050354 0.17416495084762573 -0.112987220287323
v 0.07334959506988525 0.17402663826942444 -0.11767187714576721
v 0.08178749680519104 0.17422589659690857 -0.1083204448223114
v 0.08245149254798889 0.17766186594963074 -0.11049959063529968
v 0.07212653756141663 0.17366616427898407 -0.12048563361167908
v 0.0742170512676239 0.17470762133598328 -0.1298927664756775
v 0.07248768210411072 0.17301905155181885 -0.12730976939201355
v 0.07669168710708618 0.17572277784347534 -0.13056433200836182
v 0.08316648006439209 0.16865110397338867 -0.12266573309898376
v 0.07943758368492126 0.16887378692626953 -0.12593373656272888
v 0.08199355006217957 0.16658815741539001 -0.12047231197357178
v 0.07806339859962463 0.1672402322292328 -0.12418147921562195
v 0.07648894190788269 0.17051106691360474 -0.1288391649723053
v 0.07770824432373047 0.17209304869174957 -0.12953761219978333
v 0.0852169394493103 0.17443615198135376 -0.104633629322052
v 0.08523651957511902 0.16977381706237793 -0.10408300161361694
v 0.08188924193382263 0.16994568705558777 -0.10780170559883118
v 0.0769108235836029 0.16991549730300903 -0.11284485459327698
v 0.08277633786201477 0.16611245274543762 -0.10953497886657715
v 0.084369957447052 0.1652889847755432 -0.11362376809120178
v 0.0802278220653534 0.1656939834356308 -0.11776670813560486
v 0.07830101251602173 0.16639381647109985 -0.11461874842643738
v 0.07654708623886108 0.16655804216861725 -0.12169653177261353
v 0.0747847855091095 0.16716735064983368 -0.11914899945259094
v 0.07344883680343628 0.17032445967197418 -0.11768439412117004
v 0.07380259037017822 0.16843637824058533 -0.12412244081497192
v 0.07498055696487427 0.1690579205751419 -0.12678083777427673
v 0.07194045186042786 0.1718364655971527 -0.12410920858383179
v 0.07331454753875732 0.1684671938419342 -0.12167814373970032
v 0.07224008440971375 0.17110717296600342 -0.12119653820991516
v 0.11523529887199402 0.16381800174713135 -0.07295054197311401
v 0.11470299959182739 0.1439172476530075 -0.08529531955718994
v 0.11484751105308533 0.14014336466789246 -0.08358094096183777
v 0.11795705556869507 0.14160531759262085 -0.0799051821231842
v 0.11788526177406311 0.1451830416917801 -0.08151349425315857
v 0.12157347798347473 0.14599214494228363 -0.09377136826515198
v 0.1184559166431427 0.1476437896490097 -0.09146448969841003
v 0.12187135219573975 0.14955192804336548 -0.0875900387763977
v 0.12547478079795837 0.14780059456825256 -0.08994400501251221
v 0.12388801574707031 0.14084583520889282 -0.09356638789176941
v 0.12804901599884033 0.142323836684227 -0.08964386582374573
v 0.12922796607017517 0.14968590438365936 -0.08462640643119812
v 0.12514859437942505 0.15155628323554993 -0.08254653215408325
v 0.13048699498176575 0.15425878763198853 -0.0744771957397461
v 0.1357111930847168 0.15332961082458496 -0.07656827569007874
v 0.1363070011138916 0.14007392525672913 -0.06118866801261902
v 0.1338081955909729 0.1434333622455597 -0.059060513973236084
v 0.12830889225006104 0.1412487030029297 -0.06571847200393677
v 0.13134652376174927 0.13808757066726685 -0.06668782234191895
v 0.11606314778327942 0.14646197855472565 -0.0883842408657074
v 0.1191590428352356 0.14818024635314941 -0.08442303538322449
v 0.12485954165458679 0.13581010699272156 -0.07526752352714539
v 0.12196901440620422 0.1388891339302063 -0.07433825731277466
v 0.11908581852912903 0.1377713978290558 -0.07943043112754822
v 0.12136757373809814 0.13472437858581543 -0.08034515380859375
v 0.13076499104499817 0.14745870232582092 -0.05938667058944702
v 0.1284986436367035 0.15199732780456543 -0.061151206493377686
v 0.1261141300201416 0.14934617280960083 -0.06780749559402466
v 0.12625250220298767 0.14510497450828552 -0.06643691658973694
v 0.12714290618896484 0.15195170044898987 -0.0708942711353302
v 0.12850463390350342 0.13526540994644165 -0.07775622606277466
v 0.1314173936843872 0.1382540762424469 -0.08157649636268616
v 0.13879895210266113 0.14023149013519287 -0.0725797712802887
v 0.13487592339515686 0.1376010775566101 -0.06928551197052002
v 0.12216845154762268 0.1496599018573761 -0.07949405908584595
v 0.12064605951309204 0.1428695023059845 -0.07500287890434265
v 0.1206924319267273 0.14683033525943756 -0.07661601901054382
v 0.13234680891036987 0.1441708356142044 -0.08431506156921387
v 0.12721464037895203 0.1369466483592987 -0.08678960800170898
v 0.11634871363639832 0.1309782862663269 -0.09228673577308655
v 0.12117931246757507 0.13271160423755646 -0.08705762028694153
v 0.11832648515701294 0.13290515542030334 -0.08414477109909058
v 0.11402148008346558 0.13102900981903076 -0.08944135904312134
v 0.12454074621200562 0.1341569423675537 -0.08298832178115845
v 0.12333831191062927 0.13561448454856873 -0.09075263142585754
v 0.11026927828788757 0.14217789471149445 -0.09037810564041138
v 0.11045059561729431 0.1382269561290741 -0.08825311064720154
v 0.11159655451774597 0.1445099115371704 -0.09319627285003662
v 0.14023494720458984 0.14759472012519836 -0.07642197608947754
v 0.11640793085098267 0.1440097838640213 -0.09848940372467041
v 0.11357453465461731 0.14551953971385956 -0.09617489576339722
v 0.11605024337768555 0.13614924252033234 -0.0830816924571991
v 0.11187073588371277 0.13396285474300385 -0.08803164958953857
v 0.11827129125595093 0.13383890688419342 -0.09582403302192688
v 0.1186833381652832 0.13918903470039368 -0.09836122393608093
v 0.11440485715866089 0.13237205147743225 -0.100107342004776
v 0.11489787697792053 0.1378307342529297 -0.10254621505737305
v 0.11255338788032532 0.14271344244480133 -0.10223400592803955
v 0.11010706424713135 0.14427410066127777 -0.09971114993095398
v 0.10858479142189026 0.1432969570159912 -0.09648790955543518
v 0.11250424385070801 0.12964989244937897 -0.0965377688407898
v 0.11060208082199097 0.13017645478248596 -0.09363988041877747
v 0.10912126302719116 0.13314786553382874 -0.0919305682182312
v 0.10930350422859192 0.12931111454963684 -0.10017409920692444
v 0.11057877540588379 0.13181710243225098 -0.10432174801826477
v 0.10088270902633667 0.14020788669586182 -0.11073929071426392
v 0.10403954982757568 0.14130327105522156 -0.10821548104286194
v 0.10503900051116943 0.13938826322555542 -0.10923659801483154
v 0.1023632287979126 0.13897502422332764 -0.11175963282585144
v 0.10869160294532776 0.14137160778045654 -0.10569319128990173
v 0.10793626308441162 0.13931049406528473 -0.10761448740959167
v 0.10948196053504944 0.13639742136001587 -0.10739654302597046
v 0.10688045620918274 0.13636498153209686 -0.10989046096801758
v 0.10718879103660583 0.1319589465856552 -0.10868668556213379
v 0.10409986972808838 0.1317555010318756 -0.11129993200302124
v 0.10432443022727966 0.1358252465724945 -0.1128438413143158
v 0.10931447148323059 0.13343515992164612 -0.1070406436920166
v 0.10086560249328613 0.13828885555267334 -0.11394810676574707
v 0.09899270534515381 0.13842719793319702 -0.11333897709846497
v 0.11159390211105347 0.13706274330615997 -0.10546919703483582
v 0.10701480507850647 0.1429693102836609 -0.1028929054737091
v 0.10287302732467651 0.1419762372970581 -0.1062961220741272
v 0.0992891788482666 0.14029759168624878 -0.10938730835914612
v 0.09739020466804504 0.1376204788684845 -0.11148759722709656
v 0.1022699773311615 0.1410295069217682 -0.10357582569122314
v 0.09859102964401245 0.13930077850818634 -0.10711151361465454
v 0.09704646468162537 0.13677150011062622 -0.10916867852210999
v 0.10201290249824524 0.13883131742477417 -0.10094907879829407
v 0.09859418869018555 0.1374254822731018 -0.10493433475494385
v 0.10546326637268066 0.13984046876430511 -0.09678450226783752
v 0.10597667098045349 0.1422203779220581 -0.09980794787406921
v 0.09722980856895447 0.136223703622818 -0.1073441207408905
v 0.09921002388000488 0.13441675901412964 -0.11415031552314758
v 0.09758859872817993 0.134103924036026 -0.11194038391113281
v 0.10186877846717834 0.13504371047019958 -0.11506614089012146
v 0.10667940974235535 0.13012737035751343 -0.10680943727493286
v 0.1029895544052124 0.12972788512706757 -0.10989171266555786
v 0.10573732852935791 0.1289021074771881 -0.10375311970710754
v 0.10165143013000488 0.12919363379478455 -0.10753607749938965
v 0.10056453943252563 0.13100451231002808 -0.11256420612335205
v 0.10224944353103638 0.1319046914577484 -0.11345922946929932
v 0.10772517323493958 0.14095520973205566 -0.09371569752693176
v 0.10803219676017761 0.13712340593338013 -0.09189432859420776
v 0.10561257600784302 0.13626304268836975 -0.09494471549987793
v 0.10212862491607666 0.1354708969593048 -0.09912309050559998
v 0.10644388198852539 0.13244113326072693 -0.09512004256248474
v 0.10767009854316711 0.12965728342533112 -0.09710022807121277
v 0.10402676463127136 0.12934435904026031 -0.10129305720329285
v 0.10267496109008789 0.1317909061908722 -0.09936928749084473
v 0.1002332866191864 0.12990009784698486 -0.10548862814903259
v 0.09917739033699036 0.13182121515274048 -0.1039394736289978
v 0.09874668717384338 0.13478535413742065 -0.10374540090560913
v 0.09800982475280762 0.13179194927215576 -0.10843494534492493
v 0.0989205539226532 0.13108596205711365 -0.11052170395851135
v 0.09703928232192993 0.13421159982681274 -0.10954514145851135
v 0.09766778349876404 0.13257159292697906 -0.10679516196250916
v 0.09716087579727173 0.13438421487808228 -0.10723242163658142
v 0.138531893491745 0.13935790956020355 -0.06402543187141418
v 0.13022518157958984 0.25163042545318604 -0.026924461126327515
v 0.12810653448104858 0.2465953826904297 -0.027681171894073486
v 0.12408220767974854 0.24212324619293213 -0.012982606887817383
v 0.12382680177688599 0.24060821533203125 -0.01956060528755188
v 0.12623757123947144 0.2472170889377594 -0.00871238112449646
v 0.13055408000946045 0.256759911775589 -0.0111331045627594
v 0.12838393449783325 0.25273698568344116 -0.00857660174369812
v 0.12550997734069824 0.24280548095703125 -0.02542668581008911
v 0.13208317756652832 0.25692883133888245 -0.02340388298034668
v 0.13229268789291382 0.259079247713089 -0.01665031909942627
v 0.12339681386947632 0.2620190978050232 -0.025242537260055542
v 0.12316751480102539 0.26437097787857056 -0.018263250589370728
v 0.12168067693710327 0.262179970741272 -0.011954307556152344
v 0.12053477764129639 0.25698405504226685 -0.009170621633529663
v 0.11936640739440918 0.2508869767189026 -0.009367614984512329
v 0.12264794111251831 0.2563832700252533 -0.029008954763412476
v 0.12148380279541016 0.25052231550216675 -0.02959495782852173
v 0.11949938535690308 0.24614915251731873 -0.025821447372436523
v 0.11553066968917847 0.26122891902923584 -0.031222105026245117
v 0.113289475440979 0.26824551820755005 -0.02787071466445923
v 0.10274368524551392 0.2729679346084595 -0.015574663877487183
v 0.10702747106552124 0.2701287567615509 -0.014189034700393677
v 0.10757869482040405 0.2731027603149414 -0.01736965775489807
v 0.10451477766036987 0.2762139141559601 -0.01800939440727234
v 0.11248773336410522 0.2681386470794678 -0.013932526111602783
v 0.11007845401763916 0.27160415053367615 -0.01744857430458069
v 0.11070358753204346 0.2726781368255615 -0.021975308656692505
v 0.10873645544052124 0.2753202021121979 -0.022597283124923706
v 0.11062270402908325 0.27220481634140015 -0.026285558938980103
v 0.10865640640258789 0.2741093337535858 -0.028229564428329468
v 0.10574758052825928 0.27888375520706177 -0.023212015628814697
v 0.10168522596359253 0.2784496545791626 -0.019545674324035645
v 0.10208737850189209 0.2799453139305115 -0.02372702956199646
v 0.09938222169876099 0.27592378854751587 -0.018534541130065918
v 0.11417901515960693 0.2695326805114746 -0.020727604627609253
v 0.11329871416091919 0.2616352438926697 -0.01043611764907837
v 0.10659140348434448 0.26572221517562866 -0.012239634990692139
v 0.1010434627532959 0.2688831090927124 -0.015043884515762329
v 0.09786725044250488 0.2714390754699707 -0.01922506093978882
v 0.1056641936302185 0.2599010765552521 -0.013073086738586426
v 0.10011178255081177 0.26388487219810486 -0.01694658398628235
v 0.09793931245803833 0.2668980360031128 -0.02069336175918579
v 0.1051146388053894 0.2551666498184204 -0.017066895961761475
v 0.10027498006820679 0.2606848478317261 -0.020235955715179443
v 0.11281007528305054 0.24920949339866638 -0.014125555753707886
v 0.11303472518920898 0.2549571990966797 -0.010362982749938965
v 0.09851479530334473 0.26391005516052246 -0.021994352340698242
v 0.0984419584274292 0.27749472856521606 -0.024225682020187378
v 0.0972282886505127 0.2724199891090393 -0.024816274642944336
v 0.10836219787597656 0.27034199237823486 -0.031027793884277344
v 0.10570186376571655 0.2767968773841858 -0.028791338205337524
v 0.10423564910888672 0.27301669120788574 -0.031599581241607666
v 0.10839027166366577 0.2651273310184479 -0.03266936540603638
v 0.10292631387710571 0.2683403491973877 -0.03232041001319885
v 0.10083401203155518 0.2757837176322937 -0.029662996530532837
v 0.10304915904998779 0.2788792848587036 -0.028193265199661255
v 0.11853283643722534 0.24553744494915009 -0.013172626495361328
v 0.11826318502426147 0.24414032697677612 -0.01936936378479004
v 0.11320507526397705 0.2478429079055786 -0.020941585302352905
v 0.10588860511779785 0.2532724440097809 -0.02326357364654541
v 0.11434894800186157 0.24969975650310516 -0.027583718299865723
v 0.11538439989089966 0.2546665072441101 -0.03171226382255554
v 0.10757720470428467 0.25965049862861633 -0.032518476247787476
v 0.10645484924316406 0.2550925016403198 -0.02913418412208557
v 0.10189372301101685 0.2639249861240387 -0.03151583671569824
v 0.1013593077659607 0.2606954276561737 -0.02863660454750061
v 0.10072892904281616 0.25968992710113525 -0.024470031261444092
v 0.09890598058700562 0.2667505145072937 -0.02891981601715088
v 0.099220871925354 0.27117985486984253 -0.029934346675872803
v 0.09757989645004272 0.26777422428131104 -0.02502131462097168
v 0.09924459457397461 0.2638953924179077 -0.02769792079925537
v 0.09860527515411377 0.2640814781188965 -0.024831116199493408
v 0.13869181275367737 0.14409126341342926 -0.053150296211242676
v 0.13520210981369019 0.1493915468454361 -0.053046345710754395
v 0.14127975702285767 0.15034642815589905 -0.046221524477005005
v 0.14851081371307373 0.15136095881462097 -0.03886204957962036
v 0.15842097997665405 0.1478193700313568 -0.03600552678108215
v 0.14652085304260254 0.15836307406425476 -0.0386318564414978
v 0.1395236849784851 0.1568511426448822 -0.0461193323135376
v 0.1318974792957306 0.15621037781238556 -0.05435827374458313
v 0.15115445852279663 0.16583067178726196 -0.03364160656929016
v -0.05100563168525696 0.4143691956996918 0.00771726667881012
v -0.05427923798561096 0.41478997468948364 0.005747079849243164
v -0.05086132884025574 0.408374160528183 0.008806735277175903
v -0.04829639196395874 0.4093012809753418 0.01031714677810669
v -0.058211833238601685 0.40714389085769653 0.006343156099319458
v -0.05406699329614639 0.40746116638183594 0.0070896148681640625
v -0.059058308601379395 0.4146638810634613 0.004634365439414978
v -0.06438518315553665 0.41376882791519165 0.005235075950622559
v -0.07147617638111115 0.4090211093425751 0.008647412061691284
v -0.07297948002815247 0.40754374861717224 0.008706361055374146
v -0.07207939028739929 0.40674394369125366 0.008325457572937012
v -0.0698397159576416 0.4069986939430237 0.008083134889602661
v -0.06609853357076645 0.40700167417526245 0.0069570839405059814
v -0.045730940997600555 0.41243305802345276 0.01272246241569519
v -0.046799562871456146 0.4131450951099396 0.011525273323059082
v -0.048677437007427216 0.414072722196579 0.009611964225769043
v -0.062233611941337585 0.40707987546920776 0.006286919116973877
v -0.04645640403032303 0.4102930426597595 0.01188361644744873
v -0.04555293172597885 0.41133058071136475 0.01281815767288208
v -0.06869582086801529 0.4121481478214264 0.0069353580474853516
v -0.05821198225021362 0.4094696044921875 0.006025105714797974
v -0.054272763431072235 0.4100346267223358 0.006970196962356567
v -0.058474794030189514 0.41235625743865967 0.005433410406112671
v -0.06317292153835297 0.41171693801879883 0.0055275559425354
v -0.06829801946878433 0.4081440567970276 0.007485151290893555
v -0.06590285897254944 0.40874260663986206 0.006648465991020203
v -0.051148928701877594 0.4103850722312927 0.008474022150039673
v -0.06234615296125412 0.40926629304885864 0.00592920184135437
v -0.05420678108930588 0.4125517010688782 0.006515875458717346
v -0.06694084405899048 0.4105689525604248 0.006478533148765564
v -0.069086953997612 0.40914830565452576 0.007473364472389221
v -0.0464857742190361 0.41198474168777466 0.012047171592712402
v -0.04642748087644577 0.41151779890060425 0.01207059621810913
v -0.056907206773757935 0.17173558473587036 0.10059356689453125
v -0.056215472519397736 0.15378667414188385 0.09867241978645325
v -0.051201581954956055 0.4123649001121521 0.00812828540802002
v -0.04732782393693924 0.41120481491088867 0.011225342750549316
v -0.04888772964477539 0.4107857346534729 0.009950637817382812
v -0.04899583011865616 0.41238075494766235 0.009863123297691345
v -0.047427885234355927 0.412224143743515 0.011201411485671997
v 0.1871696412563324 0.18357715010643005 0.16416019201278687
v 0.18936613202095032 0.20076878368854523 0.1604999303817749
v 0.20089182257652283 0.24769626557826996 0.18932995200157166
v 0.19978708028793335 0.2511565685272217 0.21306288242340088
v -0.046194449067115784 -0.11416028439998627 0.15502116084098816
v -0.035870060324668884 -0.011247493326663971 0.34411442279815674
v -0.027569249272346497 0.010621875524520874 0.3422197699546814
v -0.1101612001657486 0.022548187524080276 0.3471206724643707
v -0.09076780825853348 0.016041208058595657 0.35234105587005615
v 0.01369372010231018 -0.06828232109546661 0.25354939699172974
v 0.018525898456573486 -0.05043447017669678 0.24879376590251923
v -0.013428479433059692 -0.0906933918595314 0.1913432776927948
v -0.0090646892786026 -0.07110939919948578 0.1869814544916153
v 0.007427707314491272 -0.09544789791107178 0.2350129783153534
v -0.08019104599952698 -0.0388651117682457 0.357658326625824
v -0.060917407274246216 -0.04605277627706528 0.35491108894348145
v -0.057923950254917145 -0.022809837013483047 0.3516281843185425
v -0.07661185413599014 -0.01495090126991272 0.35519546270370483
v -0.12742334604263306 0.025742124766111374 0.3377724885940552
v -0.13279345631599426 0.0004950016736984253 0.338717520236969
v 0.024899929761886597 -0.020953431725502014 0.2652170658111572
v 0.0218144953250885 -0.009789478033781052 0.28907737135887146
v -0.0011011064052581787 0.01581801101565361 0.3257901072502136
v -0.016780942678451538 0.030377637594938278 0.33742254972457886
v -0.03368108719587326 0.04442168027162552 0.3433378338813782
v -0.05275651812553406 0.0570831224322319 0.345622718334198
v -0.01962241530418396 -0.05362045764923096 0.16455671191215515
v -0.032824449241161346 -0.0352102667093277 0.14569078385829926
v 0.023166298866271973 -0.03128020465373993 0.2413073480129242
v -0.07375569641590118 -0.05543486773967743 0.12224043905735016
v -0.06115996092557907 0.09489822387695312 0.3402673900127411
v -0.0864793062210083 0.10010520368814468 0.33727529644966125
v 0.012628227472305298 0.0025053778663277626 0.3092105984687805
v -0.0437907949090004 0.10811034590005875 0.09404304623603821
v -0.028169631958007812 0.1111786887049675 0.09741221368312836
v -0.029709771275520325 0.09339341521263123 0.0955096185207367
v -0.04548371583223343 0.09014052152633667 0.09381753206253052
v -0.0147324800491333 0.0959768146276474 0.09877219796180725
v -0.0005522668361663818 0.0983765572309494 0.10395759344100952
v 0.012200489640235901 0.10032077878713608 0.11045366525650024
v 0.04045093059539795 0.1033916175365448 0.133164644241333
v 0.032588064670562744 0.10258886963129044 0.1253892034292221
v 0.05097460746765137 0.10239157825708389 0.15149934589862823
v 0.046395063400268555 0.10364478826522827 0.1416613906621933
v 0.0542202889919281 0.09737588465213776 0.16512197256088257
v 0.055359914898872375 0.09192189574241638 0.18196389079093933
v 0.057903438806533813 0.10556890070438385 0.20041677355766296
v 0.05649478733539581 0.08703278005123138 0.20039983093738556
v 0.05393645167350769 0.07382524013519287 0.18058693408966064
v 0.05233941972255707 0.0807359367609024 0.164103701710701
v 0.04913449287414551 0.08577857911586761 0.1509852409362793
v -0.06683338433504105 0.028076987713575363 0.10535717010498047
v -0.0649901032447815 0.05054130032658577 0.096894770860672
v -0.05781020224094391 0.1886468380689621 0.10236559808254242
v 0.33117032051086426 0.1655794382095337 0.12656202912330627
v 0.2196158766746521 0.2148924469947815 0.04484245181083679
v -0.07615522295236588 0.2697902023792267 0.2465815544128418
v -0.058070145547389984 0.27577707171440125 0.24868446588516235
v -0.0010051727294921875 0.28661608695983887 0.23690029978752136
v 0.012938350439071655 0.28819459676742554 0.2199000120162964
v -0.019212797284126282 0.28080812096595764 0.24968959391117096
v -0.0402115061879158 0.27432066202163696 0.25451427698135376
v 0.018282949924468994 -0.020687978714704514 0.21179905533790588
v -0.06335457414388657 0.24961383640766144 0.2696332335472107
v -0.04073681682348251 0.26600492000579834 0.26206058263778687
v -0.018245935440063477 0.2727687954902649 0.2581470012664795
v 0.0019898563623428345 0.27819371223449707 0.2470932900905609
v 0.021067380905151367 0.281654417514801 0.22898325324058533
v 0.03434917330741882 0.2778484523296356 0.223928764462471
v 0.0549144446849823 0.2684275805950165 0.23611775040626526
v 0.06476691365242004 0.2677925229072571 0.2319985330104828
v 0.07553979754447937 0.26832684874534607 0.22845157980918884
v 0.07629707455635071 0.2740077078342438 0.20912101864814758
v 0.06474590301513672 0.27287888526916504 0.21254616975784302
v 0.1656169891357422 0.2570645809173584 0.22214215993881226
v 0.18070361018180847 0.250079482793808 0.22751986980438232
v 0.1898781657218933 0.24188058078289032 0.23651939630508423
v 0.19425982236862183 0.23178927600383759 0.24529601633548737
v 0.1919320821762085 0.22051402926445007 0.2531852722167969
v 0.18274134397506714 0.2080710083246231 0.2579650282859802
v 0.16875982284545898 0.19760406017303467 0.2613160014152527
v 0.12134179472923279 0.1795806735754013 0.2611275017261505
v 0.10496526956558228 0.17455211281776428 0.263604998588562
v 0.07221837341785431 0.16029092669487 0.2762088477611542
v 0.06509551405906677 0.15546181797981262 0.28157681226730347
v 0.04431787133216858 0.13001416623592377 0.3051248788833618
v 0.027678847312927246 0.11582533270120621 0.31214481592178345
v 0.011020049452781677 0.10100691765546799 0.32203030586242676
v -0.0843953862786293 -0.14652739465236664 0.3874753713607788
v -0.0622570663690567 -0.14801287651062012 0.3833557665348053
v -0.062306784093379974 -0.12953460216522217 0.37650004029273987
v -0.08469496667385101 -0.12829157710075378 0.37950435280799866
v -0.12407904118299484 -0.08119749277830124 0.35936686396598816
v -0.14434923231601715 -0.07817717641592026 0.35249924659729004
v -0.003254532814025879 -0.14434407651424408 0.33807432651519775
v 0.008605986833572388 -0.15295886993408203 0.31592240929603577
v -0.040275074541568756 -0.1322368085384369 0.3684699237346649
v -0.020267799496650696 -0.13714611530303955 0.3559587895870209
v 0.012953206896781921 -0.1634581983089447 0.2912563681602478
v -0.026731714606285095 -0.19977308809757233 0.20348310470581055
v -0.043501682579517365 -0.20551249384880066 0.18466925621032715
v -0.07925723493099213 -0.2100990265607834 0.15462160110473633
v -0.09783477336168289 -0.20929653942584991 0.1446482390165329
v 0.010319799184799194 -0.17423893511295319 0.26775556802749634
v -0.061237744987010956 -0.2090703248977661 0.16816648840904236
v 0.00245743989944458 -0.1848524957895279 0.2458302527666092
v -0.010298550128936768 -0.1938183605670929 0.22441250085830688
v -0.1033136323094368 -0.08342158794403076 0.36428481340408325
v -0.10478432476520538 -0.10624078661203384 0.3717065751552582
v -0.08406215906143188 -0.10758654028177261 0.3726617693901062
v -0.07662657648324966 0.17094005644321442 0.315229594707489
v -0.0533386766910553 0.17357268929481506 0.31833600997924805
v -0.030626758933067322 0.1773788034915924 0.3167974352836609
v -0.011123955249786377 0.1993984878063202 0.3071261942386627
v -0.00907859206199646 0.18225297331809998 0.3128466308116913
v 0.011130005121231079 0.1880040019750595 0.3062077760696411
v 0.008571803569793701 0.2035362869501114 0.3012343645095825
v 0.04126507043838501 0.20607905089855194 0.28586795926094055
v 0.04271942377090454 0.1951179802417755 0.28818079829216003
v 0.052986934781074524 0.19673533737659454 0.28275734186172485
v 0.05236305296421051 0.20830845832824707 0.2810283601284027
v 0.06340005993843079 0.1983315348625183 0.2792592942714691
v 0.07592420279979706 0.19952601194381714 0.2756083607673645
v 0.08957406878471375 0.2015429139137268 0.27074864506721497
v 0.10484936833381653 0.2041732668876648 0.26626190543174744
v 0.10345789790153503 0.22942525148391724 0.26152700185775757
v 0.08950844407081604 0.2264539748430252 0.26513054966926575
v 0.0416082888841629 0.2187497317790985 0.2820258140563965
v 0.025428414344787598 0.2184365689754486 0.28836339712142944
v -0.07407113909721375 0.20177030563354492 0.29815369844436646
v -0.09366479516029358 0.19600053131580353 0.2920863926410675
v 0.058740198612213135 0.08910247683525085 0.21809357404708862
v 0.061125919222831726 0.09230992943048477 0.23679643869400024
v 0.06263065338134766 0.09797867387533188 0.25412681698799133
v 0.0622297078371048 0.10562714189291 0.26857295632362366
v 0.061669617891311646 0.11580557376146317 0.281360387802124
v 0.058531492948532104 0.1275332272052765 0.290804386138916
v 0.05930553376674652 0.14876733720302582 0.28829842805862427
v 0.05317963659763336 0.1403401643037796 0.2961897850036621
v 0.05418841540813446 0.16068977117538452 0.2902987003326416
v 0.04669080674648285 0.15354949235916138 0.29874956607818604
v 0.04040437936782837 0.1667381078004837 0.2994803190231323
v 0.03414681553840637 0.17944471538066864 0.29972365498542786
v 0.028970777988433838 0.192849799990654 0.29735127091407776
v 0.02567233145236969 0.2059616595506668 0.2937808334827423
v 0.008313745260238647 0.2183830887079239 0.2954939603805542
v -0.009865939617156982 0.21511399745941162 0.3003051280975342
v -0.029297657310962677 0.22676311433315277 0.2951344847679138
v -0.025445163249969482 0.24037018418312073 0.2878168523311615
v -0.030756928026676178 0.21133023500442505 0.30208298563957214
v -0.031915679574012756 0.19444715976715088 0.3094578683376312
v -0.013807177543640137 0.3013039529323578 0.21357771754264832
v -0.030724331736564636 0.29822003841400146 0.224267840385437
v 0.15780657529830933 0.2102889120578766 0.2592955231666565
v 0.15488818287849426 0.20358267426490784 0.26074397563934326
v 0.16035747528076172 0.20175835490226746 0.2609957158565521
v 0.1690686047077179 0.21015051007270813 0.2589446008205414
v 0.17440912127494812 0.2205565720796585 0.254696786403656
v 0.16040563583374023 0.22878500819206238 0.25165045261383057
v 0.16087085008621216 0.21945041418075562 0.2561160624027252
v 0.1756451427936554 0.2309509962797165 0.2488206923007965
v 0.1725497543811798 0.2401125282049179 0.24216347932815552
v 0.15794771909713745 0.23798564076423645 0.2467486560344696
v 0.16613969206809998 0.24808451533317566 0.23597542941570282
v 0.15418484807014465 0.24562157690525055 0.2416454404592514
v 0.1566067337989807 0.2539941072463989 0.23240873217582703
v 0.15072429180145264 0.25048401951789856 0.23838312923908234
v 0.11609655618667603 0.2519911229610443 0.2453477382659912
v 0.1286289393901825 0.2520037293434143 0.24252423644065857
v 0.14111340045928955 0.2514107823371887 0.23984834551811218
v 0.12042713165283203 0.20783697068691254 0.2632257044315338
v 0.1341579556465149 0.21309655904769897 0.260323703289032
v 0.14756521582603455 0.21734000742435455 0.25796371698379517
v 0.14637097716331482 0.22675718367099762 0.2545304298400879
v 0.13343757390975952 0.22342191636562347 0.25795695185661316
v 0.11986029148101807 0.21912555396556854 0.2614150941371918
v -0.07644771784543991 0.18715575337409973 0.3066568374633789
v -0.055107466876506805 0.19152094423770905 0.3097619414329529
v 0.0640658587217331 0.2100071907043457 0.2769143283367157
v 0.0754670798778534 0.21170160174369812 0.27323117852211
v 0.088978111743927 0.21346870064735413 0.26917484402656555
v 0.10434499382972717 0.21638789772987366 0.2648632824420929
v 0.07744203507900238 0.22459301352500916 0.269803911447525
v 0.06539186835289001 0.22270750999450684 0.27327993512153625
v 0.05329355597496033 0.22055326402187347 0.2768721580505371
v -0.052582934498786926 0.2068137675523758 0.30228209495544434
v -0.09635375440120697 0.18311327695846558 0.3009171485900879
v 0.08392758667469025 0.21697063744068146 0.13951589167118073
v 0.08220422267913818 0.24362148344516754 0.14443667232990265
v 0.0815725326538086 0.2643343508243561 0.1611117720603943
v 0.07927677035331726 0.2740868628025055 0.1851128488779068
v 0.32402172684669495 0.15328443050384521 0.21165983378887177
v -0.13757148385047913 -0.02412024885416031 0.3420860171318054
v -0.14146417379379272 -0.050455138087272644 0.34632471203804016
v -0.12190543115139008 -0.05399959534406662 0.354713499546051
v -0.10824813693761826 0.1030992716550827 0.33015313744544983
v -0.09749144315719604 0.16876782476902008 0.3110344111919403
v 0.020313739776611328 0.06698979437351227 0.11305128782987595
v 0.009566530585289001 0.06648673862218857 0.10617263615131378
v 0.010765224695205688 0.08301183581352234 0.10767844319343567
v 0.021714836359024048 0.0841444730758667 0.11481396853923798
v 0.0369282066822052 0.06953367590904236 0.1295006275177002
v 0.02963876724243164 0.06820416450500488 0.12100794911384583
v 0.03114074468612671 0.0852331668138504 0.12281949818134308
v 0.038752198219299316 0.08640574663877487 0.13128748536109924
v 0.04264131188392639 0.07011663168668747 0.13911476731300354
v 0.04468272626399994 0.0868864506483078 0.14028342068195343
v 0.02709890902042389 0.0509464293718338 0.12152349203824997
v 0.01841425895690918 0.05000065639615059 0.11376453191041946
v 0.00777830183506012 0.05018395930528641 0.10719820111989975
v 0.03965511918067932 0.05402543768286705 0.1389540135860443
v 0.03420354425907135 0.052773114293813705 0.1299409419298172
v -0.06945359706878662 0.2895577847957611 0.03169667720794678
v -0.07018887251615524 0.2926151752471924 0.014480292797088623
v -0.0821290984749794 0.333137571811676 -0.006954953074455261
v -0.08290642499923706 0.33775565028190613 -0.005843803286552429
v -0.06025174260139465 0.2147134393453598 0.10491931438446045
v -0.059894829988479614 0.2261369228363037 0.1021806001663208
v -0.06284161657094955 0.06910502910614014 0.09350790083408356
v -0.05910979211330414 0.10460265725851059 0.09150397777557373
v -0.05662047863006592 0.12022855877876282 0.09290561079978943
v -0.05570055544376373 0.13625535368919373 0.09590163826942444
v -0.058702751994132996 0.20291368663311005 0.10382828116416931
v -0.06117372214794159 0.08658339083194733 0.0925176739692688
v -0.033154360949993134 -0.3373807370662689 0.3847973346710205
v -0.05835724622011185 -0.351775586605072 0.39861422777175903
v -0.04918019473552704 -0.32074683904647827 0.39952942728996277
v -0.06758086383342743 -0.3311150074005127 0.40919193625450134
v -0.02246004343032837 -0.2526267170906067 0.379700243473053
v -0.02848237007856369 -0.2798753082752228 0.38596194982528687
v -0.01728689670562744 -0.2235635668039322 0.37599897384643555
v -0.0916874036192894 -0.3346390724182129 0.417442262172699
v -0.11919628083705902 -0.33310049772262573 0.41977357864379883
v -0.12053670734167099 -0.30851197242736816 0.42767012119293213
v -0.03973354399204254 -0.22073036432266235 0.39441555738449097
v -0.043846189975738525 -0.24720355868339539 0.398433655500412
v -0.05916410684585571 -0.30977335572242737 0.40848034620285034
v -0.037182219326496124 -0.3027433454990387 0.39235079288482666
v -0.05457177013158798 -0.29484060406684875 0.4066579341888428
v -0.09472153335809708 -0.3118698000907898 0.4237193465232849
v -0.0733850747346878 -0.3122235834598541 0.41592997312545776
v -0.1283416450023651 -0.14478877186775208 0.38630378246307373
v -0.1568807065486908 -0.16003410518169403 0.39163827896118164
v -0.13019001483917236 -0.16368022561073303 0.3975384831428528
v -0.039872102439403534 -0.15045960247516632 0.37458473443984985
v -0.06206553429365158 -0.1679285615682602 0.3927321434020996
v -0.07279972732067108 -0.2922823131084442 0.4178664982318878
v -0.09505024552345276 -0.288541704416275 0.4266378879547119
v -0.12073852121829987 -0.2834933400154114 0.43049269914627075
v -0.11109838634729385 -0.20929330587387085 0.41903719305992126
v -0.11527163535356522 -0.2321632206439972 0.42640143632888794
v -0.09006565809249878 -0.23810210824012756 0.4226212203502655
v -0.08652332425117493 -0.21303173899650574 0.4159284830093384
v -0.06179201602935791 -0.19102343916893005 0.4017762839794159
v -0.06327804923057556 -0.21674415469169617 0.4077921211719513
v -0.10822394490242004 -0.18605339527130127 0.41050806641578674
v -0.08474843204021454 -0.18825982511043549 0.4082852602005005
v -0.08426088094711304 -0.1660047322511673 0.39808565378189087
v -0.06640762090682983 -0.24336880445480347 0.4136236310005188
v -0.1477322280406952 -0.2511013150215149 0.4276415705680847
v -0.11900059878826141 -0.25713151693344116 0.42994415760040283
v -0.17624187469482422 -0.24630165100097656 0.417705774307251
v -0.10679204761981964 -0.16498753428459167 0.39961373805999756
v -0.10595954209566116 -0.14529137313365936 0.38813158869743347
v -0.10574197769165039 -0.12654049694538116 0.37871623039245605
v -0.10118333995342255 -0.05832961946725845 0.3595173954963684
v -0.047580718994140625 -0.5619035363197327 0.22574329376220703
v -0.1673644334077835 -0.3752627372741699 0.2577934265136719
v -0.17568400502204895 -0.3721662163734436 0.2803046703338623
v 0.016552910208702087 -0.3140562176704407 0.2762691080570221
v 0.0014931410551071167 -0.32667362689971924 0.34662264585494995
v -0.017846792936325073 -0.31352800130844116 0.3720771074295044
v -0.12397156655788422 -0.37122729420661926 0.20545336604118347
v -0.14528882503509521 -0.3763303756713867 0.22174310684204102
v 0.007011696696281433 -0.32109948992729187 0.24532893300056458
v -0.03846725821495056 -0.3480353355407715 0.20271386206150055
v -0.15830639004707336 -0.37679874897003174 0.2392803579568863
v -0.04885324835777283 -0.2730598449707031 0.40360701084136963
v -0.07000628858804703 -0.2695591449737549 0.41658341884613037
v -0.09307583421468735 -0.26420629024505615 0.4256298840045929
v -0.15041589736938477 -0.2773957848548889 0.42749637365341187
v -0.1788182556629181 -0.27072644233703613 0.4164656400680542
v -0.12222478538751602 -0.3288995921611786 0.179723858833313
v -0.12332783639431 -0.3194725811481476 0.17433513700962067
v -0.13205546140670776 -0.3204154372215271 0.17105534672737122
v -0.13546591997146606 -0.3337806463241577 0.17798028886318207
v -0.029987767338752747 -0.2194698601961136 0.20500776171684265
v -0.04864312708377838 -0.22476540505886078 0.1875304877758026
v -0.08591386675834656 -0.22836390137672424 0.1591489166021347
v -0.10362324863672256 -0.22709858417510986 0.14968393743038177
v 0.01124107837677002 -0.1927136927843094 0.27022087574005127
v -0.06774802505970001 -0.228211909532547 0.17212262749671936
v 0.0028486251831054688 -0.20356200635433197 0.24836215376853943
v -0.011830359697341919 -0.21276970207691193 0.2263353168964386
v -0.14068280160427094 -1.0026371479034424 0.32161998748779297
v -0.13935640454292297 -1.0310280323028564 0.317893922328949
v -0.14358407258987427 -1.0278918743133545 0.3325536251068115
v -0.14704136550426483 -0.9996632933616638 0.3348797857761383
v -0.14180836081504822 -0.9943605065345764 0.3664245009422302
v -0.14975810050964355 -0.9960643649101257 0.3556571304798126
v -0.1290159970521927 -0.9949272274971008 0.37235814332962036
v -0.13326087594032288 -1.0236780643463135 0.37135112285614014
v -0.11989167332649231 -1.0263526439666748 0.3683721423149109
v -0.1151227205991745 -0.9974772334098816 0.3719767928123474
v -0.10364590585231781 -0.9996263384819031 0.3657071888446808
v -0.09861522167921066 -1.031191110610962 0.35429033637046814
v -0.09029783308506012 -1.032745122909546 0.3382464051246643
v -0.08480184525251389 -1.00449800491333 0.34055089950561523
v -0.09381861984729767 -1.001612663269043 0.3560601472854614
v -0.08302931487560272 -1.0101978778839111 0.31990140676498413
v -0.08789809793233871 -1.0376288890838623 0.31870603561401367
v -0.09405586123466492 -1.0128912925720215 0.3052747845649719
v -0.13048838078975677 -1.0066859722137451 0.3088669180870056
v -0.13044992089271545 -1.0344605445861816 0.3030382990837097
v -0.14532756805419922 -1.022627830505371 0.36545005440711975
v -0.14976990222930908 -1.0245497226715088 0.35242724418640137
v -0.15119849145412445 -0.9980304837226868 0.34457969665527344
v -0.1463676542043686 -1.0260004997253418 0.34227460622787476
v -0.14492535591125488 -1.0558652877807617 0.3273470401763916
v -0.14348328113555908 -1.05739426612854 0.3108730912208557
v -0.14969605207443237 -1.0489513874053955 0.3651171624660492
v -0.14803946018218994 -1.0516185760498047 0.3502937853336334
v -0.12507718801498413 -1.0529913902282715 0.3656134605407715
v -0.13810311257839203 -1.0496017932891846 0.37261250615119934
v -0.10045887529850006 -1.0591850280761719 0.3552011549472809
v -0.10879294574260712 -1.0286898612976074 0.36243903636932373
v -0.11241394281387329 -1.0562219619750977 0.3611788749694824
v -0.0913507416844368 -1.0603101253509521 0.3390501141548157
v -0.08882991224527359 -1.0637836456298828 0.31650689244270325
v -0.13253986835479736 -1.0602335929870605 0.2955523729324341
v -0.14532047510147095 -1.0537571907043457 0.33931341767311096
v -0.015410840511322021 -1.1895496845245361 0.20347630977630615
v -0.019788339734077454 -1.19087815284729 0.19806480407714844
v -0.01906435191631317 -1.1853337287902832 0.19890791177749634
v -0.016116023063659668 -1.1853246688842773 0.20249685645103455
v -0.040072761476039886 -1.1900155544281006 0.1714784801006317
v -0.05126626044511795 -1.1926944255828857 0.16563743352890015
v -0.04741612821817398 -1.1809656620025635 0.1628587543964386
v -0.039305657148361206 -1.1798977851867676 0.16690358519554138
v -0.026100188493728638 -1.1926298141479492 0.1832977533340454
v -0.02020782232284546 -1.1926066875457764 0.1891532838344574
v -0.024285659193992615 -1.1955711841583252 0.19068345427513123
v -0.028048448264598846 -1.1951875686645508 0.1868511438369751
v -0.01755508780479431 -1.1813929080963135 0.23893147706985474
v -0.0145149827003479 -1.181837558746338 0.24470704793930054
v -0.01776975393295288 -1.1845378875732422 0.24538901448249817
v -0.019391894340515137 -1.18507719039917 0.2416154146194458
v -0.015704631805419922 -1.1876778602600098 0.2176036834716797
v -0.0131760835647583 -1.1873595714569092 0.22322866320610046
v -0.016048550605773926 -1.1903600692749023 0.22435301542282104
v -0.018105745315551758 -1.1912264823913574 0.22099462151527405
v -0.0497584342956543 -1.1700568199157715 0.18483969569206238
v -0.04165322333574295 -1.17435884475708 0.1741284728050232
v -0.05444878339767456 -1.1758666038513184 0.16773799061775208
v -0.06346599757671356 -1.1676626205444336 0.17648671567440033
v -0.06355126202106476 -1.1841578483581543 0.16798007488250732
v -0.05934322625398636 -1.189573049545288 0.1764715313911438
v -0.06971636414527893 -1.1858468055725098 0.18601912260055542
v -0.07402478903532028 -1.1775319576263428 0.1783352792263031
v -0.047493137419223785 -1.1910293102264404 0.18331590294837952
v -0.05608978122472763 -1.187774896621704 0.19294539093971252
v -0.04607420414686203 -1.1809935569763184 0.19391095638275146
v -0.0355353057384491 -1.1841506958007812 0.18318074941635132
v -0.03002096712589264 -1.1822404861450195 0.20389217138290405
v -0.020716622471809387 -1.188417673110962 0.1975771188735962
v -0.02398890256881714 -1.181992530822754 0.19154605269432068
v -0.03254001587629318 -1.1745257377624512 0.198701411485672
v -0.03000800311565399 -1.1821751594543457 0.18504193425178528
v -0.04089462757110596 -1.1744048595428467 0.18982091546058655
v -0.04593740403652191 -1.184373378753662 0.191507488489151
v -0.0356018990278244 -1.1888141632080078 0.18240219354629517
v -0.035152703523635864 -1.1930017471313477 0.1895316243171692
v -0.045252516865730286 -1.1891167163848877 0.19774773716926575
v -0.037565529346466064 -1.1891980171203613 0.20370766520500183
v -0.028161369264125824 -1.1935720443725586 0.19640949368476868
v -0.02368997037410736 -1.174175500869751 0.21438556909561157
v -0.018450260162353516 -1.1817760467529297 0.20698323845863342
v -0.023681223392486572 -1.18223237991333 0.20189666748046875
v -0.030605345964431763 -1.1747641563415527 0.20648890733718872
v -0.02827201783657074 -1.1895415782928467 0.19999617338180542
v -0.026002898812294006 -1.1925201416015625 0.20521798729896545
v -0.033958740532398224 -1.188629150390625 0.21144068241119385
v -0.03513924032449722 -1.184960126876831 0.20598769187927246
v -0.02714650332927704 -1.1876177787780762 0.21796122193336487
v -0.020536348223686218 -1.192934274673462 0.21072697639465332
v -0.02095586061477661 -1.180654764175415 0.21808284521102905
v -0.015632346272468567 -1.1875207424163818 0.2114970088005066
v -0.018191635608673096 -1.178565263748169 0.23778945207595825
v -0.0137844979763031 -1.1853108406066895 0.23057350516319275
v -0.014804482460021973 -1.180027961730957 0.22648191452026367
v -0.018893390893936157 -1.1725714206695557 0.2339605689048767
v -0.017808765172958374 -1.1793279647827148 0.22137349843978882
v -0.022598445415496826 -1.173063039779663 0.22576603293418884
v -0.021492749452590942 -1.1836442947387695 0.21904441714286804
v -0.022778719663619995 -1.189985752105713 0.22355258464813232
v -0.027135886251926422 -1.1860499382019043 0.22930487990379333
v -0.024407416582107544 -1.1793444156646729 0.22350728511810303
v -0.018749088048934937 -1.1898088455200195 0.229234516620636
v -0.023650512099266052 -1.185312032699585 0.23687875270843506
v -0.019558295607566833 -1.1695456504821777 0.25490376353263855
v -0.021425455808639526 -1.1758105754852295 0.2589051425457001
v -0.017111778259277344 -1.1785905361175537 0.251062273979187
v -0.016633495688438416 -1.1734719276428223 0.24808520078659058
v -0.018193453550338745 -1.1739449501037598 0.24288439750671387
v -0.020943373441696167 -1.169405221939087 0.24698278307914734
v -0.022326290607452393 -1.1781079769134521 0.24089783430099487
v -0.024453669786453247 -1.1843602657318115 0.24459469318389893
v -0.027424097061157227 -1.182096004486084 0.24918362498283386
v -0.02352924644947052 -1.175201177597046 0.24516573548316956
v -0.020747452974319458 -1.1839077472686768 0.25001639127731323
v -0.025152236223220825 -1.1807620525360107 0.25606071949005127
v -0.07223348319530487 -1.160618543624878 0.1865096539258957
v -0.05538518726825714 -1.1666171550750732 0.19724911451339722
v -0.051840975880622864 -1.1919240951538086 0.17073118686676025
v -0.082738496363163 -1.1721844673156738 0.1895940899848938
v -0.04521875083446503 -1.1927542686462402 0.1749652922153473
v -0.06106218695640564 -1.1848127841949463 0.2038857340812683
v -0.07843393832445145 -1.181718349456787 0.19753116369247437
v -0.051736533641815186 -1.1798474788665771 0.1973092257976532
v -0.021131247282028198 -1.1870720386505127 0.18762007355690002
v -0.038493819534778595 -1.1809895038604736 0.20923295617103577
v -0.04595859348773956 -1.1853814125061035 0.2167118489742279
v -0.02451661229133606 -1.1869807243347168 0.18383359909057617
v -0.041379787027835846 -1.167459487915039 0.2101157009601593
v -0.03292398154735565 -1.1670489311218262 0.22765129804611206
v -0.020952269434928894 -1.1938140392303467 0.2018149495124817
v -0.018425822257995605 -1.1937341690063477 0.2048412561416626
v -0.03553387522697449 -1.1841380596160889 0.23283499479293823
v -0.025384560227394104 -1.1779837608337402 0.22507667541503906
v -0.012750521302223206 -1.1836926937103271 0.22233512997627258
v -0.022014141082763672 -1.1752288341522217 0.24554505944252014
v -0.031047895550727844 -1.1819307804107666 0.2501721680164337
v -0.014930754899978638 -1.1828522682189941 0.21928557753562927
v -0.026945024728775024 -1.164795160293579 0.24642202258110046
v -0.015497639775276184 -1.1780004501342773 0.24404826760292053
v -0.027349628508090973 -1.1721904277801514 0.26861754059791565
v -0.03035929799079895 -1.17985200881958 0.2649669945240021
v -0.01628325879573822 -1.1776068210601807 0.24098965525627136
v -0.024796128273010254 -1.164198398590088 0.26255589723587036
v -0.11918367445468903 -1.0112035274505615 0.29965224862098694
v -0.11822006106376648 -1.0378596782684326 0.29437708854675293
v -0.10631358623504639 -1.0140273571014404 0.2983189523220062
v -0.09647634625434875 -1.0402326583862305 0.3032130002975464
v -0.10594706237316132 -1.0409960746765137 0.2954248785972595
v -0.11682596057653427 -1.0636274814605713 0.28682735562324524
v -0.09603293985128403 -1.0667691230773926 0.2996353209018707
v -0.10391317307949066 -1.0663855075836182 0.28963956236839294
v -0.10350353270769119 -1.0793774127960205 0.3602561354637146
v -0.09156808257102966 -1.0822997093200684 0.3448042869567871
v -0.11748751997947693 -1.0760164260864258 0.3642923831939697
v -0.1438288539648056 -1.0690057277679443 0.37581926584243774
v -0.12998460233211517 -1.0724279880523682 0.37069037556648254
v -0.11437898874282837 -1.085482120513916 0.2777259945869446
v -0.13138942420482635 -1.0834364891052246 0.2909058630466461
v -0.0992475152015686 -1.0877132415771484 0.2794146239757538
v -0.08892722427845001 -1.087599277496338 0.29294610023498535
v -0.08501590043306351 -1.151655912399292 0.19708780944347382
v -0.09715939313173294 -1.1455960273742676 0.2162063866853714
v -0.08090594410896301 -1.1377201080322266 0.219155952334404
v -0.06823094934225082 -1.1516563892364502 0.20682378113269806
v -0.06753773987293243 -1.1389782428741455 0.23423618078231812
v -0.05586455762386322 -1.1546766757965088 0.22161054611206055
v -0.05816120654344559 -1.1414494514465332 0.2513635456562042
v -0.04615423083305359 -1.1551225185394287 0.23863066732883453
v -0.05146277695894241 -1.1447246074676514 0.2687983512878418
v -0.039234913885593414 -1.155932903289795 0.25671839714050293
v -0.04672107845544815 -1.1509792804718018 0.28520458936691284
v -0.03427428752183914 -1.158362865447998 0.27256807684898376
v -0.04448089003562927 -1.1613390445709229 0.2957237958908081
v -0.033406227827072144 -1.167576551437378 0.28171196579933167
v -0.09555809199810028 -1.1666159629821777 0.201640784740448
v -0.1062452495098114 -1.1597061157226562 0.22045224905014038
v -0.09084795415401459 -1.1781823635101318 0.21196600794792175
v -0.1020427793264389 -1.173471450805664 0.23027588427066803
v -0.07718373835086823 -1.1798741817474365 0.22263889014720917
v -0.08976315706968307 -1.174797773361206 0.24103817343711853
v -0.05087263882160187 -1.1732854843139648 0.29343581199645996
v -0.03949010372161865 -1.1786155700683594 0.2781078517436981
v -0.06426200270652771 -1.1799037456512451 0.23702242970466614
v -0.0773821771144867 -1.1741571426391602 0.2549344599246979
v -0.05413425713777542 -1.1806776523590088 0.25245848298072815
v -0.06730730831623077 -1.175107479095459 0.26988643407821655
v -0.0464063435792923 -1.180715560913086 0.26669737696647644
v -0.058972686529159546 -1.1758151054382324 0.28335583209991455
v -0.09588280320167542 -1.1243886947631836 0.23780804872512817
v -0.07908757776021957 -1.121091604232788 0.2486080378293991
v -0.07023942470550537 -1.1244354248046875 0.2664909362792969
v -0.06464967131614685 -1.1304876804351807 0.2844502925872803
v -0.0612616240978241 -1.1410748958587646 0.300720751285553
v -0.05804887413978577 -1.1522462368011475 0.3113139271736145
v -0.07553809881210327 -1.1122713088989258 0.30629438161849976
v -0.076618492603302 -1.1323962211608887 0.32003918290138245
v -0.07453314960002899 -1.145730972290039 0.3280528783798218
v -0.09112787246704102 -1.124903678894043 0.3405129015445709
v -0.09054598212242126 -1.1394617557525635 0.3452262580394745
v -0.11716735363006592 -1.1157324314117432 0.37353894114494324
v -0.11722029745578766 -1.1313762664794922 0.3794942796230316
v -0.1045881062746048 -1.1333880424499512 0.36359578371047974
v -0.10531225800514221 -1.1189420223236084 0.35915204882621765
v -0.0890364944934845 -1.1065011024475098 0.3310551941394806
v -0.10120116174221039 -1.1001543998718262 0.3515765070915222
v -0.11314788460731506 -1.0965733528137207 0.3650234639644623
v -0.14171086251735687 -1.125385046005249 0.39133942127227783
v -0.12878696620464325 -1.1288425922393799 0.3878979980945587
v -0.12727443873882294 -1.1130340099334717 0.3825863301753998
v -0.13904735445976257 -1.1093695163726807 0.38857588171958923
v -0.15679410099983215 -1.1065406799316406 0.3877111077308655
v -0.15864452719688416 -1.1239173412322998 0.3871895670890808
v -0.16663794219493866 -1.1086792945861816 0.3711196780204773
v -0.16964858770370483 -1.1250801086425781 0.3718925714492798
v -0.1344277262687683 -1.0903940200805664 0.37920278310775757
v -0.1240784227848053 -1.0939316749572754 0.3726745545864105
v -0.1492970734834671 -1.0875263214111328 0.3807663917541504
v -0.15827658772468567 -1.0887107849121094 0.367324560880661
v -0.1530705839395523 -1.0926752090454102 0.35134589672088623
v -0.1616547703742981 -1.1129274368286133 0.35316550731658936
v -0.16775763034820557 -1.1281356811523438 0.3534209728240967
v -0.10952128469944 -1.1384673118591309 0.2392912656068802
v -0.11432722210884094 -1.15067720413208 0.24500395357608795
v -0.07932688295841217 -1.1054205894470215 0.28154027462005615
v -0.09065614640712738 -1.1038172245025635 0.2642880082130432
v -0.11184443533420563 -1.1076688766479492 0.26268258690834045
v -0.123475581407547 -1.1290233135223389 0.263467937707901
v -0.12426449358463287 -1.1434342861175537 0.27112025022506714
v -0.13445210456848145 -1.138124704360962 0.29392415285110474
v -0.13653725385665894 -1.1244988441467285 0.2873986065387726
v -0.11145840585231781 -1.1616344451904297 0.2533699572086334
v -0.11985769867897034 -1.1513519287109375 0.2786687910556793
v -0.1305949091911316 -1.1455211639404297 0.30022352933883667
v -0.14575743675231934 -1.134458303451538 0.31241297721862793
v -0.14646971225738525 -1.1210906505584717 0.30806663632392883
v -0.1538466513156891 -1.1314570903778076 0.3275386691093445
v -0.15168017148971558 -1.1171536445617676 0.3251962661743164
v -0.15572243928909302 -1.1145665645599365 0.3387574553489685
v -0.16068267822265625 -1.1296522617340088 0.3397480845451355
v -0.14781075716018677 -1.0969486236572266 0.32438814640045166
v -0.1501360684633255 -1.0943164825439453 0.33728957176208496
v -0.1431530863046646 -1.1013908386230469 0.30676379799842834
v -0.1328120082616806 -1.1046051979064941 0.2854875326156616
v -0.06395012140274048 -1.165074110031128 0.31042951345443726
v -0.07846973836421967 -1.1570460796356201 0.32762449979782104
v -0.09382785856723785 -1.1493463516235352 0.3446970582008362
v -0.1088472455739975 -1.1448676586151123 0.36248576641082764
v -0.12284770607948303 -1.142754077911377 0.3756311237812042
v -0.13341587781906128 -1.1403493881225586 0.3824452757835388
v -0.15770280361175537 -1.1343326568603516 0.3808853030204773
v -0.1447688341140747 -1.1370203495025635 0.38535934686660767
v -0.16554787755012512 -1.1349499225616455 0.37027841806411743
v -0.16372886300086975 -1.1385724544525146 0.3554149270057678
v -0.1582747995853424 -1.1413681507110596 0.343757301568985
v -0.14239487051963806 -1.1432342529296875 0.31826314330101013
v -0.15159088373184204 -1.1428775787353516 0.33214935660362244
v -0.1445149928331375 -1.0803310871124268 0.3074920177459717
v -0.14829495549201965 -1.0772771835327148 0.3250553607940674
v -0.14826975762844086 -1.074876070022583 0.3377537727355957
v -0.15249735116958618 -1.069138526916504 0.3648906648159027
v -0.1494004726409912 -1.0726041793823242 0.3495981991291046
v -0.10199582576751709 -1.1662495136260986 0.26396214962005615
v -0.09026873111724854 -1.1665537357330322 0.27701520919799805
v -0.0802564024925232 -1.1676726341247559 0.2907165586948395
v -0.07187214493751526 -1.168187141418457 0.30224934220314026
v -0.08537045121192932 -1.1608943939208984 0.32114899158477783
v -0.09356091916561127 -1.1602368354797363 0.3116688132286072
v -0.10365810990333557 -1.1594014167785645 0.29971688985824585
v -0.11308763921260834 -1.1562252044677734 0.28755804896354675
v -0.10053789615631104 -1.1542961597442627 0.3383684456348419
v -0.10801741480827332 -1.1546618938446045 0.3297993242740631
v -0.11736449599266052 -1.153841257095337 0.31974920630455017
v -0.1251714527606964 -1.1513872146606445 0.3085515797138214
v -0.13780224323272705 -1.1492199897766113 0.32612091302871704
v -0.1314408779144287 -1.1504995822906494 0.3366544544696808
v -0.12322971224784851 -1.15071702003479 0.34560495615005493
v -0.1162014901638031 -1.149416208267212 0.35453370213508606
v -0.12875604629516602 -1.1461246013641357 0.3665153980255127
v -0.13475504517555237 -1.146928310394287 0.3573322296142578
v -0.14182522892951965 -1.1471314430236816 0.34855955839157104
v -0.14693525433540344 -1.146711826324463 0.34005290269851685
v -0.1373780071735382 -1.1435840129852295 0.3727017045021057
v -0.15394562482833862 -1.1394743919372559 0.3747004270553589
v -0.14528238773345947 -1.1412365436553955 0.3759961426258087
v -0.1595969796180725 -1.140047550201416 0.36852362751960754
v -0.1574416160583496 -1.142277717590332 0.35852450132369995
v -0.152826189994812 -1.1446475982666016 0.3494630753993988
v -0.147562175989151 -1.1447491645812988 0.35604268312454224
v -0.15175479650497437 -1.1428282260894775 0.36210519075393677
v -0.14128908514976501 -1.144495964050293 0.3639037311077118
v -0.14689987897872925 -1.1424262523651123 0.3682118058204651
v -0.15432202816009521 -1.1412289142608643 0.3672340512275696
v -0.15180441737174988 -1.1411173343658447 0.37019842863082886
v -0.08797440677881241 -1.08837890625 0.31587839126586914
v -0.08856610208749771 -0.7334941625595093 0.2571568191051483
v -0.10434383898973465 -0.7296499013900757 0.25802603363990784
v -0.07271375507116318 -0.7320539355278015 0.26161715388298035
v -0.012837886810302734 -0.32442089915275574 0.22180110216140747
v -0.03130972385406494 -0.11157232522964478 0.1747063249349594
v -0.021995797753334045 -0.07489903271198273 0.1676766723394394
v -0.027251094579696655 -0.09438714385032654 0.17140552401542664
v -0.0113135427236557 -0.3477531373500824 0.2207707166671753
v 0.015541061758995056 -0.03949921205639839 0.2196221947669983
v 0.023252099752426147 0.10172627866268158 0.1176069974899292
v -0.0044152140617370605 0.41285204887390137 0.09202376008033752
v -0.005640760064125061 0.40920379757881165 0.09347037971019745
v -0.00625215470790863 0.40682166814804077 0.09610432386398315
v -0.005982905626296997 0.4045830965042114 0.0988389253616333
v -0.0063672661781311035 0.40287020802497864 0.1019374430179596
v -0.008401662111282349 0.4031226336956024 0.10553355515003204
v -0.0049504488706588745 0.4084278345108032 0.09845459461212158
v -0.007970273494720459 0.4107942283153534 0.1010015606880188
v -0.007890567183494568 0.41267335414886475 0.09944871068000793
v -0.004684537649154663 0.4104572534561157 0.09658391773700714
f 2 3 1
f 1 3 4
f 3 2 5
f 5 2 6
f 3 7 4
f 4 7 8
f 10 11 9
f 9 11 12
f 14 15 13
f 13 15 16
f 18 19 17
f 17 19 20
f 22 23 21
f 21 23 24
f 26 18 25
f 25 18 17
f 27 28 17
f 17 28 25
f 30 31 29
f 29 31 32
f 34 35 33
f 33 35 36
f 21 24 37
f 37 24 38
f 40 31 39
f 39 31 38
f 34 33 28
f 28 33 25
f 41 42 44
f 44 42 43
f 36 45 33
f 33 45 25
f 46 47 49
f 49 47 48
f 51 52 50
f 50 52 53
f 55 53 54
f 54 53 52
f 57 58 56
f 56 58 59
f 61 62 60
f 60 62 63
f 65 66 64
f 64 66 67
f 69 70 68
f 68 70 71
f 65 73 72
f 72 73 74
f 64 75 65
f 65 75 73
f 77 78 76
f 76 78 79
f 80 81 83
f 83 81 82
f 81 85 84
f 84 85 86
f 88 89 87
f 87 89 69
f 88 87 90
f 90 87 91
f 93 94 92
f 92 94 95
f 96 84 43
f 43 84 44
f 51 98 97
f 97 98 86
f 97 99 51
f 51 99 52
f 54 52 100
f 100 52 99
f 58 101 59
f 59 101 102
f 62 103 63
f 63 103 104
f 105 106 6
f 6 106 5
f 108 109 107
f 107 109 110
f 112 113 111
f 111 113 114
f 116 117 115
f 115 117 118
f 120 121 119
f 119 121 122
f 124 125 123
f 123 125 126
f 128 129 127
f 127 129 130
f 130 131 127
f 127 131 132
f 134 1 133
f 133 1 135
f 1 4 135
f 135 4 136
f 4 8 136
f 136 8 137
f 138 139 15
f 15 139 140
f 140 139 141
f 141 139 142
f 144 57 143
f 143 57 56
f 145 146 141
f 141 146 147
f 146 149 148
f 148 149 150
f 152 153 151
f 151 153 154
f 141 147 140
f 140 147 155
f 157 11 156
f 156 11 158
f 160 161 159
f 159 161 162
f 164 165 163
f 163 165 166
f 165 160 166
f 166 160 159
f 168 169 167
f 167 169 170
f 169 171 170
f 170 171 172
f 149 173 150
f 150 173 174
f 175 176 149
f 149 176 173
f 178 172 177
f 177 172 171
f 180 181 179
f 179 181 182
f 184 180 183
f 183 180 179
f 186 187 185
f 185 187 188
f 190 191 189
f 189 191 192
f 7 193 8
f 8 193 194
f 196 162 195
f 195 162 161
f 197 168 198
f 198 168 167
f 181 199 182
f 182 199 200
f 202 203 201
f 201 203 204
f 187 186 205
f 205 186 206
f 208 209 207
f 207 209 210
f 212 213 211
f 211 213 214
f 215 216 218
f 218 216 217
f 220 209 219
f 219 209 208
f 204 186 221
f 221 186 185
f 201 204 222
f 222 204 221
f 223 211 220
f 220 211 209
f 224 225 214
f 214 225 210
f 203 206 204
f 204 206 186
f 227 187 226
f 226 187 205
f 27 228 21
f 21 228 22
f 230 231 229
f 229 231 232
f 234 235 233
f 233 235 236
f 238 239 237
f 237 239 240
f 119 122 118
f 118 122 115
f 112 242 241
f 241 242 243
f 98 51 244
f 244 51 50
f 245 138 14
f 14 138 15
f 11 10 158
f 158 10 246
f 89 85 69
f 69 85 70
f 11 157 12
f 12 157 247
f 249 164 248
f 248 164 163
f 177 250 178
f 178 250 251
f 253 254 252
f 252 254 255
f 187 227 188
f 188 227 256
f 212 257 213
f 213 257 258
f 260 134 259
f 259 134 133
f 165 164 135
f 135 164 133
f 160 165 136
f 136 165 135
f 136 137 160
f 160 137 161
f 137 261 161
f 161 261 195
f 263 264 262
f 262 264 265
f 13 16 266
f 266 16 267
f 268 267 155
f 155 267 16
f 147 269 155
f 155 269 268
f 162 196 167
f 167 196 198
f 167 170 162
f 162 170 159
f 170 172 159
f 159 172 166
f 172 178 166
f 166 178 163
f 178 251 163
f 163 251 248
f 168 270 169
f 169 270 271
f 272 273 171
f 171 273 177
f 271 272 169
f 169 272 171
f 168 197 270
f 270 197 274
f 250 177 275
f 275 177 273
f 277 45 276
f 276 45 278
f 280 281 279
f 279 281 282
f 284 104 283
f 283 104 103
f 285 215 286
f 286 215 218
f 288 289 287
f 287 289 290
f 291 80 66
f 66 80 83
f 293 294 292
f 292 294 295
f 73 91 74
f 74 91 87
f 91 73 92
f 92 73 75
f 279 77 280
f 280 77 76
f 80 291 70
f 70 291 71
f 277 47 96
f 96 47 82
f 297 175 296
f 296 175 149
f 299 154 298
f 298 154 153
f 225 300 210
f 210 300 207
f 224 301 206
f 206 301 205
f 210 209 214
f 214 209 211
f 226 205 302
f 302 205 301
f 304 305 303
f 303 305 306
f 308 309 307
f 307 309 310
f 72 291 65
f 65 291 66
f 66 83 67
f 67 83 46
f 312 313 311
f 311 313 314
f 316 317 315
f 315 317 36
f 29 318 35
f 35 318 319
f 321 32 320
f 320 32 322
f 311 314 323
f 323 314 324
f 315 325 316
f 316 325 326
f 318 287 319
f 319 287 290
f 328 321 327
f 327 321 320
f 329 330 39
f 39 330 331
f 332 333 40
f 40 333 322
f 309 334 285
f 285 334 335
f 236 2 134
f 134 2 1
f 260 336 233
f 233 336 337
f 237 14 265
f 265 14 13
f 84 86 44
f 44 86 98
f 189 192 7
f 7 192 193
f 44 98 41
f 41 98 244
f 237 240 14
f 14 240 245
f 7 3 189
f 189 3 5
f 338 71 72
f 72 71 291
f 262 265 266
f 266 265 13
f 124 123 339
f 339 123 105
f 123 109 105
f 105 109 106
f 189 5 190
f 190 5 106
f 111 114 12
f 12 114 9
f 264 340 265
f 265 340 237
f 342 343 341
f 341 343 344
f 6 235 105
f 105 235 339
f 234 346 345
f 345 346 347
f 349 350 348
f 348 350 351
f 107 352 108
f 108 352 353
f 355 356 354
f 354 356 357
f 237 340 238
f 238 340 358
f 12 247 111
f 111 247 359
f 264 263 116
f 116 263 360
f 361 362 222
f 222 362 201
f 364 365 363
f 363 365 366
f 368 369 367
f 367 369 370
f 372 373 371
f 371 373 374
f 375 376 372
f 372 376 377
f 378 379 381
f 381 379 380
f 382 383 269
f 269 383 268
f 150 174 365
f 365 174 384
f 380 377 381
f 381 377 376
f 271 270 180
f 180 270 181
f 273 272 252
f 252 272 184
f 272 271 184
f 184 271 180
f 181 270 274
f 252 255 273
f 273 255 275
f 254 385 255
f 255 385 386
f 387 388 179
f 179 388 183
f 389 387 182
f 182 387 179
f 182 200 389
f 389 200 390
f 388 391 183
f 183 391 253
f 391 392 253
f 253 392 254
f 394 379 393
f 393 379 378
f 185 188 395
f 395 188 396
f 221 185 397
f 397 185 395
f 222 221 398
f 398 221 397
f 188 256 396
f 396 256 399
f 400 401 256
f 256 401 399
f 402 403 405
f 405 403 404
f 148 150 364
f 364 150 365
f 393 406 394
f 394 406 407
f 158 246 393
f 393 246 406
f 342 19 238
f 238 19 239
f 23 22 350
f 350 22 354
f 244 50 245
f 245 50 138
f 55 142 53
f 53 142 139
f 145 144 296
f 296 144 143
f 355 228 341
f 341 228 20
f 41 240 42
f 42 240 239
f 283 308 284
f 284 308 307
f 349 409 408
f 408 409 410
f 244 245 41
f 41 245 240
f 268 383 406
f 406 383 407
f 346 411 349
f 349 411 409
f 251 412 248
f 248 412 413
f 275 414 250
f 250 414 415
f 25 45 26
f 26 45 277
f 43 26 96
f 96 26 277
f 416 417 61
f 61 417 62
f 329 24 408
f 408 24 23
f 31 40 32
f 32 40 322
f 39 38 329
f 329 38 24
f 37 38 30
f 30 38 31
f 418 419 421
f 421 419 420
f 78 295 79
f 79 295 294
f 124 339 422
f 422 339 345
f 232 131 357
f 357 131 351
f 2 236 6
f 6 236 235
f 252 184 253
f 253 184 183
f 227 423 256
f 256 423 400
f 423 227 305
f 305 227 226
f 424 258 425
f 425 258 257
f 426 427 212
f 212 427 257
f 259 133 249
f 249 133 164
f 419 418 428
f 428 418 429
f 327 430 328
f 328 430 288
f 49 431 46
f 46 431 67
f 306 302 424
f 424 302 258
f 313 432 314
f 314 432 433
f 32 321 29
f 29 321 318
f 324 314 433
f 287 318 328
f 328 318 321
f 134 260 236
f 236 260 233
f 345 339 234
f 234 339 235
f 357 351 354
f 354 351 350
f 408 23 349
f 349 23 350
f 317 278 36
f 36 278 45
f 432 313 429
f 429 313 428
f 435 428 434
f 434 428 313
f 42 239 18
f 18 239 19
f 43 42 26
f 26 42 18
f 121 120 436
f 436 120 437
f 302 301 258
f 258 301 213
f 110 109 126
f 126 109 123
f 238 358 342
f 342 358 343
f 341 20 342
f 342 20 19
f 322 438 320
f 320 438 439
f 320 439 327
f 327 439 430
f 333 440 322
f 322 440 438
f 289 288 323
f 323 288 430
f 115 340 116
f 116 340 264
f 146 145 149
f 149 145 296
f 15 140 16
f 16 140 155
f 441 442 152
f 152 442 153
f 225 224 203
f 203 224 206
f 175 297 154
f 154 297 151
f 293 443 294
f 294 443 444
f 248 413 249
f 249 413 445
f 446 447 400
f 400 447 401
f 388 387 396
f 396 387 395
f 387 389 395
f 395 389 397
f 391 388 399
f 399 388 396
f 401 392 399
f 399 392 391
f 255 386 275
f 275 386 414
f 449 450 448
f 448 450 451
f 335 452 285
f 285 452 215
f 453 298 442
f 442 298 153
f 211 223 212
f 212 223 426
f 425 257 454
f 454 257 427
f 266 10 262
f 262 10 9
f 360 113 456
f 456 113 455
f 8 194 137
f 137 194 261
f 10 266 246
f 246 266 267
f 203 202 225
f 225 202 300
f 262 9 263
f 263 9 114
f 108 353 190
f 190 353 191
f 389 390 397
f 397 390 398
f 457 422 128
f 128 422 129
f 156 158 378
f 378 158 393
f 347 346 348
f 348 346 349
f 447 458 401
f 401 458 392
f 364 382 148
f 148 382 269
f 55 54 57
f 57 54 58
f 75 64 459
f 459 64 460
f 100 90 101
f 101 90 95
f 101 58 100
f 100 58 54
f 142 55 144
f 144 55 57
f 147 146 269
f 269 146 148
f 459 93 75
f 75 93 92
f 144 145 142
f 142 145 141
f 228 27 20
f 20 27 17
f 154 299 175
f 175 299 176
f 214 213 224
f 224 213 301
f 424 461 306
f 306 461 303
f 285 286 309
f 309 286 310
f 462 334 308
f 308 334 309
f 302 306 226
f 226 306 305
f 37 28 21
f 21 28 27
f 29 35 30
f 30 35 34
f 30 34 37
f 37 34 28
f 344 436 356
f 356 436 229
f 325 290 326
f 326 290 289
f 311 439 312
f 312 439 438
f 35 319 36
f 36 319 315
f 439 311 430
f 430 311 323
f 315 319 325
f 325 319 290
f 440 463 438
f 438 463 312
f 341 344 355
f 355 344 356
f 360 456 116
f 116 456 117
f 354 22 355
f 355 22 228
f 326 289 324
f 324 289 323
f 74 87 68
f 68 87 69
f 50 53 138
f 138 53 139
f 268 406 267
f 267 406 246
f 190 106 108
f 108 106 109
f 241 455 112
f 112 455 113
f 358 122 343
f 343 122 121
f 129 347 130
f 130 347 348
f 348 351 130
f 130 351 131
f 229 232 356
f 356 232 357
f 340 115 358
f 358 115 122
f 111 359 112
f 112 359 242
f 125 124 457
f 457 124 422
f 231 132 232
f 232 132 131
f 343 121 344
f 344 121 436
f 263 114 360
f 360 114 113
f 347 129 345
f 345 129 422
f 230 229 437
f 437 229 436
f 464 446 423
f 423 446 400
f 465 466 468
f 468 466 467
f 470 471 469
f 469 471 472
f 469 472 373
f 373 472 374
f 474 469 473
f 473 469 373
f 471 475 472
f 472 475 476
f 472 477 374
f 374 477 478
f 477 472 476
f 479 480 476
f 476 480 477
f 473 373 377
f 377 373 372
f 481 482 479
f 479 482 480
f 483 484 481
f 481 484 482
f 403 402 485
f 485 402 486
f 487 488 483
f 483 488 484
f 487 489 488
f 488 489 490
f 489 491 490
f 490 491 492
f 491 493 492
f 492 493 494
f 493 495 494
f 494 495 496
f 497 498 481
f 481 498 483
f 484 499 482
f 482 499 367
f 370 480 367
f 367 480 482
f 480 370 477
f 477 370 478
f 500 497 479
f 479 497 481
f 451 473 380
f 380 473 377
f 448 451 379
f 379 451 380
f 501 502 504
f 504 502 503
f 449 505 507
f 507 505 506
f 486 508 505
f 505 508 506
f 508 509 506
f 506 509 510
f 511 507 510
f 510 507 506
f 509 508 512
f 512 508 513
f 515 509 514
f 514 509 512
f 509 515 510
f 510 515 516
f 510 516 511
f 511 516 517
f 486 505 485
f 485 505 518
f 505 449 518
f 518 449 448
f 383 382 403
f 403 382 404
f 363 404 364
f 364 404 382
f 403 485 383
f 383 485 407
f 519 520 361
f 361 520 362
f 522 496 521
f 521 496 495
f 450 474 451
f 451 474 473
f 363 366 523
f 523 366 524
f 525 499 488
f 488 499 484
f 488 490 525
f 525 490 526
f 496 522 520
f 520 522 527
f 494 496 519
f 519 496 520
f 492 494 528
f 528 494 519
f 529 530 495
f 495 530 521
f 490 492 526
f 526 492 528
f 529 495 531
f 531 495 493
f 533 534 532
f 532 534 535
f 523 524 533
f 533 524 534
f 486 402 532
f 532 402 533
f 529 536 530
f 530 536 537
f 536 538 537
f 537 538 539
f 540 541 539
f 539 541 537
f 530 537 535
f 535 537 541
f 542 539 543
f 543 539 538
f 539 542 540
f 540 542 544
f 541 540 513
f 513 540 512
f 540 544 512
f 512 544 514
f 546 547 545
f 545 547 548
f 549 550 531
f 531 550 551
f 550 549 552
f 552 549 553
f 546 550 554
f 554 550 552
f 547 546 555
f 555 546 554
f 498 556 558
f 558 556 557
f 559 557 560
f 560 557 556
f 561 562 560
f 560 562 559
f 557 559 552
f 552 559 554
f 559 562 554
f 554 562 555
f 558 557 553
f 553 557 552
f 475 471 563
f 563 471 564
f 565 563 567
f 567 563 566
f 471 470 564
f 564 470 466
f 564 466 568
f 568 466 465
f 568 465 569
f 569 465 570
f 572 573 571
f 571 573 574
f 569 575 567
f 567 575 576
f 577 565 576
f 576 565 567
f 578 579 581
f 581 579 580
f 575 561 576
f 576 561 560
f 556 577 560
f 560 577 576
f 577 556 497
f 497 556 498
f 565 577 500
f 500 577 497
f 563 565 475
f 475 565 500
f 553 489 558
f 558 489 487
f 531 493 549
f 549 493 491
f 489 553 491
f 491 553 549
f 394 407 518
f 518 407 485
f 518 448 394
f 394 448 379
f 545 548 538
f 538 548 543
f 551 545 536
f 536 545 538
f 536 529 551
f 551 529 531
f 507 582 449
f 449 582 450
f 511 583 507
f 507 583 582
f 511 517 583
f 583 517 584
f 585 586 588
f 588 586 587
f 590 591 589
f 589 591 592
f 591 590 593
f 593 590 594
f 596 597 595
f 595 597 598
f 599 600 602
f 602 600 601
f 604 605 603
f 603 605 606
f 608 609 607
f 607 609 610
f 612 613 611
f 611 613 614
f 615 616 618
f 618 616 617
f 620 621 619
f 619 621 622
f 624 625 623
f 623 625 626
f 628 629 627
f 627 629 630
f 632 633 631
f 631 633 634
f 635 636 638
f 638 636 637
f 639 640 642
f 642 640 641
f 644 645 643
f 643 645 646
f 619 622 647
f 647 622 648
f 650 651 649
f 649 651 652
f 601 653 602
f 602 653 654
f 656 657 655
f 655 657 658
f 660 661 659
f 659 661 662
f 664 665 663
f 663 665 666
f 593 594 667
f 667 594 668
f 669 670 672
f 672 670 671
f 673 674 676
f 676 674 675
f 633 632 677
f 677 632 678
f 663 666 679
f 679 666 680
f 681 682 684
f 684 682 683
f 686 687 685
f 685 687 688
f 690 661 689
f 689 661 691
f 693 686 692
f 692 686 685
f 695 597 694
f 694 597 668
f 594 696 668
f 668 696 694
f 697 698 696
f 696 698 699
f 700 701 697
f 697 701 698
f 702 585 703
f 703 585 588
f 671 690 672
f 672 690 689
f 640 639 704
f 704 639 705
f 679 706 663
f 663 706 658
f 708 709 707
f 707 709 710
f 711 712 610
f 610 712 607
f 713 714 716
f 716 714 715
f 717 718 720
f 720 718 719
f 722 634 721
f 721 634 633
f 724 725 723
f 723 725 726
f 728 729 727
f 727 729 730
f 732 733 731
f 731 733 734
f 707 710 735
f 735 710 736
f 643 737 644
f 644 737 738
f 740 741 739
f 739 741 742
f 608 744 743
f 743 744 745
f 747 748 746
f 746 748 749
f 751 752 750
f 750 752 753
f 754 755 757
f 757 755 756
f 758 759 761
f 761 759 760
f 763 764 762
f 762 764 765
f 767 768 766
f 766 768 769
f 771 772 770
f 770 772 773
f 775 776 774
f 774 776 777
f 779 780 778
f 778 780 781
f 783 712 782
f 782 712 784
f 785 786 788
f 788 786 787
f 790 628 789
f 789 628 627
f 792 793 791
f 791 793 794
f 795 796 726
f 726 796 723
f 798 799 797
f 797 799 800
f 721 633 801
f 801 633 677
f 797 800 802
f 802 800 803
f 805 806 804
f 804 806 807
f 809 810 808
f 808 810 811
f 813 814 812
f 812 814 815
f 809 808 817
f 817 808 816
f 818 819 804
f 804 819 805
f 820 821 818
f 818 821 819
f 821 820 587
f 587 820 822
f 809 823 810
f 810 823 824
f 814 807 815
f 815 807 806
f 826 426 825
f 825 426 223
f 426 826 427
f 427 826 827
f 828 829 454
f 454 829 830
f 831 832 677
f 677 832 801
f 834 835 833
f 833 835 836
f 838 839 837
f 837 839 840
f 841 842 844
f 844 842 843
f 845 846 803
f 803 846 802
f 847 831 678
f 678 831 677
f 848 849 851
f 851 849 850
f 853 854 852
f 852 854 855
f 857 858 856
f 856 858 680
f 860 861 859
f 859 861 862
f 864 865 863
f 863 865 866
f 868 869 867
f 867 869 870
f 839 871 840
f 840 871 872
f 849 848 874
f 874 848 873
f 876 877 875
f 875 877 878
f 880 881 879
f 879 881 882
f 883 884 886
f 886 884 885
f 846 887 802
f 802 887 888
f 890 891 889
f 889 891 888
f 893 894 892
f 892 894 895
f 896 897 728
f 728 897 729
f 899 900 898
f 898 900 901
f 902 852 904
f 904 852 903
f 849 905 850
f 850 905 906
f 875 878 907
f 907 878 908
f 910 911 909
f 909 911 912
f 914 915 913
f 913 915 916
f 917 918 862
f 862 918 859
f 919 920 856
f 856 920 921
f 923 924 922
f 922 924 925
f 926 927 925
f 925 927 922
f 929 930 928
f 928 930 693
f 932 695 931
f 931 695 694
f 823 867 824
f 824 867 933
f 935 936 934
f 934 936 937
f 938 868 823
f 823 868 867
f 940 847 939
f 939 847 678
f 632 655 678
f 678 655 939
f 941 942 619
f 619 942 620
f 687 943 688
f 688 943 944
f 851 850 945
f 945 850 903
f 850 906 903
f 903 906 904
f 946 947 949
f 949 947 948
f 951 952 950
f 950 952 953
f 955 956 954
f 954 956 957
f 907 958 875
f 875 958 874
f 960 961 959
f 959 961 962
f 963 853 902
f 902 853 852
f 909 964 910
f 910 964 965
f 967 968 966
f 966 968 969
f 971 972 970
f 970 972 973
f 974 960 975
f 975 960 959
f 977 978 976
f 976 978 979
f 981 977 980
f 980 977 976
f 980 982 981
f 981 982 983
f 985 983 984
f 984 983 982
f 984 986 985
f 985 986 987
f 989 990 988
f 988 990 991
f 993 994 992
f 992 994 995
f 997 998 996
f 996 998 999
f 1001 1002 1000
f 1000 1002 1003
f 1005 1006 1004
f 1004 1006 1007
f 1004 1008 1005
f 1005 1008 1009
f 1008 1010 1009
f 1009 1010 1011
f 1013 1011 1012
f 1012 1011 1010
f 1014 1015 1017
f 1017 1015 1016
f 1019 1020 1018
f 1018 1020 1021
f 1022 1023 976
f 976 1023 980
f 1024 1025 982
f 982 1025 984
f 992 995 1026
f 1026 995 1027
f 956 955 1028
f 1028 955 1029
f 1030 1031 1033
f 1033 1031 1032
f 1010 1008 1034
f 1034 1008 1035
f 1008 1004 1035
f 1035 1004 1036
f 1037 1038 1002
f 1002 1038 1007
f 1002 1001 1037
f 1037 1001 1039
f 1040 1041 997
f 997 1041 998
f 1015 1014 1043
f 1043 1014 1042
f 1044 1045 1047
f 1047 1045 1046
f 1044 1020 1048
f 1048 1020 1049
f 1050 1051 1003
f 1003 1051 1000
f 1052 1050 1006
f 1006 1050 1003
f 1053 1054 1011
f 1011 1054 1009
f 1013 1045 1055
f 1055 1045 1056
f 1058 1059 1057
f 1057 1059 1060
f 1062 1063 1061
f 1061 1063 1064
f 1065 1066 1050
f 1050 1066 1051
f 1067 1065 1052
f 1052 1065 1050
f 1068 1069 1054
f 1054 1069 1070
f 1071 1068 1053
f 1053 1068 1054
f 1073 1071 1072
f 1072 1071 1074
f 1074 1071 1055
f 1055 1071 1053
f 1076 1077 1075
f 1075 1077 1078
f 1079 1080 1057
f 1057 1080 1058
f 1081 1082 1064
f 1064 1082 1061
f 1084 1085 1083
f 1083 1085 1086
f 1088 1089 1087
f 1087 1089 1090
f 1092 1093 1091
f 1091 1093 1094
f 1096 1097 1095
f 1095 1097 1098
f 1099 1100 1102
f 1102 1100 1101
f 1103 1104 1099
f 1099 1104 1100
f 1106 1107 1105
f 1105 1107 1108
f 1110 1111 1109
f 1109 1111 1112
f 1114 1115 1113
f 1113 1115 1116
f 1118 1119 1117
f 1117 1119 1077
f 1117 1120 1122
f 1122 1120 1121
f 1105 1123 1106
f 1106 1123 1124
f 1125 1126 1128
f 1128 1126 1127
f 1130 1131 1129
f 1129 1131 1132
f 1134 1135 1133
f 1133 1135 1114
f 1113 1136 1114
f 1114 1136 1133
f 1118 1137 1113
f 1113 1137 1136
f 1118 1117 1137
f 1137 1117 1122
f 1139 1140 1138
f 1138 1140 1141
f 1143 953 1142
f 1142 953 952
f 1145 957 1144
f 1144 957 956
f 1028 1146 956
f 956 1146 1144
f 1014 1147 1042
f 1042 1147 1148
f 1014 1017 1147
f 1147 1017 1149
f 1059 1058 1150
f 1150 1058 1151
f 1153 1080 1152
f 1152 1080 1154
f 1156 1088 1155
f 1155 1088 1087
f 1157 1158 1106
f 1106 1158 1107
f 1106 1124 1157
f 1157 1124 1159
f 1161 1162 1160
f 1160 1162 1163
f 1165 1166 1164
f 1164 1166 1167
f 1168 1031 1012
f 1012 1031 1046
f 1024 1023 1035
f 1035 1023 1034
f 1036 1038 1025
f 1025 1038 1169
f 1170 1171 1039
f 1039 1171 1037
f 1028 1029 1042
f 1042 1029 1043
f 1172 1173 1175
f 1175 1173 1174
f 1055 1053 1013
f 1013 1053 1011
f 1005 1009 1070
f 1070 1009 1054
f 996 999 1062
f 1062 999 1063
f 1016 1060 1017
f 1017 1060 1059
f 1017 1059 1149
f 1149 1059 1150
f 1177 1178 1176
f 1176 1178 1103
f 1176 1072 1179
f 1179 1072 1074
f 1073 1102 1086
f 1086 1102 1083
f 1180 1181 1067
f 1067 1181 1065
f 1182 1183 1184
f 1184 1183 1181
f 1186 1187 1185
f 1185 1187 1188
f 1189 1190 798
f 798 1190 799
f 1192 1193 1191
f 1191 1193 1194
f 1195 1196 1194
f 1194 1196 1191
f 1196 1195 1198
f 1198 1195 1197
f 1200 674 1199
f 1199 674 673
f 928 1201 1203
f 1203 1201 1202
f 861 1204 862
f 862 1204 921
f 1205 1206 913
f 913 1206 1207
f 882 1208 879
f 879 1208 1209
f 1210 1211 1167
f 1167 1211 1164
f 1212 769 1213
f 1213 769 768
f 727 1214 728
f 728 1214 1215
f 1217 1218 1216
f 1216 1218 1219
f 1220 813 1221
f 1221 813 812
f 827 828 427
f 427 828 454
f 1223 1224 1222
f 1222 1224 1165
f 1226 1227 1225
f 1225 1227 1228
f 851 1229 848
f 848 1229 1230
f 834 854 835
f 835 854 1231
f 1233 1234 1232
f 1232 1234 1235
f 1237 751 1236
f 1236 751 750
f 743 819 1238
f 1238 819 821
f 1240 1241 1239
f 1239 1241 1242
f 1244 1245 1243
f 1243 1245 1246
f 844 1247 841
f 841 1247 1248
f 1250 1251 1249
f 1249 1251 1252
f 1254 893 1253
f 1253 893 1237
f 1255 1256 1258
f 1258 1256 1257
f 1260 1261 1259
f 1259 1261 1262
f 945 903 855
f 855 903 852
f 855 1263 945
f 945 1263 1264
f 832 845 801
f 801 845 803
f 800 721 803
f 803 721 801
f 721 800 722
f 722 800 799
f 1266 1267 1265
f 1265 1267 1268
f 1270 795 1269
f 1269 795 726
f 725 1271 726
f 726 1271 1269
f 737 765 738
f 738 765 764
f 759 740 760
f 760 740 739
f 717 1272 1274
f 1274 1272 1273
f 1163 1226 1275
f 1275 1226 1225
f 1277 882 1276
f 1276 882 881
f 1041 1040 1027
f 1027 1040 1026
f 900 935 901
f 901 935 934
f 1164 1278 1165
f 1165 1278 1222
f 1211 1279 1164
f 1164 1279 1278
f 442 1280 453
f 453 1280 1281
f 788 1282 785
f 785 1282 1283
f 1285 1286 1284
f 1284 1286 1287
f 1284 1288 1285
f 1285 1288 1289
f 757 1289 754
f 754 1289 1288
f 605 604 675
f 675 604 676
f 1290 1291 1293
f 1293 1291 1292
f 1295 1296 1294
f 1294 1296 1297
f 696 699 694
f 694 699 931
f 1298 1299 592
f 592 1299 589
f 1299 1300 589
f 589 1300 700
f 1300 1301 700
f 700 1301 701
f 743 745 819
f 819 745 805
f 1303 1304 1302
f 1302 1304 1305
f 1306 1307 1305
f 1305 1307 1302
f 609 1298 610
f 610 1298 592
f 587 822 588
f 588 822 1308
f 703 588 1309
f 1309 588 1308
f 1310 703 571
f 571 703 1309
f 1311 1312 789
f 789 1312 790
f 825 223 1313
f 1313 223 220
f 219 1314 220
f 220 1314 1313
f 1315 1316 1311
f 1311 1316 1312
f 1317 1318 1319
f 1319 1318 1241
f 441 1320 442
f 442 1320 1280
f 1321 217 572
f 572 217 216
f 1323 1230 1322
f 1322 1230 1229
f 1324 1325 631
f 631 1325 656
f 1034 1168 1010
f 1010 1168 1012
f 1327 1328 1326
f 1326 1328 1329
f 1331 1202 1330
f 1330 1202 1201
f 571 1309 572
f 572 1309 1321
f 573 572 1332
f 1332 572 216
f 1334 1335 1333
f 1333 1335 1336
f 1337 1338 918
f 918 1338 859
f 1339 863 1340
f 1340 863 866
f 1341 1342 1344
f 1344 1342 1343
f 1345 1346 919
f 919 1346 920
f 1347 1348 673
f 673 1348 1199
f 693 1349 928
f 928 1349 1201
f 1351 1257 1350
f 1350 1257 1256
f 1350 1352 1351
f 1351 1352 1353
f 653 930 654
f 654 930 662
f 1279 1354 1278
f 1278 1354 1355
f 1357 1358 1356
f 1356 1358 1359
f 937 1360 1140
f 1140 1360 1361
f 1225 1228 909
f 909 1228 964
f 901 934 1362
f 1362 934 1139
f 1364 1365 1363
f 1363 1365 1362
f 1367 912 1366
f 1366 912 911
f 1143 1142 1368
f 1368 1142 1369
f 1144 1186 1145
f 1145 1186 1185
f 1146 1175 1144
f 1144 1175 1186
f 1175 1146 1172
f 1172 1146 1148
f 1147 1018 1148
f 1148 1018 1172
f 1018 1147 1019
f 1019 1147 1149
f 1149 1150 1019
f 1019 1150 1370
f 1150 1151 1370
f 1370 1151 1371
f 1151 1153 1371
f 1371 1153 1177
f 1152 1156 1178
f 1178 1156 1372
f 1155 1158 1373
f 1373 1158 1374
f 1157 1159 1376
f 1376 1159 1375
f 1378 1379 1377
f 1377 1379 1380
f 1382 1383 1381
f 1381 1383 1384
f 1382 1386 1385
f 1385 1386 1387
f 1386 1233 1387
f 1387 1233 1232
f 1389 1390 1388
f 1388 1390 1391
f 1393 1394 1392
f 1392 1394 1395
f 1397 1398 1396
f 1396 1398 1399
f 629 1397 630
f 630 1397 1396
f 1342 1400 1343
f 1343 1400 1401
f 1403 1404 1402
f 1402 1404 1405
f 1407 1408 1406
f 1406 1408 1409
f 1411 1412 1410
f 1410 1412 1413
f 793 1414 794
f 794 1414 1415
f 1417 1341 1416
f 1416 1341 1344
f 704 705 1347
f 1347 705 1418
f 741 1419 742
f 742 1419 1420
f 1422 669 1421
f 1421 669 672
f 645 1423 646
f 646 1423 1424
f 1196 1198 614
f 614 1198 611
f 613 1425 614
f 614 1425 1426
f 1427 616 659
f 659 616 660
f 614 1426 1196
f 1196 1426 1191
f 696 594 697
f 697 594 590
f 697 590 700
f 700 590 589
f 703 1310 702
f 702 1310 1428
f 1421 672 1192
f 1192 672 689
f 1271 648 1269
f 1269 648 622
f 621 1270 622
f 622 1270 1269
f 1429 1430 1417
f 1417 1430 1341
f 1431 1432 1434
f 1434 1432 1433
f 1436 1437 1435
f 1435 1437 1438
f 1440 1441 1439
f 1439 1441 1442
f 1443 1444 1446
f 1446 1444 1445
f 823 809 938
f 938 809 817
f 810 1447 811
f 811 1447 1448
f 1449 1450 679
f 679 1450 706
f 913 916 1205
f 1205 916 1451
f 1275 1225 912
f 912 1225 909
f 1452 1453 880
f 880 1453 881
f 1444 1401 1445
f 1445 1401 1400
f 936 1454 937
f 937 1454 1360
f 824 1455 810
f 810 1455 1447
f 631 656 632
f 632 656 655
f 966 1456 967
f 967 1456 1457
f 1459 1460 1458
f 1458 1460 1461
f 1460 1462 1461
f 1461 1462 1463
f 972 974 973
f 973 974 975
f 990 995 991
f 991 995 994
f 1464 1187 1033
f 1033 1187 1174
f 1018 1021 1172
f 1172 1021 1173
f 1000 999 1001
f 1001 999 998
f 976 979 1022
f 1022 979 1032
f 1023 1024 980
f 980 1024 982
f 989 986 1171
f 1171 986 1169
f 1171 1170 989
f 989 1170 990
f 1170 1027 990
f 990 1027 995
f 1041 1039 998
f 998 1039 1001
f 1051 1063 1000
f 1000 1063 999
f 1066 1064 1051
f 1051 1064 1063
f 1183 1081 1066
f 1066 1081 1064
f 1178 1372 1103
f 1103 1372 1104
f 1092 1091 1465
f 1465 1091 1182
f 1467 1465 1466
f 1466 1465 1468
f 1469 1470 1184
f 1184 1470 1468
f 1095 1098 1471
f 1471 1098 1101
f 1076 1374 1120
f 1120 1374 1376
f 1110 1472 1127
f 1127 1472 1132
f 1472 1473 1132
f 1132 1473 1129
f 1474 1475 1466
f 1466 1475 1473
f 1119 1118 1116
f 1116 1118 1113
f 1375 1121 1376
f 1376 1121 1120
f 1127 1132 1128
f 1128 1132 1131
f 1227 1476 1228
f 1228 1476 1361
f 1365 1477 1362
f 1362 1477 872
f 1478 1479 1323
f 1323 1479 1230
f 1480 1481 914
f 914 1481 915
f 913 1277 914
f 914 1277 1276
f 1168 1034 1022
f 1022 1034 1023
f 1035 1036 1024
f 1024 1036 1025
f 1039 1041 1170
f 1170 1041 1027
f 1042 1148 1028
f 1028 1148 1146
f 968 1459 969
f 969 1459 1458
f 1482 1483 664
f 664 1483 665
f 1485 1486 1484
f 1484 1486 1487
f 1489 1490 1488
f 1488 1490 1491
f 1492 1493 722
f 722 1493 634
f 1495 1496 1494
f 1494 1496 1497
f 1498 1207 1339
f 1339 1207 863
f 1224 1499 1165
f 1165 1499 1166
f 1160 1163 1500
f 1500 1163 1275
f 1500 877 1160
f 1160 877 1501
f 876 873 1502
f 1502 873 1479
f 945 1264 851
f 851 1264 1229
f 835 1231 839
f 839 1231 871
f 1503 1283 778
f 778 1283 1282
f 716 715 1505
f 1505 715 1504
f 1446 1445 1507
f 1507 1445 1506
f 779 792 1381
f 1381 792 791
f 1430 1409 1341
f 1341 1409 1342
f 1411 1429 1508
f 1508 1429 1417
f 635 1510 1509
f 1509 1510 1511
f 1377 1380 1315
f 1315 1380 1316
f 1445 1400 1506
f 1506 1400 1408
f 918 917 1336
f 1336 917 1333
f 1513 1514 1512
f 1512 1514 870
f 1515 1516 1363
f 1363 1516 1364
f 1453 1517 881
f 881 1517 1276
f 992 1518 993
f 993 1518 1519
f 1520 1029 1518
f 1518 1029 955
f 1520 1026 1521
f 1521 1026 1040
f 1522 1015 1521
f 1521 1015 1043
f 996 1523 997
f 997 1523 1522
f 1060 1016 1524
f 1524 1016 1523
f 1061 1525 1062
f 1062 1525 1524
f 1079 1527 1526
f 1526 1527 1528
f 1093 1529 1094
f 1094 1529 1528
f 1111 1530 1112
f 1112 1530 1531
f 1532 1533 1105
f 1105 1533 1123
f 934 937 1139
f 1139 937 1140
f 1138 1363 1139
f 1139 1363 1362
f 1534 1222 1355
f 1355 1222 1278
f 1535 1223 1534
f 1534 1223 1222
f 821 587 1238
f 1238 587 586
f 1319 711 1317
f 1317 711 1536
f 1538 1200 1537
f 1537 1200 1199
f 1508 1417 1539
f 1539 1417 1416
f 1540 1541 840
f 840 1541 837
f 1231 898 871
f 871 898 901
f 1500 1275 1367
f 1367 1275 912
f 1543 1379 1542
f 1542 1379 1395
f 1539 772 1508
f 1508 772 1544
f 1546 1403 1545
f 1545 1403 1402
f 1548 1549 1547
f 1547 1549 1550
f 1552 1548 1551
f 1551 1548 1547
f 1554 1555 1553
f 1553 1555 1556
f 1558 1559 1557
f 1557 1559 1560
f 1562 1563 1561
f 1561 1563 1564
f 1566 1567 1565
f 1565 1567 1568
f 1570 1571 1569
f 1569 1571 1572
f 1574 1575 1573
f 1573 1575 1576
f 1577 1578 1572
f 1572 1578 1569
f 1580 1581 1579
f 1579 1581 1582
f 1584 1585 1583
f 1583 1585 1586
f 1588 1555 1587
f 1587 1555 1589
f 1591 1592 1590
f 1590 1592 1593
f 1595 1596 1594
f 1594 1596 1597
f 1596 1581 1597
f 1597 1581 1576
f 1599 1570 1598
f 1598 1570 1569
f 1601 1602 1600
f 1600 1602 1603
f 1605 1606 1604
f 1604 1606 1607
f 1608 1609 1568
f 1568 1609 1565
f 1611 1612 1610
f 1610 1612 1613
f 1615 1616 1614
f 1614 1616 1617
f 1619 1617 1618
f 1618 1617 1616
f 1621 1622 1620
f 1620 1622 1623
f 1625 1626 1624
f 1624 1626 1627
f 1629 1630 1628
f 1628 1630 1631
f 1633 1634 1632
f 1632 1634 1635
f 1636 1637 1639
f 1639 1637 1638
f 1641 1642 1640
f 1640 1642 1643
f 1624 1627 1644
f 1644 1627 1645
f 1647 1648 1646
f 1646 1648 1649
f 1651 1652 1650
f 1650 1652 1653
f 1655 1656 1654
f 1654 1656 1657
f 1659 1660 1658
f 1658 1660 1661
f 1662 1663 1631
f 1631 1663 1628
f 1651 1665 1664
f 1664 1665 1666
f 1667 1656 1619
f 1619 1656 1617
f 1669 1670 1668
f 1668 1670 1671
f 1632 1635 1672
f 1672 1635 1673
f 1674 1675 1638
f 1638 1675 1639
f 1677 1678 1676
f 1676 1678 1679
f 1680 1640 1681
f 1681 1640 1643
f 1682 1683 1643
f 1643 1683 1681
f 1670 1669 1235
f 1235 1669 1232
f 1396 1399 1674
f 1674 1399 1675
f 627 630 1679
f 1679 630 1676
f 1681 1315 1680
f 1680 1315 1311
f 1683 1377 1681
f 1681 1377 1315
f 1672 1673 1387
f 1387 1673 1385
f 1636 1684 1646
f 1646 1684 1685
f 1687 1688 1686
f 1686 1688 1689
f 1585 1690 1586
f 1586 1690 1691
f 1599 1692 1551
f 1551 1692 1693
f 1552 1558 1694
f 1694 1558 1557
f 1696 1615 1695
f 1695 1615 1614
f 1698 1699 1697
f 1697 1699 1623
f 1700 1701 1703
f 1703 1701 1702
f 1705 1706 1704
f 1704 1706 1707
f 1708 1709 1640
f 1640 1709 1641
f 1710 1711 1713
f 1713 1711 1712
f 1652 1655 1653
f 1653 1655 1654
f 1714 1699 1712
f 1712 1699 1713
f 1715 1710 1716
f 1716 1710 1713
f 1717 1708 1680
f 1680 1708 1640
f 1393 1392 1715
f 1715 1392 1710
f 1719 1720 1718
f 1718 1720 1721
f 1680 1311 1717
f 1717 1311 789
f 1378 1711 1392
f 1392 1711 1710
f 1388 1391 1719
f 1719 1391 1720
f 1723 1606 1722
f 1722 1606 1689
f 1725 1568 1724
f 1724 1568 1567
f 1726 1647 1685
f 1685 1647 1646
f 1728 1554 1727
f 1727 1554 1553
f 1591 1687 1600
f 1600 1687 1686
f 1730 1595 1729
f 1729 1595 1594
f 1601 1605 1731
f 1731 1605 1604
f 1733 1663 1732
f 1732 1663 1734
f 1736 1639 1735
f 1735 1639 1675
f 1658 1644 1737
f 1737 1644 1645
f 1726 1662 1724
f 1724 1662 1631
f 1399 1738 1675
f 1675 1738 1735
f 1621 1667 1739
f 1739 1667 1619
f 1714 1740 1620
f 1620 1740 1741
f 1592 1549 1593
f 1593 1549 1742
f 1602 1571 1603
f 1603 1571 1550
f 1688 1690 1689
f 1689 1690 1722
f 1588 1559 1582
f 1582 1559 1579
f 1673 1735 1385
f 1385 1735 1738
f 1387 1232 1672
f 1672 1232 1669
f 1580 1692 1573
f 1573 1692 1743
f 1377 1683 1378
f 1378 1683 1711
f 1664 1666 1744
f 1744 1666 1745
f 1744 1696 1664
f 1664 1696 1695
f 1746 1747 1732
f 1732 1747 1748
f 1749 1750 1677
f 1677 1750 1678
f 1709 1708 1750
f 1750 1708 1678
f 1668 1632 1669
f 1669 1632 1672
f 1633 1746 1734
f 1734 1746 1732
f 1679 1678 1717
f 1717 1678 1708
f 789 627 1717
f 1717 627 1679
f 1563 1723 1564
f 1564 1723 1722
f 1728 1584 1751
f 1751 1584 1583
f 1674 1676 1396
f 1396 1676 630
f 1666 1566 1745
f 1745 1566 1565
f 1627 1629 1645
f 1645 1629 1628
f 1637 1749 1638
f 1638 1749 1677
f 1648 1665 1649
f 1649 1665 1752
f 1740 1642 1741
f 1741 1642 1657
f 1676 1674 1677
f 1677 1674 1638
f 1683 1682 1711
f 1711 1682 1712
f 1618 1753 1619
f 1619 1753 1739
f 1701 1739 1702
f 1702 1739 1753
f 1754 1214 1756
f 1756 1214 1755
f 647 1757 619
f 619 1757 941
f 1759 1193 1758
f 1758 1193 691
f 1419 1760 1420
f 1420 1760 1761
f 682 1762 683
f 683 1762 1763
f 1412 780 1413
f 1413 780 1384
f 1383 1398 1384
f 1384 1398 1413
f 1197 1424 1764
f 1764 1424 1423
f 1537 1287 1538
f 1538 1287 1286
f 1634 1684 1635
f 1635 1684 1736
f 1724 1631 1725
f 1725 1631 1630
f 1562 1730 1610
f 1610 1730 1729
f 1735 1673 1736
f 1736 1673 1635
f 1757 1195 941
f 941 1195 1194
f 1766 200 1765
f 1765 200 199
f 475 500 476
f 476 500 479
f 498 558 483
f 483 558 487
f 545 551 546
f 546 551 550
f 453 1281 219
f 219 1281 1314
f 298 453 208
f 208 453 219
f 368 1765 1767
f 1767 1765 199
f 523 405 363
f 363 405 404
f 523 533 405
f 405 533 402
f 298 208 299
f 299 208 207
f 299 207 176
f 176 207 300
f 176 300 173
f 173 300 202
f 173 202 174
f 174 202 201
f 1337 918 1768
f 1768 918 1336
f 1769 1770 1338
f 1338 1770 859
f 581 570 578
f 578 570 1771
f 555 562 580
f 580 562 561
f 504 1772 501
f 501 1772 548
f 517 542 584
f 584 542 543
f 515 514 516
f 516 514 544
f 542 517 544
f 544 517 516
f 561 575 580
f 580 575 581
f 575 569 581
f 581 569 570
f 501 548 1773
f 1773 548 547
f 1774 1775 570
f 570 1775 1771
f 369 368 1776
f 1776 368 1767
f 372 369 375
f 375 369 1776
f 822 1280 1308
f 1308 1280 1320
f 820 1281 822
f 822 1281 1280
f 818 1314 820
f 820 1314 1281
f 1314 818 1313
f 1313 818 804
f 807 814 825
f 825 814 826
f 814 813 826
f 826 813 827
f 813 1220 827
f 827 1220 828
f 580 579 555
f 555 579 547
f 1477 1540 872
f 872 1540 840
f 367 499 368
f 368 499 1765
f 1766 1765 525
f 525 1765 499
f 1777 1766 526
f 526 1766 525
f 520 527 362
f 362 527 384
f 361 1778 519
f 519 1778 528
f 371 1779 372
f 372 1779 369
f 369 1779 370
f 370 1779 478
f 1779 371 478
f 478 371 374
f 1778 1777 528
f 528 1777 526
f 1781 1782 1780
f 1780 1782 1783
f 431 460 67
f 67 460 64
f 68 338 74
f 74 338 72
f 1785 1782 1784
f 1784 1782 1786
f 1787 1788 1790
f 1790 1788 1789
f 1792 1789 1791
f 1791 1789 1793
f 1791 1794 1792
f 1792 1794 1795
f 1794 1796 1795
f 1795 1796 1797
f 1797 1798 938
f 938 1798 868
f 1798 1799 868
f 868 1799 869
f 1801 1802 1800
f 1800 1802 1451
f 1803 1804 1205
f 1205 1804 1206
f 1805 1806 864
f 864 1806 865
f 1806 1807 865
f 865 1807 1808
f 68 71 338
f 287 328 288
f 1320 1321 1308
f 1308 1321 1309
f 1320 441 1321
f 1321 441 217
f 441 152 217
f 217 152 218
f 151 286 152
f 152 286 218
f 297 310 151
f 151 310 286
f 296 307 297
f 297 307 310
f 296 143 307
f 307 143 284
f 143 56 284
f 284 56 104
f 56 59 104
f 104 59 63
f 59 102 63
f 63 102 60
f 102 94 60
f 60 94 282
f 93 459 279
f 279 459 77
f 459 460 77
f 77 460 78
f 460 431 78
f 78 431 295
f 431 49 295
f 295 49 292
f 48 421 49
f 49 421 292
f 276 278 418
f 418 278 429
f 317 432 278
f 278 432 429
f 432 317 433
f 433 317 316
f 326 324 316
f 316 324 433
f 1536 592 1809
f 1809 592 591
f 1810 744 1812
f 1812 744 1811
f 1814 1815 1813
f 1813 1815 1816
f 1817 748 1818
f 1818 748 747
f 1812 1819 1810
f 1810 1819 1817
f 1820 1821 748
f 748 1821 749
f 1823 1824 1822
f 1822 1824 1825
f 1827 1828 1826
f 1826 1828 1829
f 1831 1832 1830
f 1830 1832 1833
f 1834 1827 1243
f 1243 1827 1826
f 1313 804 825
f 825 804 807
f 1835 1253 1236
f 1236 1253 1237
f 1836 1837 1438
f 1438 1837 1435
f 1838 1505 1840
f 1840 1505 1839
f 1841 1842 716
f 716 1842 713
f 1843 1844 1510
f 1510 1844 1845
f 1847 1848 1846
f 1846 1848 1849
f 1850 1240 1822
f 1822 1240 1239
f 636 1831 637
f 637 1831 1830
f 1852 1853 1851
f 1851 1853 1854
f 1855 1856 1858
f 1858 1856 1857
f 1846 1849 1859
f 1859 1849 1860
f 1343 1401 1509
f 1509 1401 1861
f 1509 1861 635
f 635 1861 636
f 1863 1864 1862
f 1862 1864 1865
f 1283 1503 1867
f 1867 1503 1866
f 1868 1867 681
f 681 1867 682
f 1286 1285 683
f 683 1285 684
f 757 756 1274
f 1274 756 1869
f 1274 1869 717
f 717 1869 718
f 1434 1433 719
f 719 1433 720
f 1200 1538 1545
f 1545 1538 1763
f 1285 1289 684
f 684 1289 1273
f 684 1273 681
f 681 1273 1272
f 785 1283 1868
f 1868 1283 1867
f 786 785 1870
f 1870 785 1868
f 1289 757 1273
f 1273 757 1274
f 1539 1416 1871
f 1871 1416 1872
f 773 1871 1403
f 1403 1871 1404
f 675 674 1405
f 1405 674 1402
f 1864 1873 1865
f 1865 1873 1874
f 638 1843 635
f 635 1843 1510
f 1344 1343 1511
f 1511 1343 1509
f 772 1539 773
f 773 1539 1871
f 674 1200 1402
f 1402 1200 1545
f 1538 1286 1763
f 1763 1286 683
f 1444 1443 1875
f 1875 1443 1876
f 1875 1876 1831
f 1831 1876 1832
f 1416 1344 1872
f 1872 1344 1511
f 1877 1878 774
f 774 1878 1879
f 1878 1847 1879
f 1879 1847 1846
f 1880 714 1881
f 1881 714 1848
f 1401 1444 1861
f 1861 1444 1875
f 1861 1875 636
f 636 1875 1831
f 1823 1863 1882
f 1882 1863 1862
f 1441 1440 1884
f 1884 1440 1883
f 1883 1852 1884
f 1884 1852 1851
f 1886 1887 1885
f 1885 1887 1888
f 1358 1889 1359
f 1359 1889 1890
f 1891 1886 1892
f 1892 1886 1885
f 774 1879 775
f 775 1879 1893
f 1859 1893 1846
f 1846 1893 1879
f 713 1842 1849
f 1849 1842 1860
f 1318 1895 1894
f 1894 1895 1896
f 1873 1897 1874
f 1874 1897 1898
f 1898 605 1899
f 1899 605 675
f 1405 1844 675
f 675 1844 1899
f 1404 1845 1405
f 1405 1845 1844
f 593 1296 591
f 591 1296 1809
f 1295 1292 1900
f 1900 1292 1895
f 606 1897 1291
f 1291 1897 1896
f 1510 1845 1511
f 1511 1845 1872
f 1871 1872 1404
f 1404 1872 1845
f 1866 770 1762
f 1762 770 1546
f 1762 682 1866
f 1866 682 1867
f 1870 1868 1272
f 1272 1868 681
f 1272 717 1870
f 1870 717 720
f 1870 720 786
f 786 720 1433
f 786 1433 787
f 787 1433 1432
f 1261 1414 1432
f 1432 1414 787
f 1389 1234 1260
f 1260 1234 1415
f 1719 1670 1388
f 1388 1670 1235
f 1718 1671 1719
f 1719 1671 1670
f 1705 1747 1718
f 1718 1747 1671
f 1659 1901 1704
f 1704 1901 1748
f 1877 1903 1902
f 1902 1903 1904
f 1259 1905 1390
f 1390 1905 1394
f 1715 1720 1393
f 1393 1720 1391
f 1716 1721 1715
f 1715 1721 1720
f 1698 1706 1716
f 1716 1706 1721
f 277 276 47
f 47 276 48
f 84 96 81
f 81 96 82
f 80 70 81
f 81 70 85
f 99 97 88
f 88 97 89
f 90 100 88
f 88 100 99
f 101 95 102
f 102 95 94
f 1906 1907 280
f 280 1907 281
f 97 86 89
f 89 86 85
f 60 282 61
f 61 282 281
f 83 82 46
f 46 82 47
f 293 292 420
f 420 292 421
f 419 1908 420
f 420 1908 1909
f 92 95 91
f 91 95 90
f 279 282 93
f 93 282 94
f 276 418 48
f 48 418 421
f 1910 1660 1697
f 1697 1660 1707
f 1703 1624 1700
f 1700 1624 1644
f 1622 1910 1623
f 1623 1910 1697
f 1701 1700 1911
f 1911 1700 1661
f 1700 1644 1661
f 1661 1644 1658
f 1901 1737 1733
f 1733 1737 1645
f 1625 1912 1604
f 1604 1912 1731
f 1912 1913 1731
f 1731 1913 1914
f 1913 1577 1914
f 1914 1577 1572
f 1915 1578 1616
f 1616 1578 1618
f 1915 1916 1598
f 1598 1916 1743
f 1916 1574 1743
f 1743 1574 1573
f 1575 1917 1576
f 1576 1917 1597
f 1917 1609 1597
f 1597 1609 1594
f 1608 1611 1729
f 1729 1611 1610
f 1918 1612 1629
f 1629 1612 1630
f 1626 1918 1627
f 1627 1918 1629
f 1920 1921 1919
f 1919 1921 1922
f 1920 1924 1923
f 1923 1924 1925
f 1926 1927 1924
f 1924 1927 1925
f 1929 1930 1928
f 1928 1930 1931
f 1932 1933 1935
f 1935 1933 1934
f 1937 1938 1936
f 1936 1938 1939
f 1941 1942 1940
f 1940 1942 1943
f 1941 1945 1944
f 1944 1945 1946
f 1947 1948 1694
f 1694 1948 1949
f 1950 1951 1953
f 1953 1951 1952
f 1955 1956 1954
f 1954 1956 1589
f 1958 1956 1957
f 1957 1956 1932
f 1960 1934 1959
f 1959 1934 1933
f 1962 1963 1961
f 1961 1963 1964
f 1965 1955 1751
f 1751 1955 1954
f 1935 1930 1932
f 1932 1930 1957
f 1951 1950 1926
f 1926 1950 1929
f 1966 1967 1593
f 1593 1967 1590
f 1969 1967 1968
f 1968 1967 1964
f 1962 1921 1970
f 1970 1921 1971
f 1963 1945 1964
f 1964 1945 1968
f 1972 1948 1922
f 1922 1948 1919
f 1966 1972 1961
f 1961 1972 1922
f 1958 1953 1587
f 1587 1953 1560
f 1974 1975 1973
f 1973 1975 1976
f 1978 1979 1977
f 1977 1979 1691
f 1979 1975 1691
f 1691 1975 1586
f 1938 1942 1939
f 1939 1942 1980
f 1952 1947 1557
f 1557 1947 1694
f 1969 1978 1981
f 1981 1978 1977
f 1983 1984 1982
f 1982 1984 1985
f 1986 1987 1989
f 1989 1987 1988
f 1990 1991 1983
f 1983 1991 1984
f 1990 1993 1992
f 1992 1993 1994
f 1995 1996 1994
f 1994 1996 1997
f 1999 2000 1998
f 1998 2000 2001
f 2003 2004 2002
f 2002 2004 2005
f 2007 2008 2006
f 2006 2008 2009
f 2011 2012 2010
f 2010 2012 2013
f 2014 2015 2017
f 2017 2015 2016
f 2018 2019 2021
f 2021 2019 2020
f 2022 1989 2024
f 2024 1989 2023
f 1989 1988 2023
f 2023 1988 2025
f 2026 2027 2017
f 2017 2027 2014
f 2029 2030 2028
f 2028 2030 2031
f 2033 2034 2032
f 2032 2034 2035
f 2032 2035 2036
f 2036 2035 2037
f 2039 2040 2038
f 2038 2040 2041
f 1982 2042 1983
f 1983 2042 2043
f 2045 2046 2044
f 2044 2046 2047
f 2049 2050 2048
f 2048 2050 2051
f 2053 2054 2052
f 2052 2054 2055
f 2057 2058 2056
f 2056 2058 2059
f 2060 2061 2033
f 2033 2061 2034
f 2063 2064 2062
f 2062 2064 2065
f 2066 2035 2067
f 2067 2035 2034
f 2069 2039 2068
f 2068 2039 2038
f 2025 2070 2023
f 2023 2070 2071
f 2072 2024 2071
f 2071 2024 2023
f 2074 2020 2073
f 2073 2020 2019
f 2050 2049 2047
f 2047 2049 2075
f 1983 2043 1990
f 1990 2043 1993
f 2006 2050 2007
f 2007 2050 2076
f 2050 2006 2051
f 2051 2006 2077
f 2079 2080 2078
f 2078 2080 2081
f 2082 2083 2085
f 2085 2083 2084
f 2010 2013 2086
f 2086 2013 2087
f 2089 2033 2088
f 2088 2033 2032
f 2090 2060 2089
f 2089 2060 2033
f 2092 2093 2091
f 2091 2093 2094
f 2096 1986 2095
f 2095 1986 2097
f 2097 1986 2022
f 2022 1986 1989
f 2015 2094 2016
f 2016 2094 2098
f 2016 2098 2100
f 2100 2098 2099
f 2017 2016 2101
f 2101 2016 2100
f 2017 2101 2026
f 2026 2101 2102
f 2100 2099 2104
f 2104 2099 2103
f 2104 2105 2100
f 2100 2105 2101
f 2105 2106 2101
f 2101 2106 2102
f 2108 2061 2107
f 2107 2061 2109
f 2111 2112 2110
f 2110 2112 2020
f 2020 2074 2110
f 2110 2074 2113
f 2115 2116 2114
f 2114 2116 2117
f 2118 2119 1995
f 1995 2119 2120
f 2121 2122 2027
f 2027 2122 2014
f 2047 2075 2044
f 2044 2075 2123
f 2124 2125 2127
f 2127 2125 2126
f 2129 2130 2128
f 2128 2130 2131
f 2132 2133 2057
f 2057 2133 2058
f 2134 1999 2136
f 2136 1999 2135
f 2055 2138 2137
f 2137 2138 2139
f 2141 2142 2140
f 2140 2142 2143
f 2083 2082 2064
f 2064 2082 2065
f 2082 2144 2065
f 2065 2144 2145
f 2040 2146 2041
f 2041 2146 2147
f 2060 2090 2148
f 2148 2090 2149
f 2048 2051 2137
f 2137 2051 2150
f 2151 1997 2135
f 2135 1997 1996
f 2152 2150 2077
f 2077 2150 2051
f 2046 2045 2118
f 2118 2045 2119
f 2154 2155 2153
f 2153 2155 2156
f 2158 2159 2157
f 2157 2159 2160
f 2162 2163 2161
f 2161 2163 2164
f 2164 2163 2165
f 2165 2163 2166
f 2168 2169 2167
f 2167 2169 2170
f 2003 2172 2171
f 2171 2172 2173
f 2174 2175 2002
f 2002 2175 2176
f 2145 2177 2065
f 2065 2177 2062
f 2178 2179 2180
f 2180 2179 2134
f 2181 2052 2152
f 2152 2052 2150
f 2040 2127 2146
f 2146 2127 2182
f 2130 2162 2131
f 2131 2162 2161
f 2052 2055 2150
f 2150 2055 2137
f 2184 2185 2183
f 2183 2185 2186
f 2159 2030 2160
f 2160 2030 2187
f 2146 2182 2029
f 2029 2182 2188
f 2189 2190 2192
f 2192 2190 2191
f 2172 2003 2176
f 2176 2003 2002
f 1998 2151 1999
f 1999 2151 2135
f 2177 2172 2062
f 2062 2172 2176
f 2172 2177 2173
f 2173 2177 2193
f 2063 2194 2064
f 2064 2194 2195
f 2066 2197 2196
f 2196 2197 2198
f 2002 2005 2174
f 2174 2005 2199
f 2004 2003 2200
f 2200 2003 2171
f 2198 2201 2171
f 2171 2201 2200
f 2197 2202 2198
f 2198 2202 2201
f 2202 2197 2203
f 2203 2197 2204
f 2196 2198 2173
f 2173 2198 2171
f 2205 2069 2170
f 2170 2069 2206
f 2197 2066 2204
f 2204 2066 2067
f 2107 2207 2108
f 2108 2207 2208
f 2210 2208 2209
f 2209 2208 2207
f 2185 2211 2212
f 2213 2214 2211
f 2211 2214 2212
f 1998 2001 2213
f 2213 2001 2214
f 2134 2215 1999
f 1999 2215 2000
f 2216 2217 2219
f 2219 2217 2218
f 2206 2220 2170
f 2170 2220 2167
f 2069 2068 2206
f 2206 2068 2221
f 2151 1998 2222
f 2222 1998 2213
f 2124 2039 2205
f 2205 2039 2069
f 2142 2223 2143
f 2143 2223 2128
f 2203 2186 2202
f 2202 2186 2185
f 2185 2184 2211
f 2211 2184 2224
f 2224 2225 2222
f 2222 2225 2226
f 2071 2227 2072
f 2072 2227 2228
f 2229 2074 2230
f 2230 2074 2073
f 2074 2229 2113
f 2113 2229 2231
f 2232 2225 2227
f 2227 2225 2224
f 2233 2234 2031
f 2031 2234 2028
f 2236 2231 2235
f 2235 2231 2229
f 2230 2183 2229
f 2229 2183 2235
f 2237 1987 2096
f 2096 1987 1986
f 2152 2238 2181
f 2181 2238 2239
f 2080 2240 2081
f 2081 2240 2241
f 2236 2242 1971
f 1971 2242 1970
f 1925 2113 1923
f 1923 2113 2231
f 2110 1927 2111
f 2111 1927 1928
f 2103 2111 1931
f 1931 2111 1928
f 1931 2243 2103
f 2103 2243 2104
f 2105 2104 2244
f 2244 2104 2243
f 1939 1980 2148
f 2148 1980 2109
f 1980 1944 2109
f 2109 1944 2107
f 1946 2245 2207
f 2207 2245 2209
f 2245 1970 2209
f 2209 1970 2242
f 2231 2236 1923
f 1923 2236 1971
f 2113 1925 2110
f 2110 1925 1927
f 2234 2246 2028
f 2028 2246 2147
f 2247 2248 2058
f 2058 2248 2059
f 2114 2117 2249
f 2249 2117 2250
f 2252 2253 2251
f 2251 2253 2254
f 2094 2015 2091
f 2091 2015 2255
f 2256 2255 2014
f 2014 2255 2015
f 2257 2145 2258
f 2258 2145 2144
f 2131 2161 2123
f 2123 2161 2044
f 2045 2044 2164
f 2164 2044 2161
f 2045 2164 2119
f 2119 2164 2165
f 2259 2120 2165
f 2165 2120 2119
f 2260 2261 2259
f 2259 2261 2120
f 2205 2262 2124
f 2124 2262 2125
f 2180 2263 2178
f 2178 2263 2264
f 2265 2266 2092
f 2092 2266 2093
f 1992 2267 2268
f 2184 2228 2224
f 2224 2228 2227
f 2048 2269 2049
f 2049 2269 2141
f 2129 2168 2157
f 2157 2168 2167
f 2049 2141 2075
f 2075 2141 2140
f 2199 2215 2270
f 2270 2215 2271
f 2142 2141 2272
f 2272 2141 2269
f 2089 2026 2090
f 2090 2026 2102
f 2146 2029 2147
f 2147 2029 2028
f 2111 2103 2112
f 2112 2103 2099
f 2061 2060 2109
f 2109 2060 2148
f 2273 2274 2041
f 2041 2274 2038
f 2260 2275 2261
f 2261 2275 2136
f 2057 2138 2132
f 2132 2138 2276
f 2272 2269 2056
f 2056 2269 2139
f 2277 2278 2270
f 2270 2278 2199
f 2029 2188 2030
f 2030 2188 2187
f 2040 2039 2127
f 2127 2039 2124
f 2064 2195 2083
f 2083 2195 2279
f 2056 2139 2057
f 2057 2139 2138
f 2278 2277 2247
f 2247 2277 2248
f 2062 2176 2063
f 2063 2176 2175
f 2280 2210 2242
f 2242 2210 2209
f 2282 2233 2281
f 2281 2233 2031
f 2216 2219 2283
f 2283 2219 2221
f 2158 2220 2218
f 2218 2220 2219
f 2217 2282 2218
f 2218 2282 2281
f 2220 2158 2167
f 2167 2158 2157
f 2223 2264 2128
f 2128 2264 2263
f 2261 1996 2120
f 2120 1996 1995
f 2213 2211 2222
f 2222 2211 2224
f 2283 2221 2284
f 2284 2221 2068
f 2135 1996 2136
f 2136 1996 2261
f 2144 2081 2258
f 2258 2081 2241
f 2235 2280 2236
f 2236 2280 2242
f 2246 2273 2147
f 2147 2273 2041
f 2036 2285 2032
f 2032 2285 2088
f 2077 2286 2152
f 2152 2286 2238
f 1937 1960 1973
f 1973 1960 1959
f 2070 2232 2071
f 2071 2232 2227
f 2244 2287 2105
f 2105 2287 2106
f 1936 1939 2149
f 2149 1939 2148
f 1944 1946 2107
f 2107 1946 2207
f 2285 2121 2088
f 2088 2121 2027
f 2253 2249 2254
f 2254 2249 2250
f 2006 2009 2077
f 2077 2009 2286
f 2289 2086 2288
f 2288 2086 2087
f 2223 2142 2290
f 2290 2142 2272
f 2128 2131 2143
f 2143 2131 2123
f 2156 2291 2153
f 2153 2291 2175
f 2292 2293 2278
f 2278 2293 2294
f 2075 2140 2123
f 2123 2140 2143
f 2262 2169 2275
f 2275 2169 2180
f 2275 2180 2136
f 2136 2180 2134
f 2274 2284 2038
f 2038 2284 2068
f 2127 2126 2182
f 2182 2126 2166
f 2094 2093 2098
f 2098 2093 2021
f 2098 2021 2099
f 2099 2021 2112
f 2018 2021 2266
f 2266 2021 2093
f 2251 2289 2252
f 2252 2289 2288
f 1997 2151 2226
f 2226 2151 2222
f 2206 2221 2220
f 2220 2221 2219
f 2269 2048 2139
f 2139 2048 2137
f 2159 2158 2281
f 2281 2158 2218
f 2156 2155 2190
f 2190 2155 2191
f 1974 1965 1583
f 1583 1965 1751
f 2088 2027 2089
f 2089 2027 2026
f 2030 2159 2031
f 2031 2159 2281
f 2106 2149 2102
f 2102 2149 2090
f 2287 1936 2106
f 2106 1936 2149
f 2293 2154 2294
f 2294 2154 2153
f 2021 2020 2112
f 2247 2295 2278
f 2278 2295 2292
f 2284 2296 2283
f 2283 2296 2297
f 2298 2296 2274
f 2274 2296 2284
f 2273 2299 2274
f 2274 2299 2298
f 2246 2300 2273
f 2273 2300 2299
f 2283 2297 2216
f 2216 2297 2301
f 2216 2301 2217
f 2217 2301 2302
f 2302 2303 2217
f 2217 2303 2282
f 2304 2301 2305
f 2305 2301 2297
f 2307 2308 2306
f 2306 2308 2309
f 2306 2310 2307
f 2307 2310 2311
f 2307 2312 2308
f 2308 2312 2313
f 2314 2315 2312
f 2312 2315 2316
f 2316 2317 2312
f 2312 2317 2313
f 2317 2305 2313
f 2313 2305 2318
f 2314 2312 2311
f 2311 2312 2307
f 2319 2320 2322
f 2322 2320 2321
f 2322 2311 2319
f 2319 2311 2310
f 2313 2318 2308
f 2308 2318 2309
f 2296 2298 2318
f 2318 2298 2309
f 2309 2298 2323
f 2323 2298 2299
f 2306 2309 2324
f 2324 2309 2323
f 2310 2306 2325
f 2325 2306 2324
f 2296 2318 2297
f 2297 2318 2305
f 2319 2310 2326
f 2326 2310 2325
f 2328 2325 2327
f 2327 2325 2324
f 2325 2328 2326
f 2326 2328 2329
f 2331 2328 2330
f 2330 2328 2327
f 2332 2333 2327
f 2327 2333 2330
f 2328 2331 2329
f 2329 2331 2334
f 2324 2323 2327
f 2327 2323 2332
f 2300 2332 2299
f 2299 2332 2323
f 2326 2335 2319
f 2319 2335 2320
f 2305 2317 2336
f 2336 2317 2316
f 2336 2316 2337
f 2337 2316 2315
f 2338 2304 2336
f 2336 2304 2305
f 2337 2339 2336
f 2336 2339 2338
f 2337 2315 2341
f 2341 2315 2340
f 2342 2300 2234
f 2234 2300 2246
f 2303 2343 2282
f 2282 2343 2233
f 2234 2233 2342
f 2342 2233 2343
f 2342 2343 2333
f 2333 2343 2344
f 2333 2344 2330
f 2330 2344 2345
f 2346 2344 2303
f 2303 2344 2343
f 2332 2300 2333
f 2333 2300 2342
f 2347 2346 2302
f 2302 2346 2303
f 2301 2304 2302
f 2302 2304 2347
f 2304 2338 2347
f 2347 2338 2348
f 2348 2349 2347
f 2347 2349 2346
f 2350 2351 2348
f 2348 2351 2349
f 2349 2345 2346
f 2346 2345 2344
f 2345 2349 2352
f 2352 2349 2351
f 2338 2339 2348
f 2348 2339 2350
f 2350 2339 2353
f 2353 2339 2354
f 2356 2357 2355
f 2355 2357 2353
f 2351 2350 2357
f 2357 2350 2353
f 2353 2354 2355
f 2355 2354 2335
f 2320 2335 2341
f 2341 2335 2354
f 2339 2337 2354
f 2354 2337 2341
f 2352 2331 2345
f 2345 2331 2330
f 2356 2334 2352
f 2352 2334 2331
f 2356 2352 2357
f 2357 2352 2351
f 2355 2329 2356
f 2356 2329 2334
f 2335 2326 2355
f 2355 2326 2329
f 2321 2314 2322
f 2322 2314 2311
f 2321 2320 2340
f 2340 2320 2341
f 2315 2314 2340
f 2340 2314 2321
f 2125 2260 2126
f 2126 2260 2259
f 2157 2160 2129
f 2129 2160 2130
f 2188 2163 2187
f 2187 2163 2162
f 2182 2166 2188
f 2188 2166 2163
f 2180 2169 2263
f 2263 2169 2168
f 2160 2187 2130
f 2130 2187 2162
f 2275 2260 2262
f 2262 2260 2125
f 2128 2263 2129
f 2129 2263 2168
f 2262 2205 2169
f 2169 2205 2170
f 2165 2166 2259
f 2259 2166 2126
f 2359 2360 2358
f 2358 2360 2361
f 2363 2364 2362
f 2362 2364 2365
f 2367 2363 2366
f 2366 2363 2362
f 2368 2369 2371
f 2371 2369 2370
f 2372 2373 2248
f 2248 2373 2059
f 2364 2374 2365
f 2365 2374 2375
f 2377 2378 2376
f 2376 2378 2379
f 2290 2380 2223
f 2223 2380 2381
f 2223 2381 2264
f 2264 2381 2382
f 2384 2385 2383
f 2383 2385 2386
f 2364 2371 2374
f 2374 2371 2387
f 2059 2373 2290
f 2290 2373 2380
f 2378 2360 2379
f 2379 2360 2388
f 2374 2387 2359
f 2359 2387 2389
f 2390 2367 2386
f 2386 2367 2391
f 2393 2394 2392
f 2392 2394 2395
f 2386 2391 2383
f 2383 2391 2396
f 2367 2366 2391
f 2391 2366 2397
f 2363 2367 2368
f 2368 2367 2390
f 2398 2399 2361
f 2361 2399 2358
f 2399 2400 2358
f 2358 2400 2375
f 2390 2401 2368
f 2368 2401 2369
f 2372 2384 2376
f 2376 2384 2383
f 2374 2359 2375
f 2375 2359 2358
f 2402 2403 2365
f 2365 2403 2362
f 2359 2389 2360
f 2360 2389 2388
f 2364 2363 2371
f 2371 2363 2368
f 2405 2398 2404
f 2404 2398 2361
f 2392 2395 2406
f 2406 2395 2397
f 2377 2396 2394
f 2394 2396 2395
f 2394 2393 2404
f 2404 2393 2405
f 2396 2377 2383
f 2383 2377 2376
f 2406 2397 2407
f 2407 2397 2366
f 2400 2402 2375
f 2375 2402 2365
f 2385 2270 2401
f 2401 2270 2271
f 2403 2407 2362
f 2362 2407 2366
f 2371 2370 2387
f 2387 2370 2382
f 2391 2397 2396
f 2396 2397 2395
f 2378 2377 2404
f 2404 2377 2394
f 2360 2378 2361
f 2361 2378 2404
f 2407 2408 2406
f 2406 2408 2409
f 2410 2408 2403
f 2403 2408 2407
f 2411 2410 2402
f 2402 2410 2403
f 2412 2411 2400
f 2400 2411 2402
f 2406 2409 2392
f 2392 2409 2413
f 2392 2413 2393
f 2393 2413 2414
f 2415 2405 2414
f 2414 2405 2393
f 2416 2413 2417
f 2417 2413 2409
f 2419 2420 2418
f 2418 2420 2421
f 2420 2422 2421
f 2421 2422 2423
f 2420 2424 2422
f 2422 2424 2425
f 2426 2427 2424
f 2424 2427 2428
f 2428 2429 2424
f 2424 2429 2425
f 2426 2424 2419
f 2419 2424 2420
f 2419 2418 2431
f 2431 2418 2430
f 2425 2432 2422
f 2422 2432 2423
f 2408 2410 2432
f 2432 2410 2423
f 2423 2410 2433
f 2433 2410 2411
f 2421 2423 2434
f 2434 2423 2433
f 2435 2418 2434
f 2434 2418 2421
f 2429 2417 2425
f 2425 2417 2432
f 2408 2432 2409
f 2409 2432 2417
f 2418 2435 2430
f 2430 2435 2436
f 2438 2435 2437
f 2437 2435 2434
f 2435 2438 2436
f 2436 2438 2439
f 2441 2438 2440
f 2440 2438 2437
f 2442 2443 2437
f 2437 2443 2440
f 2439 2438 2444
f 2444 2438 2441
f 2433 2442 2434
f 2434 2442 2437
f 2412 2442 2411
f 2411 2442 2433
f 2436 2445 2430
f 2430 2445 2446
f 2430 2446 2431
f 2431 2446 2447
f 2417 2429 2448
f 2448 2429 2428
f 2427 2449 2428
f 2428 2449 2448
f 2450 2416 2448
f 2448 2416 2417
f 2451 2450 2449
f 2449 2450 2448
f 2427 2452 2449
f 2449 2452 2453
f 2447 2446 2452
f 2452 2446 2453
f 2454 2412 2399
f 2399 2412 2400
f 2415 2455 2405
f 2405 2455 2398
f 2399 2398 2454
f 2454 2398 2455
f 2454 2455 2443
f 2443 2455 2456
f 2443 2456 2440
f 2440 2456 2457
f 2458 2456 2415
f 2415 2456 2455
f 2443 2442 2454
f 2454 2442 2412
f 2459 2458 2414
f 2414 2458 2415
f 2413 2416 2414
f 2414 2416 2459
f 2459 2416 2460
f 2460 2416 2450
f 2460 2461 2459
f 2459 2461 2458
f 2462 2463 2460
f 2460 2463 2461
f 2461 2457 2458
f 2458 2457 2456
f 2457 2461 2464
f 2464 2461 2463
f 2451 2462 2450
f 2450 2462 2460
f 2462 2451 2465
f 2465 2451 2466
f 2468 2469 2467
f 2467 2469 2465
f 2463 2462 2469
f 2469 2462 2465
f 2465 2466 2467
f 2467 2466 2445
f 2446 2445 2453
f 2453 2445 2466
f 2451 2449 2466
f 2466 2449 2453
f 2464 2441 2457
f 2457 2441 2440
f 2468 2444 2464
f 2464 2444 2441
f 2468 2464 2469
f 2469 2464 2463
f 2467 2439 2468
f 2468 2439 2444
f 2445 2436 2467
f 2467 2436 2439
f 2447 2426 2431
f 2431 2426 2419
f 2427 2426 2452
f 2452 2426 2447
f 2369 2179 2370
f 2370 2179 2178
f 2376 2379 2372
f 2372 2379 2373
f 2389 2381 2388
f 2388 2381 2380
f 2387 2382 2389
f 2389 2382 2381
f 2270 2385 2277
f 2277 2385 2384
f 2379 2388 2373
f 2373 2388 2380
f 2401 2271 2369
f 2369 2271 2179
f 2248 2277 2372
f 2372 2277 2384
f 2401 2390 2385
f 2385 2390 2386
f 2264 2382 2178
f 2178 2382 2370
f 2215 2134 2271
f 2271 2134 2179
f 2005 2000 2199
f 2199 2000 2215
f 2004 2001 2005
f 2005 2001 2000
f 2200 2214 2004
f 2004 2214 2001
f 2470 2471 2473
f 2473 2471 2472
f 2475 2476 2474
f 2474 2476 2477
f 2479 2475 2478
f 2478 2475 2474
f 2481 2482 2480
f 2480 2482 2483
f 2476 2484 2477
f 2477 2484 2485
f 2487 2488 2486
f 2486 2488 2489
f 2133 2490 2058
f 2058 2490 2491
f 2058 2491 2247
f 2247 2491 2492
f 2494 2495 2493
f 2493 2495 2496
f 2476 2483 2484
f 2484 2483 2497
f 2472 2498 2488
f 2488 2498 2489
f 2484 2497 2471
f 2471 2497 2499
f 2500 2479 2496
f 2496 2479 2501
f 2502 2503 2505
f 2505 2503 2504
f 2496 2501 2493
f 2493 2501 2506
f 2479 2478 2501
f 2501 2478 2507
f 2475 2479 2480
f 2480 2479 2500
f 2508 2509 2473
f 2473 2509 2470
f 2509 2510 2470
f 2470 2510 2485
f 2511 2481 2500
f 2500 2481 2480
f 2512 2494 2486
f 2486 2494 2493
f 2485 2484 2470
f 2470 2484 2471
f 2513 2514 2477
f 2477 2514 2474
f 2471 2499 2472
f 2472 2499 2498
f 2476 2475 2483
f 2483 2475 2480
f 2516 2508 2515
f 2515 2508 2473
f 2502 2505 2517
f 2517 2505 2507
f 2504 2487 2505
f 2505 2487 2506
f 2503 2516 2504
f 2504 2516 2515
f 2506 2487 2493
f 2493 2487 2486
f 2517 2507 2518
f 2518 2507 2478
f 2510 2513 2485
f 2485 2513 2477
f 2511 2495 2293
f 2293 2495 2154
f 2514 2518 2474
f 2474 2518 2478
f 2483 2482 2497
f 2497 2482 2492
f 2501 2507 2506
f 2506 2507 2505
f 2488 2487 2515
f 2515 2487 2504
f 2472 2488 2473
f 2473 2488 2515
f 2518 2519 2517
f 2517 2519 2520
f 2521 2519 2514
f 2514 2519 2518
f 2522 2521 2513
f 2513 2521 2514
f 2523 2522 2510
f 2510 2522 2513
f 2517 2520 2502
f 2502 2520 2524
f 2502 2524 2503
f 2503 2524 2525
f 2525 2526 2503
f 2503 2526 2516
f 2527 2524 2528
f 2528 2524 2520
f 2530 2531 2529
f 2529 2531 2532
f 2531 2533 2532
f 2532 2533 2534
f 2531 2535 2533
f 2533 2535 2536
f 2537 2538 2535
f 2535 2538 2539
f 2539 2540 2535
f 2535 2540 2536
f 2537 2535 2530
f 2530 2535 2531
f 2529 2541 2530
f 2530 2541 2542
f 2543 2534 2536
f 2536 2534 2533
f 2519 2521 2543
f 2543 2521 2534
f 2534 2521 2544
f 2544 2521 2522
f 2532 2534 2545
f 2545 2534 2544
f 2529 2532 2546
f 2546 2532 2545
f 2536 2540 2543
f 2543 2540 2528
f 2519 2543 2520
f 2520 2543 2528
f 2541 2529 2547
f 2547 2529 2546
f 2548 2549 2545
f 2545 2549 2546
f 2549 2550 2546
f 2546 2550 2547
f 2551 2552 2548
f 2548 2552 2549
f 2548 2553 2551
f 2551 2553 2554
f 2550 2549 2555
f 2555 2549 2552
f 2545 2544 2548
f 2548 2544 2553
f 2523 2553 2522
f 2522 2553 2544
f 2547 2556 2541
f 2541 2556 2557
f 2541 2557 2542
f 2542 2557 2558
f 2528 2540 2559
f 2559 2540 2539
f 2538 2560 2539
f 2539 2560 2559
f 2561 2527 2559
f 2559 2527 2528
f 2560 2562 2559
f 2559 2562 2561
f 2560 2538 2564
f 2564 2538 2563
f 2558 2557 2563
f 2563 2557 2564
f 2565 2523 2509
f 2509 2523 2510
f 2526 2566 2516
f 2516 2566 2508
f 2509 2508 2565
f 2565 2508 2566
f 2565 2566 2554
f 2554 2566 2567
f 2554 2567 2551
f 2551 2567 2568
f 2569 2567 2526
f 2526 2567 2566
f 2553 2523 2554
f 2554 2523 2565
f 2570 2569 2525
f 2525 2569 2526
f 2524 2527 2525
f 2525 2527 2570
f 2527 2561 2570
f 2570 2561 2571
f 2571 2572 2570
f 2570 2572 2569
f 2573 2574 2571
f 2571 2574 2572
f 2572 2568 2569
f 2569 2568 2567
f 2568 2572 2575
f 2575 2572 2574
f 2562 2573 2561
f 2561 2573 2571
f 2573 2562 2576
f 2576 2562 2577
f 2579 2580 2578
f 2578 2580 2576
f 2574 2573 2580
f 2580 2573 2576
f 2576 2577 2578
f 2578 2577 2556
f 2557 2556 2564
f 2564 2556 2577
f 2562 2560 2577
f 2577 2560 2564
f 2575 2552 2568
f 2568 2552 2551
f 2579 2555 2575
f 2575 2555 2552
f 2579 2575 2580
f 2580 2575 2574
f 2550 2555 2578
f 2578 2555 2579
f 2556 2547 2578
f 2578 2547 2550
f 2558 2537 2542
f 2542 2537 2530
f 2538 2537 2563
f 2563 2537 2558
f 2292 2295 2481
f 2481 2295 2482
f 2486 2489 2512
f 2512 2489 2581
f 2499 2491 2498
f 2498 2491 2490
f 2497 2492 2499
f 2499 2492 2491
f 2155 2154 2494
f 2494 2154 2495
f 2581 2489 2490
f 2490 2489 2498
f 2293 2292 2511
f 2511 2292 2481
f 2191 2155 2512
f 2512 2155 2494
f 2500 2496 2511
f 2511 2496 2495
f 2247 2492 2295
f 2295 2492 2482
f 2583 2584 2582
f 2582 2584 2585
f 2587 2588 2586
f 2586 2588 2589
f 2591 2587 2590
f 2590 2587 2586
f 2593 2594 2592
f 2592 2594 2595
f 2596 2597 2599
f 2599 2597 2598
f 2588 2600 2589
f 2589 2600 2601
f 2602 2603 2605
f 2605 2603 2604
f 2606 2607 2609
f 2609 2607 2608
f 2609 2608 2190
f 2190 2608 2610
f 2611 2612 2614
f 2614 2612 2613
f 2600 2588 2615
f 2615 2588 2595
f 2599 2598 2606
f 2606 2598 2607
f 2584 2616 2604
f 2604 2616 2605
f 2600 2615 2583
f 2583 2615 2617
f 2591 2619 2618
f 2618 2619 2614
f 2621 2622 2620
f 2620 2622 2623
f 2619 2624 2614
f 2614 2624 2611
f 2591 2590 2619
f 2619 2590 2625
f 2587 2591 2592
f 2592 2591 2618
f 2626 2627 2585
f 2585 2627 2582
f 2627 2628 2582
f 2582 2628 2601
f 2629 2593 2618
f 2618 2593 2592
f 2602 2597 2611
f 2611 2597 2612
f 2600 2583 2601
f 2601 2583 2582
f 2630 2631 2589
f 2589 2631 2586
f 2583 2617 2584
f 2584 2617 2616
f 2588 2587 2595
f 2595 2587 2592
f 2633 2626 2632
f 2632 2626 2585
f 2620 2623 2634
f 2634 2623 2625
f 2622 2603 2623
f 2623 2603 2624
f 2621 2633 2622
f 2622 2633 2632
f 2611 2624 2602
f 2602 2624 2603
f 2634 2625 2635
f 2635 2625 2590
f 2628 2630 2601
f 2601 2630 2589
f 2613 2195 2629
f 2629 2195 2194
f 2631 2635 2586
f 2586 2635 2590
f 2595 2594 2615
f 2615 2594 2610
f 2619 2625 2624
f 2624 2625 2623
f 2632 2604 2622
f 2622 2604 2603
f 2585 2584 2632
f 2632 2584 2604
f 2635 2636 2634
f 2634 2636 2637
f 2638 2636 2631
f 2631 2636 2635
f 2639 2638 2630
f 2630 2638 2631
f 2640 2639 2628
f 2628 2639 2630
f 2634 2637 2620
f 2620 2637 2641
f 2620 2641 2621
f 2621 2641 2642
f 2642 2643 2621
f 2621 2643 2633
f 2641 2637 2644
f 2644 2637 2645
f 2646 2647 2649
f 2649 2647 2648
f 2648 2650 2649
f 2649 2650 2651
f 2648 2652 2650
f 2650 2652 2653
f 2652 2654 2656
f 2656 2654 2655
f 2656 2657 2652
f 2652 2657 2653
f 2654 2652 2647
f 2647 2652 2648
f 2647 2646 2659
f 2659 2646 2658
f 2660 2651 2653
f 2653 2651 2650
f 2636 2638 2660
f 2660 2638 2651
f 2651 2638 2661
f 2661 2638 2639
f 2651 2661 2649
f 2649 2661 2662
f 2663 2646 2662
f 2662 2646 2649
f 2653 2657 2660
f 2660 2657 2645
f 2636 2660 2637
f 2637 2660 2645
f 2646 2663 2658
f 2658 2663 2664
f 2665 2666 2662
f 2662 2666 2663
f 2666 2667 2663
f 2663 2667 2664
f 2668 2669 2665
f 2665 2669 2666
f 2665 2670 2668
f 2668 2670 2671
f 2667 2666 2672
f 2672 2666 2669
f 2662 2661 2665
f 2665 2661 2670
f 2640 2670 2639
f 2639 2670 2661
f 2673 2674 2664
f 2664 2674 2658
f 2658 2674 2659
f 2659 2674 2675
f 2645 2657 2676
f 2676 2657 2656
f 2677 2676 2655
f 2655 2676 2656
f 2676 2678 2645
f 2645 2678 2644
f 2677 2679 2676
f 2676 2679 2678
f 2655 2680 2677
f 2677 2680 2681
f 2675 2674 2680
f 2680 2674 2681
f 2682 2640 2627
f 2627 2640 2628
f 2643 2683 2633
f 2633 2683 2626
f 2682 2627 2683
f 2683 2627 2626
f 2683 2684 2682
f 2682 2684 2671
f 2684 2685 2671
f 2671 2685 2668
f 2686 2684 2643
f 2643 2684 2683
f 2670 2640 2671
f 2671 2640 2682
f 2687 2686 2642
f 2642 2686 2643
f 2642 2641 2687
f 2687 2641 2644
f 2687 2644 2688
f 2688 2644 2678
f 2688 2689 2687
f 2687 2689 2686
f 2690 2691 2688
f 2688 2691 2689
f 2689 2685 2686
f 2686 2685 2684
f 2685 2689 2692
f 2692 2689 2691
f 2679 2690 2678
f 2678 2690 2688
f 2690 2679 2693
f 2693 2679 2694
f 2696 2697 2695
f 2695 2697 2693
f 2691 2690 2697
f 2697 2690 2693
f 2693 2694 2695
f 2695 2694 2673
f 2674 2673 2681
f 2681 2673 2694
f 2679 2677 2694
f 2694 2677 2681
f 2685 2692 2668
f 2668 2692 2669
f 2696 2672 2692
f 2692 2672 2669
f 2696 2692 2697
f 2697 2692 2691
f 2695 2667 2696
f 2696 2667 2672
f 2673 2664 2695
f 2695 2664 2667
f 2675 2654 2659
f 2659 2654 2647
f 2655 2654 2680
f 2680 2654 2675
f 2291 2156 2593
f 2593 2156 2594
f 2597 2602 2598
f 2598 2602 2605
f 2616 2617 2607
f 2607 2617 2608
f 2615 2610 2617
f 2617 2610 2608
f 2597 2596 2612
f 2612 2596 2698
f 2598 2605 2607
f 2607 2605 2616
f 2194 2291 2629
f 2629 2291 2593
f 2629 2618 2613
f 2613 2618 2614
f 2190 2610 2156
f 2156 2610 2594
f 2700 2010 2699
f 2699 2010 2086
f 2267 2701 2116
f 2116 2701 2702
f 2116 2702 2117
f 2117 2702 2703
f 2704 2705 2250
f 2250 2705 2254
f 2011 2706 2267
f 2267 2706 2701
f 2699 2086 2707
f 2707 2086 2289
f 2010 2700 2011
f 2011 2700 2706
f 2708 2707 2251
f 2251 2707 2289
f 2703 2704 2117
f 2117 2704 2250
f 2705 2708 2254
f 2254 2708 2251
f 2709 2710 2708
f 2708 2710 2707
f 2711 2709 2705
f 2705 2709 2708
f 2712 2711 2704
f 2704 2711 2705
f 2713 2712 2703
f 2703 2712 2704
f 2707 2710 2699
f 2699 2710 2714
f 2699 2714 2700
f 2700 2714 2715
f 2716 2706 2715
f 2715 2706 2700
f 2714 2710 2717
f 2717 2710 2718
f 2720 2721 2719
f 2719 2721 2722
f 2721 2723 2722
f 2722 2723 2724
f 2721 2725 2723
f 2723 2725 2726
f 2727 2728 2725
f 2725 2728 2726
f 2729 2725 2720
f 2720 2725 2721
f 2731 2729 2730
f 2730 2729 2720
f 2719 2732 2720
f 2720 2732 2730
f 2726 2733 2723
f 2723 2733 2724
f 2709 2711 2733
f 2733 2711 2724
f 2724 2711 2734
f 2734 2711 2712
f 2722 2724 2735
f 2735 2724 2734
f 2719 2722 2736
f 2736 2722 2735
f 2726 2728 2733
f 2733 2728 2718
f 2709 2733 2710
f 2710 2733 2718
f 2732 2719 2737
f 2737 2719 2736
f 2738 2739 2735
f 2735 2739 2736
f 2739 2740 2736
f 2736 2740 2737
f 2741 2742 2738
f 2738 2742 2739
f 2738 2743 2741
f 2741 2743 2744
f 2740 2739 2745
f 2745 2739 2742
f 2735 2734 2738
f 2738 2734 2743
f 2713 2743 2712
f 2712 2743 2734
f 2737 2746 2732
f 2732 2746 2747
f 2732 2747 2730
f 2730 2747 2731
f 2718 2728 2748
f 2748 2728 2727
f 2749 2750 2727
f 2727 2750 2748
f 2748 2751 2718
f 2718 2751 2717
f 2750 2752 2748
f 2748 2752 2751
f 2750 2749 2754
f 2754 2749 2753
f 2731 2747 2753
f 2753 2747 2754
f 2727 2725 2749
f 2749 2725 2729
f 2749 2729 2753
f 2753 2729 2731
f 2702 2755 2703
f 2703 2755 2713
f 2706 2716 2701
f 2701 2716 2756
f 2755 2702 2756
f 2756 2702 2701
f 2756 2757 2755
f 2755 2757 2744
f 2757 2758 2744
f 2744 2758 2741
f 2759 2757 2716
f 2716 2757 2756
f 2743 2713 2744
f 2744 2713 2755
f 2760 2759 2715
f 2715 2759 2716
f 2715 2714 2760
f 2760 2714 2717
f 2760 2717 2761
f 2761 2717 2751
f 2761 2762 2760
f 2760 2762 2759
f 2763 2764 2761
f 2761 2764 2762
f 2762 2758 2759
f 2759 2758 2757
f 2758 2762 2765
f 2765 2762 2764
f 2752 2763 2751
f 2751 2763 2761
f 2763 2752 2766
f 2766 2752 2767
f 2768 2769 2766
f 2766 2769 2770
f 2764 2763 2770
f 2770 2763 2766
f 2766 2767 2768
f 2768 2767 2746
f 2747 2746 2754
f 2754 2746 2767
f 2752 2750 2767
f 2767 2750 2754
f 2758 2765 2741
f 2741 2765 2742
f 2769 2745 2765
f 2765 2745 2742
f 2769 2765 2770
f 2770 2765 2764
f 2768 2740 2769
f 2769 2740 2745
f 2746 2737 2768
f 2768 2737 2740
f 2201 2212 2200
f 2200 2212 2214
f 2201 2202 2212
f 2212 2202 2185
f 2512 2581 2191
f 2191 2581 2192
f 2059 2290 2056
f 2056 2290 2272
f 2174 2199 2294
f 2294 2199 2278
f 2063 2175 2194
f 2194 2175 2291
f 2192 2581 2133
f 2133 2581 2490
f 2133 2132 2192
f 2192 2132 2189
f 2054 2276 2055
f 2055 2276 2138
f 2083 2279 2084
f 2084 2279 2771
f 2771 2279 2599
f 2599 2279 2596
f 2606 2772 2599
f 2599 2772 2771
f 2772 2773 2771
f 2771 2773 2084
f 2773 2774 2084
f 2084 2774 2085
f 2085 2775 2082
f 2082 2775 2144
f 2774 2078 2085
f 2085 2078 2775
f 2078 2774 2079
f 2079 2774 2776
f 2774 2773 2776
f 2776 2773 2777
f 2773 2772 2777
f 2777 2772 2778
f 2190 2189 2609
f 2609 2189 2778
f 2053 2052 2779
f 2779 2052 2181
f 2144 2775 2081
f 2081 2775 2078
f 2294 2153 2174
f 2174 2153 2175
f 2132 2276 2189
f 2189 2276 2778
f 2606 2609 2772
f 2772 2609 2778
f 2195 2613 2698
f 2698 2613 2612
f 2596 2279 2698
f 2698 2279 2195
f 2054 2777 2276
f 2276 2777 2778
f 2777 2054 2776
f 2776 2054 2053
f 2053 2779 2776
f 2776 2779 2079
f 2779 2181 2079
f 2079 2181 2080
f 2181 2239 2080
f 2080 2239 2240
f 2122 2256 2014
f 2042 1982 2076
f 2076 1982 2007
f 1982 1985 2007
f 2007 1985 2008
f 2095 2097 2265
f 2265 2097 2266
f 2076 2050 2042
f 2042 2050 2047
f 2046 2043 2047
f 2047 2043 2042
f 2118 1993 2046
f 2046 1993 2043
f 1995 1994 2118
f 2118 1994 1993
f 2267 1992 2011
f 2011 1992 2012
f 1997 2012 1994
f 1994 2012 1992
f 2226 2013 1997
f 1997 2013 2012
f 2225 2087 2226
f 2226 2087 2013
f 2225 2232 2087
f 2087 2232 2288
f 2232 2070 2288
f 2288 2070 2252
f 2070 2025 2252
f 2252 2025 2253
f 1988 2249 2025
f 2025 2249 2253
f 2116 2115 2267
f 2267 2115 2268
f 2096 1984 2237
f 2237 1984 1991
f 2095 1985 2096
f 2096 1985 1984
f 2265 2008 2095
f 2095 2008 1985
f 2092 2009 2265
f 2265 2009 2008
f 2091 2286 2092
f 2092 2286 2009
f 2255 2238 2091
f 2091 2238 2286
f 2256 2239 2255
f 2255 2239 2238
f 2122 2240 2256
f 2256 2240 2239
f 2121 2241 2122
f 2122 2241 2240
f 2022 2018 2097
f 2097 2018 2266
f 2022 2024 2018
f 2018 2024 2019
f 2024 2072 2019
f 2019 2072 2073
f 2072 2228 2073
f 2073 2228 2230
f 2228 2184 2230
f 2230 2184 2183
f 2121 2285 2241
f 2241 2285 2258
f 2285 2036 2258
f 2258 2036 2257
f 2177 2145 2193
f 2193 2145 2257
f 2173 2193 2196
f 2196 2193 2037
f 2036 2037 2257
f 2257 2037 2193
f 2196 2037 2066
f 2066 2037 2035
f 2061 2108 2034
f 2034 2108 2067
f 2108 2208 2067
f 2067 2208 2204
f 2208 2210 2204
f 2204 2210 2203
f 2210 2280 2203
f 2203 2280 2186
f 2183 2186 2235
f 2235 2186 2280
f 1987 2114 1988
f 1988 2114 2249
f 2237 2115 1987
f 1987 2115 2114
f 1991 2268 2237
f 2237 2268 2115
f 1991 1990 2268
f 2268 1990 1992
f 107 110 2781
f 2781 110 2780
f 117 2782 118
f 118 2782 2783
f 119 2784 120
f 120 2784 2785
f 125 2786 126
f 126 2786 2787
f 127 2788 128
f 128 2788 2789
f 127 132 2788
f 2788 132 2790
f 231 230 2792
f 2792 230 2791
f 118 2783 119
f 119 2783 2784
f 241 243 2794
f 2794 243 2793
f 2781 2795 107
f 107 2795 352
f 120 2785 437
f 437 2785 2796
f 126 2787 110
f 110 2787 2780
f 455 2797 456
f 456 2797 2798
f 128 2789 457
f 457 2789 2799
f 456 2798 117
f 117 2798 2782
f 2794 2797 241
f 241 2797 455
f 457 2799 125
f 125 2799 2786
f 132 231 2790
f 2790 231 2792
f 230 437 2791
f 2791 437 2796
f 2792 2789 2790
f 2790 2789 2788
f 2785 2784 2801
f 2801 2784 2800
f 2786 2802 2787
f 2787 2802 2803
f 2792 2791 2805
f 2805 2791 2804
f 2784 2783 2800
f 2800 2783 2806
f 2785 2801 2796
f 2796 2801 2807
f 2787 2803 2780
f 2780 2803 2808
f 2789 2809 2799
f 2799 2809 2810
f 2799 2810 2786
f 2786 2810 2802
f 2791 2796 2804
f 2804 2796 2807
f 2789 2792 2809
f 2809 2792 2805
f 2812 2797 2811
f 2811 2797 2794
f 2809 2805 2810
f 2810 2805 2804
f 2810 2804 2802
f 2802 2804 2807
f 2802 2807 2803
f 2803 2807 2801
f 2808 2803 2800
f 2800 2803 2801
f 2814 699 2813
f 2813 699 698
f 2808 2815 2780
f 2780 2815 2781
f 2817 2782 2816
f 2816 2782 2798
f 2815 2818 2781
f 2781 2818 2795
f 2797 2812 2798
f 2798 2812 2816
f 2783 2782 2806
f 2806 2782 2817
f 2800 2806 2808
f 2808 2806 2815
f 2794 2793 2811
f 2811 2793 2819
f 174 201 384
f 384 201 362
f 200 1766 390
f 390 1766 1777
f 1777 1778 390
f 390 1778 398
f 1778 361 398
f 398 361 222
f 2820 2821 628
f 628 2821 629
f 1406 2820 790
f 790 2820 628
f 794 1415 1233
f 1233 1415 1234
f 1406 790 1407
f 1407 790 1312
f 1407 1312 2822
f 2822 1312 1316
f 2823 1380 1543
f 1543 1380 1379
f 1385 1738 1382
f 1382 1738 1383
f 1381 791 1382
f 1382 791 1386
f 791 794 1386
f 1386 794 1233
f 1259 1390 1260
f 1260 1390 1389
f 1905 1542 1394
f 1394 1542 1395
f 1410 1413 1397
f 1397 1413 1398
f 2821 1410 629
f 629 1410 1397
f 2823 2822 1380
f 1380 2822 1316
f 1392 1395 1378
f 1378 1395 1379
f 1738 1399 1383
f 1383 1399 1398
f 1388 1235 1389
f 1389 1235 1234
f 1393 1391 1394
f 1394 1391 1390
f 1381 1384 779
f 779 1384 780
f 1282 788 792
f 792 788 793
f 1431 1262 1432
f 1432 1262 1261
f 1400 1342 1408
f 1408 1342 1409
f 1508 1544 1411
f 1411 1544 1412
f 788 787 793
f 793 787 1414
f 2821 2820 1429
f 1429 2820 1430
f 2822 2823 1506
f 1506 2823 1507
f 778 1282 779
f 779 1282 792
f 2820 1406 1430
f 1430 1406 1409
f 1410 2821 1411
f 1411 2821 1429
f 1407 2822 1408
f 1408 2822 1506
f 1544 781 1412
f 1412 781 780
f 1260 1415 1261
f 1261 1415 1414
f 1334 2824 923
f 923 2824 924
f 2826 1268 2825
f 2825 1268 1267
f 769 1212 2827
f 2827 1212 2828
f 1492 1190 1266
f 1266 1190 1267
f 1488 2829 1489
f 1489 2829 2830
f 922 1329 923
f 923 1329 1328
f 1484 2831 1485
f 1485 2831 2832
f 1482 2833 1485
f 1485 2833 1486
f 1324 1493 1489
f 1489 1493 1490
f 1265 1491 1266
f 1266 1491 1490
f 2835 2836 2834
f 2834 2836 2837
f 1250 2838 2827
f 2827 2838 2839
f 1488 1491 2840
f 2840 1491 2841
f 1268 2826 2842
f 2842 2826 2843
f 2844 2845 1495
f 1495 2845 1496
f 1427 2847 2846
f 2846 2847 926
f 2829 1488 2848
f 2848 1488 2840
f 1329 922 2849
f 2849 922 927
f 2850 2851 768
f 768 2851 1213
f 1265 1268 2852
f 2852 1268 2842
f 1491 1265 2841
f 2841 1265 2852
f 2854 2855 2853
f 2853 2855 2856
f 2855 2857 2856
f 2856 2857 598
f 2857 2858 598
f 598 2858 595
f 2858 2859 595
f 595 2859 626
f 649 652 2860
f 2860 652 2861
f 639 642 2862
f 2862 642 2863
f 2864 705 2862
f 2862 705 639
f 2865 1418 2864
f 2864 1418 705
f 2866 2867 2865
f 2865 2867 1418
f 1760 1348 1761
f 1761 1348 2867
f 1764 2868 1197
f 1197 2868 1198
f 2869 611 2868
f 2868 611 1198
f 2870 612 2869
f 2869 612 611
f 1352 1350 944
f 944 1350 688
f 1350 1256 688
f 688 1256 685
f 1256 1255 685
f 685 1255 692
f 1255 2871 692
f 692 2871 2872
f 701 2873 698
f 698 2873 2813
f 2872 1349 692
f 692 1349 693
f 1696 1744 1574
f 1574 1744 1575
f 1753 1618 1577
f 1577 1618 1578
f 1729 1594 1608
f 1608 1594 1609
f 1725 1630 1611
f 1611 1630 1612
f 1604 1607 1625
f 1625 1607 1626
f 1624 1703 1625
f 1625 1703 1912
f 1703 1702 1912
f 1912 1702 1913
f 1702 1753 1913
f 1913 1753 1577
f 1598 1569 1915
f 1915 1569 1578
f 1616 1615 1915
f 1915 1615 1916
f 1615 1696 1916
f 1916 1696 1574
f 1744 1745 1575
f 1575 1745 1917
f 1745 1565 1917
f 1917 1565 1609
f 1568 1725 1608
f 1608 1725 1611
f 2874 1613 1918
f 1918 1613 1612
f 1607 2874 1626
f 1626 2874 1918
f 1610 1613 1562
f 1562 1613 1563
f 1547 1550 1570
f 1570 1550 1571
f 1573 1576 1580
f 1580 1576 1581
f 1553 1556 1595
f 1595 1556 1596
f 1556 1582 1596
f 1596 1582 1581
f 1551 1547 1599
f 1599 1547 1570
f 1731 1914 1601
f 1601 1914 1602
f 1686 1689 1605
f 1605 1689 1606
f 1598 1743 1599
f 1599 1743 1692
f 2874 1607 1723
f 1723 1607 1606
f 1727 1553 1730
f 1730 1553 1595
f 1600 1686 1601
f 1601 1686 1605
f 1914 1572 1602
f 1602 1572 1571
f 1579 1693 1580
f 1580 1693 1692
f 1613 2874 1563
f 1563 2874 1723
f 1561 1727 1562
f 1562 1727 1730
f 1949 1742 1548
f 1548 1742 1549
f 1694 1949 1552
f 1552 1949 1548
f 1954 1589 1554
f 1554 1589 1555
f 1693 1579 1558
f 1558 1579 1559
f 1561 1564 1584
f 1584 1564 1585
f 1582 1556 1588
f 1588 1556 1555
f 1600 1603 1591
f 1591 1603 1592
f 1981 1977 1687
f 1687 1977 1688
f 1564 1722 1585
f 1585 1722 1690
f 1551 1693 1552
f 1552 1693 1558
f 1751 1954 1728
f 1728 1954 1554
f 1590 1981 1591
f 1591 1981 1687
f 1603 1550 1592
f 1592 1550 1549
f 1977 1691 1688
f 1688 1691 1690
f 1587 1560 1588
f 1588 1560 1559
f 1727 1561 1728
f 1728 1561 1584
f 2875 1919 1947
f 1947 1919 1948
f 1557 1560 1952
f 1952 1560 1953
f 1933 1932 1955
f 1955 1932 1956
f 1587 1589 1958
f 1958 1589 1956
f 1959 1933 1965
f 1965 1933 1955
f 1961 1964 1966
f 1966 1964 1967
f 1981 1590 1969
f 1969 1590 1967
f 1742 1949 1972
f 1972 1949 1948
f 1593 1742 1966
f 1966 1742 1972
f 1957 1950 1958
f 1958 1950 1953
f 1583 1586 1974
f 1974 1586 1975
f 1940 1943 1978
f 1978 1943 1979
f 1943 1976 1979
f 1979 1976 1975
f 1951 2875 1952
f 1952 2875 1947
f 1968 1940 1969
f 1969 1940 1978
f 1973 1959 1974
f 1974 1959 1965
f 1923 1971 1920
f 1920 1971 1921
f 1919 2875 1920
f 1920 2875 1924
f 2875 1951 1924
f 1924 1951 1926
f 1950 1957 1929
f 1929 1957 1930
f 2244 2243 1934
f 1934 2243 1935
f 1973 1976 1937
f 1937 1976 1938
f 1944 1980 1941
f 1941 1980 1942
f 1940 1968 1941
f 1941 1968 1945
f 2287 2244 1960
f 1960 2244 1934
f 1970 2245 1962
f 1962 2245 1963
f 2243 1931 1935
f 1935 1931 1930
f 1927 1926 1928
f 1928 1926 1929
f 1961 1922 1962
f 1962 1922 1921
f 2245 1946 1963
f 1963 1946 1945
f 1976 1943 1938
f 1938 1943 1942
f 1936 2287 1937
f 1937 2287 1960
f 743 1238 608
f 608 1238 609
f 607 1811 608
f 608 1811 744
f 1304 2876 1305
f 1305 2876 2877
f 586 585 1298
f 1298 585 1299
f 585 702 1299
f 1299 702 1300
f 702 1428 1300
f 1300 1428 1301
f 1238 586 609
f 609 586 1298
f 2878 2879 1218
f 1218 2879 2877
f 2880 2881 1812
f 1812 2881 1819
f 2883 1821 2882
f 2882 1821 1820
f 2840 2841 620
f 620 2841 621
f 2842 2843 795
f 795 2843 796
f 892 895 2844
f 2844 895 2845
f 2848 2840 942
f 942 2840 620
f 2849 927 1202
f 1202 927 1203
f 2852 2842 1270
f 1270 2842 795
f 2841 2852 621
f 621 2852 1270
f 941 1759 942
f 942 1759 2884
f 659 929 1427
f 1427 929 2847
f 1237 2851 751
f 751 2851 2850
f 1216 2885 1217
f 1217 2885 1754
f 2887 734 2886
f 2886 734 733
f 2889 1816 2888
f 2888 1816 1815
f 2890 1245 2889
f 2889 1245 1816
f 1824 2891 1825
f 1825 2891 1246
f 2892 2893 2895
f 2895 2893 2894
f 1854 1833 1851
f 1851 1833 1832
f 1851 1832 1884
f 1884 1832 1876
f 1884 1876 1441
f 1441 1876 1443
f 1441 1443 1442
f 1442 1443 1446
f 1442 1446 2896
f 2896 1446 1507
f 2897 2823 2898
f 2898 2823 1543
f 1542 2899 1543
f 1543 2899 2898
f 1542 1905 2899
f 2899 1905 2900
f 1905 1259 2900
f 2900 1259 2901
f 1262 1431 2902
f 2902 1431 1904
f 1431 1434 1904
f 1904 1434 1902
f 1902 1434 2903
f 2903 1434 719
f 2903 719 2904
f 2904 719 718
f 1869 1881 718
f 718 1881 2904
f 1881 1869 1880
f 1880 1869 756
f 1880 756 2905
f 2905 756 755
f 2905 755 2906
f 2906 755 758
f 762 2907 763
f 763 2907 2908
f 724 723 2909
f 2909 723 894
f 796 895 723
f 723 895 894
f 2843 2845 796
f 796 2845 895
f 2826 1496 2843
f 2843 1496 2845
f 2825 1497 2826
f 2826 1497 1496
f 1189 2836 2825
f 2825 2836 1497
f 797 891 798
f 798 891 2837
f 802 888 797
f 797 888 891
f 2910 2911 2913
f 2913 2911 2912
f 1780 1783 2915
f 2915 1783 2914
f 2916 2917 831
f 831 2917 832
f 2918 2919 845
f 845 2919 846
f 2920 2916 847
f 847 2916 831
f 2921 2922 857
f 857 2922 858
f 2923 2924 860
f 860 2924 861
f 2919 2912 846
f 846 2912 887
f 2925 2920 940
f 940 2920 847
f 2924 2926 861
f 861 2926 1204
f 2917 2918 832
f 832 2918 845
f 2927 2928 1449
f 1449 2928 1450
f 2929 2930 889
f 889 2930 2931
f 2896 1507 2897
f 2897 1507 2823
f 2902 2901 1262
f 1262 2901 1259
f 2932 2933 750
f 750 2933 1236
f 2933 2934 1236
f 1236 2934 1835
f 2936 2937 2935
f 2935 2937 2938
f 2940 2941 2939
f 2939 2941 2942
f 2943 2944 1841
f 1841 2944 1842
f 2945 1860 2944
f 2944 1860 1842
f 2945 2946 1860
f 1860 2946 1859
f 1889 2947 1890
f 1890 2947 1856
f 1856 2947 1857
f 1857 2947 2948
f 2950 709 2949
f 2949 709 1829
f 2952 730 2951
f 2951 730 729
f 2866 2953 2867
f 2867 2953 1761
f 2953 2954 1761
f 1761 2954 1420
f 2954 2955 1420
f 1420 2955 742
f 2955 2956 742
f 742 2956 739
f 2956 2957 739
f 739 2957 760
f 2957 2958 760
f 760 2958 761
f 2958 2959 761
f 761 2959 2960
f 2959 2961 2960
f 2960 2961 2962
f 2963 2964 1839
f 1839 2964 1840
f 2964 2965 1840
f 1840 2965 2942
f 2966 2950 2939
f 2939 2950 2949
f 2935 2967 2936
f 2936 2967 2968
f 2969 2970 736
f 736 2970 735
f 734 2887 1815
f 1815 2887 2888
f 2887 2882 2888
f 2888 2882 2881
f 1819 1820 1817
f 1817 1820 748
f 1195 1757 1197
f 1197 1757 1424
f 1757 647 1424
f 1424 647 646
f 647 648 646
f 646 648 643
f 648 1271 643
f 643 1271 737
f 1271 725 737
f 737 725 765
f 725 724 765
f 765 724 762
f 762 724 2907
f 2907 724 2909
f 1254 1437 2909
f 2909 1437 2907
f 1438 1253 1836
f 1836 1253 1835
f 1836 1835 2938
f 2938 1835 2934
f 2971 2972 2935
f 2935 2972 2967
f 897 896 2969
f 2969 896 2970
f 1815 1814 734
f 734 1814 731
f 728 1215 896
f 896 1215 732
f 2885 1216 733
f 733 1216 2886
f 1216 1219 2886
f 2886 1219 2883
f 2876 1304 1821
f 1821 1304 749
f 1304 1303 749
f 749 1303 746
f 1818 2973 1817
f 1817 2973 1810
f 747 2974 1818
f 1818 2974 2973
f 747 746 2974
f 2974 746 1303
f 2976 2977 2975
f 2975 2977 2978
f 2976 2979 2901
f 2901 2979 2900
f 2980 2981 2982
f 2982 2981 2979
f 2981 2980 2983
f 2983 2980 2984
f 2985 2897 2983
f 2983 2897 2898
f 2987 2988 2986
f 2986 2988 2985
f 2896 2988 1442
f 1442 2988 1439
f 1903 2977 1904
f 1904 2977 2902
f 1856 1855 1890
f 1890 1855 2989
f 2989 2990 1890
f 1890 2990 1359
f 2990 2991 1359
f 1359 2991 1356
f 2946 2992 1859
f 1859 2992 1893
f 2992 2993 1893
f 1893 2993 775
f 2993 2994 775
f 775 2994 776
f 2986 1356 2987
f 2987 1356 2991
f 2975 2978 776
f 776 2978 777
f 2982 2994 2980
f 2980 2994 2995
f 1357 2984 2995
f 2995 2984 2980
f 2995 2996 1357
f 1357 2996 1358
f 2996 2997 1358
f 1358 2997 1889
f 2998 2999 2932
f 2932 2999 2933
f 2999 2971 2933
f 2933 2971 2934
f 1837 1836 2937
f 2937 1836 2938
f 2943 1841 2941
f 2941 1841 1838
f 3001 2944 3000
f 3000 2944 2943
f 3001 3002 2944
f 2944 3002 2945
f 3002 3003 2945
f 2945 3003 2946
f 2997 3003 1889
f 1889 3003 2947
f 2947 3003 2948
f 2948 3003 3002
f 3001 3004 3002
f 3002 3004 2948
f 3000 3005 3001
f 3001 3005 3004
f 2940 3006 3000
f 3000 3006 3005
f 2999 3007 2971
f 2971 3007 2972
f 2998 2951 2999
f 2999 2951 3007
f 3008 2952 2998
f 2998 2952 2951
f 2966 2965 2936
f 2936 2965 2937
f 2935 2938 2971
f 2971 2938 2934
f 3003 2997 2946
f 2946 2997 2992
f 2997 2996 2992
f 2992 2996 2993
f 2996 2995 2993
f 2993 2995 2994
f 1356 2986 1357
f 1357 2986 2984
f 2982 2975 2994
f 2994 2975 776
f 1844 1843 1899
f 1899 1843 3009
f 1843 638 3009
f 3009 638 3010
f 638 637 3010
f 3010 637 3011
f 637 1830 3011
f 3011 1830 3012
f 1830 1833 3012
f 3012 1833 2894
f 1833 1854 2894
f 2894 1854 2895
f 1854 1853 2895
f 2895 1853 1888
f 1858 1857 1885
f 1885 1857 1892
f 1899 3009 1898
f 1898 3009 1874
f 3009 3010 1874
f 1874 3010 1865
f 3010 3011 1865
f 1865 3011 1862
f 3011 3012 1862
f 1862 3012 1882
f 3012 2894 1882
f 1882 2894 2893
f 1850 2890 782
f 782 2890 2889
f 783 2880 1811
f 1811 2880 1812
f 744 1810 745
f 745 1810 2973
f 745 2973 805
f 805 2973 806
f 2973 2974 806
f 806 2974 815
f 1303 812 2974
f 2974 812 815
f 1303 1302 812
f 812 1302 1221
f 1307 3013 1302
f 1302 3013 1221
f 1734 3014 1633
f 1633 3014 1634
f 1646 1649 1636
f 1636 1649 1637
f 1654 1657 1641
f 1641 1657 1642
f 1639 1736 1636
f 1636 1736 1684
f 1716 1713 1698
f 1698 1713 1699
f 1718 1721 1705
f 1705 1721 1706
f 1653 1654 1709
f 1709 1654 1641
f 1620 1623 1714
f 1714 1623 1699
f 1712 1682 1714
f 1714 1682 1740
f 1668 1671 1746
f 1746 1671 1747
f 1752 1650 1749
f 1749 1650 1750
f 1750 1650 1709
f 1709 1650 1653
f 1632 1668 1633
f 1633 1668 1746
f 1649 1752 1637
f 1637 1752 1749
f 1682 1643 1740
f 1740 1643 1642
f 3014 1685 1634
f 1634 1685 1684
f 1704 1748 1705
f 1705 1748 1747
f 1697 1707 1698
f 1698 1707 1706
f 1739 1701 1621
f 1621 1701 1622
f 1567 1566 1647
f 1647 1566 1648
f 1664 1695 1651
f 1651 1695 1652
f 1614 1617 1655
f 1655 1617 1656
f 1704 1707 1659
f 1659 1707 1660
f 3014 1734 1662
f 1662 1734 1663
f 1650 1752 1651
f 1651 1752 1665
f 1741 1657 1667
f 1667 1657 1656
f 1695 1614 1652
f 1652 1614 1655
f 1724 1567 1726
f 1726 1567 1647
f 1645 1628 1733
f 1733 1628 1663
f 1685 3014 1726
f 1726 3014 1662
f 1620 1741 1621
f 1621 1741 1667
f 1566 1666 1648
f 1648 1666 1665
f 1658 1737 1659
f 1659 1737 1901
f 1911 1661 1910
f 1910 1661 1660
f 1701 1911 1622
f 1622 1911 1910
f 1732 1748 1733
f 1733 1748 1901
f 1857 2948 1892
f 1892 2948 3004
f 1892 3004 1891
f 1891 3004 3005
f 1828 3006 1829
f 1829 3006 2949
f 2967 736 2968
f 2968 736 710
f 2972 2969 2967
f 2967 2969 736
f 2969 2972 897
f 897 2972 3007
f 897 3007 729
f 729 3007 2951
f 3016 753 3015
f 3015 753 752
f 3018 767 3017
f 3017 767 766
f 3019 3020 1249
f 1249 3020 3021
f 2915 2914 3019
f 3019 2914 3020
f 3023 2914 3022
f 3022 2914 1783
f 2827 2839 769
f 769 2839 766
f 3025 2838 3024
f 3024 2838 3021
f 768 767 2850
f 2850 767 3026
f 2850 3026 751
f 751 3026 752
f 750 753 2932
f 2932 753 3027
f 3008 2998 3027
f 3027 2998 2932
f 3028 3029 3008
f 3008 3029 2952
f 3029 3030 2952
f 2952 3030 730
f 3032 3033 3031
f 3031 3033 3034
f 3036 3037 3035
f 3035 3037 3038
f 2870 3039 612
f 612 3039 3040
f 3041 3042 3031
f 3031 3042 3038
f 3034 1352 3043
f 3043 1352 944
f 612 3040 613
f 613 3040 3044
f 613 3044 1425
f 1425 3044 1422
f 3045 3042 669
f 669 3042 670
f 3041 3043 599
f 599 3043 600
f 772 771 1544
f 1544 771 781
f 1503 771 1866
f 1866 771 770
f 771 1503 781
f 781 1503 778
f 61 281 416
f 416 281 1907
f 283 103 3046
f 3046 103 3047
f 76 79 3048
f 3048 79 3049
f 280 76 1906
f 1906 76 3048
f 3051 335 3050
f 3050 335 334
f 3053 417 3052
f 3052 417 416
f 3055 435 3054
f 3054 435 434
f 428 435 419
f 419 435 1908
f 420 1909 293
f 293 1909 443
f 79 294 3049
f 3049 294 444
f 3057 444 3056
f 3056 444 443
f 3051 3058 335
f 335 3058 452
f 216 215 1332
f 1332 215 452
f 308 283 462
f 462 283 3046
f 3050 334 3059
f 3059 334 462
f 103 62 3047
f 3047 62 417
f 313 312 434
f 434 312 463
f 3061 574 3060
f 3060 574 573
f 1310 3062 1428
f 1428 3062 3063
f 1258 3064 1255
f 1255 3064 2871
f 932 3065 2853
f 2853 3065 3066
f 699 2814 931
f 931 2814 3067
f 3068 1301 3063
f 3063 1301 1428
f 571 574 1310
f 1310 574 3062
f 3060 573 3069
f 3069 573 1332
f 3070 3071 1906
f 1906 3071 1907
f 3072 3073 1908
f 1908 3073 1909
f 3075 2814 3074
f 3074 2814 2813
f 2854 3076 1258
f 1258 3076 3064
f 2871 3077 2872
f 2872 3077 3078
f 3074 2813 3079
f 3079 2813 2873
f 2872 3078 1349
f 1349 3078 3080
f 2873 701 3068
f 3068 701 1301
f 1330 1201 3080
f 3080 1201 1349
f 1264 1263 3081
f 3081 1263 3082
f 3083 3084 3082
f 3082 3084 3081
f 811 1448 3086
f 3086 1448 3085
f 808 811 3087
f 3087 811 3086
f 3088 3083 833
f 833 3083 3082
f 884 3089 885
f 885 3089 3090
f 3087 1790 808
f 808 1790 816
f 1790 3087 1787
f 1787 3087 3091
f 3092 3091 3086
f 3086 3091 3087
f 3093 3094 3084
f 3084 3094 3095
f 3089 3096 3090
f 3090 3096 3088
f 3097 3093 3083
f 3083 3093 3084
f 3099 3100 3098
f 3098 3100 1786
f 3101 1788 2913
f 2913 1788 3102
f 838 837 885
f 885 837 886
f 886 837 3103
f 3103 837 1541
f 3094 3093 3104
f 3104 3093 3097
f 3105 3106 3089
f 3089 3106 3096
f 3108 3109 3107
f 3107 3109 3110
f 3111 3112 3091
f 3091 3112 1787
f 3114 3108 3113
f 3113 3108 3107
f 3114 3115 3112
f 3112 3115 3102
f 3091 3092 3111
f 3111 3092 3116
f 839 838 835
f 835 838 836
f 885 3090 838
f 838 3090 836
f 3110 3117 1247
f 1247 3117 3118
f 1247 3118 1248
f 1248 3118 3119
f 3120 3121 3119
f 3119 3121 1248
f 1247 844 3110
f 3110 844 3107
f 844 843 3107
f 3107 843 3113
f 843 3099 3113
f 3113 3099 3122
f 1781 3123 3098
f 3098 3123 3124
f 2915 2931 1780
f 1780 2931 2930
f 3019 3125 2915
f 2915 3125 2931
f 890 3125 2834
f 2834 3125 1252
f 3125 3019 1252
f 1252 3019 1249
f 907 908 946
f 946 908 947
f 1185 1188 1369
f 1369 1188 948
f 954 957 951
f 951 957 952
f 910 965 953
f 953 965 950
f 905 958 960
f 960 958 961
f 3126 978 949
f 949 978 962
f 936 935 967
f 967 935 968
f 994 993 969
f 969 993 966
f 902 904 971
f 971 904 972
f 983 985 973
f 973 985 970
f 906 905 974
f 974 905 960
f 977 981 959
f 959 981 975
f 911 910 1143
f 1143 910 953
f 952 957 1142
f 1142 957 1145
f 911 1143 1366
f 1366 1143 1368
f 1185 1369 1145
f 1145 1369 1142
f 993 1519 966
f 966 1519 1456
f 965 1454 950
f 950 1454 1457
f 900 899 1459
f 1459 899 1460
f 988 991 1461
f 1461 991 1458
f 899 963 1460
f 1460 963 1462
f 985 987 970
f 970 987 1463
f 904 906 972
f 972 906 974
f 981 983 975
f 975 983 973
f 935 900 968
f 968 900 1459
f 991 994 1458
f 1458 994 969
f 1154 1526 1088
f 1088 1526 1089
f 1109 1112 1092
f 1092 1112 1093
f 1083 1098 1084
f 1084 1098 1097
f 1078 1471 1100
f 1100 1471 1101
f 1075 1078 1104
f 1104 1078 1100
f 1152 1154 1156
f 1156 1154 1088
f 1156 1155 1372
f 1372 1155 1373
f 1372 1373 1104
f 1104 1373 1075
f 1467 1109 1465
f 1465 1109 1092
f 1465 1182 1468
f 1468 1182 1184
f 1474 1470 1096
f 1096 1470 1097
f 1102 1101 1083
f 1083 1101 1098
f 1112 1531 1093
f 1093 1531 1529
f 1102 1073 1099
f 1099 1073 1072
f 1526 1154 1079
f 1079 1154 1080
f 1081 1091 1082
f 1082 1091 1094
f 1069 1068 1085
f 1085 1068 1086
f 1153 1151 1080
f 1080 1151 1058
f 1371 1177 1179
f 1179 1177 1176
f 1099 1072 1103
f 1103 1072 1176
f 1068 1071 1086
f 1086 1071 1073
f 1085 1084 1180
f 1180 1084 1469
f 1066 1065 1183
f 1183 1065 1181
f 1153 1152 1177
f 1177 1152 1178
f 1091 1081 1182
f 1182 1081 1183
f 1057 1525 1079
f 1079 1525 1527
f 1120 1117 1076
f 1076 1117 1077
f 1087 1090 1107
f 1107 1090 1108
f 1127 1126 1110
f 1110 1126 1111
f 1095 1116 1096
f 1096 1116 1115
f 1471 1078 1119
f 1119 1078 1077
f 1087 1107 1155
f 1155 1107 1158
f 1376 1374 1157
f 1157 1374 1158
f 1076 1075 1374
f 1374 1075 1373
f 1109 1467 1110
f 1110 1467 1472
f 1467 1466 1472
f 1472 1466 1473
f 1135 1475 1114
f 1114 1475 1115
f 1471 1119 1095
f 1095 1119 1116
f 1126 1532 1111
f 1111 1532 1530
f 914 1276 1480
f 1480 1276 1517
f 3127 3128 1223
f 1223 3128 1224
f 824 933 1455
f 1455 933 3129
f 3131 1448 3130
f 3130 1448 1447
f 3132 3133 1452
f 1452 3133 1453
f 3130 1447 1322
f 1322 1447 1455
f 933 1514 3129
f 3129 1514 3134
f 1161 3135 1480
f 1480 3135 1481
f 3128 3136 1224
f 1224 3136 1499
f 3133 1162 1453
f 1453 1162 1517
f 1515 3127 1535
f 1535 3127 1223
f 3095 3085 3131
f 3131 3085 1448
f 3137 3092 3085
f 3085 3092 3086
f 3138 3116 3137
f 3137 3116 3092
f 3110 3109 3117
f 3117 3109 3139
f 3105 3140 3117
f 3117 3140 3118
f 3140 3141 3118
f 3118 3141 3119
f 3142 3120 3141
f 3141 3120 3119
f 1498 3143 1277
f 1277 3143 882
f 3144 3145 1340
f 1340 3145 1339
f 1340 3146 3144
f 3144 3146 3147
f 3145 3144 3143
f 3143 3144 3148
f 871 901 872
f 872 901 1362
f 3149 3148 3147
f 3147 3148 3144
f 1208 3150 1209
f 3098 1786 1781
f 1781 1786 1782
f 2930 2929 3123
f 3123 2929 2911
f 1794 1791 2916
f 2916 1791 2917
f 1793 3101 2918
f 2918 3101 2919
f 1796 1794 2920
f 2920 1794 2916
f 3151 3152 2921
f 2921 3152 2922
f 3153 3154 2923
f 2923 3154 2924
f 2919 3101 2912
f 2912 3101 2913
f 3155 1796 2925
f 2925 1796 2920
f 3154 3156 2924
f 2924 3156 2926
f 1791 1793 2917
f 2917 1793 2918
f 3157 3158 2927
f 2927 3158 2928
f 1780 2930 1781
f 1781 2930 3123
f 2825 1267 1189
f 1189 1267 1190
f 2827 2828 1250
f 1250 2828 1251
f 1489 2830 1324
f 1324 2830 1325
f 923 1328 1334
f 1334 1328 1335
f 1485 2832 1482
f 1482 2832 1483
f 1266 1490 1492
f 1492 1490 1493
f 1333 1346 1334
f 1334 1346 2824
f 722 799 1492
f 1492 799 1190
f 664 657 1482
f 1482 657 2833
f 631 634 1324
f 1324 634 1493
f 2828 1494 1251
f 1251 1494 2835
f 1249 3021 1250
f 1250 3021 2838
f 798 2837 1189
f 1189 2837 2836
f 3100 842 3160
f 3160 842 3159
f 1788 3101 1789
f 1789 3101 1793
f 1792 816 1789
f 1789 816 1790
f 817 816 1795
f 1795 816 1792
f 938 817 1797
f 1797 817 1795
f 1796 3155 1797
f 1797 3155 1798
f 3155 3158 1798
f 1798 3158 1799
f 3157 3152 1801
f 1801 3152 1802
f 3151 3156 1803
f 1803 3156 1804
f 3154 3153 1805
f 1805 3153 1806
f 3153 3161 1806
f 1806 3161 1807
f 3099 843 3100
f 3100 843 842
f 1788 1787 3102
f 3102 1787 3112
f 2910 3115 3124
f 3124 3115 3122
f 3099 3098 3122
f 3122 3098 3124
f 416 1907 3052
f 3052 1907 3071
f 3046 3047 3163
f 3163 3047 3162
f 249 445 259
f 259 445 3164
f 425 3165 424
f 424 3165 461
f 408 410 329
f 329 410 330
f 39 331 40
f 40 331 332
f 305 304 423
f 423 304 464
f 385 254 458
f 458 254 392
f 250 415 251
f 251 415 412
f 233 337 234
f 234 337 3166
f 435 3055 1908
f 1908 3055 3072
f 443 1909 3056
f 3056 1909 3073
f 3167 3049 3057
f 3057 3049 444
f 452 3058 1332
f 1332 3058 3069
f 234 3166 346
f 346 3166 411
f 3046 3163 462
f 462 3163 3059
f 259 3164 260
f 260 3164 336
f 3047 417 3162
f 3162 417 3053
f 463 3168 434
f 434 3168 3054
f 454 830 425
f 425 830 3165
f 3062 3169 3063
f 3063 3169 3170
f 1355 1354 1534
f 1534 1354 3171
f 3063 3170 3068
f 3068 3170 3172
f 574 3061 3062
f 3062 3061 3169
f 1534 3171 1535
f 1535 3171 3173
f 3079 2873 3172
f 3172 2873 3068
f 2838 3025 2839
f 2839 3025 3174
f 3176 3177 3175
f 3175 3177 3178
f 3180 1125 3179
f 3179 1125 1128
f 3182 3183 3181
f 3181 3183 3184
f 1134 3185 1130
f 1130 3185 3182
f 3186 3187 3189
f 3189 3187 3188
f 3191 3189 3190
f 3190 3189 3188
f 1137 1122 3190
f 3190 1122 3192
f 3175 3178 3193
f 3193 3178 3194
f 3181 3184 3179
f 3179 3184 3195
f 3197 3198 3196
f 3196 3198 3180
f 3200 3178 3199
f 3199 3178 3177
f 3202 3196 3201
f 3201 3196 3195
f 3204 3184 3203
f 3203 3184 3183
f 3206 3207 3205
f 3205 3207 3186
f 3205 3186 3208
f 3208 3186 3189
f 3209 3208 3191
f 3191 3208 3189
f 3210 3194 3200
f 3200 3194 3178
f 3201 3195 3204
f 3204 3195 3184
f 3197 3211 3177
f 3177 3211 3199
f 3213 3214 3212
f 3212 3214 3215
f 3217 3218 3216
f 3216 3218 3219
f 3221 3222 3220
f 3220 3222 3223
f 3225 3226 3224
f 3224 3226 3227
f 3229 3230 3228
f 3228 3230 3231
f 3233 3234 3232
f 3232 3234 3235
f 3237 3238 3236
f 3236 3238 3239
f 3238 3240 3239
f 3239 3240 3241
f 3232 3235 3242
f 3242 3235 3243
f 3245 3246 3244
f 3244 3246 3247
f 3248 3249 3245
f 3245 3249 3246
f 3251 3252 3250
f 3250 3252 3253
f 3255 3252 3254
f 3254 3252 3251
f 3256 3257 3259
f 3259 3257 3258
f 3261 3262 3260
f 3260 3262 3263
f 3265 3263 3264
f 3264 3263 3262
f 3256 3259 3266
f 3266 3259 3267
f 3269 3270 3268
f 3268 3270 3271
f 3269 3272 3270
f 3270 3272 3273
f 3274 3275 3277
f 3277 3275 3276
f 3278 3279 3276
f 3276 3279 3277
f 3281 3282 3280
f 3280 3282 3283
f 3280 3284 3281
f 3281 3284 3285
f 3287 3288 3286
f 3286 3288 3289
f 3290 3291 3288
f 3288 3291 3289
f 3234 3218 3235
f 3235 3218 3217
f 3232 3292 3233
f 3233 3292 3293
f 3239 3294 3236
f 3236 3294 3219
f 3233 3293 3237
f 3237 3293 3295
f 3296 3294 3241
f 3241 3294 3239
f 3240 3238 3297
f 3297 3238 3298
f 3217 3216 3235
f 3235 3216 3243
f 3297 3299 3240
f 3240 3299 3242
f 3246 3300 3247
f 3247 3300 3223
f 3301 3302 3254
f 3254 3302 3244
f 3249 3303 3246
f 3246 3303 3300
f 3245 3304 3248
f 3248 3304 3292
f 3252 3221 3253
f 3253 3221 3220
f 3250 3248 3299
f 3299 3248 3292
f 3222 3221 3255
f 3255 3221 3252
f 3297 3301 3251
f 3251 3301 3254
f 3258 3214 3259
f 3259 3214 3213
f 3257 3256 3304
f 3304 3256 3305
f 3263 3306 3260
f 3260 3306 3215
f 3261 3257 3302
f 3302 3257 3304
f 3307 3306 3265
f 3265 3306 3263
f 3262 3301 3264
f 3264 3301 3308
f 3259 3213 3267
f 3267 3213 3212
f 3308 3309 3264
f 3264 3309 3266
f 3270 3310 3271
f 3271 3310 3231
f 3311 3312 3278
f 3278 3312 3268
f 3270 3273 3310
f 3310 3273 3313
f 3272 3269 3305
f 3305 3269 3314
f 3277 3229 3274
f 3274 3229 3228
f 3275 3272 3309
f 3309 3272 3305
f 3279 3230 3277
f 3277 3230 3229
f 3276 3308 3278
f 3278 3308 3311
f 3281 3315 3282
f 3282 3315 3227
f 3290 3316 3283
f 3283 3316 3317
f 3281 3285 3315
f 3315 3285 3318
f 3284 3280 3314
f 3314 3280 3319
f 3289 3225 3286
f 3286 3225 3224
f 3287 3284 3312
f 3284 3314 3312
f 3291 3226 3289
f 3289 3226 3225
f 3288 3311 3290
f 3290 3311 3316
f 3212 3215 3307
f 3307 3215 3306
f 3294 3296 3219
f 3219 3296 3216
f 3303 3220 3300
f 3300 3220 3223
f 3224 3227 3318
f 3318 3227 3315
f 3228 3231 3313
f 3313 3231 3310
f 3234 3233 3236
f 3236 3233 3237
f 3243 3241 3242
f 3242 3241 3240
f 3247 3255 3244
f 3244 3255 3254
f 3253 3249 3250
f 3250 3249 3248
f 3260 3258 3261
f 3261 3258 3257
f 3266 3267 3264
f 3264 3267 3265
f 3268 3271 3278
f 3278 3271 3279
f 3274 3273 3275
f 3275 3273 3272
f 3283 3282 3290
f 3290 3282 3291
f 3286 3285 3287
f 3287 3285 3284
f 3218 3234 3219
f 3219 3234 3236
f 3295 3298 3237
f 3237 3298 3238
f 3216 3296 3243
f 3243 3296 3241
f 3242 3299 3232
f 3232 3299 3292
f 3223 3222 3247
f 3247 3222 3255
f 3244 3302 3245
f 3245 3302 3304
f 3303 3249 3220
f 3220 3249 3253
f 3297 3251 3299
f 3299 3251 3250
f 3215 3214 3260
f 3260 3214 3258
f 3301 3262 3302
f 3302 3262 3261
f 3212 3307 3267
f 3267 3307 3265
f 3266 3309 3256
f 3256 3309 3305
f 3271 3231 3279
f 3279 3231 3230
f 3268 3312 3269
f 3269 3312 3314
f 3228 3313 3274
f 3274 3313 3273
f 3308 3276 3309
f 3309 3276 3275
f 3282 3227 3291
f 3291 3227 3226
f 3317 3319 3283
f 3283 3319 3280
f 3224 3318 3286
f 3286 3318 3285
f 3312 3311 3287
f 3311 3288 3287
f 3320 3321 3194
f 3194 3321 3193
f 1375 3321 1121
f 1121 3321 3322
f 3323 3324 3322
f 3322 3324 3192
f 3175 1124 3176
f 3176 1124 1123
f 3179 3195 3180
f 3180 3195 3196
f 3181 1131 3182
f 3182 1131 1130
f 3207 3185 3186
f 3186 3185 3187
f 1136 3188 1133
f 1133 3188 3187
f 3190 3188 1137
f 1137 3188 1136
f 3193 1159 3175
f 3175 1159 1124
f 3179 1128 3181
f 3181 1128 1131
f 1533 3198 1123
f 1123 3198 3176
f 3321 1375 3193
f 3193 1375 1159
f 3321 3320 3322
f 3322 3320 3323
f 1122 1121 3192
f 3192 1121 3322
f 3194 3210 3320
f 3320 3210 3325
f 3324 3323 3327
f 3327 3323 3326
f 3320 3325 3323
f 3323 3325 3326
f 3208 3328 3205
f 3205 3328 3329
f 3330 3206 3329
f 3329 3206 3205
f 3203 3331 3204
f 3204 3331 3332
f 3210 3333 3325
f 3325 3333 3334
f 3325 3334 3326
f 3326 3334 3335
f 3327 3326 3336
f 3336 3326 3335
f 3327 3209 3324
f 3324 3209 3191
f 3190 3192 3191
f 3191 3192 3324
f 3338 3339 3337
f 3337 3339 3340
f 3338 3341 3339
f 3339 3341 3342
f 3341 3343 3342
f 3342 3343 3344
f 3343 3345 3344
f 3344 3345 3346
f 3345 3347 3346
f 3346 3347 3348
f 3347 3349 3348
f 3348 3349 3350
f 3337 3340 3351
f 3351 3340 3352
f 3351 3352 3353
f 3353 3352 3354
f 3353 3354 3355
f 3355 3354 3356
f 3350 3349 3357
f 3357 3349 3358
f 3355 3356 3359
f 3359 3356 3360
f 3359 3360 3361
f 3361 3360 3362
f 3361 3362 3363
f 3363 3362 3364
f 3363 3364 3358
f 3358 3364 3357
f 3339 3342 3365
f 3365 3342 3366
f 3342 3344 3366
f 3366 3344 3367
f 3344 3346 3367
f 3367 3346 3368
f 3346 3348 3368
f 3368 3348 3369
f 3348 3350 3369
f 3369 3350 3370
f 3368 3369 3371
f 3371 3369 3372
f 3369 3370 3372
f 3372 3370 3373
f 3373 3374 3372
f 3372 3374 3375
f 3377 3378 3376
f 3376 3378 3379
f 3377 3375 3378
f 3378 3375 3374
f 3375 3380 3372
f 3372 3380 3371
f 3377 3381 3375
f 3375 3381 3380
f 3376 3382 3377
f 3377 3382 3381
f 3384 3385 3383
f 3383 3385 3386
f 3384 3383 3388
f 3388 3383 3387
f 3388 3387 3389
f 3389 3387 3390
f 3392 3385 3391
f 3391 3385 3384
f 3388 3393 3384
f 3384 3393 3391
f 3389 3394 3388
f 3388 3394 3393
f 3389 3395 3394
f 3394 3395 3396
f 3395 3389 3397
f 3397 3389 3390
f 3339 3365 3340
f 3340 3365 3398
f 3340 3398 3352
f 3352 3398 3399
f 3371 3400 3368
f 3368 3400 3367
f 3400 3401 3367
f 3367 3401 3366
f 3366 3401 3365
f 3365 3401 3402
f 3398 3365 3403
f 3403 3365 3402
f 3398 3403 3399
f 3399 3403 3404
f 3403 3405 3404
f 3404 3405 3406
f 3352 3399 3354
f 3354 3399 3407
f 3399 3404 3407
f 3407 3404 3408
f 3404 3406 3408
f 3408 3406 3409
f 3405 3410 3406
f 3406 3410 3411
f 3410 3412 3411
f 3411 3412 3413
f 3397 3414 3395
f 3395 3414 3415
f 3417 3415 3416
f 3416 3415 3412
f 3410 3418 3412
f 3412 3418 3416
f 3410 3405 3418
f 3418 3405 3419
f 3405 3403 3419
f 3419 3403 3402
f 3370 3350 3420
f 3420 3350 3357
f 3373 3370 3421
f 3421 3370 3420
f 3374 3373 3422
f 3422 3373 3421
f 3378 3374 3423
f 3423 3374 3422
f 3378 3423 3379
f 3379 3423 3424
f 3424 3425 3379
f 3379 3425 3386
f 3383 3426 3387
f 3387 3426 3427
f 3387 3427 3390
f 3390 3427 3428
f 3390 3428 3397
f 3397 3428 3429
f 3429 3430 3397
f 3397 3430 3414
f 3411 3413 3431
f 3431 3413 3432
f 3406 3411 3409
f 3409 3411 3431
f 3401 3400 3335
f 3335 3400 3336
f 3401 3335 3402
f 3402 3335 3334
f 3402 3334 3419
f 3419 3334 3333
f 3419 3333 3418
f 3418 3333 3433
f 3418 3433 3416
f 3416 3433 3434
f 3435 3417 3434
f 3434 3417 3416
f 3394 3396 3436
f 3436 3396 3437
f 3393 3394 3332
f 3332 3394 3436
f 3393 3332 3391
f 3391 3332 3331
f 3330 3392 3331
f 3331 3392 3391
f 3382 3329 3381
f 3381 3329 3328
f 3354 3407 3356
f 3356 3407 3438
f 3356 3438 3360
f 3360 3438 3439
f 3360 3439 3362
f 3362 3439 3440
f 3362 3440 3364
f 3364 3440 3441
f 3364 3441 3357
f 3357 3441 3420
f 3421 3420 3442
f 3442 3420 3441
f 3442 3441 3443
f 3443 3441 3440
f 3443 3440 3444
f 3444 3440 3439
f 3444 3439 3445
f 3445 3439 3438
f 3445 3438 3408
f 3408 3438 3407
f 3422 3421 3446
f 3446 3421 3442
f 3446 3442 3447
f 3447 3442 3443
f 3447 3443 3448
f 3448 3443 3444
f 3448 3444 3449
f 3449 3444 3445
f 3449 3445 3409
f 3409 3445 3408
f 3409 3431 3449
f 3449 3431 3450
f 3449 3450 3448
f 3448 3450 3451
f 3451 3452 3448
f 3448 3452 3447
f 3447 3452 3446
f 3446 3452 3453
f 3446 3453 3422
f 3422 3453 3423
f 3424 3423 3454
f 3454 3423 3453
f 3452 3455 3453
f 3453 3455 3454
f 3452 3451 3455
f 3455 3451 3456
f 3450 3457 3451
f 3451 3457 3456
f 3431 3432 3450
f 3450 3432 3457
f 3454 3458 3424
f 3424 3458 3425
f 3427 3426 3459
f 3459 3426 3460
f 3428 3427 3461
f 3461 3427 3459
f 3428 3461 3429
f 3429 3461 3462
f 3462 3463 3429
f 3429 3463 3430
f 3464 3465 3462
f 3462 3465 3463
f 3455 3466 3454
f 3454 3466 3458
f 3465 3464 3466
f 3466 3464 3467
f 3461 3459 3468
f 3468 3459 3469
f 3468 3469 3464
f 3464 3469 3467
f 3464 3462 3468
f 3468 3462 3461
f 3459 3460 3469
f 3469 3460 3467
f 3295 3351 3298
f 3298 3351 3353
f 3353 3355 3298
f 3298 3355 3297
f 3297 3355 3301
f 3301 3355 3359
f 3301 3359 3308
f 3308 3359 3361
f 3308 3361 3311
f 3311 3361 3363
f 3311 3363 3316
f 3316 3363 3358
f 3316 3358 3317
f 3317 3358 3349
f 3349 3347 3317
f 3317 3347 3319
f 3347 3345 3319
f 3319 3345 3314
f 3345 3343 3314
f 3314 3343 3305
f 3343 3341 3305
f 3305 3341 3304
f 3304 3341 3292
f 3292 3341 3338
f 3292 3338 3293
f 3293 3338 3337
f 3293 3337 3295
f 3295 3337 3351
f 3437 3202 3436
f 3436 3202 3201
f 3436 3201 3332
f 3332 3201 3204
f 3433 3200 3434
f 3434 3200 3199
f 3211 3435 3199
f 3199 3435 3434
f 3333 3210 3433
f 3433 3210 3200
f 3380 3470 3371
f 3400 3371 3336
f 3336 3371 3470
f 3381 3328 3380
f 3380 3328 3470
f 3470 3328 3209
f 3209 3328 3208
f 3336 3470 3327
f 3327 3470 3209
f 1545 1763 1546
f 1546 1763 1762
f 1403 1546 773
f 773 1546 770
f 1221 3013 1220
f 1220 3013 3471
f 1305 2877 1306
f 1306 2877 2879
f 1220 3471 828
f 828 3471 829
f 1217 1754 3472
f 3472 1754 1756
f 1049 3473 1048
f 1048 3473 3474
f 1371 1179 3473
f 3473 1179 3474
f 1074 3475 1179
f 1179 3475 3474
f 3474 3475 1048
f 1048 3475 1056
f 919 666 1345
f 1345 666 665
f 856 680 919
f 919 680 666
f 679 680 1449
f 1449 680 858
f 1367 878 1500
f 1500 878 877
f 1366 908 1367
f 1367 908 878
f 1512 916 1513
f 1513 916 915
f 947 1368 948
f 948 1368 1369
f 1047 1021 1044
f 1044 1021 1020
f 1370 1049 1019
f 1019 1049 1020
f 1173 1030 1174
f 1174 1030 1033
f 3126 1188 1464
f 1464 1188 1187
f 1800 1451 1512
f 1512 1451 916
f 1175 1174 1186
f 1186 1174 1187
f 1030 1173 1047
f 1047 1173 1021
f 1513 915 3476
f 3476 915 1481
f 1345 665 3477
f 3477 665 1483
f 1502 1501 876
f 876 1501 877
f 1205 1451 1803
f 1803 1451 1802
f 3479 2832 3478
f 3478 2832 2831
f 1449 858 2927
f 2927 858 2922
f 908 1366 947
f 947 1366 1368
f 949 948 3126
f 3126 948 1188
f 3480 3135 1502
f 1502 3135 1501
f 2927 2922 3157
f 3157 2922 3152
f 3477 1483 3479
f 3479 1483 2832
f 1803 1802 3151
f 3151 1802 3152
f 663 658 664
f 664 658 657
f 655 658 939
f 939 658 706
f 1512 870 1800
f 1800 870 869
f 875 874 876
f 876 874 873
f 849 874 905
f 905 874 958
f 949 962 946
f 946 962 961
f 978 3126 979
f 979 3126 1464
f 1031 1168 1032
f 1032 1168 1022
f 1045 1013 1046
f 1046 1013 1012
f 1045 1044 1056
f 1056 1044 1048
f 1047 1046 1030
f 1030 1046 1031
f 939 706 940
f 940 706 1450
f 979 1464 1032
f 1032 1464 1033
f 3480 1478 3476
f 3476 1478 3134
f 2829 1487 2830
f 2830 1487 1486
f 848 1230 873
f 873 1230 1479
f 867 870 933
f 933 870 1514
f 1800 869 1801
f 1801 869 1799
f 2830 1486 1325
f 1325 1486 2833
f 940 1450 2925
f 2925 1450 2928
f 946 961 907
f 907 961 958
f 959 962 977
f 977 962 978
f 3476 3134 1513
f 1513 3134 1514
f 2925 2928 3155
f 3155 2928 3158
f 1325 2833 656
f 656 2833 657
f 1801 1799 3157
f 3157 1799 3158
f 1074 1055 3475
f 3475 1055 1056
f 1371 3473 1370
f 1370 3473 1049
f 2884 615 3481
f 3481 615 618
f 3478 2831 2846
f 2846 2831 617
f 2831 1484 617
f 617 1484 618
f 1484 1487 618
f 618 1487 3481
f 2848 3481 2829
f 2829 3481 1487
f 1480 1517 1161
f 1161 1517 1162
f 3129 1323 1455
f 1455 1323 1322
f 3129 3134 1323
f 1323 3134 1478
f 1535 3173 1515
f 1515 3173 1516
f 3085 3095 3137
f 3137 3095 3094
f 3137 3094 3138
f 3138 3094 3104
f 3117 3139 3105
f 3105 3139 3106
f 1138 1141 3127
f 3127 1141 3128
f 3081 3131 1264
f 1264 3131 3130
f 1227 1226 3132
f 3132 1226 3133
f 1264 3130 1229
f 1229 3130 1322
f 1160 1501 1161
f 1161 1501 3135
f 1141 1476 3128
f 3128 1476 3136
f 1226 1163 3133
f 3133 1163 1162
f 1363 1138 1515
f 1515 1138 3127
f 3084 3095 3081
f 3081 3095 3131
f 3089 884 3105
f 3105 884 3140
f 884 883 3140
f 3140 883 3141
f 883 3482 3141
f 3141 3482 3142
f 3476 1481 3480
f 3480 1481 3135
f 1502 1479 3480
f 3480 1479 1478
f 3168 463 440
f 714 1880 715
f 715 1880 2905
f 896 732 2970
f 2970 732 731
f 1263 834 3082
f 3082 834 833
f 898 1231 853
f 853 1231 854
f 3125 890 2931
f 2931 890 889
f 1237 893 2851
f 2851 893 892
f 898 853 899
f 899 853 963
f 988 987 989
f 989 987 986
f 1002 1007 1003
f 1003 1007 1006
f 1038 1036 1007
f 1007 1036 1004
f 1070 1052 1005
f 1005 1052 1006
f 1069 1067 1070
f 1070 1067 1052
f 1130 1129 1134
f 1134 1129 1135
f 879 1167 880
f 880 1167 1166
f 1171 1169 1037
f 1037 1169 1038
f 1085 1180 1069
f 1069 1180 1067
f 1209 1210 879
f 879 1210 1167
f 2885 1215 1754
f 1754 1215 1214
f 1263 855 834
f 834 855 854
f 708 1244 1826
f 1826 1244 1243
f 2909 894 1254
f 1254 894 893
f 1228 1361 964
f 964 1361 1360
f 2908 2907 1436
f 1436 2907 1437
f 2990 1440 2991
f 2991 1440 1439
f 964 1360 965
f 965 1360 1454
f 950 1457 951
f 951 1457 1456
f 970 1463 971
f 971 1463 1462
f 1025 1169 984
f 984 1169 986
f 1084 1097 1469
f 1469 1097 1470
f 1096 1115 1474
f 1474 1115 1475
f 1140 1361 1141
f 1141 1361 1476
f 1212 1495 2828
f 2828 1495 1494
f 880 1166 1452
f 1452 1166 1499
f 715 2905 1504
f 1504 2905 2906
f 954 1519 955
f 955 1519 1518
f 1026 1520 992
f 992 1520 1518
f 1029 1520 1043
f 1043 1520 1521
f 997 1522 1040
f 1040 1522 1521
f 1015 1522 1016
f 1016 1522 1523
f 1523 996 1524
f 1524 996 1062
f 1057 1060 1525
f 1525 1060 1524
f 1094 1528 1082
f 1082 1528 1527
f 1526 1528 1089
f 1089 1528 1529
f 1090 1531 1108
f 1108 1531 1530
f 1125 1533 1126
f 1126 1533 1532
f 3483 1755 727
f 727 1755 1214
f 735 1814 707
f 707 1814 1813
f 2891 1834 1246
f 1246 1834 1243
f 2904 1881 1847
f 1847 1881 1848
f 1852 1855 1853
f 1853 1855 1858
f 1902 2903 1877
f 1877 2903 1878
f 2903 2904 1878
f 1878 2904 1847
f 714 713 1848
f 1848 713 1849
f 1440 2990 1883
f 1883 2990 2989
f 1883 2989 1852
f 1852 2989 1855
f 2895 1888 2892
f 2892 1888 1887
f 774 777 1877
f 1877 777 1903
f 1251 2835 1252
f 1252 2835 2834
f 1213 2844 1212
f 1212 2844 1495
f 2851 892 1213
f 1213 892 2844
f 3123 2911 3124
f 3124 2911 2910
f 887 2929 888
f 888 2929 889
f 1435 2963 1436
f 1436 2963 2961
f 1253 1438 1254
f 1254 1438 1437
f 2970 731 735
f 735 731 1814
f 733 732 2885
f 2885 732 1215
f 2901 2902 2976
f 2976 2902 2977
f 2975 2982 2976
f 2976 2982 2979
f 2899 2900 2981
f 2981 2900 2979
f 2899 2981 2898
f 2898 2981 2983
f 2986 2985 2984
f 2984 2985 2983
f 2897 2985 2896
f 2896 2985 2988
f 2991 1439 2987
f 2987 1439 2988
f 777 2978 1903
f 1903 2978 2977
f 1885 1888 1858
f 1858 1888 1853
f 3090 3088 836
f 836 3088 833
f 3083 3088 3097
f 3097 3088 3096
f 3097 3096 3104
f 3104 3096 3106
f 3111 3116 3108
f 3108 3116 3109
f 3112 3111 3114
f 3114 3111 3108
f 3113 3122 3114
f 3114 3122 3115
f 891 890 2837
f 2837 890 2834
f 951 1456 954
f 954 1456 1519
f 967 1457 936
f 936 1457 1454
f 971 1462 902
f 902 1462 963
f 1461 1463 988
f 988 1463 987
f 1466 1468 1474
f 1474 1468 1470
f 1089 1529 1090
f 1090 1529 1531
f 1184 1181 1469
f 1469 1181 1180
f 1082 1527 1061
f 1061 1527 1525
f 1129 1473 1135
f 1135 1473 1475
f 1108 1530 1105
f 1105 1530 1532
f 1452 1499 3132
f 3132 1499 3136
f 3109 3116 3139
f 3139 3116 3138
f 2912 2911 887
f 887 2911 2929
f 2836 2835 1497
f 1497 2835 1494
f 2913 3102 2910
f 2910 3102 3115
f 1133 3187 1134
f 1134 3187 3185
f 3177 3176 3197
f 3197 3176 3198
f 3203 3183 3206
f 3206 3183 3207
f 3196 3202 3197
f 3197 3202 3211
f 3183 3182 3207
f 3207 3182 3185
f 1125 3180 1533
f 1533 3180 3198
f 3331 3203 3330
f 3330 3203 3206
f 3376 3379 3385
f 3385 3379 3386
f 3382 3376 3392
f 3392 3376 3385
f 3412 3415 3413
f 3413 3415 3414
f 3417 3396 3415
f 3415 3396 3395
f 3383 3386 3426
f 3426 3386 3425
f 3413 3414 3432
f 3432 3414 3430
f 3437 3396 3435
f 3435 3396 3417
f 3329 3382 3330
f 3330 3382 3392
f 3426 3425 3460
f 3460 3425 3458
f 3432 3430 3457
f 3457 3430 3463
f 3457 3463 3456
f 3456 3463 3465
f 3460 3458 3467
f 3467 3458 3466
f 3466 3455 3465
f 3465 3455 3456
f 3202 3437 3211
f 3211 3437 3435
f 3104 3106 3138
f 3138 3106 3139
f 3132 3136 1227
f 1227 3136 1476
f 943 687 600
f 600 687 601
f 596 625 667
f 667 625 1297
f 687 686 601
f 601 686 653
f 1319 784 711
f 711 784 712
f 1811 607 783
f 783 607 712
f 862 921 917
f 917 921 920
f 3478 925 3479
f 3479 925 924
f 2846 926 3478
f 3478 926 925
f 659 662 929
f 929 662 930
f 856 921 857
f 857 921 1204
f 1206 864 1207
f 1207 864 863
f 2876 1219 2877
f 2877 1219 1218
f 667 1297 593
f 593 1297 1296
f 917 920 1333
f 1333 920 1346
f 686 693 653
f 653 693 930
f 1277 913 1498
f 1498 913 1207
f 592 1536 610
f 610 1536 711
f 864 1206 1805
f 1805 1206 1804
f 1317 1536 1900
f 1900 1536 1809
f 1900 1809 1295
f 1295 1809 1296
f 3479 924 3477
f 3477 924 2824
f 927 926 1203
f 1203 926 2847
f 3484 2859 3032
f 3032 2859 3033
f 3472 2878 1217
f 1217 2878 1218
f 2889 2888 2880
f 2880 2888 2881
f 2886 2883 2887
f 2887 2883 2882
f 929 928 2847
f 2847 928 1203
f 857 1204 2921
f 2921 1204 2926
f 1820 1819 2882
f 2882 1819 2881
f 1821 2883 2876
f 2876 2883 1219
f 782 2889 783
f 783 2889 2880
f 1352 3034 1353
f 1353 3034 3033
f 3031 3034 3041
f 3041 3034 3043
f 944 943 3043
f 3043 943 600
f 1339 3145 1498
f 1498 3145 3143
f 1208 882 3148
f 3148 882 3143
f 2921 2926 3151
f 3151 2926 3156
f 3477 2824 1345
f 1345 2824 1346
f 1805 1804 3154
f 3154 1804 3156
f 886 3103 883
f 883 3103 3482
f 841 1248 3485
f 3485 1248 3121
f 2811 2819 2812
f 2812 2819 2816
f 2818 2815 2817
f 2817 2815 2806
f 2817 2816 2818
f 2818 2816 2819
f 2793 2795 2819
f 2819 2795 2818
f 243 352 2793
f 2793 352 2795
f 242 353 243
f 243 353 352
f 359 191 242
f 242 191 353
f 247 192 359
f 359 192 191
f 157 193 247
f 247 193 192
f 156 194 157
f 157 194 193
f 378 261 156
f 156 261 194
f 378 381 261
f 261 381 195
f 195 381 196
f 196 381 376
f 196 376 198
f 198 376 375
f 375 1776 198
f 198 1776 197
f 1776 1767 197
f 197 1767 274
f 181 274 199
f 199 274 1767
f 568 566 564
f 564 566 563
f 568 569 566
f 566 569 567
f 501 1773 1771
f 1771 1773 578
f 547 579 1773
f 1773 579 578
f 3486 470 474
f 474 470 469
f 450 582 3487
f 3487 582 3488
f 582 583 3488
f 3488 583 3489
f 583 584 3489
f 3489 584 3490
f 3490 584 3491
f 3491 584 543
f 470 3486 466
f 466 3486 467
f 3489 3490 503
f 503 3490 504
f 503 3492 3489
f 3489 3492 3488
f 3492 503 3493
f 3493 503 502
f 3495 3492 3494
f 3494 3492 3493
f 3487 3488 3495
f 3495 3488 3492
f 468 1774 465
f 465 1774 570
f 3494 3493 1775
f 1775 3493 1771
f 3490 3491 504
f 504 3491 1772
f 3491 543 1772
f 1772 543 548
f 450 3487 474
f 474 3487 3486
f 3495 467 3487
f 3487 467 3486
f 3494 468 3495
f 3495 468 467
f 468 3494 1774
f 1774 3494 1775
f 501 1771 502
f 502 1771 3493
f 527 366 384
f 384 366 365
f 522 524 527
f 527 524 366
f 521 534 522
f 522 534 524
f 530 535 521
f 521 535 534
f 508 486 513
f 513 486 532
f 513 532 541
f 541 532 535
f 667 668 596
f 596 668 597
f 1294 1297 624
f 624 1297 625
f 603 641 604
f 604 641 640
f 1290 1293 650
f 650 1293 651
f 1758 691 660
f 660 691 661
f 602 671 599
f 599 671 670
f 654 662 690
f 690 662 661
f 2856 598 695
f 695 598 597
f 602 654 671
f 671 654 690
f 604 640 676
f 676 640 704
f 1826 1829 708
f 708 1829 709
f 1288 1284 740
f 740 1284 741
f 755 754 758
f 758 754 759
f 2853 2856 932
f 932 2856 695
f 689 691 1192
f 1192 691 1193
f 784 1319 1240
f 1240 1319 1241
f 1813 1816 1244
f 1244 1816 1245
f 754 1288 759
f 759 1288 740
f 1894 1242 1318
f 1318 1242 1241
f 2867 1348 1418
f 1418 1348 1347
f 676 704 673
f 673 704 1347
f 1284 1287 741
f 741 1287 1419
f 1421 1426 1422
f 1422 1426 1425
f 1758 660 615
f 615 660 616
f 1192 1191 1421
f 1421 1191 1426
f 2962 1839 1504
f 1504 1839 1505
f 941 1194 1759
f 1759 1194 1193
f 1287 1537 1419
f 1419 1537 1760
f 1882 2893 1823
f 1823 2893 1824
f 1886 1891 1827
f 1827 1891 1828
f 1887 1886 1834
f 1834 1886 1827
f 1841 716 1838
f 1838 716 1505
f 782 784 1850
f 1850 784 1240
f 1239 1242 1863
f 1863 1242 1864
f 1242 1894 1864
f 1864 1894 1873
f 1822 1239 1823
f 1823 1239 1863
f 1318 1317 1895
f 1895 1317 1900
f 1894 1896 1873
f 1873 1896 1897
f 1291 1896 1292
f 1292 1896 1895
f 605 1898 606
f 606 1898 1897
f 1258 1257 2854
f 2854 1257 2855
f 1257 1351 2855
f 2855 1351 2857
f 1351 1353 2857
f 2857 1353 2858
f 1353 3033 2858
f 2858 3033 2859
f 2860 2861 3036
f 3036 2861 3037
f 2862 2863 2870
f 2870 2863 3039
f 2870 2869 2862
f 2862 2869 2864
f 2868 2865 2869
f 2869 2865 2864
f 1764 2866 2868
f 2868 2866 2865
f 1537 1199 1760
f 1760 1199 1348
f 615 2884 1758
f 1758 2884 1759
f 1825 1246 2890
f 2890 1246 1245
f 2893 2892 1824
f 1824 2892 2891
f 761 2960 758
f 758 2960 2906
f 3000 2943 2940
f 2940 2943 2941
f 2968 710 2950
f 2950 710 709
f 1764 1423 2866
f 2866 1423 2953
f 1423 645 2953
f 2953 645 2954
f 645 644 2954
f 2954 644 2955
f 644 738 2955
f 2955 738 2956
f 738 764 2956
f 2956 764 2957
f 764 763 2957
f 2957 763 2958
f 763 2908 2958
f 2958 2908 2959
f 2908 1436 2959
f 2959 1436 2961
f 1837 2964 1435
f 1435 2964 2963
f 1837 2937 2964
f 2964 2937 2965
f 2936 2968 2966
f 2966 2968 2950
f 1840 2942 1838
f 1838 2942 2941
f 2939 2949 2940
f 2940 2949 3006
f 2939 2942 2966
f 2966 2942 2965
f 1822 1825 1850
f 1850 1825 2890
f 1891 3005 1828
f 1828 3005 3006
f 3035 3038 3045
f 3045 3038 3042
f 3045 3044 3035
f 3035 3044 3040
f 669 1422 3045
f 3045 1422 3044
f 599 670 3041
f 3041 670 3042
f 931 3067 932
f 932 3067 3065
f 2853 3066 2854
f 2854 3066 3076
f 3067 3496 3065
f 3065 3496 3497
f 3066 3498 3076
f 3076 3498 3499
f 707 1813 708
f 708 1813 1244
f 2960 2962 2906
f 2906 2962 1504
f 2892 1887 2891
f 2891 1887 1834
f 1839 2962 2963
f 2963 2962 2961
f 595 626 596
f 596 626 625
f 623 626 3484
f 3484 626 2859
f 1291 1290 606
f 606 1290 603
f 1290 650 603
f 603 650 641
f 641 650 642
f 642 650 649
f 2860 2863 649
f 649 2863 642
f 3036 3039 2860
f 2860 3039 2863
f 3035 3040 3036
f 3036 3040 3039
f 1294 1293 1295
f 1295 1293 1292
f 624 651 1294
f 1294 651 1293
f 623 652 624
f 624 652 651
f 3484 2861 623
f 623 2861 652
f 3032 3037 3484
f 3484 3037 2861
f 3031 3038 3032
f 3032 3038 3037
f 3481 2848 2884
f 2884 2848 942
f 2846 617 1427
f 1427 617 616
f 3049 3167 3048
f 3048 3167 3500
f 1906 3048 3070
f 3070 3048 3500
f 1337 1768 3501
f 3501 1768 3502
f 3020 3503 3021
f 3021 3503 3024
f 2914 3023 3020
f 3020 3023 3503
f 859 1770 860
f 860 1770 3504
f 1336 3505 1768
f 1768 3505 3502
f 3065 3497 3066
f 3066 3497 3498
f 2814 3075 3067
f 3067 3075 3496
f 2839 3174 766
f 766 3174 3017
f 1337 3501 1338
f 1338 3501 1769
f 767 3018 3026
f 3026 3018 3506
f 3076 3499 3064
f 3064 3499 3507
f 727 730 3483
f 3483 730 3030
f 3064 3507 2871
f 2871 3507 3077
f 3100 3160 1786
f 1786 3160 1784
f 3026 3506 752
f 752 3506 3015
f 860 3504 2923
f 2923 3504 3508
f 753 3016 3027
f 3027 3016 3509
f 3027 3509 3008
f 3008 3509 3028
f 1782 1785 1783
f 1783 1785 3022
f 2923 3508 3153
f 3153 3508 3161
f 3148 3149 1208
f 1208 3149 3150
f 1335 1328 3510
f 3510 1328 1327
f 1336 1335 3505
f 3505 1335 3510
f 866 3511 1340
f 1340 3511 3146
f 865 1808 866
f 866 1808 3511
f 842 841 3159
f 3159 841 3485
f 2849 3512 1329
f 1329 3512 1326
f 1202 1331 2849
f 2849 1331 3512
f 3514 3515 3513
f 3513 3515 3516
f 3518 3516 3517
f 3517 3516 3515
f 3519 3520 3514
f 3514 3520 3515
f 3522 3523 3521
f 3521 3523 3524
f 3526 3527 3525
f 3525 3527 3528
f 3530 3531 3529
f 3529 3531 3532
f 3534 3535 3533
f 3533 3535 3536
f 3529 3532 3537
f 3537 3532 3538
f 3537 3539 3529
f 3529 3539 3540
f 3542 3543 3541
f 3541 3543 3544
f 3546 3547 3545
f 3545 3547 3548
f 3550 3534 3549
f 3549 3534 3533
f 3550 3543 3551
f 3551 3543 3552
f 3537 3545 3539
f 3539 3545 3548
f 3553 3554 3556
f 3556 3554 3555
f 3537 3557 3545
f 3545 3557 3546
f 3558 3559 3561
f 3561 3559 3560
f 3563 3564 3562
f 3562 3564 3565
f 3564 3563 3566
f 3566 3563 3567
f 3569 3570 3568
f 3568 3570 3571
f 3573 3574 3572
f 3572 3574 3575
f 3577 3578 3576
f 3576 3578 3579
f 3581 3582 3580
f 3580 3582 3583
f 3585 3586 3584
f 3584 3586 3579
f 3586 3587 3579
f 3579 3587 3576
f 3589 3590 3588
f 3588 3590 3591
f 3592 3593 3595
f 3595 3593 3594
f 3597 3598 3596
f 3596 3598 3595
f 3583 3600 3599
f 3599 3600 3601
f 3603 3599 3602
f 3602 3599 3601
f 3605 3606 3604
f 3604 3606 3607
f 3608 3555 3596
f 3596 3555 3554
f 3597 3610 3609
f 3609 3610 3565
f 3564 3611 3565
f 3565 3611 3609
f 3611 3564 3612
f 3612 3564 3566
f 3613 3614 3569
f 3569 3614 3570
f 3615 3616 3573
f 3573 3616 3574
f 3517 3617 3518
f 3518 3617 3618
f 3620 3621 3619
f 3619 3621 3622
f 3624 3625 3623
f 3623 3625 3626
f 3628 3629 3627
f 3627 3629 3630
f 3632 3633 3631
f 3631 3633 3634
f 3636 3637 3635
f 3635 3637 3638
f 3640 3641 3639
f 3639 3641 3642
f 3643 3644 3639
f 3639 3644 3640
f 3646 3513 3645
f 3645 3513 3647
f 3648 3514 3646
f 3646 3514 3513
f 3649 3519 3648
f 3648 3519 3514
f 3650 3651 3527
f 3527 3651 3652
f 3654 3651 3653
f 3653 3651 3650
f 3568 3571 3655
f 3655 3571 3656
f 3657 3658 3653
f 3653 3658 3659
f 3661 3662 3660
f 3660 3662 3658
f 3664 3665 3663
f 3663 3665 3666
f 3667 3657 3650
f 3650 3657 3653
f 3669 3523 3668
f 3668 3523 3670
f 3672 3673 3671
f 3671 3673 3674
f 3676 3677 3675
f 3675 3677 3678
f 3671 3674 3676
f 3676 3674 3677
f 3680 3681 3679
f 3679 3681 3682
f 3683 3684 3680
f 3680 3684 3681
f 3685 3686 3661
f 3661 3686 3662
f 3686 3687 3662
f 3662 3687 3688
f 3684 3683 3689
f 3689 3683 3690
f 3692 3693 3691
f 3691 3693 3694
f 3691 3694 3695
f 3695 3694 3696
f 3698 3699 3697
f 3697 3699 3700
f 3702 3703 3701
f 3701 3703 3704
f 3705 3706 3519
f 3519 3706 3520
f 3673 3672 3707
f 3707 3672 3708
f 3709 3710 3682
f 3682 3710 3679
f 3711 3712 3692
f 3692 3712 3693
f 3714 3715 3713
f 3713 3715 3716
f 3718 3700 3717
f 3717 3700 3699
f 3720 3721 3719
f 3719 3721 3722
f 3724 3725 3723
f 3723 3725 3726
f 3727 3728 3730
f 3730 3728 3729
f 3722 3721 3731
f 3731 3721 3732
f 3697 3700 3733
f 3733 3700 3714
f 3733 3714 3734
f 3734 3714 3713
f 3721 3723 3732
f 3732 3723 3735
f 3720 3736 3724
f 3724 3736 3737
f 3700 3718 3714
f 3714 3718 3715
f 3717 3699 3738
f 3738 3699 3739
f 3536 3740 3533
f 3533 3740 3540
f 3742 3743 3741
f 3741 3743 3744
f 3746 3747 3745
f 3745 3747 3748
f 3750 3751 3749
f 3749 3751 3752
f 3627 3632 3628
f 3628 3632 3631
f 3754 3755 3753
f 3753 3755 3626
f 3562 3565 3756
f 3756 3565 3610
f 3527 3652 3528
f 3528 3652 3757
f 3758 3524 3669
f 3669 3524 3523
f 3582 3598 3583
f 3583 3598 3600
f 3759 3670 3522
f 3522 3670 3523
f 3675 3678 3760
f 3760 3678 3761
f 3762 3763 3690
f 3690 3763 3689
f 3765 3766 3764
f 3764 3766 3767
f 3768 3739 3698
f 3698 3739 3699
f 3726 3725 3770
f 3770 3725 3769
f 3645 3647 3771
f 3771 3647 3772
f 3645 3678 3646
f 3646 3678 3677
f 3646 3677 3648
f 3648 3677 3674
f 3673 3649 3674
f 3674 3649 3648
f 3707 3773 3673
f 3673 3773 3649
f 3775 3776 3774
f 3774 3776 3777
f 3779 3526 3778
f 3778 3526 3525
f 3526 3779 3667
f 3667 3779 3780
f 3780 3781 3667
f 3667 3781 3657
f 3672 3679 3708
f 3708 3679 3710
f 3671 3680 3672
f 3672 3680 3679
f 3676 3683 3671
f 3671 3683 3680
f 3675 3690 3676
f 3676 3690 3683
f 3760 3762 3675
f 3675 3762 3690
f 3682 3681 3783
f 3783 3681 3782
f 3689 3784 3684
f 3684 3784 3785
f 3684 3785 3681
f 3681 3785 3782
f 3786 3709 3783
f 3783 3709 3682
f 3784 3689 3787
f 3787 3689 3763
f 3789 3557 3788
f 3788 3557 3790
f 3792 3793 3791
f 3791 3793 3794
f 3616 3615 3795
f 3795 3615 3796
f 3797 3798 3727
f 3727 3798 3728
f 3800 3801 3799
f 3799 3801 3802
f 3803 3578 3592
f 3592 3578 3593
f 3805 3806 3804
f 3804 3806 3807
f 3599 3603 3585
f 3585 3603 3586
f 3587 3586 3604
f 3604 3586 3603
f 3588 3591 3794
f 3794 3591 3791
f 3581 3803 3582
f 3582 3803 3592
f 3594 3561 3608
f 3608 3561 3790
f 3662 3688 3808
f 3808 3688 3809
f 3665 3664 3810
f 3810 3664 3811
f 3719 3812 3720
f 3720 3812 3736
f 3717 3813 3718
f 3718 3813 3737
f 3723 3721 3724
f 3724 3721 3720
f 3813 3717 3814
f 3814 3717 3738
f 3815 3816 303
f 303 3816 304
f 3818 3819 3817
f 3817 3819 3820
f 3578 3803 3579
f 3579 3803 3584
f 3558 3593 3577
f 3577 3593 3578
f 3822 3823 3821
f 3821 3823 3824
f 3546 3826 3825
f 3825 3826 3827
f 3828 3829 3547
f 3547 3829 3541
f 3831 3542 3830
f 3830 3542 3832
f 3834 3822 3833
f 3833 3822 3821
f 3835 3836 3827
f 3827 3836 3825
f 3800 3799 3828
f 3828 3799 3829
f 3830 3832 3837
f 3837 3832 3838
f 331 330 3551
f 3551 330 3839
f 3831 333 3552
f 3552 333 332
f 3819 3797 3841
f 3841 3797 3840
f 3513 3516 3647
f 3647 3516 3746
f 337 336 3745
f 3745 336 3772
f 3525 3528 3775
f 3775 3528 3749
f 3610 3597 3554
f 3554 3597 3596
f 3706 3702 3520
f 3520 3702 3701
f 3756 3610 3553
f 3553 3610 3554
f 3757 3750 3528
f 3528 3750 3749
f 3517 3515 3701
f 3701 3515 3520
f 3842 3584 3581
f 3581 3584 3803
f 3525 3775 3778
f 3778 3775 3774
f 3638 3843 3635
f 3635 3843 3618
f 3617 3621 3618
f 3618 3621 3635
f 3617 3517 3704
f 3704 3517 3701
f 3521 3624 3522
f 3522 3624 3623
f 3749 3844 3775
f 3775 3844 3776
f 3846 3847 3845
f 3845 3847 3848
f 3843 3747 3618
f 3618 3747 3518
f 3850 3851 3849
f 3849 3851 3748
f 3853 3854 3852
f 3852 3854 3855
f 3856 3857 3622
f 3622 3857 3619
f 3859 3860 3858
f 3858 3860 3861
f 3862 3844 3752
f 3752 3844 3749
f 3863 3759 3623
f 3623 3759 3522
f 3864 3777 3630
f 3630 3777 3776
f 3713 3865 3734
f 3734 3865 3866
f 3868 3869 3867
f 3867 3869 3870
f 3872 3873 3871
f 3871 3873 3874
f 3876 3877 3875
f 3875 3877 3878
f 3879 3880 3878
f 3878 3880 3881
f 3882 3883 3885
f 3885 3883 3884
f 3780 3886 3781
f 3781 3886 3887
f 3888 3685 3869
f 3869 3685 3661
f 3880 3879 3883
f 3883 3879 3884
f 3693 3783 3694
f 3694 3783 3782
f 3696 3785 3764
f 3764 3785 3784
f 3694 3782 3696
f 3696 3782 3785
f 3693 3786 3783
f 3787 3765 3784
f 3784 3765 3764
f 386 385 3765
f 3765 385 3766
f 3695 3889 3691
f 3691 3889 3890
f 3691 3890 3692
f 3692 3890 3891
f 3892 3711 3891
f 3891 3711 3692
f 3767 3893 3695
f 3695 3893 3889
f 3766 3894 3767
f 3767 3894 3893
f 3882 3885 3895
f 3895 3885 3896
f 3898 3698 3897
f 3897 3698 3697
f 3897 3697 3899
f 3899 3697 3733
f 3899 3733 3900
f 3900 3733 3734
f 3901 3768 3898
f 3898 3768 3698
f 3901 3902 3768
f 3768 3902 3903
f 3904 3905 3907
f 3907 3905 3906
f 3869 3661 3870
f 3870 3661 3660
f 3908 3909 3896
f 3896 3909 3895
f 3909 3758 3895
f 3895 3758 3669
f 3751 3531 3752
f 3752 3531 3848
f 3858 3536 3854
f 3854 3536 3535
f 3652 3562 3757
f 3757 3562 3756
f 3651 3654 3563
f 3563 3654 3567
f 3655 3656 3808
f 3808 3656 3659
f 3530 3740 3845
f 3845 3740 3861
f 3751 3750 3556
f 3556 3750 3553
f 3817 3820 3796
f 3796 3820 3795
f 410 409 3910
f 3910 409 3855
f 3750 3757 3553
f 3553 3757 3756
f 3908 3886 3909
f 3909 3886 3780
f 409 411 3855
f 3855 411 3851
f 413 412 3760
f 3760 412 3762
f 415 414 3763
f 3763 414 3787
f 3790 3557 3538
f 3538 3557 3537
f 3555 3608 3538
f 3538 3608 3790
f 3574 3911 3575
f 3575 3911 3912
f 3535 3534 3910
f 3910 3534 3839
f 3831 3552 3542
f 3542 3552 3543
f 3534 3550 3839
f 3839 3550 3551
f 3543 3550 3544
f 3544 3550 3549
f 3913 3914 3916
f 3916 3914 3915
f 3806 3805 3589
f 3589 3805 3590
f 3849 3843 3917
f 3917 3843 3638
f 3853 3644 3859
f 3859 3644 3742
f 3747 3746 3518
f 3518 3746 3516
f 3695 3696 3767
f 3767 3696 3764
f 3903 3918 3768
f 3768 3918 3739
f 3738 3739 3816
f 3816 3739 3918
f 3919 3920 3769
f 3769 3920 3770
f 3921 3726 3922
f 3922 3726 3770
f 3678 3645 3761
f 3761 3645 3771
f 3924 3913 3923
f 3923 3913 3916
f 3802 3925 3838
f 3838 3925 3837
f 3577 3926 3558
f 3558 3926 3559
f 3815 3919 3814
f 3814 3919 3769
f 3927 3928 3822
f 3822 3928 3823
f 3829 3832 3541
f 3541 3832 3542
f 3834 3927 3822
f 3832 3829 3838
f 3838 3829 3799
f 3745 3772 3746
f 3746 3772 3647
f 3849 3748 3843
f 3843 3748 3747
f 3854 3853 3858
f 3858 3853 3859
f 3854 3535 3855
f 3855 3535 3910
f 3557 3789 3546
f 3546 3789 3826
f 3923 3823 3924
f 3924 3823 3928
f 3823 3923 3929
f 3929 3923 3930
f 3531 3751 3532
f 3532 3751 3556
f 3532 3556 3538
f 3538 3556 3555
f 3932 3634 3931
f 3931 3634 3633
f 3814 3769 3813
f 3813 3769 3725
f 3620 3636 3621
f 3621 3636 3635
f 3847 3862 3848
f 3848 3862 3752
f 3531 3530 3848
f 3848 3530 3845
f 3933 3934 3830
f 3830 3934 3831
f 3925 3933 3837
f 3837 3933 3830
f 3934 440 3831
f 3831 440 333
f 3925 3802 3833
f 3833 3802 3801
f 3776 3844 3630
f 3630 3844 3627
f 3808 3659 3662
f 3662 3659 3658
f 3667 3650 3526
f 3526 3650 3527
f 3935 3666 3936
f 3936 3666 3665
f 3718 3737 3715
f 3715 3737 3736
f 3663 3809 3664
f 3664 3809 3688
f 3807 3806 3938
f 3938 3806 3937
f 445 413 3761
f 3761 413 3760
f 3902 447 3903
f 3903 447 446
f 3897 3890 3898
f 3898 3890 3889
f 3899 3891 3897
f 3897 3891 3890
f 3898 3889 3901
f 3901 3889 3893
f 3893 3894 3901
f 3901 3894 3902
f 414 386 3787
f 3787 386 3765
f 3940 3941 3939
f 3939 3941 3942
f 3840 3797 3943
f 3943 3797 3727
f 3665 3810 3936
f 3936 3810 3944
f 3921 3735 3726
f 3726 3735 3723
f 3920 3945 3770
f 3770 3945 3922
f 3521 3524 3774
f 3774 3524 3778
f 3864 3946 3625
f 3625 3946 3947
f 3773 3705 3649
f 3649 3705 3519
f 3779 3778 3758
f 3758 3778 3524
f 3812 3716 3736
f 3736 3716 3715
f 3624 3521 3777
f 3777 3521 3774
f 3703 3856 3704
f 3704 3856 3622
f 3900 3892 3899
f 3899 3892 3891
f 3641 3917 3642
f 3642 3917 3948
f 3895 3669 3882
f 3882 3669 3668
f 3855 3851 3852
f 3852 3851 3850
f 3894 458 3902
f 3902 458 447
f 3781 3887 3660
f 3660 3887 3870
f 3570 3566 3571
f 3571 3566 3567
f 3950 3576 3949
f 3949 3576 3587
f 3605 3602 3614
f 3614 3602 3612
f 3614 3612 3570
f 3570 3612 3566
f 3571 3567 3656
f 3656 3567 3654
f 3660 3658 3781
f 3781 3658 3657
f 3604 3607 3587
f 3587 3607 3949
f 3653 3659 3654
f 3654 3659 3656
f 3529 3540 3530
f 3530 3540 3740
f 3687 3811 3688
f 3688 3811 3664
f 3813 3725 3737
f 3737 3725 3724
f 3919 3815 461
f 461 3815 303
f 3818 3798 3819
f 3819 3798 3797
f 3819 3841 3820
f 3820 3841 3951
f 3816 3815 3738
f 3738 3815 3814
f 3540 3539 3533
f 3533 3539 3549
f 3548 3547 3544
f 3544 3547 3541
f 3539 3548 3549
f 3549 3548 3544
f 3741 3931 3860
f 3860 3931 3846
f 3801 3800 3835
f 3835 3800 3836
f 3934 3933 3824
f 3824 3933 3821
f 3825 3828 3546
f 3546 3828 3547
f 3833 3821 3925
f 3925 3821 3933
f 3800 3828 3836
f 3836 3828 3825
f 3824 3952 3934
f 3934 3952 440
f 3860 3846 3861
f 3861 3846 3845
f 3629 3946 3630
f 3630 3946 3864
f 3740 3536 3861
f 3861 3536 3858
f 3833 3801 3834
f 3834 3801 3835
f 3583 3599 3580
f 3580 3599 3585
f 3651 3563 3652
f 3652 3563 3562
f 3758 3909 3779
f 3779 3909 3780
f 3621 3617 3622
f 3622 3617 3704
f 3625 3947 3626
f 3626 3947 3753
f 3633 3632 3847
f 3847 3632 3862
f 3852 3850 3640
f 3640 3850 3641
f 3644 3853 3640
f 3640 3853 3852
f 3859 3742 3860
f 3860 3742 3741
f 3632 3627 3862
f 3862 3627 3844
f 3755 3863 3626
f 3626 3863 3623
f 3917 3638 3948
f 3948 3638 3637
f 3644 3643 3742
f 3742 3643 3743
f 3931 3633 3846
f 3846 3633 3847
f 3625 3624 3864
f 3864 3624 3777
f 3917 3641 3849
f 3849 3641 3850
f 3744 3932 3741
f 3741 3932 3931
f 3903 446 3918
f 3918 446 464
f 3953 3954 3956
f 3956 3954 3955
f 3958 3959 3957
f 3957 3959 3960
f 3876 3958 3877
f 3877 3958 3957
f 3877 3957 3961
f 3961 3957 3962
f 3963 3964 3958
f 3958 3964 3959
f 3965 3966 3876
f 3876 3966 3958
f 3966 3963 3958
f 3966 3967 3963
f 3963 3967 3968
f 3878 3877 3879
f 3879 3877 3961
f 3967 3969 3968
f 3968 3969 3970
f 3969 3971 3970
f 3970 3971 3972
f 3974 3904 3973
f 3973 3904 3907
f 3971 3975 3972
f 3972 3975 3976
f 3976 3975 3978
f 3978 3975 3977
f 3979 3980 3977
f 3977 3980 3978
f 3981 3982 3979
f 3979 3982 3980
f 3983 3984 3981
f 3981 3984 3982
f 3972 3985 3970
f 3970 3985 3986
f 3871 3987 3969
f 3969 3987 3971
f 3872 3871 3967
f 3967 3871 3969
f 3965 3872 3966
f 3966 3872 3967
f 3970 3986 3968
f 3968 3986 3988
f 3879 3961 3884
f 3884 3961 3940
f 3884 3940 3885
f 3885 3940 3939
f 3989 3990 3992
f 3992 3990 3991
f 3942 3993 3995
f 3995 3993 3994
f 3994 3996 3995
f 3995 3996 3974
f 3997 3998 3994
f 3994 3998 3996
f 3999 3997 3993
f 3993 3997 3994
f 4001 3996 4000
f 4000 3996 3998
f 4000 3998 4002
f 4002 3998 4003
f 4004 4003 3997
f 3997 4003 3998
f 3997 3999 4004
f 4004 3999 4005
f 4006 3995 3973
f 3973 3995 3974
f 3939 3942 4006
f 4006 3942 3995
f 3906 3887 3907
f 3907 3887 3886
f 3887 3906 3870
f 3870 3906 3867
f 3908 3973 3886
f 3886 3973 3907
f 3865 4007 3866
f 3866 4007 4008
f 3984 3983 4009
f 4009 3983 4010
f 3961 3962 3940
f 3940 3962 3941
f 4012 3868 4011
f 4011 3868 3867
f 4013 3975 3987
f 3987 3975 3971
f 4014 3977 4013
f 4013 3977 3975
f 4015 4010 4007
f 4007 4010 3983
f 4007 3983 4008
f 4008 3983 3981
f 4008 3981 4016
f 4016 3981 3979
f 4017 3984 4018
f 4018 3984 4009
f 3977 4014 3979
f 3979 4014 4016
f 3982 3984 4019
f 4019 3984 4017
f 4021 4022 4020
f 4020 4022 4023
f 4022 4012 4023
f 4023 4012 4011
f 4023 3904 4020
f 4020 3904 3974
f 4024 4025 4018
f 4018 4025 4017
f 4026 4027 4024
f 4024 4027 4025
f 4028 4026 4029
f 4029 4026 4024
f 4018 4021 4024
f 4024 4021 4029
f 4030 4031 4026
f 4026 4031 4027
f 4032 4030 4028
f 4028 4030 4026
f 4029 4001 4028
f 4028 4001 4000
f 4028 4000 4032
f 4032 4000 4002
f 4034 4035 4033
f 4033 4035 4036
f 4037 4038 4019
f 4019 4038 4039
f 4041 4039 4040
f 4040 4039 4038
f 4040 4038 4042
f 4042 4038 4036
f 4042 4036 4043
f 4043 4036 4035
f 3985 4044 4046
f 4046 4044 4045
f 4047 4048 4045
f 4045 4048 4046
f 4047 4049 4048
f 4048 4049 4050
f 4042 4047 4040
f 4040 4047 4045
f 4043 4049 4042
f 4042 4049 4047
f 4040 4045 4041
f 4041 4045 4044
f 4052 3959 4051
f 4051 3959 3964
f 4053 4054 4051
f 4051 4054 4055
f 3956 3960 4052
f 4052 3960 3959
f 3953 3956 4056
f 4056 3956 4052
f 4058 3953 4057
f 4057 3953 4056
f 4060 4061 4059
f 4059 4061 4062
f 4063 4064 4054
f 4054 4064 4057
f 4054 4053 4063
f 4063 4053 4065
f 4066 4067 4069
f 4069 4067 4068
f 4048 4050 4063
f 4063 4050 4064
f 4063 4065 4048
f 4048 4065 4046
f 3985 4046 3986
f 3986 4046 4065
f 3986 4065 3988
f 3988 4065 4053
f 3988 4053 3964
f 3964 4053 4051
f 3976 3978 4044
f 4044 3978 4041
f 3980 3982 4039
f 4039 3982 4019
f 4039 4041 3980
f 3980 4041 3978
f 3973 3908 4006
f 4006 3908 3896
f 3885 3939 3896
f 3896 3939 4006
f 4031 4034 4027
f 4027 4034 4033
f 4027 4033 4025
f 4025 4033 4037
f 4019 4017 4037
f 4037 4017 4025
f 3993 3942 4070
f 4070 3942 3941
f 3999 3993 4071
f 4071 3993 4070
f 3999 4071 4005
f 4005 4071 4072
f 4073 4074 4076
f 4076 4074 4075
f 4078 4079 4077
f 4077 4079 4080
f 4082 4080 4081
f 4081 4080 4079
f 4084 4085 4083
f 4083 4085 4086
f 4087 4088 4090
f 4090 4088 4089
f 4092 4093 4091
f 4091 4093 4094
f 4096 4097 4095
f 4095 4097 4098
f 4100 4101 4099
f 4099 4101 4102
f 4103 4104 4106
f 4106 4104 4105
f 4108 4109 4107
f 4107 4109 4110
f 4112 4113 4111
f 4111 4113 4114
f 4116 4117 4115
f 4115 4117 4118
f 4120 4121 4119
f 4119 4121 4122
f 4123 4124 4126
f 4126 4124 4125
f 4127 4128 4130
f 4130 4128 4129
f 4132 4133 4131
f 4131 4133 4134
f 4136 4108 4135
f 4135 4108 4107
f 4138 4139 4137
f 4137 4139 4140
f 4141 4142 4088
f 4088 4142 4089
f 4144 4145 4143
f 4143 4145 4146
f 4148 4149 4147
f 4147 4149 4150
f 4152 4153 4151
f 4151 4153 4154
f 4156 4082 4155
f 4155 4082 4081
f 4157 4158 4160
f 4160 4158 4159
f 4161 4162 4164
f 4164 4162 4163
f 4166 4122 4165
f 4165 4122 4121
f 4168 4152 4167
f 4167 4152 4151
f 4169 4170 4172
f 4172 4170 4171
f 4174 4175 4173
f 4173 4175 4176
f 4178 4149 4177
f 4177 4149 4179
f 4173 4176 4180
f 4180 4176 4181
f 4156 4085 4182
f 4182 4085 4183
f 4182 4184 4156
f 4156 4184 4082
f 4185 4186 4184
f 4184 4186 4187
f 4186 4188 4187
f 4187 4188 4189
f 4190 4191 4073
f 4073 4191 4074
f 4177 4179 4158
f 4158 4179 4159
f 4193 4127 4192
f 4192 4127 4130
f 4144 4194 4151
f 4151 4194 4167
f 4196 4197 4195
f 4195 4197 4198
f 4095 4199 4096
f 4096 4199 4200
f 4201 4202 4204
f 4204 4202 4203
f 4205 4206 4208
f 4208 4206 4207
f 4121 4120 4209
f 4209 4120 4210
f 4212 4213 4211
f 4211 4213 4214
f 4216 4217 4215
f 4215 4217 4218
f 4220 4221 4219
f 4219 4221 4222
f 4224 4196 4223
f 4223 4196 4195
f 4225 4226 4134
f 4134 4226 4131
f 4228 4229 4227
f 4227 4229 4230
f 4232 4233 4231
f 4231 4233 4098
f 4235 4236 4234
f 4234 4236 4237
f 4239 4240 4238
f 4238 4240 4241
f 4242 4243 4245
f 4245 4243 4244
f 4246 4247 4249
f 4249 4247 4248
f 4251 4252 4250
f 4250 4252 4253
f 4255 4256 4254
f 4254 4256 4257
f 4259 4260 4258
f 4258 4260 4261
f 4263 4264 4262
f 4262 4264 4265
f 4267 4268 4266
f 4266 4268 4269
f 4271 4199 4270
f 4270 4199 4272
f 4273 4274 4276
f 4276 4274 4275
f 4115 4118 4277
f 4277 4118 4278
f 4280 4281 4279
f 4279 4281 4282
f 4211 4283 4212
f 4212 4283 4284
f 4286 4287 4285
f 4285 4287 4288
f 4165 4121 4289
f 4289 4121 4209
f 4291 4286 4290
f 4290 4286 4285
f 4293 4294 4292
f 4292 4294 4295
f 4297 4298 4296
f 4296 4298 4299
f 4301 4302 4300
f 4300 4302 4303
f 4299 4304 4296
f 4296 4304 4305
f 4306 4292 4307
f 4307 4292 4295
f 4307 4308 4306
f 4306 4308 4309
f 4310 4309 4075
f 4075 4309 4308
f 4299 4298 4312
f 4312 4298 4311
f 4302 4301 4293
f 4293 4301 4294
f 3735 3921 4313
f 4313 3921 4314
f 4315 4314 3922
f 3922 4314 3921
f 4316 3945 829
f 829 3945 830
f 4289 4317 4165
f 4165 4317 4318
f 4320 4321 4319
f 4319 4321 4322
f 4324 4325 4323
f 4323 4325 4326
f 4327 4328 4330
f 4330 4328 4329
f 4290 4331 4291
f 4291 4331 4332
f 4165 4318 4166
f 4166 4318 4333
f 4334 4335 4337
f 4337 4335 4336
f 4339 4340 4338
f 4338 4340 4341
f 4168 4343 4342
f 4342 4343 4344
f 4346 4347 4345
f 4345 4347 4348
f 4350 4351 4349
f 4349 4351 4352
f 4354 4355 4353
f 4353 4355 4356
f 4357 4358 4324
f 4324 4358 4325
f 4337 4359 4334
f 4334 4359 4360
f 4362 4363 4361
f 4361 4363 4364
f 4366 4367 4365
f 4365 4367 4368
f 4369 4370 4372
f 4372 4370 4371
f 4331 4290 4374
f 4374 4290 4373
f 4373 4376 4375
f 4375 4376 4377
f 4379 4380 4378
f 4378 4380 4381
f 4217 4382 4218
f 4218 4382 4383
f 4385 4386 4384
f 4384 4386 4387
f 4388 4389 4338
f 4338 4389 4390
f 4337 4336 4392
f 4392 4336 4391
f 4394 4362 4393
f 4393 4362 4361
f 4396 4397 4395
f 4395 4397 4398
f 4400 4401 4399
f 4399 4401 4402
f 4345 4403 4346
f 4346 4403 4404
f 4405 4406 4342
f 4342 4406 4407
f 4409 4410 4408
f 4408 4410 4411
f 4408 4412 4409
f 4409 4412 4413
f 4181 4415 4414
f 4414 4415 4416
f 4182 4183 4417
f 4417 4183 4418
f 4419 4353 4311
f 4311 4353 4312
f 4421 4422 4420
f 4420 4422 4423
f 4353 4356 4312
f 4312 4356 4424
f 4166 4333 4425
f 4425 4333 4426
f 4425 4143 4166
f 4166 4143 4122
f 4427 4107 4428
f 4428 4107 4110
f 4429 4430 4174
f 4174 4430 4175
f 4335 4431 4336
f 4336 4431 4390
f 4336 4390 4391
f 4391 4390 4389
f 4432 4433 4435
f 4435 4433 4434
f 4437 4438 4436
f 4436 4438 4439
f 4441 4442 4440
f 4440 4442 4443
f 4359 4444 4361
f 4361 4444 4393
f 4446 4447 4445
f 4445 4447 4448
f 4338 4341 4388
f 4388 4341 4449
f 4450 4451 4398
f 4398 4451 4395
f 4453 4454 4452
f 4452 4454 4455
f 4457 4458 4456
f 4456 4458 4459
f 4460 4461 4448
f 4448 4461 4445
f 4463 4464 4462
f 4462 4464 4465
f 4462 4465 4466
f 4466 4465 4467
f 4468 4469 4467
f 4467 4469 4466
f 4469 4468 4470
f 4470 4468 4471
f 4472 4473 4471
f 4471 4473 4470
f 4475 4476 4474
f 4474 4476 4477
f 4479 4480 4478
f 4478 4480 4481
f 4483 4484 4482
f 4482 4484 4485
f 4487 4488 4486
f 4486 4488 4489
f 4491 4492 4490
f 4490 4492 4493
f 4494 4495 4493
f 4493 4495 4490
f 4496 4497 4494
f 4494 4497 4495
f 4497 4496 4498
f 4498 4496 4499
f 4500 4501 4503
f 4503 4501 4502
f 4505 4506 4504
f 4504 4506 4507
f 4466 4508 4462
f 4462 4508 4509
f 4470 4510 4469
f 4469 4510 4511
f 4513 4479 4512
f 4512 4479 4478
f 4515 4443 4514
f 4514 4443 4442
f 4516 4517 4519
f 4519 4517 4518
f 4521 4495 4520
f 4520 4495 4497
f 4522 4490 4521
f 4521 4490 4495
f 4491 4523 4488
f 4488 4523 4524
f 4525 4489 4524
f 4524 4489 4488
f 4484 4526 4485
f 4485 4526 4527
f 4503 4528 4500
f 4500 4528 4529
f 4530 4531 4533
f 4533 4531 4532
f 4535 4506 4534
f 4534 4506 4530
f 4486 4536 4487
f 4487 4536 4537
f 4487 4537 4492
f 4492 4537 4538
f 4494 4539 4496
f 4496 4539 4540
f 4542 4533 4541
f 4541 4533 4499
f 4544 4545 4543
f 4543 4545 4546
f 4548 4549 4547
f 4547 4549 4550
f 4536 4551 4537
f 4537 4551 4552
f 4537 4552 4538
f 4538 4552 4553
f 4554 4539 4556
f 4556 4539 4555
f 4557 4540 4554
f 4554 4540 4539
f 4559 4557 4558
f 4558 4557 4560
f 4540 4557 4541
f 4541 4557 4559
f 4562 4563 4561
f 4561 4563 4564
f 4546 4565 4543
f 4543 4565 4566
f 4547 4567 4548
f 4548 4567 4568
f 4570 4571 4569
f 4569 4571 4572
f 4574 4575 4573
f 4573 4575 4576
f 4578 4579 4577
f 4577 4579 4580
f 4582 4583 4581
f 4581 4583 4584
f 4585 4586 4588
f 4588 4586 4587
f 4589 4585 4590
f 4590 4585 4588
f 4592 4593 4591
f 4591 4593 4594
f 4596 4597 4595
f 4595 4597 4598
f 4600 4601 4599
f 4599 4601 4602
f 4563 4604 4603
f 4603 4604 4605
f 4603 4606 4608
f 4608 4606 4607
f 4609 4610 4594
f 4594 4610 4591
f 4611 4612 4614
f 4614 4612 4613
f 4616 4617 4615
f 4615 4617 4618
f 4602 4620 4619
f 4619 4620 4621
f 4619 4622 4602
f 4602 4622 4599
f 4605 4599 4623
f 4623 4599 4622
f 4605 4623 4603
f 4603 4623 4606
f 4625 4626 4624
f 4624 4626 4627
f 4438 4437 4628
f 4628 4437 4629
f 4442 4441 4630
f 4630 4441 4631
f 4630 4632 4442
f 4442 4632 4514
f 4633 4634 4529
f 4529 4634 4500
f 4500 4634 4501
f 4501 4634 4635
f 4637 4546 4636
f 4636 4546 4545
f 4639 4565 4638
f 4638 4565 4640
f 4573 4576 4641
f 4641 4576 4642
f 4593 4643 4594
f 4594 4643 4644
f 4645 4609 4644
f 4644 4609 4594
f 4647 4648 4646
f 4646 4648 4649
f 4651 4652 4650
f 4650 4652 4653
f 4654 4498 4519
f 4519 4498 4532
f 4520 4508 4521
f 4521 4508 4511
f 4522 4510 4523
f 4523 4510 4655
f 4524 4656 4525
f 4525 4656 4657
f 4514 4529 4515
f 4515 4529 4528
f 4658 4659 4661
f 4661 4659 4660
f 4496 4540 4499
f 4499 4540 4541
f 4493 4555 4494
f 4494 4555 4539
f 4549 4483 4550
f 4550 4483 4482
f 4545 4544 4501
f 4501 4544 4502
f 4636 4545 4635
f 4635 4545 4501
f 4589 4663 4662
f 4662 4663 4664
f 4662 4665 4558
f 4558 4665 4559
f 4569 4586 4570
f 4570 4586 4560
f 4552 4666 4553
f 4553 4666 4667
f 4668 4669 4670
f 4670 4669 4666
f 4672 4673 4671
f 4671 4673 4674
f 4287 4675 4288
f 4288 4675 4676
f 4678 4679 4677
f 4677 4679 4680
f 4681 4678 4682
f 4682 4678 4677
f 4682 4683 4681
f 4681 4683 4684
f 4161 4164 4685
f 4685 4164 4686
f 4414 4687 4689
f 4689 4687 4688
f 4405 4690 4346
f 4346 4690 4347
f 4691 4399 4693
f 4693 4399 4692
f 1209 4694 4365
f 4365 4694 4366
f 4650 1211 4651
f 4651 1211 1210
f 4695 4696 4255
f 4255 4696 4256
f 4697 4698 4218
f 4218 4698 4215
f 4700 4701 4699
f 4699 4701 4702
f 4703 4704 4303
f 4303 4704 4300
f 4315 3922 4316
f 4316 3922 3945
f 4653 4706 4705
f 4705 4706 4707
f 4709 4710 4708
f 4708 4710 4711
f 4335 4334 4713
f 4713 4334 4712
f 4714 4340 4321
f 4321 4340 4322
f 4716 4717 4715
f 4715 4717 4718
f 4238 4241 4719
f 4719 4241 4720
f 4231 4721 4307
f 4307 4721 4308
f 4723 4724 4722
f 4722 4724 4725
f 4727 4728 4726
f 4726 4728 4729
f 4730 4731 4327
f 4327 4731 4328
f 4733 4734 4732
f 4732 4734 4735
f 4720 4381 4736
f 4736 4381 4737
f 4738 4739 4741
f 4741 4739 4740
f 4743 4744 4742
f 4742 4744 4745
f 4338 4390 4339
f 4339 4390 4431
f 4746 4747 4431
f 4431 4747 4339
f 4291 4332 4289
f 4289 4332 4317
f 4289 4209 4291
f 4291 4209 4286
f 4287 4286 4210
f 4210 4286 4209
f 4749 4750 4748
f 4748 4750 4751
f 4212 4284 4752
f 4752 4284 4753
f 4752 4754 4212
f 4212 4754 4213
f 4252 4251 4225
f 4225 4251 4226
f 4227 4230 4248
f 4248 4230 4249
f 4205 4755 4757
f 4757 4755 4756
f 4708 4711 4758
f 4758 4711 4647
f 4367 4366 4759
f 4759 4366 4760
f 4526 4513 4527
f 4527 4513 4512
f 4420 4423 4385
f 4385 4423 4386
f 4705 4761 4653
f 4653 4761 4650
f 4761 1279 4650
f 4650 1279 1211
f 4762 4763 3944
f 3944 4763 3936
f 4274 4273 4765
f 4765 4273 4764
f 4767 4768 4766
f 4766 4768 4769
f 4770 4771 4769
f 4769 4771 4766
f 4771 4770 4242
f 4242 4770 4243
f 4093 4163 4094
f 4094 4163 4162
f 4772 4773 4775
f 4775 4773 4774
f 4777 4778 4776
f 4776 4778 4779
f 4417 4185 4182
f 4182 4185 4184
f 4780 4078 4781
f 4781 4078 4077
f 4781 4077 4782
f 4782 4077 4189
f 4188 4783 4189
f 4189 4783 4782
f 4295 4232 4307
f 4307 4232 4231
f 4785 4786 4784
f 4784 4786 4787
f 4784 1307 4785
f 4785 1307 1306
f 4078 4780 4096
f 4096 4780 4097
f 4075 4074 4310
f 4310 4074 4788
f 4788 4074 4789
f 4789 4074 4191
f 4789 4191 4059
f 4059 4191 4790
f 4791 4277 4792
f 4792 4277 4278
f 3732 3735 4793
f 4793 3735 4313
f 4793 4794 3732
f 3732 4794 3731
f 4792 4795 4791
f 4791 4795 4796
f 4797 4798 4799
f 4799 4798 4724
f 4763 4800 3936
f 3936 4800 3935
f 4801 4062 3729
f 3729 4062 3730
f 4713 4712 4802
f 4802 4712 4803
f 4146 4804 4119
f 4119 4804 4805
f 4498 4654 4497
f 4497 4654 4520
f 4806 4807 1326
f 1326 4807 1327
f 4689 4688 1330
f 1330 4688 1331
f 4801 4789 4062
f 4062 4789 4059
f 3730 4062 4808
f 4808 4062 4061
f 4810 4811 4809
f 4809 4811 4812
f 4813 4403 4814
f 4814 4403 4345
f 4815 4816 4349
f 4349 4816 4350
f 4817 4818 4820
f 4820 4818 4819
f 4406 4821 4407
f 4407 4821 4822
f 4823 4161 4824
f 4824 4161 4685
f 4181 4414 4825
f 4825 4414 4689
f 4741 4740 4826
f 4826 4740 4827
f 4828 4829 4827
f 4827 4829 4826
f 4142 4141 4415
f 4415 4141 4148
f 4830 1354 4761
f 4761 1354 1279
f 4832 4833 4831
f 4831 4833 4834
f 4835 4836 4626
f 4626 4836 4421
f 4451 4709 4395
f 4395 4709 4708
f 4627 4420 4837
f 4837 4420 4385
f 4837 1365 4838
f 4838 1365 1364
f 4397 4396 4839
f 4839 4396 4840
f 4842 4628 4841
f 4841 4628 4629
f 4671 4674 4631
f 4631 4674 4630
f 4674 4659 4630
f 4630 4659 4632
f 4633 4632 4658
f 4658 4632 4659
f 4658 4504 4633
f 4633 4504 4634
f 4635 4634 4507
f 4507 4634 4504
f 4843 4636 4507
f 4507 4636 4635
f 4844 4637 4843
f 4843 4637 4636
f 4637 4844 4640
f 4640 4844 4664
f 4638 4663 4642
f 4642 4663 4845
f 4847 4643 4846
f 4846 4643 4641
f 4644 4848 4645
f 4645 4848 4849
f 4851 4852 4850
f 4850 4852 4853
f 4855 4856 4854
f 4854 4856 4857
f 4859 4860 4858
f 4858 4860 4857
f 4715 4718 4859
f 4859 4718 4860
f 4862 4863 4861
f 4861 4863 4864
f 4866 4867 4865
f 4865 4867 4868
f 4870 4871 4869
f 4869 4871 4872
f 4869 4872 4116
f 4116 4872 4117
f 4820 4819 4874
f 4874 4819 4873
f 4876 4877 4875
f 4875 4877 4878
f 4880 4881 4879
f 4879 4881 4882
f 4884 4885 4883
f 4883 4885 4886
f 4887 4888 4280
f 4280 4888 4281
f 4818 4817 4889
f 4889 4817 4890
f 4891 4193 4823
f 4823 4193 4192
f 4892 4893 4228
f 4228 4893 4229
f 4158 4157 4894
f 4894 4157 4895
f 4896 4897 4132
f 4132 4897 4133
f 4099 4683 4100
f 4100 4683 4682
f 4101 4100 4899
f 4899 4100 4898
f 4150 4106 4147
f 4147 4106 4900
f 4100 4682 4898
f 4898 4682 4677
f 4080 4082 4187
f 4187 4082 4184
f 4077 4080 4189
f 4189 4080 4187
f 4191 4190 4790
f 4790 4190 4901
f 4177 4158 4680
f 4680 4158 4894
f 4108 4136 4752
f 4752 4136 4754
f 4752 4753 4108
f 4108 4753 4109
f 4817 4902 4890
f 4890 4902 4903
f 4904 4905 4907
f 4907 4905 4906
f 4909 4910 4908
f 4908 4910 4911
f 4913 4914 4912
f 4912 4914 4915
f 4916 4917 4919
f 4919 4917 4918
f 4312 4424 4299
f 4299 4424 4304
f 4920 4921 4297
f 4297 4921 4298
f 4194 4922 4167
f 4167 4922 4923
f 4924 4400 4691
f 4691 4400 4399
f 4395 4708 4396
f 4396 4708 4758
f 4367 4925 4368
f 4368 4925 4926
f 4919 4918 4873
f 4873 4918 4874
f 4836 4927 4421
f 4421 4927 4422
f 4921 4928 4298
f 4298 4928 4311
f 4143 4146 4122
f 4122 4146 4119
f 4929 4930 4455
f 4455 4930 4452
f 4932 4933 4931
f 4931 4933 4934
f 4935 4936 4932
f 4932 4936 4933
f 4461 4460 4457
f 4457 4460 4458
f 4480 4479 4475
f 4475 4479 4476
f 4660 4673 4517
f 4517 4673 4937
f 4661 4505 4658
f 4658 4505 4504
f 4484 4483 4489
f 4489 4483 4486
f 4462 4509 4463
f 4463 4509 4518
f 4469 4511 4466
f 4466 4511 4508
f 4655 4473 4656
f 4656 4473 4477
f 4476 4657 4477
f 4477 4657 4656
f 4479 4513 4476
f 4476 4513 4657
f 4489 4525 4484
f 4484 4525 4526
f 4483 4549 4486
f 4486 4549 4536
f 4549 4548 4536
f 4536 4548 4551
f 4548 4568 4551
f 4551 4568 4670
f 4663 4589 4845
f 4845 4589 4590
f 4668 4577 4938
f 4938 4577 4580
f 4940 4938 4939
f 4939 4938 4941
f 4940 4942 4669
f 4669 4942 4943
f 4587 4582 4944
f 4944 4582 4581
f 4848 4847 4608
f 4608 4847 4564
f 4616 4945 4613
f 4613 4945 4598
f 4615 4946 4616
f 4616 4946 4945
f 4947 4939 4948
f 4948 4939 4946
f 4599 4605 4600
f 4600 4605 4604
f 4608 4607 4848
f 4848 4607 4849
f 4613 4612 4616
f 4616 4612 4617
f 4835 4949 4709
f 4709 4949 4710
f 4357 1477 4837
f 4837 1477 1365
f 4712 4950 4803
f 4803 4950 4951
f 4401 4952 4402
f 4402 4952 4953
f 4759 4760 4402
f 4402 4760 4399
f 4508 4520 4509
f 4509 4520 4654
f 4510 4522 4511
f 4511 4522 4521
f 4513 4526 4657
f 4657 4526 4525
f 4632 4633 4514
f 4514 4633 4529
f 4931 4934 4453
f 4453 4934 4454
f 4153 4954 4154
f 4154 4954 4955
f 4957 4958 4956
f 4956 4958 4959
f 4961 4962 4960
f 4960 4962 4963
f 4120 4964 4210
f 4210 4964 4965
f 4967 4968 4966
f 4966 4968 4969
f 4349 4692 4815
f 4815 4692 4970
f 4652 4971 4653
f 4653 4971 4706
f 4758 4647 4972
f 4972 4647 4646
f 4973 4363 4646
f 4646 4363 4972
f 4950 4360 4974
f 4974 4360 4364
f 4431 4335 4746
f 4746 4335 4713
f 4358 4714 4325
f 4325 4714 4321
f 4765 4764 4266
f 4266 4764 4975
f 4202 4976 4203
f 4203 4976 4977
f 4917 4978 4918
f 4918 4978 4979
f 4279 4282 4854
f 4854 4282 4269
f 4820 4880 4817
f 4817 4880 4902
f 4890 4903 4980
f 4980 4903 4886
f 4982 4983 4981
f 4981 4983 4123
f 4795 4851 4796
f 4796 4851 4850
f 4918 4979 4874
f 4874 4979 4881
f 4809 4404 4810
f 4810 4404 4403
f 4354 4985 4984
f 4984 4985 4986
f 1364 1516 4838
f 4838 1516 4987
f 4759 4988 4367
f 4367 4988 4925
f 4989 4990 4481
f 4481 4990 4478
f 4443 4515 4990
f 4990 4515 4991
f 4527 4512 4992
f 4992 4512 4991
f 4528 4503 4992
f 4992 4503 4993
f 4993 4994 4485
f 4485 4994 4482
f 4544 4995 4502
f 4502 4995 4994
f 4995 4996 4550
f 4550 4996 4547
f 4998 4999 4997
f 4997 4999 4566
f 4998 5000 4578
f 4578 5000 4579
f 5001 5002 4596
f 4596 5002 4597
f 5003 4591 5004
f 5004 4591 4610
f 4626 4421 4627
f 4627 4421 4420
f 4837 4838 4627
f 4627 4838 4624
f 4761 4705 4830
f 4830 4705 5005
f 4705 4707 5005
f 5005 4707 5006
f 4308 4721 4075
f 4075 4721 4076
f 5007 4200 4797
f 4797 4200 4798
f 4685 4686 5008
f 5008 4686 5009
f 4889 4890 5010
f 5010 4890 4980
f 4323 1541 4324
f 4324 1541 1540
f 4385 4384 4358
f 4358 4384 4714
f 4396 4758 4840
f 4840 4758 4972
f 4866 4852 5011
f 5011 4852 5012
f 5013 4260 4980
f 4980 4260 5010
f 4875 4878 5014
f 5014 4878 5015
f 5017 5018 5016
f 5016 5018 5019
f 5016 5019 5020
f 5020 5019 5021
f 5023 5024 5022
f 5022 5024 5025
f 5027 5028 5026
f 5026 5028 5029
f 5031 5032 5030
f 5030 5032 5033
f 5035 5036 5034
f 5034 5036 5037
f 5039 5040 5038
f 5038 5040 5041
f 5043 5044 5042
f 5042 5044 5045
f 5038 5046 5039
f 5039 5046 5047
f 5049 5050 5048
f 5048 5050 5051
f 5053 5054 5052
f 5052 5054 5055
f 5057 5024 5056
f 5056 5024 5058
f 5060 5061 5059
f 5059 5061 5062
f 5064 5065 5063
f 5063 5065 5066
f 5043 5050 5064
f 5064 5050 5065
f 5038 5041 5067
f 5067 5041 5068
f 5070 5071 5069
f 5069 5071 5072
f 5074 5075 5073
f 5073 5075 5076
f 5034 5077 5035
f 5035 5077 5078
f 5080 5081 5079
f 5079 5081 5082
f 5084 5085 5083
f 5083 5085 5086
f 5085 5084 5087
f 5087 5084 5088
f 5090 5091 5089
f 5089 5091 5092
f 5094 5095 5093
f 5093 5095 5096
f 5098 5099 5097
f 5097 5099 5100
f 5102 5103 5101
f 5101 5103 5104
f 5105 5106 5108
f 5108 5106 5107
f 5110 5111 5109
f 5109 5111 5112
f 5114 5094 5113
f 5113 5094 5093
f 5116 5117 5115
f 5115 5117 5118
f 5120 5121 5119
f 5119 5121 5122
f 5124 5125 5123
f 5123 5125 5126
f 5128 5129 5127
f 5127 5129 5130
f 5097 5131 5098
f 5098 5131 5132
f 5134 5135 5133
f 5133 5135 5122
f 5084 5125 5088
f 5088 5125 5136
f 5138 5139 5137
f 5137 5139 5140
f 5142 5102 5141
f 5141 5102 5101
f 5106 5143 5107
f 5107 5143 5144
f 5146 5147 5145
f 5145 5147 5148
f 5149 5150 5109
f 5109 5150 5110
f 5151 5110 5152
f 5152 5110 5150
f 4715 5140 4716
f 4716 5140 5139
f 5143 4870 5144
f 5144 4870 4869
f 4115 5146 4116
f 4116 5146 5145
f 4791 4796 5149
f 5149 4796 5150
f 4796 4850 5150
f 5150 4850 5152
f 4858 5142 4859
f 4859 5142 5141
f 5153 5154 5115
f 5115 5154 5105
f 5156 5157 5155
f 5155 5157 5158
f 5159 5160 5053
f 5053 5160 5054
f 5161 5162 5020
f 5020 5162 5068
f 5026 5029 5163
f 5163 5029 5021
f 5083 5086 5164
f 5164 5086 5165
f 5090 5167 5166
f 5166 5167 5168
f 5169 5170 5172
f 5172 5170 5171
f 5174 5175 5173
f 5173 5175 5176
f 5177 5109 5178
f 5178 5109 5112
f 5179 5180 5182
f 5182 5180 5181
f 5123 5126 5120
f 5120 5126 5121
f 5180 5167 5181
f 5181 5167 5183
f 5184 5185 5179
f 5179 5185 5180
f 5186 5149 5177
f 5177 5149 5109
f 4868 5184 4865
f 4865 5184 5179
f 5188 5189 5187
f 5187 5189 5190
f 4277 4791 5186
f 5186 4791 5149
f 5179 5182 4865
f 4865 5182 4853
f 5189 4862 5190
f 5190 4862 4861
f 5156 5075 5191
f 5191 5075 5192
f 5036 5035 5193
f 5193 5035 5194
f 5115 5118 5153
f 5153 5118 5195
f 5022 5025 5196
f 5196 5025 5197
f 5155 5158 5069
f 5069 5158 5062
f 5063 5066 5198
f 5198 5066 5199
f 5073 5076 5200
f 5200 5076 5072
f 5202 5131 5201
f 5201 5131 5203
f 5143 5106 5204
f 5204 5106 5205
f 5114 5113 5206
f 5206 5113 5127
f 5098 5132 5193
f 5193 5132 5195
f 5204 5207 5143
f 5143 5207 4870
f 5088 5136 5208
f 5208 5136 5092
f 5209 5210 5089
f 5089 5210 5183
f 5211 5018 5060
f 5060 5018 5061
f 5017 5040 5070
f 5070 5040 5071
f 5191 5160 5156
f 5156 5160 5157
f 5048 5028 5049
f 5049 5028 5058
f 5207 5204 4858
f 4858 5204 5142
f 4859 5141 4715
f 4715 5141 5140
f 5212 5162 5042
f 5042 5162 5051
f 5182 5152 4853
f 4853 5152 4850
f 5214 5134 5213
f 5213 5134 5133
f 5164 5165 5133
f 5133 5165 5213
f 5215 5216 5201
f 5201 5216 5217
f 5147 5218 5148
f 5148 5218 5219
f 5147 5177 5218
f 5218 5177 5178
f 5141 5101 5140
f 5140 5101 5137
f 5201 5217 5202
f 5202 5217 5104
f 5146 5186 5147
f 5147 5186 5177
f 4277 5186 4115
f 4115 5186 5146
f 5191 5192 5031
f 5031 5192 5032
f 5052 5055 5220
f 5220 5055 5197
f 4116 5145 4869
f 4869 5145 5144
f 5034 5037 5214
f 5214 5037 5134
f 5097 5100 5114
f 5114 5100 5094
f 5108 5107 5219
f 5219 5107 5148
f 5221 5135 5116
f 5116 5135 5117
f 5124 5111 5209
f 5209 5111 5210
f 5107 5144 5148
f 5148 5144 5145
f 5152 5182 5151
f 5151 5182 5181
f 5208 5222 5088
f 5088 5222 5087
f 5222 5208 5171
f 5171 5208 5172
f 5223 1756 4698
f 4698 1756 1755
f 4427 5224 4107
f 4107 5224 4135
f 4178 4679 5225
f 5225 4679 5226
f 5227 5228 4892
f 4892 5228 4893
f 5229 5230 4171
f 4171 5230 4172
f 4855 4268 4884
f 4884 4268 4885
f 4884 4871 4855
f 4855 4871 4856
f 4684 5231 4896
f 4896 5231 4897
f 4768 4767 5009
f 5009 4767 5008
f 5205 5154 5102
f 5102 5154 5103
f 5099 5098 5194
f 5194 5098 5193
f 5198 5199 5079
f 5079 5199 5033
f 5102 5142 5205
f 5205 5142 5204
f 5224 4427 4681
f 4681 4427 4678
f 3712 3711 5232
f 5232 3711 5233
f 3968 3988 3963
f 3963 3988 3964
f 3976 4044 3972
f 3972 4044 3985
f 4038 4037 4036
f 4036 4037 4033
f 4794 4762 3731
f 3731 4762 3944
f 3731 3944 3722
f 3722 3944 3810
f 3874 5234 5232
f 5232 5234 3712
f 3906 3905 3867
f 3867 3905 4011
f 3904 4023 3905
f 3905 4023 4011
f 3719 3722 3811
f 3811 3722 3810
f 3812 3719 3687
f 3687 3719 3811
f 3716 3812 3686
f 3686 3812 3687
f 3713 3716 3685
f 3685 3716 3686
f 4810 4403 5235
f 5235 4403 4813
f 4345 1770 4814
f 4814 1770 1769
f 4067 4066 4058
f 4058 4066 5236
f 4043 4068 4049
f 4049 4068 4050
f 4034 5237 3989
f 3989 5237 3990
f 4031 4030 4072
f 4072 4030 4005
f 4003 4004 4002
f 4002 4004 4032
f 4004 4005 4032
f 4032 4005 4030
f 4067 4064 4068
f 4068 4064 4050
f 4058 4057 4067
f 4067 4057 4064
f 4035 4034 5238
f 5238 4034 3989
f 5236 5239 4058
f 4058 5239 5240
f 5234 3874 5241
f 5241 3874 3873
f 5241 3873 3881
f 3881 3873 3878
f 4800 4763 4788
f 4788 4763 4310
f 4763 4762 4310
f 4310 4762 4309
f 4762 4794 4309
f 4309 4794 4306
f 4794 4793 4306
f 4306 4793 4292
f 4293 4313 4302
f 4302 4313 4314
f 4302 4314 4303
f 4303 4314 4315
f 4303 4315 4703
f 4703 4315 4316
f 4035 4069 4043
f 4043 4069 4068
f 4324 1540 4357
f 4357 1540 1477
f 5232 3987 3874
f 3874 3987 3871
f 3987 5232 4013
f 4013 5232 5233
f 4013 5233 4014
f 4014 5233 5242
f 3888 4015 3865
f 3865 4015 4007
f 3866 4008 5243
f 5243 4008 4016
f 3873 5244 3878
f 3878 5244 3875
f 3965 5244 3872
f 3872 5244 3873
f 3876 3875 3965
f 3965 3875 5244
f 5243 4016 5242
f 5242 4016 4014
f 5246 5247 5245
f 5245 5247 5248
f 3576 3950 3577
f 3577 3950 3926
f 3584 3842 3585
f 3585 3842 3580
f 5249 5247 1784
f 1784 5247 1785
f 5250 5251 5253
f 5253 5251 5252
f 5255 5252 5254
f 5254 5252 5256
f 5254 5256 5258
f 5258 5256 5257
f 5258 5257 5260
f 5260 5257 5259
f 4356 5261 4424
f 4424 5261 5259
f 4355 5262 4356
f 4356 5262 5261
f 4924 5264 5263
f 5263 5264 5265
f 4693 5266 4691
f 4691 5266 5267
f 4351 5268 4352
f 4352 5268 5269
f 1808 1807 4351
f 4351 1807 5268
f 3580 3842 3581
f 3799 3802 3838
f 4800 4788 4801
f 4801 4788 4789
f 3729 3935 4801
f 4801 3935 4800
f 3728 3666 3729
f 3729 3666 3935
f 3728 3798 3666
f 3666 3798 3663
f 3798 3818 3663
f 3663 3818 3809
f 3818 3817 3809
f 3809 3817 3808
f 3796 3655 3817
f 3817 3655 3808
f 3615 3568 3796
f 3796 3568 3655
f 3573 3569 3615
f 3615 3569 3568
f 3572 3613 3573
f 3573 3613 3569
f 3792 3606 3572
f 3572 3606 3613
f 3607 3791 3949
f 3949 3791 3591
f 3590 3950 3591
f 3591 3950 3949
f 3805 3926 3590
f 3590 3926 3950
f 3804 3559 3805
f 3805 3559 3926
f 3804 3914 3559
f 3559 3914 3560
f 3924 3789 3913
f 3913 3789 3788
f 3924 3928 3789
f 3789 3928 3826
f 3928 3927 3826
f 3826 3927 3827
f 3927 3834 3827
f 3827 3834 3835
f 4079 4078 5270
f 5270 4078 5007
f 5271 5272 4233
f 4233 5272 5273
f 5275 5276 5274
f 5274 5276 5277
f 5278 5279 4236
f 4236 5279 4237
f 5278 5280 5271
f 5271 5280 5272
f 4235 5281 4236
f 4236 5281 5282
f 5284 5285 5283
f 5283 5285 5286
f 5288 5289 5287
f 5287 5289 5290
f 5292 5293 5291
f 5291 5293 5294
f 5287 5290 4726
f 4726 5290 5295
f 4293 4292 4313
f 4313 4292 4793
f 4720 4736 4719
f 4719 4736 5296
f 5297 4909 5298
f 5298 4909 4908
f 5299 5300 4976
f 4976 5300 5301
f 5302 4202 5303
f 5303 4202 4201
f 5304 5305 4983
f 4983 5305 5306
f 5308 5309 5307
f 5307 5309 5310
f 4722 4725 5283
f 5283 4725 5311
f 5291 5294 4125
f 4125 5294 4126
f 5313 5314 5312
f 5312 5314 5315
f 5316 5317 5319
f 5319 5317 5318
f 5321 5308 5320
f 5320 5308 5307
f 4819 4981 4873
f 4873 4981 5322
f 4981 4123 5322
f 5322 4123 4126
f 5324 5325 5323
f 5323 5325 5326
f 4764 5327 4975
f 4975 5327 5328
f 4172 5327 4169
f 4169 5327 5329
f 4768 4171 4769
f 4769 4171 4170
f 4243 4755 4244
f 4244 4755 5330
f 4755 4205 5330
f 5330 4205 4208
f 4206 4906 4207
f 4207 4906 4905
f 4686 5014 5009
f 5009 5014 5229
f 4756 4770 4170
f 4170 4770 4769
f 4170 4169 4756
f 4756 4169 4757
f 4273 5329 4764
f 4764 5329 5327
f 4276 5331 4273
f 4273 5331 5329
f 4770 4756 4243
f 4243 4756 4755
f 5333 4889 5332
f 5332 4889 5010
f 4877 5332 4878
f 4878 5332 4259
f 4875 4164 4876
f 4876 4164 4163
f 5334 5335 5324
f 5324 5335 5325
f 4983 5306 4123
f 4123 5306 4124
f 4818 4982 4819
f 4819 4982 4981
f 5332 5010 4259
f 4259 5010 4260
f 5014 4686 4875
f 4875 4686 4164
f 4171 4768 5229
f 5229 4768 5009
f 5337 4916 5336
f 5336 4916 4919
f 5293 5337 5294
f 5294 5337 5336
f 4982 4818 5333
f 5333 4818 4889
f 5338 5339 4262
f 4262 5339 5340
f 5307 5310 5338
f 5338 5310 5339
f 5341 5342 4204
f 4204 5342 5309
f 5336 4919 5322
f 5322 4919 4873
f 5294 5336 4126
f 4126 5336 5322
f 5323 5326 5343
f 5343 5326 5286
f 4914 5344 4915
f 4915 5344 5345
f 5312 5315 5344
f 5344 5315 5345
f 5347 5348 5346
f 5346 5348 5349
f 5350 5351 4832
f 4832 5351 4833
f 5352 5353 5349
f 5349 5353 5346
f 5354 5338 4265
f 4265 5338 4262
f 5320 5307 5354
f 5354 5307 5338
f 4201 5308 5303
f 5303 5308 5321
f 5356 5357 5355
f 5355 5357 4799
f 5358 5359 5334
f 5334 5359 5335
f 5358 5360 4093
f 4093 5360 4163
f 5360 5305 4163
f 4163 5305 4876
f 5305 5304 4876
f 4876 5304 4877
f 5270 4778 4079
f 4079 4778 4081
f 4779 5361 4774
f 4774 5361 5357
f 5356 5359 4775
f 4775 5359 4092
f 5333 5304 4982
f 4982 5304 4983
f 5332 4877 5333
f 5333 4877 5304
f 5015 4258 5230
f 5230 4258 5328
f 5327 4172 5328
f 5328 4172 5230
f 4169 5329 4757
f 4757 5329 5331
f 4757 5331 4205
f 4205 5331 4206
f 5331 4276 4206
f 4206 4276 4906
f 4276 4275 4906
f 4906 4275 4907
f 4275 4888 4907
f 4907 4888 4744
f 4887 4717 4745
f 4745 4717 4864
f 4716 5139 4861
f 4861 5139 5190
f 5139 5138 5190
f 5190 5138 5187
f 5138 5216 5187
f 5187 5216 5176
f 5215 5362 5173
f 5173 5362 5130
f 5364 5365 5363
f 5363 5365 5340
f 4742 4863 5366
f 5366 4863 4867
f 4862 5189 4868
f 4868 5189 5184
f 5189 5188 5184
f 5184 5188 5185
f 5188 5175 5185
f 5185 5175 5168
f 3560 3788 3561
f 3561 3788 3790
f 3596 3595 3608
f 3608 3595 3594
f 3598 3582 3595
f 3595 3582 3592
f 3600 3609 3601
f 3601 3609 3611
f 3602 3601 3612
f 3612 3601 3611
f 3606 3605 3613
f 3613 3605 3614
f 3793 5367 3794
f 3794 5367 5368
f 3598 3597 3600
f 3600 3597 3609
f 3793 3792 3575
f 3575 3792 3572
f 3561 3594 3558
f 3558 3594 3593
f 3807 3915 3804
f 3804 3915 3914
f 3916 3915 5370
f 5370 3915 5369
f 3602 3605 3603
f 3603 3605 3604
f 3606 3792 3607
f 3607 3792 3791
f 3914 3913 3560
f 3560 3913 3788
f 5174 5129 5166
f 5166 5129 5371
f 5170 5169 5093
f 5093 5169 5113
f 5166 5371 5090
f 5090 5371 5091
f 5128 5169 5372
f 5372 5169 5172
f 5127 5113 5128
f 5128 5113 5169
f 5114 5206 5203
f 5203 5206 5362
f 5200 5373 5073
f 5073 5373 5096
f 5374 5375 5200
f 5200 5375 5373
f 5039 5047 5374
f 5374 5047 5375
f 5087 5046 5085
f 5085 5046 5376
f 5212 5377 5067
f 5067 5377 5376
f 5042 5045 5212
f 5212 5045 5377
f 5064 5378 5043
f 5043 5378 5044
f 5063 5077 5064
f 5064 5077 5378
f 5079 5082 5198
f 5198 5082 5078
f 5099 5081 5100
f 5100 5081 5379
f 5100 5379 5094
f 5094 5379 5095
f 5381 5382 5380
f 5380 5382 5383
f 5385 5386 5384
f 5384 5386 5383
f 5385 5387 5386
f 5386 5387 5388
f 5390 5391 5389
f 5389 5391 5392
f 5393 5394 5396
f 5396 5394 5395
f 5398 5399 5397
f 5397 5399 5400
f 5402 5403 5401
f 5401 5403 5404
f 5406 5407 5405
f 5405 5407 5404
f 5408 5409 5163
f 5163 5409 5410
f 5411 5412 5414
f 5414 5412 5413
f 5057 5416 5415
f 5415 5416 5417
f 5393 5416 5418
f 5418 5416 5419
f 5396 5395 5420
f 5420 5395 5421
f 5423 5424 5422
f 5422 5424 5425
f 5415 5417 5220
f 5220 5417 5426
f 5418 5391 5393
f 5393 5391 5394
f 5414 5388 5411
f 5411 5388 5392
f 5059 5427 5060
f 5060 5427 5428
f 5423 5427 5429
f 5429 5427 5430
f 5432 5382 5431
f 5431 5382 5425
f 5429 5407 5423
f 5423 5407 5424
f 5380 5409 5381
f 5381 5409 5433
f 5381 5433 5422
f 5422 5433 5428
f 5027 5412 5056
f 5056 5412 5419
f 5435 5436 5434
f 5434 5436 5437
f 5159 5439 5438
f 5438 5439 5440
f 5053 5436 5159
f 5159 5436 5439
f 5441 5403 5398
f 5398 5403 5399
f 5163 5410 5026
f 5026 5410 5413
f 5438 5440 5442
f 5442 5440 5430
f 5444 5445 5443
f 5443 5445 5446
f 5447 5448 5450
f 5450 5448 5449
f 5451 5446 5452
f 5452 5446 5445
f 5454 5455 5453
f 5453 5455 5451
f 5456 5454 5458
f 5458 5454 5457
f 5460 5461 5459
f 5459 5461 5462
f 5464 5465 5463
f 5463 5465 5466
f 5468 5469 5467
f 5467 5469 5470
f 5472 5473 5471
f 5471 5473 5474
f 5475 5476 5478
f 5478 5476 5477
f 5479 5480 5482
f 5482 5480 5481
f 5483 5484 5448
f 5448 5484 5485
f 5448 5485 5449
f 5449 5485 5486
f 5487 5476 5488
f 5488 5476 5475
f 5490 5491 5489
f 5489 5491 5492
f 5494 5495 5493
f 5493 5495 5496
f 5498 5494 5497
f 5497 5494 5493
f 5500 5501 5499
f 5499 5501 5502
f 5503 5504 5446
f 5446 5504 5443
f 5506 5507 5505
f 5505 5507 5508
f 5510 5511 5509
f 5509 5511 5512
f 5514 5515 5513
f 5513 5515 5516
f 5518 5519 5517
f 5517 5519 5520
f 5495 5521 5496
f 5496 5521 5522
f 5524 5525 5523
f 5523 5525 5526
f 5527 5528 5494
f 5494 5528 5495
f 5499 5502 5529
f 5529 5502 5530
f 5531 5532 5485
f 5485 5532 5486
f 5485 5484 5531
f 5531 5484 5533
f 5482 5481 5534
f 5534 5481 5535
f 5536 5512 5506
f 5506 5512 5511
f 5455 5503 5451
f 5451 5503 5446
f 5467 5470 5511
f 5511 5470 5537
f 5538 5467 5510
f 5510 5467 5511
f 5540 5541 5539
f 5539 5541 5542
f 5543 5544 5546
f 5546 5544 5545
f 5548 5472 5547
f 5547 5472 5471
f 5493 5496 5549
f 5549 5496 5550
f 5496 5522 5550
f 5550 5522 5551
f 5553 5554 5552
f 5552 5554 5555
f 5557 5447 5556
f 5556 5447 5558
f 5557 5483 5447
f 5447 5483 5448
f 5478 5477 5553
f 5553 5477 5559
f 5477 5560 5559
f 5559 5560 5561
f 5476 5562 5477
f 5477 5562 5560
f 5476 5487 5562
f 5562 5487 5563
f 5560 5564 5561
f 5561 5564 5565
f 5564 5560 5566
f 5566 5560 5562
f 5563 5567 5562
f 5562 5567 5566
f 5569 5521 5568
f 5568 5521 5570
f 5481 5572 5571
f 5571 5572 5573
f 5574 5535 5571
f 5571 5535 5481
f 5576 5577 5575
f 5575 5577 5578
f 5579 5580 5456
f 5456 5580 5581
f 5475 5582 5488
f 5488 5582 5583
f 5584 5536 5505
f 5505 5536 5506
f 5585 5586 5588
f 5588 5586 5587
f 5590 5591 5589
f 5589 5591 5592
f 5519 5593 5520
f 5520 5593 5594
f 5595 5596 5462
f 5462 5596 5597
f 5599 5600 5598
f 5598 5600 5514
f 5602 5603 5601
f 5601 5603 5604
f 5524 5543 5525
f 5525 5543 5546
f 5543 5524 5606
f 5606 5524 5605
f 5607 5608 5500
f 5500 5608 5501
f 5610 5551 5609
f 5609 5551 5522
f 5611 5510 5598
f 5598 5510 5509
f 5612 5597 5457
f 5457 5597 5458
f 5510 5611 5538
f 5538 5611 5613
f 5580 5508 5581
f 5581 5508 5507
f 5615 5616 5614
f 5614 5616 5617
f 5619 5620 5618
f 5618 5620 5621
f 5623 5624 5622
f 5622 5624 5625
f 5627 5624 5626
f 5626 5624 5623
f 5629 5630 5628
f 5628 5630 5631
f 5633 5634 5632
f 5632 5634 5466
f 5635 5636 5463
f 5463 5636 5637
f 5523 5638 5524
f 5524 5638 5605
f 5639 5640 5641
f 5641 5640 5595
f 5611 5513 5613
f 5613 5513 5642
f 5643 5586 5608
f 5608 5586 5501
f 5622 5625 5590
f 5590 5625 5591
f 5598 5514 5611
f 5611 5514 5513
f 5645 5646 5644
f 5644 5646 5647
f 5620 5619 5491
f 5491 5619 5648
f 5649 5643 5492
f 5492 5643 5608
f 5650 5651 5653
f 5653 5651 5652
f 5463 5466 5635
f 5635 5466 5634
f 5597 5612 5462
f 5462 5612 5459
f 5635 5634 5523
f 5523 5634 5638
f 5654 5638 5633
f 5633 5638 5634
f 5655 5656 5525
f 5525 5656 5526
f 5658 5659 5657
f 5657 5659 5527
f 5660 5464 5637
f 5637 5464 5463
f 5632 5466 5661
f 5661 5466 5465
f 5661 5662 5632
f 5632 5662 5658
f 5662 5663 5658
f 5658 5663 5659
f 5665 5659 5664
f 5664 5659 5663
f 5632 5658 5633
f 5633 5658 5657
f 5666 5629 5530
f 5530 5629 5667
f 5528 5527 5665
f 5665 5527 5659
f 5668 5669 5570
f 5570 5669 5568
f 5669 5668 5670
f 5670 5668 5671
f 5646 5672 5673
f 5672 5674 5673
f 5673 5674 5675
f 5674 5460 5675
f 5675 5460 5459
f 5461 5676 5462
f 5462 5676 5595
f 5677 5678 5680
f 5680 5678 5679
f 5628 5681 5629
f 5629 5681 5667
f 5682 5529 5667
f 5667 5529 5530
f 5675 5459 5683
f 5683 5459 5612
f 5585 5666 5502
f 5502 5666 5530
f 5589 5684 5602
f 5602 5684 5603
f 5646 5645 5663
f 5663 5645 5664
f 5685 5647 5673
f 5673 5647 5646
f 5686 5687 5683
f 5683 5687 5685
f 5688 5689 5533
f 5533 5689 5531
f 5690 5691 5535
f 5535 5691 5534
f 5692 5690 5574
f 5574 5690 5535
f 5685 5687 5689
f 5689 5687 5693
f 5489 5694 5490
f 5490 5694 5695
f 5690 5692 5696
f 5696 5692 5697
f 5696 5644 5690
f 5690 5644 5691
f 5447 5450 5558
f 5558 5450 5698
f 5699 5700 5642
f 5642 5700 5613
f 5701 5702 5540
f 5540 5702 5541
f 5431 5703 5432
f 5432 5703 5697
f 5385 5384 5574
f 5574 5384 5692
f 5389 5387 5573
f 5573 5387 5571
f 5565 5390 5573
f 5573 5390 5389
f 5390 5565 5704
f 5704 5565 5564
f 5566 5705 5564
f 5564 5705 5704
f 5569 5441 5609
f 5609 5441 5398
f 5568 5405 5569
f 5569 5405 5441
f 5670 5706 5669
f 5669 5706 5406
f 5703 5431 5670
f 5670 5431 5706
f 5432 5697 5384
f 5384 5697 5692
f 5574 5571 5385
f 5385 5571 5387
f 5607 5707 5489
f 5489 5707 5694
f 5518 5708 5519
f 5519 5708 5709
f 5711 5576 5710
f 5710 5576 5575
f 5713 5714 5712
f 5712 5714 5715
f 5553 5552 5478
f 5478 5552 5716
f 5717 5475 5716
f 5716 5475 5478
f 5718 5719 5605
f 5605 5719 5606
f 5505 5622 5584
f 5584 5622 5590
f 5508 5623 5505
f 5505 5623 5622
f 5626 5623 5580
f 5580 5623 5508
f 5580 5579 5626
f 5626 5579 5720
f 5579 5721 5720
f 5720 5721 5722
f 5666 5585 5723
f 5723 5585 5588
f 5724 5725 5639
f 5639 5725 5640
f 5554 5726 5555
f 5555 5726 5727
f 5453 5728 5729
f 5689 5688 5685
f 5685 5688 5647
f 5604 5730 5512
f 5512 5730 5509
f 5628 5631 5618
f 5618 5631 5592
f 5601 5604 5536
f 5536 5604 5512
f 5732 5676 5731
f 5731 5676 5660
f 5730 5604 5733
f 5733 5604 5603
f 5563 5487 5551
f 5551 5487 5550
f 5489 5492 5607
f 5607 5492 5608
f 5573 5572 5565
f 5565 5572 5561
f 5609 5522 5569
f 5569 5522 5521
f 5499 5734 5500
f 5500 5734 5735
f 5596 5736 5721
f 5721 5736 5722
f 5737 5600 5594
f 5594 5600 5520
f 5599 5730 5517
f 5517 5730 5733
f 5660 5738 5731
f 5731 5738 5739
f 5648 5649 5491
f 5491 5649 5492
f 5501 5586 5502
f 5502 5586 5585
f 5525 5546 5655
f 5655 5546 5740
f 5600 5599 5520
f 5520 5599 5517
f 5708 5739 5709
f 5709 5739 5738
f 5636 5635 5526
f 5526 5635 5523
f 5670 5671 5703
f 5703 5671 5741
f 5490 5695 5742
f 5742 5695 5743
f 5682 5678 5744
f 5744 5678 5677
f 5678 5681 5679
f 5679 5681 5621
f 5742 5743 5679
f 5679 5743 5680
f 5618 5621 5628
f 5628 5621 5681
f 5725 5724 5589
f 5589 5724 5684
f 5456 5458 5579
f 5579 5458 5721
f 5675 5683 5673
f 5673 5683 5685
f 5529 5682 5745
f 5745 5682 5744
f 5721 5458 5596
f 5596 5458 5597
f 5701 5540 5719
f 5719 5540 5606
f 5703 5741 5697
f 5697 5741 5696
f 5500 5735 5607
f 5607 5735 5707
f 5549 5746 5493
f 5493 5746 5497
f 5700 5747 5613
f 5613 5747 5538
f 5420 5421 5434
f 5434 5421 5400
f 5689 5693 5531
f 5531 5693 5532
f 5705 5566 5748
f 5748 5566 5567
f 5609 5398 5610
f 5610 5398 5397
f 5669 5406 5568
f 5568 5406 5405
f 5488 5583 5549
f 5549 5583 5746
f 5714 5713 5710
f 5710 5713 5711
f 5747 5468 5538
f 5538 5468 5467
f 5548 5547 5749
f 5749 5547 5750
f 5733 5603 5751
f 5751 5603 5684
f 5589 5602 5590
f 5590 5602 5584
f 5636 5752 5614
f 5614 5752 5615
f 5753 5754 5738
f 5738 5754 5755
f 5602 5601 5584
f 5584 5601 5536
f 5723 5736 5630
f 5630 5736 5640
f 5595 5640 5596
f 5596 5640 5736
f 5734 5499 5745
f 5745 5499 5529
f 5627 5587 5643
f 5643 5587 5586
f 5553 5559 5554
f 5554 5559 5480
f 5559 5561 5480
f 5480 5561 5572
f 5554 5480 5726
f 5726 5480 5479
f 5749 5750 5715
f 5715 5750 5712
f 5683 5612 5686
f 5686 5612 5457
f 5678 5682 5681
f 5681 5682 5667
f 5598 5509 5599
f 5599 5509 5730
f 5679 5621 5742
f 5742 5621 5620
f 5652 5616 5653
f 5653 5616 5615
f 5220 5426 5052
f 5052 5426 5437
f 5487 5488 5550
f 5550 5488 5549
f 5742 5620 5490
f 5490 5620 5491
f 5551 5610 5563
f 5563 5610 5567
f 5610 5397 5567
f 5567 5397 5748
f 5614 5617 5753
f 5753 5617 5754
f 5480 5572 5481
f 5755 5756 5738
f 5738 5756 5709
f 5745 5744 5758
f 5758 5744 5757
f 5745 5758 5734
f 5734 5758 5759
f 5735 5734 5760
f 5760 5734 5759
f 5707 5735 5761
f 5761 5735 5760
f 5744 5677 5757
f 5757 5677 5762
f 5677 5680 5762
f 5762 5680 5763
f 5763 5680 5764
f 5764 5680 5743
f 5765 5766 5762
f 5762 5766 5757
f 5768 5769 5767
f 5767 5769 5770
f 5771 5772 5770
f 5770 5772 5767
f 5770 5769 5774
f 5774 5769 5773
f 5775 5776 5774
f 5774 5776 5777
f 5773 5778 5774
f 5774 5778 5775
f 5779 5766 5773
f 5773 5766 5778
f 5777 5771 5774
f 5774 5771 5770
f 5780 5781 5783
f 5783 5781 5782
f 5781 5780 5771
f 5771 5780 5772
f 5773 5769 5779
f 5779 5769 5768
f 5768 5759 5779
f 5779 5759 5758
f 5768 5784 5759
f 5759 5784 5760
f 5767 5785 5768
f 5768 5785 5784
f 5785 5767 5786
f 5786 5767 5772
f 5766 5779 5757
f 5757 5779 5758
f 5780 5787 5772
f 5772 5787 5786
f 5785 5786 5788
f 5788 5786 5789
f 5786 5787 5789
f 5789 5787 5790
f 5788 5789 5791
f 5791 5789 5792
f 5791 5793 5788
f 5788 5793 5794
f 5795 5792 5790
f 5790 5792 5789
f 5785 5788 5784
f 5784 5788 5794
f 5784 5794 5760
f 5760 5794 5761
f 5787 5780 5796
f 5796 5780 5783
f 5775 5778 5797
f 5797 5778 5766
f 5797 5798 5775
f 5775 5798 5776
f 5766 5765 5797
f 5797 5765 5799
f 5798 5797 5800
f 5800 5797 5799
f 5798 5801 5776
f 5776 5801 5802
f 5707 5761 5694
f 5694 5761 5803
f 5695 5804 5743
f 5743 5804 5764
f 5804 5695 5803
f 5803 5695 5694
f 5803 5793 5804
f 5804 5793 5805
f 5793 5791 5805
f 5805 5791 5806
f 5804 5805 5764
f 5764 5805 5807
f 5803 5761 5793
f 5793 5761 5794
f 5808 5763 5807
f 5807 5763 5764
f 5808 5765 5763
f 5763 5765 5762
f 5809 5799 5808
f 5808 5799 5765
f 5809 5808 5810
f 5810 5808 5807
f 5811 5809 5812
f 5812 5809 5810
f 5805 5806 5807
f 5807 5806 5810
f 5806 5813 5810
f 5810 5813 5812
f 5799 5809 5800
f 5800 5809 5811
f 5815 5800 5814
f 5814 5800 5811
f 5814 5817 5816
f 5816 5817 5818
f 5814 5811 5817
f 5817 5811 5812
f 5814 5816 5815
f 5815 5816 5796
f 5815 5796 5801
f 5801 5796 5783
f 5801 5798 5815
f 5815 5798 5800
f 5791 5792 5806
f 5806 5792 5813
f 5818 5813 5795
f 5795 5813 5792
f 5818 5817 5813
f 5813 5817 5812
f 5816 5818 5790
f 5790 5818 5795
f 5790 5787 5816
f 5816 5787 5796
f 5771 5777 5781
f 5781 5777 5782
f 5782 5802 5783
f 5783 5802 5801
f 5782 5777 5802
f 5802 5777 5776
f 5588 5587 5722
f 5722 5587 5720
f 5591 5619 5592
f 5592 5619 5618
f 5625 5624 5648
f 5648 5624 5649
f 5624 5627 5649
f 5649 5627 5643
f 5631 5630 5725
f 5725 5630 5640
f 5625 5648 5591
f 5591 5648 5619
f 5588 5722 5723
f 5723 5722 5736
f 5631 5725 5592
f 5592 5725 5589
f 5723 5630 5666
f 5666 5630 5629
f 5587 5627 5720
f 5720 5627 5626
f 5820 5821 5819
f 5819 5821 5822
f 5824 5825 5823
f 5823 5825 5826
f 5823 5826 5827
f 5827 5826 5828
f 5829 5830 5832
f 5832 5830 5831
f 5518 5833 5708
f 5708 5833 5834
f 5835 5836 5824
f 5824 5836 5825
f 5838 5839 5837
f 5837 5839 5840
f 5751 5684 5842
f 5842 5684 5841
f 5843 5841 5724
f 5724 5841 5684
f 5845 5846 5844
f 5844 5846 5847
f 5848 5830 5836
f 5836 5830 5825
f 5518 5751 5833
f 5833 5751 5842
f 5839 5838 5821
f 5821 5838 5849
f 5850 5848 5822
f 5822 5848 5836
f 5851 5845 5828
f 5828 5845 5852
f 5854 5855 5853
f 5853 5855 5856
f 5845 5844 5852
f 5852 5844 5857
f 5858 5827 5852
f 5852 5827 5828
f 5851 5828 5829
f 5829 5828 5826
f 5819 5859 5820
f 5820 5859 5860
f 5835 5861 5819
f 5819 5861 5859
f 5851 5829 5862
f 5862 5829 5832
f 5844 5847 5837
f 5837 5847 5834
f 5819 5822 5835
f 5835 5822 5836
f 5823 5863 5824
f 5824 5863 5864
f 5849 5850 5821
f 5821 5850 5822
f 5825 5830 5826
f 5826 5830 5829
f 5820 5860 5865
f 5865 5860 5866
f 5858 5854 5867
f 5867 5854 5853
f 5854 5857 5855
f 5855 5857 5840
f 5855 5865 5856
f 5856 5865 5866
f 5837 5840 5844
f 5844 5840 5857
f 5827 5858 5868
f 5868 5858 5867
f 5824 5864 5835
f 5835 5864 5861
f 5732 5731 5862
f 5862 5731 5846
f 5863 5823 5868
f 5868 5823 5827
f 5843 5831 5848
f 5848 5831 5830
f 5854 5858 5857
f 5857 5858 5852
f 5855 5840 5865
f 5865 5840 5839
f 5865 5839 5820
f 5820 5839 5821
f 5868 5867 5870
f 5870 5867 5869
f 5868 5870 5863
f 5863 5870 5871
f 5863 5871 5864
f 5864 5871 5872
f 5864 5872 5861
f 5861 5872 5873
f 5867 5853 5869
f 5869 5853 5874
f 5853 5856 5874
f 5874 5856 5875
f 5856 5866 5875
f 5875 5866 5876
f 5877 5878 5874
f 5874 5878 5869
f 5880 5881 5879
f 5879 5881 5882
f 5883 5884 5880
f 5880 5884 5881
f 5881 5884 5886
f 5886 5884 5885
f 5887 5888 5886
f 5886 5888 5889
f 5885 5890 5886
f 5886 5890 5887
f 5889 5882 5886
f 5886 5882 5881
f 5882 5891 5879
f 5879 5891 5892
f 5885 5884 5893
f 5893 5884 5883
f 5883 5871 5893
f 5893 5871 5870
f 5883 5894 5871
f 5871 5894 5872
f 5880 5895 5883
f 5883 5895 5894
f 5896 5895 5879
f 5879 5895 5880
f 5893 5878 5885
f 5885 5878 5890
f 5878 5893 5869
f 5869 5893 5870
f 5897 5896 5892
f 5892 5896 5879
f 5895 5896 5898
f 5898 5896 5899
f 5896 5897 5899
f 5899 5897 5900
f 5898 5899 5901
f 5901 5899 5902
f 5901 5903 5898
f 5898 5903 5904
f 5900 5905 5899
f 5899 5905 5902
f 5898 5904 5895
f 5895 5904 5894
f 5894 5904 5872
f 5872 5904 5873
f 5897 5892 5907
f 5907 5892 5906
f 5892 5891 5906
f 5906 5891 5908
f 5887 5890 5909
f 5909 5890 5878
f 5888 5887 5910
f 5910 5887 5909
f 5878 5877 5909
f 5909 5877 5911
f 5909 5911 5910
f 5910 5911 5912
f 5913 5914 5910
f 5910 5914 5888
f 5908 5914 5906
f 5906 5914 5913
f 5861 5873 5859
f 5859 5873 5915
f 5860 5916 5866
f 5866 5916 5876
f 5916 5860 5915
f 5915 5860 5859
f 5915 5903 5916
f 5916 5903 5917
f 5903 5901 5917
f 5917 5901 5918
f 5916 5917 5876
f 5876 5917 5919
f 5903 5915 5904
f 5904 5915 5873
f 5920 5875 5919
f 5919 5875 5876
f 5920 5877 5875
f 5875 5877 5874
f 5920 5921 5877
f 5877 5921 5911
f 5921 5920 5922
f 5922 5920 5919
f 5923 5921 5924
f 5924 5921 5922
f 5917 5918 5919
f 5919 5918 5922
f 5918 5925 5922
f 5922 5925 5924
f 5921 5923 5911
f 5911 5923 5912
f 5927 5912 5926
f 5926 5912 5923
f 5926 5929 5928
f 5928 5929 5930
f 5926 5923 5929
f 5929 5923 5924
f 5926 5928 5927
f 5927 5928 5907
f 5927 5907 5913
f 5913 5907 5906
f 5913 5910 5927
f 5927 5910 5912
f 5901 5902 5918
f 5918 5902 5925
f 5930 5925 5905
f 5905 5925 5902
f 5930 5929 5925
f 5925 5929 5924
f 5928 5930 5900
f 5900 5930 5905
f 5900 5897 5928
f 5928 5897 5907
f 5882 5889 5891
f 5891 5889 5908
f 5908 5889 5914
f 5914 5889 5888
f 5832 5831 5641
f 5641 5831 5639
f 5833 5838 5834
f 5834 5838 5837
f 5842 5841 5849
f 5849 5841 5850
f 5841 5843 5850
f 5850 5843 5848
f 5847 5846 5739
f 5739 5846 5731
f 5842 5849 5833
f 5833 5849 5838
f 5862 5832 5732
f 5732 5832 5641
f 5847 5739 5834
f 5834 5739 5708
f 5862 5846 5851
f 5851 5846 5845
f 5831 5843 5639
f 5639 5843 5724
f 5676 5732 5595
f 5595 5732 5641
f 5676 5461 5660
f 5660 5461 5464
f 5461 5460 5464
f 5464 5460 5465
f 5460 5674 5465
f 5465 5674 5661
f 5931 5932 5934
f 5934 5932 5933
f 5936 5937 5935
f 5935 5937 5938
f 5935 5938 5939
f 5939 5938 5940
f 5942 5943 5941
f 5941 5943 5944
f 5945 5946 5936
f 5936 5946 5937
f 5948 5949 5947
f 5947 5949 5950
f 5951 5952 5519
f 5519 5952 5593
f 5953 5951 5709
f 5709 5951 5519
f 5955 5956 5954
f 5954 5956 5957
f 5958 5942 5946
f 5946 5942 5937
f 5948 5959 5949
f 5949 5959 5933
f 5960 5958 5934
f 5934 5958 5946
f 5961 5955 5940
f 5940 5955 5962
f 5963 5964 5966
f 5966 5964 5965
f 5955 5954 5962
f 5962 5954 5967
f 5968 5939 5962
f 5962 5939 5940
f 5961 5940 5941
f 5941 5940 5938
f 5931 5969 5932
f 5932 5969 5970
f 5945 5971 5931
f 5931 5971 5969
f 5941 5944 5961
f 5961 5944 5972
f 5954 5957 5947
f 5947 5957 5973
f 5945 5931 5946
f 5946 5931 5934
f 5935 5974 5936
f 5936 5974 5975
f 5959 5960 5933
f 5933 5960 5934
f 5937 5942 5938
f 5938 5942 5941
f 5932 5970 5976
f 5976 5970 5977
f 5968 5964 5978
f 5978 5964 5963
f 5965 5964 5950
f 5950 5964 5967
f 5976 5977 5965
f 5965 5977 5966
f 5947 5950 5954
f 5954 5950 5967
f 5939 5968 5979
f 5979 5968 5978
f 5936 5975 5945
f 5945 5975 5971
f 5972 5754 5956
f 5956 5754 5617
f 5974 5935 5979
f 5979 5935 5939
f 5953 5943 5958
f 5958 5943 5942
f 5964 5968 5967
f 5967 5968 5962
f 5965 5950 5976
f 5976 5950 5949
f 5976 5949 5932
f 5932 5949 5933
f 5979 5978 5981
f 5981 5978 5980
f 5979 5981 5974
f 5974 5981 5982
f 5974 5982 5975
f 5975 5982 5983
f 5975 5983 5971
f 5971 5983 5984
f 5978 5963 5980
f 5980 5963 5985
f 5963 5966 5985
f 5985 5966 5986
f 5986 5966 5987
f 5987 5966 5977
f 5988 5989 5985
f 5985 5989 5980
f 5991 5992 5990
f 5990 5992 5993
f 5994 5995 5991
f 5991 5995 5992
f 5992 5995 5997
f 5997 5995 5996
f 5998 5999 5997
f 5997 5999 6000
f 5996 6001 5997
f 5997 6001 5998
f 6000 5993 5997
f 5997 5993 5992
f 6002 6003 5993
f 5993 6003 5990
f 5995 5994 5996
f 5996 5994 6004
f 5994 5982 6004
f 6004 5982 5981
f 5994 6005 5982
f 5982 6005 5983
f 5991 6006 5994
f 5994 6006 6005
f 6006 5991 6007
f 6007 5991 5990
f 5996 6004 6001
f 6001 6004 5989
f 5989 6004 5980
f 5980 6004 5981
f 6003 6008 5990
f 5990 6008 6007
f 6009 6006 6010
f 6010 6006 6007
f 6008 6011 6007
f 6007 6011 6010
f 6012 6009 6013
f 6013 6009 6010
f 6009 6012 6015
f 6015 6012 6014
f 6011 6016 6010
f 6010 6016 6013
f 6006 6009 6005
f 6005 6009 6015
f 6005 6015 5983
f 5983 6015 5984
f 6008 6003 6018
f 6018 6003 6017
f 6003 6002 6017
f 6017 6002 6019
f 5998 6001 6020
f 6020 6001 5989
f 5999 5998 6021
f 6021 5998 6020
f 5989 5988 6020
f 6020 5988 6022
f 6021 6020 6023
f 6023 6020 6022
f 6021 6024 5999
f 5999 6024 6025
f 6019 6025 6017
f 6017 6025 6024
f 5971 5984 5969
f 5969 5984 6026
f 5970 6027 5977
f 5977 6027 5987
f 6027 5970 6026
f 6026 5970 5969
f 6026 6014 6027
f 6027 6014 6028
f 6014 6012 6028
f 6028 6012 6029
f 6027 6028 5987
f 5987 6028 6030
f 6026 5984 6014
f 6014 5984 6015
f 6031 5986 6030
f 6030 5986 5987
f 6031 5988 5986
f 5986 5988 5985
f 6032 6022 6031
f 6031 6022 5988
f 6032 6031 6033
f 6033 6031 6030
f 6034 6032 6035
f 6035 6032 6033
f 6028 6029 6030
f 6030 6029 6033
f 6029 6036 6033
f 6033 6036 6035
f 6032 6034 6022
f 6022 6034 6023
f 6038 6023 6037
f 6037 6023 6034
f 6037 6040 6039
f 6039 6040 6041
f 6037 6034 6040
f 6040 6034 6035
f 6037 6039 6038
f 6038 6039 6018
f 6038 6018 6024
f 6024 6018 6017
f 6024 6021 6038
f 6038 6021 6023
f 6012 6013 6029
f 6029 6013 6036
f 6041 6036 6016
f 6016 6036 6013
f 6041 6040 6036
f 6036 6040 6035
f 6041 6016 6039
f 6039 6016 6011
f 6011 6008 6039
f 6039 6008 6018
f 5993 6000 6002
f 6002 6000 6019
f 6019 6000 6025
f 6025 6000 5999
f 5943 5756 5944
f 5944 5756 5755
f 6042 5948 5973
f 5973 5948 5947
f 5952 5951 5959
f 5959 5951 5960
f 5951 5953 5960
f 5960 5953 5958
f 5616 5957 5617
f 5617 5957 5956
f 6042 5952 5948
f 5948 5952 5959
f 5944 5755 5972
f 5972 5755 5754
f 5957 5616 5973
f 5973 5616 5652
f 5956 5955 5972
f 5972 5955 5961
f 5943 5953 5756
f 5756 5953 5709
f 6044 6045 6043
f 6043 6045 6046
f 6048 6049 6047
f 6047 6049 6050
f 6047 6050 6051
f 6051 6050 6052
f 6054 6055 6053
f 6053 6055 6056
f 6057 6058 6060
f 6060 6058 6059
f 6061 6062 6048
f 6048 6062 6049
f 6063 6064 6066
f 6066 6064 6065
f 6067 6068 6070
f 6070 6068 6069
f 6071 6069 5653
f 5653 6069 6068
f 6072 6073 6075
f 6075 6073 6074
f 6062 6076 6049
f 6049 6076 6054
f 6058 6067 6059
f 6059 6067 6070
f 6064 6077 6065
f 6065 6077 6045
f 6078 6076 6046
f 6046 6076 6062
f 6073 6080 6079
f 6079 6080 6052
f 6082 6083 6081
f 6081 6083 6084
f 6072 6085 6073
f 6073 6085 6080
f 6086 6051 6080
f 6080 6051 6052
f 6079 6052 6053
f 6053 6052 6050
f 6043 6087 6044
f 6044 6087 6088
f 6061 6089 6043
f 6043 6089 6087
f 6053 6056 6079
f 6079 6056 6090
f 6063 6072 6060
f 6060 6072 6075
f 6043 6046 6061
f 6061 6046 6062
f 6047 6091 6048
f 6048 6091 6092
f 6077 6078 6045
f 6045 6078 6046
f 6049 6054 6050
f 6050 6054 6053
f 6044 6088 6093
f 6093 6088 6094
f 6086 6082 6095
f 6095 6082 6081
f 6083 6082 6066
f 6066 6082 6085
f 6093 6094 6083
f 6083 6094 6084
f 6072 6063 6085
f 6085 6063 6066
f 6051 6086 6096
f 6096 6086 6095
f 6048 6092 6061
f 6061 6092 6089
f 5656 5655 6090
f 6090 5655 6074
f 6091 6047 6096
f 6096 6047 6051
f 6071 6055 6076
f 6076 6055 6054
f 6082 6086 6085
f 6085 6086 6080
f 6093 6083 6065
f 6065 6083 6066
f 6044 6093 6045
f 6045 6093 6065
f 6096 6095 6098
f 6098 6095 6097
f 6096 6098 6091
f 6091 6098 6099
f 6091 6099 6092
f 6092 6099 6100
f 6092 6100 6089
f 6089 6100 6101
f 6095 6081 6097
f 6097 6081 6102
f 6081 6084 6102
f 6102 6084 6103
f 6103 6084 6104
f 6104 6084 6094
f 6106 6097 6105
f 6105 6097 6102
f 6107 6108 6110
f 6110 6108 6109
f 6111 6112 6108
f 6108 6112 6109
f 6109 6112 6114
f 6114 6112 6113
f 6114 6115 6117
f 6117 6115 6116
f 6113 6118 6114
f 6114 6118 6115
f 6117 6110 6114
f 6114 6110 6109
f 6110 6119 6107
f 6107 6119 6120
f 6112 6111 6113
f 6113 6111 6121
f 6111 6099 6121
f 6121 6099 6098
f 6111 6122 6099
f 6099 6122 6100
f 6123 6122 6108
f 6108 6122 6111
f 6124 6123 6107
f 6107 6123 6108
f 6113 6121 6118
f 6118 6121 6106
f 6106 6121 6097
f 6097 6121 6098
f 6125 6124 6120
f 6120 6124 6107
f 6126 6123 6127
f 6127 6123 6124
f 6125 6128 6124
f 6124 6128 6127
f 6129 6126 6130
f 6130 6126 6127
f 6126 6129 6132
f 6132 6129 6131
f 6128 6133 6127
f 6127 6133 6130
f 6123 6126 6122
f 6122 6126 6132
f 6122 6132 6100
f 6100 6132 6101
f 6120 6134 6125
f 6125 6134 6135
f 6120 6119 6134
f 6134 6119 6136
f 6115 6118 6137
f 6137 6118 6106
f 6115 6137 6116
f 6116 6137 6138
f 6137 6106 6139
f 6139 6106 6105
f 6138 6137 6140
f 6140 6137 6139
f 6141 6142 6138
f 6138 6142 6116
f 6136 6142 6134
f 6134 6142 6141
f 6089 6101 6087
f 6087 6101 6143
f 6088 6144 6094
f 6094 6144 6104
f 6143 6144 6087
f 6087 6144 6088
f 6131 6145 6143
f 6143 6145 6144
f 6129 6146 6131
f 6131 6146 6145
f 6144 6145 6104
f 6104 6145 6147
f 6143 6101 6131
f 6131 6101 6132
f 6148 6103 6147
f 6147 6103 6104
f 6103 6148 6102
f 6102 6148 6105
f 6148 6149 6105
f 6105 6149 6139
f 6149 6148 6150
f 6150 6148 6147
f 6151 6149 6152
f 6152 6149 6150
f 6145 6146 6147
f 6147 6146 6150
f 6146 6153 6150
f 6150 6153 6152
f 6149 6151 6139
f 6139 6151 6140
f 6155 6140 6154
f 6154 6140 6151
f 6154 6157 6156
f 6156 6157 6158
f 6154 6151 6157
f 6157 6151 6152
f 6154 6156 6155
f 6155 6156 6135
f 6155 6135 6141
f 6141 6135 6134
f 6141 6138 6155
f 6155 6138 6140
f 6146 6129 6153
f 6153 6129 6130
f 6158 6153 6133
f 6133 6153 6130
f 6158 6157 6153
f 6153 6157 6152
f 6156 6158 6128
f 6128 6158 6133
f 6128 6125 6156
f 6156 6125 6135
f 6110 6117 6119
f 6119 6117 6136
f 6136 6117 6142
f 6142 6117 6116
f 6055 5615 6056
f 6056 5615 5752
f 6060 6059 6063
f 6063 6059 6064
f 6077 6070 6078
f 6078 6070 6069
f 6069 6071 6078
f 6078 6071 6076
f 6159 6057 6075
f 6075 6057 6060
f 6059 6070 6064
f 6064 6070 6077
f 6056 5752 6090
f 6090 5752 5656
f 6090 6074 6079
f 6079 6074 6073
f 6055 6071 5615
f 5615 6071 5653
f 5547 5471 6160
f 6160 5471 6161
f 5729 5577 6163
f 6163 5577 6162
f 5577 5576 6162
f 6162 5576 6164
f 5713 6165 5711
f 5711 6165 6166
f 5474 5729 6167
f 6167 5729 6163
f 5750 5547 6168
f 6168 5547 6160
f 5471 5474 6161
f 6161 5474 6167
f 6169 5712 6168
f 6168 5712 5750
f 5711 6166 5576
f 5576 6166 6164
f 6165 5713 6169
f 6169 5713 5712
f 6168 6170 6169
f 6169 6170 6171
f 6169 6171 6165
f 6165 6171 6172
f 6165 6172 6166
f 6166 6172 6173
f 6166 6173 6164
f 6164 6173 6174
f 6168 6160 6170
f 6170 6160 6175
f 6160 6161 6175
f 6175 6161 6176
f 6161 6167 6176
f 6176 6167 6177
f 6179 6170 6178
f 6178 6170 6175
f 6181 6182 6180
f 6180 6182 6183
f 6184 6185 6181
f 6181 6185 6182
f 6186 6187 6185
f 6185 6187 6182
f 6186 6188 6187
f 6187 6188 6189
f 6190 6183 6187
f 6187 6183 6182
f 6183 6190 6191
f 6191 6190 6192
f 6191 6193 6183
f 6183 6193 6180
f 6186 6185 6194
f 6194 6185 6184
f 6184 6172 6194
f 6194 6172 6171
f 6184 6195 6172
f 6172 6195 6173
f 6181 6196 6184
f 6184 6196 6195
f 6196 6181 6197
f 6197 6181 6180
f 6186 6194 6188
f 6188 6194 6179
f 6179 6194 6170
f 6170 6194 6171
f 6193 6198 6180
f 6180 6198 6197
f 6199 6196 6200
f 6200 6196 6197
f 6198 6201 6197
f 6197 6201 6200
f 6202 6199 6203
f 6203 6199 6200
f 6199 6202 6205
f 6205 6202 6204
f 6201 6206 6200
f 6200 6206 6203
f 6196 6199 6195
f 6195 6199 6205
f 6195 6205 6173
f 6173 6205 6174
f 6198 6193 6208
f 6208 6193 6207
f 6193 6191 6207
f 6207 6191 6192
f 6189 6188 6209
f 6209 6188 6179
f 6210 6189 6211
f 6211 6189 6209
f 6209 6179 6212
f 6212 6179 6178
f 6211 6209 6213
f 6213 6209 6212
f 6211 6214 6210
f 6210 6214 6215
f 6192 6215 6207
f 6207 6215 6214
f 6190 6187 6210
f 6210 6187 6189
f 6192 6190 6215
f 6215 6190 6210
f 6162 6164 6216
f 6216 6164 6174
f 6167 6163 6177
f 6177 6163 6217
f 6216 6217 6162
f 6162 6217 6163
f 6204 6218 6216
f 6216 6218 6217
f 6202 6219 6204
f 6204 6219 6218
f 6217 6218 6177
f 6177 6218 6220
f 6216 6174 6204
f 6204 6174 6205
f 6221 6176 6220
f 6220 6176 6177
f 6176 6221 6175
f 6175 6221 6178
f 6221 6222 6178
f 6178 6222 6212
f 6222 6221 6223
f 6223 6221 6220
f 6224 6222 6225
f 6225 6222 6223
f 6218 6219 6220
f 6220 6219 6223
f 6219 6226 6223
f 6223 6226 6225
f 6222 6224 6212
f 6212 6224 6213
f 6228 6213 6227
f 6227 6213 6224
f 6229 6227 6231
f 6231 6227 6230
f 6227 6224 6230
f 6230 6224 6225
f 6227 6229 6228
f 6228 6229 6208
f 6228 6208 6214
f 6214 6208 6207
f 6214 6211 6228
f 6228 6211 6213
f 6219 6202 6226
f 6226 6202 6203
f 6231 6226 6206
f 6206 6226 6203
f 6231 6230 6226
f 6226 6230 6225
f 6229 6231 6201
f 6201 6231 6206
f 6201 6198 6229
f 6229 6198 6208
f 5674 5672 5661
f 5661 5672 5662
f 5662 5672 5663
f 5663 5672 5646
f 5651 6042 5652
f 5652 6042 5973
f 5518 5517 5751
f 5751 5517 5733
f 5738 5660 5753
f 5753 5660 5637
f 5752 5636 5656
f 5656 5636 5526
f 5952 6042 5593
f 5593 6042 5651
f 5593 5651 5594
f 5594 5651 5650
f 5600 5737 5514
f 5514 5737 5515
f 5546 5545 5740
f 5740 5545 6232
f 6232 6058 5740
f 5740 6058 6057
f 6067 6058 6233
f 6233 6058 6232
f 6233 6232 6234
f 6234 6232 5545
f 6234 5545 6235
f 6235 5545 5544
f 5606 6236 5543
f 5543 6236 5544
f 6235 5544 5539
f 5539 5544 6236
f 6237 6235 5542
f 5542 6235 5539
f 6235 6237 6234
f 6234 6237 6238
f 6234 6238 6233
f 6233 6238 6239
f 5653 6068 5650
f 5650 6068 6239
f 5642 5513 6240
f 6240 5513 5516
f 5539 6236 5540
f 5540 6236 5606
f 5636 5614 5637
f 5637 5614 5753
f 6239 5737 5650
f 5650 5737 5594
f 6239 6068 6233
f 6233 6068 6067
f 6075 6074 6159
f 6159 6074 5655
f 6057 6159 5740
f 5740 6159 5655
f 5515 5737 6238
f 6238 5737 6239
f 6238 6237 5515
f 5515 6237 5516
f 5542 6240 6237
f 6237 6240 5516
f 6240 5542 5642
f 5642 5542 5541
f 5702 5699 5541
f 5541 5699 5642
f 5582 5475 5717
f 5470 5443 5537
f 5537 5443 5504
f 5469 5444 5470
f 5470 5444 5443
f 5726 5557 5727
f 5727 5557 5556
f 5537 5504 5511
f 5511 5504 5506
f 5504 5503 5506
f 5506 5503 5507
f 5503 5455 5507
f 5507 5455 5581
f 5455 5454 5581
f 5581 5454 5456
f 5473 5453 5474
f 5474 5453 5729
f 5457 5454 5473
f 5473 5454 5453
f 5473 5472 5457
f 5457 5472 5686
f 5472 5548 5686
f 5686 5548 5687
f 5749 5693 5548
f 5548 5693 5687
f 5715 5532 5749
f 5749 5532 5693
f 5714 5486 5715
f 5715 5486 5532
f 5714 5710 5486
f 5486 5710 5449
f 5728 5578 5729
f 5729 5578 5577
f 5452 5445 5698
f 5698 5445 5558
f 5445 5444 5558
f 5558 5444 5556
f 5444 5469 5556
f 5556 5469 5727
f 5469 5468 5727
f 5727 5468 5555
f 5468 5747 5555
f 5555 5747 5552
f 5747 5700 5552
f 5552 5700 5716
f 5700 5699 5716
f 5716 5699 5717
f 5699 5702 5717
f 5717 5702 5582
f 5702 5701 5582
f 5582 5701 5583
f 5726 5479 5557
f 5557 5479 5483
f 5483 5479 5484
f 5484 5479 5482
f 5534 5533 5482
f 5482 5533 5484
f 5691 5688 5534
f 5534 5688 5533
f 5644 5647 5691
f 5691 5647 5688
f 5719 5746 5701
f 5701 5746 5583
f 5718 5497 5719
f 5719 5497 5746
f 5718 5605 5654
f 5654 5605 5638
f 5498 5654 5657
f 5657 5654 5633
f 5497 5718 5498
f 5498 5718 5654
f 5657 5527 5498
f 5498 5527 5494
f 5528 5570 5495
f 5495 5570 5521
f 5665 5668 5528
f 5528 5668 5570
f 5664 5671 5665
f 5665 5671 5668
f 5645 5741 5664
f 5664 5741 5671
f 5644 5696 5645
f 5645 5696 5741
f 5710 5575 5449
f 5449 5575 5450
f 5575 5578 5450
f 5450 5578 5698
f 5578 5728 5698
f 5698 5728 5452
f 5452 5728 5451
f 5451 5728 5453
f 3619 6241 3620
f 3620 6241 6242
f 6243 6244 3628
f 3628 6244 3629
f 6245 6246 3634
f 3634 6246 3631
f 6247 6248 3636
f 3636 6248 3637
f 6249 6250 3642
f 3642 6250 3639
f 3639 6250 3643
f 3643 6250 6251
f 3743 6252 3744
f 3744 6252 6253
f 6246 6243 3631
f 3631 6243 3628
f 3753 6254 3754
f 3754 6254 6255
f 3857 6256 3619
f 3619 6256 6241
f 6257 6245 3932
f 3932 6245 3634
f 6242 6247 3620
f 3620 6247 3636
f 6258 6259 3946
f 3946 6259 3947
f 6260 6249 3948
f 3948 6249 3642
f 6244 6258 3629
f 3629 6258 3946
f 3947 6259 3753
f 3753 6259 6254
f 6248 6260 3637
f 3637 6260 3948
f 3643 6251 3743
f 3743 6251 6252
f 3744 6253 3932
f 3932 6253 6257
f 6250 6249 6251
f 6251 6249 6252
f 6245 6261 6246
f 6246 6261 6262
f 6263 6264 6247
f 6247 6264 6248
f 6252 6265 6253
f 6253 6265 6266
f 6246 6262 6243
f 6243 6262 6267
f 6268 6261 6257
f 6257 6261 6245
f 6269 6263 6242
f 6242 6263 6247
f 6270 6271 6260
f 6260 6271 6249
f 6264 6270 6248
f 6248 6270 6260
f 6253 6266 6257
f 6257 6266 6268
f 6249 6271 6252
f 6252 6271 6265
f 6254 6259 6272
f 6272 6259 6273
f 6266 6265 6270
f 6270 6265 6271
f 6268 6266 6264
f 6264 6266 6270
f 6261 6268 6263
f 6263 6268 6264
f 6269 6262 6263
f 6263 6262 6261
f 4186 4185 6274
f 6274 4185 6275
f 6241 6276 6242
f 6242 6276 6269
f 6258 6244 6277
f 6277 6244 6278
f 6256 6279 6241
f 6241 6279 6276
f 6259 6258 6273
f 6273 6258 6277
f 6243 6267 6244
f 6244 6267 6278
f 6276 6267 6269
f 6269 6267 6262
f 6254 6272 6255
f 6255 6272 6280
f 3865 3713 3888
f 3888 3713 3685
f 5242 5233 3892
f 3892 5233 3711
f 3900 5243 3892
f 3892 5243 5242
f 3734 3866 3900
f 3900 3866 5243
f 4117 6281 4118
f 4118 6281 6282
f 4118 6282 4278
f 4278 6282 4879
f 4717 4887 4718
f 4718 4887 4280
f 4792 4278 4882
f 4882 4278 4879
f 4795 4792 6283
f 6283 4792 4882
f 4852 4851 5012
f 5012 4851 6284
f 4856 5207 4857
f 4857 5207 4858
f 4860 4279 4857
f 4857 4279 4854
f 4718 4280 4860
f 4860 4280 4279
f 4864 4863 4745
f 4745 4863 4742
f 5366 4867 5011
f 5011 4867 4866
f 4871 4884 4872
f 4872 4884 4883
f 4872 4883 4117
f 4117 4883 6281
f 6284 4851 6283
f 6283 4851 4795
f 4852 4866 4853
f 4853 4866 4865
f 4871 4870 4856
f 4856 4870 5207
f 4717 4716 4864
f 4864 4716 4861
f 4868 4867 4862
f 4862 4867 4863
f 4268 4855 4269
f 4269 4855 4854
f 4281 4274 4282
f 4282 4274 4765
f 4744 4743 4907
f 4907 4743 4904
f 4874 4881 4820
f 4820 4881 4880
f 4885 5013 4886
f 4886 5013 4980
f 4888 4275 4281
f 4281 4275 4274
f 4902 6282 4903
f 4903 6282 6281
f 6283 4979 6284
f 6284 4979 4978
f 4282 4765 4269
f 4269 4765 4266
f 4880 4879 4902
f 4902 4879 6282
f 4903 6281 4886
f 4886 6281 4883
f 4882 4881 6283
f 6283 4881 4979
f 5013 4885 4267
f 4267 4885 4268
f 4888 4887 4744
f 4744 4887 4745
f 4410 6285 4411
f 4411 6285 4812
f 4750 4749 6286
f 6286 4749 6287
f 6289 4695 6288
f 6288 4695 4255
f 4750 4675 4751
f 4751 4675 4965
f 6290 6291 4963
f 4963 6291 4960
f 4807 4806 4411
f 4411 4806 4408
f 6292 6293 4959
f 4959 6293 4956
f 4958 6294 4959
f 4959 6294 4955
f 4962 4964 4963
f 4963 4964 4805
f 4962 4961 4751
f 4751 4961 4748
f 6296 6297 6295
f 6295 6297 6298
f 6299 6300 6288
f 6288 6300 4735
f 6302 4961 6301
f 6301 4961 4960
f 6304 6287 6303
f 6303 6287 4749
f 4968 6305 4969
f 4969 6305 6306
f 4413 6308 6307
f 6307 6308 4900
f 6301 4960 6309
f 6309 4960 6291
f 4412 4408 6310
f 6310 4408 4806
f 4696 6311 4256
f 4256 6311 6312
f 6303 4749 6313
f 6313 4749 4748
f 6313 4748 6302
f 6302 4748 4961
f 6315 6316 6314
f 6314 6316 6317
f 4084 6318 6315
f 6315 6318 6316
f 4083 6319 4084
f 4084 6319 6318
f 4112 6320 4083
f 4083 6320 6319
f 6322 4138 6321
f 6321 4138 4137
f 6324 4128 6323
f 6323 4128 4127
f 4127 4193 6323
f 6323 4193 6325
f 4193 4891 6325
f 6325 4891 6326
f 4891 6327 6326
f 6326 6327 6328
f 6327 4824 5227
f 5227 4824 5228
f 5231 4684 6329
f 6329 4684 4683
f 4683 4099 6329
f 6329 4099 6330
f 4099 4102 6330
f 6330 4102 6331
f 4174 4826 4429
f 4429 4826 4829
f 4173 4741 4174
f 4174 4741 4826
f 4180 4738 4173
f 4173 4738 4741
f 6332 6333 4180
f 4180 6333 4738
f 6274 6334 4186
f 4186 6334 4188
f 4181 4825 4180
f 4180 4825 6332
f 5044 5213 5045
f 5045 5213 5165
f 5046 5087 5047
f 5047 5087 5222
f 5077 5063 5078
f 5078 5063 5198
f 5081 5099 5082
f 5082 5099 5194
f 5095 5074 5096
f 5096 5074 5073
f 5373 5170 5096
f 5096 5170 5093
f 5375 5171 5373
f 5373 5171 5170
f 5047 5222 5375
f 5375 5222 5171
f 5046 5038 5376
f 5376 5038 5067
f 5377 5086 5376
f 5376 5086 5085
f 5045 5165 5377
f 5377 5165 5086
f 5378 5214 5044
f 5044 5214 5213
f 5077 5034 5378
f 5378 5034 5214
f 5082 5194 5078
f 5078 5194 5035
f 5081 5080 5379
f 5379 5080 6335
f 5379 6335 5095
f 5095 6335 5074
f 5032 5080 5033
f 5033 5080 5079
f 5040 5017 5041
f 5041 5017 5016
f 5050 5043 5051
f 5051 5043 5042
f 5065 5023 5066
f 5066 5023 5022
f 5050 5049 5065
f 5065 5049 5023
f 5041 5016 5068
f 5068 5016 5020
f 5071 5374 5072
f 5072 5374 5200
f 5075 5156 5076
f 5076 5156 5155
f 5162 5212 5068
f 5068 5212 5067
f 5075 5074 5192
f 5192 5074 6335
f 5066 5022 5199
f 5199 5022 5196
f 5076 5155 5072
f 5072 5155 5069
f 5040 5039 5071
f 5071 5039 5374
f 5162 5161 5051
f 5051 5161 5048
f 5192 6335 5032
f 5032 6335 5080
f 5199 5196 5033
f 5033 5196 5030
f 5018 5211 5019
f 5019 5211 5408
f 5019 5408 5021
f 5021 5408 5163
f 5024 5057 5025
f 5025 5057 5415
f 5028 5048 5029
f 5029 5048 5161
f 5054 5031 5055
f 5055 5031 5030
f 5024 5023 5058
f 5058 5023 5049
f 5061 5070 5062
f 5062 5070 5069
f 5157 5438 5158
f 5158 5438 5442
f 5160 5191 5054
f 5054 5191 5031
f 5029 5161 5021
f 5021 5161 5020
f 5025 5415 5197
f 5197 5415 5220
f 5158 5442 5062
f 5062 5442 5059
f 5018 5017 5061
f 5061 5017 5070
f 5160 5159 5157
f 5157 5159 5438
f 5028 5027 5058
f 5058 5027 5056
f 5055 5030 5197
f 5197 5030 5196
f 5409 5380 5410
f 5410 5380 6336
f 5026 5413 5027
f 5027 5413 5412
f 5396 5417 5393
f 5393 5417 5416
f 5416 5057 5419
f 5419 5057 5056
f 5417 5396 5426
f 5426 5396 5420
f 5427 5423 5428
f 5428 5423 5422
f 5427 5059 5430
f 5430 5059 5442
f 5409 5408 5433
f 5433 5408 5211
f 5433 5211 5428
f 5428 5211 5060
f 5412 5411 5419
f 5419 5411 5418
f 5436 5053 5437
f 5437 5053 5052
f 5439 5402 5440
f 5440 5402 5401
f 5436 5435 5439
f 5439 5435 5402
f 5410 6336 5413
f 5413 6336 5414
f 5440 5401 5430
f 5430 5401 5429
f 5426 5420 5437
f 5437 5420 5434
f 5382 5432 5383
f 5383 5432 5384
f 5386 6336 5383
f 5383 6336 5380
f 6336 5386 5414
f 5414 5386 5388
f 5391 5418 5392
f 5392 5418 5411
f 5705 5395 5704
f 5704 5395 5394
f 5399 5435 5400
f 5400 5435 5434
f 5403 5441 5404
f 5404 5441 5405
f 5407 5429 5404
f 5404 5429 5401
f 5395 5705 5421
f 5421 5705 5748
f 5424 5706 5425
f 5425 5706 5431
f 5391 5390 5394
f 5394 5390 5704
f 5392 5388 5389
f 5389 5388 5387
f 5382 5381 5425
f 5425 5381 5422
f 5407 5406 5424
f 5424 5406 5706
f 5403 5402 5399
f 5399 5402 5435
f 5421 5748 5400
f 5400 5748 5397
f 4097 4721 4098
f 4098 4721 4231
f 4233 5273 4098
f 4098 5273 4095
f 6337 6338 4785
f 4785 6338 4786
f 4076 4780 4073
f 4073 4780 4781
f 4782 4190 4781
f 4781 4190 4073
f 4783 4901 4782
f 4782 4901 4190
f 4780 4076 4097
f 4097 4076 4721
f 6337 2879 4701
f 4701 2879 2878
f 5280 6339 5272
f 5272 6339 6340
f 5282 5281 6341
f 6341 5281 6342
f 4109 6302 4110
f 4110 6302 6301
f 4283 6304 4284
f 4284 6304 6303
f 6305 4379 6306
f 6306 4379 4378
f 4110 6301 4428
f 4428 6301 6309
f 6310 4688 4412
f 4412 4688 4687
f 4284 6303 4753
f 4753 6303 6313
f 4753 6313 4109
f 4109 6313 6302
f 6343 5226 4428
f 4428 5226 4427
f 4147 4900 4416
f 4416 4900 6308
f 6312 6311 4241
f 4241 6311 4720
f 5223 6344 4702
f 4702 6344 4699
f 4221 4220 6345
f 6345 4220 6346
f 5276 5275 6347
f 6347 5275 6348
f 5275 4728 6348
f 6348 4728 6349
f 4727 6350 5284
f 5284 6350 5285
f 6351 6352 6354
f 6354 6352 6353
f 5313 5312 5292
f 5292 5312 5293
f 5312 5344 5293
f 5293 5344 5337
f 5344 4914 5337
f 5337 4914 4916
f 4914 4913 4916
f 4916 4913 4917
f 4913 6355 4917
f 4917 6355 4978
f 6356 6357 6284
f 6284 6357 5012
f 6357 6358 5012
f 5012 6358 5011
f 5011 6358 5366
f 5366 6358 6359
f 6360 4742 6359
f 6359 4742 5366
f 4743 6361 4904
f 4904 6361 5364
f 5363 4905 5364
f 5364 4905 4904
f 5363 6362 4905
f 4905 6362 4207
f 6362 6363 4207
f 4207 6363 4208
f 6363 5342 4208
f 4208 5342 5330
f 5342 5341 5330
f 5330 5341 4244
f 5341 6364 4244
f 4244 6364 4245
f 6364 6365 4245
f 4245 6365 4246
f 6366 6367 4253
f 4253 6367 4250
f 4214 6368 4211
f 4211 6368 4380
f 4380 4379 4211
f 4211 4379 4283
f 4379 6305 4283
f 4283 6305 6304
f 6305 4968 6304
f 6304 4968 6287
f 4968 4967 6287
f 6287 4967 6286
f 4967 6297 6286
f 6286 6297 4676
f 6296 4376 4288
f 4288 4376 4285
f 4376 4373 4285
f 4285 4373 4290
f 6369 6370 6372
f 6372 6370 6371
f 5245 6373 5246
f 5246 6373 6374
f 4317 6375 4318
f 4318 6375 6376
f 4331 6377 4332
f 4332 6377 6378
f 6379 4333 6376
f 6376 4333 4318
f 4343 6380 4344
f 4344 6380 6381
f 4347 6382 4348
f 4348 6382 6383
f 4374 6371 4331
f 4331 6371 6377
f 4333 6379 4426
f 4426 6379 6384
f 4690 6385 4347
f 4347 6385 6382
f 4332 6378 4317
f 4317 6378 6375
f 4922 6386 4923
f 4923 6386 6387
f 6388 6389 4375
f 4375 6389 6390
f 6355 6356 4978
f 4978 6356 6284
f 4742 6360 4743
f 4743 6360 6361
f 6391 4238 6392
f 6392 4238 4719
f 6392 4719 6393
f 6393 4719 5296
f 6395 6396 6394
f 6394 6396 6397
f 6399 6400 6398
f 6398 6400 6401
f 6402 5302 6403
f 6403 5302 5303
f 5303 5321 6403
f 6403 5321 6404
f 5320 6405 5321
f 5321 6405 6404
f 5319 6406 5350
f 5350 6406 5351
f 5319 5318 6406
f 6406 5318 6407
f 5288 4197 6408
f 6408 4197 6409
f 4217 4216 6410
f 6410 4216 6411
f 5227 6412 6327
f 6327 6412 6328
f 4892 6413 5227
f 5227 6413 6412
f 4228 6414 4892
f 4892 6414 6413
f 4227 6415 4228
f 4228 6415 6414
f 4248 6416 4227
f 4227 6416 6415
f 4247 6417 4248
f 4248 6417 6416
f 6417 4247 6419
f 6419 4247 6418
f 6419 6418 6421
f 6421 6418 6420
f 6422 5301 6423
f 6423 5301 5300
f 6423 5300 6424
f 6424 5300 6399
f 6408 6409 6398
f 6398 6409 6425
f 6426 6427 6397
f 6397 6427 6394
f 6428 4224 6429
f 6429 4224 4223
f 6347 6346 5276
f 5276 6346 4220
f 6346 6347 6341
f 6341 6347 6339
f 5280 5278 5282
f 5282 5278 4236
f 4896 5224 4684
f 4684 5224 4681
f 4132 4135 4896
f 4896 4135 5224
f 4131 4136 4132
f 4132 4136 4135
f 4226 4754 4131
f 4131 4754 4136
f 4251 4213 4226
f 4226 4213 4754
f 4250 4214 4251
f 4251 4214 4213
f 4250 6367 4214
f 4214 6367 6368
f 6367 4910 6368
f 6368 4910 4737
f 4909 5297 4736
f 4736 5297 5296
f 5297 6395 5296
f 5296 6395 6393
f 6427 6430 6394
f 6394 6430 6431
f 6429 4383 6428
f 6428 4383 4382
f 4219 5277 4220
f 4220 5277 5276
f 4222 4697 4383
f 4383 4697 4218
f 6345 4699 4221
f 4221 4699 6344
f 6342 4700 6345
f 6345 4700 4699
f 4235 4786 5281
f 5281 4786 6338
f 4234 4787 4235
f 4235 4787 4786
f 5279 5278 6432
f 6432 5278 5271
f 4237 5279 6433
f 6433 5279 6432
f 4787 4234 6433
f 6433 4234 4237
f 6435 6436 6434
f 6434 6436 6437
f 6359 6438 6360
f 6360 6438 6437
f 6439 6440 6441
f 6441 6440 6438
f 6443 6439 6442
f 6442 6439 6441
f 6357 6356 6442
f 6442 6356 6444
f 6444 6446 6445
f 6445 6446 6447
f 4912 6446 4913
f 4913 6446 6355
f 6361 6436 5364
f 5364 6436 5365
f 5319 5350 5316
f 5316 5350 6448
f 4832 6449 5350
f 5350 6449 6448
f 4831 6450 4832
f 4832 6450 6449
f 5354 6451 5320
f 5320 6451 6405
f 4265 6452 5354
f 5354 6452 6451
f 4264 6453 4265
f 4265 6453 6452
f 6450 4831 6447
f 6447 4831 6445
f 4263 6435 4264
f 4264 6435 6434
f 6454 6453 6439
f 6439 6453 6440
f 6439 6443 6454
f 6454 6443 4834
f 4833 6455 4834
f 4834 6455 6454
f 5351 6456 4833
f 4833 6456 6455
f 6457 6391 6458
f 6458 6391 6392
f 6458 6392 6431
f 6431 6392 6393
f 5298 6396 5297
f 5297 6396 6395
f 6402 6400 5302
f 5302 6400 5299
f 6402 6403 6459
f 6459 6403 6460
f 6460 6403 6461
f 6461 6403 6404
f 6405 6462 6404
f 6404 6462 6461
f 6406 6462 5351
f 5351 6462 6456
f 6406 6407 6462
f 6462 6407 6461
f 6407 6463 6461
f 6461 6463 6460
f 6463 6464 6460
f 6460 6464 6459
f 6464 6465 6459
f 6459 6465 6401
f 6430 6466 6431
f 6431 6466 6458
f 6466 6410 6458
f 6458 6410 6457
f 6410 6411 6457
f 6457 6411 6467
f 6396 6424 6397
f 6397 6424 6425
f 6393 6395 6431
f 6431 6395 6394
f 6451 6456 6405
f 6405 6456 6462
f 6452 6455 6451
f 6451 6455 6456
f 6453 6454 6452
f 6452 6454 6455
f 6443 6445 4834
f 4834 6445 4831
f 6440 6453 6434
f 6434 6453 4264
f 6468 5306 5360
f 5360 5306 5305
f 6469 4124 6468
f 6468 4124 5306
f 6470 4125 6469
f 6469 4125 4124
f 6471 5291 6470
f 6470 5291 4125
f 6353 5292 6471
f 6471 5292 5291
f 5292 6353 5313
f 5313 6353 6352
f 5347 5314 6352
f 6352 5314 5313
f 5353 5318 5346
f 5346 5318 5317
f 5334 6468 5358
f 5358 6468 5360
f 5324 6469 5334
f 5334 6469 6468
f 5323 6470 5324
f 5324 6470 6469
f 5343 6471 5323
f 5323 6471 6470
f 6354 6353 5343
f 5343 6353 6471
f 6348 6349 4270
f 4270 6349 5311
f 5272 6340 5273
f 5273 6340 4272
f 6432 5271 4232
f 4232 5271 4233
f 4294 6432 4295
f 4295 6432 4232
f 6432 4294 6433
f 6433 4294 4301
f 4301 4300 6433
f 6433 4300 4787
f 4704 4784 4300
f 4300 4784 4787
f 4704 3013 4784
f 4784 3013 1307
f 5103 6472 5104
f 5104 6472 5202
f 5108 5116 5105
f 5105 5116 5115
f 5111 5124 5112
f 5112 5124 5123
f 5154 5205 5105
f 5105 5205 5106
f 5167 5180 5168
f 5168 5180 5185
f 5175 5188 5176
f 5176 5188 5187
f 5112 5123 5178
f 5178 5123 5120
f 5167 5090 5183
f 5183 5090 5089
f 5210 5151 5183
f 5183 5151 5181
f 5216 5138 5217
f 5217 5138 5137
f 5218 5119 5219
f 5219 5119 5221
f 5218 5178 5119
f 5119 5178 5120
f 5217 5137 5104
f 5104 5137 5101
f 5116 5108 5221
f 5221 5108 5219
f 5111 5110 5210
f 5210 5110 5151
f 5154 5153 5103
f 5103 5153 6472
f 5216 5215 5176
f 5176 5215 5173
f 5175 5174 5168
f 5168 5174 5166
f 5091 5172 5092
f 5092 5172 5208
f 5117 5037 5118
f 5118 5037 5036
f 5121 5164 5122
f 5122 5164 5133
f 5125 5084 5126
f 5126 5084 5083
f 5129 5174 5130
f 5130 5174 5173
f 5131 5202 5132
f 5132 5202 6472
f 5135 5221 5122
f 5122 5221 5119
f 5125 5124 5136
f 5136 5124 5209
f 5126 5083 5121
f 5121 5083 5164
f 5118 5036 5195
f 5195 5036 5193
f 5131 5097 5203
f 5203 5097 5114
f 5132 6472 5195
f 5195 6472 5153
f 5136 5209 5092
f 5092 5209 5089
f 5135 5134 5117
f 5117 5134 5037
f 5362 5206 5130
f 5130 5206 5127
f 5372 5371 5128
f 5128 5371 5129
f 5371 5372 5091
f 5091 5372 5172
f 5362 5215 5203
f 5203 5215 5201
f 6463 6407 5353
f 5353 6407 5318
f 6464 6463 5352
f 5352 6463 5353
f 6408 6465 5288
f 5288 6465 5289
f 4196 4224 6426
f 6426 4224 6427
f 6430 6427 6428
f 6428 6427 4224
f 6466 6430 4382
f 4382 6430 6428
f 6410 6466 4217
f 4217 6466 4382
f 4240 4239 3015
f 3015 4239 3016
f 4254 4257 3017
f 3017 4257 3018
f 6473 6474 4732
f 4732 6474 6475
f 6474 6374 6475
f 6475 6374 6373
f 5246 6374 3022
f 3022 6374 3023
f 4254 6299 4255
f 4255 6299 6288
f 6473 6300 3024
f 3024 6300 3025
f 6476 4257 6312
f 6312 4257 4256
f 4240 6476 4241
f 4241 6476 6312
f 6477 4239 6391
f 6391 4239 4238
f 6467 6477 6457
f 6457 6477 6391
f 6411 3029 6467
f 6467 3029 3028
f 4216 3030 6411
f 6411 3030 3029
f 6479 6480 6478
f 6478 6480 6481
f 6483 6484 6482
f 6482 6484 6485
f 6486 6487 4102
f 4102 6487 6331
f 6483 6488 6478
f 6478 6488 6489
f 4429 4829 6490
f 6490 4829 6479
f 6491 6486 4101
f 4101 6486 4102
f 4895 6491 4899
f 4899 6491 4101
f 4160 6488 4157
f 4157 6488 6492
f 6489 4087 6490
f 6490 4087 4090
f 4267 4261 5013
f 5013 4261 4260
f 4258 4261 5328
f 5328 4261 4975
f 4261 4267 4975
f 4975 4267 4266
f 5367 3793 3912
f 3912 3793 3575
f 6494 3616 6493
f 6493 3616 3795
f 6496 3589 6495
f 6495 3589 3588
f 6495 3588 5368
f 5368 3588 3794
f 3841 3840 3050
f 3050 3840 3051
f 3912 3911 3052
f 3052 3911 3053
f 3929 3930 3054
f 3054 3930 3055
f 5370 3930 3916
f 3916 3930 3923
f 3938 5369 3807
f 3807 5369 3915
f 3589 6496 3806
f 3806 6496 3937
f 3938 3937 3056
f 3056 3937 3057
f 3051 3840 3058
f 3058 3840 3943
f 3730 4808 3727
f 3727 4808 3943
f 3820 3951 3795
f 3795 3951 6493
f 3951 3841 3059
f 3059 3841 3050
f 3911 3574 6494
f 6494 3574 3616
f 3823 3929 3824
f 3824 3929 3952
f 4061 4060 3060
f 3060 4060 3061
f 6497 6498 4901
f 4901 6498 4790
f 6333 6499 4738
f 4738 6499 4739
f 6500 6501 6314
f 6314 6501 4418
f 6502 6275 4417
f 4417 6275 4185
f 6503 6497 4783
f 4783 6497 4901
f 6498 4060 4790
f 4790 4060 4059
f 4808 4061 3069
f 3069 4061 3060
f 5367 3071 5368
f 5368 3071 3070
f 5369 3073 5370
f 5370 3073 3072
f 6274 6275 3074
f 3074 6275 3075
f 6499 6504 4739
f 4739 6504 6317
f 6333 6332 3077
f 3077 6332 3078
f 6334 6274 3079
f 3079 6274 3074
f 6332 4825 3078
f 3078 4825 3080
f 6334 6503 4188
f 4188 6503 4783
f 4825 4689 3080
f 3080 4689 1330
f 6506 4747 6505
f 6505 4747 4746
f 6505 6507 6506
f 6506 6507 6508
f 4297 6509 4920
f 4920 6509 6510
f 4296 6511 4297
f 4297 6511 6509
f 6506 6508 4319
f 4319 6508 6512
f 4372 4371 6514
f 6514 4371 6513
f 6511 4296 5251
f 5251 4296 4305
f 5251 5250 6511
f 6511 5250 6515
f 6516 6509 6515
f 6515 6509 6511
f 6517 6507 6519
f 6519 6507 6518
f 6512 6520 6513
f 6513 6520 6514
f 6507 6517 6508
f 6508 6517 6521
f 5249 6523 6522
f 6522 6523 6524
f 6525 6370 5253
f 5253 6370 6526
f 4370 4323 4371
f 4371 4323 4326
f 4370 3103 4323
f 4323 3103 1541
f 6521 6517 6527
f 6527 6517 6519
f 6520 6528 6514
f 6514 6528 6529
f 6531 6532 6530
f 6530 6532 6533
f 5250 6534 6515
f 6515 6534 6535
f 6530 6533 6536
f 6536 6533 6537
f 6526 6538 6534
f 6534 6538 6537
f 6515 6535 6516
f 6516 6535 6539
f 4325 4321 4326
f 4326 4321 4320
f 4371 4326 6513
f 6513 4326 4320
f 6531 4731 6541
f 6541 4731 6540
f 4731 4730 6540
f 6540 4730 6542
f 4730 3121 6542
f 6542 3121 3120
f 6530 4328 6531
f 6531 4328 4731
f 4328 6530 4329
f 4329 6530 6536
f 4329 6536 6524
f 6524 6536 6543
f 6544 6545 6522
f 6522 6545 5248
f 6389 6388 5245
f 5245 6388 6373
f 6388 6546 6373
f 6373 6546 6475
f 4733 6546 6295
f 6295 6546 4377
f 4732 6475 4733
f 4733 6475 6546
f 4393 4432 4394
f 4394 4432 4435
f 4434 4672 4842
f 4842 4672 4671
f 4440 4439 4441
f 4441 4439 4438
f 4436 4450 4437
f 4437 4450 4398
f 4447 4444 4448
f 4448 4444 4392
f 4446 4464 4433
f 4433 4464 6547
f 4454 4423 4455
f 4455 4423 4422
f 4452 4481 4453
f 4453 4481 4480
f 4458 4389 4459
f 4459 4389 4388
f 4456 4471 4457
f 4457 4471 4468
f 4391 4460 4392
f 4392 4460 4448
f 4461 4467 4445
f 4445 4467 4465
f 4437 4398 4629
f 4629 4398 4397
f 4438 4628 4441
f 4441 4628 4631
f 4841 4629 4839
f 4839 4629 4397
f 4628 4842 4631
f 4631 4842 4671
f 4930 4989 4452
f 4452 4989 4481
f 4929 4927 4436
f 4436 4927 4450
f 4933 4387 4934
f 4934 4387 4386
f 4931 4475 4932
f 4932 4475 4474
f 4936 4449 4933
f 4933 4449 4387
f 4935 4472 4456
f 4456 4472 4471
f 4389 4458 4391
f 4391 4458 4460
f 4457 4468 4461
f 4461 4468 4467
f 4934 4386 4454
f 4454 4386 4423
f 4453 4480 4931
f 4931 4480 4475
f 4575 4997 4576
f 4576 4997 4639
f 4579 4596 4580
f 4580 4596 4595
f 4583 4582 4572
f 4572 4582 4569
f 4587 4944 4588
f 4588 4944 4562
f 4588 4562 4590
f 4590 4562 4561
f 4576 4639 4642
f 4642 4639 4638
f 4642 4845 4641
f 4641 4845 4846
f 4845 4590 4846
f 4846 4590 4561
f 4941 4938 4595
f 4595 4938 4580
f 4938 4940 4668
f 4668 4940 4669
f 4583 4942 4584
f 4584 4942 4947
f 4582 4587 4569
f 4569 4587 4586
f 5000 5001 4579
f 4579 5001 4596
f 4558 4560 4585
f 4585 4560 4586
f 4565 4639 4566
f 4566 4639 4997
f 4568 4567 4577
f 4577 4567 4578
f 4570 4554 4571
f 4571 4554 4556
f 4640 4565 4637
f 4637 4565 4546
f 4662 4664 4665
f 4665 4664 4844
f 4662 4558 4589
f 4589 4558 4585
f 4554 4570 4557
f 4557 4570 4560
f 4571 4667 4572
f 4572 4667 4943
f 4551 4670 4552
f 4552 4670 4666
f 4640 4664 4638
f 4638 4664 4663
f 4670 4568 4668
f 4668 4568 4577
f 4999 4996 4566
f 4566 4996 4543
f 4608 4564 4603
f 4603 4564 4563
f 4573 4593 4574
f 4574 4593 4592
f 4597 4614 4598
f 4598 4614 4613
f 4601 4600 4584
f 4584 4600 4581
f 4563 4562 4604
f 4604 4562 4944
f 4643 4593 4641
f 4641 4593 4573
f 4643 4847 4644
f 4644 4847 4848
f 4564 4847 4561
f 4561 4847 4846
f 4945 4941 4598
f 4598 4941 4595
f 4941 4945 4939
f 4939 4945 4946
f 4601 4948 4602
f 4602 4948 4620
f 4600 4604 4581
f 4581 4604 4944
f 5002 5003 4597
f 4597 5003 4614
f 4988 4759 4953
f 4953 4759 4402
f 4706 6548 4707
f 4707 6548 6549
f 4311 4928 4419
f 4419 4928 6550
f 4921 4920 6551
f 6551 4920 6552
f 4925 6553 4926
f 4926 6553 6554
f 4928 4921 4802
f 4802 4921 6551
f 6555 4985 6550
f 6550 4985 4419
f 4952 6556 4953
f 4953 6556 4649
f 4971 6557 4706
f 4706 6557 6548
f 4988 4648 4925
f 4925 4648 6553
f 4707 6549 5006
f 5006 6549 4987
f 4920 6510 6552
f 6552 6510 6518
f 6558 6510 6516
f 6516 6510 6509
f 6559 6558 6539
f 6539 6558 6516
f 6531 6541 6532
f 6532 6541 6560
f 6540 6561 6541
f 6541 6561 6529
f 6542 6562 6540
f 6540 6562 6561
f 6542 3120 6562
f 6562 3120 3142
f 4366 6563 4760
f 4760 6563 4970
f 4815 6564 4816
f 4816 6564 6565
f 3147 3146 6565
f 6565 3146 4816
f 6564 6563 6565
f 6565 6563 6566
f 4837 4385 4357
f 4357 4385 4358
f 6565 6566 3147
f 3147 6566 3149
f 4694 1209 3150
f 5247 5249 5248
f 5248 5249 6522
f 6372 6390 6545
f 6545 6390 6389
f 6375 5254 6376
f 6376 5254 5258
f 6377 6525 6378
f 6378 6525 5255
f 5260 6379 5258
f 5258 6379 6376
f 6380 6567 6381
f 6381 6567 6568
f 6382 6569 6383
f 6383 6569 6570
f 6377 6371 6525
f 6525 6371 6370
f 6379 5260 6384
f 6384 5260 6571
f 6385 6572 6382
f 6382 6572 6569
f 6378 5255 6375
f 6375 5255 5254
f 6386 6573 6387
f 6387 6573 6574
f 6545 6389 5248
f 5248 6389 5245
f 4675 4750 4676
f 4676 4750 6286
f 4734 6289 4735
f 4735 6289 6288
f 4804 6290 4805
f 4805 6290 4963
f 4811 4807 4812
f 4812 4807 4411
f 4954 6292 4955
f 4955 6292 4959
f 4964 4962 4965
f 4965 4962 4751
f 6285 4821 4812
f 4812 4821 4809
f 4675 4287 4965
f 4965 4287 4210
f 6294 4145 4955
f 4955 4145 4154
f 4964 4120 4805
f 4805 4120 4119
f 6298 4966 4734
f 4734 4966 6289
f 6300 6473 4735
f 4735 6473 4732
f 6297 6296 4676
f 4676 6296 4288
f 6523 3160 4330
f 4330 3160 3159
f 5253 5252 6525
f 6525 5252 5255
f 5256 5252 4305
f 4305 5252 5251
f 4304 5257 4305
f 4305 5257 5256
f 4424 5259 4304
f 4304 5259 5257
f 5261 6571 5259
f 5259 6571 5260
f 5262 6573 5261
f 5261 6573 6571
f 5264 6567 5265
f 5265 6567 6574
f 5266 6572 5267
f 5267 6572 6568
f 5268 6570 5269
f 5269 6570 6569
f 1807 3161 5268
f 5268 3161 6570
f 6524 6523 4329
f 4329 6523 4330
f 5253 6526 5250
f 5250 6526 6534
f 6543 6538 6544
f 6544 6538 6369
f 6524 6543 6522
f 6522 6543 6544
f 3071 5367 3052
f 3052 5367 3912
f 6493 3163 6494
f 6494 3163 3162
f 3164 445 3771
f 3771 445 3761
f 461 3165 3919
f 3919 3165 3920
f 330 410 3839
f 3839 410 3910
f 332 331 3552
f 3552 331 3551
f 464 304 3918
f 3918 304 3816
f 385 458 3766
f 3766 458 3894
f 412 415 3762
f 3762 415 3763
f 3166 337 3748
f 3748 337 3745
f 3072 3055 5370
f 5370 3055 3930
f 3073 5369 3056
f 3056 5369 3938
f 3167 3057 6496
f 6496 3057 3937
f 3069 3058 4808
f 4808 3058 3943
f 411 3166 3851
f 3851 3166 3748
f 3059 3163 3951
f 3951 3163 6493
f 336 3164 3772
f 3772 3164 3771
f 3053 3911 3162
f 3162 3911 6494
f 3054 3168 3929
f 3929 3168 3952
f 3165 830 3920
f 3920 830 3945
f 3170 3169 6497
f 6497 3169 6498
f 3171 1354 5005
f 5005 1354 4830
f 3172 3170 6503
f 6503 3170 6497
f 3169 3061 6498
f 6498 3061 4060
f 3173 3171 5006
f 5006 3171 5005
f 3079 3172 6334
f 6334 3172 6503
f 3174 3025 6299
f 6299 3025 6300
f 6576 6577 6575
f 6575 6577 6578
f 4612 4611 6579
f 6579 4611 6580
f 6582 6583 6581
f 6581 6583 6584
f 6584 6585 4618
f 4618 6585 4621
f 6586 6587 6589
f 6589 6587 6588
f 6588 6587 6590
f 6590 6587 6591
f 6592 4606 6590
f 6590 4606 4623
f 6594 6576 6593
f 6593 6576 6575
f 6595 6582 6579
f 6579 6582 6581
f 6580 6597 6596
f 6596 6597 6598
f 6577 6576 6599
f 6599 6576 6600
f 6595 6596 6601
f 6601 6596 6602
f 6583 6582 6603
f 6603 6582 6604
f 6586 6606 6605
f 6605 6606 6607
f 6587 6586 6608
f 6608 6586 6605
f 6587 6608 6591
f 6591 6608 6609
f 6576 6594 6600
f 6600 6594 6610
f 6582 6595 6604
f 6604 6595 6601
f 6599 6611 6577
f 6577 6611 6598
f 6613 6614 6612
f 6612 6614 6615
f 6617 6618 6616
f 6616 6618 6619
f 6621 6622 6620
f 6620 6622 6623
f 6625 6626 6624
f 6624 6626 6627
f 6629 6630 6628
f 6628 6630 6631
f 6633 6634 6632
f 6632 6634 6635
f 6637 6638 6636
f 6636 6638 6639
f 6640 6641 6637
f 6637 6641 6638
f 6643 6633 6642
f 6642 6633 6632
f 6645 6646 6644
f 6644 6646 6647
f 6646 6648 6647
f 6647 6648 6649
f 6651 6652 6650
f 6650 6652 6653
f 6653 6652 6654
f 6654 6652 6655
f 6656 6657 6659
f 6659 6657 6658
f 6661 6662 6660
f 6660 6662 6663
f 6662 6661 6664
f 6664 6661 6665
f 6667 6657 6666
f 6666 6657 6656
f 6669 6670 6668
f 6668 6670 6671
f 6672 6673 6670
f 6670 6673 6671
f 6674 6675 6677
f 6677 6675 6676
f 6675 6678 6676
f 6676 6678 6679
f 6681 6682 6680
f 6680 6682 6683
f 6684 6685 6683
f 6683 6685 6680
f 6687 6688 6686
f 6686 6688 6689
f 6687 6690 6688
f 6688 6690 6691
f 6619 6618 6633
f 6633 6618 6634
f 6632 6635 6693
f 6693 6635 6692
f 6617 6694 6636
f 6636 6694 6637
f 6695 6692 6639
f 6639 6692 6635
f 6637 6694 6640
f 6640 6694 6696
f 6698 6638 6697
f 6697 6638 6641
f 6643 6616 6633
f 6633 6616 6619
f 6642 6699 6641
f 6641 6699 6697
f 6646 6645 6700
f 6700 6645 6621
f 6644 6701 6654
f 6654 6701 6702
f 6700 6703 6646
f 6646 6703 6648
f 6693 6704 6649
f 6649 6704 6647
f 6620 6623 6651
f 6651 6623 6652
f 6693 6649 6699
f 6699 6649 6650
f 6652 6623 6655
f 6655 6623 6622
f 6654 6702 6653
f 6653 6702 6697
f 6615 6614 6657
f 6657 6614 6658
f 6705 6656 6704
f 6704 6656 6659
f 6613 6706 6660
f 6660 6706 6661
f 6704 6659 6701
f 6701 6659 6663
f 6661 6706 6665
f 6665 6706 6707
f 6708 6702 6664
f 6664 6702 6662
f 6612 6615 6667
f 6667 6615 6657
f 6666 6709 6664
f 6664 6709 6708
f 6629 6710 6669
f 6669 6710 6670
f 6668 6711 6679
f 6679 6711 6712
f 6713 6672 6710
f 6710 6672 6670
f 6714 6671 6705
f 6705 6671 6673
f 6628 6631 6674
f 6674 6631 6675
f 6705 6673 6709
f 6709 6673 6677
f 6631 6630 6675
f 6675 6630 6678
f 6712 6708 6679
f 6679 6708 6676
f 6625 6715 6682
f 6682 6715 6683
f 6716 6717 6681
f 6681 6717 6691
f 6718 6684 6715
f 6715 6684 6683
f 6719 6680 6714
f 6714 6680 6685
f 6624 6627 6686
f 6686 6627 6687
f 6689 6711 6685
f 6685 6711 6714
f 6627 6626 6687
f 6687 6626 6690
f 6717 6712 6691
f 6691 6712 6688
f 6612 6707 6613
f 6613 6707 6706
f 6616 6696 6617
f 6617 6696 6694
f 6703 6700 6620
f 6620 6700 6621
f 6715 6625 6718
f 6718 6625 6624
f 6710 6629 6713
f 6713 6629 6628
f 6639 6635 6636
f 6636 6635 6634
f 6641 6640 6642
f 6642 6640 6643
f 6654 6655 6644
f 6644 6655 6645
f 6651 6650 6648
f 6648 6650 6649
f 6659 6658 6663
f 6663 6658 6660
f 6665 6667 6664
f 6664 6667 6666
f 6678 6669 6679
f 6679 6669 6668
f 6673 6672 6677
f 6677 6672 6674
f 6690 6682 6691
f 6691 6682 6681
f 6685 6684 6689
f 6689 6684 6686
f 6636 6634 6617
f 6617 6634 6618
f 6638 6698 6639
f 6639 6698 6695
f 6640 6696 6643
f 6643 6696 6616
f 6693 6699 6632
f 6632 6699 6642
f 6655 6622 6645
f 6645 6622 6621
f 6704 6701 6647
f 6647 6701 6644
f 6651 6648 6620
f 6620 6648 6703
f 6650 6653 6699
f 6699 6653 6697
f 6613 6660 6614
f 6614 6660 6658
f 6663 6662 6701
f 6701 6662 6702
f 6665 6707 6667
f 6667 6707 6612
f 6705 6709 6656
f 6656 6709 6666
f 6630 6629 6678
f 6678 6629 6669
f 6714 6711 6671
f 6671 6711 6668
f 6672 6713 6674
f 6674 6713 6628
f 6677 6676 6709
f 6709 6676 6708
f 6626 6625 6690
f 6690 6625 6682
f 6680 6719 6681
f 6681 6719 6716
f 6684 6718 6686
f 6686 6718 6624
f 6711 6689 6712
f 6689 6688 6712
f 6593 6720 6594
f 6594 6720 6721
f 6722 6720 4607
f 4607 6720 4849
f 6592 6723 6722
f 6722 6723 6724
f 4610 4609 6578
f 6578 4609 6575
f 6596 6595 6580
f 6580 6595 6579
f 4618 4617 6584
f 6584 4617 6581
f 6589 6585 6586
f 6586 6585 6606
f 4622 4619 6588
f 6588 4619 6589
f 4622 6588 4623
f 4623 6588 6590
f 4609 4645 6575
f 6575 4645 6593
f 4617 4612 6581
f 6581 4612 6579
f 5004 4610 6597
f 6597 4610 6578
f 4645 4849 6593
f 6593 4849 6720
f 6724 6721 6722
f 6722 6721 6720
f 6722 4607 6592
f 6592 4607 4606
f 6725 6610 6721
f 6721 6610 6594
f 6723 6726 6724
f 6724 6726 6727
f 6727 6725 6724
f 6724 6725 6721
f 6728 6729 6605
f 6605 6729 6608
f 6605 6607 6728
f 6728 6607 6730
f 6731 6732 6604
f 6604 6732 6603
f 6733 6734 6725
f 6725 6734 6610
f 6735 6733 6727
f 6727 6733 6725
f 6735 6727 6736
f 6736 6727 6726
f 6591 6609 6723
f 6723 6609 6726
f 6723 6592 6591
f 6591 6592 6590
f 6738 6739 6737
f 6737 6739 6740
f 6740 6739 6742
f 6742 6739 6741
f 6743 6744 6741
f 6741 6744 6742
f 6745 6746 6743
f 6743 6746 6744
f 6747 6748 6745
f 6745 6748 6746
f 6749 6750 6747
f 6747 6750 6748
f 6752 6738 6751
f 6751 6738 6737
f 6754 6752 6753
f 6753 6752 6751
f 6756 6754 6755
f 6755 6754 6753
f 6758 6750 6757
f 6757 6750 6749
f 6760 6756 6759
f 6759 6756 6755
f 6762 6760 6761
f 6761 6760 6759
f 6764 6762 6763
f 6763 6762 6761
f 6757 6764 6758
f 6758 6764 6763
f 6766 6741 6765
f 6765 6741 6739
f 6767 6743 6766
f 6766 6743 6741
f 6768 6745 6767
f 6767 6745 6743
f 6769 6747 6768
f 6768 6747 6745
f 6770 6749 6769
f 6769 6749 6747
f 6772 6769 6771
f 6771 6769 6768
f 6773 6770 6772
f 6772 6770 6769
f 6774 6775 6772
f 6772 6775 6773
f 6777 6778 6776
f 6776 6778 6779
f 6775 6774 6778
f 6778 6774 6779
f 6771 6780 6772
f 6772 6780 6774
f 6780 6781 6774
f 6774 6781 6779
f 6781 6782 6779
f 6779 6782 6776
f 6784 6785 6783
f 6783 6785 6786
f 6786 6787 6783
f 6783 6787 6788
f 6790 6788 6789
f 6789 6788 6787
f 6786 6785 6791
f 6791 6785 6792
f 6791 6793 6786
f 6786 6793 6787
f 6793 6794 6787
f 6787 6794 6789
f 6795 6796 6794
f 6794 6796 6789
f 6790 6789 6797
f 6797 6789 6796
f 6798 6765 6738
f 6738 6765 6739
f 6799 6798 6752
f 6752 6798 6738
f 6767 6800 6768
f 6768 6800 6771
f 6766 6801 6767
f 6767 6801 6800
f 6802 6801 6765
f 6765 6801 6766
f 6798 6803 6765
f 6765 6803 6802
f 6804 6803 6799
f 6799 6803 6798
f 6805 6806 6804
f 6804 6806 6803
f 6807 6799 6754
f 6754 6799 6752
f 6808 6804 6807
f 6807 6804 6799
f 6809 6805 6808
f 6808 6805 6804
f 6810 6811 6805
f 6805 6811 6806
f 6812 6813 6810
f 6810 6813 6811
f 6814 6815 6796
f 6796 6815 6797
f 6813 6814 6816
f 6816 6814 6817
f 6816 6818 6813
f 6813 6818 6811
f 6819 6806 6818
f 6818 6806 6811
f 6802 6803 6819
f 6819 6803 6806
f 6757 6749 6820
f 6820 6749 6770
f 6820 6770 6821
f 6821 6770 6773
f 6821 6773 6822
f 6822 6773 6775
f 6822 6775 6823
f 6823 6775 6778
f 6824 6823 6777
f 6777 6823 6778
f 6784 6825 6777
f 6777 6825 6824
f 6826 6827 6788
f 6788 6827 6783
f 6828 6826 6790
f 6790 6826 6788
f 6829 6828 6797
f 6797 6828 6790
f 6815 6830 6797
f 6797 6830 6829
f 6832 6812 6831
f 6831 6812 6810
f 6831 6810 6809
f 6809 6810 6805
f 6736 6800 6735
f 6735 6800 6801
f 6733 6735 6802
f 6802 6735 6801
f 6734 6733 6819
f 6819 6733 6802
f 6833 6734 6818
f 6818 6734 6819
f 6834 6833 6816
f 6816 6833 6818
f 6816 6817 6834
f 6834 6817 6835
f 6837 6795 6836
f 6836 6795 6794
f 6836 6794 6731
f 6731 6794 6793
f 6732 6731 6791
f 6791 6731 6793
f 6791 6792 6732
f 6732 6792 6730
f 6729 6728 6781
f 6781 6728 6782
f 6838 6807 6756
f 6756 6807 6754
f 6839 6838 6760
f 6760 6838 6756
f 6840 6839 6762
f 6762 6839 6760
f 6841 6840 6764
f 6764 6840 6762
f 6820 6841 6757
f 6757 6841 6764
f 6841 6820 6842
f 6842 6820 6821
f 6840 6841 6843
f 6843 6841 6842
f 6839 6840 6844
f 6844 6840 6843
f 6838 6839 6845
f 6845 6839 6844
f 6807 6838 6808
f 6808 6838 6845
f 6842 6821 6846
f 6846 6821 6822
f 6843 6842 6847
f 6847 6842 6846
f 6844 6843 6848
f 6848 6843 6847
f 6845 6844 6849
f 6849 6844 6848
f 6808 6845 6809
f 6809 6845 6849
f 6850 6831 6849
f 6849 6831 6809
f 6851 6850 6848
f 6848 6850 6849
f 6847 6852 6848
f 6848 6852 6851
f 6853 6852 6846
f 6846 6852 6847
f 6846 6822 6853
f 6853 6822 6823
f 6853 6823 6854
f 6854 6823 6824
f 6854 6855 6853
f 6853 6855 6852
f 6856 6851 6855
f 6855 6851 6852
f 6856 6857 6851
f 6851 6857 6850
f 6857 6832 6850
f 6850 6832 6831
f 6825 6858 6824
f 6824 6858 6854
f 6860 6827 6859
f 6859 6827 6826
f 6859 6826 6861
f 6861 6826 6828
f 6862 6861 6829
f 6829 6861 6828
f 6830 6863 6829
f 6829 6863 6862
f 6863 6864 6862
f 6862 6864 6865
f 6858 6866 6854
f 6854 6866 6855
f 6867 6865 6866
f 6866 6865 6864
f 6869 6859 6868
f 6868 6859 6861
f 6867 6869 6865
f 6865 6869 6868
f 6861 6862 6868
f 6868 6862 6865
f 6867 6860 6869
f 6869 6860 6859
f 6753 6751 6698
f 6698 6751 6695
f 6697 6755 6698
f 6698 6755 6753
f 6759 6755 6702
f 6702 6755 6697
f 6761 6759 6708
f 6708 6759 6702
f 6763 6761 6712
f 6712 6761 6708
f 6758 6763 6717
f 6717 6763 6712
f 6750 6758 6716
f 6716 6758 6717
f 6719 6748 6716
f 6716 6748 6750
f 6714 6746 6719
f 6719 6746 6748
f 6705 6744 6714
f 6714 6744 6746
f 6704 6742 6705
f 6705 6742 6744
f 6740 6742 6693
f 6693 6742 6704
f 6737 6740 6692
f 6692 6740 6693
f 6751 6737 6695
f 6695 6737 6692
f 6601 6602 6836
f 6836 6602 6837
f 6604 6601 6731
f 6731 6601 6836
f 6599 6600 6834
f 6834 6600 6833
f 6834 6835 6599
f 6599 6835 6611
f 6600 6610 6833
f 6833 6610 6734
f 6780 6771 6870
f 6870 6771 6736
f 6736 6771 6800
f 6870 6729 6780
f 6780 6729 6781
f 6608 6729 6609
f 6609 6729 6870
f 6609 6870 6726
f 6726 6870 6736
f 5014 5015 5229
f 5229 5015 5230
f 4258 5015 4259
f 4259 5015 4878
f 3471 3013 4703
f 4703 3013 4704
f 2879 6337 1306
f 1306 6337 4785
f 829 3471 4316
f 4316 3471 4703
f 4702 3472 5223
f 5223 3472 1756
f 6871 6872 4534
f 4534 6872 4535
f 6871 4665 6872
f 6872 4665 4844
f 6871 6873 4665
f 4665 6873 4559
f 6871 4534 6873
f 6873 4534 4542
f 4153 4152 4822
f 4822 4152 4407
f 4152 4168 4407
f 4407 4168 4342
f 4343 4168 4923
f 4923 4168 4167
f 4363 4362 4972
f 4972 4362 4840
f 4362 4394 4840
f 4840 4394 4839
f 4401 4400 4986
f 4986 4400 4984
f 4435 4434 4841
f 4841 4434 4842
f 4506 4505 4530
f 4530 4505 4531
f 4506 4535 4507
f 4507 4535 4843
f 4661 4660 4516
f 4516 4660 4517
f 4673 4672 4937
f 4937 4672 6547
f 4400 4924 4984
f 4984 4924 5263
f 4673 4660 4674
f 4674 4660 4659
f 4505 4661 4531
f 4531 4661 4516
f 4952 4401 6874
f 6874 4401 4986
f 4954 4153 6875
f 6875 4153 4822
f 4363 4973 4364
f 4364 4973 4974
f 5264 4924 5267
f 5267 4924 4691
f 6293 6292 6876
f 6876 6292 6877
f 6380 4343 6387
f 6387 4343 4923
f 4394 4435 4839
f 4839 4435 4841
f 4672 4434 6547
f 6547 4434 4433
f 4973 6556 4974
f 4974 6556 6878
f 6567 6380 6574
f 6574 6380 6387
f 6292 4954 6877
f 6877 4954 6875
f 6567 5264 6568
f 6568 5264 5267
f 4145 4144 4154
f 4154 4144 4151
f 4194 4144 4425
f 4425 4144 4143
f 4355 4354 5263
f 5263 4354 4984
f 4360 4359 4364
f 4364 4359 4361
f 4444 4359 4392
f 4392 4359 4337
f 4447 4446 4432
f 4432 4446 4433
f 4464 4463 6547
f 6547 4463 4937
f 4519 4518 4654
f 4654 4518 4509
f 4533 4532 4499
f 4499 4532 4498
f 4533 4542 4530
f 4530 4542 4534
f 4519 4532 4516
f 4516 4532 4531
f 4922 4194 4426
f 4426 4194 4425
f 4463 4518 4937
f 4937 4518 4517
f 6555 4951 6874
f 6874 4951 6878
f 4958 4957 6290
f 6290 4957 6291
f 4334 4360 4712
f 4712 4360 4950
f 4985 4354 4419
f 4419 4354 4353
f 5262 4355 5265
f 5265 4355 5263
f 6294 4958 4804
f 4804 4958 6290
f 6386 4922 6384
f 6384 4922 4426
f 4444 4447 4393
f 4393 4447 4432
f 4464 4446 4465
f 4465 4446 4445
f 4985 6555 4986
f 4986 6555 6874
f 6573 6386 6571
f 6571 6386 6384
f 4145 6294 4146
f 4146 6294 4804
f 6573 5262 6574
f 6574 5262 5265
f 4542 4541 6873
f 6873 4541 4559
f 4535 6872 4843
f 4843 6872 4844
f 4104 4103 6879
f 6879 4103 6343
f 4105 6293 6307
f 6307 6293 6876
f 4104 4956 4105
f 4105 4956 6293
f 4956 4104 4957
f 4957 4104 6879
f 4957 6879 6291
f 6291 6879 6309
f 4648 4988 4649
f 4649 4988 4953
f 4802 4803 4928
f 4928 4803 6550
f 6550 4803 6555
f 6555 4803 4951
f 1516 3173 4987
f 4987 3173 5006
f 6519 6518 6558
f 6558 6518 6510
f 6527 6519 6559
f 6559 6519 6558
f 6528 6560 6529
f 6529 6560 6541
f 6548 4625 6549
f 6549 4625 4624
f 6551 6552 4746
f 4746 6552 6505
f 6553 4711 6554
f 6554 4711 4710
f 4802 6551 4713
f 4713 6551 4746
f 6556 4973 4649
f 4649 4973 4646
f 6557 4949 6548
f 6548 4949 4625
f 4648 4647 6553
f 6553 4647 4711
f 6549 4624 4987
f 4987 4624 4838
f 6552 6518 6505
f 6505 6518 6507
f 6561 4372 6529
f 6529 4372 6514
f 6562 4369 6561
f 6561 4369 4372
f 3142 3482 6562
f 6562 3482 4369
f 6556 4952 6878
f 6878 4952 6874
f 4951 4950 6878
f 6878 4950 4974
f 3168 440 3952
f 4204 4203 5341
f 5341 4203 6364
f 4219 4222 6429
f 6429 4222 4383
f 4319 4322 6506
f 6506 4322 4747
f 4340 4714 4341
f 4341 4714 4384
f 4375 4377 6388
f 6388 4377 6546
f 4378 4381 6311
f 6311 4381 4720
f 4449 4341 4387
f 4387 4341 4384
f 4473 4472 4477
f 4477 4472 4474
f 4492 4491 4487
f 4487 4491 4488
f 4523 4491 4522
f 4522 4491 4490
f 4492 4538 4493
f 4493 4538 4555
f 4538 4553 4555
f 4555 4553 4556
f 4620 4615 4621
f 4621 4615 4618
f 4652 4651 4368
f 4368 4651 4365
f 4523 4655 4524
f 4524 4655 4656
f 4553 4667 4556
f 4556 4667 4571
f 4651 1210 4365
f 4365 1210 1209
f 4698 4697 5223
f 5223 4697 6344
f 4340 4339 4322
f 4322 4339 4747
f 4726 4729 5287
f 5287 4729 4198
f 4381 4380 4737
f 4737 4380 6368
f 4836 4835 4451
f 4451 4835 4709
f 4910 6367 4911
f 4911 6367 6366
f 4912 4915 6450
f 6450 4915 6449
f 4927 4836 4450
f 4450 4836 4451
f 4930 4929 4439
f 4439 4929 4436
f 4936 4935 4459
f 4459 4935 4456
f 4473 4655 4470
f 4470 4655 4510
f 4942 4583 4943
f 4943 4583 4572
f 4948 4601 4947
f 4947 4601 4584
f 4949 4835 4625
f 4625 4835 4626
f 4966 4969 6289
f 6289 4969 4695
f 4971 4652 4926
f 4926 4652 4368
f 4203 4977 6364
f 6364 4977 6365
f 4990 4989 4443
f 4443 4989 4440
f 4990 4991 4478
f 4478 4991 4512
f 4992 4991 4528
f 4528 4991 4515
f 4992 4993 4527
f 4527 4993 4485
f 4994 4993 4502
f 4502 4993 4503
f 4994 4995 4482
f 4482 4995 4550
f 4543 4996 4544
f 4544 4996 4995
f 4999 4998 4567
f 4567 4998 4578
f 5000 4998 4575
f 4575 4998 4997
f 5002 5001 4592
f 4592 5001 4574
f 5003 5004 4614
f 4614 5004 4611
f 3483 4215 1755
f 1755 4215 4698
f 5274 5277 4195
f 4195 5277 4223
f 4726 5295 4727
f 4727 5295 6350
f 5309 5342 5310
f 5310 5342 6363
f 5315 5314 5316
f 5316 5314 5317
f 5339 6362 5340
f 5340 6362 5363
f 5310 6363 5339
f 5339 6363 6362
f 4204 5309 4201
f 4201 5309 5308
f 4915 5345 6449
f 6449 5345 6448
f 5345 5315 6448
f 6448 5315 5316
f 5348 5347 6351
f 6351 5347 6352
f 5365 4263 5340
f 5340 4263 4262
f 6295 6298 4733
f 4733 6298 4734
f 4969 6306 4695
f 4695 6306 4696
f 6306 4378 4696
f 4696 4378 6311
f 6369 6372 6544
f 6544 6372 6545
f 4375 6390 4373
f 4373 6390 4374
f 6421 6422 4911
f 4911 6422 4908
f 4910 4909 4737
f 4737 4909 4736
f 5277 4219 4223
f 4223 4219 6429
f 4697 4222 6344
f 6344 4222 4221
f 6436 6361 6437
f 6437 6361 6360
f 6438 6440 6437
f 6437 6440 6434
f 6438 6359 6441
f 6441 6359 6358
f 6442 6441 6357
f 6357 6441 6358
f 6442 6444 6443
f 6443 6444 6445
f 6446 6444 6355
f 6355 6444 6356
f 6446 4912 6447
f 6447 4912 6450
f 6436 6435 5365
f 5365 6435 4263
f 5314 5347 5317
f 5317 5347 5346
f 4319 6512 4320
f 4320 6512 6513
f 6520 6512 6521
f 6521 6512 6508
f 6528 6520 6527
f 6527 6520 6521
f 6532 6539 6533
f 6533 6539 6535
f 6533 6535 6537
f 6537 6535 6534
f 6538 6543 6537
f 6537 6543 6536
f 6295 4377 6296
f 6296 4377 4376
f 4989 4930 4440
f 4440 4930 4439
f 4927 4929 4422
f 4422 4929 4455
f 4449 4936 4388
f 4388 4936 4459
f 4472 4935 4474
f 4474 4935 4932
f 4942 4940 4947
f 4947 4940 4939
f 5001 5000 4574
f 4574 5000 4575
f 4669 4943 4666
f 4666 4943 4667
f 4996 4999 4547
f 4547 4999 4567
f 4948 4946 4620
f 4620 4946 4615
f 5003 5002 4591
f 4591 5002 4592
f 6557 4971 6554
f 6554 4971 4926
f 6532 6560 6539
f 6539 6560 6559
f 6390 6372 4374
f 4374 6372 6371
f 4966 6298 4967
f 4967 6298 6297
f 6538 6526 6369
f 6369 6526 6370
f 6585 6589 4621
f 4621 6589 4619
f 6597 6578 6598
f 6598 6578 6577
f 6606 6583 6607
f 6607 6583 6603
f 6611 6602 6598
f 6598 6602 6596
f 6585 6584 6606
f 6606 6584 6583
f 6597 6580 5004
f 5004 6580 4611
f 6607 6603 6730
f 6730 6603 6732
f 6776 6785 6777
f 6777 6785 6784
f 6785 6776 6792
f 6792 6776 6782
f 6815 6814 6812
f 6812 6814 6813
f 6817 6814 6795
f 6795 6814 6796
f 6825 6784 6827
f 6827 6784 6783
f 6830 6815 6832
f 6832 6815 6812
f 6817 6795 6835
f 6835 6795 6837
f 6792 6782 6730
f 6730 6782 6728
f 6858 6825 6860
f 6860 6825 6827
f 6863 6830 6857
f 6857 6830 6832
f 6864 6863 6856
f 6856 6863 6857
f 6866 6858 6867
f 6867 6858 6860
f 6866 6864 6855
f 6855 6864 6856
f 6835 6837 6611
f 6611 6837 6602
f 6560 6528 6559
f 6559 6528 6527
f 4949 6557 4710
f 4710 6557 6554
f 4430 4090 4175
f 4175 4090 4089
f 4777 4113 4155
f 4155 4113 4086
f 4175 4089 4176
f 4176 4089 4142
f 4199 4271 4200
f 4200 4271 4798
f 4199 4095 4272
f 4272 4095 5273
f 4406 4405 4404
f 4404 4405 4346
f 4410 4409 6877
f 6877 4409 6876
f 4409 4413 6876
f 6876 4413 6307
f 4415 4148 4416
f 4416 4148 4147
f 4690 4405 4344
f 4344 4405 4342
f 4693 4692 4352
f 4352 4692 4349
f 4701 4700 6337
f 6337 4700 6338
f 4778 4777 4081
f 4081 4777 4155
f 4821 4406 4809
f 4809 4406 4404
f 4176 4142 4181
f 4181 4142 4415
f 4760 4970 4399
f 4399 4970 4692
f 4200 5007 4096
f 4096 5007 4078
f 5266 4693 5269
f 5269 4693 4352
f 5270 5007 5361
f 5361 5007 4797
f 4778 5270 4779
f 4779 5270 5361
f 6285 4410 6875
f 6875 4410 6877
f 6308 4413 4687
f 4687 4413 4412
f 6480 6320 6481
f 6481 6320 6880
f 4701 2878 4702
f 4702 2878 3472
f 6339 6347 6340
f 6340 6347 6348
f 6341 6342 6346
f 6346 6342 6345
f 4416 6308 4414
f 4414 6308 4687
f 6385 4690 6381
f 6381 4690 4344
f 5282 6341 5280
f 5280 6341 6339
f 4700 6342 6338
f 6338 6342 5281
f 6340 6348 4272
f 4272 6348 4270
f 6480 6479 4828
f 4828 6479 4829
f 6490 6479 6489
f 6489 6479 6478
f 4090 4430 6490
f 6490 4430 4429
f 6563 6564 4970
f 4970 6564 4815
f 4694 6566 4366
f 4366 6566 6563
f 6572 6385 6568
f 6568 6385 6381
f 4821 6285 4822
f 4822 6285 6875
f 6572 5266 6569
f 6569 5266 5269
f 3482 3103 4369
f 4369 3103 4370
f 3121 4730 3485
f 3485 4730 4327
f 6277 6280 6273
f 6273 6280 6272
f 6267 6276 6278
f 6278 6276 6279
f 6278 6279 6277
f 6277 6279 6280
f 6279 6256 6280
f 6280 6256 6255
f 6256 3857 6255
f 6255 3857 3754
f 3857 3856 3754
f 3754 3856 3755
f 3856 3703 3755
f 3755 3703 3863
f 3703 3702 3863
f 3863 3702 3759
f 3702 3706 3759
f 3759 3706 3670
f 3706 3705 3670
f 3670 3705 3668
f 3705 3773 3668
f 3668 3773 3882
f 3882 3773 3883
f 3883 3773 3707
f 3707 3708 3883
f 3883 3708 3880
f 3708 3710 3880
f 3880 3710 3881
f 3709 5241 3710
f 3710 5241 3881
f 5241 3709 5234
f 5234 3709 3786
f 3693 3712 3786
f 3786 3712 5234
f 4051 4055 4052
f 4052 4055 4056
f 4056 4055 4057
f 4057 4055 4054
f 4066 5238 5236
f 5236 5238 3989
f 4066 4069 5238
f 5238 4069 4035
f 6881 3962 3960
f 3960 3962 3957
f 6883 4070 6882
f 6882 4070 3941
f 4070 6883 4071
f 4071 6883 6884
f 4071 6884 4072
f 4072 6884 6885
f 6885 6886 4072
f 4072 6886 4031
f 3955 6881 3956
f 3956 6881 3960
f 6884 3991 6885
f 6885 3991 3990
f 6883 6887 6884
f 6884 6887 3991
f 6887 6888 3991
f 3991 6888 3992
f 6888 6887 6889
f 6889 6887 6890
f 6887 6883 6890
f 6890 6883 6882
f 4058 5240 3953
f 3953 5240 3954
f 5236 6888 5239
f 5239 6888 6889
f 5237 6886 3990
f 3990 6886 6885
f 4034 4031 5237
f 5237 4031 6886
f 6881 6882 3962
f 3962 6882 3941
f 6881 3955 6882
f 6882 3955 6890
f 3955 3954 6890
f 6890 3954 6889
f 5239 6889 5240
f 5240 6889 3954
f 6888 5236 3992
f 3992 5236 3989
f 3869 3868 3888
f 3888 3868 4015
f 3868 4012 4015
f 4015 4012 4010
f 4012 4022 4010
f 4010 4022 4009
f 4022 4021 4009
f 4009 4021 4018
f 4020 3974 4001
f 4001 3974 3996
f 4021 4020 4029
f 4029 4020 4001
f 4085 4156 4086
f 4086 4156 4155
f 4113 4777 4114
f 4114 4777 4776
f 4130 4129 4094
f 4094 4129 4091
f 4139 4773 4140
f 4140 4773 4772
f 4149 4178 4150
f 4150 4178 5225
f 4160 4159 4087
f 4087 4159 4088
f 4149 4148 4179
f 4179 4148 4141
f 4085 4084 4183
f 4183 4084 6315
f 4179 4141 4159
f 4159 4141 4088
f 4192 4130 4162
f 4162 4130 4094
f 4197 5288 4198
f 4198 5288 5287
f 4229 4766 4230
f 4230 4766 4771
f 4245 4246 4242
f 4242 4246 4249
f 4183 6315 4418
f 4418 6315 6314
f 4679 4178 4680
f 4680 4178 4177
f 4724 4798 4725
f 4725 4798 4271
f 4728 5275 4729
f 4729 5275 5274
f 4230 4771 4249
f 4249 4771 4242
f 4724 4723 4799
f 4799 4723 5355
f 4823 4824 4891
f 4891 4824 6327
f 4823 4192 4161
f 4161 4192 4162
f 4893 4767 4229
f 4229 4767 4766
f 4894 4895 4898
f 4898 4895 4899
f 4106 4150 4103
f 4103 4150 5225
f 4680 4894 4677
f 4677 4894 4898
f 6420 4977 5301
f 5301 4977 4976
f 4679 4678 5226
f 5226 4678 4427
f 5228 5008 4893
f 4893 5008 4767
f 5285 6354 5286
f 5286 6354 5343
f 5289 5352 5290
f 5290 5352 5349
f 5290 5349 5295
f 5295 5349 5348
f 5302 5299 4202
f 4202 5299 4976
f 4725 4271 5311
f 5311 4271 4270
f 5325 4723 5326
f 5326 4723 4722
f 5335 5355 5325
f 5325 5355 4723
f 5326 4722 5286
f 5286 4722 5283
f 4799 5357 4797
f 4797 5357 5361
f 5359 5356 5335
f 5335 5356 5355
f 4775 4774 5356
f 5356 4774 5357
f 5359 5358 4092
f 4092 5358 4093
f 6316 4740 6317
f 6317 4740 4739
f 6318 4827 6316
f 6316 4827 4740
f 6319 4828 6318
f 6318 4828 4827
f 6320 6480 6319
f 6319 6480 4828
f 6484 6322 6485
f 6485 6322 6321
f 6487 6324 6331
f 6331 6324 6323
f 6331 6323 6330
f 6330 6323 6325
f 6325 6326 6330
f 6330 6326 6329
f 6326 6328 6329
f 6329 6328 5231
f 4824 4685 5228
f 5228 4685 5008
f 5226 6343 5225
f 5225 6343 4103
f 4728 4727 6349
f 6349 4727 5284
f 6350 6351 5285
f 5285 6351 6354
f 4247 4246 6418
f 6418 4246 6365
f 6400 6402 6401
f 6401 6402 6459
f 4197 4196 6409
f 6409 4196 6426
f 6412 4897 6328
f 6328 4897 5231
f 6413 4133 6412
f 6412 4133 4897
f 6414 4134 6413
f 6413 4134 4133
f 6415 4225 6414
f 6414 4225 4134
f 6416 4252 6415
f 6415 4252 4225
f 6417 4253 6416
f 6416 4253 4252
f 4253 6417 6366
f 6366 6417 6419
f 6366 6419 4911
f 4911 6419 6421
f 6422 6423 4908
f 4908 6423 5298
f 5298 6423 6396
f 6396 6423 6424
f 6409 6426 6425
f 6425 6426 6397
f 5300 5299 6399
f 6399 5299 6400
f 6465 6408 6401
f 6401 6408 6398
f 6424 6399 6425
f 6425 6399 6398
f 6349 5284 5311
f 5311 5284 5283
f 6465 6464 5289
f 5289 6464 5352
f 6488 6483 6492
f 6492 6483 6482
f 6486 6491 6482
f 6482 6491 6492
f 6491 4895 6492
f 6492 4895 4157
f 6488 4160 6489
f 6489 4160 4087
f 6501 6502 4418
f 4418 6502 4417
f 6504 6500 6317
f 6317 6500 6314
f 3497 3496 6501
f 6501 3496 6502
f 3499 3498 6504
f 6504 3498 6500
f 4729 5274 4198
f 4198 5274 4195
f 6418 6365 6420
f 6420 6365 4977
f 5295 5348 6350
f 6350 5348 6351
f 5301 6422 6420
f 6420 6422 6421
f 4113 4112 4086
f 4086 4112 4083
f 6320 4112 6880
f 6880 4112 4111
f 4091 4772 4092
f 4092 4772 4775
f 4129 4140 4091
f 4091 4140 4772
f 4137 4140 4128
f 4128 4140 4129
f 4128 6324 4137
f 4137 6324 6321
f 6324 6487 6321
f 6321 6487 6485
f 6487 6486 6485
f 6485 6486 6482
f 4774 4773 4779
f 4779 4773 4776
f 4773 4139 4776
f 4776 4139 4114
f 4139 4138 4114
f 4114 4138 4111
f 4138 6322 4111
f 4111 6322 6880
f 6322 6484 6880
f 6880 6484 6481
f 6484 6483 6481
f 6481 6483 6478
f 6879 6343 6309
f 6309 6343 4428
f 4106 4105 4900
f 4900 4105 6307
f 3500 3167 6495
f 6495 3167 6496
f 3500 6495 3070
f 3070 6495 5368
f 3502 5235 3501
f 3501 5235 4813
f 3024 3503 6473
f 6473 3503 6474
f 3503 3023 6474
f 6474 3023 6374
f 3504 1770 4348
f 4348 1770 4345
f 3502 3505 5235
f 5235 3505 4810
f 3498 3497 6500
f 6500 3497 6501
f 3496 3075 6502
f 6502 3075 6275
f 6299 4254 3174
f 3174 4254 3017
f 1769 3501 4814
f 4814 3501 4813
f 3506 3018 6476
f 6476 3018 4257
f 3507 3499 6499
f 6499 3499 6504
f 3030 4216 3483
f 3483 4216 4215
f 3077 3507 6333
f 6333 3507 6499
f 1784 3160 5249
f 5249 3160 6523
f 3015 3506 4240
f 4240 3506 6476
f 3508 3504 6383
f 6383 3504 4348
f 3509 3016 6477
f 6477 3016 4239
f 3028 3509 6467
f 6467 3509 6477
f 3022 1785 5246
f 5246 1785 5247
f 3161 3508 6570
f 6570 3508 6383
f 3150 3149 4694
f 4694 3149 6566
f 1327 4807 3510
f 3510 4807 4811
f 3510 4811 3505
f 3505 4811 4810
f 3146 3511 4816
f 4816 3511 4350
f 3511 1808 4350
f 4350 1808 4351
f 3485 4327 3159
f 3159 4327 4330
f 1326 3512 4806
f 4806 3512 6310
f 3512 1331 6310
f 6310 1331 4688
