v -0.07134442 1.95440996 0.07134570
v -0.07466127 1.93964481 0.06490825
v -0.06925586 1.93712521 0.07798792
v -0.06212698 1.94846189 0.08534999
v -0.07300657 1.92767406 0.07350555
v -0.07639463 1.92803741 0.06171655
v -0.06054676 1.93226898 0.08759703
v -0.05229453 1.94045854 0.09473184
v -0.04873734 1.89774060 0.09882332
v -0.04019349 1.89364064 0.10519065
v -0.04249470 1.90590715 0.10394393
v -0.04976499 1.90653789 0.09657112
v -0.04325296 1.87205863 0.10029165
v -0.04856602 1.86190128 0.09265389
v -0.03911262 1.85378575 0.09774594
v -0.03261743 1.86347544 0.10421982
v -0.06337442 1.87271154 0.05501636
v -0.06308252 1.86640048 0.06090824
v -0.06407869 1.87337339 0.06433080
v -0.06350222 1.87884772 0.05786674
v -0.06757414 1.88179910 0.04428410
v -0.06503205 1.88759696 0.04565888
v -0.06891806 1.89082670 0.03961265
v -0.07271525 1.88433290 0.03890515
v -0.06141183 1.86725116 0.05022840
v -0.06080789 1.86078119 0.05655050
v -0.06398305 1.87815022 0.04988325
v -0.06538664 1.87357664 0.04804382
v -0.07425357 1.86677969 0.04295462
v -0.07362804 1.87139153 0.04453215
v -0.07954705 1.87198210 0.03960546
v -0.07819128 1.86654711 0.03882040
v -0.06578828 1.86668050 0.04795478
v -0.06890874 1.86940253 0.04765283
v -0.07029080 1.86553979 0.04495538
v -0.06651022 1.86367226 0.04431721
v -0.06982203 1.87735188 0.04346751
v -0.07604292 1.87862670 0.03886094
v -0.08207646 1.87941277 0.03313797
v -0.08534165 1.87085605 0.03364514
v -0.05824925 1.85383439 0.07359228
v -0.06168198 1.86023235 0.06757264
v -0.05998399 1.85516000 0.06282149
v -0.05789898 1.85010457 0.06829774
v -0.06325379 1.86073375 0.04634986
v -0.06312349 1.84479332 0.05077486
v -0.06367669 1.84866762 0.05074928
v -0.06626941 1.84895349 0.04397451
v -0.06576693 1.84537268 0.04461176
v -0.04964064 1.84043026 0.08133785
v -0.05218608 1.83886003 0.07483101
v -0.04915668 1.83213139 0.07632878
v -0.04511012 1.83266699 0.08253998
v -0.04728195 1.82650590 0.07472077
v -0.04092626 1.82545352 0.08250220
v -0.03763897 1.81162596 0.07478485
v -0.03896527 1.81779349 0.07884899
v -0.04621072 1.82088375 0.07133351
v -0.04771531 1.81536615 0.06586501
v -0.05361258 1.81832588 0.05196103
v -0.05464826 1.81651497 0.04572288
v -0.05257227 1.80514884 0.05141206
v -0.05071274 1.80951226 0.05834557
v -0.05829664 1.83916259 0.05175235
v -0.05636163 1.83969629 0.05617451
v -0.05872386 1.84098482 0.05576285
v -0.06126985 1.84156394 0.05105379
v -0.05507469 1.83984482 0.05992554
v -0.05441826 1.83986831 0.06164806
v -0.05582790 1.84099531 0.06105548
v -0.05566876 1.84057724 0.05978578
v -0.05594799 1.84004343 0.05779164
v -0.05602917 1.83801985 0.05690533
v -0.05544909 1.83895302 0.05907159
v -0.05801452 1.83674932 0.05291367
v -0.06259823 1.83312762 0.03914308
v -0.06223438 1.83385265 0.04304613
v -0.06132689 1.83842421 0.04163388
v -0.06173671 1.83817101 0.03828910
v -0.05747976 1.84265137 0.05921811
v -0.05772227 1.84419024 0.06142951
v -0.06060646 1.84638596 0.05692826
v -0.05962312 1.84364867 0.05610346
v -0.05817397 1.84622169 0.06410831
v -0.05570148 1.84238780 0.06330417
v -0.05578136 1.84341884 0.06649050
v -0.05434970 1.83795297 0.06128274
v -0.05309362 1.83662021 0.06426626
v -0.05438820 1.83925009 0.06441481
v -0.05299483 1.83315372 0.06250434
v -0.05483472 1.83580112 0.05886129
v -0.05673915 1.83349776 0.05499076
v -0.05910725 1.83125687 0.04988311
v -0.05600462 1.82692456 0.05325836
v -0.05420738 1.82979655 0.05863281
v -0.06057225 1.85050416 0.05899616
v -0.05325814 1.83901870 0.06891239
v -0.05493439 1.84554493 0.07193510
v -0.05176017 1.83425725 0.06931999
v -0.05069427 1.82968330 0.06774928
v -0.05088152 1.82544160 0.06389207
v -0.05229141 1.82159114 0.05811084
v -0.04143227 1.79862237 0.05681321
v -0.04019049 1.80439317 0.06524161
v -0.07229756 1.92088592 0.06140453
v -0.07205439 1.92051947 0.07021521
v -0.06641817 1.91337943 0.07227916
v -0.06698576 1.91574216 0.07364552
v -0.06910132 1.91665602 0.06805211
v -0.06790230 1.91391242 0.06788039
v -0.05368818 1.90816140 0.08927689
v -0.05719819 1.90939319 0.08344522
v -0.05552636 1.90569806 0.08430417
v -0.05301685 1.90157163 0.09137034
v -0.05981662 1.89688957 0.07606475
v -0.05782559 1.89872456 0.08085247
v -0.06020109 1.90497613 0.07631719
v -0.06174644 1.90363300 0.07277023
v -0.06294495 1.90279245 0.06878534
v -0.06317572 1.90254617 0.06430021
v -0.06191868 1.89730310 0.06508687
v -0.06135968 1.89663768 0.07050113
v -0.06850351 1.91751337 0.06177171
v -0.06653534 1.91646743 0.05489538
v -0.06574324 1.91373634 0.05655370
v -0.06778786 1.91448569 0.06220671
v -0.05813045 1.90717101 0.04828245
v -0.05976873 1.90949440 0.04904941
v -0.06008250 1.91072559 0.04546878
v -0.05865237 1.90630412 0.04498946
v -0.05900414 1.90341163 0.04721814
v -0.05869320 1.90557408 0.04946277
v -0.06864716 1.97593582 0.06208536
v -0.07526323 1.95860851 0.05632554
v -0.05977850 1.97080564 0.08026341
v -0.05099647 1.96125042 0.09338240
v -0.04199311 1.94877052 0.10271230
v -0.04496019 1.84579468 0.08938727
v -0.03836795 1.83785939 0.09233512
v -0.02970992 1.84655011 0.10217908
v -0.02359583 1.83674455 0.10219005
v -0.03333865 1.82822955 0.09210813
v -0.02588925 1.81064892 0.08115558
v -0.02904667 1.81860948 0.08852422
v -0.01637069 1.82766795 0.09949636
v -0.00485299 1.84136939 0.10966884
v -0.01387541 1.84774840 0.10973282
v 0.00540470 1.85804689 0.11521778
v 0.00742194 1.83406937 0.10896458
v 0.01466471 1.85743320 0.11522500
v 0.00747990 1.79832888 0.09658521
v 0.00926706 1.78668356 0.10105808
v 0.01905354 1.79445350 0.11432680
v 0.01640680 1.80594409 0.11087222
v -0.02279365 1.85505915 0.10831276
v -0.03698525 1.91773868 0.10619701
v -0.04662254 1.91592515 0.09996085
v -0.03251023 1.90501142 0.10953438
v -0.02324846 1.97800112 0.11155041
v -0.03909462 1.97154379 0.10173482
v -0.03188321 1.95740628 0.11061968
v -0.01863721 1.96574330 0.11827712
v -0.02905915 2.01115322 0.08052118
v -0.05060859 1.99546552 0.07226433
v -0.04561792 1.98595977 0.08650248
v -0.02765894 1.99723220 0.09496688
v -0.00662817 1.96863341 0.12344955
v 0.01087927 1.97134900 0.12877111
v 0.01738277 1.98750257 0.12499389
v -0.00366285 1.98569381 0.11727992
v 0.02554571 2.00727034 0.11375953
v -0.00090257 2.00597906 0.10541850
v 0.02518839 1.84439325 0.11687362
v 0.02632733 1.86356866 0.11792548
v 0.01192299 1.81904590 0.10712689
v 0.02508511 1.82755411 0.11748162
v 0.03245631 2.02236629 0.09781666
v 0.00146421 2.02183557 0.08834007
v 0.06361094 1.95420516 0.13353953
v 0.05284854 1.97129917 0.13077484
v 0.03730634 1.95660543 0.13434623
v 0.04932874 1.94314754 0.13501750
v 0.07967484 1.96408832 0.12614143
v 0.06819119 1.98415089 0.12353469
v 0.07241604 1.89749181 0.12125830
v 0.07022692 1.87841487 0.11455080
v 0.08276613 1.88177264 0.10878731
v 0.08737677 1.89962685 0.11703375
v -0.06681377 1.92510784 0.08266979
v -0.06895958 1.91894376 0.07744859
v -0.06380619 1.91678691 0.08300123
v -0.06024058 1.92068255 0.08863361
v -0.05343654 1.92459333 0.09481518
v -0.04297986 1.92986369 0.10126349
v -0.02445054 1.94426370 0.11465526
v -0.01315923 1.95362806 0.12186478
v 0.00965967 1.95751691 0.13041596
v -0.00381989 1.95573127 0.12651873
v 0.03038676 1.94313312 0.13571389
v 0.03826633 1.93435228 0.13501975
v 0.03992509 1.87464368 0.12121117
v 0.04153446 1.85157585 0.11854863
v 0.05602560 1.85554564 0.11482261
v 0.05726082 1.87714505 0.11816137
v 0.08159957 1.85871351 0.10746801
v 0.06901120 1.85749197 0.11132449
v 0.04351072 1.81685638 0.12047993
v 0.04637026 1.80212069 0.12462826
v 0.06206001 1.80530930 0.12280929
v 0.05846268 1.81945813 0.11738330
v 0.07503455 1.80464745 0.11935417
v 0.08553889 1.80395699 0.11189871
v 0.08221982 1.82087219 0.10878475
v 0.07149294 1.82124698 0.11366361
v 0.00140073 1.77594578 0.07521702
v 0.00395478 1.76614523 0.07856104
v 0.00588350 1.77048087 0.09180200
v 0.00429060 1.78068805 0.08697073
v 0.05045017 1.79007089 0.13075210
v 0.06595512 1.79411054 0.12985891
v 0.05704108 1.89558780 0.12398532
v 0.04551784 1.89461505 0.12457983
v 0.07965863 1.79297566 0.12657484
v 0.06875913 1.83731794 0.11077556
v 0.05618928 1.83569324 0.11522104
v 0.09049176 1.86063075 0.09941821
v 0.09358789 1.88270676 0.10206391
v -0.06319894 1.88363183 0.05185100
v -0.06086200 1.89984918 0.05490303
v -0.06157016 1.90383315 0.05546244
v -0.06013944 1.90475500 0.05186009
v -0.05977035 1.90146422 0.05072070
v -0.07681403 1.93832779 0.03871479
v -0.07381870 1.92140567 0.03817681
v -0.07675731 1.92650986 0.05034911
v -0.07770762 1.93979597 0.05117685
v -0.05801281 1.87254381 0.08540982
v -0.06286198 1.87706661 0.07443511
v -0.06297958 1.86740386 0.07177590
v -0.05870399 1.86088789 0.07933837
v -0.05954618 1.91011405 0.07980643
v -0.06047260 1.91215992 0.08114874
v -0.06196277 1.91145074 0.07821336
v -0.05439323 1.84775996 0.07762495
v -0.05201841 1.85343230 0.08493292
v -0.02966833 1.89107621 0.11063568
v -0.05388189 1.91475511 0.09285046
v -0.02879494 2.02116108 0.05788205
v -0.05511780 2.00279260 0.05103604
v 0.03781926 2.03448629 0.07874937
v 0.00417032 2.03225756 0.06797525
v 0.08211780 1.99545407 0.11151721
v 0.09605283 1.97385168 0.11249220
v 0.10642476 1.97679281 0.09581089
v 0.09112574 2.00423717 0.09246504
v 0.10047841 1.90151811 0.10774542
v 0.09266520 1.80418611 0.10424103
v 0.09068555 1.82255912 0.10067898
v -0.06993234 1.97926164 0.04585072
v -0.07654384 1.95782745 0.04189913
v -0.03332638 1.93686271 0.10907884
v -0.05030829 1.88804162 0.09788232
v -0.05476127 1.89451456 0.09157488
v -0.05739807 1.88967955 0.08866755
v -0.05255566 1.88055587 0.09478171
v -0.04137808 1.88121903 0.10331619
v -0.02880144 1.87580574 0.10823089
v -0.01376812 1.87118697 0.11421220
v -0.00318821 1.86203980 0.11514783
v 0.02684641 1.96825647 0.13218443
v 0.03924009 1.98388338 0.12792607
v 0.05007730 2.00021791 0.11952716
v 0.06067227 2.01385355 0.10590009
v 0.02313383 1.95690703 0.13353978
v 0.06825386 2.02403951 0.08737570
v -0.06568798 1.85375404 0.04310500
v -0.06268863 1.85466504 0.05109867
v -0.06587438 1.85801733 0.04118345
v -0.06056649 1.82944965 0.04481196
v -0.06110613 1.82833123 0.04033656
v -0.05679056 1.82371306 0.04240268
v -0.05668112 1.82504439 0.04752204
v -0.02635023 1.79819262 0.06142062
v -0.02548775 1.80392361 0.07122749
v -0.00189603 1.78486967 0.07205156
v 0.00144133 1.79039168 0.08313701
v -0.07157074 1.86582053 0.03947500
v -0.07153440 1.86593032 0.03769324
v -0.06908622 1.86532521 0.03808760
v -0.06932648 1.86551511 0.04026252
v -0.05712130 1.84084392 0.05779772
v -0.06664316 1.84475684 0.03932190
v -0.06634344 1.84431553 0.03615483
v -0.06430331 1.84112179 0.03710918
v -0.06445567 1.84156764 0.04033631
v -0.00795070 1.81601894 0.09206526
v 0.00256846 1.80864561 0.09312035
v 0.03003714 1.79698515 0.12182973
v 0.02770931 1.81158733 0.11909644
v 0.04198162 1.83345771 0.11825432
v 0.08096851 1.84014416 0.10567416
v 0.09072933 1.84000230 0.10031067
v 0.10109696 1.84571302 0.07877135
v 0.10347442 1.86450541 0.07609221
v 0.09933361 1.86301351 0.08961882
v 0.09732270 1.84365845 0.08983842
v -0.01221382 1.80296803 0.07697093
v -0.01405459 1.79725671 0.06622015
v -0.00659231 1.79278457 0.06947403
v -0.00378804 1.79885590 0.07996199
v -0.07097131 1.86211753 0.03432560
v -0.07197247 1.86075556 0.03261555
v -0.06880906 1.85936213 0.03384319
v -0.06908624 1.86157012 0.03576737
v -0.06746379 1.86397886 0.04161114
v -0.06682298 1.86276376 0.03946279
v -0.06632036 1.86096644 0.03998222
v -0.07254194 1.86561048 0.04078541
v -0.06974706 1.86489880 0.04196892
v -0.07625353 1.86486721 0.03488787
v -0.07524349 1.86534023 0.03804253
v -0.08137490 1.86359501 0.03386997
v -0.07010958 1.86360288 0.03599005
v -0.06847277 1.86278725 0.03711217
v -0.06782240 1.86477590 0.04035246
v -0.06753872 1.86420727 0.03870760
v -0.07422498 1.86548519 0.03565537
v -0.07336132 1.86566091 0.03778232
v -0.07782103 1.88655782 0.03321181
v -0.07875542 1.88679910 0.02667457
v -0.08272755 1.87907064 0.02593962
v -0.08609991 1.87014127 0.02565013
v -0.08233480 1.86259031 0.02682785
v -0.00705745 1.78881526 0.06086014
v -0.00344082 1.78128731 0.06318276
v -0.07241841 1.95621562 0.02607948
v -0.07346001 1.93613565 0.02649962
v -0.05545414 1.84006357 0.05906202
v -0.07004800 1.91935337 0.05308757
v -0.06066578 1.88660622 0.08153914
v -0.06220909 1.88563013 0.05936087
v -0.06299421 1.88156903 0.06603065
v -0.06201685 1.88978601 0.06587745
v -0.06151928 1.89225662 0.05966534
v -0.06714636 1.91631711 0.04466009
v -0.06897810 1.91119933 0.03506436
v -0.06351396 1.91106403 0.04045897
v -0.06188672 1.90449655 0.04032321
v -0.06859829 1.90187693 0.03549849
v -0.06469689 1.89618886 0.04106089
v -0.06027409 1.89991927 0.04375162
v -0.06417899 1.91264963 0.07560651
v -0.06404783 1.91451716 0.07799143
v -0.06219442 1.89254558 0.04705388
v -0.06153930 1.88917720 0.05307147
v -0.06049036 1.89466667 0.05398029
v -0.05978375 1.89696789 0.04871907
v -0.06191554 1.88739765 0.07308219
v -0.05823809 1.91313970 0.08657788
v -0.05615913 1.90185237 0.08358151
v 0.03407489 1.89887452 0.12594584
v 0.03080972 1.88585365 0.12288789
v 0.01218356 1.87141252 0.12455778
v 0.01100526 1.86726689 0.12159242
v 0.01566147 1.87099540 0.11765064
v 0.01610764 1.87517345 0.12319337
v 0.01458181 1.92785716 0.13266206
v 0.01703916 1.93589044 0.13366790
v 0.00985101 1.93523788 0.13145797
v 0.01241668 1.92797303 0.13135384
v 0.00618501 1.92931855 0.12918022
v 0.00303397 1.93199229 0.12815034
v 0.00382963 1.92376375 0.12754261
v 0.00694400 1.92456734 0.12892710
v -0.00066152 1.94305992 0.12831759
v -0.00870540 1.93860912 0.12308912
v -0.00256958 1.92760420 0.12429486
v -0.02410125 1.92004681 0.11436735
v -0.01030594 1.91231823 0.11878191
v -0.00732696 1.92116296 0.12156160
v -0.01610473 1.93083620 0.11707641
v 0.00638077 1.87155545 0.11982204
v 0.00051934 1.87840807 0.11819410
v 0.02326097 1.87651110 0.11907798
v 0.11014168 1.98570848 0.07950557
v 0.09561136 2.00899148 0.07106853
v 0.07087009 1.93554354 0.13268183
v 0.08603597 1.94238591 0.12540187
v 0.05542618 1.92851782 0.13281861
v 0.04284165 1.92316389 0.13286066
v 0.10099947 1.94925320 0.11592145
v 0.11189468 1.95308578 0.09532088
v -0.02086801 1.90306640 0.11599907
v -0.00858789 1.90075982 0.11890587
v 0.07431449 1.91636002 0.12859991
v 0.08942527 1.92059696 0.12315106
v 0.05821780 1.91235590 0.12926333
v 0.04496193 1.90976584 0.12949921
v 0.10377698 1.92619944 0.11350520
v 0.11090331 1.90217984 0.09426294
v 0.11494990 1.92487621 0.09747042
v 0.01054453 1.88331473 0.12489043
v 0.00689305 1.88080466 0.12245324
v 0.00987617 1.87474513 0.12250082
v 0.01021494 1.87706530 0.12601580
v -0.01652260 1.88855982 0.11558561
v -0.00378327 1.88898849 0.11937813
v -0.07388423 1.89374363 0.03411711
v -0.07158296 1.90242934 0.02756802
v -0.07526271 1.89452970 0.02715488
v -0.06978323 1.91090167 0.02777053
v 0.00679774 2.03311491 0.04472321
v -0.02458108 2.02292943 0.03559208
v 0.07105663 2.02744436 0.06255826
v 0.04026118 2.03610492 0.05476173
v -0.05507262 1.81558311 0.04067332
v -0.05271094 1.80310154 0.04419308
v -0.06700353 1.85297155 0.03779585
v -0.06669620 1.85199285 0.03487125
v -0.06680211 1.84795547 0.03556291
v -0.06717137 1.84872162 0.03860880
v -0.06335580 1.91411066 0.04896799
v 0.10326077 1.88457501 0.08942368
v 0.09720124 1.82366407 0.09119605
v 0.09863274 1.80581594 0.09427226
v 0.09082663 1.79112482 0.11939073
v 0.09924574 1.79009342 0.10881066
v -0.06723715 1.85587537 0.03413747
v -0.06713268 1.85685253 0.03688737
v -0.07238880 1.86512113 0.03525226
v -0.06362137 1.84178674 0.04527253
v -0.06759004 1.85970616 0.03664648
v -0.06797050 1.86179495 0.03732855
v -0.06876871 1.85851741 0.03173846
v -0.06687756 1.85536027 0.03265921
v -0.06183680 1.89838457 0.05976139
v -0.06268705 1.90291321 0.05963429
v -0.07627816 1.86148286 0.03237401
v -0.07402892 1.86330223 0.03359157
v -0.07569584 1.86058533 0.02884522
v 0.01181118 1.77527881 0.10618442
v 0.02175981 1.78155637 0.11867921
v -0.06587514 1.84402275 0.03407578
v -0.06396808 1.84060419 0.03494952
v -0.05187900 2.00305820 0.02856247
v 0.11632802 1.89991140 0.07606554
v 0.12195325 1.92206883 0.07851231
v -0.00122447 1.90688133 0.12263206
v 0.00405162 1.90345669 0.12608916
v 0.00450261 1.91120481 0.12648304
v -0.00084800 1.91452086 0.12361883
v 0.00029131 1.77258134 0.06571124
v 0.03484713 1.78560698 0.12729412
v 0.10591717 1.79063344 0.09784532
v -0.05866728 1.90844560 0.07983251
v -0.05902753 1.90667725 0.07855970
v -0.06270772 1.91199660 0.05197808
v 0.12211064 1.95374012 0.08047171
v -0.06067547 1.83492756 0.04785041
v -0.06035272 1.83884168 0.04621283
v 0.10148785 1.82613111 0.08058700
v -0.01373305 1.79313517 0.05764699
v -0.07227693 1.85990226 0.03093658
v 0.10870510 1.88282371 0.07598116
v 0.01040233 1.91863036 0.13053213
v 0.00739083 1.91636634 0.13120908
v 0.00828568 1.91313028 0.13085046
v 0.00996354 1.91402328 0.12994695
v 0.00219620 1.91860425 0.13051838
v 0.00442162 1.91549587 0.13237299
v 0.00461577 1.91873503 0.13390031
v 0.00312300 1.92221773 0.13233094
v 0.00086576 1.91986632 0.12557343
v 0.00229700 1.91458261 0.12871960
v 0.00559188 1.92132223 0.13527426
v 0.00398051 1.92380464 0.13489096
v 0.00554157 1.92558503 0.13274872
v 0.00986852 1.92656827 0.13032603
v 0.00622965 1.92572379 0.13813394
v 0.00852348 1.92802644 0.13524088
v 0.01010417 1.92652500 0.14171098
v 0.01290334 1.92930746 0.13777795
v 0.01549782 1.92491603 0.14441730
v 0.01877422 1.92694771 0.13976337
v 0.00399651 1.88781166 0.12331764
v 0.00990688 1.88951409 0.12611696
v 0.01932931 1.92016101 0.14584738
v 0.02260368 1.92116737 0.13993885
v 0.02278465 1.91393077 0.14606942
v 0.02549912 1.91486692 0.14056388
v 0.02393017 1.90720034 0.14458449
v 0.02666267 1.90714705 0.14110909
v 0.02420172 1.89989722 0.14376618
v 0.02559875 1.89886892 0.14016569
v 0.02326160 1.89227641 0.14105427
v 0.02537891 1.88956451 0.13778393
v 0.01270197 1.92497993 0.13879026
v 0.01647588 1.92269909 0.14099455
v 0.01751954 1.92474341 0.13077341
v 0.00849281 1.92413330 0.13655536
v 0.01576108 1.90971100 0.13177669
v 0.01697706 1.91315532 0.12984145
v 0.01702257 1.91171384 0.13011996
v 0.01939907 1.91064596 0.13033827
v 0.00638161 1.89615476 0.12623237
v 0.00988757 1.89687753 0.12797225
v 0.00795123 1.90214217 0.12771323
v 0.01161505 1.89295399 0.12698817
v 0.01259343 1.89461350 0.12592652
v 0.01150201 1.89809453 0.12524512
v 0.01077793 1.90285885 0.12456550
v 0.01471567 1.89378357 0.12672639
v 0.01435640 1.89179218 0.12806307
v 0.01509600 1.89512396 0.12565218
v 0.01389563 1.89570367 0.12505649
v 0.01447661 1.89839363 0.12414427
v 0.01582614 1.90251279 0.12514530
v 0.00048720 1.89740324 0.12285370
v 0.02552672 1.90068305 0.12783717
v 0.02446284 1.89123631 0.12516123
v 0.02055350 1.88614833 0.13699485
v 0.02265763 1.88007879 0.13525234
v 0.01232194 1.87365198 0.13052434
v 0.01785743 1.87329423 0.13386567
v 0.02134908 1.92009962 0.13023120
v 0.02448114 1.91452527 0.13081658
v 0.02009472 1.88295460 0.12380509
v 0.02620095 1.90800512 0.13086356
v 0.02223982 1.89573252 0.13876797
v 0.02028082 1.89165139 0.13526917
v 0.02353234 1.90128863 0.14108072
v 0.01341398 1.88842988 0.12892264
v 0.01320995 1.88182020 0.12974735
v 0.01680246 1.88290310 0.13394645
v 0.01741018 1.88923693 0.13165851
v 0.01986173 1.89784312 0.13700129
v 0.01914644 1.89518940 0.13334534
v 0.01965745 1.90050173 0.13401155
v 0.01938777 1.89818740 0.13049389
v 0.01729514 1.89538479 0.12824070
v 0.01728417 1.89284146 0.13006994
v 0.02025021 1.90099967 0.12684782
v 0.01979576 1.90405107 0.13048895
v 0.01732372 1.89714575 0.12575725
v 0.01936100 1.90335512 0.13607989
v 0.01895544 1.90759647 0.13798827
v 0.01581480 1.90908480 0.13527802
v 0.01805169 1.90644383 0.13303021
v 0.02344694 1.90750670 0.14204215
v 0.02096565 1.90708828 0.14070539
v 0.02109334 1.90218306 0.13911009
v 0.02020594 1.91250944 0.14153446
v 0.02259018 1.91386104 0.14215767
v 0.01865720 1.91200578 0.13931583
v 0.01676005 1.91239595 0.13737351
v 0.01539856 1.92035747 0.14020617
v 0.01804746 1.91711009 0.14144804
v 0.01974662 1.91923952 0.14249673
v 0.01641256 1.91521358 0.13979894
v 0.01460337 1.91770649 0.13864815
v 0.01519450 1.91595459 0.13692267
v 0.01641654 1.91474152 0.13817753
v 0.00754551 1.92110121 0.13396375
v 0.00690509 1.91918707 0.13249083
v 0.00966593 1.92194629 0.13582471
v 0.00993992 1.92300355 0.13354407
v 0.01087916 1.91999841 0.13455254
v 0.01031654 1.92199469 0.13207316
v 0.01143774 1.91813910 0.13337548
v 0.01202072 1.91495728 0.13160400
v 0.00772258 1.74391580 0.08618344
v 0.00601177 1.75538683 0.08259670
v 0.00608815 1.75156522 0.07147016
v 0.00898018 1.74075675 0.07433642
v 0.01291372 1.91685081 0.13539623
v 0.01277630 1.91908526 0.13671620
v 0.01274429 1.92203832 0.13794538
v 0.01437665 1.91215169 0.13319658
v 0.01486604 1.91162992 0.13487132
v 0.01496753 1.91363180 0.13583246
v 0.01360178 1.91433978 0.13383573
v 0.00766506 1.90637529 0.12753397
v 0.01172896 1.90572369 0.12701474
v 0.01623740 1.90490627 0.12829879
v 0.01795497 1.73537040 0.12472519
v 0.02696518 1.74458957 0.14121079
v 0.02847102 1.75215316 0.13640442
v 0.02010447 1.74477220 0.12077634
v -0.00063435 1.71350408 0.12749231
v -0.01179549 1.69458926 0.12578361
v -0.00907085 1.70291686 0.14488548
v 0.00984411 1.72429693 0.15249147
v -0.02182965 1.68169320 0.14085266
v -0.02214991 1.67493904 0.12367088
v -0.05289242 1.62618244 0.13247706
v -0.04332106 1.64402318 0.13435949
v -0.04265137 1.64055288 0.11842737
v -0.05242557 1.62361503 0.11630432
v -0.07378770 1.54277503 0.16223149
v -0.07645041 1.54427826 0.14972048
v -0.07160948 1.52855742 0.14404708
v -0.06690048 1.52428234 0.15824792
v -0.03850087 1.66813540 0.19299598
v -0.03967737 1.65970290 0.20162073
v -0.03874553 1.68338227 0.20320675
v -0.03482654 1.69084835 0.19465424
v 0.05409680 1.75702929 0.17983319
v 0.05706668 1.76063275 0.17240466
v 0.03838914 1.74722087 0.16176131
v 0.03331771 1.74318469 0.16849348
v -0.04148338 1.56422973 0.20729904
v -0.05205407 1.57401609 0.19777758
v -0.05456535 1.55952132 0.19628081
v -0.04454800 1.54916561 0.20463894
v -0.02135580 1.46859944 0.18674819
v -0.03471706 1.46807957 0.17057575
v -0.03631089 1.44836187 0.16909759
v -0.02179823 1.44910026 0.18616594
v 0.03510698 1.49315476 0.23063131
v 0.03840930 1.47506571 0.22639437
v 0.06393001 1.47666466 0.22856754
v 0.06021930 1.49418437 0.23251615
v -0.05054704 1.62972772 0.15994589
v -0.04157809 1.64875865 0.16216944
v -0.04297752 1.64680052 0.14897634
v -0.05232472 1.62850440 0.14711602
v -0.13590367 1.72029221 0.31811160
v -0.11602582 1.72182953 0.30139655
v -0.12079532 1.70612502 0.29563785
v -0.14093238 1.70493233 0.31273055
v 0.01833722 1.38522232 0.22369663
v 0.01304096 1.36744416 0.22506003
v 0.04023589 1.37095499 0.22890303
v 0.04408958 1.38840282 0.22602297
v -0.03543176 1.74773538 0.24369341
v -0.02027282 1.75875044 0.25876203
v -0.01035447 1.76095068 0.24913824
v -0.02746719 1.75065863 0.23338623
v -0.04145079 1.62349880 0.19871680
v -0.03960186 1.63974273 0.20009331
v -0.04176402 1.64834499 0.19142033
v -0.04432734 1.62959206 0.19002239
v 0.05273274 1.52996719 0.24377929
v 0.04756943 1.55001318 0.24673782
v 0.02900812 1.54966927 0.24160990
v 0.03141884 1.52941167 0.23997848
v 0.03331424 1.51070428 0.23615338
v 0.05681908 1.51115203 0.23886196
v -0.04668499 1.63051510 0.18112490
v -0.04140514 1.65227759 0.18269640
v -0.04105366 1.65035248 0.17320555
v -0.04859703 1.63040221 0.17125075
v -0.06346761 1.51513553 0.13729063
v -0.05739311 1.51008558 0.15432724
v -0.01219045 1.36289442 0.21434158
v -0.00666421 1.38107324 0.21421276
v -0.02715731 1.37656140 0.19873597
v -0.03243819 1.35769367 0.19749562
v -0.04246753 1.48565686 0.15264872
v -0.03420271 1.48520947 0.16931893
v -0.04221843 1.49775541 0.16889872
v -0.04820899 1.49891794 0.15225202
v -0.04801963 1.35409141 0.17705189
v -0.04269411 1.37244070 0.17947653
v -0.05558090 1.36987472 0.15905124
v -0.06074153 1.34990692 0.15651560
v -0.03280228 1.66187859 0.13748887
v -0.03243321 1.65714729 0.12142938
v -0.06367916 1.54441547 0.18336670
v -0.06915094 1.54288673 0.17386715
v -0.06203121 1.52370942 0.17141917
v -0.05657124 1.52566326 0.18303685
v -0.02376804 1.62852478 0.21766688
v -0.02786873 1.64561009 0.22353961
v -0.03945855 1.66993225 0.21485117
v -0.03605266 1.64586949 0.21067417
v 0.03683416 1.35318542 0.23209995
v 0.00879139 1.34956670 0.22642182
v -0.05048897 1.33461070 0.17501329
v -0.06357725 1.32974970 0.15484108
v -0.00309632 1.63713777 0.26241279
v -0.01064868 1.64280224 0.25601843
v -0.00230689 1.63013780 0.25264126
v 0.00502859 1.62662399 0.25969428
v -0.07436833 1.54654133 0.10963269
v -0.06995258 1.52659142 0.12106670
v -0.07624826 1.53868556 0.13103974
v -0.07794426 1.55552256 0.12214115
v -0.04565610 1.51041985 0.18246005
v -0.05168929 1.50911534 0.16934620
v -0.03542299 1.49874997 0.18366535
v -0.06756234 1.53691196 0.09693402
v -0.06003580 1.51297164 0.10979821
v -0.03187829 1.65253437 0.10397360
v -0.04153953 1.63649857 0.10135797
v -0.02281075 1.66951430 0.10598926
v -0.01400080 1.68696809 0.10697678
v -0.01499439 1.68225276 0.08921354
v -0.02272112 1.66482055 0.08806102
v -0.00546150 1.70476377 0.10744943
v -0.00731718 1.69859481 0.08974566
v 0.01162636 1.72785747 0.10660727
v 0.01419486 1.73800683 0.10409705
v -0.03416282 1.62795031 0.20841286
v -0.03488750 1.61321080 0.20798691
v -0.03516160 1.33904636 0.19552448
v 0.12147458 1.68824816 0.23119839
v 0.10516354 1.69338369 0.24271156
v 0.10882817 1.67724669 0.24260250
v 0.12652555 1.67199266 0.23035306
v 0.02897629 1.74492192 0.17655636
v 0.05154487 1.75684512 0.18666774
v 0.04453187 1.63581038 0.27265441
v 0.04242790 1.62837172 0.27098823
v 0.05785509 1.62157798 0.26509225
v 0.05899052 1.63130760 0.26709121
v 0.00861088 1.63392484 0.27447262
v 0.01148630 1.63667893 0.27904266
v -0.00221017 1.63984179 0.28693402
v -0.00535113 1.63769853 0.28304437
v 0.06559177 1.37413108 0.22539447
v 0.06955071 1.39142191 0.22182222
v 0.12103376 1.51253462 0.21830960
v 0.11297229 1.53215015 0.22915152
v 0.09709220 1.52212703 0.23554175
v 0.10347050 1.50341749 0.22647835
v 0.16155200 1.66127563 0.12075602
v 0.15986638 1.66498637 0.14423126
v 0.16305761 1.65029716 0.14328179
v 0.16495091 1.64691877 0.12061326
v 0.14579351 1.69111073 0.19387968
v 0.15380487 1.68414080 0.16914584
v 0.15063749 1.69711411 0.16853626
v 0.14118089 1.70577741 0.19276299
v 0.13651511 1.68219805 0.21413097
v 0.14046812 1.66613281 0.21249819
v 0.07178919 1.53449464 0.24425133
v 0.06455901 1.55367863 0.24862511
v 0.05028889 1.58049154 0.25465500
v 0.04356591 1.59133577 0.25655940
v 0.03144209 1.59053373 0.25159124
v 0.03696345 1.57948089 0.24988100
v 0.05897110 1.76585841 0.16428821
v 0.07772377 1.76844907 0.17948599
v 0.08036418 1.77207446 0.16891046
v 0.12816891 1.74423242 0.14833365
v 0.12078008 1.74970520 0.15719281
v 0.12493464 1.74388981 0.16402432
v 0.13296293 1.73788643 0.15120652
v 0.17452817 1.57969987 0.14056687
v 0.17388418 1.55546534 0.13857803
v 0.17604406 1.55634344 0.11535457
v 0.17716734 1.57948303 0.11780658
v 0.04508100 1.60202062 0.26198834
v 0.05075766 1.60699856 0.26283708
v 0.03682751 1.61592388 0.26692674
v 0.03163961 1.61200988 0.26453698
v 0.06194878 1.59839332 0.26020783
v 0.05385033 1.59394944 0.25899386
v 0.06183758 1.58406329 0.25649887
v 0.07159726 1.58935416 0.25675681
v 0.10291418 1.54988575 0.23773494
v 0.09101941 1.56531835 0.24652627
v 0.07769875 1.55920184 0.24794383
v 0.08829509 1.54115832 0.24288051
v 0.16516906 1.48119891 0.10632539
v 0.17087409 1.50532532 0.10880838
v 0.17009637 1.50371170 0.12965178
v 0.16605799 1.47876036 0.12681034
v -0.03025166 1.66289186 0.25154990
v -0.04219507 1.66591477 0.25881186
v -0.04853766 1.67721522 0.25006381
v -0.03877543 1.67407250 0.24406500
v -0.00061482 1.65299916 0.30167925
v 0.00225687 1.65850568 0.30367541
v -0.00700053 1.66129816 0.31189987
v -0.00906961 1.65580761 0.31001559
v -0.05671430 1.65392113 0.27666476
v -0.07755239 1.64973783 0.28836241
v -0.07994080 1.66216528 0.27839774
v -0.05949237 1.66464555 0.26733744
v 0.07218256 1.75946987 0.20656173
v 0.07447326 1.76213622 0.19813694
v 0.04902338 1.75806296 0.19349621
v -0.03009248 1.64127469 0.28050998
v -0.02510160 1.63782418 0.28676602
v -0.04197986 1.63518310 0.29921597
v -0.04811345 1.63791454 0.29164413
v -0.12722321 1.73142481 0.32878253
v -0.10784492 1.73314261 0.31307819
v -0.09395461 1.63839281 0.31106362
v -0.07356514 1.64024985 0.29667372
v -0.06767526 1.63410127 0.30572090
v -0.08780138 1.63364959 0.32226041
v 0.10853067 1.48487234 0.21875905
v 0.12670353 1.49251759 0.20779073
v 0.10688148 1.37787318 0.20238130
v 0.11103751 1.39713776 0.19897760
v 0.09203829 1.39439595 0.21194096
v 0.08824231 1.37627363 0.21611552
v 0.06321217 1.35570967 0.22966640
v 0.10488570 1.35813212 0.20664088
v 0.08617376 1.35766172 0.22071476
v 0.07648644 1.77931988 0.14848207
v 0.07986490 1.77579474 0.15824167
v 0.09775960 1.77199435 0.15176164
v 0.09275326 1.77793860 0.14281148
v 0.06121948 1.23784578 0.24656121
v 0.03156186 1.23464823 0.24670242
v 0.03696326 1.20480537 0.24667336
v 0.06689757 1.20750034 0.24495839
v 0.12314931 1.75946331 0.12600736
v 0.11513586 1.76882124 0.11988409
v 0.10479292 1.77347326 0.13201983
v 0.11083473 1.76472354 0.14035766
v 0.05823214 1.26548672 0.24667919
v 0.02916754 1.26085246 0.24657699
v 0.05697631 1.77407455 0.14674316
v 0.05916374 1.76978767 0.15545733
v 0.04043846 1.76668584 0.14091648
v 0.04141053 1.76056910 0.14814323
v 0.02761070 1.76060569 0.13053878
v 0.00484195 1.22655058 0.24287421
v 0.00989460 1.19720674 0.24587463
v 0.08610170 1.78473437 0.13469003
v 0.09765743 1.78156865 0.12592851
v 0.10762925 1.77924848 0.11493947
v 0.11473125 1.77925491 0.10274361
v 0.12006581 1.77912688 0.08901744
v 0.11137275 1.79103947 0.08675635
v 0.03306415 1.33550811 0.23335053
v 0.06096993 1.33788514 0.23278935
v 0.14074221 1.10392356 0.19138813
v 0.13047661 1.08556366 0.18996599
v 0.13688155 1.08656871 0.16061150
v 0.14994162 1.10297155 0.16615181
v 0.15391234 1.11475170 0.10252874
v 0.15387720 1.10647678 0.13569014
v 0.13788746 1.09150064 0.12847245
v 0.13502841 1.09988904 0.09467244
v 0.18271552 1.23983169 0.12207069
v 0.17673938 1.26114988 0.12268002
v 0.17165171 1.26059568 0.15036306
v 0.17837073 1.23934746 0.15021546
v 0.08502156 1.33900690 0.22409828
v 0.10451874 1.33896661 0.21080169
v 0.00538836 1.33148324 0.22668871
v 0.00707635 1.06416845 0.24359053
v 0.01410227 1.03161037 0.24057727
v 0.05149181 1.03538513 0.24357957
v 0.04726650 1.06758690 0.24832435
v 0.10971743 1.03944695 0.20934220
v 0.12384605 1.04200053 0.17942064
v 0.12635793 1.06464434 0.18440667
v 0.11019771 1.06747270 0.21505232
v -0.07539734 1.32576394 0.13421836
v -0.07649136 1.30454707 0.13265051
v -0.06489663 1.30974627 0.15346479
v -0.08919604 1.31706464 0.07264805
v -0.08982210 1.29539442 0.07014301
v -0.08912203 1.29750025 0.09080824
v -0.08898912 1.31912184 0.09420843
v -0.07059488 1.17951763 0.07650672
v -0.07526463 1.20279598 0.08198293
v -0.07428430 1.20269454 0.06392148
v -0.06937867 1.18055797 0.06176934
v -0.01979423 1.21716058 0.23272777
v -0.02055488 1.24388802 0.22621158
v -0.04049674 1.23412812 0.20758604
v -0.03997321 1.20911598 0.21253420
v 0.12250227 1.08144379 0.12116511
v 0.11441454 1.08994555 0.08899435
v -0.02787138 1.06536996 0.22660583
v -0.02281239 1.03049326 0.22599839
v -0.04915618 1.03172672 0.20001556
v -0.05192494 1.06674945 0.20181486
v -0.06213212 1.06803632 0.17113914
v -0.05924740 1.03458798 0.16851144
v -0.03140595 1.10515845 0.06816043
v -0.02717193 1.09996724 0.07326335
v -0.04841825 1.11556280 0.08907940
v -0.05308183 1.12529588 0.08102031
v 0.18018003 1.15278101 0.11230183
v 0.17853780 1.14775765 0.14307652
v 0.16825777 1.12605464 0.13965161
v 0.17019376 1.13345933 0.10859263
v 0.12008803 1.33815920 0.19384456
v 0.11937442 1.35822916 0.18944035
v 0.12956066 1.35865629 0.17097135
v 0.13124618 1.38069475 0.16796070
v 0.12114280 1.37954748 0.18650810
v 0.15460040 1.51313472 0.17678753
v 0.15102476 1.53399324 0.18960689
v 0.13737589 1.52107275 0.20537741
v 0.14201170 1.50214839 0.19425739
v 0.15662739 1.66986549 0.16939773
v 0.15896454 1.65504038 0.16769925
v 0.12605970 1.04979956 0.14597602
v 0.12603204 1.02177882 0.14665961
v 0.11709589 1.02881420 0.11291453
v 0.11265278 1.06331110 0.10540088
v 0.10960986 1.01132262 0.20484273
v 0.08525412 1.03899908 0.23272379
v 0.08637863 1.00900006 0.22674297
v 0.01606918 0.99916852 0.23553430
v 0.05438861 1.00415611 0.23725215
v -0.04639905 0.99748141 0.19625068
v -0.05524166 1.00084257 0.16424155
v -0.02083463 1.04015660 0.08699089
v -0.01097639 1.01414394 0.08573605
v -0.03140256 1.00980783 0.10636355
v -0.03936132 1.03795958 0.10885452
v -0.06834435 1.17113864 0.12224011
v -0.06481189 1.15369213 0.13519482
v -0.06013634 1.16848135 0.16389139
v -0.06147565 1.18893182 0.15857145
v -0.08825590 1.34117484 0.09714849
v -0.08848162 1.33764529 0.07905231
v -0.07337986 1.34693456 0.13618632
v -0.08348958 1.34434283 0.11608028
v -0.08468316 1.32227314 0.11395538
v -0.07542244 1.42916036 0.10652696
v -0.07963215 1.40887547 0.10326442
v -0.07228880 1.40885890 0.12475362
v -0.06693037 1.42863679 0.12844691
v -0.06134674 1.45006037 0.13211673
v -0.06952234 1.45068526 0.10975708
v -0.05326882 1.49227762 0.11120012
v -0.04895099 1.48846745 0.13301881
v -0.05434600 1.50288403 0.13245101
v -0.03111641 1.64811730 0.08603968
v -0.03965477 1.63214219 0.08435746
v -0.01727107 1.18809998 0.23610187
v 0.08597787 1.05978608 0.07604356
v 0.09544386 1.03018773 0.08384562
v 0.06815919 1.02815962 0.06981298
v 0.05708934 1.05425227 0.06701043
v 0.00234709 1.25284243 0.23990275
v -0.01586292 1.34443521 0.21392001
v -0.01800813 1.32610154 0.21326695
v 0.00508802 1.49634099 0.21840331
v 0.01354530 1.47450519 0.21591076
v -0.07858668 1.54845643 0.13815337
v -0.07912813 1.56112385 0.13476776
v 0.08295209 1.07033443 0.23868503
v -0.04187051 0.96570611 0.19195248
v -0.04908241 0.96884501 0.16022620
v -0.04179651 0.93738139 0.15459771
v -0.03698644 0.93494815 0.18537775
v 0.02391339 0.99032927 0.07466872
v 0.03415094 0.95987546 0.07881144
v 0.00984713 0.95677388 0.08672768
v -0.00018679 0.98609519 0.08582592
v 0.04220257 0.92951488 0.08216945
v 0.05081031 0.89986646 0.08446595
v 0.02762241 0.89523536 0.08778343
v 0.01814047 0.92525226 0.08783914
v -0.02006077 0.99723101 0.22202080
v 0.01639080 0.93847281 0.22288330
v 0.01607270 0.96872997 0.22948545
v -0.01748498 0.96561456 0.21615458
v -0.01494184 0.93465990 0.21041937
v 0.12234016 1.01537621 0.17723992
v 0.00157732 1.04299521 0.07294987
v 0.01228603 1.01854694 0.07313693
v 0.08232214 0.96391714 0.08493374
v 0.07629082 0.99648809 0.07678826
v 0.10130180 0.99704182 0.09241112
v 0.10523738 0.96439254 0.10067268
v 0.10603580 0.95541692 0.20213151
v 0.10762729 0.98347384 0.20317796
v 0.08447903 0.97952700 0.22211863
v 0.08227904 0.95113093 0.21900532
v 0.05287739 0.97376615 0.23047106
v 0.05098797 0.94475520 0.22505303
v 0.01718423 0.88007468 0.21118155
v 0.01702058 0.90895182 0.21692041
v -0.01243520 0.90497571 0.20345627
v -0.00956957 0.87605125 0.19611479
v 0.04916593 0.88703769 0.21581227
v 0.05026230 0.91588134 0.22041880
v 0.07801842 0.89392722 0.21296464
v 0.08022788 0.92239374 0.21563460
v 0.09996570 0.89995551 0.19951470
v 0.10355470 0.92735618 0.20094530
v 0.11465284 0.90404481 0.18126811
v 0.11869408 0.93069208 0.17979456
v 0.12337582 0.93356836 0.15542467
v 0.12067614 0.90616679 0.15881148
v 0.11868232 0.90735286 0.13551462
v 0.12021174 0.93471974 0.12954032
v 0.09341329 0.90519440 0.09749572
v 0.08787138 0.93298924 0.09139921
v 0.10839891 0.93440938 0.10683507
v 0.10994221 0.90684956 0.11349255
v 0.11662565 0.80492145 0.12583162
v 0.11208506 0.82988870 0.11634402
v 0.11658365 0.83148098 0.13558358
v 0.11811073 0.80654532 0.14411114
v 0.11802998 0.80807102 0.16214089
v 0.11653663 0.83157033 0.15395814
v 0.11445804 0.82953268 0.17266212
v 0.11465707 0.80668324 0.17927644
v 0.08945957 0.82067323 0.19982919
v 0.08924946 0.79559731 0.20397054
v 0.10532109 0.80218536 0.19428250
v 0.10546771 0.82641757 0.18871552
v 0.06972976 0.81389171 0.21040601
v 0.06951744 0.78759301 0.21138389
v 0.04541175 0.80463970 0.20876744
v 0.04660440 0.77872062 0.20395882
v 0.02202902 0.79776591 0.19116822
v 0.02545032 0.77112645 0.18596701
v 0.06512913 0.81560588 0.08930433
v 0.08474733 0.82137680 0.09084308
v 0.09636915 0.79783028 0.09741326
v 0.07868086 0.79162431 0.09260510
v 0.02483564 0.80244780 0.10915479
v 0.04091300 0.77761173 0.10951515
v 0.01697722 0.77222520 0.12052448
v 0.00204465 0.79676819 0.12341261
v 0.01773775 0.85158527 0.20533313
v 0.04766808 0.85921603 0.21208353
v 0.07444800 0.86677223 0.21056645
v 0.09505327 0.87343115 0.19819787
v 0.09916484 0.87965500 0.10358612
v 0.11173171 0.88161880 0.12147902
v 0.03861498 0.86671388 0.08746979
v 0.06044872 0.87223661 0.08548789
v -0.01558824 0.81947434 0.15465209
v -0.00359412 0.82021195 0.17997588
v -0.00666336 0.84814960 0.18800859
v -0.02010478 0.84817249 0.16256930
v 0.04653236 0.83199340 0.21056515
v 0.07204457 0.84013170 0.20945238
v 0.09113833 0.84730482 0.19754666
v 0.11469124 0.85527915 0.16677718
v 0.10673423 0.85258234 0.18447255
v 0.11614403 0.85623544 0.14800040
v 0.10581012 0.85446817 0.10957307
v 0.11448817 0.85685307 0.12881730
v 0.05209393 0.84012544 0.08830257
v 0.07162380 0.84623468 0.08728085
v 0.00363430 0.76751488 0.14377514
v 0.00756412 0.76649672 0.16968660
v 0.00120860 0.79238415 0.17438932
v -0.00877553 0.79136157 0.14822620
v 0.01959128 0.74583805 0.14171895
v 0.03154617 0.74981540 0.12336002
v 0.11696120 0.78118348 0.18641871
v 0.12270540 0.78378171 0.17032231
v 0.10705049 0.77650476 0.19983362
v 0.04816049 0.75062788 0.19968896
v 0.07061602 0.76073903 0.21202306
v 0.03032027 0.74362230 0.18006660
v 0.01801422 0.74428332 0.16273542
v 0.11495809 0.74622613 0.11560684
v 0.09900482 0.74006069 0.10863860
v 0.08856963 0.76763463 0.10108933
v 0.10440601 0.77340329 0.10838892
v 0.13387686 0.75418639 0.14264150
v 0.11998476 0.77994233 0.13525006
v 0.12209396 0.78218967 0.15236010
v 0.13809794 0.75711459 0.16050167
v 0.12796961 0.75429028 0.19522397
v 0.13586448 0.75691903 0.17918023
v 0.11557893 0.74936211 0.20914559
v 0.07425256 0.73144257 0.21189478
v 0.09667797 0.74203146 0.21702765
v 0.09144346 0.76967585 0.21038046
v 0.04987653 0.72050583 0.19716686
v 0.04811679 0.68358397 0.16840652
v 0.05585446 0.68924105 0.19646345
v 0.03802070 0.71364909 0.16969050
v 0.09566052 0.59507561 0.14167988
v 0.11014630 0.56288409 0.14003973
v 0.10138898 0.56164050 0.16002847
v 0.08527562 0.59297800 0.16405283
v 0.12945570 0.71809882 0.11684623
v 0.11101156 0.71193689 0.11094464
v 0.15455952 0.72959793 0.16585170
v 0.15106513 0.72668034 0.14568403
v 0.08908731 0.67000341 0.21630424
v 0.11374031 0.68075424 0.22434671
v 0.10336812 0.71132112 0.22198026
v 0.07978493 0.70051867 0.21452205
v 0.15119451 0.62047291 0.10622202
v 0.13892955 0.65193117 0.10602716
v 0.15840231 0.65839219 0.11453679
v 0.16941449 0.62604839 0.11420138
v 0.16984177 0.69967347 0.16652757
v 0.18216424 0.66800386 0.16607054
v 0.17972933 0.66622657 0.14549403
v 0.16603430 0.69704932 0.14564633
v 0.11284080 0.60481685 0.20905922
v 0.13565403 0.61340708 0.21776663
v 0.12457868 0.64796388 0.22312354
v 0.10044324 0.63821077 0.21441872
v 0.05851261 0.65435088 0.16828775
v 0.07097478 0.62403566 0.16758476
v 0.07881288 0.62926757 0.19489099
v 0.06630574 0.65953398 0.19670908
v 0.06818768 0.65655756 0.14395536
v 0.08111319 0.62660086 0.14333202
v 0.18443961 0.55373758 0.12101999
v 0.17081235 0.54699856 0.11375709
v 0.16093415 0.58437866 0.11023998
v 0.17682688 0.59089291 0.11783445
v 0.19030420 0.63355798 0.16511123
v 0.19509216 0.59658486 0.16298634
v 0.19413276 0.59642458 0.14475533
v 0.18915536 0.63277149 0.14485253
v 0.14078797 0.53464824 0.19387121
v 0.15972532 0.54129583 0.19913019
v 0.14732200 0.57726079 0.20938456
v 0.12698492 0.57034630 0.20228140
v 0.11824720 0.52770764 0.15665725
v 0.12324665 0.52932483 0.17883408
v 0.10683917 0.56404126 0.18513604
v 0.12557411 0.52901804 0.13830015
v 0.13942857 0.49538082 0.13561524
v 0.13314304 0.49424589 0.15117159
v 0.19252716 0.51780760 0.12121588
v 0.17934544 0.51209849 0.11617969
v 0.20672800 0.52315676 0.13954388
v 0.19880255 0.55902743 0.14360574
v 0.20029624 0.55951726 0.15957457
v 0.20832177 0.52455032 0.15420899
v 0.18864347 0.55153209 0.18881558
v 0.19708554 0.51692754 0.18077429
v 0.20525700 0.52248979 0.16896071
v 0.19661482 0.55689907 0.17525962
v 0.17126060 0.50853568 0.18883871
v 0.18572401 0.51325417 0.18702617
v 0.17623298 0.54700565 0.19711235
v 0.15272999 0.50230825 0.18530299
v 0.13741146 0.49662393 0.17141379
v 0.05827919 1.08565307 0.06643073
v 0.07126595 1.07911015 0.07176028
v 0.04389586 1.07150018 0.06666765
v 0.03133262 1.08011210 0.06463599
v -0.01416363 0.94959944 0.10313362
v -0.02326529 0.98043597 0.10487856
v 0.00489381 0.88880897 0.09898320
v -0.00603480 0.91843134 0.10179372
v 0.01666968 0.86043900 0.09774443
v 0.04626592 0.80800641 0.09680948
v 0.03090492 0.83340150 0.09768127
v 0.05975566 0.78324491 0.09921218
v 0.07051107 0.75814372 0.10404287
v 0.08022612 0.73103738 0.11019823
v 0.10281636 0.67487597 0.11264357
v 0.09088762 0.70341623 0.11408304
v 0.12488735 0.68233824 0.10891575
v 0.12853466 0.61142176 0.10917598
v 0.11555836 0.64415288 0.10988294
v 0.15395381 0.53908688 0.11467010
v 0.14111874 0.57555008 0.11174527
v 0.16407700 0.50526488 0.11823961
v -0.06097278 1.09422421 0.14238447
v -0.06200916 1.11774087 0.14380985
v -0.05689723 1.10605299 0.11661226
v -0.05226371 1.08714032 0.11476591
v -0.00126756 1.09416389 0.06151005
v 0.00393122 1.09251702 0.06298129
v -0.01091032 1.09399962 0.06688343
v -0.01453898 1.09679675 0.06396588
v 0.01931271 0.82430881 0.19825850
v 0.11000700 0.87840909 0.18321939
v 0.11662339 0.88202143 0.14239287
v 0.11682396 0.88035530 0.16299956
v 0.00785426 0.82677132 0.10790874
v -0.01053275 0.82293612 0.12778483
v -0.01867399 0.85014546 0.13501354
v -0.00414470 0.85432613 0.11330950
v 0.05719930 0.68300718 0.14339113
v 0.07234722 0.69272631 0.12529656
v 0.08475915 0.66501516 0.12639327
v 0.04525565 0.70724493 0.14305456
v 0.12519224 0.72077680 0.21727811
v 0.14069581 0.72654772 0.20409749
v 0.16558704 0.70003104 0.18871708
v 0.15052094 0.72919559 0.18623541
v 0.15450992 0.69673014 0.20826896
v -0.02443964 0.91062003 0.12132376
v -0.01458554 0.88194942 0.11701424
v -0.02622394 0.87825346 0.14237316
v -0.03414425 0.90724468 0.14856306
v 0.11555354 1.41603482 0.19468604
v 0.09737057 1.41293383 0.20782997
v -0.03422216 1.52336025 0.20489477
v -0.04003138 1.51496756 0.19452257
v -0.02709663 1.50244367 0.19784783
v -0.01789265 1.51126206 0.21068190
v -0.01319251 1.52427435 0.21886717
v -0.02998558 1.53531098 0.21250652
v -0.01070203 1.54030144 0.22364856
v -0.02703220 1.55124116 0.21640174
v -0.01054509 1.61896992 0.22431113
v -0.01532890 1.63233590 0.22855788
v -0.05623714 1.49125302 0.08862552
v -0.06459095 1.47156727 0.08804700
v -0.06218477 1.47159553 0.11154565
v -0.08545057 1.30073452 0.11139829
v -0.06977344 1.20568407 0.12763979
v -0.07420582 1.20334423 0.10316485
v -0.07010071 1.17652440 0.09596300
v -0.04640574 1.12331891 0.06304850
v -0.03356766 1.11262953 0.05437618
v -0.01591911 1.09950542 0.05556627
v -0.00202645 1.09500456 0.05633704
v 0.16162467 1.47402513 0.14618741
v 0.16454430 1.49917686 0.14965850
v 0.15895034 1.67467821 0.12130842
v 0.15696010 1.67826462 0.14465100
v 0.15087566 1.70319593 0.14247847
v 0.15363869 1.69932461 0.11996372
v 0.15013783 1.71106064 0.11874612
v 0.14750265 1.71384835 0.13977867
v 0.12223400 1.76808465 0.10639971
v 0.12967244 1.75585425 0.11029966
v 0.02126126 1.09362721 0.06151143
v 0.03127599 1.09181321 0.06213409
v 0.01059316 1.09013224 0.06378601
v -0.02968382 1.06283820 0.08881716
v -0.03691279 1.08082426 0.09192526
v -0.01624712 1.07693219 0.07573070
v -0.00862839 1.06239021 0.07410461
v 0.03877001 1.09971631 0.25142500
v 0.00058162 1.09590340 0.24392597
v 0.13070391 1.06951714 0.15209720
v -0.13042958 1.63995969 0.35815307
v -0.10839976 1.63571811 0.34017393
v -0.10158023 1.63816428 0.35315937
v -0.12429360 1.64364946 0.37049857
v 0.16804314 1.58124959 0.16583265
v 0.16466922 1.55330539 0.16900025
v 0.04078846 1.75471973 0.15496862
v 0.03471068 1.76197982 0.20947471
v 0.04334817 1.75980020 0.20063071
v 0.02000058 1.75116801 0.19188462
v 0.01312469 1.75459182 0.19841751
v 0.08726611 1.71228516 0.24944746
v 0.10052224 1.71029305 0.24179338
v 0.09310200 1.72753584 0.23648062
v 0.08101644 1.72834134 0.24371964
v 0.18398622 1.21660268 0.14833039
v 0.18782268 1.21818852 0.12019923
v 0.14832436 1.40697908 0.12608019
v 0.15379021 1.43084693 0.12438330
v 0.14969358 1.42640090 0.14389670
v 0.14411159 1.40393984 0.14656040
v 0.15272041 1.56801236 0.19545710
v 0.14172398 1.55110991 0.20674424
v -0.06793876 1.56169343 0.09004293
v -0.07262003 1.56770921 0.10323083
v -0.06662907 1.58633554 0.10026571
v -0.06288335 1.58181262 0.08590338
v -0.05818789 1.65620482 0.34694648
v -0.07172261 1.64287531 0.34447089
v -0.05245175 1.63935411 0.32458600
v -0.04167226 1.64657032 0.32705957
v 0.11410815 1.09188986 0.21880342
v 0.08001263 1.10444224 0.24403797
v 0.08672446 1.44412744 0.21861966
v 0.08157124 1.42699647 0.21630397
v 0.10374067 1.43086755 0.20622170
v 0.10911006 1.44855380 0.20904912
v 0.08300607 1.49756134 0.23136200
v 0.08726013 1.48005331 0.22603844
v 0.07791688 1.51515841 0.23933868
v 0.00426606 1.63336933 0.26898310
v 0.01335068 1.62465918 0.26490545
v 0.01929067 1.62572539 0.26871115
v -0.04647085 1.06482661 0.11181352
v -0.06161262 1.13517904 0.11032912
v -0.06494202 1.14629698 0.09970066
v 0.01247765 1.09442806 0.06039046
v 0.01004737 1.09450006 0.05767736
v 0.02513551 1.77024162 0.12459561
v 0.03833299 1.77476513 0.13406771
v -0.05313048 1.64431894 0.28455269
v -0.03407970 1.64761400 0.27397442
v 0.02507322 1.60083663 0.25351402
v 0.01537141 1.61206210 0.25686857
v 0.00584162 1.61604011 0.24874479
v 0.01352625 1.60392547 0.24483703
v 0.03550304 1.60065198 0.25881094
v 0.02406470 1.61089861 0.26182532
v -0.03609967 1.67302012 0.18385535
v -0.03066451 1.69392264 0.18574187
v -0.02620983 1.69425464 0.17653751
v -0.03364503 1.67313838 0.17501543
v -0.03276376 1.66973448 0.16438560
v -0.02269642 1.69150054 0.16747345
v -0.02199675 1.68749416 0.15551350
v -0.03308367 1.66639495 0.15175524
v 0.02164747 1.73636508 0.14592642
v 0.01023043 1.72681248 0.12692600
v 0.00336868 1.71852934 0.10762241
v -0.00035502 1.71244538 0.08991589
v 0.13803576 1.74399459 0.11328042
v 0.13012972 1.74739718 0.13451216
v 0.13886847 1.73457563 0.13376325
v 0.14329162 1.73191440 0.11477599
v 0.14594713 1.73203278 0.09580364
v 0.14123622 1.74368274 0.09477634
v 0.01859812 1.75503731 0.11601083
v 0.01185814 1.74907494 0.10066244
v 0.00890062 1.73286915 0.08873452
v -0.11852138 1.73499191 0.34412915
v -0.09905531 1.73646462 0.32937250
v 0.07102098 1.78483927 0.13911642
v 0.05413894 1.78024662 0.13862985
v -0.11027418 1.73030519 0.36078167
v -0.08976409 1.73170006 0.34538504
v 0.00372820 1.73168445 0.17774172
v -0.00014962 1.73585021 0.18510106
v 0.02534951 1.74739552 0.18438993
v 0.01545143 1.76494038 0.11134222
v 0.00812661 1.75965130 0.09691715
v 0.02617577 1.13315129 0.25186107
v -0.00788682 1.12759113 0.24235244
v 0.02434968 1.40251863 0.22138065
v 0.00019252 1.39897752 0.21369815
v -0.07535468 1.42917788 0.06105932
v -0.07894066 1.40817678 0.05989555
v -0.08150864 1.40865374 0.08125506
v -0.07753344 1.42960203 0.08400750
v -0.05559472 1.48887467 0.06495546
v -0.06171611 1.47000313 0.06417188
v 0.00327026 1.76257420 0.06836163
v -0.08614945 1.36425042 0.09817135
v -0.08277811 1.38730741 0.10034831
v -0.08403145 1.38602054 0.07857719
v -0.08667679 1.35997963 0.07601638
v -0.08647004 1.33553600 0.06559660
v -0.08743495 1.32470894 0.06326729
v -0.06692272 1.16127849 0.07298307
v -0.06577735 1.16228890 0.06120645
v -0.06720051 1.72680652 0.26116624
v -0.05959090 1.74174309 0.27291599
v -0.04975936 1.74378681 0.26159877
v -0.05779390 1.72811341 0.25170663
v -0.06914040 1.36834276 0.13902685
v -0.08039008 1.36699760 0.11858103
v -0.02241163 1.61410403 0.21578930
v -0.00758987 1.60494924 0.22275461
v -0.05659000 1.51016414 0.08732894
v -0.07527553 1.57354617 0.11789298
v -0.06883977 1.59022450 0.11585382
v -0.07562947 1.57723570 0.13258538
v -0.06937701 1.59339130 0.13125859
v 0.02292412 1.09591699 0.05942740
v 0.02483711 1.09640491 0.06176498
v 0.00100451 1.69657588 0.31707501
v -0.00116888 1.68695164 0.31739470
v 0.01045856 1.68427265 0.30921039
v 0.01208841 1.69473219 0.30984637
v 0.02785368 1.04794979 0.06647554
v 0.01669322 1.06517982 0.06708935
v 0.09120305 1.08668351 0.08114576
v 0.07544634 1.09027028 0.06861304
v 0.08447497 1.09746432 0.06838527
v 0.09438914 1.09962940 0.06757865
v -0.04801717 1.00369251 0.13327877
v -0.05399862 1.03647029 0.13747039
v -0.04087002 0.97160935 0.12940282
v -0.03309331 0.94040895 0.12529641
v 0.05229340 0.75192183 0.11382504
v 0.05797448 0.72181821 0.12210615
v 0.09788005 0.63483614 0.12561782
v 0.11094722 0.60254818 0.12470900
v 0.12498720 0.56808335 0.12472390
v 0.15061118 0.49990523 0.12528241
v 0.13903509 0.53273267 0.12488104
v -0.10569116 1.72046363 0.37396002
v -0.10451141 1.70760977 0.38475943
v -0.08114178 1.70637906 0.36810154
v -0.08256809 1.72118330 0.35765383
v -0.09799044 1.64822638 0.30149585
v -0.11738499 1.64862263 0.31673256
v -0.12043710 1.66086578 0.30754450
v -0.10051003 1.66115391 0.29212117
v -0.13805413 1.64968812 0.33349028
v -0.11345994 1.63934135 0.32770500
v -0.13479382 1.64204013 0.34553665
v -0.11705028 1.65305221 0.38036537
v -0.09418859 1.64701676 0.36338538
v -0.08640879 1.66064322 0.36929664
v -0.11123581 1.66575241 0.38706151
v -0.10541601 1.69328272 0.39045891
v -0.10785326 1.67892611 0.39094180
v -0.08417271 1.67624450 0.37410766
v -0.08254707 1.69140065 0.37358573
v -0.14253585 1.68897283 0.31215355
v -0.12231325 1.68980217 0.29531527
v -0.12197141 1.67510176 0.29986501
v -0.14235355 1.67445600 0.31606194
v -0.04963325 1.74769950 0.28808424
v -0.03843922 1.75296772 0.27646780
v -0.03093931 1.65822482 0.22814672
v -0.03229168 1.66826236 0.23572607
v -0.04423762 1.68483472 0.23128305
v -0.04168862 1.67715466 0.22385658
v -0.08878352 1.73485172 0.29735485
v -0.07983485 1.73883784 0.31437910
v -0.06244405 1.74336874 0.30002919
v -0.07239081 1.73810410 0.28384712
v -0.10269599 1.69025517 0.27991891
v -0.08418417 1.69115591 0.26476079
v -0.08239402 1.67610598 0.27008221
v -0.10193458 1.67560673 0.28447348
v -0.05999700 1.63390338 0.31560826
v -0.07983418 1.63488197 0.33428285
v -0.05965878 1.70857775 0.24625738
v -0.07045901 1.70860028 0.25420278
v -0.02295627 1.60058439 0.21590731
v 0.01810323 1.59308970 0.24274923
v 0.02271173 1.58117175 0.24155910
v -0.05180640 1.52993989 0.19205295
v -0.05886603 1.54635167 0.19042389
v 0.00985872 1.55266929 0.23304971
v 0.00946220 1.53332293 0.23163570
v -0.05497837 1.54842341 0.19507079
v -0.04761289 1.53725529 0.19949304
v -0.04561055 1.46867263 0.15306304
v 0.00658010 1.72259212 0.08982199
v -0.08362713 1.70760238 0.26484087
v -0.07986601 1.72439837 0.27159238
v -0.02832422 1.64281285 0.31173566
v -0.03547219 1.63761616 0.30695662
v -0.01988243 1.63759577 0.29284224
v -0.01547348 1.64081240 0.29788902
v 0.12167677 1.59434426 0.23263867
v 0.11301424 1.58304763 0.23759851
v 0.12970023 1.56715786 0.22290209
v 0.14013305 1.58037782 0.21578236
v -0.00321028 1.71469140 0.31752163
v 0.00847400 1.71631944 0.30955672
v 0.00101962 1.72832155 0.30701721
v -0.01154573 1.72499418 0.31605911
v -0.00939826 1.74064994 0.30149937
v -0.02342819 1.75087786 0.29212841
v -0.03567543 1.74646688 0.30308235
v -0.02198161 1.73675239 0.31228924
v 0.04538992 1.17154646 0.24874236
v 0.07632826 1.17787743 0.24197789
v -0.05161268 1.31453228 0.17388414
v -0.03665966 1.31973231 0.19465397
v -0.06293769 1.21372032 0.15657429
v -0.02500422 1.09394121 0.07571135
v -0.04701297 1.10540104 0.09231415
v 0.03891097 1.02305770 0.06772044
v 0.01305885 1.16566014 0.25085667
v 0.05808573 0.96250063 0.07833333
v 0.04946143 0.99394023 0.07230224
v 0.12013179 0.96404654 0.12547238
v 0.11922772 0.99512291 0.11950727
v 0.12572825 0.99116534 0.14915322
v 0.12530763 0.96182525 0.15197475
v 0.12160540 0.98737913 0.17773218
v 0.12104940 0.95859170 0.17849746
v -0.02457396 0.87736398 0.17091206
v 0.17742570 0.66739202 0.18810837
v 0.17448358 0.62758017 0.20274957
v 0.18563911 0.63155156 0.18533252
v 0.16572352 0.66369516 0.20751984
v 0.13680707 0.69026333 0.22100650
v 0.14732543 0.65709752 0.22001453
v 0.09141709 0.59730923 0.19005378
v 0.19059671 0.59433782 0.18115054
v 0.18060011 0.58916873 0.19604327
v 0.15642411 0.62144023 0.21488430
v 0.16575438 0.58401006 0.20689239
v 0.00700929 1.07693934 0.06741142
v 0.10892704 1.10086441 0.06974004
v -0.03422572 1.12738097 0.22326390
v -0.03114005 1.09670067 0.22524442
v -0.06242426 1.13674092 0.14175956
v -0.06029164 1.14779007 0.16862614
v -0.03636051 1.39029908 0.18134813
v -0.04991725 1.38875723 0.16174665
v -0.02465857 1.42877543 0.18444182
v -0.03016381 1.40933347 0.18322217
v -0.01361355 1.41299689 0.19988570
v -0.00795093 1.43162847 0.20074566
v 0.03621957 1.43766594 0.22072105
v 0.03081659 1.41992795 0.22035447
v 0.05647289 1.42305744 0.22137079
v 0.06187191 1.44068265 0.22281446
v 0.07510401 1.40902877 0.21800016
v 0.05025868 1.40550447 0.22328556
v 0.14723134 1.44483232 0.16191973
v 0.15322413 1.46798587 0.16452317
v 0.14213048 1.46159947 0.18119608
v 0.13551623 1.44039881 0.17829253
v -0.06661609 1.15550935 0.08661349
v -0.00597007 1.09071970 0.06768790
v -0.05878759 1.06687069 0.14045344
v -0.06211562 1.09847891 0.17221358
v -0.05314300 1.09809613 0.20196018
v -0.03793729 1.65616810 0.26710585
v 0.07216115 1.61367631 0.26000491
v 0.07428604 1.62440729 0.26002499
v -0.05078291 1.74029958 0.31481284
v -0.03750913 1.73064160 0.32393661
v -0.06898409 1.69140530 0.25264147
v -0.04247341 1.74541318 0.25206730
v -0.04493896 1.72898543 0.23458405
v -0.05039484 1.72830594 0.24324791
v -0.05214875 1.20038962 0.18724172
v -0.05231902 1.17660618 0.19148545
v -0.04003851 1.18227744 0.21765988
v 0.06174631 1.09219873 0.06496546
v 0.06850150 1.09596252 0.06727216
v -0.05985620 1.12186849 0.11614364
v 0.07300331 0.90333074 0.08759113
v 0.06542829 0.93186384 0.08283690
v 0.08145030 0.87666839 0.09108889
v 0.09189926 0.85042775 0.09494387
v 0.10103691 0.82646686 0.10051575
v 0.10931407 0.80206573 0.10908277
v 0.11447342 0.77755910 0.11976166
v 0.12652165 0.75109035 0.12703915
v 0.14470170 0.68866634 0.11591695
v 0.14201544 0.72266650 0.12913091
v 0.15775284 0.69347578 0.12895633
v 0.17129733 0.66271126 0.12837653
v 0.18785240 0.59428650 0.12968151
v 0.18173619 0.63032091 0.12770623
v 0.19330011 0.55775368 0.13125935
v 0.20157291 0.52160323 0.12919502
v 0.03373736 1.09464478 0.06211016
v 0.04757302 1.09369648 0.06381628
v 0.00711441 1.72735798 0.16914742
v 0.00176584 1.61089945 0.23392880
v -0.00454733 1.62284219 0.23815495
v -0.05706054 1.69128084 0.24387915
v 0.12610739 1.10948765 0.07210632
v 0.14477316 1.12293589 0.07554454
v -0.06163843 1.68774247 0.35725096
v -0.05851794 1.70334601 0.35267910
v -0.06347299 1.67707419 0.25845739
v -0.01937198 1.64521515 0.23566498
v -0.02224420 1.65568054 0.24218178
v -0.16097121 1.81322908 0.38187668
v -0.16409078 1.83043790 0.37289190
v -0.16832621 1.83353257 0.38375777
v -0.16568668 1.81583917 0.39334244
v -0.16144352 1.80892050 0.36976382
v -0.16551916 1.82579195 0.36202142
v -0.21383835 1.79037833 0.34583864
v -0.21653311 1.81106639 0.34318537
v -0.20367374 1.81120110 0.34084371
v -0.20028202 1.79106855 0.34407574
v -0.17523120 1.83799791 0.34620741
v -0.17114234 1.82091498 0.35266450
v -0.18025409 1.81618762 0.34610984
v -0.18418594 1.83427012 0.34085768
v -0.23364128 1.79453635 0.36628744
v -0.23215126 1.77282822 0.36829650
v -0.23415710 1.77649617 0.38262764
v -0.23423181 1.79809141 0.37997812
v -0.19415711 1.71045208 0.36086291
v -0.18975547 1.69786572 0.36261019
v -0.20008728 1.69238448 0.36479500
v -0.20594443 1.70695817 0.36293593
v -0.15342692 1.77866626 0.39897111
v -0.15742134 1.79553485 0.39042416
v -0.16310848 1.79753017 0.40235662
v -0.16071892 1.77927303 0.41140240
v -0.16672702 1.76184750 0.36194715
v -0.16359477 1.74364626 0.36877549
v -0.17531851 1.73669457 0.36152488
v -0.17940529 1.75527155 0.35519299
v -0.15959974 1.76047540 0.41930962
v -0.15092596 1.76261902 0.40822580
v -0.17566770 1.79790401 0.35114264
v -0.17122617 1.77990985 0.35608965
v -0.18299310 1.77405238 0.35033858
v -0.18735103 1.79341877 0.34631824
v -0.23326452 1.83570981 0.36006856
v -0.23388220 1.81532812 0.36358383
v -0.23349889 1.81868434 0.37632293
v -0.23195373 1.83885098 0.37150455
v -0.19501008 1.83183289 0.33814007
v -0.19119586 1.81281579 0.34235796
v -0.20682420 1.83072090 0.33746833
v -0.19031720 1.85214448 0.38824201
v -0.19041109 1.83328605 0.39808941
v -0.17783041 1.83407509 0.39242795
v -0.17895176 1.85234284 0.38260919
v -0.20515592 1.74835813 0.35228711
v -0.20996143 1.76922607 0.34870264
v -0.19627666 1.77067924 0.34779179
v -0.19214818 1.75058353 0.35166487
v -0.15231286 1.77475047 0.38499799
v -0.15716122 1.79157019 0.37743777
v -0.19058064 1.81377769 0.40746009
v -0.19060260 1.79364562 0.41630957
v -0.17472051 1.79635608 0.41075665
v -0.17620832 1.81541371 0.40187800
v -0.20752023 1.76738060 0.42086011
v -0.20664485 1.78930271 0.41483638
v -0.21991326 1.78460956 0.40718693
v -0.22063495 1.76223135 0.41185391
v -0.21252684 1.72647858 0.36056238
v -0.19945626 1.72800136 0.35651398
v -0.22895356 1.75044191 0.37025818
v -0.22443159 1.72724450 0.37144157
v -0.22957690 1.73003078 0.38690481
v -0.23270379 1.75380051 0.38515007
v -0.15270740 1.72945344 0.39016318
v -0.15166163 1.73793435 0.38586903
v -0.14736280 1.74472630 0.40058532
v -0.14855805 1.73502350 0.40540788
v -0.15053608 1.74685264 0.41570532
v -0.15183730 1.73515940 0.41988939
v -0.15736894 1.71433926 0.42469573
v -0.16043152 1.71877205 0.42831719
v -0.16888006 1.70742571 0.43114513
v -0.16324307 1.70257938 0.42770255
v -0.20941143 1.72142982 0.43078655
v -0.20921279 1.74453092 0.42650589
v -0.22127806 1.73859990 0.41578966
v -0.22012036 1.71352351 0.41885385
v -0.21956353 1.68661344 0.40362954
v -0.22516255 1.70825779 0.40418857
v -0.22466336 1.70609045 0.38789529
v -0.21781226 1.68669868 0.38713872
v -0.17272031 1.64987135 0.37635326
v -0.18740100 1.65556848 0.38513201
v -0.18910822 1.65710306 0.37164801
v -0.17574030 1.65320730 0.36368036
v -0.18604225 1.67365706 0.35191435
v -0.18280882 1.68573129 0.34917119
v -0.17492759 1.68609631 0.34053168
v -0.17629893 1.67247510 0.34406671
v -0.15083827 1.72976863 0.37555587
v -0.15511343 1.72560275 0.38255787
v -0.14921542 1.72831964 0.39845720
v -0.14273822 1.72913909 0.39160377
v -0.20715199 1.70180345 0.43316761
v -0.21695907 1.68918610 0.42001292
v -0.19150458 1.67643416 0.35851553
v -0.19568561 1.68286574 0.36345765
v -0.18776569 1.69093323 0.36076272
v -0.18612824 1.68637574 0.35577023
v -0.17354140 1.70764661 0.36341041
v -0.17185031 1.70752215 0.36879772
v -0.16291581 1.71576858 0.37817460
v -0.16432744 1.71531224 0.37436312
v -0.15639107 1.72327697 0.38736278
v -0.15430026 1.72385180 0.39085740
v -0.15026511 1.72866404 0.40617877
v -0.15170600 1.72712970 0.40299016
v -0.20100977 1.69073343 0.43333310
v -0.19378556 1.68167663 0.43028325
v -0.18487610 1.68935275 0.43295875
v -0.19009763 1.69797480 0.43638110
v -0.20909302 1.67274976 0.38404816
v -0.20964421 1.67295122 0.39902642
v -0.17188941 1.71371448 0.37042093
v -0.17997818 1.70003295 0.36268681
v -0.18049021 1.70564818 0.36463192
v -0.15298058 1.72711849 0.41993135
v -0.16886501 1.65081775 0.38833776
v -0.15200783 1.64511442 0.37599379
v -0.14638218 1.64966941 0.38708270
v -0.16358659 1.65456975 0.39912760
v -0.15666248 1.64564729 0.36338800
v -0.15931095 1.65097404 0.35091314
v -0.16132018 1.68767810 0.32826376
v -0.16207422 1.67347622 0.33186606
v -0.15877856 1.70315802 0.32938591
v -0.17195575 1.70108843 0.34220144
v -0.16701935 1.71518505 0.34780216
v -0.15378448 1.71771312 0.33430910
v -0.13687834 1.73233581 0.36124906
v -0.12922601 1.72891617 0.37734967
v -0.14037350 1.72113109 0.40412182
v -0.12574159 1.71985579 0.39073724
v -0.18829477 1.66387117 0.35980505
v -0.19639011 1.66830075 0.36642128
v -0.20609747 1.81032562 0.40764460
v -0.20480575 1.83076453 0.39937466
v -0.21761887 1.82647443 0.39481854
v -0.21899764 1.80574405 0.40171000
v -0.22734167 1.82224607 0.38702452
v -0.22540773 1.84222257 0.38069493
v -0.16200383 1.78615463 0.36563089
v -0.16648908 1.80356860 0.35922673
v -0.16889605 1.84274817 0.35424179
v -0.16213474 1.72143221 0.37840500
v -0.16199453 1.72973430 0.37467802
v -0.16992156 1.69213927 0.42820233
v -0.16020206 1.68839681 0.42349935
v -0.15482880 1.69978344 0.42303720
v -0.19225062 1.71047938 0.43703258
v -0.17452605 1.71515727 0.43409759
v -0.17456992 1.73539853 0.43113652
v -0.19178836 1.72888350 0.43552464
v -0.18450046 1.67335749 0.42485672
v -0.17255957 1.66717613 0.41753596
v -0.16581769 1.67720222 0.42232218
v -0.17675801 1.68250048 0.42866319
v -0.15993559 1.72425687 0.35972488
v -0.16398424 1.71891081 0.36797386
v -0.12666085 1.69518292 0.40656036
v -0.12631366 1.70810878 0.40135443
v -0.14146911 1.70992303 0.41222826
v -0.14295898 1.69809031 0.41620466
v -0.15102148 1.71188247 0.41938290
v -0.12916373 1.68193793 0.40624374
v -0.14661221 1.68559945 0.41662765
v -0.14632212 1.72852635 0.34489444
v -0.15756564 1.66265976 0.40761369
v -0.13963285 1.65834475 0.39589581
v -0.13363482 1.66971779 0.40250134
v -0.15156348 1.67330170 0.41344556
v -0.22846438 1.80148327 0.39213690
v -0.22922470 1.78033221 0.39637515
v -0.21087711 1.68811142 0.37246594
v -0.21819504 1.70503378 0.37201554
v -0.20351569 1.67629409 0.37108663
v -0.22631831 1.79172051 0.35373247
v -0.22792293 1.81265640 0.35150331
v -0.21884440 1.74804544 0.35798150
v -0.22300167 1.77008498 0.35572249
v -0.19109957 1.77230811 0.42383456
v -0.19714008 1.66456711 0.40537244
v -0.20756043 1.67353153 0.41185081
v -0.19935565 1.66302943 0.39291263
v -0.16107735 1.66092038 0.33960569
v -0.17666833 1.66117477 0.35206589
v -0.20716025 1.68292999 0.42684758
v -0.14082730 1.66090059 0.32306945
v -0.16150448 1.72741699 0.42948043
v -0.14858900 1.72269320 0.41127461
v -0.15279025 1.72393572 0.41635215
v -0.17018542 1.85087895 0.37438822
v -0.15727688 1.76850057 0.37198412
v -0.17353223 1.72213650 0.36797774
v -0.18349390 1.71592927 0.36278617
v -0.18464531 1.65714407 0.39782166
v -0.17992766 1.66036510 0.40863317
v -0.19242454 1.66731083 0.41601270
v -0.17843764 1.69911182 0.35087883
v -0.17275576 1.71177113 0.35659221
v -0.22871415 1.83284700 0.34896588
v -0.18001516 1.69734228 0.35772616
v -0.16061746 1.74271250 0.42562839
v 0.15648079 1.68744576 0.12067845
v 0.16218477 1.67395222 0.10064249
v 0.15931603 1.68671679 0.10017476
v 0.00849055 1.51544535 0.22678025
v -0.02502671 1.48648012 0.18519412
v -0.01258624 1.48952127 0.20112471
v 0.00519542 1.59899056 0.23205684
v 0.00790304 1.58566165 0.23157698
v -0.01608377 1.64762259 0.24870296
v -0.01048527 1.63636994 0.24352792
v -0.00850238 1.55818379 0.22528516
v 0.02394987 1.93313396 0.13392726
v 0.02908530 1.92731476 0.13326018
v 0.01983286 1.94628239 0.13406813
v -0.08478932 1.34732068 0.06504760
v -0.08385321 1.32379234 0.05102808
v -0.08646755 1.31204462 0.05000019
v 0.01345489 1.91219711 0.13124982
v 0.01991586 1.90843570 0.13079785
v 0.01534789 1.91016328 0.13305774
v 0.01108058 1.91327846 0.13062078
v 0.01167238 1.91244662 0.13047309
v 0.00926916 1.94603395 0.13133810
v 0.03233964 1.91924644 0.13124868
v 0.03360481 1.91008961 0.12906463
v 0.00826127 1.93068027 0.13007692
v 0.14336224 1.33725166 0.13510491
v 0.14815743 1.31847489 0.13958323
v 0.15336546 1.31884706 0.11467607
v 0.14693232 1.33748984 0.11137235
v 0.16478595 1.30400348 0.08917011
v 0.15740635 1.32177556 0.08725941
v 0.16110764 1.29954231 0.11912028
v 0.11475402 1.26354074 0.22605352
v 0.11099520 1.28581405 0.22310199
v 0.08541624 1.28699613 0.23552500
v 0.08771136 1.26471686 0.23955800
v 0.05747531 1.30399048 0.23787726
v 0.05707251 1.28647339 0.24222851
v 0.08411705 1.30525970 0.23033193
v 0.02887133 1.30070925 0.23792744
v 0.02883373 1.28238833 0.24154757
v 0.00221469 1.29479945 0.23091544
v 0.00199628 1.27495670 0.23509601
v -0.02091834 1.26631939 0.22221172
v -0.04027880 1.25782442 0.20306186
v -0.05332730 1.22411084 0.18394758
v -0.05430819 1.24827266 0.17939380
v -0.06515044 1.24035668 0.15553677
v -0.07366155 1.23379934 0.13037230
v -0.07942678 1.23035824 0.10691361
v -0.08135188 1.22849715 0.08533175
v -0.08072986 1.22755861 0.06587225
v -0.07747369 1.22697806 0.04899056
v -0.07141057 1.20253205 0.04951034
v -0.00862289 1.70806491 0.16028571
v 0.09903295 1.76304638 0.17812949
v 0.07589112 1.76542842 0.18887603
v 0.09736016 1.75931537 0.19022569
v 0.11645521 1.70521474 0.23060177
v 0.13235021 1.69823647 0.21498132
v 0.12652497 1.71478820 0.21265772
v 0.10823001 1.72395229 0.22645794
v 0.11370285 1.75255835 0.17351614
v 0.11307666 1.75574291 0.16480084
v 0.11551741 1.74756098 0.18446298
v 0.12939090 1.73712850 0.17265712
v 0.13849024 1.72951424 0.15588237
v 0.05568250 1.75809789 0.22293849
v 0.04513779 1.75907207 0.23296474
v 0.06136266 1.74566448 0.24298257
v 0.07160413 1.74532473 0.23544863
v 0.09103969 1.69649148 0.25214317
v 0.07903586 1.69872022 0.25972733
v 0.08030748 1.68418157 0.26061139
v 0.09313987 1.68103874 0.25228158
v 0.00917107 1.75899971 0.26303977
v -0.00257893 1.75799811 0.27307659
v 0.01456366 1.74765241 0.28288496
v 0.02643209 1.74882531 0.27201679
v 0.07618538 1.71379590 0.25518134
v 0.15851252 1.58839810 0.18979035
v 0.14520288 1.59659576 0.21090464
v 0.12923707 1.60628116 0.22823513
v 0.07650697 1.63525271 0.26077887
v 0.08996418 1.61544287 0.25301662
v 0.09194559 1.62758994 0.25286740
v 0.06136486 1.64155400 0.26813170
v 0.04935116 1.64435279 0.27369192
v -0.04063189 1.72938418 0.22399677
v -0.04765760 1.70346212 0.22068883
v -0.04817783 1.70567906 0.23086709
v 0.02090868 1.64809000 0.28427142
v 0.01762228 1.64360762 0.28332761
v 0.02878220 1.63920760 0.27689824
v 0.03167547 1.64378417 0.27793059
v 0.06548254 1.75787973 0.21365990
v 0.02593700 1.73304296 0.28879938
v 0.03103065 1.71864986 0.29234833
v 0.04277798 1.71782434 0.28201017
v 0.03725114 1.73356152 0.27787530
v 0.03502759 1.70532906 0.29387140
v 0.03600203 1.69329095 0.29384285
v 0.04681829 1.69161403 0.28445920
v 0.04624505 1.70458317 0.28451321
v 0.02278550 1.65404642 0.28686416
v 0.03615031 1.64982796 0.27844983
v -0.02845268 1.75582194 0.26766688
v 0.01332426 1.76498902 0.22766855
v 0.02456172 1.76431870 0.21804142
v 0.00373970 1.75571871 0.20477842
v -0.00603548 1.75466609 0.21413341
v -0.02314447 1.65427744 0.25790766
v -0.01807456 1.64781904 0.26488468
v -0.01298781 1.64118767 0.27128902
v 0.02422691 1.62921441 0.27249047
v -0.00909885 1.63793468 0.27791777
v -0.04826005 1.68862081 0.23731470
v -0.05277449 1.70784271 0.23834641
v -0.01356731 1.73682380 0.19726785
v -0.02260818 1.73498321 0.20470761
v -0.01292078 1.75472999 0.28236377
v 0.00286486 1.74429154 0.29217228
v -0.00456307 1.64868808 0.30039480
v 0.00489559 1.64603400 0.29117626
v 0.00872667 1.64994550 0.29265818
v 0.04028103 1.62161899 0.26877308
v 0.02633556 1.63350940 0.27498043
v 0.03354789 1.76009393 0.24293526
v 0.01990966 1.71614552 0.30101097
v 0.01357767 1.73018885 0.29802150
v 0.05698744 1.70273185 0.27515435
v 0.06799341 1.70060420 0.26715040
v 0.06544136 1.71567774 0.26339474
v 0.05450292 1.71648812 0.27234003
v 0.02146713 1.68163538 0.30206418
v 0.02398100 1.69286656 0.30325648
v 0.06849594 1.68712986 0.26814863
v 0.05750291 1.68940747 0.27615446
v 0.01207933 1.65519011 0.29469782
v -0.00574383 1.73801529 0.19115753
v -0.01603212 1.71623468 0.17949614
v -0.02135712 1.71794093 0.18746425
v -0.02762780 1.71537936 0.19403665
v -0.03435941 1.71085453 0.20242490
v -0.04141187 1.70526552 0.21179046
v -0.01156908 1.71218407 0.17157914
v -0.20070629 1.67459106 0.42267978
v -0.01018809 1.64489961 0.30008265
v -0.01391136 1.65170884 0.31035334
v -0.02067919 1.64777386 0.31160063
v -0.06107330 1.67268419 0.35561141
v -0.06059124 1.82798660 0.03704133
v -0.05659975 1.82318091 0.03850723
v -0.06626739 1.85144210 0.03324328
v -0.06619489 1.84767067 0.03361417
v -0.17636065 1.69733560 0.43248287
v -0.18126695 1.70321405 0.43520403
v -0.19166322 1.75063586 0.43028271
v -0.17396696 1.75579309 0.42582688
v -0.17419003 1.77640271 0.41911626
v -0.14865783 1.75840354 0.39315632
v -0.15360381 1.75147605 0.37931472
v -0.18760611 1.73155284 0.35723385
v -0.22804262 1.73360944 0.40210658
v -0.17044710 1.88165236 0.34593019
v -0.17229041 1.89963877 0.33594468
v -0.17279686 1.90411484 0.34543848
v -0.17233877 1.88587737 0.35569516
v -0.17468667 1.91681612 0.32507050
v -0.17696713 1.89493012 0.32865721
v -0.17998146 1.91129780 0.31906202
v -0.18453537 1.89021945 0.32445371
v -0.18729986 1.90677285 0.31649786
v -0.19622672 1.90377617 0.31621343
v -0.19381011 1.88733947 0.32268667
v -0.20329858 1.88665879 0.32327294
v -0.20528044 1.90329373 0.31777310
v -0.21140112 1.86854887 0.33009523
v -0.22122557 1.86948156 0.33457488
v -0.22131927 1.88816774 0.33115083
v -0.21277668 1.88715267 0.32623416
v -0.22775145 1.91116881 0.34275070
v -0.22956015 1.89352942 0.34757262
v -0.22557358 1.89703584 0.35594797
v -0.22416194 1.91464376 0.34999174
v -0.21160685 1.88611579 0.37290001
v -0.20972522 1.90504432 0.36614409
v -0.21833517 1.90051329 0.36235014
v -0.22097118 1.88180351 0.36841977
v -0.20911805 1.92322040 0.36037940
v -0.19929460 1.90663242 0.36476240
v -0.19869024 1.92463231 0.35800624
v -0.17171697 1.85973895 0.34582818
v -0.16886590 1.86419141 0.35535029
v -0.16704540 1.84719682 0.36406240
v -0.19086295 1.86987042 0.32871875
v -0.18147072 1.87291300 0.33166903
v -0.17851648 1.85558701 0.33873317
v -0.18776698 1.85221910 0.33458200
v -0.21886526 1.83109379 0.34072953
v -0.22029905 1.85056150 0.33791888
v -0.20935936 1.84979045 0.33386797
v -0.20096371 1.86869776 0.32840264
v -0.19816272 1.85045433 0.33325246
v -0.22862567 1.87156677 0.34221956
v -0.22796531 1.89027870 0.33871624
v -0.17959078 1.88842607 0.36372805
v -0.17961517 1.90658391 0.35392988
v -0.18911475 1.90733397 0.36019292
v -0.18927535 1.88912833 0.36928681
v -0.22862379 1.85247982 0.34573299
v -0.17941122 1.87033701 0.37306035
v -0.18990333 1.87075198 0.37848827
v -0.20029168 1.88809419 0.37288591
v -0.20188585 1.86941600 0.38149071
v -0.17987372 1.92394662 0.34484088
v -0.17417346 1.92156315 0.33510235
v -0.17147736 1.86818266 0.36524925
v -0.23133017 1.87448204 0.35198739
v -0.23212202 1.85527039 0.35598642
v -0.22998203 1.85845649 0.36624756
v -0.22820868 1.87796342 0.36140841
v -0.21530096 1.84642208 0.38721302
v -0.21379943 1.86649334 0.37967134
v -0.22323938 1.86216080 0.37412974
v -0.21776812 1.91830015 0.35666984
v -0.20343246 1.85025775 0.39033422
v -0.22116284 1.97477376 0.27817556
v -0.21720950 1.97726631 0.26909676
v -0.21581306 1.96715498 0.26931518
v -0.21962865 1.96474445 0.27958122
v -0.21022035 1.94384408 0.26888275
v -0.20577435 1.95057893 0.25914791
v -0.19661073 1.94559252 0.26020807
v -0.19999446 1.93784344 0.27014723
v -0.21142562 1.97990608 0.26283193
v -0.21131547 1.96945417 0.26204091
v -0.20400617 1.98103368 0.26190829
v -0.21117334 1.98941565 0.26279294
v -0.20392458 1.99280202 0.26414636
v -0.20506914 2.00191307 0.26348317
v -0.20170720 2.00603724 0.27157488
v -0.19646728 1.99449635 0.27403215
v -0.20520328 1.99778295 0.29915982
v -0.21130170 2.00870156 0.29069367
v -0.21800311 2.00770044 0.29939088
v -0.21189009 1.99610376 0.30710116
v -0.23148496 1.99872160 0.31232524
v -0.22447421 1.98803389 0.31860292
v -0.21827088 1.99237001 0.31288582
v -0.22515084 2.00395131 0.30514455
v -0.22805618 1.97222376 0.29195473
v -0.22474681 1.97276294 0.28689924
v -0.22341795 1.96340203 0.28964370
v -0.22677602 1.96270096 0.29540199
v -0.19464402 1.97956753 0.25713184
v -0.19818126 1.97888970 0.25575602
v -0.19806521 1.98427057 0.26524663
v -0.19306655 1.98119128 0.26855722
v -0.23403551 1.93813550 0.30916741
v -0.22787385 1.93750525 0.30487841
v -0.22209044 1.92943811 0.30908301
v -0.22879438 1.92953300 0.31466317
v -0.20450927 1.92804766 0.28838962
v -0.19067281 1.93013799 0.29189664
v -0.19231020 1.92593801 0.29862022
v -0.20652060 1.92676663 0.29733086
v -0.20259328 1.93212080 0.27974263
v -0.18879987 1.93989110 0.27459925
v -0.18964757 1.93420243 0.28381765
v -0.18778007 1.94802415 0.26390100
v -0.23413701 1.93134713 0.32413360
v -0.23936938 1.93669772 0.32136637
v -0.23069547 2.03471565 0.23666520
v -0.22792353 2.03079247 0.23948596
v -0.23304059 2.03070450 0.24168123
v -0.23574747 2.03497410 0.23896910
v -0.23194109 1.94584334 0.33813509
v -0.22994961 1.93959439 0.33950910
v -0.22321089 1.94509578 0.34350353
v -0.22424673 1.95163238 0.34043670
v -0.23553179 1.95426857 0.33605954
v -0.22674195 1.96010518 0.33672589
v -0.22431876 2.04595613 0.24205981
v -0.22149818 2.04230976 0.24606217
v -0.22158022 2.03813982 0.24255745
v -0.22442825 2.04152012 0.23871695
v -0.22229691 1.98326647 0.27495065
v -0.21792258 1.98563695 0.26673865
v -0.22411601 2.00176907 0.26034957
v -0.21818472 2.00132680 0.25807816
v -0.21808042 1.99370420 0.26258907
v -0.22439854 1.99255562 0.26939702
v -0.23551802 1.98887193 0.28587094
v -0.23192014 1.99172521 0.27925697
v -0.22838305 1.98305535 0.28463137
v -0.23242016 1.98052311 0.29114532
v -0.24168541 1.97687936 0.29756683
v -0.24733232 1.97598100 0.29984820
v -0.25018862 1.98346901 0.29650602
v -0.24449410 1.98533821 0.29337448
v -0.24632700 2.00205421 0.28100786
v -0.24993218 2.00118017 0.28467941
v -0.25151658 2.00971270 0.28172463
v -0.24844052 2.01086378 0.27838591
v -0.22795288 1.93342519 0.34218341
v -0.22157548 1.93906617 0.34718260
v -0.24498118 1.98763847 0.32249379
v -0.25135204 1.99500489 0.31892186
v -0.25908086 1.98785400 0.32057989
v -0.25260797 1.98011184 0.32409644
v -0.21565436 1.95715737 0.33851188
v -0.21408720 1.95054746 0.34273905
v -0.22746722 2.04903793 0.24586378
v -0.22447936 2.04552984 0.25007045
v -0.18252800 1.95580244 0.26938170
v -0.18304498 1.94835329 0.28168696
v -0.18385324 1.94203198 0.29180244
v -0.18399133 1.93712246 0.29893866
v -0.18303932 1.93215823 0.30405068
v -0.22950961 1.99725366 0.26979420
v -0.22518118 1.97958815 0.28276199
v -0.23078980 1.97108746 0.29533741
v -0.25490773 1.96430016 0.31024563
v -0.24987303 1.96672583 0.30483648
v -0.24694018 1.95958555 0.30572027
v -0.25309381 1.95682871 0.31423482
v -0.25886855 1.97416711 0.32022813
v -0.26379475 1.98203766 0.31637943
v -0.26387587 1.97961187 0.30969021
v -0.26037821 1.97202706 0.31310636
v -0.19011019 1.97905922 0.25716686
v -0.18849047 1.97578430 0.26887661
v -0.23776926 1.94106257 0.33149311
v -0.23393823 1.93515515 0.33288613
v -0.23077367 1.92968082 0.33511251
v -0.22792055 1.94995105 0.30039251
v -0.22516634 1.95083332 0.29698488
v -0.22052784 1.93695569 0.29696763
v -0.22397567 1.93740916 0.30204350
v -0.21939452 1.95251238 0.27954924
v -0.21528418 1.95565176 0.26880455
v -0.21453325 1.93964422 0.27979523
v -0.21568568 1.92869759 0.30431283
v -0.21011381 1.92309082 0.30832946
v -0.21756320 1.92395401 0.31373727
v -0.22500490 1.92439759 0.31983203
v -0.23010118 1.92619014 0.32779321
v -0.20758377 1.91578591 0.31262779
v -0.21547310 1.91653633 0.31756729
v -0.22273986 1.91804862 0.32416546
v -0.22748740 1.92036605 0.33147055
v -0.20984571 1.93574762 0.35373545
v -0.21203132 1.94380498 0.34775674
v -0.21962480 1.93180645 0.35178870
v -0.18954170 1.91923451 0.30723172
v -0.19870108 1.91632736 0.30938113
v -0.20153201 1.92304254 0.30328685
v -0.18203557 1.92433476 0.30977222
v -0.20176990 1.95567262 0.25232637
v -0.20552684 1.96321309 0.25466031
v -0.20330191 1.96680748 0.24851826
v -0.20015247 1.96088207 0.24557973
v -0.21112023 1.99726880 0.26105660
v -0.21211307 2.00456595 0.25806284
v -0.20742501 2.00950193 0.26101899
v -0.24475478 1.94322515 0.31954610
v -0.23993669 1.94486272 0.30899596
v -0.22889979 2.00426197 0.26265001
v -0.21838506 2.03732109 0.25047934
v -0.21326642 2.02828979 0.25751078
v -0.21363582 2.02313375 0.25306159
v -0.21843506 2.03301048 0.24642758
v -0.23157813 2.01419687 0.26260555
v -0.23225625 2.02149296 0.25892982
v -0.23004694 2.01676035 0.25524658
v -0.22841991 2.01032019 0.25916344
v -0.25464216 1.99914813 0.28889334
v -0.25581765 2.00618696 0.28654930
v -0.21972452 2.01736498 0.28071693
v -0.20390324 2.00877094 0.28245151
v -0.20986588 2.01737571 0.27573767
v -0.23982902 1.98704982 0.29036081
v -0.24742554 1.99333990 0.28886968
v -0.24335624 1.99456835 0.28548101
v -0.23222359 2.00040865 0.26958558
v -0.23447622 1.99792290 0.27482006
v -0.23570584 2.00439739 0.27036735
v -0.23224111 2.00586414 0.26532757
v -0.25427163 1.96366811 0.32343966
v -0.24611492 1.97134244 0.32876733
v -0.22391595 2.03383780 0.24012642
v -0.22674073 2.03740883 0.23685144
v -0.22586726 1.92703295 0.34561771
v -0.22838305 1.92319787 0.33866525
v -0.23653619 1.97855186 0.29494354
v -0.19920936 1.99784136 0.28872088
v -0.23441772 1.96920252 0.29820859
v -0.24975462 2.00843835 0.30357671
v -0.25290596 2.01473069 0.30005649
v -0.25737911 2.01033497 0.29765221
v -0.25607365 2.00446248 0.30197120
v -0.23548324 2.03177094 0.25326905
v -0.23787887 2.03796864 0.24986629
v -0.23679702 2.03362513 0.24565624
v -0.23392920 2.02725053 0.24896117
v -0.22421642 2.00804210 0.25677383
v -0.22615601 2.01436567 0.25200343
v -0.22110610 2.01463342 0.25000432
v -0.21887000 2.00766659 0.25486299
v -0.21384551 2.01095629 0.25522518
v -0.21664275 2.01825166 0.25072941
v -0.23338033 2.03737235 0.25690734
v -0.22994538 2.02776527 0.26253417
v -0.22338329 2.03136730 0.26488960
v -0.22735782 2.04092264 0.25773484
v -0.21757762 1.97735381 0.32455161
v -0.23166610 1.98341227 0.32346591
v -0.22456188 1.97334850 0.32888794
v -0.23835970 2.00814199 0.30561566
v -0.24655195 2.00061321 0.31003284
v -0.23865135 1.99320650 0.31781179
v -0.23806898 1.97851956 0.32703328
v -0.23046137 2.01901817 0.27202627
v -0.22794913 2.02198887 0.27677560
v -0.22246696 2.02252936 0.27130210
v -0.24059053 1.96730697 0.30102473
v -0.22111492 2.02866220 0.24403729
v -0.18175925 1.95270479 0.31442237
v -0.18464424 1.95957875 0.30888820
v -0.19082139 1.96576691 0.32029986
v -0.18700519 1.95724535 0.32461166
v -0.23023580 2.02504945 0.24510868
v -0.22541802 2.02531910 0.24292721
v -0.25926021 1.99912071 0.29306206
v -0.26198077 2.00188589 0.29671377
v -0.26098359 2.00721693 0.29437336
v -0.25899073 2.00564742 0.29083538
v -0.23135854 1.96898496 0.33208182
v -0.25685343 2.00006676 0.31664190
v -0.26446164 1.99369311 0.31722045
v -0.21876968 1.96430647 0.33425382
v -0.20662989 1.96060622 0.33434129
v -0.21125929 1.96801472 0.33001435
v -0.23351659 2.01437807 0.29505980
v -0.21165104 1.98119962 0.31979537
v -0.20545284 1.97159529 0.32526287
v -0.19925976 1.96357942 0.32919464
v -0.19521876 1.95667887 0.33325949
v -0.20396428 1.95453548 0.33855715
v -0.22141291 2.04071331 0.25493652
v -0.23018621 2.04601002 0.25306013
v -0.19909982 1.93719625 0.35027018
v -0.20125951 1.94687510 0.34369913
v -0.18977082 1.93769193 0.34451407
v -0.19219606 1.94879436 0.33827427
v -0.19363140 1.97450304 0.31220788
v -0.19902228 1.97380745 0.31943130
v -0.19964392 1.98603129 0.30621547
v -0.20563887 1.98435545 0.31419051
v -0.22423835 2.01759171 0.29127559
v -0.24063139 2.05323410 0.24345960
v -0.24337076 2.04955268 0.24198891
v -0.24037124 2.04310584 0.24659513
v -0.23759948 2.04761219 0.24853413
v -0.23545752 2.04286718 0.25266352
v -0.23272492 2.05006552 0.24881203
v -0.19430052 1.98511600 0.29490018
v -0.23600565 2.01188803 0.26767188
v -0.18821524 1.96998835 0.29882610
v -0.18705890 1.97416627 0.28233889
v -0.19109665 1.98482704 0.28093085
v -0.18216763 1.95840716 0.28954378
v -0.18119366 1.95097220 0.29957047
v -0.17914894 1.93915057 0.31043428
v -0.18045920 1.94472075 0.30610719
v -0.17706184 1.93070221 0.31595451
v -0.18256696 1.96460295 0.27672991
v -0.23989414 2.04052329 0.23557435
v -0.23503841 2.03993511 0.23265614
v -0.17917988 1.94548845 0.31902716
v -0.17656468 1.93564522 0.32572198
v -0.21039598 1.95973575 0.26038125
v -0.23240136 1.95963812 0.30045503
v -0.23726971 1.95679963 0.30251831
v -0.24382518 1.95247054 0.30708069
v -0.24940790 1.95026445 0.31673276
v -0.18098043 1.93819904 0.33663684
v -0.21373586 1.90408969 0.32183501
v -0.22118728 1.90550363 0.32797819
v -0.18906949 1.92405510 0.35210592
v -0.23096435 2.04217076 0.23236756
v -0.24844576 2.01651096 0.28311664
v -0.24775495 2.01729631 0.28105056
v -0.19489770 1.95161748 0.25280136
v -0.19412959 1.95851398 0.24556881
v -0.18475333 1.96864748 0.25019750
v -0.18295811 1.96188927 0.25915810
v -0.18727545 1.95431709 0.25516808
v -0.18831813 1.96179247 0.24731804
v -0.23070477 1.94863796 0.30211091
v -0.23483269 1.94742537 0.30443397
v -0.24011110 1.96233702 0.33286500
v -0.24817981 1.95515680 0.32767421
v -0.21028344 2.01590133 0.25803205
v -0.20994790 2.02072954 0.26317582
v -0.20621394 2.01448607 0.26756963
v -0.21679975 2.03133726 0.26276550
v -0.22913618 2.02040386 0.26631880
v -0.23280884 2.01719952 0.26817352
v -0.22215115 1.95107675 0.29004401
v -0.21745802 1.93707252 0.28948230
v -0.20243959 1.97419715 0.25339609
v -0.20598830 1.97121668 0.25790754
v -0.23863371 1.99576819 0.28075257
v -0.23660822 2.02341604 0.28691018
v -0.22920127 2.02489805 0.28448331
v -0.24084137 2.00263858 0.27642566
v -0.22883596 2.04624200 0.23373337
v -0.22851120 2.05074525 0.23684238
v -0.21362884 2.02390599 0.26948756
v -0.25289753 1.99128950 0.29244831
v -0.24307354 2.02119184 0.28434712
v -0.24167980 2.01762438 0.29093555
v -0.26674441 1.98767948 0.31336531
v -0.18367775 1.94885206 0.32958624
v -0.23978825 2.03817654 0.24299546
v -0.24344279 2.04387355 0.23920147
v -0.23636706 2.05469465 0.24350284
v -0.23143129 2.05374432 0.24110486
v -0.24278863 1.94758356 0.33017313
v -0.22941117 1.96197140 0.29830587
v -0.22675098 1.90777087 0.33517390
v -0.18327479 1.96960092 0.26509881
v -0.18542923 1.97540784 0.25452060
v -0.24253331 2.00957251 0.27342734
v -0.25440738 2.00283098 0.30911461
v -0.24473526 2.02151632 0.29111156
v -0.24694969 2.01998210 0.29806322
v -0.24327083 2.01459718 0.30108681
v -0.24734475 2.02046824 0.28588012
v -0.23473217 2.05829096 0.23692454
v -0.23945512 2.05900192 0.23929785
v -0.23189591 2.05537677 0.23257022
v -0.23221488 2.05047297 0.23005687
v -0.23407878 2.04635024 0.22939779
v -0.24345411 2.05756402 0.23943911
v -0.24584608 2.05403829 0.23840053
v -0.24582659 2.04848409 0.23614518
v -0.24618115 2.06096268 0.23608859
v -0.24274407 2.06321836 0.23513670
v -0.23877095 2.06275511 0.22398181
v -0.23984562 2.06536651 0.22561838
v -0.23813258 2.06344080 0.22811590
v -0.23571418 2.06052923 0.22835256
v -0.24202414 2.06544280 0.22129454
v -0.24248485 2.06821322 0.22308014
v -0.24194832 2.06726360 0.22852014
v -0.23955835 2.06434870 0.23086371
v -0.24467702 2.07045174 0.22593130
v -0.24780755 2.07024121 0.22814076
v -0.24516176 2.06705856 0.23050170
v -0.24248375 2.06479740 0.23226987
v -0.23768188 2.06213140 0.23314653
v -0.24541707 2.06824541 0.22011597
v -0.24930005 2.07100248 0.22185518
v -0.24717607 2.07253957 0.22351833
v -0.24462546 2.07019782 0.22161384
v -0.23543401 2.05472875 0.22671457
v -0.23942231 2.05878305 0.22304876
v -0.24324311 2.06223106 0.22046609
v -0.24705066 2.06546497 0.21955253
v -0.24183027 2.05594397 0.22239511
v -0.24558838 2.06016302 0.22045498
v -0.24867056 2.06311893 0.22008397
v -0.24528806 2.05449247 0.22312726
v -0.24831332 2.05938721 0.22134300
v -0.23718752 2.05043507 0.22629829
v -0.24046855 2.04814243 0.22716437
v -0.24972816 2.06191516 0.22104837
v -0.25077757 2.06827044 0.22157501
v -0.24740718 2.06605840 0.23213477
v -0.25030285 2.06896114 0.22904752
v -0.24948706 2.06420994 0.23241724
v -0.25200680 2.06716251 0.22894107
v -0.24936874 2.07237697 0.22613214
v -0.25154272 2.07121849 0.22583400
v -0.23762442 2.04385042 0.23014359
v -0.24242939 2.04475307 0.23317669
v -0.24496128 2.04879093 0.23015900
v -0.24945985 2.05484843 0.22595103
v -0.24801145 2.05229616 0.23322771
v -0.24838965 2.05769587 0.23515485
v -0.25107828 2.06173682 0.23153614
v -0.25157133 2.05786610 0.22945081
v -0.25304177 2.06459951 0.22796409
v -0.25305498 2.06189513 0.22627990
v -0.25135508 2.06000018 0.22360320
v -0.25340709 2.06595778 0.22492583
v -0.25289428 2.06872964 0.22548355
v -0.25155285 2.06533217 0.22197522
v -0.25177741 2.06290865 0.22257237
v -0.25310519 2.06377912 0.22444977
v -0.25692773 2.04217196 0.25290331
v -0.25237107 2.03727555 0.25659353
v -0.25647393 2.03685880 0.25946897
v -0.26119557 2.04206681 0.25596166
v -0.24807732 2.05127382 0.25759763
v -0.24380066 2.04727674 0.26170304
v -0.24548967 2.04305315 0.25783315
v -0.25007510 2.04704165 0.25376850
v -0.25091195 2.05359817 0.26312798
v -0.24662606 2.04965639 0.26735562
v -0.23894896 2.04178047 0.26605058
v -0.23267384 2.03065062 0.27235103
v -0.23541604 2.02631831 0.26847374
v -0.24109928 2.03746557 0.26210678
v -0.25072694 2.02379346 0.27722743
v -0.24942352 2.01986098 0.27390301
v -0.24883206 2.03956985 0.25638929
v -0.25332668 2.04387426 0.25220886
v -0.25668567 2.03485703 0.27108735
v -0.26111192 2.04165792 0.26719171
v -0.25987816 2.03843617 0.26331404
v -0.25547552 2.03157282 0.26718053
v -0.24547552 2.01830101 0.26974097
v -0.24088733 2.01912928 0.26599187
v -0.23772062 2.02252960 0.26606342
v -0.25458395 2.03934431 0.27419603
v -0.24794884 2.02907181 0.28033787
v -0.24175246 2.03266382 0.28144327
v -0.24893181 2.04302979 0.27470991
v -0.24414028 2.03354692 0.26021636
v -0.25176448 2.02998352 0.26323837
v -0.24763377 2.03062868 0.26015800
v -0.24205975 2.04403257 0.27183980
v -0.25344807 2.04854202 0.27018422
v -0.26678333 2.05721760 0.26040977
v -0.26995111 2.05429268 0.25869778
v -0.26534262 2.04705191 0.26368743
v -0.26254520 2.05062532 0.26569191
v -0.25887528 2.04543996 0.26959002
v -0.25709134 2.05302477 0.26597023
v -0.26772007 2.04950023 0.25105008
v -0.26321432 2.04902887 0.24784498
v -0.25959283 2.05047560 0.24691014
v -0.23474525 2.03391910 0.27879590
v -0.25652942 2.05310917 0.24847133
v -0.25416031 2.05701017 0.25219995
v -0.26462600 2.04376340 0.25991088
v -0.27039307 2.05096149 0.25510317
v -0.26202771 2.05904460 0.26061240
v -0.25639677 2.05929184 0.25791678
v -0.26152903 2.06425095 0.25343826
v -0.26651368 2.06392407 0.25624368
v -0.25903818 2.06230831 0.24802272
v -0.26075509 2.05805302 0.24491902
v -0.26331431 2.05509686 0.24394979
v -0.27037278 2.06244302 0.25630486
v -0.27304205 2.05954337 0.25497073
v -0.27339906 2.05575514 0.25202325
v -0.27415782 2.06717777 0.25251985
v -0.27129483 2.06944895 0.25185835
v -0.27203852 2.07432675 0.23768230
v -0.27205408 2.07681870 0.23990388
v -0.26916963 2.07329774 0.24226020
v -0.26794064 2.07105732 0.24022467
v -0.26713908 2.07123232 0.24458040
v -0.26416823 2.06816769 0.24424921
v -0.27151504 2.07642126 0.24475782
v -0.26881245 2.07164001 0.24741374
v -0.27414712 2.07913256 0.24328168
v -0.27711922 2.07833576 0.24550267
v -0.27372929 2.07392454 0.24762298
v -0.27145860 2.07147455 0.24912728
v -0.27580938 2.07808256 0.23671003
v -0.27446443 2.07963896 0.23837997
v -0.26610306 2.06904912 0.24975030
v -0.26449341 2.06274652 0.24218087
v -0.26889637 2.06753445 0.23865999
v -0.27356014 2.07195902 0.23631047
v -0.27753425 2.07564163 0.23579793
v -0.27132788 2.06433964 0.23793556
v -0.27559778 2.06953931 0.23592053
v -0.27895269 2.07305241 0.23622100
v -0.27497837 2.06251168 0.23908065
v -0.27855456 2.06827569 0.23720486
v -0.26678988 2.05916119 0.24150918
v -0.26997504 2.05693245 0.24278055
v -0.27994928 2.07145691 0.23718463
v -0.28069532 2.07824302 0.23828198
v -0.27921659 2.08102798 0.23898031
v -0.27675977 2.08273959 0.24083279
v -0.27572837 2.07271671 0.24845858
v -0.27913746 2.07683420 0.24536310
v -0.27803472 2.07176304 0.24901922
v -0.28094125 2.07567024 0.24542509
v -0.27919036 2.08148170 0.24360918
v -0.28087500 2.08027959 0.24271481
v -0.26686177 2.05355644 0.24516375
v -0.27073553 2.05376458 0.24821459
v -0.27381334 2.05706286 0.24580316
v -0.27867356 2.06289983 0.24243157
v -0.27639008 2.05953598 0.24959309
v -0.27623585 2.06410050 0.25196990
v -0.27958819 2.06917977 0.24847059
v -0.28019387 2.06561255 0.24637283
v -0.28183904 2.07338238 0.24485327
v -0.28233337 2.07061815 0.24338643
v -0.28131548 2.06848526 0.24019785
v -0.28268385 2.07553411 0.24180786
v -0.28225255 2.07816720 0.24209894
v -0.28144786 2.07519317 0.23847045
v -0.28181878 2.07225084 0.23908366
v -0.28266492 2.07303786 0.24152599
v -0.26984760 2.03474832 0.27173418
v -0.26606727 2.03074765 0.27464613
v -0.26965675 2.02826142 0.27681813
v -0.27377638 2.03225422 0.27401635
v -0.26480401 2.04339504 0.27822000
v -0.25973022 2.03932047 0.28153181
v -0.26078871 2.03715301 0.27740964
v -0.26522541 2.04125619 0.27468458
v -0.26724625 2.04387331 0.28253761
v -0.26236892 2.03942084 0.28651080
v -0.25513452 2.03448391 0.28450334
v -0.24936666 2.02701354 0.28849906
v -0.25135878 2.02453566 0.28367940
v -0.25662085 2.03229284 0.27978542
v -0.26307207 2.03412890 0.27501324
v -0.26704606 2.03829098 0.27234858
v -0.26971638 2.02357030 0.28697205
v -0.27371702 2.02953291 0.28417420
v -0.27251896 2.02802205 0.28051433
v -0.26833260 2.02223349 0.28332007
v -0.25917241 2.01323938 0.28403568
v -0.25587204 2.01625276 0.28117269
v -0.25364295 2.02044439 0.28137025
v -0.26828924 2.02712727 0.29061681
v -0.26187912 2.01787591 0.29473740
v -0.25756556 2.02264309 0.29683411
v -0.26341638 2.03134155 0.29243538
v -0.25929400 2.02909422 0.27731097
v -0.26575890 2.02245116 0.27919188
v -0.26221564 2.02536225 0.27689499
v -0.25779423 2.03406477 0.28992599
v -0.26760483 2.03663611 0.28879631
v -0.28146389 2.04574060 0.27984163
v -0.28362605 2.04254293 0.27767351
v -0.27804160 2.03436971 0.28172496
v -0.27615917 2.03799629 0.28458086
v -0.27236444 2.03268528 0.28761774
v -0.27189189 2.04172516 0.28496641
v -0.27970141 2.03903031 0.27025363
v -0.27590224 2.04063392 0.26775077
v -0.27300853 2.04398298 0.26830959
v -0.25180361 2.02662945 0.29437903
v -0.26340985 2.01400185 0.29116857
v -0.27158344 2.04671526 0.27010965
v -0.27122819 2.04916883 0.27315405
v -0.27676880 2.03233099 0.27797031
v -0.28278831 2.03953767 0.27422810
v -0.27750641 2.04862332 0.28002882
v -0.27321145 2.05005264 0.27766371
v -0.27749619 2.05469680 0.27419144
v -0.28158125 2.05349350 0.27703711
v -0.27551505 2.05394864 0.26958102
v -0.27599409 2.05103564 0.26686597
v -0.27713445 2.04799223 0.26557180
v -0.28520760 2.05063343 0.27670416
v -0.28694189 2.04778004 0.27474338
v -0.28590757 2.04421949 0.27185047
v -0.28844354 2.05407476 0.27435580
v -0.28550556 2.05738354 0.27361241
v -0.28659162 2.06447268 0.26046425
v -0.28710654 2.06589460 0.26239756
v -0.28446200 2.06239724 0.26431423
v -0.28330258 2.06136036 0.26250547
v -0.28228039 2.06046033 0.26641664
v -0.27967873 2.05830002 0.26649383
v -0.28591099 2.06354618 0.26779667
v -0.28333530 2.06054258 0.26945844
v -0.28894490 2.06695008 0.26597211
v -0.29174125 2.06501961 0.26831210
v -0.28863034 2.06155586 0.26994905
v -0.28579000 2.05978990 0.27137986
v -0.29000452 2.06743097 0.25988805
v -0.28937724 2.06833458 0.26160020
v -0.28107715 2.05807924 0.27127841
v -0.27933964 2.05463696 0.26436144
v -0.28352821 2.05859661 0.26101148
v -0.28726512 2.06210423 0.25893646
v -0.29100728 2.06468439 0.25868130
v -0.28482661 2.05552769 0.26024196
v -0.28867412 2.05946016 0.25854167
v -0.29181489 2.06178236 0.25856644
v -0.28691149 2.05287528 0.26067898
v -0.29050359 2.05737138 0.25910857
v -0.28060970 2.05129290 0.26335400
v -0.28256848 2.04813147 0.26382157
v -0.29235491 2.05983710 0.25919887
v -0.29482734 2.06571436 0.26135737
v -0.29358485 2.06874490 0.26254937
v -0.29158139 2.06982899 0.26433900
v -0.29037547 2.05985832 0.27134791
v -0.29360488 2.06322670 0.26886261
v -0.29199591 2.05741239 0.27133754
v -0.29490671 2.06121540 0.26837453
v -0.29334295 2.06776452 0.26674610
v -0.29495016 2.06664085 0.26633307
v -0.27931333 2.04493356 0.26578051
v -0.28268000 2.04330301 0.26821500
v -0.28550771 2.04665422 0.26616162
v -0.29006192 2.05177259 0.26316988
v -0.28845614 2.04757643 0.26995844
v -0.28939965 2.05087519 0.27267918
v -0.29278573 2.05478191 0.26983610
v -0.29216376 2.05237198 0.26708359
v -0.29541489 2.05888081 0.26690346
v -0.29493636 2.05691195 0.26464134
v -0.29310921 2.05638862 0.26142848
v -0.29618365 2.06149149 0.26429853
v -0.29597834 2.06418753 0.26553202
v -0.29475278 2.06247711 0.26083690
v -0.29432279 2.05975294 0.26085895
v -0.29568124 2.05946016 0.26319498
v -0.26164356 2.01271534 0.28782696
v -0.28175619 2.01561117 0.29595989
v -0.27778426 2.01258922 0.29733327
v -0.28024986 2.01000452 0.29903725
v -0.28420404 2.01289177 0.29767355
v -0.27873081 2.02357221 0.30331820
v -0.27398229 2.02030134 0.30511868
v -0.27389294 2.01889586 0.30065778
v -0.27854508 2.02219391 0.29904857
v -0.28111255 2.02214193 0.30755666
v -0.27641824 2.01871848 0.30968401
v -0.26878193 2.01567006 0.30651689
v -0.26041165 2.00838089 0.30835670
v -0.26207784 2.00753307 0.30314791
v -0.26893193 2.01432204 0.30187738
v -0.26912650 1.99192524 0.31120211
v -0.27318633 1.99707270 0.30916566
v -0.27234167 1.99734640 0.30490282
v -0.26838100 1.99106371 0.30639148
v -0.27544156 2.01590014 0.29788229
v -0.27983692 2.01912355 0.29657897
v -0.27937552 2.00437260 0.30705193
v -0.28357261 2.00873733 0.30584335
v -0.28239426 2.00867844 0.30197281
v -0.27845642 2.00452113 0.30294964
v -0.26653448 1.99282622 0.30188873
v -0.27048674 1.99889779 0.30137342
v -0.26762822 2.00145674 0.29971644
v -0.26417753 1.99616575 0.29829097
v -0.26517919 2.00450850 0.30008924
v -0.27829698 2.00624228 0.31099340
v -0.27190650 1.99854422 0.31308758
v -0.26835352 2.00157928 0.31612992
v -0.27545851 2.00999284 0.31314749
v -0.27105340 2.01159048 0.29904497
v -0.27642030 2.00585938 0.29999450
v -0.27363878 2.00846100 0.29836228
v -0.27092287 2.01402020 0.31133905
v -0.28019413 2.01482391 0.31122801
v -0.29233304 2.01875210 0.30564696
v -0.29277322 2.01654911 0.30287284
v -0.28775641 2.01201773 0.30450886
v -0.28716704 2.01441026 0.30802596
v -0.28290203 2.01093912 0.30961603
v -0.28469723 2.01837444 0.30941200
v -0.28916469 2.01697826 0.29607436
v -0.28703368 2.01975584 0.29404566
v -0.28512946 2.02305079 0.29457429
v -0.26239684 2.00632310 0.31437472
v -0.28422982 2.02608728 0.29666865
v -0.28450337 2.02749538 0.30043674
v -0.28640443 2.01167202 0.30069658
v -0.29137409 2.01600313 0.29925916
v -0.29013339 2.02243710 0.30668521
v -0.28663647 2.02604818 0.30479515
v -0.29082677 2.02964067 0.30273402
v -0.29424244 2.02618265 0.30467331
v -0.28864026 2.03072047 0.29835528
v -0.28825751 2.02934408 0.29488412
v -0.28894469 2.02572966 0.29330459
v -0.29618520 2.02201343 0.30370820
v -0.29608628 2.02004719 0.30136302
v -0.29447630 2.01939631 0.29835984
v -0.29964542 2.02567339 0.30203623
v -0.29808694 2.03000641 0.30239588
v -0.29903826 2.03812027 0.29156092
v -0.29919654 2.03878403 0.29365146
v -0.29694781 2.03666425 0.29470509
v -0.29576102 2.03591633 0.29301381
v -0.29491025 2.03487325 0.29671293
v -0.29253110 2.03352261 0.29619357
v -0.29832998 2.03631902 0.29813600
v -0.29603156 2.03392315 0.29936007
v -0.30121636 2.03899050 0.29693288
v -0.30412313 2.03609371 0.29848695
v -0.30132407 2.03389359 0.30006090
v -0.29855984 2.03261900 0.30096209
v -0.30243799 2.04000854 0.29135257
v -0.30162326 2.04061508 0.29308578
v -0.29390582 2.03220057 0.30067599
v -0.29154310 2.03161573 0.29347327
v -0.29539332 2.03437448 0.29123229
v -0.29975018 2.03706861 0.28949144
v -0.30370155 2.03825855 0.28992313
v -0.29602185 2.03169823 0.29039800
v -0.30036995 2.03436470 0.28915873
v -0.30382359 2.03556657 0.28964323
v -0.29673597 2.02864814 0.29071024
v -0.30083463 2.03183937 0.28958902
v -0.29184347 2.02861476 0.29225898
v -0.29261038 2.02519274 0.29249191
v -0.30325240 2.03362823 0.28967911
v -0.30619764 2.03758454 0.29217431
v -0.30561733 2.03968716 0.29366577
v -0.30391875 2.04086447 0.29566619
v -0.30266482 2.03170800 0.30056000
v -0.30571947 2.03424549 0.29833364
v -0.30314615 2.02883291 0.29985300
v -0.30631068 2.03241205 0.29693615
v -0.30560505 2.03836322 0.29728037
v -0.30684370 2.03715086 0.29615724
v -0.29044542 2.02258945 0.29325867
v -0.29227549 2.02031040 0.29494327
v -0.29476526 2.02260303 0.29409561
v -0.29852673 2.02622175 0.29228854
v -0.29722163 2.02192640 0.29713622
v -0.29892230 2.02297401 0.29996508
v -0.30264577 2.02669978 0.29787359
v -0.30103037 2.02547646 0.29511675
v -0.30564168 2.03061271 0.29520175
v -0.30421373 2.02970767 0.29308939
v -0.30229697 2.03013515 0.29090327
v -0.30649555 2.03368282 0.29302356
v -0.30720475 2.03537679 0.29449058
v -0.30571583 2.03527236 0.29119292
v -0.30453900 2.03310752 0.29074988
v -0.30543497 2.03237581 0.29212368
v -0.26853371 1.99392486 0.31433094
v -0.19109519 1.98528647 0.24722219
v -0.19570276 1.98521566 0.24752685
v -0.20308857 1.97812378 0.24368452
v -0.20323421 1.97219491 0.23987517
v -0.19952767 1.96758640 0.23677275
v -0.19404782 1.96746218 0.23627101
v -0.18928318 1.97080803 0.23768726
v -0.19992529 1.98322964 0.24646382
v -0.18691549 1.98229504 0.24501623
v -0.18608983 1.97623158 0.24094988
v -0.18761203 1.98340833 0.23243062
v -0.18772390 1.98897481 0.23719557
v -0.19018461 1.97754502 0.22873320
v -0.19490443 1.97333884 0.22808917
v -0.20010258 1.97237873 0.23005886
v -0.19164425 1.99145687 0.24041279
v -0.19662337 1.99067259 0.24149668
v -0.20121418 1.98695946 0.24045122
v -0.19225007 1.99727869 0.23360756
v -0.18882483 1.99727595 0.22784089
v -0.19348674 1.99114645 0.21063872
v -0.19009598 1.99375200 0.21180730
v -0.19020726 1.99067152 0.21521847
v -0.19307376 1.98739183 0.21445645
v -0.18981253 1.98954415 0.21827997
v -0.19132744 1.98509026 0.22018553
v -0.18736587 1.99585891 0.21775107
v -0.18820064 1.99391723 0.22048341
v -0.18763214 2.00114942 0.22096483
v -0.18756354 1.99799299 0.22274794
v -0.18687204 1.99883413 0.21399470
v -0.19001910 1.99693489 0.20930956
v -0.18811694 2.00119662 0.21080716
v -0.19294290 1.99632514 0.20815168
v -0.18865091 1.99071145 0.22424139
v -0.19576226 1.97926497 0.22084431
v -0.19677909 1.98463893 0.21469526
v -0.19712560 1.98994970 0.21043013
v -0.19672514 1.99625838 0.20875116
v -0.20158042 1.98427939 0.21638171
v -0.20077990 1.99083233 0.21235524
v -0.19953391 1.99645066 0.21118717
v -0.20462026 1.98671877 0.22034405
v -0.20253517 1.99310088 0.21558090
v -0.20116784 1.97701919 0.22365682
v -0.20448424 1.97948432 0.22838061
v -0.20079985 1.99691904 0.21347214
v -0.19540846 2.00238538 0.21043293
v -0.19160122 2.00266218 0.20910035
v -0.18978010 2.00298166 0.22392081
v -0.18725637 2.00350118 0.21725823
v -0.19016488 2.00571656 0.21920781
v -0.19317752 2.00276709 0.22690539
v -0.19379802 2.00574780 0.22058354
v -0.18768741 2.00463200 0.21371911
v -0.19057524 2.00619149 0.21403597
v -0.20369671 1.97559559 0.23402265
v -0.20413297 1.98135638 0.23772125
v -0.20445184 1.98509789 0.23259369
v -0.20401715 1.99189472 0.22492157
v -0.20186616 1.99141026 0.23518458
v -0.19693454 1.99594200 0.23579898
v -0.19713643 2.00107646 0.22787674
v -0.20141472 1.99745369 0.22764014
v -0.19715142 2.00380945 0.22115429
v -0.19978361 2.00071526 0.22084977
v -0.20198785 1.99697685 0.21854018
v -0.19728564 2.00378323 0.21623628
v -0.19437936 2.00579405 0.21489511
v -0.19811876 2.00107074 0.21269883
v -0.19997738 1.99963832 0.21518447
v -0.19900821 2.00179768 0.21722321
v -0.26642564 1.98553586 0.30738014
v -0.26371741 1.98686838 0.30180877
v -0.26069912 1.98045373 0.30431807
v -0.25790066 1.97238803 0.30713686
v -0.25753936 1.96550965 0.31543994
v -0.25278851 1.97440696 0.30287212
v -0.25602522 1.98225594 0.30010793
v -0.25959957 1.99084735 0.29671976
v -0.24573876 1.96991730 0.30192521
v -0.06622073 1.91250610 0.06784296
v -0.06496473 1.91216171 0.07171506
v -0.06123779 1.90726376 0.07440895
v -0.06231422 1.90631104 0.07153790
v -0.06306922 1.90562320 0.06792212
v -0.06300664 1.90543091 0.06389591
v -0.06464998 1.91222692 0.05757299
v -0.06618950 1.91289163 0.06283033
v -0.05821833 1.90723336 0.04987524
v -0.05910881 1.90859151 0.05145929
v -0.05854150 1.90629482 0.05059617
v -0.06113587 1.90578210 0.05601804
v -0.05935046 1.90628135 0.05273294
v -0.06168738 1.91106200 0.07661942
v -0.06045574 1.91033769 0.07783237
v -0.06329100 1.91156220 0.07438944
v -0.06242767 1.90549850 0.05972034
v -0.05989786 1.90934455 0.07783133
v -0.06021423 1.90830100 0.07662876
v -0.06184556 1.91081154 0.05384065
v -0.06366862 1.90796661 0.06805349
v -0.06381594 1.90768969 0.06386642
v -0.06412937 1.91008615 0.05866316
v -0.06517531 1.91042531 0.06354093
v -0.06185020 1.90762782 0.05610479
v -0.06047442 1.90751934 0.05394544
v -0.06294170 1.90826583 0.07145698
v -0.06324072 1.90767503 0.05952569
v -0.06477542 1.91056705 0.06829020
v -0.06053874 1.90842056 0.05336126
v -0.06227674 1.90937042 0.05512488
v -0.06067852 1.90988731 0.07678176
v -0.06049306 1.90955579 0.07688038
v -0.01344507 1.67837298 0.07294806
v -0.02143426 1.66047072 0.07110597
v -0.06369351 1.91040921 0.07155798
v -0.06092524 1.90908885 0.07569551
v -0.06181759 1.90870917 0.07377633
v -0.06247539 1.91019869 0.07394677
v -0.06142529 1.91007304 0.07581161
v -0.09609769 1.72262120 0.28499067
v -0.10095175 1.70699203 0.27953097
v -0.06905572 1.73468339 0.32957128
v -0.05566209 1.72123230 0.34079468
v -0.07653604 1.38878405 0.12131795
v 0.12122531 1.43543768 0.19297269
v 0.12795201 1.45438194 0.19607376
v 0.16067810 1.45433414 0.12495971
v 0.15624279 1.44995368 0.14418970
v 0.01255887 1.43499279 0.21338259
v 0.00680835 1.41663182 0.21282828
v -0.03919013 1.42798686 0.16692270
v -0.04368419 1.40768623 0.16407131
v -0.02031304 1.39487672 0.19951966
v 0.13663448 1.40193594 0.16604373
v 0.14162268 1.42301881 0.16264445
v 0.13008012 1.41951191 0.17979679
v 0.12571077 1.39937985 0.18326302
v 0.15191568 1.43385088 0.10419407
v 0.15896079 1.45785511 0.10475704
v 0.03872816 1.45596099 0.22353481
v 0.06453578 1.45906270 0.22542383
v 0.11169948 1.46691096 0.21349896
v 0.12993169 1.47400701 0.20088281
v 0.15514012 1.49125278 0.16850637
v 0.14381281 1.48255062 0.18561031
v -0.04985773 1.44900298 0.15209627
v -0.05473832 1.47009742 0.13363546
v 0.01488353 1.45416069 0.21497770
v -0.07154588 1.45052743 0.08633702
v 0.17309511 1.52958822 0.13346353
v 0.16552386 1.52479041 0.15685250
v 0.08929885 1.46217000 0.22231908
v -0.04837861 1.61665189 0.08295156
v -0.05629506 1.60004616 0.08295162
v -0.05937159 1.60409188 0.09902621
v -0.05081756 1.62061298 0.09970693
v -0.06132159 1.60694504 0.11538625
v -0.06182053 1.60955942 0.13123111
v -0.06092548 1.61136198 0.14569372
v -0.05303146 1.61187279 0.18041191
v -0.05629135 1.61241937 0.17002513
v -0.04416956 1.60760200 0.19838318
v -0.04945822 1.61077237 0.18951713
v -0.03629677 1.59819067 0.20795174
v -0.02358556 1.58608639 0.21728124
v -0.00766521 1.57386196 0.22545113
v -0.00696161 1.59034550 0.22355951
v -0.02498030 1.56872475 0.21732415
v -0.03903495 1.58158684 0.20777011
v -0.04893618 1.58997512 0.19837458
v -0.06207176 1.55552793 0.07646713
v -0.06091546 1.53160143 0.08147086
v -0.00531976 1.69490671 0.07416119
v -0.22908850 1.75772142 0.39969781
v -0.17402235 1.87735796 0.33750546
v 0.14416075 1.72394466 0.13649811
v 0.14685914 1.72167480 0.11632520
v 0.15371118 1.70996690 0.09852028
v 0.15103044 1.72089911 0.09717850
v 0.09690244 1.75333560 0.20175521
v 0.11640543 1.73998058 0.19620954
v 0.13309748 1.72885752 0.18177059
v 0.14270464 1.72006845 0.16163217
v -0.00648075 1.47108293 0.20223406
v 0.15414301 1.69107556 0.14408050
v 0.14686327 1.70926976 0.16590959
v 0.13717349 1.71853089 0.18880124
v 0.11956318 1.72964025 0.20678116
v 0.09648734 1.74463117 0.21723704
v 0.08253150 1.74550498 0.22731966
v 0.07106442 1.72959197 0.25047535
v 0.05993334 1.73096979 0.25794560
v 0.04996410 1.74680352 0.25214213
v 0.03857536 1.74775696 0.26178348
v 0.04873882 1.73226440 0.26755452
v -0.02313026 1.71998608 0.32631078
v -0.03411982 1.71151078 0.33522430
v -0.03957004 1.69868040 0.34153286
v -0.04274124 1.68503582 0.34401456
v -0.04257581 1.67219663 0.34158340
v -0.03884380 1.66080511 0.33466223
v -0.03041339 1.65240121 0.32388017
v 0.00084327 1.64299309 0.28963941
v 0.01393294 1.64013016 0.28118443
v 0.05530368 1.61322379 0.26395738
v 0.06794249 1.60517704 0.26004934
v 0.11651579 1.55794358 0.23045877
v 0.10274141 1.57328987 0.24289866
v 0.12823170 1.53994942 0.21884443
v 0.13842790 1.30070329 0.18446898
v 0.13327497 1.31888819 0.17961448
v 0.12098891 1.32034731 0.19784726
v 0.12469602 1.30224836 0.20241864
v 0.14142695 1.35908771 0.10896234
v 0.14042449 1.35869622 0.13165276
v 0.02979880 1.31818128 0.23463644
v 0.05870632 1.32017648 0.23411728
v 0.08364122 1.32105875 0.22632253
v 0.10444513 1.32154846 0.21407539
v 0.00304268 1.31417012 0.22761908
v -0.07675199 1.28255880 0.13160811
v -0.06555735 1.28770602 0.15273681
v -0.08927177 1.27418888 0.06823149
v -0.08864273 1.27575660 0.08853766
v -0.01960754 1.30779040 0.21385765
v -0.08485807 1.27848768 0.10978030
v -0.05260548 1.29394984 0.17380066
v -0.03786261 1.30053747 0.19546041
v 0.13117357 1.33768260 0.17516313
v 0.13878508 1.33777452 0.15569842
v 0.13655786 1.35896623 0.15180546
v 0.17388980 1.60183215 0.14134435
v 0.16816048 1.60382509 0.16380899
v 0.16028060 1.60804439 0.18634018
v 0.14626843 1.63151550 0.20932375
v 0.13117181 1.63878393 0.22781847
v 0.13152002 1.62181854 0.22742808
v 0.14671351 1.61374867 0.20854212
v 0.09421721 1.65250504 0.25210819
v 0.07996579 1.65796423 0.26067352
v 0.07810874 1.64638901 0.26046985
v 0.09351863 1.63965440 0.25222811
v 0.06514745 1.65155792 0.26780865
v 0.05224523 1.65442669 0.27506366
v 0.03863326 1.65752745 0.28005847
v 0.02570598 1.66132474 0.28924394
v 0.03349130 1.68147731 0.29341874
v 0.04534252 1.67956066 0.28402486
v 0.09456524 1.66670668 0.25200489
v 0.11162637 1.66136169 0.24162425
v 0.16684327 1.63500214 0.14219001
v 0.16796023 1.63157618 0.12050998
v 0.00876704 1.56925428 0.23298936
v 0.02613564 1.56599629 0.24168050
v 0.04250718 1.56598437 0.24769081
v 0.05702175 1.56799746 0.25128299
v 0.06961825 1.57200217 0.25351065
v 0.08125491 1.57777870 0.25327855
v 0.09120379 1.58550322 0.25044024
v 0.07922798 1.59611905 0.25572744
v 0.09943295 1.59414351 0.24711511
v 0.08614404 1.60461903 0.25410184
v 0.10690577 1.60453892 0.24349362
v 0.11139464 1.61715055 0.24212117
v 0.11228031 1.63142896 0.24138661
v 0.11254615 1.64605618 0.24156100
v 0.14371923 1.64894652 0.21095924
v 0.12910341 1.65566099 0.22897600
v 0.15186383 1.66001511 0.19141160
v 0.14914484 1.67555475 0.19322228
v 0.15795135 1.62573481 0.18711761
v 0.15484411 1.64337182 0.18990678
v 0.10294418 1.76523459 0.16354690
v 0.11674443 1.75650978 0.14916110
v -0.01639758 1.66320920 0.31993082
v -0.02600418 1.66299725 0.32687277
v -0.02138499 1.65602422 0.31966373
v -0.01531719 1.65799809 0.31632516
v -0.02825329 1.67203999 0.33187631
v -0.01508690 1.68005621 0.32501590
v -0.02770490 1.68275309 0.33349982
v -0.01655973 1.67103755 0.32328409
v -0.02500780 1.69407427 0.33273786
v -0.01284795 1.69025910 0.32537380
v -0.02007762 1.70390105 0.32983214
v -0.00997806 1.69895971 0.32392186
v -0.00786698 1.70543718 0.32214645
v -0.01353512 1.71099091 0.32413626
v 0.02407635 1.70435166 0.30249476
v 0.01195776 1.70529699 0.31048766
v 0.00076329 1.70566106 0.31779534
v 0.01489276 1.66276348 0.29743665
v 0.00453978 1.66597879 0.30692247
v -0.00589364 1.66860974 0.31508437
v -0.00384449 1.67775071 0.31737337
v 0.00707190 1.67458379 0.30904904
v 0.01835142 1.67165256 0.30035082
v 0.17099981 1.61963475 0.14158419
v 0.16629988 1.62272489 0.16382869
v 0.06703427 1.66206157 0.26829791
v 0.05558496 1.66520381 0.27529013
v 0.04330450 1.66782391 0.28238595
v 0.03000454 1.67023492 0.29141569
v 0.05724062 1.67671919 0.27622768
v 0.06853559 1.67429590 0.26863638
v 0.08064689 1.67055345 0.26074013
v 0.16257392 1.63958907 0.16564193
v 0.17260885 1.61647916 0.12062597
v -0.03104458 1.73178864 0.21496683
v -0.01689653 1.75225556 0.22416647
v 0.00128213 1.76296985 0.23950385
v 0.02140931 1.75998342 0.25263897
v 0.13554107 1.75521910 0.09349891
v -0.19942330 1.66297793 0.37859488
v 0.17794801 1.55750906 0.09543395
v 0.17866862 1.57901597 0.09815143
v 0.16274944 1.48368776 0.08749705
v 0.17071705 1.50750887 0.08989875
v 0.14204168 1.38309014 0.12859254
v 0.14182536 1.38554668 0.10706927
v 0.14630625 1.41025174 0.10483107
v 0.14844285 1.33882987 0.08604220
v 0.13988450 1.36018288 0.08449758
v 0.14222500 1.41328406 0.08454539
v 0.14685458 1.43702388 0.08434066
v 0.17424107 1.53222287 0.11220068
v 0.17752351 1.59959042 0.11976008
v 0.17568845 1.61525333 0.10096793
v 0.17193951 1.62993598 0.10099725
v 0.16826364 1.64568901 0.10175356
v -0.07206367 1.57895482 0.15980804
v -0.06640399 1.59544623 0.15849043
v -0.06865659 1.59492326 0.14555810
v -0.07465768 1.57854176 0.14699233
v -0.06354097 1.57927644 0.18085313
v -0.05894892 1.59527409 0.18028444
v -0.06310198 1.59562850 0.17013423
v -0.06810057 1.57934809 0.17133524
v -0.05456899 1.59357035 0.18946198
v -0.05819357 1.57794654 0.18966477
v -0.07508314 1.56155789 0.16142161
v -0.07090108 1.56226909 0.17275651
v -0.07777901 1.56147051 0.14877234
v -0.06041953 1.56211662 0.18980084
v -0.06566861 1.56243515 0.18199094
v -0.02581855 1.79466367 0.05363236
v -0.04054418 1.79594994 0.04898695
v -0.06249009 1.83266306 0.03623737
v -0.06141150 1.83759284 0.03591247
v -0.00639594 1.78720880 0.05367982
v -0.00263670 1.77996969 0.05563627
v -0.05421131 1.81533885 0.03609829
v -0.05098386 1.80203176 0.03792370
v -0.06852946 1.85822964 0.03068729
v -0.06642684 1.85510302 0.03139918
v -0.06551336 1.84377789 0.03242834
v -0.06348121 1.84031785 0.03330112
v 0.00117252 1.77068174 0.05792528
v -0.01225586 1.79213977 0.05092245
v 0.00740423 1.74918127 0.06294375
v 0.01069168 1.73872209 0.06497829
v 0.00998602 1.73011243 0.07590488
v 0.00762814 1.71895087 0.07627239
v -0.05793280 1.57615733 0.07202357
v -0.03698296 1.62692380 0.06795718
v -0.04585474 1.61212564 0.06757478
v -0.02891358 1.64299083 0.06915423
v 0.00144938 1.70775580 0.07548921
v 0.00416944 1.76002610 0.06059268
v -0.06007433 1.82792401 0.03469222
v -0.05605059 1.82293415 0.03546095
v -0.06571668 1.85123086 0.03185176
v -0.06558470 1.84755158 0.03213078
v -0.01065874 1.67601717 0.05792422
v -0.01887475 1.65792036 0.05566898
v -0.05250959 1.59473336 0.06861214
v -0.05826280 1.55241072 0.06235592
v -0.05745938 1.52892447 0.06416728
v -0.00286205 1.69283700 0.06028418
v -0.05432332 1.50821376 0.06455582
v 0.10527918 1.12677765 0.23169686
v 0.12560351 1.11162603 0.21442465
v 0.13738033 1.13031733 0.20856956
v 0.12323722 1.14187992 0.22165488
v 0.10257538 1.18315780 0.23261924
v 0.09577735 1.21018839 0.23641358
v 0.09125765 1.23805499 0.23820113
v 0.15097070 1.12426209 0.19109654
v 0.17085820 1.14533591 0.17033041
v 0.16128729 1.12271273 0.16853961
v 0.11727698 1.23795152 0.22613041
v 0.12114997 1.21256483 0.22474633
v 0.13387218 1.15123403 0.21612947
v 0.13065055 1.16525471 0.21948479
v 0.11181237 1.15988791 0.22944807
v 0.15862177 1.14495111 0.19101186
v 0.14507264 1.14697671 0.20643198
v 0.15521683 1.29887724 0.14518902
v 0.16345444 1.27993405 0.14909650
v 0.16905001 1.28037620 0.12234086
v 0.10643387 1.30433130 0.21827257
v 0.13039210 1.28390706 0.20706759
v 0.16256979 1.13935792 0.07911240
v 0.14766715 1.16533875 0.20742978
v 0.17628266 1.16794014 0.17081954
v 0.16294698 1.16662848 0.19205645
v 0.16939263 1.23898470 0.17408217
v 0.15609036 1.23876941 0.19401120
v 0.16079088 1.21432424 0.19301936
v 0.17445937 1.21579468 0.17307042
v 0.13941169 1.23770916 0.21116416
v 0.13531031 1.26174569 0.21014719
v 0.16314913 1.26095152 0.17333908
v 0.15088327 1.26162219 0.19289362
v 0.14490257 1.28290057 0.18950619
v 0.14317809 1.21308088 0.20979789
v 0.17791866 1.19085264 0.17176676
v 0.18746865 1.19251716 0.14577499
v 0.18982655 1.19494104 0.11725038
v 0.18993403 1.19470227 0.08829980
v 0.19060124 1.21840227 0.08959949
v 0.15577346 1.28125048 0.17042579
v 0.14151633 1.31871307 0.16020343
v 0.14788574 1.29986966 0.16596371
v 0.13776647 1.38200378 0.14855848
v -0.03054737 0.90428507 0.17801674
v 0.04368969 1.08884931 0.06348036
v 0.01965347 1.08606148 0.06375049
v -0.01296133 1.15911686 0.23999353
v 0.05974359 1.14053321 0.24950822
v 0.08846225 1.15113091 0.23931901
v -0.02200011 1.08717012 0.07633524
v -0.04282446 1.09443355 0.09310666
v -0.03734754 1.15432668 0.22021355
v -0.06158244 1.12530828 0.17208539
v -0.00082440 1.08526969 0.06739710
v 0.12539466 1.18758905 0.22302236
v 0.14640193 1.18746269 0.20903213
v 0.16347061 1.18909252 0.19269383
v 0.18555336 1.16994858 0.14472879
v 0.18680073 1.17323995 0.11489163
v 0.18623279 1.17373276 0.08622263
v -0.06077968 1.14140821 0.07568595
v -0.06222650 1.14898682 0.06214546
v -0.06374191 1.15056968 0.06964974
v -0.06329677 1.16199660 0.05075858
v -0.05912718 1.14824009 0.05208287
v -0.05628930 1.13630903 0.06395180
v -0.05253797 1.13599551 0.05326016
v -0.04294001 1.12441933 0.05401744
v -0.07519016 1.25926721 0.13092549
v -0.06521463 1.26490819 0.15323666
v -0.08586442 1.25139940 0.06719930
v -0.08574755 1.25270033 0.08712779
v -0.02063175 1.28746080 0.21715261
v -0.08225603 1.25507081 0.10843036
v -0.05346287 1.27167583 0.17539647
v -0.03894543 1.27969432 0.19860540
v 0.18128423 1.26248705 0.08950549
v 0.17394544 1.28310227 0.08954836
v -0.08236374 1.25048149 0.04871678
v -0.03889664 1.79483902 0.04207626
v -0.02380212 1.79371834 0.04700115
v -0.06565042 1.97910273 0.02582588
v 0.10360110 1.80739486 0.08255599
v -0.07217267 1.92115009 0.02690100
v -0.06080799 1.83723080 0.03420236
v -0.07186909 1.85976815 0.02991525
v 0.01301881 1.72817743 0.06565280
v 0.01137167 1.71667767 0.06498174
v 0.03833428 1.09629500 0.06220698
v 0.00446537 1.70556116 0.06280117
v 0.05225220 1.09579921 0.06515612
v 0.15501203 1.46054137 0.08543070
v 0.18486583 0.48114043 0.11689326
v 0.19856349 0.48580623 0.12060121
v 0.20132469 0.45624471 0.11952117
v 0.18824080 0.45318234 0.11476436
v 0.21637504 0.49261260 0.14844021
v 0.21357973 0.49084562 0.13463271
v 0.21366347 0.49110377 0.16248561
v 0.20490393 0.48725235 0.17313276
v 0.21314909 0.45913601 0.16444436
v 0.22226180 0.46191084 0.15612851
v 0.19390927 0.48342651 0.17780815
v 0.19068010 0.45254230 0.17329857
v 0.18133867 0.47931671 0.17962302
v 0.16337724 0.47390437 0.17632945
v 0.17283890 0.44885039 0.16944778
v 0.14881971 0.46803248 0.16340165
v 0.15822415 0.44432604 0.15859808
v 0.14398342 0.46623063 0.14626974
v 0.16964862 0.47513533 0.11832665
v 0.17244899 0.44862568 0.11469305
v 0.22399206 0.46259451 0.14352976
v 0.21949305 0.46056581 0.13158314
v 0.21038975 0.45807672 0.12473008
v 0.20750730 0.48832583 0.12649378
v 0.20367713 0.42772591 0.11642136
v 0.18993293 0.42602980 0.10804878
v 0.23229198 0.43328965 0.13909292
v 0.22226040 0.43082452 0.12947977
v 0.22150470 0.43153143 0.15803190
v 0.23216933 0.43383110 0.15181674
v 0.19909553 0.42685449 0.17274033
v 0.21079357 0.42922509 0.16616242
v 0.20276313 0.45608246 0.17023851
v 0.18159683 0.42433357 0.16770786
v 0.16253106 0.42198193 0.15694924
v 0.17137340 0.42340386 0.10877122
v 0.21303834 0.42894685 0.12322834
v 0.01862646 0.33382678 0.15714304
v 0.01939524 0.33826315 0.15503360
v 0.01862667 0.33770406 0.15061782
v 0.01755868 0.33209109 0.15050505
v 0.00683279 0.32598352 0.11855359
v 0.00555928 0.33658040 0.11457892
v 0.00810404 0.33305764 0.10639258
v 0.00898476 0.32097924 0.10753126
v 0.00843654 0.32998323 0.13509704
v 0.01160963 0.32636201 0.13707153
v 0.01226599 0.32715189 0.14217551
v 0.00907980 0.33124709 0.14328931
v 0.04999540 0.33899641 0.17785944
v 0.05232958 0.33419132 0.17864831
v 0.05409102 0.33507776 0.18296565
v 0.05295901 0.33904743 0.18347101
v 0.03098614 0.33460259 0.16461690
v 0.03379334 0.33005631 0.16541652
v 0.03529082 0.33128440 0.16942911
v 0.03367684 0.33505344 0.17072667
v 0.02985994 0.33964920 0.11528565
v 0.03261186 0.33867514 0.10094540
v 0.01802180 0.33425725 0.10341452
v 0.01583738 0.33878171 0.11574818
v 0.02141593 0.32422256 0.09837456
v 0.03749112 0.32715774 0.09588115
v 0.03849198 0.31984794 0.10417907
v 0.02395223 0.32027948 0.10606889
v 0.03490533 0.32179940 0.11741383
v 0.02218039 0.32211351 0.11809598
v 0.03063641 0.33000672 0.12357415
v 0.01649205 0.33107805 0.12584387
v 0.02945251 0.33545029 0.14251225
v 0.02903495 0.34215999 0.13626640
v 0.01639591 0.33963132 0.13906528
v 0.01728265 0.33393073 0.14675947
v 0.02711467 0.33962071 0.12560637
v 0.01514218 0.33793545 0.13073553
v 0.02720753 0.32865107 0.12372722
v 0.03101144 0.32440007 0.12951197
v 0.01830409 0.32548463 0.13345577
v 0.01435776 0.32968509 0.12721802
v 0.03183318 0.32678044 0.13901927
v 0.01966788 0.32681608 0.14279519
v 0.03683288 0.34422612 0.15375261
v 0.03407670 0.34178770 0.14363714
v 0.02429442 0.33866656 0.14792599
v 0.02562172 0.34026694 0.15522920
v 0.02380760 0.32999873 0.14478464
v 0.03371478 0.33113790 0.14224495
v 0.03658048 0.32734740 0.14806660
v 0.02602292 0.32756555 0.15051912
v 0.03809605 0.32987392 0.15692635
v 0.02669741 0.32877934 0.15803252
v 0.03678487 0.33851230 0.16015874
v 0.02566589 0.33525968 0.16093309
v 0.05090637 0.34042692 0.17434765
v 0.05041752 0.34661067 0.16945998
v 0.04033307 0.34243822 0.17021795
v 0.04105480 0.33674467 0.17389728
v 0.04652689 0.34492791 0.16214781
v 0.03813861 0.34184337 0.16428901
v 0.03692685 0.33661079 0.16011699
v 0.04423673 0.33884060 0.16006999
v 0.04779036 0.33061445 0.16340978
v 0.03921248 0.32926750 0.16322441
v 0.05147273 0.33188784 0.17134036
v 0.04127384 0.33036757 0.17079382
v 0.06704433 0.34825182 0.18324701
v 0.05843524 0.34586096 0.18336250
v 0.05982472 0.34007061 0.18602389
v 0.06989984 0.34096611 0.18548849
v 0.06210808 0.34815824 0.17667894
v 0.05557708 0.34574544 0.17735945
v 0.05514912 0.34017277 0.17414881
v 0.06041471 0.34213245 0.17500527
v 0.06371538 0.33329141 0.17656456
v 0.05734644 0.33268166 0.17646383
v 0.06818037 0.33462012 0.18250749
v 0.05973722 0.33368611 0.18366830
v 0.04406522 0.34131670 0.11857423
v 0.04748256 0.34332168 0.09990804
v 0.01413791 0.32109070 0.10895897
v 0.05278842 0.33009017 0.09566683
v 0.01300989 0.32194388 0.11609100
v 0.04706527 0.32271206 0.12102439
v 0.05368413 0.32149434 0.10457706
v 0.03639803 0.33042514 0.12183724
v 0.00979404 0.33684003 0.14007981
v 0.04873712 0.32619154 0.14100188
v 0.03932173 0.33304870 0.14069621
v 0.00921814 0.33589673 0.13493557
v 0.04553987 0.34418428 0.13709889
v 0.05455346 0.34535158 0.15481931
v 0.01994548 0.32838643 0.15281428
v 0.02059351 0.32889271 0.15671749
v 0.05581946 0.32921338 0.15923616
v 0.04633362 0.33965945 0.15982319
v 0.03408928 0.33977818 0.16957749
v 0.06704094 0.33177125 0.17374894
v 0.06038789 0.34222448 0.17500435
v 0.03286497 0.33946753 0.16572376
v 0.06628300 0.34887421 0.17094986
v 0.05360220 0.34257662 0.18160461
v 0.07875396 0.33335161 0.18317771
v 0.08186142 0.34131896 0.18727084
v 0.05166269 0.34294331 0.17866595
v 0.07761066 0.35005069 0.18291123
v 0.15904753 0.44478762 0.11996891
v 0.15651725 0.47037709 0.12311351
v 0.14794178 0.46687746 0.13245831
v 0.15153182 0.44266284 0.12978660
v 0.15052873 0.44248545 0.14292550
v 0.15640917 0.42158329 0.11613156
v 0.14981462 0.42070091 0.12826760
v 0.15223967 0.42030823 0.14161865
v 0.18822902 0.40397549 0.17155963
v 0.20670536 0.40661621 0.17494585
v 0.21822278 0.40855324 0.16479707
v 0.23004328 0.41015017 0.15739512
v 0.24123468 0.41174030 0.15042667
v 0.16806681 0.40077817 0.10716860
v 0.14891261 0.40161455 0.11423017
v 0.14092819 0.40214789 0.12735330
v 0.14623590 0.40200090 0.14319105
v 0.06458472 0.34923446 0.09544463
v 0.06271936 0.35298789 0.11360100
v 0.08186857 0.36190546 0.11038396
v 0.08583111 0.35154426 0.09781012
v 0.06570442 0.35210121 0.13159463
v 0.08468182 0.36324966 0.12932487
v 0.07327132 0.35212815 0.14935432
v 0.09201926 0.36096787 0.14694388
v 0.08301458 0.35260367 0.16651632
v 0.10064672 0.35827959 0.16378267
v 0.09154126 0.35155261 0.18205002
v 0.10888460 0.35400581 0.18011829
v 0.09579630 0.34260869 0.19078778
v 0.11361392 0.34455264 0.19088326
v 0.07045932 0.33212006 0.09295155
v 0.09194899 0.33600938 0.09683050
v 0.07312314 0.32121623 0.10400891
v 0.09400047 0.32336366 0.10740864
v 0.07300226 0.32220614 0.12072581
v 0.09492888 0.32412040 0.12290385
v 0.11310388 0.33259249 0.18641941
v 0.09419177 0.33150375 0.18518078
v 0.07664193 0.32495737 0.13962543
v 0.09866029 0.32697606 0.14104821
v 0.08245756 0.32662606 0.15746041
v 0.10415041 0.32788622 0.15857705
v 0.08887608 0.32837915 0.17265989
v 0.10942192 0.32886839 0.17396653
v 0.10559751 0.37039983 0.10970952
v 0.10477591 0.37650752 0.12792079
v 0.11243905 0.37314224 0.14524148
v 0.12152742 0.36774778 0.16219632
v 0.13050032 0.35871577 0.17801754
v 0.13531902 0.34807897 0.18979518
v 0.14722152 0.38092053 0.16503179
v 0.15558317 0.36218393 0.17667106
v 0.15870942 0.34985340 0.18540917
v 0.18197180 0.35213447 0.18145701
v 0.18039773 0.36527336 0.17709121
v 0.22179833 0.36878157 0.17451060
v 0.20321980 0.36767125 0.17590681
v 0.20490763 0.35434163 0.18031612
v 0.22450931 0.35387623 0.17898242
v 0.17381048 0.38246739 0.17141470
v 0.19664736 0.38534379 0.17239790
v 0.21411195 0.38801229 0.16996543
v 0.24917707 0.35439587 0.16612302
v 0.24791528 0.37137365 0.16512674
v 0.23539886 0.36983621 0.17132869
v 0.23818564 0.35397208 0.17474610
v 0.25582793 0.35260558 0.15001033
v 0.25723019 0.37071276 0.15027943
v 0.24879108 0.36728764 0.13186546
v 0.24887817 0.35024738 0.13221942
v 0.23903358 0.39155722 0.16078383
v 0.22713614 0.38961554 0.16543232
v 0.24912727 0.39206326 0.14998002
v 0.24299288 0.38992250 0.13356164
v 0.23114303 0.36539388 0.12278397
v 0.22752832 0.38745999 0.12521732
v 0.23249689 0.34866345 0.12180544
v 0.11074296 0.35435712 0.10213499
v 0.11587365 0.34172809 0.10402577
v 0.13073747 0.38847327 0.14529231
v 0.12456807 0.38962305 0.12694490
v 0.13415579 0.38247573 0.11026651
v 0.13806546 0.35969830 0.10376358
v 0.14238851 0.34541428 0.10996144
v 0.16405761 0.36132538 0.10671635
v 0.16632664 0.34804177 0.11404543
v 0.11819082 0.33205605 0.11335385
v 0.14407216 0.33922625 0.12000541
v 0.16795994 0.34148610 0.12259334
v 0.18584740 0.36232102 0.10992961
v 0.18754862 0.34877717 0.11481822
v 0.20305733 0.36408508 0.11510991
v 0.20445134 0.34905124 0.11653902
v 0.21823277 0.34888434 0.11835545
v 0.21670850 0.36503935 0.11925048
v 0.20347662 0.38427222 0.11545900
v 0.21547189 0.38617694 0.12017746
v 0.18623279 0.38176310 0.10972621
v 0.16322686 0.38066328 0.10571378
v 0.13538924 0.33555746 0.18691750
v 0.15867244 0.33901119 0.18462253
v 0.18174781 0.34216666 0.18036878
v 0.20461462 0.34244990 0.17746234
v 0.22300822 0.34161568 0.17395341
v 0.23486564 0.34178412 0.16924807
v 0.24427812 0.34241474 0.16163997
v 0.24834193 0.34227335 0.14841363
v 0.24393909 0.34091222 0.13529168
v 0.23082174 0.33845973 0.12757729
v 0.21839067 0.33715427 0.12428664
v 0.18906827 0.33994341 0.12277813
v 0.20546447 0.33783674 0.12293322
v 0.18848298 0.40228975 0.10647215
v 0.20493352 0.40480435 0.11306405
v 0.21480136 0.40680027 0.11986575
v 0.23717272 0.41081488 0.13562950
v 0.22407448 0.40838540 0.12717280
v 0.12012152 0.32950497 0.12749027
v 0.12365083 0.33091033 0.14481853
v 0.12841241 0.33131480 0.16143736
v 0.13265535 0.33177578 0.17567299
v 0.15667729 0.33489704 0.17535114
v 0.15375014 0.33426797 0.16265184
v 0.15013884 0.33375621 0.14705779
v 0.14627959 0.33557200 0.13184656
v 0.17974558 0.33694756 0.17203182
v 0.17701174 0.33556175 0.16087145
v 0.17464016 0.33518410 0.14659682
v 0.17057569 0.33665955 0.13333744
v 0.19180623 0.33480561 0.13227940
v 0.19611888 0.33457685 0.14399405
v 0.19816484 0.33544457 0.15700281
v 0.20165849 0.33730912 0.16770515
v 0.21871588 0.33746541 0.16401911
v 0.21461406 0.33607864 0.15386364
v 0.21206367 0.33490598 0.14210358
v 0.20819218 0.33453703 0.13211657
v 0.22891778 0.33798707 0.16075942
v 0.24059361 0.33868825 0.14790379
v 0.23638742 0.33858752 0.15585196
v 0.23853309 0.33739769 0.13931610
v 0.22920705 0.33595586 0.13492255
v 0.21919233 0.33492815 0.13296223
v 0.22888450 0.33645356 0.14196624
v 0.22147018 0.33565629 0.14183125
v 0.22424942 0.33683026 0.15209855
v 0.23106478 0.33756185 0.14996281
v 0.23448333 0.33736396 0.14285509
v 0.23546375 0.33790624 0.14693110
v 0.16393575 0.40002227 0.15897730
v 0.12776884 1.76820827 0.09137309
v 0.15652864 1.69870067 0.09936289
v 0.04134670 0.73295534 0.13000995
v 0.03339782 0.72737539 0.14282423
v 0.02888461 0.72749931 0.15782034
v -0.05258868 1.15173733 0.19474433
v -0.06407239 1.38899338 0.14186606
v -0.05378020 1.42832112 0.14873372
v -0.05853553 1.40825629 0.14509311
v -0.05348812 1.12622452 0.19903605
v -0.00506082 1.45150626 0.20163931
v 0.17735066 1.15640116 0.08341831
v 0.16533054 1.66040385 0.10115613
v -0.05901651 1.61251891 0.15853448
v 0.18659039 1.24064505 0.08994795
v 0.00552973 1.91302037 0.13019352
v 0.00817162 1.91229582 0.12868077
v 0.00996320 1.90881586 0.12900557
v 0.01496375 1.90882921 0.12905009
v 0.01854990 1.90810084 0.12931652
v 0.02033337 1.90773726 0.13014483
v 0.01192500 1.91000760 0.13076653
v 0.01448396 1.91353369 0.12973230
v 0.01093460 1.91199172 0.13011897
v 0.00968787 1.91129088 0.13060969
v -0.02584580 1.64015436 0.05418690
v -0.03398408 1.62407136 0.05357126
v -0.04319904 1.60961533 0.05432295
v -0.04878299 1.59165835 0.05585863
v -0.06197699 1.83242559 0.03402138
v -0.08252862 1.33528197 0.05189707
v -0.08011170 1.34851742 0.05370197
v 0.13788755 1.38814235 0.08477868
v -0.08709727 1.29340029 0.04917315
v -0.08220822 1.36429262 0.05508801
v 0.17541316 1.53344715 0.09294571
v -0.05395675 1.57309520 0.05946343
v -0.08586007 1.27254343 0.04869584
v 0.18012671 1.59892631 0.10004044
v -0.08176443 1.38588810 0.05769042
v -0.06742550 1.18022621 0.05046504
v -0.06921740 1.44958091 0.06231143
v -0.04201711 1.95082760 -0.01238144
v -0.02800712 1.94395816 -0.02035678
v -0.03789992 1.93329525 -0.01653798
v -0.04953572 1.93694806 -0.00780365
v -0.04439574 1.92372012 -0.01341895
v -0.05415407 1.92487490 -0.00591415
v -0.01550743 1.93493915 -0.02232880
v -0.02631699 1.92731023 -0.02012435
v -0.01315976 1.89196324 -0.02135688
v -0.01490961 1.90118790 -0.02061192
v -0.00483613 1.89953327 -0.02340335
v -0.00245291 1.88751268 -0.02261446
v -0.00945318 1.86565614 -0.01782029
v 0.00301605 1.85829425 -0.01599649
v -0.00762965 1.84899247 -0.01301869
v -0.01812614 1.85743487 -0.01345801
v -0.05040756 1.87116861 0.01012285
v -0.04841051 1.87711847 0.00697101
v -0.04565979 1.87137699 0.00202081
v -0.04750244 1.86456478 0.00602932
v -0.05918678 1.88137090 0.01663997
v -0.06669432 1.88424706 0.01913923
v -0.06254445 1.89023900 0.01936093
v -0.05593764 1.88656545 0.01609554
v -0.05182097 1.86593533 0.01554327
v -0.04861749 1.85911286 0.01130080
v -0.05614865 1.87229037 0.01510734
v -0.05356222 1.87688470 0.01366829
v -0.06675509 1.86566484 0.01640264
v -0.07204735 1.86591196 0.01824753
v -0.07261401 1.87141764 0.01692020
v -0.06559953 1.87067127 0.01516962
v -0.05672129 1.86539078 0.01544068
v -0.05944686 1.86217427 0.01876285
v -0.06219366 1.86439097 0.01654990
v -0.05988222 1.86832821 0.01452352
v -0.06252792 1.87589312 0.01664844
v -0.07018623 1.87794983 0.01821073
v -0.07771157 1.87882733 0.02053187
v -0.08002041 1.87050259 0.01976976
v -0.03797307 1.85131466 -0.00156257
v -0.04134643 1.84757137 0.00320993
v -0.04547201 1.85315800 0.00666932
v -0.04346730 1.85781634 0.00176883
v -0.05574981 1.85948968 0.01882219
v -0.05457640 1.84324419 0.01732023
v -0.05963074 1.84416723 0.02171503
v -0.05988551 1.84835970 0.02142003
v -0.05455137 1.84743297 0.01640629
v -0.02609734 1.83748817 -0.00343459
v -0.02118529 1.82960939 -0.00182151
v -0.02986817 1.82930994 0.00259601
v -0.03283886 1.83569288 0.00105380
v -0.02855093 1.82336068 0.00594376
v -0.01872673 1.82146907 0.00201597
v -0.02251371 1.80687511 0.01278180
v -0.03407467 1.81228983 0.01443930
v -0.03017705 1.81786788 0.01011671
v -0.01934631 1.81411290 0.00694856
v -0.04604368 1.81706083 0.02293359
v -0.03982348 1.80736649 0.01931962
v -0.04549398 1.80357301 0.02515653
v -0.04991284 1.81560659 0.02790624
v -0.05037322 1.83753169 0.01956142
v -0.05306729 1.83986771 0.01831162
v -0.04874908 1.83914614 0.01529508
v -0.04690667 1.83738220 0.01647467
v -0.04317017 1.83714199 0.01291448
v -0.04407618 1.83777690 0.01279325
v -0.04375228 1.83847213 0.01103881
v -0.04222182 1.83695745 0.01121264
v -0.04466374 1.83733487 0.01456684
v -0.04361482 1.83624423 0.01405333
v -0.04547683 1.83530784 0.01596278
v -0.04900567 1.83432674 0.01857847
v -0.05969962 1.83236408 0.02930694
v -0.05924850 1.83720827 0.03013261
v -0.05718419 1.83726645 0.02749399
v -0.05731369 1.83268070 0.02586210
v -0.04607626 1.83984709 0.01191583
v -0.04964937 1.84158611 0.01384578
v -0.04956156 1.84488773 0.01221494
v -0.04572390 1.84197581 0.00960189
v -0.04409191 1.84460294 0.00668381
v -0.04037357 1.84020913 0.00523258
v -0.04267533 1.83912408 0.00845136
v -0.04176181 1.83520269 0.01263334
v -0.04033175 1.83641624 0.00867637
v -0.03907230 1.83358169 0.01025404
v -0.04008661 1.83068228 0.01257199
v -0.04344195 1.83334255 0.01462616
v -0.04688678 1.83146656 0.01720276
v -0.04310769 1.82779443 0.01545842
v -0.04715520 1.82535124 0.01960424
v -0.05137505 1.82953131 0.02082260
v -0.04823775 1.84884143 0.01008473
v -0.03739465 1.83579206 0.00523711
v -0.03686411 1.84186697 0.00153264
v -0.03525585 1.83121848 0.00678159
v -0.03539437 1.82709479 0.00982119
v -0.04167766 1.81960166 0.01780989
v -0.03782371 1.82307863 0.01319392
v -0.02796359 1.80060840 0.01917215
v -0.03315619 1.79621649 0.02697331
v -0.04616213 1.91673052 -0.00974998
v -0.05248952 1.91740668 -0.00241109
v -0.04187084 1.90960801 -0.00867718
v -0.04555199 1.91014338 -0.00569199
v -0.04593606 1.91266084 -0.00695455
v -0.04084500 1.91200387 -0.01022623
v -0.02227762 1.90319395 -0.01643419
v -0.02071745 1.89659011 -0.01738650
v -0.02657535 1.90098858 -0.01304280
v -0.02827941 1.90488088 -0.01308230
v -0.03540572 1.89258564 -0.00761301
v -0.03849865 1.89940238 -0.00608831
v -0.03533441 1.90040803 -0.00839183
v -0.03117035 1.89407623 -0.01080054
v -0.04152305 1.89887166 -0.00315206
v -0.03926985 1.89251935 -0.00369859
v -0.04264097 1.89365971 0.00040866
v -0.04394189 1.89917898 0.00044597
v -0.04979352 1.91369104 -0.00059375
v -0.04867282 1.91079831 -0.00074260
v -0.04970567 1.91077352 0.00556064
v -0.05160466 1.91409242 0.00681936
v -0.04798260 1.90501535 0.01633731
v -0.05025150 1.90473831 0.01892072
v -0.05121033 1.90891552 0.01800936
v -0.04865784 1.90731001 0.01522733
v -0.04773237 1.90307808 0.01486852
v -0.04915399 1.90145910 0.01667029
v -0.04443329 1.97336733 -0.00648884
v -0.03127846 1.96565342 -0.01744360
v -0.05435100 1.95544684 -0.00276007
v -0.01614438 1.95496750 -0.02284868
v -0.00376749 1.94221640 -0.02557076
v 0.00138848 1.84041345 -0.01153363
v -0.01063718 1.83307159 -0.00707834
v -0.01750100 1.84192789 -0.00846569
v 0.00787202 1.83087718 -0.00700844
v -0.00623862 1.82345200 -0.00264712
v -0.00567501 1.80617964 0.01349813
v -0.00440236 1.81390238 0.00395633
v 0.02367001 1.84196544 -0.00976258
v 0.03041277 1.83422124 -0.00340600
v 0.01341217 1.82093835 0.00092864
v 0.04257542 1.84973550 -0.00510966
v 0.05051637 1.84740758 -0.00020408
v 0.03967033 1.82669926 0.00628712
v 0.02945003 1.78986442 0.02289337
v 0.04458936 1.79553485 0.01443031
v 0.04747548 1.78244400 0.01516921
v 0.03115865 1.77791214 0.02246118
v 0.01503119 1.85026252 -0.01391101
v 0.00246702 1.91240919 -0.02252645
v 0.00781325 1.89807081 -0.02348727
v -0.00956434 1.91113591 -0.02146505
v 0.01638820 1.97697389 -0.02413399
v 0.02364082 1.95835555 -0.02716134
v 0.00949240 1.95073521 -0.02781057
v -0.00100212 1.96674490 -0.02422370
v -0.00444498 2.00900459 -0.00220468
v 0.00675045 1.99521852 -0.01677359
v -0.01432853 1.98126459 -0.01837031
v -0.02805028 1.99322891 -0.00580524
v 0.03986518 1.96402991 -0.02609405
v 0.03721204 1.98279047 -0.02256861
v 0.05940140 1.98154736 -0.01814351
v 0.05555382 1.96476102 -0.02267784
v 0.03299018 2.00170684 -0.01118677
v 0.05980948 2.00162292 -0.00598332
v 0.06090792 1.85298872 0.00241374
v 0.05889761 1.83316970 0.00573581
v 0.05842384 1.81622040 0.00890012
v 0.04157313 1.81031215 0.01281101
v 0.05891764 2.01689672 0.01217474
v 0.02641019 2.01698661 0.00459085
v 0.09752288 1.94556618 0.00397511
v 0.08678897 1.93517685 -0.00461033
v 0.07849021 1.94830287 -0.01190905
v 0.09022948 1.96287680 -0.00426490
v 0.10866393 1.95758486 0.01692656
v 0.09942295 1.97701573 0.01008399
v 0.10002030 1.88880587 0.01933713
v 0.10899305 1.89488232 0.03195458
v 0.10341363 1.87372684 0.03581068
v 0.09586383 1.86883402 0.02367000
v -0.03527565 1.92055893 -0.01805736
v -0.02638211 1.91588306 -0.01900033
v -0.03302730 1.91204715 -0.01576307
v -0.03945177 1.91536951 -0.01387650
v -0.00527238 1.92399907 -0.02250544
v -0.01672020 1.92031205 -0.02066767
v 0.01913315 1.93706083 -0.02732471
v 0.02983290 1.94364786 -0.02781151
v 0.05487432 1.95013654 -0.02430733
v 0.04218967 1.94826126 -0.02620705
v 0.07899754 1.92588592 -0.01120960
v 0.07306494 1.93475378 -0.01458103
v 0.07312723 1.86458087 0.00639118
v 0.08420546 1.86645389 0.01578538
v 0.08100796 1.84628892 0.02086822
v 0.07258587 1.84147143 0.01025186
v 0.09806170 1.85470903 0.04023288
v 0.08982435 1.85112667 0.03129746
v 0.07539455 1.80680001 0.01606271
v 0.08599626 1.81229472 0.02609998
v 0.09010213 1.79753506 0.02596392
v 0.07845251 1.79307735 0.01784850
v 0.09958336 1.79959095 0.03675291
v 0.09415050 1.81523418 0.03704496
v 0.10081281 1.81739724 0.04795760
v 0.10491287 1.80025876 0.04869985
v 0.01044416 1.77217829 0.04103748
v 0.01910967 1.77461302 0.03207122
v 0.02156197 1.76419997 0.03230457
v 0.01287409 1.76248193 0.04231796
v 0.08253814 1.78094387 0.01791628
v 0.09599777 1.78615844 0.02448808
v 0.08922057 1.88443232 0.00940671
v 0.08057829 1.88452733 0.00065657
v 0.10595641 1.78804684 0.03514133
v 0.08289008 1.82803392 0.02473149
v 0.09076717 1.83239090 0.03493511
v 0.10148554 1.85884666 0.05131996
v 0.10714075 1.87906075 0.04863638
v -0.05124895 1.88213670 0.01180038
v -0.04725996 1.89716816 0.00900932
v -0.04830122 1.89915180 0.01309080
v -0.04786215 1.90209556 0.01209996
v -0.04717002 1.90086365 0.00840235
v -0.06992675 1.93595123 0.01385753
v -0.06074204 1.93817961 0.00186853
v -0.06288758 1.92355585 0.00408383
v -0.06709622 1.91981554 0.01691319
v -0.03015048 1.86868417 -0.01226522
v -0.03413937 1.85786867 -0.00678722
v -0.04117690 1.86488307 -0.00285901
v -0.03914216 1.87415123 -0.00568315
v -0.03226457 1.90566981 -0.01131431
v -0.03504020 1.90717161 -0.01115312
v -0.03199193 1.90785503 -0.01283819
v -0.03184770 1.84468484 -0.00323586
v -0.02567821 1.84987617 -0.00833416
v 0.01089126 1.88389349 -0.02137132
v -0.01935519 1.90952861 -0.01962147
v -0.01471239 2.01847792 0.01583328
v -0.04019815 1.99984717 0.00976203
v 0.01828430 2.02733994 0.02472379
v 0.05237855 2.02750921 0.03371464
v 0.10450126 1.98973489 0.02617669
v 0.10682887 1.99982190 0.04703204
v 0.11974330 1.97898912 0.05369910
v 0.11608863 1.96705341 0.03353322
v 0.11525378 1.89944124 0.04633444
v 0.10426728 1.82013810 0.05833159
v 0.10742183 1.80211568 0.06002321
v -0.05704970 1.97775459 0.00930812
v -0.06516165 1.95641804 0.01130618
v 0.00710144 1.92904687 -0.02454444
v -0.01490762 1.88307571 -0.02069497
v -0.02062343 1.87489390 -0.01805193
v -0.02718424 1.88494599 -0.01577190
v -0.02240628 1.89019954 -0.01753600
v -0.00360503 1.87602472 -0.02052281
v 0.01058782 1.86998987 -0.01828464
v 0.02656397 1.86475599 -0.01546742
v 0.03534546 1.85522294 -0.01090424
v 0.07779007 1.97645855 -0.00995598
v 0.06936464 1.96034408 -0.01710625
v 0.08580979 2.00608134 0.01962012
v 0.08358382 1.99280143 0.00112331
v 0.06634793 1.94890046 -0.01869341
v 0.08201580 2.01783705 0.04103991
v -0.05980643 1.85283339 0.02148912
v -0.06060227 1.85719407 0.02267934
v -0.05332927 1.85340869 0.01565631
v -0.05495806 1.82823181 0.02491791
v -0.05087319 1.82357776 0.02446013
v -0.05325452 1.82289577 0.02900176
v -0.05754176 1.82776809 0.02890990
v -0.01819624 1.79532433 0.03195544
v -0.01201859 1.79946911 0.02310827
v 0.00729093 1.78148901 0.04003362
v 0.01626535 1.78458202 0.03186886
v -0.06624788 1.86485267 0.02106141
v -0.06398816 1.86451197 0.02128341
v -0.06513169 1.86496603 0.02300764
v -0.06709625 1.86518073 0.02244602
v -0.04576902 1.83860826 0.01359717
v -0.06276345 1.84415150 0.02577947
v -0.06063608 1.84061110 0.02643673
v -0.06212586 1.84032917 0.02930510
v -0.06422374 1.84374201 0.02875977
v 0.01618229 1.80954981 0.01385649
v 0.02550121 1.80134106 0.02081813
v 0.06441411 1.78764248 0.01416187
v 0.06078308 1.80130732 0.01201747
v 0.07325904 1.82259607 0.01303099
v 0.09824974 1.83541489 0.04379567
v 0.10218742 1.83919108 0.05452292
v 0.10321324 1.84228897 0.06589997
v 0.10301799 1.86241794 0.06289367
v 0.00295343 1.79846478 0.02604544
v 0.01162280 1.79346585 0.02965189
v 0.00263527 1.78960991 0.03817132
v -0.00526951 1.79396152 0.03562534
v -0.06888638 1.86208665 0.02647747
v -0.06631438 1.86135435 0.02622898
v -0.06709260 1.85898817 0.02816871
v -0.07042208 1.86062980 0.02761737
v -0.06194308 1.86288786 0.02094704
v -0.06171359 1.86014175 0.02321130
v -0.06222403 1.86225820 0.02341779
v -0.06347682 1.86369669 0.01961434
v -0.06641215 1.86463666 0.01935874
v -0.07226931 1.86444294 0.02289608
v -0.07717079 1.86384439 0.02195332
v -0.06994770 1.86465609 0.02029539
v -0.06723012 1.86382341 0.02489480
v -0.06513549 1.86293423 0.02520879
v -0.06311731 1.86391675 0.02354780
v -0.06271835 1.86395335 0.02183717
v -0.07016766 1.86476874 0.02307339
v -0.06841262 1.86492944 0.02166072
v -0.07391675 1.88601160 0.02177215
v 0.00114053 1.78008413 0.04831986
v -0.00234132 1.78760374 0.04623734
v -0.04379513 1.83737707 0.01351004
v -0.05599152 1.91791105 0.00696079
v -0.03347768 1.88257360 -0.01149647
v -0.04667926 1.88336337 0.00535680
v -0.04565400 1.88937330 0.00479973
v -0.04246069 1.88655519 -0.00023450
v -0.04359848 1.87895358 0.00019291
v -0.05773178 1.91498685 0.01544083
v -0.05676126 1.90967596 0.02073725
v -0.06427778 1.90996277 0.02247430
v -0.05552304 1.90343189 0.02141451
v -0.05228857 1.89860082 0.01911245
v -0.05769571 1.89508390 0.01957102
v -0.06392917 1.90095258 0.02245832
v -0.03633564 1.91022170 -0.01184768
v -0.03821584 1.90865445 -0.01021247
v -0.05274870 1.89112210 0.01551783
v -0.04989842 1.89526629 0.01473619
v -0.04795567 1.89241827 0.01001601
v -0.04923100 1.88725257 0.01066538
v -0.03851530 1.88394666 -0.00559868
v -0.02675496 1.90841794 -0.01597802
v -0.02770667 1.89701247 -0.01234907
v 0.06648366 1.87748623 -0.00103620
v 0.07188162 1.88974738 -0.00476087
v 0.05078937 1.86651051 -0.00825122
v 0.05387380 1.86896944 -0.00663793
v 0.05300696 1.86224031 -0.00153748
v 0.04910747 1.86133492 -0.00561776
v 0.06134497 1.92278981 -0.01842282
v 0.05707774 1.92189717 -0.01864836
v 0.05517361 1.92804217 -0.02023151
v 0.06214932 1.92892098 -0.01804306
v 0.05023824 1.92310882 -0.02107398
v 0.05076572 1.91969490 -0.01995465
v 0.04789030 1.91846728 -0.02132519
v 0.04758723 1.92556489 -0.02190606
v 0.04080073 1.92165232 -0.02214577
v 0.03537049 1.93131208 -0.02553495
v 0.04463543 1.93585443 -0.02433494
v 0.01861474 1.91411138 -0.02164629
v 0.02721084 1.92457557 -0.02343347
v 0.03612398 1.91527593 -0.02001890
v 0.03259491 1.90629721 -0.01801652
v 0.03919174 1.87080324 -0.01296520
v 0.04404499 1.86324167 -0.01107798
v 0.05918842 1.86802316 -0.00025282
v 0.11200865 1.93705690 0.02215714
v 0.10110019 1.92769194 0.01001059
v 0.09186845 1.91914201 -0.00134932
v 0.08170754 1.91383171 -0.00684499
v 0.11944318 1.94652224 0.03826677
v 0.12753487 1.94930708 0.05311545
v 0.02138022 1.89596450 -0.02150405
v 0.03354878 1.89316535 -0.01730461
v 0.10210346 1.90799463 0.01385339
v 0.11281647 1.91570544 0.02693849
v 0.09179854 1.90234447 0.00445284
v 0.08219351 1.90016031 -0.00314871
v 0.11798249 1.92554998 0.04400100
v 0.12211429 1.92567384 0.06170737
v 0.11695932 1.90140820 0.06117894
v 0.04939422 1.87474835 -0.01528977
v 0.05004105 1.86857843 -0.01545550
v 0.04835877 1.86716461 -0.01256136
v 0.04568473 1.87232995 -0.01407991
v 0.03598379 1.88142204 -0.01521311
v 0.02452887 1.88119507 -0.01839388
v -0.06963940 1.89313912 0.02208303
v -0.04910785 1.80224168 0.03152866
v -0.05266580 1.81535661 0.03200515
v -0.06356007 1.85224509 0.02590870
v -0.06337681 1.84816051 0.02561686
v -0.06477627 1.84748542 0.02863099
v -0.06506166 1.85148728 0.02872621
v -0.05193355 1.91235459 0.01370956
v 0.11093828 1.88226938 0.06079621
v 0.10374801 1.82361770 0.06959917
v 0.10686569 1.80468178 0.07131304
v 0.11227845 1.78718519 0.04727942
v 0.11444031 1.78781140 0.06022574
v -0.06565666 1.85550463 0.02879427
v -0.06399170 1.85610354 0.02603269
v -0.06914590 1.86463583 0.02396960
v -0.05762199 1.84050775 0.02257573
v -0.06440119 1.86146235 0.02523135
v -0.06448530 1.85916305 0.02600188
v -0.06833577 1.85820627 0.02979087
v -0.06635121 1.85508561 0.03020642
v -0.04549361 1.89534819 0.00458937
v -0.04587337 1.89987051 0.00432953
v -0.07139575 1.86313760 0.02504778
v -0.07394558 1.86169958 0.02566025
v 0.03426479 1.76662898 0.02213578
v 0.05145506 1.77105808 0.01602537
v -0.06296897 1.84030151 0.03143779
v -0.06501132 1.84355330 0.03074985
v 0.04174113 1.90060067 -0.01667019
v 0.04304931 1.90844989 -0.01847583
v 0.04924413 1.90460157 -0.01806986
v 0.04835517 1.89814806 -0.01609902
v 0.00475473 1.77109599 0.04975332
v 0.06798946 1.77568674 0.01545219
v 0.11408032 1.78973627 0.07355204
v -0.03269352 1.90196800 -0.01007156
v -0.03145253 1.90384817 -0.01093850
v -0.04942494 1.90975356 0.01133994
v -0.05369146 1.83334160 0.02210765
v -0.05437123 1.83745766 0.02365820
v -0.00965091 1.79179525 0.04358188
v -0.07165766 1.85980284 0.02894162
v 0.05598748 1.91412306 -0.01708385
v 0.05610333 1.91062891 -0.01655531
v 0.05512202 1.90898919 -0.01990281
v 0.05388561 1.91200697 -0.02057522
v 0.04854527 1.91437125 -0.02377583
v 0.04960204 1.91783011 -0.02456570
v 0.05258482 1.91478348 -0.02518371
v 0.05217012 1.91200387 -0.02367933
v 0.04496524 1.91460598 -0.02125910
v 0.04856030 1.91070986 -0.02101662
v 0.05161999 1.91974688 -0.02642591
v 0.05343806 1.91734362 -0.02564542
v 0.05310638 1.92080045 -0.01967023
v 0.05161476 1.92126274 -0.02322118
v 0.05570273 1.92418385 -0.02345322
v 0.05564259 1.92159355 -0.02819607
v 0.06230317 1.92543185 -0.02424868
v 0.06155138 1.92190385 -0.02926849
v 0.06847160 1.92185128 -0.02353692
v 0.06775942 1.91937280 -0.02918001
v 0.04379151 1.88131881 -0.01403246
v 0.04991702 1.88380790 -0.01185115
v 0.07205422 1.91599154 -0.02258117
v 0.07190399 1.91451943 -0.02811429
v 0.07388289 1.90835416 -0.02100364
v 0.07447153 1.90774703 -0.02669716
v 0.07502893 1.90058446 -0.01913809
v 0.07499242 1.90038657 -0.02442638
v 0.07396254 1.89159131 -0.01731614
v 0.07355173 1.89266729 -0.02265893
v 0.06995280 1.88179374 -0.01604132
v 0.06953976 1.88474941 -0.02116330
v 0.06644113 1.91722167 -0.02541784
v 0.06188385 1.91954482 -0.02554274
v 0.06373127 1.91922534 -0.01705245
v 0.05688547 1.91925979 -0.02565610
v 0.06400360 1.90675998 -0.01327190
v 0.06240330 1.90320837 -0.01324309
v 0.05973880 1.90331602 -0.01712364
v 0.06074837 1.90611768 -0.01412809
v 0.05226114 1.89729440 -0.01630161
v 0.05320111 1.89168549 -0.01615094
v 0.04881473 1.89086628 -0.01530382
v 0.05361851 1.88786733 -0.01369218
v 0.05403225 1.89267421 -0.01293723
v 0.05478880 1.88964188 -0.01307934
v 0.05310472 1.89655650 -0.01196063
v 0.05633603 1.88807940 -0.01318477
v 0.05545328 1.88609433 -0.01407309
v 0.05657892 1.88929236 -0.01210878
v 0.05565815 1.89013672 -0.01185108
v 0.05585847 1.89186668 -0.01074286
v 0.05759126 1.89485812 -0.01013454
v 0.04262387 1.89088464 -0.01544131
v 0.06268494 1.88380659 -0.00773509
v 0.06596813 1.89238262 -0.01095461
v 0.06386128 1.87844205 -0.01987350
v 0.06353679 1.87320840 -0.01561917
v 0.05275002 1.86687040 -0.01573264
v 0.05794608 1.86801648 -0.01610767
v 0.06511629 1.91413593 -0.01528383
v 0.06758676 1.90770328 -0.01442405
v 0.05705154 1.87615001 -0.00664185
v 0.06771760 1.90053368 -0.01282107
v 0.06769548 1.88825846 -0.02054018
v 0.06324333 1.88392639 -0.01849157
v 0.07055566 1.89408433 -0.02241292
v 0.05391259 1.88187146 -0.01489937
v 0.05859130 1.88156950 -0.01710357
v 0.05783338 1.87567139 -0.01873625
v 0.05316822 1.87464559 -0.01762613
v 0.06241888 1.88788676 -0.01663366
v 0.06501864 1.89121604 -0.01959630
v 0.06223876 1.89056432 -0.01321579
v 0.06500486 1.89369416 -0.01595833
v 0.05880759 1.88859046 -0.01316008
v 0.05864333 1.88601625 -0.01489660
v 0.06123692 1.89248967 -0.00982304
v 0.06421587 1.89725542 -0.01170080
v 0.05826449 1.89011621 -0.01119066
v 0.06535432 1.89700162 -0.01911381
v 0.06506984 1.90054309 -0.01561546
v 0.06336468 1.90330184 -0.01986771
v 0.06499067 1.90063810 -0.02215033
v 0.06740424 1.89516330 -0.02219621
v 0.06858028 1.89990091 -0.02414056
v 0.07192910 1.90043485 -0.02299060
v 0.06869318 1.90560472 -0.02443988
v 0.07152569 1.90725625 -0.02370752
v 0.06564599 1.90484107 -0.02328098
v 0.06283781 1.90537834 -0.02234397
v 0.06953114 1.91318822 -0.02499517
v 0.06722748 1.91070092 -0.02483157
v 0.06469828 1.91453409 -0.02484207
v 0.06479554 1.90881205 -0.02396345
v 0.06285991 1.91189981 -0.02374145
v 0.06297870 1.90772378 -0.02302650
v 0.06128559 1.90924788 -0.02272960
v 0.05457964 1.91673172 -0.02258308
v 0.05352541 1.91451693 -0.02170825
v 0.05758541 1.91734719 -0.02346924
v 0.05760981 1.91469729 -0.02190977
v 0.05585339 1.91524470 -0.02120171
v 0.05548700 1.91415858 -0.01984836
v 0.05728493 1.91230083 -0.02089767
v 0.05873923 1.91121101 -0.01822903
v 0.01788034 1.74086094 0.04270263
v 0.01337393 1.73959422 0.05459072
v 0.01019247 1.75034833 0.05331988
v 0.01555013 1.75189376 0.04264268
v 0.06023819 1.91358519 -0.02291159
v 0.05892001 1.91056836 -0.02211549
v 0.06127447 1.91671920 -0.02421637
v 0.06194602 1.90777481 -0.01875800
v 0.05999881 1.90876615 -0.02020370
v 0.06113943 1.90695333 -0.02153988
v 0.06207204 1.90601540 -0.02015021
v 0.05281099 1.90105343 -0.01585411
v 0.05558375 1.90067410 -0.01286115
v 0.05962754 1.89847827 -0.01171281
v 0.04315642 1.72926009 0.00920209
v 0.04494552 1.73753691 0.01586566
v 0.06116087 1.74313712 0.00377954
v 0.06074058 1.73601055 -0.00498203
v 0.02828107 1.70629084 -0.00587058
v 0.05010248 1.71250463 -0.02873932
v 0.02911587 1.68971932 -0.02801961
v 0.01770511 1.68670630 -0.00777562
v 0.01517943 1.66945267 -0.02685221
v 0.00681653 1.66792846 -0.00878282
v -0.01567539 1.61617625 -0.02517704
v -0.02243263 1.61624682 -0.01009911
v -0.01228732 1.63250971 -0.00988241
v -0.00535579 1.63248479 -0.02527230
v -0.04662952 1.54472792 -0.04004028
v -0.04576416 1.52838135 -0.03302585
v -0.05236887 1.53147113 -0.02108064
v -0.05226687 1.54656470 -0.02929157
v 0.03597548 1.63129985 -0.08262934
v 0.04238369 1.64756536 -0.08697946
v 0.04776325 1.63613391 -0.09277885
v 0.04262180 1.62077618 -0.08742906
v 0.09929325 1.74561369 -0.04160528
v 0.07567455 1.73137879 -0.03826807
v 0.07936972 1.73719835 -0.02377113
v 0.09943706 1.75100374 -0.02844727
v 0.01275494 1.55611050 -0.07748213
v 0.00111249 1.54585481 -0.07356612
v -0.00516002 1.55303431 -0.07163393
v 0.00448309 1.56353474 -0.07467453
v 0.00029663 1.47307777 -0.04768794
v 0.00086881 1.45368481 -0.04954386
v -0.01637093 1.45157325 -0.03530859
v -0.01622584 1.47073948 -0.03393116
v 0.07124531 1.49792480 -0.07793976
v 0.09866534 1.49735355 -0.07676472
v 0.09761429 1.48213959 -0.07617785
v 0.07047985 1.48067462 -0.07805808
v -0.00097846 1.61434841 -0.05103028
v -0.00871051 1.61582088 -0.03902008
v 0.00181585 1.63161731 -0.03990280
v 0.00950519 1.62943256 -0.05272112
v 0.09802994 1.49826324 -0.14541936
v 0.09994210 1.49241161 -0.12921205
v 0.09454258 1.51470613 -0.12301561
v 0.09376698 1.52086651 -0.13895181
v 0.06280224 1.38817680 -0.07991430
v 0.08747387 1.39278853 -0.07585692
v 0.08588960 1.37596834 -0.07995878
v 0.06085869 1.37071502 -0.08398129
v 0.07678168 1.64882147 -0.13335823
v 0.07437500 1.66620970 -0.12876676
v 0.09281093 1.67929494 -0.13724880
v 0.09366168 1.66151333 -0.14384158
v 0.03056033 1.59714699 -0.07968149
v 0.02177368 1.60429358 -0.07525167
v 0.02880434 1.61744905 -0.07839204
v 0.03655179 1.60834420 -0.08309101
v 0.10953477 1.52403283 -0.08147629
v 0.08610447 1.52491939 -0.08307311
v 0.09610896 1.53898513 -0.08367547
v 0.11720704 1.53882289 -0.08217880
v 0.07797234 1.51126492 -0.08143795
v 0.10355927 1.50982010 -0.07958028
v 0.01395555 1.60911417 -0.06949344
v 0.00627599 1.61182380 -0.06129729
v 0.01623176 1.62698150 -0.06379984
v 0.02269299 1.62418747 -0.07191394
v -0.04003093 1.51390302 -0.02602787
v -0.04893229 1.51780641 -0.01128979
v 0.03570820 1.36491048 -0.08083141
v 0.01300338 1.35926223 -0.07305813
v 0.01525719 1.37788439 -0.07022661
v 0.03787159 1.38339782 -0.07791744
v -0.02902840 1.48762047 -0.01823164
v -0.03308877 1.50266314 -0.02019142
v -0.02192795 1.50219476 -0.03381266
v -0.01640371 1.48816168 -0.03234554
v -0.00784244 1.35380435 -0.05996960
v -0.02769824 1.34935009 -0.04394251
v -0.02500946 1.36967635 -0.04081178
v -0.00582279 1.37342167 -0.05692936
v 0.00449456 1.65043187 -0.02600278
v -0.00348640 1.65035248 -0.00960325
v -0.02988083 1.54457951 -0.05774048
v -0.02863212 1.52945375 -0.05360373
v -0.03765815 1.52789414 -0.04418090
v -0.03883953 1.54434490 -0.04963045
v 0.06652361 1.59630466 -0.08686212
v 0.05254007 1.60810065 -0.08905061
v 0.05856633 1.62072229 -0.09637763
v 0.07280101 1.60342968 -0.08961621
v 0.08517447 1.35894203 -0.08405490
v 0.06000868 1.35376275 -0.08733071
v -0.00916379 1.33436060 -0.06247764
v -0.02914109 1.32949960 -0.04608880
v 0.14496914 1.59263146 -0.08450960
v 0.14056450 1.58944178 -0.08324568
v 0.12452710 1.59015334 -0.08418472
v 0.12950815 1.59471488 -0.08514261
v -0.06005261 1.54707217 0.00776007
v -0.05683820 1.55563545 -0.00856958
v -0.05695237 1.54013741 -0.01230307
v -0.05661703 1.52796423 0.00176976
v -0.02121861 1.51529455 -0.04950132
v -0.01102154 1.50429881 -0.04655441
v -0.03072897 1.51342952 -0.03872496
v -0.05947226 1.53759515 0.02601453
v -0.05253840 1.51396143 0.01762085
v -0.00998687 1.64835835 0.00700282
v -0.01923722 1.63191748 0.00612669
v -0.00108212 1.66510129 0.00839509
v -0.00845488 1.66203904 0.02473802
v -0.00027120 1.67915034 0.02831816
v 0.00782515 1.68248940 0.01123201
v 0.00639272 1.69622695 0.03250700
v 0.01533412 1.70011687 0.01497211
v 0.02840418 1.72402811 0.02589149
v 0.03045479 1.73348618 0.03020618
v 0.04671819 1.59774506 -0.08501542
v 0.04095118 1.58803654 -0.08286810
v 0.01170526 1.34063256 -0.07571040
v 0.19091690 1.68546927 -0.01998302
v 0.19686577 1.66906202 -0.01386597
v 0.19304797 1.66819644 -0.03370596
v 0.18727905 1.68350291 -0.04024031
v 0.09889194 1.74214172 -0.05546359
v 0.07506409 1.72728240 -0.05499596
v 0.18561336 1.61062717 -0.07545331
v 0.18811186 1.60886145 -0.06802501
v 0.18337718 1.60008800 -0.06961797
v 0.18221922 1.60317934 -0.07481751
v 0.16735794 1.59344041 -0.08231445
v 0.17177488 1.58587980 -0.08250657
v 0.17809035 1.58939159 -0.08535615
v 0.17369930 1.59732747 -0.08269799
v 0.10812093 1.37863481 -0.07002471
v 0.11009647 1.39602947 -0.06527294
v 0.16464247 1.51382089 -0.04314418
v 0.14487517 1.50530553 -0.05821171
v 0.14823712 1.52033174 -0.06403229
v 0.16634110 1.53025115 -0.05058940
v 0.17161173 1.66347671 0.08223897
v 0.17475633 1.64788568 0.08332435
v 0.18248160 1.65206409 0.06394508
v 0.17950858 1.66753876 0.06241510
v 0.18946853 1.69495130 0.01870802
v 0.18241949 1.71179008 0.01386953
v 0.17870641 1.70438731 0.03740223
v 0.18405710 1.69006169 0.03939455
v 0.19374253 1.68428826 0.00052973
v 0.19914763 1.66729534 0.00534521
v 0.13626997 1.54211497 -0.07735817
v 0.13090520 1.52798438 -0.07569665
v 0.14757942 1.56138802 -0.08079314
v 0.13078658 1.55956984 -0.08363849
v 0.13391265 1.56770635 -0.08353145
v 0.15012139 1.56971264 -0.08148667
v 0.09873840 1.75691307 -0.01700187
v 0.11942284 1.76321661 -0.01115696
v 0.12056743 1.75855601 -0.02552256
v 0.15314394 1.74841011 0.03700046
v 0.15755321 1.74299979 0.03752251
v 0.15574406 1.74718213 0.02096890
v 0.15080622 1.75168765 0.02494597
v 0.19209258 1.57974875 0.05765340
v 0.18544610 1.57894778 0.07856604
v 0.18484864 1.55622602 0.07541399
v 0.19065742 1.55637753 0.05220530
v 0.16207269 1.57992518 -0.07851185
v 0.16190588 1.58512425 -0.07924686
v 0.17055279 1.59063113 -0.07671958
v 0.17116708 1.58537149 -0.07507221
v 0.17181195 1.57929993 -0.07327309
v 0.17211124 1.57231438 -0.07037579
v 0.16106203 1.56582296 -0.07627305
v 0.16186208 1.57345450 -0.07792360
v 0.16633539 1.54427481 -0.05699563
v 0.14971122 1.53539145 -0.06746146
v 0.15360035 1.54779637 -0.07112016
v 0.16907535 1.55589223 -0.06327684
v 0.17093582 1.48100770 0.06905659
v 0.17709121 1.47890508 0.04930978
v 0.18327636 1.50401056 0.05015139
v 0.17766963 1.50571084 0.07090592
v 0.10431845 1.59309530 -0.08977558
v 0.08969149 1.59358180 -0.09128144
v 0.09401048 1.58305061 -0.09021880
v 0.11151332 1.58054483 -0.08860482
v 0.18815945 1.59380448 -0.10217126
v 0.18951525 1.58639586 -0.10824592
v 0.18955474 1.58976161 -0.11339307
v 0.18863155 1.59822428 -0.10732986
v 0.13330869 1.55984926 -0.08534463
v 0.11693034 1.56446075 -0.08795187
v 0.12196060 1.54455268 -0.08837351
v 0.13947296 1.54040372 -0.08542018
v 0.12751144 1.74150288 -0.06204303
v 0.09895933 1.73908854 -0.06884874
v 0.12487762 1.74693561 -0.05105936
v 0.15564817 1.57135010 -0.08188654
v 0.16216525 1.55716169 -0.08197796
v 0.17358173 1.55932283 -0.08432259
v 0.16783668 1.57296479 -0.08179870
v 0.10393512 1.50453866 -0.16191663
v 0.10025718 1.52720606 -0.15494043
v 0.15988880 1.51934326 -0.08967684
v 0.17294617 1.51956201 -0.09429826
v 0.16823030 1.53912377 -0.08520047
v 0.15493928 1.53854680 -0.08386758
v 0.16192663 1.49708819 -0.03807642
v 0.14381255 1.49017119 -0.05448673
v 0.14192824 1.38199306 -0.03713116
v 0.12720281 1.38049221 -0.05498103
v 0.12865998 1.39812136 -0.04925543
v 0.14303060 1.40046024 -0.03211309
v 0.10735133 1.36177635 -0.07367831
v 0.13975692 1.36354446 -0.04054337
v 0.12547846 1.36237252 -0.05839204
v 0.10997526 1.77187419 0.01143932
v 0.12178922 1.77277362 0.02445996
v 0.12875244 1.76694703 0.01695076
v 0.11552240 1.76779187 0.00098512
v 0.10968626 1.24812603 -0.10291728
v 0.11095071 1.21527064 -0.10257082
v 0.08200359 1.21213865 -0.11498879
v 0.08196943 1.24509954 -0.11275472
v 0.14082725 1.76104403 0.05415855
v 0.13669290 1.76412392 0.03486900
v 0.12854707 1.77095175 0.04055024
v 0.13222094 1.76827490 0.05786646
v 0.08232829 1.27180099 -0.10817070
v 0.10988499 1.27739096 -0.09933110
v 0.09310290 1.76496029 0.00514721
v 0.09645389 1.76089931 -0.00563911
v 0.07889964 1.75070906 -0.00258007
v 0.07632833 1.75668216 0.00611646
v 0.05921368 1.75074971 0.01129781
v 0.05701508 1.20400929 -0.11791350
v 0.05521297 1.23429918 -0.11510064
v 0.11408675 1.77926683 0.03078955
v 0.12061675 1.77765143 0.04520273
v 0.12337634 1.77695584 0.05982551
v 0.12266605 1.77790999 0.07456800
v 0.10788083 1.34552872 -0.07829018
v 0.08483484 1.34227800 -0.08868439
v 0.16208115 1.10004222 -0.04113712
v 0.16810670 1.09796238 -0.01322999
v 0.15158804 1.07759213 -0.01363332
v 0.14796942 1.07932222 -0.04490452
v 0.15817153 1.11301470 0.05258586
v 0.13800842 1.09749031 0.05126355
v 0.14820410 1.08532834 0.02051985
v 0.16637488 1.10141230 0.01814095
v 0.19182210 1.24097037 0.05676622
v 0.19512187 1.24200773 0.02682558
v 0.18837817 1.26365292 0.02668088
v 0.18575364 1.26322234 0.05590467
v 0.14127515 1.34620690 -0.04498278
v 0.12691879 1.34580815 -0.06340906
v 0.05892004 1.33718777 -0.09149717
v 0.02631321 1.07556987 -0.12373148
v 0.06617659 1.07475471 -0.12228560
v 0.06206013 1.04177356 -0.11757354
v 0.02447143 1.04210591 -0.12098518
v 0.11780241 1.03426313 -0.07318947
v 0.12744935 1.06065798 -0.07480374
v 0.13861234 1.05414844 -0.04241819
v 0.12890205 1.03033400 -0.04034258
v -0.04735972 1.32516444 -0.02897430
v -0.02959921 1.31006801 -0.04772932
v -0.04764038 1.30490446 -0.03016663
v -0.08138190 1.31721592 0.02668910
v -0.07344390 1.31950331 0.00575953
v -0.07474372 1.29813099 0.00703102
v -0.08225499 1.29551530 0.02743027
v -0.05961216 1.18104398 0.02225501
v -0.06387779 1.18123651 0.03696406
v -0.06760481 1.20369291 0.03433923
v -0.06224001 1.20527756 0.01646224
v 0.02906292 1.22443759 -0.11088733
v 0.00530352 1.21582484 -0.09670536
v 0.00799688 1.23966837 -0.09353767
v 0.03077366 1.25067008 -0.10632490
v 0.11759388 1.08799314 0.05201489
v 0.13080695 1.07243752 0.02484161
v -0.01382752 1.04339123 -0.11314186
v -0.01034144 1.07828379 -0.11380357
v -0.04545384 1.04746079 -0.08989607
v -0.05998329 1.05233836 -0.05675754
v -0.05513579 1.08394897 -0.05940703
v -0.03983073 1.08049607 -0.09128384
v -0.02583531 1.10845983 0.04038858
v -0.04359988 1.12876236 0.02600487
v -0.03653431 1.12373471 0.01921913
v -0.01991009 1.10746336 0.03840826
v 0.18611483 1.15219212 0.05509189
v 0.17533113 1.13314462 0.05384610
v 0.18072243 1.12326860 0.02007230
v 0.19228096 1.14616811 0.02322329
v 0.14898242 1.36289561 -0.02020735
v 0.15127802 1.34480655 -0.02429097
v 0.15419129 1.36150575 -0.00017350
v 0.15226372 1.38209879 -0.01764341
v 0.15628174 1.38203442 0.00271820
v 0.18400580 1.51587749 0.00308058
v 0.17523126 1.50588119 -0.01896594
v 0.17890038 1.52385509 -0.02431487
v 0.18857940 1.53626919 -0.00262834
v 0.19089766 1.65831769 0.04410434
v 0.18802901 1.67438447 0.04183270
v 0.12802315 1.03980982 -0.00704361
v 0.11275126 1.05666482 0.03099466
v 0.10854606 1.01932871 0.02130290
v 0.11901377 1.01140010 -0.01069016
v 0.10842228 1.00797307 -0.07154855
v 0.08827159 1.00910378 -0.09584917
v 0.09546192 1.04004717 -0.10103087
v 0.05644466 1.00917852 -0.11225465
v 0.01784112 1.00886202 -0.11740516
v -0.05098648 1.01426899 -0.08545160
v -0.06338379 1.01929855 -0.05234114
v -0.02867203 1.05323684 0.03228145
v -0.04589686 1.05357063 0.00857025
v -0.04470513 1.02599013 0.01142626
v -0.02460327 1.02678359 0.03436308
v -0.04547601 1.17611730 -0.01861975
v -0.03024163 1.19441807 -0.05076459
v -0.03197834 1.17565393 -0.05524822
v -0.04094139 1.16147971 -0.02711489
v -0.07921235 1.33843350 0.02360578
v -0.07325301 1.34089315 0.00639205
v -0.06279700 1.32226110 -0.01132455
v -0.06262398 1.34329164 -0.01004876
v -0.04664515 1.34601533 -0.02706319
v -0.06461221 1.42907023 0.01623142
v -0.05163668 1.42876565 -0.00350996
v -0.05589548 1.40826273 -0.00362700
v -0.06824230 1.40785897 0.01628211
v -0.05866078 1.45074916 0.01662215
v -0.04706204 1.45091879 -0.00315626
v -0.04775660 1.49267483 0.01889643
v -0.04342053 1.50558078 -0.00337235
v -0.03988639 1.48924756 -0.00117416
v -0.01640714 1.64545667 0.02299841
v -0.02495940 1.62960994 0.02211018
v 0.02687807 1.19721770 -0.11579187
v 0.08311926 1.05646300 0.05239291
v 0.05295718 1.05422103 0.05892780
v 0.05723396 1.02582526 0.05602307
v 0.08599804 1.02412772 0.04486305
v 0.05595385 1.26196694 -0.11003484
v 0.03419998 1.34761560 -0.08439425
v 0.03349077 1.33017647 -0.08720712
v 0.03895676 1.50160527 -0.07204723
v 0.04292896 1.47996807 -0.07221366
v -0.05188370 1.56070352 -0.02221540
v -0.05415096 1.54912961 -0.02204641
v 0.10220589 1.07076466 -0.10598971
v -0.05411639 0.98234773 -0.08096078
v -0.05624776 0.95180774 -0.07447988
v -0.06606854 0.95530653 -0.04238758
v -0.06561346 0.98639894 -0.04721932
v 0.00397364 0.99653059 0.04572226
v -0.02086361 0.99716365 0.03379660
v -0.01704744 0.96635950 0.03190543
v 0.00769931 0.96514618 0.04116529
v 0.00894624 0.93353796 0.03729912
v -0.01625320 0.93377757 0.02957978
v -0.01369013 0.90235794 0.02969270
v 0.01046301 0.90268070 0.03540897
v -0.02085793 1.01005518 -0.10915197
v 0.00308037 0.94778985 -0.10758749
v -0.03097293 0.94791776 -0.09891649
v -0.02650997 0.97826153 -0.10425033
v 0.01018385 0.97756535 -0.11225037
v 0.11891049 1.00671303 -0.04324572
v -0.00064402 1.02654791 0.04866656
v -0.00573041 1.05189776 0.04867600
v 0.05742289 0.95892072 0.04010237
v 0.08067699 0.95557165 0.02788289
v 0.08479127 0.98864710 0.03632226
v 0.05874963 0.99209535 0.04874919
v 0.08995558 0.94977325 -0.07152560
v 0.06815816 0.95007461 -0.09074315
v 0.07766461 0.97884059 -0.09334795
v 0.09935205 0.97807026 -0.07146052
v 0.04650119 0.97825241 -0.10723458
v 0.03763148 0.94899726 -0.10301651
v -0.01161272 0.88944703 -0.09685484
v -0.04071350 0.89039052 -0.08431062
v -0.03584157 0.91846734 -0.09231994
v -0.00433924 0.91839325 -0.10225129
v 0.02102267 0.89163262 -0.09620747
v 0.02916000 0.92061639 -0.09926493
v 0.05893149 0.92142409 -0.08877251
v 0.04926938 0.89379984 -0.08779843
v 0.06974657 0.89520049 -0.07107082
v 0.08023483 0.92273438 -0.07133768
v 0.09276649 0.92254448 -0.04861473
v 0.08276124 0.89596432 -0.05089359
v 0.09543305 0.92350584 -0.02397668
v 0.08917318 0.92524785 0.00023184
v 0.08105052 0.89823520 -0.00703543
v 0.08591812 0.89672148 -0.02885205
v 0.05404921 0.89988673 0.02725795
v 0.07071161 0.89856118 0.01321289
v 0.07558249 0.92600667 0.02087460
v 0.05529832 0.92853075 0.03311452
v 0.05329833 0.79505497 -0.00054510
v 0.05703967 0.79637742 -0.01824668
v 0.05999159 0.82162523 -0.00872021
v 0.05352210 0.82082993 0.00923942
v 0.06112520 0.79774147 -0.03502538
v 0.06046684 0.79863614 -0.05283219
v 0.06303011 0.82241857 -0.04478301
v 0.06328569 0.82164365 -0.02628154
v 0.04152726 0.82019347 -0.07542613
v 0.05635503 0.82191581 -0.06162978
v 0.05288294 0.79797792 -0.06923781
v 0.03745236 0.79568148 -0.08130240
v 0.01794900 0.79279798 -0.09239922
v 0.02360716 0.81715351 -0.08979452
v -0.00561196 0.78888816 -0.09129710
v -0.00054475 0.81311285 -0.09316322
v -0.02704305 0.81045908 -0.08019097
v -0.03120375 0.78570765 -0.07772064
v 0.00365100 0.81554794 0.02889781
v 0.00982303 0.78849739 0.02491141
v 0.02939183 0.79172462 0.02388359
v 0.02324473 0.81810969 0.03098383
v -0.03604603 0.81240541 0.00462342
v -0.05828648 0.81280464 -0.01144173
v -0.05088359 0.78499681 -0.00999220
v -0.02808065 0.78430331 0.00441404
v 0.01340393 0.86452657 -0.09340763
v -0.01747492 0.86201185 -0.09043089
v 0.05942347 0.86930299 -0.07118294
v 0.03999636 0.86724430 -0.08700344
v 0.05289346 0.87338507 0.02142959
v 0.06637271 0.87286723 0.00592500
v -0.00995304 0.87233531 0.02996438
v 0.01280422 0.87338322 0.03395779
v -0.06588961 0.83825392 -0.04520137
v -0.06277254 0.86551529 -0.05113766
v -0.04551194 0.86296922 -0.07574752
v -0.05030442 0.83619392 -0.06975198
v 0.00613269 0.83836532 -0.09333660
v 0.03160415 0.84191400 -0.08722845
v 0.04931749 0.84457004 -0.07272761
v 0.06319132 0.84566808 -0.05617239
v 0.06860741 0.84608346 -0.03804398
v 0.06720622 0.84669596 -0.01957533
v 0.06285618 0.84739864 -0.00139718
v 0.05265317 0.84668285 0.01583957
v 0.01764537 0.84515846 0.03304110
v -0.00286532 0.84300232 0.02970186
v -0.06093359 0.78438795 -0.03526405
v -0.06653552 0.81001276 -0.03951697
v -0.05262291 0.80911988 -0.06542881
v -0.05323695 0.78364539 -0.06185884
v -0.05211784 0.76102555 -0.03435763
v -0.04182439 0.76114243 -0.01466816
v 0.06128044 0.77291429 -0.04437553
v 0.05883610 0.77368200 -0.06108830
v 0.05047656 0.77272463 -0.07618451
v 0.01436498 0.76764315 -0.09662417
v -0.01104720 0.76298392 -0.09071867
v -0.03549670 0.75969690 -0.07464296
v -0.05061728 0.76085216 -0.05741513
v 0.03426198 0.73720479 0.00428842
v 0.03171119 0.76583666 0.01257036
v 0.01406523 0.76270205 0.01446601
v 0.01615879 0.73509628 0.00590200
v 0.05873702 0.74121481 -0.01829902
v 0.06623673 0.74366862 -0.03477576
v 0.05733474 0.77094907 -0.02754213
v 0.05140807 0.76969588 -0.01157913
v 0.06732142 0.74492031 -0.05306372
v 0.06170712 0.74524617 -0.07033193
v 0.05128101 0.74518180 -0.08584197
v 0.01043856 0.73958904 -0.10102175
v 0.03469277 0.77061760 -0.08927548
v 0.03389832 0.74347138 -0.09780641
v -0.01846254 0.73392916 -0.09167683
v -0.03974407 0.69827467 -0.06743211
v -0.03965471 0.72918355 -0.06608438
v -0.02259164 0.70343685 -0.09429534
v -0.02684894 0.59958750 -0.04143115
v -0.03098601 0.60133505 -0.06850384
v -0.02448049 0.56669509 -0.06547640
v -0.02073104 0.56473827 -0.04270286
v 0.01950687 0.70516735 0.00217913
v 0.03980828 0.70649344 0.00107066
v 0.06741340 0.71009839 -0.02132871
v 0.07382736 0.71293342 -0.04001261
v 0.00893918 0.67844313 -0.11079028
v 0.00707302 0.70964462 -0.10712978
v 0.03308003 0.71373713 -0.10542159
v 0.03517401 0.68237710 -0.11021541
v 0.03016441 0.60661596 0.00134214
v 0.04965580 0.60710746 -0.00072929
v 0.04910433 0.64111447 0.00182922
v 0.02791253 0.64033037 0.00383907
v 0.08000556 0.68069130 -0.04133949
v 0.07306533 0.67758536 -0.02201618
v 0.07617540 0.64434546 -0.02325115
v 0.08250700 0.64670944 -0.04255270
v 0.01181014 0.60917574 -0.10593370
v 0.01041842 0.64483106 -0.11030006
v 0.03622420 0.64834607 -0.11128457
v 0.03589194 0.61156535 -0.10797274
v -0.03858418 0.66786999 -0.06921731
v -0.02055475 0.67280692 -0.09691222
v -0.01757710 0.64039683 -0.09650141
v -0.03470820 0.63533050 -0.06982240
v -0.03446260 0.66618913 -0.04105799
v -0.03110827 0.63395727 -0.04208643
v 0.04428609 0.53398782 -0.01181226
v 0.04730976 0.57175380 -0.00669571
v 0.03009530 0.56991881 -0.00448641
v 0.02886305 0.53116989 -0.01009874
v 0.08037621 0.61146951 -0.04396968
v 0.07465514 0.60954762 -0.02481115
v 0.06928276 0.57344812 -0.02824056
v 0.07463267 0.57436132 -0.04490000
v 0.01415745 0.53207135 -0.09406437
v 0.01305355 0.57128453 -0.10054894
v 0.03526220 0.57279426 -0.10171069
v 0.03512443 0.53356457 -0.09444478
v -0.01804389 0.52791309 -0.06261338
v -0.01144470 0.56902850 -0.08850904
v -0.00701801 0.52972943 -0.08389108
v -0.01471087 0.49071407 -0.05920893
v -0.01302769 0.48917359 -0.04183552
v -0.01546245 0.52630281 -0.04206396
v 0.02723456 0.49454010 -0.01554044
v 0.04128698 0.49674100 -0.01556033
v 0.05994296 0.49918568 -0.02885878
v 0.06560627 0.50115705 -0.04252389
v 0.06947595 0.53730142 -0.04460451
v 0.06438971 0.53575277 -0.02940812
v 0.06240834 0.53515899 -0.07724369
v 0.06867405 0.53699213 -0.06171853
v 0.06488369 0.50096750 -0.05794960
v 0.05876496 0.49913365 -0.07183087
v 0.03432496 0.49771506 -0.08587047
v 0.05121128 0.53449363 -0.08866529
v 0.04857330 0.49886334 -0.08119735
v 0.01455777 0.49660438 -0.08677053
v -0.00581708 0.49356365 -0.07867938
v 0.06099647 1.08747494 0.05963047
v 0.03351996 1.08470941 0.05737104
v 0.04507632 1.07379508 0.05792564
v 0.07420529 1.08013511 0.05687721
v -0.04215952 0.96313477 0.01320880
v -0.04384602 0.99580866 0.01237953
v -0.03843189 0.90043747 0.01672079
v -0.04165016 0.93063438 0.01402947
v -0.03305409 0.87029362 0.01819991
v -0.02486626 0.84111714 0.01938779
v -0.01540017 0.81254274 0.02046047
v -0.00869231 0.78514868 0.01664967
v -0.00480585 0.75921971 0.00838654
v -0.00421702 0.73118198 0.00136736
v 0.00109247 0.67224556 -0.00405015
v 0.02423557 0.67341411 0.00268145
v -0.00216301 0.70240712 -0.00369019
v 0.00670090 0.60474348 -0.00503274
v 0.00381362 0.63976753 -0.00368445
v 0.00932915 0.56691992 -0.00935910
v 0.01092123 0.52832210 -0.01481118
v 0.01063408 0.49262327 -0.02014880
v -0.05173715 1.10934079 -0.02891273
v -0.04574032 1.10184228 0.00112477
v -0.04481028 1.11944079 -0.00303174
v -0.04805062 1.13091063 -0.03067753
v 0.00173694 1.09737504 0.05223668
v -0.01085179 1.10031509 0.04789843
v -0.00536096 1.10047400 0.04716191
v 0.00788852 1.09764028 0.05289404
v -0.02342125 0.83615160 -0.08502935
v 0.07208574 0.87063986 -0.05360338
v 0.07585865 0.87162441 -0.03356943
v 0.07334737 0.87241805 -0.01358617
v -0.04748328 0.83950639 0.00458049
v -0.05328000 0.86817873 0.00050193
v -0.06506288 0.86771780 -0.02267785
v -0.06258568 0.83954751 -0.01717949
v -0.03617882 0.69407725 -0.03867454
v -0.01833205 0.66872978 -0.02013400
v -0.02162439 0.69781005 -0.01771146
v -0.03942675 0.71956742 -0.03720669
v 0.06625547 0.71616054 -0.07917744
v 0.05348073 0.71607637 -0.09532075
v 0.07886876 0.68350667 -0.06341527
v 0.07168838 0.68513632 -0.08423264
v 0.07214993 0.71522158 -0.05974923
v -0.06000409 0.92677951 -0.00787716
v -0.06604525 0.92487097 -0.03644522
v -0.06504485 0.89564514 -0.02993060
v -0.05753079 0.89738566 -0.00340916
v 0.13132101 1.41632104 -0.04458250
v 0.14581212 1.41874909 -0.02857893
v -0.00038610 1.52704370 -0.06771247
v 0.01652296 1.51582468 -0.06805481
v 0.00180551 1.50845206 -0.05820363
v -0.01106096 1.51956260 -0.05930005
v 0.02835347 1.52545357 -0.07489754
v 0.01043246 1.53598821 -0.07400364
v 0.02260374 1.54702544 -0.07843076
v 0.03972878 1.53683102 -0.07926631
v 0.08334176 1.58857632 -0.08361603
v 0.08898285 1.59443355 -0.08433123
v -0.05388344 1.47154796 0.01731878
v -0.05996382 1.47141719 0.04030342
v -0.05344257 1.49062002 0.04104044
v -0.06339090 1.30097413 -0.01215388
v -0.04309271 1.20897961 -0.02536706
v -0.05347735 1.17914677 0.00505051
v -0.05393146 1.20602596 -0.00344220
v -0.04192354 1.12513936 0.04368840
v 0.17834121 1.47513163 0.02831037
v 0.18398498 1.50020409 0.02798504
v 0.17629229 1.68302119 0.05960397
v 0.16857997 1.67756677 0.08077538
v 0.16743074 1.70848620 0.05824842
v 0.16361554 1.72016597 0.05787232
v 0.15862562 1.71411192 0.07899538
v 0.16164368 1.70253587 0.07914165
v 0.13160723 1.76719081 0.07516102
v 0.13993055 1.75730455 0.07524662
v 0.02240977 1.09619379 0.05705719
v 0.01407534 1.09548414 0.05369247
v 0.03265880 1.09462166 0.05847272
v -0.03091719 1.07632005 0.02886383
v -0.01006290 1.07250023 0.04550295
v -0.01289946 1.08787918 0.04198952
v -0.03230503 1.09397268 0.02517464
v 0.02672444 1.10847139 -0.12396012
v 0.06642979 1.11045086 -0.12453502
v 0.13979793 1.05710769 -0.00821430
v 0.17932153 1.47695398 -0.11690038
v 0.18843991 1.47886753 -0.12709840
v 0.18726079 1.50031638 -0.11510606
v 0.17685467 1.49883687 -0.10489142
v 0.19687064 1.58147669 0.03474335
v 0.19342272 1.55430579 0.02305660
v 0.08021025 1.74480319 -0.01262917
v 0.09737125 1.72866583 -0.09391625
v 0.07340650 1.71531475 -0.09295240
v 0.07396089 1.72083163 -0.08187927
v 0.09834496 1.73460340 -0.08141534
v 0.17692713 1.69519293 -0.06446147
v 0.16476136 1.70874345 -0.07150020
v 0.16851160 1.71356273 -0.05607644
v 0.18031310 1.69852149 -0.04791990
v 0.19564459 1.21953428 0.05772208
v 0.20011185 1.21915483 0.02718930
v 0.15786290 1.40759385 0.04742049
v 0.16090818 1.40625024 0.02679143
v 0.16674338 1.42744863 0.02870043
v 0.16379426 1.42966712 0.04889090
v 0.19627813 1.56894839 0.00167812
v 0.18934439 1.55257535 -0.01598174
v -0.05812422 1.56128752 0.02595710
v -0.05119182 1.58025384 0.02378967
v -0.04776389 1.58406091 0.00628983
v -0.05595573 1.56697822 0.00786172
v 0.19395487 1.54045630 -0.12769079
v 0.19148110 1.55601084 -0.10900213
v 0.18799683 1.54697478 -0.10112576
v 0.19215518 1.52787793 -0.11545540
v 0.10708775 1.10974073 -0.10698131
v 0.13652059 1.08676541 -0.07435937
v 0.12008166 1.44939625 -0.06296672
v 0.14172508 1.45337915 -0.04803787
v 0.13692705 1.43437159 -0.04478400
v 0.11641994 1.43056703 -0.05917943
v 0.12275530 1.49999094 -0.06973256
v 0.12186934 1.48497415 -0.06734537
v 0.12663946 1.51320207 -0.07402581
v 0.16238257 1.59409225 -0.07978359
v 0.15329240 1.59049749 -0.08102477
v 0.15726294 1.59197879 -0.08228239
v -0.04625157 1.07970309 0.00469007
v -0.04426740 1.14362645 -0.00331642
v -0.04813226 1.15161967 0.00442880
v 0.01368327 1.09670138 0.05582178
v 0.07219387 1.76481295 0.01287018
v 0.05587160 1.76012206 0.01532312
v 0.14148156 1.57261336 -0.08412318
v 0.14855789 1.55715752 -0.08291340
v 0.13544512 1.57487273 -0.08357592
v 0.11863013 1.57710886 -0.08340999
v 0.12140739 1.58297372 -0.08345018
v 0.13751620 1.58108902 -0.08319354
v 0.15137857 1.58229995 -0.08163618
v 0.15027788 1.57585168 -0.08183518
v 0.03010954 1.63885736 -0.07574528
v 0.02475108 1.64380646 -0.06686814
v 0.03368129 1.66035020 -0.06932598
v 0.03820042 1.65544021 -0.07938518
v 0.01953778 1.64648533 -0.05512122
v 0.01244925 1.64885199 -0.04130070
v 0.02338528 1.66788697 -0.04344264
v 0.02950556 1.66467357 -0.05736826
v 0.05598357 1.72809649 -0.01555872
v 0.03588913 1.72134686 0.00053548
v 0.02186644 1.71454835 0.01984565
v 0.01179117 1.70974040 0.03640832
v 0.14679439 1.74682403 0.07505125
v 0.15122433 1.73553991 0.07627463
v 0.15559047 1.73993397 0.05501234
v 0.14984694 1.75133526 0.05044951
v 0.04311380 1.74647892 0.01994849
v 0.02831475 1.74336314 0.03140603
v 0.01864883 1.73030198 0.04197067
v 0.11596979 1.50899267 -0.17535301
v 0.11277638 1.53162777 -0.16848919
v 0.10284050 1.77765441 0.01946696
v 0.08786508 1.77164280 0.01334503
v 0.12968701 1.53414404 -0.17738265
v 0.13239986 1.51082897 -0.18419211
v 0.05599929 1.70492756 -0.06583816
v 0.07471631 1.72425854 -0.06930891
v 0.05691129 1.70152402 -0.07797946
v 0.03949477 1.75611711 0.02135492
v 0.02473735 1.75344932 0.03146517
v 0.06318469 1.14073348 -0.12381412
v 0.02774936 1.13678896 -0.12162347
v 0.04011697 1.40179896 -0.07418202
v 0.06489041 1.40584242 -0.07619552
v -0.07234448 1.42907441 0.03808209
v -0.07631908 1.40773559 0.03809165
v 0.00730238 1.76111734 0.05159225
v -0.07282311 1.36380720 0.01118190
v -0.07949270 1.36030948 0.03235324
v -0.07829282 1.38517821 0.03623090
v -0.07089238 1.38646412 0.01474196
v -0.08148657 1.33594251 0.03776658
v -0.08241951 1.32534635 0.03812438
v -0.05620873 1.16286051 0.02672422
v -0.06021828 1.16302621 0.03878401
v 0.08100724 1.58241177 -0.12671392
v 0.07694098 1.60100353 -0.12464131
v 0.08292422 1.61267495 -0.13845718
v 0.08773933 1.59246135 -0.14163846
v -0.06085009 1.36584985 -0.00702455
v -0.04397639 1.36741233 -0.02446112
v 0.06080743 1.58769512 -0.08428358
v 0.07787435 1.58106697 -0.08295093
v -0.05457829 1.51099741 0.04123807
v -0.05169829 1.57172704 -0.00837184
v -0.04331804 1.58644319 -0.00943384
v -0.03748561 1.58785963 -0.02377202
v -0.04644589 1.57451010 -0.02252952
v 0.02454188 1.09745646 0.05862416
v 0.17755999 1.61415315 -0.14034034
v 0.17924838 1.62581122 -0.13373181
v 0.18393676 1.61842680 -0.12732147
v 0.18237321 1.60734034 -0.13466902
v 0.01603018 1.07066154 0.05502689
v 0.02301867 1.05194187 0.05607911
v 0.09553201 1.08463371 0.05378737
v 0.07839295 1.08962214 0.06250703
v -0.05974009 1.02204287 -0.01765784
v -0.05852541 1.05409908 -0.02230803
v -0.06016713 0.99040985 -0.01460469
v -0.06034213 0.95758712 -0.01171853
v -0.02285889 0.75798613 -0.00324790
v -0.02654521 0.72856861 -0.01355653
v -0.01492855 0.63648778 -0.02167994
v -0.01073227 0.60205227 -0.02298386
v -0.00707254 0.56488657 -0.02488088
v -0.00338155 0.52650726 -0.02733487
v -0.00349763 0.49029422 -0.02927158
v 0.15029554 1.50923967 -0.18712796
v 0.14969830 1.53412282 -0.18002799
v 0.16661055 1.52868855 -0.17633402
v 0.16680986 1.50424302 -0.18531613
v 0.14479147 1.52070868 -0.08965106
v 0.12765750 1.52351975 -0.09216672
v 0.13267675 1.50243974 -0.09832212
v 0.14910157 1.50058782 -0.09739171
v 0.15359356 1.47918057 -0.10571891
v 0.16762854 1.47751367 -0.10960297
v 0.16354443 1.49940085 -0.09906055
v 0.19313757 1.48305809 -0.14016095
v 0.19353904 1.48855543 -0.15438560
v 0.19390650 1.51295173 -0.14240897
v 0.19327919 1.50463939 -0.12835053
v 0.18044855 1.49894214 -0.17890042
v 0.18003808 1.52273393 -0.16921097
v 0.18941346 1.51762199 -0.15785860
v 0.19004734 1.49359858 -0.16794856
v 0.10867941 1.48753798 -0.11618187
v 0.12233226 1.48402953 -0.10842758
v 0.11619480 1.50548220 -0.10193753
v 0.10295185 1.50933516 -0.11027238
v 0.09720756 1.62228167 -0.15181966
v 0.10162076 1.60050750 -0.15475422
v 0.07813974 1.60833430 -0.09165657
v 0.06722991 1.61641562 -0.09842503
v 0.07158523 1.60765612 -0.09842929
v 0.08426596 1.60447574 -0.09187125
v 0.09636195 1.54987001 -0.14851373
v 0.09178630 1.57153869 -0.14450768
v 0.10495237 1.57772517 -0.15811780
v 0.10911983 1.55466652 -0.16232499
v 0.09685911 1.53089333 -0.10374616
v 0.11008711 1.52672815 -0.09598441
v 0.10429420 1.54826808 -0.09184711
v 0.09039119 1.55148268 -0.09898394
v 0.18448304 1.52201140 -0.10280894
v 0.17938082 1.54202878 -0.09140739
v 0.07529971 1.59012306 -0.10933639
v 0.08004044 1.57343602 -0.11036390
v 0.05495679 1.57870901 -0.08330505
v 0.11082821 1.56118703 -0.08377095
v 0.11547080 1.56977832 -0.08371082
v -0.01919712 1.53270304 -0.06155055
v -0.02045492 1.54532623 -0.06414150
v 0.06153319 1.52949166 -0.08217101
v 0.07334094 1.54267824 -0.08317314
v -0.00951046 1.53799784 -0.06830183
v -0.01208314 1.54582059 -0.06832424
v -0.03098958 1.46991420 -0.01936391
v 0.01708348 1.72021997 0.04053718
v 0.08536936 1.56308639 -0.12888986
v 0.08500902 1.55654240 -0.11245231
v 0.18722956 1.56911814 -0.09740357
v 0.18283018 1.58051264 -0.08950961
v 0.17706358 1.57632947 -0.08484107
v 0.18236162 1.56324530 -0.09056057
v 0.19730327 1.59024644 -0.03074037
v 0.19731343 1.58036089 -0.01545500
v 0.18961938 1.56598151 -0.02891581
v 0.19051683 1.57750285 -0.04206187
v 0.16437088 1.61890352 -0.15185626
v 0.15370931 1.61640477 -0.15823734
v 0.15276986 1.63496625 -0.15290156
v 0.16446592 1.63375604 -0.14617775
v 0.13700782 1.63429523 -0.15825906
v 0.13865548 1.61308169 -0.16313905
v 0.12033764 1.60710609 -0.16298331
v 0.11755542 1.62969685 -0.15916234
v 0.11589086 1.18483353 -0.10121459
v 0.08854845 1.17788959 -0.11338912
v 0.01111436 1.32267904 -0.07801749
v -0.00970075 1.31569457 -0.06442897
v -0.02855659 1.21766531 -0.05103161
v -0.03547629 1.11644197 0.01945968
v -0.01730446 1.10324478 0.03868796
v 0.02789995 1.02613425 0.05505703
v 0.05611753 1.17354953 -0.12329151
v 0.03079735 0.99465996 0.05058767
v 0.03245661 0.96247292 0.04404264
v 0.09670998 0.95273560 0.00672589
v 0.10410519 0.95064741 -0.01957143
v 0.11178222 0.98037076 -0.01502462
v 0.10332994 0.98412728 0.01358671
v 0.10182402 0.94954032 -0.04670482
v 0.11072686 0.97790945 -0.04505318
v -0.05973463 0.89326996 -0.05926238
v 0.08162919 0.64879763 -0.06458618
v 0.07115785 0.61261350 -0.08428086
v 0.07380839 0.65029311 -0.08557804
v 0.07897300 0.61214101 -0.06465526
v 0.05817994 0.65029782 -0.10183083
v 0.05648307 0.68473464 -0.10055780
v -0.01503280 0.60601735 -0.09307405
v 0.07396583 0.57478911 -0.06415698
v 0.06668615 0.57403135 -0.08162342
v 0.05622140 0.61285537 -0.09956749
v 0.05333499 0.57388085 -0.09483965
v 0.00862079 1.08403170 0.05246504
v -0.00801789 1.11028171 -0.11173646
v -0.00488601 1.13904583 -0.10884933
v -0.03727228 1.15821457 -0.05800262
v -0.04430403 1.14772904 -0.03059404
v -0.02197284 1.38912201 -0.03807119
v -0.00303042 1.39245594 -0.05406580
v 0.00065771 1.43294144 -0.05015969
v 0.02030706 1.43633986 -0.06376429
v 0.01930145 1.41622066 -0.06453811
v -0.00093931 1.41242242 -0.05163367
v 0.06944792 1.44263327 -0.07501863
v 0.09543319 1.44566035 -0.07201467
v 0.09277086 1.42698526 -0.06993046
v 0.06751888 1.42363703 -0.07410379
v 0.08982041 1.40895510 -0.07150085
v 0.11249749 1.41288495 -0.06046456
v 0.16989626 1.44672823 0.00848398
v 0.16294177 1.44276249 -0.01069980
v 0.16872214 1.46461177 -0.01213955
v 0.17520437 1.47020197 0.00769797
v -0.05264008 1.15948033 0.01600078
v -0.00098612 1.09747326 0.04834097
v -0.05541417 1.08351421 -0.02619557
v -0.04965381 1.11241567 -0.06074226
v -0.03468249 1.11130643 -0.09062682
v 0.12711741 1.57597458 -0.08681113
v 0.18979293 1.60639930 -0.06055093
v 0.18546486 1.59566736 -0.06406915
v 0.14283137 1.58969116 -0.16705753
v 0.12387235 1.58368075 -0.16661131
v 0.08505744 1.56905901 -0.09682794
v 0.07905784 1.63083327 -0.13561256
v 0.07186607 1.61798406 -0.12206016
v 0.06740809 1.63402057 -0.12045722
v -0.01374258 1.20449924 -0.07670283
v 0.00059988 1.18964887 -0.10282449
v -0.01842893 1.18314397 -0.08085914
v 0.06201381 1.09245157 0.06284519
v -0.04522329 1.13272798 -0.00468567
v 0.03269463 0.93131709 0.03891751
v 0.03308180 0.90150934 0.03514921
v 0.03459731 0.87364298 0.03124581
v 0.03743712 0.84644800 0.02799445
v 0.04103282 0.81971055 0.02373325
v 0.04369195 0.79377073 0.01490360
v 0.04410954 0.76832592 0.00394237
v 0.04855216 0.73943073 -0.00429772
v 0.04490695 0.67426389 0.00144680
v 0.06155281 0.67590827 -0.00757518
v 0.05581220 0.70847178 -0.00740718
v 0.06492263 0.64218706 -0.00809783
v 0.06470828 0.60821354 -0.01025011
v 0.05991350 0.57250327 -0.01540035
v 0.05570177 0.53550911 -0.01891219
v 0.05169551 0.49887002 -0.02042387
v 0.03344688 1.09587455 0.05936200
v 0.04718974 1.09471035 0.06112352
v 0.05527418 1.70759022 -0.05032230
v 0.10108568 1.58262312 -0.08296219
v 0.10527799 1.58781302 -0.08319455
v 0.08010504 1.58427775 -0.09601714
v 0.18083413 1.54437327 -0.15926252
v 0.16867048 1.55216575 -0.16701642
v 0.09914764 1.56773484 -0.09011541
v 0.09182420 1.60234833 -0.08620408
v 0.09707692 1.60415745 -0.08850817
v 0.06526838 1.35069060 -0.20815277
v 0.07548110 1.34553456 -0.21815704
v 0.06207217 1.32966089 -0.21469562
v 0.05332766 1.33454490 -0.20442741
v 0.06014891 1.35281503 -0.19441500
v 0.05007164 1.33625603 -0.19151917
v 0.09584101 1.32395542 -0.14708532
v 0.08442555 1.33413410 -0.14950554
v 0.07490020 1.31702173 -0.15291165
v 0.08570807 1.30725837 -0.15119880
v 0.04146950 1.31907082 -0.17657551
v 0.04731483 1.31535602 -0.16666707
v 0.05665923 1.33182192 -0.16655131
v 0.05125300 1.33522975 -0.17835394
v 0.11722057 1.30912697 -0.16370451
v 0.12266250 1.30819941 -0.17760547
v 0.13561220 1.32267094 -0.17190248
v 0.12861596 1.32418776 -0.15791675
v 0.12726481 1.39554822 -0.13942932
v 0.13938297 1.38585377 -0.13593929
v 0.14040208 1.39979124 -0.13489299
v 0.12793110 1.40803254 -0.14000985
v 0.08994092 1.38320851 -0.21395744
v 0.10298662 1.37791073 -0.22229104
v 0.08931871 1.36173975 -0.22074710
v 0.07740287 1.36715877 -0.21110295
v 0.08391927 1.38364267 -0.16836771
v 0.09246074 1.37798238 -0.15542613
v 0.10162689 1.39524651 -0.15653408
v 0.09351347 1.40065193 -0.17034233
v 0.10320212 1.39904106 -0.21622591
v 0.11765771 1.39347076 -0.22178997
v 0.06524374 1.34895241 -0.16682678
v 0.07418288 1.34273076 -0.15646094
v 0.08294074 1.36030328 -0.15545131
v 0.07420777 1.36641407 -0.16726853
v 0.09152637 1.28093541 -0.17325939
v 0.09491925 1.28038311 -0.18592879
v 0.10883804 1.29391801 -0.18213814
v 0.10463847 1.29451108 -0.16884470
v 0.05552946 1.30901086 -0.15993579
v 0.06476872 1.30092645 -0.15599987
v 0.06517799 1.32550168 -0.15813754
v 0.06980680 1.30054808 -0.22007413
v 0.05885283 1.30764115 -0.21740593
v 0.07374246 1.32328820 -0.22070105
v 0.08570062 1.31550050 -0.22217114
v 0.11408405 1.35994971 -0.14037910
v 0.10272278 1.36966872 -0.14565794
v 0.09346010 1.35180283 -0.14696752
v 0.10518499 1.34157991 -0.14342318
v 0.08134447 1.38669157 -0.20010909
v 0.07062866 1.36993921 -0.19719656
v 0.10090585 1.33092976 -0.22296314
v 0.08840735 1.33877063 -0.22323795
v 0.10306548 1.35468602 -0.22429676
v 0.11659347 1.34617627 -0.22297408
v 0.14390071 1.35177207 -0.21158911
v 0.14989285 1.34543383 -0.19666220
v 0.13505368 1.33047748 -0.20235489
v 0.12828009 1.33722043 -0.21524854
v 0.12242921 1.37897229 -0.13937299
v 0.13486861 1.36829567 -0.13770628
v 0.13907926 1.34097087 -0.15136294
v 0.14763428 1.33853590 -0.16523576
v 0.15794669 1.35524654 -0.15849477
v 0.14778771 1.35864842 -0.14468382
v 0.10380884 1.43200302 -0.19146594
v 0.11209323 1.43210065 -0.20573518
v 0.10362281 1.41903627 -0.20471466
v 0.09769605 1.41959071 -0.18888226
v 0.11683445 1.41424811 -0.21621256
v 0.12782191 1.42801452 -0.21493344
v 0.15759282 1.44610083 -0.20718388
v 0.17105384 1.43932867 -0.20200783
v 0.16595435 1.42913425 -0.20644857
v 0.15098993 1.43484986 -0.21104591
v 0.17466836 1.38026786 -0.20008540
v 0.17881908 1.37590206 -0.18294278
v 0.16424088 1.36033797 -0.19033836
v 0.15944119 1.36574030 -0.20661579
v 0.18374221 1.38617897 -0.15751696
v 0.17124341 1.38519466 -0.14425296
v 0.16656442 1.37110710 -0.15099555
v 0.17561312 1.37230265 -0.16603380
v 0.17567784 1.44008291 -0.12850137
v 0.16349721 1.44121790 -0.12170525
v 0.16557874 1.42602003 -0.12870307
v 0.17774117 1.42386723 -0.13658996
v 0.13551977 1.43681836 -0.12667829
v 0.13303500 1.44844222 -0.12144491
v 0.11989519 1.45259464 -0.12837170
v 0.12256064 1.44201684 -0.13346891
v 0.11973894 1.47177315 -0.18897460
v 0.13628688 1.47294247 -0.19893365
v 0.13253850 1.46551013 -0.20254177
v 0.11760727 1.46471417 -0.19165798
v 0.18733861 1.39396524 -0.19299079
v 0.19265778 1.39141595 -0.17420243
v 0.13637945 1.42562068 -0.13078333
v 0.12349689 1.43181658 -0.13714893
v 0.12542503 1.41977108 -0.13935478
v 0.13852660 1.41253865 -0.13385715
v 0.11075860 1.44588065 -0.16131209
v 0.10828048 1.45104611 -0.17721571
v 0.10532695 1.44052696 -0.17670712
v 0.10939516 1.43371034 -0.16174483
v 0.11314817 1.45645285 -0.19318210
v 0.12564938 1.45696592 -0.20498902
v 0.11907260 1.44454491 -0.20653416
v 0.10771427 1.44414496 -0.19297154
v 0.19481879 1.40366626 -0.18796973
v 0.18519634 1.41029429 -0.19881852
v 0.19025393 1.41768622 -0.19211411
v 0.19730709 1.41134572 -0.18126562
v 0.18418188 1.39838386 -0.14950497
v 0.17102620 1.39848793 -0.13887973
v 0.11041360 1.42093551 -0.16042157
v 0.11768501 1.41450930 -0.14861324
v 0.11529483 1.42647910 -0.14892285
v 0.13549972 1.44046068 -0.21280809
v 0.18519633 1.43960834 -0.13759352
v 0.19251849 1.44092453 -0.14769913
v 0.19028768 1.45752800 -0.13856953
v 0.18281139 1.45575356 -0.12837826
v 0.17246544 1.45586383 -0.12026761
v 0.15947980 1.45713544 -0.11462735
v 0.12845515 1.46359205 -0.11543335
v 0.11520435 1.46753049 -0.12282206
v 0.10632038 1.47197771 -0.13511071
v 0.10316157 1.47718966 -0.15037005
v 0.10789125 1.46170664 -0.15554224
v 0.11136515 1.45702660 -0.14049031
v 0.11839613 1.48789406 -0.18181874
v 0.13475142 1.48978662 -0.19153972
v 0.15206105 1.47013521 -0.20121609
v 0.15180776 1.48646021 -0.19501258
v 0.15207911 1.41803014 -0.12935971
v 0.15072617 1.43101799 -0.12501489
v 0.11273612 1.32242763 -0.21776880
v 0.11995013 1.31594157 -0.20600651
v 0.10435127 1.30177796 -0.20827340
v 0.09673338 1.30779386 -0.21834852
v 0.09357469 1.28350472 -0.19809832
v 0.10840146 1.29703522 -0.19547260
v 0.06039299 1.35227394 -0.18011995
v 0.06968771 1.36950088 -0.18182486
v 0.03927023 1.32058954 -0.18852450
v 0.10416622 1.42753649 -0.17464355
v 0.10119031 1.41561675 -0.17254449
v 0.18330139 1.43244731 -0.19498937
v 0.17558150 1.44886792 -0.19765852
v 0.18633735 1.44200802 -0.18998389
v 0.17621268 1.40163386 -0.20564301
v 0.16264282 1.38971877 -0.21246772
v 0.14716612 1.40021086 -0.21702684
v 0.16222137 1.41460860 -0.21108940
v 0.19627261 1.41851449 -0.17458518
v 0.19192867 1.42502761 -0.18583834
v 0.19253056 1.43551755 -0.17984767
v 0.19548081 1.42992282 -0.16802381
v 0.11008210 1.46650648 -0.17275061
v 0.11063087 1.45914221 -0.17516290
v 0.18063302 1.47628772 -0.18699522
v 0.17852201 1.46085393 -0.19270788
v 0.16630763 1.46561158 -0.19859613
v 0.16744886 1.48065662 -0.19320092
v 0.16297524 1.45500052 -0.20303908
v 0.18984891 1.47190166 -0.17679997
v 0.18842240 1.45558143 -0.18426408
v 0.10700172 1.48305249 -0.16721585
v 0.19545703 1.44539070 -0.16023047
v 0.19345801 1.45021105 -0.17288770
v 0.19393981 1.46690679 -0.16447623
v 0.19414242 1.46193635 -0.15108402
v 0.12319936 1.31119204 -0.19193076
v 0.13716464 1.32570696 -0.18716682
v 0.15609083 1.38989401 -0.13589795
v 0.15400665 1.37551451 -0.13928667
v 0.15455638 1.40380907 -0.13289137
v 0.10768186 1.31422603 -0.15210298
v 0.09673147 1.29890382 -0.15737392
v 0.12691312 1.34907436 -0.14171965
v 0.11772974 1.33110023 -0.14655390
v 0.13182987 1.36123455 -0.22038643
v 0.19061428 1.41087103 -0.15292013
v 0.18044245 1.40983605 -0.14307265
v 0.19442941 1.40111423 -0.16104883
v 0.14360034 1.46009767 -0.11275987
v 0.14856866 1.44429851 -0.11908697
v 0.19827685 1.40043139 -0.17766021
v 0.13772337 1.48149228 -0.10447444
v 0.14427210 1.42228901 -0.21529274
v 0.14241149 1.45272863 -0.20936812
v 0.14861646 1.46115100 -0.20555091
v 0.04870237 1.31444442 -0.21091050
v 0.07943220 1.38664746 -0.18367936
v 0.10870071 1.40976191 -0.15893681
v 0.11738528 1.40315354 -0.14745633
v 0.19636840 1.41341305 -0.16331574
v 0.19410667 1.42548656 -0.15603675
v 0.18694444 1.42368722 -0.14599617
v 0.11066498 1.45270455 -0.15862276
v 0.11387947 1.44717932 -0.14470552
v 0.08462258 1.28470683 -0.16233155
v 0.11394267 1.43887842 -0.14736018
v 0.13174196 1.40822744 -0.21882637
v 0.16507080 1.68995941 0.07998425
v 0.05094909 1.51621020 -0.07913347
v -0.00204730 1.49163604 -0.04564690
v 0.01560731 1.49549568 -0.05823766
v 0.09063187 1.56554031 -0.08303110
v 0.09626536 1.57521951 -0.08299674
v 0.10778892 1.59410954 -0.08511648
v 0.11290954 1.59912133 -0.08618690
v 0.05140577 1.54879916 -0.08162342
v 0.06706892 1.92576003 -0.01549080
v 0.07065739 1.91909361 -0.01301529
v 0.06431071 1.93842280 -0.01877667
v -0.08059524 1.34794199 0.04128438
v 0.06144306 1.91054094 -0.01509027
v 0.06426002 1.90226662 -0.01194330
v 0.06345657 1.90566611 -0.01759213
v 0.05942630 1.91137803 -0.01496024
v 0.05860919 1.91233933 -0.01539962
v 0.05475589 1.93817842 -0.02263567
v 0.07279986 1.91096997 -0.01055237
v 0.07291608 1.90110838 -0.00779966
v 0.05239896 1.92401016 -0.02048085
v 0.15722947 1.33882082 0.03774650
v 0.15394261 1.33818626 0.06135924
v 0.16210181 1.32024419 0.05976680
v 0.16345368 1.32077527 0.03438438
v 0.17065105 1.30186892 0.05850355
v 0.15619312 1.27260220 -0.06444536
v 0.13531061 1.27540779 -0.08401118
v 0.13314447 1.29686129 -0.07837436
v 0.15268636 1.29428947 -0.05975163
v 0.10897531 1.31354713 -0.08696884
v 0.13028295 1.31500947 -0.07236728
v 0.10910685 1.29736698 -0.09312576
v 0.08272003 1.29277790 -0.10252719
v 0.08358148 1.31042564 -0.09625186
v 0.05661360 1.28428113 -0.10455151
v 0.05728339 1.30326283 -0.09828708
v 0.03221546 1.27399945 -0.10019863
v 0.00994865 1.26286697 -0.08923377
v -0.01136848 1.22850895 -0.07388856
v -0.02873401 1.24400914 -0.05028345
v -0.01063523 1.25254929 -0.07166721
v -0.05657052 1.23327267 -0.00757201
v -0.04381609 1.23708665 -0.02804666
v -0.07305899 1.22855747 0.03151931
v -0.06618443 1.23011971 0.01251545
v 0.03746323 1.68839037 -0.04562971
v 0.13809614 1.75676370 -0.01107433
v 0.14134055 1.75149572 -0.02363929
v 0.12208529 1.75337064 -0.03880125
v 0.18423523 1.70117140 -0.02785813
v 0.17355210 1.71655548 -0.03694077
v 0.18059550 1.71590781 -0.01281306
v 0.18801300 1.70081770 -0.00597985
v 0.14922377 1.75186563 0.00458622
v 0.14635493 1.75434256 0.01249057
v 0.15396290 1.74706089 -0.00432369
v 0.16275758 1.73550606 0.03594110
v 0.16174042 1.74153018 0.01615379
v 0.12415965 1.72958183 -0.08725210
v 0.14738633 1.72142673 -0.07896116
v 0.14417733 1.71567285 -0.09155418
v 0.12181015 1.72279716 -0.10090850
v 0.18523251 1.68076193 -0.05748048
v 0.19075139 1.66685498 -0.05106057
v 0.18900186 1.66522491 -0.06503008
v 0.18284611 1.67832386 -0.07122427
v 0.11542566 1.68750203 -0.13804512
v 0.13703847 1.68778038 -0.13096909
v 0.13627277 1.67187405 -0.14270820
v 0.11557171 1.66964018 -0.14718010
v 0.17358063 1.69159997 -0.07779180
v 0.20061906 1.58901405 0.01514298
v 0.20207144 1.59691334 -0.00392850
v 0.20214675 1.60383391 -0.02141009
v 0.19287188 1.61707890 -0.05749493
v 0.19530220 1.61435187 -0.04888136
v 0.19245838 1.60164726 -0.05292341
v 0.19092138 1.61875856 -0.06583185
v 0.18830709 1.61833322 -0.07580803
v 0.06590010 1.61968088 -0.10844563
v 0.06027166 1.63133550 -0.10668270
v 0.06382138 1.64916873 -0.11737524
v 0.18252754 1.60911918 -0.08941229
v 0.18284436 1.61386466 -0.08231245
v 0.18033041 1.60864830 -0.08057706
v 0.18065642 1.60509348 -0.08712788
v 0.12621005 1.73558605 -0.07423054
v 0.15342009 1.66813374 -0.13539864
v 0.15380411 1.68168914 -0.12280358
v 0.16649190 1.67177665 -0.11715895
v 0.16543612 1.66070616 -0.12948070
v 0.17511268 1.65372109 -0.12231635
v 0.17634077 1.66303372 -0.11025135
v 0.18311103 1.65402269 -0.10358703
v 0.18152817 1.64648139 -0.11497734
v 0.18444127 1.61408579 -0.09239097
v 0.18494372 1.61917758 -0.08439511
v 0.09466113 1.64184415 -0.14846222
v 0.09313328 1.71173596 -0.11767413
v 0.07058302 1.69752657 -0.11370040
v 0.07093577 1.70852721 -0.10383128
v 0.09490404 1.72170770 -0.10583322
v 0.13530579 1.58617425 -0.08554044
v 0.11993408 1.58989239 -0.08798067
v 0.14961663 1.58330822 -0.08274195
v 0.17097314 1.59850073 -0.07955380
v 0.16228122 1.58346725 -0.08169311
v 0.07614261 1.59737980 -0.09680642
v 0.07143947 1.60567820 -0.10898004
v 0.05842132 1.67674935 -0.10552199
v 0.05688033 1.68789911 -0.09748574
v 0.11586535 1.65015900 -0.15420343
v 0.13622215 1.65327895 -0.15191172
v 0.18562925 1.60111403 -0.09567809
v 0.18393938 1.59702682 -0.09207468
v 0.18747737 1.58934879 -0.09800592
v 0.17686547 1.59664202 -0.07546256
v 0.17732726 1.60379088 -0.07963404
v 0.11965086 1.71421814 -0.11401419
v 0.15318257 1.65209746 -0.14537899
v 0.16521794 1.64769077 -0.13850148
v 0.17824532 1.66985083 -0.09763901
v 0.16837925 1.68049836 -0.10373180
v 0.17097768 1.68672085 -0.09060027
v 0.18054439 1.67467034 -0.08458279
v 0.18073787 1.63729835 -0.12462696
v 0.18523808 1.62854815 -0.11872001
v 0.18662876 1.66281080 -0.07881992
v 0.18454933 1.65925276 -0.09145436
v 0.18690921 1.60624933 -0.09992619
v 0.05687690 1.69637716 -0.08854531
v 0.04741383 1.67513394 -0.08339556
v 0.04462395 1.68064892 -0.07286403
v 0.05123521 1.65605712 -0.09839003
v 0.04920035 1.66708863 -0.09108801
v 0.05496604 1.64279604 -0.10379681
v 0.04123038 1.68453503 -0.06133406
v 0.19835873 1.40460157 -0.17052445
v 0.18555747 1.58508492 -0.09431671
v 0.18880188 1.57577586 -0.10227340
v 0.18957601 1.58168507 -0.10510248
v 0.18939985 1.54085016 -0.14649589
v -0.05510382 1.82288778 0.03275992
v -0.05926888 1.82775474 0.03213381
v -0.06539212 1.84737563 0.03051585
v -0.06551132 1.85121286 0.03042612
v 0.17943193 1.42412400 -0.20055164
v 0.17642033 1.41650438 -0.20450947
v 0.14728646 1.37583959 -0.21724381
v 0.11784731 1.37051010 -0.22355424
v 0.13262750 1.38562417 -0.22085752
v 0.09279089 1.40319443 -0.20327331
v 0.08949892 1.40395141 -0.18647376
v 0.11178710 1.38762045 -0.14582865
v 0.16386385 1.35678232 -0.17379192
v 0.01524417 1.29006660 -0.19329312
v 0.02048106 1.28554177 -0.20352827
v 0.00518076 1.27128136 -0.20011656
v 0.00201417 1.27531147 -0.18923414
v -0.01125466 1.26021600 -0.18577723
v -0.00799905 1.25982046 -0.17526658
v 0.00367708 1.27526546 -0.17845261
v -0.00086747 1.25686598 -0.16838405
v 0.00976742 1.27239323 -0.17053571
v 0.00805969 1.25248313 -0.16487490
v 0.01547207 1.24673605 -0.16403626
v 0.02507911 1.26170468 -0.16318494
v 0.01770584 1.26765990 -0.16565472
v 0.04343988 1.27035534 -0.16121212
v 0.03268055 1.25514245 -0.16377167
v 0.04031805 1.24871790 -0.16768503
v 0.05219651 1.26278567 -0.16335781
v 0.03684704 1.22758210 -0.18633515
v 0.03584046 1.22791791 -0.19506232
v 0.05025963 1.24062991 -0.19379228
v 0.05082111 1.24027801 -0.18373655
v 0.05585585 1.26034772 -0.21000876
v 0.06193883 1.25658202 -0.20159265
v 0.04615728 1.24334311 -0.20303552
v 0.03998543 1.24704385 -0.21101680
v 0.02591477 1.23398423 -0.21278785
v 0.01618237 1.23895001 -0.21480311
v 0.03163199 1.25176036 -0.21474721
v 0.04162134 1.31909585 -0.20095766
v 0.02838115 1.30438161 -0.19724666
v 0.02757634 1.30539727 -0.18513191
v 0.02736221 1.28357458 -0.16585694
v 0.03764702 1.29946029 -0.16643889
v 0.03126464 1.30375922 -0.17443615
v 0.02050195 1.28806305 -0.17252956
v 0.07501246 1.29180920 -0.15576796
v 0.05445812 1.28558505 -0.15904857
v 0.06380545 1.27727044 -0.15974963
v 0.03508226 1.27739906 -0.16223679
v 0.04549546 1.29330695 -0.16147836
v 0.06005026 1.25698030 -0.17057730
v 0.04701413 1.24348986 -0.17476860
v 0.02805434 1.27857149 -0.21101572
v 0.03767012 1.27168512 -0.21511532
v 0.02142359 1.25777245 -0.21293004
v 0.01211179 1.26446903 -0.20811141
v 0.07209270 1.27072728 -0.16667521
v 0.05382220 1.28592694 -0.21748467
v 0.04367204 1.29293346 -0.21428241
v 0.04757507 1.26546717 -0.21513538
v 0.06378897 1.27921581 -0.21602629
v -0.00234826 1.25091505 -0.20558859
v -0.00905596 1.25674999 -0.19667123
v 0.03436480 1.29956794 -0.20736170
v 0.06500591 1.25359952 -0.18049803
v 0.06527890 1.25383592 -0.19131021
v 0.08016349 1.26688409 -0.18876871
v 0.07831474 1.26715291 -0.17687094
v 0.08838938 1.28758287 -0.20898704
v 0.07766639 1.26964152 -0.19995429
v 0.07210736 1.27372420 -0.20946543
v 0.03157545 1.22967160 -0.20377530
v 0.08032705 1.29355359 -0.21715431
v -0.03863861 1.17763782 -0.16018654
v -0.03231500 1.18453240 -0.15648925
v -0.04083766 1.18421090 -0.14924340
v -0.04696428 1.17769265 -0.15397613
v -0.02962201 1.20144928 -0.13795803
v -0.03215848 1.21365583 -0.13790666
v -0.04329361 1.20928741 -0.13352664
v -0.04127290 1.19885743 -0.13330995
v -0.05516364 1.17904353 -0.15050186
v -0.04888173 1.18445373 -0.14473121
v -0.06023680 1.18336642 -0.15037715
v -0.06840251 1.17708313 -0.15820201
v -0.06224211 1.17374754 -0.15492229
v -0.07422189 1.16961086 -0.16244717
v -0.06910755 1.18391013 -0.16904505
v -0.07486399 1.17081404 -0.17225608
v -0.05537306 1.17921209 -0.19284298
v -0.04674860 1.17625928 -0.19910991
v -0.05358972 1.16271162 -0.19731851
v -0.06219395 1.16549551 -0.19020191
v -0.03318157 1.16006970 -0.20203415
v -0.04393267 1.16043186 -0.20017336
v -0.03801315 1.17438459 -0.20194109
v -0.02847399 1.17311931 -0.20382337
v -0.02681534 1.17660093 -0.17021590
v -0.01960399 1.18394268 -0.16892345
v -0.02484630 1.18484652 -0.16442595
v -0.03151746 1.17778349 -0.16676652
v -0.06546004 1.19137108 -0.14619578
v -0.06382082 1.19407868 -0.15767111
v -0.06468023 1.18729091 -0.15549649
v -0.06372134 1.18795085 -0.14430724
v 0.00674049 1.19561863 -0.16940425
v 0.01162581 1.20681739 -0.17077024
v 0.00516562 1.21137202 -0.16637506
v 0.00145231 1.20045388 -0.16615097
v -0.01444213 1.22017479 -0.14906470
v -0.00795941 1.22217464 -0.15589859
v -0.01601462 1.23499525 -0.15934522
v -0.02337776 1.23085022 -0.15493850
v -0.02206166 1.21733654 -0.14331295
v -0.03000893 1.22714090 -0.15025011
v -0.03846459 1.22159195 -0.14489484
v -0.04854943 1.21523964 -0.13897082
v 0.01816298 1.20270562 -0.17841083
v 0.01614542 1.19364750 -0.17821860
v -0.08840607 1.11549997 -0.15824790
v -0.08343324 1.11288273 -0.15868443
v -0.08263634 1.11886156 -0.15897332
v -0.08747502 1.12148666 -0.15854663
v 0.01322366 1.19489872 -0.19832994
v 0.00592194 1.19738674 -0.20517091
v 0.01085005 1.20321488 -0.20446748
v 0.01693283 1.20119691 -0.19635247
v 0.00918744 1.18655252 -0.20024979
v -0.00004687 1.19003952 -0.20582183
v -0.09485291 1.11389542 -0.16986002
v -0.09482795 1.11584854 -0.16480403
v -0.09377339 1.12164295 -0.16636777
v -0.09349096 1.11991084 -0.17152584
v -0.05372315 1.17147160 -0.15637034
v -0.04546149 1.17093766 -0.16158380
v -0.06393524 1.15414476 -0.15824373
v -0.05324690 1.16231608 -0.16114704
v -0.06131833 1.16511202 -0.15664203
v -0.06874834 1.15859663 -0.15674071
v -0.03611292 1.15893340 -0.17192668
v -0.02987723 1.16772127 -0.17255209
v -0.03716024 1.16816556 -0.16906781
v -0.04354747 1.15891683 -0.16833566
v -0.01814630 1.16304100 -0.17498043
v -0.02413513 1.15495849 -0.17504865
v -0.01769482 1.15241039 -0.17605446
v -0.01299970 1.15980160 -0.17574757
v -0.03973569 1.14013290 -0.17405690
v -0.04406648 1.13190258 -0.17665116
v -0.03952800 1.13113260 -0.17910337
v -0.03474109 1.13883269 -0.17596047
v 0.01579024 1.20914423 -0.20473792
v 0.02116893 1.20785034 -0.19597195
v -0.01253917 1.15758169 -0.20300326
v -0.00287988 1.15686774 -0.19916098
v -0.00434249 1.14747131 -0.19770555
v -0.01429488 1.14828086 -0.20165856
v -0.00407623 1.20087564 -0.20790246
v 0.00129790 1.20703650 -0.20883794
v -0.09181440 1.11106920 -0.17392360
v -0.09038424 1.11701834 -0.17581518
v -0.04366963 1.22255075 -0.15585674
v -0.05333813 1.21580327 -0.14784810
v -0.03572719 1.22868979 -0.16187219
v -0.02987986 1.23345292 -0.16591516
v -0.02457123 1.23961985 -0.16914289
v -0.05344682 1.15506411 -0.16350375
v -0.03751453 1.17230988 -0.16641648
v -0.02258374 1.17560410 -0.17198227
v 0.00294782 1.16250360 -0.17919219
v 0.00745712 1.16850889 -0.17984663
v -0.00084280 1.17048585 -0.17445675
v -0.00366740 1.16426623 -0.17580639
v 0.00310857 1.15552986 -0.19135019
v 0.00201206 1.15464067 -0.18386377
v -0.00176843 1.14748609 -0.18332107
v 0.00022496 1.14739704 -0.19011666
v -0.06772141 1.19574106 -0.14620933
v -0.06263225 1.20132017 -0.15621899
v 0.01772175 1.19316244 -0.18901587
v 0.01991792 1.20093644 -0.18748684
v 0.02257095 1.20850396 -0.18728702
v -0.00828322 1.19185185 -0.16732194
v -0.00205167 1.20337534 -0.16358058
v -0.00607814 1.20510936 -0.15864138
v -0.01205449 1.19289947 -0.16464570
v -0.02432011 1.19183671 -0.14997938
v -0.01918407 1.20358896 -0.14464080
v -0.03390555 1.19059932 -0.14265789
v -0.00010769 1.21591258 -0.16197352
v 0.00884665 1.22045040 -0.16769183
v 0.00245069 1.22544444 -0.16332595
v 0.01527582 1.21514297 -0.17311175
v 0.02031301 1.21092725 -0.17990062
v 0.01406611 1.22927129 -0.16779643
v 0.00752799 1.23465264 -0.16412857
v 0.02041287 1.22394955 -0.17402957
v 0.02493466 1.21936297 -0.18076769
v 0.01442225 1.22318399 -0.21316431
v 0.02229060 1.21911263 -0.20555080
v 0.00705744 1.21387732 -0.21085699
v -0.01026871 1.24433839 -0.16468556
v -0.00565689 1.23110914 -0.16031845
v -0.00045313 1.23983335 -0.16304640
v -0.01806142 1.24765825 -0.17245115
v -0.04899933 1.19729137 -0.13074225
v -0.05571007 1.19487011 -0.12745865
v -0.05617838 1.18866634 -0.13178293
v -0.05076237 1.19036412 -0.13561916
v -0.07918639 1.16096425 -0.16530682
v -0.07514881 1.16065145 -0.15875272
v -0.06910364 1.16802251 -0.15699230
v 0.00576157 1.18542075 -0.17157723
v 0.01434905 1.18389344 -0.17930014
v -0.06194584 1.14868593 -0.16134061
v -0.09159565 1.12743592 -0.17267372
v -0.09187689 1.12903368 -0.16692628
v -0.08732243 1.14201546 -0.16707186
v -0.08752345 1.13953114 -0.17401832
v -0.06560095 1.13794756 -0.16684335
v -0.06737895 1.14264607 -0.16173415
v -0.07135113 1.13466537 -0.16166683
v -0.07036708 1.13084364 -0.16756947
v -0.03216930 1.13172722 -0.17978920
v -0.02820991 1.13774014 -0.17769527
v -0.06607045 1.14988554 -0.18509848
v -0.07525255 1.15724754 -0.18160395
v -0.07074414 1.17048514 -0.18316057
v -0.02980711 1.15711522 -0.17395817
v -0.03498300 1.14855897 -0.17351167
v -0.02972897 1.14669991 -0.17516980
v -0.05411654 1.15043771 -0.16514857
v -0.05950110 1.14499211 -0.16462421
v -0.05371111 1.14489412 -0.16770338
v -0.04826527 1.15176773 -0.16767274
v 0.00050465 1.16725969 -0.20088033
v 0.00840784 1.16490161 -0.19073851
v -0.09248781 1.11650765 -0.16074453
v -0.09154274 1.12230062 -0.16159584
v 0.02617032 1.21615744 -0.19568872
v 0.02720509 1.21673512 -0.18754350
v -0.02403368 1.16600657 -0.17408434
v -0.06346960 1.18295491 -0.18399592
v -0.01771282 1.17404580 -0.17298041
v -0.02918013 1.13885045 -0.19631240
v -0.02295737 1.13676488 -0.19163224
v -0.02732723 1.13107347 -0.19086520
v -0.03125145 1.13182330 -0.19661941
v -0.07526277 1.12005401 -0.16832711
v -0.07674383 1.12292588 -0.16227250
v -0.07891230 1.11554265 -0.16289769
v -0.07760841 1.11310101 -0.16854523
v -0.07000016 1.14758480 -0.15873504
v -0.07427286 1.15180933 -0.15764713
v -0.07931800 1.14221609 -0.15781456
v -0.07455088 1.13884223 -0.15817228
v -0.07969077 1.15268397 -0.16084260
v -0.08429267 1.14299083 -0.16140257
v -0.07691325 1.11876106 -0.17490676
v -0.08216044 1.12067413 -0.17870222
v -0.07760157 1.13231277 -0.17968704
v -0.07260858 1.12926102 -0.17486264
v -0.02304347 1.18528163 -0.20502026
v -0.01418715 1.18285489 -0.20598719
v -0.01867454 1.17074752 -0.20450462
v -0.02238484 1.15852869 -0.20276214
v -0.02475994 1.14708328 -0.19808377
v -0.03652536 1.14795506 -0.19986732
v -0.00981425 1.16907144 -0.20445867
v -0.06450467 1.13750720 -0.17822443
v -0.07151337 1.14132500 -0.17970465
v -0.06534143 1.13891745 -0.18411647
v -0.01073163 1.17081010 -0.17410053
v -0.08952829 1.12980652 -0.16162606
v -0.03260227 1.22761464 -0.18900280
v -0.02742567 1.22229719 -0.19916733
v -0.03310754 1.21259499 -0.19808333
v -0.03829180 1.22045410 -0.18642144
v -0.08029993 1.12652266 -0.15836893
v -0.08509327 1.12890816 -0.15791203
v -0.02293663 1.13585174 -0.18052520
v -0.02735822 1.13096344 -0.18220077
v -0.02482339 1.12975454 -0.18561874
v -0.02052616 1.13334000 -0.18446283
v -0.00571610 1.18048596 -0.20580561
v -0.00532259 1.14119875 -0.19570677
v -0.01438307 1.14172614 -0.20067580
v -0.00916197 1.19326258 -0.20729336
v -0.01822709 1.19633639 -0.20647016
v -0.01414059 1.20512319 -0.20767806
v -0.04829757 1.14483476 -0.19513775
v -0.03152673 1.18704069 -0.20318833
v -0.02623742 1.19832039 -0.20434535
v -0.02244245 1.20896399 -0.20488064
v -0.01831951 1.21700847 -0.20563991
v -0.00950326 1.21234393 -0.20865369
v -0.08819081 1.12429678 -0.17728887
v -0.08464022 1.11370409 -0.17727208
v -0.00349220 1.22030807 -0.21038683
v 0.00462304 1.22900009 -0.21323456
v -0.00470819 1.23426318 -0.20925437
v -0.01282268 1.22510648 -0.20708774
v -0.03411137 1.20108700 -0.20045744
v -0.04114445 1.20405769 -0.19487490
v -0.03956439 1.18901515 -0.19986700
v -0.04790949 1.19161582 -0.19426957
v -0.05824100 1.14912271 -0.19374414
v -0.08432713 1.09844339 -0.17114128
v -0.08158326 1.10640597 -0.17275955
v -0.07910691 1.10691285 -0.16811430
v -0.08167517 1.09865916 -0.16734810
v -0.07952167 1.11224246 -0.17407402
v -0.08643973 1.10795403 -0.17544200
v -0.05542855 1.19549108 -0.18439151
v -0.05889200 1.13789260 -0.16963513
v -0.04776310 1.21042216 -0.18194233
v -0.06310944 1.19634187 -0.17190403
v -0.05775042 1.20688713 -0.16874453
v -0.03953292 1.22668910 -0.17409363
v -0.04672741 1.22045982 -0.16806881
v -0.02806963 1.23877227 -0.18046941
v -0.03350009 1.23225629 -0.17762332
v -0.02170872 1.24769175 -0.18322223
v -0.05570098 1.21353269 -0.15872718
v -0.08936878 1.10746670 -0.15695544
v -0.08438264 1.10480070 -0.15805602
v -0.02729191 1.23503041 -0.19133703
v -0.02035676 1.24441385 -0.19381295
v -0.04358159 1.19004679 -0.13817769
v -0.00598298 1.17937028 -0.17176728
v -0.01153981 1.18167698 -0.17134623
v 0.01118536 1.17512560 -0.17994425
v 0.00225784 1.17691386 -0.17299573
v -0.01385267 1.23963070 -0.20319934
v 0.02221770 1.24092364 -0.16633154
v 0.02865447 1.23546422 -0.17201638
v 0.00678591 1.24472761 -0.21123505
v -0.09378114 1.10826528 -0.15896027
v -0.04600002 1.12867355 -0.18292646
v -0.04437732 1.12900758 -0.18493830
v -0.05132647 1.20561719 -0.12998773
v -0.05856066 1.20088971 -0.12702782
v -0.06650074 1.20365953 -0.13557710
v -0.06271340 1.20356631 -0.13012114
v -0.05618759 1.21002483 -0.13397665
v -0.06060286 1.21039128 -0.14126979
v -0.00491117 1.19015408 -0.16858251
v -0.00070291 1.18751764 -0.16980334
v 0.00475107 1.17742479 -0.20117553
v 0.01217953 1.17482328 -0.19186118
v -0.08305351 1.15211213 -0.16694005
v -0.07952942 1.15939343 -0.17389686
v -0.08292268 1.14963162 -0.17440666
v -0.08374216 1.13661838 -0.17888851
v -0.06371520 1.13603127 -0.17377947
v -0.06836955 1.13592279 -0.17388289
v -0.01163517 1.20497572 -0.15206027
v -0.01728069 1.19288123 -0.15859686
v -0.05449160 1.18619967 -0.14224584
v -0.05939211 1.18637288 -0.13979723
v -0.04123198 1.15092647 -0.17095041
v -0.05390509 1.13415122 -0.19278243
v -0.06145914 1.13826287 -0.19180070
v -0.04617904 1.14345479 -0.17117244
v -0.09631817 1.10546768 -0.16742708
v -0.09630895 1.10741901 -0.16245793
v -0.07909991 1.14669657 -0.18000852
v -0.02300705 1.14473987 -0.17636485
v -0.04579254 1.13522172 -0.19301285
v -0.04922794 1.13023078 -0.18923335
v -0.00242933 1.14265180 -0.18908949
v -0.02157770 1.23016047 -0.20092794
v -0.07950489 1.10943091 -0.16249786
v -0.08086330 1.10131526 -0.16191576
v -0.08834201 1.10013890 -0.17297383
v -0.09326518 1.10303724 -0.17158474
v 0.01538469 1.18408632 -0.19098850
v -0.01576089 1.18305779 -0.17059839
v 0.03402082 1.23053765 -0.17903033
v -0.06252457 1.20738733 -0.14982493
v -0.06840180 1.20069838 -0.14201908
v -0.05016531 1.13612211 -0.17194423
v -0.02054294 1.14039946 -0.19661634
v -0.03817810 1.13903069 -0.19906452
v -0.03898798 1.13203132 -0.19939800
v -0.04543133 1.13055027 -0.19538018
v -0.04602133 1.12791371 -0.19007058
v -0.08977944 1.09393787 -0.17142172
v -0.09463313 1.09646893 -0.17001052
v -0.09784012 1.09855151 -0.16594972
v -0.09751230 1.10079384 -0.16123892
v -0.09467350 1.10217309 -0.15807004
v -0.08606172 1.09252667 -0.16978732
v -0.08340614 1.09304428 -0.16619088
v -0.08257018 1.09584236 -0.16120143
v -0.08709876 1.08732581 -0.16837274
v -0.09123667 1.08761752 -0.16966961
v -0.10058561 1.08657157 -0.16160519
v -0.09941018 1.09151316 -0.16456221
v -0.09862982 1.08769441 -0.16541182
v -0.09960662 1.08445382 -0.16411816
v -0.10024132 1.08033586 -0.16303115
v -0.10068709 1.08186424 -0.16009261
v -0.09635974 1.08732533 -0.16768496
v -0.09701052 1.08316565 -0.16685395
v -0.09341969 1.08200073 -0.16771616
v -0.09415324 1.07778680 -0.16689144
v -0.09770413 1.07876968 -0.16598393
v -0.09358217 1.08568013 -0.16846654
v -0.09583057 1.09094095 -0.16870938
v -0.09992385 1.07740188 -0.16006684
v -0.10028726 1.07726145 -0.16257526
v -0.09835583 1.07503915 -0.16464944
v -0.09734525 1.07386220 -0.16208674
v -0.09855595 1.09506619 -0.16031058
v -0.09925486 1.08849883 -0.15874374
v -0.09910241 1.08270836 -0.15754978
v -0.09812072 1.07782018 -0.15770447
v -0.09654889 1.08876479 -0.15628709
v -0.09638716 1.08270192 -0.15605475
v -0.09551886 1.07853019 -0.15653940
v -0.09280622 1.08759987 -0.15522510
v -0.09343305 1.08190322 -0.15559228
v -0.09144920 1.09601951 -0.15584077
v -0.09564100 1.09660220 -0.15729280
v -0.09365423 1.07903290 -0.15632756
v -0.09536292 1.07444572 -0.15979789
v -0.09049965 1.08192658 -0.16795596
v -0.09145567 1.07719707 -0.16642612
v -0.08803707 1.08176517 -0.16662149
v -0.08934648 1.07700706 -0.16484006
v -0.09347796 1.07370305 -0.16469719
v -0.09522499 1.07462311 -0.16605307
v -0.09015889 1.10177469 -0.15639623
v -0.08543061 1.09908414 -0.15785761
v -0.08669828 1.09350455 -0.15697469
v -0.08823682 1.08562911 -0.15611024
v -0.08393344 1.09079051 -0.16048583
v -0.08456954 1.08803356 -0.16502602
v -0.08623049 1.08242464 -0.16385809
v -0.08572590 1.08381081 -0.15996863
v -0.08810151 1.07778955 -0.16235031
v -0.08819385 1.07886922 -0.15946208
v -0.09043832 1.08024764 -0.15680316
v -0.09047782 1.07529426 -0.16056277
v -0.09181814 1.07394934 -0.16264252
v -0.09346804 1.07583606 -0.15844971
v -0.09009099 1.07683849 -0.15914592
v -0.09199141 1.07767642 -0.15760654
v -0.06523320 1.09731889 -0.17282383
v -0.06002432 1.09569955 -0.17356013
v -0.05972052 1.10322571 -0.17425351
v -0.06459820 1.10469294 -0.17346787
v -0.07299022 1.09838057 -0.18338741
v -0.07260628 1.09878492 -0.17738974
v -0.07217321 1.10574400 -0.17880495
v -0.07243723 1.10535991 -0.18491681
v -0.06887282 1.09709072 -0.18826203
v -0.06807618 1.10391200 -0.19003661
v -0.07175669 1.11387372 -0.18563980
v -0.07110454 1.11407697 -0.17930399
v -0.06686519 1.12791252 -0.17886914
v -0.06838904 1.12819326 -0.18503663
v -0.04948457 1.12376237 -0.17651384
v -0.04892274 1.12161148 -0.18232571
v -0.06958692 1.09821951 -0.17380132
v -0.06889658 1.10537028 -0.17489077
v -0.05302477 1.10843551 -0.18251757
v -0.05431147 1.10979557 -0.17704460
v -0.05587264 1.10142303 -0.17743842
v -0.05441967 1.10004616 -0.18234144
v -0.05974637 1.12796509 -0.17194806
v -0.05395116 1.12644911 -0.17279445
v -0.06393240 1.12782228 -0.17469247
v -0.05422932 1.10789561 -0.18848233
v -0.05927773 1.10912108 -0.19223551
v -0.05689247 1.12325478 -0.19302766
v -0.05137658 1.12112379 -0.18905719
v -0.06772111 1.11383593 -0.17500530
v -0.05832042 1.11198187 -0.17340194
v -0.06323203 1.11325216 -0.17278962
v -0.06694670 1.11222088 -0.19090514
v -0.06042748 1.10111141 -0.19072096
v -0.05971705 1.08396590 -0.18479876
v -0.05728190 1.09300113 -0.18633173
v -0.05516142 1.09282351 -0.18174957
v -0.05729425 1.08324885 -0.18071623
v -0.05578937 1.09973502 -0.18726005
v -0.06192139 1.09448075 -0.18923475
v -0.06649986 1.08677018 -0.17153566
v -0.06133655 1.08515823 -0.17276950
v -0.07078820 1.08795714 -0.17234819
v -0.06444664 1.12657285 -0.19170490
v -0.07413475 1.08867574 -0.18126559
v -0.07345669 1.08867180 -0.17561118
v -0.05623703 1.09392405 -0.17676060
v -0.05753145 1.08396137 -0.17589001
v -0.06412037 1.08547115 -0.18728058
v -0.07028157 1.08785176 -0.18611233
v -0.06551072 1.07797718 -0.18546532
v -0.07120490 1.07984853 -0.18436608
v -0.07517646 1.08066487 -0.18005073
v -0.07417914 1.08139420 -0.17470056
v -0.07131749 1.08134341 -0.17196970
v -0.06137777 1.07691634 -0.18355004
v -0.05900042 1.07691765 -0.18014520
v -0.05881633 1.07803822 -0.17563394
v -0.06243766 1.06999922 -0.18252511
v -0.06658691 1.07000542 -0.18428515
v -0.07659139 1.06125224 -0.17592424
v -0.07672730 1.06697071 -0.17692348
v -0.07544242 1.06538403 -0.17962985
v -0.07638769 1.06044030 -0.17903124
v -0.07593457 1.07263434 -0.17932498
v -0.07467388 1.06882560 -0.18074180
v -0.07210930 1.06837964 -0.18268605
v -0.07270846 1.06409144 -0.18250960
v -0.06871067 1.06328344 -0.18296678
v -0.06935607 1.05852759 -0.18285486
v -0.07370882 1.05896544 -0.18239765
v -0.06893763 1.06727242 -0.18345845
v -0.07641318 1.05649829 -0.17897670
v -0.07536383 1.05617213 -0.17664111
v -0.07186711 1.07278872 -0.18345593
v -0.07502989 1.07507777 -0.17442842
v -0.07549356 1.06826127 -0.17349707
v -0.07473439 1.06176066 -0.17322530
v -0.07295233 1.05647540 -0.17428149
v -0.07232280 1.06815636 -0.17100541
v -0.07188271 1.06159127 -0.17146607
v -0.07067567 1.05716729 -0.17296137
v -0.06811722 1.06732202 -0.17006005
v -0.06869963 1.06091833 -0.17099525
v -0.06746955 1.07554901 -0.17069520
v -0.07187374 1.07592344 -0.17159970
v -0.06886670 1.05792689 -0.17239481
v -0.07277969 1.05286014 -0.17927842
v -0.07053541 1.05339801 -0.17675582
v -0.07464303 1.05405617 -0.18185018
v -0.06603310 1.06346023 -0.18236776
v -0.06674077 1.05832112 -0.18189462
v -0.06332193 1.06345367 -0.18168639
v -0.06450516 1.05785811 -0.18093283
v -0.06882100 1.05390882 -0.18143699
v -0.07057460 1.05472624 -0.18271868
v -0.06711555 1.08071637 -0.17122982
v -0.06224822 1.07945919 -0.17247511
v -0.06255491 1.07423306 -0.17168173
v -0.06339152 1.06595421 -0.17112257
v -0.05950708 1.07301486 -0.17508365
v -0.06006247 1.07093775 -0.17943357
v -0.06132198 1.06398654 -0.17883755
v -0.06083630 1.06493711 -0.17477222
v -0.06307325 1.05842340 -0.17830701
v -0.06274660 1.05932391 -0.17492400
v -0.06495938 1.06011629 -0.17202730
v -0.06541027 1.05505610 -0.17702641
v -0.06687474 1.05384457 -0.17946836
v -0.06839627 1.05499494 -0.17477249
v -0.06471637 1.05655062 -0.17500398
v -0.06671605 1.05692422 -0.17346270
v -0.04199174 1.09842002 -0.18352738
v -0.03657991 1.09825277 -0.18265760
v -0.03658745 1.10444844 -0.18343540
v -0.04189137 1.10442352 -0.18403296
v -0.04663185 1.09832358 -0.19440296
v -0.04730752 1.09817839 -0.19077508
v -0.04744506 1.10460114 -0.19118080
v -0.04699237 1.10543203 -0.19553775
v -0.04250597 1.09803557 -0.19749828
v -0.04214217 1.10548115 -0.19892055
v -0.04701336 1.11242807 -0.19607712
v -0.04734797 1.11121917 -0.19090413
v -0.04584043 1.12168121 -0.19019625
v -0.04598555 1.12298918 -0.19594897
v -0.04557401 1.09807885 -0.18684761
v -0.04555701 1.10429883 -0.18712987
v -0.02947924 1.11089981 -0.18748859
v -0.03172186 1.11115718 -0.18396847
v -0.03224817 1.10411382 -0.18495558
v -0.03031762 1.10386217 -0.18814191
v -0.03946431 1.12337697 -0.18204509
v -0.03407981 1.12381876 -0.18140085
v -0.04336168 1.12217546 -0.18530639
v -0.03010236 1.11076093 -0.19328420
v -0.03436543 1.11167717 -0.19889650
v -0.03271312 1.12293649 -0.19788313
v -0.02890532 1.12252140 -0.19196849
v -0.04529724 1.11078584 -0.18634026
v -0.03597784 1.11141217 -0.18228684
v -0.04148053 1.11123037 -0.18301572
v -0.04149844 1.11283815 -0.19966657
v -0.03527980 1.10465372 -0.19816731
v -0.03354596 1.08686960 -0.19216610
v -0.03186390 1.09731960 -0.19272651
v -0.03010814 1.09730756 -0.18778200
v -0.03165420 1.08690989 -0.18790902
v -0.03093130 1.10387111 -0.19323790
v -0.03631398 1.09745288 -0.19702345
v -0.04223003 1.08852088 -0.18252321
v -0.03687355 1.08841574 -0.18206310
v -0.04555606 1.08845735 -0.18556267
v -0.04020682 1.12348342 -0.19984336
v -0.02740588 1.12271523 -0.18607487
v -0.04699614 1.08805346 -0.19264324
v -0.04745730 1.08820128 -0.18924175
v -0.03176159 1.09786665 -0.18424556
v -0.03246881 1.08776689 -0.18399160
v -0.03774628 1.08717537 -0.19551407
v -0.04346486 1.08792496 -0.19586055
v -0.03842859 1.08016920 -0.19484538
v -0.04399386 1.08080995 -0.19482253
v -0.04763429 1.08078742 -0.19182737
v -0.04760848 1.08132660 -0.18808864
v -0.04547033 1.08206856 -0.18472554
v -0.03462032 1.07975960 -0.19160640
v -0.03307948 1.08024764 -0.18792355
v -0.03354781 1.08186650 -0.18404502
v -0.03499517 1.07460845 -0.19121717
v -0.03907888 1.07398403 -0.19395219
v -0.04909155 1.06328440 -0.18842296
v -0.04901433 1.06825674 -0.18893877
v -0.04744263 1.06766248 -0.19060247
v -0.04816571 1.06314278 -0.19056328
v -0.04802542 1.07402444 -0.19102098
v -0.04694006 1.07117426 -0.19165443
v -0.04438593 1.07157075 -0.19351855
v -0.04487121 1.06730413 -0.19337593
v -0.04055025 1.06785595 -0.19307737
v -0.04100798 1.06349671 -0.19279659
v -0.04531211 1.06281137 -0.19295008
v -0.04116388 1.07124376 -0.19388242
v -0.04799578 1.06006181 -0.19065310
v -0.04813770 1.05938923 -0.18877743
v -0.04425264 1.07522154 -0.19402735
v -0.04805623 1.07563293 -0.18705960
v -0.04856377 1.06954312 -0.18588831
v -0.04832471 1.06377006 -0.18553255
v -0.04671541 1.06004977 -0.18603383
v -0.04604389 1.07053018 -0.18315826
v -0.04590632 1.06482637 -0.18300797
v -0.04461943 1.06148291 -0.18367851
v -0.04257512 1.07129800 -0.18138240
v -0.04291805 1.06554437 -0.18172172
v -0.04217905 1.07780385 -0.18209742
v -0.04563930 1.07692134 -0.18397619
v -0.04289315 1.06281495 -0.18274494
v -0.04466452 1.05795181 -0.19024299
v -0.04289230 1.05844927 -0.18737487
v -0.04558520 1.05912435 -0.19244345
v -0.03793149 1.06859469 -0.19232769
v -0.03857424 1.06388617 -0.19163585
v -0.03570943 1.06917834 -0.19010921
v -0.03686832 1.06404603 -0.18956086
v -0.04051707 1.06005299 -0.19124328
v -0.04200071 1.06038189 -0.19257663
v -0.04204657 1.08271372 -0.18248492
v -0.03742701 1.08288240 -0.18223520
v -0.03792601 1.07804847 -0.18189721
v -0.03841959 1.07115948 -0.18138947
v -0.03429890 1.07728922 -0.18371330
v -0.03383647 1.07550657 -0.18744653
v -0.03462083 1.06979680 -0.18703391
v -0.03509403 1.07071757 -0.18354879
v -0.03603718 1.06466651 -0.18689324
v -0.03639570 1.06521392 -0.18391480
v -0.03935416 1.06546926 -0.18195991
v -0.03819678 1.06127071 -0.18642549
v -0.03900306 1.06033576 -0.18892053
v -0.04148515 1.06018281 -0.18499422
v -0.03797226 1.06255233 -0.18447296
v -0.04049038 1.06229401 -0.18333586
v -0.02979558 1.12352228 -0.18305817
v -0.01206111 1.11218214 -0.18795228
v -0.00824470 1.11329269 -0.18671143
v -0.00921289 1.11777520 -0.18698683
v -0.01283017 1.11690760 -0.18810228
v -0.01485746 1.11109161 -0.19844677
v -0.01641706 1.11076915 -0.19469593
v -0.01751243 1.11597037 -0.19488525
v -0.01609987 1.11648679 -0.19917014
v -0.00995070 1.11211157 -0.20000042
v -0.01103935 1.11742985 -0.20092715
v -0.01751598 1.12264752 -0.19867712
v -0.01875340 1.12183356 -0.19416524
v -0.01989662 1.13131762 -0.19293095
v -0.01931574 1.13292694 -0.19784367
v -0.00385563 1.13888478 -0.18817566
v -0.00648018 1.13858283 -0.18437721
v -0.00662165 1.13228619 -0.18517293
v -0.00359951 1.13296390 -0.18810755
v -0.01500917 1.11114180 -0.19083661
v -0.01593727 1.11616910 -0.19084048
v -0.00322007 1.12381673 -0.18887840
v -0.00615019 1.12310350 -0.18635386
v -0.00551394 1.11847317 -0.18736865
v -0.00272490 1.11890507 -0.18955804
v -0.01055687 1.13787556 -0.18209088
v -0.01562171 1.13604903 -0.18174531
v -0.01497300 1.13102925 -0.18535228
v -0.01060559 1.13151157 -0.18421422
v -0.01777845 1.13060594 -0.18810539
v -0.00295423 1.12416124 -0.19323926
v -0.00627105 1.12402081 -0.19803210
v -0.00652604 1.13429880 -0.19758780
v -0.00346791 1.13364255 -0.19252631
v -0.01689195 1.12151098 -0.19000678
v -0.00996551 1.12255931 -0.18598776
v -0.01416101 1.12179780 -0.18716291
v -0.01248999 1.12351084 -0.20093130
v -0.00550609 1.11820519 -0.19822015
v -0.00071983 1.10738230 -0.19304904
v -0.00143940 1.11434257 -0.19352634
v -0.00133461 1.11462259 -0.18949720
v -0.00036343 1.10790539 -0.18948717
v -0.00243850 1.11882901 -0.19361062
v -0.00455113 1.11334693 -0.19763844
v -0.01132411 1.10525990 -0.18758717
v -0.00722747 1.10679698 -0.18631402
v -0.01400639 1.10429657 -0.19047056
v -0.01424490 1.13390970 -0.20095733
v -0.01399172 1.10399222 -0.19752552
v -0.01526212 1.10363293 -0.19391905
v -0.00438893 1.11410367 -0.18724273
v -0.00311664 1.10761511 -0.18718906
v -0.00384754 1.10634732 -0.19679002
v -0.00920919 1.10517490 -0.19888099
v -0.00344858 1.10045052 -0.19646673
v -0.00883632 1.09937918 -0.19857797
v -0.01365348 1.09834838 -0.19689225
v -0.01493113 1.09853816 -0.19339900
v -0.01350396 1.09955311 -0.19012995
v -0.00046297 1.10147238 -0.19277225
v -0.00051397 1.10233712 -0.18954916
v -0.00307911 1.10272765 -0.18752567
v -0.00101404 1.09666967 -0.19248922
v -0.00397718 1.09489298 -0.19611113
v -0.01326806 1.08378696 -0.19330920
v -0.01381661 1.08789468 -0.19404159
v -0.01210726 1.08774638 -0.19539511
v -0.01222392 1.08414948 -0.19504519
v -0.01323897 1.09289730 -0.19601299
v -0.01181649 1.09100914 -0.19644751
v -0.00903099 1.09200537 -0.19739361
v -0.00922124 1.08853126 -0.19708407
v -0.00537351 1.08913267 -0.19622980
v -0.00523758 1.08536005 -0.19570540
v -0.00927167 1.08461738 -0.19702141
v -0.00598558 1.09213483 -0.19693588
v -0.01188842 1.08151793 -0.19532169
v -0.01191932 1.08070385 -0.19353406
v -0.00889424 1.09491980 -0.19790252
v -0.01440806 1.09394240 -0.19294630
v -0.01416894 1.08849323 -0.19196098
v -0.01307212 1.08367836 -0.19123612
v -0.01082917 1.08087039 -0.19107048
v -0.01282789 1.08998132 -0.18971719
v -0.01173894 1.08473337 -0.18925014
v -0.00966819 1.08203697 -0.18928900
v -0.01027455 1.09156275 -0.18767989
v -0.00960957 1.08617020 -0.18771838
v -0.01037488 1.09683239 -0.18772537
v -0.01323130 1.09515309 -0.19010277
v -0.00884006 1.08331776 -0.18823890
v -0.00821138 1.08010030 -0.19401497
v -0.00754391 1.08045018 -0.19133568
v -0.00890859 1.08129561 -0.19657610
v -0.00302552 1.09028709 -0.19466847
v -0.00320687 1.08548594 -0.19388162
v -0.00149745 1.09154618 -0.19200347
v -0.00233248 1.08595610 -0.19136186
v -0.00479597 1.08197272 -0.19380437
v -0.00570152 1.08254790 -0.19572990
v -0.01082133 1.10089433 -0.18762605
v -0.00684451 1.10222280 -0.18672845
v -0.00662993 1.09823298 -0.18670624
v -0.00669711 1.09277844 -0.18660021
v -0.00305273 1.09851646 -0.18732582
v -0.00083869 1.09793162 -0.18931775
v -0.00136510 1.09218264 -0.18918657
v -0.00324558 1.09275103 -0.18697824
v -0.00259939 1.08666873 -0.18902923
v -0.00413785 1.08702207 -0.18730755
v -0.00687510 1.08702230 -0.18696320
v -0.00483430 1.08311164 -0.18930541
v -0.00450088 1.08222914 -0.19133456
v -0.00726237 1.08177626 -0.18936995
v -0.00531872 1.08409834 -0.18807150
v -0.00707026 1.08352852 -0.18802311
v -0.00378208 1.13848066 -0.19212405
v -0.07508965 1.18961549 -0.13933165
v -0.07265888 1.18534589 -0.13979717
v -0.06276385 1.18503809 -0.12606438
v -0.06549294 1.18223405 -0.13202466
v -0.06327145 1.19048166 -0.12216194
v -0.07024930 1.19757068 -0.12460521
v -0.06667636 1.19491649 -0.12209009
v -0.06946279 1.18237185 -0.13737340
v -0.07607587 1.19451249 -0.13593256
v -0.07385807 1.19770527 -0.12990607
v -0.08378263 1.18941069 -0.13100053
v -0.08189352 1.19271755 -0.12440462
v -0.07770799 1.19286776 -0.11849196
v -0.07270120 1.19041097 -0.11666001
v -0.06873618 1.18666828 -0.11792529
v -0.08226307 1.18482149 -0.13541819
v -0.07867749 1.18088269 -0.13620804
v -0.07408918 1.17897367 -0.13277282
v -0.08892505 1.18033814 -0.13072677
v -0.09280281 1.18295193 -0.12514754
v -0.09338273 1.18017387 -0.10755463
v -0.08939482 1.18301380 -0.10972418
v -0.09287353 1.18364668 -0.11171035
v -0.09618373 1.18204772 -0.10945827
v -0.08622725 1.18684196 -0.11323760
v -0.09113733 1.18515575 -0.11372145
v -0.09385292 1.18447471 -0.11743911
v -0.09651409 1.18346190 -0.11585401
v -0.09572043 1.18277943 -0.12093215
v -0.09855135 1.18117154 -0.12039015
v -0.09983449 1.18200731 -0.11357781
v -0.09936066 1.18007493 -0.10852332
v -0.10226969 1.17955613 -0.11155178
v -0.09798707 1.17766118 -0.10711354
v -0.09001975 1.18641508 -0.11954965
v -0.07933988 1.18580246 -0.11235149
v -0.08534218 1.18139040 -0.10898532
v -0.09078537 1.17729688 -0.10725953
v -0.09577547 1.17428017 -0.10767983
v -0.08182038 1.17771888 -0.11079963
v -0.08843742 1.17375803 -0.10939097
v -0.09329085 1.17205858 -0.11018024
v -0.08076374 1.17409301 -0.11502339
v -0.08778383 1.17154384 -0.11307879
v -0.07262482 1.17900383 -0.11864768
v -0.07447688 1.18270183 -0.11396788
v -0.09159417 1.17090297 -0.11249018
v -0.10237403 1.17559350 -0.11034338
v -0.09950511 1.17236519 -0.11151375
v -0.09746645 1.17857015 -0.12365364
v -0.10147010 1.17950702 -0.11834195
v -0.10085146 1.17609382 -0.12069412
v -0.09455879 1.17600763 -0.12631215
v -0.09842359 1.17304564 -0.12190132
v -0.10313196 1.17501044 -0.11649974
v -0.10357045 1.17839634 -0.11563534
v -0.06735967 1.18244171 -0.12169084
v -0.06975998 1.17965865 -0.12734625
v -0.07508235 1.17605805 -0.12468217
v -0.08237799 1.17219937 -0.12044397
v -0.07945292 1.17573881 -0.12991072
v -0.08469392 1.17721283 -0.13264279
v -0.09092866 1.17318940 -0.12716432
v -0.08641054 1.17166448 -0.12502013
v -0.09528534 1.17087471 -0.12190194
v -0.09172238 1.17020082 -0.12016530
v -0.08908902 1.17029858 -0.11688025
v -0.09696518 1.17037272 -0.11726461
v -0.10049032 1.17186379 -0.11701517
v -0.09616880 1.17077184 -0.11309229
v -0.09417693 1.17000866 -0.11729370
v -0.09302743 1.17020571 -0.11470820
v -0.00428008 1.14233279 -0.18331470
v -0.00936409 1.14235437 -0.17968129
v -0.00635027 1.14811134 -0.17946276
v -0.00175460 1.15517461 -0.17917375
v 0.00569661 1.16038013 -0.18399520
v -0.00761213 1.15725541 -0.17671742
v -0.01205825 1.14967322 -0.17713052
v -0.01660343 1.14151430 -0.17847763
v -0.00909545 1.16508114 -0.17498888
v -0.04106653 1.90833759 -0.00710523
v -0.04409224 1.90897918 -0.00466515
v -0.03953272 1.90245223 -0.00555459
v -0.03723584 1.90315330 -0.00749974
v -0.04399723 1.90207160 0.00064311
v -0.04203627 1.90181565 -0.00306610
v -0.04661242 1.90949786 -0.00047511
v -0.04794208 1.90940380 0.00487994
v -0.04675299 1.90620494 0.01328398
v -0.04706885 1.90487123 0.01504515
v -0.04698844 1.90382504 0.01424239
v -0.04655443 1.90367770 0.01199579
v -0.04634332 1.90290427 0.00817489
v -0.03412247 1.90603375 -0.00987700
v -0.03565628 1.90697217 -0.00961056
v -0.03828890 1.90783644 -0.00855539
v -0.04558017 1.90233815 0.00438926
v -0.03507136 1.90406418 -0.00868584
v -0.03388384 1.90502119 -0.00947070
v -0.04765779 1.90841436 0.00972890
v -0.04457561 1.90430057 0.00013789
v -0.04257261 1.90424562 -0.00338496
v -0.04559157 1.90692902 -0.00036354
v -0.04705529 1.90697455 0.00415604
v -0.04682478 1.90462792 0.01015855
v -0.04689157 1.90453291 0.00757969
v -0.04013206 1.90439260 -0.00586785
v -0.04613088 1.90445876 0.00396433
v -0.04317786 1.90669060 -0.00404618
v -0.04745368 1.90657091 0.00816245
v -0.04709789 1.90583587 0.01067405
v -0.03498056 1.90586424 -0.00919407
v -0.03491950 1.90540624 -0.00903802
v -0.00643556 1.67672551 0.04355961
v -0.01441907 1.65912807 0.04052242
v -0.04055322 1.90645540 -0.00627835
v -0.03606832 1.90515029 -0.00846721
v -0.03780955 1.90483689 -0.00735726
v -0.03804669 1.90637016 -0.00772731
v -0.03615506 1.90613365 -0.00870953
v 0.09006731 1.53668857 -0.11664735
v 0.08974718 1.54306316 -0.13241473
v 0.12738609 1.55950642 -0.17126089
v 0.15035720 1.56443810 -0.17125539
v -0.05820984 1.38753533 -0.00443744
v 0.15252349 1.43813539 -0.02847676
v 0.15827946 1.45869470 -0.03118575
v 0.17093246 1.45373797 0.04923657
v 0.17251192 1.45033097 0.02866860
v 0.04224753 1.42040634 -0.07224433
v 0.04331325 1.43947279 -0.07218844
v -0.01955674 1.40904784 -0.03652342
v -0.01688096 1.43009257 -0.03562449
v 0.01755445 1.39689350 -0.06744015
v 0.15921441 1.40370202 0.00609570
v 0.15315650 1.40207434 -0.01333959
v 0.15652145 1.42261875 -0.01105762
v 0.16394748 1.42493165 0.00801627
v 0.16444387 1.45686316 0.06796918
v 0.15649521 1.43336952 0.06741459
v 0.06998165 1.46218550 -0.07780822
v 0.09679358 1.46457434 -0.07507832
v 0.14391339 1.47273302 -0.05161541
v 0.16135652 1.47862315 -0.03466967
v 0.17280886 1.48636258 -0.01519735
v 0.17986016 1.49367583 0.00594242
v -0.03289344 1.45076227 -0.02049078
v -0.04366403 1.47068906 -0.00246671
v 0.04290732 1.45989680 -0.07306820
v -0.06634095 1.45014298 0.03867592
v 0.18852246 1.52590537 0.02718801
v 0.18736880 1.52964389 0.05093175
v 0.12167870 1.46820593 -0.06586170
v -0.03387133 1.61385274 0.02209793
v -0.02825670 1.61559820 0.00581065
v -0.03805459 1.59980786 0.00573464
v -0.04259900 1.59742212 0.02318751
v -0.03302934 1.60108900 -0.01019115
v -0.02690556 1.60166597 -0.02486346
v -0.01971035 1.60142839 -0.03805484
v 0.00444454 1.59587646 -0.06703271
v -0.00398628 1.59838355 -0.05928597
v 0.02289435 1.58682454 -0.07811213
v 0.01347491 1.59221947 -0.07309532
v 0.03374321 1.57817471 -0.08122656
v 0.04640790 1.56930053 -0.08173542
v 0.07098956 1.57147276 -0.08249454
v 0.06120238 1.55988526 -0.08190823
v 0.03547776 1.55873621 -0.08096121
v 0.02440225 1.56774044 -0.07939206
v 0.01448946 1.57556868 -0.07617176
v -0.05771462 1.53238845 0.04420758
v -0.05760134 1.55567217 0.04461548
v 0.00114367 1.69347417 0.04717773
v 0.15064208 1.34104300 -0.18099236
v 0.01579596 1.29091418 -0.18180391
v 0.15468195 1.72485840 0.07762741
v 0.15936550 1.73017216 0.05679058
v 0.16200672 1.73833609 -0.01049474
v 0.14636882 1.74425089 -0.03459672
v 0.16843742 1.73397613 0.01217954
v 0.16799922 1.72656012 0.03609065
v 0.01921731 1.47660661 -0.06160465
v 0.17201394 1.69636464 0.05901197
v 0.17344762 1.71621823 0.03626049
v 0.17533976 1.72426343 0.01159994
v 0.16962452 1.72920966 -0.01641467
v 0.15498814 1.73324919 -0.04618172
v 0.15068297 1.72722459 -0.06489967
v 0.16142972 1.70419061 -0.08432437
v 0.15794292 1.69801092 -0.09677748
v 0.15559408 1.69068456 -0.10964806
v 0.13899010 1.69982886 -0.11805551
v 0.14139111 1.70860946 -0.10477988
v 0.15680151 1.59763002 -0.16142803
v 0.16321443 1.58129013 -0.16164678
v 0.17270148 1.56999481 -0.15739307
v 0.18183416 1.56234026 -0.14973243
v 0.18877669 1.55894613 -0.13856836
v 0.19188978 1.55960548 -0.12506847
v 0.19112997 1.56670785 -0.11216195
v 0.18185817 1.59318817 -0.08863719
v 0.17851076 1.60161090 -0.08451608
v 0.17763682 1.59245801 -0.07230933
v 0.17966110 1.58654916 -0.06840356
v 0.18117917 1.56602824 -0.05302563
v 0.17912620 1.55437732 -0.04361478
v 0.17973664 1.54015529 -0.03419683
v 0.16760863 1.30839252 -0.01215582
v 0.16030300 1.31175971 -0.03332794
v 0.15469420 1.32809877 -0.02800739
v 0.16072053 1.32556534 -0.00708390
v 0.15311290 1.35981202 0.04137401
v 0.14871390 1.35934925 0.06321601
v 0.10859860 1.32893836 -0.08237766
v 0.08451627 1.32586145 -0.09183224
v 0.14374767 1.32978225 -0.04860525
v 0.12877767 1.33034515 -0.06754728
v 0.05815284 1.32003629 -0.09393477
v -0.02967950 1.28929102 -0.04921382
v -0.04704366 1.28389907 -0.03073953
v -0.07337894 1.27637029 0.00881176
v -0.08128899 1.27420378 0.02862725
v 0.03350927 1.31272721 -0.08996972
v -0.06187024 1.27965665 -0.01117804
v 0.01086896 1.30359960 -0.08120708
v -0.01000049 1.29554164 -0.06698306
v 0.15559569 1.36050677 0.01994887
v 0.15830597 1.34091699 0.01678439
v 0.15648142 1.34276009 -0.00356403
v 0.19200473 1.60044301 0.06316024
v 0.19750114 1.60236681 0.04278874
v 0.20131262 1.60781527 0.02250325
v 0.20464768 1.63159835 0.00830128
v 0.20455092 1.61409676 0.00420307
v 0.20366298 1.61951947 -0.01359632
v 0.20381905 1.63552666 -0.01017253
v 0.19647628 1.63985193 -0.04384125
v 0.19660200 1.62700224 -0.04471435
v 0.19411908 1.62831926 -0.05595543
v 0.19468917 1.63986778 -0.05621764
v 0.19255044 1.62854159 -0.06620243
v 0.19028918 1.62757468 -0.07763360
v 0.18613152 1.62592328 -0.08725570
v 0.18632145 1.62016821 -0.09683542
v 0.18569554 1.63798940 -0.10856058
v 0.18660143 1.64458680 -0.09703007
v 0.19434547 1.65296924 -0.04597243
v 0.19753402 1.65333986 -0.02844103
v 0.18555014 1.63562465 0.06557155
v 0.17791030 1.63237000 0.08355871
v 0.08289547 1.55391443 -0.08294466
v 0.10459571 1.55027771 -0.08379398
v 0.12473866 1.54966378 -0.08242692
v 0.14235900 1.55189538 -0.07933727
v 0.15849687 1.55698895 -0.07425961
v 0.17164861 1.56443810 -0.06694897
v 0.18131161 1.58037364 -0.06398660
v 0.18183835 1.57356215 -0.05928072
v 0.18815339 1.59046018 -0.05808206
v 0.18975814 1.58449817 -0.05139546
v 0.19554952 1.59649467 -0.04438346
v 0.19928117 1.60932577 -0.03671909
v 0.20067997 1.62362766 -0.03058730
v 0.20025758 1.63840950 -0.02748984
v 0.20104659 1.65307438 -0.00989643
v 0.20261534 1.64935529 0.00801639
v 0.19675656 1.66293657 0.02395633
v 0.19339761 1.68031836 0.02097891
v 0.19934599 1.64446568 0.02693266
v 0.20102222 1.62609375 0.02733816
v 0.13737209 1.76122463 0.00661094
v 0.14465019 1.75734043 0.02941851
v 0.19014290 1.58158684 -0.11866081
v 0.19026472 1.58076429 -0.11294277
v 0.19077021 1.57509780 -0.11292736
v 0.19062646 1.57231140 -0.12217541
v 0.18838573 1.57308602 -0.13224234
v 0.18496884 1.58938539 -0.13421246
v 0.18838771 1.58373308 -0.12669966
v 0.18365990 1.57704878 -0.14150970
v 0.17704926 1.58427703 -0.14852343
v 0.18031703 1.59612942 -0.14109543
v 0.17046763 1.59337223 -0.15310705
v 0.17508556 1.60344291 -0.14589834
v 0.16603281 1.60465014 -0.15444352
v 0.17130254 1.60940802 -0.14887837
v 0.17395507 1.64353275 -0.13136120
v 0.17309350 1.63196409 -0.13907896
v 0.17181690 1.61945319 -0.14506932
v 0.18792729 1.61223710 -0.10535671
v 0.18872550 1.60378408 -0.11336595
v 0.18904664 1.59408104 -0.12056881
v 0.18627185 1.60074663 -0.12751770
v 0.18735878 1.61056709 -0.12037717
v 0.18766268 1.61991978 -0.11201312
v 0.18898599 1.61888647 0.06605007
v 0.19564453 1.62236202 0.04656513
v 0.19276483 1.63935757 -0.06896429
v 0.19043639 1.63829851 -0.08009379
v 0.18736798 1.63462603 -0.09118848
v 0.18715495 1.62825894 -0.10254633
v 0.18887673 1.64838195 -0.08548322
v 0.19101949 1.65099573 -0.07324548
v 0.19275479 1.65242398 -0.05976593
v 0.19356531 1.63996542 0.04591487
v 0.18159856 1.61628735 0.08421738
v 0.06069632 1.66395068 -0.11214568
v 0.07198506 1.68241775 -0.12223165
v 0.09200189 1.69673777 -0.12843040
v 0.11677592 1.70301974 -0.12676476
v 0.16767985 1.41211200 -0.13408853
v 0.15037109 1.41006958 0.06629175
v 0.14667782 1.38495159 0.06516879
v 0.15290610 1.38449490 0.04464796
v 0.18193038 1.53170419 0.07316184
v 0.18614011 1.59902894 0.08212253
v -0.03378775 1.57410717 -0.04604094
v -0.04057864 1.57492995 -0.03511230
v -0.03079445 1.58799434 -0.03686303
v -0.02331588 1.58721995 -0.04811328
v -0.01606062 1.57157159 -0.06329009
v -0.02545627 1.57319176 -0.05545362
v -0.01498064 1.58589101 -0.05766388
v -0.00575052 1.58375704 -0.06512016
v -0.00605918 1.56881511 -0.06968045
v 0.00382440 1.58082521 -0.07138315
v -0.03430292 1.55949903 -0.05291826
v -0.04243735 1.56021011 -0.04395707
v -0.04823812 1.56116343 -0.03320463
v -0.01504827 1.55694401 -0.06699646
v -0.02484116 1.55864596 -0.06080551
v -0.02198682 1.79326797 0.03942021
v -0.03665226 1.79499805 0.03466841
v -0.06098133 1.83222950 0.03188818
v -0.06021232 1.83701062 0.03221585
v 0.01258880 1.71826172 0.05322943
v 0.01474622 1.72925830 0.05448081
v -0.05228863 1.57571125 0.04214954
v -0.03875574 1.61073124 0.03886960
v -0.02956953 1.62554002 0.03832332
v -0.02167212 1.64173007 0.03882756
v 0.00739323 1.70733690 0.04997826
v -0.04572720 1.59313595 0.04008134
v 0.13579726 1.12761068 -0.08622639
v 0.15123336 1.10873723 -0.06594549
v 0.15396130 1.14173269 -0.07176057
v 0.16502813 1.12805963 -0.05709935
v 0.13680466 1.21691585 -0.08648553
v 0.14058428 1.18848777 -0.08393995
v 0.13626346 1.24735534 -0.08730586
v 0.17595348 1.12101042 -0.03606035
v 0.18144745 1.11883497 -0.01045066
v 0.19125217 1.14316201 -0.00713161
v 0.15782164 1.24557841 -0.06743294
v 0.15888014 1.21793556 -0.06753521
v 0.16452053 1.15143895 -0.06277345
v 0.14607452 1.16260684 -0.07988214
v 0.16331498 1.16725338 -0.06503953
v 0.18412855 1.14353347 -0.03199318
v 0.17402577 1.14652133 -0.05101575
v 0.17204775 1.30301976 0.03125421
v 0.17834325 1.28262639 0.05604355
v 0.18017823 1.28297949 0.02795554
v 0.14755677 1.31375432 -0.05462601
v 0.16569377 1.29157472 -0.03878478
v 0.17670001 1.16715479 -0.04932835
v 0.18884516 1.16686344 -0.02902362
v 0.19720493 1.16765714 -0.00359787
v 0.19311410 1.24225903 -0.00021750
v 0.19779387 1.21969330 -0.00047674
v 0.19020730 1.21762013 -0.02511957
v 0.18596451 1.24287546 -0.02450763
v 0.17111798 1.26904488 -0.04359784
v 0.17429139 1.24329078 -0.04650055
v 0.18652168 1.26487589 0.00156660
v 0.18080543 1.26660109 -0.02165344
v 0.17444266 1.28866661 -0.01683335
v 0.17658411 1.21675682 -0.04780105
v 0.20073634 1.19516516 0.02852220
v 0.19937892 1.19510484 -0.00098390
v 0.19566734 1.19701433 0.05863144
v 0.17873968 1.28575897 0.00478305
v 0.17051001 1.30536866 0.00913867
v 0.16292033 1.32293737 0.01333003
v 0.15579809 1.38315594 0.02293389
v -0.05785113 0.92226660 -0.06712463
v 0.02231734 1.09159970 0.05588494
v 0.04555115 1.09157145 0.06039541
v 0.02827554 1.16760170 -0.11787860
v 0.09713304 1.14483392 -0.11162688
v 0.12470415 1.15408993 -0.09417747
v -0.03374826 1.10705829 0.02173102
v -0.01542723 1.09737468 0.03992428
v -0.00249808 1.16463292 -0.10579406
v -0.04348714 1.13830256 -0.05977501
v 0.00310082 1.09291267 0.05022264
v 0.16046275 1.19145834 -0.06712958
v 0.17716166 1.19095635 -0.04862182
v 0.19048955 1.19217050 -0.02646450
v 0.19927394 1.17035472 0.02642835
v 0.19338574 1.17358959 0.05698203
v -0.05125060 1.14516878 0.02836390
v -0.05554475 1.15276074 0.03156210
v -0.05696467 1.15012026 0.04100595
v -0.05065476 1.13831985 0.04164164
v -0.02947396 1.26715088 -0.05005080
v -0.04545348 1.26174784 -0.02985148
v -0.06970368 1.25438261 0.01069521
v -0.07736406 1.25231266 0.02994327
v 0.03330285 1.29390228 -0.09440696
v -0.05901447 1.25759268 -0.00920785
v 0.01078250 1.28392982 -0.08511712
v -0.01011716 1.27428329 -0.06961107
v 0.02244559 0.46285212 -0.02005148
v 0.01670273 0.43510759 -0.02027893
v 0.03100069 0.43549168 -0.02231115
v 0.03707782 0.46447456 -0.01989071
v 0.06271708 0.46815646 -0.03860766
v 0.05642483 0.46627343 -0.02659677
v 0.06268917 0.46867979 -0.05310902
v 0.06215107 0.43833029 -0.04907391
v 0.05443542 0.43774617 -0.06039673
v 0.05656451 0.46770346 -0.06598671
v 0.04593934 0.46711743 -0.07402529
v 0.03184079 0.43729830 -0.07452884
v 0.01372451 0.43793654 -0.07464135
v 0.01417053 0.46524429 -0.07952788
v 0.03284302 0.46648276 -0.07861337
v -0.00498277 0.46167541 -0.07211423
v -0.00519121 0.43584764 -0.06856093
v -0.01390280 0.45970750 -0.05576696
v 0.00568388 0.46120143 -0.02348183
v -0.00072075 0.43456936 -0.02198774
v 0.06162678 0.43834484 -0.03515232
v 0.05181460 0.43708563 -0.02550364
v 0.04724140 0.46537554 -0.02056136
v 0.04112869 0.43638432 -0.02393789
v 0.02470565 0.40822458 -0.01968796
v 0.00914932 0.40887451 -0.01495015
v 0.06041162 0.40897560 -0.03127040
v 0.04698285 0.40864491 -0.02659689
v 0.05247587 0.40953624 -0.05505670
v 0.06305864 0.40959883 -0.04510187
v 0.03198507 0.40906012 -0.07421789
v 0.04396790 0.43758488 -0.06799376
v 0.04283421 0.40908825 -0.06508368
v 0.01329757 0.41132081 -0.07572402
v -0.00819985 0.41108489 -0.06912768
v -0.00919258 0.40927529 -0.01943842
v 0.03517202 0.40794754 -0.02407134
v -0.16152050 0.34512746 -0.10871647
v -0.16442895 0.34231675 -0.10301875
v -0.16181122 0.34672844 -0.10158972
v -0.16001368 0.34813201 -0.10566150
v -0.17900804 0.33332241 -0.07464592
v -0.18108813 0.32496130 -0.06535058
v -0.17979306 0.33662546 -0.06075035
v -0.17895901 0.34214807 -0.06781070
v -0.17523946 0.33921635 -0.09107338
v -0.17294145 0.34189880 -0.09824203
v -0.17108679 0.33722126 -0.09761511
v -0.17263348 0.33561325 -0.09298013
v -0.12902465 0.34584796 -0.12455808
v -0.12462126 0.34691751 -0.12963633
v -0.12500755 0.34238422 -0.12968414
v -0.12739506 0.34134352 -0.12669902
v -0.14912301 0.34416175 -0.11606638
v -0.14549443 0.34497631 -0.12107532
v -0.14467852 0.34096515 -0.12118386
v -0.14727415 0.33953941 -0.11827026
v -0.15636782 0.34111249 -0.06705467
v -0.17003171 0.34417772 -0.06791495
v -0.17116992 0.33576286 -0.05694585
v -0.15746439 0.33594906 -0.05316566
v -0.17122346 0.32393491 -0.05539517
v -0.16782762 0.32143724 -0.06510518
v -0.15484063 0.31692517 -0.06234514
v -0.15644477 0.32182193 -0.05176042
v -0.16704284 0.32652950 -0.07720713
v -0.15456833 0.32275474 -0.07577913
v -0.15465562 0.33400691 -0.07941376
v -0.16878371 0.33934426 -0.08160673
v -0.15256959 0.34212244 -0.09595887
v -0.16383159 0.34395742 -0.10082392
v -0.16503243 0.34760058 -0.09251897
v -0.15313607 0.34739327 -0.08811496
v -0.16813384 0.34433019 -0.08500998
v -0.15697177 0.34284759 -0.07787697
v -0.15771039 0.33220196 -0.07964413
v -0.17083238 0.33633769 -0.08293878
v -0.16690780 0.33229911 -0.08918218
v -0.15479653 0.32799733 -0.08575611
v -0.15264975 0.33200014 -0.09386860
v -0.16419190 0.33530939 -0.09765147
v -0.14258301 0.35031545 -0.10298477
v -0.15404487 0.34868121 -0.10531555
v -0.15648471 0.34603822 -0.09883313
v -0.14693300 0.34673035 -0.09409617
v -0.15921970 0.33790445 -0.09818815
v -0.15698251 0.33633816 -0.10409777
v -0.14748417 0.33337295 -0.10090284
v -0.14985539 0.33643234 -0.09517716
v -0.14448158 0.33702469 -0.10892843
v -0.15463912 0.33870435 -0.11108987
v -0.14393429 0.34620738 -0.11011468
v -0.15365766 0.34578264 -0.11234765
v -0.12798363 0.34686792 -0.12239002
v -0.13765329 0.34582245 -0.12375931
v -0.13846593 0.34965348 -0.11835729
v -0.12752514 0.35212266 -0.11660413
v -0.14130799 0.34897745 -0.11302905
v -0.13308205 0.35007703 -0.10996012
v -0.14415395 0.34332931 -0.11127494
v -0.14273204 0.33716357 -0.11618958
v -0.13460515 0.33657122 -0.11486821
v -0.13734300 0.34429145 -0.11006670
v -0.13954706 0.33884144 -0.12228100
v -0.12953337 0.33819783 -0.12149511
v -0.10843758 0.35113394 -0.12654071
v -0.10645062 0.34412229 -0.12996303
v -0.11756450 0.34572399 -0.13062398
v -0.11813819 0.35045481 -0.12708257
v -0.12123069 0.35056496 -0.12279879
v -0.11461024 0.35146904 -0.12130587
v -0.12388755 0.34493458 -0.12103896
v -0.12281661 0.33847034 -0.12454234
v -0.11652336 0.33735418 -0.12394653
v -0.11842196 0.34536469 -0.12132142
v -0.11952193 0.34004927 -0.12984429
v -0.11062151 0.33855677 -0.12853168
v -0.14346536 0.33549273 -0.05038540
v -0.14275222 0.33953798 -0.06909071
v -0.17615521 0.32471263 -0.06761996
v -0.14211001 0.32043338 -0.04955094
v -0.17535627 0.32765770 -0.07440870
v -0.14216815 0.32094717 -0.07714985
v -0.14053112 0.31457460 -0.06074362
v -0.14914468 0.33111203 -0.07722847
v -0.17138939 0.34596384 -0.09424333
v -0.14435539 0.33688748 -0.09315483
v -0.13716756 0.32800615 -0.09444503
v -0.17318119 0.34433293 -0.08990823
v -0.13707420 0.34537435 -0.08615862
v -0.12573448 0.34783733 -0.10197006
v -0.16254671 0.33865511 -0.10601811
v -0.16123480 0.33979380 -0.10965024
v -0.12765028 0.33240139 -0.11021928
v -0.13467042 0.34477401 -0.10968827
v -0.14435224 0.34881485 -0.11882238
v -0.11781228 0.34646809 -0.12206952
v -0.11379261 0.33451438 -0.12170343
v -0.14613695 0.34799480 -0.11543588
v -0.11141597 0.35068738 -0.11509047
v -0.12308508 0.34908211 -0.12698589
v -0.09389764 0.34080231 -0.12861408
v -0.09942786 0.33475113 -0.12778719
v -0.12530760 0.34951961 -0.12449734
v -0.09739178 0.35022080 -0.12437634
v -0.00724276 0.45912182 -0.02988417
v -0.01357248 0.43351674 -0.02967675
v -0.01400838 0.45795953 -0.04107657
v -0.01573153 0.43328989 -0.05438865
v -0.01781839 0.43221223 -0.04190655
v -0.02356625 0.40985394 -0.03028980
v -0.02068017 0.40963817 -0.05594115
v -0.02578779 0.40892124 -0.04434127
v 0.03616718 0.38765633 -0.07433625
v 0.01654511 0.38891697 -0.07879022
v 0.04572659 0.38760054 -0.06265715
v 0.06596339 0.38707447 -0.04188184
v 0.05654975 0.38756788 -0.05341377
v -0.03533201 0.38922262 -0.03264739
v -0.01773214 0.38664210 -0.02126845
v -0.03891427 0.39002275 -0.04826630
v -0.03111250 0.39192915 -0.06286603
v -0.12788831 0.33629394 -0.04333146
v -0.10707085 0.33729172 -0.04024290
v -0.10601623 0.34887695 -0.05147000
v -0.12475327 0.34332561 -0.05993285
v -0.09793276 0.35293639 -0.06937845
v -0.11733168 0.34611511 -0.07719420
v -0.08721294 0.35356510 -0.08562236
v -0.10636003 0.34889317 -0.09331866
v -0.07564475 0.35173893 -0.09970815
v -0.09374817 0.34949601 -0.10771032
v -0.06481493 0.34559631 -0.11186056
v -0.08257252 0.34737504 -0.11972828
v -0.05899667 0.33568239 -0.12044926
v -0.07783806 0.33754730 -0.12757926
v -0.12629490 0.31851673 -0.04314603
v -0.10530238 0.32083225 -0.03964241
v -0.12322004 0.31039798 -0.05674683
v -0.10228038 0.30844605 -0.05274095
v -0.11911081 0.31387269 -0.07365043
v -0.09718935 0.31096590 -0.06897716
v -0.06281942 0.32380211 -0.11904356
v -0.08314578 0.32782364 -0.12574066
v -0.11130258 0.31924832 -0.09030573
v -0.08913238 0.31602883 -0.08480264
v -0.10195190 0.32258999 -0.10529520
v -0.07968487 0.31863666 -0.09905384
v -0.09214017 0.32496059 -0.11709766
v -0.07046077 0.32017255 -0.11057964
v -0.08297767 0.35724008 -0.04370930
v -0.07758366 0.36442769 -0.06136570
v -0.06629898 0.36374927 -0.07738757
v -0.05433765 0.35837531 -0.09055619
v -0.04359579 0.34796560 -0.10191609
v -0.03767318 0.33753443 -0.11138912
v -0.02794110 0.36997020 -0.08459863
v -0.01972925 0.34938419 -0.09215249
v -0.01572050 0.33719063 -0.10019419
v 0.00539367 0.35025275 -0.08495842
v 0.00659670 0.33659077 -0.08977215
v 0.04616826 0.34811294 -0.07081027
v 0.04868248 0.33303034 -0.07563584
v 0.02943122 0.33604562 -0.08220574
v 0.02821501 0.34985089 -0.07727650
v -0.00008359 0.36942387 -0.08046888
v 0.02361568 0.36924458 -0.07525112
v 0.04073237 0.36825860 -0.06861830
v 0.06892194 0.33045292 -0.05645682
v 0.06085585 0.33114660 -0.06762330
v 0.05872262 0.34704864 -0.06450592
v 0.06886800 0.34676445 -0.05537019
v 0.07463621 0.34519207 -0.03844083
v 0.07090178 0.32824957 -0.03959776
v 0.06195997 0.34300566 -0.02390133
v 0.05993974 0.32658911 -0.02458346
v 0.06252301 0.36765492 -0.05374476
v 0.05219421 0.36743844 -0.06125543
v 0.06988962 0.36677122 -0.04006853
v 0.05989031 0.36522639 -0.02678147
v 0.04301497 0.36460972 -0.02609974
v 0.04281488 0.34255266 -0.02271107
v 0.04131128 0.32662547 -0.02034645
v -0.08165686 0.34012735 -0.03751815
v -0.07904677 0.32730091 -0.03914912
v -0.04705476 0.37806797 -0.07078704
v -0.05725456 0.37718511 -0.05353183
v -0.05359368 0.36893773 -0.03471139
v -0.05387821 0.34505117 -0.03153701
v -0.05081539 0.33126712 -0.03749793
v -0.02597117 0.33239305 -0.03406367
v -0.02781231 0.34504020 -0.02655033
v -0.07545431 0.31666958 -0.04840714
v -0.04756619 0.32439685 -0.04615268
v -0.02331782 0.32617450 -0.04137768
v -0.00499322 0.33125579 -0.02826156
v -0.00556668 0.34396362 -0.02332437
v 0.01202117 0.33014762 -0.02486839
v 0.01263550 0.34446406 -0.02284814
v 0.02717439 0.34420621 -0.02310459
v 0.02602449 0.32841301 -0.02215322
v 0.01525963 0.36503756 -0.02199075
v 0.02861256 0.36543179 -0.02391799
v -0.00334030 0.36399925 -0.02109291
v -0.02638916 0.36524916 -0.02330798
v -0.03993167 0.32434869 -0.10995050
v -0.01737969 0.32581985 -0.09981535
v 0.00522583 0.32655621 -0.08941236
v 0.02741881 0.32472205 -0.08071485
v 0.04432431 0.32182229 -0.07159698
v 0.05453686 0.32024932 -0.06378783
v 0.06227570 0.31941426 -0.04032623
v 0.06176704 0.31984162 -0.05397897
v 0.05468948 0.31824327 -0.02987926
v 0.03951006 0.31742013 -0.02711614
v 0.02627009 0.31770217 -0.02851545
v -0.00289131 0.32327032 -0.03518273
v 0.01305584 0.31964099 -0.03102406
v 0.00251197 0.38500535 -0.01586411
v 0.02043949 0.38523173 -0.01831424
v 0.03186788 0.38527977 -0.02209760
v 0.05817131 0.38621950 -0.02916259
v 0.04354601 0.38591981 -0.02568424
v -0.07051830 0.31447017 -0.06242034
v -0.06280006 0.31751502 -0.07740553
v -0.05395498 0.31893694 -0.09095243
v -0.04613884 0.32010972 -0.10163771
v -0.02199701 0.32099771 -0.09273852
v -0.02806560 0.32035077 -0.08247791
v -0.03558033 0.31958592 -0.06942289
v -0.04288844 0.32082021 -0.05633689
v 0.00034930 0.32146204 -0.08241208
v -0.00534172 0.32002842 -0.07330117
v -0.01150101 0.31967056 -0.06121740
v -0.01876605 0.32132721 -0.05019929
v 0.00172284 0.31812334 -0.04337786
v 0.00917468 0.31734228 -0.05283417
v 0.01479751 0.31795430 -0.06359446
v 0.02121716 0.31975389 -0.07233016
v 0.03698014 0.31801796 -0.06404698
v 0.03009730 0.31698728 -0.05592856
v 0.02416068 0.31620741 -0.04651054
v 0.01796803 0.31638551 -0.03895365
v 0.04604435 0.31749570 -0.05762578
v 0.05413362 0.31657755 -0.04248728
v 0.05202806 0.31731391 -0.05096512
v 0.04993298 0.31562877 -0.03552883
v 0.03947888 0.31534326 -0.03452365
v 0.02906772 0.31552041 -0.03616263
v 0.03347716 0.31589377 -0.04321774
v 0.04089791 0.31588352 -0.04102447
v 0.03887454 0.31675792 -0.05147257
v 0.04516900 0.31677938 -0.04731535
v 0.04680976 0.31608510 -0.04006033
v 0.04883632 0.31649148 -0.04330426
v -0.01138358 0.38859296 -0.07269530
v -0.04472232 0.74107391 -0.03603004
v -0.03735497 0.74404961 -0.02167094
v -0.04608968 0.74335313 -0.05244904
v -0.02473543 1.16215158 -0.08504477
v -0.04075078 1.38820887 -0.02196283
v -0.03452272 1.42896569 -0.02059426
v -0.03801991 1.40807688 -0.02110318
v -0.02967900 1.13855219 -0.08802451
v 0.01999737 1.45660257 -0.06303625
v -0.01196409 1.60035503 -0.04949619
v 0.05223152 1.90884948 -0.02135645
v 0.05319506 1.90568149 -0.01881629
v 0.05539357 1.90331471 -0.01712288
v 0.05786155 1.90132177 -0.01610156
v 0.06062262 1.89986217 -0.01437963
v 0.06350209 1.90058768 -0.01145979
v 0.05796912 1.90496445 -0.01815845
v 0.05945894 1.90804577 -0.01497353
v 0.05794792 1.90977705 -0.01568870
v 0.05626475 1.90692186 -0.01917684
f 2 3 1
f 1 3 4
f 3 2 5
f 5 2 6
f 3 7 4
f 4 7 8
f 10 11 9
f 9 11 12
f 14 15 13
f 13 15 16
f 18 19 17
f 17 19 20
f 22 23 21
f 21 23 24
f 26 18 25
f 25 18 17
f 27 28 17
f 17 28 25
f 30 31 29
f 29 31 32
f 34 35 33
f 33 35 36
f 21 24 37
f 37 24 38
f 40 31 39
f 39 31 38
f 34 33 28
f 28 33 25
f 41 42 44
f 44 42 43
f 36 45 33
f 33 45 25
f 46 47 49
f 49 47 48
f 51 52 50
f 50 52 53
f 55 53 54
f 54 53 52
f 57 58 56
f 56 58 59
f 61 62 60
f 60 62 63
f 65 66 64
f 64 66 67
f 69 70 68
f 68 70 71
f 65 73 72
f 72 73 74
f 64 75 65
f 65 75 73
f 77 78 76
f 76 78 79
f 80 81 83
f 83 81 82
f 81 85 84
f 84 85 86
f 88 89 87
f 87 89 69
f 88 87 90
f 90 87 91
f 93 94 92
f 92 94 95
f 96 84 43
f 43 84 44
f 51 98 97
f 97 98 86
f 97 99 51
f 51 99 52
f 54 52 100
f 100 52 99
f 58 101 59
f 59 101 102
f 62 103 63
f 63 103 104
f 105 106 6
f 6 106 5
f 108 109 107
f 107 109 110
f 112 113 111
f 111 113 114
f 116 117 115
f 115 117 118
f 120 121 119
f 119 121 122
f 124 125 123
f 123 125 126
f 128 129 127
f 127 129 130
f 130 131 127
f 127 131 132
f 134 1 133
f 133 1 135
f 1 4 135
f 135 4 136
f 4 8 136
f 136 8 137
f 138 139 15
f 15 139 140
f 140 139 141
f 141 139 142
f 144 57 143
f 143 57 56
f 145 146 141
f 141 146 147
f 146 149 148
f 148 149 150
f 152 153 151
f 151 153 154
f 141 147 140
f 140 147 155
f 157 11 156
f 156 11 158
f 160 161 159
f 159 161 162
f 164 165 163
f 163 165 166
f 165 160 166
f 166 160 159
f 168 169 167
f 167 169 170
f 169 171 170
f 170 171 172
f 149 173 150
f 150 173 174
f 175 176 149
f 149 176 173
f 178 172 177
f 177 172 171
f 180 181 179
f 179 181 182
f 184 180 183
f 183 180 179
f 186 187 185
f 185 187 188
f 190 191 189
f 189 191 192
f 7 193 8
f 8 193 194
f 196 162 195
f 195 162 161
f 197 168 198
f 198 168 167
f 181 199 182
f 182 199 200
f 202 203 201
f 201 203 204
f 187 186 205
f 205 186 206
f 208 209 207
f 207 209 210
f 212 213 211
f 211 213 214
f 215 216 218
f 218 216 217
f 220 209 219
f 219 209 208
f 204 186 221
f 221 186 185
f 201 204 222
f 222 204 221
f 223 211 220
f 220 211 209
f 224 225 214
f 214 225 210
f 203 206 204
f 204 206 186
f 227 187 226
f 226 187 205
f 27 228 21
f 21 228 22
f 230 231 229
f 229 231 232
f 234 235 233
f 233 235 236
f 238 239 237
f 237 239 240
f 119 122 118
f 118 122 115
f 112 242 241
f 241 242 243
f 98 51 244
f 244 51 50
f 245 138 14
f 14 138 15
f 11 10 158
f 158 10 246
f 89 85 69
f 69 85 70
f 11 157 12
f 12 157 247
f 249 164 248
f 248 164 163
f 177 250 178
f 178 250 251
f 253 254 252
f 252 254 255
f 187 227 188
f 188 227 256
f 212 257 213
f 213 257 258
f 260 134 259
f 259 134 133
f 165 164 135
f 135 164 133
f 160 165 136
f 136 165 135
f 136 137 160
f 160 137 161
f 137 261 161
f 161 261 195
f 263 264 262
f 262 264 265
f 13 16 266
f 266 16 267
f 268 267 155
f 155 267 16
f 147 269 155
f 155 269 268
f 162 196 167
f 167 196 198
f 167 170 162
f 162 170 159
f 170 172 159
f 159 172 166
f 172 178 166
f 166 178 163
f 178 251 163
f 163 251 248
f 168 270 169
f 169 270 271
f 272 273 171
f 171 273 177
f 271 272 169
f 169 272 171
f 168 197 270
f 270 197 274
f 250 177 275
f 275 177 273
f 277 45 276
f 276 45 278
f 280 281 279
f 279 281 282
f 284 104 283
f 283 104 103
f 285 215 286
f 286 215 218
f 288 289 287
f 287 289 290
f 291 80 66
f 66 80 83
f 293 294 292
f 292 294 295
f 73 91 74
f 74 91 87
f 91 73 92
f 92 73 75
f 279 77 280
f 280 77 76
f 80 291 70
f 70 291 71
f 277 47 96
f 96 47 82
f 297 175 296
f 296 175 149
f 299 154 298
f 298 154 153
f 225 300 210
f 210 300 207
f 224 301 206
f 206 301 205
f 210 209 214
f 214 209 211
f 226 205 302
f 302 205 301
f 304 305 303
f 303 305 306
f 308 309 307
f 307 309 310
f 72 291 65
f 65 291 66
f 66 83 67
f 67 83 46
f 312 313 311
f 311 313 314
f 316 317 315
f 315 317 36
f 29 318 35
f 35 318 319
f 321 32 320
f 320 32 322
f 311 314 323
f 323 314 324
f 315 325 316
f 316 325 326
f 318 287 319
f 319 287 290
f 328 321 327
f 327 321 320
f 329 330 39
f 39 330 331
f 332 333 40
f 40 333 322
f 309 334 285
f 285 334 335
f 236 2 134
f 134 2 1
f 260 336 233
f 233 336 337
f 237 14 265
f 265 14 13
f 84 86 44
f 44 86 98
f 189 192 7
f 7 192 193
f 44 98 41
f 41 98 244
f 237 240 14
f 14 240 245
f 7 3 189
f 189 3 5
f 338 71 72
f 72 71 291
f 262 265 266
f 266 265 13
f 124 123 339
f 339 123 105
f 123 109 105
f 105 109 106
f 189 5 190
f 190 5 106
f 111 114 12
f 12 114 9
f 264 340 265
f 265 340 237
f 342 343 341
f 341 343 344
f 6 235 105
f 105 235 339
f 234 346 345
f 345 346 347
f 349 350 348
f 348 350 351
f 107 352 108
f 108 352 353
f 355 356 354
f 354 356 357
f 237 340 238
f 238 340 358
f 12 247 111
f 111 247 359
f 264 263 116
f 116 263 360
f 361 362 222
f 222 362 201
f 364 365 363
f 363 365 366
f 368 369 367
f 367 369 370
f 372 373 371
f 371 373 374
f 375 376 372
f 372 376 377
f 378 379 381
f 381 379 380
f 382 383 269
f 269 383 268
f 150 174 365
f 365 174 384
f 380 377 381
f 381 377 376
f 271 270 180
f 180 270 181
f 273 272 252
f 252 272 184
f 272 271 184
f 184 271 180
f 181 270 274
f 252 255 273
f 273 255 275
f 254 385 255
f 255 385 386
f 387 388 179
f 179 388 183
f 389 387 182
f 182 387 179
f 182 200 389
f 389 200 390
f 388 391 183
f 183 391 253
f 391 392 253
f 253 392 254
f 394 379 393
f 393 379 378
f 185 188 395
f 395 188 396
f 221 185 397
f 397 185 395
f 222 221 398
f 398 221 397
f 188 256 396
f 396 256 399
f 400 401 256
f 256 401 399
f 402 403 405
f 405 403 404
f 148 150 364
f 364 150 365
f 393 406 394
f 394 406 407
f 158 246 393
f 393 246 406
f 342 19 238
f 238 19 239
f 23 22 350
f 350 22 354
f 244 50 245
f 245 50 138
f 55 142 53
f 53 142 139
f 145 144 296
f 296 144 143
f 355 228 341
f 341 228 20
f 41 240 42
f 42 240 239
f 283 308 284
f 284 308 307
f 349 409 408
f 408 409 410
f 244 245 41
f 41 245 240
f 268 383 406
f 406 383 407
f 346 411 349
f 349 411 409
f 251 412 248
f 248 412 413
f 275 414 250
f 250 414 415
f 25 45 26
f 26 45 277
f 43 26 96
f 96 26 277
f 416 417 61
f 61 417 62
f 329 24 408
f 408 24 23
f 31 40 32
f 32 40 322
f 39 38 329
f 329 38 24
f 37 38 30
f 30 38 31
f 418 419 421
f 421 419 420
f 78 295 79
f 79 295 294
f 124 339 422
f 422 339 345
f 232 131 357
f 357 131 351
f 2 236 6
f 6 236 235
f 252 184 253
f 253 184 183
f 227 423 256
f 256 423 400
f 423 227 305
f 305 227 226
f 424 258 425
f 425 258 257
f 426 427 212
f 212 427 257
f 259 133 249
f 249 133 164
f 419 418 428
f 428 418 429
f 327 430 328
f 328 430 288
f 49 431 46
f 46 431 67
f 306 302 424
f 424 302 258
f 313 432 314
f 314 432 433
f 32 321 29
f 29 321 318
f 324 314 433
f 287 318 328
f 328 318 321
f 134 260 236
f 236 260 233
f 345 339 234
f 234 339 235
f 357 351 354
f 354 351 350
f 408 23 349
f 349 23 350
f 317 278 36
f 36 278 45
f 432 313 429
f 429 313 428
f 435 428 434
f 434 428 313
f 42 239 18
f 18 239 19
f 43 42 26
f 26 42 18
f 121 120 436
f 436 120 437
f 302 301 258
f 258 301 213
f 110 109 126
f 126 109 123
f 238 358 342
f 342 358 343
f 341 20 342
f 342 20 19
f 322 438 320
f 320 438 439
f 320 439 327
f 327 439 430
f 333 440 322
f 322 440 438
f 289 288 323
f 323 288 430
f 115 340 116
f 116 340 264
f 146 145 149
f 149 145 296
f 15 140 16
f 16 140 155
f 441 442 152
f 152 442 153
f 225 224 203
f 203 224 206
f 175 297 154
f 154 297 151
f 293 443 294
f 294 443 444
f 248 413 249
f 249 413 445
f 446 447 400
f 400 447 401
f 388 387 396
f 396 387 395
f 387 389 395
f 395 389 397
f 391 388 399
f 399 388 396
f 401 392 399
f 399 392 391
f 255 386 275
f 275 386 414
f 449 450 448
f 448 450 451
f 335 452 285
f 285 452 215
f 453 298 442
f 442 298 153
f 211 223 212
f 212 223 426
f 425 257 454
f 454 257 427
f 266 10 262
f 262 10 9
f 360 113 456
f 456 113 455
f 8 194 137
f 137 194 261
f 10 266 246
f 246 266 267
f 203 202 225
f 225 202 300
f 262 9 263
f 263 9 114
f 108 353 190
f 190 353 191
f 389 390 397
f 397 390 398
f 457 422 128
f 128 422 129
f 156 158 378
f 378 158 393
f 347 346 348
f 348 346 349
f 447 458 401
f 401 458 392
f 364 382 148
f 148 382 269
f 55 54 57
f 57 54 58
f 75 64 459
f 459 64 460
f 100 90 101
f 101 90 95
f 101 58 100
f 100 58 54
f 142 55 144
f 144 55 57
f 147 146 269
f 269 146 148
f 459 93 75
f 75 93 92
f 144 145 142
f 142 145 141
f 228 27 20
f 20 27 17
f 154 299 175
f 175 299 176
f 214 213 224
f 224 213 301
f 424 461 306
f 306 461 303
f 285 286 309
f 309 286 310
f 462 334 308
f 308 334 309
f 302 306 226
f 226 306 305
f 37 28 21
f 21 28 27
f 29 35 30
f 30 35 34
f 30 34 37
f 37 34 28
f 344 436 356
f 356 436 229
f 325 290 326
f 326 290 289
f 311 439 312
f 312 439 438
f 35 319 36
f 36 319 315
f 439 311 430
f 430 311 323
f 315 319 325
f 325 319 290
f 440 463 438
f 438 463 312
f 341 344 355
f 355 344 356
f 360 456 116
f 116 456 117
f 354 22 355
f 355 22 228
f 326 289 324
f 324 289 323
f 74 87 68
f 68 87 69
f 50 53 138
f 138 53 139
f 268 406 267
f 267 406 246
f 190 106 108
f 108 106 109
f 241 455 112
f 112 455 113
f 358 122 343
f 343 122 121
f 129 347 130
f 130 347 348
f 348 351 130
f 130 351 131
f 229 232 356
f 356 232 357
f 340 115 358
f 358 115 122
f 111 359 112
f 112 359 242
f 125 124 457
f 457 124 422
f 231 132 232
f 232 132 131
f 343 121 344
f 344 121 436
f 263 114 360
f 360 114 113
f 347 129 345
f 345 129 422
f 230 229 437
f 437 229 436
f 464 446 423
f 423 446 400
f 465 466 468
f 468 466 467
f 470 471 469
f 469 471 472
f 469 472 373
f 373 472 374
f 474 469 473
f 473 469 373
f 471 475 472
f 472 475 476
f 472 477 374
f 374 477 478
f 477 472 476
f 479 480 476
f 476 480 477
f 473 373 377
f 377 373 372
f 481 482 479
f 479 482 480
f 483 484 481
f 481 484 482
f 403 402 485
f 485 402 486
f 487 488 483
f 483 488 484
f 487 489 488
f 488 489 490
f 489 491 490
f 490 491 492
f 491 493 492
f 492 493 494
f 493 495 494
f 494 495 496
f 497 498 481
f 481 498 483
f 484 499 482
f 482 499 367
f 370 480 367
f 367 480 482
f 480 370 477
f 477 370 478
f 500 497 479
f 479 497 481
f 451 473 380
f 380 473 377
f 448 451 379
f 379 451 380
f 501 502 504
f 504 502 503
f 449 505 507
f 507 505 506
f 486 508 505
f 505 508 506
f 508 509 506
f 506 509 510
f 511 507 510
f 510 507 506
f 509 508 512
f 512 508 513
f 515 509 514
f 514 509 512
f 509 515 510
f 510 515 516
f 510 516 511
f 511 516 517
f 486 505 485
f 485 505 518
f 505 449 518
f 518 449 448
f 383 382 403
f 403 382 404
f 363 404 364
f 364 404 382
f 403 485 383
f 383 485 407
f 519 520 361
f 361 520 362
f 522 496 521
f 521 496 495
f 450 474 451
f 451 474 473
f 363 366 523
f 523 366 524
f 525 499 488
f 488 499 484
f 488 490 525
f 525 490 526
f 496 522 520
f 520 522 527
f 494 496 519
f 519 496 520
f 492 494 528
f 528 494 519
f 529 530 495
f 495 530 521
f 490 492 526
f 526 492 528
f 529 495 531
f 531 495 493
f 533 534 532
f 532 534 535
f 523 524 533
f 533 524 534
f 486 402 532
f 532 402 533
f 529 536 530
f 530 536 537
f 536 538 537
f 537 538 539
f 540 541 539
f 539 541 537
f 530 537 535
f 535 537 541
f 542 539 543
f 543 539 538
f 539 542 540
f 540 542 544
f 541 540 513
f 513 540 512
f 540 544 512
f 512 544 514
f 546 547 545
f 545 547 548
f 549 550 531
f 531 550 551
f 550 549 552
f 552 549 553
f 546 550 554
f 554 550 552
f 547 546 555
f 555 546 554
f 498 556 558
f 558 556 557
f 559 557 560
f 560 557 556
f 561 562 560
f 560 562 559
f 557 559 552
f 552 559 554
f 559 562 554
f 554 562 555
f 558 557 553
f 553 557 552
f 475 471 563
f 563 471 564
f 565 563 567
f 567 563 566
f 471 470 564
f 564 470 466
f 564 466 568
f 568 466 465
f 568 465 569
f 569 465 570
f 572 573 571
f 571 573 574
f 569 575 567
f 567 575 576
f 577 565 576
f 576 565 567
f 578 579 581
f 581 579 580
f 575 561 576
f 576 561 560
f 556 577 560
f 560 577 576
f 577 556 497
f 497 556 498
f 565 577 500
f 500 577 497
f 563 565 475
f 475 565 500
f 553 489 558
f 558 489 487
f 531 493 549
f 549 493 491
f 489 553 491
f 491 553 549
f 394 407 518
f 518 407 485
f 518 448 394
f 394 448 379
f 545 548 538
f 538 548 543
f 551 545 536
f 536 545 538
f 536 529 551
f 551 529 531
f 507 582 449
f 449 582 450
f 511 583 507
f 507 583 582
f 511 517 583
f 583 517 584
f 585 586 588
f 588 586 587
f 590 591 589
f 589 591 592
f 591 590 593
f 593 590 594
f 596 597 595
f 595 597 598
f 599 600 602
f 602 600 601
f 604 605 603
f 603 605 606
f 608 609 607
f 607 609 610
f 612 613 611
f 611 613 614
f 615 616 618
f 618 616 617
f 620 621 619
f 619 621 622
f 624 625 623
f 623 625 626
f 628 629 627
f 627 629 630
f 632 633 631
f 631 633 634
f 635 636 638
f 638 636 637
f 639 640 642
f 642 640 641
f 644 645 643
f 643 645 646
f 619 622 647
f 647 622 648
f 650 651 649
f 649 651 652
f 601 653 602
f 602 653 654
f 656 657 655
f 655 657 658
f 660 661 659
f 659 661 662
f 664 665 663
f 663 665 666
f 593 594 667
f 667 594 668
f 669 670 672
f 672 670 671
f 673 674 676
f 676 674 675
f 633 632 677
f 677 632 678
f 663 666 679
f 679 666 680
f 681 682 684
f 684 682 683
f 686 687 685
f 685 687 688
f 690 661 689
f 689 661 691
f 693 686 692
f 692 686 685
f 695 597 694
f 694 597 668
f 594 696 668
f 668 696 694
f 697 698 696
f 696 698 699
f 700 701 697
f 697 701 698
f 702 585 703
f 703 585 588
f 671 690 672
f 672 690 689
f 640 639 704
f 704 639 705
f 679 706 663
f 663 706 658
f 708 709 707
f 707 709 710
f 711 712 610
f 610 712 607
f 713 714 716
f 716 714 715
f 717 718 720
f 720 718 719
f 722 634 721
f 721 634 633
f 724 725 723
f 723 725 726
f 728 729 727
f 727 729 730
f 732 733 731
f 731 733 734
f 707 710 735
f 735 710 736
f 643 737 644
f 644 737 738
f 740 741 739
f 739 741 742
f 608 744 743
f 743 744 745
f 747 748 746
f 746 748 749
f 751 752 750
f 750 752 753
f 754 755 757
f 757 755 756
f 758 759 761
f 761 759 760
f 763 764 762
f 762 764 765
f 767 768 766
f 766 768 769
f 771 772 770
f 770 772 773
f 775 776 774
f 774 776 777
f 779 780 778
f 778 780 781
f 783 712 782
f 782 712 784
f 785 786 788
f 788 786 787
f 790 628 789
f 789 628 627
f 792 793 791
f 791 793 794
f 795 796 726
f 726 796 723
f 798 799 797
f 797 799 800
f 721 633 801
f 801 633 677
f 797 800 802
f 802 800 803
f 805 806 804
f 804 806 807
f 809 810 808
f 808 810 811
f 813 814 812
f 812 814 815
f 809 808 817
f 817 808 816
f 818 819 804
f 804 819 805
f 820 821 818
f 818 821 819
f 821 820 587
f 587 820 822
f 809 823 810
f 810 823 824
f 814 807 815
f 815 807 806
f 826 426 825
f 825 426 223
f 426 826 427
f 427 826 827
f 828 829 454
f 454 829 830
f 831 832 677
f 677 832 801
f 834 835 833
f 833 835 836
f 838 839 837
f 837 839 840
f 841 842 844
f 844 842 843
f 845 846 803
f 803 846 802
f 847 831 678
f 678 831 677
f 848 849 851
f 851 849 850
f 853 854 852
f 852 854 855
f 857 858 856
f 856 858 680
f 860 861 859
f 859 861 862
f 864 865 863
f 863 865 866
f 868 869 867
f 867 869 870
f 839 871 840
f 840 871 872
f 849 848 874
f 874 848 873
f 876 877 875
f 875 877 878
f 880 881 879
f 879 881 882
f 883 884 886
f 886 884 885
f 846 887 802
f 802 887 888
f 890 891 889
f 889 891 888
f 893 894 892
f 892 894 895
f 896 897 728
f 728 897 729
f 899 900 898
f 898 900 901
f 902 852 904
f 904 852 903
f 849 905 850
f 850 905 906
f 875 878 907
f 907 878 908
f 910 911 909
f 909 911 912
f 914 915 913
f 913 915 916
f 917 918 862
f 862 918 859
f 919 920 856
f 856 920 921
f 923 924 922
f 922 924 925
f 926 927 925
f 925 927 922
f 929 930 928
f 928 930 693
f 932 695 931
f 931 695 694
f 823 867 824
f 824 867 933
f 935 936 934
f 934 936 937
f 938 868 823
f 823 868 867
f 940 847 939
f 939 847 678
f 632 655 678
f 678 655 939
f 941 942 619
f 619 942 620
f 687 943 688
f 688 943 944
f 851 850 945
f 945 850 903
f 850 906 903
f 903 906 904
f 946 947 949
f 949 947 948
f 951 952 950
f 950 952 953
f 955 956 954
f 954 956 957
f 907 958 875
f 875 958 874
f 960 961 959
f 959 961 962
f 963 853 902
f 902 853 852
f 909 964 910
f 910 964 965
f 967 968 966
f 966 968 969
f 971 972 970
f 970 972 973
f 974 960 975
f 975 960 959
f 977 978 976
f 976 978 979
f 981 977 980
f 980 977 976
f 980 982 981
f 981 982 983
f 985 983 984
f 984 983 982
f 984 986 985
f 985 986 987
f 989 990 988
f 988 990 991
f 993 994 992
f 992 994 995
f 997 998 996
f 996 998 999
f 1001 1002 1000
f 1000 1002 1003
f 1005 1006 1004
f 1004 1006 1007
f 1004 1008 1005
f 1005 1008 1009
f 1008 1010 1009
f 1009 1010 1011
f 1013 1011 1012
f 1012 1011 1010
f 1014 1015 1017
f 1017 1015 1016
f 1019 1020 1018
f 1018 1020 1021
f 1022 1023 976
f 976 1023 980
f 1024 1025 982
f 982 1025 984
f 992 995 1026
f 1026 995 1027
f 956 955 1028
f 1028 955 1029
f 1030 1031 1033
f 1033 1031 1032
f 1010 1008 1034
f 1034 1008 1035
f 1008 1004 1035
f 1035 1004 1036
f 1037 1038 1002
f 1002 1038 1007
f 1002 1001 1037
f 1037 1001 1039
f 1040 1041 997
f 997 1041 998
f 1015 1014 1043
f 1043 1014 1042
f 1044 1045 1047
f 1047 1045 1046
f 1044 1020 1048
f 1048 1020 1049
f 1050 1051 1003
f 1003 1051 1000
f 1052 1050 1006
f 1006 1050 1003
f 1053 1054 1011
f 1011 1054 1009
f 1013 1045 1055
f 1055 1045 1056
f 1058 1059 1057
f 1057 1059 1060
f 1062 1063 1061
f 1061 1063 1064
f 1065 1066 1050
f 1050 1066 1051
f 1067 1065 1052
f 1052 1065 1050
f 1068 1069 1054
f 1054 1069 1070
f 1071 1068 1053
f 1053 1068 1054
f 1073 1071 1072
f 1072 1071 1074
f 1074 1071 1055
f 1055 1071 1053
f 1076 1077 1075
f 1075 1077 1078
f 1079 1080 1057
f 1057 1080 1058
f 1081 1082 1064
f 1064 1082 1061
f 1084 1085 1083
f 1083 1085 1086
f 1088 1089 1087
f 1087 1089 1090
f 1092 1093 1091
f 1091 1093 1094
f 1096 1097 1095
f 1095 1097 1098
f 1099 1100 1102
f 1102 1100 1101
f 1103 1104 1099
f 1099 1104 1100
f 1106 1107 1105
f 1105 1107 1108
f 1110 1111 1109
f 1109 1111 1112
f 1114 1115 1113
f 1113 1115 1116
f 1118 1119 1117
f 1117 1119 1077
f 1117 1120 1122
f 1122 1120 1121
f 1105 1123 1106
f 1106 1123 1124
f 1125 1126 1128
f 1128 1126 1127
f 1130 1131 1129
f 1129 1131 1132
f 1134 1135 1133
f 1133 1135 1114
f 1113 1136 1114
f 1114 1136 1133
f 1118 1137 1113
f 1113 1137 1136
f 1118 1117 1137
f 1137 1117 1122
f 1139 1140 1138
f 1138 1140 1141
f 1143 953 1142
f 1142 953 952
f 1145 957 1144
f 1144 957 956
f 1028 1146 956
f 956 1146 1144
f 1014 1147 1042
f 1042 1147 1148
f 1014 1017 1147
f 1147 1017 1149
f 1059 1058 1150
f 1150 1058 1151
f 1153 1080 1152
f 1152 1080 1154
f 1156 1088 1155
f 1155 1088 1087
f 1157 1158 1106
f 1106 1158 1107
f 1106 1124 1157
f 1157 1124 1159
f 1161 1162 1160
f 1160 1162 1163
f 1165 1166 1164
f 1164 1166 1167
f 1168 1031 1012
f 1012 1031 1046
f 1024 1023 1035
f 1035 1023 1034
f 1036 1038 1025
f 1025 1038 1169
f 1170 1171 1039
f 1039 1171 1037
f 1028 1029 1042
f 1042 1029 1043
f 1172 1173 1175
f 1175 1173 1174
f 1055 1053 1013
f 1013 1053 1011
f 1005 1009 1070
f 1070 1009 1054
f 996 999 1062
f 1062 999 1063
f 1016 1060 1017
f 1017 1060 1059
f 1017 1059 1149
f 1149 1059 1150
f 1177 1178 1176
f 1176 1178 1103
f 1176 1072 1179
f 1179 1072 1074
f 1073 1102 1086
f 1086 1102 1083
f 1180 1181 1067
f 1067 1181 1065
f 1182 1183 1184
f 1184 1183 1181
f 1186 1187 1185
f 1185 1187 1188
f 1189 1190 798
f 798 1190 799
f 1192 1193 1191
f 1191 1193 1194
f 1195 1196 1194
f 1194 1196 1191
f 1196 1195 1198
f 1198 1195 1197
f 1200 674 1199
f 1199 674 673
f 928 1201 1203
f 1203 1201 1202
f 861 1204 862
f 862 1204 921
f 1205 1206 913
f 913 1206 1207
f 882 1208 879
f 879 1208 1209
f 1210 1211 1167
f 1167 1211 1164
f 1212 769 1213
f 1213 769 768
f 727 1214 728
f 728 1214 1215
f 1217 1218 1216
f 1216 1218 1219
f 1220 813 1221
f 1221 813 812
f 827 828 427
f 427 828 454
f 1223 1224 1222
f 1222 1224 1165
f 1226 1227 1225
f 1225 1227 1228
f 851 1229 848
f 848 1229 1230
f 834 854 835
f 835 854 1231
f 1233 1234 1232
f 1232 1234 1235
f 1237 751 1236
f 1236 751 750
f 743 819 1238
f 1238 819 821
f 1240 1241 1239
f 1239 1241 1242
f 1244 1245 1243
f 1243 1245 1246
f 844 1247 841
f 841 1247 1248
f 1250 1251 1249
f 1249 1251 1252
f 1254 893 1253
f 1253 893 1237
f 1255 1256 1258
f 1258 1256 1257
f 1260 1261 1259
f 1259 1261 1262
f 945 903 855
f 855 903 852
f 855 1263 945
f 945 1263 1264
f 832 845 801
f 801 845 803
f 800 721 803
f 803 721 801
f 721 800 722
f 722 800 799
f 1266 1267 1265
f 1265 1267 1268
f 1270 795 1269
f 1269 795 726
f 725 1271 726
f 726 1271 1269
f 737 765 738
f 738 765 764
f 759 740 760
f 760 740 739
f 717 1272 1274
f 1274 1272 1273
f 1163 1226 1275
f 1275 1226 1225
f 1277 882 1276
f 1276 882 881
f 1041 1040 1027
f 1027 1040 1026
f 900 935 901
f 901 935 934
f 1164 1278 1165
f 1165 1278 1222
f 1211 1279 1164
f 1164 1279 1278
f 442 1280 453
f 453 1280 1281
f 788 1282 785
f 785 1282 1283
f 1285 1286 1284
f 1284 1286 1287
f 1284 1288 1285
f 1285 1288 1289
f 757 1289 754
f 754 1289 1288
f 605 604 675
f 675 604 676
f 1290 1291 1293
f 1293 1291 1292
f 1295 1296 1294
f 1294 1296 1297
f 696 699 694
f 694 699 931
f 1298 1299 592
f 592 1299 589
f 1299 1300 589
f 589 1300 700
f 1300 1301 700
f 700 1301 701
f 743 745 819
f 819 745 805
f 1303 1304 1302
f 1302 1304 1305
f 1306 1307 1305
f 1305 1307 1302
f 609 1298 610
f 610 1298 592
f 587 822 588
f 588 822 1308
f 703 588 1309
f 1309 588 1308
f 1310 703 571
f 571 703 1309
f 1311 1312 789
f 789 1312 790
f 825 223 1313
f 1313 223 220
f 219 1314 220
f 220 1314 1313
f 1315 1316 1311
f 1311 1316 1312
f 1317 1318 1319
f 1319 1318 1241
f 441 1320 442
f 442 1320 1280
f 1321 217 572
f 572 217 216
f 1323 1230 1322
f 1322 1230 1229
f 1324 1325 631
f 631 1325 656
f 1034 1168 1010
f 1010 1168 1012
f 1327 1328 1326
f 1326 1328 1329
f 1331 1202 1330
f 1330 1202 1201
f 571 1309 572
f 572 1309 1321
f 573 572 1332
f 1332 572 216
f 1334 1335 1333
f 1333 1335 1336
f 1337 1338 918
f 918 1338 859
f 1339 863 1340
f 1340 863 866
f 1341 1342 1344
f 1344 1342 1343
f 1345 1346 919
f 919 1346 920
f 1347 1348 673
f 673 1348 1199
f 693 1349 928
f 928 1349 1201
f 1351 1257 1350
f 1350 1257 1256
f 1350 1352 1351
f 1351 1352 1353
f 653 930 654
f 654 930 662
f 1279 1354 1278
f 1278 1354 1355
f 1357 1358 1356
f 1356 1358 1359
f 937 1360 1140
f 1140 1360 1361
f 1225 1228 909
f 909 1228 964
f 901 934 1362
f 1362 934 1139
f 1364 1365 1363
f 1363 1365 1362
f 1367 912 1366
f 1366 912 911
f 1143 1142 1368
f 1368 1142 1369
f 1144 1186 1145
f 1145 1186 1185
f 1146 1175 1144
f 1144 1175 1186
f 1175 1146 1172
f 1172 1146 1148
f 1147 1018 1148
f 1148 1018 1172
f 1018 1147 1019
f 1019 1147 1149
f 1149 1150 1019
f 1019 1150 1370
f 1150 1151 1370
f 1370 1151 1371
f 1151 1153 1371
f 1371 1153 1177
f 1152 1156 1178
f 1178 1156 1372
f 1155 1158 1373
f 1373 1158 1374
f 1157 1159 1376
f 1376 1159 1375
f 1378 1379 1377
f 1377 1379 1380
f 1382 1383 1381
f 1381 1383 1384
f 1382 1386 1385
f 1385 1386 1387
f 1386 1233 1387
f 1387 1233 1232
f 1389 1390 1388
f 1388 1390 1391
f 1393 1394 1392
f 1392 1394 1395
f 1397 1398 1396
f 1396 1398 1399
f 629 1397 630
f 630 1397 1396
f 1342 1400 1343
f 1343 1400 1401
f 1403 1404 1402
f 1402 1404 1405
f 1407 1408 1406
f 1406 1408 1409
f 1411 1412 1410
f 1410 1412 1413
f 793 1414 794
f 794 1414 1415
f 1417 1341 1416
f 1416 1341 1344
f 704 705 1347
f 1347 705 1418
f 741 1419 742
f 742 1419 1420
f 1422 669 1421
f 1421 669 672
f 645 1423 646
f 646 1423 1424
f 1196 1198 614
f 614 1198 611
f 613 1425 614
f 614 1425 1426
f 1427 616 659
f 659 616 660
f 614 1426 1196
f 1196 1426 1191
f 696 594 697
f 697 594 590
f 697 590 700
f 700 590 589
f 703 1310 702
f 702 1310 1428
f 1421 672 1192
f 1192 672 689
f 1271 648 1269
f 1269 648 622
f 621 1270 622
f 622 1270 1269
f 1429 1430 1417
f 1417 1430 1341
f 1431 1432 1434
f 1434 1432 1433
f 1436 1437 1435
f 1435 1437 1438
f 1440 1441 1439
f 1439 1441 1442
f 1443 1444 1446
f 1446 1444 1445
f 823 809 938
f 938 809 817
f 810 1447 811
f 811 1447 1448
f 1449 1450 679
f 679 1450 706
f 913 916 1205
f 1205 916 1451
f 1275 1225 912
f 912 1225 909
f 1452 1453 880
f 880 1453 881
f 1444 1401 1445
f 1445 1401 1400
f 936 1454 937
f 937 1454 1360
f 824 1455 810
f 810 1455 1447
f 631 656 632
f 632 656 655
f 966 1456 967
f 967 1456 1457
f 1459 1460 1458
f 1458 1460 1461
f 1460 1462 1461
f 1461 1462 1463
f 972 974 973
f 973 974 975
f 990 995 991
f 991 995 994
f 1464 1187 1033
f 1033 1187 1174
f 1018 1021 1172
f 1172 1021 1173
f 1000 999 1001
f 1001 999 998
f 976 979 1022
f 1022 979 1032
f 1023 1024 980
f 980 1024 982
f 989 986 1171
f 1171 986 1169
f 1171 1170 989
f 989 1170 990
f 1170 1027 990
f 990 1027 995
f 1041 1039 998
f 998 1039 1001
f 1051 1063 1000
f 1000 1063 999
f 1066 1064 1051
f 1051 1064 1063
f 1183 1081 1066
f 1066 1081 1064
f 1178 1372 1103
f 1103 1372 1104
f 1092 1091 1465
f 1465 1091 1182
f 1467 1465 1466
f 1466 1465 1468
f 1469 1470 1184
f 1184 1470 1468
f 1095 1098 1471
f 1471 1098 1101
f 1076 1374 1120
f 1120 1374 1376
f 1110 1472 1127
f 1127 1472 1132
f 1472 1473 1132
f 1132 1473 1129
f 1474 1475 1466
f 1466 1475 1473
f 1119 1118 1116
f 1116 1118 1113
f 1375 1121 1376
f 1376 1121 1120
f 1127 1132 1128
f 1128 1132 1131
f 1227 1476 1228
f 1228 1476 1361
f 1365 1477 1362
f 1362 1477 872
f 1478 1479 1323
f 1323 1479 1230
f 1480 1481 914
f 914 1481 915
f 913 1277 914
f 914 1277 1276
f 1168 1034 1022
f 1022 1034 1023
f 1035 1036 1024
f 1024 1036 1025
f 1039 1041 1170
f 1170 1041 1027
f 1042 1148 1028
f 1028 1148 1146
f 968 1459 969
f 969 1459 1458
f 1482 1483 664
f 664 1483 665
f 1485 1486 1484
f 1484 1486 1487
f 1489 1490 1488
f 1488 1490 1491
f 1492 1493 722
f 722 1493 634
f 1495 1496 1494
f 1494 1496 1497
f 1498 1207 1339
f 1339 1207 863
f 1224 1499 1165
f 1165 1499 1166
f 1160 1163 1500
f 1500 1163 1275
f 1500 877 1160
f 1160 877 1501
f 876 873 1502
f 1502 873 1479
f 945 1264 851
f 851 1264 1229
f 835 1231 839
f 839 1231 871
f 1503 1283 778
f 778 1283 1282
f 716 715 1505
f 1505 715 1504
f 1446 1445 1507
f 1507 1445 1506
f 779 792 1381
f 1381 792 791
f 1430 1409 1341
f 1341 1409 1342
f 1411 1429 1508
f 1508 1429 1417
f 635 1510 1509
f 1509 1510 1511
f 1377 1380 1315
f 1315 1380 1316
f 1445 1400 1506
f 1506 1400 1408
f 918 917 1336
f 1336 917 1333
f 1513 1514 1512
f 1512 1514 870
f 1515 1516 1363
f 1363 1516 1364
f 1453 1517 881
f 881 1517 1276
f 992 1518 993
f 993 1518 1519
f 1520 1029 1518
f 1518 1029 955
f 1520 1026 1521
f 1521 1026 1040
f 1522 1015 1521
f 1521 1015 1043
f 996 1523 997
f 997 1523 1522
f 1060 1016 1524
f 1524 1016 1523
f 1061 1525 1062
f 1062 1525 1524
f 1079 1527 1526
f 1526 1527 1528
f 1093 1529 1094
f 1094 1529 1528
f 1111 1530 1112
f 1112 1530 1531
f 1532 1533 1105
f 1105 1533 1123
f 934 937 1139
f 1139 937 1140
f 1138 1363 1139
f 1139 1363 1362
f 1534 1222 1355
f 1355 1222 1278
f 1535 1223 1534
f 1534 1223 1222
f 821 587 1238
f 1238 587 586
f 1319 711 1317
f 1317 711 1536
f 1538 1200 1537
f 1537 1200 1199
f 1508 1417 1539
f 1539 1417 1416
f 1540 1541 840
f 840 1541 837
f 1231 898 871
f 871 898 901
f 1500 1275 1367
f 1367 1275 912
f 1543 1379 1542
f 1542 1379 1395
f 1539 772 1508
f 1508 772 1544
f 1546 1403 1545
f 1545 1403 1402
f 1548 1549 1547
f 1547 1549 1550
f 1552 1548 1551
f 1551 1548 1547
f 1554 1555 1553
f 1553 1555 1556
f 1558 1559 1557
f 1557 1559 1560
f 1562 1563 1561
f 1561 1563 1564
f 1566 1567 1565
f 1565 1567 1568
f 1570 1571 1569
f 1569 1571 1572
f 1574 1575 1573
f 1573 1575 1576
f 1577 1578 1572
f 1572 1578 1569
f 1580 1581 1579
f 1579 1581 1582
f 1584 1585 1583
f 1583 1585 1586
f 1588 1555 1587
f 1587 1555 1589
f 1591 1592 1590
f 1590 1592 1593
f 1595 1596 1594
f 1594 1596 1597
f 1596 1581 1597
f 1597 1581 1576
f 1599 1570 1598
f 1598 1570 1569
f 1601 1602 1600
f 1600 1602 1603
f 1605 1606 1604
f 1604 1606 1607
f 1608 1609 1568
f 1568 1609 1565
f 1611 1612 1610
f 1610 1612 1613
f 1615 1616 1614
f 1614 1616 1617
f 1619 1617 1618
f 1618 1617 1616
f 1621 1622 1620
f 1620 1622 1623
f 1625 1626 1624
f 1624 1626 1627
f 1629 1630 1628
f 1628 1630 1631
f 1633 1634 1632
f 1632 1634 1635
f 1636 1637 1639
f 1639 1637 1638
f 1641 1642 1640
f 1640 1642 1643
f 1624 1627 1644
f 1644 1627 1645
f 1647 1648 1646
f 1646 1648 1649
f 1651 1652 1650
f 1650 1652 1653
f 1655 1656 1654
f 1654 1656 1657
f 1659 1660 1658
f 1658 1660 1661
f 1662 1663 1631
f 1631 1663 1628
f 1651 1665 1664
f 1664 1665 1666
f 1667 1656 1619
f 1619 1656 1617
f 1669 1670 1668
f 1668 1670 1671
f 1632 1635 1672
f 1672 1635 1673
f 1674 1675 1638
f 1638 1675 1639
f 1677 1678 1676
f 1676 1678 1679
f 1680 1640 1681
f 1681 1640 1643
f 1682 1683 1643
f 1643 1683 1681
f 1670 1669 1235
f 1235 1669 1232
f 1396 1399 1674
f 1674 1399 1675
f 627 630 1679
f 1679 630 1676
f 1681 1315 1680
f 1680 1315 1311
f 1683 1377 1681
f 1681 1377 1315
f 1672 1673 1387
f 1387 1673 1385
f 1636 1684 1646
f 1646 1684 1685
f 1687 1688 1686
f 1686 1688 1689
f 1585 1690 1586
f 1586 1690 1691
f 1599 1692 1551
f 1551 1692 1693
f 1552 1558 1694
f 1694 1558 1557
f 1696 1615 1695
f 1695 1615 1614
f 1698 1699 1697
f 1697 1699 1623
f 1700 1701 1703
f 1703 1701 1702
f 1705 1706 1704
f 1704 1706 1707
f 1708 1709 1640
f 1640 1709 1641
f 1710 1711 1713
f 1713 1711 1712
f 1652 1655 1653
f 1653 1655 1654
f 1714 1699 1712
f 1712 1699 1713
f 1715 1710 1716
f 1716 1710 1713
f 1717 1708 1680
f 1680 1708 1640
f 1393 1392 1715
f 1715 1392 1710
f 1719 1720 1718
f 1718 1720 1721
f 1680 1311 1717
f 1717 1311 789
f 1378 1711 1392
f 1392 1711 1710
f 1388 1391 1719
f 1719 1391 1720
f 1723 1606 1722
f 1722 1606 1689
f 1725 1568 1724
f 1724 1568 1567
f 1726 1647 1685
f 1685 1647 1646
f 1728 1554 1727
f 1727 1554 1553
f 1591 1687 1600
f 1600 1687 1686
f 1730 1595 1729
f 1729 1595 1594
f 1601 1605 1731
f 1731 1605 1604
f 1733 1663 1732
f 1732 1663 1734
f 1736 1639 1735
f 1735 1639 1675
f 1658 1644 1737
f 1737 1644 1645
f 1726 1662 1724
f 1724 1662 1631
f 1399 1738 1675
f 1675 1738 1735
f 1621 1667 1739
f 1739 1667 1619
f 1714 1740 1620
f 1620 1740 1741
f 1592 1549 1593
f 1593 1549 1742
f 1602 1571 1603
f 1603 1571 1550
f 1688 1690 1689
f 1689 1690 1722
f 1588 1559 1582
f 1582 1559 1579
f 1673 1735 1385
f 1385 1735 1738
f 1387 1232 1672
f 1672 1232 1669
f 1580 1692 1573
f 1573 1692 1743
f 1377 1683 1378
f 1378 1683 1711
f 1664 1666 1744
f 1744 1666 1745
f 1744 1696 1664
f 1664 1696 1695
f 1746 1747 1732
f 1732 1747 1748
f 1749 1750 1677
f 1677 1750 1678
f 1709 1708 1750
f 1750 1708 1678
f 1668 1632 1669
f 1669 1632 1672
f 1633 1746 1734
f 1734 1746 1732
f 1679 1678 1717
f 1717 1678 1708
f 789 627 1717
f 1717 627 1679
f 1563 1723 1564
f 1564 1723 1722
f 1728 1584 1751
f 1751 1584 1583
f 1674 1676 1396
f 1396 1676 630
f 1666 1566 1745
f 1745 1566 1565
f 1627 1629 1645
f 1645 1629 1628
f 1637 1749 1638
f 1638 1749 1677
f 1648 1665 1649
f 1649 1665 1752
f 1740 1642 1741
f 1741 1642 1657
f 1676 1674 1677
f 1677 1674 1638
f 1683 1682 1711
f 1711 1682 1712
f 1618 1753 1619
f 1619 1753 1739
f 1701 1739 1702
f 1702 1739 1753
f 1754 1214 1756
f 1756 1214 1755
f 647 1757 619
f 619 1757 941
f 1759 1193 1758
f 1758 1193 691
f 1419 1760 1420
f 1420 1760 1761
f 682 1762 683
f 683 1762 1763
f 1412 780 1413
f 1413 780 1384
f 1383 1398 1384
f 1384 1398 1413
f 1197 1424 1764
f 1764 1424 1423
f 1537 1287 1538
f 1538 1287 1286
f 1634 1684 1635
f 1635 1684 1736
f 1724 1631 1725
f 1725 1631 1630
f 1562 1730 1610
f 1610 1730 1729
f 1735 1673 1736
f 1736 1673 1635
f 1757 1195 941
f 941 1195 1194
f 1766 200 1765
f 1765 200 199
f 475 500 476
f 476 500 479
f 498 558 483
f 483 558 487
f 545 551 546
f 546 551 550
f 453 1281 219
f 219 1281 1314
f 298 453 208
f 208 453 219
f 368 1765 1767
f 1767 1765 199
f 523 405 363
f 363 405 404
f 523 533 405
f 405 533 402
f 298 208 299
f 299 208 207
f 299 207 176
f 176 207 300
f 176 300 173
f 173 300 202
f 173 202 174
f 174 202 201
f 1337 918 1768
f 1768 918 1336
f 1769 1770 1338
f 1338 1770 859
f 581 570 578
f 578 570 1771
f 555 562 580
f 580 562 561
f 504 1772 501
f 501 1772 548
f 517 542 584
f 584 542 543
f 515 514 516
f 516 514 544
f 542 517 544
f 544 517 516
f 561 575 580
f 580 575 581
f 575 569 581
f 581 569 570
f 501 548 1773
f 1773 548 547
f 1774 1775 570
f 570 1775 1771
f 369 368 1776
f 1776 368 1767
f 372 369 375
f 375 369 1776
f 822 1280 1308
f 1308 1280 1320
f 820 1281 822
f 822 1281 1280
f 818 1314 820
f 820 1314 1281
f 1314 818 1313
f 1313 818 804
f 807 814 825
f 825 814 826
f 814 813 826
f 826 813 827
f 813 1220 827
f 827 1220 828
f 580 579 555
f 555 579 547
f 1477 1540 872
f 872 1540 840
f 367 499 368
f 368 499 1765
f 1766 1765 525
f 525 1765 499
f 1777 1766 526
f 526 1766 525
f 520 527 362
f 362 527 384
f 361 1778 519
f 519 1778 528
f 371 1779 372
f 372 1779 369
f 369 1779 370
f 370 1779 478
f 1779 371 478
f 478 371 374
f 1778 1777 528
f 528 1777 526
f 1781 1782 1780
f 1780 1782 1783
f 431 460 67
f 67 460 64
f 68 338 74
f 74 338 72
f 1785 1782 1784
f 1784 1782 1786
f 1787 1788 1790
f 1790 1788 1789
f 1792 1789 1791
f 1791 1789 1793
f 1791 1794 1792
f 1792 1794 1795
f 1794 1796 1795
f 1795 1796 1797
f 1797 1798 938
f 938 1798 868
f 1798 1799 868
f 868 1799 869
f 1801 1802 1800
f 1800 1802 1451
f 1803 1804 1205
f 1205 1804 1206
f 1805 1806 864
f 864 1806 865
f 1806 1807 865
f 865 1807 1808
f 68 71 338
f 287 328 288
f 1320 1321 1308
f 1308 1321 1309
f 1320 441 1321
f 1321 441 217
f 441 152 217
f 217 152 218
f 151 286 152
f 152 286 218
f 297 310 151
f 151 310 286
f 296 307 297
f 297 307 310
f 296 143 307
f 307 143 284
f 143 56 284
f 284 56 104
f 56 59 104
f 104 59 63
f 59 102 63
f 63 102 60
f 102 94 60
f 60 94 282
f 93 459 279
f 279 459 77
f 459 460 77
f 77 460 78
f 460 431 78
f 78 431 295
f 431 49 295
f 295 49 292
f 48 421 49
f 49 421 292
f 276 278 418
f 418 278 429
f 317 432 278
f 278 432 429
f 432 317 433
f 433 317 316
f 326 324 316
f 316 324 433
f 1536 592 1809
f 1809 592 591
f 1810 744 1812
f 1812 744 1811
f 1814 1815 1813
f 1813 1815 1816
f 1817 748 1818
f 1818 748 747
f 1812 1819 1810
f 1810 1819 1817
f 1820 1821 748
f 748 1821 749
f 1823 1824 1822
f 1822 1824 1825
f 1827 1828 1826
f 1826 1828 1829
f 1831 1832 1830
f 1830 1832 1833
f 1834 1827 1243
f 1243 1827 1826
f 1313 804 825
f 825 804 807
f 1835 1253 1236
f 1236 1253 1237
f 1836 1837 1438
f 1438 1837 1435
f 1838 1505 1840
f 1840 1505 1839
f 1841 1842 716
f 716 1842 713
f 1843 1844 1510
f 1510 1844 1845
f 1847 1848 1846
f 1846 1848 1849
f 1850 1240 1822
f 1822 1240 1239
f 636 1831 637
f 637 1831 1830
f 1852 1853 1851
f 1851 1853 1854
f 1855 1856 1858
f 1858 1856 1857
f 1846 1849 1859
f 1859 1849 1860
f 1343 1401 1509
f 1509 1401 1861
f 1509 1861 635
f 635 1861 636
f 1863 1864 1862
f 1862 1864 1865
f 1283 1503 1867
f 1867 1503 1866
f 1868 1867 681
f 681 1867 682
f 1286 1285 683
f 683 1285 684
f 757 756 1274
f 1274 756 1869
f 1274 1869 717
f 717 1869 718
f 1434 1433 719
f 719 1433 720
f 1200 1538 1545
f 1545 1538 1763
f 1285 1289 684
f 684 1289 1273
f 684 1273 681
f 681 1273 1272
f 785 1283 1868
f 1868 1283 1867
f 786 785 1870
f 1870 785 1868
f 1289 757 1273
f 1273 757 1274
f 1539 1416 1871
f 1871 1416 1872
f 773 1871 1403
f 1403 1871 1404
f 675 674 1405
f 1405 674 1402
f 1864 1873 1865
f 1865 1873 1874
f 638 1843 635
f 635 1843 1510
f 1344 1343 1511
f 1511 1343 1509
f 772 1539 773
f 773 1539 1871
f 674 1200 1402
f 1402 1200 1545
f 1538 1286 1763
f 1763 1286 683
f 1444 1443 1875
f 1875 1443 1876
f 1875 1876 1831
f 1831 1876 1832
f 1416 1344 1872
f 1872 1344 1511
f 1877 1878 774
f 774 1878 1879
f 1878 1847 1879
f 1879 1847 1846
f 1880 714 1881
f 1881 714 1848
f 1401 1444 1861
f 1861 1444 1875
f 1861 1875 636
f 636 1875 1831
f 1823 1863 1882
f 1882 1863 1862
f 1441 1440 1884
f 1884 1440 1883
f 1883 1852 1884
f 1884 1852 1851
f 1886 1887 1885
f 1885 1887 1888
f 1358 1889 1359
f 1359 1889 1890
f 1891 1886 1892
f 1892 1886 1885
f 774 1879 775
f 775 1879 1893
f 1859 1893 1846
f 1846 1893 1879
f 713 1842 1849
f 1849 1842 1860
f 1318 1895 1894
f 1894 1895 1896
f 1873 1897 1874
f 1874 1897 1898
f 1898 605 1899
f 1899 605 675
f 1405 1844 675
f 675 1844 1899
f 1404 1845 1405
f 1405 1845 1844
f 593 1296 591
f 591 1296 1809
f 1295 1292 1900
f 1900 1292 1895
f 606 1897 1291
f 1291 1897 1896
f 1510 1845 1511
f 1511 1845 1872
f 1871 1872 1404
f 1404 1872 1845
f 1866 770 1762
f 1762 770 1546
f 1762 682 1866
f 1866 682 1867
f 1870 1868 1272
f 1272 1868 681
f 1272 717 1870
f 1870 717 720
f 1870 720 786
f 786 720 1433
f 786 1433 787
f 787 1433 1432
f 1261 1414 1432
f 1432 1414 787
f 1389 1234 1260
f 1260 1234 1415
f 1719 1670 1388
f 1388 1670 1235
f 1718 1671 1719
f 1719 1671 1670
f 1705 1747 1718
f 1718 1747 1671
f 1659 1901 1704
f 1704 1901 1748
f 1877 1903 1902
f 1902 1903 1904
f 1259 1905 1390
f 1390 1905 1394
f 1715 1720 1393
f 1393 1720 1391
f 1716 1721 1715
f 1715 1721 1720
f 1698 1706 1716
f 1716 1706 1721
f 277 276 47
f 47 276 48
f 84 96 81
f 81 96 82
f 80 70 81
f 81 70 85
f 99 97 88
f 88 97 89
f 90 100 88
f 88 100 99
f 101 95 102
f 102 95 94
f 1906 1907 280
f 280 1907 281
f 97 86 89
f 89 86 85
f 60 282 61
f 61 282 281
f 83 82 46
f 46 82 47
f 293 292 420
f 420 292 421
f 419 1908 420
f 420 1908 1909
f 92 95 91
f 91 95 90
f 279 282 93
f 93 282 94
f 276 418 48
f 48 418 421
f 1910 1660 1697
f 1697 1660 1707
f 1703 1624 1700
f 1700 1624 1644
f 1622 1910 1623
f 1623 1910 1697
f 1701 1700 1911
f 1911 1700 1661
f 1700 1644 1661
f 1661 1644 1658
f 1901 1737 1733
f 1733 1737 1645
f 1625 1912 1604
f 1604 1912 1731
f 1912 1913 1731
f 1731 1913 1914
f 1913 1577 1914
f 1914 1577 1572
f 1915 1578 1616
f 1616 1578 1618
f 1915 1916 1598
f 1598 1916 1743
f 1916 1574 1743
f 1743 1574 1573
f 1575 1917 1576
f 1576 1917 1597
f 1917 1609 1597
f 1597 1609 1594
f 1608 1611 1729
f 1729 1611 1610
f 1918 1612 1629
f 1629 1612 1630
f 1626 1918 1627
f 1627 1918 1629
f 1920 1921 1919
f 1919 1921 1922
f 1920 1924 1923
f 1923 1924 1925
f 1926 1927 1924
f 1924 1927 1925
f 1929 1930 1928
f 1928 1930 1931
f 1932 1933 1935
f 1935 1933 1934
f 1937 1938 1936
f 1936 1938 1939
f 1941 1942 1940
f 1940 1942 1943
f 1941 1945 1944
f 1944 1945 1946
f 1947 1948 1694
f 1694 1948 1949
f 1950 1951 1953
f 1953 1951 1952
f 1955 1956 1954
f 1954 1956 1589
f 1958 1956 1957
f 1957 1956 1932
f 1960 1934 1959
f 1959 1934 1933
f 1962 1963 1961
f 1961 1963 1964
f 1965 1955 1751
f 1751 1955 1954
f 1935 1930 1932
f 1932 1930 1957
f 1951 1950 1926
f 1926 1950 1929
f 1966 1967 1593
f 1593 1967 1590
f 1969 1967 1968
f 1968 1967 1964
f 1962 1921 1970
f 1970 1921 1971
f 1963 1945 1964
f 1964 1945 1968
f 1972 1948 1922
f 1922 1948 1919
f 1966 1972 1961
f 1961 1972 1922
f 1958 1953 1587
f 1587 1953 1560
f 1974 1975 1973
f 1973 1975 1976
f 1978 1979 1977
f 1977 1979 1691
f 1979 1975 1691
f 1691 1975 1586
f 1938 1942 1939
f 1939 1942 1980
f 1952 1947 1557
f 1557 1947 1694
f 1969 1978 1981
f 1981 1978 1977
f 1983 1984 1982
f 1982 1984 1985
f 1986 1987 1989
f 1989 1987 1988
f 1990 1991 1983
f 1983 1991 1984
f 1990 1993 1992
f 1992 1993 1994
f 1995 1996 1994
f 1994 1996 1997
f 1999 2000 1998
f 1998 2000 2001
f 2003 2004 2002
f 2002 2004 2005
f 2007 2008 2006
f 2006 2008 2009
f 2011 2012 2010
f 2010 2012 2013
f 2014 2015 2017
f 2017 2015 2016
f 2018 2019 2021
f 2021 2019 2020
f 2022 1989 2024
f 2024 1989 2023
f 1989 1988 2023
f 2023 1988 2025
f 2026 2027 2017
f 2017 2027 2014
f 2029 2030 2028
f 2028 2030 2031
f 2033 2034 2032
f 2032 2034 2035
f 2032 2035 2036
f 2036 2035 2037
f 2039 2040 2038
f 2038 2040 2041
f 1982 2042 1983
f 1983 2042 2043
f 2045 2046 2044
f 2044 2046 2047
f 2049 2050 2048
f 2048 2050 2051
f 2053 2054 2052
f 2052 2054 2055
f 2057 2058 2056
f 2056 2058 2059
f 2060 2061 2033
f 2033 2061 2034
f 2063 2064 2062
f 2062 2064 2065
f 2066 2035 2067
f 2067 2035 2034
f 2069 2039 2068
f 2068 2039 2038
f 2025 2070 2023
f 2023 2070 2071
f 2072 2024 2071
f 2071 2024 2023
f 2074 2020 2073
f 2073 2020 2019
f 2050 2049 2047
f 2047 2049 2075
f 1983 2043 1990
f 1990 2043 1993
f 2006 2050 2007
f 2007 2050 2076
f 2050 2006 2051
f 2051 2006 2077
f 2079 2080 2078
f 2078 2080 2081
f 2082 2083 2085
f 2085 2083 2084
f 2010 2013 2086
f 2086 2013 2087
f 2089 2033 2088
f 2088 2033 2032
f 2090 2060 2089
f 2089 2060 2033
f 2092 2093 2091
f 2091 2093 2094
f 2096 1986 2095
f 2095 1986 2097
f 2097 1986 2022
f 2022 1986 1989
f 2015 2094 2016
f 2016 2094 2098
f 2016 2098 2100
f 2100 2098 2099
f 2017 2016 2101
f 2101 2016 2100
f 2017 2101 2026
f 2026 2101 2102
f 2100 2099 2104
f 2104 2099 2103
f 2104 2105 2100
f 2100 2105 2101
f 2105 2106 2101
f 2101 2106 2102
f 2108 2061 2107
f 2107 2061 2109
f 2111 2112 2110
f 2110 2112 2020
f 2020 2074 2110
f 2110 2074 2113
f 2115 2116 2114
f 2114 2116 2117
f 2118 2119 1995
f 1995 2119 2120
f 2121 2122 2027
f 2027 2122 2014
f 2047 2075 2044
f 2044 2075 2123
f 2124 2125 2127
f 2127 2125 2126
f 2129 2130 2128
f 2128 2130 2131
f 2132 2133 2057
f 2057 2133 2058
f 2134 1999 2136
f 2136 1999 2135
f 2055 2138 2137
f 2137 2138 2139
f 2141 2142 2140
f 2140 2142 2143
f 2083 2082 2064
f 2064 2082 2065
f 2082 2144 2065
f 2065 2144 2145
f 2040 2146 2041
f 2041 2146 2147
f 2060 2090 2148
f 2148 2090 2149
f 2048 2051 2137
f 2137 2051 2150
f 2151 1997 2135
f 2135 1997 1996
f 2152 2150 2077
f 2077 2150 2051
f 2046 2045 2118
f 2118 2045 2119
f 2154 2155 2153
f 2153 2155 2156
f 2158 2159 2157
f 2157 2159 2160
f 2162 2163 2161
f 2161 2163 2164
f 2164 2163 2165
f 2165 2163 2166
f 2168 2169 2167
f 2167 2169 2170
f 2003 2172 2171
f 2171 2172 2173
f 2174 2175 2002
f 2002 2175 2176
f 2145 2177 2065
f 2065 2177 2062
f 2178 2179 2180
f 2180 2179 2134
f 2181 2052 2152
f 2152 2052 2150
f 2040 2127 2146
f 2146 2127 2182
f 2130 2162 2131
f 2131 2162 2161
f 2052 2055 2150
f 2150 2055 2137
f 2184 2185 2183
f 2183 2185 2186
f 2159 2030 2160
f 2160 2030 2187
f 2146 2182 2029
f 2029 2182 2188
f 2189 2190 2192
f 2192 2190 2191
f 2172 2003 2176
f 2176 2003 2002
f 1998 2151 1999
f 1999 2151 2135
f 2177 2172 2062
f 2062 2172 2176
f 2172 2177 2173
f 2173 2177 2193
f 2063 2194 2064
f 2064 2194 2195
f 2066 2197 2196
f 2196 2197 2198
f 2002 2005 2174
f 2174 2005 2199
f 2004 2003 2200
f 2200 2003 2171
f 2198 2201 2171
f 2171 2201 2200
f 2197 2202 2198
f 2198 2202 2201
f 2202 2197 2203
f 2203 2197 2204
f 2196 2198 2173
f 2173 2198 2171
f 2205 2069 2170
f 2170 2069 2206
f 2197 2066 2204
f 2204 2066 2067
f 2107 2207 2108
f 2108 2207 2208
f 2210 2208 2209
f 2209 2208 2207
f 2185 2211 2212
f 2213 2214 2211
f 2211 2214 2212
f 1998 2001 2213
f 2213 2001 2214
f 2134 2215 1999
f 1999 2215 2000
f 2216 2217 2219
f 2219 2217 2218
f 2206 2220 2170
f 2170 2220 2167
f 2069 2068 2206
f 2206 2068 2221
f 2151 1998 2222
f 2222 1998 2213
f 2124 2039 2205
f 2205 2039 2069
f 2142 2223 2143
f 2143 2223 2128
f 2203 2186 2202
f 2202 2186 2185
f 2185 2184 2211
f 2211 2184 2224
f 2224 2225 2222
f 2222 2225 2226
f 2071 2227 2072
f 2072 2227 2228
f 2229 2074 2230
f 2230 2074 2073
f 2074 2229 2113
f 2113 2229 2231
f 2232 2225 2227
f 2227 2225 2224
f 2233 2234 2031
f 2031 2234 2028
f 2236 2231 2235
f 2235 2231 2229
f 2230 2183 2229
f 2229 2183 2235
f 2237 1987 2096
f 2096 1987 1986
f 2152 2238 2181
f 2181 2238 2239
f 2080 2240 2081
f 2081 2240 2241
f 2236 2242 1971
f 1971 2242 1970
f 1925 2113 1923
f 1923 2113 2231
f 2110 1927 2111
f 2111 1927 1928
f 2103 2111 1931
f 1931 2111 1928
f 1931 2243 2103
f 2103 2243 2104
f 2105 2104 2244
f 2244 2104 2243
f 1939 1980 2148
f 2148 1980 2109
f 1980 1944 2109
f 2109 1944 2107
f 1946 2245 2207
f 2207 2245 2209
f 2245 1970 2209
f 2209 1970 2242
f 2231 2236 1923
f 1923 2236 1971
f 2113 1925 2110
f 2110 1925 1927
f 2234 2246 2028
f 2028 2246 2147
f 2247 2248 2058
f 2058 2248 2059
f 2114 2117 2249
f 2249 2117 2250
f 2252 2253 2251
f 2251 2253 2254
f 2094 2015 2091
f 2091 2015 2255
f 2256 2255 2014
f 2014 2255 2015
f 2257 2145 2258
f 2258 2145 2144
f 2131 2161 2123
f 2123 2161 2044
f 2045 2044 2164
f 2164 2044 2161
f 2045 2164 2119
f 2119 2164 2165
f 2259 2120 2165
f 2165 2120 2119
f 2260 2261 2259
f 2259 2261 2120
f 2205 2262 2124
f 2124 2262 2125
f 2180 2263 2178
f 2178 2263 2264
f 2265 2266 2092
f 2092 2266 2093
f 1992 2267 2268
f 2184 2228 2224
f 2224 2228 2227
f 2048 2269 2049
f 2049 2269 2141
f 2129 2168 2157
f 2157 2168 2167
f 2049 2141 2075
f 2075 2141 2140
f 2199 2215 2270
f 2270 2215 2271
f 2142 2141 2272
f 2272 2141 2269
f 2089 2026 2090
f 2090 2026 2102
f 2146 2029 2147
f 2147 2029 2028
f 2111 2103 2112
f 2112 2103 2099
f 2061 2060 2109
f 2109 2060 2148
f 2273 2274 2041
f 2041 2274 2038
f 2260 2275 2261
f 2261 2275 2136
f 2057 2138 2132
f 2132 2138 2276
f 2272 2269 2056
f 2056 2269 2139
f 2277 2278 2270
f 2270 2278 2199
f 2029 2188 2030
f 2030 2188 2187
f 2040 2039 2127
f 2127 2039 2124
f 2064 2195 2083
f 2083 2195 2279
f 2056 2139 2057
f 2057 2139 2138
f 2278 2277 2247
f 2247 2277 2248
f 2062 2176 2063
f 2063 2176 2175
f 2280 2210 2242
f 2242 2210 2209
f 2282 2233 2281
f 2281 2233 2031
f 2216 2219 2283
f 2283 2219 2221
f 2158 2220 2218
f 2218 2220 2219
f 2217 2282 2218
f 2218 2282 2281
f 2220 2158 2167
f 2167 2158 2157
f 2223 2264 2128
f 2128 2264 2263
f 2261 1996 2120
f 2120 1996 1995
f 2213 2211 2222
f 2222 2211 2224
f 2283 2221 2284
f 2284 2221 2068
f 2135 1996 2136
f 2136 1996 2261
f 2144 2081 2258
f 2258 2081 2241
f 2235 2280 2236
f 2236 2280 2242
f 2246 2273 2147
f 2147 2273 2041
f 2036 2285 2032
f 2032 2285 2088
f 2077 2286 2152
f 2152 2286 2238
f 1937 1960 1973
f 1973 1960 1959
f 2070 2232 2071
f 2071 2232 2227
f 2244 2287 2105
f 2105 2287 2106
f 1936 1939 2149
f 2149 1939 2148
f 1944 1946 2107
f 2107 1946 2207
f 2285 2121 2088
f 2088 2121 2027
f 2253 2249 2254
f 2254 2249 2250
f 2006 2009 2077
f 2077 2009 2286
f 2289 2086 2288
f 2288 2086 2087
f 2223 2142 2290
f 2290 2142 2272
f 2128 2131 2143
f 2143 2131 2123
f 2156 2291 2153
f 2153 2291 2175
f 2292 2293 2278
f 2278 2293 2294
f 2075 2140 2123
f 2123 2140 2143
f 2262 2169 2275
f 2275 2169 2180
f 2275 2180 2136
f 2136 2180 2134
f 2274 2284 2038
f 2038 2284 2068
f 2127 2126 2182
f 2182 2126 2166
f 2094 2093 2098
f 2098 2093 2021
f 2098 2021 2099
f 2099 2021 2112
f 2018 2021 2266
f 2266 2021 2093
f 2251 2289 2252
f 2252 2289 2288
f 1997 2151 2226
f 2226 2151 2222
f 2206 2221 2220
f 2220 2221 2219
f 2269 2048 2139
f 2139 2048 2137
f 2159 2158 2281
f 2281 2158 2218
f 2156 2155 2190
f 2190 2155 2191
f 1974 1965 1583
f 1583 1965 1751
f 2088 2027 2089
f 2089 2027 2026
f 2030 2159 2031
f 2031 2159 2281
f 2106 2149 2102
f 2102 2149 2090
f 2287 1936 2106
f 2106 1936 2149
f 2293 2154 2294
f 2294 2154 2153
f 2021 2020 2112
f 2247 2295 2278
f 2278 2295 2292
f 2284 2296 2283
f 2283 2296 2297
f 2298 2296 2274
f 2274 2296 2284
f 2273 2299 2274
f 2274 2299 2298
f 2246 2300 2273
f 2273 2300 2299
f 2283 2297 2216
f 2216 2297 2301
f 2216 2301 2217
f 2217 2301 2302
f 2302 2303 2217
f 2217 2303 2282
f 2304 2301 2305
f 2305 2301 2297
f 2307 2308 2306
f 2306 2308 2309
f 2306 2310 2307
f 2307 2310 2311
f 2307 2312 2308
f 2308 2312 2313
f 2314 2315 2312
f 2312 2315 2316
f 2316 2317 2312
f 2312 2317 2313
f 2317 2305 2313
f 2313 2305 2318
f 2314 2312 2311
f 2311 2312 2307
f 2319 2320 2322
f 2322 2320 2321
f 2322 2311 2319
f 2319 2311 2310
f 2313 2318 2308
f 2308 2318 2309
f 2296 2298 2318
f 2318 2298 2309
f 2309 2298 2323
f 2323 2298 2299
f 2306 2309 2324
f 2324 2309 2323
f 2310 2306 2325
f 2325 2306 2324
f 2296 2318 2297
f 2297 2318 2305
f 2319 2310 2326
f 2326 2310 2325
f 2328 2325 2327
f 2327 2325 2324
f 2325 2328 2326
f 2326 2328 2329
f 2331 2328 2330
f 2330 2328 2327
f 2332 2333 2327
f 2327 2333 2330
f 2328 2331 2329
f 2329 2331 2334
f 2324 2323 2327
f 2327 2323 2332
f 2300 2332 2299
f 2299 2332 2323
f 2326 2335 2319
f 2319 2335 2320
f 2305 2317 2336
f 2336 2317 2316
f 2336 2316 2337
f 2337 2316 2315
f 2338 2304 2336
f 2336 2304 2305
f 2337 2339 2336
f 2336 2339 2338
f 2337 2315 2341
f 2341 2315 2340
f 2342 2300 2234
f 2234 2300 2246
f 2303 2343 2282
f 2282 2343 2233
f 2234 2233 2342
f 2342 2233 2343
f 2342 2343 2333
f 2333 2343 2344
f 2333 2344 2330
f 2330 2344 2345
f 2346 2344 2303
f 2303 2344 2343
f 2332 2300 2333
f 2333 2300 2342
f 2347 2346 2302
f 2302 2346 2303
f 2301 2304 2302
f 2302 2304 2347
f 2304 2338 2347
f 2347 2338 2348
f 2348 2349 2347
f 2347 2349 2346
f 2350 2351 2348
f 2348 2351 2349
f 2349 2345 2346
f 2346 2345 2344
f 2345 2349 2352
f 2352 2349 2351
f 2338 2339 2348
f 2348 2339 2350
f 2350 2339 2353
f 2353 2339 2354
f 2356 2357 2355
f 2355 2357 2353
f 2351 2350 2357
f 2357 2350 2353
f 2353 2354 2355
f 2355 2354 2335
f 2320 2335 2341
f 2341 2335 2354
f 2339 2337 2354
f 2354 2337 2341
f 2352 2331 2345
f 2345 2331 2330
f 2356 2334 2352
f 2352 2334 2331
f 2356 2352 2357
f 2357 2352 2351
f 2355 2329 2356
f 2356 2329 2334
f 2335 2326 2355
f 2355 2326 2329
f 2321 2314 2322
f 2322 2314 2311
f 2321 2320 2340
f 2340 2320 2341
f 2315 2314 2340
f 2340 2314 2321
f 2125 2260 2126
f 2126 2260 2259
f 2157 2160 2129
f 2129 2160 2130
f 2188 2163 2187
f 2187 2163 2162
f 2182 2166 2188
f 2188 2166 2163
f 2180 2169 2263
f 2263 2169 2168
f 2160 2187 2130
f 2130 2187 2162
f 2275 2260 2262
f 2262 2260 2125
f 2128 2263 2129
f 2129 2263 2168
f 2262 2205 2169
f 2169 2205 2170
f 2165 2166 2259
f 2259 2166 2126
f 2359 2360 2358
f 2358 2360 2361
f 2363 2364 2362
f 2362 2364 2365
f 2367 2363 2366
f 2366 2363 2362
f 2368 2369 2371
f 2371 2369 2370
f 2372 2373 2248
f 2248 2373 2059
f 2364 2374 2365
f 2365 2374 2375
f 2377 2378 2376
f 2376 2378 2379
f 2290 2380 2223
f 2223 2380 2381
f 2223 2381 2264
f 2264 2381 2382
f 2384 2385 2383
f 2383 2385 2386
f 2364 2371 2374
f 2374 2371 2387
f 2059 2373 2290
f 2290 2373 2380
f 2378 2360 2379
f 2379 2360 2388
f 2374 2387 2359
f 2359 2387 2389
f 2390 2367 2386
f 2386 2367 2391
f 2393 2394 2392
f 2392 2394 2395
f 2386 2391 2383
f 2383 2391 2396
f 2367 2366 2391
f 2391 2366 2397
f 2363 2367 2368
f 2368 2367 2390
f 2398 2399 2361
f 2361 2399 2358
f 2399 2400 2358
f 2358 2400 2375
f 2390 2401 2368
f 2368 2401 2369
f 2372 2384 2376
f 2376 2384 2383
f 2374 2359 2375
f 2375 2359 2358
f 2402 2403 2365
f 2365 2403 2362
f 2359 2389 2360
f 2360 2389 2388
f 2364 2363 2371
f 2371 2363 2368
f 2405 2398 2404
f 2404 2398 2361
f 2392 2395 2406
f 2406 2395 2397
f 2377 2396 2394
f 2394 2396 2395
f 2394 2393 2404
f 2404 2393 2405
f 2396 2377 2383
f 2383 2377 2376
f 2406 2397 2407
f 2407 2397 2366
f 2400 2402 2375
f 2375 2402 2365
f 2385 2270 2401
f 2401 2270 2271
f 2403 2407 2362
f 2362 2407 2366
f 2371 2370 2387
f 2387 2370 2382
f 2391 2397 2396
f 2396 2397 2395
f 2378 2377 2404
f 2404 2377 2394
f 2360 2378 2361
f 2361 2378 2404
f 2407 2408 2406
f 2406 2408 2409
f 2410 2408 2403
f 2403 2408 2407
f 2411 2410 2402
f 2402 2410 2403
f 2412 2411 2400
f 2400 2411 2402
f 2406 2409 2392
f 2392 2409 2413
f 2392 2413 2393
f 2393 2413 2414
f 2415 2405 2414
f 2414 2405 2393
f 2416 2413 2417
f 2417 2413 2409
f 2419 2420 2418
f 2418 2420 2421
f 2420 2422 2421
f 2421 2422 2423
f 2420 2424 2422
f 2422 2424 2425
f 2426 2427 2424
f 2424 2427 2428
f 2428 2429 2424
f 2424 2429 2425
f 2426 2424 2419
f 2419 2424 2420
f 2419 2418 2431
f 2431 2418 2430
f 2425 2432 2422
f 2422 2432 2423
f 2408 2410 2432
f 2432 2410 2423
f 2423 2410 2433
f 2433 2410 2411
f 2421 2423 2434
f 2434 2423 2433
f 2435 2418 2434
f 2434 2418 2421
f 2429 2417 2425
f 2425 2417 2432
f 2408 2432 2409
f 2409 2432 2417
f 2418 2435 2430
f 2430 2435 2436
f 2438 2435 2437
f 2437 2435 2434
f 2435 2438 2436
f 2436 2438 2439
f 2441 2438 2440
f 2440 2438 2437
f 2442 2443 2437
f 2437 2443 2440
f 2439 2438 2444
f 2444 2438 2441
f 2433 2442 2434
f 2434 2442 2437
f 2412 2442 2411
f 2411 2442 2433
f 2436 2445 2430
f 2430 2445 2446
f 2430 2446 2431
f 2431 2446 2447
f 2417 2429 2448
f 2448 2429 2428
f 2427 2449 2428
f 2428 2449 2448
f 2450 2416 2448
f 2448 2416 2417
f 2451 2450 2449
f 2449 2450 2448
f 2427 2452 2449
f 2449 2452 2453
f 2447 2446 2452
f 2452 2446 2453
f 2454 2412 2399
f 2399 2412 2400
f 2415 2455 2405
f 2405 2455 2398
f 2399 2398 2454
f 2454 2398 2455
f 2454 2455 2443
f 2443 2455 2456
f 2443 2456 2440
f 2440 2456 2457
f 2458 2456 2415
f 2415 2456 2455
f 2443 2442 2454
f 2454 2442 2412
f 2459 2458 2414
f 2414 2458 2415
f 2413 2416 2414
f 2414 2416 2459
f 2459 2416 2460
f 2460 2416 2450
f 2460 2461 2459
f 2459 2461 2458
f 2462 2463 2460
f 2460 2463 2461
f 2461 2457 2458
f 2458 2457 2456
f 2457 2461 2464
f 2464 2461 2463
f 2451 2462 2450
f 2450 2462 2460
f 2462 2451 2465
f 2465 2451 2466
f 2468 2469 2467
f 2467 2469 2465
f 2463 2462 2469
f 2469 2462 2465
f 2465 2466 2467
f 2467 2466 2445
f 2446 2445 2453
f 2453 2445 2466
f 2451 2449 2466
f 2466 2449 2453
f 2464 2441 2457
f 2457 2441 2440
f 2468 2444 2464
f 2464 2444 2441
f 2468 2464 2469
f 2469 2464 2463
f 2467 2439 2468
f 2468 2439 2444
f 2445 2436 2467
f 2467 2436 2439
f 2447 2426 2431
f 2431 2426 2419
f 2427 2426 2452
f 2452 2426 2447
f 2369 2179 2370
f 2370 2179 2178
f 2376 2379 2372
f 2372 2379 2373
f 2389 2381 2388
f 2388 2381 2380
f 2387 2382 2389
f 2389 2382 2381
f 2270 2385 2277
f 2277 2385 2384
f 2379 2388 2373
f 2373 2388 2380
f 2401 2271 2369
f 2369 2271 2179
f 2248 2277 2372
f 2372 2277 2384
f 2401 2390 2385
f 2385 2390 2386
f 2264 2382 2178
f 2178 2382 2370
f 2215 2134 2271
f 2271 2134 2179
f 2005 2000 2199
f 2199 2000 2215
f 2004 2001 2005
f 2005 2001 2000
f 2200 2214 2004
f 2004 2214 2001
f 2470 2471 2473
f 2473 2471 2472
f 2475 2476 2474
f 2474 2476 2477
f 2479 2475 2478
f 2478 2475 2474
f 2481 2482 2480
f 2480 2482 2483
f 2476 2484 2477
f 2477 2484 2485
f 2487 2488 2486
f 2486 2488 2489
f 2133 2490 2058
f 2058 2490 2491
f 2058 2491 2247
f 2247 2491 2492
f 2494 2495 2493
f 2493 2495 2496
f 2476 2483 2484
f 2484 2483 2497
f 2472 2498 2488
f 2488 2498 2489
f 2484 2497 2471
f 2471 2497 2499
f 2500 2479 2496
f 2496 2479 2501
f 2502 2503 2505
f 2505 2503 2504
f 2496 2501 2493
f 2493 2501 2506
f 2479 2478 2501
f 2501 2478 2507
f 2475 2479 2480
f 2480 2479 2500
f 2508 2509 2473
f 2473 2509 2470
f 2509 2510 2470
f 2470 2510 2485
f 2511 2481 2500
f 2500 2481 2480
f 2512 2494 2486
f 2486 2494 2493
f 2485 2484 2470
f 2470 2484 2471
f 2513 2514 2477
f 2477 2514 2474
f 2471 2499 2472
f 2472 2499 2498
f 2476 2475 2483
f 2483 2475 2480
f 2516 2508 2515
f 2515 2508 2473
f 2502 2505 2517
f 2517 2505 2507
f 2504 2487 2505
f 2505 2487 2506
f 2503 2516 2504
f 2504 2516 2515
f 2506 2487 2493
f 2493 2487 2486
f 2517 2507 2518
f 2518 2507 2478
f 2510 2513 2485
f 2485 2513 2477
f 2511 2495 2293
f 2293 2495 2154
f 2514 2518 2474
f 2474 2518 2478
f 2483 2482 2497
f 2497 2482 2492
f 2501 2507 2506
f 2506 2507 2505
f 2488 2487 2515
f 2515 2487 2504
f 2472 2488 2473
f 2473 2488 2515
f 2518 2519 2517
f 2517 2519 2520
f 2521 2519 2514
f 2514 2519 2518
f 2522 2521 2513
f 2513 2521 2514
f 2523 2522 2510
f 2510 2522 2513
f 2517 2520 2502
f 2502 2520 2524
f 2502 2524 2503
f 2503 2524 2525
f 2525 2526 2503
f 2503 2526 2516
f 2527 2524 2528
f 2528 2524 2520
f 2530 2531 2529
f 2529 2531 2532
f 2531 2533 2532
f 2532 2533 2534
f 2531 2535 2533
f 2533 2535 2536
f 2537 2538 2535
f 2535 2538 2539
f 2539 2540 2535
f 2535 2540 2536
f 2537 2535 2530
f 2530 2535 2531
f 2529 2541 2530
f 2530 2541 2542
f 2543 2534 2536
f 2536 2534 2533
f 2519 2521 2543
f 2543 2521 2534
f 2534 2521 2544
f 2544 2521 2522
f 2532 2534 2545
f 2545 2534 2544
f 2529 2532 2546
f 2546 2532 2545
f 2536 2540 2543
f 2543 2540 2528
f 2519 2543 2520
f 2520 2543 2528
f 2541 2529 2547
f 2547 2529 2546
f 2548 2549 2545
f 2545 2549 2546
f 2549 2550 2546
f 2546 2550 2547
f 2551 2552 2548
f 2548 2552 2549
f 2548 2553 2551
f 2551 2553 2554
f 2550 2549 2555
f 2555 2549 2552
f 2545 2544 2548
f 2548 2544 2553
f 2523 2553 2522
f 2522 2553 2544
f 2547 2556 2541
f 2541 2556 2557
f 2541 2557 2542
f 2542 2557 2558
f 2528 2540 2559
f 2559 2540 2539
f 2538 2560 2539
f 2539 2560 2559
f 2561 2527 2559
f 2559 2527 2528
f 2560 2562 2559
f 2559 2562 2561
f 2560 2538 2564
f 2564 2538 2563
f 2558 2557 2563
f 2563 2557 2564
f 2565 2523 2509
f 2509 2523 2510
f 2526 2566 2516
f 2516 2566 2508
f 2509 2508 2565
f 2565 2508 2566
f 2565 2566 2554
f 2554 2566 2567
f 2554 2567 2551
f 2551 2567 2568
f 2569 2567 2526
f 2526 2567 2566
f 2553 2523 2554
f 2554 2523 2565
f 2570 2569 2525
f 2525 2569 2526
f 2524 2527 2525
f 2525 2527 2570
f 2527 2561 2570
f 2570 2561 2571
f 2571 2572 2570
f 2570 2572 2569
f 2573 2574 2571
f 2571 2574 2572
f 2572 2568 2569
f 2569 2568 2567
f 2568 2572 2575
f 2575 2572 2574
f 2562 2573 2561
f 2561 2573 2571
f 2573 2562 2576
f 2576 2562 2577
f 2579 2580 2578
f 2578 2580 2576
f 2574 2573 2580
f 2580 2573 2576
f 2576 2577 2578
f 2578 2577 2556
f 2557 2556 2564
f 2564 2556 2577
f 2562 2560 2577
f 2577 2560 2564
f 2575 2552 2568
f 2568 2552 2551
f 2579 2555 2575
f 2575 2555 2552
f 2579 2575 2580
f 2580 2575 2574
f 2550 2555 2578
f 2578 2555 2579
f 2556 2547 2578
f 2578 2547 2550
f 2558 2537 2542
f 2542 2537 2530
f 2538 2537 2563
f 2563 2537 2558
f 2292 2295 2481
f 2481 2295 2482
f 2486 2489 2512
f 2512 2489 2581
f 2499 2491 2498
f 2498 2491 2490
f 2497 2492 2499
f 2499 2492 2491
f 2155 2154 2494
f 2494 2154 2495
f 2581 2489 2490
f 2490 2489 2498
f 2293 2292 2511
f 2511 2292 2481
f 2191 2155 2512
f 2512 2155 2494
f 2500 2496 2511
f 2511 2496 2495
f 2247 2492 2295
f 2295 2492 2482
f 2583 2584 2582
f 2582 2584 2585
f 2587 2588 2586
f 2586 2588 2589
f 2591 2587 2590
f 2590 2587 2586
f 2593 2594 2592
f 2592 2594 2595
f 2596 2597 2599
f 2599 2597 2598
f 2588 2600 2589
f 2589 2600 2601
f 2602 2603 2605
f 2605 2603 2604
f 2606 2607 2609
f 2609 2607 2608
f 2609 2608 2190
f 2190 2608 2610
f 2611 2612 2614
f 2614 2612 2613
f 2600 2588 2615
f 2615 2588 2595
f 2599 2598 2606
f 2606 2598 2607
f 2584 2616 2604
f 2604 2616 2605
f 2600 2615 2583
f 2583 2615 2617
f 2591 2619 2618
f 2618 2619 2614
f 2621 2622 2620
f 2620 2622 2623
f 2619 2624 2614
f 2614 2624 2611
f 2591 2590 2619
f 2619 2590 2625
f 2587 2591 2592
f 2592 2591 2618
f 2626 2627 2585
f 2585 2627 2582
f 2627 2628 2582
f 2582 2628 2601
f 2629 2593 2618
f 2618 2593 2592
f 2602 2597 2611
f 2611 2597 2612
f 2600 2583 2601
f 2601 2583 2582
f 2630 2631 2589
f 2589 2631 2586
f 2583 2617 2584
f 2584 2617 2616
f 2588 2587 2595
f 2595 2587 2592
f 2633 2626 2632
f 2632 2626 2585
f 2620 2623 2634
f 2634 2623 2625
f 2622 2603 2623
f 2623 2603 2624
f 2621 2633 2622
f 2622 2633 2632
f 2611 2624 2602
f 2602 2624 2603
f 2634 2625 2635
f 2635 2625 2590
f 2628 2630 2601
f 2601 2630 2589
f 2613 2195 2629
f 2629 2195 2194
f 2631 2635 2586
f 2586 2635 2590
f 2595 2594 2615
f 2615 2594 2610
f 2619 2625 2624
f 2624 2625 2623
f 2632 2604 2622
f 2622 2604 2603
f 2585 2584 2632
f 2632 2584 2604
f 2635 2636 2634
f 2634 2636 2637
f 2638 2636 2631
f 2631 2636 2635
f 2639 2638 2630
f 2630 2638 2631
f 2640 2639 2628
f 2628 2639 2630
f 2634 2637 2620
f 2620 2637 2641
f 2620 2641 2621
f 2621 2641 2642
f 2642 2643 2621
f 2621 2643 2633
f 2641 2637 2644
f 2644 2637 2645
f 2646 2647 2649
f 2649 2647 2648
f 2648 2650 2649
f 2649 2650 2651
f 2648 2652 2650
f 2650 2652 2653
f 2652 2654 2656
f 2656 2654 2655
f 2656 2657 2652
f 2652 2657 2653
f 2654 2652 2647
f 2647 2652 2648
f 2647 2646 2659
f 2659 2646 2658
f 2660 2651 2653
f 2653 2651 2650
f 2636 2638 2660
f 2660 2638 2651
f 2651 2638 2661
f 2661 2638 2639
f 2651 2661 2649
f 2649 2661 2662
f 2663 2646 2662
f 2662 2646 2649
f 2653 2657 2660
f 2660 2657 2645
f 2636 2660 2637
f 2637 2660 2645
f 2646 2663 2658
f 2658 2663 2664
f 2665 2666 2662
f 2662 2666 2663
f 2666 2667 2663
f 2663 2667 2664
f 2668 2669 2665
f 2665 2669 2666
f 2665 2670 2668
f 2668 2670 2671
f 2667 2666 2672
f 2672 2666 2669
f 2662 2661 2665
f 2665 2661 2670
f 2640 2670 2639
f 2639 2670 2661
f 2673 2674 2664
f 2664 2674 2658
f 2658 2674 2659
f 2659 2674 2675
f 2645 2657 2676
f 2676 2657 2656
f 2677 2676 2655
f 2655 2676 2656
f 2676 2678 2645
f 2645 2678 2644
f 2677 2679 2676
f 2676 2679 2678
f 2655 2680 2677
f 2677 2680 2681
f 2675 2674 2680
f 2680 2674 2681
f 2682 2640 2627
f 2627 2640 2628
f 2643 2683 2633
f 2633 2683 2626
f 2682 2627 2683
f 2683 2627 2626
f 2683 2684 2682
f 2682 2684 2671
f 2684 2685 2671
f 2671 2685 2668
f 2686 2684 2643
f 2643 2684 2683
f 2670 2640 2671
f 2671 2640 2682
f 2687 2686 2642
f 2642 2686 2643
f 2642 2641 2687
f 2687 2641 2644
f 2687 2644 2688
f 2688 2644 2678
f 2688 2689 2687
f 2687 2689 2686
f 2690 2691 2688
f 2688 2691 2689
f 2689 2685 2686
f 2686 2685 2684
f 2685 2689 2692
f 2692 2689 2691
f 2679 2690 2678
f 2678 2690 2688
f 2690 2679 2693
f 2693 2679 2694
f 2696 2697 2695
f 2695 2697 2693
f 2691 2690 2697
f 2697 2690 2693
f 2693 2694 2695
f 2695 2694 2673
f 2674 2673 2681
f 2681 2673 2694
f 2679 2677 2694
f 2694 2677 2681
f 2685 2692 2668
f 2668 2692 2669
f 2696 2672 2692
f 2692 2672 2669
f 2696 2692 2697
f 2697 2692 2691
f 2695 2667 2696
f 2696 2667 2672
f 2673 2664 2695
f 2695 2664 2667
f 2675 2654 2659
f 2659 2654 2647
f 2655 2654 2680
f 2680 2654 2675
f 2291 2156 2593
f 2593 2156 2594
f 2597 2602 2598
f 2598 2602 2605
f 2616 2617 2607
f 2607 2617 2608
f 2615 2610 2617
f 2617 2610 2608
f 2597 2596 2612
f 2612 2596 2698
f 2598 2605 2607
f 2607 2605 2616
f 2194 2291 2629
f 2629 2291 2593
f 2629 2618 2613
f 2613 2618 2614
f 2190 2610 2156
f 2156 2610 2594
f 2700 2010 2699
f 2699 2010 2086
f 2267 2701 2116
f 2116 2701 2702
f 2116 2702 2117
f 2117 2702 2703
f 2704 2705 2250
f 2250 2705 2254
f 2011 2706 2267
f 2267 2706 2701
f 2699 2086 2707
f 2707 2086 2289
f 2010 2700 2011
f 2011 2700 2706
f 2708 2707 2251
f 2251 2707 2289
f 2703 2704 2117
f 2117 2704 2250
f 2705 2708 2254
f 2254 2708 2251
f 2709 2710 2708
f 2708 2710 2707
f 2711 2709 2705
f 2705 2709 2708
f 2712 2711 2704
f 2704 2711 2705
f 2713 2712 2703
f 2703 2712 2704
f 2707 2710 2699
f 2699 2710 2714
f 2699 2714 2700
f 2700 2714 2715
f 2716 2706 2715
f 2715 2706 2700
f 2714 2710 2717
f 2717 2710 2718
f 2720 2721 2719
f 2719 2721 2722
f 2721 2723 2722
f 2722 2723 2724
f 2721 2725 2723
f 2723 2725 2726
f 2727 2728 2725
f 2725 2728 2726
f 2729 2725 2720
f 2720 2725 2721
f 2731 2729 2730
f 2730 2729 2720
f 2719 2732 2720
f 2720 2732 2730
f 2726 2733 2723
f 2723 2733 2724
f 2709 2711 2733
f 2733 2711 2724
f 2724 2711 2734
f 2734 2711 2712
f 2722 2724 2735
f 2735 2724 2734
f 2719 2722 2736
f 2736 2722 2735
f 2726 2728 2733
f 2733 2728 2718
f 2709 2733 2710
f 2710 2733 2718
f 2732 2719 2737
f 2737 2719 2736
f 2738 2739 2735
f 2735 2739 2736
f 2739 2740 2736
f 2736 2740 2737
f 2741 2742 2738
f 2738 2742 2739
f 2738 2743 2741
f 2741 2743 2744
f 2740 2739 2745
f 2745 2739 2742
f 2735 2734 2738
f 2738 2734 2743
f 2713 2743 2712
f 2712 2743 2734
f 2737 2746 2732
f 2732 2746 2747
f 2732 2747 2730
f 2730 2747 2731
f 2718 2728 2748
f 2748 2728 2727
f 2749 2750 2727
f 2727 2750 2748
f 2748 2751 2718
f 2718 2751 2717
f 2750 2752 2748
f 2748 2752 2751
f 2750 2749 2754
f 2754 2749 2753
f 2731 2747 2753
f 2753 2747 2754
f 2727 2725 2749
f 2749 2725 2729
f 2749 2729 2753
f 2753 2729 2731
f 2702 2755 2703
f 2703 2755 2713
f 2706 2716 2701
f 2701 2716 2756
f 2755 2702 2756
f 2756 2702 2701
f 2756 2757 2755
f 2755 2757 2744
f 2757 2758 2744
f 2744 2758 2741
f 2759 2757 2716
f 2716 2757 2756
f 2743 2713 2744
f 2744 2713 2755
f 2760 2759 2715
f 2715 2759 2716
f 2715 2714 2760
f 2760 2714 2717
f 2760 2717 2761
f 2761 2717 2751
f 2761 2762 2760
f 2760 2762 2759
f 2763 2764 2761
f 2761 2764 2762
f 2762 2758 2759
f 2759 2758 2757
f 2758 2762 2765
f 2765 2762 2764
f 2752 2763 2751
f 2751 2763 2761
f 2763 2752 2766
f 2766 2752 2767
f 2768 2769 2766
f 2766 2769 2770
f 2764 2763 2770
f 2770 2763 2766
f 2766 2767 2768
f 2768 2767 2746
f 2747 2746 2754
f 2754 2746 2767
f 2752 2750 2767
f 2767 2750 2754
f 2758 2765 2741
f 2741 2765 2742
f 2769 2745 2765
f 2765 2745 2742
f 2769 2765 2770
f 2770 2765 2764
f 2768 2740 2769
f 2769 2740 2745
f 2746 2737 2768
f 2768 2737 2740
f 2201 2212 2200
f 2200 2212 2214
f 2201 2202 2212
f 2212 2202 2185
f 2512 2581 2191
f 2191 2581 2192
f 2059 2290 2056
f 2056 2290 2272
f 2174 2199 2294
f 2294 2199 2278
f 2063 2175 2194
f 2194 2175 2291
f 2192 2581 2133
f 2133 2581 2490
f 2133 2132 2192
f 2192 2132 2189
f 2054 2276 2055
f 2055 2276 2138
f 2083 2279 2084
f 2084 2279 2771
f 2771 2279 2599
f 2599 2279 2596
f 2606 2772 2599
f 2599 2772 2771
f 2772 2773 2771
f 2771 2773 2084
f 2773 2774 2084
f 2084 2774 2085
f 2085 2775 2082
f 2082 2775 2144
f 2774 2078 2085
f 2085 2078 2775
f 2078 2774 2079
f 2079 2774 2776
f 2774 2773 2776
f 2776 2773 2777
f 2773 2772 2777
f 2777 2772 2778
f 2190 2189 2609
f 2609 2189 2778
f 2053 2052 2779
f 2779 2052 2181
f 2144 2775 2081
f 2081 2775 2078
f 2294 2153 2174
f 2174 2153 2175
f 2132 2276 2189
f 2189 2276 2778
f 2606 2609 2772
f 2772 2609 2778
f 2195 2613 2698
f 2698 2613 2612
f 2596 2279 2698
f 2698 2279 2195
f 2054 2777 2276
f 2276 2777 2778
f 2777 2054 2776
f 2776 2054 2053
f 2053 2779 2776
f 2776 2779 2079
f 2779 2181 2079
f 2079 2181 2080
f 2181 2239 2080
f 2080 2239 2240
f 2122 2256 2014
f 2042 1982 2076
f 2076 1982 2007
f 1982 1985 2007
f 2007 1985 2008
f 2095 2097 2265
f 2265 2097 2266
f 2076 2050 2042
f 2042 2050 2047
f 2046 2043 2047
f 2047 2043 2042
f 2118 1993 2046
f 2046 1993 2043
f 1995 1994 2118
f 2118 1994 1993
f 2267 1992 2011
f 2011 1992 2012
f 1997 2012 1994
f 1994 2012 1992
f 2226 2013 1997
f 1997 2013 2012
f 2225 2087 2226
f 2226 2087 2013
f 2225 2232 2087
f 2087 2232 2288
f 2232 2070 2288
f 2288 2070 2252
f 2070 2025 2252
f 2252 2025 2253
f 1988 2249 2025
f 2025 2249 2253
f 2116 2115 2267
f 2267 2115 2268
f 2096 1984 2237
f 2237 1984 1991
f 2095 1985 2096
f 2096 1985 1984
f 2265 2008 2095
f 2095 2008 1985
f 2092 2009 2265
f 2265 2009 2008
f 2091 2286 2092
f 2092 2286 2009
f 2255 2238 2091
f 2091 2238 2286
f 2256 2239 2255
f 2255 2239 2238
f 2122 2240 2256
f 2256 2240 2239
f 2121 2241 2122
f 2122 2241 2240
f 2022 2018 2097
f 2097 2018 2266
f 2022 2024 2018
f 2018 2024 2019
f 2024 2072 2019
f 2019 2072 2073
f 2072 2228 2073
f 2073 2228 2230
f 2228 2184 2230
f 2230 2184 2183
f 2121 2285 2241
f 2241 2285 2258
f 2285 2036 2258
f 2258 2036 2257
f 2177 2145 2193
f 2193 2145 2257
f 2173 2193 2196
f 2196 2193 2037
f 2036 2037 2257
f 2257 2037 2193
f 2196 2037 2066
f 2066 2037 2035
f 2061 2108 2034
f 2034 2108 2067
f 2108 2208 2067
f 2067 2208 2204
f 2208 2210 2204
f 2204 2210 2203
f 2210 2280 2203
f 2203 2280 2186
f 2183 2186 2235
f 2235 2186 2280
f 1987 2114 1988
f 1988 2114 2249
f 2237 2115 1987
f 1987 2115 2114
f 1991 2268 2237
f 2237 2268 2115
f 1991 1990 2268
f 2268 1990 1992
f 107 110 2781
f 2781 110 2780
f 117 2782 118
f 118 2782 2783
f 119 2784 120
f 120 2784 2785
f 125 2786 126
f 126 2786 2787
f 127 2788 128
f 128 2788 2789
f 127 132 2788
f 2788 132 2790
f 231 230 2792
f 2792 230 2791
f 118 2783 119
f 119 2783 2784
f 241 243 2794
f 2794 243 2793
f 2781 2795 107
f 107 2795 352
f 120 2785 437
f 437 2785 2796
f 126 2787 110
f 110 2787 2780
f 455 2797 456
f 456 2797 2798
f 128 2789 457
f 457 2789 2799
f 456 2798 117
f 117 2798 2782
f 2794 2797 241
f 241 2797 455
f 457 2799 125
f 125 2799 2786
f 132 231 2790
f 2790 231 2792
f 230 437 2791
f 2791 437 2796
f 2792 2789 2790
f 2790 2789 2788
f 2785 2784 2801
f 2801 2784 2800
f 2786 2802 2787
f 2787 2802 2803
f 2792 2791 2805
f 2805 2791 2804
f 2784 2783 2800
f 2800 2783 2806
f 2785 2801 2796
f 2796 2801 2807
f 2787 2803 2780
f 2780 2803 2808
f 2789 2809 2799
f 2799 2809 2810
f 2799 2810 2786
f 2786 2810 2802
f 2791 2796 2804
f 2804 2796 2807
f 2789 2792 2809
f 2809 2792 2805
f 2812 2797 2811
f 2811 2797 2794
f 2809 2805 2810
f 2810 2805 2804
f 2810 2804 2802
f 2802 2804 2807
f 2802 2807 2803
f 2803 2807 2801
f 2808 2803 2800
f 2800 2803 2801
f 2814 699 2813
f 2813 699 698
f 2808 2815 2780
f 2780 2815 2781
f 2817 2782 2816
f 2816 2782 2798
f 2815 2818 2781
f 2781 2818 2795
f 2797 2812 2798
f 2798 2812 2816
f 2783 2782 2806
f 2806 2782 2817
f 2800 2806 2808
f 2808 2806 2815
f 2794 2793 2811
f 2811 2793 2819
f 174 201 384
f 384 201 362
f 200 1766 390
f 390 1766 1777
f 1777 1778 390
f 390 1778 398
f 1778 361 398
f 398 361 222
f 2820 2821 628
f 628 2821 629
f 1406 2820 790
f 790 2820 628
f 794 1415 1233
f 1233 1415 1234
f 1406 790 1407
f 1407 790 1312
f 1407 1312 2822
f 2822 1312 1316
f 2823 1380 1543
f 1543 1380 1379
f 1385 1738 1382
f 1382 1738 1383
f 1381 791 1382
f 1382 791 1386
f 791 794 1386
f 1386 794 1233
f 1259 1390 1260
f 1260 1390 1389
f 1905 1542 1394
f 1394 1542 1395
f 1410 1413 1397
f 1397 1413 1398
f 2821 1410 629
f 629 1410 1397
f 2823 2822 1380
f 1380 2822 1316
f 1392 1395 1378
f 1378 1395 1379
f 1738 1399 1383
f 1383 1399 1398
f 1388 1235 1389
f 1389 1235 1234
f 1393 1391 1394
f 1394 1391 1390
f 1381 1384 779
f 779 1384 780
f 1282 788 792
f 792 788 793
f 1431 1262 1432
f 1432 1262 1261
f 1400 1342 1408
f 1408 1342 1409
f 1508 1544 1411
f 1411 1544 1412
f 788 787 793
f 793 787 1414
f 2821 2820 1429
f 1429 2820 1430
f 2822 2823 1506
f 1506 2823 1507
f 778 1282 779
f 779 1282 792
f 2820 1406 1430
f 1430 1406 1409
f 1410 2821 1411
f 1411 2821 1429
f 1407 2822 1408
f 1408 2822 1506
f 1544 781 1412
f 1412 781 780
f 1260 1415 1261
f 1261 1415 1414
f 1334 2824 923
f 923 2824 924
f 2826 1268 2825
f 2825 1268 1267
f 769 1212 2827
f 2827 1212 2828
f 1492 1190 1266
f 1266 1190 1267
f 1488 2829 1489
f 1489 2829 2830
f 922 1329 923
f 923 1329 1328
f 1484 2831 1485
f 1485 2831 2832
f 1482 2833 1485
f 1485 2833 1486
f 1324 1493 1489
f 1489 1493 1490
f 1265 1491 1266
f 1266 1491 1490
f 2835 2836 2834
f 2834 2836 2837
f 1250 2838 2827
f 2827 2838 2839
f 1488 1491 2840
f 2840 1491 2841
f 1268 2826 2842
f 2842 2826 2843
f 2844 2845 1495
f 1495 2845 1496
f 1427 2847 2846
f 2846 2847 926
f 2829 1488 2848
f 2848 1488 2840
f 1329 922 2849
f 2849 922 927
f 2850 2851 768
f 768 2851 1213
f 1265 1268 2852
f 2852 1268 2842
f 1491 1265 2841
f 2841 1265 2852
f 2854 2855 2853
f 2853 2855 2856
f 2855 2857 2856
f 2856 2857 598
f 2857 2858 598
f 598 2858 595
f 2858 2859 595
f 595 2859 626
f 649 652 2860
f 2860 652 2861
f 639 642 2862
f 2862 642 2863
f 2864 705 2862
f 2862 705 639
f 2865 1418 2864
f 2864 1418 705
f 2866 2867 2865
f 2865 2867 1418
f 1760 1348 1761
f 1761 1348 2867
f 1764 2868 1197
f 1197 2868 1198
f 2869 611 2868
f 2868 611 1198
f 2870 612 2869
f 2869 612 611
f 1352 1350 944
f 944 1350 688
f 1350 1256 688
f 688 1256 685
f 1256 1255 685
f 685 1255 692
f 1255 2871 692
f 692 2871 2872
f 701 2873 698
f 698 2873 2813
f 2872 1349 692
f 692 1349 693
f 1696 1744 1574
f 1574 1744 1575
f 1753 1618 1577
f 1577 1618 1578
f 1729 1594 1608
f 1608 1594 1609
f 1725 1630 1611
f 1611 1630 1612
f 1604 1607 1625
f 1625 1607 1626
f 1624 1703 1625
f 1625 1703 1912
f 1703 1702 1912
f 1912 1702 1913
f 1702 1753 1913
f 1913 1753 1577
f 1598 1569 1915
f 1915 1569 1578
f 1616 1615 1915
f 1915 1615 1916
f 1615 1696 1916
f 1916 1696 1574
f 1744 1745 1575
f 1575 1745 1917
f 1745 1565 1917
f 1917 1565 1609
f 1568 1725 1608
f 1608 1725 1611
f 2874 1613 1918
f 1918 1613 1612
f 1607 2874 1626
f 1626 2874 1918
f 1610 1613 1562
f 1562 1613 1563
f 1547 1550 1570
f 1570 1550 1571
f 1573 1576 1580
f 1580 1576 1581
f 1553 1556 1595
f 1595 1556 1596
f 1556 1582 1596
f 1596 1582 1581
f 1551 1547 1599
f 1599 1547 1570
f 1731 1914 1601
f 1601 1914 1602
f 1686 1689 1605
f 1605 1689 1606
f 1598 1743 1599
f 1599 1743 1692
f 2874 1607 1723
f 1723 1607 1606
f 1727 1553 1730
f 1730 1553 1595
f 1600 1686 1601
f 1601 1686 1605
f 1914 1572 1602
f 1602 1572 1571
f 1579 1693 1580
f 1580 1693 1692
f 1613 2874 1563
f 1563 2874 1723
f 1561 1727 1562
f 1562 1727 1730
f 1949 1742 1548
f 1548 1742 1549
f 1694 1949 1552
f 1552 1949 1548
f 1954 1589 1554
f 1554 1589 1555
f 1693 1579 1558
f 1558 1579 1559
f 1561 1564 1584
f 1584 1564 1585
f 1582 1556 1588
f 1588 1556 1555
f 1600 1603 1591
f 1591 1603 1592
f 1981 1977 1687
f 1687 1977 1688
f 1564 1722 1585
f 1585 1722 1690
f 1551 1693 1552
f 1552 1693 1558
f 1751 1954 1728
f 1728 1954 1554
f 1590 1981 1591
f 1591 1981 1687
f 1603 1550 1592
f 1592 1550 1549
f 1977 1691 1688
f 1688 1691 1690
f 1587 1560 1588
f 1588 1560 1559
f 1727 1561 1728
f 1728 1561 1584
f 2875 1919 1947
f 1947 1919 1948
f 1557 1560 1952
f 1952 1560 1953
f 1933 1932 1955
f 1955 1932 1956
f 1587 1589 1958
f 1958 1589 1956
f 1959 1933 1965
f 1965 1933 1955
f 1961 1964 1966
f 1966 1964 1967
f 1981 1590 1969
f 1969 1590 1967
f 1742 1949 1972
f 1972 1949 1948
f 1593 1742 1966
f 1966 1742 1972
f 1957 1950 1958
f 1958 1950 1953
f 1583 1586 1974
f 1974 1586 1975
f 1940 1943 1978
f 1978 1943 1979
f 1943 1976 1979
f 1979 1976 1975
f 1951 2875 1952
f 1952 2875 1947
f 1968 1940 1969
f 1969 1940 1978
f 1973 1959 1974
f 1974 1959 1965
f 1923 1971 1920
f 1920 1971 1921
f 1919 2875 1920
f 1920 2875 1924
f 2875 1951 1924
f 1924 1951 1926
f 1950 1957 1929
f 1929 1957 1930
f 2244 2243 1934
f 1934 2243 1935
f 1973 1976 1937
f 1937 1976 1938
f 1944 1980 1941
f 1941 1980 1942
f 1940 1968 1941
f 1941 1968 1945
f 2287 2244 1960
f 1960 2244 1934
f 1970 2245 1962
f 1962 2245 1963
f 2243 1931 1935
f 1935 1931 1930
f 1927 1926 1928
f 1928 1926 1929
f 1961 1922 1962
f 1962 1922 1921
f 2245 1946 1963
f 1963 1946 1945
f 1976 1943 1938
f 1938 1943 1942
f 1936 2287 1937
f 1937 2287 1960
f 743 1238 608
f 608 1238 609
f 607 1811 608
f 608 1811 744
f 1304 2876 1305
f 1305 2876 2877
f 586 585 1298
f 1298 585 1299
f 585 702 1299
f 1299 702 1300
f 702 1428 1300
f 1300 1428 1301
f 1238 586 609
f 609 586 1298
f 2878 2879 1218
f 1218 2879 2877
f 2880 2881 1812
f 1812 2881 1819
f 2883 1821 2882
f 2882 1821 1820
f 2840 2841 620
f 620 2841 621
f 2842 2843 795
f 795 2843 796
f 892 895 2844
f 2844 895 2845
f 2848 2840 942
f 942 2840 620
f 2849 927 1202
f 1202 927 1203
f 2852 2842 1270
f 1270 2842 795
f 2841 2852 621
f 621 2852 1270
f 941 1759 942
f 942 1759 2884
f 659 929 1427
f 1427 929 2847
f 1237 2851 751
f 751 2851 2850
f 1216 2885 1217
f 1217 2885 1754
f 2887 734 2886
f 2886 734 733
f 2889 1816 2888
f 2888 1816 1815
f 2890 1245 2889
f 2889 1245 1816
f 1824 2891 1825
f 1825 2891 1246
f 2892 2893 2895
f 2895 2893 2894
f 1854 1833 1851
f 1851 1833 1832
f 1851 1832 1884
f 1884 1832 1876
f 1884 1876 1441
f 1441 1876 1443
f 1441 1443 1442
f 1442 1443 1446
f 1442 1446 2896
f 2896 1446 1507
f 2897 2823 2898
f 2898 2823 1543
f 1542 2899 1543
f 1543 2899 2898
f 1542 1905 2899
f 2899 1905 2900
f 1905 1259 2900
f 2900 1259 2901
f 1262 1431 2902
f 2902 1431 1904
f 1431 1434 1904
f 1904 1434 1902
f 1902 1434 2903
f 2903 1434 719
f 2903 719 2904
f 2904 719 718
f 1869 1881 718
f 718 1881 2904
f 1881 1869 1880
f 1880 1869 756
f 1880 756 2905
f 2905 756 755
f 2905 755 2906
f 2906 755 758
f 762 2907 763
f 763 2907 2908
f 724 723 2909
f 2909 723 894
f 796 895 723
f 723 895 894
f 2843 2845 796
f 796 2845 895
f 2826 1496 2843
f 2843 1496 2845
f 2825 1497 2826
f 2826 1497 1496
f 1189 2836 2825
f 2825 2836 1497
f 797 891 798
f 798 891 2837
f 802 888 797
f 797 888 891
f 2910 2911 2913
f 2913 2911 2912
f 1780 1783 2915
f 2915 1783 2914
f 2916 2917 831
f 831 2917 832
f 2918 2919 845
f 845 2919 846
f 2920 2916 847
f 847 2916 831
f 2921 2922 857
f 857 2922 858
f 2923 2924 860
f 860 2924 861
f 2919 2912 846
f 846 2912 887
f 2925 2920 940
f 940 2920 847
f 2924 2926 861
f 861 2926 1204
f 2917 2918 832
f 832 2918 845
f 2927 2928 1449
f 1449 2928 1450
f 2929 2930 889
f 889 2930 2931
f 2896 1507 2897
f 2897 1507 2823
f 2902 2901 1262
f 1262 2901 1259
f 2932 2933 750
f 750 2933 1236
f 2933 2934 1236
f 1236 2934 1835
f 2936 2937 2935
f 2935 2937 2938
f 2940 2941 2939
f 2939 2941 2942
f 2943 2944 1841
f 1841 2944 1842
f 2945 1860 2944
f 2944 1860 1842
f 2945 2946 1860
f 1860 2946 1859
f 1889 2947 1890
f 1890 2947 1856
f 1856 2947 1857
f 1857 2947 2948
f 2950 709 2949
f 2949 709 1829
f 2952 730 2951
f 2951 730 729
f 2866 2953 2867
f 2867 2953 1761
f 2953 2954 1761
f 1761 2954 1420
f 2954 2955 1420
f 1420 2955 742
f 2955 2956 742
f 742 2956 739
f 2956 2957 739
f 739 2957 760
f 2957 2958 760
f 760 2958 761
f 2958 2959 761
f 761 2959 2960
f 2959 2961 2960
f 2960 2961 2962
f 2963 2964 1839
f 1839 2964 1840
f 2964 2965 1840
f 1840 2965 2942
f 2966 2950 2939
f 2939 2950 2949
f 2935 2967 2936
f 2936 2967 2968
f 2969 2970 736
f 736 2970 735
f 734 2887 1815
f 1815 2887 2888
f 2887 2882 2888
f 2888 2882 2881
f 1819 1820 1817
f 1817 1820 748
f 1195 1757 1197
f 1197 1757 1424
f 1757 647 1424
f 1424 647 646
f 647 648 646
f 646 648 643
f 648 1271 643
f 643 1271 737
f 1271 725 737
f 737 725 765
f 725 724 765
f 765 724 762
f 762 724 2907
f 2907 724 2909
f 1254 1437 2909
f 2909 1437 2907
f 1438 1253 1836
f 1836 1253 1835
f 1836 1835 2938
f 2938 1835 2934
f 2971 2972 2935
f 2935 2972 2967
f 897 896 2969
f 2969 896 2970
f 1815 1814 734
f 734 1814 731
f 728 1215 896
f 896 1215 732
f 2885 1216 733
f 733 1216 2886
f 1216 1219 2886
f 2886 1219 2883
f 2876 1304 1821
f 1821 1304 749
f 1304 1303 749
f 749 1303 746
f 1818 2973 1817
f 1817 2973 1810
f 747 2974 1818
f 1818 2974 2973
f 747 746 2974
f 2974 746 1303
f 2976 2977 2975
f 2975 2977 2978
f 2976 2979 2901
f 2901 2979 2900
f 2980 2981 2982
f 2982 2981 2979
f 2981 2980 2983
f 2983 2980 2984
f 2985 2897 2983
f 2983 2897 2898
f 2987 2988 2986
f 2986 2988 2985
f 2896 2988 1442
f 1442 2988 1439
f 1903 2977 1904
f 1904 2977 2902
f 1856 1855 1890
f 1890 1855 2989
f 2989 2990 1890
f 1890 2990 1359
f 2990 2991 1359
f 1359 2991 1356
f 2946 2992 1859
f 1859 2992 1893
f 2992 2993 1893
f 1893 2993 775
f 2993 2994 775
f 775 2994 776
f 2986 1356 2987
f 2987 1356 2991
f 2975 2978 776
f 776 2978 777
f 2982 2994 2980
f 2980 2994 2995
f 1357 2984 2995
f 2995 2984 2980
f 2995 2996 1357
f 1357 2996 1358
f 2996 2997 1358
f 1358 2997 1889
f 2998 2999 2932
f 2932 2999 2933
f 2999 2971 2933
f 2933 2971 2934
f 1837 1836 2937
f 2937 1836 2938
f 2943 1841 2941
f 2941 1841 1838
f 3001 2944 3000
f 3000 2944 2943
f 3001 3002 2944
f 2944 3002 2945
f 3002 3003 2945
f 2945 3003 2946
f 2997 3003 1889
f 1889 3003 2947
f 2947 3003 2948
f 2948 3003 3002
f 3001 3004 3002
f 3002 3004 2948
f 3000 3005 3001
f 3001 3005 3004
f 2940 3006 3000
f 3000 3006 3005
f 2999 3007 2971
f 2971 3007 2972
f 2998 2951 2999
f 2999 2951 3007
f 3008 2952 2998
f 2998 2952 2951
f 2966 2965 2936
f 2936 2965 2937
f 2935 2938 2971
f 2971 2938 2934
f 3003 2997 2946
f 2946 2997 2992
f 2997 2996 2992
f 2992 2996 2993
f 2996 2995 2993
f 2993 2995 2994
f 1356 2986 1357
f 1357 2986 2984
f 2982 2975 2994
f 2994 2975 776
f 1844 1843 1899
f 1899 1843 3009
f 1843 638 3009
f 3009 638 3010
f 638 637 3010
f 3010 637 3011
f 637 1830 3011
f 3011 1830 3012
f 1830 1833 3012
f 3012 1833 2894
f 1833 1854 2894
f 2894 1854 2895
f 1854 1853 2895
f 2895 1853 1888
f 1858 1857 1885
f 1885 1857 1892
f 1899 3009 1898
f 1898 3009 1874
f 3009 3010 1874
f 1874 3010 1865
f 3010 3011 1865
f 1865 3011 1862
f 3011 3012 1862
f 1862 3012 1882
f 3012 2894 1882
f 1882 2894 2893
f 1850 2890 782
f 782 2890 2889
f 783 2880 1811
f 1811 2880 1812
f 744 1810 745
f 745 1810 2973
f 745 2973 805
f 805 2973 806
f 2973 2974 806
f 806 2974 815
f 1303 812 2974
f 2974 812 815
f 1303 1302 812
f 812 1302 1221
f 1307 3013 1302
f 1302 3013 1221
f 1734 3014 1633
f 1633 3014 1634
f 1646 1649 1636
f 1636 1649 1637
f 1654 1657 1641
f 1641 1657 1642
f 1639 1736 1636
f 1636 1736 1684
f 1716 1713 1698
f 1698 1713 1699
f 1718 1721 1705
f 1705 1721 1706
f 1653 1654 1709
f 1709 1654 1641
f 1620 1623 1714
f 1714 1623 1699
f 1712 1682 1714
f 1714 1682 1740
f 1668 1671 1746
f 1746 1671 1747
f 1752 1650 1749
f 1749 1650 1750
f 1750 1650 1709
f 1709 1650 1653
f 1632 1668 1633
f 1633 1668 1746
f 1649 1752 1637
f 1637 1752 1749
f 1682 1643 1740
f 1740 1643 1642
f 3014 1685 1634
f 1634 1685 1684
f 1704 1748 1705
f 1705 1748 1747
f 1697 1707 1698
f 1698 1707 1706
f 1739 1701 1621
f 1621 1701 1622
f 1567 1566 1647
f 1647 1566 1648
f 1664 1695 1651
f 1651 1695 1652
f 1614 1617 1655
f 1655 1617 1656
f 1704 1707 1659
f 1659 1707 1660
f 3014 1734 1662
f 1662 1734 1663
f 1650 1752 1651
f 1651 1752 1665
f 1741 1657 1667
f 1667 1657 1656
f 1695 1614 1652
f 1652 1614 1655
f 1724 1567 1726
f 1726 1567 1647
f 1645 1628 1733
f 1733 1628 1663
f 1685 3014 1726
f 1726 3014 1662
f 1620 1741 1621
f 1621 1741 1667
f 1566 1666 1648
f 1648 1666 1665
f 1658 1737 1659
f 1659 1737 1901
f 1911 1661 1910
f 1910 1661 1660
f 1701 1911 1622
f 1622 1911 1910
f 1732 1748 1733
f 1733 1748 1901
f 1857 2948 1892
f 1892 2948 3004
f 1892 3004 1891
f 1891 3004 3005
f 1828 3006 1829
f 1829 3006 2949
f 2967 736 2968
f 2968 736 710
f 2972 2969 2967
f 2967 2969 736
f 2969 2972 897
f 897 2972 3007
f 897 3007 729
f 729 3007 2951
f 3016 753 3015
f 3015 753 752
f 3018 767 3017
f 3017 767 766
f 3019 3020 1249
f 1249 3020 3021
f 2915 2914 3019
f 3019 2914 3020
f 3023 2914 3022
f 3022 2914 1783
f 2827 2839 769
f 769 2839 766
f 3025 2838 3024
f 3024 2838 3021
f 768 767 2850
f 2850 767 3026
f 2850 3026 751
f 751 3026 752
f 750 753 2932
f 2932 753 3027
f 3008 2998 3027
f 3027 2998 2932
f 3028 3029 3008
f 3008 3029 2952
f 3029 3030 2952
f 2952 3030 730
f 3032 3033 3031
f 3031 3033 3034
f 3036 3037 3035
f 3035 3037 3038
f 2870 3039 612
f 612 3039 3040
f 3041 3042 3031
f 3031 3042 3038
f 3034 1352 3043
f 3043 1352 944
f 612 3040 613
f 613 3040 3044
f 613 3044 1425
f 1425 3044 1422
f 3045 3042 669
f 669 3042 670
f 3041 3043 599
f 599 3043 600
f 772 771 1544
f 1544 771 781
f 1503 771 1866
f 1866 771 770
f 771 1503 781
f 781 1503 778
f 61 281 416
f 416 281 1907
f 283 103 3046
f 3046 103 3047
f 76 79 3048
f 3048 79 3049
f 280 76 1906
f 1906 76 3048
f 3051 335 3050
f 3050 335 334
f 3053 417 3052
f 3052 417 416
f 3055 435 3054
f 3054 435 434
f 428 435 419
f 419 435 1908
f 420 1909 293
f 293 1909 443
f 79 294 3049
f 3049 294 444
f 3057 444 3056
f 3056 444 443
f 3051 3058 335
f 335 3058 452
f 216 215 1332
f 1332 215 452
f 308 283 462
f 462 283 3046
f 3050 334 3059
f 3059 334 462
f 103 62 3047
f 3047 62 417
f 313 312 434
f 434 312 463
f 3061 574 3060
f 3060 574 573
f 1310 3062 1428
f 1428 3062 3063
f 1258 3064 1255
f 1255 3064 2871
f 932 3065 2853
f 2853 3065 3066
f 699 2814 931
f 931 2814 3067
f 3068 1301 3063
f 3063 1301 1428
f 571 574 1310
f 1310 574 3062
f 3060 573 3069
f 3069 573 1332
f 3070 3071 1906
f 1906 3071 1907
f 3072 3073 1908
f 1908 3073 1909
f 3075 2814 3074
f 3074 2814 2813
f 2854 3076 1258
f 1258 3076 3064
f 2871 3077 2872
f 2872 3077 3078
f 3074 2813 3079
f 3079 2813 2873
f 2872 3078 1349
f 1349 3078 3080
f 2873 701 3068
f 3068 701 1301
f 1330 1201 3080
f 3080 1201 1349
f 1264 1263 3081
f 3081 1263 3082
f 3083 3084 3082
f 3082 3084 3081
f 811 1448 3086
f 3086 1448 3085
f 808 811 3087
f 3087 811 3086
f 3088 3083 833
f 833 3083 3082
f 884 3089 885
f 885 3089 3090
f 3087 1790 808
f 808 1790 816
f 1790 3087 1787
f 1787 3087 3091
f 3092 3091 3086
f 3086 3091 3087
f 3093 3094 3084
f 3084 3094 3095
f 3089 3096 3090
f 3090 3096 3088
f 3097 3093 3083
f 3083 3093 3084
f 3099 3100 3098
f 3098 3100 1786
f 3101 1788 2913
f 2913 1788 3102
f 838 837 885
f 885 837 886
f 886 837 3103
f 3103 837 1541
f 3094 3093 3104
f 3104 3093 3097
f 3105 3106 3089
f 3089 3106 3096
f 3108 3109 3107
f 3107 3109 3110
f 3111 3112 3091
f 3091 3112 1787
f 3114 3108 3113
f 3113 3108 3107
f 3114 3115 3112
f 3112 3115 3102
f 3091 3092 3111
f 3111 3092 3116
f 839 838 835
f 835 838 836
f 885 3090 838
f 838 3090 836
f 3110 3117 1247
f 1247 3117 3118
f 1247 3118 1248
f 1248 3118 3119
f 3120 3121 3119
f 3119 3121 1248
f 1247 844 3110
f 3110 844 3107
f 844 843 3107
f 3107 843 3113
f 843 3099 3113
f 3113 3099 3122
f 1781 3123 3098
f 3098 3123 3124
f 2915 2931 1780
f 1780 2931 2930
f 3019 3125 2915
f 2915 3125 2931
f 890 3125 2834
f 2834 3125 1252
f 3125 3019 1252
f 1252 3019 1249
f 907 908 946
f 946 908 947
f 1185 1188 1369
f 1369 1188 948
f 954 957 951
f 951 957 952
f 910 965 953
f 953 965 950
f 905 958 960
f 960 958 961
f 3126 978 949
f 949 978 962
f 936 935 967
f 967 935 968
f 994 993 969
f 969 993 966
f 902 904 971
f 971 904 972
f 983 985 973
f 973 985 970
f 906 905 974
f 974 905 960
f 977 981 959
f 959 981 975
f 911 910 1143
f 1143 910 953
f 952 957 1142
f 1142 957 1145
f 911 1143 1366
f 1366 1143 1368
f 1185 1369 1145
f 1145 1369 1142
f 993 1519 966
f 966 1519 1456
f 965 1454 950
f 950 1454 1457
f 900 899 1459
f 1459 899 1460
f 988 991 1461
f 1461 991 1458
f 899 963 1460
f 1460 963 1462
f 985 987 970
f 970 987 1463
f 904 906 972
f 972 906 974
f 981 983 975
f 975 983 973
f 935 900 968
f 968 900 1459
f 991 994 1458
f 1458 994 969
f 1154 1526 1088
f 1088 1526 1089
f 1109 1112 1092
f 1092 1112 1093
f 1083 1098 1084
f 1084 1098 1097
f 1078 1471 1100
f 1100 1471 1101
f 1075 1078 1104
f 1104 1078 1100
f 1152 1154 1156
f 1156 1154 1088
f 1156 1155 1372
f 1372 1155 1373
f 1372 1373 1104
f 1104 1373 1075
f 1467 1109 1465
f 1465 1109 1092
f 1465 1182 1468
f 1468 1182 1184
f 1474 1470 1096
f 1096 1470 1097
f 1102 1101 1083
f 1083 1101 1098
f 1112 1531 1093
f 1093 1531 1529
f 1102 1073 1099
f 1099 1073 1072
f 1526 1154 1079
f 1079 1154 1080
f 1081 1091 1082
f 1082 1091 1094
f 1069 1068 1085
f 1085 1068 1086
f 1153 1151 1080
f 1080 1151 1058
f 1371 1177 1179
f 1179 1177 1176
f 1099 1072 1103
f 1103 1072 1176
f 1068 1071 1086
f 1086 1071 1073
f 1085 1084 1180
f 1180 1084 1469
f 1066 1065 1183
f 1183 1065 1181
f 1153 1152 1177
f 1177 1152 1178
f 1091 1081 1182
f 1182 1081 1183
f 1057 1525 1079
f 1079 1525 1527
f 1120 1117 1076
f 1076 1117 1077
f 1087 1090 1107
f 1107 1090 1108
f 1127 1126 1110
f 1110 1126 1111
f 1095 1116 1096
f 1096 1116 1115
f 1471 1078 1119
f 1119 1078 1077
f 1087 1107 1155
f 1155 1107 1158
f 1376 1374 1157
f 1157 1374 1158
f 1076 1075 1374
f 1374 1075 1373
f 1109 1467 1110
f 1110 1467 1472
f 1467 1466 1472
f 1472 1466 1473
f 1135 1475 1114
f 1114 1475 1115
f 1471 1119 1095
f 1095 1119 1116
f 1126 1532 1111
f 1111 1532 1530
f 914 1276 1480
f 1480 1276 1517
f 3127 3128 1223
f 1223 3128 1224
f 824 933 1455
f 1455 933 3129
f 3131 1448 3130
f 3130 1448 1447
f 3132 3133 1452
f 1452 3133 1453
f 3130 1447 1322
f 1322 1447 1455
f 933 1514 3129
f 3129 1514 3134
f 1161 3135 1480
f 1480 3135 1481
f 3128 3136 1224
f 1224 3136 1499
f 3133 1162 1453
f 1453 1162 1517
f 1515 3127 1535
f 1535 3127 1223
f 3095 3085 3131
f 3131 3085 1448
f 3137 3092 3085
f 3085 3092 3086
f 3138 3116 3137
f 3137 3116 3092
f 3110 3109 3117
f 3117 3109 3139
f 3105 3140 3117
f 3117 3140 3118
f 3140 3141 3118
f 3118 3141 3119
f 3142 3120 3141
f 3141 3120 3119
f 1498 3143 1277
f 1277 3143 882
f 3144 3145 1340
f 1340 3145 1339
f 1340 3146 3144
f 3144 3146 3147
f 3145 3144 3143
f 3143 3144 3148
f 871 901 872
f 872 901 1362
f 3149 3148 3147
f 3147 3148 3144
f 1208 3150 1209
f 3098 1786 1781
f 1781 1786 1782
f 2930 2929 3123
f 3123 2929 2911
f 1794 1791 2916
f 2916 1791 2917
f 1793 3101 2918
f 2918 3101 2919
f 1796 1794 2920
f 2920 1794 2916
f 3151 3152 2921
f 2921 3152 2922
f 3153 3154 2923
f 2923 3154 2924
f 2919 3101 2912
f 2912 3101 2913
f 3155 1796 2925
f 2925 1796 2920
f 3154 3156 2924
f 2924 3156 2926
f 1791 1793 2917
f 2917 1793 2918
f 3157 3158 2927
f 2927 3158 2928
f 1780 2930 1781
f 1781 2930 3123
f 2825 1267 1189
f 1189 1267 1190
f 2827 2828 1250
f 1250 2828 1251
f 1489 2830 1324
f 1324 2830 1325
f 923 1328 1334
f 1334 1328 1335
f 1485 2832 1482
f 1482 2832 1483
f 1266 1490 1492
f 1492 1490 1493
f 1333 1346 1334
f 1334 1346 2824
f 722 799 1492
f 1492 799 1190
f 664 657 1482
f 1482 657 2833
f 631 634 1324
f 1324 634 1493
f 2828 1494 1251
f 1251 1494 2835
f 1249 3021 1250
f 1250 3021 2838
f 798 2837 1189
f 1189 2837 2836
f 3100 842 3160
f 3160 842 3159
f 1788 3101 1789
f 1789 3101 1793
f 1792 816 1789
f 1789 816 1790
f 817 816 1795
f 1795 816 1792
f 938 817 1797
f 1797 817 1795
f 1796 3155 1797
f 1797 3155 1798
f 3155 3158 1798
f 1798 3158 1799
f 3157 3152 1801
f 1801 3152 1802
f 3151 3156 1803
f 1803 3156 1804
f 3154 3153 1805
f 1805 3153 1806
f 3153 3161 1806
f 1806 3161 1807
f 3099 843 3100
f 3100 843 842
f 1788 1787 3102
f 3102 1787 3112
f 2910 3115 3124
f 3124 3115 3122
f 3099 3098 3122
f 3122 3098 3124
f 416 1907 3052
f 3052 1907 3071
f 3046 3047 3163
f 3163 3047 3162
f 249 445 259
f 259 445 3164
f 425 3165 424
f 424 3165 461
f 408 410 329
f 329 410 330
f 39 331 40
f 40 331 332
f 305 304 423
f 423 304 464
f 385 254 458
f 458 254 392
f 250 415 251
f 251 415 412
f 233 337 234
f 234 337 3166
f 435 3055 1908
f 1908 3055 3072
f 443 1909 3056
f 3056 1909 3073
f 3167 3049 3057
f 3057 3049 444
f 452 3058 1332
f 1332 3058 3069
f 234 3166 346
f 346 3166 411
f 3046 3163 462
f 462 3163 3059
f 259 3164 260
f 260 3164 336
f 3047 417 3162
f 3162 417 3053
f 463 3168 434
f 434 3168 3054
f 454 830 425
f 425 830 3165
f 3062 3169 3063
f 3063 3169 3170
f 1355 1354 1534
f 1534 1354 3171
f 3063 3170 3068
f 3068 3170 3172
f 574 3061 3062
f 3062 3061 3169
f 1534 3171 1535
f 1535 3171 3173
f 3079 2873 3172
f 3172 2873 3068
f 2838 3025 2839
f 2839 3025 3174
f 3176 3177 3175
f 3175 3177 3178
f 3180 1125 3179
f 3179 1125 1128
f 3182 3183 3181
f 3181 3183 3184
f 1134 3185 1130
f 1130 3185 3182
f 3186 3187 3189
f 3189 3187 3188
f 3191 3189 3190
f 3190 3189 3188
f 1137 1122 3190
f 3190 1122 3192
f 3175 3178 3193
f 3193 3178 3194
f 3181 3184 3179
f 3179 3184 3195
f 3197 3198 3196
f 3196 3198 3180
f 3200 3178 3199
f 3199 3178 3177
f 3202 3196 3201
f 3201 3196 3195
f 3204 3184 3203
f 3203 3184 3183
f 3206 3207 3205
f 3205 3207 3186
f 3205 3186 3208
f 3208 3186 3189
f 3209 3208 3191
f 3191 3208 3189
f 3210 3194 3200
f 3200 3194 3178
f 3201 3195 3204
f 3204 3195 3184
f 3197 3211 3177
f 3177 3211 3199
f 3213 3214 3212
f 3212 3214 3215
f 3217 3218 3216
f 3216 3218 3219
f 3221 3222 3220
f 3220 3222 3223
f 3225 3226 3224
f 3224 3226 3227
f 3229 3230 3228
f 3228 3230 3231
f 3233 3234 3232
f 3232 3234 3235
f 3237 3238 3236
f 3236 3238 3239
f 3238 3240 3239
f 3239 3240 3241
f 3232 3235 3242
f 3242 3235 3243
f 3245 3246 3244
f 3244 3246 3247
f 3248 3249 3245
f 3245 3249 3246
f 3251 3252 3250
f 3250 3252 3253
f 3255 3252 3254
f 3254 3252 3251
f 3256 3257 3259
f 3259 3257 3258
f 3261 3262 3260
f 3260 3262 3263
f 3265 3263 3264
f 3264 3263 3262
f 3256 3259 3266
f 3266 3259 3267
f 3269 3270 3268
f 3268 3270 3271
f 3269 3272 3270
f 3270 3272 3273
f 3274 3275 3277
f 3277 3275 3276
f 3278 3279 3276
f 3276 3279 3277
f 3281 3282 3280
f 3280 3282 3283
f 3280 3284 3281
f 3281 3284 3285
f 3287 3288 3286
f 3286 3288 3289
f 3290 3291 3288
f 3288 3291 3289
f 3234 3218 3235
f 3235 3218 3217
f 3232 3292 3233
f 3233 3292 3293
f 3239 3294 3236
f 3236 3294 3219
f 3233 3293 3237
f 3237 3293 3295
f 3296 3294 3241
f 3241 3294 3239
f 3240 3238 3297
f 3297 3238 3298
f 3217 3216 3235
f 3235 3216 3243
f 3297 3299 3240
f 3240 3299 3242
f 3246 3300 3247
f 3247 3300 3223
f 3301 3302 3254
f 3254 3302 3244
f 3249 3303 3246
f 3246 3303 3300
f 3245 3304 3248
f 3248 3304 3292
f 3252 3221 3253
f 3253 3221 3220
f 3250 3248 3299
f 3299 3248 3292
f 3222 3221 3255
f 3255 3221 3252
f 3297 3301 3251
f 3251 3301 3254
f 3258 3214 3259
f 3259 3214 3213
f 3257 3256 3304
f 3304 3256 3305
f 3263 3306 3260
f 3260 3306 3215
f 3261 3257 3302
f 3302 3257 3304
f 3307 3306 3265
f 3265 3306 3263
f 3262 3301 3264
f 3264 3301 3308
f 3259 3213 3267
f 3267 3213 3212
f 3308 3309 3264
f 3264 3309 3266
f 3270 3310 3271
f 3271 3310 3231
f 3311 3312 3278
f 3278 3312 3268
f 3270 3273 3310
f 3310 3273 3313
f 3272 3269 3305
f 3305 3269 3314
f 3277 3229 3274
f 3274 3229 3228
f 3275 3272 3309
f 3309 3272 3305
f 3279 3230 3277
f 3277 3230 3229
f 3276 3308 3278
f 3278 3308 3311
f 3281 3315 3282
f 3282 3315 3227
f 3290 3316 3283
f 3283 3316 3317
f 3281 3285 3315
f 3315 3285 3318
f 3284 3280 3314
f 3314 3280 3319
f 3289 3225 3286
f 3286 3225 3224
f 3287 3284 3312
f 3284 3314 3312
f 3291 3226 3289
f 3289 3226 3225
f 3288 3311 3290
f 3290 3311 3316
f 3212 3215 3307
f 3307 3215 3306
f 3294 3296 3219
f 3219 3296 3216
f 3303 3220 3300
f 3300 3220 3223
f 3224 3227 3318
f 3318 3227 3315
f 3228 3231 3313
f 3313 3231 3310
f 3234 3233 3236
f 3236 3233 3237
f 3243 3241 3242
f 3242 3241 3240
f 3247 3255 3244
f 3244 3255 3254
f 3253 3249 3250
f 3250 3249 3248
f 3260 3258 3261
f 3261 3258 3257
f 3266 3267 3264
f 3264 3267 3265
f 3268 3271 3278
f 3278 3271 3279
f 3274 3273 3275
f 3275 3273 3272
f 3283 3282 3290
f 3290 3282 3291
f 3286 3285 3287
f 3287 3285 3284
f 3218 3234 3219
f 3219 3234 3236
f 3295 3298 3237
f 3237 3298 3238
f 3216 3296 3243
f 3243 3296 3241
f 3242 3299 3232
f 3232 3299 3292
f 3223 3222 3247
f 3247 3222 3255
f 3244 3302 3245
f 3245 3302 3304
f 3303 3249 3220
f 3220 3249 3253
f 3297 3251 3299
f 3299 3251 3250
f 3215 3214 3260
f 3260 3214 3258
f 3301 3262 3302
f 3302 3262 3261
f 3212 3307 3267
f 3267 3307 3265
f 3266 3309 3256
f 3256 3309 3305
f 3271 3231 3279
f 3279 3231 3230
f 3268 3312 3269
f 3269 3312 3314
f 3228 3313 3274
f 3274 3313 3273
f 3308 3276 3309
f 3309 3276 3275
f 3282 3227 3291
f 3291 3227 3226
f 3317 3319 3283
f 3283 3319 3280
f 3224 3318 3286
f 3286 3318 3285
f 3312 3311 3287
f 3311 3288 3287
f 3320 3321 3194
f 3194 3321 3193
f 1375 3321 1121
f 1121 3321 3322
f 3323 3324 3322
f 3322 3324 3192
f 3175 1124 3176
f 3176 1124 1123
f 3179 3195 3180
f 3180 3195 3196
f 3181 1131 3182
f 3182 1131 1130
f 3207 3185 3186
f 3186 3185 3187
f 1136 3188 1133
f 1133 3188 3187
f 3190 3188 1137
f 1137 3188 1136
f 3193 1159 3175
f 3175 1159 1124
f 3179 1128 3181
f 3181 1128 1131
f 1533 3198 1123
f 1123 3198 3176
f 3321 1375 3193
f 3193 1375 1159
f 3321 3320 3322
f 3322 3320 3323
f 1122 1121 3192
f 3192 1121 3322
f 3194 3210 3320
f 3320 3210 3325
f 3324 3323 3327
f 3327 3323 3326
f 3320 3325 3323
f 3323 3325 3326
f 3208 3328 3205
f 3205 3328 3329
f 3330 3206 3329
f 3329 3206 3205
f 3203 3331 3204
f 3204 3331 3332
f 3210 3333 3325
f 3325 3333 3334
f 3325 3334 3326
f 3326 3334 3335
f 3327 3326 3336
f 3336 3326 3335
f 3327 3209 3324
f 3324 3209 3191
f 3190 3192 3191
f 3191 3192 3324
f 3338 3339 3337
f 3337 3339 3340
f 3338 3341 3339
f 3339 3341 3342
f 3341 3343 3342
f 3342 3343 3344
f 3343 3345 3344
f 3344 3345 3346
f 3345 3347 3346
f 3346 3347 3348
f 3347 3349 3348
f 3348 3349 3350
f 3337 3340 3351
f 3351 3340 3352
f 3351 3352 3353
f 3353 3352 3354
f 3353 3354 3355
f 3355 3354 3356
f 3350 3349 3357
f 3357 3349 3358
f 3355 3356 3359
f 3359 3356 3360
f 3359 3360 3361
f 3361 3360 3362
f 3361 3362 3363
f 3363 3362 3364
f 3363 3364 3358
f 3358 3364 3357
f 3339 3342 3365
f 3365 3342 3366
f 3342 3344 3366
f 3366 3344 3367
f 3344 3346 3367
f 3367 3346 3368
f 3346 3348 3368
f 3368 3348 3369
f 3348 3350 3369
f 3369 3350 3370
f 3368 3369 3371
f 3371 3369 3372
f 3369 3370 3372
f 3372 3370 3373
f 3373 3374 3372
f 3372 3374 3375
f 3377 3378 3376
f 3376 3378 3379
f 3377 3375 3378
f 3378 3375 3374
f 3375 3380 3372
f 3372 3380 3371
f 3377 3381 3375
f 3375 3381 3380
f 3376 3382 3377
f 3377 3382 3381
f 3384 3385 3383
f 3383 3385 3386
f 3384 3383 3388
f 3388 3383 3387
f 3388 3387 3389
f 3389 3387 3390
f 3392 3385 3391
f 3391 3385 3384
f 3388 3393 3384
f 3384 3393 3391
f 3389 3394 3388
f 3388 3394 3393
f 3389 3395 3394
f 3394 3395 3396
f 3395 3389 3397
f 3397 3389 3390
f 3339 3365 3340
f 3340 3365 3398
f 3340 3398 3352
f 3352 3398 3399
f 3371 3400 3368
f 3368 3400 3367
f 3400 3401 3367
f 3367 3401 3366
f 3366 3401 3365
f 3365 3401 3402
f 3398 3365 3403
f 3403 3365 3402
f 3398 3403 3399
f 3399 3403 3404
f 3403 3405 3404
f 3404 3405 3406
f 3352 3399 3354
f 3354 3399 3407
f 3399 3404 3407
f 3407 3404 3408
f 3404 3406 3408
f 3408 3406 3409
f 3405 3410 3406
f 3406 3410 3411
f 3410 3412 3411
f 3411 3412 3413
f 3397 3414 3395
f 3395 3414 3415
f 3417 3415 3416
f 3416 3415 3412
f 3410 3418 3412
f 3412 3418 3416
f 3410 3405 3418
f 3418 3405 3419
f 3405 3403 3419
f 3419 3403 3402
f 3370 3350 3420
f 3420 3350 3357
f 3373 3370 3421
f 3421 3370 3420
f 3374 3373 3422
f 3422 3373 3421
f 3378 3374 3423
f 3423 3374 3422
f 3378 3423 3379
f 3379 3423 3424
f 3424 3425 3379
f 3379 3425 3386
f 3383 3426 3387
f 3387 3426 3427
f 3387 3427 3390
f 3390 3427 3428
f 3390 3428 3397
f 3397 3428 3429
f 3429 3430 3397
f 3397 3430 3414
f 3411 3413 3431
f 3431 3413 3432
f 3406 3411 3409
f 3409 3411 3431
f 3401 3400 3335
f 3335 3400 3336
f 3401 3335 3402
f 3402 3335 3334
f 3402 3334 3419
f 3419 3334 3333
f 3419 3333 3418
f 3418 3333 3433
f 3418 3433 3416
f 3416 3433 3434
f 3435 3417 3434
f 3434 3417 3416
f 3394 3396 3436
f 3436 3396 3437
f 3393 3394 3332
f 3332 3394 3436
f 3393 3332 3391
f 3391 3332 3331
f 3330 3392 3331
f 3331 3392 3391
f 3382 3329 3381
f 3381 3329 3328
f 3354 3407 3356
f 3356 3407 3438
f 3356 3438 3360
f 3360 3438 3439
f 3360 3439 3362
f 3362 3439 3440
f 3362 3440 3364
f 3364 3440 3441
f 3364 3441 3357
f 3357 3441 3420
f 3421 3420 3442
f 3442 3420 3441
f 3442 3441 3443
f 3443 3441 3440
f 3443 3440 3444
f 3444 3440 3439
f 3444 3439 3445
f 3445 3439 3438
f 3445 3438 3408
f 3408 3438 3407
f 3422 3421 3446
f 3446 3421 3442
f 3446 3442 3447
f 3447 3442 3443
f 3447 3443 3448
f 3448 3443 3444
f 3448 3444 3449
f 3449 3444 3445
f 3449 3445 3409
f 3409 3445 3408
f 3409 3431 3449
f 3449 3431 3450
f 3449 3450 3448
f 3448 3450 3451
f 3451 3452 3448
f 3448 3452 3447
f 3447 3452 3446
f 3446 3452 3453
f 3446 3453 3422
f 3422 3453 3423
f 3424 3423 3454
f 3454 3423 3453
f 3452 3455 3453
f 3453 3455 3454
f 3452 3451 3455
f 3455 3451 3456
f 3450 3457 3451
f 3451 3457 3456
f 3431 3432 3450
f 3450 3432 3457
f 3454 3458 3424
f 3424 3458 3425
f 3427 3426 3459
f 3459 3426 3460
f 3428 3427 3461
f 3461 3427 3459
f 3428 3461 3429
f 3429 3461 3462
f 3462 3463 3429
f 3429 3463 3430
f 3464 3465 3462
f 3462 3465 3463
f 3455 3466 3454
f 3454 3466 3458
f 3465 3464 3466
f 3466 3464 3467
f 3461 3459 3468
f 3468 3459 3469
f 3468 3469 3464
f 3464 3469 3467
f 3464 3462 3468
f 3468 3462 3461
f 3459 3460 3469
f 3469 3460 3467
f 3295 3351 3298
f 3298 3351 3353
f 3353 3355 3298
f 3298 3355 3297
f 3297 3355 3301
f 3301 3355 3359
f 3301 3359 3308
f 3308 3359 3361
f 3308 3361 3311
f 3311 3361 3363
f 3311 3363 3316
f 3316 3363 3358
f 3316 3358 3317
f 3317 3358 3349
f 3349 3347 3317
f 3317 3347 3319
f 3347 3345 3319
f 3319 3345 3314
f 3345 3343 3314
f 3314 3343 3305
f 3343 3341 3305
f 3305 3341 3304
f 3304 3341 3292
f 3292 3341 3338
f 3292 3338 3293
f 3293 3338 3337
f 3293 3337 3295
f 3295 3337 3351
f 3437 3202 3436
f 3436 3202 3201
f 3436 3201 3332
f 3332 3201 3204
f 3433 3200 3434
f 3434 3200 3199
f 3211 3435 3199
f 3199 3435 3434
f 3333 3210 3433
f 3433 3210 3200
f 3380 3470 3371
f 3400 3371 3336
f 3336 3371 3470
f 3381 3328 3380
f 3380 3328 3470
f 3470 3328 3209
f 3209 3328 3208
f 3336 3470 3327
f 3327 3470 3209
f 1545 1763 1546
f 1546 1763 1762
f 1403 1546 773
f 773 1546 770
f 1221 3013 1220
f 1220 3013 3471
f 1305 2877 1306
f 1306 2877 2879
f 1220 3471 828
f 828 3471 829
f 1217 1754 3472
f 3472 1754 1756
f 1049 3473 1048
f 1048 3473 3474
f 1371 1179 3473
f 3473 1179 3474
f 1074 3475 1179
f 1179 3475 3474
f 3474 3475 1048
f 1048 3475 1056
f 919 666 1345
f 1345 666 665
f 856 680 919
f 919 680 666
f 679 680 1449
f 1449 680 858
f 1367 878 1500
f 1500 878 877
f 1366 908 1367
f 1367 908 878
f 1512 916 1513
f 1513 916 915
f 947 1368 948
f 948 1368 1369
f 1047 1021 1044
f 1044 1021 1020
f 1370 1049 1019
f 1019 1049 1020
f 1173 1030 1174
f 1174 1030 1033
f 3126 1188 1464
f 1464 1188 1187
f 1800 1451 1512
f 1512 1451 916
f 1175 1174 1186
f 1186 1174 1187
f 1030 1173 1047
f 1047 1173 1021
f 1513 915 3476
f 3476 915 1481
f 1345 665 3477
f 3477 665 1483
f 1502 1501 876
f 876 1501 877
f 1205 1451 1803
f 1803 1451 1802
f 3479 2832 3478
f 3478 2832 2831
f 1449 858 2927
f 2927 858 2922
f 908 1366 947
f 947 1366 1368
f 949 948 3126
f 3126 948 1188
f 3480 3135 1502
f 1502 3135 1501
f 2927 2922 3157
f 3157 2922 3152
f 3477 1483 3479
f 3479 1483 2832
f 1803 1802 3151
f 3151 1802 3152
f 663 658 664
f 664 658 657
f 655 658 939
f 939 658 706
f 1512 870 1800
f 1800 870 869
f 875 874 876
f 876 874 873
f 849 874 905
f 905 874 958
f 949 962 946
f 946 962 961
f 978 3126 979
f 979 3126 1464
f 1031 1168 1032
f 1032 1168 1022
f 1045 1013 1046
f 1046 1013 1012
f 1045 1044 1056
f 1056 1044 1048
f 1047 1046 1030
f 1030 1046 1031
f 939 706 940
f 940 706 1450
f 979 1464 1032
f 1032 1464 1033
f 3480 1478 3476
f 3476 1478 3134
f 2829 1487 2830
f 2830 1487 1486
f 848 1230 873
f 873 1230 1479
f 867 870 933
f 933 870 1514
f 1800 869 1801
f 1801 869 1799
f 2830 1486 1325
f 1325 1486 2833
f 940 1450 2925
f 2925 1450 2928
f 946 961 907
f 907 961 958
f 959 962 977
f 977 962 978
f 3476 3134 1513
f 1513 3134 1514
f 2925 2928 3155
f 3155 2928 3158
f 1325 2833 656
f 656 2833 657
f 1801 1799 3157
f 3157 1799 3158
f 1074 1055 3475
f 3475 1055 1056
f 1371 3473 1370
f 1370 3473 1049
f 2884 615 3481
f 3481 615 618
f 3478 2831 2846
f 2846 2831 617
f 2831 1484 617
f 617 1484 618
f 1484 1487 618
f 618 1487 3481
f 2848 3481 2829
f 2829 3481 1487
f 1480 1517 1161
f 1161 1517 1162
f 3129 1323 1455
f 1455 1323 1322
f 3129 3134 1323
f 1323 3134 1478
f 1535 3173 1515
f 1515 3173 1516
f 3085 3095 3137
f 3137 3095 3094
f 3137 3094 3138
f 3138 3094 3104
f 3117 3139 3105
f 3105 3139 3106
f 1138 1141 3127
f 3127 1141 3128
f 3081 3131 1264
f 1264 3131 3130
f 1227 1226 3132
f 3132 1226 3133
f 1264 3130 1229
f 1229 3130 1322
f 1160 1501 1161
f 1161 1501 3135
f 1141 1476 3128
f 3128 1476 3136
f 1226 1163 3133
f 3133 1163 1162
f 1363 1138 1515
f 1515 1138 3127
f 3084 3095 3081
f 3081 3095 3131
f 3089 884 3105
f 3105 884 3140
f 884 883 3140
f 3140 883 3141
f 883 3482 3141
f 3141 3482 3142
f 3476 1481 3480
f 3480 1481 3135
f 1502 1479 3480
f 3480 1479 1478
f 3168 463 440
f 714 1880 715
f 715 1880 2905
f 896 732 2970
f 2970 732 731
f 1263 834 3082
f 3082 834 833
f 898 1231 853
f 853 1231 854
f 3125 890 2931
f 2931 890 889
f 1237 893 2851
f 2851 893 892
f 898 853 899
f 899 853 963
f 988 987 989
f 989 987 986
f 1002 1007 1003
f 1003 1007 1006
f 1038 1036 1007
f 1007 1036 1004
f 1070 1052 1005
f 1005 1052 1006
f 1069 1067 1070
f 1070 1067 1052
f 1130 1129 1134
f 1134 1129 1135
f 879 1167 880
f 880 1167 1166
f 1171 1169 1037
f 1037 1169 1038
f 1085 1180 1069
f 1069 1180 1067
f 1209 1210 879
f 879 1210 1167
f 2885 1215 1754
f 1754 1215 1214
f 1263 855 834
f 834 855 854
f 708 1244 1826
f 1826 1244 1243
f 2909 894 1254
f 1254 894 893
f 1228 1361 964
f 964 1361 1360
f 2908 2907 1436
f 1436 2907 1437
f 2990 1440 2991
f 2991 1440 1439
f 964 1360 965
f 965 1360 1454
f 950 1457 951
f 951 1457 1456
f 970 1463 971
f 971 1463 1462
f 1025 1169 984
f 984 1169 986
f 1084 1097 1469
f 1469 1097 1470
f 1096 1115 1474
f 1474 1115 1475
f 1140 1361 1141
f 1141 1361 1476
f 1212 1495 2828
f 2828 1495 1494
f 880 1166 1452
f 1452 1166 1499
f 715 2905 1504
f 1504 2905 2906
f 954 1519 955
f 955 1519 1518
f 1026 1520 992
f 992 1520 1518
f 1029 1520 1043
f 1043 1520 1521
f 997 1522 1040
f 1040 1522 1521
f 1015 1522 1016
f 1016 1522 1523
f 1523 996 1524
f 1524 996 1062
f 1057 1060 1525
f 1525 1060 1524
f 1094 1528 1082
f 1082 1528 1527
f 1526 1528 1089
f 1089 1528 1529
f 1090 1531 1108
f 1108 1531 1530
f 1125 1533 1126
f 1126 1533 1532
f 3483 1755 727
f 727 1755 1214
f 735 1814 707
f 707 1814 1813
f 2891 1834 1246
f 1246 1834 1243
f 2904 1881 1847
f 1847 1881 1848
f 1852 1855 1853
f 1853 1855 1858
f 1902 2903 1877
f 1877 2903 1878
f 2903 2904 1878
f 1878 2904 1847
f 714 713 1848
f 1848 713 1849
f 1440 2990 1883
f 1883 2990 2989
f 1883 2989 1852
f 1852 2989 1855
f 2895 1888 2892
f 2892 1888 1887
f 774 777 1877
f 1877 777 1903
f 1251 2835 1252
f 1252 2835 2834
f 1213 2844 1212
f 1212 2844 1495
f 2851 892 1213
f 1213 892 2844
f 3123 2911 3124
f 3124 2911 2910
f 887 2929 888
f 888 2929 889
f 1435 2963 1436
f 1436 2963 2961
f 1253 1438 1254
f 1254 1438 1437
f 2970 731 735
f 735 731 1814
f 733 732 2885
f 2885 732 1215
f 2901 2902 2976
f 2976 2902 2977
f 2975 2982 2976
f 2976 2982 2979
f 2899 2900 2981
f 2981 2900 2979
f 2899 2981 2898
f 2898 2981 2983
f 2986 2985 2984
f 2984 2985 2983
f 2897 2985 2896
f 2896 2985 2988
f 2991 1439 2987
f 2987 1439 2988
f 777 2978 1903
f 1903 2978 2977
f 1885 1888 1858
f 1858 1888 1853
f 3090 3088 836
f 836 3088 833
f 3083 3088 3097
f 3097 3088 3096
f 3097 3096 3104
f 3104 3096 3106
f 3111 3116 3108
f 3108 3116 3109
f 3112 3111 3114
f 3114 3111 3108
f 3113 3122 3114
f 3114 3122 3115
f 891 890 2837
f 2837 890 2834
f 951 1456 954
f 954 1456 1519
f 967 1457 936
f 936 1457 1454
f 971 1462 902
f 902 1462 963
f 1461 1463 988
f 988 1463 987
f 1466 1468 1474
f 1474 1468 1470
f 1089 1529 1090
f 1090 1529 1531
f 1184 1181 1469
f 1469 1181 1180
f 1082 1527 1061
f 1061 1527 1525
f 1129 1473 1135
f 1135 1473 1475
f 1108 1530 1105
f 1105 1530 1532
f 1452 1499 3132
f 3132 1499 3136
f 3109 3116 3139
f 3139 3116 3138
f 2912 2911 887
f 887 2911 2929
f 2836 2835 1497
f 1497 2835 1494
f 2913 3102 2910
f 2910 3102 3115
f 1133 3187 1134
f 1134 3187 3185
f 3177 3176 3197
f 3197 3176 3198
f 3203 3183 3206
f 3206 3183 3207
f 3196 3202 3197
f 3197 3202 3211
f 3183 3182 3207
f 3207 3182 3185
f 1125 3180 1533
f 1533 3180 3198
f 3331 3203 3330
f 3330 3203 3206
f 3376 3379 3385
f 3385 3379 3386
f 3382 3376 3392
f 3392 3376 3385
f 3412 3415 3413
f 3413 3415 3414
f 3417 3396 3415
f 3415 3396 3395
f 3383 3386 3426
f 3426 3386 3425
f 3413 3414 3432
f 3432 3414 3430
f 3437 3396 3435
f 3435 3396 3417
f 3329 3382 3330
f 3330 3382 3392
f 3426 3425 3460
f 3460 3425 3458
f 3432 3430 3457
f 3457 3430 3463
f 3457 3463 3456
f 3456 3463 3465
f 3460 3458 3467
f 3467 3458 3466
f 3466 3455 3465
f 3465 3455 3456
f 3202 3437 3211
f 3211 3437 3435
f 3104 3106 3138
f 3138 3106 3139
f 3132 3136 1227
f 1227 3136 1476
f 943 687 600
f 600 687 601
f 596 625 667
f 667 625 1297
f 687 686 601
f 601 686 653
f 1319 784 711
f 711 784 712
f 1811 607 783
f 783 607 712
f 862 921 917
f 917 921 920
f 3478 925 3479
f 3479 925 924
f 2846 926 3478
f 3478 926 925
f 659 662 929
f 929 662 930
f 856 921 857
f 857 921 1204
f 1206 864 1207
f 1207 864 863
f 2876 1219 2877
f 2877 1219 1218
f 667 1297 593
f 593 1297 1296
f 917 920 1333
f 1333 920 1346
f 686 693 653
f 653 693 930
f 1277 913 1498
f 1498 913 1207
f 592 1536 610
f 610 1536 711
f 864 1206 1805
f 1805 1206 1804
f 1317 1536 1900
f 1900 1536 1809
f 1900 1809 1295
f 1295 1809 1296
f 3479 924 3477
f 3477 924 2824
f 927 926 1203
f 1203 926 2847
f 3484 2859 3032
f 3032 2859 3033
f 3472 2878 1217
f 1217 2878 1218
f 2889 2888 2880
f 2880 2888 2881
f 2886 2883 2887
f 2887 2883 2882
f 929 928 2847
f 2847 928 1203
f 857 1204 2921
f 2921 1204 2926
f 1820 1819 2882
f 2882 1819 2881
f 1821 2883 2876
f 2876 2883 1219
f 782 2889 783
f 783 2889 2880
f 1352 3034 1353
f 1353 3034 3033
f 3031 3034 3041
f 3041 3034 3043
f 944 943 3043
f 3043 943 600
f 1339 3145 1498
f 1498 3145 3143
f 1208 882 3148
f 3148 882 3143
f 2921 2926 3151
f 3151 2926 3156
f 3477 2824 1345
f 1345 2824 1346
f 1805 1804 3154
f 3154 1804 3156
f 886 3103 883
f 883 3103 3482
f 841 1248 3485
f 3485 1248 3121
f 2811 2819 2812
f 2812 2819 2816
f 2818 2815 2817
f 2817 2815 2806
f 2817 2816 2818
f 2818 2816 2819
f 2793 2795 2819
f 2819 2795 2818
f 243 352 2793
f 2793 352 2795
f 242 353 243
f 243 353 352
f 359 191 242
f 242 191 353
f 247 192 359
f 359 192 191
f 157 193 247
f 247 193 192
f 156 194 157
f 157 194 193
f 378 261 156
f 156 261 194
f 378 381 261
f 261 381 195
f 195 381 196
f 196 381 376
f 196 376 198
f 198 376 375
f 375 1776 198
f 198 1776 197
f 1776 1767 197
f 197 1767 274
f 181 274 199
f 199 274 1767
f 568 566 564
f 564 566 563
f 568 569 566
f 566 569 567
f 501 1773 1771
f 1771 1773 578
f 547 579 1773
f 1773 579 578
f 3486 470 474
f 474 470 469
f 450 582 3487
f 3487 582 3488
f 582 583 3488
f 3488 583 3489
f 583 584 3489
f 3489 584 3490
f 3490 584 3491
f 3491 584 543
f 470 3486 466
f 466 3486 467
f 3489 3490 503
f 503 3490 504
f 503 3492 3489
f 3489 3492 3488
f 3492 503 3493
f 3493 503 502
f 3495 3492 3494
f 3494 3492 3493
f 3487 3488 3495
f 3495 3488 3492
f 468 1774 465
f 465 1774 570
f 3494 3493 1775
f 1775 3493 1771
f 3490 3491 504
f 504 3491 1772
f 3491 543 1772
f 1772 543 548
f 450 3487 474
f 474 3487 3486
f 3495 467 3487
f 3487 467 3486
f 3494 468 3495
f 3495 468 467
f 468 3494 1774
f 1774 3494 1775
f 501 1771 502
f 502 1771 3493
f 527 366 384
f 384 366 365
f 522 524 527
f 527 524 366
f 521 534 522
f 522 534 524
f 530 535 521
f 521 535 534
f 508 486 513
f 513 486 532
f 513 532 541
f 541 532 535
f 667 668 596
f 596 668 597
f 1294 1297 624
f 624 1297 625
f 603 641 604
f 604 641 640
f 1290 1293 650
f 650 1293 651
f 1758 691 660
f 660 691 661
f 602 671 599
f 599 671 670
f 654 662 690
f 690 662 661
f 2856 598 695
f 695 598 597
f 602 654 671
f 671 654 690
f 604 640 676
f 676 640 704
f 1826 1829 708
f 708 1829 709
f 1288 1284 740
f 740 1284 741
f 755 754 758
f 758 754 759
f 2853 2856 932
f 932 2856 695
f 689 691 1192
f 1192 691 1193
f 784 1319 1240
f 1240 1319 1241
f 1813 1816 1244
f 1244 1816 1245
f 754 1288 759
f 759 1288 740
f 1894 1242 1318
f 1318 1242 1241
f 2867 1348 1418
f 1418 1348 1347
f 676 704 673
f 673 704 1347
f 1284 1287 741
f 741 1287 1419
f 1421 1426 1422
f 1422 1426 1425
f 1758 660 615
f 615 660 616
f 1192 1191 1421
f 1421 1191 1426
f 2962 1839 1504
f 1504 1839 1505
f 941 1194 1759
f 1759 1194 1193
f 1287 1537 1419
f 1419 1537 1760
f 1882 2893 1823
f 1823 2893 1824
f 1886 1891 1827
f 1827 1891 1828
f 1887 1886 1834
f 1834 1886 1827
f 1841 716 1838
f 1838 716 1505
f 782 784 1850
f 1850 784 1240
f 1239 1242 1863
f 1863 1242 1864
f 1242 1894 1864
f 1864 1894 1873
f 1822 1239 1823
f 1823 1239 1863
f 1318 1317 1895
f 1895 1317 1900
f 1894 1896 1873
f 1873 1896 1897
f 1291 1896 1292
f 1292 1896 1895
f 605 1898 606
f 606 1898 1897
f 1258 1257 2854
f 2854 1257 2855
f 1257 1351 2855
f 2855 1351 2857
f 1351 1353 2857
f 2857 1353 2858
f 1353 3033 2858
f 2858 3033 2859
f 2860 2861 3036
f 3036 2861 3037
f 2862 2863 2870
f 2870 2863 3039
f 2870 2869 2862
f 2862 2869 2864
f 2868 2865 2869
f 2869 2865 2864
f 1764 2866 2868
f 2868 2866 2865
f 1537 1199 1760
f 1760 1199 1348
f 615 2884 1758
f 1758 2884 1759
f 1825 1246 2890
f 2890 1246 1245
f 2893 2892 1824
f 1824 2892 2891
f 761 2960 758
f 758 2960 2906
f 3000 2943 2940
f 2940 2943 2941
f 2968 710 2950
f 2950 710 709
f 1764 1423 2866
f 2866 1423 2953
f 1423 645 2953
f 2953 645 2954
f 645 644 2954
f 2954 644 2955
f 644 738 2955
f 2955 738 2956
f 738 764 2956
f 2956 764 2957
f 764 763 2957
f 2957 763 2958
f 763 2908 2958
f 2958 2908 2959
f 2908 1436 2959
f 2959 1436 2961
f 1837 2964 1435
f 1435 2964 2963
f 1837 2937 2964
f 2964 2937 2965
f 2936 2968 2966
f 2966 2968 2950
f 1840 2942 1838
f 1838 2942 2941
f 2939 2949 2940
f 2940 2949 3006
f 2939 2942 2966
f 2966 2942 2965
f 1822 1825 1850
f 1850 1825 2890
f 1891 3005 1828
f 1828 3005 3006
f 3035 3038 3045
f 3045 3038 3042
f 3045 3044 3035
f 3035 3044 3040
f 669 1422 3045
f 3045 1422 3044
f 599 670 3041
f 3041 670 3042
f 931 3067 932
f 932 3067 3065
f 2853 3066 2854
f 2854 3066 3076
f 3067 3496 3065
f 3065 3496 3497
f 3066 3498 3076
f 3076 3498 3499
f 707 1813 708
f 708 1813 1244
f 2960 2962 2906
f 2906 2962 1504
f 2892 1887 2891
f 2891 1887 1834
f 1839 2962 2963
f 2963 2962 2961
f 595 626 596
f 596 626 625
f 623 626 3484
f 3484 626 2859
f 1291 1290 606
f 606 1290 603
f 1290 650 603
f 603 650 641
f 641 650 642
f 642 650 649
f 2860 2863 649
f 649 2863 642
f 3036 3039 2860
f 2860 3039 2863
f 3035 3040 3036
f 3036 3040 3039
f 1294 1293 1295
f 1295 1293 1292
f 624 651 1294
f 1294 651 1293
f 623 652 624
f 624 652 651
f 3484 2861 623
f 623 2861 652
f 3032 3037 3484
f 3484 3037 2861
f 3031 3038 3032
f 3032 3038 3037
f 3481 2848 2884
f 2884 2848 942
f 2846 617 1427
f 1427 617 616
f 3049 3167 3048
f 3048 3167 3500
f 1906 3048 3070
f 3070 3048 3500
f 1337 1768 3501
f 3501 1768 3502
f 3020 3503 3021
f 3021 3503 3024
f 2914 3023 3020
f 3020 3023 3503
f 859 1770 860
f 860 1770 3504
f 1336 3505 1768
f 1768 3505 3502
f 3065 3497 3066
f 3066 3497 3498
f 2814 3075 3067
f 3067 3075 3496
f 2839 3174 766
f 766 3174 3017
f 1337 3501 1338
f 1338 3501 1769
f 767 3018 3026
f 3026 3018 3506
f 3076 3499 3064
f 3064 3499 3507
f 727 730 3483
f 3483 730 3030
f 3064 3507 2871
f 2871 3507 3077
f 3100 3160 1786
f 1786 3160 1784
f 3026 3506 752
f 752 3506 3015
f 860 3504 2923
f 2923 3504 3508
f 753 3016 3027
f 3027 3016 3509
f 3027 3509 3008
f 3008 3509 3028
f 1782 1785 1783
f 1783 1785 3022
f 2923 3508 3153
f 3153 3508 3161
f 3148 3149 1208
f 1208 3149 3150
f 1335 1328 3510
f 3510 1328 1327
f 1336 1335 3505
f 3505 1335 3510
f 866 3511 1340
f 1340 3511 3146
f 865 1808 866
f 866 1808 3511
f 842 841 3159
f 3159 841 3485
f 2849 3512 1329
f 1329 3512 1326
f 1202 1331 2849
f 2849 1331 3512
f 3514 3515 3513
f 3513 3515 3516
f 3518 3516 3517
f 3517 3516 3515
f 3519 3520 3514
f 3514 3520 3515
f 3522 3523 3521
f 3521 3523 3524
f 3526 3527 3525
f 3525 3527 3528
f 3530 3531 3529
f 3529 3531 3532
f 3534 3535 3533
f 3533 3535 3536
f 3529 3532 3537
f 3537 3532 3538
f 3537 3539 3529
f 3529 3539 3540
f 3542 3543 3541
f 3541 3543 3544
f 3546 3547 3545
f 3545 3547 3548
f 3550 3534 3549
f 3549 3534 3533
f 3550 3543 3551
f 3551 3543 3552
f 3537 3545 3539
f 3539 3545 3548
f 3553 3554 3556
f 3556 3554 3555
f 3537 3557 3545
f 3545 3557 3546
f 3558 3559 3561
f 3561 3559 3560
f 3563 3564 3562
f 3562 3564 3565
f 3564 3563 3566
f 3566 3563 3567
f 3569 3570 3568
f 3568 3570 3571
f 3573 3574 3572
f 3572 3574 3575
f 3577 3578 3576
f 3576 3578 3579
f 3581 3582 3580
f 3580 3582 3583
f 3585 3586 3584
f 3584 3586 3579
f 3586 3587 3579
f 3579 3587 3576
f 3589 3590 3588
f 3588 3590 3591
f 3592 3593 3595
f 3595 3593 3594
f 3597 3598 3596
f 3596 3598 3595
f 3583 3600 3599
f 3599 3600 3601
f 3603 3599 3602
f 3602 3599 3601
f 3605 3606 3604
f 3604 3606 3607
f 3608 3555 3596
f 3596 3555 3554
f 3597 3610 3609
f 3609 3610 3565
f 3564 3611 3565
f 3565 3611 3609
f 3611 3564 3612
f 3612 3564 3566
f 3613 3614 3569
f 3569 3614 3570
f 3615 3616 3573
f 3573 3616 3574
f 3517 3617 3518
f 3518 3617 3618
f 3620 3621 3619
f 3619 3621 3622
f 3624 3625 3623
f 3623 3625 3626
f 3628 3629 3627
f 3627 3629 3630
f 3632 3633 3631
f 3631 3633 3634
f 3636 3637 3635
f 3635 3637 3638
f 3640 3641 3639
f 3639 3641 3642
f 3643 3644 3639
f 3639 3644 3640
f 3646 3513 3645
f 3645 3513 3647
f 3648 3514 3646
f 3646 3514 3513
f 3649 3519 3648
f 3648 3519 3514
f 3650 3651 3527
f 3527 3651 3652
f 3654 3651 3653
f 3653 3651 3650
f 3568 3571 3655
f 3655 3571 3656
f 3657 3658 3653
f 3653 3658 3659
f 3661 3662 3660
f 3660 3662 3658
f 3664 3665 3663
f 3663 3665 3666
f 3667 3657 3650
f 3650 3657 3653
f 3669 3523 3668
f 3668 3523 3670
f 3672 3673 3671
f 3671 3673 3674
f 3676 3677 3675
f 3675 3677 3678
f 3671 3674 3676
f 3676 3674 3677
f 3680 3681 3679
f 3679 3681 3682
f 3683 3684 3680
f 3680 3684 3681
f 3685 3686 3661
f 3661 3686 3662
f 3686 3687 3662
f 3662 3687 3688
f 3684 3683 3689
f 3689 3683 3690
f 3692 3693 3691
f 3691 3693 3694
f 3691 3694 3695
f 3695 3694 3696
f 3698 3699 3697
f 3697 3699 3700
f 3702 3703 3701
f 3701 3703 3704
f 3705 3706 3519
f 3519 3706 3520
f 3673 3672 3707
f 3707 3672 3708
f 3709 3710 3682
f 3682 3710 3679
f 3711 3712 3692
f 3692 3712 3693
f 3714 3715 3713
f 3713 3715 3716
f 3718 3700 3717
f 3717 3700 3699
f 3720 3721 3719
f 3719 3721 3722
f 3724 3725 3723
f 3723 3725 3726
f 3727 3728 3730
f 3730 3728 3729
f 3722 3721 3731
f 3731 3721 3732
f 3697 3700 3733
f 3733 3700 3714
f 3733 3714 3734
f 3734 3714 3713
f 3721 3723 3732
f 3732 3723 3735
f 3720 3736 3724
f 3724 3736 3737
f 3700 3718 3714
f 3714 3718 3715
f 3717 3699 3738
f 3738 3699 3739
f 3536 3740 3533
f 3533 3740 3540
f 3742 3743 3741
f 3741 3743 3744
f 3746 3747 3745
f 3745 3747 3748
f 3750 3751 3749
f 3749 3751 3752
f 3627 3632 3628
f 3628 3632 3631
f 3754 3755 3753
f 3753 3755 3626
f 3562 3565 3756
f 3756 3565 3610
f 3527 3652 3528
f 3528 3652 3757
f 3758 3524 3669
f 3669 3524 3523
f 3582 3598 3583
f 3583 3598 3600
f 3759 3670 3522
f 3522 3670 3523
f 3675 3678 3760
f 3760 3678 3761
f 3762 3763 3690
f 3690 3763 3689
f 3765 3766 3764
f 3764 3766 3767
f 3768 3739 3698
f 3698 3739 3699
f 3726 3725 3770
f 3770 3725 3769
f 3645 3647 3771
f 3771 3647 3772
f 3645 3678 3646
f 3646 3678 3677
f 3646 3677 3648
f 3648 3677 3674
f 3673 3649 3674
f 3674 3649 3648
f 3707 3773 3673
f 3673 3773 3649
f 3775 3776 3774
f 3774 3776 3777
f 3779 3526 3778
f 3778 3526 3525
f 3526 3779 3667
f 3667 3779 3780
f 3780 3781 3667
f 3667 3781 3657
f 3672 3679 3708
f 3708 3679 3710
f 3671 3680 3672
f 3672 3680 3679
f 3676 3683 3671
f 3671 3683 3680
f 3675 3690 3676
f 3676 3690 3683
f 3760 3762 3675
f 3675 3762 3690
f 3682 3681 3783
f 3783 3681 3782
f 3689 3784 3684
f 3684 3784 3785
f 3684 3785 3681
f 3681 3785 3782
f 3786 3709 3783
f 3783 3709 3682
f 3784 3689 3787
f 3787 3689 3763
f 3789 3557 3788
f 3788 3557 3790
f 3792 3793 3791
f 3791 3793 3794
f 3616 3615 3795
f 3795 3615 3796
f 3797 3798 3727
f 3727 3798 3728
f 3800 3801 3799
f 3799 3801 3802
f 3803 3578 3592
f 3592 3578 3593
f 3805 3806 3804
f 3804 3806 3807
f 3599 3603 3585
f 3585 3603 3586
f 3587 3586 3604
f 3604 3586 3603
f 3588 3591 3794
f 3794 3591 3791
f 3581 3803 3582
f 3582 3803 3592
f 3594 3561 3608
f 3608 3561 3790
f 3662 3688 3808
f 3808 3688 3809
f 3665 3664 3810
f 3810 3664 3811
f 3719 3812 3720
f 3720 3812 3736
f 3717 3813 3718
f 3718 3813 3737
f 3723 3721 3724
f 3724 3721 3720
f 3813 3717 3814
f 3814 3717 3738
f 3815 3816 303
f 303 3816 304
f 3818 3819 3817
f 3817 3819 3820
f 3578 3803 3579
f 3579 3803 3584
f 3558 3593 3577
f 3577 3593 3578
f 3822 3823 3821
f 3821 3823 3824
f 3546 3826 3825
f 3825 3826 3827
f 3828 3829 3547
f 3547 3829 3541
f 3831 3542 3830
f 3830 3542 3832
f 3834 3822 3833
f 3833 3822 3821
f 3835 3836 3827
f 3827 3836 3825
f 3800 3799 3828
f 3828 3799 3829
f 3830 3832 3837
f 3837 3832 3838
f 331 330 3551
f 3551 330 3839
f 3831 333 3552
f 3552 333 332
f 3819 3797 3841
f 3841 3797 3840
f 3513 3516 3647
f 3647 3516 3746
f 337 336 3745
f 3745 336 3772
f 3525 3528 3775
f 3775 3528 3749
f 3610 3597 3554
f 3554 3597 3596
f 3706 3702 3520
f 3520 3702 3701
f 3756 3610 3553
f 3553 3610 3554
f 3757 3750 3528
f 3528 3750 3749
f 3517 3515 3701
f 3701 3515 3520
f 3842 3584 3581
f 3581 3584 3803
f 3525 3775 3778
f 3778 3775 3774
f 3638 3843 3635
f 3635 3843 3618
f 3617 3621 3618
f 3618 3621 3635
f 3617 3517 3704
f 3704 3517 3701
f 3521 3624 3522
f 3522 3624 3623
f 3749 3844 3775
f 3775 3844 3776
f 3846 3847 3845
f 3845 3847 3848
f 3843 3747 3618
f 3618 3747 3518
f 3850 3851 3849
f 3849 3851 3748
f 3853 3854 3852
f 3852 3854 3855
f 3856 3857 3622
f 3622 3857 3619
f 3859 3860 3858
f 3858 3860 3861
f 3862 3844 3752
f 3752 3844 3749
f 3863 3759 3623
f 3623 3759 3522
f 3864 3777 3630
f 3630 3777 3776
f 3713 3865 3734
f 3734 3865 3866
f 3868 3869 3867
f 3867 3869 3870
f 3872 3873 3871
f 3871 3873 3874
f 3876 3877 3875
f 3875 3877 3878
f 3879 3880 3878
f 3878 3880 3881
f 3882 3883 3885
f 3885 3883 3884
f 3780 3886 3781
f 3781 3886 3887
f 3888 3685 3869
f 3869 3685 3661
f 3880 3879 3883
f 3883 3879 3884
f 3693 3783 3694
f 3694 3783 3782
f 3696 3785 3764
f 3764 3785 3784
f 3694 3782 3696
f 3696 3782 3785
f 3693 3786 3783
f 3787 3765 3784
f 3784 3765 3764
f 386 385 3765
f 3765 385 3766
f 3695 3889 3691
f 3691 3889 3890
f 3691 3890 3692
f 3692 3890 3891
f 3892 3711 3891
f 3891 3711 3692
f 3767 3893 3695
f 3695 3893 3889
f 3766 3894 3767
f 3767 3894 3893
f 3882 3885 3895
f 3895 3885 3896
f 3898 3698 3897
f 3897 3698 3697
f 3897 3697 3899
f 3899 3697 3733
f 3899 3733 3900
f 3900 3733 3734
f 3901 3768 3898
f 3898 3768 3698
f 3901 3902 3768
f 3768 3902 3903
f 3904 3905 3907
f 3907 3905 3906
f 3869 3661 3870
f 3870 3661 3660
f 3908 3909 3896
f 3896 3909 3895
f 3909 3758 3895
f 3895 3758 3669
f 3751 3531 3752
f 3752 3531 3848
f 3858 3536 3854
f 3854 3536 3535
f 3652 3562 3757
f 3757 3562 3756
f 3651 3654 3563
f 3563 3654 3567
f 3655 3656 3808
f 3808 3656 3659
f 3530 3740 3845
f 3845 3740 3861
f 3751 3750 3556
f 3556 3750 3553
f 3817 3820 3796
f 3796 3820 3795
f 410 409 3910
f 3910 409 3855
f 3750 3757 3553
f 3553 3757 3756
f 3908 3886 3909
f 3909 3886 3780
f 409 411 3855
f 3855 411 3851
f 413 412 3760
f 3760 412 3762
f 415 414 3763
f 3763 414 3787
f 3790 3557 3538
f 3538 3557 3537
f 3555 3608 3538
f 3538 3608 3790
f 3574 3911 3575
f 3575 3911 3912
f 3535 3534 3910
f 3910 3534 3839
f 3831 3552 3542
f 3542 3552 3543
f 3534 3550 3839
f 3839 3550 3551
f 3543 3550 3544
f 3544 3550 3549
f 3913 3914 3916
f 3916 3914 3915
f 3806 3805 3589
f 3589 3805 3590
f 3849 3843 3917
f 3917 3843 3638
f 3853 3644 3859
f 3859 3644 3742
f 3747 3746 3518
f 3518 3746 3516
f 3695 3696 3767
f 3767 3696 3764
f 3903 3918 3768
f 3768 3918 3739
f 3738 3739 3816
f 3816 3739 3918
f 3919 3920 3769
f 3769 3920 3770
f 3921 3726 3922
f 3922 3726 3770
f 3678 3645 3761
f 3761 3645 3771
f 3924 3913 3923
f 3923 3913 3916
f 3802 3925 3838
f 3838 3925 3837
f 3577 3926 3558
f 3558 3926 3559
f 3815 3919 3814
f 3814 3919 3769
f 3927 3928 3822
f 3822 3928 3823
f 3829 3832 3541
f 3541 3832 3542
f 3834 3927 3822
f 3832 3829 3838
f 3838 3829 3799
f 3745 3772 3746
f 3746 3772 3647
f 3849 3748 3843
f 3843 3748 3747
f 3854 3853 3858
f 3858 3853 3859
f 3854 3535 3855
f 3855 3535 3910
f 3557 3789 3546
f 3546 3789 3826
f 3923 3823 3924
f 3924 3823 3928
f 3823 3923 3929
f 3929 3923 3930
f 3531 3751 3532
f 3532 3751 3556
f 3532 3556 3538
f 3538 3556 3555
f 3932 3634 3931
f 3931 3634 3633
f 3814 3769 3813
f 3813 3769 3725
f 3620 3636 3621
f 3621 3636 3635
f 3847 3862 3848
f 3848 3862 3752
f 3531 3530 3848
f 3848 3530 3845
f 3933 3934 3830
f 3830 3934 3831
f 3925 3933 3837
f 3837 3933 3830
f 3934 440 3831
f 3831 440 333
f 3925 3802 3833
f 3833 3802 3801
f 3776 3844 3630
f 3630 3844 3627
f 3808 3659 3662
f 3662 3659 3658
f 3667 3650 3526
f 3526 3650 3527
f 3935 3666 3936
f 3936 3666 3665
f 3718 3737 3715
f 3715 3737 3736
f 3663 3809 3664
f 3664 3809 3688
f 3807 3806 3938
f 3938 3806 3937
f 445 413 3761
f 3761 413 3760
f 3902 447 3903
f 3903 447 446
f 3897 3890 3898
f 3898 3890 3889
f 3899 3891 3897
f 3897 3891 3890
f 3898 3889 3901
f 3901 3889 3893
f 3893 3894 3901
f 3901 3894 3902
f 414 386 3787
f 3787 386 3765
f 3940 3941 3939
f 3939 3941 3942
f 3840 3797 3943
f 3943 3797 3727
f 3665 3810 3936
f 3936 3810 3944
f 3921 3735 3726
f 3726 3735 3723
f 3920 3945 3770
f 3770 3945 3922
f 3521 3524 3774
f 3774 3524 3778
f 3864 3946 3625
f 3625 3946 3947
f 3773 3705 3649
f 3649 3705 3519
f 3779 3778 3758
f 3758 3778 3524
f 3812 3716 3736
f 3736 3716 3715
f 3624 3521 3777
f 3777 3521 3774
f 3703 3856 3704
f 3704 3856 3622
f 3900 3892 3899
f 3899 3892 3891
f 3641 3917 3642
f 3642 3917 3948
f 3895 3669 3882
f 3882 3669 3668
f 3855 3851 3852
f 3852 3851 3850
f 3894 458 3902
f 3902 458 447
f 3781 3887 3660
f 3660 3887 3870
f 3570 3566 3571
f 3571 3566 3567
f 3950 3576 3949
f 3949 3576 3587
f 3605 3602 3614
f 3614 3602 3612
f 3614 3612 3570
f 3570 3612 3566
f 3571 3567 3656
f 3656 3567 3654
f 3660 3658 3781
f 3781 3658 3657
f 3604 3607 3587
f 3587 3607 3949
f 3653 3659 3654
f 3654 3659 3656
f 3529 3540 3530
f 3530 3540 3740
f 3687 3811 3688
f 3688 3811 3664
f 3813 3725 3737
f 3737 3725 3724
f 3919 3815 461
f 461 3815 303
f 3818 3798 3819
f 3819 3798 3797
f 3819 3841 3820
f 3820 3841 3951
f 3816 3815 3738
f 3738 3815 3814
f 3540 3539 3533
f 3533 3539 3549
f 3548 3547 3544
f 3544 3547 3541
f 3539 3548 3549
f 3549 3548 3544
f 3741 3931 3860
f 3860 3931 3846
f 3801 3800 3835
f 3835 3800 3836
f 3934 3933 3824
f 3824 3933 3821
f 3825 3828 3546
f 3546 3828 3547
f 3833 3821 3925
f 3925 3821 3933
f 3800 3828 3836
f 3836 3828 3825
f 3824 3952 3934
f 3934 3952 440
f 3860 3846 3861
f 3861 3846 3845
f 3629 3946 3630
f 3630 3946 3864
f 3740 3536 3861
f 3861 3536 3858
f 3833 3801 3834
f 3834 3801 3835
f 3583 3599 3580
f 3580 3599 3585
f 3651 3563 3652
f 3652 3563 3562
f 3758 3909 3779
f 3779 3909 3780
f 3621 3617 3622
f 3622 3617 3704
f 3625 3947 3626
f 3626 3947 3753
f 3633 3632 3847
f 3847 3632 3862
f 3852 3850 3640
f 3640 3850 3641
f 3644 3853 3640
f 3640 3853 3852
f 3859 3742 3860
f 3860 3742 3741
f 3632 3627 3862
f 3862 3627 3844
f 3755 3863 3626
f 3626 3863 3623
f 3917 3638 3948
f 3948 3638 3637
f 3644 3643 3742
f 3742 3643 3743
f 3931 3633 3846
f 3846 3633 3847
f 3625 3624 3864
f 3864 3624 3777
f 3917 3641 3849
f 3849 3641 3850
f 3744 3932 3741
f 3741 3932 3931
f 3903 446 3918
f 3918 446 464
f 3953 3954 3956
f 3956 3954 3955
f 3958 3959 3957
f 3957 3959 3960
f 3876 3958 3877
f 3877 3958 3957
f 3877 3957 3961
f 3961 3957 3962
f 3963 3964 3958
f 3958 3964 3959
f 3965 3966 3876
f 3876 3966 3958
f 3966 3963 3958
f 3966 3967 3963
f 3963 3967 3968
f 3878 3877 3879
f 3879 3877 3961
f 3967 3969 3968
f 3968 3969 3970
f 3969 3971 3970
f 3970 3971 3972
f 3974 3904 3973
f 3973 3904 3907
f 3971 3975 3972
f 3972 3975 3976
f 3976 3975 3978
f 3978 3975 3977
f 3979 3980 3977
f 3977 3980 3978
f 3981 3982 3979
f 3979 3982 3980
f 3983 3984 3981
f 3981 3984 3982
f 3972 3985 3970
f 3970 3985 3986
f 3871 3987 3969
f 3969 3987 3971
f 3872 3871 3967
f 3967 3871 3969
f 3965 3872 3966
f 3966 3872 3967
f 3970 3986 3968
f 3968 3986 3988
f 3879 3961 3884
f 3884 3961 3940
f 3884 3940 3885
f 3885 3940 3939
f 3989 3990 3992
f 3992 3990 3991
f 3942 3993 3995
f 3995 3993 3994
f 3994 3996 3995
f 3995 3996 3974
f 3997 3998 3994
f 3994 3998 3996
f 3999 3997 3993
f 3993 3997 3994
f 4001 3996 4000
f 4000 3996 3998
f 4000 3998 4002
f 4002 3998 4003
f 4004 4003 3997
f 3997 4003 3998
f 3997 3999 4004
f 4004 3999 4005
f 4006 3995 3973
f 3973 3995 3974
f 3939 3942 4006
f 4006 3942 3995
f 3906 3887 3907
f 3907 3887 3886
f 3887 3906 3870
f 3870 3906 3867
f 3908 3973 3886
f 3886 3973 3907
f 3865 4007 3866
f 3866 4007 4008
f 3984 3983 4009
f 4009 3983 4010
f 3961 3962 3940
f 3940 3962 3941
f 4012 3868 4011
f 4011 3868 3867
f 4013 3975 3987
f 3987 3975 3971
f 4014 3977 4013
f 4013 3977 3975
f 4015 4010 4007
f 4007 4010 3983
f 4007 3983 4008
f 4008 3983 3981
f 4008 3981 4016
f 4016 3981 3979
f 4017 3984 4018
f 4018 3984 4009
f 3977 4014 3979
f 3979 4014 4016
f 3982 3984 4019
f 4019 3984 4017
f 4021 4022 4020
f 4020 4022 4023
f 4022 4012 4023
f 4023 4012 4011
f 4023 3904 4020
f 4020 3904 3974
f 4024 4025 4018
f 4018 4025 4017
f 4026 4027 4024
f 4024 4027 4025
f 4028 4026 4029
f 4029 4026 4024
f 4018 4021 4024
f 4024 4021 4029
f 4030 4031 4026
f 4026 4031 4027
f 4032 4030 4028
f 4028 4030 4026
f 4029 4001 4028
f 4028 4001 4000
f 4028 4000 4032
f 4032 4000 4002
f 4034 4035 4033
f 4033 4035 4036
f 4037 4038 4019
f 4019 4038 4039
f 4041 4039 4040
f 4040 4039 4038
f 4040 4038 4042
f 4042 4038 4036
f 4042 4036 4043
f 4043 4036 4035
f 3985 4044 4046
f 4046 4044 4045
f 4047 4048 4045
f 4045 4048 4046
f 4047 4049 4048
f 4048 4049 4050
f 4042 4047 4040
f 4040 4047 4045
f 4043 4049 4042
f 4042 4049 4047
f 4040 4045 4041
f 4041 4045 4044
f 4052 3959 4051
f 4051 3959 3964
f 4053 4054 4051
f 4051 4054 4055
f 3956 3960 4052
f 4052 3960 3959
f 3953 3956 4056
f 4056 3956 4052
f 4058 3953 4057
f 4057 3953 4056
f 4060 4061 4059
f 4059 4061 4062
f 4063 4064 4054
f 4054 4064 4057
f 4054 4053 4063
f 4063 4053 4065
f 4066 4067 4069
f 4069 4067 4068
f 4048 4050 4063
f 4063 4050 4064
f 4063 4065 4048
f 4048 4065 4046
f 3985 4046 3986
f 3986 4046 4065
f 3986 4065 3988
f 3988 4065 4053
f 3988 4053 3964
f 3964 4053 4051
f 3976 3978 4044
f 4044 3978 4041
f 3980 3982 4039
f 4039 3982 4019
f 4039 4041 3980
f 3980 4041 3978
f 3973 3908 4006
f 4006 3908 3896
f 3885 3939 3896
f 3896 3939 4006
f 4031 4034 4027
f 4027 4034 4033
f 4027 4033 4025
f 4025 4033 4037
f 4019 4017 4037
f 4037 4017 4025
f 3993 3942 4070
f 4070 3942 3941
f 3999 3993 4071
f 4071 3993 4070
f 3999 4071 4005
f 4005 4071 4072
f 4073 4074 4076
f 4076 4074 4075
f 4078 4079 4077
f 4077 4079 4080
f 4082 4080 4081
f 4081 4080 4079
f 4084 4085 4083
f 4083 4085 4086
f 4087 4088 4090
f 4090 4088 4089
f 4092 4093 4091
f 4091 4093 4094
f 4096 4097 4095
f 4095 4097 4098
f 4100 4101 4099
f 4099 4101 4102
f 4103 4104 4106
f 4106 4104 4105
f 4108 4109 4107
f 4107 4109 4110
f 4112 4113 4111
f 4111 4113 4114
f 4116 4117 4115
f 4115 4117 4118
f 4120 4121 4119
f 4119 4121 4122
f 4123 4124 4126
f 4126 4124 4125
f 4127 4128 4130
f 4130 4128 4129
f 4132 4133 4131
f 4131 4133 4134
f 4136 4108 4135
f 4135 4108 4107
f 4138 4139 4137
f 4137 4139 4140
f 4141 4142 4088
f 4088 4142 4089
f 4144 4145 4143
f 4143 4145 4146
f 4148 4149 4147
f 4147 4149 4150
f 4152 4153 4151
f 4151 4153 4154
f 4156 4082 4155
f 4155 4082 4081
f 4157 4158 4160
f 4160 4158 4159
f 4161 4162 4164
f 4164 4162 4163
f 4166 4122 4165
f 4165 4122 4121
f 4168 4152 4167
f 4167 4152 4151
f 4169 4170 4172
f 4172 4170 4171
f 4174 4175 4173
f 4173 4175 4176
f 4178 4149 4177
f 4177 4149 4179
f 4173 4176 4180
f 4180 4176 4181
f 4156 4085 4182
f 4182 4085 4183
f 4182 4184 4156
f 4156 4184 4082
f 4185 4186 4184
f 4184 4186 4187
f 4186 4188 4187
f 4187 4188 4189
f 4190 4191 4073
f 4073 4191 4074
f 4177 4179 4158
f 4158 4179 4159
f 4193 4127 4192
f 4192 4127 4130
f 4144 4194 4151
f 4151 4194 4167
f 4196 4197 4195
f 4195 4197 4198
f 4095 4199 4096
f 4096 4199 4200
f 4201 4202 4204
f 4204 4202 4203
f 4205 4206 4208
f 4208 4206 4207
f 4121 4120 4209
f 4209 4120 4210
f 4212 4213 4211
f 4211 4213 4214
f 4216 4217 4215
f 4215 4217 4218
f 4220 4221 4219
f 4219 4221 4222
f 4224 4196 4223
f 4223 4196 4195
f 4225 4226 4134
f 4134 4226 4131
f 4228 4229 4227
f 4227 4229 4230
f 4232 4233 4231
f 4231 4233 4098
f 4235 4236 4234
f 4234 4236 4237
f 4239 4240 4238
f 4238 4240 4241
f 4242 4243 4245
f 4245 4243 4244
f 4246 4247 4249
f 4249 4247 4248
f 4251 4252 4250
f 4250 4252 4253
f 4255 4256 4254
f 4254 4256 4257
f 4259 4260 4258
f 4258 4260 4261
f 4263 4264 4262
f 4262 4264 4265
f 4267 4268 4266
f 4266 4268 4269
f 4271 4199 4270
f 4270 4199 4272
f 4273 4274 4276
f 4276 4274 4275
f 4115 4118 4277
f 4277 4118 4278
f 4280 4281 4279
f 4279 4281 4282
f 4211 4283 4212
f 4212 4283 4284
f 4286 4287 4285
f 4285 4287 4288
f 4165 4121 4289
f 4289 4121 4209
f 4291 4286 4290
f 4290 4286 4285
f 4293 4294 4292
f 4292 4294 4295
f 4297 4298 4296
f 4296 4298 4299
f 4301 4302 4300
f 4300 4302 4303
f 4299 4304 4296
f 4296 4304 4305
f 4306 4292 4307
f 4307 4292 4295
f 4307 4308 4306
f 4306 4308 4309
f 4310 4309 4075
f 4075 4309 4308
f 4299 4298 4312
f 4312 4298 4311
f 4302 4301 4293
f 4293 4301 4294
f 3735 3921 4313
f 4313 3921 4314
f 4315 4314 3922
f 3922 4314 3921
f 4316 3945 829
f 829 3945 830
f 4289 4317 4165
f 4165 4317 4318
f 4320 4321 4319
f 4319 4321 4322
f 4324 4325 4323
f 4323 4325 4326
f 4327 4328 4330
f 4330 4328 4329
f 4290 4331 4291
f 4291 4331 4332
f 4165 4318 4166
f 4166 4318 4333
f 4334 4335 4337
f 4337 4335 4336
f 4339 4340 4338
f 4338 4340 4341
f 4168 4343 4342
f 4342 4343 4344
f 4346 4347 4345
f 4345 4347 4348
f 4350 4351 4349
f 4349 4351 4352
f 4354 4355 4353
f 4353 4355 4356
f 4357 4358 4324
f 4324 4358 4325
f 4337 4359 4334
f 4334 4359 4360
f 4362 4363 4361
f 4361 4363 4364
f 4366 4367 4365
f 4365 4367 4368
f 4369 4370 4372
f 4372 4370 4371
f 4331 4290 4374
f 4374 4290 4373
f 4373 4376 4375
f 4375 4376 4377
f 4379 4380 4378
f 4378 4380 4381
f 4217 4382 4218
f 4218 4382 4383
f 4385 4386 4384
f 4384 4386 4387
f 4388 4389 4338
f 4338 4389 4390
f 4337 4336 4392
f 4392 4336 4391
f 4394 4362 4393
f 4393 4362 4361
f 4396 4397 4395
f 4395 4397 4398
f 4400 4401 4399
f 4399 4401 4402
f 4345 4403 4346
f 4346 4403 4404
f 4405 4406 4342
f 4342 4406 4407
f 4409 4410 4408
f 4408 4410 4411
f 4408 4412 4409
f 4409 4412 4413
f 4181 4415 4414
f 4414 4415 4416
f 4182 4183 4417
f 4417 4183 4418
f 4419 4353 4311
f 4311 4353 4312
f 4421 4422 4420
f 4420 4422 4423
f 4353 4356 4312
f 4312 4356 4424
f 4166 4333 4425
f 4425 4333 4426
f 4425 4143 4166
f 4166 4143 4122
f 4427 4107 4428
f 4428 4107 4110
f 4429 4430 4174
f 4174 4430 4175
f 4335 4431 4336
f 4336 4431 4390
f 4336 4390 4391
f 4391 4390 4389
f 4432 4433 4435
f 4435 4433 4434
f 4437 4438 4436
f 4436 4438 4439
f 4441 4442 4440
f 4440 4442 4443
f 4359 4444 4361
f 4361 4444 4393
f 4446 4447 4445
f 4445 4447 4448
f 4338 4341 4388
f 4388 4341 4449
f 4450 4451 4398
f 4398 4451 4395
f 4453 4454 4452
f 4452 4454 4455
f 4457 4458 4456
f 4456 4458 4459
f 4460 4461 4448
f 4448 4461 4445
f 4463 4464 4462
f 4462 4464 4465
f 4462 4465 4466
f 4466 4465 4467
f 4468 4469 4467
f 4467 4469 4466
f 4469 4468 4470
f 4470 4468 4471
f 4472 4473 4471
f 4471 4473 4470
f 4475 4476 4474
f 4474 4476 4477
f 4479 4480 4478
f 4478 4480 4481
f 4483 4484 4482
f 4482 4484 4485
f 4487 4488 4486
f 4486 4488 4489
f 4491 4492 4490
f 4490 4492 4493
f 4494 4495 4493
f 4493 4495 4490
f 4496 4497 4494
f 4494 4497 4495
f 4497 4496 4498
f 4498 4496 4499
f 4500 4501 4503
f 4503 4501 4502
f 4505 4506 4504
f 4504 4506 4507
f 4466 4508 4462
f 4462 4508 4509
f 4470 4510 4469
f 4469 4510 4511
f 4513 4479 4512
f 4512 4479 4478
f 4515 4443 4514
f 4514 4443 4442
f 4516 4517 4519
f 4519 4517 4518
f 4521 4495 4520
f 4520 4495 4497
f 4522 4490 4521
f 4521 4490 4495
f 4491 4523 4488
f 4488 4523 4524
f 4525 4489 4524
f 4524 4489 4488
f 4484 4526 4485
f 4485 4526 4527
f 4503 4528 4500
f 4500 4528 4529
f 4530 4531 4533
f 4533 4531 4532
f 4535 4506 4534
f 4534 4506 4530
f 4486 4536 4487
f 4487 4536 4537
f 4487 4537 4492
f 4492 4537 4538
f 4494 4539 4496
f 4496 4539 4540
f 4542 4533 4541
f 4541 4533 4499
f 4544 4545 4543
f 4543 4545 4546
f 4548 4549 4547
f 4547 4549 4550
f 4536 4551 4537
f 4537 4551 4552
f 4537 4552 4538
f 4538 4552 4553
f 4554 4539 4556
f 4556 4539 4555
f 4557 4540 4554
f 4554 4540 4539
f 4559 4557 4558
f 4558 4557 4560
f 4540 4557 4541
f 4541 4557 4559
f 4562 4563 4561
f 4561 4563 4564
f 4546 4565 4543
f 4543 4565 4566
f 4547 4567 4548
f 4548 4567 4568
f 4570 4571 4569
f 4569 4571 4572
f 4574 4575 4573
f 4573 4575 4576
f 4578 4579 4577
f 4577 4579 4580
f 4582 4583 4581
f 4581 4583 4584
f 4585 4586 4588
f 4588 4586 4587
f 4589 4585 4590
f 4590 4585 4588
f 4592 4593 4591
f 4591 4593 4594
f 4596 4597 4595
f 4595 4597 4598
f 4600 4601 4599
f 4599 4601 4602
f 4563 4604 4603
f 4603 4604 4605
f 4603 4606 4608
f 4608 4606 4607
f 4609 4610 4594
f 4594 4610 4591
f 4611 4612 4614
f 4614 4612 4613
f 4616 4617 4615
f 4615 4617 4618
f 4602 4620 4619
f 4619 4620 4621
f 4619 4622 4602
f 4602 4622 4599
f 4605 4599 4623
f 4623 4599 4622
f 4605 4623 4603
f 4603 4623 4606
f 4625 4626 4624
f 4624 4626 4627
f 4438 4437 4628
f 4628 4437 4629
f 4442 4441 4630
f 4630 4441 4631
f 4630 4632 4442
f 4442 4632 4514
f 4633 4634 4529
f 4529 4634 4500
f 4500 4634 4501
f 4501 4634 4635
f 4637 4546 4636
f 4636 4546 4545
f 4639 4565 4638
f 4638 4565 4640
f 4573 4576 4641
f 4641 4576 4642
f 4593 4643 4594
f 4594 4643 4644
f 4645 4609 4644
f 4644 4609 4594
f 4647 4648 4646
f 4646 4648 4649
f 4651 4652 4650
f 4650 4652 4653
f 4654 4498 4519
f 4519 4498 4532
f 4520 4508 4521
f 4521 4508 4511
f 4522 4510 4523
f 4523 4510 4655
f 4524 4656 4525
f 4525 4656 4657
f 4514 4529 4515
f 4515 4529 4528
f 4658 4659 4661
f 4661 4659 4660
f 4496 4540 4499
f 4499 4540 4541
f 4493 4555 4494
f 4494 4555 4539
f 4549 4483 4550
f 4550 4483 4482
f 4545 4544 4501
f 4501 4544 4502
f 4636 4545 4635
f 4635 4545 4501
f 4589 4663 4662
f 4662 4663 4664
f 4662 4665 4558
f 4558 4665 4559
f 4569 4586 4570
f 4570 4586 4560
f 4552 4666 4553
f 4553 4666 4667
f 4668 4669 4670
f 4670 4669 4666
f 4672 4673 4671
f 4671 4673 4674
f 4287 4675 4288
f 4288 4675 4676
f 4678 4679 4677
f 4677 4679 4680
f 4681 4678 4682
f 4682 4678 4677
f 4682 4683 4681
f 4681 4683 4684
f 4161 4164 4685
f 4685 4164 4686
f 4414 4687 4689
f 4689 4687 4688
f 4405 4690 4346
f 4346 4690 4347
f 4691 4399 4693
f 4693 4399 4692
f 1209 4694 4365
f 4365 4694 4366
f 4650 1211 4651
f 4651 1211 1210
f 4695 4696 4255
f 4255 4696 4256
f 4697 4698 4218
f 4218 4698 4215
f 4700 4701 4699
f 4699 4701 4702
f 4703 4704 4303
f 4303 4704 4300
f 4315 3922 4316
f 4316 3922 3945
f 4653 4706 4705
f 4705 4706 4707
f 4709 4710 4708
f 4708 4710 4711
f 4335 4334 4713
f 4713 4334 4712
f 4714 4340 4321
f 4321 4340 4322
f 4716 4717 4715
f 4715 4717 4718
f 4238 4241 4719
f 4719 4241 4720
f 4231 4721 4307
f 4307 4721 4308
f 4723 4724 4722
f 4722 4724 4725
f 4727 4728 4726
f 4726 4728 4729
f 4730 4731 4327
f 4327 4731 4328
f 4733 4734 4732
f 4732 4734 4735
f 4720 4381 4736
f 4736 4381 4737
f 4738 4739 4741
f 4741 4739 4740
f 4743 4744 4742
f 4742 4744 4745
f 4338 4390 4339
f 4339 4390 4431
f 4746 4747 4431
f 4431 4747 4339
f 4291 4332 4289
f 4289 4332 4317
f 4289 4209 4291
f 4291 4209 4286
f 4287 4286 4210
f 4210 4286 4209
f 4749 4750 4748
f 4748 4750 4751
f 4212 4284 4752
f 4752 4284 4753
f 4752 4754 4212
f 4212 4754 4213
f 4252 4251 4225
f 4225 4251 4226
f 4227 4230 4248
f 4248 4230 4249
f 4205 4755 4757
f 4757 4755 4756
f 4708 4711 4758
f 4758 4711 4647
f 4367 4366 4759
f 4759 4366 4760
f 4526 4513 4527
f 4527 4513 4512
f 4420 4423 4385
f 4385 4423 4386
f 4705 4761 4653
f 4653 4761 4650
f 4761 1279 4650
f 4650 1279 1211
f 4762 4763 3944
f 3944 4763 3936
f 4274 4273 4765
f 4765 4273 4764
f 4767 4768 4766
f 4766 4768 4769
f 4770 4771 4769
f 4769 4771 4766
f 4771 4770 4242
f 4242 4770 4243
f 4093 4163 4094
f 4094 4163 4162
f 4772 4773 4775
f 4775 4773 4774
f 4777 4778 4776
f 4776 4778 4779
f 4417 4185 4182
f 4182 4185 4184
f 4780 4078 4781
f 4781 4078 4077
f 4781 4077 4782
f 4782 4077 4189
f 4188 4783 4189
f 4189 4783 4782
f 4295 4232 4307
f 4307 4232 4231
f 4785 4786 4784
f 4784 4786 4787
f 4784 1307 4785
f 4785 1307 1306
f 4078 4780 4096
f 4096 4780 4097
f 4075 4074 4310
f 4310 4074 4788
f 4788 4074 4789
f 4789 4074 4191
f 4789 4191 4059
f 4059 4191 4790
f 4791 4277 4792
f 4792 4277 4278
f 3732 3735 4793
f 4793 3735 4313
f 4793 4794 3732
f 3732 4794 3731
f 4792 4795 4791
f 4791 4795 4796
f 4797 4798 4799
f 4799 4798 4724
f 4763 4800 3936
f 3936 4800 3935
f 4801 4062 3729
f 3729 4062 3730
f 4713 4712 4802
f 4802 4712 4803
f 4146 4804 4119
f 4119 4804 4805
f 4498 4654 4497
f 4497 4654 4520
f 4806 4807 1326
f 1326 4807 1327
f 4689 4688 1330
f 1330 4688 1331
f 4801 4789 4062
f 4062 4789 4059
f 3730 4062 4808
f 4808 4062 4061
f 4810 4811 4809
f 4809 4811 4812
f 4813 4403 4814
f 4814 4403 4345
f 4815 4816 4349
f 4349 4816 4350
f 4817 4818 4820
f 4820 4818 4819
f 4406 4821 4407
f 4407 4821 4822
f 4823 4161 4824
f 4824 4161 4685
f 4181 4414 4825
f 4825 4414 4689
f 4741 4740 4826
f 4826 4740 4827
f 4828 4829 4827
f 4827 4829 4826
f 4142 4141 4415
f 4415 4141 4148
f 4830 1354 4761
f 4761 1354 1279
f 4832 4833 4831
f 4831 4833 4834
f 4835 4836 4626
f 4626 4836 4421
f 4451 4709 4395
f 4395 4709 4708
f 4627 4420 4837
f 4837 4420 4385
f 4837 1365 4838
f 4838 1365 1364
f 4397 4396 4839
f 4839 4396 4840
f 4842 4628 4841
f 4841 4628 4629
f 4671 4674 4631
f 4631 4674 4630
f 4674 4659 4630
f 4630 4659 4632
f 4633 4632 4658
f 4658 4632 4659
f 4658 4504 4633
f 4633 4504 4634
f 4635 4634 4507
f 4507 4634 4504
f 4843 4636 4507
f 4507 4636 4635
f 4844 4637 4843
f 4843 4637 4636
f 4637 4844 4640
f 4640 4844 4664
f 4638 4663 4642
f 4642 4663 4845
f 4847 4643 4846
f 4846 4643 4641
f 4644 4848 4645
f 4645 4848 4849
f 4851 4852 4850
f 4850 4852 4853
f 4855 4856 4854
f 4854 4856 4857
f 4859 4860 4858
f 4858 4860 4857
f 4715 4718 4859
f 4859 4718 4860
f 4862 4863 4861
f 4861 4863 4864
f 4866 4867 4865
f 4865 4867 4868
f 4870 4871 4869
f 4869 4871 4872
f 4869 4872 4116
f 4116 4872 4117
f 4820 4819 4874
f 4874 4819 4873
f 4876 4877 4875
f 4875 4877 4878
f 4880 4881 4879
f 4879 4881 4882
f 4884 4885 4883
f 4883 4885 4886
f 4887 4888 4280
f 4280 4888 4281
f 4818 4817 4889
f 4889 4817 4890
f 4891 4193 4823
f 4823 4193 4192
f 4892 4893 4228
f 4228 4893 4229
f 4158 4157 4894
f 4894 4157 4895
f 4896 4897 4132
f 4132 4897 4133
f 4099 4683 4100
f 4100 4683 4682
f 4101 4100 4899
f 4899 4100 4898
f 4150 4106 4147
f 4147 4106 4900
f 4100 4682 4898
f 4898 4682 4677
f 4080 4082 4187
f 4187 4082 4184
f 4077 4080 4189
f 4189 4080 4187
f 4191 4190 4790
f 4790 4190 4901
f 4177 4158 4680
f 4680 4158 4894
f 4108 4136 4752
f 4752 4136 4754
f 4752 4753 4108
f 4108 4753 4109
f 4817 4902 4890
f 4890 4902 4903
f 4904 4905 4907
f 4907 4905 4906
f 4909 4910 4908
f 4908 4910 4911
f 4913 4914 4912
f 4912 4914 4915
f 4916 4917 4919
f 4919 4917 4918
f 4312 4424 4299
f 4299 4424 4304
f 4920 4921 4297
f 4297 4921 4298
f 4194 4922 4167
f 4167 4922 4923
f 4924 4400 4691
f 4691 4400 4399
f 4395 4708 4396
f 4396 4708 4758
f 4367 4925 4368
f 4368 4925 4926
f 4919 4918 4873
f 4873 4918 4874
f 4836 4927 4421
f 4421 4927 4422
f 4921 4928 4298
f 4298 4928 4311
f 4143 4146 4122
f 4122 4146 4119
f 4929 4930 4455
f 4455 4930 4452
f 4932 4933 4931
f 4931 4933 4934
f 4935 4936 4932
f 4932 4936 4933
f 4461 4460 4457
f 4457 4460 4458
f 4480 4479 4475
f 4475 4479 4476
f 4660 4673 4517
f 4517 4673 4937
f 4661 4505 4658
f 4658 4505 4504
f 4484 4483 4489
f 4489 4483 4486
f 4462 4509 4463
f 4463 4509 4518
f 4469 4511 4466
f 4466 4511 4508
f 4655 4473 4656
f 4656 4473 4477
f 4476 4657 4477
f 4477 4657 4656
f 4479 4513 4476
f 4476 4513 4657
f 4489 4525 4484
f 4484 4525 4526
f 4483 4549 4486
f 4486 4549 4536
f 4549 4548 4536
f 4536 4548 4551
f 4548 4568 4551
f 4551 4568 4670
f 4663 4589 4845
f 4845 4589 4590
f 4668 4577 4938
f 4938 4577 4580
f 4940 4938 4939
f 4939 4938 4941
f 4940 4942 4669
f 4669 4942 4943
f 4587 4582 4944
f 4944 4582 4581
f 4848 4847 4608
f 4608 4847 4564
f 4616 4945 4613
f 4613 4945 4598
f 4615 4946 4616
f 4616 4946 4945
f 4947 4939 4948
f 4948 4939 4946
f 4599 4605 4600
f 4600 4605 4604
f 4608 4607 4848
f 4848 4607 4849
f 4613 4612 4616
f 4616 4612 4617
f 4835 4949 4709
f 4709 4949 4710
f 4357 1477 4837
f 4837 1477 1365
f 4712 4950 4803
f 4803 4950 4951
f 4401 4952 4402
f 4402 4952 4953
f 4759 4760 4402
f 4402 4760 4399
f 4508 4520 4509
f 4509 4520 4654
f 4510 4522 4511
f 4511 4522 4521
f 4513 4526 4657
f 4657 4526 4525
f 4632 4633 4514
f 4514 4633 4529
f 4931 4934 4453
f 4453 4934 4454
f 4153 4954 4154
f 4154 4954 4955
f 4957 4958 4956
f 4956 4958 4959
f 4961 4962 4960
f 4960 4962 4963
f 4120 4964 4210
f 4210 4964 4965
f 4967 4968 4966
f 4966 4968 4969
f 4349 4692 4815
f 4815 4692 4970
f 4652 4971 4653
f 4653 4971 4706
f 4758 4647 4972
f 4972 4647 4646
f 4973 4363 4646
f 4646 4363 4972
f 4950 4360 4974
f 4974 4360 4364
f 4431 4335 4746
f 4746 4335 4713
f 4358 4714 4325
f 4325 4714 4321
f 4765 4764 4266
f 4266 4764 4975
f 4202 4976 4203
f 4203 4976 4977
f 4917 4978 4918
f 4918 4978 4979
f 4279 4282 4854
f 4854 4282 4269
f 4820 4880 4817
f 4817 4880 4902
f 4890 4903 4980
f 4980 4903 4886
f 4982 4983 4981
f 4981 4983 4123
f 4795 4851 4796
f 4796 4851 4850
f 4918 4979 4874
f 4874 4979 4881
f 4809 4404 4810
f 4810 4404 4403
f 4354 4985 4984
f 4984 4985 4986
f 1364 1516 4838
f 4838 1516 4987
f 4759 4988 4367
f 4367 4988 4925
f 4989 4990 4481
f 4481 4990 4478
f 4443 4515 4990
f 4990 4515 4991
f 4527 4512 4992
f 4992 4512 4991
f 4528 4503 4992
f 4992 4503 4993
f 4993 4994 4485
f 4485 4994 4482
f 4544 4995 4502
f 4502 4995 4994
f 4995 4996 4550
f 4550 4996 4547
f 4998 4999 4997
f 4997 4999 4566
f 4998 5000 4578
f 4578 5000 4579
f 5001 5002 4596
f 4596 5002 4597
f 5003 4591 5004
f 5004 4591 4610
f 4626 4421 4627
f 4627 4421 4420
f 4837 4838 4627
f 4627 4838 4624
f 4761 4705 4830
f 4830 4705 5005
f 4705 4707 5005
f 5005 4707 5006
f 4308 4721 4075
f 4075 4721 4076
f 5007 4200 4797
f 4797 4200 4798
f 4685 4686 5008
f 5008 4686 5009
f 4889 4890 5010
f 5010 4890 4980
f 4323 1541 4324
f 4324 1541 1540
f 4385 4384 4358
f 4358 4384 4714
f 4396 4758 4840
f 4840 4758 4972
f 4866 4852 5011
f 5011 4852 5012
f 5013 4260 4980
f 4980 4260 5010
f 4875 4878 5014
f 5014 4878 5015
f 5017 5018 5016
f 5016 5018 5019
f 5016 5019 5020
f 5020 5019 5021
f 5023 5024 5022
f 5022 5024 5025
f 5027 5028 5026
f 5026 5028 5029
f 5031 5032 5030
f 5030 5032 5033
f 5035 5036 5034
f 5034 5036 5037
f 5039 5040 5038
f 5038 5040 5041
f 5043 5044 5042
f 5042 5044 5045
f 5038 5046 5039
f 5039 5046 5047
f 5049 5050 5048
f 5048 5050 5051
f 5053 5054 5052
f 5052 5054 5055
f 5057 5024 5056
f 5056 5024 5058
f 5060 5061 5059
f 5059 5061 5062
f 5064 5065 5063
f 5063 5065 5066
f 5043 5050 5064
f 5064 5050 5065
f 5038 5041 5067
f 5067 5041 5068
f 5070 5071 5069
f 5069 5071 5072
f 5074 5075 5073
f 5073 5075 5076
f 5034 5077 5035
f 5035 5077 5078
f 5080 5081 5079
f 5079 5081 5082
f 5084 5085 5083
f 5083 5085 5086
f 5085 5084 5087
f 5087 5084 5088
f 5090 5091 5089
f 5089 5091 5092
f 5094 5095 5093
f 5093 5095 5096
f 5098 5099 5097
f 5097 5099 5100
f 5102 5103 5101
f 5101 5103 5104
f 5105 5106 5108
f 5108 5106 5107
f 5110 5111 5109
f 5109 5111 5112
f 5114 5094 5113
f 5113 5094 5093
f 5116 5117 5115
f 5115 5117 5118
f 5120 5121 5119
f 5119 5121 5122
f 5124 5125 5123
f 5123 5125 5126
f 5128 5129 5127
f 5127 5129 5130
f 5097 5131 5098
f 5098 5131 5132
f 5134 5135 5133
f 5133 5135 5122
f 5084 5125 5088
f 5088 5125 5136
f 5138 5139 5137
f 5137 5139 5140
f 5142 5102 5141
f 5141 5102 5101
f 5106 5143 5107
f 5107 5143 5144
f 5146 5147 5145
f 5145 5147 5148
f 5149 5150 5109
f 5109 5150 5110
f 5151 5110 5152
f 5152 5110 5150
f 4715 5140 4716
f 4716 5140 5139
f 5143 4870 5144
f 5144 4870 4869
f 4115 5146 4116
f 4116 5146 5145
f 4791 4796 5149
f 5149 4796 5150
f 4796 4850 5150
f 5150 4850 5152
f 4858 5142 4859
f 4859 5142 5141
f 5153 5154 5115
f 5115 5154 5105
f 5156 5157 5155
f 5155 5157 5158
f 5159 5160 5053
f 5053 5160 5054
f 5161 5162 5020
f 5020 5162 5068
f 5026 5029 5163
f 5163 5029 5021
f 5083 5086 5164
f 5164 5086 5165
f 5090 5167 5166
f 5166 5167 5168
f 5169 5170 5172
f 5172 5170 5171
f 5174 5175 5173
f 5173 5175 5176
f 5177 5109 5178
f 5178 5109 5112
f 5179 5180 5182
f 5182 5180 5181
f 5123 5126 5120
f 5120 5126 5121
f 5180 5167 5181
f 5181 5167 5183
f 5184 5185 5179
f 5179 5185 5180
f 5186 5149 5177
f 5177 5149 5109
f 4868 5184 4865
f 4865 5184 5179
f 5188 5189 5187
f 5187 5189 5190
f 4277 4791 5186
f 5186 4791 5149
f 5179 5182 4865
f 4865 5182 4853
f 5189 4862 5190
f 5190 4862 4861
f 5156 5075 5191
f 5191 5075 5192
f 5036 5035 5193
f 5193 5035 5194
f 5115 5118 5153
f 5153 5118 5195
f 5022 5025 5196
f 5196 5025 5197
f 5155 5158 5069
f 5069 5158 5062
f 5063 5066 5198
f 5198 5066 5199
f 5073 5076 5200
f 5200 5076 5072
f 5202 5131 5201
f 5201 5131 5203
f 5143 5106 5204
f 5204 5106 5205
f 5114 5113 5206
f 5206 5113 5127
f 5098 5132 5193
f 5193 5132 5195
f 5204 5207 5143
f 5143 5207 4870
f 5088 5136 5208
f 5208 5136 5092
f 5209 5210 5089
f 5089 5210 5183
f 5211 5018 5060
f 5060 5018 5061
f 5017 5040 5070
f 5070 5040 5071
f 5191 5160 5156
f 5156 5160 5157
f 5048 5028 5049
f 5049 5028 5058
f 5207 5204 4858
f 4858 5204 5142
f 4859 5141 4715
f 4715 5141 5140
f 5212 5162 5042
f 5042 5162 5051
f 5182 5152 4853
f 4853 5152 4850
f 5214 5134 5213
f 5213 5134 5133
f 5164 5165 5133
f 5133 5165 5213
f 5215 5216 5201
f 5201 5216 5217
f 5147 5218 5148
f 5148 5218 5219
f 5147 5177 5218
f 5218 5177 5178
f 5141 5101 5140
f 5140 5101 5137
f 5201 5217 5202
f 5202 5217 5104
f 5146 5186 5147
f 5147 5186 5177
f 4277 5186 4115
f 4115 5186 5146
f 5191 5192 5031
f 5031 5192 5032
f 5052 5055 5220
f 5220 5055 5197
f 4116 5145 4869
f 4869 5145 5144
f 5034 5037 5214
f 5214 5037 5134
f 5097 5100 5114
f 5114 5100 5094
f 5108 5107 5219
f 5219 5107 5148
f 5221 5135 5116
f 5116 5135 5117
f 5124 5111 5209
f 5209 5111 5210
f 5107 5144 5148
f 5148 5144 5145
f 5152 5182 5151
f 5151 5182 5181
f 5208 5222 5088
f 5088 5222 5087
f 5222 5208 5171
f 5171 5208 5172
f 5223 1756 4698
f 4698 1756 1755
f 4427 5224 4107
f 4107 5224 4135
f 4178 4679 5225
f 5225 4679 5226
f 5227 5228 4892
f 4892 5228 4893
f 5229 5230 4171
f 4171 5230 4172
f 4855 4268 4884
f 4884 4268 4885
f 4884 4871 4855
f 4855 4871 4856
f 4684 5231 4896
f 4896 5231 4897
f 4768 4767 5009
f 5009 4767 5008
f 5205 5154 5102
f 5102 5154 5103
f 5099 5098 5194
f 5194 5098 5193
f 5198 5199 5079
f 5079 5199 5033
f 5102 5142 5205
f 5205 5142 5204
f 5224 4427 4681
f 4681 4427 4678
f 3712 3711 5232
f 5232 3711 5233
f 3968 3988 3963
f 3963 3988 3964
f 3976 4044 3972
f 3972 4044 3985
f 4038 4037 4036
f 4036 4037 4033
f 4794 4762 3731
f 3731 4762 3944
f 3731 3944 3722
f 3722 3944 3810
f 3874 5234 5232
f 5232 5234 3712
f 3906 3905 3867
f 3867 3905 4011
f 3904 4023 3905
f 3905 4023 4011
f 3719 3722 3811
f 3811 3722 3810
f 3812 3719 3687
f 3687 3719 3811
f 3716 3812 3686
f 3686 3812 3687
f 3713 3716 3685
f 3685 3716 3686
f 4810 4403 5235
f 5235 4403 4813
f 4345 1770 4814
f 4814 1770 1769
f 4067 4066 4058
f 4058 4066 5236
f 4043 4068 4049
f 4049 4068 4050
f 4034 5237 3989
f 3989 5237 3990
f 4031 4030 4072
f 4072 4030 4005
f 4003 4004 4002
f 4002 4004 4032
f 4004 4005 4032
f 4032 4005 4030
f 4067 4064 4068
f 4068 4064 4050
f 4058 4057 4067
f 4067 4057 4064
f 4035 4034 5238
f 5238 4034 3989
f 5236 5239 4058
f 4058 5239 5240
f 5234 3874 5241
f 5241 3874 3873
f 5241 3873 3881
f 3881 3873 3878
f 4800 4763 4788
f 4788 4763 4310
f 4763 4762 4310
f 4310 4762 4309
f 4762 4794 4309
f 4309 4794 4306
f 4794 4793 4306
f 4306 4793 4292
f 4293 4313 4302
f 4302 4313 4314
f 4302 4314 4303
f 4303 4314 4315
f 4303 4315 4703
f 4703 4315 4316
f 4035 4069 4043
f 4043 4069 4068
f 4324 1540 4357
f 4357 1540 1477
f 5232 3987 3874
f 3874 3987 3871
f 3987 5232 4013
f 4013 5232 5233
f 4013 5233 4014
f 4014 5233 5242
f 3888 4015 3865
f 3865 4015 4007
f 3866 4008 5243
f 5243 4008 4016
f 3873 5244 3878
f 3878 5244 3875
f 3965 5244 3872
f 3872 5244 3873
f 3876 3875 3965
f 3965 3875 5244
f 5243 4016 5242
f 5242 4016 4014
f 5246 5247 5245
f 5245 5247 5248
f 3576 3950 3577
f 3577 3950 3926
f 3584 3842 3585
f 3585 3842 3580
f 5249 5247 1784
f 1784 5247 1785
f 5250 5251 5253
f 5253 5251 5252
f 5255 5252 5254
f 5254 5252 5256
f 5254 5256 5258
f 5258 5256 5257
f 5258 5257 5260
f 5260 5257 5259
f 4356 5261 4424
f 4424 5261 5259
f 4355 5262 4356
f 4356 5262 5261
f 4924 5264 5263
f 5263 5264 5265
f 4693 5266 4691
f 4691 5266 5267
f 4351 5268 4352
f 4352 5268 5269
f 1808 1807 4351
f 4351 1807 5268
f 3580 3842 3581
f 3799 3802 3838
f 4800 4788 4801
f 4801 4788 4789
f 3729 3935 4801
f 4801 3935 4800
f 3728 3666 3729
f 3729 3666 3935
f 3728 3798 3666
f 3666 3798 3663
f 3798 3818 3663
f 3663 3818 3809
f 3818 3817 3809
f 3809 3817 3808
f 3796 3655 3817
f 3817 3655 3808
f 3615 3568 3796
f 3796 3568 3655
f 3573 3569 3615
f 3615 3569 3568
f 3572 3613 3573
f 3573 3613 3569
f 3792 3606 3572
f 3572 3606 3613
f 3607 3791 3949
f 3949 3791 3591
f 3590 3950 3591
f 3591 3950 3949
f 3805 3926 3590
f 3590 3926 3950
f 3804 3559 3805
f 3805 3559 3926
f 3804 3914 3559
f 3559 3914 3560
f 3924 3789 3913
f 3913 3789 3788
f 3924 3928 3789
f 3789 3928 3826
f 3928 3927 3826
f 3826 3927 3827
f 3927 3834 3827
f 3827 3834 3835
f 4079 4078 5270
f 5270 4078 5007
f 5271 5272 4233
f 4233 5272 5273
f 5275 5276 5274
f 5274 5276 5277
f 5278 5279 4236
f 4236 5279 4237
f 5278 5280 5271
f 5271 5280 5272
f 4235 5281 4236
f 4236 5281 5282
f 5284 5285 5283
f 5283 5285 5286
f 5288 5289 5287
f 5287 5289 5290
f 5292 5293 5291
f 5291 5293 5294
f 5287 5290 4726
f 4726 5290 5295
f 4293 4292 4313
f 4313 4292 4793
f 4720 4736 4719
f 4719 4736 5296
f 5297 4909 5298
f 5298 4909 4908
f 5299 5300 4976
f 4976 5300 5301
f 5302 4202 5303
f 5303 4202 4201
f 5304 5305 4983
f 4983 5305 5306
f 5308 5309 5307
f 5307 5309 5310
f 4722 4725 5283
f 5283 4725 5311
f 5291 5294 4125
f 4125 5294 4126
f 5313 5314 5312
f 5312 5314 5315
f 5316 5317 5319
f 5319 5317 5318
f 5321 5308 5320
f 5320 5308 5307
f 4819 4981 4873
f 4873 4981 5322
f 4981 4123 5322
f 5322 4123 4126
f 5324 5325 5323
f 5323 5325 5326
f 4764 5327 4975
f 4975 5327 5328
f 4172 5327 4169
f 4169 5327 5329
f 4768 4171 4769
f 4769 4171 4170
f 4243 4755 4244
f 4244 4755 5330
f 4755 4205 5330
f 5330 4205 4208
f 4206 4906 4207
f 4207 4906 4905
f 4686 5014 5009
f 5009 5014 5229
f 4756 4770 4170
f 4170 4770 4769
f 4170 4169 4756
f 4756 4169 4757
f 4273 5329 4764
f 4764 5329 5327
f 4276 5331 4273
f 4273 5331 5329
f 4770 4756 4243
f 4243 4756 4755
f 5333 4889 5332
f 5332 4889 5010
f 4877 5332 4878
f 4878 5332 4259
f 4875 4164 4876
f 4876 4164 4163
f 5334 5335 5324
f 5324 5335 5325
f 4983 5306 4123
f 4123 5306 4124
f 4818 4982 4819
f 4819 4982 4981
f 5332 5010 4259
f 4259 5010 4260
f 5014 4686 4875
f 4875 4686 4164
f 4171 4768 5229
f 5229 4768 5009
f 5337 4916 5336
f 5336 4916 4919
f 5293 5337 5294
f 5294 5337 5336
f 4982 4818 5333
f 5333 4818 4889
f 5338 5339 4262
f 4262 5339 5340
f 5307 5310 5338
f 5338 5310 5339
f 5341 5342 4204
f 4204 5342 5309
f 5336 4919 5322
f 5322 4919 4873
f 5294 5336 4126
f 4126 5336 5322
f 5323 5326 5343
f 5343 5326 5286
f 4914 5344 4915
f 4915 5344 5345
f 5312 5315 5344
f 5344 5315 5345
f 5347 5348 5346
f 5346 5348 5349
f 5350 5351 4832
f 4832 5351 4833
f 5352 5353 5349
f 5349 5353 5346
f 5354 5338 4265
f 4265 5338 4262
f 5320 5307 5354
f 5354 5307 5338
f 4201 5308 5303
f 5303 5308 5321
f 5356 5357 5355
f 5355 5357 4799
f 5358 5359 5334
f 5334 5359 5335
f 5358 5360 4093
f 4093 5360 4163
f 5360 5305 4163
f 4163 5305 4876
f 5305 5304 4876
f 4876 5304 4877
f 5270 4778 4079
f 4079 4778 4081
f 4779 5361 4774
f 4774 5361 5357
f 5356 5359 4775
f 4775 5359 4092
f 5333 5304 4982
f 4982 5304 4983
f 5332 4877 5333
f 5333 4877 5304
f 5015 4258 5230
f 5230 4258 5328
f 5327 4172 5328
f 5328 4172 5230
f 4169 5329 4757
f 4757 5329 5331
f 4757 5331 4205
f 4205 5331 4206
f 5331 4276 4206
f 4206 4276 4906
f 4276 4275 4906
f 4906 4275 4907
f 4275 4888 4907
f 4907 4888 4744
f 4887 4717 4745
f 4745 4717 4864
f 4716 5139 4861
f 4861 5139 5190
f 5139 5138 5190
f 5190 5138 5187
f 5138 5216 5187
f 5187 5216 5176
f 5215 5362 5173
f 5173 5362 5130
f 5364 5365 5363
f 5363 5365 5340
f 4742 4863 5366
f 5366 4863 4867
f 4862 5189 4868
f 4868 5189 5184
f 5189 5188 5184
f 5184 5188 5185
f 5188 5175 5185
f 5185 5175 5168
f 3560 3788 3561
f 3561 3788 3790
f 3596 3595 3608
f 3608 3595 3594
f 3598 3582 3595
f 3595 3582 3592
f 3600 3609 3601
f 3601 3609 3611
f 3602 3601 3612
f 3612 3601 3611
f 3606 3605 3613
f 3613 3605 3614
f 3793 5367 3794
f 3794 5367 5368
f 3598 3597 3600
f 3600 3597 3609
f 3793 3792 3575
f 3575 3792 3572
f 3561 3594 3558
f 3558 3594 3593
f 3807 3915 3804
f 3804 3915 3914
f 3916 3915 5370
f 5370 3915 5369
f 3602 3605 3603
f 3603 3605 3604
f 3606 3792 3607
f 3607 3792 3791
f 3914 3913 3560
f 3560 3913 3788
f 5174 5129 5166
f 5166 5129 5371
f 5170 5169 5093
f 5093 5169 5113
f 5166 5371 5090
f 5090 5371 5091
f 5128 5169 5372
f 5372 5169 5172
f 5127 5113 5128
f 5128 5113 5169
f 5114 5206 5203
f 5203 5206 5362
f 5200 5373 5073
f 5073 5373 5096
f 5374 5375 5200
f 5200 5375 5373
f 5039 5047 5374
f 5374 5047 5375
f 5087 5046 5085
f 5085 5046 5376
f 5212 5377 5067
f 5067 5377 5376
f 5042 5045 5212
f 5212 5045 5377
f 5064 5378 5043
f 5043 5378 5044
f 5063 5077 5064
f 5064 5077 5378
f 5079 5082 5198
f 5198 5082 5078
f 5099 5081 5100
f 5100 5081 5379
f 5100 5379 5094
f 5094 5379 5095
f 5381 5382 5380
f 5380 5382 5383
f 5385 5386 5384
f 5384 5386 5383
f 5385 5387 5386
f 5386 5387 5388
f 5390 5391 5389
f 5389 5391 5392
f 5393 5394 5396
f 5396 5394 5395
f 5398 5399 5397
f 5397 5399 5400
f 5402 5403 5401
f 5401 5403 5404
f 5406 5407 5405
f 5405 5407 5404
f 5408 5409 5163
f 5163 5409 5410
f 5411 5412 5414
f 5414 5412 5413
f 5057 5416 5415
f 5415 5416 5417
f 5393 5416 5418
f 5418 5416 5419
f 5396 5395 5420
f 5420 5395 5421
f 5423 5424 5422
f 5422 5424 5425
f 5415 5417 5220
f 5220 5417 5426
f 5418 5391 5393
f 5393 5391 5394
f 5414 5388 5411
f 5411 5388 5392
f 5059 5427 5060
f 5060 5427 5428
f 5423 5427 5429
f 5429 5427 5430
f 5432 5382 5431
f 5431 5382 5425
f 5429 5407 5423
f 5423 5407 5424
f 5380 5409 5381
f 5381 5409 5433
f 5381 5433 5422
f 5422 5433 5428
f 5027 5412 5056
f 5056 5412 5419
f 5435 5436 5434
f 5434 5436 5437
f 5159 5439 5438
f 5438 5439 5440
f 5053 5436 5159
f 5159 5436 5439
f 5441 5403 5398
f 5398 5403 5399
f 5163 5410 5026
f 5026 5410 5413
f 5438 5440 5442
f 5442 5440 5430
f 5444 5445 5443
f 5443 5445 5446
f 5447 5448 5450
f 5450 5448 5449
f 5451 5446 5452
f 5452 5446 5445
f 5454 5455 5453
f 5453 5455 5451
f 5456 5454 5458
f 5458 5454 5457
f 5460 5461 5459
f 5459 5461 5462
f 5464 5465 5463
f 5463 5465 5466
f 5468 5469 5467
f 5467 5469 5470
f 5472 5473 5471
f 5471 5473 5474
f 5475 5476 5478
f 5478 5476 5477
f 5479 5480 5482
f 5482 5480 5481
f 5483 5484 5448
f 5448 5484 5485
f 5448 5485 5449
f 5449 5485 5486
f 5487 5476 5488
f 5488 5476 5475
f 5490 5491 5489
f 5489 5491 5492
f 5494 5495 5493
f 5493 5495 5496
f 5498 5494 5497
f 5497 5494 5493
f 5500 5501 5499
f 5499 5501 5502
f 5503 5504 5446
f 5446 5504 5443
f 5506 5507 5505
f 5505 5507 5508
f 5510 5511 5509
f 5509 5511 5512
f 5514 5515 5513
f 5513 5515 5516
f 5518 5519 5517
f 5517 5519 5520
f 5495 5521 5496
f 5496 5521 5522
f 5524 5525 5523
f 5523 5525 5526
f 5527 5528 5494
f 5494 5528 5495
f 5499 5502 5529
f 5529 5502 5530
f 5531 5532 5485
f 5485 5532 5486
f 5485 5484 5531
f 5531 5484 5533
f 5482 5481 5534
f 5534 5481 5535
f 5536 5512 5506
f 5506 5512 5511
f 5455 5503 5451
f 5451 5503 5446
f 5467 5470 5511
f 5511 5470 5537
f 5538 5467 5510
f 5510 5467 5511
f 5540 5541 5539
f 5539 5541 5542
f 5543 5544 5546
f 5546 5544 5545
f 5548 5472 5547
f 5547 5472 5471
f 5493 5496 5549
f 5549 5496 5550
f 5496 5522 5550
f 5550 5522 5551
f 5553 5554 5552
f 5552 5554 5555
f 5557 5447 5556
f 5556 5447 5558
f 5557 5483 5447
f 5447 5483 5448
f 5478 5477 5553
f 5553 5477 5559
f 5477 5560 5559
f 5559 5560 5561
f 5476 5562 5477
f 5477 5562 5560
f 5476 5487 5562
f 5562 5487 5563
f 5560 5564 5561
f 5561 5564 5565
f 5564 5560 5566
f 5566 5560 5562
f 5563 5567 5562
f 5562 5567 5566
f 5569 5521 5568
f 5568 5521 5570
f 5481 5572 5571
f 5571 5572 5573
f 5574 5535 5571
f 5571 5535 5481
f 5576 5577 5575
f 5575 5577 5578
f 5579 5580 5456
f 5456 5580 5581
f 5475 5582 5488
f 5488 5582 5583
f 5584 5536 5505
f 5505 5536 5506
f 5585 5586 5588
f 5588 5586 5587
f 5590 5591 5589
f 5589 5591 5592
f 5519 5593 5520
f 5520 5593 5594
f 5595 5596 5462
f 5462 5596 5597
f 5599 5600 5598
f 5598 5600 5514
f 5602 5603 5601
f 5601 5603 5604
f 5524 5543 5525
f 5525 5543 5546
f 5543 5524 5606
f 5606 5524 5605
f 5607 5608 5500
f 5500 5608 5501
f 5610 5551 5609
f 5609 5551 5522
f 5611 5510 5598
f 5598 5510 5509
f 5612 5597 5457
f 5457 5597 5458
f 5510 5611 5538
f 5538 5611 5613
f 5580 5508 5581
f 5581 5508 5507
f 5615 5616 5614
f 5614 5616 5617
f 5619 5620 5618
f 5618 5620 5621
f 5623 5624 5622
f 5622 5624 5625
f 5627 5624 5626
f 5626 5624 5623
f 5629 5630 5628
f 5628 5630 5631
f 5633 5634 5632
f 5632 5634 5466
f 5635 5636 5463
f 5463 5636 5637
f 5523 5638 5524
f 5524 5638 5605
f 5639 5640 5641
f 5641 5640 5595
f 5611 5513 5613
f 5613 5513 5642
f 5643 5586 5608
f 5608 5586 5501
f 5622 5625 5590
f 5590 5625 5591
f 5598 5514 5611
f 5611 5514 5513
f 5645 5646 5644
f 5644 5646 5647
f 5620 5619 5491
f 5491 5619 5648
f 5649 5643 5492
f 5492 5643 5608
f 5650 5651 5653
f 5653 5651 5652
f 5463 5466 5635
f 5635 5466 5634
f 5597 5612 5462
f 5462 5612 5459
f 5635 5634 5523
f 5523 5634 5638
f 5654 5638 5633
f 5633 5638 5634
f 5655 5656 5525
f 5525 5656 5526
f 5658 5659 5657
f 5657 5659 5527
f 5660 5464 5637
f 5637 5464 5463
f 5632 5466 5661
f 5661 5466 5465
f 5661 5662 5632
f 5632 5662 5658
f 5662 5663 5658
f 5658 5663 5659
f 5665 5659 5664
f 5664 5659 5663
f 5632 5658 5633
f 5633 5658 5657
f 5666 5629 5530
f 5530 5629 5667
f 5528 5527 5665
f 5665 5527 5659
f 5668 5669 5570
f 5570 5669 5568
f 5669 5668 5670
f 5670 5668 5671
f 5646 5672 5673
f 5672 5674 5673
f 5673 5674 5675
f 5674 5460 5675
f 5675 5460 5459
f 5461 5676 5462
f 5462 5676 5595
f 5677 5678 5680
f 5680 5678 5679
f 5628 5681 5629
f 5629 5681 5667
f 5682 5529 5667
f 5667 5529 5530
f 5675 5459 5683
f 5683 5459 5612
f 5585 5666 5502
f 5502 5666 5530
f 5589 5684 5602
f 5602 5684 5603
f 5646 5645 5663
f 5663 5645 5664
f 5685 5647 5673
f 5673 5647 5646
f 5686 5687 5683
f 5683 5687 5685
f 5688 5689 5533
f 5533 5689 5531
f 5690 5691 5535
f 5535 5691 5534
f 5692 5690 5574
f 5574 5690 5535
f 5685 5687 5689
f 5689 5687 5693
f 5489 5694 5490
f 5490 5694 5695
f 5690 5692 5696
f 5696 5692 5697
f 5696 5644 5690
f 5690 5644 5691
f 5447 5450 5558
f 5558 5450 5698
f 5699 5700 5642
f 5642 5700 5613
f 5701 5702 5540
f 5540 5702 5541
f 5431 5703 5432
f 5432 5703 5697
f 5385 5384 5574
f 5574 5384 5692
f 5389 5387 5573
f 5573 5387 5571
f 5565 5390 5573
f 5573 5390 5389
f 5390 5565 5704
f 5704 5565 5564
f 5566 5705 5564
f 5564 5705 5704
f 5569 5441 5609
f 5609 5441 5398
f 5568 5405 5569
f 5569 5405 5441
f 5670 5706 5669
f 5669 5706 5406
f 5703 5431 5670
f 5670 5431 5706
f 5432 5697 5384
f 5384 5697 5692
f 5574 5571 5385
f 5385 5571 5387
f 5607 5707 5489
f 5489 5707 5694
f 5518 5708 5519
f 5519 5708 5709
f 5711 5576 5710
f 5710 5576 5575
f 5713 5714 5712
f 5712 5714 5715
f 5553 5552 5478
f 5478 5552 5716
f 5717 5475 5716
f 5716 5475 5478
f 5718 5719 5605
f 5605 5719 5606
f 5505 5622 5584
f 5584 5622 5590
f 5508 5623 5505
f 5505 5623 5622
f 5626 5623 5580
f 5580 5623 5508
f 5580 5579 5626
f 5626 5579 5720
f 5579 5721 5720
f 5720 5721 5722
f 5666 5585 5723
f 5723 5585 5588
f 5724 5725 5639
f 5639 5725 5640
f 5554 5726 5555
f 5555 5726 5727
f 5453 5728 5729
f 5689 5688 5685
f 5685 5688 5647
f 5604 5730 5512
f 5512 5730 5509
f 5628 5631 5618
f 5618 5631 5592
f 5601 5604 5536
f 5536 5604 5512
f 5732 5676 5731
f 5731 5676 5660
f 5730 5604 5733
f 5733 5604 5603
f 5563 5487 5551
f 5551 5487 5550
f 5489 5492 5607
f 5607 5492 5608
f 5573 5572 5565
f 5565 5572 5561
f 5609 5522 5569
f 5569 5522 5521
f 5499 5734 5500
f 5500 5734 5735
f 5596 5736 5721
f 5721 5736 5722
f 5737 5600 5594
f 5594 5600 5520
f 5599 5730 5517
f 5517 5730 5733
f 5660 5738 5731
f 5731 5738 5739
f 5648 5649 5491
f 5491 5649 5492
f 5501 5586 5502
f 5502 5586 5585
f 5525 5546 5655
f 5655 5546 5740
f 5600 5599 5520
f 5520 5599 5517
f 5708 5739 5709
f 5709 5739 5738
f 5636 5635 5526
f 5526 5635 5523
f 5670 5671 5703
f 5703 5671 5741
f 5490 5695 5742
f 5742 5695 5743
f 5682 5678 5744
f 5744 5678 5677
f 5678 5681 5679
f 5679 5681 5621
f 5742 5743 5679
f 5679 5743 5680
f 5618 5621 5628
f 5628 5621 5681
f 5725 5724 5589
f 5589 5724 5684
f 5456 5458 5579
f 5579 5458 5721
f 5675 5683 5673
f 5673 5683 5685
f 5529 5682 5745
f 5745 5682 5744
f 5721 5458 5596
f 5596 5458 5597
f 5701 5540 5719
f 5719 5540 5606
f 5703 5741 5697
f 5697 5741 5696
f 5500 5735 5607
f 5607 5735 5707
f 5549 5746 5493
f 5493 5746 5497
f 5700 5747 5613
f 5613 5747 5538
f 5420 5421 5434
f 5434 5421 5400
f 5689 5693 5531
f 5531 5693 5532
f 5705 5566 5748
f 5748 5566 5567
f 5609 5398 5610
f 5610 5398 5397
f 5669 5406 5568
f 5568 5406 5405
f 5488 5583 5549
f 5549 5583 5746
f 5714 5713 5710
f 5710 5713 5711
f 5747 5468 5538
f 5538 5468 5467
f 5548 5547 5749
f 5749 5547 5750
f 5733 5603 5751
f 5751 5603 5684
f 5589 5602 5590
f 5590 5602 5584
f 5636 5752 5614
f 5614 5752 5615
f 5753 5754 5738
f 5738 5754 5755
f 5602 5601 5584
f 5584 5601 5536
f 5723 5736 5630
f 5630 5736 5640
f 5595 5640 5596
f 5596 5640 5736
f 5734 5499 5745
f 5745 5499 5529
f 5627 5587 5643
f 5643 5587 5586
f 5553 5559 5554
f 5554 5559 5480
f 5559 5561 5480
f 5480 5561 5572
f 5554 5480 5726
f 5726 5480 5479
f 5749 5750 5715
f 5715 5750 5712
f 5683 5612 5686
f 5686 5612 5457
f 5678 5682 5681
f 5681 5682 5667
f 5598 5509 5599
f 5599 5509 5730
f 5679 5621 5742
f 5742 5621 5620
f 5652 5616 5653
f 5653 5616 5615
f 5220 5426 5052
f 5052 5426 5437
f 5487 5488 5550
f 5550 5488 5549
f 5742 5620 5490
f 5490 5620 5491
f 5551 5610 5563
f 5563 5610 5567
f 5610 5397 5567
f 5567 5397 5748
f 5614 5617 5753
f 5753 5617 5754
f 5480 5572 5481
f 5755 5756 5738
f 5738 5756 5709
f 5745 5744 5758
f 5758 5744 5757
f 5745 5758 5734
f 5734 5758 5759
f 5735 5734 5760
f 5760 5734 5759
f 5707 5735 5761
f 5761 5735 5760
f 5744 5677 5757
f 5757 5677 5762
f 5677 5680 5762
f 5762 5680 5763
f 5763 5680 5764
f 5764 5680 5743
f 5765 5766 5762
f 5762 5766 5757
f 5768 5769 5767
f 5767 5769 5770
f 5771 5772 5770
f 5770 5772 5767
f 5770 5769 5774
f 5774 5769 5773
f 5775 5776 5774
f 5774 5776 5777
f 5773 5778 5774
f 5774 5778 5775
f 5779 5766 5773
f 5773 5766 5778
f 5777 5771 5774
f 5774 5771 5770
f 5780 5781 5783
f 5783 5781 5782
f 5781 5780 5771
f 5771 5780 5772
f 5773 5769 5779
f 5779 5769 5768
f 5768 5759 5779
f 5779 5759 5758
f 5768 5784 5759
f 5759 5784 5760
f 5767 5785 5768
f 5768 5785 5784
f 5785 5767 5786
f 5786 5767 5772
f 5766 5779 5757
f 5757 5779 5758
f 5780 5787 5772
f 5772 5787 5786
f 5785 5786 5788
f 5788 5786 5789
f 5786 5787 5789
f 5789 5787 5790
f 5788 5789 5791
f 5791 5789 5792
f 5791 5793 5788
f 5788 5793 5794
f 5795 5792 5790
f 5790 5792 5789
f 5785 5788 5784
f 5784 5788 5794
f 5784 5794 5760
f 5760 5794 5761
f 5787 5780 5796
f 5796 5780 5783
f 5775 5778 5797
f 5797 5778 5766
f 5797 5798 5775
f 5775 5798 5776
f 5766 5765 5797
f 5797 5765 5799
f 5798 5797 5800
f 5800 5797 5799
f 5798 5801 5776
f 5776 5801 5802
f 5707 5761 5694
f 5694 5761 5803
f 5695 5804 5743
f 5743 5804 5764
f 5804 5695 5803
f 5803 5695 5694
f 5803 5793 5804
f 5804 5793 5805
f 5793 5791 5805
f 5805 5791 5806
f 5804 5805 5764
f 5764 5805 5807
f 5803 5761 5793
f 5793 5761 5794
f 5808 5763 5807
f 5807 5763 5764
f 5808 5765 5763
f 5763 5765 5762
f 5809 5799 5808
f 5808 5799 5765
f 5809 5808 5810
f 5810 5808 5807
f 5811 5809 5812
f 5812 5809 5810
f 5805 5806 5807
f 5807 5806 5810
f 5806 5813 5810
f 5810 5813 5812
f 5799 5809 5800
f 5800 5809 5811
f 5815 5800 5814
f 5814 5800 5811
f 5814 5817 5816
f 5816 5817 5818
f 5814 5811 5817
f 5817 5811 5812
f 5814 5816 5815
f 5815 5816 5796
f 5815 5796 5801
f 5801 5796 5783
f 5801 5798 5815
f 5815 5798 5800
f 5791 5792 5806
f 5806 5792 5813
f 5818 5813 5795
f 5795 5813 5792
f 5818 5817 5813
f 5813 5817 5812
f 5816 5818 5790
f 5790 5818 5795
f 5790 5787 5816
f 5816 5787 5796
f 5771 5777 5781
f 5781 5777 5782
f 5782 5802 5783
f 5783 5802 5801
f 5782 5777 5802
f 5802 5777 5776
f 5588 5587 5722
f 5722 5587 5720
f 5591 5619 5592
f 5592 5619 5618
f 5625 5624 5648
f 5648 5624 5649
f 5624 5627 5649
f 5649 5627 5643
f 5631 5630 5725
f 5725 5630 5640
f 5625 5648 5591
f 5591 5648 5619
f 5588 5722 5723
f 5723 5722 5736
f 5631 5725 5592
f 5592 5725 5589
f 5723 5630 5666
f 5666 5630 5629
f 5587 5627 5720
f 5720 5627 5626
f 5820 5821 5819
f 5819 5821 5822
f 5824 5825 5823
f 5823 5825 5826
f 5823 5826 5827
f 5827 5826 5828
f 5829 5830 5832
f 5832 5830 5831
f 5518 5833 5708
f 5708 5833 5834
f 5835 5836 5824
f 5824 5836 5825
f 5838 5839 5837
f 5837 5839 5840
f 5751 5684 5842
f 5842 5684 5841
f 5843 5841 5724
f 5724 5841 5684
f 5845 5846 5844
f 5844 5846 5847
f 5848 5830 5836
f 5836 5830 5825
f 5518 5751 5833
f 5833 5751 5842
f 5839 5838 5821
f 5821 5838 5849
f 5850 5848 5822
f 5822 5848 5836
f 5851 5845 5828
f 5828 5845 5852
f 5854 5855 5853
f 5853 5855 5856
f 5845 5844 5852
f 5852 5844 5857
f 5858 5827 5852
f 5852 5827 5828
f 5851 5828 5829
f 5829 5828 5826
f 5819 5859 5820
f 5820 5859 5860
f 5835 5861 5819
f 5819 5861 5859
f 5851 5829 5862
f 5862 5829 5832
f 5844 5847 5837
f 5837 5847 5834
f 5819 5822 5835
f 5835 5822 5836
f 5823 5863 5824
f 5824 5863 5864
f 5849 5850 5821
f 5821 5850 5822
f 5825 5830 5826
f 5826 5830 5829
f 5820 5860 5865
f 5865 5860 5866
f 5858 5854 5867
f 5867 5854 5853
f 5854 5857 5855
f 5855 5857 5840
f 5855 5865 5856
f 5856 5865 5866
f 5837 5840 5844
f 5844 5840 5857
f 5827 5858 5868
f 5868 5858 5867
f 5824 5864 5835
f 5835 5864 5861
f 5732 5731 5862
f 5862 5731 5846
f 5863 5823 5868
f 5868 5823 5827
f 5843 5831 5848
f 5848 5831 5830
f 5854 5858 5857
f 5857 5858 5852
f 5855 5840 5865
f 5865 5840 5839
f 5865 5839 5820
f 5820 5839 5821
f 5868 5867 5870
f 5870 5867 5869
f 5868 5870 5863
f 5863 5870 5871
f 5863 5871 5864
f 5864 5871 5872
f 5864 5872 5861
f 5861 5872 5873
f 5867 5853 5869
f 5869 5853 5874
f 5853 5856 5874
f 5874 5856 5875
f 5856 5866 5875
f 5875 5866 5876
f 5877 5878 5874
f 5874 5878 5869
f 5880 5881 5879
f 5879 5881 5882
f 5883 5884 5880
f 5880 5884 5881
f 5881 5884 5886
f 5886 5884 5885
f 5887 5888 5886
f 5886 5888 5889
f 5885 5890 5886
f 5886 5890 5887
f 5889 5882 5886
f 5886 5882 5881
f 5882 5891 5879
f 5879 5891 5892
f 5885 5884 5893
f 5893 5884 5883
f 5883 5871 5893
f 5893 5871 5870
f 5883 5894 5871
f 5871 5894 5872
f 5880 5895 5883
f 5883 5895 5894
f 5896 5895 5879
f 5879 5895 5880
f 5893 5878 5885
f 5885 5878 5890
f 5878 5893 5869
f 5869 5893 5870
f 5897 5896 5892
f 5892 5896 5879
f 5895 5896 5898
f 5898 5896 5899
f 5896 5897 5899
f 5899 5897 5900
f 5898 5899 5901
f 5901 5899 5902
f 5901 5903 5898
f 5898 5903 5904
f 5900 5905 5899
f 5899 5905 5902
f 5898 5904 5895
f 5895 5904 5894
f 5894 5904 5872
f 5872 5904 5873
f 5897 5892 5907
f 5907 5892 5906
f 5892 5891 5906
f 5906 5891 5908
f 5887 5890 5909
f 5909 5890 5878
f 5888 5887 5910
f 5910 5887 5909
f 5878 5877 5909
f 5909 5877 5911
f 5909 5911 5910
f 5910 5911 5912
f 5913 5914 5910
f 5910 5914 5888
f 5908 5914 5906
f 5906 5914 5913
f 5861 5873 5859
f 5859 5873 5915
f 5860 5916 5866
f 5866 5916 5876
f 5916 5860 5915
f 5915 5860 5859
f 5915 5903 5916
f 5916 5903 5917
f 5903 5901 5917
f 5917 5901 5918
f 5916 5917 5876
f 5876 5917 5919
f 5903 5915 5904
f 5904 5915 5873
f 5920 5875 5919
f 5919 5875 5876
f 5920 5877 5875
f 5875 5877 5874
f 5920 5921 5877
f 5877 5921 5911
f 5921 5920 5922
f 5922 5920 5919
f 5923 5921 5924
f 5924 5921 5922
f 5917 5918 5919
f 5919 5918 5922
f 5918 5925 5922
f 5922 5925 5924
f 5921 5923 5911
f 5911 5923 5912
f 5927 5912 5926
f 5926 5912 5923
f 5926 5929 5928
f 5928 5929 5930
f 5926 5923 5929
f 5929 5923 5924
f 5926 5928 5927
f 5927 5928 5907
f 5927 5907 5913
f 5913 5907 5906
f 5913 5910 5927
f 5927 5910 5912
f 5901 5902 5918
f 5918 5902 5925
f 5930 5925 5905
f 5905 5925 5902
f 5930 5929 5925
f 5925 5929 5924
f 5928 5930 5900
f 5900 5930 5905
f 5900 5897 5928
f 5928 5897 5907
f 5882 5889 5891
f 5891 5889 5908
f 5908 5889 5914
f 5914 5889 5888
f 5832 5831 5641
f 5641 5831 5639
f 5833 5838 5834
f 5834 5838 5837
f 5842 5841 5849
f 5849 5841 5850
f 5841 5843 5850
f 5850 5843 5848
f 5847 5846 5739
f 5739 5846 5731
f 5842 5849 5833
f 5833 5849 5838
f 5862 5832 5732
f 5732 5832 5641
f 5847 5739 5834
f 5834 5739 5708
f 5862 5846 5851
f 5851 5846 5845
f 5831 5843 5639
f 5639 5843 5724
f 5676 5732 5595
f 5595 5732 5641
f 5676 5461 5660
f 5660 5461 5464
f 5461 5460 5464
f 5464 5460 5465
f 5460 5674 5465
f 5465 5674 5661
f 5931 5932 5934
f 5934 5932 5933
f 5936 5937 5935
f 5935 5937 5938
f 5935 5938 5939
f 5939 5938 5940
f 5942 5943 5941
f 5941 5943 5944
f 5945 5946 5936
f 5936 5946 5937
f 5948 5949 5947
f 5947 5949 5950
f 5951 5952 5519
f 5519 5952 5593
f 5953 5951 5709
f 5709 5951 5519
f 5955 5956 5954
f 5954 5956 5957
f 5958 5942 5946
f 5946 5942 5937
f 5948 5959 5949
f 5949 5959 5933
f 5960 5958 5934
f 5934 5958 5946
f 5961 5955 5940
f 5940 5955 5962
f 5963 5964 5966
f 5966 5964 5965
f 5955 5954 5962
f 5962 5954 5967
f 5968 5939 5962
f 5962 5939 5940
f 5961 5940 5941
f 5941 5940 5938
f 5931 5969 5932
f 5932 5969 5970
f 5945 5971 5931
f 5931 5971 5969
f 5941 5944 5961
f 5961 5944 5972
f 5954 5957 5947
f 5947 5957 5973
f 5945 5931 5946
f 5946 5931 5934
f 5935 5974 5936
f 5936 5974 5975
f 5959 5960 5933
f 5933 5960 5934
f 5937 5942 5938
f 5938 5942 5941
f 5932 5970 5976
f 5976 5970 5977
f 5968 5964 5978
f 5978 5964 5963
f 5965 5964 5950
f 5950 5964 5967
f 5976 5977 5965
f 5965 5977 5966
f 5947 5950 5954
f 5954 5950 5967
f 5939 5968 5979
f 5979 5968 5978
f 5936 5975 5945
f 5945 5975 5971
f 5972 5754 5956
f 5956 5754 5617
f 5974 5935 5979
f 5979 5935 5939
f 5953 5943 5958
f 5958 5943 5942
f 5964 5968 5967
f 5967 5968 5962
f 5965 5950 5976
f 5976 5950 5949
f 5976 5949 5932
f 5932 5949 5933
f 5979 5978 5981
f 5981 5978 5980
f 5979 5981 5974
f 5974 5981 5982
f 5974 5982 5975
f 5975 5982 5983
f 5975 5983 5971
f 5971 5983 5984
f 5978 5963 5980
f 5980 5963 5985
f 5963 5966 5985
f 5985 5966 5986
f 5986 5966 5987
f 5987 5966 5977
f 5988 5989 5985
f 5985 5989 5980
f 5991 5992 5990
f 5990 5992 5993
f 5994 5995 5991
f 5991 5995 5992
f 5992 5995 5997
f 5997 5995 5996
f 5998 5999 5997
f 5997 5999 6000
f 5996 6001 5997
f 5997 6001 5998
f 6000 5993 5997
f 5997 5993 5992
f 6002 6003 5993
f 5993 6003 5990
f 5995 5994 5996
f 5996 5994 6004
f 5994 5982 6004
f 6004 5982 5981
f 5994 6005 5982
f 5982 6005 5983
f 5991 6006 5994
f 5994 6006 6005
f 6006 5991 6007
f 6007 5991 5990
f 5996 6004 6001
f 6001 6004 5989
f 5989 6004 5980
f 5980 6004 5981
f 6003 6008 5990
f 5990 6008 6007
f 6009 6006 6010
f 6010 6006 6007
f 6008 6011 6007
f 6007 6011 6010
f 6012 6009 6013
f 6013 6009 6010
f 6009 6012 6015
f 6015 6012 6014
f 6011 6016 6010
f 6010 6016 6013
f 6006 6009 6005
f 6005 6009 6015
f 6005 6015 5983
f 5983 6015 5984
f 6008 6003 6018
f 6018 6003 6017
f 6003 6002 6017
f 6017 6002 6019
f 5998 6001 6020
f 6020 6001 5989
f 5999 5998 6021
f 6021 5998 6020
f 5989 5988 6020
f 6020 5988 6022
f 6021 6020 6023
f 6023 6020 6022
f 6021 6024 5999
f 5999 6024 6025
f 6019 6025 6017
f 6017 6025 6024
f 5971 5984 5969
f 5969 5984 6026
f 5970 6027 5977
f 5977 6027 5987
f 6027 5970 6026
f 6026 5970 5969
f 6026 6014 6027
f 6027 6014 6028
f 6014 6012 6028
f 6028 6012 6029
f 6027 6028 5987
f 5987 6028 6030
f 6026 5984 6014
f 6014 5984 6015
f 6031 5986 6030
f 6030 5986 5987
f 6031 5988 5986
f 5986 5988 5985
f 6032 6022 6031
f 6031 6022 5988
f 6032 6031 6033
f 6033 6031 6030
f 6034 6032 6035
f 6035 6032 6033
f 6028 6029 6030
f 6030 6029 6033
f 6029 6036 6033
f 6033 6036 6035
f 6032 6034 6022
f 6022 6034 6023
f 6038 6023 6037
f 6037 6023 6034
f 6037 6040 6039
f 6039 6040 6041
f 6037 6034 6040
f 6040 6034 6035
f 6037 6039 6038
f 6038 6039 6018
f 6038 6018 6024
f 6024 6018 6017
f 6024 6021 6038
f 6038 6021 6023
f 6012 6013 6029
f 6029 6013 6036
f 6041 6036 6016
f 6016 6036 6013
f 6041 6040 6036
f 6036 6040 6035
f 6041 6016 6039
f 6039 6016 6011
f 6011 6008 6039
f 6039 6008 6018
f 5993 6000 6002
f 6002 6000 6019
f 6019 6000 6025
f 6025 6000 5999
f 5943 5756 5944
f 5944 5756 5755
f 6042 5948 5973
f 5973 5948 5947
f 5952 5951 5959
f 5959 5951 5960
f 5951 5953 5960
f 5960 5953 5958
f 5616 5957 5617
f 5617 5957 5956
f 6042 5952 5948
f 5948 5952 5959
f 5944 5755 5972
f 5972 5755 5754
f 5957 5616 5973
f 5973 5616 5652
f 5956 5955 5972
f 5972 5955 5961
f 5943 5953 5756
f 5756 5953 5709
f 6044 6045 6043
f 6043 6045 6046
f 6048 6049 6047
f 6047 6049 6050
f 6047 6050 6051
f 6051 6050 6052
f 6054 6055 6053
f 6053 6055 6056
f 6057 6058 6060
f 6060 6058 6059
f 6061 6062 6048
f 6048 6062 6049
f 6063 6064 6066
f 6066 6064 6065
f 6067 6068 6070
f 6070 6068 6069
f 6071 6069 5653
f 5653 6069 6068
f 6072 6073 6075
f 6075 6073 6074
f 6062 6076 6049
f 6049 6076 6054
f 6058 6067 6059
f 6059 6067 6070
f 6064 6077 6065
f 6065 6077 6045
f 6078 6076 6046
f 6046 6076 6062
f 6073 6080 6079
f 6079 6080 6052
f 6082 6083 6081
f 6081 6083 6084
f 6072 6085 6073
f 6073 6085 6080
f 6086 6051 6080
f 6080 6051 6052
f 6079 6052 6053
f 6053 6052 6050
f 6043 6087 6044
f 6044 6087 6088
f 6061 6089 6043
f 6043 6089 6087
f 6053 6056 6079
f 6079 6056 6090
f 6063 6072 6060
f 6060 6072 6075
f 6043 6046 6061
f 6061 6046 6062
f 6047 6091 6048
f 6048 6091 6092
f 6077 6078 6045
f 6045 6078 6046
f 6049 6054 6050
f 6050 6054 6053
f 6044 6088 6093
f 6093 6088 6094
f 6086 6082 6095
f 6095 6082 6081
f 6083 6082 6066
f 6066 6082 6085
f 6093 6094 6083
f 6083 6094 6084
f 6072 6063 6085
f 6085 6063 6066
f 6051 6086 6096
f 6096 6086 6095
f 6048 6092 6061
f 6061 6092 6089
f 5656 5655 6090
f 6090 5655 6074
f 6091 6047 6096
f 6096 6047 6051
f 6071 6055 6076
f 6076 6055 6054
f 6082 6086 6085
f 6085 6086 6080
f 6093 6083 6065
f 6065 6083 6066
f 6044 6093 6045
f 6045 6093 6065
f 6096 6095 6098
f 6098 6095 6097
f 6096 6098 6091
f 6091 6098 6099
f 6091 6099 6092
f 6092 6099 6100
f 6092 6100 6089
f 6089 6100 6101
f 6095 6081 6097
f 6097 6081 6102
f 6081 6084 6102
f 6102 6084 6103
f 6103 6084 6104
f 6104 6084 6094
f 6106 6097 6105
f 6105 6097 6102
f 6107 6108 6110
f 6110 6108 6109
f 6111 6112 6108
f 6108 6112 6109
f 6109 6112 6114
f 6114 6112 6113
f 6114 6115 6117
f 6117 6115 6116
f 6113 6118 6114
f 6114 6118 6115
f 6117 6110 6114
f 6114 6110 6109
f 6110 6119 6107
f 6107 6119 6120
f 6112 6111 6113
f 6113 6111 6121
f 6111 6099 6121
f 6121 6099 6098
f 6111 6122 6099
f 6099 6122 6100
f 6123 6122 6108
f 6108 6122 6111
f 6124 6123 6107
f 6107 6123 6108
f 6113 6121 6118
f 6118 6121 6106
f 6106 6121 6097
f 6097 6121 6098
f 6125 6124 6120
f 6120 6124 6107
f 6126 6123 6127
f 6127 6123 6124
f 6125 6128 6124
f 6124 6128 6127
f 6129 6126 6130
f 6130 6126 6127
f 6126 6129 6132
f 6132 6129 6131
f 6128 6133 6127
f 6127 6133 6130
f 6123 6126 6122
f 6122 6126 6132
f 6122 6132 6100
f 6100 6132 6101
f 6120 6134 6125
f 6125 6134 6135
f 6120 6119 6134
f 6134 6119 6136
f 6115 6118 6137
f 6137 6118 6106
f 6115 6137 6116
f 6116 6137 6138
f 6137 6106 6139
f 6139 6106 6105
f 6138 6137 6140
f 6140 6137 6139
f 6141 6142 6138
f 6138 6142 6116
f 6136 6142 6134
f 6134 6142 6141
f 6089 6101 6087
f 6087 6101 6143
f 6088 6144 6094
f 6094 6144 6104
f 6143 6144 6087
f 6087 6144 6088
f 6131 6145 6143
f 6143 6145 6144
f 6129 6146 6131
f 6131 6146 6145
f 6144 6145 6104
f 6104 6145 6147
f 6143 6101 6131
f 6131 6101 6132
f 6148 6103 6147
f 6147 6103 6104
f 6103 6148 6102
f 6102 6148 6105
f 6148 6149 6105
f 6105 6149 6139
f 6149 6148 6150
f 6150 6148 6147
f 6151 6149 6152
f 6152 6149 6150
f 6145 6146 6147
f 6147 6146 6150
f 6146 6153 6150
f 6150 6153 6152
f 6149 6151 6139
f 6139 6151 6140
f 6155 6140 6154
f 6154 6140 6151
f 6154 6157 6156
f 6156 6157 6158
f 6154 6151 6157
f 6157 6151 6152
f 6154 6156 6155
f 6155 6156 6135
f 6155 6135 6141
f 6141 6135 6134
f 6141 6138 6155
f 6155 6138 6140
f 6146 6129 6153
f 6153 6129 6130
f 6158 6153 6133
f 6133 6153 6130
f 6158 6157 6153
f 6153 6157 6152
f 6156 6158 6128
f 6128 6158 6133
f 6128 6125 6156
f 6156 6125 6135
f 6110 6117 6119
f 6119 6117 6136
f 6136 6117 6142
f 6142 6117 6116
f 6055 5615 6056
f 6056 5615 5752
f 6060 6059 6063
f 6063 6059 6064
f 6077 6070 6078
f 6078 6070 6069
f 6069 6071 6078
f 6078 6071 6076
f 6159 6057 6075
f 6075 6057 6060
f 6059 6070 6064
f 6064 6070 6077
f 6056 5752 6090
f 6090 5752 5656
f 6090 6074 6079
f 6079 6074 6073
f 6055 6071 5615
f 5615 6071 5653
f 5547 5471 6160
f 6160 5471 6161
f 5729 5577 6163
f 6163 5577 6162
f 5577 5576 6162
f 6162 5576 6164
f 5713 6165 5711
f 5711 6165 6166
f 5474 5729 6167
f 6167 5729 6163
f 5750 5547 6168
f 6168 5547 6160
f 5471 5474 6161
f 6161 5474 6167
f 6169 5712 6168
f 6168 5712 5750
f 5711 6166 5576
f 5576 6166 6164
f 6165 5713 6169
f 6169 5713 5712
f 6168 6170 6169
f 6169 6170 6171
f 6169 6171 6165
f 6165 6171 6172
f 6165 6172 6166
f 6166 6172 6173
f 6166 6173 6164
f 6164 6173 6174
f 6168 6160 6170
f 6170 6160 6175
f 6160 6161 6175
f 6175 6161 6176
f 6161 6167 6176
f 6176 6167 6177
f 6179 6170 6178
f 6178 6170 6175
f 6181 6182 6180
f 6180 6182 6183
f 6184 6185 6181
f 6181 6185 6182
f 6186 6187 6185
f 6185 6187 6182
f 6186 6188 6187
f 6187 6188 6189
f 6190 6183 6187
f 6187 6183 6182
f 6183 6190 6191
f 6191 6190 6192
f 6191 6193 6183
f 6183 6193 6180
f 6186 6185 6194
f 6194 6185 6184
f 6184 6172 6194
f 6194 6172 6171
f 6184 6195 6172
f 6172 6195 6173
f 6181 6196 6184
f 6184 6196 6195
f 6196 6181 6197
f 6197 6181 6180
f 6186 6194 6188
f 6188 6194 6179
f 6179 6194 6170
f 6170 6194 6171
f 6193 6198 6180
f 6180 6198 6197
f 6199 6196 6200
f 6200 6196 6197
f 6198 6201 6197
f 6197 6201 6200
f 6202 6199 6203
f 6203 6199 6200
f 6199 6202 6205
f 6205 6202 6204
f 6201 6206 6200
f 6200 6206 6203
f 6196 6199 6195
f 6195 6199 6205
f 6195 6205 6173
f 6173 6205 6174
f 6198 6193 6208
f 6208 6193 6207
f 6193 6191 6207
f 6207 6191 6192
f 6189 6188 6209
f 6209 6188 6179
f 6210 6189 6211
f 6211 6189 6209
f 6209 6179 6212
f 6212 6179 6178
f 6211 6209 6213
f 6213 6209 6212
f 6211 6214 6210
f 6210 6214 6215
f 6192 6215 6207
f 6207 6215 6214
f 6190 6187 6210
f 6210 6187 6189
f 6192 6190 6215
f 6215 6190 6210
f 6162 6164 6216
f 6216 6164 6174
f 6167 6163 6177
f 6177 6163 6217
f 6216 6217 6162
f 6162 6217 6163
f 6204 6218 6216
f 6216 6218 6217
f 6202 6219 6204
f 6204 6219 6218
f 6217 6218 6177
f 6177 6218 6220
f 6216 6174 6204
f 6204 6174 6205
f 6221 6176 6220
f 6220 6176 6177
f 6176 6221 6175
f 6175 6221 6178
f 6221 6222 6178
f 6178 6222 6212
f 6222 6221 6223
f 6223 6221 6220
f 6224 6222 6225
f 6225 6222 6223
f 6218 6219 6220
f 6220 6219 6223
f 6219 6226 6223
f 6223 6226 6225
f 6222 6224 6212
f 6212 6224 6213
f 6228 6213 6227
f 6227 6213 6224
f 6229 6227 6231
f 6231 6227 6230
f 6227 6224 6230
f 6230 6224 6225
f 6227 6229 6228
f 6228 6229 6208
f 6228 6208 6214
f 6214 6208 6207
f 6214 6211 6228
f 6228 6211 6213
f 6219 6202 6226
f 6226 6202 6203
f 6231 6226 6206
f 6206 6226 6203
f 6231 6230 6226
f 6226 6230 6225
f 6229 6231 6201
f 6201 6231 6206
f 6201 6198 6229
f 6229 6198 6208
f 5674 5672 5661
f 5661 5672 5662
f 5662 5672 5663
f 5663 5672 5646
f 5651 6042 5652
f 5652 6042 5973
f 5518 5517 5751
f 5751 5517 5733
f 5738 5660 5753
f 5753 5660 5637
f 5752 5636 5656
f 5656 5636 5526
f 5952 6042 5593
f 5593 6042 5651
f 5593 5651 5594
f 5594 5651 5650
f 5600 5737 5514
f 5514 5737 5515
f 5546 5545 5740
f 5740 5545 6232
f 6232 6058 5740
f 5740 6058 6057
f 6067 6058 6233
f 6233 6058 6232
f 6233 6232 6234
f 6234 6232 5545
f 6234 5545 6235
f 6235 5545 5544
f 5606 6236 5543
f 5543 6236 5544
f 6235 5544 5539
f 5539 5544 6236
f 6237 6235 5542
f 5542 6235 5539
f 6235 6237 6234
f 6234 6237 6238
f 6234 6238 6233
f 6233 6238 6239
f 5653 6068 5650
f 5650 6068 6239
f 5642 5513 6240
f 6240 5513 5516
f 5539 6236 5540
f 5540 6236 5606
f 5636 5614 5637
f 5637 5614 5753
f 6239 5737 5650
f 5650 5737 5594
f 6239 6068 6233
f 6233 6068 6067
f 6075 6074 6159
f 6159 6074 5655
f 6057 6159 5740
f 5740 6159 5655
f 5515 5737 6238
f 6238 5737 6239
f 6238 6237 5515
f 5515 6237 5516
f 5542 6240 6237
f 6237 6240 5516
f 6240 5542 5642
f 5642 5542 5541
f 5702 5699 5541
f 5541 5699 5642
f 5582 5475 5717
f 5470 5443 5537
f 5537 5443 5504
f 5469 5444 5470
f 5470 5444 5443
f 5726 5557 5727
f 5727 5557 5556
f 5537 5504 5511
f 5511 5504 5506
f 5504 5503 5506
f 5506 5503 5507
f 5503 5455 5507
f 5507 5455 5581
f 5455 5454 5581
f 5581 5454 5456
f 5473 5453 5474
f 5474 5453 5729
f 5457 5454 5473
f 5473 5454 5453
f 5473 5472 5457
f 5457 5472 5686
f 5472 5548 5686
f 5686 5548 5687
f 5749 5693 5548
f 5548 5693 5687
f 5715 5532 5749
f 5749 5532 5693
f 5714 5486 5715
f 5715 5486 5532
f 5714 5710 5486
f 5486 5710 5449
f 5728 5578 5729
f 5729 5578 5577
f 5452 5445 5698
f 5698 5445 5558
f 5445 5444 5558
f 5558 5444 5556
f 5444 5469 5556
f 5556 5469 5727
f 5469 5468 5727
f 5727 5468 5555
f 5468 5747 5555
f 5555 5747 5552
f 5747 5700 5552
f 5552 5700 5716
f 5700 5699 5716
f 5716 5699 5717
f 5699 5702 5717
f 5717 5702 5582
f 5702 5701 5582
f 5582 5701 5583
f 5726 5479 5557
f 5557 5479 5483
f 5483 5479 5484
f 5484 5479 5482
f 5534 5533 5482
f 5482 5533 5484
f 5691 5688 5534
f 5534 5688 5533
f 5644 5647 5691
f 5691 5647 5688
f 5719 5746 5701
f 5701 5746 5583
f 5718 5497 5719
f 5719 5497 5746
f 5718 5605 5654
f 5654 5605 5638
f 5498 5654 5657
f 5657 5654 5633
f 5497 5718 5498
f 5498 5718 5654
f 5657 5527 5498
f 5498 5527 5494
f 5528 5570 5495
f 5495 5570 5521
f 5665 5668 5528
f 5528 5668 5570
f 5664 5671 5665
f 5665 5671 5668
f 5645 5741 5664
f 5664 5741 5671
f 5644 5696 5645
f 5645 5696 5741
f 5710 5575 5449
f 5449 5575 5450
f 5575 5578 5450
f 5450 5578 5698
f 5578 5728 5698
f 5698 5728 5452
f 5452 5728 5451
f 5451 5728 5453
f 3619 6241 3620
f 3620 6241 6242
f 6243 6244 3628
f 3628 6244 3629
f 6245 6246 3634
f 3634 6246 3631
f 6247 6248 3636
f 3636 6248 3637
f 6249 6250 3642
f 3642 6250 3639
f 3639 6250 3643
f 3643 6250 6251
f 3743 6252 3744
f 3744 6252 6253
f 6246 6243 3631
f 3631 6243 3628
f 3753 6254 3754
f 3754 6254 6255
f 3857 6256 3619
f 3619 6256 6241
f 6257 6245 3932
f 3932 6245 3634
f 6242 6247 3620
f 3620 6247 3636
f 6258 6259 3946
f 3946 6259 3947
f 6260 6249 3948
f 3948 6249 3642
f 6244 6258 3629
f 3629 6258 3946
f 3947 6259 3753
f 3753 6259 6254
f 6248 6260 3637
f 3637 6260 3948
f 3643 6251 3743
f 3743 6251 6252
f 3744 6253 3932
f 3932 6253 6257
f 6250 6249 6251
f 6251 6249 6252
f 6245 6261 6246
f 6246 6261 6262
f 6263 6264 6247
f 6247 6264 6248
f 6252 6265 6253
f 6253 6265 6266
f 6246 6262 6243
f 6243 6262 6267
f 6268 6261 6257
f 6257 6261 6245
f 6269 6263 6242
f 6242 6263 6247
f 6270 6271 6260
f 6260 6271 6249
f 6264 6270 6248
f 6248 6270 6260
f 6253 6266 6257
f 6257 6266 6268
f 6249 6271 6252
f 6252 6271 6265
f 6254 6259 6272
f 6272 6259 6273
f 6266 6265 6270
f 6270 6265 6271
f 6268 6266 6264
f 6264 6266 6270
f 6261 6268 6263
f 6263 6268 6264
f 6269 6262 6263
f 6263 6262 6261
f 4186 4185 6274
f 6274 4185 6275
f 6241 6276 6242
f 6242 6276 6269
f 6258 6244 6277
f 6277 6244 6278
f 6256 6279 6241
f 6241 6279 6276
f 6259 6258 6273
f 6273 6258 6277
f 6243 6267 6244
f 6244 6267 6278
f 6276 6267 6269
f 6269 6267 6262
f 6254 6272 6255
f 6255 6272 6280
f 3865 3713 3888
f 3888 3713 3685
f 5242 5233 3892
f 3892 5233 3711
f 3900 5243 3892
f 3892 5243 5242
f 3734 3866 3900
f 3900 3866 5243
f 4117 6281 4118
f 4118 6281 6282
f 4118 6282 4278
f 4278 6282 4879
f 4717 4887 4718
f 4718 4887 4280
f 4792 4278 4882
f 4882 4278 4879
f 4795 4792 6283
f 6283 4792 4882
f 4852 4851 5012
f 5012 4851 6284
f 4856 5207 4857
f 4857 5207 4858
f 4860 4279 4857
f 4857 4279 4854
f 4718 4280 4860
f 4860 4280 4279
f 4864 4863 4745
f 4745 4863 4742
f 5366 4867 5011
f 5011 4867 4866
f 4871 4884 4872
f 4872 4884 4883
f 4872 4883 4117
f 4117 4883 6281
f 6284 4851 6283
f 6283 4851 4795
f 4852 4866 4853
f 4853 4866 4865
f 4871 4870 4856
f 4856 4870 5207
f 4717 4716 4864
f 4864 4716 4861
f 4868 4867 4862
f 4862 4867 4863
f 4268 4855 4269
f 4269 4855 4854
f 4281 4274 4282
f 4282 4274 4765
f 4744 4743 4907
f 4907 4743 4904
f 4874 4881 4820
f 4820 4881 4880
f 4885 5013 4886
f 4886 5013 4980
f 4888 4275 4281
f 4281 4275 4274
f 4902 6282 4903
f 4903 6282 6281
f 6283 4979 6284
f 6284 4979 4978
f 4282 4765 4269
f 4269 4765 4266
f 4880 4879 4902
f 4902 4879 6282
f 4903 6281 4886
f 4886 6281 4883
f 4882 4881 6283
f 6283 4881 4979
f 5013 4885 4267
f 4267 4885 4268
f 4888 4887 4744
f 4744 4887 4745
f 4410 6285 4411
f 4411 6285 4812
f 4750 4749 6286
f 6286 4749 6287
f 6289 4695 6288
f 6288 4695 4255
f 4750 4675 4751
f 4751 4675 4965
f 6290 6291 4963
f 4963 6291 4960
f 4807 4806 4411
f 4411 4806 4408
f 6292 6293 4959
f 4959 6293 4956
f 4958 6294 4959
f 4959 6294 4955
f 4962 4964 4963
f 4963 4964 4805
f 4962 4961 4751
f 4751 4961 4748
f 6296 6297 6295
f 6295 6297 6298
f 6299 6300 6288
f 6288 6300 4735
f 6302 4961 6301
f 6301 4961 4960
f 6304 6287 6303
f 6303 6287 4749
f 4968 6305 4969
f 4969 6305 6306
f 4413 6308 6307
f 6307 6308 4900
f 6301 4960 6309
f 6309 4960 6291
f 4412 4408 6310
f 6310 4408 4806
f 4696 6311 4256
f 4256 6311 6312
f 6303 4749 6313
f 6313 4749 4748
f 6313 4748 6302
f 6302 4748 4961
f 6315 6316 6314
f 6314 6316 6317
f 4084 6318 6315
f 6315 6318 6316
f 4083 6319 4084
f 4084 6319 6318
f 4112 6320 4083
f 4083 6320 6319
f 6322 4138 6321
f 6321 4138 4137
f 6324 4128 6323
f 6323 4128 4127
f 4127 4193 6323
f 6323 4193 6325
f 4193 4891 6325
f 6325 4891 6326
f 4891 6327 6326
f 6326 6327 6328
f 6327 4824 5227
f 5227 4824 5228
f 5231 4684 6329
f 6329 4684 4683
f 4683 4099 6329
f 6329 4099 6330
f 4099 4102 6330
f 6330 4102 6331
f 4174 4826 4429
f 4429 4826 4829
f 4173 4741 4174
f 4174 4741 4826
f 4180 4738 4173
f 4173 4738 4741
f 6332 6333 4180
f 4180 6333 4738
f 6274 6334 4186
f 4186 6334 4188
f 4181 4825 4180
f 4180 4825 6332
f 5044 5213 5045
f 5045 5213 5165
f 5046 5087 5047
f 5047 5087 5222
f 5077 5063 5078
f 5078 5063 5198
f 5081 5099 5082
f 5082 5099 5194
f 5095 5074 5096
f 5096 5074 5073
f 5373 5170 5096
f 5096 5170 5093
f 5375 5171 5373
f 5373 5171 5170
f 5047 5222 5375
f 5375 5222 5171
f 5046 5038 5376
f 5376 5038 5067
f 5377 5086 5376
f 5376 5086 5085
f 5045 5165 5377
f 5377 5165 5086
f 5378 5214 5044
f 5044 5214 5213
f 5077 5034 5378
f 5378 5034 5214
f 5082 5194 5078
f 5078 5194 5035
f 5081 5080 5379
f 5379 5080 6335
f 5379 6335 5095
f 5095 6335 5074
f 5032 5080 5033
f 5033 5080 5079
f 5040 5017 5041
f 5041 5017 5016
f 5050 5043 5051
f 5051 5043 5042
f 5065 5023 5066
f 5066 5023 5022
f 5050 5049 5065
f 5065 5049 5023
f 5041 5016 5068
f 5068 5016 5020
f 5071 5374 5072
f 5072 5374 5200
f 5075 5156 5076
f 5076 5156 5155
f 5162 5212 5068
f 5068 5212 5067
f 5075 5074 5192
f 5192 5074 6335
f 5066 5022 5199
f 5199 5022 5196
f 5076 5155 5072
f 5072 5155 5069
f 5040 5039 5071
f 5071 5039 5374
f 5162 5161 5051
f 5051 5161 5048
f 5192 6335 5032
f 5032 6335 5080
f 5199 5196 5033
f 5033 5196 5030
f 5018 5211 5019
f 5019 5211 5408
f 5019 5408 5021
f 5021 5408 5163
f 5024 5057 5025
f 5025 5057 5415
f 5028 5048 5029
f 5029 5048 5161
f 5054 5031 5055
f 5055 5031 5030
f 5024 5023 5058
f 5058 5023 5049
f 5061 5070 5062
f 5062 5070 5069
f 5157 5438 5158
f 5158 5438 5442
f 5160 5191 5054
f 5054 5191 5031
f 5029 5161 5021
f 5021 5161 5020
f 5025 5415 5197
f 5197 5415 5220
f 5158 5442 5062
f 5062 5442 5059
f 5018 5017 5061
f 5061 5017 5070
f 5160 5159 5157
f 5157 5159 5438
f 5028 5027 5058
f 5058 5027 5056
f 5055 5030 5197
f 5197 5030 5196
f 5409 5380 5410
f 5410 5380 6336
f 5026 5413 5027
f 5027 5413 5412
f 5396 5417 5393
f 5393 5417 5416
f 5416 5057 5419
f 5419 5057 5056
f 5417 5396 5426
f 5426 5396 5420
f 5427 5423 5428
f 5428 5423 5422
f 5427 5059 5430
f 5430 5059 5442
f 5409 5408 5433
f 5433 5408 5211
f 5433 5211 5428
f 5428 5211 5060
f 5412 5411 5419
f 5419 5411 5418
f 5436 5053 5437
f 5437 5053 5052
f 5439 5402 5440
f 5440 5402 5401
f 5436 5435 5439
f 5439 5435 5402
f 5410 6336 5413
f 5413 6336 5414
f 5440 5401 5430
f 5430 5401 5429
f 5426 5420 5437
f 5437 5420 5434
f 5382 5432 5383
f 5383 5432 5384
f 5386 6336 5383
f 5383 6336 5380
f 6336 5386 5414
f 5414 5386 5388
f 5391 5418 5392
f 5392 5418 5411
f 5705 5395 5704
f 5704 5395 5394
f 5399 5435 5400
f 5400 5435 5434
f 5403 5441 5404
f 5404 5441 5405
f 5407 5429 5404
f 5404 5429 5401
f 5395 5705 5421
f 5421 5705 5748
f 5424 5706 5425
f 5425 5706 5431
f 5391 5390 5394
f 5394 5390 5704
f 5392 5388 5389
f 5389 5388 5387
f 5382 5381 5425
f 5425 5381 5422
f 5407 5406 5424
f 5424 5406 5706
f 5403 5402 5399
f 5399 5402 5435
f 5421 5748 5400
f 5400 5748 5397
f 4097 4721 4098
f 4098 4721 4231
f 4233 5273 4098
f 4098 5273 4095
f 6337 6338 4785
f 4785 6338 4786
f 4076 4780 4073
f 4073 4780 4781
f 4782 4190 4781
f 4781 4190 4073
f 4783 4901 4782
f 4782 4901 4190
f 4780 4076 4097
f 4097 4076 4721
f 6337 2879 4701
f 4701 2879 2878
f 5280 6339 5272
f 5272 6339 6340
f 5282 5281 6341
f 6341 5281 6342
f 4109 6302 4110
f 4110 6302 6301
f 4283 6304 4284
f 4284 6304 6303
f 6305 4379 6306
f 6306 4379 4378
f 4110 6301 4428
f 4428 6301 6309
f 6310 4688 4412
f 4412 4688 4687
f 4284 6303 4753
f 4753 6303 6313
f 4753 6313 4109
f 4109 6313 6302
f 6343 5226 4428
f 4428 5226 4427
f 4147 4900 4416
f 4416 4900 6308
f 6312 6311 4241
f 4241 6311 4720
f 5223 6344 4702
f 4702 6344 4699
f 4221 4220 6345
f 6345 4220 6346
f 5276 5275 6347
f 6347 5275 6348
f 5275 4728 6348
f 6348 4728 6349
f 4727 6350 5284
f 5284 6350 5285
f 6351 6352 6354
f 6354 6352 6353
f 5313 5312 5292
f 5292 5312 5293
f 5312 5344 5293
f 5293 5344 5337
f 5344 4914 5337
f 5337 4914 4916
f 4914 4913 4916
f 4916 4913 4917
f 4913 6355 4917
f 4917 6355 4978
f 6356 6357 6284
f 6284 6357 5012
f 6357 6358 5012
f 5012 6358 5011
f 5011 6358 5366
f 5366 6358 6359
f 6360 4742 6359
f 6359 4742 5366
f 4743 6361 4904
f 4904 6361 5364
f 5363 4905 5364
f 5364 4905 4904
f 5363 6362 4905
f 4905 6362 4207
f 6362 6363 4207
f 4207 6363 4208
f 6363 5342 4208
f 4208 5342 5330
f 5342 5341 5330
f 5330 5341 4244
f 5341 6364 4244
f 4244 6364 4245
f 6364 6365 4245
f 4245 6365 4246
f 6366 6367 4253
f 4253 6367 4250
f 4214 6368 4211
f 4211 6368 4380
f 4380 4379 4211
f 4211 4379 4283
f 4379 6305 4283
f 4283 6305 6304
f 6305 4968 6304
f 6304 4968 6287
f 4968 4967 6287
f 6287 4967 6286
f 4967 6297 6286
f 6286 6297 4676
f 6296 4376 4288
f 4288 4376 4285
f 4376 4373 4285
f 4285 4373 4290
f 6369 6370 6372
f 6372 6370 6371
f 5245 6373 5246
f 5246 6373 6374
f 4317 6375 4318
f 4318 6375 6376
f 4331 6377 4332
f 4332 6377 6378
f 6379 4333 6376
f 6376 4333 4318
f 4343 6380 4344
f 4344 6380 6381
f 4347 6382 4348
f 4348 6382 6383
f 4374 6371 4331
f 4331 6371 6377
f 4333 6379 4426
f 4426 6379 6384
f 4690 6385 4347
f 4347 6385 6382
f 4332 6378 4317
f 4317 6378 6375
f 4922 6386 4923
f 4923 6386 6387
f 6388 6389 4375
f 4375 6389 6390
f 6355 6356 4978
f 4978 6356 6284
f 4742 6360 4743
f 4743 6360 6361
f 6391 4238 6392
f 6392 4238 4719
f 6392 4719 6393
f 6393 4719 5296
f 6395 6396 6394
f 6394 6396 6397
f 6399 6400 6398
f 6398 6400 6401
f 6402 5302 6403
f 6403 5302 5303
f 5303 5321 6403
f 6403 5321 6404
f 5320 6405 5321
f 5321 6405 6404
f 5319 6406 5350
f 5350 6406 5351
f 5319 5318 6406
f 6406 5318 6407
f 5288 4197 6408
f 6408 4197 6409
f 4217 4216 6410
f 6410 4216 6411
f 5227 6412 6327
f 6327 6412 6328
f 4892 6413 5227
f 5227 6413 6412
f 4228 6414 4892
f 4892 6414 6413
f 4227 6415 4228
f 4228 6415 6414
f 4248 6416 4227
f 4227 6416 6415
f 4247 6417 4248
f 4248 6417 6416
f 6417 4247 6419
f 6419 4247 6418
f 6419 6418 6421
f 6421 6418 6420
f 6422 5301 6423
f 6423 5301 5300
f 6423 5300 6424
f 6424 5300 6399
f 6408 6409 6398
f 6398 6409 6425
f 6426 6427 6397
f 6397 6427 6394
f 6428 4224 6429
f 6429 4224 4223
f 6347 6346 5276
f 5276 6346 4220
f 6346 6347 6341
f 6341 6347 6339
f 5280 5278 5282
f 5282 5278 4236
f 4896 5224 4684
f 4684 5224 4681
f 4132 4135 4896
f 4896 4135 5224
f 4131 4136 4132
f 4132 4136 4135
f 4226 4754 4131
f 4131 4754 4136
f 4251 4213 4226
f 4226 4213 4754
f 4250 4214 4251
f 4251 4214 4213
f 4250 6367 4214
f 4214 6367 6368
f 6367 4910 6368
f 6368 4910 4737
f 4909 5297 4736
f 4736 5297 5296
f 5297 6395 5296
f 5296 6395 6393
f 6427 6430 6394
f 6394 6430 6431
f 6429 4383 6428
f 6428 4383 4382
f 4219 5277 4220
f 4220 5277 5276
f 4222 4697 4383
f 4383 4697 4218
f 6345 4699 4221
f 4221 4699 6344
f 6342 4700 6345
f 6345 4700 4699
f 4235 4786 5281
f 5281 4786 6338
f 4234 4787 4235
f 4235 4787 4786
f 5279 5278 6432
f 6432 5278 5271
f 4237 5279 6433
f 6433 5279 6432
f 4787 4234 6433
f 6433 4234 4237
f 6435 6436 6434
f 6434 6436 6437
f 6359 6438 6360
f 6360 6438 6437
f 6439 6440 6441
f 6441 6440 6438
f 6443 6439 6442
f 6442 6439 6441
f 6357 6356 6442
f 6442 6356 6444
f 6444 6446 6445
f 6445 6446 6447
f 4912 6446 4913
f 4913 6446 6355
f 6361 6436 5364
f 5364 6436 5365
f 5319 5350 5316
f 5316 5350 6448
f 4832 6449 5350
f 5350 6449 6448
f 4831 6450 4832
f 4832 6450 6449
f 5354 6451 5320
f 5320 6451 6405
f 4265 6452 5354
f 5354 6452 6451
f 4264 6453 4265
f 4265 6453 6452
f 6450 4831 6447
f 6447 4831 6445
f 4263 6435 4264
f 4264 6435 6434
f 6454 6453 6439
f 6439 6453 6440
f 6439 6443 6454
f 6454 6443 4834
f 4833 6455 4834
f 4834 6455 6454
f 5351 6456 4833
f 4833 6456 6455
f 6457 6391 6458
f 6458 6391 6392
f 6458 6392 6431
f 6431 6392 6393
f 5298 6396 5297
f 5297 6396 6395
f 6402 6400 5302
f 5302 6400 5299
f 6402 6403 6459
f 6459 6403 6460
f 6460 6403 6461
f 6461 6403 6404
f 6405 6462 6404
f 6404 6462 6461
f 6406 6462 5351
f 5351 6462 6456
f 6406 6407 6462
f 6462 6407 6461
f 6407 6463 6461
f 6461 6463 6460
f 6463 6464 6460
f 6460 6464 6459
f 6464 6465 6459
f 6459 6465 6401
f 6430 6466 6431
f 6431 6466 6458
f 6466 6410 6458
f 6458 6410 6457
f 6410 6411 6457
f 6457 6411 6467
f 6396 6424 6397
f 6397 6424 6425
f 6393 6395 6431
f 6431 6395 6394
f 6451 6456 6405
f 6405 6456 6462
f 6452 6455 6451
f 6451 6455 6456
f 6453 6454 6452
f 6452 6454 6455
f 6443 6445 4834
f 4834 6445 4831
f 6440 6453 6434
f 6434 6453 4264
f 6468 5306 5360
f 5360 5306 5305
f 6469 4124 6468
f 6468 4124 5306
f 6470 4125 6469
f 6469 4125 4124
f 6471 5291 6470
f 6470 5291 4125
f 6353 5292 6471
f 6471 5292 5291
f 5292 6353 5313
f 5313 6353 6352
f 5347 5314 6352
f 6352 5314 5313
f 5353 5318 5346
f 5346 5318 5317
f 5334 6468 5358
f 5358 6468 5360
f 5324 6469 5334
f 5334 6469 6468
f 5323 6470 5324
f 5324 6470 6469
f 5343 6471 5323
f 5323 6471 6470
f 6354 6353 5343
f 5343 6353 6471
f 6348 6349 4270
f 4270 6349 5311
f 5272 6340 5273
f 5273 6340 4272
f 6432 5271 4232
f 4232 5271 4233
f 4294 6432 4295
f 4295 6432 4232
f 6432 4294 6433
f 6433 4294 4301
f 4301 4300 6433
f 6433 4300 4787
f 4704 4784 4300
f 4300 4784 4787
f 4704 3013 4784
f 4784 3013 1307
f 5103 6472 5104
f 5104 6472 5202
f 5108 5116 5105
f 5105 5116 5115
f 5111 5124 5112
f 5112 5124 5123
f 5154 5205 5105
f 5105 5205 5106
f 5167 5180 5168
f 5168 5180 5185
f 5175 5188 5176
f 5176 5188 5187
f 5112 5123 5178
f 5178 5123 5120
f 5167 5090 5183
f 5183 5090 5089
f 5210 5151 5183
f 5183 5151 5181
f 5216 5138 5217
f 5217 5138 5137
f 5218 5119 5219
f 5219 5119 5221
f 5218 5178 5119
f 5119 5178 5120
f 5217 5137 5104
f 5104 5137 5101
f 5116 5108 5221
f 5221 5108 5219
f 5111 5110 5210
f 5210 5110 5151
f 5154 5153 5103
f 5103 5153 6472
f 5216 5215 5176
f 5176 5215 5173
f 5175 5174 5168
f 5168 5174 5166
f 5091 5172 5092
f 5092 5172 5208
f 5117 5037 5118
f 5118 5037 5036
f 5121 5164 5122
f 5122 5164 5133
f 5125 5084 5126
f 5126 5084 5083
f 5129 5174 5130
f 5130 5174 5173
f 5131 5202 5132
f 5132 5202 6472
f 5135 5221 5122
f 5122 5221 5119
f 5125 5124 5136
f 5136 5124 5209
f 5126 5083 5121
f 5121 5083 5164
f 5118 5036 5195
f 5195 5036 5193
f 5131 5097 5203
f 5203 5097 5114
f 5132 6472 5195
f 5195 6472 5153
f 5136 5209 5092
f 5092 5209 5089
f 5135 5134 5117
f 5117 5134 5037
f 5362 5206 5130
f 5130 5206 5127
f 5372 5371 5128
f 5128 5371 5129
f 5371 5372 5091
f 5091 5372 5172
f 5362 5215 5203
f 5203 5215 5201
f 6463 6407 5353
f 5353 6407 5318
f 6464 6463 5352
f 5352 6463 5353
f 6408 6465 5288
f 5288 6465 5289
f 4196 4224 6426
f 6426 4224 6427
f 6430 6427 6428
f 6428 6427 4224
f 6466 6430 4382
f 4382 6430 6428
f 6410 6466 4217
f 4217 6466 4382
f 4240 4239 3015
f 3015 4239 3016
f 4254 4257 3017
f 3017 4257 3018
f 6473 6474 4732
f 4732 6474 6475
f 6474 6374 6475
f 6475 6374 6373
f 5246 6374 3022
f 3022 6374 3023
f 4254 6299 4255
f 4255 6299 6288
f 6473 6300 3024
f 3024 6300 3025
f 6476 4257 6312
f 6312 4257 4256
f 4240 6476 4241
f 4241 6476 6312
f 6477 4239 6391
f 6391 4239 4238
f 6467 6477 6457
f 6457 6477 6391
f 6411 3029 6467
f 6467 3029 3028
f 4216 3030 6411
f 6411 3030 3029
f 6479 6480 6478
f 6478 6480 6481
f 6483 6484 6482
f 6482 6484 6485
f 6486 6487 4102
f 4102 6487 6331
f 6483 6488 6478
f 6478 6488 6489
f 4429 4829 6490
f 6490 4829 6479
f 6491 6486 4101
f 4101 6486 4102
f 4895 6491 4899
f 4899 6491 4101
f 4160 6488 4157
f 4157 6488 6492
f 6489 4087 6490
f 6490 4087 4090
f 4267 4261 5013
f 5013 4261 4260
f 4258 4261 5328
f 5328 4261 4975
f 4261 4267 4975
f 4975 4267 4266
f 5367 3793 3912
f 3912 3793 3575
f 6494 3616 6493
f 6493 3616 3795
f 6496 3589 6495
f 6495 3589 3588
f 6495 3588 5368
f 5368 3588 3794
f 3841 3840 3050
f 3050 3840 3051
f 3912 3911 3052
f 3052 3911 3053
f 3929 3930 3054
f 3054 3930 3055
f 5370 3930 3916
f 3916 3930 3923
f 3938 5369 3807
f 3807 5369 3915
f 3589 6496 3806
f 3806 6496 3937
f 3938 3937 3056
f 3056 3937 3057
f 3051 3840 3058
f 3058 3840 3943
f 3730 4808 3727
f 3727 4808 3943
f 3820 3951 3795
f 3795 3951 6493
f 3951 3841 3059
f 3059 3841 3050
f 3911 3574 6494
f 6494 3574 3616
f 3823 3929 3824
f 3824 3929 3952
f 4061 4060 3060
f 3060 4060 3061
f 6497 6498 4901
f 4901 6498 4790
f 6333 6499 4738
f 4738 6499 4739
f 6500 6501 6314
f 6314 6501 4418
f 6502 6275 4417
f 4417 6275 4185
f 6503 6497 4783
f 4783 6497 4901
f 6498 4060 4790
f 4790 4060 4059
f 4808 4061 3069
f 3069 4061 3060
f 5367 3071 5368
f 5368 3071 3070
f 5369 3073 5370
f 5370 3073 3072
f 6274 6275 3074
f 3074 6275 3075
f 6499 6504 4739
f 4739 6504 6317
f 6333 6332 3077
f 3077 6332 3078
f 6334 6274 3079
f 3079 6274 3074
f 6332 4825 3078
f 3078 4825 3080
f 6334 6503 4188
f 4188 6503 4783
f 4825 4689 3080
f 3080 4689 1330
f 6506 4747 6505
f 6505 4747 4746
f 6505 6507 6506
f 6506 6507 6508
f 4297 6509 4920
f 4920 6509 6510
f 4296 6511 4297
f 4297 6511 6509
f 6506 6508 4319
f 4319 6508 6512
f 4372 4371 6514
f 6514 4371 6513
f 6511 4296 5251
f 5251 4296 4305
f 5251 5250 6511
f 6511 5250 6515
f 6516 6509 6515
f 6515 6509 6511
f 6517 6507 6519
f 6519 6507 6518
f 6512 6520 6513
f 6513 6520 6514
f 6507 6517 6508
f 6508 6517 6521
f 5249 6523 6522
f 6522 6523 6524
f 6525 6370 5253
f 5253 6370 6526
f 4370 4323 4371
f 4371 4323 4326
f 4370 3103 4323
f 4323 3103 1541
f 6521 6517 6527
f 6527 6517 6519
f 6520 6528 6514
f 6514 6528 6529
f 6531 6532 6530
f 6530 6532 6533
f 5250 6534 6515
f 6515 6534 6535
f 6530 6533 6536
f 6536 6533 6537
f 6526 6538 6534
f 6534 6538 6537
f 6515 6535 6516
f 6516 6535 6539
f 4325 4321 4326
f 4326 4321 4320
f 4371 4326 6513
f 6513 4326 4320
f 6531 4731 6541
f 6541 4731 6540
f 4731 4730 6540
f 6540 4730 6542
f 4730 3121 6542
f 6542 3121 3120
f 6530 4328 6531
f 6531 4328 4731
f 4328 6530 4329
f 4329 6530 6536
f 4329 6536 6524
f 6524 6536 6543
f 6544 6545 6522
f 6522 6545 5248
f 6389 6388 5245
f 5245 6388 6373
f 6388 6546 6373
f 6373 6546 6475
f 4733 6546 6295
f 6295 6546 4377
f 4732 6475 4733
f 4733 6475 6546
f 4393 4432 4394
f 4394 4432 4435
f 4434 4672 4842
f 4842 4672 4671
f 4440 4439 4441
f 4441 4439 4438
f 4436 4450 4437
f 4437 4450 4398
f 4447 4444 4448
f 4448 4444 4392
f 4446 4464 4433
f 4433 4464 6547
f 4454 4423 4455
f 4455 4423 4422
f 4452 4481 4453
f 4453 4481 4480
f 4458 4389 4459
f 4459 4389 4388
f 4456 4471 4457
f 4457 4471 4468
f 4391 4460 4392
f 4392 4460 4448
f 4461 4467 4445
f 4445 4467 4465
f 4437 4398 4629
f 4629 4398 4397
f 4438 4628 4441
f 4441 4628 4631
f 4841 4629 4839
f 4839 4629 4397
f 4628 4842 4631
f 4631 4842 4671
f 4930 4989 4452
f 4452 4989 4481
f 4929 4927 4436
f 4436 4927 4450
f 4933 4387 4934
f 4934 4387 4386
f 4931 4475 4932
f 4932 4475 4474
f 4936 4449 4933
f 4933 4449 4387
f 4935 4472 4456
f 4456 4472 4471
f 4389 4458 4391
f 4391 4458 4460
f 4457 4468 4461
f 4461 4468 4467
f 4934 4386 4454
f 4454 4386 4423
f 4453 4480 4931
f 4931 4480 4475
f 4575 4997 4576
f 4576 4997 4639
f 4579 4596 4580
f 4580 4596 4595
f 4583 4582 4572
f 4572 4582 4569
f 4587 4944 4588
f 4588 4944 4562
f 4588 4562 4590
f 4590 4562 4561
f 4576 4639 4642
f 4642 4639 4638
f 4642 4845 4641
f 4641 4845 4846
f 4845 4590 4846
f 4846 4590 4561
f 4941 4938 4595
f 4595 4938 4580
f 4938 4940 4668
f 4668 4940 4669
f 4583 4942 4584
f 4584 4942 4947
f 4582 4587 4569
f 4569 4587 4586
f 5000 5001 4579
f 4579 5001 4596
f 4558 4560 4585
f 4585 4560 4586
f 4565 4639 4566
f 4566 4639 4997
f 4568 4567 4577
f 4577 4567 4578
f 4570 4554 4571
f 4571 4554 4556
f 4640 4565 4637
f 4637 4565 4546
f 4662 4664 4665
f 4665 4664 4844
f 4662 4558 4589
f 4589 4558 4585
f 4554 4570 4557
f 4557 4570 4560
f 4571 4667 4572
f 4572 4667 4943
f 4551 4670 4552
f 4552 4670 4666
f 4640 4664 4638
f 4638 4664 4663
f 4670 4568 4668
f 4668 4568 4577
f 4999 4996 4566
f 4566 4996 4543
f 4608 4564 4603
f 4603 4564 4563
f 4573 4593 4574
f 4574 4593 4592
f 4597 4614 4598
f 4598 4614 4613
f 4601 4600 4584
f 4584 4600 4581
f 4563 4562 4604
f 4604 4562 4944
f 4643 4593 4641
f 4641 4593 4573
f 4643 4847 4644
f 4644 4847 4848
f 4564 4847 4561
f 4561 4847 4846
f 4945 4941 4598
f 4598 4941 4595
f 4941 4945 4939
f 4939 4945 4946
f 4601 4948 4602
f 4602 4948 4620
f 4600 4604 4581
f 4581 4604 4944
f 5002 5003 4597
f 4597 5003 4614
f 4988 4759 4953
f 4953 4759 4402
f 4706 6548 4707
f 4707 6548 6549
f 4311 4928 4419
f 4419 4928 6550
f 4921 4920 6551
f 6551 4920 6552
f 4925 6553 4926
f 4926 6553 6554
f 4928 4921 4802
f 4802 4921 6551
f 6555 4985 6550
f 6550 4985 4419
f 4952 6556 4953
f 4953 6556 4649
f 4971 6557 4706
f 4706 6557 6548
f 4988 4648 4925
f 4925 4648 6553
f 4707 6549 5006
f 5006 6549 4987
f 4920 6510 6552
f 6552 6510 6518
f 6558 6510 6516
f 6516 6510 6509
f 6559 6558 6539
f 6539 6558 6516
f 6531 6541 6532
f 6532 6541 6560
f 6540 6561 6541
f 6541 6561 6529
f 6542 6562 6540
f 6540 6562 6561
f 6542 3120 6562
f 6562 3120 3142
f 4366 6563 4760
f 4760 6563 4970
f 4815 6564 4816
f 4816 6564 6565
f 3147 3146 6565
f 6565 3146 4816
f 6564 6563 6565
f 6565 6563 6566
f 4837 4385 4357
f 4357 4385 4358
f 6565 6566 3147
f 3147 6566 3149
f 4694 1209 3150
f 5247 5249 5248
f 5248 5249 6522
f 6372 6390 6545
f 6545 6390 6389
f 6375 5254 6376
f 6376 5254 5258
f 6377 6525 6378
f 6378 6525 5255
f 5260 6379 5258
f 5258 6379 6376
f 6380 6567 6381
f 6381 6567 6568
f 6382 6569 6383
f 6383 6569 6570
f 6377 6371 6525
f 6525 6371 6370
f 6379 5260 6384
f 6384 5260 6571
f 6385 6572 6382
f 6382 6572 6569
f 6378 5255 6375
f 6375 5255 5254
f 6386 6573 6387
f 6387 6573 6574
f 6545 6389 5248
f 5248 6389 5245
f 4675 4750 4676
f 4676 4750 6286
f 4734 6289 4735
f 4735 6289 6288
f 4804 6290 4805
f 4805 6290 4963
f 4811 4807 4812
f 4812 4807 4411
f 4954 6292 4955
f 4955 6292 4959
f 4964 4962 4965
f 4965 4962 4751
f 6285 4821 4812
f 4812 4821 4809
f 4675 4287 4965
f 4965 4287 4210
f 6294 4145 4955
f 4955 4145 4154
f 4964 4120 4805
f 4805 4120 4119
f 6298 4966 4734
f 4734 4966 6289
f 6300 6473 4735
f 4735 6473 4732
f 6297 6296 4676
f 4676 6296 4288
f 6523 3160 4330
f 4330 3160 3159
f 5253 5252 6525
f 6525 5252 5255
f 5256 5252 4305
f 4305 5252 5251
f 4304 5257 4305
f 4305 5257 5256
f 4424 5259 4304
f 4304 5259 5257
f 5261 6571 5259
f 5259 6571 5260
f 5262 6573 5261
f 5261 6573 6571
f 5264 6567 5265
f 5265 6567 6574
f 5266 6572 5267
f 5267 6572 6568
f 5268 6570 5269
f 5269 6570 6569
f 1807 3161 5268
f 5268 3161 6570
f 6524 6523 4329
f 4329 6523 4330
f 5253 6526 5250
f 5250 6526 6534
f 6543 6538 6544
f 6544 6538 6369
f 6524 6543 6522
f 6522 6543 6544
f 3071 5367 3052
f 3052 5367 3912
f 6493 3163 6494
f 6494 3163 3162
f 3164 445 3771
f 3771 445 3761
f 461 3165 3919
f 3919 3165 3920
f 330 410 3839
f 3839 410 3910
f 332 331 3552
f 3552 331 3551
f 464 304 3918
f 3918 304 3816
f 385 458 3766
f 3766 458 3894
f 412 415 3762
f 3762 415 3763
f 3166 337 3748
f 3748 337 3745
f 3072 3055 5370
f 5370 3055 3930
f 3073 5369 3056
f 3056 5369 3938
f 3167 3057 6496
f 6496 3057 3937
f 3069 3058 4808
f 4808 3058 3943
f 411 3166 3851
f 3851 3166 3748
f 3059 3163 3951
f 3951 3163 6493
f 336 3164 3772
f 3772 3164 3771
f 3053 3911 3162
f 3162 3911 6494
f 3054 3168 3929
f 3929 3168 3952
f 3165 830 3920
f 3920 830 3945
f 3170 3169 6497
f 6497 3169 6498
f 3171 1354 5005
f 5005 1354 4830
f 3172 3170 6503
f 6503 3170 6497
f 3169 3061 6498
f 6498 3061 4060
f 3173 3171 5006
f 5006 3171 5005
f 3079 3172 6334
f 6334 3172 6503
f 3174 3025 6299
f 6299 3025 6300
f 6576 6577 6575
f 6575 6577 6578
f 4612 4611 6579
f 6579 4611 6580
f 6582 6583 6581
f 6581 6583 6584
f 6584 6585 4618
f 4618 6585 4621
f 6586 6587 6589
f 6589 6587 6588
f 6588 6587 6590
f 6590 6587 6591
f 6592 4606 6590
f 6590 4606 4623
f 6594 6576 6593
f 6593 6576 6575
f 6595 6582 6579
f 6579 6582 6581
f 6580 6597 6596
f 6596 6597 6598
f 6577 6576 6599
f 6599 6576 6600
f 6595 6596 6601
f 6601 6596 6602
f 6583 6582 6603
f 6603 6582 6604
f 6586 6606 6605
f 6605 6606 6607
f 6587 6586 6608
f 6608 6586 6605
f 6587 6608 6591
f 6591 6608 6609
f 6576 6594 6600
f 6600 6594 6610
f 6582 6595 6604
f 6604 6595 6601
f 6599 6611 6577
f 6577 6611 6598
f 6613 6614 6612
f 6612 6614 6615
f 6617 6618 6616
f 6616 6618 6619
f 6621 6622 6620
f 6620 6622 6623
f 6625 6626 6624
f 6624 6626 6627
f 6629 6630 6628
f 6628 6630 6631
f 6633 6634 6632
f 6632 6634 6635
f 6637 6638 6636
f 6636 6638 6639
f 6640 6641 6637
f 6637 6641 6638
f 6643 6633 6642
f 6642 6633 6632
f 6645 6646 6644
f 6644 6646 6647
f 6646 6648 6647
f 6647 6648 6649
f 6651 6652 6650
f 6650 6652 6653
f 6653 6652 6654
f 6654 6652 6655
f 6656 6657 6659
f 6659 6657 6658
f 6661 6662 6660
f 6660 6662 6663
f 6662 6661 6664
f 6664 6661 6665
f 6667 6657 6666
f 6666 6657 6656
f 6669 6670 6668
f 6668 6670 6671
f 6672 6673 6670
f 6670 6673 6671
f 6674 6675 6677
f 6677 6675 6676
f 6675 6678 6676
f 6676 6678 6679
f 6681 6682 6680
f 6680 6682 6683
f 6684 6685 6683
f 6683 6685 6680
f 6687 6688 6686
f 6686 6688 6689
f 6687 6690 6688
f 6688 6690 6691
f 6619 6618 6633
f 6633 6618 6634
f 6632 6635 6693
f 6693 6635 6692
f 6617 6694 6636
f 6636 6694 6637
f 6695 6692 6639
f 6639 6692 6635
f 6637 6694 6640
f 6640 6694 6696
f 6698 6638 6697
f 6697 6638 6641
f 6643 6616 6633
f 6633 6616 6619
f 6642 6699 6641
f 6641 6699 6697
f 6646 6645 6700
f 6700 6645 6621
f 6644 6701 6654
f 6654 6701 6702
f 6700 6703 6646
f 6646 6703 6648
f 6693 6704 6649
f 6649 6704 6647
f 6620 6623 6651
f 6651 6623 6652
f 6693 6649 6699
f 6699 6649 6650
f 6652 6623 6655
f 6655 6623 6622
f 6654 6702 6653
f 6653 6702 6697
f 6615 6614 6657
f 6657 6614 6658
f 6705 6656 6704
f 6704 6656 6659
f 6613 6706 6660
f 6660 6706 6661
f 6704 6659 6701
f 6701 6659 6663
f 6661 6706 6665
f 6665 6706 6707
f 6708 6702 6664
f 6664 6702 6662
f 6612 6615 6667
f 6667 6615 6657
f 6666 6709 6664
f 6664 6709 6708
f 6629 6710 6669
f 6669 6710 6670
f 6668 6711 6679
f 6679 6711 6712
f 6713 6672 6710
f 6710 6672 6670
f 6714 6671 6705
f 6705 6671 6673
f 6628 6631 6674
f 6674 6631 6675
f 6705 6673 6709
f 6709 6673 6677
f 6631 6630 6675
f 6675 6630 6678
f 6712 6708 6679
f 6679 6708 6676
f 6625 6715 6682
f 6682 6715 6683
f 6716 6717 6681
f 6681 6717 6691
f 6718 6684 6715
f 6715 6684 6683
f 6719 6680 6714
f 6714 6680 6685
f 6624 6627 6686
f 6686 6627 6687
f 6689 6711 6685
f 6685 6711 6714
f 6627 6626 6687
f 6687 6626 6690
f 6717 6712 6691
f 6691 6712 6688
f 6612 6707 6613
f 6613 6707 6706
f 6616 6696 6617
f 6617 6696 6694
f 6703 6700 6620
f 6620 6700 6621
f 6715 6625 6718
f 6718 6625 6624
f 6710 6629 6713
f 6713 6629 6628
f 6639 6635 6636
f 6636 6635 6634
f 6641 6640 6642
f 6642 6640 6643
f 6654 6655 6644
f 6644 6655 6645
f 6651 6650 6648
f 6648 6650 6649
f 6659 6658 6663
f 6663 6658 6660
f 6665 6667 6664
f 6664 6667 6666
f 6678 6669 6679
f 6679 6669 6668
f 6673 6672 6677
f 6677 6672 6674
f 6690 6682 6691
f 6691 6682 6681
f 6685 6684 6689
f 6689 6684 6686
f 6636 6634 6617
f 6617 6634 6618
f 6638 6698 6639
f 6639 6698 6695
f 6640 6696 6643
f 6643 6696 6616
f 6693 6699 6632
f 6632 6699 6642
f 6655 6622 6645
f 6645 6622 6621
f 6704 6701 6647
f 6647 6701 6644
f 6651 6648 6620
f 6620 6648 6703
f 6650 6653 6699
f 6699 6653 6697
f 6613 6660 6614
f 6614 6660 6658
f 6663 6662 6701
f 6701 6662 6702
f 6665 6707 6667
f 6667 6707 6612
f 6705 6709 6656
f 6656 6709 6666
f 6630 6629 6678
f 6678 6629 6669
f 6714 6711 6671
f 6671 6711 6668
f 6672 6713 6674
f 6674 6713 6628
f 6677 6676 6709
f 6709 6676 6708
f 6626 6625 6690
f 6690 6625 6682
f 6680 6719 6681
f 6681 6719 6716
f 6684 6718 6686
f 6686 6718 6624
f 6711 6689 6712
f 6689 6688 6712
f 6593 6720 6594
f 6594 6720 6721
f 6722 6720 4607
f 4607 6720 4849
f 6592 6723 6722
f 6722 6723 6724
f 4610 4609 6578
f 6578 4609 6575
f 6596 6595 6580
f 6580 6595 6579
f 4618 4617 6584
f 6584 4617 6581
f 6589 6585 6586
f 6586 6585 6606
f 4622 4619 6588
f 6588 4619 6589
f 4622 6588 4623
f 4623 6588 6590
f 4609 4645 6575
f 6575 4645 6593
f 4617 4612 6581
f 6581 4612 6579
f 5004 4610 6597
f 6597 4610 6578
f 4645 4849 6593
f 6593 4849 6720
f 6724 6721 6722
f 6722 6721 6720
f 6722 4607 6592
f 6592 4607 4606
f 6725 6610 6721
f 6721 6610 6594
f 6723 6726 6724
f 6724 6726 6727
f 6727 6725 6724
f 6724 6725 6721
f 6728 6729 6605
f 6605 6729 6608
f 6605 6607 6728
f 6728 6607 6730
f 6731 6732 6604
f 6604 6732 6603
f 6733 6734 6725
f 6725 6734 6610
f 6735 6733 6727
f 6727 6733 6725
f 6735 6727 6736
f 6736 6727 6726
f 6591 6609 6723
f 6723 6609 6726
f 6723 6592 6591
f 6591 6592 6590
f 6738 6739 6737
f 6737 6739 6740
f 6740 6739 6742
f 6742 6739 6741
f 6743 6744 6741
f 6741 6744 6742
f 6745 6746 6743
f 6743 6746 6744
f 6747 6748 6745
f 6745 6748 6746
f 6749 6750 6747
f 6747 6750 6748
f 6752 6738 6751
f 6751 6738 6737
f 6754 6752 6753
f 6753 6752 6751
f 6756 6754 6755
f 6755 6754 6753
f 6758 6750 6757
f 6757 6750 6749
f 6760 6756 6759
f 6759 6756 6755
f 6762 6760 6761
f 6761 6760 6759
f 6764 6762 6763
f 6763 6762 6761
f 6757 6764 6758
f 6758 6764 6763
f 6766 6741 6765
f 6765 6741 6739
f 6767 6743 6766
f 6766 6743 6741
f 6768 6745 6767
f 6767 6745 6743
f 6769 6747 6768
f 6768 6747 6745
f 6770 6749 6769
f 6769 6749 6747
f 6772 6769 6771
f 6771 6769 6768
f 6773 6770 6772
f 6772 6770 6769
f 6774 6775 6772
f 6772 6775 6773
f 6777 6778 6776
f 6776 6778 6779
f 6775 6774 6778
f 6778 6774 6779
f 6771 6780 6772
f 6772 6780 6774
f 6780 6781 6774
f 6774 6781 6779
f 6781 6782 6779
f 6779 6782 6776
f 6784 6785 6783
f 6783 6785 6786
f 6786 6787 6783
f 6783 6787 6788
f 6790 6788 6789
f 6789 6788 6787
f 6786 6785 6791
f 6791 6785 6792
f 6791 6793 6786
f 6786 6793 6787
f 6793 6794 6787
f 6787 6794 6789
f 6795 6796 6794
f 6794 6796 6789
f 6790 6789 6797
f 6797 6789 6796
f 6798 6765 6738
f 6738 6765 6739
f 6799 6798 6752
f 6752 6798 6738
f 6767 6800 6768
f 6768 6800 6771
f 6766 6801 6767
f 6767 6801 6800
f 6802 6801 6765
f 6765 6801 6766
f 6798 6803 6765
f 6765 6803 6802
f 6804 6803 6799
f 6799 6803 6798
f 6805 6806 6804
f 6804 6806 6803
f 6807 6799 6754
f 6754 6799 6752
f 6808 6804 6807
f 6807 6804 6799
f 6809 6805 6808
f 6808 6805 6804
f 6810 6811 6805
f 6805 6811 6806
f 6812 6813 6810
f 6810 6813 6811
f 6814 6815 6796
f 6796 6815 6797
f 6813 6814 6816
f 6816 6814 6817
f 6816 6818 6813
f 6813 6818 6811
f 6819 6806 6818
f 6818 6806 6811
f 6802 6803 6819
f 6819 6803 6806
f 6757 6749 6820
f 6820 6749 6770
f 6820 6770 6821
f 6821 6770 6773
f 6821 6773 6822
f 6822 6773 6775
f 6822 6775 6823
f 6823 6775 6778
f 6824 6823 6777
f 6777 6823 6778
f 6784 6825 6777
f 6777 6825 6824
f 6826 6827 6788
f 6788 6827 6783
f 6828 6826 6790
f 6790 6826 6788
f 6829 6828 6797
f 6797 6828 6790
f 6815 6830 6797
f 6797 6830 6829
f 6832 6812 6831
f 6831 6812 6810
f 6831 6810 6809
f 6809 6810 6805
f 6736 6800 6735
f 6735 6800 6801
f 6733 6735 6802
f 6802 6735 6801
f 6734 6733 6819
f 6819 6733 6802
f 6833 6734 6818
f 6818 6734 6819
f 6834 6833 6816
f 6816 6833 6818
f 6816 6817 6834
f 6834 6817 6835
f 6837 6795 6836
f 6836 6795 6794
f 6836 6794 6731
f 6731 6794 6793
f 6732 6731 6791
f 6791 6731 6793
f 6791 6792 6732
f 6732 6792 6730
f 6729 6728 6781
f 6781 6728 6782
f 6838 6807 6756
f 6756 6807 6754
f 6839 6838 6760
f 6760 6838 6756
f 6840 6839 6762
f 6762 6839 6760
f 6841 6840 6764
f 6764 6840 6762
f 6820 6841 6757
f 6757 6841 6764
f 6841 6820 6842
f 6842 6820 6821
f 6840 6841 6843
f 6843 6841 6842
f 6839 6840 6844
f 6844 6840 6843
f 6838 6839 6845
f 6845 6839 6844
f 6807 6838 6808
f 6808 6838 6845
f 6842 6821 6846
f 6846 6821 6822
f 6843 6842 6847
f 6847 6842 6846
f 6844 6843 6848
f 6848 6843 6847
f 6845 6844 6849
f 6849 6844 6848
f 6808 6845 6809
f 6809 6845 6849
f 6850 6831 6849
f 6849 6831 6809
f 6851 6850 6848
f 6848 6850 6849
f 6847 6852 6848
f 6848 6852 6851
f 6853 6852 6846
f 6846 6852 6847
f 6846 6822 6853
f 6853 6822 6823
f 6853 6823 6854
f 6854 6823 6824
f 6854 6855 6853
f 6853 6855 6852
f 6856 6851 6855
f 6855 6851 6852
f 6856 6857 6851
f 6851 6857 6850
f 6857 6832 6850
f 6850 6832 6831
f 6825 6858 6824
f 6824 6858 6854
f 6860 6827 6859
f 6859 6827 6826
f 6859 6826 6861
f 6861 6826 6828
f 6862 6861 6829
f 6829 6861 6828
f 6830 6863 6829
f 6829 6863 6862
f 6863 6864 6862
f 6862 6864 6865
f 6858 6866 6854
f 6854 6866 6855
f 6867 6865 6866
f 6866 6865 6864
f 6869 6859 6868
f 6868 6859 6861
f 6867 6869 6865
f 6865 6869 6868
f 6861 6862 6868
f 6868 6862 6865
f 6867 6860 6869
f 6869 6860 6859
f 6753 6751 6698
f 6698 6751 6695
f 6697 6755 6698
f 6698 6755 6753
f 6759 6755 6702
f 6702 6755 6697
f 6761 6759 6708
f 6708 6759 6702
f 6763 6761 6712
f 6712 6761 6708
f 6758 6763 6717
f 6717 6763 6712
f 6750 6758 6716
f 6716 6758 6717
f 6719 6748 6716
f 6716 6748 6750
f 6714 6746 6719
f 6719 6746 6748
f 6705 6744 6714
f 6714 6744 6746
f 6704 6742 6705
f 6705 6742 6744
f 6740 6742 6693
f 6693 6742 6704
f 6737 6740 6692
f 6692 6740 6693
f 6751 6737 6695
f 6695 6737 6692
f 6601 6602 6836
f 6836 6602 6837
f 6604 6601 6731
f 6731 6601 6836
f 6599 6600 6834
f 6834 6600 6833
f 6834 6835 6599
f 6599 6835 6611
f 6600 6610 6833
f 6833 6610 6734
f 6780 6771 6870
f 6870 6771 6736
f 6736 6771 6800
f 6870 6729 6780
f 6780 6729 6781
f 6608 6729 6609
f 6609 6729 6870
f 6609 6870 6726
f 6726 6870 6736
f 5014 5015 5229
f 5229 5015 5230
f 4258 5015 4259
f 4259 5015 4878
f 3471 3013 4703
f 4703 3013 4704
f 2879 6337 1306
f 1306 6337 4785
f 829 3471 4316
f 4316 3471 4703
f 4702 3472 5223
f 5223 3472 1756
f 6871 6872 4534
f 4534 6872 4535
f 6871 4665 6872
f 6872 4665 4844
f 6871 6873 4665
f 4665 6873 4559
f 6871 4534 6873
f 6873 4534 4542
f 4153 4152 4822
f 4822 4152 4407
f 4152 4168 4407
f 4407 4168 4342
f 4343 4168 4923
f 4923 4168 4167
f 4363 4362 4972
f 4972 4362 4840
f 4362 4394 4840
f 4840 4394 4839
f 4401 4400 4986
f 4986 4400 4984
f 4435 4434 4841
f 4841 4434 4842
f 4506 4505 4530
f 4530 4505 4531
f 4506 4535 4507
f 4507 4535 4843
f 4661 4660 4516
f 4516 4660 4517
f 4673 4672 4937
f 4937 4672 6547
f 4400 4924 4984
f 4984 4924 5263
f 4673 4660 4674
f 4674 4660 4659
f 4505 4661 4531
f 4531 4661 4516
f 4952 4401 6874
f 6874 4401 4986
f 4954 4153 6875
f 6875 4153 4822
f 4363 4973 4364
f 4364 4973 4974
f 5264 4924 5267
f 5267 4924 4691
f 6293 6292 6876
f 6876 6292 6877
f 6380 4343 6387
f 6387 4343 4923
f 4394 4435 4839
f 4839 4435 4841
f 4672 4434 6547
f 6547 4434 4433
f 4973 6556 4974
f 4974 6556 6878
f 6567 6380 6574
f 6574 6380 6387
f 6292 4954 6877
f 6877 4954 6875
f 6567 5264 6568
f 6568 5264 5267
f 4145 4144 4154
f 4154 4144 4151
f 4194 4144 4425
f 4425 4144 4143
f 4355 4354 5263
f 5263 4354 4984
f 4360 4359 4364
f 4364 4359 4361
f 4444 4359 4392
f 4392 4359 4337
f 4447 4446 4432
f 4432 4446 4433
f 4464 4463 6547
f 6547 4463 4937
f 4519 4518 4654
f 4654 4518 4509
f 4533 4532 4499
f 4499 4532 4498
f 4533 4542 4530
f 4530 4542 4534
f 4519 4532 4516
f 4516 4532 4531
f 4922 4194 4426
f 4426 4194 4425
f 4463 4518 4937
f 4937 4518 4517
f 6555 4951 6874
f 6874 4951 6878
f 4958 4957 6290
f 6290 4957 6291
f 4334 4360 4712
f 4712 4360 4950
f 4985 4354 4419
f 4419 4354 4353
f 5262 4355 5265
f 5265 4355 5263
f 6294 4958 4804
f 4804 4958 6290
f 6386 4922 6384
f 6384 4922 4426
f 4444 4447 4393
f 4393 4447 4432
f 4464 4446 4465
f 4465 4446 4445
f 4985 6555 4986
f 4986 6555 6874
f 6573 6386 6571
f 6571 6386 6384
f 4145 6294 4146
f 4146 6294 4804
f 6573 5262 6574
f 6574 5262 5265
f 4542 4541 6873
f 6873 4541 4559
f 4535 6872 4843
f 4843 6872 4844
f 4104 4103 6879
f 6879 4103 6343
f 4105 6293 6307
f 6307 6293 6876
f 4104 4956 4105
f 4105 4956 6293
f 4956 4104 4957
f 4957 4104 6879
f 4957 6879 6291
f 6291 6879 6309
f 4648 4988 4649
f 4649 4988 4953
f 4802 4803 4928
f 4928 4803 6550
f 6550 4803 6555
f 6555 4803 4951
f 1516 3173 4987
f 4987 3173 5006
f 6519 6518 6558
f 6558 6518 6510
f 6527 6519 6559
f 6559 6519 6558
f 6528 6560 6529
f 6529 6560 6541
f 6548 4625 6549
f 6549 4625 4624
f 6551 6552 4746
f 4746 6552 6505
f 6553 4711 6554
f 6554 4711 4710
f 4802 6551 4713
f 4713 6551 4746
f 6556 4973 4649
f 4649 4973 4646
f 6557 4949 6548
f 6548 4949 4625
f 4648 4647 6553
f 6553 4647 4711
f 6549 4624 4987
f 4987 4624 4838
f 6552 6518 6505
f 6505 6518 6507
f 6561 4372 6529
f 6529 4372 6514
f 6562 4369 6561
f 6561 4369 4372
f 3142 3482 6562
f 6562 3482 4369
f 6556 4952 6878
f 6878 4952 6874
f 4951 4950 6878
f 6878 4950 4974
f 3168 440 3952
f 4204 4203 5341
f 5341 4203 6364
f 4219 4222 6429
f 6429 4222 4383
f 4319 4322 6506
f 6506 4322 4747
f 4340 4714 4341
f 4341 4714 4384
f 4375 4377 6388
f 6388 4377 6546
f 4378 4381 6311
f 6311 4381 4720
f 4449 4341 4387
f 4387 4341 4384
f 4473 4472 4477
f 4477 4472 4474
f 4492 4491 4487
f 4487 4491 4488
f 4523 4491 4522
f 4522 4491 4490
f 4492 4538 4493
f 4493 4538 4555
f 4538 4553 4555
f 4555 4553 4556
f 4620 4615 4621
f 4621 4615 4618
f 4652 4651 4368
f 4368 4651 4365
f 4523 4655 4524
f 4524 4655 4656
f 4553 4667 4556
f 4556 4667 4571
f 4651 1210 4365
f 4365 1210 1209
f 4698 4697 5223
f 5223 4697 6344
f 4340 4339 4322
f 4322 4339 4747
f 4726 4729 5287
f 5287 4729 4198
f 4381 4380 4737
f 4737 4380 6368
f 4836 4835 4451
f 4451 4835 4709
f 4910 6367 4911
f 4911 6367 6366
f 4912 4915 6450
f 6450 4915 6449
f 4927 4836 4450
f 4450 4836 4451
f 4930 4929 4439
f 4439 4929 4436
f 4936 4935 4459
f 4459 4935 4456
f 4473 4655 4470
f 4470 4655 4510
f 4942 4583 4943
f 4943 4583 4572
f 4948 4601 4947
f 4947 4601 4584
f 4949 4835 4625
f 4625 4835 4626
f 4966 4969 6289
f 6289 4969 4695
f 4971 4652 4926
f 4926 4652 4368
f 4203 4977 6364
f 6364 4977 6365
f 4990 4989 4443
f 4443 4989 4440
f 4990 4991 4478
f 4478 4991 4512
f 4992 4991 4528
f 4528 4991 4515
f 4992 4993 4527
f 4527 4993 4485
f 4994 4993 4502
f 4502 4993 4503
f 4994 4995 4482
f 4482 4995 4550
f 4543 4996 4544
f 4544 4996 4995
f 4999 4998 4567
f 4567 4998 4578
f 5000 4998 4575
f 4575 4998 4997
f 5002 5001 4592
f 4592 5001 4574
f 5003 5004 4614
f 4614 5004 4611
f 3483 4215 1755
f 1755 4215 4698
f 5274 5277 4195
f 4195 5277 4223
f 4726 5295 4727
f 4727 5295 6350
f 5309 5342 5310
f 5310 5342 6363
f 5315 5314 5316
f 5316 5314 5317
f 5339 6362 5340
f 5340 6362 5363
f 5310 6363 5339
f 5339 6363 6362
f 4204 5309 4201
f 4201 5309 5308
f 4915 5345 6449
f 6449 5345 6448
f 5345 5315 6448
f 6448 5315 5316
f 5348 5347 6351
f 6351 5347 6352
f 5365 4263 5340
f 5340 4263 4262
f 6295 6298 4733
f 4733 6298 4734
f 4969 6306 4695
f 4695 6306 4696
f 6306 4378 4696
f 4696 4378 6311
f 6369 6372 6544
f 6544 6372 6545
f 4375 6390 4373
f 4373 6390 4374
f 6421 6422 4911
f 4911 6422 4908
f 4910 4909 4737
f 4737 4909 4736
f 5277 4219 4223
f 4223 4219 6429
f 4697 4222 6344
f 6344 4222 4221
f 6436 6361 6437
f 6437 6361 6360
f 6438 6440 6437
f 6437 6440 6434
f 6438 6359 6441
f 6441 6359 6358
f 6442 6441 6357
f 6357 6441 6358
f 6442 6444 6443
f 6443 6444 6445
f 6446 6444 6355
f 6355 6444 6356
f 6446 4912 6447
f 6447 4912 6450
f 6436 6435 5365
f 5365 6435 4263
f 5314 5347 5317
f 5317 5347 5346
f 4319 6512 4320
f 4320 6512 6513
f 6520 6512 6521
f 6521 6512 6508
f 6528 6520 6527
f 6527 6520 6521
f 6532 6539 6533
f 6533 6539 6535
f 6533 6535 6537
f 6537 6535 6534
f 6538 6543 6537
f 6537 6543 6536
f 6295 4377 6296
f 6296 4377 4376
f 4989 4930 4440
f 4440 4930 4439
f 4927 4929 4422
f 4422 4929 4455
f 4449 4936 4388
f 4388 4936 4459
f 4472 4935 4474
f 4474 4935 4932
f 4942 4940 4947
f 4947 4940 4939
f 5001 5000 4574
f 4574 5000 4575
f 4669 4943 4666
f 4666 4943 4667
f 4996 4999 4547
f 4547 4999 4567
f 4948 4946 4620
f 4620 4946 4615
f 5003 5002 4591
f 4591 5002 4592
f 6557 4971 6554
f 6554 4971 4926
f 6532 6560 6539
f 6539 6560 6559
f 6390 6372 4374
f 4374 6372 6371
f 4966 6298 4967
f 4967 6298 6297
f 6538 6526 6369
f 6369 6526 6370
f 6585 6589 4621
f 4621 6589 4619
f 6597 6578 6598
f 6598 6578 6577
f 6606 6583 6607
f 6607 6583 6603
f 6611 6602 6598
f 6598 6602 6596
f 6585 6584 6606
f 6606 6584 6583
f 6597 6580 5004
f 5004 6580 4611
f 6607 6603 6730
f 6730 6603 6732
f 6776 6785 6777
f 6777 6785 6784
f 6785 6776 6792
f 6792 6776 6782
f 6815 6814 6812
f 6812 6814 6813
f 6817 6814 6795
f 6795 6814 6796
f 6825 6784 6827
f 6827 6784 6783
f 6830 6815 6832
f 6832 6815 6812
f 6817 6795 6835
f 6835 6795 6837
f 6792 6782 6730
f 6730 6782 6728
f 6858 6825 6860
f 6860 6825 6827
f 6863 6830 6857
f 6857 6830 6832
f 6864 6863 6856
f 6856 6863 6857
f 6866 6858 6867
f 6867 6858 6860
f 6866 6864 6855
f 6855 6864 6856
f 6835 6837 6611
f 6611 6837 6602
f 6560 6528 6559
f 6559 6528 6527
f 4949 6557 4710
f 4710 6557 6554
f 4430 4090 4175
f 4175 4090 4089
f 4777 4113 4155
f 4155 4113 4086
f 4175 4089 4176
f 4176 4089 4142
f 4199 4271 4200
f 4200 4271 4798
f 4199 4095 4272
f 4272 4095 5273
f 4406 4405 4404
f 4404 4405 4346
f 4410 4409 6877
f 6877 4409 6876
f 4409 4413 6876
f 6876 4413 6307
f 4415 4148 4416
f 4416 4148 4147
f 4690 4405 4344
f 4344 4405 4342
f 4693 4692 4352
f 4352 4692 4349
f 4701 4700 6337
f 6337 4700 6338
f 4778 4777 4081
f 4081 4777 4155
f 4821 4406 4809
f 4809 4406 4404
f 4176 4142 4181
f 4181 4142 4415
f 4760 4970 4399
f 4399 4970 4692
f 4200 5007 4096
f 4096 5007 4078
f 5266 4693 5269
f 5269 4693 4352
f 5270 5007 5361
f 5361 5007 4797
f 4778 5270 4779
f 4779 5270 5361
f 6285 4410 6875
f 6875 4410 6877
f 6308 4413 4687
f 4687 4413 4412
f 6480 6320 6481
f 6481 6320 6880
f 4701 2878 4702
f 4702 2878 3472
f 6339 6347 6340
f 6340 6347 6348
f 6341 6342 6346
f 6346 6342 6345
f 4416 6308 4414
f 4414 6308 4687
f 6385 4690 6381
f 6381 4690 4344
f 5282 6341 5280
f 5280 6341 6339
f 4700 6342 6338
f 6338 6342 5281
f 6340 6348 4272
f 4272 6348 4270
f 6480 6479 4828
f 4828 6479 4829
f 6490 6479 6489
f 6489 6479 6478
f 4090 4430 6490
f 6490 4430 4429
f 6563 6564 4970
f 4970 6564 4815
f 4694 6566 4366
f 4366 6566 6563
f 6572 6385 6568
f 6568 6385 6381
f 4821 6285 4822
f 4822 6285 6875
f 6572 5266 6569
f 6569 5266 5269
f 3482 3103 4369
f 4369 3103 4370
f 3121 4730 3485
f 3485 4730 4327
f 6277 6280 6273
f 6273 6280 6272
f 6267 6276 6278
f 6278 6276 6279
f 6278 6279 6277
f 6277 6279 6280
f 6279 6256 6280
f 6280 6256 6255
f 6256 3857 6255
f 6255 3857 3754
f 3857 3856 3754
f 3754 3856 3755
f 3856 3703 3755
f 3755 3703 3863
f 3703 3702 3863
f 3863 3702 3759
f 3702 3706 3759
f 3759 3706 3670
f 3706 3705 3670
f 3670 3705 3668
f 3705 3773 3668
f 3668 3773 3882
f 3882 3773 3883
f 3883 3773 3707
f 3707 3708 3883
f 3883 3708 3880
f 3708 3710 3880
f 3880 3710 3881
f 3709 5241 3710
f 3710 5241 3881
f 5241 3709 5234
f 5234 3709 3786
f 3693 3712 3786
f 3786 3712 5234
f 4051 4055 4052
f 4052 4055 4056
f 4056 4055 4057
f 4057 4055 4054
f 4066 5238 5236
f 5236 5238 3989
f 4066 4069 5238
f 5238 4069 4035
f 6881 3962 3960
f 3960 3962 3957
f 6883 4070 6882
f 6882 4070 3941
f 4070 6883 4071
f 4071 6883 6884
f 4071 6884 4072
f 4072 6884 6885
f 6885 6886 4072
f 4072 6886 4031
f 3955 6881 3956
f 3956 6881 3960
f 6884 3991 6885
f 6885 3991 3990
f 6883 6887 6884
f 6884 6887 3991
f 6887 6888 3991
f 3991 6888 3992
f 6888 6887 6889
f 6889 6887 6890
f 6887 6883 6890
f 6890 6883 6882
f 4058 5240 3953
f 3953 5240 3954
f 5236 6888 5239
f 5239 6888 6889
f 5237 6886 3990
f 3990 6886 6885
f 4034 4031 5237
f 5237 4031 6886
f 6881 6882 3962
f 3962 6882 3941
f 6881 3955 6882
f 6882 3955 6890
f 3955 3954 6890
f 6890 3954 6889
f 5239 6889 5240
f 5240 6889 3954
f 6888 5236 3992
f 3992 5236 3989
f 3869 3868 3888
f 3888 3868 4015
f 3868 4012 4015
f 4015 4012 4010
f 4012 4022 4010
f 4010 4022 4009
f 4022 4021 4009
f 4009 4021 4018
f 4020 3974 4001
f 4001 3974 3996
f 4021 4020 4029
f 4029 4020 4001
f 4085 4156 4086
f 4086 4156 4155
f 4113 4777 4114
f 4114 4777 4776
f 4130 4129 4094
f 4094 4129 4091
f 4139 4773 4140
f 4140 4773 4772
f 4149 4178 4150
f 4150 4178 5225
f 4160 4159 4087
f 4087 4159 4088
f 4149 4148 4179
f 4179 4148 4141
f 4085 4084 4183
f 4183 4084 6315
f 4179 4141 4159
f 4159 4141 4088
f 4192 4130 4162
f 4162 4130 4094
f 4197 5288 4198
f 4198 5288 5287
f 4229 4766 4230
f 4230 4766 4771
f 4245 4246 4242
f 4242 4246 4249
f 4183 6315 4418
f 4418 6315 6314
f 4679 4178 4680
f 4680 4178 4177
f 4724 4798 4725
f 4725 4798 4271
f 4728 5275 4729
f 4729 5275 5274
f 4230 4771 4249
f 4249 4771 4242
f 4724 4723 4799
f 4799 4723 5355
f 4823 4824 4891
f 4891 4824 6327
f 4823 4192 4161
f 4161 4192 4162
f 4893 4767 4229
f 4229 4767 4766
f 4894 4895 4898
f 4898 4895 4899
f 4106 4150 4103
f 4103 4150 5225
f 4680 4894 4677
f 4677 4894 4898
f 6420 4977 5301
f 5301 4977 4976
f 4679 4678 5226
f 5226 4678 4427
f 5228 5008 4893
f 4893 5008 4767
f 5285 6354 5286
f 5286 6354 5343
f 5289 5352 5290
f 5290 5352 5349
f 5290 5349 5295
f 5295 5349 5348
f 5302 5299 4202
f 4202 5299 4976
f 4725 4271 5311
f 5311 4271 4270
f 5325 4723 5326
f 5326 4723 4722
f 5335 5355 5325
f 5325 5355 4723
f 5326 4722 5286
f 5286 4722 5283
f 4799 5357 4797
f 4797 5357 5361
f 5359 5356 5335
f 5335 5356 5355
f 4775 4774 5356
f 5356 4774 5357
f 5359 5358 4092
f 4092 5358 4093
f 6316 4740 6317
f 6317 4740 4739
f 6318 4827 6316
f 6316 4827 4740
f 6319 4828 6318
f 6318 4828 4827
f 6320 6480 6319
f 6319 6480 4828
f 6484 6322 6485
f 6485 6322 6321
f 6487 6324 6331
f 6331 6324 6323
f 6331 6323 6330
f 6330 6323 6325
f 6325 6326 6330
f 6330 6326 6329
f 6326 6328 6329
f 6329 6328 5231
f 4824 4685 5228
f 5228 4685 5008
f 5226 6343 5225
f 5225 6343 4103
f 4728 4727 6349
f 6349 4727 5284
f 6350 6351 5285
f 5285 6351 6354
f 4247 4246 6418
f 6418 4246 6365
f 6400 6402 6401
f 6401 6402 6459
f 4197 4196 6409
f 6409 4196 6426
f 6412 4897 6328
f 6328 4897 5231
f 6413 4133 6412
f 6412 4133 4897
f 6414 4134 6413
f 6413 4134 4133
f 6415 4225 6414
f 6414 4225 4134
f 6416 4252 6415
f 6415 4252 4225
f 6417 4253 6416
f 6416 4253 4252
f 4253 6417 6366
f 6366 6417 6419
f 6366 6419 4911
f 4911 6419 6421
f 6422 6423 4908
f 4908 6423 5298
f 5298 6423 6396
f 6396 6423 6424
f 6409 6426 6425
f 6425 6426 6397
f 5300 5299 6399
f 6399 5299 6400
f 6465 6408 6401
f 6401 6408 6398
f 6424 6399 6425
f 6425 6399 6398
f 6349 5284 5311
f 5311 5284 5283
f 6465 6464 5289
f 5289 6464 5352
f 6488 6483 6492
f 6492 6483 6482
f 6486 6491 6482
f 6482 6491 6492
f 6491 4895 6492
f 6492 4895 4157
f 6488 4160 6489
f 6489 4160 4087
f 6501 6502 4418
f 4418 6502 4417
f 6504 6500 6317
f 6317 6500 6314
f 3497 3496 6501
f 6501 3496 6502
f 3499 3498 6504
f 6504 3498 6500
f 4729 5274 4198
f 4198 5274 4195
f 6418 6365 6420
f 6420 6365 4977
f 5295 5348 6350
f 6350 5348 6351
f 5301 6422 6420
f 6420 6422 6421
f 4113 4112 4086
f 4086 4112 4083
f 6320 4112 6880
f 6880 4112 4111
f 4091 4772 4092
f 4092 4772 4775
f 4129 4140 4091
f 4091 4140 4772
f 4137 4140 4128
f 4128 4140 4129
f 4128 6324 4137
f 4137 6324 6321
f 6324 6487 6321
f 6321 6487 6485
f 6487 6486 6485
f 6485 6486 6482
f 4774 4773 4779
f 4779 4773 4776
f 4773 4139 4776
f 4776 4139 4114
f 4139 4138 4114
f 4114 4138 4111
f 4138 6322 4111
f 4111 6322 6880
f 6322 6484 6880
f 6880 6484 6481
f 6484 6483 6481
f 6481 6483 6478
f 6879 6343 6309
f 6309 6343 4428
f 4106 4105 4900
f 4900 4105 6307
f 3500 3167 6495
f 6495 3167 6496
f 3500 6495 3070
f 3070 6495 5368
f 3502 5235 3501
f 3501 5235 4813
f 3024 3503 6473
f 6473 3503 6474
f 3503 3023 6474
f 6474 3023 6374
f 3504 1770 4348
f 4348 1770 4345
f 3502 3505 5235
f 5235 3505 4810
f 3498 3497 6500
f 6500 3497 6501
f 3496 3075 6502
f 6502 3075 6275
f 6299 4254 3174
f 3174 4254 3017
f 1769 3501 4814
f 4814 3501 4813
f 3506 3018 6476
f 6476 3018 4257
f 3507 3499 6499
f 6499 3499 6504
f 3030 4216 3483
f 3483 4216 4215
f 3077 3507 6333
f 6333 3507 6499
f 1784 3160 5249
f 5249 3160 6523
f 3015 3506 4240
f 4240 3506 6476
f 3508 3504 6383
f 6383 3504 4348
f 3509 3016 6477
f 6477 3016 4239
f 3028 3509 6467
f 6467 3509 6477
f 3022 1785 5246
f 5246 1785 5247
f 3161 3508 6570
f 6570 3508 6383
f 3150 3149 4694
f 4694 3149 6566
f 1327 4807 3510
f 3510 4807 4811
f 3510 4811 3505
f 3505 4811 4810
f 3146 3511 4816
f 4816 3511 4350
f 3511 1808 4350
f 4350 1808 4351
f 3485 4327 3159
f 3159 4327 4330
f 1326 3512 4806
f 4806 3512 6310
f 3512 1331 6310
f 6310 1331 4688
